step,attempt_step,epoch,loss,lr,grad_norm,optimizer_step_skipped
11701.0,1.0,30.0,0.0573878213763237,0.0003,0.1357046365737915,0.0
11702.0,2.0,30.0,0.06454287469387054,0.0003,0.07111705839633942,0.0
11703.0,3.0,30.0,0.05346722900867462,0.0003,0.12577864527702332,0.0
11704.0,4.0,30.0,0.05312862992286682,0.0003,0.07541768997907639,0.0
11705.0,5.0,30.0,0.05655216425657272,0.0003,0.1827182024717331,0.0
11706.0,6.0,30.0,0.0657888650894165,0.0003,0.11356233060359955,0.0
11707.0,7.0,30.0,0.05703701823949814,0.0003,0.20045536756515503,0.0
11708.0,8.0,30.0,0.04875043034553528,0.0003,0.06629003584384918,0.0
11709.0,9.0,30.0,0.04214871674776077,0.0003,0.17264233529567719,0.0
11710.0,10.0,30.0,0.05365300923585892,0.0003,0.07240817695856094,0.0
11711.0,11.0,30.0,0.05182398110628128,0.0003,0.12996694445610046,0.0
11712.0,12.0,30.0,0.042907703667879105,0.0003,0.09654419124126434,0.0
11713.0,13.0,30.0,0.049118541181087494,0.0003,0.10690707713365555,0.0
11714.0,14.0,30.0,0.05691748112440109,0.0003,0.12265700846910477,0.0
11715.0,15.0,30.0,0.06263662874698639,0.0003,0.1394185572862625,0.0
11716.0,16.0,30.0,0.0641508623957634,0.0003,0.07207726687192917,0.0
11717.0,17.0,30.0,0.055072955787181854,0.0003,0.0629141628742218,0.0
11718.0,18.0,30.0,0.04739001765847206,0.0003,0.19898010790348053,0.0
11719.0,19.0,30.0,0.0544944666326046,0.0003,0.1284906268119812,0.0
11720.0,20.0,30.0,0.049721188843250275,0.0003,0.17684204876422882,0.0
11721.0,21.0,30.0,0.04865949600934982,0.0003,0.12488875538110733,0.0
11722.0,22.0,30.0,0.04694870114326477,0.0003,0.06998385488986969,0.0
11723.0,23.0,30.0,0.060636814683675766,0.0003,0.10066092014312744,0.0
11724.0,24.0,30.0,0.06482459604740143,0.0003,0.07365962117910385,0.0
11725.0,25.0,30.0,0.05033183842897415,0.0003,0.08688675612211227,0.0
11726.0,26.0,30.0,0.059527039527893066,0.0003,0.07743197679519653,0.0
11727.0,27.0,30.0,0.05131791532039642,0.0003,0.06033202260732651,0.0
11728.0,28.0,30.0,0.05799497663974762,0.0003,0.09556303918361664,0.0
11729.0,29.0,30.0,0.0418882742524147,0.0003,0.15393245220184326,0.0
11730.0,30.0,30.0,0.0609247088432312,0.0003,0.15030749142169952,0.0
11731.0,31.0,30.0,0.069406658411026,0.0003,0.12834382057189941,0.0
11732.0,32.0,30.0,0.0401257760822773,0.0003,0.17983703315258026,0.0
11733.0,33.0,30.0,0.04551681876182556,0.0003,0.12660597264766693,0.0
11734.0,34.0,30.0,0.05676956847310066,0.0003,0.17158477008342743,0.0
11735.0,35.0,30.0,0.06283657252788544,0.0003,0.19444917142391205,0.0
11736.0,36.0,30.0,0.06342506408691406,0.0003,0.09126114845275879,0.0
11737.0,37.0,30.0,0.06037965044379234,0.0003,0.1370796263217926,0.0
11738.0,38.0,30.0,0.05997391790151596,0.0003,0.05991383269429207,0.0
11739.0,39.0,30.0,0.04874477535486221,0.0003,0.09540106356143951,0.0
11740.0,40.0,30.0,0.07636433839797974,0.0003,0.05689181014895439,0.0
11741.0,41.0,30.0,0.05830150842666626,0.0003,0.06871753931045532,0.0
11742.0,42.0,30.0,0.056384533643722534,0.0003,0.06801225990056992,0.0
11743.0,43.0,30.0,0.04866990074515343,0.0003,0.07649534195661545,0.0
11744.0,44.0,30.0,0.05331224203109741,0.0003,0.11069484800100327,0.0
11745.0,45.0,30.0,0.04235449805855751,0.0003,0.0820208266377449,0.0
11746.0,46.0,30.0,0.05504384636878967,0.0003,0.07653762400150299,0.0
11747.0,47.0,30.0,0.06026459485292435,0.0003,0.16434159874916077,0.0
11748.0,48.0,30.0,0.059946369379758835,0.0003,0.08181803673505783,0.0
11749.0,49.0,30.0,0.06325500458478928,0.0003,0.2299921214580536,0.0
11750.0,50.0,30.0,0.07570821046829224,0.0003,0.07779267430305481,0.0
11751.0,51.0,30.0,0.048876047134399414,0.0003,0.15731960535049438,0.0
11752.0,52.0,30.0,0.06179437413811684,0.0003,0.15233492851257324,0.0
11753.0,53.0,30.0,0.06387801468372345,0.0003,0.1442631334066391,0.0
11754.0,54.0,30.0,0.06469312310218811,0.0003,0.15826648473739624,0.0
11755.0,55.0,30.0,0.08932597190141678,0.0003,0.09832949191331863,0.0
11756.0,56.0,30.0,0.05539979785680771,0.0003,0.17932148277759552,0.0
11757.0,57.0,30.0,0.0493500679731369,0.0003,0.11389535665512085,0.0
11758.0,58.0,30.0,0.053820379078388214,0.0003,0.19114643335342407,0.0
11759.0,59.0,30.0,0.06196920573711395,0.0003,0.17383047938346863,0.0
11760.0,60.0,30.0,0.061126552522182465,0.0003,0.1715880036354065,0.0
11761.0,61.0,30.0,0.05694485828280449,0.0003,0.17948804795742035,0.0
11762.0,62.0,30.0,0.05907197296619415,0.0003,0.1299763023853302,0.0
11763.0,63.0,30.0,0.06898772716522217,0.0003,0.2151097059249878,0.0
11764.0,64.0,30.0,0.058674391359090805,0.0003,0.1308431178331375,0.0
11765.0,65.0,30.0,0.042274974286556244,0.0003,0.2599295675754547,0.0
11766.0,66.0,30.0,0.059033848345279694,0.0003,0.07425525039434433,0.0
11767.0,67.0,30.0,0.05899975448846817,0.0003,0.17646050453186035,0.0
11768.0,68.0,30.0,0.056140802800655365,0.0003,0.10529734939336777,0.0
11769.0,69.0,30.0,0.05042456090450287,0.0003,0.09043750166893005,0.0
11770.0,70.0,30.0,0.048698462545871735,0.0003,0.1478048413991928,0.0
11771.0,71.0,30.0,0.05604052543640137,0.0003,0.0614958219230175,0.0
11772.0,72.0,30.0,0.0721588060259819,0.0003,0.1026611402630806,0.0
11773.0,73.0,30.0,0.05028998479247093,0.0003,0.07590332627296448,0.0
11774.0,74.0,30.0,0.046816468238830566,0.0003,0.1254037320613861,0.0
11775.0,75.0,30.0,0.046127431094646454,0.0003,0.09877622872591019,0.0
11776.0,76.0,30.0,0.06497131288051605,0.0003,0.12170077860355377,0.0
11777.0,77.0,30.0,0.06031786650419235,0.0003,0.14367468655109406,0.0
11778.0,78.0,30.0,0.062339410185813904,0.0003,0.1324121505022049,0.0
11779.0,79.0,30.0,0.059153806418180466,0.0003,0.15548160672187805,0.0
11780.0,80.0,30.0,0.05759675055742264,0.0003,0.1258888691663742,0.0
11781.0,81.0,30.0,0.06202121451497078,0.0003,0.2011406570672989,0.0
11782.0,82.0,30.0,0.04622255265712738,0.0003,0.15799111127853394,0.0
11783.0,83.0,30.0,0.06404316425323486,0.0003,0.172982856631279,0.0
11784.0,84.0,30.0,0.04545358940958977,0.0003,0.14209599792957306,0.0
11785.0,85.0,30.0,0.06105799227952957,0.0003,0.12325514853000641,0.0
11786.0,86.0,30.0,0.05248371511697769,0.0003,0.18587566912174225,0.0
11787.0,87.0,30.0,0.05300457030534744,0.0003,0.12116388231515884,0.0
11788.0,88.0,30.0,0.052397049963474274,0.0003,0.1784019023180008,0.0
11789.0,89.0,30.0,0.05447462201118469,0.0003,0.09559325873851776,0.0
11790.0,90.0,30.0,0.055211134254932404,0.0003,0.14871424436569214,0.0
11791.0,91.0,30.0,0.06075558438897133,0.0003,0.09639988094568253,0.0
11792.0,92.0,30.0,0.07795675098896027,0.0003,0.14968262612819672,0.0
11793.0,93.0,30.0,0.059717245399951935,0.0003,0.07833553850650787,0.0
11794.0,94.0,30.0,0.055454596877098083,0.0003,0.11249589920043945,0.0
11795.0,95.0,30.0,0.057182230055332184,0.0003,0.07019209116697311,0.0
11796.0,96.0,30.0,0.0638481006026268,0.0003,0.13299714028835297,0.0
11797.0,97.0,30.0,0.060809072107076645,0.0003,0.11622314155101776,0.0
11798.0,98.0,30.0,0.05003921687602997,0.0003,0.08234596252441406,0.0
11799.0,99.0,30.0,0.05234377458691597,0.0003,0.1470421850681305,0.0
11800.0,100.0,30.0,0.03940802440047264,0.0003,0.10291081666946411,0.0
11801.0,101.0,30.0,0.05599202215671539,0.0003,0.09161809831857681,0.0
11802.0,102.0,30.0,0.05314042791724205,0.0003,0.10518032312393188,0.0
11803.0,103.0,30.0,0.06062585860490799,0.0003,0.10926757007837296,0.0
11804.0,104.0,30.0,0.05938110873103142,0.0003,0.11217105388641357,0.0
11805.0,105.0,30.0,0.04270198196172714,0.0003,0.07823601365089417,0.0
11806.0,106.0,30.0,0.050675950944423676,0.0003,0.09809908270835876,0.0
11807.0,107.0,30.0,0.05522667244076729,0.0003,0.10685838758945465,0.0
11808.0,108.0,30.0,0.056067097932100296,0.0003,0.0986081063747406,0.0
11809.0,109.0,30.0,0.052044495940208435,0.0003,0.13713638484477997,0.0
11810.0,110.0,30.0,0.05398227274417877,0.0003,0.08714676648378372,0.0
11811.0,111.0,30.0,0.05639404430985451,0.0003,0.1016266718506813,0.0
11812.0,112.0,30.0,0.057685039937496185,0.0003,0.09356146305799484,0.0
11813.0,113.0,30.0,0.05733812600374222,0.0003,0.10745500773191452,0.0
11814.0,114.0,30.0,0.061528854072093964,0.0003,0.07560927420854568,0.0
11815.0,115.0,30.0,0.062389202415943146,0.0003,0.07408584654331207,0.0
11816.0,116.0,30.0,0.0600762739777565,0.0003,0.05591241642832756,0.0
11817.0,117.0,30.0,0.04606074094772339,0.0003,0.0779181644320488,0.0
11818.0,118.0,30.0,0.048687081784009933,0.0003,0.08221197873353958,0.0
11819.0,119.0,30.0,0.05229859799146652,0.0003,0.05766475573182106,0.0
11820.0,120.0,30.0,0.05095239728689194,0.0003,0.05997376888990402,0.0
11821.0,121.0,30.0,0.06078792363405228,0.0003,0.15120501816272736,0.0
11822.0,122.0,30.0,0.057517874985933304,0.0003,0.07720008492469788,0.0
11823.0,123.0,30.0,0.055512961000204086,0.0003,0.11272846907377243,0.0
11824.0,124.0,30.0,0.06178070604801178,0.0003,0.09147091954946518,0.0
11825.0,125.0,30.0,0.055672675371170044,0.0003,0.14786431193351746,0.0
11826.0,126.0,30.0,0.06175745651125908,0.0003,0.08013015240430832,0.0
11827.0,127.0,30.0,0.0464923270046711,0.0003,0.20040783286094666,0.0
11828.0,128.0,30.0,0.04550377279520035,0.0003,0.10029064118862152,0.0
11829.0,129.0,30.0,0.05636325478553772,0.0003,0.13711874186992645,0.0
11830.0,130.0,30.0,0.05430737882852554,0.0003,0.08230575174093246,0.0
11831.0,131.0,30.0,0.056593894958496094,0.0003,0.19636791944503784,0.0
11832.0,132.0,30.0,0.05557465925812721,0.0003,0.12917686998844147,0.0
11833.0,133.0,30.0,0.05414293706417084,0.0003,0.16265173256397247,0.0
11834.0,134.0,30.0,0.057626210153102875,0.0003,0.11268778890371323,0.0
11835.0,135.0,30.0,0.05730195716023445,0.0003,0.1529688686132431,0.0
11836.0,136.0,30.0,0.05329184979200363,0.0003,0.14048947393894196,0.0
11837.0,137.0,30.0,0.07319143414497375,0.0003,0.0774749293923378,0.0
11838.0,138.0,30.0,0.0584077462553978,0.0003,0.13407300412654877,0.0
11839.0,139.0,30.0,0.05076291412115097,0.0003,0.14375750720500946,0.0
11840.0,140.0,30.0,0.049640826880931854,0.0003,0.15613259375095367,0.0
11841.0,141.0,30.0,0.04674115031957626,0.0003,0.18510186672210693,0.0
11842.0,142.0,30.0,0.057979926466941833,0.0003,0.1345890313386917,0.0
11843.0,143.0,30.0,0.05068868398666382,0.0003,0.16029737889766693,0.0
11844.0,144.0,30.0,0.06946496665477753,0.0003,0.11532239615917206,0.0
11845.0,145.0,30.0,0.06859272718429565,0.0003,0.15007440745830536,0.0
11846.0,146.0,30.0,0.05224235728383064,0.0003,0.05107671767473221,0.0
11847.0,147.0,30.0,0.04624573141336441,0.0003,0.19969914853572845,0.0
11848.0,148.0,30.0,0.048146799206733704,0.0003,0.12299691885709763,0.0
11849.0,149.0,30.0,0.0662965476512909,0.0003,0.1423172801733017,0.0
11850.0,150.0,30.0,0.05855210870504379,0.0003,0.15440919995307922,0.0
11851.0,151.0,30.0,0.06189361587166786,0.0003,0.10570459067821503,0.0
11852.0,152.0,30.0,0.05749848484992981,0.0003,0.14825671911239624,0.0
11853.0,153.0,30.0,0.07259120792150497,0.0003,0.0645870715379715,0.0
11854.0,154.0,30.0,0.058804407715797424,0.0003,0.24789994955062866,0.0
11855.0,155.0,30.0,0.0675210952758789,0.0003,0.06183197721838951,0.0
11856.0,156.0,30.0,0.050158046185970306,0.0003,0.23763443529605865,0.0
11857.0,157.0,30.0,0.06013060361146927,0.0003,0.08242765069007874,0.0
11858.0,158.0,30.0,0.06684116274118423,0.0003,0.223575621843338,0.0
11859.0,159.0,30.0,0.06639350950717926,0.0003,0.09343661367893219,0.0
11860.0,160.0,30.0,0.053675614297389984,0.0003,0.1876043826341629,0.0
11861.0,161.0,30.0,0.07044598460197449,0.0003,0.06524696946144104,0.0
11862.0,162.0,30.0,0.05219481140375137,0.0003,0.1621476262807846,0.0
11863.0,163.0,30.0,0.060427501797676086,0.0003,0.1086723729968071,0.0
11864.0,164.0,30.0,0.06336712837219238,0.0003,0.1531013697385788,0.0
11865.0,165.0,30.0,0.05512438714504242,0.0003,0.13055062294006348,0.0
11866.0,166.0,30.0,0.055485837161540985,0.0003,0.1675284206867218,0.0
11867.0,167.0,30.0,0.06714409589767456,0.0003,0.14234301447868347,0.0
11868.0,168.0,30.0,0.06777602434158325,0.0003,0.15949150919914246,0.0
11869.0,169.0,30.0,0.05294196307659149,0.0003,0.1623401790857315,0.0
11870.0,170.0,30.0,0.06294062733650208,0.0003,0.19774676859378815,0.0
11871.0,171.0,30.0,0.06535206735134125,0.0003,0.17530007660388947,0.0
11872.0,172.0,30.0,0.07002485543489456,0.0003,0.20188573002815247,0.0
11873.0,173.0,30.0,0.06143047660589218,0.0003,0.15386810898780823,0.0
11874.0,174.0,30.0,0.07086769491434097,0.0003,0.12517207860946655,0.0
11875.0,175.0,30.0,0.05180894583463669,0.0003,0.18058475852012634,0.0
11876.0,176.0,30.0,0.06162702664732933,0.0003,0.08559098839759827,0.0
11877.0,177.0,30.0,0.04192055016756058,0.0003,0.17732195556163788,0.0
11878.0,178.0,30.0,0.048393718898296356,0.0003,0.08617601543664932,0.0
11879.0,179.0,30.0,0.054515644907951355,0.0003,0.13986092805862427,0.0
11880.0,180.0,30.0,0.050982993096113205,0.0003,0.14065656065940857,0.0
11881.0,181.0,30.0,0.06262632459402084,0.0003,0.16243110597133636,0.0
11882.0,182.0,30.0,0.0524987131357193,0.0003,0.19677984714508057,0.0
11883.0,183.0,30.0,0.058384969830513,0.0003,0.17445240914821625,0.0
11884.0,184.0,30.0,0.055565424263477325,0.0003,0.13004575669765472,0.0
11885.0,185.0,30.0,0.04933484271168709,0.0003,0.10142667591571808,0.0
11886.0,186.0,30.0,0.06500061601400375,0.0003,0.1822918802499771,0.0
11887.0,187.0,30.0,0.06521950662136078,0.0003,0.1570233702659607,0.0
11888.0,188.0,30.0,0.05566367506980896,0.0003,0.2010136991739273,0.0
11889.0,189.0,30.0,0.051363639533519745,0.0003,0.20621086657047272,0.0
11890.0,190.0,30.0,0.052350688725709915,0.0003,0.18826714158058167,0.0
11891.0,191.0,30.0,0.06481471657752991,0.0003,0.23127590119838715,0.0
11892.0,192.0,30.0,0.0498340018093586,0.0003,0.216195747256279,0.0
11893.0,193.0,30.0,0.050160735845565796,0.0003,0.192827969789505,0.0
11894.0,194.0,30.0,0.045552998781204224,0.0003,0.11148820072412491,0.0
11895.0,195.0,30.0,0.05576115846633911,0.0003,0.2507646083831787,0.0
11896.0,196.0,30.0,0.057652756571769714,0.0003,0.11467841267585754,0.0
11897.0,197.0,30.0,0.06139042228460312,0.0003,0.22487126290798187,0.0
11898.0,198.0,30.0,0.04485825449228287,0.0003,0.09249980747699738,0.0
11899.0,199.0,30.0,0.07923434674739838,0.0003,0.1660149097442627,0.0
11900.0,200.0,30.0,0.05627808719873428,0.0003,0.0743216946721077,0.0
11901.0,201.0,30.0,0.06068207323551178,0.0003,0.14656804502010345,0.0
11902.0,202.0,30.0,0.05236513167619705,0.0003,0.09353289008140564,0.0
11903.0,203.0,30.0,0.06792359054088593,0.0003,0.12122023850679398,0.0
11904.0,204.0,30.0,0.057551898062229156,0.0003,0.06567199528217316,0.0
11905.0,205.0,30.0,0.06137126311659813,0.0003,0.1301393210887909,0.0
11906.0,206.0,30.0,0.07200275361537933,0.0003,0.15772293508052826,0.0
11907.0,207.0,30.0,0.058937132358551025,0.0003,0.18667493760585785,0.0
11908.0,208.0,30.0,0.05892264470458031,0.0003,0.13774153590202332,0.0
11909.0,209.0,30.0,0.06540471315383911,0.0003,0.12463656067848206,0.0
11910.0,210.0,30.0,0.07097150385379791,0.0003,0.13099659979343414,0.0
11911.0,211.0,30.0,0.056571025401353836,0.0003,0.1425642967224121,0.0
11912.0,212.0,30.0,0.05436553806066513,0.0003,0.04401905834674835,0.0
11913.0,213.0,30.0,0.05562017485499382,0.0003,0.17376546561717987,0.0
11914.0,214.0,30.0,0.06633296608924866,0.0003,0.09642277657985687,0.0
11915.0,215.0,30.0,0.0634268969297409,0.0003,0.16212314367294312,0.0
11916.0,216.0,30.0,0.0550142340362072,0.0003,0.135357066988945,0.0
11917.0,217.0,30.0,0.055903900414705276,0.0003,0.1882455050945282,0.0
11918.0,218.0,30.0,0.05940183624625206,0.0003,0.14550958573818207,0.0
11919.0,219.0,30.0,0.063766248524189,0.0003,0.1455552577972412,0.0
11920.0,220.0,30.0,0.05183723196387291,0.0003,0.06662095338106155,0.0
11921.0,221.0,30.0,0.06355324387550354,0.0003,0.2017185240983963,0.0
11922.0,222.0,30.0,0.04928676784038544,0.0003,0.07458329200744629,0.0
11923.0,223.0,30.0,0.05432061105966568,0.0003,0.14033760130405426,0.0
11924.0,224.0,30.0,0.05929754301905632,0.0003,0.08365176618099213,0.0
11925.0,225.0,30.0,0.05188073217868805,0.0003,0.18646547198295593,0.0
11926.0,226.0,30.0,0.04470909759402275,0.0003,0.08940117061138153,0.0
11927.0,227.0,30.0,0.0556221529841423,0.0003,0.2542482614517212,0.0
11928.0,228.0,30.0,0.04941181838512421,0.0003,0.05826837196946144,0.0
11929.0,229.0,30.0,0.058664657175540924,0.0003,0.23939001560211182,0.0
11930.0,230.0,30.0,0.06188952177762985,0.0003,0.06459679454565048,0.0
11931.0,231.0,30.0,0.05324958264827728,0.0003,0.22060172259807587,0.0
11932.0,232.0,30.0,0.049614712595939636,0.0003,0.06672869622707367,0.0
11933.0,233.0,30.0,0.05766408145427704,0.0003,0.156356081366539,0.0
11934.0,234.0,30.0,0.0588754378259182,0.0003,0.10632065683603287,0.0
11935.0,235.0,30.0,0.05767877772450447,0.0003,0.10180430114269257,0.0
11936.0,236.0,30.0,0.05953409895300865,0.0003,0.1354905515909195,0.0
11937.0,237.0,30.0,0.05774008482694626,0.0003,0.10021773725748062,0.0
11938.0,238.0,30.0,0.0733526200056076,0.0003,0.1574571281671524,0.0
11939.0,239.0,30.0,0.06276512145996094,0.0003,0.12145702540874481,0.0
11940.0,240.0,30.0,0.047281961888074875,0.0003,0.12623609602451324,0.0
11941.0,241.0,30.0,0.054007645696401596,0.0003,0.05634773150086403,0.0
11942.0,242.0,30.0,0.05689084157347679,0.0003,0.21382449567317963,0.0
11943.0,243.0,30.0,0.05397895351052284,0.0003,0.09784107655286789,0.0
11944.0,244.0,30.0,0.05218704417347908,0.0003,0.1708587110042572,0.0
11945.0,245.0,30.0,0.060751065611839294,0.0003,0.15853960812091827,0.0
11946.0,246.0,30.0,0.04599158838391304,0.0003,0.13404227793216705,0.0
11947.0,247.0,30.0,0.05809083208441734,0.0003,0.17986741662025452,0.0
11948.0,248.0,30.0,0.0719435065984726,0.0003,0.2278125286102295,0.0
11949.0,249.0,30.0,0.06593656539916992,0.0003,0.1260257363319397,0.0
11950.0,250.0,30.0,0.05465239658951759,0.0003,0.260251522064209,0.0
11951.0,251.0,30.0,0.05873074382543564,0.0003,0.07009156048297882,0.0
11952.0,252.0,30.0,0.05278019234538078,0.0003,0.1380157321691513,0.0
11953.0,253.0,30.0,0.058534085750579834,0.0003,0.11393527686595917,0.0
11954.0,254.0,30.0,0.05697203055024147,0.0003,0.19540850818157196,0.0
11955.0,255.0,30.0,0.059178806841373444,0.0003,0.08498333394527435,0.0
11956.0,256.0,30.0,0.05487348884344101,0.0003,0.1236828863620758,0.0
11957.0,257.0,30.0,0.0595305934548378,0.0003,0.0632978305220604,0.0
11958.0,258.0,30.0,0.053526654839515686,0.0003,0.1207234188914299,0.0
11959.0,259.0,30.0,0.05866164714097977,0.0003,0.0671602189540863,0.0
11960.0,260.0,30.0,0.054999206215143204,0.0003,0.0828796848654747,0.0
11961.0,261.0,30.0,0.06121788173913956,0.0003,0.18884629011154175,0.0
11962.0,262.0,30.0,0.05744888633489609,0.0003,0.09445194900035858,0.0
11963.0,263.0,30.0,0.05360237509012222,0.0003,0.18734663724899292,0.0
11964.0,264.0,30.0,0.051364630460739136,0.0003,0.09091203659772873,0.0
11965.0,265.0,30.0,0.05773245170712471,0.0003,0.19304493069648743,0.0
11966.0,266.0,30.0,0.060736656188964844,0.0003,0.06541504710912704,0.0
11967.0,267.0,30.0,0.06585719436407089,0.0003,0.13776899874210358,0.0
11968.0,268.0,30.0,0.055396340787410736,0.0003,0.14252541959285736,0.0
11969.0,269.0,30.0,0.05938592553138733,0.0003,0.15867918729782104,0.0
11970.0,270.0,30.0,0.05464574694633484,0.0003,0.20178602635860443,0.0
11971.0,271.0,30.0,0.05429966002702713,0.0003,0.19596493244171143,0.0
11972.0,272.0,30.0,0.057097237557172775,0.0003,0.11755959689617157,0.0
11973.0,273.0,30.0,0.06939172744750977,0.0003,0.10146214812994003,0.0
11974.0,274.0,30.0,0.05473152548074722,0.0003,0.07718385756015778,0.0
11975.0,275.0,30.0,0.06886953860521317,0.0003,0.08388727158308029,0.0
11976.0,276.0,30.0,0.053019456565380096,0.0003,0.08476541936397552,0.0
11977.0,277.0,30.0,0.06291384994983673,0.0003,0.12345939129590988,0.0
11978.0,278.0,30.0,0.055797554552555084,0.0003,0.10060468316078186,0.0
11979.0,279.0,30.0,0.06105859577655792,0.0003,0.16569028794765472,0.0
11980.0,280.0,30.0,0.05478091537952423,0.0003,0.10244040191173553,0.0
11981.0,281.0,30.0,0.06827951967716217,0.0003,0.10612798482179642,0.0
11982.0,282.0,30.0,0.06001739576458931,0.0003,0.11349015682935715,0.0
11983.0,283.0,30.0,0.0521182119846344,0.0003,0.12696044147014618,0.0
11984.0,284.0,30.0,0.05716336518526077,0.0003,0.14800004661083221,0.0
11985.0,285.0,30.0,0.0726771429181099,0.0003,0.12100210040807724,0.0
11986.0,286.0,30.0,0.050694242119789124,0.0003,0.15990866720676422,0.0
11987.0,287.0,30.0,0.05477377399802208,0.0003,0.13621965050697327,0.0
11988.0,288.0,30.0,0.06021080166101456,0.0003,0.22994771599769592,0.0
11989.0,289.0,30.0,0.06106555461883545,0.0003,0.192124605178833,0.0
11990.0,290.0,30.0,0.056909725069999695,0.0003,0.12268286943435669,0.0
11991.0,291.0,30.0,0.06493295729160309,0.0003,0.1988174319267273,0.0
11992.0,292.0,30.0,0.06834220886230469,0.0003,0.14328347146511078,0.0
11993.0,293.0,30.0,0.05207454413175583,0.0003,0.1645243912935257,0.0
11994.0,294.0,30.0,0.06959198415279388,0.0003,0.07878933101892471,0.0
11995.0,295.0,30.0,0.05478978902101517,0.0003,0.20279252529144287,0.0
11996.0,296.0,30.0,0.049315717071294785,0.0003,0.0811394602060318,0.0
11997.0,297.0,30.0,0.055528655648231506,0.0003,0.15034331381320953,0.0
11998.0,298.0,30.0,0.05358743667602539,0.0003,0.0748409554362297,0.0
11999.0,299.0,30.0,0.06828009337186813,0.0003,0.09418410062789917,0.0
12000.0,300.0,30.0,0.04695834219455719,0.0003,0.12266189604997635,0.0
12001.0,301.0,30.0,0.04951498657464981,0.0003,0.10558483749628067,0.0
12002.0,302.0,30.0,0.05727352201938629,0.0003,0.08138905465602875,0.0
12003.0,303.0,30.0,0.04944504797458649,0.0003,0.08321171998977661,0.0
12004.0,304.0,30.0,0.05546938627958298,0.0003,0.11345608532428741,0.0
12005.0,305.0,30.0,0.056938525289297104,0.0003,0.12250744551420212,0.0
12006.0,306.0,30.0,0.05179085209965706,0.0003,0.08555316925048828,0.0
12007.0,307.0,30.0,0.0527828112244606,0.0003,0.13526318967342377,0.0
12008.0,308.0,30.0,0.056438688188791275,0.0003,0.05329422280192375,0.0
12009.0,309.0,30.0,0.05469703674316406,0.0003,0.1613323986530304,0.0
12010.0,310.0,30.0,0.048494987189769745,0.0003,0.08183252811431885,0.0
12011.0,311.0,30.0,0.049467265605926514,0.0003,0.16535961627960205,0.0
12012.0,312.0,30.0,0.062270741909742355,0.0003,0.0715329721570015,0.0
12013.0,313.0,30.0,0.06048857420682907,0.0003,0.11682922393083572,0.0
12014.0,314.0,30.0,0.07698886096477509,0.0003,0.1554298996925354,0.0
12015.0,315.0,30.0,0.06456129252910614,0.0003,0.10570201277732849,0.0
12016.0,316.0,30.0,0.045905470848083496,0.0003,0.0950244590640068,0.0
12017.0,317.0,30.0,0.04815751314163208,0.0003,0.10877275466918945,0.0
12018.0,318.0,30.0,0.04590586945414543,0.0003,0.10891909897327423,0.0
12019.0,319.0,30.0,0.05610723793506622,0.0003,0.07971136271953583,0.0
12020.0,320.0,30.0,0.05963640660047531,0.0003,0.08588815480470657,0.0
12021.0,321.0,30.0,0.060073982924222946,0.0003,0.05804241821169853,0.0
12022.0,322.0,30.0,0.060640618205070496,0.0003,0.06439413130283356,0.0
12023.0,323.0,30.0,0.059730641543865204,0.0003,0.08306732773780823,0.0
12024.0,324.0,30.0,0.0536201186478138,0.0003,0.07846296578645706,0.0
12025.0,325.0,30.0,0.05183537304401398,0.0003,0.11685348302125931,0.0
12026.0,326.0,30.0,0.0626906082034111,0.0003,0.07570132613182068,0.0
12027.0,327.0,30.0,0.04627956449985504,0.0003,0.07721415907144547,0.0
12028.0,328.0,30.0,0.05382110923528671,0.0003,0.13216432929039001,0.0
12029.0,329.0,30.0,0.05873899906873703,0.0003,0.11895183473825455,0.0
12030.0,330.0,30.0,0.06610552966594696,0.0003,0.12434511631727219,0.0
12031.0,331.0,30.0,0.06227722018957138,0.0003,0.08529413491487503,0.0
12032.0,332.0,30.0,0.050144076347351074,0.0003,0.07775196433067322,0.0
12033.0,333.0,30.0,0.0452442429959774,0.0003,0.067830391228199,0.0
12034.0,334.0,30.0,0.05380413308739662,0.0003,0.11865159124135971,0.0
12035.0,335.0,30.0,0.04887065291404724,0.0003,0.04461187496781349,0.0
12036.0,336.0,30.0,0.056684475392103195,0.0003,0.099874347448349,0.0
12037.0,337.0,30.0,0.06309156864881516,0.0003,0.0773073211312294,0.0
12038.0,338.0,30.0,0.053173527121543884,0.0003,0.1243998110294342,0.0
12039.0,339.0,30.0,0.05843590199947357,0.0003,0.044273510575294495,0.0
12040.0,340.0,30.0,0.06285621970891953,0.0003,0.12944017350673676,0.0
12041.0,341.0,30.0,0.062269989401102066,0.0003,0.08544741570949554,0.0
12042.0,342.0,30.0,0.06135670840740204,0.0003,0.14784106612205505,0.0
12043.0,343.0,30.0,0.06661181151866913,0.0003,0.07819882035255432,0.0
12044.0,344.0,30.0,0.05255042761564255,0.0003,0.15219290554523468,0.0
12045.0,345.0,30.0,0.062017492949962616,0.0003,0.04528949409723282,0.0
12046.0,346.0,30.0,0.06161564961075783,0.0003,0.058195535093545914,0.0
12047.0,347.0,30.0,0.06426447629928589,0.0003,0.09634454548358917,0.0
12048.0,348.0,30.0,0.07023726403713226,0.0003,0.07204236835241318,0.0
12049.0,349.0,30.0,0.07022536545991898,0.0003,0.102571502327919,0.0
12050.0,350.0,30.0,0.05301467329263687,0.0003,0.06033133715391159,0.0
12050.0,351.0,30.0,0.05652392655611038,0.0003,inf,1.0
12051.0,352.0,30.0,0.05558517575263977,0.0003,0.18226207792758942,0.0
12052.0,353.0,30.0,0.049014702439308167,0.0003,0.08112388104200363,0.0
12053.0,354.0,30.0,0.06654197722673416,0.0003,0.06168169155716896,0.0
12054.0,355.0,30.0,0.04381876438856125,0.0003,0.07307083159685135,0.0
12055.0,356.0,30.0,0.05832798779010773,0.0003,0.1065160483121872,0.0
12056.0,357.0,30.0,0.05371623858809471,0.0003,0.10986752808094025,0.0
12057.0,358.0,30.0,0.04964655637741089,0.0003,0.08794566988945007,0.0
12058.0,359.0,30.0,0.0601375475525856,0.0003,0.1555595099925995,0.0
12059.0,360.0,30.0,0.053024254739284515,0.0003,0.1253644824028015,0.0
12060.0,361.0,30.0,0.06390302628278732,0.0003,0.1159873977303505,0.0
12061.0,362.0,30.0,0.056659258902072906,0.0003,0.06629371643066406,0.0
12062.0,363.0,30.0,0.0604841485619545,0.0003,0.18002872169017792,0.0
12063.0,364.0,30.0,0.07295991480350494,0.0003,0.11458796262741089,0.0
12064.0,365.0,30.0,0.052856918424367905,0.0003,0.13168266415596008,0.0
12065.0,366.0,30.0,0.05805708467960358,0.0003,0.15971100330352783,0.0
12066.0,367.0,30.0,0.06271497160196304,0.0003,0.10490487515926361,0.0
12067.0,368.0,30.0,0.06994805485010147,0.0003,0.14873163402080536,0.0
12068.0,369.0,30.0,0.05449222773313522,0.0003,0.08339880406856537,0.0
12069.0,370.0,30.0,0.057447388768196106,0.0003,0.19879786670207977,0.0
12070.0,371.0,30.0,0.06150657683610916,0.0003,0.1589042991399765,0.0
12071.0,372.0,30.0,0.06045263633131981,0.0003,0.1295584887266159,0.0
12072.0,373.0,30.0,0.08637447655200958,0.0003,0.182906836271286,0.0
12073.0,374.0,30.0,0.06333655118942261,0.0003,0.11718784272670746,0.0
12074.0,375.0,30.0,0.057841479778289795,0.0003,0.1612308770418167,0.0
12075.0,376.0,30.0,0.045307960361242294,0.0003,0.08968452364206314,0.0
12076.0,377.0,30.0,0.054061464965343475,0.0003,0.1798827350139618,0.0
12077.0,378.0,30.0,0.055574506521224976,0.0003,0.08099156618118286,0.0
12078.0,379.0,30.0,0.05779638886451721,0.0003,0.22817206382751465,0.0
12079.0,380.0,30.0,0.05406755954027176,0.0003,0.06799253076314926,0.0
12080.0,381.0,30.0,0.0567571260035038,0.0003,0.1977849155664444,0.0
12081.0,382.0,30.0,0.06653952598571777,0.0003,0.03831437975168228,0.0
12082.0,383.0,30.0,0.046921245753765106,0.0003,0.17917582392692566,0.0
12083.0,384.0,30.0,0.06305862963199615,0.0003,0.09554269164800644,0.0
12084.0,385.0,30.0,0.04550003632903099,0.0003,0.2225160300731659,0.0
12085.0,386.0,30.0,0.0433952622115612,0.0003,0.08740024268627167,0.0
12086.0,387.0,30.0,0.04403919726610184,0.0003,0.18864335119724274,0.0
12087.0,388.0,30.0,0.06501050293445587,0.0003,0.08453021198511124,0.0
12088.0,389.0,30.0,0.06105457991361618,0.0003,0.13714370131492615,0.0
12089.0,390.0,30.0,0.05753012001514435,0.0003,0.12044080346822739,0.0
12090.0,391.0,31.0,0.06423357129096985,0.0003,0.1099160686135292,0.0
12091.0,392.0,31.0,0.07306712120771408,0.0003,0.12251955270767212,0.0
12092.0,393.0,31.0,0.050401054322719574,0.0003,0.11724366247653961,0.0
12093.0,394.0,31.0,0.05017019808292389,0.0003,0.1418345719575882,0.0
12094.0,395.0,31.0,0.03786299750208855,0.0003,0.1449802964925766,0.0
12095.0,396.0,31.0,0.05820425599813461,0.0003,0.14962071180343628,0.0
12096.0,397.0,31.0,0.07144247740507126,0.0003,0.13006091117858887,0.0
12097.0,398.0,31.0,0.05444914102554321,0.0003,0.14357347786426544,0.0
12098.0,399.0,31.0,0.04548969864845276,0.0003,0.1990966498851776,0.0
12099.0,400.0,31.0,0.052053529769182205,0.0003,0.16378386318683624,0.0
12100.0,401.0,31.0,0.050564609467983246,0.0003,0.1722288578748703,0.0
12101.0,402.0,31.0,0.05291929095983505,0.0003,0.17470119893550873,0.0
12102.0,403.0,31.0,0.052954599261283875,0.0003,0.14291155338287354,0.0
12103.0,404.0,31.0,0.053565993905067444,0.0003,0.18261590600013733,0.0
12104.0,405.0,31.0,0.057957783341407776,0.0003,0.1330515444278717,0.0
12105.0,406.0,31.0,0.05940233916044235,0.0003,0.141764834523201,0.0
12106.0,407.0,31.0,0.07560096681118011,0.0003,0.1196427196264267,0.0
12107.0,408.0,31.0,0.05670750141143799,0.0003,0.11014854162931442,0.0
12108.0,409.0,31.0,0.05390254780650139,0.0003,0.11321823298931122,0.0
12109.0,410.0,31.0,0.06028899550437927,0.0003,0.07370398938655853,0.0
12110.0,411.0,31.0,0.055669426918029785,0.0003,0.09794249385595322,0.0
12111.0,412.0,31.0,0.056301504373550415,0.0003,0.12014099210500717,0.0
12112.0,413.0,31.0,0.060430414974689484,0.0003,0.16178429126739502,0.0
12113.0,414.0,31.0,0.057972442358732224,0.0003,0.10117481648921967,0.0
12114.0,415.0,31.0,0.0584712028503418,0.0003,0.11099455505609512,0.0
12115.0,416.0,31.0,0.07576391100883484,0.0003,0.14912687242031097,0.0
12116.0,417.0,31.0,0.05801642686128616,0.0003,0.12005290389060974,0.0
12117.0,418.0,31.0,0.06160306930541992,0.0003,0.09237146377563477,0.0
12118.0,419.0,31.0,0.06827673316001892,0.0003,0.10454333573579788,0.0
12119.0,420.0,31.0,0.05880676209926605,0.0003,0.08105305582284927,0.0
12120.0,421.0,31.0,0.05771125853061676,0.0003,0.1140168234705925,0.0
12121.0,422.0,31.0,0.05298983305692673,0.0003,0.10378425568342209,0.0
12122.0,423.0,31.0,0.054318636655807495,0.0003,0.07979588210582733,0.0
12123.0,424.0,31.0,0.053674306720495224,0.0003,0.1188700720667839,0.0
12124.0,425.0,31.0,0.06001989543437958,0.0003,0.19154983758926392,0.0
12125.0,426.0,31.0,0.05732259899377823,0.0003,0.06291669607162476,0.0
12126.0,427.0,31.0,0.05662409961223602,0.0003,0.1800948977470398,0.0
12127.0,428.0,31.0,0.05318564549088478,0.0003,0.09162843227386475,0.0
12128.0,429.0,31.0,0.06492095440626144,0.0003,0.1638539582490921,0.0
12129.0,430.0,31.0,0.05614272132515907,0.0003,0.07850854098796844,0.0
12130.0,431.0,31.0,0.05793142691254616,0.0003,0.17460663616657257,0.0
12131.0,432.0,31.0,0.06555387377738953,0.0003,0.10010374337434769,0.0
12132.0,433.0,31.0,0.05376303195953369,0.0003,0.16197070479393005,0.0
12133.0,434.0,31.0,0.048446230590343475,0.0003,0.1571551412343979,0.0
12134.0,435.0,31.0,0.044288571923971176,0.0003,0.13152576982975006,0.0
12135.0,436.0,31.0,0.06739474087953568,0.0003,0.18682274222373962,0.0
12136.0,437.0,31.0,0.07031557708978653,0.0003,0.06698815524578094,0.0
12137.0,438.0,31.0,0.04658881947398186,0.0003,0.2039327323436737,0.0
12138.0,439.0,31.0,0.055369533598423004,0.0003,0.08193870633840561,0.0
12139.0,440.0,31.0,0.060384899377822876,0.0003,0.18465884029865265,0.0
12140.0,441.0,31.0,0.0815640464425087,0.0003,0.11607687920331955,0.0
12141.0,442.0,31.0,0.06037859618663788,0.0003,0.16250991821289062,0.0
12142.0,443.0,31.0,0.05501655116677284,0.0003,0.20127008855342865,0.0
12143.0,444.0,31.0,0.05753787234425545,0.0003,0.04694661125540733,0.0
12144.0,445.0,31.0,0.0740261822938919,0.0003,0.20373833179473877,0.0
12145.0,446.0,31.0,0.05588832125067711,0.0003,0.1660042703151703,0.0
12146.0,447.0,31.0,0.053693510591983795,0.0003,0.1568765491247177,0.0
12147.0,448.0,31.0,0.06012852117419243,0.0003,0.1774521917104721,0.0
12148.0,449.0,31.0,0.06342393159866333,0.0003,0.11305776983499527,0.0
12149.0,450.0,31.0,0.06473954766988754,0.0003,0.16576124727725983,0.0
12150.0,451.0,31.0,0.056623972952365875,0.0003,0.15417461097240448,0.0
12151.0,452.0,31.0,0.05699903517961502,0.0003,0.10907181352376938,0.0
12152.0,453.0,31.0,0.05702283978462219,0.0003,0.205149844288826,0.0
12153.0,454.0,31.0,0.06189848482608795,0.0003,0.1007486954331398,0.0
12154.0,455.0,31.0,0.06171436607837677,0.0003,0.1879960149526596,0.0
12155.0,456.0,31.0,0.06220070272684097,0.0003,0.05551713705062866,0.0
12156.0,457.0,31.0,0.062232114374637604,0.0003,0.21934330463409424,0.0
12157.0,458.0,31.0,0.06388595700263977,0.0003,0.04002399370074272,0.0
12158.0,459.0,31.0,0.052733298391103745,0.0003,0.1195160374045372,0.0
12159.0,460.0,31.0,0.03741888701915741,0.0003,0.09940855205059052,0.0
12160.0,461.0,31.0,0.04987481236457825,0.0003,0.1905488222837448,0.0
12161.0,462.0,31.0,0.05982711538672447,0.0003,0.053196199238300323,0.0
12162.0,463.0,31.0,0.052447594702243805,0.0003,0.13791392743587494,0.0
12163.0,464.0,31.0,0.06605996191501617,0.0003,0.10295076668262482,0.0
12164.0,465.0,31.0,0.05387939512729645,0.0003,0.07357235252857208,0.0
12165.0,466.0,31.0,0.053722064942121506,0.0003,0.06493740528821945,0.0
12166.0,467.0,31.0,0.0517573319375515,0.0003,0.08228590339422226,0.0
12167.0,468.0,31.0,0.052918728440999985,0.0003,0.06976151466369629,0.0
12168.0,469.0,31.0,0.05971566215157509,0.0003,0.0821211040019989,0.0
12169.0,470.0,31.0,0.07159850001335144,0.0003,0.10324716567993164,0.0
12170.0,471.0,31.0,0.07129637151956558,0.0003,0.1383216232061386,0.0
12171.0,472.0,31.0,0.050587691366672516,0.0003,0.10593758523464203,0.0
12172.0,473.0,31.0,0.049775220453739166,0.0003,0.1163715347647667,0.0
12173.0,474.0,31.0,0.0649203211069107,0.0003,0.14000926911830902,0.0
12174.0,475.0,31.0,0.060355834662914276,0.0003,0.12675057351589203,0.0
12175.0,476.0,31.0,0.0641123577952385,0.0003,0.14014248549938202,0.0
12176.0,477.0,31.0,0.04360082745552063,0.0003,0.17274172604084015,0.0
12177.0,478.0,31.0,0.06919125467538834,0.0003,0.12353688478469849,0.0
12178.0,479.0,31.0,0.07412273436784744,0.0003,0.13507863879203796,0.0
12179.0,480.0,31.0,0.061508338898420334,0.0003,0.20797447860240936,0.0
12180.0,481.0,31.0,0.05527793616056442,0.0003,0.09496091306209564,0.0
12181.0,482.0,31.0,0.059256091713905334,0.0003,0.24641284346580505,0.0
12182.0,483.0,31.0,0.058533042669296265,0.0003,0.15272624790668488,0.0
12183.0,484.0,31.0,0.07324586808681488,0.0003,0.16076962649822235,0.0
12184.0,485.0,31.0,0.0573870949447155,0.0003,0.1826399266719818,0.0
12185.0,486.0,31.0,0.054667431861162186,0.0003,0.09979365766048431,0.0
12186.0,487.0,31.0,0.05917011573910713,0.0003,0.1874777376651764,0.0
12187.0,488.0,31.0,0.057509228587150574,0.0003,0.20543204247951508,0.0
12188.0,489.0,31.0,0.05768487975001335,0.0003,0.19915439188480377,0.0
12189.0,490.0,31.0,0.056839942932128906,0.0003,0.21371038258075714,0.0
12190.0,491.0,31.0,0.06246987730264664,0.0003,0.24099373817443848,0.0
12191.0,492.0,31.0,0.05707745999097824,0.0003,0.1341283917427063,0.0
12192.0,493.0,31.0,0.055960096418857574,0.0003,0.19834162294864655,0.0
12193.0,494.0,31.0,0.059664689004421234,0.0003,0.1943863183259964,0.0
12194.0,495.0,31.0,0.05681634694337845,0.0003,0.20460936427116394,0.0
12195.0,496.0,31.0,0.05432195961475372,0.0003,0.17304499447345734,0.0
12196.0,497.0,31.0,0.0575871504843235,0.0003,0.18391010165214539,0.0
12197.0,498.0,31.0,0.06385697424411774,0.0003,0.12429175525903702,0.0
12198.0,499.0,31.0,0.044535472989082336,0.0003,0.11468684673309326,0.0
12199.0,500.0,31.0,0.06226509064435959,0.0003,0.12581343948841095,0.0
12200.0,501.0,31.0,0.06059444323182106,0.0003,0.08076133579015732,0.0
12201.0,502.0,31.0,0.05239684879779816,0.0003,0.11960859596729279,0.0
12202.0,503.0,31.0,0.049280524253845215,0.0003,0.0744011253118515,0.0
12203.0,504.0,31.0,0.05430768430233002,0.0003,0.08265701681375504,0.0
12204.0,505.0,31.0,0.0598222054541111,0.0003,0.09089557081460953,0.0
12205.0,506.0,31.0,0.060998402535915375,0.0003,0.10596100240945816,0.0
12206.0,507.0,31.0,0.06156513839960098,0.0003,0.037818793207407,0.0
12207.0,508.0,31.0,0.056964464485645294,0.0003,0.08403430134057999,0.0
12208.0,509.0,31.0,0.053351107984781265,0.0003,0.07571355253458023,0.0
12209.0,510.0,31.0,0.05713536590337753,0.0003,0.16070406138896942,0.0
12210.0,511.0,31.0,0.04755226895213127,0.0003,0.07797209918498993,0.0
12211.0,512.0,31.0,0.05459953472018242,0.0003,0.11076047271490097,0.0
12212.0,513.0,31.0,0.06486809253692627,0.0003,0.0864986851811409,0.0
12213.0,514.0,31.0,0.061665650457143784,0.0003,0.1420322060585022,0.0
12214.0,515.0,31.0,0.05607904493808746,0.0003,0.050693172961473465,0.0
12215.0,516.0,31.0,0.05893365666270256,0.0003,0.13710913062095642,0.0
12216.0,517.0,31.0,0.0649653971195221,0.0003,0.06597079336643219,0.0
12217.0,518.0,31.0,0.055306628346443176,0.0003,0.09975853562355042,0.0
12218.0,519.0,31.0,0.05995142459869385,0.0003,0.06781977415084839,0.0
12219.0,520.0,31.0,0.04747303947806358,0.0003,0.1597282886505127,0.0
12220.0,521.0,31.0,0.04729420691728592,0.0003,0.0648999810218811,0.0
12221.0,522.0,31.0,0.05465027689933777,0.0003,0.1830899566411972,0.0
12222.0,523.0,31.0,0.061729736626148224,0.0003,0.07671751081943512,0.0
12223.0,524.0,31.0,0.04426584765315056,0.0003,0.18173575401306152,0.0
12224.0,525.0,31.0,0.05953699350357056,0.0003,0.10847204923629761,0.0
12225.0,526.0,31.0,0.05736669898033142,0.0003,0.12130886316299438,0.0
12226.0,527.0,31.0,0.05044753476977348,0.0003,0.12465818971395493,0.0
12227.0,528.0,31.0,0.05721316486597061,0.0003,0.0861462727189064,0.0
12228.0,529.0,31.0,0.05032326281070709,0.0003,0.10813972353935242,0.0
12229.0,530.0,31.0,0.04048153758049011,0.0003,0.13470526039600372,0.0
12230.0,531.0,31.0,0.05118005350232124,0.0003,0.14287956058979034,0.0
12231.0,532.0,31.0,0.06861454248428345,0.0003,0.08010954409837723,0.0
12232.0,533.0,31.0,0.049646250903606415,0.0003,0.14517492055892944,0.0
12233.0,534.0,31.0,0.06386493891477585,0.0003,0.14646339416503906,0.0
12234.0,535.0,31.0,0.07260268926620483,0.0003,0.07088872790336609,0.0
12235.0,536.0,31.0,0.06433913856744766,0.0003,0.07609011232852936,0.0
12236.0,537.0,31.0,0.06299055367708206,0.0003,0.1452520340681076,0.0
12237.0,538.0,31.0,0.05031285807490349,0.0003,0.09401943534612656,0.0
12238.0,539.0,31.0,0.055583082139492035,0.0003,0.1617255061864853,0.0
12239.0,540.0,31.0,0.06672006845474243,0.0003,0.11039433628320694,0.0
12240.0,541.0,31.0,0.042097702622413635,0.0003,0.20397362112998962,0.0
12241.0,542.0,31.0,0.05316615477204323,0.0003,0.21018259227275848,0.0
12242.0,543.0,31.0,0.05141875892877579,0.0003,0.12017732858657837,0.0
12243.0,544.0,31.0,0.05306709557771683,0.0003,0.19093137979507446,0.0
12244.0,545.0,31.0,0.054589033126831055,0.0003,0.1419215053319931,0.0
12245.0,546.0,31.0,0.05356333404779434,0.0003,0.22470276057720184,0.0
12246.0,547.0,31.0,0.05527844280004501,0.0003,0.1667148619890213,0.0
12247.0,548.0,31.0,0.05440473556518555,0.0003,0.236404150724411,0.0
12248.0,549.0,31.0,0.06486360728740692,0.0003,0.1317358911037445,0.0
12249.0,550.0,31.0,0.06865201890468597,0.0003,0.1680610179901123,0.0
12250.0,551.0,31.0,0.05712328106164932,0.0003,0.18411923944950104,0.0
12251.0,552.0,31.0,0.07058973610401154,0.0003,0.14157886803150177,0.0
12252.0,553.0,31.0,0.054039835929870605,0.0003,0.2316356897354126,0.0
12253.0,554.0,31.0,0.054900161921978,0.0003,0.17854297161102295,0.0
12254.0,555.0,31.0,0.056981585919857025,0.0003,0.19098545610904694,0.0
12255.0,556.0,31.0,0.05358771234750748,0.0003,0.13180220127105713,0.0
12256.0,557.0,31.0,0.05556090921163559,0.0003,0.25461700558662415,0.0
12257.0,558.0,31.0,0.05281488224864006,0.0003,0.1188720092177391,0.0
12258.0,559.0,31.0,0.08189713954925537,0.0003,0.20109382271766663,0.0
12259.0,560.0,31.0,0.05254509672522545,0.0003,0.10924525558948517,0.0
12260.0,561.0,31.0,0.06395566463470459,0.0003,0.22596411406993866,0.0
12261.0,562.0,31.0,0.06155605614185333,0.0003,0.1140170469880104,0.0
12262.0,563.0,31.0,0.050034649670124054,0.0003,0.08954610675573349,0.0
12263.0,564.0,31.0,0.04845510050654411,0.0003,0.17203623056411743,0.0
12264.0,565.0,31.0,0.06662896275520325,0.0003,0.1151147112250328,0.0
12265.0,566.0,31.0,0.048475440591573715,0.0003,0.17027661204338074,0.0
12266.0,567.0,31.0,0.044233955442905426,0.0003,0.1210048720240593,0.0
12267.0,568.0,31.0,0.058778807520866394,0.0003,0.19381122291088104,0.0
12268.0,569.0,31.0,0.06948632001876831,0.0003,0.14027510583400726,0.0
12269.0,570.0,31.0,0.05139986798167229,0.0003,0.1886986941099167,0.0
12270.0,571.0,31.0,0.04942861199378967,0.0003,0.12155386060476303,0.0
12271.0,572.0,31.0,0.04258408024907112,0.0003,0.15987005829811096,0.0
12272.0,573.0,31.0,0.06962759792804718,0.0003,0.0912482813000679,0.0
12273.0,574.0,31.0,0.060536015778779984,0.0003,0.1682671755552292,0.0
12274.0,575.0,31.0,0.04840551316738129,0.0003,0.10684866458177567,0.0
12275.0,576.0,31.0,0.0497896671295166,0.0003,0.14356885850429535,0.0
12276.0,577.0,31.0,0.06452827155590057,0.0003,0.09612036496400833,0.0
12277.0,578.0,31.0,0.07285906374454498,0.0003,0.14781759679317474,0.0
12278.0,579.0,31.0,0.04800906777381897,0.0003,0.06584532558917999,0.0
12279.0,580.0,31.0,0.047652266919612885,0.0003,0.1512862741947174,0.0
12280.0,581.0,31.0,0.05847989022731781,0.0003,0.0774625837802887,0.0
12281.0,582.0,31.0,0.05786735564470291,0.0003,0.15757080912590027,0.0
12282.0,583.0,31.0,0.04790526255965233,0.0003,0.10719095170497894,0.0
12283.0,584.0,31.0,0.051932621747255325,0.0003,0.11444508284330368,0.0
12284.0,585.0,31.0,0.0512462817132473,0.0003,0.13320012390613556,0.0
12285.0,586.0,31.0,0.0620342418551445,0.0003,0.1382691115140915,0.0
12286.0,587.0,31.0,0.05134761333465576,0.0003,0.07973328977823257,0.0
12287.0,588.0,31.0,0.057673703879117966,0.0003,0.09111257642507553,0.0
12288.0,589.0,31.0,0.05798407644033432,0.0003,0.1253233104944229,0.0
12289.0,590.0,31.0,0.06296514719724655,0.0003,0.17474588751792908,0.0
12290.0,591.0,31.0,0.05280999094247818,0.0003,0.1130698099732399,0.0
12291.0,592.0,31.0,0.0540129691362381,0.0003,0.22176404297351837,0.0
12292.0,593.0,31.0,0.06214031204581261,0.0003,0.09882795065641403,0.0
12293.0,594.0,31.0,0.048673294484615326,0.0003,0.19591322541236877,0.0
12294.0,595.0,31.0,0.0438251830637455,0.0003,0.098871611058712,0.0
12295.0,596.0,31.0,0.049643374979496,0.0003,0.11915796250104904,0.0
12296.0,597.0,31.0,0.05667630955576897,0.0003,0.14070720970630646,0.0
12297.0,598.0,31.0,0.05555325001478195,0.0003,0.08573026955127716,0.0
12298.0,599.0,31.0,0.07227297127246857,0.0003,0.19619736075401306,0.0
12299.0,600.0,31.0,0.053689464926719666,0.0003,0.07869800925254822,0.0
12300.0,601.0,31.0,0.03993452340364456,0.0003,0.21720413863658905,0.0
12301.0,602.0,31.0,0.06425014138221741,0.0003,0.06899915635585785,0.0
12302.0,603.0,31.0,0.044772204011678696,0.0003,0.12236472964286804,0.0
12303.0,604.0,31.0,0.06137153506278992,0.0003,0.08074281364679337,0.0
12304.0,605.0,31.0,0.05660931020975113,0.0003,0.1404215395450592,0.0
12305.0,606.0,31.0,0.07328665256500244,0.0003,0.050073157995939255,0.0
12306.0,607.0,31.0,0.04675789922475815,0.0003,0.10727009177207947,0.0
12307.0,608.0,31.0,0.05538083612918854,0.0003,0.12835754454135895,0.0
12308.0,609.0,31.0,0.05534031242132187,0.0003,0.0652315765619278,0.0
12309.0,610.0,31.0,0.05476720258593559,0.0003,0.16398897767066956,0.0
12310.0,611.0,31.0,0.06642062962055206,0.0003,0.11761767417192459,0.0
12311.0,612.0,31.0,0.05041533708572388,0.0003,0.18147702515125275,0.0
12312.0,613.0,31.0,0.06720015406608582,0.0003,0.18568985164165497,0.0
12313.0,614.0,31.0,0.05203962326049805,0.0003,0.08530209958553314,0.0
12314.0,615.0,31.0,0.048750586807727814,0.0003,0.15780918300151825,0.0
12315.0,616.0,31.0,0.04402666538953781,0.0003,0.13089250028133392,0.0
12316.0,617.0,31.0,0.05837632343173027,0.0003,0.14027689397335052,0.0
12317.0,618.0,31.0,0.06187223643064499,0.0003,0.08513998240232468,0.0
12318.0,619.0,31.0,0.05474388971924782,0.0003,0.09450648725032806,0.0
12319.0,620.0,31.0,0.04350581765174866,0.0003,0.12239222228527069,0.0
12320.0,621.0,31.0,0.05354207009077072,0.0003,0.1212960034608841,0.0
12321.0,622.0,31.0,0.050519462674856186,0.0003,0.13419868052005768,0.0
12322.0,623.0,31.0,0.059819526970386505,0.0003,0.1778157353401184,0.0
12323.0,624.0,31.0,0.06806331127882004,0.0003,0.10748507082462311,0.0
12324.0,625.0,31.0,0.060447972267866135,0.0003,0.0990581065416336,0.0
12325.0,626.0,31.0,0.0647697001695633,0.0003,0.18216392397880554,0.0
12326.0,627.0,31.0,0.0657319501042366,0.0003,0.09236142039299011,0.0
12327.0,628.0,31.0,0.0611964650452137,0.0003,0.14799007773399353,0.0
12328.0,629.0,31.0,0.06088797003030777,0.0003,0.06673337519168854,0.0
12329.0,630.0,31.0,0.06818775832653046,0.0003,0.17669808864593506,0.0
12330.0,631.0,31.0,0.05356860160827637,0.0003,0.10615964233875275,0.0
12331.0,632.0,31.0,0.04782755300402641,0.0003,0.18143197894096375,0.0
12332.0,633.0,31.0,0.05947312340140343,0.0003,0.09245999902486801,0.0
12333.0,634.0,31.0,0.0673287957906723,0.0003,0.14932996034622192,0.0
12334.0,635.0,31.0,0.06143093854188919,0.0003,0.08989237248897552,0.0
12335.0,636.0,31.0,0.0485159270465374,0.0003,0.0639418438076973,0.0
12336.0,637.0,31.0,0.06052511930465698,0.0003,0.08697228878736496,0.0
12337.0,638.0,31.0,0.06057896092534065,0.0003,0.11186500638723373,0.0
12338.0,639.0,31.0,0.0728774145245552,0.0003,0.11585865914821625,0.0
12339.0,640.0,31.0,0.06659308075904846,0.0003,0.13582240045070648,0.0
12340.0,641.0,31.0,0.06560097634792328,0.0003,0.191043883562088,0.0
12341.0,642.0,31.0,0.05818673595786095,0.0003,0.17164050042629242,0.0
12342.0,643.0,31.0,0.05651935189962387,0.0003,0.18505734205245972,0.0
12343.0,644.0,31.0,0.06184277683496475,0.0003,0.08371676504611969,0.0
12344.0,645.0,31.0,0.06323691457509995,0.0003,0.21663492918014526,0.0
12345.0,646.0,31.0,0.05620770528912544,0.0003,0.09415950626134872,0.0
12346.0,647.0,31.0,0.04416999593377113,0.0003,0.16679154336452484,0.0
12347.0,648.0,31.0,0.0553656667470932,0.0003,0.12468624860048294,0.0
12348.0,649.0,31.0,0.062238454818725586,0.0003,0.09112981706857681,0.0
12349.0,650.0,31.0,0.05700790882110596,0.0003,0.14760105311870575,0.0
12350.0,651.0,31.0,0.06070970743894577,0.0003,0.1447674185037613,0.0
12351.0,652.0,31.0,0.04540379345417023,0.0003,0.13014864921569824,0.0
12352.0,653.0,31.0,0.04945889115333557,0.0003,0.08355332911014557,0.0
12353.0,654.0,31.0,0.05465860664844513,0.0003,0.13848426938056946,0.0
12354.0,655.0,31.0,0.04721025377511978,0.0003,0.0653238594532013,0.0
12355.0,656.0,31.0,0.05793750286102295,0.0003,0.13675668835639954,0.0
12356.0,657.0,31.0,0.06252601742744446,0.0003,0.07339376211166382,0.0
12357.0,658.0,31.0,0.05218438804149628,0.0003,0.15118291974067688,0.0
12358.0,659.0,31.0,0.051668792963027954,0.0003,0.08371001482009888,0.0
12359.0,660.0,31.0,0.06394524872303009,0.0003,0.12737682461738586,0.0
12360.0,661.0,31.0,0.07432344555854797,0.0003,0.14550262689590454,0.0
12361.0,662.0,31.0,0.0506335087120533,0.0003,0.13415557146072388,0.0
12362.0,663.0,31.0,0.07988081872463226,0.0003,0.05145292356610298,0.0
12363.0,664.0,31.0,0.05530061200261116,0.0003,0.03175142779946327,0.0
12364.0,665.0,31.0,0.05782987177371979,0.0003,0.07337377220392227,0.0
12365.0,666.0,31.0,0.05891631171107292,0.0003,0.06657715141773224,0.0
12366.0,667.0,31.0,0.057126305997371674,0.0003,0.14238055050373077,0.0
12367.0,668.0,31.0,0.05091327801346779,0.0003,0.07480543851852417,0.0
12368.0,669.0,31.0,0.0575549378991127,0.0003,0.10929223150014877,0.0
12369.0,670.0,31.0,0.058577731251716614,0.0003,0.044062718749046326,0.0
12370.0,671.0,31.0,0.05742692947387695,0.0003,0.07199567556381226,0.0
12371.0,672.0,31.0,0.057917989790439606,0.0003,0.08321036398410797,0.0
12372.0,673.0,31.0,0.05050322785973549,0.0003,0.08206945657730103,0.0
12373.0,674.0,31.0,0.05209818854928017,0.0003,0.05440031364560127,0.0
12374.0,675.0,31.0,0.051111821085214615,0.0003,0.06151886284351349,0.0
12375.0,676.0,31.0,0.05235569179058075,0.0003,0.11563027650117874,0.0
12376.0,677.0,31.0,0.05822054669260979,0.0003,0.10587357729673386,0.0
12377.0,678.0,31.0,0.058545708656311035,0.0003,0.10652089864015579,0.0
12378.0,679.0,31.0,0.06366477906703949,0.0003,0.14113451540470123,0.0
12379.0,680.0,31.0,0.06607465445995331,0.0003,0.09094664454460144,0.0
12380.0,681.0,31.0,0.06867790967226028,0.0003,0.059605903923511505,0.0
12381.0,682.0,31.0,0.05183425918221474,0.0003,0.10053415596485138,0.0
12382.0,683.0,31.0,0.05711494758725166,0.0003,0.06795867532491684,0.0
12383.0,684.0,31.0,0.06106655299663544,0.0003,0.15372008085250854,0.0
12384.0,685.0,31.0,0.06026223301887512,0.0003,0.08326860517263412,0.0
12385.0,686.0,31.0,0.046674106270074844,0.0003,0.15366801619529724,0.0
12386.0,687.0,31.0,0.04265541583299637,0.0003,0.09997841715812683,0.0
12387.0,688.0,31.0,0.05460982024669647,0.0003,0.10089349746704102,0.0
12388.0,689.0,31.0,0.0491495206952095,0.0003,0.04886654019355774,0.0
12389.0,690.0,31.0,0.06511148810386658,0.0003,0.07844602316617966,0.0
12390.0,691.0,31.0,0.05628319829702377,0.0003,0.053737569600343704,0.0
12391.0,692.0,31.0,0.04558815807104111,0.0003,0.10261125862598419,0.0
12392.0,693.0,31.0,0.06763611733913422,0.0003,0.05747170001268387,0.0
12393.0,694.0,31.0,0.04347729682922363,0.0003,0.1272309273481369,0.0
12394.0,695.0,31.0,0.05487368628382683,0.0003,0.11215968430042267,0.0
12395.0,696.0,31.0,0.051447585225105286,0.0003,0.16127367317676544,0.0
12396.0,697.0,31.0,0.06070466339588165,0.0003,0.10156618803739548,0.0
12397.0,698.0,31.0,0.048199817538261414,0.0003,0.12494460493326187,0.0
12398.0,699.0,31.0,0.05316820740699768,0.0003,0.09691894799470901,0.0
12399.0,700.0,31.0,0.06385211646556854,0.0003,0.08394452929496765,0.0
12400.0,701.0,31.0,0.052130572497844696,0.0003,0.06691885739564896,0.0
12401.0,702.0,31.0,0.04389815777540207,0.0003,0.13940125703811646,0.0
12402.0,703.0,31.0,0.04483943432569504,0.0003,0.11019956320524216,0.0
12403.0,704.0,31.0,0.06744503974914551,0.0003,0.13120459020137787,0.0
12404.0,705.0,31.0,0.05376371368765831,0.0003,0.07957105338573456,0.0
12405.0,706.0,31.0,0.060463495552539825,0.0003,0.11580845713615417,0.0
12406.0,707.0,31.0,0.07156649231910706,0.0003,0.06419003009796143,0.0
12407.0,708.0,31.0,0.05763335898518562,0.0003,0.11215991526842117,0.0
12408.0,709.0,31.0,0.05532340705394745,0.0003,0.05570201575756073,0.0
12409.0,710.0,31.0,0.04602835327386856,0.0003,0.07943783700466156,0.0
12410.0,711.0,31.0,0.04644112288951874,0.0003,0.054426159709692,0.0
12411.0,712.0,31.0,0.04975300282239914,0.0003,0.10170294344425201,0.0
12412.0,713.0,31.0,0.05035075545310974,0.0003,0.07596631348133087,0.0
12413.0,714.0,31.0,0.06687352061271667,0.0003,0.07040225714445114,0.0
12414.0,715.0,31.0,0.06257119029760361,0.0003,0.0773085430264473,0.0
12415.0,716.0,31.0,0.06872233003377914,0.0003,0.10341275483369827,0.0
12416.0,717.0,31.0,0.05761916562914848,0.0003,0.09005825221538544,0.0
12417.0,718.0,31.0,0.051596105098724365,0.0003,0.11882441490888596,0.0
12418.0,719.0,31.0,0.05572856217622757,0.0003,0.05060981214046478,0.0
12419.0,720.0,31.0,0.05481889843940735,0.0003,0.14093659818172455,0.0
12420.0,721.0,31.0,0.061956435441970825,0.0003,0.04048125073313713,0.0
12421.0,722.0,31.0,0.0741485059261322,0.0003,0.17456792294979095,0.0
12422.0,723.0,31.0,0.05536094307899475,0.0003,0.08957801014184952,0.0
12423.0,724.0,31.0,0.05663815513253212,0.0003,0.11677441745996475,0.0
12424.0,725.0,31.0,0.06637806445360184,0.0003,0.07480276376008987,0.0
12425.0,726.0,31.0,0.05768436938524246,0.0003,0.03861675411462784,0.0
12426.0,727.0,31.0,0.06734338402748108,0.0003,0.20079538226127625,0.0
12427.0,728.0,31.0,0.04964398592710495,0.0003,0.07797855883836746,0.0
12428.0,729.0,31.0,0.05424979701638222,0.0003,0.1554960310459137,0.0
12429.0,730.0,31.0,0.05874839797616005,0.0003,0.15769219398498535,0.0
12430.0,731.0,31.0,0.043638624250888824,0.0003,0.12227267026901245,0.0
12431.0,732.0,31.0,0.06121548265218735,0.0003,0.17210575938224792,0.0
12432.0,733.0,31.0,0.054480571299791336,0.0003,0.12252227216959,0.0
12433.0,734.0,31.0,0.04326498508453369,0.0003,0.17102493345737457,0.0
12434.0,735.0,31.0,0.05471239984035492,0.0003,0.14615479111671448,0.0
12435.0,736.0,31.0,0.05033732205629349,0.0003,0.13431964814662933,0.0
12436.0,737.0,31.0,0.05126823112368584,0.0003,0.17382466793060303,0.0
12437.0,738.0,31.0,0.062316037714481354,0.0003,0.06853633373975754,0.0
12438.0,739.0,31.0,0.05122211202979088,0.0003,0.25072917342185974,0.0
12439.0,740.0,31.0,0.04996050149202347,0.0003,0.08807335793972015,0.0
12440.0,741.0,31.0,0.057132527232170105,0.0003,0.2414247691631317,0.0
12441.0,742.0,31.0,0.04402671754360199,0.0003,0.07111787796020508,0.0
12442.0,743.0,31.0,0.052377134561538696,0.0003,0.20390082895755768,0.0
12443.0,744.0,31.0,0.05341941863298416,0.0003,0.05159996449947357,0.0
12444.0,745.0,31.0,0.05407147482037544,0.0003,0.07515141367912292,0.0
12445.0,746.0,31.0,0.058410532772541046,0.0003,0.07910952717065811,0.0
12446.0,747.0,31.0,0.0496695414185524,0.0003,0.11308936774730682,0.0
12447.0,748.0,31.0,0.051509350538253784,0.0003,0.08970966935157776,0.0
12448.0,749.0,31.0,0.05982813984155655,0.0003,0.11457911878824234,0.0
12449.0,750.0,31.0,0.06287232041358948,0.0003,0.058663930743932724,0.0
12450.0,751.0,31.0,0.05270029604434967,0.0003,0.10356386005878448,0.0
12451.0,752.0,31.0,0.058747343719005585,0.0003,0.08426064997911453,0.0
12452.0,753.0,31.0,0.05945967510342598,0.0003,0.13336749374866486,0.0
12453.0,754.0,31.0,0.06478162109851837,0.0003,0.13919603824615479,0.0
12454.0,755.0,31.0,0.05672901123762131,0.0003,0.13860400021076202,0.0
12455.0,756.0,31.0,0.05039128288626671,0.0003,0.1648043990135193,0.0
12456.0,757.0,31.0,0.06244503706693649,0.0003,0.105059914290905,0.0
12457.0,758.0,31.0,0.06263916194438934,0.0003,0.2131318598985672,0.0
12458.0,759.0,31.0,0.06104297190904617,0.0003,0.0918881818652153,0.0
12459.0,760.0,31.0,0.0557241290807724,0.0003,0.20680087804794312,0.0
12460.0,761.0,31.0,0.06517142802476883,0.0003,0.040257565677165985,0.0
12461.0,762.0,31.0,0.05189194530248642,0.0003,0.1333293467760086,0.0
12462.0,763.0,31.0,0.05313613638281822,0.0003,0.039305903017520905,0.0
12463.0,764.0,31.0,0.0695897787809372,0.0003,0.08147580921649933,0.0
12464.0,765.0,31.0,0.06051941215991974,0.0003,0.11771631240844727,0.0
12465.0,766.0,31.0,0.06014907360076904,0.0003,0.05139779672026634,0.0
12466.0,767.0,31.0,0.06604450941085815,0.0003,0.07053374499082565,0.0
12467.0,768.0,31.0,0.05314677208662033,0.0003,0.08402245491743088,0.0
12468.0,769.0,31.0,0.05857255309820175,0.0003,0.11114749312400818,0.0
12469.0,770.0,31.0,0.06531701236963272,0.0003,0.12053938955068588,0.0
12470.0,771.0,31.0,0.06280993670225143,0.0003,0.06802011281251907,0.0
12471.0,772.0,31.0,0.068049356341362,0.0003,0.12592902779579163,0.0
12472.0,773.0,31.0,0.060107097029685974,0.0003,0.10230611264705658,0.0
12473.0,774.0,31.0,0.057046689093112946,0.0003,0.10613743960857391,0.0
12474.0,775.0,31.0,0.051094554364681244,0.0003,0.12404590845108032,0.0
12475.0,776.0,31.0,0.04409454017877579,0.0003,0.15787439048290253,0.0
12476.0,777.0,31.0,0.05659947544336319,0.0003,0.1370733678340912,0.0
12477.0,778.0,31.0,0.06216618791222572,0.0003,0.18102726340293884,0.0
12478.0,779.0,31.0,0.07839834690093994,0.0003,0.11721963435411453,0.0
12479.0,780.0,31.0,0.05629873275756836,0.0003,0.20629622042179108,0.0
12480.0,781.0,32.0,0.06257428228855133,0.0003,0.05791737884283066,0.0
12481.0,782.0,32.0,0.05487807095050812,0.0003,0.17557469010353088,0.0
12482.0,783.0,32.0,0.05281338840723038,0.0003,0.0789838582277298,0.0
12483.0,784.0,32.0,0.057208895683288574,0.0003,0.1387118697166443,0.0
12484.0,785.0,32.0,0.061218034476041794,0.0003,0.09539277851581573,0.0
12485.0,786.0,32.0,0.06071006506681442,0.0003,0.1367446780204773,0.0
12486.0,787.0,32.0,0.05652179196476936,0.0003,0.1275414377450943,0.0
12487.0,788.0,32.0,0.05082280933856964,0.0003,0.2255232334136963,0.0
12488.0,789.0,32.0,0.05727245658636093,0.0003,0.08285780996084213,0.0
12489.0,790.0,32.0,0.055594705045223236,0.0003,0.24652861058712006,0.0
12490.0,791.0,32.0,0.05865126848220825,0.0003,0.0808015987277031,0.0
12491.0,792.0,32.0,0.07855866104364395,0.0003,0.21112729609012604,0.0
12492.0,793.0,32.0,0.06273200362920761,0.0003,0.11980990320444107,0.0
12493.0,794.0,32.0,0.047817595303058624,0.0003,0.18820348381996155,0.0
12494.0,795.0,32.0,0.06102585420012474,0.0003,0.15407916903495789,0.0
12495.0,796.0,32.0,0.058563511818647385,0.0003,0.18881209194660187,0.0
12496.0,797.0,32.0,0.07532599568367004,0.0003,0.1873210221529007,0.0
12497.0,798.0,32.0,0.07028903067111969,0.0003,0.21888136863708496,0.0
12498.0,799.0,32.0,0.0604453980922699,0.0003,0.17536190152168274,0.0
12499.0,800.0,32.0,0.04809983819723129,0.0003,0.14283595979213715,0.0
12500.0,801.0,32.0,0.06837780028581619,0.0003,0.2091260701417923,0.0
12501.0,802.0,32.0,0.052520010620355606,0.0003,0.06998085975646973,0.0
12502.0,803.0,32.0,0.0673646330833435,0.0003,0.2544281482696533,0.0
12503.0,804.0,32.0,0.05480611324310303,0.0003,0.05363547429442406,0.0
12504.0,805.0,32.0,0.055560968816280365,0.0003,0.2290879487991333,0.0
12505.0,806.0,32.0,0.05710224062204361,0.0003,0.10184343159198761,0.0
12506.0,807.0,32.0,0.05696054548025131,0.0003,0.2900344133377075,0.0
12507.0,808.0,32.0,0.042748332023620605,0.0003,0.06315308064222336,0.0
12508.0,809.0,32.0,0.05884356424212456,0.0003,0.2048647701740265,0.0
12509.0,810.0,32.0,0.058045051991939545,0.0003,0.15493912994861603,0.0
12510.0,811.0,32.0,0.05659569799900055,0.0003,0.17136253416538239,0.0
12511.0,812.0,32.0,0.049773044884204865,0.0003,0.2489829808473587,0.0
12512.0,813.0,32.0,0.052541233599185944,0.0003,0.22795431315898895,0.0
12513.0,814.0,32.0,0.0560796894133091,0.0003,0.18645547330379486,0.0
12514.0,815.0,32.0,0.05268409103155136,0.0003,0.1727992743253708,0.0
12515.0,816.0,32.0,0.05863657966256142,0.0003,0.123380646109581,0.0
12516.0,817.0,32.0,0.058250341564416885,0.0003,0.09595489501953125,0.0
12517.0,818.0,32.0,0.06544748693704605,0.0003,0.15111058950424194,0.0
12518.0,819.0,32.0,0.03871194273233414,0.0003,0.05045289918780327,0.0
12519.0,820.0,32.0,0.0481351800262928,0.0003,0.17155008018016815,0.0
12520.0,821.0,32.0,0.04836919158697128,0.0003,0.03599756583571434,0.0
12521.0,822.0,32.0,0.059676386415958405,0.0003,0.14646264910697937,0.0
12522.0,823.0,32.0,0.059426285326480865,0.0003,0.07483066618442535,0.0
12523.0,824.0,32.0,0.04829249158501625,0.0003,0.155315563082695,0.0
12524.0,825.0,32.0,0.06027033179998398,0.0003,0.07116610556840897,0.0
12525.0,826.0,32.0,0.053876157850027084,0.0003,0.1086798682808876,0.0
12526.0,827.0,32.0,0.06906183063983917,0.0003,0.11675099283456802,0.0
12527.0,828.0,32.0,0.04354078322649002,0.0003,0.1062638908624649,0.0
12528.0,829.0,32.0,0.05189250037074089,0.0003,0.16046909987926483,0.0
12529.0,830.0,32.0,0.053475137799978256,0.0003,0.08230703324079514,0.0
12530.0,831.0,32.0,0.04439812898635864,0.0003,0.14312805235385895,0.0
12531.0,832.0,32.0,0.07048551738262177,0.0003,0.11930186301469803,0.0
12532.0,833.0,32.0,0.05796638876199722,0.0003,0.10947851091623306,0.0
12533.0,834.0,32.0,0.06588403880596161,0.0003,0.08546766638755798,0.0
12534.0,835.0,32.0,0.058049533516168594,0.0003,0.14386621117591858,0.0
12535.0,836.0,32.0,0.05816008895635605,0.0003,0.06760688126087189,0.0
12536.0,837.0,32.0,0.04817866533994675,0.0003,0.1622815579175949,0.0
12537.0,838.0,32.0,0.050980694591999054,0.0003,0.10380850732326508,0.0
12538.0,839.0,32.0,0.05324646830558777,0.0003,0.1857985109090805,0.0
12539.0,840.0,32.0,0.07105714082717896,0.0003,0.16267259418964386,0.0
12540.0,841.0,32.0,0.05694308876991272,0.0003,0.12403526902198792,0.0
12541.0,842.0,32.0,0.05532730370759964,0.0003,0.15211547911167145,0.0
12542.0,843.0,32.0,0.05131489783525467,0.0003,0.0914740040898323,0.0
12543.0,844.0,32.0,0.05806531012058258,0.0003,0.12439197301864624,0.0
12544.0,845.0,32.0,0.05231291800737381,0.0003,0.12403613328933716,0.0
12545.0,846.0,32.0,0.07423309981822968,0.0003,0.1851130872964859,0.0
12546.0,847.0,32.0,0.05888611078262329,0.0003,0.08795289695262909,0.0
12547.0,848.0,32.0,0.05873925983905792,0.0003,0.1173815131187439,0.0
12548.0,849.0,32.0,0.05691496282815933,0.0003,0.18663164973258972,0.0
12549.0,850.0,32.0,0.06832724064588547,0.0003,0.1128438413143158,0.0
12550.0,851.0,32.0,0.051972195506095886,0.0003,0.2427196502685547,0.0
12551.0,852.0,32.0,0.061363209038972855,0.0003,0.0707063227891922,0.0
12552.0,853.0,32.0,0.049642786383628845,0.0003,0.2171066254377365,0.0
12553.0,854.0,32.0,0.05341632291674614,0.0003,0.06792327016592026,0.0
12554.0,855.0,32.0,0.05659617483615875,0.0003,0.15326347947120667,0.0
12555.0,856.0,32.0,0.05722891911864281,0.0003,0.10181127488613129,0.0
12556.0,857.0,32.0,0.04688400402665138,0.0003,0.11916455626487732,0.0
12557.0,858.0,32.0,0.0619283989071846,0.0003,0.13674376904964447,0.0
12558.0,859.0,32.0,0.05910969898104668,0.0003,0.16531051695346832,0.0
12559.0,860.0,32.0,0.07538755238056183,0.0003,0.12345430999994278,0.0
12560.0,861.0,32.0,0.059128209948539734,0.0003,0.22533731162548065,0.0
12561.0,862.0,32.0,0.06513942778110504,0.0003,0.08761944621801376,0.0
12562.0,863.0,32.0,0.07014701515436172,0.0003,0.2417522817850113,0.0
12563.0,864.0,32.0,0.05059787258505821,0.0003,0.040215328335762024,0.0
12564.0,865.0,32.0,0.05857563763856888,0.0003,0.2275751382112503,0.0
12565.0,866.0,32.0,0.0601062998175621,0.0003,0.06533527374267578,0.0
12566.0,867.0,32.0,0.050272904336452484,0.0003,0.16598744690418243,0.0
12567.0,868.0,32.0,0.04665283113718033,0.0003,0.10933367908000946,0.0
12568.0,869.0,32.0,0.06315755844116211,0.0003,0.11713481694459915,0.0
12569.0,870.0,32.0,0.06311899423599243,0.0003,0.1665363609790802,0.0
12570.0,871.0,32.0,0.06428731977939606,0.0003,0.14322897791862488,0.0
12571.0,872.0,32.0,0.046109966933727264,0.0003,0.21279805898666382,0.0
12572.0,873.0,32.0,0.06799044460058212,0.0003,0.1140444204211235,0.0
12573.0,874.0,32.0,0.07936379313468933,0.0003,0.22623269259929657,0.0
12574.0,875.0,32.0,0.05844651535153389,0.0003,0.11900041252374649,0.0
12575.0,876.0,32.0,0.05772880092263222,0.0003,0.2378237247467041,0.0
12576.0,877.0,32.0,0.06528593599796295,0.0003,0.2301381528377533,0.0
12577.0,878.0,32.0,0.06665796041488647,0.0003,0.2167954444885254,0.0
12578.0,879.0,32.0,0.04204293340444565,0.0003,0.2235223799943924,0.0
12579.0,880.0,32.0,0.06928180158138275,0.0003,0.17300546169281006,0.0
12580.0,881.0,32.0,0.0388374999165535,0.0003,0.19240213930606842,0.0
12581.0,882.0,32.0,0.055608779191970825,0.0003,0.20841841399669647,0.0
12582.0,883.0,32.0,0.053306616842746735,0.0003,0.15820252895355225,0.0
12583.0,884.0,32.0,0.05750231817364693,0.0003,0.2870479226112366,0.0
12584.0,885.0,32.0,0.06785836070775986,0.0003,0.1440381556749344,0.0
12585.0,886.0,32.0,0.05095759406685829,0.0003,0.21504491567611694,0.0
12586.0,887.0,32.0,0.06335526704788208,0.0003,0.13848522305488586,0.0
12587.0,888.0,32.0,0.05730538070201874,0.0003,0.07007937878370285,0.0
12588.0,889.0,32.0,0.0489247590303421,0.0003,0.2590779662132263,0.0
12589.0,890.0,32.0,0.054610833525657654,0.0003,0.06891319900751114,0.0
12590.0,891.0,32.0,0.05898560956120491,0.0003,0.266688734292984,0.0
12591.0,892.0,32.0,0.03715290129184723,0.0003,0.1395864486694336,0.0
12592.0,893.0,32.0,0.050100039690732956,0.0003,0.19720280170440674,0.0
12593.0,894.0,32.0,0.058971576392650604,0.0003,0.1531629115343094,0.0
12594.0,895.0,32.0,0.05711498111486435,0.0003,0.07726830244064331,0.0
12595.0,896.0,32.0,0.05201660469174385,0.0003,0.15285953879356384,0.0
12596.0,897.0,32.0,0.04967430979013443,0.0003,0.11417826265096664,0.0
12597.0,898.0,32.0,0.05765713006258011,0.0003,0.11456514149904251,0.0
12598.0,899.0,32.0,0.05255003646016121,0.0003,0.14435842633247375,0.0
12599.0,900.0,32.0,0.06781785190105438,0.0003,0.08728457987308502,0.0
12600.0,901.0,32.0,0.062254466116428375,0.0003,0.10410799086093903,0.0
12601.0,902.0,32.0,0.05298161506652832,0.0003,0.1282019019126892,0.0
12602.0,903.0,32.0,0.05337227135896683,0.0003,0.10260730981826782,0.0
12603.0,904.0,32.0,0.05541170760989189,0.0003,0.13598030805587769,0.0
12604.0,905.0,32.0,0.05896248668432236,0.0003,0.14214631915092468,0.0
12605.0,906.0,32.0,0.0586414635181427,0.0003,0.1394178569316864,0.0
12606.0,907.0,32.0,0.06408204138278961,0.0003,0.1005995124578476,0.0
12607.0,908.0,32.0,0.05586007982492447,0.0003,0.15530870854854584,0.0
12608.0,909.0,32.0,0.06315980851650238,0.0003,0.096981942653656,0.0
12609.0,910.0,32.0,0.06119390204548836,0.0003,0.1445901244878769,0.0
12610.0,911.0,32.0,0.062098897993564606,0.0003,0.14644087851047516,0.0
12611.0,912.0,32.0,0.06057702749967575,0.0003,0.13226602971553802,0.0
12612.0,913.0,32.0,0.059990961104631424,0.0003,0.12989239394664764,0.0
12613.0,914.0,32.0,0.04773065447807312,0.0003,0.15779979526996613,0.0
12614.0,915.0,32.0,0.06761544942855835,0.0003,0.2002764493227005,0.0
12615.0,916.0,32.0,0.05302778631448746,0.0003,0.20291659235954285,0.0
12616.0,917.0,32.0,0.03907390683889389,0.0003,0.11440636962652206,0.0
12617.0,918.0,32.0,0.054932206869125366,0.0003,0.22694212198257446,0.0
12618.0,919.0,32.0,0.05645238608121872,0.0003,0.08869625627994537,0.0
12619.0,920.0,32.0,0.0669863224029541,0.0003,0.1881035417318344,0.0
12620.0,921.0,32.0,0.05792999640107155,0.0003,0.07769274711608887,0.0
12621.0,922.0,32.0,0.05283982306718826,0.0003,0.05587131157517433,0.0
12622.0,923.0,32.0,0.06696134805679321,0.0003,0.13463176786899567,0.0
12623.0,924.0,32.0,0.04695446044206619,0.0003,0.07539671659469604,0.0
12624.0,925.0,32.0,0.0480484664440155,0.0003,0.1401631236076355,0.0
12625.0,926.0,32.0,0.05860532075166702,0.0003,0.12432529777288437,0.0
12626.0,927.0,32.0,0.05336964875459671,0.0003,0.11040934175252914,0.0
12627.0,928.0,32.0,0.046379558742046356,0.0003,0.11874182522296906,0.0
12628.0,929.0,32.0,0.05867784470319748,0.0003,0.12275626510381699,0.0
12629.0,930.0,32.0,0.04142053425312042,0.0003,0.0682697519659996,0.0
12630.0,931.0,32.0,0.05303610488772392,0.0003,0.1320793330669403,0.0
12631.0,932.0,32.0,0.07639970630407333,0.0003,0.09080871194601059,0.0
12632.0,933.0,32.0,0.04996561259031296,0.0003,0.14447662234306335,0.0
12633.0,934.0,32.0,0.05132143944501877,0.0003,0.058309923857450485,0.0
12634.0,935.0,32.0,0.04894544929265976,0.0003,0.14126648008823395,0.0
12635.0,936.0,32.0,0.05601070076227188,0.0003,0.05559288337826729,0.0
12636.0,937.0,32.0,0.06041309982538223,0.0003,0.17835858464241028,0.0
12637.0,938.0,32.0,0.05501168221235275,0.0003,0.14007116854190826,0.0
12638.0,939.0,32.0,0.06564860045909882,0.0003,0.23587697744369507,0.0
12639.0,940.0,32.0,0.06095615774393082,0.0003,0.1435377150774002,0.0
12640.0,941.0,32.0,0.05520574003458023,0.0003,0.1551782339811325,0.0
12641.0,942.0,32.0,0.06205438822507858,0.0003,0.24817867577075958,0.0
12642.0,943.0,32.0,0.05829966068267822,0.0003,0.1809496432542801,0.0
12643.0,944.0,32.0,0.05159397050738335,0.0003,0.25809362530708313,0.0
12644.0,945.0,32.0,0.054732147604227066,0.0003,0.08995600789785385,0.0
12645.0,946.0,32.0,0.06403714418411255,0.0003,0.26906585693359375,0.0
12646.0,947.0,32.0,0.07679640501737595,0.0003,0.07543525099754333,0.0
12647.0,948.0,32.0,0.0465916246175766,0.0003,0.20868553221225739,0.0
12648.0,949.0,32.0,0.06112273782491684,0.0003,0.08636029809713364,0.0
12649.0,950.0,32.0,0.053979162126779556,0.0003,0.11310818791389465,0.0
12650.0,951.0,32.0,0.052718594670295715,0.0003,0.12084619700908661,0.0
12651.0,952.0,32.0,0.0542936734855175,0.0003,0.1046704649925232,0.0
12652.0,953.0,32.0,0.05708876624703407,0.0003,0.1826610267162323,0.0
12653.0,954.0,32.0,0.05881021171808243,0.0003,0.15868863463401794,0.0
12654.0,955.0,32.0,0.052624210715293884,0.0003,0.23802104592323303,0.0
12655.0,956.0,32.0,0.06556954979896545,0.0003,0.13632385432720184,0.0
12656.0,957.0,32.0,0.04344838112592697,0.0003,0.21304292976856232,0.0
12657.0,958.0,32.0,0.05867499113082886,0.0003,0.11920750886201859,0.0
12658.0,959.0,32.0,0.06643850356340408,0.0003,0.12292901426553726,0.0
12659.0,960.0,32.0,0.06018810719251633,0.0003,0.14487199485301971,0.0
12660.0,961.0,32.0,0.06315931677818298,0.0003,0.08456972241401672,0.0
12661.0,962.0,32.0,0.055690690875053406,0.0003,0.14200273156166077,0.0
12662.0,963.0,32.0,0.05904313176870346,0.0003,0.1243867427110672,0.0
12663.0,964.0,32.0,0.048048391938209534,0.0003,0.13163989782333374,0.0
12664.0,965.0,32.0,0.06304530799388885,0.0003,0.17675279080867767,0.0
12665.0,966.0,32.0,0.05861908197402954,0.0003,0.09794662892818451,0.0
12666.0,967.0,32.0,0.05044279992580414,0.0003,0.1899101734161377,0.0
12667.0,968.0,32.0,0.06628740578889847,0.0003,0.10940063744783401,0.0
12668.0,969.0,32.0,0.04449697211384773,0.0003,0.14659030735492706,0.0
12669.0,970.0,32.0,0.05533493310213089,0.0003,0.09114119410514832,0.0
12670.0,971.0,32.0,0.05015365406870842,0.0003,0.10605961084365845,0.0
12671.0,972.0,32.0,0.06352768838405609,0.0003,0.15454773604869843,0.0
12672.0,973.0,32.0,0.059004902839660645,0.0003,0.09307601302862167,0.0
12673.0,974.0,32.0,0.044251665472984314,0.0003,0.17393900454044342,0.0
12674.0,975.0,32.0,0.053129199892282486,0.0003,0.07606761157512665,0.0
12675.0,976.0,32.0,0.040929827839136124,0.0003,0.17798824608325958,0.0
12676.0,977.0,32.0,0.05617315322160721,0.0003,0.17290428280830383,0.0
12677.0,978.0,32.0,0.0542953722178936,0.0003,0.27756619453430176,0.0
12678.0,979.0,32.0,0.06226567178964615,0.0003,0.06537237018346786,0.0
12679.0,980.0,32.0,0.06914159655570984,0.0003,0.2045057862997055,0.0
12680.0,981.0,32.0,0.06674238294363022,0.0003,0.18072527647018433,0.0
12681.0,982.0,32.0,0.04865630716085434,0.0003,0.15789251029491425,0.0
12682.0,983.0,32.0,0.049963682889938354,0.0003,0.2239067256450653,0.0
12683.0,984.0,32.0,0.05560198053717613,0.0003,0.08246758580207825,0.0
12684.0,985.0,32.0,0.05496474355459213,0.0003,0.15787768363952637,0.0
12685.0,986.0,32.0,0.054582566022872925,0.0003,0.11461885273456573,0.0
12686.0,987.0,32.0,0.05727154016494751,0.0003,0.16610680520534515,0.0
12687.0,988.0,32.0,0.05709848552942276,0.0003,0.14073169231414795,0.0
12688.0,989.0,32.0,0.0599362887442112,0.0003,0.13849464058876038,0.0
12689.0,990.0,32.0,0.0571414977312088,0.0003,0.176237553358078,0.0
12690.0,991.0,32.0,0.0630744993686676,0.0003,0.06220095977187157,0.0
12691.0,992.0,32.0,0.054719194769859314,0.0003,0.18029823899269104,0.0
12692.0,993.0,32.0,0.052536286413669586,0.0003,0.05866706371307373,0.0
12693.0,994.0,32.0,0.0542757511138916,0.0003,0.11785168945789337,0.0
12694.0,995.0,32.0,0.05111398547887802,0.0003,0.13646437227725983,0.0
12695.0,996.0,32.0,0.056809160858392715,0.0003,0.10377748310565948,0.0
12696.0,997.0,32.0,0.04534832388162613,0.0003,0.15844157338142395,0.0
12697.0,998.0,32.0,0.048554591834545135,0.0003,0.13546746969223022,0.0
12698.0,999.0,32.0,0.05901092663407326,0.0003,0.15950748324394226,0.0
12699.0,1000.0,32.0,0.05624587461352348,0.0003,0.14590542018413544,0.0
12700.0,1001.0,32.0,0.05896933376789093,0.0003,0.19681896269321442,0.0
12701.0,1002.0,32.0,0.052052371203899384,0.0003,0.10782800614833832,0.0
12702.0,1003.0,32.0,0.049975477159023285,0.0003,0.12375526130199432,0.0
12703.0,1004.0,32.0,0.0646367222070694,0.0003,0.20807792246341705,0.0
12704.0,1005.0,32.0,0.05841786041855812,0.0003,0.12480361759662628,0.0
12705.0,1006.0,32.0,0.07037556916475296,0.0003,0.1425786018371582,0.0
12706.0,1007.0,32.0,0.063680000603199,0.0003,0.15409794449806213,0.0
12707.0,1008.0,32.0,0.06705669313669205,0.0003,0.10199206322431564,0.0
12708.0,1009.0,32.0,0.058550503104925156,0.0003,0.1525762379169464,0.0
12709.0,1010.0,32.0,0.05424383282661438,0.0003,0.07886366546154022,0.0
12710.0,1011.0,32.0,0.06279086321592331,0.0003,0.13859359920024872,0.0
12711.0,1012.0,32.0,0.04584736377000809,0.0003,0.08123113214969635,0.0
12712.0,1013.0,32.0,0.06348545104265213,0.0003,0.19648446142673492,0.0
12713.0,1014.0,32.0,0.0641031339764595,0.0003,0.0924980640411377,0.0
12714.0,1015.0,32.0,0.05643950402736664,0.0003,0.1353464126586914,0.0
12715.0,1016.0,32.0,0.06750434637069702,0.0003,0.14796268939971924,0.0
12716.0,1017.0,32.0,0.04905477166175842,0.0003,0.10858920216560364,0.0
12717.0,1018.0,32.0,0.05461728200316429,0.0003,0.15917392075061798,0.0
12718.0,1019.0,32.0,0.06341743469238281,0.0003,0.08838735520839691,0.0
12719.0,1020.0,32.0,0.05028926581144333,0.0003,0.14144758880138397,0.0
12720.0,1021.0,32.0,0.06364859640598297,0.0003,0.08206518739461899,0.0
12721.0,1022.0,32.0,0.06839212775230408,0.0003,0.10840073227882385,0.0
12722.0,1023.0,32.0,0.051671311259269714,0.0003,0.13722079992294312,0.0
12723.0,1024.0,32.0,0.05942685157060623,0.0003,0.08299791067838669,0.0
12724.0,1025.0,32.0,0.05384424701333046,0.0003,0.0925309881567955,0.0
12725.0,1026.0,32.0,0.05624929443001747,0.0003,0.1297191083431244,0.0
12726.0,1027.0,32.0,0.045003678649663925,0.0003,0.09866344183683395,0.0
12727.0,1028.0,32.0,0.07102134078741074,0.0003,0.09017965197563171,0.0
12728.0,1029.0,32.0,0.06842856109142303,0.0003,0.06858315318822861,0.0
12729.0,1030.0,32.0,0.05966596305370331,0.0003,0.15397055447101593,0.0
12730.0,1031.0,32.0,0.07901976257562637,0.0003,0.08381348848342896,0.0
12731.0,1032.0,32.0,0.05958743393421173,0.0003,0.15516749024391174,0.0
12732.0,1033.0,32.0,0.05194234848022461,0.0003,0.14436693489551544,0.0
12733.0,1034.0,32.0,0.06108701601624489,0.0003,0.1758335679769516,0.0
12734.0,1035.0,32.0,0.04944925755262375,0.0003,0.1937430500984192,0.0
12735.0,1036.0,32.0,0.05394815653562546,0.0003,0.22797496616840363,0.0
12736.0,1037.0,32.0,0.04189916327595711,0.0003,0.18452586233615875,0.0
12737.0,1038.0,32.0,0.06376921385526657,0.0003,0.2566782534122467,0.0
12738.0,1039.0,32.0,0.05772789567708969,0.0003,0.16028264164924622,0.0
12739.0,1040.0,32.0,0.047096967697143555,0.0003,0.15060947835445404,0.0
12740.0,1041.0,32.0,0.056571271270513535,0.0003,0.14385144412517548,0.0
12741.0,1042.0,32.0,0.04873685538768768,0.0003,0.07639371603727341,0.0
12742.0,1043.0,32.0,0.03926952928304672,0.0003,0.12726271152496338,0.0
12743.0,1044.0,32.0,0.06687929481267929,0.0003,0.11714527755975723,0.0
12744.0,1045.0,32.0,0.05151958763599396,0.0003,0.054031021893024445,0.0
12745.0,1046.0,32.0,0.06860239058732986,0.0003,0.1622515767812729,0.0
12746.0,1047.0,32.0,0.051287028938531876,0.0003,0.10940083861351013,0.0
12747.0,1048.0,32.0,0.061735160648822784,0.0003,0.08389373868703842,0.0
12748.0,1049.0,32.0,0.06198643893003464,0.0003,0.06651733815670013,0.0
12749.0,1050.0,32.0,0.054799556732177734,0.0003,0.12595999240875244,0.0
12750.0,1051.0,32.0,0.059237170964479446,0.0003,0.06670691072940826,0.0
12751.0,1052.0,32.0,0.05755026638507843,0.0003,0.07944069057703018,0.0
12752.0,1053.0,32.0,0.05644744634628296,0.0003,0.0523361973464489,0.0
12753.0,1054.0,32.0,0.05956517532467842,0.0003,0.062302689999341965,0.0
12754.0,1055.0,32.0,0.060702674090862274,0.0003,0.10684987902641296,0.0
12755.0,1056.0,32.0,0.054320111870765686,0.0003,0.04277299344539642,0.0
12756.0,1057.0,32.0,0.05608324334025383,0.0003,0.1141660138964653,0.0
12757.0,1058.0,32.0,0.05191884934902191,0.0003,0.05763815715909004,0.0
12758.0,1059.0,32.0,0.06242650747299194,0.0003,0.09366199374198914,0.0
12759.0,1060.0,32.0,0.0474250428378582,0.0003,0.06572333723306656,0.0
12760.0,1061.0,32.0,0.06787300854921341,0.0003,0.05074072629213333,0.0
12761.0,1062.0,32.0,0.047380559146404266,0.0003,0.07286714017391205,0.0
12762.0,1063.0,32.0,0.05283135920763016,0.0003,0.06701552122831345,0.0
12763.0,1064.0,32.0,0.06427070498466492,0.0003,0.09149192273616791,0.0
12764.0,1065.0,32.0,0.07513990998268127,0.0003,0.07563333958387375,0.0
12765.0,1066.0,32.0,0.05601312965154648,0.0003,0.11019056290388107,0.0
12766.0,1067.0,32.0,0.061534006148576736,0.0003,0.10532171279191971,0.0
12767.0,1068.0,32.0,0.05303945764899254,0.0003,0.09169822931289673,0.0
12768.0,1069.0,32.0,0.039856936782598495,0.0003,0.10138539969921112,0.0
12769.0,1070.0,32.0,0.057040024548769,0.0003,0.08794819563627243,0.0
12770.0,1071.0,32.0,0.05916648358106613,0.0003,0.14077258110046387,0.0
12771.0,1072.0,32.0,0.0554317869246006,0.0003,0.08047512918710709,0.0
12772.0,1073.0,32.0,0.0767049789428711,0.0003,0.13231399655342102,0.0
12773.0,1074.0,32.0,0.05099456012248993,0.0003,0.07311747968196869,0.0
12774.0,1075.0,32.0,0.051643840968608856,0.0003,0.03995247930288315,0.0
12775.0,1076.0,32.0,0.06540168076753616,0.0003,0.1435062140226364,0.0
12776.0,1077.0,32.0,0.05183268338441849,0.0003,0.041104111820459366,0.0
12777.0,1078.0,32.0,0.05629768967628479,0.0003,0.13824544847011566,0.0
12778.0,1079.0,32.0,0.07045947015285492,0.0003,0.09196737408638,0.0
12779.0,1080.0,32.0,0.06287841498851776,0.0003,0.15491169691085815,0.0
12780.0,1081.0,32.0,0.0720316544175148,0.0003,0.08421231806278229,0.0
12781.0,1082.0,32.0,0.05807292461395264,0.0003,0.14033792912960052,0.0
12782.0,1083.0,32.0,0.0501980185508728,0.0003,0.06793428212404251,0.0
12783.0,1084.0,32.0,0.04576602578163147,0.0003,0.09384338557720184,0.0
12784.0,1085.0,32.0,0.043491750955581665,0.0003,0.08977213501930237,0.0
12785.0,1086.0,32.0,0.08308039605617523,0.0003,0.10054616630077362,0.0
12786.0,1087.0,32.0,0.060110561549663544,0.0003,0.15604853630065918,0.0
12787.0,1088.0,32.0,0.05648092180490494,0.0003,0.09552405774593353,0.0
12788.0,1089.0,32.0,0.04324350506067276,0.0003,0.11106625944375992,0.0
12789.0,1090.0,32.0,0.057214491069316864,0.0003,0.07484652101993561,0.0
12790.0,1091.0,32.0,0.059287190437316895,0.0003,0.19388794898986816,0.0
12791.0,1092.0,32.0,0.05690944939851761,0.0003,0.08887682110071182,0.0
12792.0,1093.0,32.0,0.05274094641208649,0.0003,0.13244092464447021,0.0
12793.0,1094.0,32.0,0.060518473386764526,0.0003,0.12447752058506012,0.0
12794.0,1095.0,32.0,0.06237540394067764,0.0003,0.16613997519016266,0.0
12795.0,1096.0,32.0,0.04680934548377991,0.0003,0.11160790175199509,0.0
12796.0,1097.0,32.0,0.058628760278224945,0.0003,0.11991506069898605,0.0
12797.0,1098.0,32.0,0.04367111623287201,0.0003,0.09751542657613754,0.0
12798.0,1099.0,32.0,0.05542917549610138,0.0003,0.16380496323108673,0.0
12799.0,1100.0,32.0,0.06377339363098145,0.0003,0.13866864144802094,0.0
12800.0,1101.0,32.0,0.05130656436085701,0.0003,0.11346790939569473,0.0
12801.0,1102.0,32.0,0.058565616607666016,0.0003,0.19318577647209167,0.0
12802.0,1103.0,32.0,0.05392347276210785,0.0003,0.08657005429267883,0.0
12803.0,1104.0,32.0,0.05037252604961395,0.0003,0.13510450720787048,0.0
12804.0,1105.0,32.0,0.0601394958794117,0.0003,0.17193087935447693,0.0
12805.0,1106.0,32.0,0.05527355521917343,0.0003,0.1972438544034958,0.0
12806.0,1107.0,32.0,0.0614900141954422,0.0003,0.1667073518037796,0.0
12807.0,1108.0,32.0,0.05308017134666443,0.0003,0.10542601346969604,0.0
12808.0,1109.0,32.0,0.05026073753833771,0.0003,0.14194613695144653,0.0
12809.0,1110.0,32.0,0.05650625377893448,0.0003,0.11194518208503723,0.0
12810.0,1111.0,32.0,0.060133881866931915,0.0003,0.11650867015123367,0.0
12811.0,1112.0,32.0,0.06436396390199661,0.0003,0.1689489185810089,0.0
12812.0,1113.0,32.0,0.059966497123241425,0.0003,0.08389567583799362,0.0
12813.0,1114.0,32.0,0.05701734125614166,0.0003,0.17786888778209686,0.0
12814.0,1115.0,32.0,0.06167307496070862,0.0003,0.14020884037017822,0.0
12815.0,1116.0,32.0,0.06454237550497055,0.0003,0.1102086752653122,0.0
12816.0,1117.0,32.0,0.058399748057127,0.0003,0.11562081426382065,0.0
12817.0,1118.0,32.0,0.05499576777219772,0.0003,0.13648368418216705,0.0
12818.0,1119.0,32.0,0.0629957839846611,0.0003,0.1056298241019249,0.0
12819.0,1120.0,32.0,0.054685745388269424,0.0003,0.15986788272857666,0.0
12820.0,1121.0,32.0,0.06270260363817215,0.0003,0.12369393557310104,0.0
12821.0,1122.0,32.0,0.05894506722688675,0.0003,0.14043304324150085,0.0
12822.0,1123.0,32.0,0.057299818843603134,0.0003,0.09822600334882736,0.0
12823.0,1124.0,32.0,0.047446541488170624,0.0003,0.11812470108270645,0.0
12824.0,1125.0,32.0,0.04021391272544861,0.0003,0.03326297551393509,0.0
12825.0,1126.0,32.0,0.04991465061903,0.0003,0.06735682487487793,0.0
12826.0,1127.0,32.0,0.05259104073047638,0.0003,0.13662652671337128,0.0
12827.0,1128.0,32.0,0.07127054035663605,0.0003,0.0878468006849289,0.0
12828.0,1129.0,32.0,0.04959460347890854,0.0003,0.18063217401504517,0.0
12829.0,1130.0,32.0,0.05584077909588814,0.0003,0.1301579624414444,0.0
12830.0,1131.0,32.0,0.05057604983448982,0.0003,0.13347630202770233,0.0
12831.0,1132.0,32.0,0.056645285338163376,0.0003,0.06744833290576935,0.0
12832.0,1133.0,32.0,0.044285956770181656,0.0003,0.1468711793422699,0.0
12833.0,1134.0,32.0,0.04349689185619354,0.0003,0.0775069147348404,0.0
12834.0,1135.0,32.0,0.06350263953208923,0.0003,0.13920359313488007,0.0
12835.0,1136.0,32.0,0.06473408639431,0.0003,0.07143030315637589,0.0
12836.0,1137.0,32.0,0.05626855790615082,0.0003,0.11754623055458069,0.0
12837.0,1138.0,32.0,0.05694873631000519,0.0003,0.13645640015602112,0.0
12838.0,1139.0,32.0,0.05517347529530525,0.0003,0.15332208573818207,0.0
12839.0,1140.0,32.0,0.05827571451663971,0.0003,0.09439129382371902,0.0
12840.0,1141.0,32.0,0.06875047087669373,0.0003,0.14329707622528076,0.0
12841.0,1142.0,32.0,0.0638214647769928,0.0003,0.06939937174320221,0.0
12842.0,1143.0,32.0,0.06128191947937012,0.0003,0.06668730080127716,0.0
12843.0,1144.0,32.0,0.05475509166717529,0.0003,0.11433544009923935,0.0
12844.0,1145.0,32.0,0.06225170940160751,0.0003,0.08495855331420898,0.0
12845.0,1146.0,32.0,0.07473848015069962,0.0003,0.07157964259386063,0.0
12846.0,1147.0,32.0,0.052683018147945404,0.0003,0.04716408997774124,0.0
12847.0,1148.0,32.0,0.06023719906806946,0.0003,0.06076950579881668,0.0
12848.0,1149.0,32.0,0.0470898300409317,0.0003,0.0690329447388649,0.0
12849.0,1150.0,32.0,0.06089610233902931,0.0003,0.04275535047054291,0.0
12850.0,1151.0,32.0,0.053986333310604095,0.0003,0.09321098774671555,0.0
12851.0,1152.0,32.0,0.04857360199093819,0.0003,0.027156049385666847,0.0
12852.0,1153.0,32.0,0.0573020875453949,0.0003,0.09385129064321518,0.0
12853.0,1154.0,32.0,0.06285300850868225,0.0003,0.04611919820308685,0.0
12854.0,1155.0,32.0,0.05567202344536781,0.0003,0.07378175854682922,0.0
12855.0,1156.0,32.0,0.04777656868100166,0.0003,0.09197493642568588,0.0
12856.0,1157.0,32.0,0.05254662409424782,0.0003,0.11452145129442215,0.0
12857.0,1158.0,32.0,0.07251527905464172,0.0003,0.05445867031812668,0.0
12858.0,1159.0,32.0,0.053608667105436325,0.0003,0.18086203932762146,0.0
12859.0,1160.0,32.0,0.05851157382130623,0.0003,0.15542824566364288,0.0
12860.0,1161.0,32.0,0.06686882674694061,0.0003,0.13233131170272827,0.0
12861.0,1162.0,32.0,0.057333655655384064,0.0003,0.10217771679162979,0.0
12862.0,1163.0,32.0,0.04881872236728668,0.0003,0.07221686094999313,0.0
12863.0,1164.0,32.0,0.06352652609348297,0.0003,0.11304161697626114,0.0
12864.0,1165.0,32.0,0.07067461311817169,0.0003,0.15332922339439392,0.0
12865.0,1166.0,32.0,0.05301886424422264,0.0003,0.15520857274532318,0.0
12866.0,1167.0,32.0,0.07506111264228821,0.0003,0.16838553547859192,0.0
12867.0,1168.0,32.0,0.05741218477487564,0.0003,0.12027052044868469,0.0
12868.0,1169.0,32.0,0.0706230103969574,0.0003,0.19141504168510437,0.0
12869.0,1170.0,32.0,0.05465221405029297,0.0003,0.10369373857975006,0.0
12870.0,1171.0,33.0,0.06814919412136078,0.0003,0.15656884014606476,0.0
12871.0,1172.0,33.0,0.05752032622694969,0.0003,0.19795602560043335,0.0
12872.0,1173.0,33.0,0.069541335105896,0.0003,0.0525190569460392,0.0
12873.0,1174.0,33.0,0.05880763381719589,0.0003,0.25294730067253113,0.0
12874.0,1175.0,33.0,0.053182102739810944,0.0003,0.13319085538387299,0.0
12875.0,1176.0,33.0,0.05522094666957855,0.0003,0.293364554643631,0.0
12876.0,1177.0,33.0,0.07079431414604187,0.0003,0.2434738725423813,0.0
12877.0,1178.0,33.0,0.05567318946123123,0.0003,0.2126157283782959,0.0
12878.0,1179.0,33.0,0.05804232880473137,0.0003,0.265905499458313,0.0
12879.0,1180.0,33.0,0.07461877167224884,0.0003,0.12556816637516022,0.0
12880.0,1181.0,33.0,0.0501248724758625,0.0003,0.29267364740371704,0.0
12881.0,1182.0,33.0,0.06253526359796524,0.0003,0.1853819638490677,0.0
12882.0,1183.0,33.0,0.04646699130535126,0.0003,0.22582310438156128,0.0
12883.0,1184.0,33.0,0.05438559874892235,0.0003,0.24254156649112701,0.0
12884.0,1185.0,33.0,0.05569104477763176,0.0003,0.1237298846244812,0.0
12885.0,1186.0,33.0,0.0552736297249794,0.0003,0.24230580031871796,0.0
12886.0,1187.0,33.0,0.049749311059713364,0.0003,0.17223691940307617,0.0
12887.0,1188.0,33.0,0.05384432524442673,0.0003,0.1610850691795349,0.0
12888.0,1189.0,33.0,0.06146779656410217,0.0003,0.2162451446056366,0.0
12889.0,1190.0,33.0,0.049547456204891205,0.0003,0.14291660487651825,0.0
12890.0,1191.0,33.0,0.04979913681745529,0.0003,0.11908292025327682,0.0
12891.0,1192.0,33.0,0.053201377391815186,0.0003,0.17890073359012604,0.0
12892.0,1193.0,33.0,0.057314641773700714,0.0003,0.08479800075292587,0.0
12893.0,1194.0,33.0,0.05423299968242645,0.0003,0.13785377144813538,0.0
12894.0,1195.0,33.0,0.045761480927467346,0.0003,0.1034010648727417,0.0
12895.0,1196.0,33.0,0.05584719777107239,0.0003,0.21551357209682465,0.0
12896.0,1197.0,33.0,0.059572454541921616,0.0003,0.12386563420295715,0.0
12897.0,1198.0,33.0,0.059495437890291214,0.0003,0.077291339635849,0.0
12898.0,1199.0,33.0,0.056628238409757614,0.0003,0.2417585700750351,0.0
12899.0,1200.0,33.0,0.06294398009777069,0.0003,0.09142713993787766,0.0
12900.0,1201.0,33.0,0.07328933477401733,0.0003,0.24030493199825287,0.0
12901.0,1202.0,33.0,0.04889561980962753,0.0003,0.16040557622909546,0.0
12902.0,1203.0,33.0,0.05501740425825119,0.0003,0.212111696600914,0.0
12903.0,1204.0,33.0,0.05981242284178734,0.0003,0.2180905044078827,0.0
12904.0,1205.0,33.0,0.04670967906713486,0.0003,0.1998865157365799,0.0
12905.0,1206.0,33.0,0.05906791239976883,0.0003,0.190926656126976,0.0
12906.0,1207.0,33.0,0.06568847596645355,0.0003,0.06972142308950424,0.0
12907.0,1208.0,33.0,0.04317532479763031,0.0003,0.21029333770275116,0.0
12908.0,1209.0,33.0,0.05186911299824715,0.0003,0.08711357414722443,0.0
12909.0,1210.0,33.0,0.06670680642127991,0.0003,0.21814055740833282,0.0
12910.0,1211.0,33.0,0.05960262194275856,0.0003,0.09709333628416061,0.0
12911.0,1212.0,33.0,0.06560777127742767,0.0003,0.2638973891735077,0.0
12912.0,1213.0,33.0,0.05656752735376358,0.0003,0.1126333475112915,0.0
12913.0,1214.0,33.0,0.04332823306322098,0.0003,0.2571783661842346,0.0
12914.0,1215.0,33.0,0.05432746559381485,0.0003,0.13780581951141357,0.0
12915.0,1216.0,33.0,0.05946663022041321,0.0003,0.1828729510307312,0.0
12916.0,1217.0,33.0,0.04785687476396561,0.0003,0.2435508668422699,0.0
12917.0,1218.0,33.0,0.05688446760177612,0.0003,0.16532617807388306,0.0
12918.0,1219.0,33.0,0.07796964049339294,0.0003,0.33016663789749146,0.0
12919.0,1220.0,33.0,0.058455921709537506,0.0003,0.10727569460868835,0.0
12920.0,1221.0,33.0,0.05097966641187668,0.0003,0.28761714696884155,0.0
12921.0,1222.0,33.0,0.055725328624248505,0.0003,0.09109199792146683,0.0
12922.0,1223.0,33.0,0.050846587866544724,0.0003,0.22870320081710815,0.0
12923.0,1224.0,33.0,0.041655801236629486,0.0003,0.14857828617095947,0.0
12924.0,1225.0,33.0,0.06623228639364243,0.0003,0.0953603982925415,0.0
12925.0,1226.0,33.0,0.0480971559882164,0.0003,0.14896050095558167,0.0
12926.0,1227.0,33.0,0.053424492478370667,0.0003,0.06734499335289001,0.0
12927.0,1228.0,33.0,0.05712504684925079,0.0003,0.1305321902036667,0.0
12928.0,1229.0,33.0,0.049393877387046814,0.0003,0.10383755713701248,0.0
12929.0,1230.0,33.0,0.06686902046203613,0.0003,0.09928378462791443,0.0
12930.0,1231.0,33.0,0.05018754303455353,0.0003,0.07291263341903687,0.0
12931.0,1232.0,33.0,0.06877686083316803,0.0003,0.07462221384048462,0.0
12932.0,1233.0,33.0,0.05937144160270691,0.0003,0.052630599588155746,0.0
12933.0,1234.0,33.0,0.04519359767436981,0.0003,0.10338690131902695,0.0
12934.0,1235.0,33.0,0.05628371983766556,0.0003,0.07486411929130554,0.0
12935.0,1236.0,33.0,0.05909602344036102,0.0003,0.14193734526634216,0.0
12936.0,1237.0,33.0,0.049483831971883774,0.0003,0.12804077565670013,0.0
12937.0,1238.0,33.0,0.055572375655174255,0.0003,0.12686404585838318,0.0
12938.0,1239.0,33.0,0.07212865352630615,0.0003,0.17158572375774384,0.0
12939.0,1240.0,33.0,0.05733752250671387,0.0003,0.09453795105218887,0.0
12940.0,1241.0,33.0,0.0624379962682724,0.0003,0.12708769738674164,0.0
12941.0,1242.0,33.0,0.05382746830582619,0.0003,0.0950068011879921,0.0
12942.0,1243.0,33.0,0.05875316262245178,0.0003,0.0496707484126091,0.0
12943.0,1244.0,33.0,0.06302255392074585,0.0003,0.09345699101686478,0.0
12944.0,1245.0,33.0,0.051048263907432556,0.0003,0.08206924051046371,0.0
12945.0,1246.0,33.0,0.04920687526464462,0.0003,0.14811770617961884,0.0
12946.0,1247.0,33.0,0.054607637226581573,0.0003,0.13576219975948334,0.0
12947.0,1248.0,33.0,0.05590866133570671,0.0003,0.11773120611906052,0.0
12948.0,1249.0,33.0,0.055181797593832016,0.0003,0.14640206098556519,0.0
12949.0,1250.0,33.0,0.05831719562411308,0.0003,0.04875743016600609,0.0
12950.0,1251.0,33.0,0.058391399681568146,0.0003,0.16341742873191833,0.0
12951.0,1252.0,33.0,0.06333595514297485,0.0003,0.06160698086023331,0.0
12952.0,1253.0,33.0,0.054408278316259384,0.0003,0.13994692265987396,0.0
12953.0,1254.0,33.0,0.051133111119270325,0.0003,0.10721560567617416,0.0
12954.0,1255.0,33.0,0.06650252640247345,0.0003,0.12048690021038055,0.0
12955.0,1256.0,33.0,0.05695692449808121,0.0003,0.15372724831104279,0.0
12956.0,1257.0,33.0,0.06589347124099731,0.0003,0.10329008102416992,0.0
12957.0,1258.0,33.0,0.052487559616565704,0.0003,0.16743482649326324,0.0
12958.0,1259.0,33.0,0.05491844192147255,0.0003,0.18763414025306702,0.0
12959.0,1260.0,33.0,0.059129565954208374,0.0003,0.28099963068962097,0.0
12960.0,1261.0,33.0,0.04493389651179314,0.0003,0.15816068649291992,0.0
12961.0,1262.0,33.0,0.04946622997522354,0.0003,0.22432321310043335,0.0
12962.0,1263.0,33.0,0.05416543781757355,0.0003,0.1644958257675171,0.0
12963.0,1264.0,33.0,0.04513974115252495,0.0003,0.11047256737947464,0.0
12964.0,1265.0,33.0,0.0598759725689888,0.0003,0.2259402722120285,0.0
12965.0,1266.0,33.0,0.08119796216487885,0.0003,0.10007774084806442,0.0
12966.0,1267.0,33.0,0.05354542285203934,0.0003,0.15293240547180176,0.0
12967.0,1268.0,33.0,0.05288492143154144,0.0003,0.03906219080090523,0.0
12968.0,1269.0,33.0,0.0724007859826088,0.0003,0.14850488305091858,0.0
12969.0,1270.0,33.0,0.06097771227359772,0.0003,0.0898868516087532,0.0
12970.0,1271.0,33.0,0.05906139314174652,0.0003,0.0974341332912445,0.0
12971.0,1272.0,33.0,0.05999622121453285,0.0003,0.13018521666526794,0.0
12972.0,1273.0,33.0,0.0527668371796608,0.0003,0.08661370724439621,0.0
12973.0,1274.0,33.0,0.054471999406814575,0.0003,0.16917896270751953,0.0
12974.0,1275.0,33.0,0.05096839740872383,0.0003,0.05087176337838173,0.0
12975.0,1276.0,33.0,0.05784156545996666,0.0003,0.12263279408216476,0.0
12976.0,1277.0,33.0,0.050615523010492325,0.0003,0.053670868277549744,0.0
12977.0,1278.0,33.0,0.05357995629310608,0.0003,0.14739857614040375,0.0
12978.0,1279.0,33.0,0.05417080223560333,0.0003,0.0517556294798851,0.0
12979.0,1280.0,33.0,0.05953056365251541,0.0003,0.10131527483463287,0.0
12980.0,1281.0,33.0,0.04445675387978554,0.0003,0.047675758600234985,0.0
12981.0,1282.0,33.0,0.05402689427137375,0.0003,0.04901580885052681,0.0
12982.0,1283.0,33.0,0.05210484564304352,0.0003,0.058183711022138596,0.0
12983.0,1284.0,33.0,0.05050119385123253,0.0003,0.05383646488189697,0.0
12984.0,1285.0,33.0,0.049695029854774475,0.0003,0.07161185890436172,0.0
12985.0,1286.0,33.0,0.052964095026254654,0.0003,0.06642432510852814,0.0
12986.0,1287.0,33.0,0.05816591903567314,0.0003,0.07514742016792297,0.0
12987.0,1288.0,33.0,0.05803496390581131,0.0003,0.04815971106290817,0.0
12988.0,1289.0,33.0,0.05299227684736252,0.0003,0.04226724058389664,0.0
12989.0,1290.0,33.0,0.046563856303691864,0.0003,0.05495881289243698,0.0
12990.0,1291.0,33.0,0.05352598428726196,0.0003,0.11598332971334457,0.0
12991.0,1292.0,33.0,0.05326586961746216,0.0003,0.1246441900730133,0.0
12992.0,1293.0,33.0,0.04571886360645294,0.0003,0.11382830142974854,0.0
12993.0,1294.0,33.0,0.06369609385728836,0.0003,0.053629495203495026,0.0
12994.0,1295.0,33.0,0.058347396552562714,0.0003,0.11337094008922577,0.0
12995.0,1296.0,33.0,0.05981476232409477,0.0003,0.1574910432100296,0.0
12996.0,1297.0,33.0,0.055294252932071686,0.0003,0.13508297502994537,0.0
12997.0,1298.0,33.0,0.0556330606341362,0.0003,0.1409827023744583,0.0
12998.0,1299.0,33.0,0.05325484275817871,0.0003,0.1506236493587494,0.0
12999.0,1300.0,33.0,0.05108797550201416,0.0003,0.15949995815753937,0.0
13000.0,1301.0,33.0,0.07976733893156052,0.0003,0.11594520509243011,0.0
13001.0,1302.0,33.0,0.06129811704158783,0.0003,0.1416178196668625,0.0
13002.0,1303.0,33.0,0.07012134790420532,0.0003,0.13438484072685242,0.0
13003.0,1304.0,33.0,0.06227760761976242,0.0003,0.1250855177640915,0.0
13004.0,1305.0,33.0,0.06020236015319824,0.0003,0.12798205018043518,0.0
13005.0,1306.0,33.0,0.04411434382200241,0.0003,0.07475153356790543,0.0
13006.0,1307.0,33.0,0.04238348454236984,0.0003,0.18046224117279053,0.0
13007.0,1308.0,33.0,0.04487381875514984,0.0003,0.08961249887943268,0.0
13008.0,1309.0,33.0,0.056525833904743195,0.0003,0.17346936464309692,0.0
13009.0,1310.0,33.0,0.06413832306861877,0.0003,0.030132299289107323,0.0
13010.0,1311.0,33.0,0.0578342080116272,0.0003,0.21584056317806244,0.0
13011.0,1312.0,33.0,0.06235708296298981,0.0003,0.07182314246892929,0.0
13012.0,1313.0,33.0,0.05272163450717926,0.0003,0.19939939677715302,0.0
13013.0,1314.0,33.0,0.05190705135464668,0.0003,0.06469409912824631,0.0
13014.0,1315.0,33.0,0.05413038283586502,0.0003,0.17479196190834045,0.0
13015.0,1316.0,33.0,0.060780663043260574,0.0003,0.1179954782128334,0.0
13016.0,1317.0,33.0,0.05850166454911232,0.0003,0.11383187025785446,0.0
13017.0,1318.0,33.0,0.06309571862220764,0.0003,0.17538924515247345,0.0
13018.0,1319.0,33.0,0.06260159611701965,0.0003,0.11170447617769241,0.0
13019.0,1320.0,33.0,0.05582097917795181,0.0003,0.18134362995624542,0.0
13020.0,1321.0,33.0,0.04978170245885849,0.0003,0.033932626247406006,0.0
13021.0,1322.0,33.0,0.06987127661705017,0.0003,0.19394800066947937,0.0
13022.0,1323.0,33.0,0.04696090519428253,0.0003,0.1276092827320099,0.0
13023.0,1324.0,33.0,0.06016949936747551,0.0003,0.2078428417444229,0.0
13024.0,1325.0,33.0,0.045283857733011246,0.0003,0.17217113077640533,0.0
13025.0,1326.0,33.0,0.05232321098446846,0.0003,0.08422212302684784,0.0
13026.0,1327.0,33.0,0.05516032129526138,0.0003,0.2005888670682907,0.0
13027.0,1328.0,33.0,0.05561181530356407,0.0003,0.14947837591171265,0.0
13028.0,1329.0,33.0,0.06127617135643959,0.0003,0.18928101658821106,0.0
13029.0,1330.0,33.0,0.04438963904976845,0.0003,0.18041285872459412,0.0
13030.0,1331.0,33.0,0.058789923787117004,0.0003,0.07216930389404297,0.0
13031.0,1332.0,33.0,0.043876565992832184,0.0003,0.18003633618354797,0.0
13032.0,1333.0,33.0,0.062472112476825714,0.0003,0.13975116610527039,0.0
13033.0,1334.0,33.0,0.06176425516605377,0.0003,0.08043457567691803,0.0
13034.0,1335.0,33.0,0.06236119568347931,0.0003,0.25508764386177063,0.0
13035.0,1336.0,33.0,0.05513574928045273,0.0003,0.047916434705257416,0.0
13036.0,1337.0,33.0,0.05282003805041313,0.0003,0.2507013976573944,0.0
13037.0,1338.0,33.0,0.055707897990942,0.0003,0.19039113819599152,0.0
13038.0,1339.0,33.0,0.06300777196884155,0.0003,0.2448185384273529,0.0
13039.0,1340.0,33.0,0.03991281986236572,0.0003,0.22538511455059052,0.0
13040.0,1341.0,33.0,0.051526859402656555,0.0003,0.13678526878356934,0.0
13041.0,1342.0,33.0,0.05629551783204079,0.0003,0.2242613136768341,0.0
13042.0,1343.0,33.0,0.0513518825173378,0.0003,0.1343136578798294,0.0
13043.0,1344.0,33.0,0.05900244414806366,0.0003,0.2456796020269394,0.0
13044.0,1345.0,33.0,0.052163928747177124,0.0003,0.1477370709180832,0.0
13045.0,1346.0,33.0,0.05348558723926544,0.0003,0.1330355703830719,0.0
13046.0,1347.0,33.0,0.050641272217035294,0.0003,0.1665966808795929,0.0
13047.0,1348.0,33.0,0.0609687939286232,0.0003,0.12478507310152054,0.0
13048.0,1349.0,33.0,0.06202467158436775,0.0003,0.17972999811172485,0.0
13049.0,1350.0,33.0,0.052417077124118805,0.0003,0.1678696870803833,0.0
13050.0,1351.0,33.0,0.05546506121754646,0.0003,0.1547704041004181,0.0
13051.0,1352.0,33.0,0.07108163833618164,0.0003,0.2344004064798355,0.0
13052.0,1353.0,33.0,0.05126362293958664,0.0003,0.09959174692630768,0.0
13053.0,1354.0,33.0,0.06392262876033783,0.0003,0.25558629631996155,0.0
13054.0,1355.0,33.0,0.06701116263866425,0.0003,0.07319048792123795,0.0
13055.0,1356.0,33.0,0.05455559492111206,0.0003,0.10081606358289719,0.0
13056.0,1357.0,33.0,0.06118374317884445,0.0003,0.08909641206264496,0.0
13057.0,1358.0,33.0,0.04736153781414032,0.0003,0.11958261579275131,0.0
13058.0,1359.0,33.0,0.05581030994653702,0.0003,0.1366618126630783,0.0
13059.0,1360.0,33.0,0.06066123768687248,0.0003,0.18808849155902863,0.0
13060.0,1361.0,33.0,0.054774925112724304,0.0003,0.09017439931631088,0.0
13061.0,1362.0,33.0,0.05443459004163742,0.0003,0.1685580611228943,0.0
13062.0,1363.0,33.0,0.08160274475812912,0.0003,0.109615758061409,0.0
13063.0,1364.0,33.0,0.05116517096757889,0.0003,0.11828978359699249,0.0
13064.0,1365.0,33.0,0.043012604117393494,0.0003,0.08093120902776718,0.0
13065.0,1366.0,33.0,0.046350136399269104,0.0003,0.11758484691381454,0.0
13066.0,1367.0,33.0,0.053639788180589676,0.0003,0.04106765240430832,0.0
13067.0,1368.0,33.0,0.06269647181034088,0.0003,0.08460765331983566,0.0
13068.0,1369.0,33.0,0.04987902194261551,0.0003,0.08235589414834976,0.0
13069.0,1370.0,33.0,0.061148159205913544,0.0003,0.09502103924751282,0.0
13070.0,1371.0,33.0,0.05411132425069809,0.0003,0.14501777291297913,0.0
13071.0,1372.0,33.0,0.053515221923589706,0.0003,0.11181052774190903,0.0
13072.0,1373.0,33.0,0.05163329839706421,0.0003,0.15743768215179443,0.0
13073.0,1374.0,33.0,0.05742788314819336,0.0003,0.15220998227596283,0.0
13074.0,1375.0,33.0,0.04671233892440796,0.0003,0.21272516250610352,0.0
13075.0,1376.0,33.0,0.05526018142700195,0.0003,0.1876576989889145,0.0
13076.0,1377.0,33.0,0.05875161290168762,0.0003,0.18640966713428497,0.0
13077.0,1378.0,33.0,0.06640765815973282,0.0003,0.224815234541893,0.0
13078.0,1379.0,33.0,0.04555482789874077,0.0003,0.1415216028690338,0.0
13079.0,1380.0,33.0,0.058926451951265335,0.0003,0.2741234302520752,0.0
13080.0,1381.0,33.0,0.058676958084106445,0.0003,0.17072954773902893,0.0
13081.0,1382.0,33.0,0.06839561462402344,0.0003,0.21966272592544556,0.0
13082.0,1383.0,33.0,0.07417547702789307,0.0003,0.1693415641784668,0.0
13083.0,1384.0,33.0,0.06515656411647797,0.0003,0.11425530165433884,0.0
13084.0,1385.0,33.0,0.056586854159832,0.0003,0.1774335503578186,0.0
13085.0,1386.0,33.0,0.04999323561787605,0.0003,0.14666374027729034,0.0
13086.0,1387.0,33.0,0.058586910367012024,0.0003,0.16840709745883942,0.0
13087.0,1388.0,33.0,0.055586397647857666,0.0003,0.20983396470546722,0.0
13088.0,1389.0,33.0,0.058997489511966705,0.0003,0.09603496640920639,0.0
13089.0,1390.0,33.0,0.062142156064510345,0.0003,0.19449160993099213,0.0
13090.0,1391.0,33.0,0.056289173662662506,0.0003,0.07203998416662216,0.0
13091.0,1392.0,33.0,0.05425218865275383,0.0003,0.15750651061534882,0.0
13092.0,1393.0,33.0,0.05330682173371315,0.0003,0.15013207495212555,0.0
13093.0,1394.0,33.0,0.06468963623046875,0.0003,0.06898568570613861,0.0
13094.0,1395.0,33.0,0.0662398487329483,0.0003,0.18998171389102936,0.0
13095.0,1396.0,33.0,0.06890197843313217,0.0003,0.08448433876037598,0.0
13096.0,1397.0,33.0,0.04827975854277611,0.0003,0.17880260944366455,0.0
13097.0,1398.0,33.0,0.05374663695693016,0.0003,0.10430075228214264,0.0
13098.0,1399.0,33.0,0.05004317685961723,0.0003,0.12314839661121368,0.0
13099.0,1400.0,33.0,0.046177685260772705,0.0003,0.09148293733596802,0.0
13100.0,1401.0,33.0,0.05539426580071449,0.0003,0.14758436381816864,0.0
13101.0,1402.0,33.0,0.05367129296064377,0.0003,0.10171808302402496,0.0
13102.0,1403.0,33.0,0.045904166996479034,0.0003,0.10019294917583466,0.0
13103.0,1404.0,33.0,0.05172836408019066,0.0003,0.08342477679252625,0.0
13104.0,1405.0,33.0,0.05693276971578598,0.0003,0.07786347717046738,0.0
13105.0,1406.0,33.0,0.05999857932329178,0.0003,0.06631012260913849,0.0
13106.0,1407.0,33.0,0.06814108788967133,0.0003,0.10215836763381958,0.0
13107.0,1408.0,33.0,0.04938574135303497,0.0003,0.07061998546123505,0.0
13108.0,1409.0,33.0,0.05410629138350487,0.0003,0.07020710408687592,0.0
13109.0,1410.0,33.0,0.06171153485774994,0.0003,0.10523038357496262,0.0
13110.0,1411.0,33.0,0.06509651988744736,0.0003,0.05850915610790253,0.0
13111.0,1412.0,33.0,0.06722516566514969,0.0003,0.13107775151729584,0.0
13112.0,1413.0,33.0,0.05862267687916756,0.0003,0.06854717433452606,0.0
13113.0,1414.0,33.0,0.05207400023937225,0.0003,0.08527176082134247,0.0
13114.0,1415.0,33.0,0.05510609224438667,0.0003,0.11114799231290817,0.0
13115.0,1416.0,33.0,0.07843561470508575,0.0003,0.08543353527784348,0.0
13116.0,1417.0,33.0,0.05217403173446655,0.0003,0.11505495011806488,0.0
13117.0,1418.0,33.0,0.06034782528877258,0.0003,0.08512803912162781,0.0
13118.0,1419.0,33.0,0.05970638617873192,0.0003,0.1221838891506195,0.0
13119.0,1420.0,33.0,0.060720738023519516,0.0003,0.07527195662260056,0.0
13120.0,1421.0,33.0,0.059420693665742874,0.0003,0.20109133422374725,0.0
13121.0,1422.0,33.0,0.045917000621557236,0.0003,0.09047283977270126,0.0
13122.0,1423.0,33.0,0.04886883497238159,0.0003,0.20989708602428436,0.0
13123.0,1424.0,33.0,0.05968426167964935,0.0003,0.1429707109928131,0.0
13124.0,1425.0,33.0,0.0427422821521759,0.0003,0.19227464497089386,0.0
13125.0,1426.0,33.0,0.047096479684114456,0.0003,0.11707284301519394,0.0
13126.0,1427.0,33.0,0.06136947125196457,0.0003,0.20303881168365479,0.0
13127.0,1428.0,33.0,0.05885694548487663,0.0003,0.1007910892367363,0.0
13128.0,1429.0,33.0,0.058692172169685364,0.0003,0.21220014989376068,0.0
13129.0,1430.0,33.0,0.05339720472693443,0.0003,0.11043055355548859,0.0
13130.0,1431.0,33.0,0.047635387629270554,0.0003,0.20979011058807373,0.0
13131.0,1432.0,33.0,0.054476723074913025,0.0003,0.11014291644096375,0.0
13132.0,1433.0,33.0,0.05829158425331116,0.0003,0.15602298080921173,0.0
13133.0,1434.0,33.0,0.04558885842561722,0.0003,0.06963244825601578,0.0
13134.0,1435.0,33.0,0.054917801171541214,0.0003,0.20161072909832,0.0
13135.0,1436.0,33.0,0.052165329456329346,0.0003,0.099433034658432,0.0
13136.0,1437.0,33.0,0.061218660324811935,0.0003,0.1542479693889618,0.0
13137.0,1438.0,33.0,0.0695933848619461,0.0003,0.13184602558612823,0.0
13138.0,1439.0,33.0,0.07029607146978378,0.0003,0.09172095358371735,0.0
13139.0,1440.0,33.0,0.045753538608551025,0.0003,0.25751030445098877,0.0
13140.0,1441.0,33.0,0.06229861080646515,0.0003,0.04515235126018524,0.0
13141.0,1442.0,33.0,0.062286462634801865,0.0003,0.26886096596717834,0.0
13142.0,1443.0,33.0,0.0537090077996254,0.0003,0.16138118505477905,0.0
13143.0,1444.0,33.0,0.05945900082588196,0.0003,0.16986115276813507,0.0
13144.0,1445.0,33.0,0.05689377337694168,0.0003,0.21143914759159088,0.0
13145.0,1446.0,33.0,0.05795520544052124,0.0003,0.09405296295881271,0.0
13146.0,1447.0,33.0,0.06982117146253586,0.0003,0.20868560671806335,0.0
13147.0,1448.0,33.0,0.05570671707391739,0.0003,0.16084201633930206,0.0
13148.0,1449.0,33.0,0.06620229780673981,0.0003,0.034963738173246384,0.0
13149.0,1450.0,33.0,0.06024308130145073,0.0003,0.205825075507164,0.0
13150.0,1451.0,33.0,0.05438496917486191,0.0003,0.11975403130054474,0.0
13151.0,1452.0,33.0,0.05935715138912201,0.0003,0.15346240997314453,0.0
13152.0,1453.0,33.0,0.06191341578960419,0.0003,0.16181035339832306,0.0
13153.0,1454.0,33.0,0.06234461069107056,0.0003,0.09634518623352051,0.0
13154.0,1455.0,33.0,0.05646710842847824,0.0003,0.13889415562152863,0.0
13155.0,1456.0,33.0,0.060426656156778336,0.0003,0.11251557618379593,0.0
13156.0,1457.0,33.0,0.05540008842945099,0.0003,0.06738128513097763,0.0
13157.0,1458.0,33.0,0.04664201661944389,0.0003,0.1455589234828949,0.0
13158.0,1459.0,33.0,0.049781434237957,0.0003,0.06921868771314621,0.0
13159.0,1460.0,33.0,0.0590849295258522,0.0003,0.1548006534576416,0.0
13160.0,1461.0,33.0,0.0651870146393776,0.0003,0.09787330031394958,0.0
13161.0,1462.0,33.0,0.048600032925605774,0.0003,0.18677490949630737,0.0
13162.0,1463.0,33.0,0.056882843375205994,0.0003,0.07956240326166153,0.0
13163.0,1464.0,33.0,0.056053899228572845,0.0003,0.1569366157054901,0.0
13164.0,1465.0,33.0,0.05584067478775978,0.0003,0.09356122463941574,0.0
13165.0,1466.0,33.0,0.060838550329208374,0.0003,0.06539110839366913,0.0
13166.0,1467.0,33.0,0.05391527712345123,0.0003,0.14141066372394562,0.0
13167.0,1468.0,33.0,0.0630546510219574,0.0003,0.04621302708983421,0.0
13168.0,1469.0,33.0,0.046196091920137405,0.0003,0.17697271704673767,0.0
13169.0,1470.0,33.0,0.0558277890086174,0.0003,0.08553969115018845,0.0
13170.0,1471.0,33.0,0.06740525364875793,0.0003,0.13527029752731323,0.0
13171.0,1472.0,33.0,0.04909586161375046,0.0003,0.1404210925102234,0.0
13172.0,1473.0,33.0,0.061026737093925476,0.0003,0.07789971679449081,0.0
13173.0,1474.0,33.0,0.054547350853681564,0.0003,0.207247793674469,0.0
13174.0,1475.0,33.0,0.0719679743051529,0.0003,0.07224181294441223,0.0
13175.0,1476.0,33.0,0.06612613052129745,0.0003,0.19602857530117035,0.0
13176.0,1477.0,33.0,0.06057741120457649,0.0003,0.1099056601524353,0.0
13177.0,1478.0,33.0,0.05544842779636383,0.0003,0.08036263287067413,0.0
13178.0,1479.0,33.0,0.0698770135641098,0.0003,0.1514473408460617,0.0
13179.0,1480.0,33.0,0.0538083091378212,0.0003,0.11976299434900284,0.0
13180.0,1481.0,33.0,0.05436643213033676,0.0003,0.14842797815799713,0.0
13181.0,1482.0,33.0,0.05271511152386665,0.0003,0.17571566998958588,0.0
13182.0,1483.0,33.0,0.062361933290958405,0.0003,0.1405089795589447,0.0
13183.0,1484.0,33.0,0.05880092829465866,0.0003,0.14559684693813324,0.0
13184.0,1485.0,33.0,0.0712975412607193,0.0003,0.1424453854560852,0.0
13185.0,1486.0,33.0,0.06067975237965584,0.0003,0.06575483083724976,0.0
13186.0,1487.0,33.0,0.05395805835723877,0.0003,0.14818762242794037,0.0
13187.0,1488.0,33.0,0.057290684431791306,0.0003,0.08558040857315063,0.0
13188.0,1489.0,33.0,0.06129445880651474,0.0003,0.17425701022148132,0.0
13189.0,1490.0,33.0,0.04669083282351494,0.0003,0.054827794432640076,0.0
13190.0,1491.0,33.0,0.05289851501584053,0.0003,0.07710959762334824,0.0
13191.0,1492.0,33.0,0.04717187583446503,0.0003,0.05599844455718994,0.0
13192.0,1493.0,33.0,0.06830240786075592,0.0003,0.0605393685400486,0.0
13193.0,1494.0,33.0,0.06100015714764595,0.0003,0.08038383722305298,0.0
13194.0,1495.0,33.0,0.06589154899120331,0.0003,0.11484690010547638,0.0
13195.0,1496.0,33.0,0.055833518505096436,0.0003,0.1290791928768158,0.0
13196.0,1497.0,33.0,0.06059844046831131,0.0003,0.11289015412330627,0.0
13197.0,1498.0,33.0,0.05096175894141197,0.0003,0.06585651636123657,0.0
13198.0,1499.0,33.0,0.05408293753862381,0.0003,0.10871399194002151,0.0
13199.0,1500.0,33.0,0.060689814388751984,0.0003,0.15437234938144684,0.0
13200.0,1501.0,33.0,0.05668758600950241,0.0003,0.09808985888957977,0.0
13201.0,1502.0,33.0,0.06784293055534363,0.0003,0.1691172868013382,0.0
13202.0,1503.0,33.0,0.04680608958005905,0.0003,0.042721185833215714,0.0
13203.0,1504.0,33.0,0.052449289709329605,0.0003,0.1443118453025818,0.0
13204.0,1505.0,33.0,0.0577240064740181,0.0003,0.09306894987821579,0.0
13205.0,1506.0,33.0,0.05896266549825668,0.0003,0.161751389503479,0.0
13206.0,1507.0,33.0,0.04880888760089874,0.0003,0.09387166798114777,0.0
13207.0,1508.0,33.0,0.07086552679538727,0.0003,0.12804408371448517,0.0
13208.0,1509.0,33.0,0.04540557414293289,0.0003,0.10113772004842758,0.0
13209.0,1510.0,33.0,0.06097984313964844,0.0003,0.171698197722435,0.0
13210.0,1511.0,33.0,0.06325913965702057,0.0003,0.07949525117874146,0.0
13211.0,1512.0,33.0,0.053651340305805206,0.0003,0.08736640959978104,0.0
13212.0,1513.0,33.0,0.0639304369688034,0.0003,0.1218908503651619,0.0
13213.0,1514.0,33.0,0.05148223787546158,0.0003,0.09595955908298492,0.0
13214.0,1515.0,33.0,0.05607108026742935,0.0003,0.11003679037094116,0.0
13215.0,1516.0,33.0,0.05540606379508972,0.0003,0.10761313885450363,0.0
13216.0,1517.0,33.0,0.047658149152994156,0.0003,0.07966701686382294,0.0
13217.0,1518.0,33.0,0.047710120677948,0.0003,0.09133371710777283,0.0
13218.0,1519.0,33.0,0.051172927021980286,0.0003,0.16996155679225922,0.0
13219.0,1520.0,33.0,0.05556376278400421,0.0003,0.09302901476621628,0.0
13220.0,1521.0,33.0,0.054965272545814514,0.0003,0.1082291230559349,0.0
13221.0,1522.0,33.0,0.06929056346416473,0.0003,0.09872625768184662,0.0
13222.0,1523.0,33.0,0.05233163759112358,0.0003,0.11013215780258179,0.0
13223.0,1524.0,33.0,0.061836205422878265,0.0003,0.16962087154388428,0.0
13224.0,1525.0,33.0,0.0625164806842804,0.0003,0.04837382584810257,0.0
13225.0,1526.0,33.0,0.050880998373031616,0.0003,0.19186629354953766,0.0
13226.0,1527.0,33.0,0.050860390067100525,0.0003,0.04687776789069176,0.0
13227.0,1528.0,33.0,0.06937047839164734,0.0003,0.14357903599739075,0.0
13228.0,1529.0,33.0,0.05375109240412712,0.0003,0.1414119154214859,0.0
13229.0,1530.0,33.0,0.05539128929376602,0.0003,0.09387876093387604,0.0
13230.0,1531.0,33.0,0.04914342239499092,0.0003,0.13742169737815857,0.0
13231.0,1532.0,33.0,0.062388814985752106,0.0003,0.051154665648937225,0.0
13232.0,1533.0,33.0,0.061125241219997406,0.0003,0.14265555143356323,0.0
13233.0,1534.0,33.0,0.054380230605602264,0.0003,0.12305678427219391,0.0
13234.0,1535.0,33.0,0.048636872321367264,0.0003,0.12299149483442307,0.0
13235.0,1536.0,33.0,0.05482584238052368,0.0003,0.14472389221191406,0.0
13236.0,1537.0,33.0,0.054745472967624664,0.0003,0.09017935395240784,0.0
13237.0,1538.0,33.0,0.06534776091575623,0.0003,0.1078202947974205,0.0
13238.0,1539.0,33.0,0.05880887806415558,0.0003,0.13193586468696594,0.0
13239.0,1540.0,33.0,0.06372387707233429,0.0003,0.0759510025382042,0.0
13240.0,1541.0,33.0,0.05429453402757645,0.0003,0.09277081489562988,0.0
13241.0,1542.0,33.0,0.06431631743907928,0.0003,0.08063512295484543,0.0
13242.0,1543.0,33.0,0.061483584344387054,0.0003,0.07741890102624893,0.0
13243.0,1544.0,33.0,0.07128597795963287,0.0003,0.07968659698963165,0.0
13244.0,1545.0,33.0,0.06024113669991493,0.0003,0.04271142557263374,0.0
13245.0,1546.0,33.0,0.05341477319598198,0.0003,0.09213745594024658,0.0
13246.0,1547.0,33.0,0.053523845970630646,0.0003,0.05085500702261925,0.0
13247.0,1548.0,33.0,0.05564427375793457,0.0003,0.13897672295570374,0.0
13248.0,1549.0,33.0,0.06440918147563934,0.0003,0.07905939221382141,0.0
13249.0,1550.0,33.0,0.06042127311229706,0.0003,0.10782532393932343,0.0
13250.0,1551.0,33.0,0.07062177360057831,0.0003,0.14890319108963013,0.0
13251.0,1552.0,33.0,0.06156551092863083,0.0003,0.09235980361700058,0.0
13252.0,1553.0,33.0,0.06302773207426071,0.0003,0.15806636214256287,0.0
13253.0,1554.0,33.0,0.06679727137088776,0.0003,0.09012449532747269,0.0
13254.0,1555.0,33.0,0.042584728449583054,0.0003,0.10575525462627411,0.0
13255.0,1556.0,33.0,0.05060557276010513,0.0003,0.09106901288032532,0.0
13256.0,1557.0,33.0,0.051301032304763794,0.0003,0.06526681035757065,0.0
13257.0,1558.0,33.0,0.046321988105773926,0.0003,0.05652957782149315,0.0
13258.0,1559.0,33.0,0.058709610253572464,0.0003,0.07917963713407516,0.0
13259.0,1560.0,33.0,0.06068919971585274,0.0003,0.05973406136035919,0.0
13260.0,1561.0,34.0,0.05153680220246315,0.0003,0.13615284860134125,0.0
13261.0,1562.0,34.0,0.07037568092346191,0.0003,0.068882055580616,0.0
13262.0,1563.0,34.0,0.06674965471029282,0.0003,0.12302049994468689,0.0
13263.0,1564.0,34.0,0.055602531880140305,0.0003,0.08005651086568832,0.0
13264.0,1565.0,34.0,0.05343543738126755,0.0003,0.13904918730258942,0.0
13265.0,1566.0,34.0,0.0641474723815918,0.0003,0.1270354837179184,0.0
13266.0,1567.0,34.0,0.06386926770210266,0.0003,0.1398565173149109,0.0
13267.0,1568.0,34.0,0.058167412877082825,0.0003,0.14964981377124786,0.0
13268.0,1569.0,34.0,0.05447518825531006,0.0003,0.07804751396179199,0.0
13269.0,1570.0,34.0,0.056100547313690186,0.0003,0.09578824788331985,0.0
13270.0,1571.0,34.0,0.04565811902284622,0.0003,0.047592148184776306,0.0
13271.0,1572.0,34.0,0.05766788870096207,0.0003,0.12237560749053955,0.0
13272.0,1573.0,34.0,0.05360502004623413,0.0003,0.10152306407690048,0.0
13273.0,1574.0,34.0,0.060595959424972534,0.0003,0.11818794906139374,0.0
13274.0,1575.0,34.0,0.05920977145433426,0.0003,0.11682426184415817,0.0
13275.0,1576.0,34.0,0.06500646471977234,0.0003,0.07764878123998642,0.0
13276.0,1577.0,34.0,0.06974077969789505,0.0003,0.18932873010635376,0.0
13277.0,1578.0,34.0,0.06157723814249039,0.0003,0.09719531983137131,0.0
13278.0,1579.0,34.0,0.057798780500888824,0.0003,0.15287770330905914,0.0
13279.0,1580.0,34.0,0.05468596890568733,0.0003,0.18743444979190826,0.0
13280.0,1581.0,34.0,0.05219881609082222,0.0003,0.18436092138290405,0.0
13281.0,1582.0,34.0,0.05298636108636856,0.0003,0.15987522900104523,0.0
13282.0,1583.0,34.0,0.06841866672039032,0.0003,0.16756118834018707,0.0
13283.0,1584.0,34.0,0.0546061210334301,0.0003,0.08578824996948242,0.0
13284.0,1585.0,34.0,0.058135904371738434,0.0003,0.17967486381530762,0.0
13285.0,1586.0,34.0,0.05582280829548836,0.0003,0.090526282787323,0.0
13286.0,1587.0,34.0,0.05164837837219238,0.0003,0.15489545464515686,0.0
13287.0,1588.0,34.0,0.052897803485393524,0.0003,0.16592852771282196,0.0
13288.0,1589.0,34.0,0.06480353325605392,0.0003,0.10708513110876083,0.0
13289.0,1590.0,34.0,0.06193343549966812,0.0003,0.2072518765926361,0.0
13290.0,1591.0,34.0,0.06109534576535225,0.0003,0.13374890387058258,0.0
13291.0,1592.0,34.0,0.05778391286730766,0.0003,0.24144276976585388,0.0
13292.0,1593.0,34.0,0.05862365663051605,0.0003,0.12671855092048645,0.0
13293.0,1594.0,34.0,0.055471643805503845,0.0003,0.22437113523483276,0.0
13294.0,1595.0,34.0,0.05209600552916527,0.0003,0.10455776751041412,0.0
13295.0,1596.0,34.0,0.06012340635061264,0.0003,0.11699975281953812,0.0
13296.0,1597.0,34.0,0.05829595774412155,0.0003,0.10845450311899185,0.0
13297.0,1598.0,34.0,0.06299824267625809,0.0003,0.1461314857006073,0.0
13298.0,1599.0,34.0,0.05362900346517563,0.0003,0.11318597197532654,0.0
13299.0,1600.0,34.0,0.05957438051700592,0.0003,0.18690824508666992,0.0
13300.0,1601.0,34.0,0.053739771246910095,0.0003,0.10929442197084427,0.0
13301.0,1602.0,34.0,0.05852312222123146,0.0003,0.19945083558559418,0.0
13302.0,1603.0,34.0,0.046613842248916626,0.0003,0.09823586046695709,0.0
13303.0,1604.0,34.0,0.05848560854792595,0.0003,0.12264116108417511,0.0
13304.0,1605.0,34.0,0.04587109386920929,0.0003,0.1699071079492569,0.0
13305.0,1606.0,34.0,0.05375450849533081,0.0003,0.10966245085000992,0.0
13306.0,1607.0,34.0,0.04711264371871948,0.0003,0.15232399106025696,0.0
13307.0,1608.0,34.0,0.059640876948833466,0.0003,0.110285185277462,0.0
13308.0,1609.0,34.0,0.06394793838262558,0.0003,0.12916523218154907,0.0
13309.0,1610.0,34.0,0.06324165314435959,0.0003,0.14220406115055084,0.0
13310.0,1611.0,34.0,0.05029856413602829,0.0003,0.08876347541809082,0.0
13311.0,1612.0,34.0,0.05781054124236107,0.0003,0.2306174635887146,0.0
13312.0,1613.0,34.0,0.05628673732280731,0.0003,0.17656496167182922,0.0
13313.0,1614.0,34.0,0.06526882201433182,0.0003,0.2745337188243866,0.0
13314.0,1615.0,34.0,0.057762254029512405,0.0003,0.11579418182373047,0.0
13315.0,1616.0,34.0,0.057844217866659164,0.0003,0.26738083362579346,0.0
13316.0,1617.0,34.0,0.05545390397310257,0.0003,0.06619217991828918,0.0
13317.0,1618.0,34.0,0.06628572195768356,0.0003,0.2386789172887802,0.0
13318.0,1619.0,34.0,0.058699823915958405,0.0003,0.07416602969169617,0.0
13319.0,1620.0,34.0,0.05394589900970459,0.0003,0.1724870353937149,0.0
13320.0,1621.0,34.0,0.06874445080757141,0.0003,0.12533806264400482,0.0
13321.0,1622.0,34.0,0.06720948219299316,0.0003,0.1275203824043274,0.0
13322.0,1623.0,34.0,0.06140371412038803,0.0003,0.19687095284461975,0.0
13323.0,1624.0,34.0,0.06273899227380753,0.0003,0.11331668496131897,0.0
13324.0,1625.0,34.0,0.052878499031066895,0.0003,0.14099746942520142,0.0
13325.0,1626.0,34.0,0.05869821831583977,0.0003,0.0377948023378849,0.0
13326.0,1627.0,34.0,0.06006764620542526,0.0003,0.1386001706123352,0.0
13327.0,1628.0,34.0,0.0536343976855278,0.0003,0.10282416641712189,0.0
13328.0,1629.0,34.0,0.04661977291107178,0.0003,0.1731223613023758,0.0
13329.0,1630.0,34.0,0.051236461848020554,0.0003,0.1548512876033783,0.0
13330.0,1631.0,34.0,0.053440310060977936,0.0003,0.06272383034229279,0.0
13331.0,1632.0,34.0,0.046216581016778946,0.0003,0.21311253309249878,0.0
13332.0,1633.0,34.0,0.060172826051712036,0.0003,0.07790152728557587,0.0
13333.0,1634.0,34.0,0.04771247133612633,0.0003,0.19059701263904572,0.0
13334.0,1635.0,34.0,0.04002415016293526,0.0003,0.03726073354482651,0.0
13335.0,1636.0,34.0,0.05844767391681671,0.0003,0.1565815806388855,0.0
13336.0,1637.0,34.0,0.051164254546165466,0.0003,0.08175358921289444,0.0
13337.0,1638.0,34.0,0.05031118541955948,0.0003,0.1283828318119049,0.0
13338.0,1639.0,34.0,0.06488999724388123,0.0003,0.05286726728081703,0.0
13339.0,1640.0,34.0,0.04767543077468872,0.0003,0.16057410836219788,0.0
13340.0,1641.0,34.0,0.049825720489025116,0.0003,0.05053046718239784,0.0
13341.0,1642.0,34.0,0.06400330364704132,0.0003,0.16817034780979156,0.0
13342.0,1643.0,34.0,0.06177552044391632,0.0003,0.0683404952287674,0.0
13343.0,1644.0,34.0,0.06062973663210869,0.0003,0.19397252798080444,0.0
13344.0,1645.0,34.0,0.053158655762672424,0.0003,0.06248922273516655,0.0
13345.0,1646.0,34.0,0.058152273297309875,0.0003,0.10994166880846024,0.0
13346.0,1647.0,34.0,0.05083787068724632,0.0003,0.12301906198263168,0.0
13347.0,1648.0,34.0,0.057124823331832886,0.0003,0.11622412502765656,0.0
13348.0,1649.0,34.0,0.05656851828098297,0.0003,0.07775787264108658,0.0
13349.0,1650.0,34.0,0.050509948283433914,0.0003,0.1675572395324707,0.0
13350.0,1651.0,34.0,0.0569021999835968,0.0003,0.07967296242713928,0.0
13351.0,1652.0,34.0,0.05223945528268814,0.0003,0.17287522554397583,0.0
13352.0,1653.0,34.0,0.05979977548122406,0.0003,0.08073388785123825,0.0
13353.0,1654.0,34.0,0.04958733171224594,0.0003,0.11592969298362732,0.0
13354.0,1655.0,34.0,0.06352502107620239,0.0003,0.08605261147022247,0.0
13355.0,1656.0,34.0,0.05909140408039093,0.0003,0.1208958625793457,0.0
13356.0,1657.0,34.0,0.052670180797576904,0.0003,0.07062859833240509,0.0
13357.0,1658.0,34.0,0.06422299891710281,0.0003,0.1366540640592575,0.0
13358.0,1659.0,34.0,0.06271223723888397,0.0003,0.03812922164797783,0.0
13359.0,1660.0,34.0,0.06328605115413666,0.0003,0.12732471525669098,0.0
13360.0,1661.0,34.0,0.06090807169675827,0.0003,0.05628050118684769,0.0
13361.0,1662.0,34.0,0.05199335515499115,0.0003,0.051223818212747574,0.0
13362.0,1663.0,34.0,0.06875407695770264,0.0003,0.17317187786102295,0.0
13363.0,1664.0,34.0,0.0466412752866745,0.0003,0.08141490817070007,0.0
13364.0,1665.0,34.0,0.046175047755241394,0.0003,0.10453645139932632,0.0
13365.0,1666.0,34.0,0.051677603274583817,0.0003,0.09545489400625229,0.0
13366.0,1667.0,34.0,0.04657971113920212,0.0003,0.034487996250391006,0.0
13367.0,1668.0,34.0,0.05859806761145592,0.0003,0.2377985268831253,0.0
13368.0,1669.0,34.0,0.05773589760065079,0.0003,0.042823873460292816,0.0
13369.0,1670.0,34.0,0.06286551058292389,0.0003,0.1995031088590622,0.0
13370.0,1671.0,34.0,0.06496773660182953,0.0003,0.14301817119121552,0.0
13371.0,1672.0,34.0,0.062185775488615036,0.0003,0.13222554326057434,0.0
13372.0,1673.0,34.0,0.062221162021160126,0.0003,0.10382745414972305,0.0
13373.0,1674.0,34.0,0.059497904032468796,0.0003,0.10251026600599289,0.0
13374.0,1675.0,34.0,0.05346859246492386,0.0003,0.09269541501998901,0.0
13375.0,1676.0,34.0,0.059277817606925964,0.0003,0.15524634718894958,0.0
13376.0,1677.0,34.0,0.04402071610093117,0.0003,0.0515439510345459,0.0
13377.0,1678.0,34.0,0.05884170159697533,0.0003,0.17351044714450836,0.0
13378.0,1679.0,34.0,0.05710171163082123,0.0003,0.1041957437992096,0.0
13379.0,1680.0,34.0,0.05604970082640648,0.0003,0.10509650409221649,0.0
13380.0,1681.0,34.0,0.06273981928825378,0.0003,0.17461396753787994,0.0
13381.0,1682.0,34.0,0.05956646054983139,0.0003,0.1626248061656952,0.0
13382.0,1683.0,34.0,0.06335476040840149,0.0003,0.11423502117395401,0.0
13383.0,1684.0,34.0,0.04956718906760216,0.0003,0.20474082231521606,0.0
13384.0,1685.0,34.0,0.05463682487607002,0.0003,0.08466432988643646,0.0
13385.0,1686.0,34.0,0.06018257141113281,0.0003,0.2203139066696167,0.0
13386.0,1687.0,34.0,0.0561281181871891,0.0003,0.09899374842643738,0.0
13387.0,1688.0,34.0,0.053040944039821625,0.0003,0.1519009917974472,0.0
13388.0,1689.0,34.0,0.0430266372859478,0.0003,0.18608970940113068,0.0
13389.0,1690.0,34.0,0.056039851158857346,0.0003,0.1356893926858902,0.0
13390.0,1691.0,34.0,0.06571789085865021,0.0003,0.15122975409030914,0.0
13391.0,1692.0,34.0,0.06566119194030762,0.0003,0.0962986871600151,0.0
13392.0,1693.0,34.0,0.06978265941143036,0.0003,0.14678728580474854,0.0
13393.0,1694.0,34.0,0.05247064679861069,0.0003,0.1333363950252533,0.0
13394.0,1695.0,34.0,0.06776726990938187,0.0003,0.182084858417511,0.0
13395.0,1696.0,34.0,0.06063007190823555,0.0003,0.2107468545436859,0.0
13396.0,1697.0,34.0,0.06431737542152405,0.0003,0.13260072469711304,0.0
13397.0,1698.0,34.0,0.06253241002559662,0.0003,0.14003054797649384,0.0
13398.0,1699.0,34.0,0.0456961952149868,0.0003,0.1800798624753952,0.0
13399.0,1700.0,34.0,0.06646734476089478,0.0003,0.0751054510474205,0.0
13400.0,1701.0,34.0,0.048464950174093246,0.0003,0.17149515450000763,0.0
13401.0,1702.0,34.0,0.06114106625318527,0.0003,0.12977729737758636,0.0
13402.0,1703.0,34.0,0.07139898091554642,0.0003,0.07711958140134811,0.0
13403.0,1704.0,34.0,0.060851335525512695,0.0003,0.16433434188365936,0.0
13404.0,1705.0,34.0,0.06530724465847015,0.0003,0.11540433764457703,0.0
13405.0,1706.0,34.0,0.05367039889097214,0.0003,0.14284449815750122,0.0
13406.0,1707.0,34.0,0.059131164103746414,0.0003,0.18129099905490875,0.0
13407.0,1708.0,34.0,0.0633741170167923,0.0003,0.062321197241544724,0.0
13408.0,1709.0,34.0,0.05970974266529083,0.0003,0.24037562310695648,0.0
13409.0,1710.0,34.0,0.0625155121088028,0.0003,0.03722000494599342,0.0
13410.0,1711.0,34.0,0.05104245990514755,0.0003,0.16673517227172852,0.0
13411.0,1712.0,34.0,0.061613064259290695,0.0003,0.06464715301990509,0.0
13412.0,1713.0,34.0,0.0719825029373169,0.0003,0.09276558458805084,0.0
13413.0,1714.0,34.0,0.05736217647790909,0.0003,0.09201175719499588,0.0
13414.0,1715.0,34.0,0.06192168593406677,0.0003,0.08879221230745316,0.0
13415.0,1716.0,34.0,0.07003810256719589,0.0003,0.0914396196603775,0.0
13416.0,1717.0,34.0,0.07133215665817261,0.0003,0.14257436990737915,0.0
13417.0,1718.0,34.0,0.06262391805648804,0.0003,0.07135038822889328,0.0
13418.0,1719.0,34.0,0.060528285801410675,0.0003,0.1804468035697937,0.0
13419.0,1720.0,34.0,0.05287504196166992,0.0003,0.07392191141843796,0.0
13420.0,1721.0,34.0,0.055042367428541183,0.0003,0.2400645911693573,0.0
13421.0,1722.0,34.0,0.05397224798798561,0.0003,0.0774049311876297,0.0
13422.0,1723.0,34.0,0.06713615357875824,0.0003,0.201578289270401,0.0
13423.0,1724.0,34.0,0.061664335429668427,0.0003,0.16570697724819183,0.0
13424.0,1725.0,34.0,0.06667616218328476,0.0003,0.23291905224323273,0.0
13425.0,1726.0,34.0,0.049916788935661316,0.0003,0.12912657856941223,0.0
13426.0,1727.0,34.0,0.06371690332889557,0.0003,0.1622050702571869,0.0
13427.0,1728.0,34.0,0.06897063553333282,0.0003,0.1274147480726242,0.0
13428.0,1729.0,34.0,0.06490519642829895,0.0003,0.1181187555193901,0.0
13429.0,1730.0,34.0,0.05751638859510422,0.0003,0.1262696534395218,0.0
13430.0,1731.0,34.0,0.04670858383178711,0.0003,0.04453258216381073,0.0
13431.0,1732.0,34.0,0.05339612066745758,0.0003,0.19870848953723907,0.0
13432.0,1733.0,34.0,0.055578187108039856,0.0003,0.10216724872589111,0.0
13433.0,1734.0,34.0,0.05478901043534279,0.0003,0.17439034581184387,0.0
13434.0,1735.0,34.0,0.04795446991920471,0.0003,0.10669412463903427,0.0
13435.0,1736.0,34.0,0.07663248479366302,0.0003,0.13938088715076447,0.0
13436.0,1737.0,34.0,0.05832280218601227,0.0003,0.09475170075893402,0.0
13437.0,1738.0,34.0,0.06035010889172554,0.0003,0.07907817512750626,0.0
13438.0,1739.0,34.0,0.05941690877079964,0.0003,0.1210005059838295,0.0
13439.0,1740.0,34.0,0.058265846222639084,0.0003,0.10646902769804001,0.0
13440.0,1741.0,34.0,0.05993101745843887,0.0003,0.07693837583065033,0.0
13441.0,1742.0,34.0,0.056267499923706055,0.0003,0.08797094970941544,0.0
13442.0,1743.0,34.0,0.05569518730044365,0.0003,0.06755008548498154,0.0
13443.0,1744.0,34.0,0.05373556911945343,0.0003,0.06513424217700958,0.0
13444.0,1745.0,34.0,0.05896487459540367,0.0003,0.09279082715511322,0.0
13445.0,1746.0,34.0,0.05161827802658081,0.0003,0.059130385518074036,0.0
13446.0,1747.0,34.0,0.06189008429646492,0.0003,0.10165377706289291,0.0
13447.0,1748.0,34.0,0.05292819067835808,0.0003,0.07749201357364655,0.0
13448.0,1749.0,34.0,0.05403723567724228,0.0003,0.08554002642631531,0.0
13449.0,1750.0,34.0,0.05643530935049057,0.0003,0.09000030905008316,0.0
13450.0,1751.0,34.0,0.052741408348083496,0.0003,0.05868970602750778,0.0
13451.0,1752.0,34.0,0.07286741584539413,0.0003,0.12985444068908691,0.0
13452.0,1753.0,34.0,0.056011416018009186,0.0003,0.09269583970308304,0.0
13453.0,1754.0,34.0,0.05765095353126526,0.0003,0.1303301304578781,0.0
13454.0,1755.0,34.0,0.04768192023038864,0.0003,0.0799122080206871,0.0
13455.0,1756.0,34.0,0.060597650706768036,0.0003,0.10593678802251816,0.0
13456.0,1757.0,34.0,0.08869683742523193,0.0003,0.11759350448846817,0.0
13457.0,1758.0,34.0,0.0481385737657547,0.0003,0.11795700341463089,0.0
13458.0,1759.0,34.0,0.044748760759830475,0.0003,0.17780090868473053,0.0
13459.0,1760.0,34.0,0.06915184110403061,0.0003,0.08393608778715134,0.0
13460.0,1761.0,34.0,0.08214130997657776,0.0003,0.18990685045719147,0.0
13461.0,1762.0,34.0,0.05919066444039345,0.0003,0.08162271231412888,0.0
13462.0,1763.0,34.0,0.05187726020812988,0.0003,0.18520285189151764,0.0
13463.0,1764.0,34.0,0.07858537137508392,0.0003,0.06275015324354172,0.0
13464.0,1765.0,34.0,0.06117052584886551,0.0003,0.2239687740802765,0.0
13465.0,1766.0,34.0,0.0512087307870388,0.0003,0.10444988310337067,0.0
13466.0,1767.0,34.0,0.05026273429393768,0.0003,0.11886435002088547,0.0
13467.0,1768.0,34.0,0.056627463549375534,0.0003,0.11645647138357162,0.0
13468.0,1769.0,34.0,0.05948777496814728,0.0003,0.1392281949520111,0.0
13469.0,1770.0,34.0,0.045803364366292953,0.0003,0.12784630060195923,0.0
13470.0,1771.0,34.0,0.06255185604095459,0.0003,0.15966194868087769,0.0
13471.0,1772.0,34.0,0.05241355299949646,0.0003,0.12045662105083466,0.0
13472.0,1773.0,34.0,0.054822683334350586,0.0003,0.13167624175548553,0.0
13473.0,1774.0,34.0,0.05907601863145828,0.0003,0.14886723458766937,0.0
13474.0,1775.0,34.0,0.04448346793651581,0.0003,0.09320385754108429,0.0
13475.0,1776.0,34.0,0.06535382568836212,0.0003,0.14610131084918976,0.0
13476.0,1777.0,34.0,0.05182019993662834,0.0003,0.1506674736738205,0.0
13477.0,1778.0,34.0,0.05119870975613594,0.0003,0.0801405981183052,0.0
13478.0,1779.0,34.0,0.05929090455174446,0.0003,0.15211819112300873,0.0
13479.0,1780.0,34.0,0.06544111669063568,0.0003,0.10672738403081894,0.0
13480.0,1781.0,34.0,0.04679770767688751,0.0003,0.1716446429491043,0.0
13481.0,1782.0,34.0,0.05977550148963928,0.0003,0.11861005425453186,0.0
13482.0,1783.0,34.0,0.05895193666219711,0.0003,0.1794571727514267,0.0
13483.0,1784.0,34.0,0.05149001628160477,0.0003,0.19769805669784546,0.0
13484.0,1785.0,34.0,0.05406566336750984,0.0003,0.08244728296995163,0.0
13485.0,1786.0,34.0,0.05048640817403793,0.0003,0.18808819353580475,0.0
13486.0,1787.0,34.0,0.0718957930803299,0.0003,0.16246208548545837,0.0
13487.0,1788.0,34.0,0.07520602643489838,0.0003,0.18782350420951843,0.0
13488.0,1789.0,34.0,0.06635064631700516,0.0003,0.13547757267951965,0.0
13489.0,1790.0,34.0,0.0487130843102932,0.0003,0.16191622614860535,0.0
13490.0,1791.0,34.0,0.05431586131453514,0.0003,0.16271954774856567,0.0
13491.0,1792.0,34.0,0.05104562267661095,0.0003,0.15947340428829193,0.0
13492.0,1793.0,34.0,0.0534428209066391,0.0003,0.11898649483919144,0.0
13493.0,1794.0,34.0,0.05358722433447838,0.0003,0.08964679390192032,0.0
13494.0,1795.0,34.0,0.037654437124729156,0.0003,0.22905714809894562,0.0
13495.0,1796.0,34.0,0.05992482602596283,0.0003,0.1301657110452652,0.0
13496.0,1797.0,34.0,0.054311227053403854,0.0003,0.22336246073246002,0.0
13497.0,1798.0,34.0,0.04569374769926071,0.0003,0.08617959916591644,0.0
13498.0,1799.0,34.0,0.047148291021585464,0.0003,0.19522042572498322,0.0
13499.0,1800.0,34.0,0.048225272446870804,0.0003,0.03232945129275322,0.0
13500.0,1801.0,34.0,0.06933517754077911,0.0003,0.1619022935628891,0.0
13501.0,1802.0,34.0,0.06010550260543823,0.0003,0.06343166530132294,0.0
13502.0,1803.0,34.0,0.05197492614388466,0.0003,0.11323133856058121,0.0
13503.0,1804.0,34.0,0.05724035203456879,0.0003,0.09577255696058273,0.0
13504.0,1805.0,34.0,0.05179866403341293,0.0003,0.09048628807067871,0.0
13505.0,1806.0,34.0,0.05436180159449577,0.0003,0.12795674800872803,0.0
13506.0,1807.0,34.0,0.060170985758304596,0.0003,0.0405738539993763,0.0
13507.0,1808.0,34.0,0.053905587643384933,0.0003,0.0841679498553276,0.0
13508.0,1809.0,34.0,0.05521745607256889,0.0003,0.0820045992732048,0.0
13509.0,1810.0,34.0,0.062228407710790634,0.0003,0.09591244161128998,0.0
13510.0,1811.0,34.0,0.05630195140838623,0.0003,0.14019180834293365,0.0
13511.0,1812.0,34.0,0.055775128304958344,0.0003,0.04955192282795906,0.0
13512.0,1813.0,34.0,0.05813990905880928,0.0003,0.14052000641822815,0.0
13513.0,1814.0,34.0,0.06236932426691055,0.0003,0.0690060555934906,0.0
13514.0,1815.0,34.0,0.06132379174232483,0.0003,0.11123394966125488,0.0
13515.0,1816.0,34.0,0.0596395768225193,0.0003,0.09509331732988358,0.0
13516.0,1817.0,34.0,0.06276971846818924,0.0003,0.08655283600091934,0.0
13517.0,1818.0,34.0,0.0806066244840622,0.0003,0.09761252254247665,0.0
13518.0,1819.0,34.0,0.059402432292699814,0.0003,0.052020300179719925,0.0
13519.0,1820.0,34.0,0.045248694717884064,0.0003,0.19153578579425812,0.0
13520.0,1821.0,34.0,0.05793594941496849,0.0003,0.08970137685537338,0.0
13521.0,1822.0,34.0,0.05640195310115814,0.0003,0.16067135334014893,0.0
13522.0,1823.0,34.0,0.05156278610229492,0.0003,0.09414102882146835,0.0
13523.0,1824.0,34.0,0.04916033148765564,0.0003,0.189444437623024,0.0
13524.0,1825.0,34.0,0.06018078327178955,0.0003,0.11893495172262192,0.0
13525.0,1826.0,34.0,0.04834126681089401,0.0003,0.13500401377677917,0.0
13526.0,1827.0,34.0,0.06936905533075333,0.0003,0.15450184047222137,0.0
13527.0,1828.0,34.0,0.061331070959568024,0.0003,0.18164196610450745,0.0
13528.0,1829.0,34.0,0.057498566806316376,0.0003,0.08699579536914825,0.0
13529.0,1830.0,34.0,0.06236335635185242,0.0003,0.17678439617156982,0.0
13530.0,1831.0,34.0,0.05220438539981842,0.0003,0.17356587946414948,0.0
13531.0,1832.0,34.0,0.05820949375629425,0.0003,0.09997977316379547,0.0
13532.0,1833.0,34.0,0.07476161420345306,0.0003,0.16362033784389496,0.0
13533.0,1834.0,34.0,0.06985801458358765,0.0003,0.04039707034826279,0.0
13534.0,1835.0,34.0,0.06664595752954483,0.0003,0.1243041604757309,0.0
13535.0,1836.0,34.0,0.05182567611336708,0.0003,0.04963778704404831,0.0
13536.0,1837.0,34.0,0.05190754681825638,0.0003,0.08283422887325287,0.0
13537.0,1838.0,34.0,0.06233472377061844,0.0003,0.06921697407960892,0.0
13538.0,1839.0,34.0,0.05769724398851395,0.0003,0.07415661215782166,0.0
13539.0,1840.0,34.0,0.05627024546265602,0.0003,0.083848737180233,0.0
13540.0,1841.0,34.0,0.060955241322517395,0.0003,0.11725439876317978,0.0
13541.0,1842.0,34.0,0.053892917931079865,0.0003,0.06400506943464279,0.0
13542.0,1843.0,34.0,0.05256551504135132,0.0003,0.12849688529968262,0.0
13543.0,1844.0,34.0,0.058220475912094116,0.0003,0.11022395640611649,0.0
13544.0,1845.0,34.0,0.061685629189014435,0.0003,0.15160247683525085,0.0
13545.0,1846.0,34.0,0.05715935304760933,0.0003,0.1554047018289566,0.0
13546.0,1847.0,34.0,0.06386671215295792,0.0003,0.1334163248538971,0.0
13547.0,1848.0,34.0,0.06799525022506714,0.0003,0.15760214626789093,0.0
13548.0,1849.0,34.0,0.0511973574757576,0.0003,0.1210913136601448,0.0
13549.0,1850.0,34.0,0.07136322557926178,0.0003,0.11048505455255508,0.0
13550.0,1851.0,34.0,0.06454994529485703,0.0003,0.10942379385232925,0.0
13551.0,1852.0,34.0,0.05598941072821617,0.0003,0.09941697120666504,0.0
13552.0,1853.0,34.0,0.0463084802031517,0.0003,0.15118983387947083,0.0
13553.0,1854.0,34.0,0.07664583623409271,0.0003,0.05624917149543762,0.0
13554.0,1855.0,34.0,0.05505983531475067,0.0003,0.1209733858704567,0.0
13555.0,1856.0,34.0,0.0563763752579689,0.0003,0.10002487152814865,0.0
13556.0,1857.0,34.0,0.052989840507507324,0.0003,0.12175732105970383,0.0
13557.0,1858.0,34.0,0.05262630432844162,0.0003,0.10363773256540298,0.0
13558.0,1859.0,34.0,0.061753518879413605,0.0003,0.10095509886741638,0.0
13559.0,1860.0,34.0,0.059583861380815506,0.0003,0.2174549102783203,0.0
13560.0,1861.0,34.0,0.05320318415760994,0.0003,0.09383732080459595,0.0
13561.0,1862.0,34.0,0.06132757291197777,0.0003,0.14681023359298706,0.0
13562.0,1863.0,34.0,0.049106087535619736,0.0003,0.1191166490316391,0.0
13563.0,1864.0,34.0,0.046369440853595734,0.0003,0.09557603299617767,0.0
13564.0,1865.0,34.0,0.053129494190216064,0.0003,0.09256058931350708,0.0
13565.0,1866.0,34.0,0.06622788310050964,0.0003,0.11820088326931,0.0
13566.0,1867.0,34.0,0.062231406569480896,0.0003,0.10130491852760315,0.0
13567.0,1868.0,34.0,0.060790881514549255,0.0003,0.1380232721567154,0.0
13568.0,1869.0,34.0,0.05373205989599228,0.0003,0.12198691815137863,0.0
13569.0,1870.0,34.0,0.06367562711238861,0.0003,0.19213613867759705,0.0
13570.0,1871.0,34.0,0.05088813975453377,0.0003,0.14885203540325165,0.0
13571.0,1872.0,34.0,0.040953878313302994,0.0003,0.21053802967071533,0.0
13572.0,1873.0,34.0,0.060819365084171295,0.0003,0.08067148178815842,0.0
13573.0,1874.0,34.0,0.053031470626592636,0.0003,0.18054378032684326,0.0
13574.0,1875.0,34.0,0.05574584752321243,0.0003,0.0643187016248703,0.0
13575.0,1876.0,34.0,0.05594402179121971,0.0003,0.17283222079277039,0.0
13576.0,1877.0,34.0,0.06678054481744766,0.0003,0.11044217646121979,0.0
13577.0,1878.0,34.0,0.04738274961709976,0.0003,0.16131381690502167,0.0
13578.0,1879.0,34.0,0.06090111657977104,0.0003,0.11396408081054688,0.0
13579.0,1880.0,34.0,0.06004418432712555,0.0003,0.13768699765205383,0.0
13580.0,1881.0,34.0,0.05459669604897499,0.0003,0.14494720101356506,0.0
13581.0,1882.0,34.0,0.05645023286342621,0.0003,0.1389605551958084,0.0
13582.0,1883.0,34.0,0.060203731060028076,0.0003,0.13669899106025696,0.0
13583.0,1884.0,34.0,0.05878685414791107,0.0003,0.14935971796512604,0.0
13584.0,1885.0,34.0,0.05757078528404236,0.0003,0.14177440106868744,0.0
13585.0,1886.0,34.0,0.061210472136735916,0.0003,0.1623913049697876,0.0
13586.0,1887.0,34.0,0.06130654364824295,0.0003,0.09911981225013733,0.0
13587.0,1888.0,34.0,0.05890673026442528,0.0003,0.08969764411449432,0.0
13588.0,1889.0,34.0,0.048723816871643066,0.0003,0.18016263842582703,0.0
13589.0,1890.0,34.0,0.06501540541648865,0.0003,0.05748723819851875,0.0
13590.0,1891.0,34.0,0.06915318965911865,0.0003,0.2011115849018097,0.0
13591.0,1892.0,34.0,0.07085737586021423,0.0003,0.09191540628671646,0.0
13592.0,1893.0,34.0,0.06414742022752762,0.0003,0.1479163020849228,0.0
13593.0,1894.0,34.0,0.06103575974702835,0.0003,0.1434704214334488,0.0
13594.0,1895.0,34.0,0.06298822164535522,0.0003,0.17696239054203033,0.0
13595.0,1896.0,34.0,0.05593200400471687,0.0003,0.12567880749702454,0.0
13596.0,1897.0,34.0,0.05526138097047806,0.0003,0.18282122910022736,0.0
13597.0,1898.0,34.0,0.05734175071120262,0.0003,0.16979223489761353,0.0
13598.0,1899.0,34.0,0.05160490423440933,0.0003,0.1363765448331833,0.0
13599.0,1900.0,34.0,0.05567784979939461,0.0003,0.17591679096221924,0.0
13600.0,1901.0,34.0,0.06122974678874016,0.0003,0.07756919413805008,0.0
13601.0,1902.0,34.0,0.05419282615184784,0.0003,0.13795335590839386,0.0
13602.0,1903.0,34.0,0.06119074299931526,0.0003,0.14675502479076385,0.0
13603.0,1904.0,34.0,0.06056497246026993,0.0003,0.0742359459400177,0.0
13604.0,1905.0,34.0,0.061160847544670105,0.0003,0.15226098895072937,0.0
13605.0,1906.0,34.0,0.05853625386953354,0.0003,0.0840730294585228,0.0
13606.0,1907.0,34.0,0.05468921735882759,0.0003,0.18226712942123413,0.0
13607.0,1908.0,34.0,0.06228645145893097,0.0003,0.14053069055080414,0.0
13608.0,1909.0,34.0,0.05062656104564667,0.0003,0.1525311917066574,0.0
13609.0,1910.0,34.0,0.06405283510684967,0.0003,0.12826527655124664,0.0
13610.0,1911.0,34.0,0.07018101215362549,0.0003,0.09573022276163101,0.0
13611.0,1912.0,34.0,0.05342879146337509,0.0003,0.12320458889007568,0.0
13612.0,1913.0,34.0,0.058707185089588165,0.0003,0.07260559499263763,0.0
13613.0,1914.0,34.0,0.06886966526508331,0.0003,0.10539611428976059,0.0
13614.0,1915.0,34.0,0.04567931592464447,0.0003,0.1626070886850357,0.0
13615.0,1916.0,34.0,0.05488250404596329,0.0003,0.12231598794460297,0.0
13616.0,1917.0,34.0,0.06250028312206268,0.0003,0.14697755873203278,0.0
13617.0,1918.0,34.0,0.06997460871934891,0.0003,0.17477981746196747,0.0
13618.0,1919.0,34.0,0.052210498601198196,0.0003,0.07274026423692703,0.0
13619.0,1920.0,34.0,0.06355888396501541,0.0003,0.15348012745380402,0.0
13620.0,1921.0,34.0,0.05313687399029732,0.0003,0.07834361493587494,0.0
13621.0,1922.0,34.0,0.0605899803340435,0.0003,0.12187886983156204,0.0
13622.0,1923.0,34.0,0.04781589284539223,0.0003,0.10650144517421722,0.0
13623.0,1924.0,34.0,0.05852728709578514,0.0003,0.07292693853378296,0.0
13624.0,1925.0,34.0,0.04721243679523468,0.0003,0.2006174772977829,0.0
13625.0,1926.0,34.0,0.04611395299434662,0.0003,0.1150994747877121,0.0
13626.0,1927.0,34.0,0.04249858483672142,0.0003,0.153216153383255,0.0
13627.0,1928.0,34.0,0.055863671004772186,0.0003,0.05608178675174713,0.0
13628.0,1929.0,34.0,0.0722101479768753,0.0003,0.08701818436384201,0.0
13629.0,1930.0,34.0,0.056558024138212204,0.0003,0.14754854142665863,0.0
13630.0,1931.0,34.0,0.06492917984724045,0.0003,0.11556359380483627,0.0
13631.0,1932.0,34.0,0.051833316683769226,0.0003,0.14493262767791748,0.0
13632.0,1933.0,34.0,0.05914316326379776,0.0003,0.15212181210517883,0.0
13633.0,1934.0,34.0,0.04970289021730423,0.0003,0.10920421034097672,0.0
13634.0,1935.0,34.0,0.05242474749684334,0.0003,0.18246881663799286,0.0
13635.0,1936.0,34.0,0.05889052525162697,0.0003,0.1345014125108719,0.0
13636.0,1937.0,34.0,0.06675432622432709,0.0003,0.13531437516212463,0.0
13637.0,1938.0,34.0,0.05947824567556381,0.0003,0.2006080597639084,0.0
13638.0,1939.0,34.0,0.0555611215531826,0.0003,0.0552189014852047,0.0
13639.0,1940.0,34.0,0.05875391513109207,0.0003,0.20149725675582886,0.0
13640.0,1941.0,34.0,0.06187476962804794,0.0003,0.13668739795684814,0.0
13641.0,1942.0,34.0,0.05739469453692436,0.0003,0.19420981407165527,0.0
13642.0,1943.0,34.0,0.07771982252597809,0.0003,0.1670656055212021,0.0
13643.0,1944.0,34.0,0.06877678632736206,0.0003,0.12092512100934982,0.0
13644.0,1945.0,34.0,0.053176961839199066,0.0003,0.1854667365550995,0.0
13645.0,1946.0,34.0,0.05275638401508331,0.0003,0.17713318765163422,0.0
13646.0,1947.0,34.0,0.07662811875343323,0.0003,0.17168430984020233,0.0
13647.0,1948.0,34.0,0.05025126785039902,0.0003,0.14701949059963226,0.0
13648.0,1949.0,34.0,0.05361335724592209,0.0003,0.0995313823223114,0.0
13649.0,1950.0,34.0,0.07567761838436127,0.0003,0.18103854358196259,0.0
13650.0,1951.0,35.0,0.0502152293920517,0.0003,0.05724461376667023,0.0
13651.0,1952.0,35.0,0.047038085758686066,0.0003,0.23157677054405212,0.0
13652.0,1953.0,35.0,0.05091084539890289,0.0003,0.0972418561577797,0.0
13653.0,1954.0,35.0,0.05590777471661568,0.0003,0.23085050284862518,0.0
13654.0,1955.0,35.0,0.05529782176017761,0.0003,0.12181936204433441,0.0
13655.0,1956.0,35.0,0.060644254088401794,0.0003,0.13365438580513,0.0
13656.0,1957.0,35.0,0.06229742616415024,0.0003,0.1757957488298416,0.0
13657.0,1958.0,35.0,0.04294535890221596,0.0003,0.06646884232759476,0.0
13658.0,1959.0,35.0,0.062449708580970764,0.0003,0.2051772177219391,0.0
13659.0,1960.0,35.0,0.06159892678260803,0.0003,0.11845714598894119,0.0
13660.0,1961.0,35.0,0.07102210819721222,0.0003,0.05681517347693443,0.0
13661.0,1962.0,35.0,0.05267012119293213,0.0003,0.13396510481834412,0.0
13662.0,1963.0,35.0,0.048706501722335815,0.0003,0.07035737484693527,0.0
13663.0,1964.0,35.0,0.0506615936756134,0.0003,0.11010543256998062,0.0
13664.0,1965.0,35.0,0.05645047500729561,0.0003,0.0757027193903923,0.0
13665.0,1966.0,35.0,0.0635521188378334,0.0003,0.08126900345087051,0.0
13666.0,1967.0,35.0,0.0486590713262558,0.0003,0.13565975427627563,0.0
13667.0,1968.0,35.0,0.0664392039179802,0.0003,0.10547319054603577,0.0
13668.0,1969.0,35.0,0.04306057095527649,0.0003,0.1279357522726059,0.0
13669.0,1970.0,35.0,0.0649368166923523,0.0003,0.09886866062879562,0.0
13670.0,1971.0,35.0,0.0732436329126358,0.0003,0.1093432828783989,0.0
13671.0,1972.0,35.0,0.048220083117485046,0.0003,0.09954070299863815,0.0
13672.0,1973.0,35.0,0.052047744393348694,0.0003,0.10068397223949432,0.0
13673.0,1974.0,35.0,0.05900038778781891,0.0003,0.043668538331985474,0.0
13674.0,1975.0,35.0,0.06441575288772583,0.0003,0.06378698348999023,0.0
13675.0,1976.0,35.0,0.053575754165649414,0.0003,0.09571550041437149,0.0
13676.0,1977.0,35.0,0.05902722477912903,0.0003,0.09810243546962738,0.0
13677.0,1978.0,35.0,0.06847537308931351,0.0003,0.09146607667207718,0.0
13678.0,1979.0,35.0,0.061570823192596436,0.0003,0.0972236841917038,0.0
13679.0,1980.0,35.0,0.054132282733917236,0.0003,0.10789887607097626,0.0
13680.0,1981.0,35.0,0.05325685814023018,0.0003,0.09697448462247849,0.0
13681.0,1982.0,35.0,0.05124001204967499,0.0003,0.10182517021894455,0.0
13682.0,1983.0,35.0,0.05914871394634247,0.0003,0.11950379610061646,0.0
13683.0,1984.0,35.0,0.05398230999708176,0.0003,0.09409831464290619,0.0
13684.0,1985.0,35.0,0.05369146168231964,0.0003,0.07715879380702972,0.0
13685.0,1986.0,35.0,0.05002570524811745,0.0003,0.10508322715759277,0.0
13686.0,1987.0,35.0,0.06662514805793762,0.0003,0.12589848041534424,0.0
13687.0,1988.0,35.0,0.05590631812810898,0.0003,0.08884118497371674,0.0
13688.0,1989.0,35.0,0.07550567388534546,0.0003,0.1740260124206543,0.0
13689.0,1990.0,35.0,0.0625075176358223,0.0003,0.11319209635257721,0.0
13690.0,1991.0,35.0,0.07058031857013702,0.0003,0.15559618175029755,0.0
13691.0,1992.0,35.0,0.05286053195595741,0.0003,0.1534339338541031,0.0
13692.0,1993.0,35.0,0.06563174724578857,0.0003,0.09437400847673416,0.0
13693.0,1994.0,35.0,0.05160382390022278,0.0003,0.18157176673412323,0.0
13694.0,1995.0,35.0,0.05309633910655975,0.0003,0.043337102979421616,0.0
13695.0,1996.0,35.0,0.05414917692542076,0.0003,0.19684402644634247,0.0
13696.0,1997.0,35.0,0.0639486312866211,0.0003,0.10605091601610184,0.0
13697.0,1998.0,35.0,0.05247975140810013,0.0003,0.11351273208856583,0.0
13698.0,1999.0,35.0,0.05166054889559746,0.0003,0.09956200420856476,0.0
13699.0,2000.0,35.0,0.055574141442775726,0.0003,0.08123119175434113,0.0
13700.0,2001.0,35.0,0.04933873564004898,0.0003,0.12255465984344482,0.0
13701.0,2002.0,35.0,0.06586021184921265,0.0003,0.07659333944320679,0.0
13702.0,2003.0,35.0,0.07075077295303345,0.0003,0.1034865751862526,0.0
13703.0,2004.0,35.0,0.05095961317420006,0.0003,0.16400209069252014,0.0
13704.0,2005.0,35.0,0.05065128952264786,0.0003,0.13758288323879242,0.0
13705.0,2006.0,35.0,0.04452004283666611,0.0003,0.18445855379104614,0.0
13706.0,2007.0,35.0,0.05377171188592911,0.0003,0.07748378813266754,0.0
13707.0,2008.0,35.0,0.05082716420292854,0.0003,0.17136675119400024,0.0
13708.0,2009.0,35.0,0.05572297051548958,0.0003,0.06249374523758888,0.0
13709.0,2010.0,35.0,0.06743364036083221,0.0003,0.12159671634435654,0.0
13710.0,2011.0,35.0,0.05665278434753418,0.0003,0.10702459514141083,0.0
13711.0,2012.0,35.0,0.05684351921081543,0.0003,0.08457271009683609,0.0
13712.0,2013.0,35.0,0.06251872330904007,0.0003,0.10532895475625992,0.0
13713.0,2014.0,35.0,0.06090141087770462,0.0003,0.12424033135175705,0.0
13714.0,2015.0,35.0,0.06430044770240784,0.0003,0.1300436556339264,0.0
13715.0,2016.0,35.0,0.06510040909051895,0.0003,0.1052643284201622,0.0
13716.0,2017.0,35.0,0.05546913668513298,0.0003,0.09839615225791931,0.0
13717.0,2018.0,35.0,0.05478333681821823,0.0003,0.08657362312078476,0.0
13718.0,2019.0,35.0,0.07206914573907852,0.0003,0.15784808993339539,0.0
13719.0,2020.0,35.0,0.05459769815206528,0.0003,0.06383562833070755,0.0
13720.0,2021.0,35.0,0.057564154267311096,0.0003,0.17331941425800323,0.0
13721.0,2022.0,35.0,0.05686946213245392,0.0003,0.03979044407606125,0.0
13722.0,2023.0,35.0,0.04657287895679474,0.0003,0.1452822983264923,0.0
13723.0,2024.0,35.0,0.06939297914505005,0.0003,0.06173955276608467,0.0
13724.0,2025.0,35.0,0.05618874728679657,0.0003,0.1327570080757141,0.0
13725.0,2026.0,35.0,0.06554985046386719,0.0003,0.05950823798775673,0.0
13726.0,2027.0,35.0,0.0606304369866848,0.0003,0.12914039194583893,0.0
13727.0,2028.0,35.0,0.052258022129535675,0.0003,0.056067176163196564,0.0
13728.0,2029.0,35.0,0.06590771675109863,0.0003,0.0836520567536354,0.0
13729.0,2030.0,35.0,0.06262411177158356,0.0003,0.04966536909341812,0.0
13730.0,2031.0,35.0,0.05520520359277725,0.0003,0.0804089680314064,0.0
13731.0,2032.0,35.0,0.05315496027469635,0.0003,0.05473484471440315,0.0
13732.0,2033.0,35.0,0.055359743535518646,0.0003,0.0934055745601654,0.0
13733.0,2034.0,35.0,0.054036930203437805,0.0003,0.05163409560918808,0.0
13734.0,2035.0,35.0,0.05247724801301956,0.0003,0.0967186763882637,0.0
13735.0,2036.0,35.0,0.06196014955639839,0.0003,0.045798491686582565,0.0
13736.0,2037.0,35.0,0.06040512025356293,0.0003,0.08982659876346588,0.0
13737.0,2038.0,35.0,0.0491814985871315,0.0003,0.10920701920986176,0.0
13738.0,2039.0,35.0,0.05273835361003876,0.0003,0.09641484916210175,0.0
13739.0,2040.0,35.0,0.04691819101572037,0.0003,0.1492442786693573,0.0
13740.0,2041.0,35.0,0.052218832075595856,0.0003,0.06353630125522614,0.0
13741.0,2042.0,35.0,0.0583956353366375,0.0003,0.20030026137828827,0.0
13742.0,2043.0,35.0,0.05491584539413452,0.0003,0.06931951642036438,0.0
13743.0,2044.0,35.0,0.05658390372991562,0.0003,0.15207894146442413,0.0
13744.0,2045.0,35.0,0.06787768006324768,0.0003,0.083865225315094,0.0
13745.0,2046.0,35.0,0.05951445549726486,0.0003,0.14093361794948578,0.0
13746.0,2047.0,35.0,0.05290970578789711,0.0003,0.1233801394701004,0.0
13747.0,2048.0,35.0,0.05654653161764145,0.0003,0.11109761893749237,0.0
13748.0,2049.0,35.0,0.057980604469776154,0.0003,0.16377420723438263,0.0
13749.0,2050.0,35.0,0.05314827710390091,0.0003,0.13165993988513947,0.0
13750.0,2051.0,35.0,0.03995339944958687,0.0003,0.21167783439159393,0.0
13751.0,2052.0,35.0,0.05866590887308121,0.0003,0.10659006983041763,0.0
13752.0,2053.0,35.0,0.06936924159526825,0.0003,0.10833024233579636,0.0
13753.0,2054.0,35.0,0.05547516047954559,0.0003,0.10185400396585464,0.0
13754.0,2055.0,35.0,0.05474141985177994,0.0003,0.10841119289398193,0.0
13755.0,2056.0,35.0,0.05197909101843834,0.0003,0.14364337921142578,0.0
13756.0,2057.0,35.0,0.04255828261375427,0.0003,0.11409194767475128,0.0
13757.0,2058.0,35.0,0.06309181451797485,0.0003,0.12123717367649078,0.0
13758.0,2059.0,35.0,0.05833075940608978,0.0003,0.12564808130264282,0.0
13759.0,2060.0,35.0,0.07130875438451767,0.0003,0.1372693032026291,0.0
13760.0,2061.0,35.0,0.0546766072511673,0.0003,0.11756135523319244,0.0
13761.0,2062.0,35.0,0.06139674782752991,0.0003,0.09327507019042969,0.0
13762.0,2063.0,35.0,0.05547727644443512,0.0003,0.04694918170571327,0.0
13763.0,2064.0,35.0,0.06208702176809311,0.0003,0.1169879361987114,0.0
13764.0,2065.0,35.0,0.05923246219754219,0.0003,0.09420185536146164,0.0
13765.0,2066.0,35.0,0.06765386462211609,0.0003,0.06940605491399765,0.0
13766.0,2067.0,35.0,0.055410049855709076,0.0003,0.04822432994842529,0.0
13767.0,2068.0,35.0,0.05702940374612808,0.0003,0.1066024899482727,0.0
13768.0,2069.0,35.0,0.057930052280426025,0.0003,0.08352059870958328,0.0
13769.0,2070.0,35.0,0.06381331384181976,0.0003,0.0645320937037468,0.0
13770.0,2071.0,35.0,0.047130029648542404,0.0003,0.05423383042216301,0.0
13771.0,2072.0,35.0,0.054740987718105316,0.0003,0.04823248088359833,0.0
13772.0,2073.0,35.0,0.0642470270395279,0.0003,0.06502746045589447,0.0
13773.0,2074.0,35.0,0.05147046595811844,0.0003,0.04496559128165245,0.0
13774.0,2075.0,35.0,0.05903623625636101,0.0003,0.04142732545733452,0.0
13775.0,2076.0,35.0,0.046823084354400635,0.0003,0.05656135827302933,0.0
13776.0,2077.0,35.0,0.05617136508226395,0.0003,0.04169647768139839,0.0
13777.0,2078.0,35.0,0.05383859574794769,0.0003,0.11680728942155838,0.0
13778.0,2079.0,35.0,0.05439257249236107,0.0003,0.13306649029254913,0.0
13779.0,2080.0,35.0,0.05984518304467201,0.0003,0.054115403443574905,0.0
13780.0,2081.0,35.0,0.06771233677864075,0.0003,0.12336571514606476,0.0
13781.0,2082.0,35.0,0.04208755120635033,0.0003,0.06795694679021835,0.0
13782.0,2083.0,35.0,0.05851457267999649,0.0003,0.13811402022838593,0.0
13783.0,2084.0,35.0,0.054588112980127335,0.0003,0.06558975577354431,0.0
13784.0,2085.0,35.0,0.055559754371643066,0.0003,0.16051772236824036,0.0
13785.0,2086.0,35.0,0.06260327994823456,0.0003,0.08175773173570633,0.0
13786.0,2087.0,35.0,0.06565439701080322,0.0003,0.14718005061149597,0.0
13787.0,2088.0,35.0,0.07511947304010391,0.0003,0.07184285670518875,0.0
13788.0,2089.0,35.0,0.0594019889831543,0.0003,0.08439528942108154,0.0
13789.0,2090.0,35.0,0.045009054243564606,0.0003,0.0993996411561966,0.0
13790.0,2091.0,35.0,0.05661073327064514,0.0003,0.06498003005981445,0.0
13791.0,2092.0,35.0,0.07006654888391495,0.0003,0.18995389342308044,0.0
13792.0,2093.0,35.0,0.04432283714413643,0.0003,0.06070004031062126,0.0
13793.0,2094.0,35.0,0.05046343430876732,0.0003,0.20807872712612152,0.0
13794.0,2095.0,35.0,0.057615213096141815,0.0003,0.06256493926048279,0.0
13795.0,2096.0,35.0,0.05005315691232681,0.0003,0.1857444941997528,0.0
13796.0,2097.0,35.0,0.056038640439510345,0.0003,0.1183524951338768,0.0
13797.0,2098.0,35.0,0.05894208699464798,0.0003,0.20657534897327423,0.0
13798.0,2099.0,35.0,0.05437667667865753,0.0003,0.15677422285079956,0.0
13799.0,2100.0,35.0,0.05163571238517761,0.0003,0.18427149951457977,0.0
13800.0,2101.0,35.0,0.05238829553127289,0.0003,0.11285475641489029,0.0
13801.0,2102.0,35.0,0.04742584377527237,0.0003,0.19458581507205963,0.0
13802.0,2103.0,35.0,0.04654751718044281,0.0003,0.04139474779367447,0.0
13803.0,2104.0,35.0,0.0786498636007309,0.0003,0.21140433847904205,0.0
13804.0,2105.0,35.0,0.05645233765244484,0.0003,0.08127293735742569,0.0
13805.0,2106.0,35.0,0.05516357719898224,0.0003,0.15214940905570984,0.0
13806.0,2107.0,35.0,0.062418073415756226,0.0003,0.03961498290300369,0.0
13807.0,2108.0,35.0,0.06023057922720909,0.0003,0.2134951800107956,0.0
13808.0,2109.0,35.0,0.04587426409125328,0.0003,0.11105078458786011,0.0
13809.0,2110.0,35.0,0.055338069796562195,0.0003,0.14910069108009338,0.0
13810.0,2111.0,35.0,0.0578468032181263,0.0003,0.05990526080131531,0.0
13811.0,2112.0,35.0,0.052995480597019196,0.0003,0.21435041725635529,0.0
13812.0,2113.0,35.0,0.06613635271787643,0.0003,0.1283043622970581,0.0
13813.0,2114.0,35.0,0.06133212894201279,0.0003,0.13293391466140747,0.0
13814.0,2115.0,35.0,0.05781564116477966,0.0003,0.0763777643442154,0.0
13815.0,2116.0,35.0,0.07013524323701859,0.0003,0.11434661597013474,0.0
13816.0,2117.0,35.0,0.06420180201530457,0.0003,0.07762061059474945,0.0
13817.0,2118.0,35.0,0.06025407835841179,0.0003,0.07889962196350098,0.0
13818.0,2119.0,35.0,0.05609544366598129,0.0003,0.11728543788194656,0.0
13819.0,2120.0,35.0,0.049366265535354614,0.0003,0.03403346985578537,0.0
13820.0,2121.0,35.0,0.044597379863262177,0.0003,0.09041581302881241,0.0
13821.0,2122.0,35.0,0.06091627851128578,0.0003,0.09655425697565079,0.0
13822.0,2123.0,35.0,0.05165116488933563,0.0003,0.08893952518701553,0.0
13823.0,2124.0,35.0,0.06656169146299362,0.0003,0.10311207920312881,0.0
13824.0,2125.0,35.0,0.04931388050317764,0.0003,0.02789745293557644,0.0
13825.0,2126.0,35.0,0.07290692627429962,0.0003,0.12807142734527588,0.0
13826.0,2127.0,35.0,0.04294125735759735,0.0003,0.07303236424922943,0.0
13827.0,2128.0,35.0,0.05131698399782181,0.0003,0.11288410425186157,0.0
13828.0,2129.0,35.0,0.05572405084967613,0.0003,0.1480569839477539,0.0
13829.0,2130.0,35.0,0.04978935793042183,0.0003,0.14387398958206177,0.0
13830.0,2131.0,35.0,0.054489243775606155,0.0003,0.16023752093315125,0.0
13831.0,2132.0,35.0,0.05966167151927948,0.0003,0.0789756253361702,0.0
13832.0,2133.0,35.0,0.05650299787521362,0.0003,0.19691450893878937,0.0
13833.0,2134.0,35.0,0.04880170524120331,0.0003,0.12281133234500885,0.0
13834.0,2135.0,35.0,0.07089969515800476,0.0003,0.22003160417079926,0.0
13835.0,2136.0,35.0,0.04949481040239334,0.0003,0.04891021549701691,0.0
13836.0,2137.0,35.0,0.05689533054828644,0.0003,0.1687096804380417,0.0
13837.0,2138.0,35.0,0.05320276692509651,0.0003,0.13458114862442017,0.0
13838.0,2139.0,35.0,0.06406506896018982,0.0003,0.16901394724845886,0.0
13839.0,2140.0,35.0,0.048498138785362244,0.0003,0.14750756323337555,0.0
13840.0,2141.0,35.0,0.044273585081100464,0.0003,0.11877211183309555,0.0
13841.0,2142.0,35.0,0.05440576374530792,0.0003,0.15133394300937653,0.0
13842.0,2143.0,35.0,0.05666680261492729,0.0003,0.1352173537015915,0.0
13843.0,2144.0,35.0,0.07544690370559692,0.0003,0.10316111892461777,0.0
13844.0,2145.0,35.0,0.05303846299648285,0.0003,0.11778609454631805,0.0
13845.0,2146.0,35.0,0.07063806056976318,0.0003,0.08551175147294998,0.0
13846.0,2147.0,35.0,0.06623843312263489,0.0003,0.054136794060468674,0.0
13847.0,2148.0,35.0,0.05475398898124695,0.0003,0.10878695547580719,0.0
13848.0,2149.0,35.0,0.04486315697431564,0.0003,0.09479960054159164,0.0
13849.0,2150.0,35.0,0.051700666546821594,0.0003,0.12336976081132889,0.0
13850.0,2151.0,35.0,0.05275319516658783,0.0003,0.061883922666311264,0.0
13851.0,2152.0,35.0,0.04044759273529053,0.0003,0.06361202895641327,0.0
13852.0,2153.0,35.0,0.060474708676338196,0.0003,0.05979108437895775,0.0
13853.0,2154.0,35.0,0.05311848968267441,0.0003,0.12046120315790176,0.0
13854.0,2155.0,35.0,0.05093572288751602,0.0003,0.06007157266139984,0.0
13855.0,2156.0,35.0,0.046743765473365784,0.0003,0.07124895602464676,0.0
13856.0,2157.0,35.0,0.043644651770591736,0.0003,0.13119082152843475,0.0
13857.0,2158.0,35.0,0.04868438094854355,0.0003,0.030853401869535446,0.0
13858.0,2159.0,35.0,0.046117477118968964,0.0003,0.17685885727405548,0.0
13859.0,2160.0,35.0,0.04089227318763733,0.0003,0.049277856945991516,0.0
13860.0,2161.0,35.0,0.041241228580474854,0.0003,0.17365410923957825,0.0
13861.0,2162.0,35.0,0.04718470945954323,0.0003,0.07421737909317017,0.0
13862.0,2163.0,35.0,0.056925781071186066,0.0003,0.16971389949321747,0.0
13863.0,2164.0,35.0,0.05098959058523178,0.0003,0.09105121344327927,0.0
13864.0,2165.0,35.0,0.06045892834663391,0.0003,0.15305553376674652,0.0
13865.0,2166.0,35.0,0.058483999222517014,0.0003,0.1108381450176239,0.0
13866.0,2167.0,35.0,0.06366365402936935,0.0003,0.10441821813583374,0.0
13867.0,2168.0,35.0,0.052222177386283875,0.0003,0.11841726303100586,0.0
13868.0,2169.0,35.0,0.05775567889213562,0.0003,0.08924897760152817,0.0
13869.0,2170.0,35.0,0.061013877391815186,0.0003,0.1527990996837616,0.0
13870.0,2171.0,35.0,0.06162551790475845,0.0003,0.1071627289056778,0.0
13871.0,2172.0,35.0,0.04970049113035202,0.0003,0.07437589019536972,0.0
13872.0,2173.0,35.0,0.04948019981384277,0.0003,0.0925789326429367,0.0
13873.0,2174.0,35.0,0.05917194485664368,0.0003,0.03676721081137657,0.0
13874.0,2175.0,35.0,0.06069570407271385,0.0003,0.11691633611917496,0.0
13875.0,2176.0,35.0,0.06213279440999031,0.0003,0.055337339639663696,0.0
13876.0,2177.0,35.0,0.0551285594701767,0.0003,0.09478510171175003,0.0
13877.0,2178.0,35.0,0.05861504003405571,0.0003,0.06769079715013504,0.0
13878.0,2179.0,35.0,0.052084390074014664,0.0003,0.10562979429960251,0.0
13879.0,2180.0,35.0,0.06325121223926544,0.0003,0.04795285686850548,0.0
13880.0,2181.0,35.0,0.053349874913692474,0.0003,0.04758629947900772,0.0
13881.0,2182.0,35.0,0.05037949979305267,0.0003,0.09947714954614639,0.0
13882.0,2183.0,35.0,0.056909315288066864,0.0003,0.0776229202747345,0.0
13883.0,2184.0,35.0,0.05250796675682068,0.0003,0.09515801817178726,0.0
13884.0,2185.0,35.0,0.06357041001319885,0.0003,0.06573157757520676,0.0
13885.0,2186.0,35.0,0.06510240584611893,0.0003,0.12884293496608734,0.0
13886.0,2187.0,35.0,0.05879507586359978,0.0003,0.126119926571846,0.0
13887.0,2188.0,35.0,0.054594263434410095,0.0003,0.144048273563385,0.0
13888.0,2189.0,35.0,0.06192391365766525,0.0003,0.08845715969800949,0.0
13889.0,2190.0,35.0,0.04939371347427368,0.0003,0.11718540638685226,0.0
13890.0,2191.0,35.0,0.052217308431863785,0.0003,0.05161188170313835,0.0
13891.0,2192.0,35.0,0.04830516129732132,0.0003,0.1699209064245224,0.0
13892.0,2193.0,35.0,0.06515105813741684,0.0003,0.11464978009462357,0.0
13893.0,2194.0,35.0,0.049162618815898895,0.0003,0.1696615219116211,0.0
13894.0,2195.0,35.0,0.049940384924411774,0.0003,0.11413952708244324,0.0
13895.0,2196.0,35.0,0.0587080717086792,0.0003,0.17997686564922333,0.0
13896.0,2197.0,35.0,0.06337994337081909,0.0003,0.14664141833782196,0.0
13897.0,2198.0,35.0,0.05444279685616493,0.0003,0.14682108163833618,0.0
13898.0,2199.0,35.0,0.04717271775007248,0.0003,0.18901732563972473,0.0
13899.0,2200.0,35.0,0.0562877394258976,0.0003,0.1437867134809494,0.0
13900.0,2201.0,35.0,0.04348498582839966,0.0003,0.18286529183387756,0.0
13901.0,2202.0,35.0,0.05273357033729553,0.0003,0.10364273935556412,0.0
13902.0,2203.0,35.0,0.0605684258043766,0.0003,0.09353357553482056,0.0
13903.0,2204.0,35.0,0.04659350961446762,0.0003,0.0627249926328659,0.0
13904.0,2205.0,35.0,0.057822369039058685,0.0003,0.04505472257733345,0.0
13905.0,2206.0,35.0,0.04979041963815689,0.0003,0.07719174027442932,0.0
13906.0,2207.0,35.0,0.0592847615480423,0.0003,0.0652015209197998,0.0
13907.0,2208.0,35.0,0.0622781366109848,0.0003,0.07372240722179413,0.0
13908.0,2209.0,35.0,0.053185295313596725,0.0003,0.12218660861253738,0.0
13909.0,2210.0,35.0,0.05349910259246826,0.0003,0.07398533821105957,0.0
13910.0,2211.0,35.0,0.06244548037648201,0.0003,0.04742850363254547,0.0
13911.0,2212.0,35.0,0.04968726634979248,0.0003,0.06486836820840836,0.0
13912.0,2213.0,35.0,0.05225042253732681,0.0003,0.06383150815963745,0.0
13913.0,2214.0,35.0,0.05630599707365036,0.0003,0.10546280443668365,0.0
13914.0,2215.0,35.0,0.0614171139895916,0.0003,0.0893266573548317,0.0
13915.0,2216.0,35.0,0.06713058799505234,0.0003,0.09047307819128036,0.0
13916.0,2217.0,35.0,0.048731885850429535,0.0003,0.10891075432300568,0.0
13917.0,2218.0,35.0,0.05471997708082199,0.0003,0.06286454200744629,0.0
13918.0,2219.0,35.0,0.052823588252067566,0.0003,0.1579403281211853,0.0
13919.0,2220.0,35.0,0.052472472190856934,0.0003,0.14262938499450684,0.0
13920.0,2221.0,35.0,0.0630054920911789,0.0003,0.1872033178806305,0.0
13921.0,2222.0,35.0,0.04879211634397507,0.0003,0.10039370507001877,0.0
13922.0,2223.0,35.0,0.06234169751405716,0.0003,0.14745289087295532,0.0
13923.0,2224.0,35.0,0.07851403951644897,0.0003,0.12252727895975113,0.0
13924.0,2225.0,35.0,0.057277463376522064,0.0003,0.14566084742546082,0.0
13925.0,2226.0,35.0,0.06351892650127411,0.0003,0.1724286824464798,0.0
13926.0,2227.0,35.0,0.056534554809331894,0.0003,0.06579858809709549,0.0
13927.0,2228.0,35.0,0.0589568167924881,0.0003,0.09092589467763901,0.0
13928.0,2229.0,35.0,0.06394095718860626,0.0003,0.15275338292121887,0.0
13929.0,2230.0,35.0,0.04393748939037323,0.0003,0.08695339411497116,0.0
13930.0,2231.0,35.0,0.057221703231334686,0.0003,0.1336464136838913,0.0
13931.0,2232.0,35.0,0.07156853377819061,0.0003,0.08746461570262909,0.0
13932.0,2233.0,35.0,0.051201410591602325,0.0003,0.14518466591835022,0.0
13933.0,2234.0,35.0,0.05264253169298172,0.0003,0.06378433853387833,0.0
13934.0,2235.0,35.0,0.05592898279428482,0.0003,0.10983342677354813,0.0
13935.0,2236.0,35.0,0.055333223193883896,0.0003,0.1325707882642746,0.0
13936.0,2237.0,35.0,0.06767021119594574,0.0003,0.09828468412160873,0.0
13937.0,2238.0,35.0,0.05653892457485199,0.0003,0.07973065972328186,0.0
13938.0,2239.0,35.0,0.05175887793302536,0.0003,0.10555616766214371,0.0
13939.0,2240.0,35.0,0.04987200349569321,0.0003,0.06939217448234558,0.0
13940.0,2241.0,35.0,0.05097011476755142,0.0003,0.07549696415662766,0.0
13941.0,2242.0,35.0,0.06472525000572205,0.0003,0.1280359923839569,0.0
13942.0,2243.0,35.0,0.05795168876647949,0.0003,0.06585901230573654,0.0
13943.0,2244.0,35.0,0.0473824068903923,0.0003,0.1473979949951172,0.0
13944.0,2245.0,35.0,0.051010724157094955,0.0003,0.1428215056657791,0.0
13945.0,2246.0,35.0,0.057091742753982544,0.0003,0.14194686710834503,0.0
13946.0,2247.0,35.0,0.047687165439128876,0.0003,0.13508424162864685,0.0
13947.0,2248.0,35.0,0.05613438040018082,0.0003,0.16304002702236176,0.0
13948.0,2249.0,35.0,0.053156640380620956,0.0003,0.18362516164779663,0.0
13949.0,2250.0,35.0,0.05969788879156113,0.0003,0.1365189254283905,0.0
13950.0,2251.0,35.0,0.05032189190387726,0.0003,0.16045249998569489,0.0
13951.0,2252.0,35.0,0.05424053221940994,0.0003,0.13007907569408417,0.0
13952.0,2253.0,35.0,0.05816087871789932,0.0003,0.1721462607383728,0.0
13953.0,2254.0,35.0,0.06550438702106476,0.0003,0.2773691713809967,0.0
13954.0,2255.0,35.0,0.05584033578634262,0.0003,0.15624096989631653,0.0
13955.0,2256.0,35.0,0.04942570999264717,0.0003,0.21347033977508545,0.0
13956.0,2257.0,35.0,0.05167335271835327,0.0003,0.19066420197486877,0.0
13957.0,2258.0,35.0,0.06508435308933258,0.0003,0.20883414149284363,0.0
13958.0,2259.0,35.0,0.05143893510103226,0.0003,0.23392415046691895,0.0
13959.0,2260.0,35.0,0.05832235515117645,0.0003,0.10492467135190964,0.0
13960.0,2261.0,35.0,0.058540623635053635,0.0003,0.2516289949417114,0.0
13961.0,2262.0,35.0,0.058142293244600296,0.0003,0.08732171356678009,0.0
13962.0,2263.0,35.0,0.05541223660111427,0.0003,0.2249804437160492,0.0
13963.0,2264.0,35.0,0.05444455146789551,0.0003,0.13696728646755219,0.0
13964.0,2265.0,35.0,0.0441933274269104,0.0003,0.1894664615392685,0.0
13965.0,2266.0,35.0,0.05399075895547867,0.0003,0.19380776584148407,0.0
13966.0,2267.0,35.0,0.058663371950387955,0.0003,0.0985037088394165,0.0
13967.0,2268.0,35.0,0.05094245448708534,0.0003,0.22708363831043243,0.0
13968.0,2269.0,35.0,0.051136985421180725,0.0003,0.09191640466451645,0.0
13969.0,2270.0,35.0,0.06338049471378326,0.0003,0.17398874461650848,0.0
13970.0,2271.0,35.0,0.05135305970907211,0.0003,0.15344688296318054,0.0
13971.0,2272.0,35.0,0.07302699983119965,0.0003,0.1350618153810501,0.0
13972.0,2273.0,35.0,0.05658644437789917,0.0003,0.1663580685853958,0.0
13973.0,2274.0,35.0,0.056468792259693146,0.0003,0.08167337626218796,0.0
13974.0,2275.0,35.0,0.07254841923713684,0.0003,0.16945241391658783,0.0
13975.0,2276.0,35.0,0.05917384475469589,0.0003,0.06664194911718369,0.0
13976.0,2277.0,35.0,0.04414955899119377,0.0003,0.19177460670471191,0.0
13977.0,2278.0,35.0,0.049367405474185944,0.0003,0.05539305880665779,0.0
13978.0,2279.0,35.0,0.0687200129032135,0.0003,0.08547347784042358,0.0
13979.0,2280.0,35.0,0.05500520020723343,0.0003,0.09873216599225998,0.0
13980.0,2281.0,35.0,0.04294958710670471,0.0003,0.07717521488666534,0.0
13981.0,2282.0,35.0,0.04440787062048912,0.0003,0.15958504378795624,0.0
13982.0,2283.0,35.0,0.07005300372838974,0.0003,0.11763860285282135,0.0
13983.0,2284.0,35.0,0.055682823061943054,0.0003,0.11113883554935455,0.0
13984.0,2285.0,35.0,0.06155066937208176,0.0003,0.13084909319877625,0.0
13985.0,2286.0,35.0,0.06386497616767883,0.0003,0.12098833173513412,0.0
13986.0,2287.0,35.0,0.06022343039512634,0.0003,0.09054972231388092,0.0
13987.0,2288.0,35.0,0.059126418083906174,0.0003,0.13739532232284546,0.0
13988.0,2289.0,35.0,0.062411025166511536,0.0003,0.09195687621831894,0.0
13989.0,2290.0,35.0,0.06303389370441437,0.0003,0.17491906881332397,0.0
13990.0,2291.0,35.0,0.058540038764476776,0.0003,0.07112832367420197,0.0
13991.0,2292.0,35.0,0.054232776165008545,0.0003,0.0920419991016388,0.0
13992.0,2293.0,35.0,0.047949954867362976,0.0003,0.12078599631786346,0.0
13993.0,2294.0,35.0,0.047267310321331024,0.0003,0.1273823380470276,0.0
13994.0,2295.0,35.0,0.06416486203670502,0.0003,0.07062109559774399,0.0
13995.0,2296.0,35.0,0.05662727355957031,0.0003,0.08588221669197083,0.0
13996.0,2297.0,35.0,0.05453617870807648,0.0003,0.08703342825174332,0.0
13997.0,2298.0,35.0,0.04639375954866409,0.0003,0.08383096009492874,0.0
13998.0,2299.0,35.0,0.053766265511512756,0.0003,0.12274900823831558,0.0
13999.0,2300.0,35.0,0.052405305206775665,0.0003,0.06994549930095673,0.0
14000.0,2301.0,35.0,0.05098259449005127,0.0003,0.1436471790075302,0.0
14001.0,2302.0,35.0,0.058468833565711975,0.0003,0.11048375815153122,0.0
14002.0,2303.0,35.0,0.04947257786989212,0.0003,0.11836234480142593,0.0
14003.0,2304.0,35.0,0.056032150983810425,0.0003,0.12680448591709137,0.0
14004.0,2305.0,35.0,0.05029572546482086,0.0003,0.1378181278705597,0.0
14005.0,2306.0,35.0,0.042110227048397064,0.0003,0.1327427178621292,0.0
14006.0,2307.0,35.0,0.06340627372264862,0.0003,0.13347436487674713,0.0
14007.0,2308.0,35.0,0.04937520623207092,0.0003,0.11962553858757019,0.0
14008.0,2309.0,35.0,0.05760562792420387,0.0003,0.13306967914104462,0.0
14009.0,2310.0,35.0,0.0646115243434906,0.0003,0.07190481573343277,0.0
14010.0,2311.0,35.0,0.06885705143213272,0.0003,0.07275309413671494,0.0
14011.0,2312.0,35.0,0.06563930958509445,0.0003,0.11253605782985687,0.0
14012.0,2313.0,35.0,0.0524037666618824,0.0003,0.052916672080755234,0.0
14013.0,2314.0,35.0,0.05088730901479721,0.0003,0.12215103954076767,0.0
14014.0,2315.0,35.0,0.0566863939166069,0.0003,0.050727684050798416,0.0
14015.0,2316.0,35.0,0.04671749845147133,0.0003,0.11479378491640091,0.0
14016.0,2317.0,35.0,0.04776130989193916,0.0003,0.11895092576742172,0.0
14017.0,2318.0,35.0,0.05407756567001343,0.0003,0.1305016577243805,0.0
14018.0,2319.0,35.0,0.060871995985507965,0.0003,0.0881102904677391,0.0
14019.0,2320.0,35.0,0.05216947942972183,0.0003,0.14377067983150482,0.0
14020.0,2321.0,35.0,0.068337082862854,0.0003,0.13818752765655518,0.0
14021.0,2322.0,35.0,0.04409988224506378,0.0003,0.10535486787557602,0.0
14022.0,2323.0,35.0,0.05888744816184044,0.0003,0.04780595749616623,0.0
14023.0,2324.0,35.0,0.05489315837621689,0.0003,0.13153612613677979,0.0
14024.0,2325.0,35.0,0.05550314858555794,0.0003,0.09769589453935623,0.0
14025.0,2326.0,35.0,0.04378373548388481,0.0003,0.11375688761472702,0.0
14026.0,2327.0,35.0,0.05954503268003464,0.0003,0.08313949406147003,0.0
14027.0,2328.0,35.0,0.05181308463215828,0.0003,0.0920364260673523,0.0
14028.0,2329.0,35.0,0.06414361298084259,0.0003,0.16656222939491272,0.0
14029.0,2330.0,35.0,0.05297831818461418,0.0003,0.1231391504406929,0.0
14030.0,2331.0,35.0,0.05959892272949219,0.0003,0.09681262075901031,0.0
14031.0,2332.0,35.0,0.0509452149271965,0.0003,0.1433275043964386,0.0
14032.0,2333.0,35.0,0.05621122941374779,0.0003,0.10234059393405914,0.0
14033.0,2334.0,35.0,0.056844562292099,0.0003,0.12999561429023743,0.0
14034.0,2335.0,35.0,0.060062795877456665,0.0003,0.0410756915807724,0.0
14035.0,2336.0,35.0,0.046716876327991486,0.0003,0.12872236967086792,0.0
14036.0,2337.0,35.0,0.060697540640830994,0.0003,0.09009085595607758,0.0
14037.0,2338.0,35.0,0.052689746022224426,0.0003,0.13380540907382965,0.0
14038.0,2339.0,35.0,0.06373398751020432,0.0003,0.1031084731221199,0.0
14039.0,2340.0,35.0,0.054662372916936874,0.0003,0.12108658999204636,0.0
14040.0,2341.0,36.0,0.04997994750738144,0.0003,0.17251770198345184,0.0
14041.0,2342.0,36.0,0.05311795696616173,0.0003,0.12295622378587723,0.0
14042.0,2343.0,36.0,0.053055573254823685,0.0003,0.1896587759256363,0.0
14043.0,2344.0,36.0,0.053907111287117004,0.0003,0.14853228628635406,0.0
14044.0,2345.0,36.0,0.061879999935626984,0.0003,0.16496868431568146,0.0
14045.0,2346.0,36.0,0.043567657470703125,0.0003,0.09655459970235825,0.0
14046.0,2347.0,36.0,0.05705609917640686,0.0003,0.15593703091144562,0.0
14047.0,2348.0,36.0,0.05673064664006233,0.0003,0.06298892199993134,0.0
14048.0,2349.0,36.0,0.05100196972489357,0.0003,0.1482144296169281,0.0
14049.0,2350.0,36.0,0.06254419684410095,0.0003,0.11664193123579025,0.0
14050.0,2351.0,36.0,0.055534087121486664,0.0003,0.15529775619506836,0.0
14051.0,2352.0,36.0,0.053217124193906784,0.0003,0.10558945685625076,0.0
14052.0,2353.0,36.0,0.060502178966999054,0.0003,0.11642908304929733,0.0
14053.0,2354.0,36.0,0.06612838804721832,0.0003,0.11606951802968979,0.0
14054.0,2355.0,36.0,0.04982852563261986,0.0003,0.07276211678981781,0.0
14055.0,2356.0,36.0,0.05108783766627312,0.0003,0.09564075618982315,0.0
14056.0,2357.0,36.0,0.06956380605697632,0.0003,0.0701184943318367,0.0
14057.0,2358.0,36.0,0.0759795606136322,0.0003,0.15369057655334473,0.0
14058.0,2359.0,36.0,0.06054537370800972,0.0003,0.049398671835660934,0.0
14059.0,2360.0,36.0,0.05502776801586151,0.0003,0.12797512114048004,0.0
14060.0,2361.0,36.0,0.0609603226184845,0.0003,0.04177618771791458,0.0
14061.0,2362.0,36.0,0.06406936049461365,0.0003,0.0940743163228035,0.0
14062.0,2363.0,36.0,0.04881039261817932,0.0003,0.1118314117193222,0.0
14063.0,2364.0,36.0,0.06892561912536621,0.0003,0.09993163496255875,0.0
14064.0,2365.0,36.0,0.04484134912490845,0.0003,0.15385425090789795,0.0
14065.0,2366.0,36.0,0.05664033815264702,0.0003,0.12330317497253418,0.0
14066.0,2367.0,36.0,0.06248489022254944,0.0003,0.10090192407369614,0.0
14067.0,2368.0,36.0,0.047977689653635025,0.0003,0.06827039271593094,0.0
14068.0,2369.0,36.0,0.05378230661153793,0.0003,0.09861566871404648,0.0
14069.0,2370.0,36.0,0.06009748950600624,0.0003,0.1408136487007141,0.0
14070.0,2371.0,36.0,0.04706480726599693,0.0003,0.12346804141998291,0.0
14071.0,2372.0,36.0,0.046170227229595184,0.0003,0.20546483993530273,0.0
14072.0,2373.0,36.0,0.06459221988916397,0.0003,0.07683585584163666,0.0
14073.0,2374.0,36.0,0.06313381344079971,0.0003,0.16722315549850464,0.0
14074.0,2375.0,36.0,0.04362577199935913,0.0003,0.1280107945203781,0.0
14075.0,2376.0,36.0,0.06781202554702759,0.0003,0.12985889613628387,0.0
14076.0,2377.0,36.0,0.06516271829605103,0.0003,0.11506470292806625,0.0
14077.0,2378.0,36.0,0.058210551738739014,0.0003,0.05721767246723175,0.0
14078.0,2379.0,36.0,0.05382762476801872,0.0003,0.16310398280620575,0.0
14079.0,2380.0,36.0,0.06660580635070801,0.0003,0.10993501543998718,0.0
14080.0,2381.0,36.0,0.05821431428194046,0.0003,0.1441076546907425,0.0
14081.0,2382.0,36.0,0.06599751859903336,0.0003,0.15633954107761383,0.0
14082.0,2383.0,36.0,0.055173128843307495,0.0003,0.11096448451280594,0.0
14083.0,2384.0,36.0,0.06257551163434982,0.0003,0.15397366881370544,0.0
14084.0,2385.0,36.0,0.04979390650987625,0.0003,0.12111034244298935,0.0
14085.0,2386.0,36.0,0.05795682966709137,0.0003,0.08350063860416412,0.0
14086.0,2387.0,36.0,0.06843884289264679,0.0003,0.11200322210788727,0.0
14087.0,2388.0,36.0,0.06499139219522476,0.0003,0.13347415626049042,0.0
14088.0,2389.0,36.0,0.06365147978067398,0.0003,0.160342276096344,0.0
14088.0,2390.0,36.0,0.05323033779859543,0.0003,inf,1.0
14089.0,2391.0,36.0,0.05565742030739784,0.0003,0.096611887216568,0.0
14090.0,2392.0,36.0,0.06399230659008026,0.0003,0.1644604206085205,0.0
14091.0,2393.0,36.0,0.05893929302692413,0.0003,0.06827550381422043,0.0
14092.0,2394.0,36.0,0.049726344645023346,0.0003,0.15566447377204895,0.0
14093.0,2395.0,36.0,0.053001295775175095,0.0003,0.07912236452102661,0.0
14094.0,2396.0,36.0,0.05713173747062683,0.0003,0.1660500168800354,0.0
14095.0,2397.0,36.0,0.056717582046985626,0.0003,0.07859291881322861,0.0
14096.0,2398.0,36.0,0.0507497601211071,0.0003,0.11414024233818054,0.0
14097.0,2399.0,36.0,0.05814410001039505,0.0003,0.1017397865653038,0.0
14098.0,2400.0,36.0,0.057631928473711014,0.0003,0.05771837756037712,0.0
14099.0,2401.0,36.0,0.05131298676133156,0.0003,0.1327219009399414,0.0
14100.0,2402.0,36.0,0.05952221527695656,0.0003,0.070614755153656,0.0
14101.0,2403.0,36.0,0.052817169576883316,0.0003,0.11428177356719971,0.0
14102.0,2404.0,36.0,0.05048952251672745,0.0003,0.08212234824895859,0.0
14103.0,2405.0,36.0,0.05881139263510704,0.0003,0.08178672194480896,0.0
14104.0,2406.0,36.0,0.04995403066277504,0.0003,0.07138564437627792,0.0
14105.0,2407.0,36.0,0.06211137771606445,0.0003,0.03855312988162041,0.0
14106.0,2408.0,36.0,0.05569947138428688,0.0003,0.09029305726289749,0.0
14107.0,2409.0,36.0,0.06216300278902054,0.0003,0.09014858305454254,0.0
14108.0,2410.0,36.0,0.046457380056381226,0.0003,0.09310738742351532,0.0
14109.0,2411.0,36.0,0.051360614597797394,0.0003,0.08337131142616272,0.0
14110.0,2412.0,36.0,0.05893827974796295,0.0003,0.09851314127445221,0.0
14111.0,2413.0,36.0,0.061590153723955154,0.0003,0.14815086126327515,0.0
14112.0,2414.0,36.0,0.061183229088783264,0.0003,0.13173669576644897,0.0
14113.0,2415.0,36.0,0.05320461466908455,0.0003,0.11025243252515793,0.0
14114.0,2416.0,36.0,0.06681807339191437,0.0003,0.13728854060173035,0.0
14115.0,2417.0,36.0,0.048489369451999664,0.0003,0.09831751137971878,0.0
14116.0,2418.0,36.0,0.052131518721580505,0.0003,0.11237342655658722,0.0
14117.0,2419.0,36.0,0.053546514362096786,0.0003,0.06166907027363777,0.0
14118.0,2420.0,36.0,0.05117947235703468,0.0003,0.07366648316383362,0.0
14119.0,2421.0,36.0,0.05759825184941292,0.0003,0.0980713963508606,0.0
14120.0,2422.0,36.0,0.05719409137964249,0.0003,0.044185589998960495,0.0
14121.0,2423.0,36.0,0.05101822316646576,0.0003,0.1331227421760559,0.0
14122.0,2424.0,36.0,0.056190699338912964,0.0003,0.12591706216335297,0.0
14123.0,2425.0,36.0,0.06239362806081772,0.0003,0.15828105807304382,0.0
14124.0,2426.0,36.0,0.04876080900430679,0.0003,0.1374548375606537,0.0
14125.0,2427.0,36.0,0.06302743405103683,0.0003,0.09218820184469223,0.0
14126.0,2428.0,36.0,0.05307110399007797,0.0003,0.13217803835868835,0.0
14127.0,2429.0,36.0,0.05959412455558777,0.0003,0.05326929688453674,0.0
14128.0,2430.0,36.0,0.05483894795179367,0.0003,0.16163943707942963,0.0
14129.0,2431.0,36.0,0.04864082485437393,0.0003,0.07017039507627487,0.0
14130.0,2432.0,36.0,0.060178518295288086,0.0003,0.15198834240436554,0.0
14131.0,2433.0,36.0,0.052825767546892166,0.0003,0.05258166790008545,0.0
14132.0,2434.0,36.0,0.05227184668183327,0.0003,0.0880330502986908,0.0
14133.0,2435.0,36.0,0.05011653155088425,0.0003,0.056057728826999664,0.0
14134.0,2436.0,36.0,0.06556971371173859,0.0003,0.04205537587404251,0.0
14135.0,2437.0,36.0,0.05406830459833145,0.0003,0.07418814301490784,0.0
14136.0,2438.0,36.0,0.07248848676681519,0.0003,0.04163277521729469,0.0
14137.0,2439.0,36.0,0.05762188881635666,0.0003,0.09274186193943024,0.0
14138.0,2440.0,36.0,0.06063958257436752,0.0003,0.054462917149066925,0.0
14139.0,2441.0,36.0,0.03971388563513756,0.0003,0.17143680155277252,0.0
14140.0,2442.0,36.0,0.06237296387553215,0.0003,0.0681937113404274,0.0
14141.0,2443.0,36.0,0.05933220311999321,0.0003,0.09587903320789337,0.0
14142.0,2444.0,36.0,0.05727331340312958,0.0003,0.06358954310417175,0.0
14143.0,2445.0,36.0,0.0629144236445427,0.0003,0.07799619436264038,0.0
14144.0,2446.0,36.0,0.04364489018917084,0.0003,0.09289000183343887,0.0
14145.0,2447.0,36.0,0.057172179222106934,0.0003,0.07153341174125671,0.0
14146.0,2448.0,36.0,0.06779150664806366,0.0003,0.10591546446084976,0.0
14147.0,2449.0,36.0,0.055980533361434937,0.0003,0.13979074358940125,0.0
14148.0,2450.0,36.0,0.06862300634384155,0.0003,0.06837564706802368,0.0
14149.0,2451.0,36.0,0.06532225012779236,0.0003,0.09022969007492065,0.0
14150.0,2452.0,36.0,0.06521712243556976,0.0003,0.13093340396881104,0.0
14151.0,2453.0,36.0,0.06374654173851013,0.0003,0.08192763477563858,0.0
14152.0,2454.0,36.0,0.045716043561697006,0.0003,0.06893286854028702,0.0
14153.0,2455.0,36.0,0.05663822963833809,0.0003,0.13857130706310272,0.0
14154.0,2456.0,36.0,0.05378059297800064,0.0003,0.11631570756435394,0.0
14155.0,2457.0,36.0,0.058533936738967896,0.0003,0.08025054633617401,0.0
14156.0,2458.0,36.0,0.04980538785457611,0.0003,0.09259302169084549,0.0
14157.0,2459.0,36.0,0.05056912079453468,0.0003,0.15138934552669525,0.0
14158.0,2460.0,36.0,0.051551274955272675,0.0003,0.15941403806209564,0.0
14159.0,2461.0,36.0,0.054772697389125824,0.0003,0.20072634518146515,0.0
14160.0,2462.0,36.0,0.05600174888968468,0.0003,0.16044090688228607,0.0
14161.0,2463.0,36.0,0.042318396270275116,0.0003,0.19519160687923431,0.0
14162.0,2464.0,36.0,0.06212404742836952,0.0003,0.13948771357536316,0.0
14163.0,2465.0,36.0,0.05345948040485382,0.0003,0.14767369627952576,0.0
14164.0,2466.0,36.0,0.06169981509447098,0.0003,0.09726764261722565,0.0
14165.0,2467.0,36.0,0.05558805167675018,0.0003,0.12526904046535492,0.0
14166.0,2468.0,36.0,0.06105684116482735,0.0003,0.07112359255552292,0.0
14167.0,2469.0,36.0,0.06055019050836563,0.0003,0.09820553660392761,0.0
14168.0,2470.0,36.0,0.05281529948115349,0.0003,0.07509410381317139,0.0
14169.0,2471.0,36.0,0.06713443994522095,0.0003,0.17125028371810913,0.0
14170.0,2472.0,36.0,0.053606316447257996,0.0003,0.08529853820800781,0.0
14171.0,2473.0,36.0,0.05197715759277344,0.0003,0.14662355184555054,0.0
14172.0,2474.0,36.0,0.061531487852334976,0.0003,0.10779529064893723,0.0
14173.0,2475.0,36.0,0.0441429540514946,0.0003,0.04422099515795708,0.0
14174.0,2476.0,36.0,0.05604231357574463,0.0003,0.24415531754493713,0.0
14175.0,2477.0,36.0,0.056262221187353134,0.0003,0.061955686658620834,0.0
14176.0,2478.0,36.0,0.05257927626371384,0.0003,0.1781548410654068,0.0
14177.0,2479.0,36.0,0.048171356320381165,0.0003,0.11754513531923294,0.0
14178.0,2480.0,36.0,0.056708015501499176,0.0003,0.0957908108830452,0.0
14179.0,2481.0,36.0,0.053183700889348984,0.0003,0.16124245524406433,0.0
14180.0,2482.0,36.0,0.05478621646761894,0.0003,0.14692361652851105,0.0
14181.0,2483.0,36.0,0.058163080364465714,0.0003,0.17321215569972992,0.0
14182.0,2484.0,36.0,0.04987506568431854,0.0003,0.15481679141521454,0.0
14183.0,2485.0,36.0,0.05866454914212227,0.0003,0.16755527257919312,0.0
14184.0,2486.0,36.0,0.06398940086364746,0.0003,0.08763647824525833,0.0
14185.0,2487.0,36.0,0.055104415863752365,0.0003,0.21195058524608612,0.0
14186.0,2488.0,36.0,0.06010686606168747,0.0003,0.1240839883685112,0.0
14187.0,2489.0,36.0,0.050254613161087036,0.0003,0.2062627673149109,0.0
14188.0,2490.0,36.0,0.050310030579566956,0.0003,0.07024906575679779,0.0
14189.0,2491.0,36.0,0.05536675453186035,0.0003,0.12588946521282196,0.0
14190.0,2492.0,36.0,0.05482424795627594,0.0003,0.12432179600000381,0.0
14191.0,2493.0,36.0,0.056193266063928604,0.0003,0.08923520147800446,0.0
14192.0,2494.0,36.0,0.06562051177024841,0.0003,0.11914631724357605,0.0
14193.0,2495.0,36.0,0.05897146090865135,0.0003,0.07632586359977722,0.0
14194.0,2496.0,36.0,0.04933982342481613,0.0003,0.11369935423135757,0.0
14195.0,2497.0,36.0,0.054830193519592285,0.0003,0.052159566432237625,0.0
14196.0,2498.0,36.0,0.0726110190153122,0.0003,0.13781021535396576,0.0
14197.0,2499.0,36.0,0.04755750298500061,0.0003,0.12345341593027115,0.0
14198.0,2500.0,36.0,0.06329941749572754,0.0003,0.12055058777332306,0.0
14199.0,2501.0,36.0,0.05618875473737717,0.0003,0.18093329668045044,0.0
14200.0,2502.0,36.0,0.06287498772144318,0.0003,0.14054988324642181,0.0
14201.0,2503.0,36.0,0.06007471680641174,0.0003,0.23553065955638885,0.0
14202.0,2504.0,36.0,0.04093020409345627,0.0003,0.19316637516021729,0.0
14203.0,2505.0,36.0,0.05115162953734398,0.0003,0.2026851773262024,0.0
14204.0,2506.0,36.0,0.07095298916101456,0.0003,0.24577951431274414,0.0
14205.0,2507.0,36.0,0.06995110213756561,0.0003,0.11388403177261353,0.0
14206.0,2508.0,36.0,0.05073585361242294,0.0003,0.2730397582054138,0.0
14207.0,2509.0,36.0,0.04714827984571457,0.0003,0.07414686679840088,0.0
14208.0,2510.0,36.0,0.051813043653964996,0.0003,0.243493914604187,0.0
14209.0,2511.0,36.0,0.060725994408130646,0.0003,0.17163914442062378,0.0
14210.0,2512.0,36.0,0.06732407212257385,0.0003,0.18928758800029755,0.0
14211.0,2513.0,36.0,0.051220256835222244,0.0003,0.12226662039756775,0.0
14212.0,2514.0,36.0,0.05910984426736832,0.0003,0.12139934301376343,0.0
14213.0,2515.0,36.0,0.061566077172756195,0.0003,0.1640687733888626,0.0
14214.0,2516.0,36.0,0.04382739216089249,0.0003,0.10477567464113235,0.0
14215.0,2517.0,36.0,0.06378895044326782,0.0003,0.10493433475494385,0.0
14216.0,2518.0,36.0,0.05062350630760193,0.0003,0.1795719414949417,0.0
14217.0,2519.0,36.0,0.052212655544281006,0.0003,0.10206606984138489,0.0
14218.0,2520.0,36.0,0.06116233021020889,0.0003,0.191298246383667,0.0
14219.0,2521.0,36.0,0.0639864057302475,0.0003,0.05358157679438591,0.0
14220.0,2522.0,36.0,0.06645368039608002,0.0003,0.1302136778831482,0.0
14221.0,2523.0,36.0,0.05413245037198067,0.0003,0.14824464917182922,0.0
14222.0,2524.0,36.0,0.05979909002780914,0.0003,0.12191493064165115,0.0
14223.0,2525.0,36.0,0.05924655497074127,0.0003,0.19372113049030304,0.0
14224.0,2526.0,36.0,0.05345308408141136,0.0003,0.08225893974304199,0.0
14225.0,2527.0,36.0,0.054497286677360535,0.0003,0.19936968386173248,0.0
14226.0,2528.0,36.0,0.043173499405384064,0.0003,0.03145157918334007,0.0
14227.0,2529.0,36.0,0.06208626180887222,0.0003,0.14744897186756134,0.0
14228.0,2530.0,36.0,0.05984773486852646,0.0003,0.110841765999794,0.0
14229.0,2531.0,36.0,0.055576689541339874,0.0003,0.038785435259342194,0.0
14230.0,2532.0,36.0,0.06735549122095108,0.0003,0.15429556369781494,0.0
14231.0,2533.0,36.0,0.06272490322589874,0.0003,0.10253527015447617,0.0
14232.0,2534.0,36.0,0.0490090548992157,0.0003,0.17328934371471405,0.0
14233.0,2535.0,36.0,0.05347176268696785,0.0003,0.14573027193546295,0.0
14234.0,2536.0,36.0,0.05508284643292427,0.0003,0.1515948325395584,0.0
14235.0,2537.0,36.0,0.05890882760286331,0.0003,0.19998154044151306,0.0
14236.0,2538.0,36.0,0.05295484513044357,0.0003,0.10482099652290344,0.0
14237.0,2539.0,36.0,0.06988394260406494,0.0003,0.1559707373380661,0.0
14238.0,2540.0,36.0,0.06797567009925842,0.0003,0.12358429282903671,0.0
14239.0,2541.0,36.0,0.04193419963121414,0.0003,0.17761702835559845,0.0
14240.0,2542.0,36.0,0.058200422674417496,0.0003,0.1199277713894844,0.0
14241.0,2543.0,36.0,0.05062263458967209,0.0003,0.15400324761867523,0.0
14242.0,2544.0,36.0,0.04152076691389084,0.0003,0.1343182921409607,0.0
14243.0,2545.0,36.0,0.05318494141101837,0.0003,0.15797430276870728,0.0
14244.0,2546.0,36.0,0.05491168424487114,0.0003,0.1508415937423706,0.0
14245.0,2547.0,36.0,0.051058705896139145,0.0003,0.1678813397884369,0.0
14246.0,2548.0,36.0,0.05230505391955376,0.0003,0.13877654075622559,0.0
14247.0,2549.0,36.0,0.061494238674640656,0.0003,0.14347095787525177,0.0
14248.0,2550.0,36.0,0.053603578358888626,0.0003,0.17004787921905518,0.0
14249.0,2551.0,36.0,0.05216790735721588,0.0003,0.19777877628803253,0.0
14250.0,2552.0,36.0,0.052883751690387726,0.0003,0.14254294335842133,0.0
14251.0,2553.0,36.0,0.049856774508953094,0.0003,0.19270910322666168,0.0
14252.0,2554.0,36.0,0.07073655724525452,0.0003,0.09675396978855133,0.0
14253.0,2555.0,36.0,0.06414914131164551,0.0003,0.1631334125995636,0.0
14254.0,2556.0,36.0,0.057639531791210175,0.0003,0.09673681110143661,0.0
14255.0,2557.0,36.0,0.054093942046165466,0.0003,0.1320570856332779,0.0
14256.0,2558.0,36.0,0.0687192976474762,0.0003,0.10511120408773422,0.0
14257.0,2559.0,36.0,0.07994024455547333,0.0003,0.10712036490440369,0.0
14258.0,2560.0,36.0,0.06130102649331093,0.0003,0.10794571042060852,0.0
14259.0,2561.0,36.0,0.06069812923669815,0.0003,0.06220092251896858,0.0
14260.0,2562.0,36.0,0.054633185267448425,0.0003,0.10352952778339386,0.0
14261.0,2563.0,36.0,0.049711234867572784,0.0003,0.05486038699746132,0.0
14262.0,2564.0,36.0,0.0444464236497879,0.0003,0.07313191890716553,0.0
14263.0,2565.0,36.0,0.05633997917175293,0.0003,0.08805563300848007,0.0
14264.0,2566.0,36.0,0.05481310188770294,0.0003,0.07530473172664642,0.0
14265.0,2567.0,36.0,0.058960914611816406,0.0003,0.08628565818071365,0.0
14266.0,2568.0,36.0,0.06163002923130989,0.0003,0.11930335313081741,0.0
14267.0,2569.0,36.0,0.05492804944515228,0.0003,0.0677962601184845,0.0
14268.0,2570.0,36.0,0.05620604008436203,0.0003,0.10862666368484497,0.0
14269.0,2571.0,36.0,0.055885691195726395,0.0003,0.07856924831867218,0.0
14270.0,2572.0,36.0,0.046223655343055725,0.0003,0.09022335708141327,0.0
14271.0,2573.0,36.0,0.05447075515985489,0.0003,0.04690941795706749,0.0
14272.0,2574.0,36.0,0.05137467384338379,0.0003,0.08976225554943085,0.0
14273.0,2575.0,36.0,0.060426149517297745,0.0003,0.0885825976729393,0.0
14274.0,2576.0,36.0,0.058200396597385406,0.0003,0.13688506186008453,0.0
14275.0,2577.0,36.0,0.06263773888349533,0.0003,0.09355416148900986,0.0
14276.0,2578.0,36.0,0.07426270842552185,0.0003,0.08298300951719284,0.0
14277.0,2579.0,36.0,0.04921872168779373,0.0003,0.11518488079309464,0.0
14278.0,2580.0,36.0,0.05616677552461624,0.0003,0.06466839462518692,0.0
14279.0,2581.0,36.0,0.05989715829491615,0.0003,0.15152199566364288,0.0
14280.0,2582.0,36.0,0.0629628375172615,0.0003,0.06551600992679596,0.0
14281.0,2583.0,36.0,0.0573292076587677,0.0003,0.12482842803001404,0.0
14282.0,2584.0,36.0,0.05805658549070358,0.0003,0.11896799504756927,0.0
14283.0,2585.0,36.0,0.04610462486743927,0.0003,0.16188526153564453,0.0
14284.0,2586.0,36.0,0.05591883137822151,0.0003,0.10493982583284378,0.0
14285.0,2587.0,36.0,0.05551402270793915,0.0003,0.15844085812568665,0.0
14286.0,2588.0,36.0,0.05393674597144127,0.0003,0.1424594670534134,0.0
14287.0,2589.0,36.0,0.06009922921657562,0.0003,0.14899106323719025,0.0
14288.0,2590.0,36.0,0.059004057198762894,0.0003,0.11607062816619873,0.0
14289.0,2591.0,36.0,0.053389955312013626,0.0003,0.08581748604774475,0.0
14290.0,2592.0,36.0,0.05339924246072769,0.0003,0.18461348116397858,0.0
14291.0,2593.0,36.0,0.054882198572158813,0.0003,0.08944281190633774,0.0
14292.0,2594.0,36.0,0.04737863689661026,0.0003,0.20603661239147186,0.0
14293.0,2595.0,36.0,0.04967199265956879,0.0003,0.10515980422496796,0.0
14294.0,2596.0,36.0,0.04856345057487488,0.0003,0.17038583755493164,0.0
14295.0,2597.0,36.0,0.0427110493183136,0.0003,0.18189719319343567,0.0
14296.0,2598.0,36.0,0.0506758876144886,0.0003,0.21760334074497223,0.0
14297.0,2599.0,36.0,0.05393755063414574,0.0003,0.18275126814842224,0.0
14298.0,2600.0,36.0,0.07154223322868347,0.0003,0.101015605032444,0.0
14299.0,2601.0,36.0,0.05369053781032562,0.0003,0.21914203464984894,0.0
14300.0,2602.0,36.0,0.07083681970834732,0.0003,0.13352611660957336,0.0
14301.0,2603.0,36.0,0.0554610975086689,0.0003,0.28109264373779297,0.0
14302.0,2604.0,36.0,0.0669502466917038,0.0003,0.13401338458061218,0.0
14303.0,2605.0,36.0,0.051622673869132996,0.0003,0.16958095133304596,0.0
14304.0,2606.0,36.0,0.06566961109638214,0.0003,0.15056072175502777,0.0
14305.0,2607.0,36.0,0.059220943599939346,0.0003,0.12834490835666656,0.0
14306.0,2608.0,36.0,0.055179208517074585,0.0003,0.1317160576581955,0.0
14307.0,2609.0,36.0,0.049102507531642914,0.0003,0.07162126153707504,0.0
14308.0,2610.0,36.0,0.07134657353162766,0.0003,0.11795131862163544,0.0
14309.0,2611.0,36.0,0.05685068294405937,0.0003,0.1273004710674286,0.0
14310.0,2612.0,36.0,0.06268198788166046,0.0003,0.08787358552217484,0.0
14311.0,2613.0,36.0,0.05712951347231865,0.0003,0.15258167684078217,0.0
14312.0,2614.0,36.0,0.06401026993989944,0.0003,0.07549399137496948,0.0
14313.0,2615.0,36.0,0.05085231363773346,0.0003,0.19324178993701935,0.0
14314.0,2616.0,36.0,0.057083651423454285,0.0003,0.09133662283420563,0.0
14315.0,2617.0,36.0,0.0684962272644043,0.0003,0.13176335394382477,0.0
14316.0,2618.0,36.0,0.05028441548347473,0.0003,0.03341833874583244,0.0
14317.0,2619.0,36.0,0.06894779205322266,0.0003,0.14184485375881195,0.0
14318.0,2620.0,36.0,0.05318497121334076,0.0003,0.07703857868909836,0.0
14319.0,2621.0,36.0,0.05488935112953186,0.0003,0.11088300496339798,0.0
14320.0,2622.0,36.0,0.056137606501579285,0.0003,0.12395532429218292,0.0
14321.0,2623.0,36.0,0.0464136004447937,0.0003,0.06578418612480164,0.0
14322.0,2624.0,36.0,0.06012166291475296,0.0003,0.18693047761917114,0.0
14323.0,2625.0,36.0,0.054682839661836624,0.0003,0.04365836828947067,0.0
14324.0,2626.0,36.0,0.05746040493249893,0.0003,0.12380266934633255,0.0
14325.0,2627.0,36.0,0.04833958297967911,0.0003,0.08190175890922546,0.0
14326.0,2628.0,36.0,0.06548155099153519,0.0003,0.09038886427879333,0.0
14327.0,2629.0,36.0,0.050985321402549744,0.0003,0.1544172614812851,0.0
14328.0,2630.0,36.0,0.046460799872875214,0.0003,0.029150359332561493,0.0
14329.0,2631.0,36.0,0.05675804987549782,0.0003,0.12435326725244522,0.0
14330.0,2632.0,36.0,0.05150347203016281,0.0003,0.06428571790456772,0.0
14331.0,2633.0,36.0,0.04313686490058899,0.0003,0.07528065145015717,0.0
14332.0,2634.0,36.0,0.06235454976558685,0.0003,0.16288189589977264,0.0
14333.0,2635.0,36.0,0.0588890016078949,0.0003,0.13498681783676147,0.0
14334.0,2636.0,36.0,0.05213300138711929,0.0003,0.12197421491146088,0.0
14335.0,2637.0,36.0,0.058023933321237564,0.0003,0.04521317034959793,0.0
14336.0,2638.0,36.0,0.052002642303705215,0.0003,0.1935862898826599,0.0
14337.0,2639.0,36.0,0.0646228939294815,0.0003,0.10091666877269745,0.0
14338.0,2640.0,36.0,0.05830846354365349,0.0003,0.20623630285263062,0.0
14339.0,2641.0,36.0,0.05754023790359497,0.0003,0.21677513420581818,0.0
14340.0,2642.0,36.0,0.060998644679784775,0.0003,0.17043371498584747,0.0
14341.0,2643.0,36.0,0.06688004732131958,0.0003,0.13918815553188324,0.0
14342.0,2644.0,36.0,0.04618576169013977,0.0003,0.1079484298825264,0.0
14343.0,2645.0,36.0,0.04855383187532425,0.0003,0.17953330278396606,0.0
14344.0,2646.0,36.0,0.04482020437717438,0.0003,0.08109037578105927,0.0
14345.0,2647.0,36.0,0.06598048657178879,0.0003,0.19091807305812836,0.0
14346.0,2648.0,36.0,0.055507294833660126,0.0003,0.15021082758903503,0.0
14347.0,2649.0,36.0,0.04650198668241501,0.0003,0.06953693926334381,0.0
14348.0,2650.0,36.0,0.05835535377264023,0.0003,0.12346816807985306,0.0
14349.0,2651.0,36.0,0.04478118568658829,0.0003,0.09888662397861481,0.0
14350.0,2652.0,36.0,0.04767327010631561,0.0003,0.13338148593902588,0.0
14351.0,2653.0,36.0,0.04742749407887459,0.0003,0.15413564443588257,0.0
14352.0,2654.0,36.0,0.05509601905941963,0.0003,0.04580457881093025,0.0
14353.0,2655.0,36.0,0.048683859407901764,0.0003,0.20005680620670319,0.0
14354.0,2656.0,36.0,0.05631675943732262,0.0003,0.05401189625263214,0.0
14355.0,2657.0,36.0,0.04656098410487175,0.0003,0.14734973013401031,0.0
14356.0,2658.0,36.0,0.057249896228313446,0.0003,0.07907473295927048,0.0
14357.0,2659.0,36.0,0.056519269943237305,0.0003,0.20775814354419708,0.0
14358.0,2660.0,36.0,0.052451204508543015,0.0003,0.050304144620895386,0.0
14359.0,2661.0,36.0,0.04430476948618889,0.0003,0.2615550458431244,0.0
14360.0,2662.0,36.0,0.04698861390352249,0.0003,0.13045606017112732,0.0
14361.0,2663.0,36.0,0.05515759810805321,0.0003,0.24622926115989685,0.0
14362.0,2664.0,36.0,0.059838660061359406,0.0003,0.08304581791162491,0.0
14363.0,2665.0,36.0,0.058456577360630035,0.0003,0.24929039180278778,0.0
14364.0,2666.0,36.0,0.05027351900935173,0.0003,0.12340592592954636,0.0
14365.0,2667.0,36.0,0.06850464642047882,0.0003,0.2129538357257843,0.0
14366.0,2668.0,36.0,0.049214474856853485,0.0003,0.12935256958007812,0.0
14367.0,2669.0,36.0,0.05579712986946106,0.0003,0.2500867545604706,0.0
14368.0,2670.0,36.0,0.054704029113054276,0.0003,0.12977087497711182,0.0
14369.0,2671.0,36.0,0.04999759793281555,0.0003,0.2159414440393448,0.0
14370.0,2672.0,36.0,0.0623665414750576,0.0003,0.16236111521720886,0.0
14371.0,2673.0,36.0,0.058719780296087265,0.0003,0.21110178530216217,0.0
14372.0,2674.0,36.0,0.055592216551303864,0.0003,0.24847157299518585,0.0
14373.0,2675.0,36.0,0.06092881038784981,0.0003,0.11636403203010559,0.0
14374.0,2676.0,36.0,0.06618660688400269,0.0003,0.2991443872451782,0.0
14375.0,2677.0,36.0,0.05557873100042343,0.0003,0.057729996740818024,0.0
14376.0,2678.0,36.0,0.05177013948559761,0.0003,0.19841285049915314,0.0
14377.0,2679.0,36.0,0.07059481739997864,0.0003,0.13504543900489807,0.0
14378.0,2680.0,36.0,0.048371315002441406,0.0003,0.19735999405384064,0.0
14379.0,2681.0,36.0,0.051944974809885025,0.0003,0.1445097029209137,0.0
14380.0,2682.0,36.0,0.06238143518567085,0.0003,0.1381664127111435,0.0
14381.0,2683.0,36.0,0.06738211214542389,0.0003,0.15551775693893433,0.0
14382.0,2684.0,36.0,0.05692961812019348,0.0003,0.1555841714143753,0.0
14383.0,2685.0,36.0,0.059257395565509796,0.0003,0.06978648900985718,0.0
14384.0,2686.0,36.0,0.04974030703306198,0.0003,0.21558915078639984,0.0
14385.0,2687.0,36.0,0.060663770884275436,0.0003,0.06583908945322037,0.0
14386.0,2688.0,36.0,0.05789745971560478,0.0003,0.2150956094264984,0.0
14387.0,2689.0,36.0,0.05842993035912514,0.0003,0.11702682077884674,0.0
14388.0,2690.0,36.0,0.05208292603492737,0.0003,0.20549651980400085,0.0
14389.0,2691.0,36.0,0.04764719307422638,0.0003,0.21167416870594025,0.0
14390.0,2692.0,36.0,0.05932161211967468,0.0003,0.06677501648664474,0.0
14391.0,2693.0,36.0,0.05621728301048279,0.0003,0.21661745011806488,0.0
14392.0,2694.0,36.0,0.0530695915222168,0.0003,0.09803514927625656,0.0
14393.0,2695.0,36.0,0.05359823256731033,0.0003,0.14147834479808807,0.0
14394.0,2696.0,36.0,0.06174323707818985,0.0003,0.11871868371963501,0.0
14395.0,2697.0,36.0,0.05141527205705643,0.0003,0.16258563101291656,0.0
14396.0,2698.0,36.0,0.05524906516075134,0.0003,0.1409498155117035,0.0
14397.0,2699.0,36.0,0.06755781918764114,0.0003,0.15080317854881287,0.0
14398.0,2700.0,36.0,0.061062686145305634,0.0003,0.1822725385427475,0.0
14399.0,2701.0,36.0,0.07167378067970276,0.0003,0.06971585005521774,0.0
14400.0,2702.0,36.0,0.050015851855278015,0.0003,0.08173536509275436,0.0
14401.0,2703.0,36.0,0.04917550086975098,0.0003,0.10356214642524719,0.0
14402.0,2704.0,36.0,0.0521780401468277,0.0003,0.0628570094704628,0.0
14403.0,2705.0,36.0,0.06307651102542877,0.0003,0.10256242752075195,0.0
14404.0,2706.0,36.0,0.06330236792564392,0.0003,0.14057335257530212,0.0
14405.0,2707.0,36.0,0.0641336590051651,0.0003,0.10997436195611954,0.0
14406.0,2708.0,36.0,0.05153941363096237,0.0003,0.14693234860897064,0.0
14407.0,2709.0,36.0,0.05251014977693558,0.0003,0.1293267011642456,0.0
14408.0,2710.0,36.0,0.056256696581840515,0.0003,0.21407027542591095,0.0
14409.0,2711.0,36.0,0.06604456156492233,0.0003,0.10240001231431961,0.0
14410.0,2712.0,36.0,0.04828525334596634,0.0003,0.14922599494457245,0.0
14411.0,2713.0,36.0,0.060273632407188416,0.0003,0.14547254145145416,0.0
14412.0,2714.0,36.0,0.05472613126039505,0.0003,0.12924394011497498,0.0
14413.0,2715.0,36.0,0.043306007981300354,0.0003,0.12226314097642899,0.0
14414.0,2716.0,36.0,0.06427066028118134,0.0003,0.06507343798875809,0.0
14415.0,2717.0,36.0,0.049352049827575684,0.0003,0.14321120083332062,0.0
14416.0,2718.0,36.0,0.04389599338173866,0.0003,0.06583797186613083,0.0
14417.0,2719.0,36.0,0.0646531879901886,0.0003,0.1569288820028305,0.0
14418.0,2720.0,36.0,0.060450226068496704,0.0003,0.07775487005710602,0.0
14419.0,2721.0,36.0,0.05618254467844963,0.0003,0.1674806922674179,0.0
14420.0,2722.0,36.0,0.059511564671993256,0.0003,0.12210767716169357,0.0
14421.0,2723.0,36.0,0.0558931827545166,0.0003,0.10969431698322296,0.0
14422.0,2724.0,36.0,0.0708884596824646,0.0003,0.13420096039772034,0.0
14423.0,2725.0,36.0,0.044940218329429626,0.0003,0.0684172660112381,0.0
14424.0,2726.0,36.0,0.06029968336224556,0.0003,0.06670677661895752,0.0
14425.0,2727.0,36.0,0.05535443127155304,0.0003,0.0739375427365303,0.0
14426.0,2728.0,36.0,0.05760902911424637,0.0003,0.08435948938131332,0.0
14427.0,2729.0,36.0,0.055672433227300644,0.0003,0.10114314407110214,0.0
14428.0,2730.0,36.0,0.051896050572395325,0.0003,0.04030458629131317,0.0
14429.0,2731.0,37.0,0.05794643610715866,0.0003,0.11595605313777924,0.0
14430.0,2732.0,37.0,0.06205062195658684,0.0003,0.0675736740231514,0.0
14431.0,2733.0,37.0,0.058131568133831024,0.0003,0.11699090898036957,0.0
14432.0,2734.0,37.0,0.06809604167938232,0.0003,0.07551064342260361,0.0
14433.0,2735.0,37.0,0.0611981600522995,0.0003,0.10512367635965347,0.0
14434.0,2736.0,37.0,0.0572902113199234,0.0003,0.04538751021027565,0.0
14435.0,2737.0,37.0,0.05224985629320145,0.0003,0.14168217778205872,0.0
14436.0,2738.0,37.0,0.06459859013557434,0.0003,0.05032344162464142,0.0
14437.0,2739.0,37.0,0.05754856765270233,0.0003,0.12167060375213623,0.0
14438.0,2740.0,37.0,0.0503610298037529,0.0003,0.13261866569519043,0.0
14439.0,2741.0,37.0,0.06418093293905258,0.0003,0.1169532909989357,0.0
14440.0,2742.0,37.0,0.05297756940126419,0.0003,0.1921871304512024,0.0
14441.0,2743.0,37.0,0.04446418210864067,0.0003,0.08163505792617798,0.0
14442.0,2744.0,37.0,0.06641639769077301,0.0003,0.18984726071357727,0.0
14443.0,2745.0,37.0,0.05094040930271149,0.0003,0.0706455335021019,0.0
14444.0,2746.0,37.0,0.06820709258317947,0.0003,0.13790249824523926,0.0
14445.0,2747.0,37.0,0.05407862737774849,0.0003,0.11938679963350296,0.0
14446.0,2748.0,37.0,0.05159590393304825,0.0003,0.18369920551776886,0.0
14447.0,2749.0,37.0,0.044818393886089325,0.0003,0.12466331571340561,0.0
14448.0,2750.0,37.0,0.07181432843208313,0.0003,0.1550789326429367,0.0
14449.0,2751.0,37.0,0.05586841702461243,0.0003,0.14505401253700256,0.0
14450.0,2752.0,37.0,0.0546562522649765,0.0003,0.14445257186889648,0.0
14451.0,2753.0,37.0,0.05977925285696983,0.0003,0.06856640428304672,0.0
14452.0,2754.0,37.0,0.05966707319021225,0.0003,0.19061285257339478,0.0
14453.0,2755.0,37.0,0.048782266676425934,0.0003,0.14817510545253754,0.0
14454.0,2756.0,37.0,0.04857465252280235,0.0003,0.09444791078567505,0.0
14455.0,2757.0,37.0,0.04964493215084076,0.0003,0.2410975992679596,0.0
14456.0,2758.0,37.0,0.05573570728302002,0.0003,0.04287724569439888,0.0
14457.0,2759.0,37.0,0.058703698217868805,0.0003,0.25647133588790894,0.0
14458.0,2760.0,37.0,0.056702692061662674,0.0003,0.10697540640830994,0.0
14459.0,2761.0,37.0,0.052743326872587204,0.0003,0.19785290956497192,0.0
14460.0,2762.0,37.0,0.06433462351560593,0.0003,0.21467658877372742,0.0
14461.0,2763.0,37.0,0.06571760028600693,0.0003,0.1543499082326889,0.0
14462.0,2764.0,37.0,0.05147368833422661,0.0003,0.2809079587459564,0.0
14463.0,2765.0,37.0,0.04691005498170853,0.0003,0.14671897888183594,0.0
14464.0,2766.0,37.0,0.052615728229284286,0.0003,0.2834174931049347,0.0
14465.0,2767.0,37.0,0.056227900087833405,0.0003,0.2155660092830658,0.0
14466.0,2768.0,37.0,0.06599971652030945,0.0003,0.21601882576942444,0.0
14467.0,2769.0,37.0,0.05115795135498047,0.0003,0.20262527465820312,0.0
14468.0,2770.0,37.0,0.06123188138008118,0.0003,0.08174743503332138,0.0
14469.0,2771.0,37.0,0.058294009417295456,0.0003,0.1545664370059967,0.0
14470.0,2772.0,37.0,0.06752464920282364,0.0003,0.10260706394910812,0.0
14471.0,2773.0,37.0,0.0670916885137558,0.0003,0.13186053931713104,0.0
14472.0,2774.0,37.0,0.04968683794140816,0.0003,0.1591515690088272,0.0
14473.0,2775.0,37.0,0.05458361655473709,0.0003,0.07195384055376053,0.0
14474.0,2776.0,37.0,0.05803954601287842,0.0003,0.15779007971286774,0.0
14475.0,2777.0,37.0,0.0667930617928505,0.0003,0.13885435461997986,0.0
14476.0,2778.0,37.0,0.054407089948654175,0.0003,0.17253951728343964,0.0
14477.0,2779.0,37.0,0.04517325758934021,0.0003,0.14531776309013367,0.0
14478.0,2780.0,37.0,0.04426376521587372,0.0003,0.15673376619815826,0.0
14479.0,2781.0,37.0,0.06029215082526207,0.0003,0.1894601285457611,0.0
14480.0,2782.0,37.0,0.04879772663116455,0.0003,0.06100684404373169,0.0
14481.0,2783.0,37.0,0.06270380318164825,0.0003,0.17497551441192627,0.0
14482.0,2784.0,37.0,0.05774391442537308,0.0003,0.07792170345783234,0.0
14483.0,2785.0,37.0,0.061916083097457886,0.0003,0.20113390684127808,0.0
14484.0,2786.0,37.0,0.05337288975715637,0.0003,0.11269812285900116,0.0
14485.0,2787.0,37.0,0.05098900943994522,0.0003,0.1546241194009781,0.0
14486.0,2788.0,37.0,0.053472407162189484,0.0003,0.17603327333927155,0.0
14487.0,2789.0,37.0,0.06062209978699684,0.0003,0.11689218878746033,0.0
14488.0,2790.0,37.0,0.0472208596765995,0.0003,0.1377241462469101,0.0
14489.0,2791.0,37.0,0.04500375688076019,0.0003,0.13041523098945618,0.0
14490.0,2792.0,37.0,0.05617765337228775,0.0003,0.12238691002130508,0.0
14491.0,2793.0,37.0,0.0648888647556305,0.0003,0.10958164185285568,0.0
14492.0,2794.0,37.0,0.05849899351596832,0.0003,0.14694653451442719,0.0
14493.0,2795.0,37.0,0.04970264062285423,0.0003,0.05743187293410301,0.0
14494.0,2796.0,37.0,0.0557439886033535,0.0003,0.1739760786294937,0.0
14495.0,2797.0,37.0,0.05391116440296173,0.0003,0.062367893755435944,0.0
14496.0,2798.0,37.0,0.05331466346979141,0.0003,0.17374925315380096,0.0
14497.0,2799.0,37.0,0.04461091011762619,0.0003,0.13709993660449982,0.0
14498.0,2800.0,37.0,0.05593150854110718,0.0003,0.15452875196933746,0.0
14499.0,2801.0,37.0,0.07444216310977936,0.0003,0.19103828072547913,0.0
14500.0,2802.0,37.0,0.05034691095352173,0.0003,0.13449835777282715,0.0
14501.0,2803.0,37.0,0.056542105972766876,0.0003,0.17583374679088593,0.0
14502.0,2804.0,37.0,0.0575781986117363,0.0003,0.13022662699222565,0.0
14503.0,2805.0,37.0,0.06377393007278442,0.0003,0.19453373551368713,0.0
14504.0,2806.0,37.0,0.07227272540330887,0.0003,0.18938125669956207,0.0
14505.0,2807.0,37.0,0.060531534254550934,0.0003,0.151768758893013,0.0
14506.0,2808.0,37.0,0.04387852922081947,0.0003,0.133575439453125,0.0
14507.0,2809.0,37.0,0.04713164269924164,0.0003,0.1731811910867691,0.0
14508.0,2810.0,37.0,0.055403802543878555,0.0003,0.09018813818693161,0.0
14509.0,2811.0,37.0,0.06223493814468384,0.0003,0.15234115719795227,0.0
14510.0,2812.0,37.0,0.04865492507815361,0.0003,0.04889577627182007,0.0
14511.0,2813.0,37.0,0.0519474633038044,0.0003,0.09583534300327301,0.0
14512.0,2814.0,37.0,0.04324067384004593,0.0003,0.07416614145040512,0.0
14513.0,2815.0,37.0,0.04995786398649216,0.0003,0.11136497557163239,0.0
14514.0,2816.0,37.0,0.061853501945734024,0.0003,0.08749037235975266,0.0
14515.0,2817.0,37.0,0.05321650207042694,0.0003,0.10469581931829453,0.0
14516.0,2818.0,37.0,0.060141671448946,0.0003,0.12934425473213196,0.0
14517.0,2819.0,37.0,0.045248329639434814,0.0003,0.10523120313882828,0.0
14518.0,2820.0,37.0,0.06352976709604263,0.0003,0.14955604076385498,0.0
14519.0,2821.0,37.0,0.06058518588542938,0.0003,0.06565418839454651,0.0
14520.0,2822.0,37.0,0.0636879950761795,0.0003,0.10008083283901215,0.0
14521.0,2823.0,37.0,0.05215952545404434,0.0003,0.10519453138113022,0.0
14522.0,2824.0,37.0,0.04954909533262253,0.0003,0.15374638140201569,0.0
14523.0,2825.0,37.0,0.055812351405620575,0.0003,0.09338925778865814,0.0
14524.0,2826.0,37.0,0.054072827100753784,0.0003,0.08383239805698395,0.0
14525.0,2827.0,37.0,0.05062784254550934,0.0003,0.07421749830245972,0.0
14526.0,2828.0,37.0,0.059062909334897995,0.0003,0.10353276133537292,0.0
14527.0,2829.0,37.0,0.04687083512544632,0.0003,0.07963681221008301,0.0
14528.0,2830.0,37.0,0.04999872297048569,0.0003,0.11506469547748566,0.0
14529.0,2831.0,37.0,0.06315414607524872,0.0003,0.06436475366353989,0.0
14530.0,2832.0,37.0,0.05525553598999977,0.0003,0.13340012729167938,0.0
14531.0,2833.0,37.0,0.08220241963863373,0.0003,0.10681043565273285,0.0
14532.0,2834.0,37.0,0.05691460147500038,0.0003,0.17451642453670502,0.0
14533.0,2835.0,37.0,0.05745692551136017,0.0003,0.05803016573190689,0.0
14534.0,2836.0,37.0,0.05815776437520981,0.0003,0.15629805624485016,0.0
14535.0,2837.0,37.0,0.04784531146287918,0.0003,0.0770343467593193,0.0
14536.0,2838.0,37.0,0.0553189218044281,0.0003,0.13785642385482788,0.0
14537.0,2839.0,37.0,0.06072966009378433,0.0003,0.1261606365442276,0.0
14538.0,2840.0,37.0,0.06644749641418457,0.0003,0.09780564159154892,0.0
14539.0,2841.0,37.0,0.05763282626867294,0.0003,0.14406414330005646,0.0
14540.0,2842.0,37.0,0.053410109132528305,0.0003,0.0958438366651535,0.0
14541.0,2843.0,37.0,0.059353649616241455,0.0003,0.10127920657396317,0.0
14542.0,2844.0,37.0,0.05089462548494339,0.0003,0.07508569955825806,0.0
14543.0,2845.0,37.0,0.05809783190488815,0.0003,0.09617079794406891,0.0
14544.0,2846.0,37.0,0.05488473176956177,0.0003,0.10132657736539841,0.0
14545.0,2847.0,37.0,0.05970960110425949,0.0003,0.05467274412512779,0.0
14546.0,2848.0,37.0,0.06843069195747375,0.0003,0.12446462363004684,0.0
14547.0,2849.0,37.0,0.04701951518654823,0.0003,0.05489133298397064,0.0
14548.0,2850.0,37.0,0.061860617250204086,0.0003,0.13124190270900726,0.0
14549.0,2851.0,37.0,0.06967707723379135,0.0003,0.0940438061952591,0.0
14550.0,2852.0,37.0,0.04636714980006218,0.0003,0.0873665064573288,0.0
14551.0,2853.0,37.0,0.04530368745326996,0.0003,0.10753440111875534,0.0
14552.0,2854.0,37.0,0.067691370844841,0.0003,0.13767968118190765,0.0
14553.0,2855.0,37.0,0.056898705661296844,0.0003,0.13849326968193054,0.0
14554.0,2856.0,37.0,0.06299467384815216,0.0003,0.12517954409122467,0.0
14555.0,2857.0,37.0,0.05280624330043793,0.0003,0.08505779504776001,0.0
14556.0,2858.0,37.0,0.06869642436504364,0.0003,0.13551422953605652,0.0
14557.0,2859.0,37.0,0.06270767748355865,0.0003,0.08978872746229172,0.0
14558.0,2860.0,37.0,0.05200807750225067,0.0003,0.12217225134372711,0.0
14559.0,2861.0,37.0,0.05487290024757385,0.0003,0.11080523580312729,0.0
14560.0,2862.0,37.0,0.06590941548347473,0.0003,0.11681065708398819,0.0
14561.0,2863.0,37.0,0.052744701504707336,0.0003,0.07022688537836075,0.0
14562.0,2864.0,37.0,0.06304967403411865,0.0003,0.09636655449867249,0.0
14563.0,2865.0,37.0,0.055189099162817,0.0003,0.08087889105081558,0.0
14564.0,2866.0,37.0,0.05251195281744003,0.0003,0.057513587176799774,0.0
14565.0,2867.0,37.0,0.04165608435869217,0.0003,0.11506389826536179,0.0
14566.0,2868.0,37.0,0.04414534568786621,0.0003,0.048831723630428314,0.0
14567.0,2869.0,37.0,0.050741277635097504,0.0003,0.1409916877746582,0.0
14568.0,2870.0,37.0,0.05572645738720894,0.0003,0.07755698263645172,0.0
14569.0,2871.0,37.0,0.057137493044137955,0.0003,0.1503690481185913,0.0
14570.0,2872.0,37.0,0.04346874728798866,0.0003,0.1321599930524826,0.0
14571.0,2873.0,37.0,0.0581066831946373,0.0003,0.1468668133020401,0.0
14572.0,2874.0,37.0,0.060354240238666534,0.0003,0.13051562011241913,0.0
14573.0,2875.0,37.0,0.0646350234746933,0.0003,0.17278368771076202,0.0
14574.0,2876.0,37.0,0.06196120008826256,0.0003,0.12157508730888367,0.0
14575.0,2877.0,37.0,0.05328553915023804,0.0003,0.12941306829452515,0.0
14576.0,2878.0,37.0,0.047033682465553284,0.0003,0.17661800980567932,0.0
14577.0,2879.0,37.0,0.058919865638017654,0.0003,0.1294766217470169,0.0
14578.0,2880.0,37.0,0.058975718915462494,0.0003,0.14732199907302856,0.0
14579.0,2881.0,37.0,0.06534665077924728,0.0003,0.18283241987228394,0.0
14580.0,2882.0,37.0,0.05774112045764923,0.0003,0.11934227496385574,0.0
14581.0,2883.0,37.0,0.05968378484249115,0.0003,0.18453221023082733,0.0
14582.0,2884.0,37.0,0.05177902430295944,0.0003,0.08849190175533295,0.0
14583.0,2885.0,37.0,0.04145431146025658,0.0003,0.20411638915538788,0.0
14584.0,2886.0,37.0,0.04857628047466278,0.0003,0.11993428319692612,0.0
14585.0,2887.0,37.0,0.0696077048778534,0.0003,0.14708319306373596,0.0
14586.0,2888.0,37.0,0.05426376312971115,0.0003,0.07710641622543335,0.0
14587.0,2889.0,37.0,0.06669630110263824,0.0003,0.07706277072429657,0.0
14588.0,2890.0,37.0,0.06545045971870422,0.0003,0.1152476966381073,0.0
14589.0,2891.0,37.0,0.04967581853270531,0.0003,0.07911790162324905,0.0
14590.0,2892.0,37.0,0.06659875810146332,0.0003,0.10837136954069138,0.0
14591.0,2893.0,37.0,0.05929447337985039,0.0003,0.050098005682229996,0.0
14592.0,2894.0,37.0,0.055502261966466904,0.0003,0.11181800812482834,0.0
14593.0,2895.0,37.0,0.06184107065200806,0.0003,0.07371549308300018,0.0
14594.0,2896.0,37.0,0.059805333614349365,0.0003,0.07348984479904175,0.0
14595.0,2897.0,37.0,0.07110987603664398,0.0003,0.12974020838737488,0.0
14596.0,2898.0,37.0,0.05235645920038223,0.0003,0.10944691300392151,0.0
14597.0,2899.0,37.0,0.045116521418094635,0.0003,0.11432000249624252,0.0
14598.0,2900.0,37.0,0.05741140991449356,0.0003,0.1261814683675766,0.0
14599.0,2901.0,37.0,0.054067306220531464,0.0003,0.08883392810821533,0.0
14600.0,2902.0,37.0,0.05097924917936325,0.0003,0.17234085500240326,0.0
14601.0,2903.0,37.0,0.058347247540950775,0.0003,0.12089067697525024,0.0
14602.0,2904.0,37.0,0.05628790706396103,0.0003,0.0811685174703598,0.0
14603.0,2905.0,37.0,0.057580333203077316,0.0003,0.13294725120067596,0.0
14604.0,2906.0,37.0,0.04890692979097366,0.0003,0.05448319390416145,0.0
14605.0,2907.0,37.0,0.053930819034576416,0.0003,0.1291201263666153,0.0
14606.0,2908.0,37.0,0.06998488306999207,0.0003,0.03774601221084595,0.0
14607.0,2909.0,37.0,0.05450642108917236,0.0003,0.13906632363796234,0.0
14608.0,2910.0,37.0,0.05496980994939804,0.0003,0.09318063408136368,0.0
14609.0,2911.0,37.0,0.06407713145017624,0.0003,0.04620711877942085,0.0
14610.0,2912.0,37.0,0.04837092012166977,0.0003,0.18563425540924072,0.0
14611.0,2913.0,37.0,0.05527148395776749,0.0003,0.08890309929847717,0.0
14612.0,2914.0,37.0,0.05270484834909439,0.0003,0.1846439242362976,0.0
14613.0,2915.0,37.0,0.057969830930233,0.0003,0.0638580471277237,0.0
14614.0,2916.0,37.0,0.057829491794109344,0.0003,0.18729250133037567,0.0
14615.0,2917.0,37.0,0.06333914399147034,0.0003,0.08263762295246124,0.0
14616.0,2918.0,37.0,0.051479779183864594,0.0003,0.1675640046596527,0.0
14617.0,2919.0,37.0,0.05711858719587326,0.0003,0.09614694118499756,0.0
14618.0,2920.0,37.0,0.06434705853462219,0.0003,0.13136419653892517,0.0
14619.0,2921.0,37.0,0.05414577201008797,0.0003,0.10707629472017288,0.0
14620.0,2922.0,37.0,0.05349712446331978,0.0003,0.1342151015996933,0.0
14621.0,2923.0,37.0,0.04597561061382294,0.0003,0.09695315361022949,0.0
14622.0,2924.0,37.0,0.07119917869567871,0.0003,0.12896357476711273,0.0
14623.0,2925.0,37.0,0.05787942185997963,0.0003,0.05449913442134857,0.0
14624.0,2926.0,37.0,0.06935480237007141,0.0003,0.0822235643863678,0.0
14625.0,2927.0,37.0,0.06249631941318512,0.0003,0.08398463577032089,0.0
14626.0,2928.0,37.0,0.04677777737379074,0.0003,0.11023712158203125,0.0
14627.0,2929.0,37.0,0.05157133936882019,0.0003,0.09528809040784836,0.0
14628.0,2930.0,37.0,0.06334225833415985,0.0003,0.09577964246273041,0.0
14629.0,2931.0,37.0,0.048590198159217834,0.0003,0.11366613209247589,0.0
14630.0,2932.0,37.0,0.05725068971514702,0.0003,0.09274947643280029,0.0
14631.0,2933.0,37.0,0.06133023649454117,0.0003,0.1237882450222969,0.0
14632.0,2934.0,37.0,0.04335542768239975,0.0003,0.12304770201444626,0.0
14633.0,2935.0,37.0,0.04531899839639664,0.0003,0.0940643772482872,0.0
14634.0,2936.0,37.0,0.05574939772486687,0.0003,0.15025146305561066,0.0
14635.0,2937.0,37.0,0.04907820001244545,0.0003,0.05917586386203766,0.0
14636.0,2938.0,37.0,0.0659734308719635,0.0003,0.13147158920764923,0.0
14637.0,2939.0,37.0,0.04713498055934906,0.0003,0.09760233759880066,0.0
14638.0,2940.0,37.0,0.07232028245925903,0.0003,0.15673913061618805,0.0
14639.0,2941.0,37.0,0.05869631469249725,0.0003,0.08988695591688156,0.0
14640.0,2942.0,37.0,0.052533283829689026,0.0003,0.19653727114200592,0.0
14641.0,2943.0,37.0,0.05238934978842735,0.0003,0.09940279275178909,0.0
14642.0,2944.0,37.0,0.04945891350507736,0.0003,0.15618513524532318,0.0
14643.0,2945.0,37.0,0.04603102430701256,0.0003,0.1345958113670349,0.0
14644.0,2946.0,37.0,0.04248502478003502,0.0003,0.06717315316200256,0.0
14645.0,2947.0,37.0,0.05704319849610329,0.0003,0.15509465336799622,0.0
14646.0,2948.0,37.0,0.084911048412323,0.0003,0.0825333446264267,0.0
14647.0,2949.0,37.0,0.049819543957710266,0.0003,0.15064026415348053,0.0
14648.0,2950.0,37.0,0.051292307674884796,0.0003,0.11924302577972412,0.0
14649.0,2951.0,37.0,0.0555591806769371,0.0003,0.16427433490753174,0.0
14650.0,2952.0,37.0,0.060026999562978745,0.0003,0.059012047946453094,0.0
14651.0,2953.0,37.0,0.06378734856843948,0.0003,0.10117355734109879,0.0
14652.0,2954.0,37.0,0.04964859038591385,0.0003,0.04886643588542938,0.0
14653.0,2955.0,37.0,0.05347200110554695,0.0003,0.056355398148298264,0.0
14654.0,2956.0,37.0,0.06044873222708702,0.0003,0.047518014907836914,0.0
14655.0,2957.0,37.0,0.0611688569188118,0.0003,0.11361374706029892,0.0
14656.0,2958.0,37.0,0.050128430128097534,0.0003,0.07000136375427246,0.0
14657.0,2959.0,37.0,0.05187077075242996,0.0003,0.09007580578327179,0.0
14658.0,2960.0,37.0,0.061458222568035126,0.0003,0.09823594987392426,0.0
14659.0,2961.0,37.0,0.05825696885585785,0.0003,0.16090138256549835,0.0
14660.0,2962.0,37.0,0.06170664727687836,0.0003,0.06993702799081802,0.0
14661.0,2963.0,37.0,0.06686024367809296,0.0003,0.16313211619853973,0.0
14662.0,2964.0,37.0,0.055692605674266815,0.0003,0.05289433151483536,0.0
14663.0,2965.0,37.0,0.04871354252099991,0.0003,0.07567968219518661,0.0
14664.0,2966.0,37.0,0.07102109491825104,0.0003,0.07772758603096008,0.0
14665.0,2967.0,37.0,0.05638048052787781,0.0003,0.09123629331588745,0.0
14666.0,2968.0,37.0,0.07278701663017273,0.0003,0.05019063875079155,0.0
14667.0,2969.0,37.0,0.04765104502439499,0.0003,0.049209509044885635,0.0
14668.0,2970.0,37.0,0.0675579234957695,0.0003,0.04634058475494385,0.0
14669.0,2971.0,37.0,0.057928524911403656,0.0003,0.10679922252893448,0.0
14670.0,2972.0,37.0,0.05725474655628204,0.0003,0.1098754033446312,0.0
14671.0,2973.0,37.0,0.05510999262332916,0.0003,0.11140688508749008,0.0
14672.0,2974.0,37.0,0.05560219660401344,0.0003,0.13149799406528473,0.0
14673.0,2975.0,37.0,0.05281340330839157,0.0003,0.1524767279624939,0.0
14674.0,2976.0,37.0,0.04353104904294014,0.0003,0.11984457075595856,0.0
14675.0,2977.0,37.0,0.06369969248771667,0.0003,0.1370212286710739,0.0
14676.0,2978.0,37.0,0.07027190923690796,0.0003,0.13109765946865082,0.0
14677.0,2979.0,37.0,0.05658228322863579,0.0003,0.13368430733680725,0.0
14678.0,2980.0,37.0,0.05012987554073334,0.0003,0.17077527940273285,0.0
14679.0,2981.0,37.0,0.054274529218673706,0.0003,0.16343800723552704,0.0
14680.0,2982.0,37.0,0.05081304907798767,0.0003,0.1882258653640747,0.0
14681.0,2983.0,37.0,0.06676182150840759,0.0003,0.15865559875965118,0.0
14682.0,2984.0,37.0,0.055458925664424896,0.0003,0.16548199951648712,0.0
14683.0,2985.0,37.0,0.06982985138893127,0.0003,0.14027632772922516,0.0
14684.0,2986.0,37.0,0.05603010207414627,0.0003,0.11397179961204529,0.0
14685.0,2987.0,37.0,0.06241241469979286,0.0003,0.14726302027702332,0.0
14686.0,2988.0,37.0,0.052094925194978714,0.0003,0.06813780963420868,0.0
14687.0,2989.0,37.0,0.060304976999759674,0.0003,0.08849932253360748,0.0
14688.0,2990.0,37.0,0.05249767377972603,0.0003,0.06807442009449005,0.0
14689.0,2991.0,37.0,0.05156589299440384,0.0003,0.14747218787670135,0.0
14690.0,2992.0,37.0,0.048676684498786926,0.0003,0.16457241773605347,0.0
14691.0,2993.0,37.0,0.05034986138343811,0.0003,0.1005236804485321,0.0
14692.0,2994.0,37.0,0.05691143125295639,0.0003,0.14803017675876617,0.0
14693.0,2995.0,37.0,0.057873353362083435,0.0003,0.1667681485414505,0.0
14694.0,2996.0,37.0,0.06851227581501007,0.0003,0.15337303280830383,0.0
14695.0,2997.0,37.0,0.0478036105632782,0.0003,0.2168174535036087,0.0
14696.0,2998.0,37.0,0.05158074200153351,0.0003,0.0770159363746643,0.0
14697.0,2999.0,37.0,0.04744381085038185,0.0003,0.27751651406288147,0.0
14698.0,3000.0,37.0,0.06541140377521515,0.0003,0.1583358347415924,0.0
14699.0,3001.0,37.0,0.053874023258686066,0.0003,0.16356462240219116,0.0
14700.0,3002.0,37.0,0.06321673095226288,0.0003,0.18595485389232635,0.0
14701.0,3003.0,37.0,0.07180356979370117,0.0003,0.13343311846256256,0.0
14702.0,3004.0,37.0,0.054950326681137085,0.0003,0.1715729534626007,0.0
14703.0,3005.0,37.0,0.06096585467457771,0.0003,0.09606674313545227,0.0
14704.0,3006.0,37.0,0.06561823189258575,0.0003,0.12948888540267944,0.0
14705.0,3007.0,37.0,0.07212656736373901,0.0003,0.1564488708972931,0.0
14706.0,3008.0,37.0,0.05094100534915924,0.0003,0.13788829743862152,0.0
14707.0,3009.0,37.0,0.060509584844112396,0.0003,0.15363425016403198,0.0
14708.0,3010.0,37.0,0.06875326484441757,0.0003,0.17191623151302338,0.0
14709.0,3011.0,37.0,0.04735426977276802,0.0003,0.0339135080575943,0.0
14710.0,3012.0,37.0,0.05180396884679794,0.0003,0.17111238837242126,0.0
14711.0,3013.0,37.0,0.06034354120492935,0.0003,0.09827294945716858,0.0
14712.0,3014.0,37.0,0.04787415638566017,0.0003,0.12072504311800003,0.0
14713.0,3015.0,37.0,0.05480359494686127,0.0003,0.13412880897521973,0.0
14714.0,3016.0,37.0,0.058714188635349274,0.0003,0.072261743247509,0.0
14715.0,3017.0,37.0,0.055021487176418304,0.0003,0.12403731793165207,0.0
14716.0,3018.0,37.0,0.07205354422330856,0.0003,0.04412584379315376,0.0
14717.0,3019.0,37.0,0.05572466179728508,0.0003,0.14258146286010742,0.0
14718.0,3020.0,37.0,0.05647343397140503,0.0003,0.054535795003175735,0.0
14719.0,3021.0,37.0,0.04834582656621933,0.0003,0.1157778725028038,0.0
14720.0,3022.0,37.0,0.057576075196266174,0.0003,0.14166274666786194,0.0
14721.0,3023.0,37.0,0.05919361114501953,0.0003,0.10995147377252579,0.0
14722.0,3024.0,37.0,0.061235953122377396,0.0003,0.11763081699609756,0.0
14723.0,3025.0,37.0,0.050473980605602264,0.0003,0.11524676531553268,0.0
14724.0,3026.0,37.0,0.053893253207206726,0.0003,0.1269626021385193,0.0
14725.0,3027.0,37.0,0.058201853185892105,0.0003,0.10491036623716354,0.0
14726.0,3028.0,37.0,0.06756434589624405,0.0003,0.16929830610752106,0.0
14727.0,3029.0,37.0,0.05710536614060402,0.0003,0.11107183247804642,0.0
14728.0,3030.0,37.0,0.050960998982191086,0.0003,0.14197762310504913,0.0
14729.0,3031.0,37.0,0.06283127516508102,0.0003,0.0945538654923439,0.0
14730.0,3032.0,37.0,0.058704718947410583,0.0003,0.10865604877471924,0.0
14731.0,3033.0,37.0,0.06148120015859604,0.0003,0.03551499918103218,0.0
14732.0,3034.0,37.0,0.058388225734233856,0.0003,0.09155062586069107,0.0
14733.0,3035.0,37.0,0.054146088659763336,0.0003,0.05934090539813042,0.0
14734.0,3036.0,37.0,0.062431201338768005,0.0003,0.10397594422101974,0.0
14735.0,3037.0,37.0,0.06762119382619858,0.0003,0.03480024263262749,0.0
14736.0,3038.0,37.0,0.0563424676656723,0.0003,0.12172623723745346,0.0
14737.0,3039.0,37.0,0.061460450291633606,0.0003,0.035967178642749786,0.0
14738.0,3040.0,37.0,0.04670795798301697,0.0003,0.13298861682415009,0.0
14739.0,3041.0,37.0,0.0410037636756897,0.0003,0.04702422395348549,0.0
14740.0,3042.0,37.0,0.07196930050849915,0.0003,0.09915206581354141,0.0
14741.0,3043.0,37.0,0.049775101244449615,0.0003,0.10522419959306717,0.0
14742.0,3044.0,37.0,0.06227102875709534,0.0003,0.08089924603700638,0.0
14743.0,3045.0,37.0,0.06385001540184021,0.0003,0.12221549451351166,0.0
14744.0,3046.0,37.0,0.05376919358968735,0.0003,0.05041336640715599,0.0
14745.0,3047.0,37.0,0.06155046075582504,0.0003,0.1018541157245636,0.0
14746.0,3048.0,37.0,0.05322641134262085,0.0003,0.06878182291984558,0.0
14747.0,3049.0,37.0,0.06807126849889755,0.0003,0.11029332876205444,0.0
14748.0,3050.0,37.0,0.04417877271771431,0.0003,0.06527930498123169,0.0
14749.0,3051.0,37.0,0.060178786516189575,0.0003,0.10465800762176514,0.0
14750.0,3052.0,37.0,0.05162590742111206,0.0003,0.11542154103517532,0.0
14751.0,3053.0,37.0,0.05173896253108978,0.0003,0.08836277574300766,0.0
14752.0,3054.0,37.0,0.06409969925880432,0.0003,0.16352151334285736,0.0
14753.0,3055.0,37.0,0.06441923975944519,0.0003,0.09018861502408981,0.0
14754.0,3056.0,37.0,0.058011576533317566,0.0003,0.13773301243782043,0.0
14755.0,3057.0,37.0,0.0507030263543129,0.0003,0.15876951813697815,0.0
14756.0,3058.0,37.0,0.07066162675619125,0.0003,0.06641456484794617,0.0
14757.0,3059.0,37.0,0.052371796220541,0.0003,0.20580291748046875,0.0
14758.0,3060.0,37.0,0.06131013482809067,0.0003,0.09282414615154266,0.0
14759.0,3061.0,37.0,0.06657957285642624,0.0003,0.15070722997188568,0.0
14760.0,3062.0,37.0,0.06673023849725723,0.0003,0.14480865001678467,0.0
14761.0,3063.0,37.0,0.04411425068974495,0.0003,0.1291036307811737,0.0
14762.0,3064.0,37.0,0.04968719184398651,0.0003,0.16443496942520142,0.0
14763.0,3065.0,37.0,0.057640254497528076,0.0003,0.09916409850120544,0.0
14764.0,3066.0,37.0,0.06248748302459717,0.0003,0.20810791850090027,0.0
14765.0,3067.0,37.0,0.044787630438804626,0.0003,0.12050294876098633,0.0
14766.0,3068.0,37.0,0.06128942593932152,0.0003,0.1805618703365326,0.0
14767.0,3069.0,37.0,0.054534777998924255,0.0003,0.15330787003040314,0.0
14768.0,3070.0,37.0,0.06693635880947113,0.0003,0.16179393231868744,0.0
14769.0,3071.0,37.0,0.05206037312746048,0.0003,0.18646235764026642,0.0
14770.0,3072.0,37.0,0.055501945316791534,0.0003,0.15599793195724487,0.0
14771.0,3073.0,37.0,0.0594509094953537,0.0003,0.21366114914417267,0.0
14772.0,3074.0,37.0,0.059285104274749756,0.0003,0.12209393829107285,0.0
14773.0,3075.0,37.0,0.04952256381511688,0.0003,0.2084517627954483,0.0
14774.0,3076.0,37.0,0.06087028980255127,0.0003,0.1301913857460022,0.0
14775.0,3077.0,37.0,0.053264912217855453,0.0003,0.2018580585718155,0.0
14776.0,3078.0,37.0,0.05684433877468109,0.0003,0.1298450529575348,0.0
14777.0,3079.0,37.0,0.06618368625640869,0.0003,0.1397062987089157,0.0
14778.0,3080.0,37.0,0.05385747179389,0.0003,0.20795753598213196,0.0
14779.0,3081.0,37.0,0.061213716864585876,0.0003,0.12016311287879944,0.0
14780.0,3082.0,37.0,0.04378542676568031,0.0003,0.2805657386779785,0.0
14781.0,3083.0,37.0,0.06943503767251968,0.0003,0.13973325490951538,0.0
14782.0,3084.0,37.0,0.058371737599372864,0.0003,0.25180116295814514,0.0
14783.0,3085.0,37.0,0.05178948491811752,0.0003,0.19559118151664734,0.0
14784.0,3086.0,37.0,0.049287255853414536,0.0003,0.15096603333950043,0.0
14785.0,3087.0,37.0,0.05440099909901619,0.0003,0.20997539162635803,0.0
14786.0,3088.0,37.0,0.044914331287145615,0.0003,0.16088604927062988,0.0
14787.0,3089.0,37.0,0.05880923569202423,0.0003,0.20667004585266113,0.0
14788.0,3090.0,37.0,0.06359895318746567,0.0003,0.18911418318748474,0.0
14789.0,3091.0,37.0,0.06339108198881149,0.0003,0.12211870402097702,0.0
14790.0,3092.0,37.0,0.05328981205821037,0.0003,0.1694432646036148,0.0
14791.0,3093.0,37.0,0.04910014569759369,0.0003,0.0862993523478508,0.0
14792.0,3094.0,37.0,0.050148721784353256,0.0003,0.144585981965065,0.0
14793.0,3095.0,37.0,0.059618543833494186,0.0003,0.0418349988758564,0.0
14794.0,3096.0,37.0,0.06423184275627136,0.0003,0.10190977156162262,0.0
14795.0,3097.0,37.0,0.06589879095554352,0.0003,0.07000896334648132,0.0
14796.0,3098.0,37.0,0.058850765228271484,0.0003,0.09484834969043732,0.0
14797.0,3099.0,37.0,0.04283643141388893,0.0003,0.09636101871728897,0.0
14798.0,3100.0,37.0,0.05377919226884842,0.0003,0.08944336324930191,0.0
14799.0,3101.0,37.0,0.05623770132660866,0.0003,0.11714453250169754,0.0
14800.0,3102.0,37.0,0.05719107389450073,0.0003,0.14327004551887512,0.0
14801.0,3103.0,37.0,0.058798909187316895,0.0003,0.13937601447105408,0.0
14802.0,3104.0,37.0,0.06657582521438599,0.0003,0.11745066940784454,0.0
14803.0,3105.0,37.0,0.07600301504135132,0.0003,0.13789184391498566,0.0
14804.0,3106.0,37.0,0.042613279074430466,0.0003,0.14097262918949127,0.0
14805.0,3107.0,37.0,0.046173907816410065,0.0003,0.08666065335273743,0.0
14806.0,3108.0,37.0,0.0627794936299324,0.0003,0.13628095388412476,0.0
14807.0,3109.0,37.0,0.05768375098705292,0.0003,0.09243276715278625,0.0
14808.0,3110.0,37.0,0.04128658026456833,0.0003,0.12709935009479523,0.0
14809.0,3111.0,37.0,0.06202561780810356,0.0003,0.1433493047952652,0.0
14810.0,3112.0,37.0,0.05347882956266403,0.0003,0.08413977175951004,0.0
14811.0,3113.0,37.0,0.047363851219415665,0.0003,0.0885673314332962,0.0
14812.0,3114.0,37.0,0.05666413530707359,0.0003,0.06388179957866669,0.0
14813.0,3115.0,37.0,0.05744457244873047,0.0003,0.11832191050052643,0.0
14814.0,3116.0,37.0,0.05401654541492462,0.0003,0.0901559516787529,0.0
14815.0,3117.0,37.0,0.055291637778282166,0.0003,0.08266479521989822,0.0
14816.0,3118.0,37.0,0.05900978296995163,0.0003,0.09369321912527084,0.0
14817.0,3119.0,37.0,0.05270244926214218,0.0003,0.1463039368391037,0.0
14818.0,3120.0,37.0,0.05785641074180603,0.0003,0.13160084187984467,0.0
14819.0,3121.0,38.0,0.05789180472493172,0.0003,0.10182693600654602,0.0
14820.0,3122.0,38.0,0.051218390464782715,0.0003,0.10968270152807236,0.0
14821.0,3123.0,38.0,0.06727206707000732,0.0003,0.13895805180072784,0.0
14822.0,3124.0,38.0,0.062157489359378815,0.0003,0.05552586168050766,0.0
14823.0,3125.0,38.0,0.06004500389099121,0.0003,0.14547738432884216,0.0
14824.0,3126.0,38.0,0.05612678825855255,0.0003,0.07898124307394028,0.0
14825.0,3127.0,38.0,0.061872199177742004,0.0003,0.10137069225311279,0.0
14826.0,3128.0,38.0,0.062083981931209564,0.0003,0.15349747240543365,0.0
14827.0,3129.0,38.0,0.0554778166115284,0.0003,0.06633074581623077,0.0
14828.0,3130.0,38.0,0.05978408455848694,0.0003,0.203579381108284,0.0
14829.0,3131.0,38.0,0.07471171021461487,0.0003,0.05837807431817055,0.0
14830.0,3132.0,38.0,0.06084924936294556,0.0003,0.21307633817195892,0.0
14831.0,3133.0,38.0,0.04910203814506531,0.0003,0.06730281561613083,0.0
14832.0,3134.0,38.0,0.053305983543395996,0.0003,0.11727962642908096,0.0
14833.0,3135.0,38.0,0.05685936287045479,0.0003,0.17735594511032104,0.0
14834.0,3136.0,38.0,0.05932598188519478,0.0003,0.16455399990081787,0.0
14835.0,3137.0,38.0,0.049404192715883255,0.0003,0.1477329283952713,0.0
14836.0,3138.0,38.0,0.06323403865098953,0.0003,0.18411436676979065,0.0
14837.0,3139.0,38.0,0.04766925051808357,0.0003,0.10126779973506927,0.0
14838.0,3140.0,38.0,0.058472029864788055,0.0003,0.17590689659118652,0.0
14839.0,3141.0,38.0,0.05417424440383911,0.0003,0.12676046788692474,0.0
14840.0,3142.0,38.0,0.06932512670755386,0.0003,0.1730634719133377,0.0
14841.0,3143.0,38.0,0.04975275322794914,0.0003,0.14998771250247955,0.0
14842.0,3144.0,38.0,0.053580380976200104,0.0003,0.21285642683506012,0.0
14843.0,3145.0,38.0,0.0635705217719078,0.0003,0.1823098212480545,0.0
14844.0,3146.0,38.0,0.06413021683692932,0.0003,0.1541697084903717,0.0
14845.0,3147.0,38.0,0.05984017252922058,0.0003,0.18010398745536804,0.0
14846.0,3148.0,38.0,0.054687898606061935,0.0003,0.12499996274709702,0.0
14847.0,3149.0,38.0,0.06952418386936188,0.0003,0.13953116536140442,0.0
14848.0,3150.0,38.0,0.0639229267835617,0.0003,0.07704705744981766,0.0
14849.0,3151.0,38.0,0.05852889269590378,0.0003,0.17732155323028564,0.0
14850.0,3152.0,38.0,0.06439092010259628,0.0003,0.08819454908370972,0.0
14851.0,3153.0,38.0,0.05225162208080292,0.0003,0.2031303346157074,0.0
14852.0,3154.0,38.0,0.057141199707984924,0.0003,0.1118069514632225,0.0
14853.0,3155.0,38.0,0.053576648235321045,0.0003,0.17453721165657043,0.0
14854.0,3156.0,38.0,0.04818291217088699,0.0003,0.07039826363325119,0.0
14855.0,3157.0,38.0,0.05109391361474991,0.0003,0.1800268292427063,0.0
14856.0,3158.0,38.0,0.052039846777915955,0.0003,0.07235638052225113,0.0
14857.0,3159.0,38.0,0.06597846001386642,0.0003,0.17526957392692566,0.0
14858.0,3160.0,38.0,0.0562421940267086,0.0003,0.09161799401044846,0.0
14859.0,3161.0,38.0,0.06144105643033981,0.0003,0.1565876454114914,0.0
14860.0,3162.0,38.0,0.06868909299373627,0.0003,0.0776245966553688,0.0
14861.0,3163.0,38.0,0.06595712900161743,0.0003,0.1512002795934677,0.0
14862.0,3164.0,38.0,0.058774884790182114,0.0003,0.06172914430499077,0.0
14863.0,3165.0,38.0,0.06203259527683258,0.0003,0.0762823224067688,0.0
14864.0,3166.0,38.0,0.05193560570478439,0.0003,0.09951306134462357,0.0
14865.0,3167.0,38.0,0.05607624351978302,0.0003,0.13495565950870514,0.0
14866.0,3168.0,38.0,0.05348260700702667,0.0003,0.07402801513671875,0.0
14867.0,3169.0,38.0,0.05450565367937088,0.0003,0.0465676486492157,0.0
14868.0,3170.0,38.0,0.05394294857978821,0.0003,0.12309902906417847,0.0
14869.0,3171.0,38.0,0.06363295763731003,0.0003,0.05009882524609566,0.0
14870.0,3172.0,38.0,0.06251320987939835,0.0003,0.08224782347679138,0.0
14871.0,3173.0,38.0,0.05233760178089142,0.0003,0.07919681072235107,0.0
14872.0,3174.0,38.0,0.0692366361618042,0.0003,0.08229104429483414,0.0
14873.0,3175.0,38.0,0.06964145600795746,0.0003,0.14205685257911682,0.0
14874.0,3176.0,38.0,0.07119761407375336,0.0003,0.06515723466873169,0.0
14875.0,3177.0,38.0,0.05612356215715408,0.0003,0.1630268692970276,0.0
14876.0,3178.0,38.0,0.04758136719465256,0.0003,0.05368829518556595,0.0
14877.0,3179.0,38.0,0.07659615576267242,0.0003,0.18024903535842896,0.0
14878.0,3180.0,38.0,0.057592082768678665,0.0003,0.05703721567988396,0.0
14879.0,3181.0,38.0,0.054482318460941315,0.0003,0.1569242626428604,0.0
14880.0,3182.0,38.0,0.05403595417737961,0.0003,0.1215408444404602,0.0
14881.0,3183.0,38.0,0.06211011856794357,0.0003,0.12883320450782776,0.0
14882.0,3184.0,38.0,0.0727837011218071,0.0003,0.11532857269048691,0.0
14883.0,3185.0,38.0,0.06377109885215759,0.0003,0.14347760379314423,0.0
14884.0,3186.0,38.0,0.0486021563410759,0.0003,0.1140141636133194,0.0
14885.0,3187.0,38.0,0.05631333589553833,0.0003,0.09667859226465225,0.0
14886.0,3188.0,38.0,0.059901393949985504,0.0003,0.15133555233478546,0.0
14887.0,3189.0,38.0,0.05717518925666809,0.0003,0.08285824209451675,0.0
14888.0,3190.0,38.0,0.05275719612836838,0.0003,0.16827507317066193,0.0
14889.0,3191.0,38.0,0.0713532343506813,0.0003,0.08008083701133728,0.0
14890.0,3192.0,38.0,0.06082438677549362,0.0003,0.09944088757038116,0.0
14891.0,3193.0,38.0,0.05841757357120514,0.0003,0.0821818858385086,0.0
14892.0,3194.0,38.0,0.05386725813150406,0.0003,0.09675485640764236,0.0
14893.0,3195.0,38.0,0.05647367238998413,0.0003,0.10649716854095459,0.0
14894.0,3196.0,38.0,0.07108267396688461,0.0003,0.13086342811584473,0.0
14895.0,3197.0,38.0,0.0491575263440609,0.0003,0.058878254145383835,0.0
14896.0,3198.0,38.0,0.048566292971372604,0.0003,0.08257357031106949,0.0
14897.0,3199.0,38.0,0.05296503007411957,0.0003,0.10493383556604385,0.0
14898.0,3200.0,38.0,0.048109784722328186,0.0003,0.1375546157360077,0.0
14899.0,3201.0,38.0,0.051825150847435,0.0003,0.07912442088127136,0.0
14900.0,3202.0,38.0,0.053023554384708405,0.0003,0.12270820140838623,0.0
14901.0,3203.0,38.0,0.054135628044605255,0.0003,0.10761971026659012,0.0
14902.0,3204.0,38.0,0.04473558068275452,0.0003,0.05219585821032524,0.0
14903.0,3205.0,38.0,0.06360919028520584,0.0003,0.08846497535705566,0.0
14904.0,3206.0,38.0,0.06277136504650116,0.0003,0.061020173132419586,0.0
14905.0,3207.0,38.0,0.0596650131046772,0.0003,0.05949755385518074,0.0
14906.0,3208.0,38.0,0.06255083531141281,0.0003,0.09971723705530167,0.0
14907.0,3209.0,38.0,0.06825113296508789,0.0003,0.07790433615446091,0.0
14908.0,3210.0,38.0,0.059795912355184555,0.0003,0.0818822905421257,0.0
14909.0,3211.0,38.0,0.04964630305767059,0.0003,0.07696196436882019,0.0
14910.0,3212.0,38.0,0.04583105072379112,0.0003,0.08265101909637451,0.0
14911.0,3213.0,38.0,0.06352131068706512,0.0003,0.07645291835069656,0.0
14912.0,3214.0,38.0,0.06587531417608261,0.0003,0.06390874832868576,0.0
14913.0,3215.0,38.0,0.0619296059012413,0.0003,0.14190861582756042,0.0
14914.0,3216.0,38.0,0.056211382150650024,0.0003,0.11020293831825256,0.0
14915.0,3217.0,38.0,0.046968720853328705,0.0003,0.15317338705062866,0.0
14916.0,3218.0,38.0,0.0606989860534668,0.0003,0.080252505838871,0.0
14917.0,3219.0,38.0,0.06717409193515778,0.0003,0.18986296653747559,0.0
14918.0,3220.0,38.0,0.04722139239311218,0.0003,0.07511892914772034,0.0
14919.0,3221.0,38.0,0.047044239938259125,0.0003,0.17453882098197937,0.0
14920.0,3222.0,38.0,0.06539395451545715,0.0003,0.10136771947145462,0.0
14921.0,3223.0,38.0,0.08157407492399216,0.0003,0.10404404252767563,0.0
14922.0,3224.0,38.0,0.05191727355122566,0.0003,0.16040250658988953,0.0
14923.0,3225.0,38.0,0.04674209654331207,0.0003,0.08500020205974579,0.0
14924.0,3226.0,38.0,0.07037290930747986,0.0003,0.11119319498538971,0.0
14925.0,3227.0,38.0,0.06373028457164764,0.0003,0.08015137910842896,0.0
14926.0,3228.0,38.0,0.04197680950164795,0.0003,0.11231380701065063,0.0
14927.0,3229.0,38.0,0.054582346230745316,0.0003,0.13117365539073944,0.0
14928.0,3230.0,38.0,0.07154396176338196,0.0003,0.09563473612070084,0.0
14929.0,3231.0,38.0,0.03716185316443443,0.0003,0.147226944565773,0.0
14930.0,3232.0,38.0,0.04690352827310562,0.0003,0.05915456265211105,0.0
14931.0,3233.0,38.0,0.06040862947702408,0.0003,0.15245094895362854,0.0
14932.0,3234.0,38.0,0.06581740081310272,0.0003,0.04214852303266525,0.0
14933.0,3235.0,38.0,0.06055667996406555,0.0003,0.13914115726947784,0.0
14934.0,3236.0,38.0,0.05036841332912445,0.0003,0.07867830246686935,0.0
14935.0,3237.0,38.0,0.06196198984980583,0.0003,0.1176181435585022,0.0
14936.0,3238.0,38.0,0.057675495743751526,0.0003,0.12346363812685013,0.0
14937.0,3239.0,38.0,0.04595756530761719,0.0003,0.11937849968671799,0.0
14938.0,3240.0,38.0,0.05507371574640274,0.0003,0.10990811884403229,0.0
14939.0,3241.0,38.0,0.0470200777053833,0.0003,0.13394778966903687,0.0
14940.0,3242.0,38.0,0.05457432195544243,0.0003,0.07133571803569794,0.0
14941.0,3243.0,38.0,0.044177353382110596,0.0003,0.16644933819770813,0.0
14942.0,3244.0,38.0,0.06445930153131485,0.0003,0.11872084438800812,0.0
14943.0,3245.0,38.0,0.06089350953698158,0.0003,0.1843917965888977,0.0
14944.0,3246.0,38.0,0.05102325230836868,0.0003,0.22990980744361877,0.0
14945.0,3247.0,38.0,0.048773907124996185,0.0003,0.1360263079404831,0.0
14946.0,3248.0,38.0,0.055583760142326355,0.0003,0.22845526039600372,0.0
14947.0,3249.0,38.0,0.05315160006284714,0.0003,0.07701730728149414,0.0
14948.0,3250.0,38.0,0.04404834285378456,0.0003,0.20410531759262085,0.0
14949.0,3251.0,38.0,0.06511600315570831,0.0003,0.12149198353290558,0.0
14950.0,3252.0,38.0,0.05730045214295387,0.0003,0.13575267791748047,0.0
14951.0,3253.0,38.0,0.0602266862988472,0.0003,0.12215866893529892,0.0
14952.0,3254.0,38.0,0.055992402136325836,0.0003,0.10691244900226593,0.0
14953.0,3255.0,38.0,0.059185948222875595,0.0003,0.09520886093378067,0.0
14954.0,3256.0,38.0,0.05424252897500992,0.0003,0.1475721150636673,0.0
14955.0,3257.0,38.0,0.05730290710926056,0.0003,0.07159925997257233,0.0
14956.0,3258.0,38.0,0.062263499945402145,0.0003,0.08979963511228561,0.0
14957.0,3259.0,38.0,0.05808761715888977,0.0003,0.10050273686647415,0.0
14958.0,3260.0,38.0,0.05576908960938454,0.0003,0.11471955478191376,0.0
14959.0,3261.0,38.0,0.061883825808763504,0.0003,0.1363975554704666,0.0
14960.0,3262.0,38.0,0.055510275065898895,0.0003,0.09247425198554993,0.0
14961.0,3263.0,38.0,0.052937738597393036,0.0003,0.0809280127286911,0.0
14962.0,3264.0,38.0,0.049252428114414215,0.0003,0.09078524261713028,0.0
14963.0,3265.0,38.0,0.06035502254962921,0.0003,0.08604372292757034,0.0
14964.0,3266.0,38.0,0.06576225906610489,0.0003,0.10533826798200607,0.0
14965.0,3267.0,38.0,0.06306342035531998,0.0003,0.07784750312566757,0.0
14966.0,3268.0,38.0,0.06185509264469147,0.0003,0.07155412435531616,0.0
14967.0,3269.0,38.0,0.07201648503541946,0.0003,0.09919673204421997,0.0
14968.0,3270.0,38.0,0.0479920357465744,0.0003,0.05443073436617851,0.0
14969.0,3271.0,38.0,0.052429236471652985,0.0003,0.09621290862560272,0.0
14970.0,3272.0,38.0,0.058047033846378326,0.0003,0.03655589371919632,0.0
14971.0,3273.0,38.0,0.06101815029978752,0.0003,0.08886033296585083,0.0
14972.0,3274.0,38.0,0.04700081795454025,0.0003,0.07681260257959366,0.0
14973.0,3275.0,38.0,0.052988648414611816,0.0003,0.054523903876543045,0.0
14974.0,3276.0,38.0,0.06588238477706909,0.0003,0.06318676471710205,0.0
14975.0,3277.0,38.0,0.05173352360725403,0.0003,0.049598053097724915,0.0
14976.0,3278.0,38.0,0.059691883623600006,0.0003,0.12223408371210098,0.0
14977.0,3279.0,38.0,0.06019676849246025,0.0003,0.08462241291999817,0.0
14978.0,3280.0,38.0,0.05457480996847153,0.0003,0.15775641798973083,0.0
14979.0,3281.0,38.0,0.05931853502988815,0.0003,0.10402228683233261,0.0
14980.0,3282.0,38.0,0.05995980650186539,0.0003,0.1298983246088028,0.0
14981.0,3283.0,38.0,0.05301080644130707,0.0003,0.08525779843330383,0.0
14982.0,3284.0,38.0,0.04808243364095688,0.0003,0.08972249925136566,0.0
14983.0,3285.0,38.0,0.06668858230113983,0.0003,0.08374282717704773,0.0
14984.0,3286.0,38.0,0.06005232781171799,0.0003,0.09322605282068253,0.0
14985.0,3287.0,38.0,0.05687355995178223,0.0003,0.09546835720539093,0.0
14986.0,3288.0,38.0,0.05368196219205856,0.0003,0.08734294027090073,0.0
14987.0,3289.0,38.0,0.05470399558544159,0.0003,0.10952276736497879,0.0
14988.0,3290.0,38.0,0.06498686969280243,0.0003,0.08755712956190109,0.0
14989.0,3291.0,38.0,0.05881359428167343,0.0003,0.1115146353840828,0.0
14990.0,3292.0,38.0,0.050612933933734894,0.0003,0.09905429184436798,0.0
14991.0,3293.0,38.0,0.052711475640535355,0.0003,0.127940371632576,0.0
14992.0,3294.0,38.0,0.05880220979452133,0.0003,0.06931381672620773,0.0
14993.0,3295.0,38.0,0.05176511034369469,0.0003,0.07934659719467163,0.0
14994.0,3296.0,38.0,0.07421903312206268,0.0003,0.06410641223192215,0.0
14995.0,3297.0,38.0,0.0447998121380806,0.0003,0.07363204658031464,0.0
14996.0,3298.0,38.0,0.06294369697570801,0.0003,0.09155356138944626,0.0
14997.0,3299.0,38.0,0.07291965186595917,0.0003,0.07761003822088242,0.0
14998.0,3300.0,38.0,0.04562850296497345,0.0003,0.13672761619091034,0.0
14999.0,3301.0,38.0,0.055413536727428436,0.0003,0.05748916417360306,0.0
15000.0,3302.0,38.0,0.06417398899793625,0.0003,0.09138095378875732,0.0
15001.0,3303.0,38.0,0.04529675841331482,0.0003,0.067057766020298,0.0
15002.0,3304.0,38.0,0.0497245118021965,0.0003,0.07823249697685242,0.0
15003.0,3305.0,38.0,0.044698938727378845,0.0003,0.11928420513868332,0.0
15004.0,3306.0,38.0,0.0648113563656807,0.0003,0.06770679354667664,0.0
15005.0,3307.0,38.0,0.05229691416025162,0.0003,0.13331523537635803,0.0
15006.0,3308.0,38.0,0.05472323298454285,0.0003,0.056515391916036606,0.0
15007.0,3309.0,38.0,0.05554407835006714,0.0003,0.10750651359558105,0.0
15008.0,3310.0,38.0,0.05048166215419769,0.0003,0.0603204108774662,0.0
15009.0,3311.0,38.0,0.0629744604229927,0.0003,0.09815029799938202,0.0
15010.0,3312.0,38.0,0.05126675218343735,0.0003,0.09436429291963577,0.0
15011.0,3313.0,38.0,0.043565746396780014,0.0003,0.05168672651052475,0.0
15012.0,3314.0,38.0,0.06711047142744064,0.0003,0.07290952652692795,0.0
15013.0,3315.0,38.0,0.055507976561784744,0.0003,0.05278809741139412,0.0
15014.0,3316.0,38.0,0.0636029988527298,0.0003,0.06486668437719345,0.0
15015.0,3317.0,38.0,0.053400326520204544,0.0003,0.09703153371810913,0.0
15016.0,3318.0,38.0,0.056011151522397995,0.0003,0.10412117838859558,0.0
15017.0,3319.0,38.0,0.04556013271212578,0.0003,0.079743392765522,0.0
15018.0,3320.0,38.0,0.05649925395846367,0.0003,0.10786285996437073,0.0
15019.0,3321.0,38.0,0.06040939688682556,0.0003,0.08502620458602905,0.0
15020.0,3322.0,38.0,0.058742500841617584,0.0003,0.04540175199508667,0.0
15021.0,3323.0,38.0,0.056672174483537674,0.0003,0.033135972917079926,0.0
15022.0,3324.0,38.0,0.0524573028087616,0.0003,0.16309696435928345,0.0
15023.0,3325.0,38.0,0.049450989812612534,0.0003,0.06857523322105408,0.0
15024.0,3326.0,38.0,0.05608459934592247,0.0003,0.13018161058425903,0.0
15025.0,3327.0,38.0,0.06291761249303818,0.0003,0.08952908962965012,0.0
15026.0,3328.0,38.0,0.06464547663927078,0.0003,0.0912061482667923,0.0
15027.0,3329.0,38.0,0.05916688218712807,0.0003,0.04461335763335228,0.0
15028.0,3330.0,38.0,0.04995500668883324,0.0003,0.06438068300485611,0.0
15029.0,3331.0,38.0,0.06053964048624039,0.0003,0.05607404187321663,0.0
15030.0,3332.0,38.0,0.0569935068488121,0.0003,0.10153443366289139,0.0
15031.0,3333.0,38.0,0.05841385945677757,0.0003,0.05125192552804947,0.0
15032.0,3334.0,38.0,0.06253299862146378,0.0003,0.09057459980249405,0.0
15033.0,3335.0,38.0,0.04758227989077568,0.0003,0.03817569091916084,0.0
15034.0,3336.0,38.0,0.04895757511258125,0.0003,0.15301327407360077,0.0
15035.0,3337.0,38.0,0.07695136219263077,0.0003,0.07864190638065338,0.0
15036.0,3338.0,38.0,0.049326471984386444,0.0003,0.14193332195281982,0.0
15037.0,3339.0,38.0,0.06635984033346176,0.0003,0.0799311175942421,0.0
15038.0,3340.0,38.0,0.0619262233376503,0.0003,0.17637747526168823,0.0
15039.0,3341.0,38.0,0.06644050776958466,0.0003,0.14280037581920624,0.0
15040.0,3342.0,38.0,0.059650931507349014,0.0003,0.1425333321094513,0.0
15041.0,3343.0,38.0,0.06182679906487465,0.0003,0.09546712785959244,0.0
15042.0,3344.0,38.0,0.06451426446437836,0.0003,0.12143711745738983,0.0
15043.0,3345.0,38.0,0.06471803784370422,0.0003,0.12403027713298798,0.0
15044.0,3346.0,38.0,0.06206449493765831,0.0003,0.17868533730506897,0.0
15045.0,3347.0,38.0,0.06716809421777725,0.0003,0.14979137480258942,0.0
15046.0,3348.0,38.0,0.03876413404941559,0.0003,0.17517651617527008,0.0
15047.0,3349.0,38.0,0.06198073923587799,0.0003,0.1411866992712021,0.0
15048.0,3350.0,38.0,0.0573299303650856,0.0003,0.10178608447313309,0.0
15049.0,3351.0,38.0,0.05932331830263138,0.0003,0.14225314557552338,0.0
15050.0,3352.0,38.0,0.05418245121836662,0.0003,0.10083343088626862,0.0
15051.0,3353.0,38.0,0.06256917119026184,0.0003,0.1663619726896286,0.0
15052.0,3354.0,38.0,0.058779679238796234,0.0003,0.10202532261610031,0.0
15053.0,3355.0,38.0,0.055857349187135696,0.0003,0.13413169980049133,0.0
15054.0,3356.0,38.0,0.047966502606868744,0.0003,0.14693044126033783,0.0
15055.0,3357.0,38.0,0.043855682015419006,0.0003,0.14441612362861633,0.0
15056.0,3358.0,38.0,0.056099846959114075,0.0003,0.16935256123542786,0.0
15057.0,3359.0,38.0,0.054975613951683044,0.0003,0.141579270362854,0.0
15058.0,3360.0,38.0,0.08050514757633209,0.0003,0.19877305626869202,0.0
15059.0,3361.0,38.0,0.05217810720205307,0.0003,0.15277205407619476,0.0
15060.0,3362.0,38.0,0.06659424304962158,0.0003,0.24886484444141388,0.0
15061.0,3363.0,38.0,0.063206247985363,0.0003,0.11705919355154037,0.0
15062.0,3364.0,38.0,0.05280295014381409,0.0003,0.22254055738449097,0.0
15063.0,3365.0,38.0,0.05223601683974266,0.0003,0.12486383318901062,0.0
15064.0,3366.0,38.0,0.060434628278017044,0.0003,0.19302856922149658,0.0
15065.0,3367.0,38.0,0.056397825479507446,0.0003,0.13263890147209167,0.0
15066.0,3368.0,38.0,0.05601482838392258,0.0003,0.1611354947090149,0.0
15067.0,3369.0,38.0,0.05395499989390373,0.0003,0.12712720036506653,0.0
15068.0,3370.0,38.0,0.060839951038360596,0.0003,0.14192861318588257,0.0
15069.0,3371.0,38.0,0.05122247338294983,0.0003,0.13587592542171478,0.0
15070.0,3372.0,38.0,0.04717761278152466,0.0003,0.14247944951057434,0.0
15071.0,3373.0,38.0,0.05571477860212326,0.0003,0.17732444405555725,0.0
15072.0,3374.0,38.0,0.05731566622853279,0.0003,0.17335030436515808,0.0
15073.0,3375.0,38.0,0.05226455628871918,0.0003,0.13615600764751434,0.0
15074.0,3376.0,38.0,0.05809251219034195,0.0003,0.2238752394914627,0.0
15075.0,3377.0,38.0,0.052379705011844635,0.0003,0.14146722853183746,0.0
15076.0,3378.0,38.0,0.05905209109187126,0.0003,0.21028397977352142,0.0
15077.0,3379.0,38.0,0.047763071954250336,0.0003,0.17274585366249084,0.0
15078.0,3380.0,38.0,0.046544406563043594,0.0003,0.19470752775669098,0.0
15079.0,3381.0,38.0,0.06048242002725601,0.0003,0.2373940795660019,0.0
15080.0,3382.0,38.0,0.06581512093544006,0.0003,0.20931029319763184,0.0
15081.0,3383.0,38.0,0.05666087195277214,0.0003,0.20723386108875275,0.0
15082.0,3384.0,38.0,0.05828101187944412,0.0003,0.19463686645030975,0.0
15083.0,3385.0,38.0,0.04888612776994705,0.0003,0.18304890394210815,0.0
15084.0,3386.0,38.0,0.05964934825897217,0.0003,0.18180762231349945,0.0
15085.0,3387.0,38.0,0.06087519973516464,0.0003,0.223080575466156,0.0
15086.0,3388.0,38.0,0.06268467754125595,0.0003,0.20233729481697083,0.0
15087.0,3389.0,38.0,0.0713406354188919,0.0003,0.17673088610172272,0.0
15088.0,3390.0,38.0,0.05042872577905655,0.0003,0.1913774162530899,0.0
15089.0,3391.0,38.0,0.05544137954711914,0.0003,0.18782468140125275,0.0
15090.0,3392.0,38.0,0.05329564958810806,0.0003,0.16512946784496307,0.0
15091.0,3393.0,38.0,0.05531873553991318,0.0003,0.14678232371807098,0.0
15092.0,3394.0,38.0,0.057343363761901855,0.0003,0.1051202043890953,0.0
15093.0,3395.0,38.0,0.056247860193252563,0.0003,0.1998911201953888,0.0
15094.0,3396.0,38.0,0.06628507375717163,0.0003,0.04992620274424553,0.0
15095.0,3397.0,38.0,0.05398271232843399,0.0003,0.08229675889015198,0.0
15096.0,3398.0,38.0,0.06001175940036774,0.0003,0.0825701355934143,0.0
15097.0,3399.0,38.0,0.060718245804309845,0.0003,0.14353226125240326,0.0
15098.0,3400.0,38.0,0.06428229063749313,0.0003,0.0929274708032608,0.0
15099.0,3401.0,38.0,0.06564129889011383,0.0003,0.1198093369603157,0.0
15100.0,3402.0,38.0,0.06738243252038956,0.0003,0.08945062756538391,0.0
15101.0,3403.0,38.0,0.06164873391389847,0.0003,0.08721252530813217,0.0
15102.0,3404.0,38.0,0.0638311579823494,0.0003,0.13211068511009216,0.0
15103.0,3405.0,38.0,0.054886624217033386,0.0003,0.08994504064321518,0.0
15104.0,3406.0,38.0,0.05785512179136276,0.0003,0.15916569530963898,0.0
15105.0,3407.0,38.0,0.050771795213222504,0.0003,0.06515514850616455,0.0
15106.0,3408.0,38.0,0.061646852642297745,0.0003,0.1478802114725113,0.0
15107.0,3409.0,38.0,0.045203085988759995,0.0003,0.06317920982837677,0.0
15108.0,3410.0,38.0,0.055147185921669006,0.0003,0.09951455891132355,0.0
15109.0,3411.0,38.0,0.039638422429561615,0.0003,0.07572349905967712,0.0
15110.0,3412.0,38.0,0.055612750351428986,0.0003,0.05520414188504219,0.0
15111.0,3413.0,38.0,0.05893959850072861,0.0003,0.10132818669080734,0.0
15112.0,3414.0,38.0,0.05420384556055069,0.0003,0.12743626534938812,0.0
15113.0,3415.0,38.0,0.05550548434257507,0.0003,0.10586926341056824,0.0
15114.0,3416.0,38.0,0.046986814588308334,0.0003,0.1489393711090088,0.0
15115.0,3417.0,38.0,0.0535699762403965,0.0003,0.06419271975755692,0.0
15116.0,3418.0,38.0,0.06978835165500641,0.0003,0.202173113822937,0.0
15117.0,3419.0,38.0,0.05141381919384003,0.0003,0.056627754122018814,0.0
15118.0,3420.0,38.0,0.057867854833602905,0.0003,0.2034294456243515,0.0
15119.0,3421.0,38.0,0.07215335965156555,0.0003,0.14048093557357788,0.0
15120.0,3422.0,38.0,0.05528832972049713,0.0003,0.12254376709461212,0.0
15121.0,3423.0,38.0,0.053703151643276215,0.0003,0.18310914933681488,0.0
15122.0,3424.0,38.0,0.04182650148868561,0.0003,0.15901660919189453,0.0
15123.0,3425.0,38.0,0.06003640964627266,0.0003,0.12472608685493469,0.0
15124.0,3426.0,38.0,0.05956362187862396,0.0003,0.10839412361383438,0.0
15125.0,3427.0,38.0,0.051424939185380936,0.0003,0.22068528831005096,0.0
15126.0,3428.0,38.0,0.05003541335463524,0.0003,0.15303368866443634,0.0
15127.0,3429.0,38.0,0.06266430765390396,0.0003,0.19823580980300903,0.0
15128.0,3430.0,38.0,0.05807633697986603,0.0003,0.1258164644241333,0.0
15129.0,3431.0,38.0,0.05843447893857956,0.0003,0.24038663506507874,0.0
15130.0,3432.0,38.0,0.05849228426814079,0.0003,0.07679277658462524,0.0
15131.0,3433.0,38.0,0.04804209992289543,0.0003,0.2328370213508606,0.0
15132.0,3434.0,38.0,0.06219945847988129,0.0003,0.11609262228012085,0.0
15133.0,3435.0,38.0,0.06021595001220703,0.0003,0.14628997445106506,0.0
15134.0,3436.0,38.0,0.062078673392534256,0.0003,0.2079010158777237,0.0
15135.0,3437.0,38.0,0.05944515019655228,0.0003,0.13440828025341034,0.0
15136.0,3438.0,38.0,0.06231820583343506,0.0003,0.18645961582660675,0.0
15137.0,3439.0,38.0,0.05785120278596878,0.0003,0.058854974806308746,0.0
15138.0,3440.0,38.0,0.04790046066045761,0.0003,0.22425515949726105,0.0
15139.0,3441.0,38.0,0.05612533912062645,0.0003,0.08623753488063812,0.0
15140.0,3442.0,38.0,0.05097881704568863,0.0003,0.20099285244941711,0.0
15141.0,3443.0,38.0,0.06032237038016319,0.0003,0.08915233612060547,0.0
15142.0,3444.0,38.0,0.05426572635769844,0.0003,0.2067531794309616,0.0
15143.0,3445.0,38.0,0.04729025438427925,0.0003,0.15529081225395203,0.0
15144.0,3446.0,38.0,0.044983092695474625,0.0003,0.1371496170759201,0.0
15145.0,3447.0,38.0,0.05444201081991196,0.0003,0.17580638825893402,0.0
15146.0,3448.0,38.0,0.06356604397296906,0.0003,0.103346087038517,0.0
15147.0,3449.0,38.0,0.06117934361100197,0.0003,0.1732221096754074,0.0
15148.0,3450.0,38.0,0.05902679264545441,0.0003,0.05320517346262932,0.0
15149.0,3451.0,38.0,0.062249187380075455,0.0003,0.16126090288162231,0.0
15150.0,3452.0,38.0,0.06195535883307457,0.0003,0.06469840556383133,0.0
15151.0,3453.0,38.0,0.07193772494792938,0.0003,0.16547435522079468,0.0
15152.0,3454.0,38.0,0.05148501694202423,0.0003,0.05561203882098198,0.0
15153.0,3455.0,38.0,0.05439962446689606,0.0003,0.16720259189605713,0.0
15154.0,3456.0,38.0,0.052478525787591934,0.0003,0.10518354177474976,0.0
15155.0,3457.0,38.0,0.07414190471172333,0.0003,0.19824670255184174,0.0
15156.0,3458.0,38.0,0.0565609484910965,0.0003,0.08988473564386368,0.0
15157.0,3459.0,38.0,0.05389171093702316,0.0003,0.15670146048069,0.0
15158.0,3460.0,38.0,0.061001937836408615,0.0003,0.0731707289814949,0.0
15159.0,3461.0,38.0,0.048412058502435684,0.0003,0.13861200213432312,0.0
15160.0,3462.0,38.0,0.049748148769140244,0.0003,0.10151857882738113,0.0
15161.0,3463.0,38.0,0.04704342037439346,0.0003,0.17299458384513855,0.0
15162.0,3464.0,38.0,0.06755895167589188,0.0003,0.1061055138707161,0.0
15163.0,3465.0,38.0,0.0564008466899395,0.0003,0.15615688264369965,0.0
15164.0,3466.0,38.0,0.06646943092346191,0.0003,0.16171665489673615,0.0
15165.0,3467.0,38.0,0.05710699409246445,0.0003,0.06693537533283234,0.0
15166.0,3468.0,38.0,0.051177673041820526,0.0003,0.08985651284456253,0.0
15167.0,3469.0,38.0,0.05650784447789192,0.0003,0.08279924094676971,0.0
15168.0,3470.0,38.0,0.05769152194261551,0.0003,0.059514984488487244,0.0
15169.0,3471.0,38.0,0.05138512700796127,0.0003,0.15756122767925262,0.0
15170.0,3472.0,38.0,0.05710328742861748,0.0003,0.0518103688955307,0.0
15171.0,3473.0,38.0,0.057963356375694275,0.0003,0.22125640511512756,0.0
15172.0,3474.0,38.0,0.07067760080099106,0.0003,0.06499926745891571,0.0
15173.0,3475.0,38.0,0.04848615452647209,0.0003,0.21296460926532745,0.0
15174.0,3476.0,38.0,0.058404624462127686,0.0003,0.04179595783352852,0.0
15175.0,3477.0,38.0,0.06907645612955093,0.0003,0.14985962212085724,0.0
15176.0,3478.0,38.0,0.05868211388587952,0.0003,0.08426827937364578,0.0
15177.0,3479.0,38.0,0.068650983273983,0.0003,0.11272629350423813,0.0
15178.0,3480.0,38.0,0.05578267574310303,0.0003,0.08400039374828339,0.0
15179.0,3481.0,38.0,0.05082894116640091,0.0003,0.06433357298374176,0.0
15180.0,3482.0,38.0,0.07065064460039139,0.0003,0.06612976640462875,0.0
15181.0,3483.0,38.0,0.054759494960308075,0.0003,0.09084483236074448,0.0
15182.0,3484.0,38.0,0.0513760931789875,0.0003,0.0696810707449913,0.0
15183.0,3485.0,38.0,0.05684341490268707,0.0003,0.0713476836681366,0.0
15184.0,3486.0,38.0,0.06843964010477066,0.0003,0.07629451900720596,0.0
15185.0,3487.0,38.0,0.056355126202106476,0.0003,0.06476930528879166,0.0
15186.0,3488.0,38.0,0.05198156088590622,0.0003,0.07072053849697113,0.0
15187.0,3489.0,38.0,0.06130858138203621,0.0003,0.16301846504211426,0.0
15188.0,3490.0,38.0,0.0526072159409523,0.0003,0.09156937152147293,0.0
15189.0,3491.0,38.0,0.05905197933316231,0.0003,0.178120419383049,0.0
15190.0,3492.0,38.0,0.054757848381996155,0.0003,0.08878712356090546,0.0
15191.0,3493.0,38.0,0.05366520956158638,0.0003,0.15296125411987305,0.0
15192.0,3494.0,38.0,0.0432291105389595,0.0003,0.04681024327874184,0.0
15193.0,3495.0,38.0,0.048419252038002014,0.0003,0.18054695427417755,0.0
15194.0,3496.0,38.0,0.050472158938646317,0.0003,0.0915854200720787,0.0
15195.0,3497.0,38.0,0.0543721541762352,0.0003,0.11884958297014236,0.0
15196.0,3498.0,38.0,0.047347910702228546,0.0003,0.16063523292541504,0.0
15197.0,3499.0,38.0,0.050217680633068085,0.0003,0.1252901256084442,0.0
15198.0,3500.0,38.0,0.05496171489357948,0.0003,0.1358700692653656,0.0
15199.0,3501.0,38.0,0.07368481904268265,0.0003,0.07582952082157135,0.0
15200.0,3502.0,38.0,0.05714466795325279,0.0003,0.1858520358800888,0.0
15201.0,3503.0,38.0,0.055625706911087036,0.0003,0.04487147182226181,0.0
15202.0,3504.0,38.0,0.05476614832878113,0.0003,0.1987582892179489,0.0
15203.0,3505.0,38.0,0.06275951862335205,0.0003,0.12687599658966064,0.0
15204.0,3506.0,38.0,0.05897228792309761,0.0003,0.1543159782886505,0.0
15205.0,3507.0,38.0,0.049917206168174744,0.0003,0.09271644055843353,0.0
15206.0,3508.0,38.0,0.06137946993112564,0.0003,0.08795452117919922,0.0
15207.0,3509.0,38.0,0.05561983585357666,0.0003,0.07189589738845825,0.0
15208.0,3510.0,38.0,0.058485329151153564,0.0003,0.06746207922697067,0.0
15209.0,3511.0,39.0,0.059232018887996674,0.0003,0.10484050214290619,0.0
15210.0,3512.0,39.0,0.05158456414937973,0.0003,0.08840589225292206,0.0
15211.0,3513.0,39.0,0.061354860663414,0.0003,0.13849827647209167,0.0
15212.0,3514.0,39.0,0.06464448571205139,0.0003,0.1139216348528862,0.0
15213.0,3515.0,39.0,0.06157597154378891,0.0003,0.09109318256378174,0.0
15214.0,3516.0,39.0,0.045549411326646805,0.0003,0.13729555904865265,0.0
15215.0,3517.0,39.0,0.052149154245853424,0.0003,0.13288763165473938,0.0
15216.0,3518.0,39.0,0.05609602853655815,0.0003,0.11876238137483597,0.0
15217.0,3519.0,39.0,0.0806376039981842,0.0003,0.15168039500713348,0.0
15218.0,3520.0,39.0,0.05874790996313095,0.0003,0.07441189140081406,0.0
15219.0,3521.0,39.0,0.04618869721889496,0.0003,0.1318335235118866,0.0
15220.0,3522.0,39.0,0.055027641355991364,0.0003,0.10560217499732971,0.0
15221.0,3523.0,39.0,0.05357518047094345,0.0003,0.16216498613357544,0.0
15222.0,3524.0,39.0,0.048901498317718506,0.0003,0.1468728482723236,0.0
15223.0,3525.0,39.0,0.05485711991786957,0.0003,0.14885956048965454,0.0
15224.0,3526.0,39.0,0.0670597180724144,0.0003,0.13790518045425415,0.0
15225.0,3527.0,39.0,0.0618974007666111,0.0003,0.1155128926038742,0.0
15226.0,3528.0,39.0,0.07477587461471558,0.0003,0.06222548708319664,0.0
15227.0,3529.0,39.0,0.05841173976659775,0.0003,0.05722949653863907,0.0
15228.0,3530.0,39.0,0.049422577023506165,0.0003,0.09174904972314835,0.0
15229.0,3531.0,39.0,0.04675547033548355,0.0003,0.07627632468938828,0.0
15230.0,3532.0,39.0,0.05253791809082031,0.0003,0.09707080572843552,0.0
15231.0,3533.0,39.0,0.05224001407623291,0.0003,0.043897829949855804,0.0
15232.0,3534.0,39.0,0.053063664585351944,0.0003,0.07822795957326889,0.0
15233.0,3535.0,39.0,0.06939516961574554,0.0003,0.08136476576328278,0.0
15234.0,3536.0,39.0,0.054834671318531036,0.0003,0.04602459445595741,0.0
15235.0,3537.0,39.0,0.04977307468652725,0.0003,0.08370480686426163,0.0
15236.0,3538.0,39.0,0.06182539463043213,0.0003,0.0862809270620346,0.0
15237.0,3539.0,39.0,0.055922821164131165,0.0003,0.058895207941532135,0.0
15238.0,3540.0,39.0,0.06533777713775635,0.0003,0.06423818320035934,0.0
15239.0,3541.0,39.0,0.05529871582984924,0.0003,0.0881548747420311,0.0
15240.0,3542.0,39.0,0.04696857929229736,0.0003,0.0631958469748497,0.0
15241.0,3543.0,39.0,0.0624634325504303,0.0003,0.04573545977473259,0.0
15242.0,3544.0,39.0,0.0521097257733345,0.0003,0.06580186635255814,0.0
15243.0,3545.0,39.0,0.04574742168188095,0.0003,0.07481339573860168,0.0
15244.0,3546.0,39.0,0.04759657382965088,0.0003,0.15529677271842957,0.0
15245.0,3547.0,39.0,0.04407995939254761,0.0003,0.0732879787683487,0.0
15246.0,3548.0,39.0,0.057398032397031784,0.0003,0.19312530755996704,0.0
15247.0,3549.0,39.0,0.05919328331947327,0.0003,0.06576987355947495,0.0
15248.0,3550.0,39.0,0.05996333435177803,0.0003,0.1277385950088501,0.0
15249.0,3551.0,39.0,0.06477350741624832,0.0003,0.04918289929628372,0.0
15250.0,3552.0,39.0,0.07870617508888245,0.0003,0.15169183909893036,0.0
15251.0,3553.0,39.0,0.05756041780114174,0.0003,0.04765663295984268,0.0
15252.0,3554.0,39.0,0.05255476012825966,0.0003,0.15238770842552185,0.0
15253.0,3555.0,39.0,0.046455614268779755,0.0003,0.08137434720993042,0.0
15254.0,3556.0,39.0,0.04652717709541321,0.0003,0.16261133551597595,0.0
15255.0,3557.0,39.0,0.06457465887069702,0.0003,0.10867241770029068,0.0
15256.0,3558.0,39.0,0.05009643733501434,0.0003,0.2052926868200302,0.0
15257.0,3559.0,39.0,0.06460078060626984,0.0003,0.11065200716257095,0.0
15258.0,3560.0,39.0,0.07098357379436493,0.0003,0.13486061990261078,0.0
15259.0,3561.0,39.0,0.06115961819887161,0.0003,0.12397462129592896,0.0
15260.0,3562.0,39.0,0.04884462058544159,0.0003,0.08403190970420837,0.0
15261.0,3563.0,39.0,0.051376987248659134,0.0003,0.15245819091796875,0.0
15262.0,3564.0,39.0,0.0563950315117836,0.0003,0.11030972003936768,0.0
15263.0,3565.0,39.0,0.06194482371211052,0.0003,0.09210453927516937,0.0
15264.0,3566.0,39.0,0.06649801880121231,0.0003,0.052102889865636826,0.0
15265.0,3567.0,39.0,0.04987122118473053,0.0003,0.0992548018693924,0.0
15266.0,3568.0,39.0,0.08102216571569443,0.0003,0.11059999465942383,0.0
15267.0,3569.0,39.0,0.06452140212059021,0.0003,0.09964285790920258,0.0
15268.0,3570.0,39.0,0.0562865249812603,0.0003,0.11379295587539673,0.0
15269.0,3571.0,39.0,0.055364593863487244,0.0003,0.06338480114936829,0.0
15270.0,3572.0,39.0,0.06406290829181671,0.0003,0.12047306448221207,0.0
15271.0,3573.0,39.0,0.0471840500831604,0.0003,0.11711158603429794,0.0
15272.0,3574.0,39.0,0.055803943425416946,0.0003,0.12048321217298508,0.0
15273.0,3575.0,39.0,0.05003020912408829,0.0003,0.13099244236946106,0.0
15274.0,3576.0,39.0,0.06024815887212753,0.0003,0.13774245977401733,0.0
15275.0,3577.0,39.0,0.06584900617599487,0.0003,0.07300157099962234,0.0
15276.0,3578.0,39.0,0.06836363673210144,0.0003,0.15664786100387573,0.0
15277.0,3579.0,39.0,0.060792747884988785,0.0003,0.053883541375398636,0.0
15278.0,3580.0,39.0,0.04823813587427139,0.0003,0.14224867522716522,0.0
15279.0,3581.0,39.0,0.04940517991781235,0.0003,0.05276745557785034,0.0
15280.0,3582.0,39.0,0.0480065643787384,0.0003,0.12667083740234375,0.0
15281.0,3583.0,39.0,0.05792716145515442,0.0003,0.06705842167139053,0.0
15282.0,3584.0,39.0,0.04385959729552269,0.0003,0.10910867899656296,0.0
15283.0,3585.0,39.0,0.05215354263782501,0.0003,0.10119186341762543,0.0
15284.0,3586.0,39.0,0.06862079352140427,0.0003,0.10934465378522873,0.0
15285.0,3587.0,39.0,0.056454308331012726,0.0003,0.12410242855548859,0.0
15286.0,3588.0,39.0,0.05192626267671585,0.0003,0.06353234499692917,0.0
15287.0,3589.0,39.0,0.06393881142139435,0.0003,0.09614234417676926,0.0
15288.0,3590.0,39.0,0.06013410538434982,0.0003,0.0733906626701355,0.0
15289.0,3591.0,39.0,0.052456699311733246,0.0003,0.08362651616334915,0.0
15290.0,3592.0,39.0,0.0540039986371994,0.0003,0.05681287497282028,0.0
15291.0,3593.0,39.0,0.056809403002262115,0.0003,0.0789986327290535,0.0
15292.0,3594.0,39.0,0.058780424296855927,0.0003,0.08328406512737274,0.0
15293.0,3595.0,39.0,0.054719410836696625,0.0003,0.15417920053005219,0.0
15294.0,3596.0,39.0,0.06414464116096497,0.0003,0.08408122509717941,0.0
15295.0,3597.0,39.0,0.0714920312166214,0.0003,0.1677665114402771,0.0
15296.0,3598.0,39.0,0.0814613550901413,0.0003,0.14764274656772614,0.0
15297.0,3599.0,39.0,0.04642266035079956,0.0003,0.15893986821174622,0.0
15298.0,3600.0,39.0,0.040119364857673645,0.0003,0.1659558117389679,0.0
15299.0,3601.0,39.0,0.06170158460736275,0.0003,0.09999991953372955,0.0
15300.0,3602.0,39.0,0.06839770823717117,0.0003,0.17026926577091217,0.0
15301.0,3603.0,39.0,0.0548369362950325,0.0003,0.09222466498613358,0.0
15302.0,3604.0,39.0,0.07032899558544159,0.0003,0.13260206580162048,0.0
15303.0,3605.0,39.0,0.04875156655907631,0.0003,0.12066587060689926,0.0
15304.0,3606.0,39.0,0.05553817376494408,0.0003,0.05627412721514702,0.0
15305.0,3607.0,39.0,0.06303393840789795,0.0003,0.16834044456481934,0.0
15306.0,3608.0,39.0,0.04669717326760292,0.0003,0.03884459286928177,0.0
15307.0,3609.0,39.0,0.056289851665496826,0.0003,0.17246337234973907,0.0
15308.0,3610.0,39.0,0.07223998010158539,0.0003,0.07939077168703079,0.0
15309.0,3611.0,39.0,0.05824289843440056,0.0003,0.08768493682146072,0.0
15310.0,3612.0,39.0,0.05295901373028755,0.0003,0.20219539105892181,0.0
15311.0,3613.0,39.0,0.05794499069452286,0.0003,0.11580491811037064,0.0
15312.0,3614.0,39.0,0.059776660054922104,0.0003,0.2543376386165619,0.0
15313.0,3615.0,39.0,0.06174039840698242,0.0003,0.11862850934267044,0.0
15314.0,3616.0,39.0,0.07044413685798645,0.0003,0.24595744907855988,0.0
15315.0,3617.0,39.0,0.06161465495824814,0.0003,0.17372646927833557,0.0
15316.0,3618.0,39.0,0.06449663639068604,0.0003,0.23237594962120056,0.0
15317.0,3619.0,39.0,0.05016208440065384,0.0003,0.18091541528701782,0.0
15318.0,3620.0,39.0,0.06305745244026184,0.0003,0.1212112307548523,0.0
15319.0,3621.0,39.0,0.07288874685764313,0.0003,0.23405590653419495,0.0
15320.0,3622.0,39.0,0.06291094422340393,0.0003,0.06765792518854141,0.0
15321.0,3623.0,39.0,0.06883387267589569,0.0003,0.18116448819637299,0.0
15322.0,3624.0,39.0,0.06741604208946228,0.0003,0.14304257929325104,0.0
15323.0,3625.0,39.0,0.0659932792186737,0.0003,0.12696024775505066,0.0
15324.0,3626.0,39.0,0.06766024231910706,0.0003,0.21156026422977448,0.0
15325.0,3627.0,39.0,0.052155591547489166,0.0003,0.07943286746740341,0.0
15326.0,3628.0,39.0,0.04965381324291229,0.0003,0.13686470687389374,0.0
15327.0,3629.0,39.0,0.056422848254442215,0.0003,0.12859869003295898,0.0
15328.0,3630.0,39.0,0.052872538566589355,0.0003,0.1162235364317894,0.0
15329.0,3631.0,39.0,0.056407686322927475,0.0003,0.21389532089233398,0.0
15330.0,3632.0,39.0,0.07292183488607407,0.0003,0.09300412982702255,0.0
15331.0,3633.0,39.0,0.05731440335512161,0.0003,0.1521560251712799,0.0
15332.0,3634.0,39.0,0.06469257920980453,0.0003,0.07372505962848663,0.0
15333.0,3635.0,39.0,0.0442732572555542,0.0003,0.10507158935070038,0.0
15334.0,3636.0,39.0,0.05022940784692764,0.0003,0.12786637246608734,0.0
15335.0,3637.0,39.0,0.04008634760975838,0.0003,0.07545057684183121,0.0
15336.0,3638.0,39.0,0.07006912678480148,0.0003,0.14482158422470093,0.0
15337.0,3639.0,39.0,0.046912774443626404,0.0003,0.08083183318376541,0.0
15338.0,3640.0,39.0,0.062374815344810486,0.0003,0.14295169711112976,0.0
15339.0,3641.0,39.0,0.0549856461584568,0.0003,0.07994138449430466,0.0
15340.0,3642.0,39.0,0.05578118562698364,0.0003,0.10898096114397049,0.0
15341.0,3643.0,39.0,0.062546007335186,0.0003,0.07429808378219604,0.0
15342.0,3644.0,39.0,0.05862993001937866,0.0003,0.07936661690473557,0.0
15343.0,3645.0,39.0,0.05646837502717972,0.0003,0.16675518453121185,0.0
15344.0,3646.0,39.0,0.03930318355560303,0.0003,0.13282252848148346,0.0
15345.0,3647.0,39.0,0.05670071020722389,0.0003,0.19540394842624664,0.0
15346.0,3648.0,39.0,0.05707243084907532,0.0003,0.1350322812795639,0.0
15347.0,3649.0,39.0,0.062216468155384064,0.0003,0.2154317945241928,0.0
15348.0,3650.0,39.0,0.05315471068024635,0.0003,0.14730893075466156,0.0
15349.0,3651.0,39.0,0.05636168271303177,0.0003,0.12422829121351242,0.0
15350.0,3652.0,39.0,0.05524289608001709,0.0003,0.18111923336982727,0.0
15351.0,3653.0,39.0,0.049778856337070465,0.0003,0.06168132647871971,0.0
15352.0,3654.0,39.0,0.05538518726825714,0.0003,0.1866156905889511,0.0
15353.0,3655.0,39.0,0.051588937640190125,0.0003,0.14284414052963257,0.0
15354.0,3656.0,39.0,0.0633566677570343,0.0003,0.18150493502616882,0.0
15355.0,3657.0,39.0,0.04714418947696686,0.0003,0.20256538689136505,0.0
15356.0,3658.0,39.0,0.05800546705722809,0.0003,0.14488978683948517,0.0
15357.0,3659.0,39.0,0.05478259176015854,0.0003,0.23713600635528564,0.0
15358.0,3660.0,39.0,0.048280391842126846,0.0003,0.07064303755760193,0.0
15359.0,3661.0,39.0,0.03685437887907028,0.0003,0.19799241423606873,0.0
15360.0,3662.0,39.0,0.053878992795944214,0.0003,0.11161241680383682,0.0
15361.0,3663.0,39.0,0.050433263182640076,0.0003,0.19519472122192383,0.0
15362.0,3664.0,39.0,0.04932187497615814,0.0003,0.18299570679664612,0.0
15363.0,3665.0,39.0,0.04516058415174484,0.0003,0.20531389117240906,0.0
15364.0,3666.0,39.0,0.05961274355649948,0.0003,0.14900444447994232,0.0
15365.0,3667.0,39.0,0.06846203655004501,0.0003,0.2039318084716797,0.0
15366.0,3668.0,39.0,0.056893907487392426,0.0003,0.1843683123588562,0.0
15367.0,3669.0,39.0,0.04294028505682945,0.0003,0.22199173271656036,0.0
15368.0,3670.0,39.0,0.04880661517381668,0.0003,0.1898203045129776,0.0
15369.0,3671.0,39.0,0.05083191767334938,0.0003,0.17967158555984497,0.0
15370.0,3672.0,39.0,0.038785431534051895,0.0003,0.146450474858284,0.0
15371.0,3673.0,39.0,0.058192696422338486,0.0003,0.11073742061853409,0.0
15372.0,3674.0,39.0,0.05048840865492821,0.0003,0.16979049146175385,0.0
15373.0,3675.0,39.0,0.04920116439461708,0.0003,0.08579079061746597,0.0
15374.0,3676.0,39.0,0.0550050288438797,0.0003,0.17060816287994385,0.0
15375.0,3677.0,39.0,0.058575961738824844,0.0003,0.08473924547433853,0.0
15376.0,3678.0,39.0,0.05421026051044464,0.0003,0.15761592984199524,0.0
15377.0,3679.0,39.0,0.05374164879322052,0.0003,0.06450451165437698,0.0
15378.0,3680.0,39.0,0.05900631472468376,0.0003,0.11493411660194397,0.0
15379.0,3681.0,39.0,0.05597281455993652,0.0003,0.07810159027576447,0.0
15380.0,3682.0,39.0,0.04218122363090515,0.0003,0.16279275715351105,0.0
15381.0,3683.0,39.0,0.05391833931207657,0.0003,0.1652681976556778,0.0
15382.0,3684.0,39.0,0.05399702861905098,0.0003,0.10617386549711227,0.0
15383.0,3685.0,39.0,0.052466124296188354,0.0003,0.1670798510313034,0.0
15384.0,3686.0,39.0,0.045137763023376465,0.0003,0.09838425368070602,0.0
15385.0,3687.0,39.0,0.05810251459479332,0.0003,0.1138850748538971,0.0
15386.0,3688.0,39.0,0.05933690443634987,0.0003,0.15430185198783875,0.0
15387.0,3689.0,39.0,0.05627133697271347,0.0003,0.1312379240989685,0.0
15388.0,3690.0,39.0,0.04898393154144287,0.0003,0.10252077132463455,0.0
15389.0,3691.0,39.0,0.05233878642320633,0.0003,0.08965543657541275,0.0
15390.0,3692.0,39.0,0.054633982479572296,0.0003,0.1507989466190338,0.0
15391.0,3693.0,39.0,0.0444038063287735,0.0003,0.1272139549255371,0.0
15392.0,3694.0,39.0,0.053897514939308167,0.0003,0.1362314075231552,0.0
15393.0,3695.0,39.0,0.05142562836408615,0.0003,0.04951408505439758,0.0
15394.0,3696.0,39.0,0.06899474561214447,0.0003,0.1869295835494995,0.0
15395.0,3697.0,39.0,0.05093381181359291,0.0003,0.04290994629263878,0.0
15396.0,3698.0,39.0,0.05793854966759682,0.0003,0.17246465384960175,0.0
15397.0,3699.0,39.0,0.06927765160799026,0.0003,0.09886053949594498,0.0
15398.0,3700.0,39.0,0.04756629094481468,0.0003,0.12141697853803635,0.0
15399.0,3701.0,39.0,0.06383761763572693,0.0003,0.12945114076137543,0.0
15400.0,3702.0,39.0,0.05766411870718002,0.0003,0.1191423311829567,0.0
15401.0,3703.0,39.0,0.06649881601333618,0.0003,0.168288916349411,0.0
15402.0,3704.0,39.0,0.0689275711774826,0.0003,0.08535685390233994,0.0
15403.0,3705.0,39.0,0.05350250005722046,0.0003,0.09300030767917633,0.0
15404.0,3706.0,39.0,0.048931222409009933,0.0003,0.1873164027929306,0.0
15405.0,3707.0,39.0,0.0620509497821331,0.0003,0.1037396490573883,0.0
15406.0,3708.0,39.0,0.06582523137331009,0.0003,0.11944558471441269,0.0
15407.0,3709.0,39.0,0.04182212054729462,0.0003,0.05570710450410843,0.0
15408.0,3710.0,39.0,0.06300600618124008,0.0003,0.08956129103899002,0.0
15409.0,3711.0,39.0,0.05969930440187454,0.0003,0.11594531685113907,0.0
15410.0,3712.0,39.0,0.05373967066407204,0.0003,0.07433873414993286,0.0
15411.0,3713.0,39.0,0.05391258746385574,0.0003,0.06130335479974747,0.0
15412.0,3714.0,39.0,0.05075354874134064,0.0003,0.07049756497144699,0.0
15413.0,3715.0,39.0,0.054528795182704926,0.0003,0.053331032395362854,0.0
15414.0,3716.0,39.0,0.06180676072835922,0.0003,0.11195683479309082,0.0
15415.0,3717.0,39.0,0.05873458832502365,0.0003,0.07009252905845642,0.0
15416.0,3718.0,39.0,0.05227555334568024,0.0003,0.11971473693847656,0.0
15417.0,3719.0,39.0,0.043587662279605865,0.0003,0.07776685804128647,0.0
15418.0,3720.0,39.0,0.04702507704496384,0.0003,0.05748358368873596,0.0
15419.0,3721.0,39.0,0.06701762974262238,0.0003,0.1382800042629242,0.0
15420.0,3722.0,39.0,0.04862222075462341,0.0003,0.08820613473653793,0.0
15421.0,3723.0,39.0,0.05543305724859238,0.0003,0.11500924080610275,0.0
15422.0,3724.0,39.0,0.05975795164704323,0.0003,0.07629198580980301,0.0
15423.0,3725.0,39.0,0.05710257589817047,0.0003,0.10546072572469711,0.0
15424.0,3726.0,39.0,0.05642954260110855,0.0003,0.06638755649328232,0.0
15425.0,3727.0,39.0,0.07211850583553314,0.0003,0.1370035707950592,0.0
15426.0,3728.0,39.0,0.0643543004989624,0.0003,0.052765026688575745,0.0
15427.0,3729.0,39.0,0.05068254470825195,0.0003,0.12768234312534332,0.0
15428.0,3730.0,39.0,0.06427747011184692,0.0003,0.052755001932382584,0.0
15429.0,3731.0,39.0,0.058229848742485046,0.0003,0.11707545816898346,0.0
15430.0,3732.0,39.0,0.055379390716552734,0.0003,0.04443405568599701,0.0
15431.0,3733.0,39.0,0.06748136132955551,0.0003,0.09500303864479065,0.0
15432.0,3734.0,39.0,0.06211722269654274,0.0003,0.08807345479726791,0.0
15433.0,3735.0,39.0,0.059273943305015564,0.0003,0.10461493581533432,0.0
15434.0,3736.0,39.0,0.05250895023345947,0.0003,0.18856742978096008,0.0
15435.0,3737.0,39.0,0.06471379101276398,0.0003,0.14772558212280273,0.0
15436.0,3738.0,39.0,0.04951876401901245,0.0003,0.171921506524086,0.0
15437.0,3739.0,39.0,0.049971804022789,0.0003,0.1046975702047348,0.0
15438.0,3740.0,39.0,0.069342702627182,0.0003,0.1968727707862854,0.0
15439.0,3741.0,39.0,0.054403357207775116,0.0003,0.15581466257572174,0.0
15440.0,3742.0,39.0,0.07353516668081284,0.0003,0.1878485232591629,0.0
15441.0,3743.0,39.0,0.05874047800898552,0.0003,0.1266920119524002,0.0
15442.0,3744.0,39.0,0.04866958409547806,0.0003,0.059380561113357544,0.0
15443.0,3745.0,39.0,0.0461261160671711,0.0003,0.17283211648464203,0.0
15444.0,3746.0,39.0,0.06244552507996559,0.0003,0.10426932573318481,0.0
15445.0,3747.0,39.0,0.0602974072098732,0.0003,0.1309446394443512,0.0
15446.0,3748.0,39.0,0.056153856217861176,0.0003,0.09801191091537476,0.0
15447.0,3749.0,39.0,0.0516231507062912,0.0003,0.07412799447774887,0.0
15448.0,3750.0,39.0,0.05019337683916092,0.0003,0.1293514370918274,0.0
15449.0,3751.0,39.0,0.057110220193862915,0.0003,0.09577420353889465,0.0
15450.0,3752.0,39.0,0.059220828115940094,0.0003,0.1452072709798813,0.0
15451.0,3753.0,39.0,0.05685919523239136,0.0003,0.10526074469089508,0.0
15452.0,3754.0,39.0,0.04400091618299484,0.0003,0.10838198661804199,0.0
15453.0,3755.0,39.0,0.05437187850475311,0.0003,0.1443261355161667,0.0
15454.0,3756.0,39.0,0.044590722769498825,0.0003,0.1329711675643921,0.0
15455.0,3757.0,39.0,0.057082660496234894,0.0003,0.1340349018573761,0.0
15456.0,3758.0,39.0,0.0633469671010971,0.0003,0.14618346095085144,0.0
15457.0,3759.0,39.0,0.03800835460424423,0.0003,0.11502362042665482,0.0
15458.0,3760.0,39.0,0.051888518035411835,0.0003,0.1289796382188797,0.0
15459.0,3761.0,39.0,0.06726496666669846,0.0003,0.0764053538441658,0.0
15460.0,3762.0,39.0,0.05336429178714752,0.0003,0.09400345385074615,0.0
15461.0,3763.0,39.0,0.06724971532821655,0.0003,0.08399419486522675,0.0
15462.0,3764.0,39.0,0.06300359964370728,0.0003,0.104575976729393,0.0
15463.0,3765.0,39.0,0.06180642545223236,0.0003,0.06818839907646179,0.0
15464.0,3766.0,39.0,0.0462217703461647,0.0003,0.16629600524902344,0.0
15465.0,3767.0,39.0,0.06711127609014511,0.0003,0.056947674602270126,0.0
15466.0,3768.0,39.0,0.04622446745634079,0.0003,0.17569035291671753,0.0
15467.0,3769.0,39.0,0.07598520815372467,0.0003,0.06537658721208572,0.0
15468.0,3770.0,39.0,0.04766970872879028,0.0003,0.1678398996591568,0.0
15469.0,3771.0,39.0,0.061064526438713074,0.0003,0.04028450325131416,0.0
15470.0,3772.0,39.0,0.05082837492227554,0.0003,0.08771870285272598,0.0
15471.0,3773.0,39.0,0.06860177218914032,0.0003,0.09340720623731613,0.0
15472.0,3774.0,39.0,0.06609609723091125,0.0003,0.09426770359277725,0.0
15473.0,3775.0,39.0,0.046454302966594696,0.0003,0.09367775171995163,0.0
15474.0,3776.0,39.0,0.05726686865091324,0.0003,0.1188720315694809,0.0
15475.0,3777.0,39.0,0.0677020475268364,0.0003,0.07044333964586258,0.0
15476.0,3778.0,39.0,0.042462058365345,0.0003,0.06749872118234634,0.0
15477.0,3779.0,39.0,0.044586844742298126,0.0003,0.10484519600868225,0.0
15478.0,3780.0,39.0,0.05785398930311203,0.0003,0.06655973941087723,0.0
15479.0,3781.0,39.0,0.06495131552219391,0.0003,0.05894414335489273,0.0
15480.0,3782.0,39.0,0.0635492354631424,0.0003,0.07414434105157852,0.0
15481.0,3783.0,39.0,0.05657649040222168,0.0003,0.09573692828416824,0.0
15482.0,3784.0,39.0,0.05485481396317482,0.0003,0.10037688165903091,0.0
15483.0,3785.0,39.0,0.05679013580083847,0.0003,0.1297743171453476,0.0
15484.0,3786.0,39.0,0.06728117913007736,0.0003,0.13741536438465118,0.0
15485.0,3787.0,39.0,0.05006003379821777,0.0003,0.1418018341064453,0.0
15486.0,3788.0,39.0,0.058585889637470245,0.0003,0.1343708038330078,0.0
15487.0,3789.0,39.0,0.06548843532800674,0.0003,0.1542699933052063,0.0
15488.0,3790.0,39.0,0.05616352707147598,0.0003,0.10895802080631256,0.0
15489.0,3791.0,39.0,0.059435803443193436,0.0003,0.1675797402858734,0.0
15490.0,3792.0,39.0,0.053024452179670334,0.0003,0.098422110080719,0.0
15491.0,3793.0,39.0,0.057684723287820816,0.0003,0.20204220712184906,0.0
15492.0,3794.0,39.0,0.05243903771042824,0.0003,0.12950818240642548,0.0
15493.0,3795.0,39.0,0.05106102302670479,0.0003,0.1746165156364441,0.0
15494.0,3796.0,39.0,0.057085178792476654,0.0003,0.15326432883739471,0.0
15495.0,3797.0,39.0,0.05470917373895645,0.0003,0.16907048225402832,0.0
15496.0,3798.0,39.0,0.054034192115068436,0.0003,0.2023913860321045,0.0
15497.0,3799.0,39.0,0.06337548792362213,0.0003,0.16969338059425354,0.0
15498.0,3800.0,39.0,0.06227594241499901,0.0003,0.2088630497455597,0.0
15499.0,3801.0,39.0,0.06115465611219406,0.0003,0.1686915010213852,0.0
15500.0,3802.0,39.0,0.056219711899757385,0.0003,0.2421441674232483,0.0
15501.0,3803.0,39.0,0.05626166984438896,0.0003,0.10758627951145172,0.0
15502.0,3804.0,39.0,0.06369173526763916,0.0003,0.2617914080619812,0.0
15503.0,3805.0,39.0,0.06009545177221298,0.0003,0.12625223398208618,0.0
15504.0,3806.0,39.0,0.06214762106537819,0.0003,0.2614929676055908,0.0
15505.0,3807.0,39.0,0.0558648407459259,0.0003,0.1686064749956131,0.0
15506.0,3808.0,39.0,0.04562855884432793,0.0003,0.26410049200057983,0.0
15507.0,3809.0,39.0,0.04536661133170128,0.0003,0.19225984811782837,0.0
15508.0,3810.0,39.0,0.04475497454404831,0.0003,0.2107471078634262,0.0
15509.0,3811.0,39.0,0.061177097260951996,0.0003,0.19171571731567383,0.0
15510.0,3812.0,39.0,0.054891400039196014,0.0003,0.19128203392028809,0.0
15511.0,3813.0,39.0,0.06733237951993942,0.0003,0.2801913022994995,0.0
15512.0,3814.0,39.0,0.05568617582321167,0.0003,0.11681520193815231,0.0
15513.0,3815.0,39.0,0.048193372786045074,0.0003,0.33140555024147034,0.0
15514.0,3816.0,39.0,0.05836740881204605,0.0003,0.09756903350353241,0.0
15515.0,3817.0,39.0,0.06295253336429596,0.0003,0.3222806453704834,0.0
15516.0,3818.0,39.0,0.054171644151210785,0.0003,0.14945270121097565,0.0
15517.0,3819.0,39.0,0.05682753771543503,0.0003,0.23640616238117218,0.0
15518.0,3820.0,39.0,0.056289833039045334,0.0003,0.19201761484146118,0.0
15519.0,3821.0,39.0,0.05181095749139786,0.0003,0.19315940141677856,0.0
15520.0,3822.0,39.0,0.05363965034484863,0.0003,0.20865947008132935,0.0
15521.0,3823.0,39.0,0.06117510423064232,0.0003,0.14624366164207458,0.0
15522.0,3824.0,39.0,0.07096198201179504,0.0003,0.10130470991134644,0.0
15523.0,3825.0,39.0,0.05300195887684822,0.0003,0.26029303669929504,0.0
15524.0,3826.0,39.0,0.054930005222558975,0.0003,0.15056262910366058,0.0
15525.0,3827.0,39.0,0.05441095679998398,0.0003,0.22853033244609833,0.0
15526.0,3828.0,39.0,0.04959128051996231,0.0003,0.16178499162197113,0.0
15527.0,3829.0,39.0,0.044524695724248886,0.0003,0.20542918145656586,0.0
15528.0,3830.0,39.0,0.06212247535586357,0.0003,0.19512926042079926,0.0
15529.0,3831.0,39.0,0.05440342426300049,0.0003,0.12659355998039246,0.0
15530.0,3832.0,39.0,0.049697209149599075,0.0003,0.17959064245224,0.0
15531.0,3833.0,39.0,0.057441435754299164,0.0003,0.10341748595237732,0.0
15532.0,3834.0,39.0,0.05833893269300461,0.0003,0.2042958289384842,0.0
15533.0,3835.0,39.0,0.059882089495658875,0.0003,0.07924512773752213,0.0
15534.0,3836.0,39.0,0.06584697961807251,0.0003,0.12421005964279175,0.0
15535.0,3837.0,39.0,0.045741453766822815,0.0003,0.15558011829853058,0.0
15536.0,3838.0,39.0,0.05309608206152916,0.0003,0.15530703961849213,0.0
15537.0,3839.0,39.0,0.06299863010644913,0.0003,0.09201554208993912,0.0
15538.0,3840.0,39.0,0.05683506280183792,0.0003,0.1879473179578781,0.0
15539.0,3841.0,39.0,0.048389166593551636,0.0003,0.07811617106199265,0.0
15540.0,3842.0,39.0,0.05401705950498581,0.0003,0.16172614693641663,0.0
15541.0,3843.0,39.0,0.05826449394226074,0.0003,0.0903284102678299,0.0
15542.0,3844.0,39.0,0.05852305144071579,0.0003,0.11420918256044388,0.0
15543.0,3845.0,39.0,0.04967930167913437,0.0003,0.12455599009990692,0.0
15544.0,3846.0,39.0,0.06617852300405502,0.0003,0.08328747749328613,0.0
15545.0,3847.0,39.0,0.04239550977945328,0.0003,0.1040511280298233,0.0
15546.0,3848.0,39.0,0.053360529243946075,0.0003,0.08331942558288574,0.0
15547.0,3849.0,39.0,0.06400072574615479,0.0003,0.13263732194900513,0.0
15548.0,3850.0,39.0,0.06684793531894684,0.0003,0.079422727227211,0.0
15549.0,3851.0,39.0,0.06717986613512039,0.0003,0.14654813706874847,0.0
15550.0,3852.0,39.0,0.04568350315093994,0.0003,0.10648458451032639,0.0
15551.0,3853.0,39.0,0.05630381405353546,0.0003,0.11661722511053085,0.0
15552.0,3854.0,39.0,0.04545152187347412,0.0003,0.07344704866409302,0.0
15553.0,3855.0,39.0,0.06972254067659378,0.0003,0.13039742410182953,0.0
15554.0,3856.0,39.0,0.053906429558992386,0.0003,0.11686357110738754,0.0
15555.0,3857.0,39.0,0.06703823059797287,0.0003,0.12163490056991577,0.0
15556.0,3858.0,39.0,0.06051516905426979,0.0003,0.1149975061416626,0.0
15557.0,3859.0,39.0,0.05834170803427696,0.0003,0.06980428099632263,0.0
15558.0,3860.0,39.0,0.061616577208042145,0.0003,0.15540224313735962,0.0
15559.0,3861.0,39.0,0.062265414744615555,0.0003,0.10265147686004639,0.0
15560.0,3862.0,39.0,0.060241423547267914,0.0003,0.1245446652173996,0.0
15561.0,3863.0,39.0,0.06990942358970642,0.0003,0.11867690086364746,0.0
15562.0,3864.0,39.0,0.059394024312496185,0.0003,0.035107798874378204,0.0
15563.0,3865.0,39.0,0.050184063613414764,0.0003,0.10102780163288116,0.0
15564.0,3866.0,39.0,0.06421710550785065,0.0003,0.14029642939567566,0.0
15565.0,3867.0,39.0,0.058515265583992004,0.0003,0.09420409798622131,0.0
15566.0,3868.0,39.0,0.07252717018127441,0.0003,0.1413467526435852,0.0
15567.0,3869.0,39.0,0.06224667280912399,0.0003,0.09311295300722122,0.0
15568.0,3870.0,39.0,0.06463867425918579,0.0003,0.16210666298866272,0.0
15569.0,3871.0,39.0,0.061056800186634064,0.0003,0.15705153346061707,0.0
15570.0,3872.0,39.0,0.06026081740856171,0.0003,0.08606559783220291,0.0
15571.0,3873.0,39.0,0.062073465436697006,0.0003,0.15488730370998383,0.0
15572.0,3874.0,39.0,0.054558150470256805,0.0003,0.056719399988651276,0.0
15573.0,3875.0,39.0,0.04933212697505951,0.0003,0.1417631208896637,0.0
15574.0,3876.0,39.0,0.04994142800569534,0.0003,0.11186708509922028,0.0
15575.0,3877.0,39.0,0.06445073336362839,0.0003,0.13896118104457855,0.0
15576.0,3878.0,39.0,0.05890635773539543,0.0003,0.036495059728622437,0.0
15577.0,3879.0,39.0,0.06243616342544556,0.0003,0.12947702407836914,0.0
15578.0,3880.0,39.0,0.06169738620519638,0.0003,0.12709401547908783,0.0
15579.0,3881.0,39.0,0.04798455908894539,0.0003,0.14514696598052979,0.0
15580.0,3882.0,39.0,0.06375636160373688,0.0003,0.07673068344593048,0.0
15581.0,3883.0,39.0,0.06057670712471008,0.0003,0.12543165683746338,0.0
15582.0,3884.0,39.0,0.0533708818256855,0.0003,0.06508482247591019,0.0
15583.0,3885.0,39.0,0.06190278381109238,0.0003,0.05486234277486801,0.0
15584.0,3886.0,39.0,0.054228127002716064,0.0003,0.1279013752937317,0.0
15585.0,3887.0,39.0,0.06669206917285919,0.0003,0.09000677615404129,0.0
15586.0,3888.0,39.0,0.07094347476959229,0.0003,0.1219247579574585,0.0
15587.0,3889.0,39.0,0.07229083776473999,0.0003,0.0994848683476448,0.0
15588.0,3890.0,39.0,0.05225178226828575,0.0003,0.1293354332447052,0.0
15589.0,3891.0,39.0,0.04473602771759033,0.0003,0.10241451859474182,0.0
15590.0,3892.0,39.0,0.0667845606803894,0.0003,0.10541312396526337,0.0
15591.0,3893.0,39.0,0.05632595345377922,0.0003,0.09285034984350204,0.0
15592.0,3894.0,39.0,0.05719982087612152,0.0003,0.14675065875053406,0.0
15593.0,3895.0,39.0,0.0467374250292778,0.0003,0.07189641147851944,0.0
15594.0,3896.0,39.0,0.06983689218759537,0.0003,0.0928567573428154,0.0
15595.0,3897.0,39.0,0.05332982540130615,0.0003,0.08002778887748718,0.0
15596.0,3898.0,39.0,0.05990402400493622,0.0003,0.07023623585700989,0.0
15597.0,3899.0,39.0,0.05510899797081947,0.0003,0.07875927537679672,0.0
15598.0,3900.0,39.0,0.045789312571287155,0.0003,0.06215732917189598,0.0
15599.0,3901.0,40.0,0.054582737386226654,0.0003,0.08542618900537491,0.0
15600.0,3902.0,40.0,0.06202307343482971,0.0003,0.12895570695400238,0.0
15601.0,3903.0,40.0,0.04814011603593826,0.0003,0.07332982867956161,0.0
15602.0,3904.0,40.0,0.06352896243333817,0.0003,0.13530346751213074,0.0
15603.0,3905.0,40.0,0.06151894852519035,0.0003,0.08704446256160736,0.0
15604.0,3906.0,40.0,0.06445257365703583,0.0003,0.11500800400972366,0.0
15605.0,3907.0,40.0,0.047385990619659424,0.0003,0.11653442680835724,0.0
15606.0,3908.0,40.0,0.05618903785943985,0.0003,0.04735880345106125,0.0
15607.0,3909.0,40.0,0.0696154236793518,0.0003,0.07279176265001297,0.0
15608.0,3910.0,40.0,0.06892240047454834,0.0003,0.06980069726705551,0.0
15609.0,3911.0,40.0,0.055200546979904175,0.0003,0.08895885199308395,0.0
15610.0,3912.0,40.0,0.07311888039112091,0.0003,0.0818554013967514,0.0
15611.0,3913.0,40.0,0.0510445311665535,0.0003,0.09115925431251526,0.0
15612.0,3914.0,40.0,0.05970318615436554,0.0003,0.0396684892475605,0.0
15613.0,3915.0,40.0,0.06413249671459198,0.0003,0.15853922069072723,0.0
15614.0,3916.0,40.0,0.0581909641623497,0.0003,0.051960017532110214,0.0
15615.0,3917.0,40.0,0.05118972063064575,0.0003,0.1586657613515854,0.0
15616.0,3918.0,40.0,0.059619151055812836,0.0003,0.11954769492149353,0.0
15617.0,3919.0,40.0,0.06273409724235535,0.0003,0.1583331823348999,0.0
15618.0,3920.0,40.0,0.06689461320638657,0.0003,0.1475187987089157,0.0
15619.0,3921.0,40.0,0.05780099704861641,0.0003,0.12380679696798325,0.0
15620.0,3922.0,40.0,0.056299202144145966,0.0003,0.15696805715560913,0.0
15621.0,3923.0,40.0,0.0680052787065506,0.0003,0.05361897125840187,0.0
15622.0,3924.0,40.0,0.05121232196688652,0.0003,0.19263046979904175,0.0
15623.0,3925.0,40.0,0.06550651043653488,0.0003,0.10229076445102692,0.0
15624.0,3926.0,40.0,0.047405146062374115,0.0003,0.21457144618034363,0.0
15625.0,3927.0,40.0,0.05766715854406357,0.0003,0.15062931180000305,0.0
15626.0,3928.0,40.0,0.05604327842593193,0.0003,0.21350796520709991,0.0
15627.0,3929.0,40.0,0.051658615469932556,0.0003,0.1561082899570465,0.0
15628.0,3930.0,40.0,0.056952010840177536,0.0003,0.12473983317613602,0.0
15629.0,3931.0,40.0,0.06596668064594269,0.0003,0.16725309193134308,0.0
15630.0,3932.0,40.0,0.05471644178032875,0.0003,0.1369306445121765,0.0
15631.0,3933.0,40.0,0.05741334706544876,0.0003,0.12430127710103989,0.0
15632.0,3934.0,40.0,0.06174582242965698,0.0003,0.06255403906106949,0.0
15633.0,3935.0,40.0,0.07420356571674347,0.0003,0.10936713218688965,0.0
15634.0,3936.0,40.0,0.06874899566173553,0.0003,0.0664956197142601,0.0
15635.0,3937.0,40.0,0.048538319766521454,0.0003,0.19943657517433167,0.0
15636.0,3938.0,40.0,0.06721416860818863,0.0003,0.12268543988466263,0.0
15637.0,3939.0,40.0,0.05742295831441879,0.0003,0.22209325432777405,0.0
15638.0,3940.0,40.0,0.05823266878724098,0.0003,0.08958827704191208,0.0
15639.0,3941.0,40.0,0.055155254900455475,0.0003,0.20106981694698334,0.0
15640.0,3942.0,40.0,0.06174258887767792,0.0003,0.10951562225818634,0.0
15641.0,3943.0,40.0,0.054336972534656525,0.0003,0.15636014938354492,0.0
15642.0,3944.0,40.0,0.06775813549757004,0.0003,0.09991935640573502,0.0
15643.0,3945.0,40.0,0.05697641894221306,0.0003,0.15532729029655457,0.0
15644.0,3946.0,40.0,0.05925269424915314,0.0003,0.07191202789545059,0.0
15645.0,3947.0,40.0,0.07543884217739105,0.0003,0.12851154804229736,0.0
15646.0,3948.0,40.0,0.053713805973529816,0.0003,0.05283591151237488,0.0
15647.0,3949.0,40.0,0.06414952129125595,0.0003,0.10357588529586792,0.0
15648.0,3950.0,40.0,0.05952105671167374,0.0003,0.06999678164720535,0.0
15649.0,3951.0,40.0,0.06006191298365593,0.0003,0.08602597564458847,0.0
15650.0,3952.0,40.0,0.052350811660289764,0.0003,0.10904565453529358,0.0
15651.0,3953.0,40.0,0.04689090698957443,0.0003,0.0775703713297844,0.0
15652.0,3954.0,40.0,0.0611710250377655,0.0003,0.08945988118648529,0.0
15653.0,3955.0,40.0,0.0456702783703804,0.0003,0.07113968580961227,0.0
15654.0,3956.0,40.0,0.06401914358139038,0.0003,0.07364054024219513,0.0
15655.0,3957.0,40.0,0.054504863917827606,0.0003,0.10346225649118423,0.0
15656.0,3958.0,40.0,0.053600721061229706,0.0003,0.06415597349405289,0.0
15657.0,3959.0,40.0,0.05534585565328598,0.0003,0.08259724080562592,0.0
15658.0,3960.0,40.0,0.06520810723304749,0.0003,0.09644822031259537,0.0
15659.0,3961.0,40.0,0.06353612244129181,0.0003,0.07128582894802094,0.0
15660.0,3962.0,40.0,0.046330176293849945,0.0003,0.11037502437829971,0.0
15661.0,3963.0,40.0,0.06248272955417633,0.0003,0.04553171992301941,0.0
15662.0,3964.0,40.0,0.0506884939968586,0.0003,0.1265125274658203,0.0
15663.0,3965.0,40.0,0.055385760962963104,0.0003,0.05114472657442093,0.0
15664.0,3966.0,40.0,0.048821061849594116,0.0003,0.21085023880004883,0.0
15665.0,3967.0,40.0,0.0632508397102356,0.0003,0.041624389588832855,0.0
15666.0,3968.0,40.0,0.0664299726486206,0.0003,0.1699419915676117,0.0
15667.0,3969.0,40.0,0.047147996723651886,0.0003,0.09786269068717957,0.0
15668.0,3970.0,40.0,0.053175188601017,0.0003,0.19706764817237854,0.0
15669.0,3971.0,40.0,0.046005912125110626,0.0003,0.1169968768954277,0.0
15670.0,3972.0,40.0,0.062257133424282074,0.0003,0.1737811118364334,0.0
15671.0,3973.0,40.0,0.04872077703475952,0.0003,0.09010765701532364,0.0
15672.0,3974.0,40.0,0.07902989536523819,0.0003,0.15353341400623322,0.0
15673.0,3975.0,40.0,0.06426693499088287,0.0003,0.10097053647041321,0.0
15674.0,3976.0,40.0,0.06929674744606018,0.0003,0.14192870259284973,0.0
15675.0,3977.0,40.0,0.05994805693626404,0.0003,0.0801953375339508,0.0
15676.0,3978.0,40.0,0.04900495707988739,0.0003,0.1326322853565216,0.0
15677.0,3979.0,40.0,0.06435398012399673,0.0003,0.0936165377497673,0.0
15678.0,3980.0,40.0,0.07777975499629974,0.0003,0.049300264567136765,0.0
15679.0,3981.0,40.0,0.0793614536523819,0.0003,0.1332971453666687,0.0
15680.0,3982.0,40.0,0.06452156603336334,0.0003,0.05165641009807587,0.0
15681.0,3983.0,40.0,0.059021059423685074,0.0003,0.07259203493595123,0.0
15682.0,3984.0,40.0,0.05388136953115463,0.0003,0.0729667916893959,0.0
15683.0,3985.0,40.0,0.056007444858551025,0.0003,0.08724909275770187,0.0
15684.0,3986.0,40.0,0.0559634193778038,0.0003,0.07270633429288864,0.0
15685.0,3987.0,40.0,0.047624289989471436,0.0003,0.11598119884729385,0.0
15686.0,3988.0,40.0,0.061901211738586426,0.0003,0.04080076888203621,0.0
15687.0,3989.0,40.0,0.05048511177301407,0.0003,0.14995184540748596,0.0
15688.0,3990.0,40.0,0.050795212388038635,0.0003,0.10949093848466873,0.0
15689.0,3991.0,40.0,0.04913999140262604,0.0003,0.06452064961194992,0.0
15690.0,3992.0,40.0,0.04734286293387413,0.0003,0.0956512913107872,0.0
15691.0,3993.0,40.0,0.04960088059306145,0.0003,0.10812053829431534,0.0
15692.0,3994.0,40.0,0.05780589208006859,0.0003,0.04864375293254852,0.0
15693.0,3995.0,40.0,0.07184676826000214,0.0003,0.1103038489818573,0.0
15694.0,3996.0,40.0,0.0587536096572876,0.0003,0.14892002940177917,0.0
15695.0,3997.0,40.0,0.06993967294692993,0.0003,0.11321716010570526,0.0
15696.0,3998.0,40.0,0.04899951070547104,0.0003,0.15728777647018433,0.0
15697.0,3999.0,40.0,0.06522631645202637,0.0003,0.1473684012889862,0.0
15698.0,4000.0,40.0,0.05196776241064072,0.0003,0.12378785759210587,0.0
15699.0,4001.0,40.0,0.05278941988945007,0.0003,0.1556936651468277,0.0
15700.0,4002.0,40.0,0.06384636461734772,0.0003,0.032926153391599655,0.0
15701.0,4003.0,40.0,0.05589635670185089,0.0003,0.09165973961353302,0.0
15702.0,4004.0,40.0,0.0469755157828331,0.0003,0.15514785051345825,0.0
15703.0,4005.0,40.0,0.0510781928896904,0.0003,0.10315990447998047,0.0
15704.0,4006.0,40.0,0.04255644232034683,0.0003,0.16728021204471588,0.0
15705.0,4007.0,40.0,0.049397654831409454,0.0003,0.06087537109851837,0.0
15706.0,4008.0,40.0,0.059489957988262177,0.0003,0.19698144495487213,0.0
15707.0,4009.0,40.0,0.05352798476815224,0.0003,0.08646078407764435,0.0
15708.0,4010.0,40.0,0.06790099292993546,0.0003,0.09861063957214355,0.0
15709.0,4011.0,40.0,0.057034894824028015,0.0003,0.10794240236282349,0.0
15710.0,4012.0,40.0,0.06886695325374603,0.0003,0.08789746463298798,0.0
15711.0,4013.0,40.0,0.07826244831085205,0.0003,0.10284124314785004,0.0
15712.0,4014.0,40.0,0.047944072633981705,0.0003,0.06414373219013214,0.0
15713.0,4015.0,40.0,0.05700813978910446,0.0003,0.15986457467079163,0.0
15714.0,4016.0,40.0,0.05885586887598038,0.0003,0.09013617038726807,0.0
15715.0,4017.0,40.0,0.060004740953445435,0.0003,0.10234442353248596,0.0
15716.0,4018.0,40.0,0.05534646660089493,0.0003,0.11815054714679718,0.0
15717.0,4019.0,40.0,0.06295550614595413,0.0003,0.058820147067308426,0.0
15718.0,4020.0,40.0,0.060157157480716705,0.0003,0.15801161527633667,0.0
15719.0,4021.0,40.0,0.06865184009075165,0.0003,0.07887102663516998,0.0
15720.0,4022.0,40.0,0.05547807365655899,0.0003,0.07330597192049026,0.0
15721.0,4023.0,40.0,0.05225452408194542,0.0003,0.09393743425607681,0.0
15722.0,4024.0,40.0,0.0590190663933754,0.0003,0.09932033717632294,0.0
15723.0,4025.0,40.0,0.06565286964178085,0.0003,0.12383699417114258,0.0
15724.0,4026.0,40.0,0.048865482211112976,0.0003,0.09967789798974991,0.0
15725.0,4027.0,40.0,0.06634052097797394,0.0003,0.09318725019693375,0.0
15726.0,4028.0,40.0,0.03907453641295433,0.0003,0.0703803151845932,0.0
15727.0,4029.0,40.0,0.06234113872051239,0.0003,0.11736038327217102,0.0
15728.0,4030.0,40.0,0.058216679841279984,0.0003,0.06753212958574295,0.0
15729.0,4031.0,40.0,0.055990297347307205,0.0003,0.08215545862913132,0.0
15730.0,4032.0,40.0,0.06093195825815201,0.0003,0.10188240557909012,0.0
15731.0,4033.0,40.0,0.0657404288649559,0.0003,0.07986321300268173,0.0
15732.0,4034.0,40.0,0.04443322867155075,0.0003,0.1510157585144043,0.0
15733.0,4035.0,40.0,0.04131127893924713,0.0003,0.08118704706430435,0.0
15734.0,4036.0,40.0,0.06383804231882095,0.0003,0.12246584892272949,0.0
15735.0,4037.0,40.0,0.06550708413124084,0.0003,0.09912019968032837,0.0
15736.0,4038.0,40.0,0.05422265827655792,0.0003,0.11050927639007568,0.0
15737.0,4039.0,40.0,0.05283985286951065,0.0003,0.1440325528383255,0.0
15738.0,4040.0,40.0,0.04892043024301529,0.0003,0.14560183882713318,0.0
15739.0,4041.0,40.0,0.04723198339343071,0.0003,0.11408127844333649,0.0
15740.0,4042.0,40.0,0.060715530067682266,0.0003,0.14781610667705536,0.0
15741.0,4043.0,40.0,0.053992584347724915,0.0003,0.13614316284656525,0.0
15742.0,4044.0,40.0,0.04818950593471527,0.0003,0.07636460661888123,0.0
15743.0,4045.0,40.0,0.0615195669233799,0.0003,0.1758178174495697,0.0
15744.0,4046.0,40.0,0.059516992419958115,0.0003,0.1208944097161293,0.0
15745.0,4047.0,40.0,0.06392523646354675,0.0003,0.14037641882896423,0.0
15746.0,4048.0,40.0,0.046701908111572266,0.0003,0.0893189013004303,0.0
15747.0,4049.0,40.0,0.04057697951793671,0.0003,0.08405359834432602,0.0
15748.0,4050.0,40.0,0.04646865278482437,0.0003,0.12459642440080643,0.0
15749.0,4051.0,40.0,0.06421265006065369,0.0003,0.0430479571223259,0.0
15750.0,4052.0,40.0,0.06336572766304016,0.0003,0.06492356210947037,0.0
15751.0,4053.0,40.0,0.06467541307210922,0.0003,0.08889360725879669,0.0
15752.0,4054.0,40.0,0.05832017958164215,0.0003,0.07053636759519577,0.0
15753.0,4055.0,40.0,0.05088235065340996,0.0003,0.12980438768863678,0.0
15754.0,4056.0,40.0,0.05647525191307068,0.0003,0.06910351663827896,0.0
15755.0,4057.0,40.0,0.0522211417555809,0.0003,0.13394978642463684,0.0
15756.0,4058.0,40.0,0.043029408901929855,0.0003,0.125411257147789,0.0
15757.0,4059.0,40.0,0.05739271640777588,0.0003,0.07655869424343109,0.0
15758.0,4060.0,40.0,0.05250715836882591,0.0003,0.11249107867479324,0.0
15759.0,4061.0,40.0,0.05617370083928108,0.0003,0.1498606950044632,0.0
15760.0,4062.0,40.0,0.04618176817893982,0.0003,0.03957885876297951,0.0
15761.0,4063.0,40.0,0.05410776287317276,0.0003,0.13453219830989838,0.0
15762.0,4064.0,40.0,0.05439925193786621,0.0003,0.10341081023216248,0.0
15763.0,4065.0,40.0,0.054180171340703964,0.0003,0.14587414264678955,0.0
15764.0,4066.0,40.0,0.05850086361169815,0.0003,0.11943256855010986,0.0
15765.0,4067.0,40.0,0.06853661686182022,0.0003,0.11044687032699585,0.0
15766.0,4068.0,40.0,0.05854738876223564,0.0003,0.11537797749042511,0.0
15767.0,4069.0,40.0,0.05393590033054352,0.0003,0.09849964082241058,0.0
15768.0,4070.0,40.0,0.059239596128463745,0.0003,0.10507701337337494,0.0
15769.0,4071.0,40.0,0.05970771610736847,0.0003,0.10829359292984009,0.0
15770.0,4072.0,40.0,0.05993376672267914,0.0003,0.08763715624809265,0.0
15771.0,4073.0,40.0,0.03967910632491112,0.0003,0.130644753575325,0.0
15772.0,4074.0,40.0,0.05729947239160538,0.0003,0.07174879312515259,0.0
15773.0,4075.0,40.0,0.06591127812862396,0.0003,0.08431988209486008,0.0
15774.0,4076.0,40.0,0.052391935139894485,0.0003,0.059425026178359985,0.0
15775.0,4077.0,40.0,0.050580136477947235,0.0003,0.09955257177352905,0.0
15776.0,4078.0,40.0,0.0669918805360794,0.0003,0.07394970208406448,0.0
15777.0,4079.0,40.0,0.048237014561891556,0.0003,0.039333585649728775,0.0
15778.0,4080.0,40.0,0.06940031796693802,0.0003,0.03585617616772652,0.0
15779.0,4081.0,40.0,0.05788341164588928,0.0003,0.08275099843740463,0.0
15780.0,4082.0,40.0,0.06564480066299438,0.0003,0.08577589690685272,0.0
15781.0,4083.0,40.0,0.05286891758441925,0.0003,0.11563921719789505,0.0
15782.0,4084.0,40.0,0.04297632724046707,0.0003,0.10452649742364883,0.0
15783.0,4085.0,40.0,0.06498385965824127,0.0003,0.06917863339185715,0.0
15784.0,4086.0,40.0,0.05463557690382004,0.0003,0.12470162659883499,0.0
15785.0,4087.0,40.0,0.05832551419734955,0.0003,0.07436956465244293,0.0
15786.0,4088.0,40.0,0.05483841523528099,0.0003,0.0842452421784401,0.0
15787.0,4089.0,40.0,0.06942995637655258,0.0003,0.05998334288597107,0.0
15788.0,4090.0,40.0,0.05609023571014404,0.0003,0.10905998945236206,0.0
15789.0,4091.0,40.0,0.06128212437033653,0.0003,0.07561632245779037,0.0
15790.0,4092.0,40.0,0.06058579683303833,0.0003,0.07502098381519318,0.0
15791.0,4093.0,40.0,0.042669083923101425,0.0003,0.09825345873832703,0.0
15792.0,4094.0,40.0,0.05490293726325035,0.0003,0.08075784146785736,0.0
15793.0,4095.0,40.0,0.05541010946035385,0.0003,0.09569859504699707,0.0
15794.0,4096.0,40.0,0.05914399027824402,0.0003,0.11445578187704086,0.0
15795.0,4097.0,40.0,0.0594775453209877,0.0003,0.09323868155479431,0.0
15796.0,4098.0,40.0,0.0676390528678894,0.0003,0.13063417375087738,0.0
15797.0,4099.0,40.0,0.05719977617263794,0.0003,0.13224467635154724,0.0
15798.0,4100.0,40.0,0.059304893016815186,0.0003,0.13301527500152588,0.0
15799.0,4101.0,40.0,0.05972527340054512,0.0003,0.12645548582077026,0.0
15800.0,4102.0,40.0,0.05400589853525162,0.0003,0.09863583743572235,0.0
15801.0,4103.0,40.0,0.04625358805060387,0.0003,0.1911078244447708,0.0
15802.0,4104.0,40.0,0.05577787384390831,0.0003,0.09467910975217819,0.0
15803.0,4105.0,40.0,0.05387864261865616,0.0003,0.19245918095111847,0.0
15804.0,4106.0,40.0,0.05969876050949097,0.0003,0.1003405973315239,0.0
15805.0,4107.0,40.0,0.0609624907374382,0.0003,0.13396422564983368,0.0
15806.0,4108.0,40.0,0.06338578462600708,0.0003,0.10340474545955658,0.0
15807.0,4109.0,40.0,0.045936305075883865,0.0003,0.1552584171295166,0.0
15808.0,4110.0,40.0,0.05657832324504852,0.0003,0.07427535951137543,0.0
15809.0,4111.0,40.0,0.053534556180238724,0.0003,0.1773476004600525,0.0
15810.0,4112.0,40.0,0.05443918704986572,0.0003,0.09322798252105713,0.0
15811.0,4113.0,40.0,0.051755741238594055,0.0003,0.17059452831745148,0.0
15812.0,4114.0,40.0,0.056245606392621994,0.0003,0.07535479962825775,0.0
15813.0,4115.0,40.0,0.05865214765071869,0.0003,0.186915785074234,0.0
15814.0,4116.0,40.0,0.051028937101364136,0.0003,0.07512503117322922,0.0
15815.0,4117.0,40.0,0.05107646435499191,0.0003,0.0997694656252861,0.0
15816.0,4118.0,40.0,0.049113065004348755,0.0003,0.07960803806781769,0.0
15817.0,4119.0,40.0,0.055702585726976395,0.0003,0.1238943561911583,0.0
15818.0,4120.0,40.0,0.04939846694469452,0.0003,0.11978136003017426,0.0
15819.0,4121.0,40.0,0.06774760782718658,0.0003,0.09145945310592651,0.0
15820.0,4122.0,40.0,0.05366189032793045,0.0003,0.11741114407777786,0.0
15821.0,4123.0,40.0,0.0618717297911644,0.0003,0.048569634556770325,0.0
15822.0,4124.0,40.0,0.056801795959472656,0.0003,0.11774031072854996,0.0
15823.0,4125.0,40.0,0.04369262233376503,0.0003,0.09780703485012054,0.0
15824.0,4126.0,40.0,0.0560380294919014,0.0003,0.12368696182966232,0.0
15825.0,4127.0,40.0,0.05518127977848053,0.0003,0.11456777155399323,0.0
15826.0,4128.0,40.0,0.06266835331916809,0.0003,0.13261428475379944,0.0
15827.0,4129.0,40.0,0.05872398614883423,0.0003,0.07622562348842621,0.0
15828.0,4130.0,40.0,0.0517578199505806,0.0003,0.11978822946548462,0.0
15829.0,4131.0,40.0,0.0519937165081501,0.0003,0.10080472379922867,0.0
15830.0,4132.0,40.0,0.048325181007385254,0.0003,0.1004444882273674,0.0
15831.0,4133.0,40.0,0.060451094061136246,0.0003,0.16691161692142487,0.0
15832.0,4134.0,40.0,0.08122512698173523,0.0003,0.09819026291370392,0.0
15833.0,4135.0,40.0,0.05627446249127388,0.0003,0.15424062311649323,0.0
15834.0,4136.0,40.0,0.053782638162374496,0.0003,0.06270647794008255,0.0
15835.0,4137.0,40.0,0.05054634436964989,0.0003,0.16697312891483307,0.0
15836.0,4138.0,40.0,0.06931236386299133,0.0003,0.060354627668857574,0.0
15837.0,4139.0,40.0,0.04427911341190338,0.0003,0.04398435726761818,0.0
15838.0,4140.0,40.0,0.05087021365761757,0.0003,0.19856694340705872,0.0
15839.0,4141.0,40.0,0.05043228715658188,0.0003,0.07789544016122818,0.0
15840.0,4142.0,40.0,0.051177337765693665,0.0003,0.15938794612884521,0.0
15841.0,4143.0,40.0,0.05875253677368164,0.0003,0.09905891865491867,0.0
15842.0,4144.0,40.0,0.04944198578596115,0.0003,0.16499337553977966,0.0
15843.0,4145.0,40.0,0.047169484198093414,0.0003,0.1433333307504654,0.0
15844.0,4146.0,40.0,0.05424072593450546,0.0003,0.12487369030714035,0.0
15845.0,4147.0,40.0,0.04971694201231003,0.0003,0.19427280128002167,0.0
15846.0,4148.0,40.0,0.05380857735872269,0.0003,0.14608967304229736,0.0
15847.0,4149.0,40.0,0.045524775981903076,0.0003,0.13387010991573334,0.0
15848.0,4150.0,40.0,0.06335105001926422,0.0003,0.09163178503513336,0.0
15849.0,4151.0,40.0,0.039839111268520355,0.0003,0.18302087485790253,0.0
15850.0,4152.0,40.0,0.04959762841463089,0.0003,0.043444521725177765,0.0
15851.0,4153.0,40.0,0.04951109737157822,0.0003,0.14210596680641174,0.0
15852.0,4154.0,40.0,0.06012517958879471,0.0003,0.09177632629871368,0.0
15853.0,4155.0,40.0,0.06206061691045761,0.0003,0.13949204981327057,0.0
15854.0,4156.0,40.0,0.052624836564064026,0.0003,0.16923102736473083,0.0
15855.0,4157.0,40.0,0.05493994057178497,0.0003,0.0940169021487236,0.0
15856.0,4158.0,40.0,0.05334766209125519,0.0003,0.1295798420906067,0.0
15857.0,4159.0,40.0,0.04920615255832672,0.0003,0.12616689503192902,0.0
15858.0,4160.0,40.0,0.061025865375995636,0.0003,0.064421147108078,0.0
15859.0,4161.0,40.0,0.0513213612139225,0.0003,0.21515604853630066,0.0
15860.0,4162.0,40.0,0.052015528082847595,0.0003,0.08446012437343597,0.0
15861.0,4163.0,40.0,0.06324750930070877,0.0003,0.24322593212127686,0.0
15862.0,4164.0,40.0,0.05065513402223587,0.0003,0.11486900597810745,0.0
15863.0,4165.0,40.0,0.05223789066076279,0.0003,0.2084304541349411,0.0
15864.0,4166.0,40.0,0.049049533903598785,0.0003,0.21568825840950012,0.0
15865.0,4167.0,40.0,0.06317836046218872,0.0003,0.1775849312543869,0.0
15866.0,4168.0,40.0,0.05543363094329834,0.0003,0.190384641289711,0.0
15867.0,4169.0,40.0,0.04966632276773453,0.0003,0.1542346030473709,0.0
15868.0,4170.0,40.0,0.05754312127828598,0.0003,0.13578717410564423,0.0
15869.0,4171.0,40.0,0.06381221115589142,0.0003,0.10722021013498306,0.0
15870.0,4172.0,40.0,0.06540677696466446,0.0003,0.11614173650741577,0.0
15871.0,4173.0,40.0,0.054959509521722794,0.0003,0.1900176703929901,0.0
15872.0,4174.0,40.0,0.05939508229494095,0.0003,0.18488548696041107,0.0
15873.0,4175.0,40.0,0.05099928379058838,0.0003,0.11790956556797028,0.0
15874.0,4176.0,40.0,0.049525052309036255,0.0003,0.18204091489315033,0.0
15875.0,4177.0,40.0,0.056536849588155746,0.0003,0.12148086726665497,0.0
15876.0,4178.0,40.0,0.05721612274646759,0.0003,0.12589870393276215,0.0
15877.0,4179.0,40.0,0.052687376737594604,0.0003,0.1654600203037262,0.0
15878.0,4180.0,40.0,0.054008208215236664,0.0003,0.06243382394313812,0.0
15879.0,4181.0,40.0,0.07427649199962616,0.0003,0.147784024477005,0.0
15880.0,4182.0,40.0,0.04694545269012451,0.0003,0.11295925825834274,0.0
15881.0,4183.0,40.0,0.06176942586898804,0.0003,0.1720922291278839,0.0
15882.0,4184.0,40.0,0.06677325814962387,0.0003,0.06450651586055756,0.0
15883.0,4185.0,40.0,0.06153972074389458,0.0003,0.1002030149102211,0.0
15884.0,4186.0,40.0,0.05554652214050293,0.0003,0.10627403110265732,0.0
15885.0,4187.0,40.0,0.06148061156272888,0.0003,0.0775027796626091,0.0
15886.0,4188.0,40.0,0.05637257546186447,0.0003,0.10108508914709091,0.0
15887.0,4189.0,40.0,0.055792711675167084,0.0003,0.06763152778148651,0.0
15888.0,4190.0,40.0,0.05685259774327278,0.0003,0.10925978422164917,0.0
15889.0,4191.0,40.0,0.04967452213168144,0.0003,0.09379076212644577,0.0
15890.0,4192.0,40.0,0.06405341625213623,0.0003,0.0638280138373375,0.0
15891.0,4193.0,40.0,0.061688076704740524,0.0003,0.0762459933757782,0.0
15892.0,4194.0,40.0,0.05689531937241554,0.0003,0.09448137134313583,0.0
15893.0,4195.0,40.0,0.0575542151927948,0.0003,0.168317973613739,0.0
15894.0,4196.0,40.0,0.05014045163989067,0.0003,0.09851264953613281,0.0
15895.0,4197.0,40.0,0.05783289670944214,0.0003,0.057495757937431335,0.0
15896.0,4198.0,40.0,0.053942807018756866,0.0003,0.12420041859149933,0.0
15897.0,4199.0,40.0,0.05413830280303955,0.0003,0.03203631937503815,0.0
15898.0,4200.0,40.0,0.06086336448788643,0.0003,0.15164580941200256,0.0
15899.0,4201.0,40.0,0.0655173659324646,0.0003,0.08443237841129303,0.0
15900.0,4202.0,40.0,0.05556034296751022,0.0003,0.1751987338066101,0.0
15901.0,4203.0,40.0,0.06226946413516998,0.0003,0.07493489235639572,0.0
15902.0,4204.0,40.0,0.054489847272634506,0.0003,0.17167547345161438,0.0
15903.0,4205.0,40.0,0.053881291300058365,0.0003,0.05216841772198677,0.0
15904.0,4206.0,40.0,0.06477398425340652,0.0003,0.07126566022634506,0.0
15905.0,4207.0,40.0,0.06953734159469604,0.0003,0.08157158643007278,0.0
15906.0,4208.0,40.0,0.05965486913919449,0.0003,0.14754512906074524,0.0
15907.0,4209.0,40.0,0.048368509858846664,0.0003,0.11064803600311279,0.0
15908.0,4210.0,40.0,0.05194593220949173,0.0003,0.15748780965805054,0.0
15909.0,4211.0,40.0,0.06410330533981323,0.0003,0.10508140176534653,0.0
15910.0,4212.0,40.0,0.07593616843223572,0.0003,0.15307383239269257,0.0
15911.0,4213.0,40.0,0.05708468705415726,0.0003,0.15436264872550964,0.0
15912.0,4214.0,40.0,0.05577302724123001,0.0003,0.1848042607307434,0.0
15913.0,4215.0,40.0,0.05795776844024658,0.0003,0.16317038238048553,0.0
15914.0,4216.0,40.0,0.055186495184898376,0.0003,0.16632671654224396,0.0
15915.0,4217.0,40.0,0.05053971707820892,0.0003,0.12854106724262238,0.0
15916.0,4218.0,40.0,0.06680801510810852,0.0003,0.1189061850309372,0.0
15917.0,4219.0,40.0,0.06687862426042557,0.0003,0.12384939938783646,0.0
15918.0,4220.0,40.0,0.06925879418849945,0.0003,0.11430324614048004,0.0
15919.0,4221.0,40.0,0.05147494003176689,0.0003,0.062455058097839355,0.0
15920.0,4222.0,40.0,0.05939720198512077,0.0003,0.09804084151983261,0.0
15921.0,4223.0,40.0,0.06190600246191025,0.0003,0.13198348879814148,0.0
15922.0,4224.0,40.0,0.06351479887962341,0.0003,0.09513198584318161,0.0
15923.0,4225.0,40.0,0.05493739992380142,0.0003,0.2175348699092865,0.0
15924.0,4226.0,40.0,0.05207052081823349,0.0003,0.05013304576277733,0.0
15925.0,4227.0,40.0,0.06819581240415573,0.0003,0.1692976951599121,0.0
15926.0,4228.0,40.0,0.07323405146598816,0.0003,0.06632682681083679,0.0
15927.0,4229.0,40.0,0.060432374477386475,0.0003,0.08273088186979294,0.0
15928.0,4230.0,40.0,0.05403948575258255,0.0003,0.115447036921978,0.0
15929.0,4231.0,40.0,0.05968528985977173,0.0003,0.07064784318208694,0.0
15930.0,4232.0,40.0,0.05429617688059807,0.0003,0.09965686500072479,0.0
15931.0,4233.0,40.0,0.06888812780380249,0.0003,0.09105589985847473,0.0
15932.0,4234.0,40.0,0.050202518701553345,0.0003,0.10707370191812515,0.0
15933.0,4235.0,40.0,0.060684025287628174,0.0003,0.08911934494972229,0.0
15934.0,4236.0,40.0,0.05908126384019852,0.0003,0.10612627118825912,0.0
15935.0,4237.0,40.0,0.041626788675785065,0.0003,0.12561915814876556,0.0
15936.0,4238.0,40.0,0.05867503583431244,0.0003,0.12156689912080765,0.0
15937.0,4239.0,40.0,0.04567153379321098,0.0003,0.1042548418045044,0.0
15938.0,4240.0,40.0,0.058754950761795044,0.0003,0.09795505553483963,0.0
15939.0,4241.0,40.0,0.059515826404094696,0.0003,0.034347157925367355,0.0
15940.0,4242.0,40.0,0.04480303078889847,0.0003,0.1927695870399475,0.0
15941.0,4243.0,40.0,0.057450827211141586,0.0003,0.049791086465120316,0.0
15942.0,4244.0,40.0,0.06587504595518112,0.0003,0.16992385685443878,0.0
15943.0,4245.0,40.0,0.05342292785644531,0.0003,0.11383496224880219,0.0
15944.0,4246.0,40.0,0.05934056639671326,0.0003,0.15662239491939545,0.0
15945.0,4247.0,40.0,0.05397004261612892,0.0003,0.1189880222082138,0.0
15946.0,4248.0,40.0,0.05793403089046478,0.0003,0.0823647528886795,0.0
15947.0,4249.0,40.0,0.06112128868699074,0.0003,0.14794261753559113,0.0
15948.0,4250.0,40.0,0.058203138411045074,0.0003,0.06958778202533722,0.0
15949.0,4251.0,40.0,0.05256908759474754,0.0003,0.1407085657119751,0.0
15950.0,4252.0,40.0,0.05739399418234825,0.0003,0.07634244114160538,0.0
15951.0,4253.0,40.0,0.048360176384449005,0.0003,0.09503819793462753,0.0
15952.0,4254.0,40.0,0.04233420640230179,0.0003,0.05963332578539848,0.0
15953.0,4255.0,40.0,0.06548582017421722,0.0003,0.08465860784053802,0.0
15954.0,4256.0,40.0,0.06301335245370865,0.0003,0.07903870195150375,0.0
15955.0,4257.0,40.0,0.051290661096572876,0.0003,0.06964137405157089,0.0
15956.0,4258.0,40.0,0.0619417205452919,0.0003,0.11700596660375595,0.0
15957.0,4259.0,40.0,0.04827282205224037,0.0003,0.09602734446525574,0.0
15958.0,4260.0,40.0,0.06731878966093063,0.0003,0.0921366885304451,0.0
15959.0,4261.0,40.0,0.07287028431892395,0.0003,0.14565475285053253,0.0
15960.0,4262.0,40.0,0.06612205505371094,0.0003,0.07786968350410461,0.0
15961.0,4263.0,40.0,0.06490187346935272,0.0003,0.12400776147842407,0.0
15962.0,4264.0,40.0,0.06493349373340607,0.0003,0.06361621618270874,0.0
15963.0,4265.0,40.0,0.055021509528160095,0.0003,0.08547858893871307,0.0
15964.0,4266.0,40.0,0.06449344009160995,0.0003,0.05448649451136589,0.0
15965.0,4267.0,40.0,0.05859275907278061,0.0003,0.0967019572854042,0.0
15966.0,4268.0,40.0,0.060824573040008545,0.0003,0.11392588913440704,0.0
15967.0,4269.0,40.0,0.05429990589618683,0.0003,0.06432818621397018,0.0
15968.0,4270.0,40.0,0.05314169079065323,0.0003,0.21283401548862457,0.0
15969.0,4271.0,40.0,0.057338323444128036,0.0003,0.052090175449848175,0.0
15970.0,4272.0,40.0,0.060319218784570694,0.0003,0.22207467257976532,0.0
15971.0,4273.0,40.0,0.07144486904144287,0.0003,0.13927283883094788,0.0
15972.0,4274.0,40.0,0.05163189768791199,0.0003,0.2258358895778656,0.0
15973.0,4275.0,40.0,0.05665341019630432,0.0003,0.16086861491203308,0.0
15974.0,4276.0,40.0,0.05177824944257736,0.0003,0.2146570086479187,0.0
15975.0,4277.0,40.0,0.06800597161054611,0.0003,0.08129458129405975,0.0
15976.0,4278.0,40.0,0.06392107903957367,0.0003,0.13389496505260468,0.0
15977.0,4279.0,40.0,0.05253470316529274,0.0003,0.176042377948761,0.0
15978.0,4280.0,40.0,0.05510850250720978,0.0003,0.09677508473396301,0.0
15979.0,4281.0,40.0,0.05390290170907974,0.0003,0.21297338604927063,0.0
15980.0,4282.0,40.0,0.06424396485090256,0.0003,0.10525230318307877,0.0
15981.0,4283.0,40.0,0.06184876337647438,0.0003,0.2501685619354248,0.0
15982.0,4284.0,40.0,0.05997852236032486,0.0003,0.12579701840877533,0.0
15983.0,4285.0,40.0,0.05156269669532776,0.0003,0.1656818389892578,0.0
15984.0,4286.0,40.0,0.058836739510297775,0.0003,0.12111970782279968,0.0
15985.0,4287.0,40.0,0.04862137511372566,0.0003,0.17619097232818604,0.0
15986.0,4288.0,40.0,0.04826962575316429,0.0003,0.13851453363895416,0.0
15987.0,4289.0,40.0,0.05868623033165932,0.0003,0.12305626273155212,0.0
15988.0,4290.0,40.0,0.05727339908480644,0.0003,0.17302031815052032,0.0
15989.0,4291.0,41.0,0.0537705272436142,0.0003,0.16589704155921936,0.0
15990.0,4292.0,41.0,0.057623229920864105,0.0003,0.1760329306125641,0.0
15991.0,4293.0,41.0,0.06064219027757645,0.0003,0.1087237000465393,0.0
15992.0,4294.0,41.0,0.062345411628484726,0.0003,0.13757510483264923,0.0
15993.0,4295.0,41.0,0.04962385818362236,0.0003,0.09195823967456818,0.0
15994.0,4296.0,41.0,0.06687086820602417,0.0003,0.20303815603256226,0.0
15995.0,4297.0,41.0,0.045724667608737946,0.0003,0.12470490485429764,0.0
15996.0,4298.0,41.0,0.044070497155189514,0.0003,0.2057010978460312,0.0
15997.0,4299.0,41.0,0.06082884967327118,0.0003,0.08406592905521393,0.0
15998.0,4300.0,41.0,0.05363829433917999,0.0003,0.22376295924186707,0.0
15999.0,4301.0,41.0,0.05154847353696823,0.0003,0.05968759208917618,0.0
16000.0,4302.0,41.0,0.05152104049921036,0.0003,0.1992851346731186,0.0
16001.0,4303.0,41.0,0.05789065361022949,0.0003,0.07030990719795227,0.0
16002.0,4304.0,41.0,0.06177198141813278,0.0003,0.08910489082336426,0.0
16003.0,4305.0,41.0,0.04822974652051926,0.0003,0.1539381593465805,0.0
16004.0,4306.0,41.0,0.05752338469028473,0.0003,0.08995726704597473,0.0
16005.0,4307.0,41.0,0.0572412833571434,0.0003,0.0818755105137825,0.0
16006.0,4308.0,41.0,0.06381021440029144,0.0003,0.14534753561019897,0.0
16007.0,4309.0,41.0,0.055252235382795334,0.0003,0.04684023931622505,0.0
16008.0,4310.0,41.0,0.056096792221069336,0.0003,0.13349543511867523,0.0
16009.0,4311.0,41.0,0.05815143138170242,0.0003,0.11567997187376022,0.0
16010.0,4312.0,41.0,0.05793386325240135,0.0003,0.11952873319387436,0.0
16011.0,4313.0,41.0,0.052521027624607086,0.0003,0.14619764685630798,0.0
16012.0,4314.0,41.0,0.04455726966261864,0.0003,0.2141493409872055,0.0
16013.0,4315.0,41.0,0.0603506974875927,0.0003,0.11793111264705658,0.0
16014.0,4316.0,41.0,0.06261402368545532,0.0003,0.17454314231872559,0.0
16015.0,4317.0,41.0,0.05910973995923996,0.0003,0.11659263074398041,0.0
16016.0,4318.0,41.0,0.07097583264112473,0.0003,0.1812717765569687,0.0
16017.0,4319.0,41.0,0.0505790188908577,0.0003,0.12108171731233597,0.0
16018.0,4320.0,41.0,0.05669036880135536,0.0003,0.1582227200269699,0.0
16019.0,4321.0,41.0,0.043065376579761505,0.0003,0.15906617045402527,0.0
16020.0,4322.0,41.0,0.04967980086803436,0.0003,0.15022996068000793,0.0
16021.0,4323.0,41.0,0.0514545775949955,0.0003,0.22291597723960876,0.0
16022.0,4324.0,41.0,0.05166075378656387,0.0003,0.13930806517601013,0.0
16023.0,4325.0,41.0,0.056570958346128464,0.0003,0.20686019957065582,0.0
16024.0,4326.0,41.0,0.05139162391424179,0.0003,0.1578393280506134,0.0
16025.0,4327.0,41.0,0.05204359441995621,0.0003,0.13469550013542175,0.0
16026.0,4328.0,41.0,0.05529195815324783,0.0003,0.1802206039428711,0.0
16027.0,4329.0,41.0,0.05042778700590134,0.0003,0.12287141382694244,0.0
16028.0,4330.0,41.0,0.056838247925043106,0.0003,0.13922643661499023,0.0
16029.0,4331.0,41.0,0.05985462665557861,0.0003,0.16381435096263885,0.0
16030.0,4332.0,41.0,0.050836607813835144,0.0003,0.17150171101093292,0.0
16031.0,4333.0,41.0,0.07163474708795547,0.0003,0.10820294171571732,0.0
16032.0,4334.0,41.0,0.05300121381878853,0.0003,0.1340094357728958,0.0
16033.0,4335.0,41.0,0.05629884451627731,0.0003,0.1292402297258377,0.0
16034.0,4336.0,41.0,0.06068722531199455,0.0003,0.1595463752746582,0.0
16035.0,4337.0,41.0,0.06512556970119476,0.0003,0.18413867056369781,0.0
16036.0,4338.0,41.0,0.05117524415254593,0.0003,0.1634995937347412,0.0
16037.0,4339.0,41.0,0.06549414992332458,0.0003,0.18015176057815552,0.0
16038.0,4340.0,41.0,0.05295250564813614,0.0003,0.10665158182382584,0.0
16039.0,4341.0,41.0,0.059669915586709976,0.0003,0.08788326382637024,0.0
16040.0,4342.0,41.0,0.04695788770914078,0.0003,0.10751460492610931,0.0
16041.0,4343.0,41.0,0.06194246932864189,0.0003,0.08257535099983215,0.0
16042.0,4344.0,41.0,0.07097354531288147,0.0003,0.09516909718513489,0.0
16043.0,4345.0,41.0,0.05463523045182228,0.0003,0.06689219176769257,0.0
16044.0,4346.0,41.0,0.058204829692840576,0.0003,0.09750024974346161,0.0
16045.0,4347.0,41.0,0.051020875573158264,0.0003,0.05333826690912247,0.0
16046.0,4348.0,41.0,0.05837659537792206,0.0003,0.05591227859258652,0.0
16047.0,4349.0,41.0,0.0687047466635704,0.0003,0.055478598922491074,0.0
16048.0,4350.0,41.0,0.06273840367794037,0.0003,0.07475678622722626,0.0
16049.0,4351.0,41.0,0.0629531592130661,0.0003,0.07380453497171402,0.0
16050.0,4352.0,41.0,0.04666055366396904,0.0003,0.08267075568437576,0.0
16051.0,4353.0,41.0,0.06613186001777649,0.0003,0.09662715345621109,0.0
16052.0,4354.0,41.0,0.06088193506002426,0.0003,0.0792250782251358,0.0
16053.0,4355.0,41.0,0.05768928304314613,0.0003,0.09414904564619064,0.0
16054.0,4356.0,41.0,0.05599875748157501,0.0003,0.10781816393136978,0.0
16055.0,4357.0,41.0,0.055075857788324356,0.0003,0.13185356557369232,0.0
16056.0,4358.0,41.0,0.06754928082227707,0.0003,0.03753521665930748,0.0
16057.0,4359.0,41.0,0.04922857508063316,0.0003,0.10774991661310196,0.0
16058.0,4360.0,41.0,0.05760856345295906,0.0003,0.06745846569538116,0.0
16059.0,4361.0,41.0,0.05794975534081459,0.0003,0.10297530144453049,0.0
16060.0,4362.0,41.0,0.05490918084979057,0.0003,0.046826619654893875,0.0
16061.0,4363.0,41.0,0.06266133487224579,0.0003,0.047699738293886185,0.0
16062.0,4364.0,41.0,0.0681622102856636,0.0003,0.04952981323003769,0.0
16063.0,4365.0,41.0,0.045088641345500946,0.0003,0.09630024433135986,0.0
16064.0,4366.0,41.0,0.051286615431308746,0.0003,0.0631568506360054,0.0
16065.0,4367.0,41.0,0.05590536445379257,0.0003,0.13889920711517334,0.0
16066.0,4368.0,41.0,0.0536217987537384,0.0003,0.061256952583789825,0.0
16067.0,4369.0,41.0,0.06342179328203201,0.0003,0.11330617964267731,0.0
16068.0,4370.0,41.0,0.06279216706752777,0.0003,0.11585457623004913,0.0
16069.0,4371.0,41.0,0.0628587156534195,0.0003,0.06606020033359528,0.0
16070.0,4372.0,41.0,0.05084282159805298,0.0003,0.11754758656024933,0.0
16071.0,4373.0,41.0,0.06296437978744507,0.0003,0.07063474506139755,0.0
16072.0,4374.0,41.0,0.046667031943798065,0.0003,0.14677511155605316,0.0
16073.0,4375.0,41.0,0.04840358719229698,0.0003,0.09474600851535797,0.0
16074.0,4376.0,41.0,0.042740076780319214,0.0003,0.17414550483226776,0.0
16075.0,4377.0,41.0,0.07519520819187164,0.0003,0.08173845708370209,0.0
16076.0,4378.0,41.0,0.05995522439479828,0.0003,0.03595850616693497,0.0
16077.0,4379.0,41.0,0.057618215680122375,0.0003,0.15770921111106873,0.0
16078.0,4380.0,41.0,0.047410208731889725,0.0003,0.07284659147262573,0.0
16079.0,4381.0,41.0,0.05645858496427536,0.0003,0.1073082908987999,0.0
16080.0,4382.0,41.0,0.07060176134109497,0.0003,0.10948009043931961,0.0
16081.0,4383.0,41.0,0.053462013602256775,0.0003,0.1015743538737297,0.0
16082.0,4384.0,41.0,0.05100492388010025,0.0003,0.14145834743976593,0.0
16083.0,4385.0,41.0,0.06641891598701477,0.0003,0.05758838728070259,0.0
16084.0,4386.0,41.0,0.06126595288515091,0.0003,0.1630697250366211,0.0
16085.0,4387.0,41.0,0.05954507738351822,0.0003,0.08244244754314423,0.0
16086.0,4388.0,41.0,0.06146875023841858,0.0003,0.14488589763641357,0.0
16087.0,4389.0,41.0,0.06358065456151962,0.0003,0.07461819052696228,0.0
16088.0,4390.0,41.0,0.04807963967323303,0.0003,0.1248355507850647,0.0
16089.0,4391.0,41.0,0.05036485567688942,0.0003,0.07181573659181595,0.0
16090.0,4392.0,41.0,0.05648402124643326,0.0003,0.1280655413866043,0.0
16091.0,4393.0,41.0,0.07006484270095825,0.0003,0.059135615825653076,0.0
16092.0,4394.0,41.0,0.05287113040685654,0.0003,0.10391435027122498,0.0
16093.0,4395.0,41.0,0.06455105543136597,0.0003,0.1264844387769699,0.0
16094.0,4396.0,41.0,0.058928295969963074,0.0003,0.08995633572340012,0.0
16095.0,4397.0,41.0,0.055079273879528046,0.0003,0.0674680769443512,0.0
16096.0,4398.0,41.0,0.04976480454206467,0.0003,0.11071065068244934,0.0
16097.0,4399.0,41.0,0.06504665315151215,0.0003,0.147575244307518,0.0
16098.0,4400.0,41.0,0.04285348206758499,0.0003,0.11054588854312897,0.0
16099.0,4401.0,41.0,0.0677494928240776,0.0003,0.1348094344139099,0.0
16100.0,4402.0,41.0,0.0614464096724987,0.0003,0.13059450685977936,0.0
16101.0,4403.0,41.0,0.056165099143981934,0.0003,0.08974288403987885,0.0
16102.0,4404.0,41.0,0.04912946745753288,0.0003,0.16400215029716492,0.0
16103.0,4405.0,41.0,0.053066425025463104,0.0003,0.11336709558963776,0.0
16104.0,4406.0,41.0,0.06664486229419708,0.0003,0.11889008432626724,0.0
16105.0,4407.0,41.0,0.04341128468513489,0.0003,0.18960416316986084,0.0
16106.0,4408.0,41.0,0.06081613898277283,0.0003,0.06886900216341019,0.0
16107.0,4409.0,41.0,0.057692751288414,0.0003,0.21084408462047577,0.0
16108.0,4410.0,41.0,0.05757405608892441,0.0003,0.07139486819505692,0.0
16108.0,4411.0,41.0,0.05640365928411484,0.0003,inf,1.0
16109.0,4412.0,41.0,0.0508735328912735,0.0003,0.17095351219177246,0.0
16110.0,4413.0,41.0,0.054872944951057434,0.0003,0.145819291472435,0.0
16111.0,4414.0,41.0,0.04565366730093956,0.0003,0.1952204704284668,0.0
16112.0,4415.0,41.0,0.06073674559593201,0.0003,0.10536942631006241,0.0
16113.0,4416.0,41.0,0.07081660628318787,0.0003,0.16581185162067413,0.0
16114.0,4417.0,41.0,0.06790275871753693,0.0003,0.15578609704971313,0.0
16115.0,4418.0,41.0,0.05631000176072121,0.0003,0.1455964744091034,0.0
16116.0,4419.0,41.0,0.059259459376335144,0.0003,0.21204887330532074,0.0
16117.0,4420.0,41.0,0.05651486665010452,0.0003,0.18937185406684875,0.0
16118.0,4421.0,41.0,0.06384769082069397,0.0003,0.22690872848033905,0.0
16119.0,4422.0,41.0,0.05746746435761452,0.0003,0.18158437311649323,0.0
16120.0,4423.0,41.0,0.04626162350177765,0.0003,0.08601883053779602,0.0
16121.0,4424.0,41.0,0.054857272654771805,0.0003,0.18741026520729065,0.0
16122.0,4425.0,41.0,0.0555339977145195,0.0003,0.1671833097934723,0.0
16123.0,4426.0,41.0,0.05459015071392059,0.0003,0.2115081250667572,0.0
16124.0,4427.0,41.0,0.04895012825727463,0.0003,0.17576828598976135,0.0
16125.0,4428.0,41.0,0.043312326073646545,0.0003,0.13729435205459595,0.0
16126.0,4429.0,41.0,0.055359236896038055,0.0003,0.2326015681028366,0.0
16127.0,4430.0,41.0,0.06947003304958344,0.0003,0.08735330402851105,0.0
16128.0,4431.0,41.0,0.05681963264942169,0.0003,0.14175212383270264,0.0
16129.0,4432.0,41.0,0.06824792921543121,0.0003,0.1478586196899414,0.0
16130.0,4433.0,41.0,0.05142376944422722,0.0003,0.07519027590751648,0.0
16131.0,4434.0,41.0,0.05591227486729622,0.0003,0.1875661015510559,0.0
16132.0,4435.0,41.0,0.0608084574341774,0.0003,0.12312614172697067,0.0
16133.0,4436.0,41.0,0.047794707119464874,0.0003,0.1604580134153366,0.0
16134.0,4437.0,41.0,0.05675400048494339,0.0003,0.1863078773021698,0.0
16135.0,4438.0,41.0,0.05176813527941704,0.0003,0.07193505018949509,0.0
16136.0,4439.0,41.0,0.05727222561836243,0.0003,0.2250005602836609,0.0
16137.0,4440.0,41.0,0.05387907475233078,0.0003,0.07715185731649399,0.0
16138.0,4441.0,41.0,0.06285235285758972,0.0003,0.11192570626735687,0.0
16139.0,4442.0,41.0,0.058629781007766724,0.0003,0.07303695380687714,0.0
16140.0,4443.0,41.0,0.06800267100334167,0.0003,0.1328219324350357,0.0
16141.0,4444.0,41.0,0.056353673338890076,0.0003,0.09031978994607925,0.0
16142.0,4445.0,41.0,0.06033594161272049,0.0003,0.11731962859630585,0.0
16143.0,4446.0,41.0,0.04671443998813629,0.0003,0.11424096673727036,0.0
16144.0,4447.0,41.0,0.05811018869280815,0.0003,0.18512475490570068,0.0
16145.0,4448.0,41.0,0.053779784590005875,0.0003,0.06650649011135101,0.0
16146.0,4449.0,41.0,0.06570519506931305,0.0003,0.19005395472049713,0.0
16147.0,4450.0,41.0,0.05608471855521202,0.0003,0.10216239839792252,0.0
16148.0,4451.0,41.0,0.056240130215883255,0.0003,0.15594753623008728,0.0
16149.0,4452.0,41.0,0.062157727777957916,0.0003,0.12948139011859894,0.0
16150.0,4453.0,41.0,0.0581384152173996,0.0003,0.15962545573711395,0.0
16151.0,4454.0,41.0,0.05143490433692932,0.0003,0.11562971025705338,0.0
16152.0,4455.0,41.0,0.06977678835391998,0.0003,0.09779392182826996,0.0
16153.0,4456.0,41.0,0.07135431468486786,0.0003,0.15803933143615723,0.0
16154.0,4457.0,41.0,0.07357800751924515,0.0003,0.05408010259270668,0.0
16155.0,4458.0,41.0,0.06714661419391632,0.0003,0.14047405123710632,0.0
16156.0,4459.0,41.0,0.0439271554350853,0.0003,0.11071764677762985,0.0
16157.0,4460.0,41.0,0.05142347514629364,0.0003,0.14632946252822876,0.0
16158.0,4461.0,41.0,0.044203467667102814,0.0003,0.08699779957532883,0.0
16159.0,4462.0,41.0,0.04849955439567566,0.0003,0.062417082488536835,0.0
16160.0,4463.0,41.0,0.05010128766298294,0.0003,0.11880774796009064,0.0
16161.0,4464.0,41.0,0.06125937029719353,0.0003,0.05736994370818138,0.0
16162.0,4465.0,41.0,0.06001459062099457,0.0003,0.1927090287208557,0.0
16163.0,4466.0,41.0,0.04535221680998802,0.0003,0.14716477692127228,0.0
16164.0,4467.0,41.0,0.05810294300317764,0.0003,0.17844225466251373,0.0
16165.0,4468.0,41.0,0.059500038623809814,0.0003,0.08654510229825974,0.0
16166.0,4469.0,41.0,0.05128968134522438,0.0003,0.2157481610774994,0.0
16167.0,4470.0,41.0,0.05700759217143059,0.0003,0.14729022979736328,0.0
16168.0,4471.0,41.0,0.06887513399124146,0.0003,0.14971975982189178,0.0
16169.0,4472.0,41.0,0.05273807793855667,0.0003,0.17239682376384735,0.0
16170.0,4473.0,41.0,0.04931417107582092,0.0003,0.14865879714488983,0.0
16171.0,4474.0,41.0,0.058053672313690186,0.0003,0.05424076318740845,0.0
16172.0,4475.0,41.0,0.048783078789711,0.0003,0.12568461894989014,0.0
16173.0,4476.0,41.0,0.057694826275110245,0.0003,0.0899178758263588,0.0
16174.0,4477.0,41.0,0.05554750934243202,0.0003,0.04498345032334328,0.0
16175.0,4478.0,41.0,0.05413367226719856,0.0003,0.12869133055210114,0.0
16176.0,4479.0,41.0,0.05764295905828476,0.0003,0.13900022208690643,0.0
16177.0,4480.0,41.0,0.05524866282939911,0.0003,0.06913930177688599,0.0
16178.0,4481.0,41.0,0.06056869775056839,0.0003,0.08949051052331924,0.0
16179.0,4482.0,41.0,0.05552184209227562,0.0003,0.04424917697906494,0.0
16180.0,4483.0,41.0,0.045864030718803406,0.0003,0.0688248872756958,0.0
16181.0,4484.0,41.0,0.05858194828033447,0.0003,0.09296032786369324,0.0
16182.0,4485.0,41.0,0.06390911340713501,0.0003,0.07028648257255554,0.0
16183.0,4486.0,41.0,0.05077569931745529,0.0003,0.1327575296163559,0.0
16184.0,4487.0,41.0,0.05865410715341568,0.0003,0.06482923030853271,0.0
16185.0,4488.0,41.0,0.05376042425632477,0.0003,0.08589304983615875,0.0
16186.0,4489.0,41.0,0.06843766570091248,0.0003,0.07767695933580399,0.0
16187.0,4490.0,41.0,0.06707847863435745,0.0003,0.07780720293521881,0.0
16188.0,4491.0,41.0,0.05956782400608063,0.0003,0.15359435975551605,0.0
16189.0,4492.0,41.0,0.056730058044195175,0.0003,0.04369896277785301,0.0
16190.0,4493.0,41.0,0.0648750513792038,0.0003,0.18166296184062958,0.0
16191.0,4494.0,41.0,0.06454635411500931,0.0003,0.0384129099547863,0.0
16192.0,4495.0,41.0,0.05033702403306961,0.0003,0.0870845839381218,0.0
16193.0,4496.0,41.0,0.06133526191115379,0.0003,0.13150063157081604,0.0
16194.0,4497.0,41.0,0.05067042261362076,0.0003,0.10397843271493912,0.0
16195.0,4498.0,41.0,0.07389020174741745,0.0003,0.12950138747692108,0.0
16196.0,4499.0,41.0,0.05861156806349754,0.0003,0.09611702710390091,0.0
16197.0,4500.0,41.0,0.059999190270900726,0.0003,0.08566416054964066,0.0
16198.0,4501.0,41.0,0.06868879497051239,0.0003,0.086164191365242,0.0
16199.0,4502.0,41.0,0.04230480641126633,0.0003,0.11709599196910858,0.0
16200.0,4503.0,41.0,0.06545580923557281,0.0003,0.11779224872589111,0.0
16201.0,4504.0,41.0,0.05377241224050522,0.0003,0.11298646777868271,0.0
16202.0,4505.0,41.0,0.061370719224214554,0.0003,0.10856463760137558,0.0
16203.0,4506.0,41.0,0.04663148522377014,0.0003,0.10754166543483734,0.0
16204.0,4507.0,41.0,0.06709849834442139,0.0003,0.16464050114154816,0.0
16205.0,4508.0,41.0,0.055376842617988586,0.0003,0.0522271990776062,0.0
16206.0,4509.0,41.0,0.05154765397310257,0.0003,0.13369596004486084,0.0
16207.0,4510.0,41.0,0.05186247080564499,0.0003,0.06356862187385559,0.0
16208.0,4511.0,41.0,0.05873821675777435,0.0003,0.09169057756662369,0.0
16209.0,4512.0,41.0,0.05945799499750137,0.0003,0.141276553273201,0.0
16210.0,4513.0,41.0,0.05387895554304123,0.0003,0.04222218692302704,0.0
16211.0,4514.0,41.0,0.05624597519636154,0.0003,0.08926226198673248,0.0
16212.0,4515.0,41.0,0.06357131898403168,0.0003,0.10539819300174713,0.0
16213.0,4516.0,41.0,0.05219990015029907,0.0003,0.0755382850766182,0.0
16214.0,4517.0,41.0,0.05455233156681061,0.0003,0.10862094908952713,0.0
16215.0,4518.0,41.0,0.05202808231115341,0.0003,0.03697417676448822,0.0
16216.0,4519.0,41.0,0.062133193016052246,0.0003,0.14898215234279633,0.0
16217.0,4520.0,41.0,0.04874863103032112,0.0003,0.06762831658124924,0.0
16218.0,4521.0,41.0,0.06051730364561081,0.0003,0.15225398540496826,0.0
16219.0,4522.0,41.0,0.06021811068058014,0.0003,0.06705338507890701,0.0
16220.0,4523.0,41.0,0.06700640916824341,0.0003,0.07946926355361938,0.0
16221.0,4524.0,41.0,0.06315028667449951,0.0003,0.10169826447963715,0.0
16222.0,4525.0,41.0,0.0647522360086441,0.0003,0.11473923921585083,0.0
16223.0,4526.0,41.0,0.052704811096191406,0.0003,0.10907179117202759,0.0
16224.0,4527.0,41.0,0.053640976548194885,0.0003,0.07589386403560638,0.0
16225.0,4528.0,41.0,0.06376345455646515,0.0003,0.18061327934265137,0.0
16226.0,4529.0,41.0,0.0600416474044323,0.0003,0.09589020162820816,0.0
16227.0,4530.0,41.0,0.046228617429733276,0.0003,0.16233909130096436,0.0
16228.0,4531.0,41.0,0.05503492429852486,0.0003,0.09669356048107147,0.0
16229.0,4532.0,41.0,0.051045164465904236,0.0003,0.18469901382923126,0.0
16230.0,4533.0,41.0,0.04349486529827118,0.0003,0.06074492633342743,0.0
16231.0,4534.0,41.0,0.047279126942157745,0.0003,0.223677396774292,0.0
16232.0,4535.0,41.0,0.051953017711639404,0.0003,0.10967931896448135,0.0
16233.0,4536.0,41.0,0.05711878836154938,0.0003,0.18258854746818542,0.0
16234.0,4537.0,41.0,0.06445042043924332,0.0003,0.051080089062452316,0.0
16235.0,4538.0,41.0,0.05626877397298813,0.0003,0.16306564211845398,0.0
16236.0,4539.0,41.0,0.05658145621418953,0.0003,0.0856303870677948,0.0
16237.0,4540.0,41.0,0.06076520308852196,0.0003,0.125811368227005,0.0
16238.0,4541.0,41.0,0.0556403249502182,0.0003,0.10522591322660446,0.0
16239.0,4542.0,41.0,0.051063619554042816,0.0003,0.09908167272806168,0.0
16240.0,4543.0,41.0,0.04727538675069809,0.0003,0.15916535258293152,0.0
16241.0,4544.0,41.0,0.05791247636079788,0.0003,0.04544535279273987,0.0
16242.0,4545.0,41.0,0.05879160761833191,0.0003,0.19101333618164062,0.0
16243.0,4546.0,41.0,0.06240002065896988,0.0003,0.0772431269288063,0.0
16244.0,4547.0,41.0,0.04403233900666237,0.0003,0.18732237815856934,0.0
16245.0,4548.0,41.0,0.048832543194293976,0.0003,0.09164530783891678,0.0
16246.0,4549.0,41.0,0.050477534532547,0.0003,0.22016097605228424,0.0
16247.0,4550.0,41.0,0.07178351283073425,0.0003,0.05410085245966911,0.0
16248.0,4551.0,41.0,0.04382982850074768,0.0003,0.1882164031267166,0.0
16249.0,4552.0,41.0,0.059225741773843765,0.0003,0.032178979367017746,0.0
16250.0,4553.0,41.0,0.05654289573431015,0.0003,0.14456865191459656,0.0
16251.0,4554.0,41.0,0.060534775257110596,0.0003,0.05600356683135033,0.0
16252.0,4555.0,41.0,0.05653771013021469,0.0003,0.11630267649888992,0.0
16253.0,4556.0,41.0,0.059166520833969116,0.0003,0.08175705373287201,0.0
16254.0,4557.0,41.0,0.054996639490127563,0.0003,0.1351345330476761,0.0
16255.0,4558.0,41.0,0.06602206826210022,0.0003,0.06155705824494362,0.0
16256.0,4559.0,41.0,0.06368792802095413,0.0003,0.08537785708904266,0.0
16257.0,4560.0,41.0,0.05378659814596176,0.0003,0.05228709802031517,0.0
16258.0,4561.0,41.0,0.05758374184370041,0.0003,0.06092720478773117,0.0
16259.0,4562.0,41.0,0.04476455599069595,0.0003,0.13111503422260284,0.0
16260.0,4563.0,41.0,0.05589210242033005,0.0003,0.05574537813663483,0.0
16261.0,4564.0,41.0,0.04807966202497482,0.0003,0.08181225508451462,0.0
16262.0,4565.0,41.0,0.054981473833322525,0.0003,0.10013961046934128,0.0
16263.0,4566.0,41.0,0.04854258894920349,0.0003,0.11062594503164291,0.0
16264.0,4567.0,41.0,0.052546821534633636,0.0003,0.11609388142824173,0.0
16265.0,4568.0,41.0,0.062051862478256226,0.0003,0.11941614001989365,0.0
16266.0,4569.0,41.0,0.0550273135304451,0.0003,0.054791100323200226,0.0
16267.0,4570.0,41.0,0.07520437240600586,0.0003,0.1352662593126297,0.0
16268.0,4571.0,41.0,0.061000268906354904,0.0003,0.10875550657510757,0.0
16269.0,4572.0,41.0,0.055395424365997314,0.0003,0.09488175809383392,0.0
16270.0,4573.0,41.0,0.07048800587654114,0.0003,0.0933082103729248,0.0
16271.0,4574.0,41.0,0.06762197613716125,0.0003,0.11627229303121567,0.0
16272.0,4575.0,41.0,0.05746721848845482,0.0003,0.134402334690094,0.0
16273.0,4576.0,41.0,0.05423266068100929,0.0003,0.08833687752485275,0.0
16274.0,4577.0,41.0,0.05111800506711006,0.0003,0.20928610861301422,0.0
16275.0,4578.0,41.0,0.051757339388132095,0.0003,0.07420112937688828,0.0
16276.0,4579.0,41.0,0.053533826023340225,0.0003,0.14309366047382355,0.0
16277.0,4580.0,41.0,0.0701964944601059,0.0003,0.09434124827384949,0.0
16278.0,4581.0,41.0,0.07368133962154388,0.0003,0.09700896590948105,0.0
16279.0,4582.0,41.0,0.06194078177213669,0.0003,0.11778613924980164,0.0
16280.0,4583.0,41.0,0.049169622361660004,0.0003,0.07027576118707657,0.0
16281.0,4584.0,41.0,0.05996112525463104,0.0003,0.13823173940181732,0.0
16282.0,4585.0,41.0,0.06557540595531464,0.0003,0.08519835025072098,0.0
16283.0,4586.0,41.0,0.05321062356233597,0.0003,0.12728376686573029,0.0
16284.0,4587.0,41.0,0.04012886434793472,0.0003,0.09074636548757553,0.0
16285.0,4588.0,41.0,0.04004534333944321,0.0003,0.17080152034759521,0.0
16286.0,4589.0,41.0,0.04737537354230881,0.0003,0.09234274178743362,0.0
16287.0,4590.0,41.0,0.058867018669843674,0.0003,0.12607111036777496,0.0
16288.0,4591.0,41.0,0.05032426118850708,0.0003,0.1598004698753357,0.0
16289.0,4592.0,41.0,0.06132042035460472,0.0003,0.1454327255487442,0.0
16290.0,4593.0,41.0,0.048731762915849686,0.0003,0.14535126090049744,0.0
16291.0,4594.0,41.0,0.04519927501678467,0.0003,0.13666199147701263,0.0
16292.0,4595.0,41.0,0.05973048880696297,0.0003,0.10474789887666702,0.0
16293.0,4596.0,41.0,0.05759621039032936,0.0003,0.13155993819236755,0.0
16294.0,4597.0,41.0,0.06678731739521027,0.0003,0.1464894860982895,0.0
16295.0,4598.0,41.0,0.03980433568358421,0.0003,0.08649557083845139,0.0
16296.0,4599.0,41.0,0.06430339068174362,0.0003,0.15760155022144318,0.0
16297.0,4600.0,41.0,0.05829394608736038,0.0003,0.16039708256721497,0.0
16298.0,4601.0,41.0,0.06643257290124893,0.0003,0.22160500288009644,0.0
16299.0,4602.0,41.0,0.050022952258586884,0.0003,0.12386951595544815,0.0
16300.0,4603.0,41.0,0.053057294338941574,0.0003,0.14776554703712463,0.0
16301.0,4604.0,41.0,0.05183981731534004,0.0003,0.09409686177968979,0.0
16302.0,4605.0,41.0,0.05711207166314125,0.0003,0.08429950475692749,0.0
16303.0,4606.0,41.0,0.059331901371479034,0.0003,0.10822277516126633,0.0
16304.0,4607.0,41.0,0.06577602028846741,0.0003,0.10723380744457245,0.0
16305.0,4608.0,41.0,0.06921917200088501,0.0003,0.10068728029727936,0.0
16306.0,4609.0,41.0,0.058919619768857956,0.0003,0.08341952413320541,0.0
16307.0,4610.0,41.0,0.05008654668927193,0.0003,0.1197502538561821,0.0
16308.0,4611.0,41.0,0.06036272644996643,0.0003,0.04639867693185806,0.0
16309.0,4612.0,41.0,0.039392709732055664,0.0003,0.10548514127731323,0.0
16310.0,4613.0,41.0,0.04673362523317337,0.0003,0.04895831272006035,0.0
16311.0,4614.0,41.0,0.054708950221538544,0.0003,0.03699704632163048,0.0
16312.0,4615.0,41.0,0.059889521449804306,0.0003,0.0726223811507225,0.0
16313.0,4616.0,41.0,0.06779210269451141,0.0003,0.08347856253385544,0.0
16314.0,4617.0,41.0,0.06057379022240639,0.0003,0.05363630875945091,0.0
16315.0,4618.0,41.0,0.05005894601345062,0.0003,0.10398606956005096,0.0
16316.0,4619.0,41.0,0.06574524939060211,0.0003,0.13193796575069427,0.0
16317.0,4620.0,41.0,0.051958970725536346,0.0003,0.0842970460653305,0.0
16318.0,4621.0,41.0,0.06898908317089081,0.0003,0.08581388741731644,0.0
16319.0,4622.0,41.0,0.06418933719396591,0.0003,0.09221355617046356,0.0
16320.0,4623.0,41.0,0.053173698484897614,0.0003,0.10036211460828781,0.0
16321.0,4624.0,41.0,0.05610969662666321,0.0003,0.058762326836586,0.0
16322.0,4625.0,41.0,0.05956239998340607,0.0003,0.10705270618200302,0.0
16323.0,4626.0,41.0,0.050751492381095886,0.0003,0.07622433453798294,0.0
16324.0,4627.0,41.0,0.06186347454786301,0.0003,0.1269780546426773,0.0
16325.0,4628.0,41.0,0.06215040758252144,0.0003,0.050739988684654236,0.0
16326.0,4629.0,41.0,0.07031163573265076,0.0003,0.13004711270332336,0.0
16327.0,4630.0,41.0,0.06795702129602432,0.0003,0.08033665269613266,0.0
16328.0,4631.0,41.0,0.05375101417303085,0.0003,0.09528220444917679,0.0
16329.0,4632.0,41.0,0.04347291216254234,0.0003,0.11506094038486481,0.0
16330.0,4633.0,41.0,0.05440671741962433,0.0003,0.07582272589206696,0.0
16331.0,4634.0,41.0,0.06030140817165375,0.0003,0.13421548902988434,0.0
16332.0,4635.0,41.0,0.05276194214820862,0.0003,0.0786525309085846,0.0
16333.0,4636.0,41.0,0.06052498519420624,0.0003,0.10421531647443771,0.0
16334.0,4637.0,41.0,0.06434159725904465,0.0003,0.05667706951498985,0.0
16335.0,4638.0,41.0,0.0581844300031662,0.0003,0.04670500382781029,0.0
16336.0,4639.0,41.0,0.04442475736141205,0.0003,0.09568826109170914,0.0
16337.0,4640.0,41.0,0.05345477908849716,0.0003,0.04291299358010292,0.0
16338.0,4641.0,41.0,0.05704604089260101,0.0003,0.09150026738643646,0.0
16339.0,4642.0,41.0,0.05378706753253937,0.0003,0.049913786351680756,0.0
16340.0,4643.0,41.0,0.0615713968873024,0.0003,0.054335832595825195,0.0
16341.0,4644.0,41.0,0.0603540763258934,0.0003,0.13984528183937073,0.0
16342.0,4645.0,41.0,0.050610534846782684,0.0003,0.11890921741724014,0.0
16343.0,4646.0,41.0,0.056346483528614044,0.0003,0.14455880224704742,0.0
16344.0,4647.0,41.0,0.04769596830010414,0.0003,0.1828148066997528,0.0
16345.0,4648.0,41.0,0.053483061492443085,0.0003,0.14238567650318146,0.0
16346.0,4649.0,41.0,0.05563442036509514,0.0003,0.13188277184963226,0.0
16347.0,4650.0,41.0,0.06099074333906174,0.0003,0.1158001571893692,0.0
16348.0,4651.0,41.0,0.053569238632917404,0.0003,0.1608346849679947,0.0
16349.0,4652.0,41.0,0.055810973048210144,0.0003,0.08054810762405396,0.0
16350.0,4653.0,41.0,0.05706287547945976,0.0003,0.14301176369190216,0.0
16351.0,4654.0,41.0,0.05144788324832916,0.0003,0.07004571706056595,0.0
16352.0,4655.0,41.0,0.0646965280175209,0.0003,0.09553322941064835,0.0
16353.0,4656.0,41.0,0.060186125338077545,0.0003,0.047742996364831924,0.0
16354.0,4657.0,41.0,0.0512215681374073,0.0003,0.0595308393239975,0.0
16355.0,4658.0,41.0,0.065637968480587,0.0003,0.0995439887046814,0.0
16356.0,4659.0,41.0,0.04622192308306694,0.0003,0.13958510756492615,0.0
16357.0,4660.0,41.0,0.06692522764205933,0.0003,0.0966159924864769,0.0
16358.0,4661.0,41.0,0.050400443375110626,0.0003,0.14229825139045715,0.0
16359.0,4662.0,41.0,0.05311659350991249,0.0003,0.0880778580904007,0.0
16360.0,4663.0,41.0,0.04519260674715042,0.0003,0.09441294521093369,0.0
16361.0,4664.0,41.0,0.07062861323356628,0.0003,0.14359374344348907,0.0
16362.0,4665.0,41.0,0.059846747666597366,0.0003,0.0908275917172432,0.0
16363.0,4666.0,41.0,0.07296666502952576,0.0003,0.08271470665931702,0.0
16364.0,4667.0,41.0,0.052044786512851715,0.0003,0.12433134764432907,0.0
16365.0,4668.0,41.0,0.06700943410396576,0.0003,0.11339592188596725,0.0
16366.0,4669.0,41.0,0.05275683104991913,0.0003,0.07786398380994797,0.0
16367.0,4670.0,41.0,0.04996872320771217,0.0003,0.10957508534193039,0.0
16368.0,4671.0,41.0,0.07681448012590408,0.0003,0.06691271811723709,0.0
16369.0,4672.0,41.0,0.053835321217775345,0.0003,0.0951273962855339,0.0
16370.0,4673.0,41.0,0.04869189113378525,0.0003,0.08784095197916031,0.0
16371.0,4674.0,41.0,0.0560184009373188,0.0003,0.10481225699186325,0.0
16372.0,4675.0,41.0,0.05027715116739273,0.0003,0.1391509473323822,0.0
16373.0,4676.0,41.0,0.058470167219638824,0.0003,0.11676205694675446,0.0
16374.0,4677.0,41.0,0.04067312553524971,0.0003,0.1239590048789978,0.0
16375.0,4678.0,41.0,0.062443919479846954,0.0003,0.08027631789445877,0.0
16376.0,4679.0,41.0,0.05225466936826706,0.0003,0.11473803967237473,0.0
16377.0,4680.0,41.0,0.06801407039165497,0.0003,0.07678444683551788,0.0
16378.0,4681.0,42.0,0.06575071811676025,0.0003,0.1529545933008194,0.0
16379.0,4682.0,42.0,0.05128208547830582,0.0003,0.06433947384357452,0.0
16380.0,4683.0,42.0,0.0549188107252121,0.0003,0.08595868945121765,0.0
16381.0,4684.0,42.0,0.05578349158167839,0.0003,0.1193101555109024,0.0
16382.0,4685.0,42.0,0.06560663878917694,0.0003,0.11053670197725296,0.0
16383.0,4686.0,42.0,0.041800498962402344,0.0003,0.164423868060112,0.0
16384.0,4687.0,42.0,0.05503543093800545,0.0003,0.0573493055999279,0.0
16385.0,4688.0,42.0,0.07033783942461014,0.0003,0.1741740107536316,0.0
16386.0,4689.0,42.0,0.06213388592004776,0.0003,0.0475417897105217,0.0
16387.0,4690.0,42.0,0.05521277338266373,0.0003,0.1259029060602188,0.0
16388.0,4691.0,42.0,0.05276070162653923,0.0003,0.11581021547317505,0.0
16389.0,4692.0,42.0,0.05439014732837677,0.0003,0.1254299432039261,0.0
16390.0,4693.0,42.0,0.058957114815711975,0.0003,0.17326393723487854,0.0
16391.0,4694.0,42.0,0.058185894042253494,0.0003,0.13683472573757172,0.0
16392.0,4695.0,42.0,0.052985403686761856,0.0003,0.11750531196594238,0.0
16393.0,4696.0,42.0,0.048200204968452454,0.0003,0.15960876643657684,0.0
16394.0,4697.0,42.0,0.05015969276428223,0.0003,0.07532916963100433,0.0
16395.0,4698.0,42.0,0.06629116833209991,0.0003,0.2058202624320984,0.0
16396.0,4699.0,42.0,0.059994567185640335,0.0003,0.06611452996730804,0.0
16397.0,4700.0,42.0,0.04702341556549072,0.0003,0.2330579161643982,0.0
16398.0,4701.0,42.0,0.05911052227020264,0.0003,0.09511924535036087,0.0
16399.0,4702.0,42.0,0.04213043302297592,0.0003,0.13503900170326233,0.0
16400.0,4703.0,42.0,0.06886035203933716,0.0003,0.16544006764888763,0.0
16401.0,4704.0,42.0,0.05442933738231659,0.0003,0.07934097200632095,0.0
16402.0,4705.0,42.0,0.05708105117082596,0.0003,0.20655348896980286,0.0
16403.0,4706.0,42.0,0.04661843925714493,0.0003,0.04414096474647522,0.0
16404.0,4707.0,42.0,0.05254308879375458,0.0003,0.17529501020908356,0.0
16405.0,4708.0,42.0,0.05863145738840103,0.0003,0.05915011465549469,0.0
16406.0,4709.0,42.0,0.058941297233104706,0.0003,0.1377011090517044,0.0
16407.0,4710.0,42.0,0.05167375132441521,0.0003,0.08416779339313507,0.0
16408.0,4711.0,42.0,0.07450909912586212,0.0003,0.13736335933208466,0.0
16409.0,4712.0,42.0,0.05422990024089813,0.0003,0.1266552358865738,0.0
16410.0,4713.0,42.0,0.06707748770713806,0.0003,0.10710646212100983,0.0
16411.0,4714.0,42.0,0.06774771213531494,0.0003,0.0789552628993988,0.0
16412.0,4715.0,42.0,0.05311378836631775,0.0003,0.15584707260131836,0.0
16413.0,4716.0,42.0,0.06103634461760521,0.0003,0.13980203866958618,0.0
16414.0,4717.0,42.0,0.05024050176143646,0.0003,0.13673824071884155,0.0
16415.0,4718.0,42.0,0.06558501720428467,0.0003,0.07779230922460556,0.0
16416.0,4719.0,42.0,0.05556152015924454,0.0003,0.15273652970790863,0.0
16417.0,4720.0,42.0,0.05748160928487778,0.0003,0.11102446913719177,0.0
16418.0,4721.0,42.0,0.06781093776226044,0.0003,0.1571734994649887,0.0
16419.0,4722.0,42.0,0.05660068243741989,0.0003,0.12984871864318848,0.0
16420.0,4723.0,42.0,0.04805868864059448,0.0003,0.14036403596401215,0.0
16421.0,4724.0,42.0,0.04700467735528946,0.0003,0.11440478265285492,0.0
16422.0,4725.0,42.0,0.05801108106970787,0.0003,0.22000640630722046,0.0
16423.0,4726.0,42.0,0.052079938352108,0.0003,0.15885573625564575,0.0
16424.0,4727.0,42.0,0.06270177662372589,0.0003,0.1375008523464203,0.0
16425.0,4728.0,42.0,0.058066967874765396,0.0003,0.12134179472923279,0.0
16426.0,4729.0,42.0,0.0717117041349411,0.0003,0.1419750601053238,0.0
16427.0,4730.0,42.0,0.05715007334947586,0.0003,0.14953307807445526,0.0
16428.0,4731.0,42.0,0.04999697580933571,0.0003,0.09946008771657944,0.0
16429.0,4732.0,42.0,0.05630037933588028,0.0003,0.14069436490535736,0.0
16430.0,4733.0,42.0,0.058666571974754333,0.0003,0.13718979060649872,0.0
16431.0,4734.0,42.0,0.054848961532115936,0.0003,0.1579674631357193,0.0
16432.0,4735.0,42.0,0.04813475161790848,0.0003,0.16924017667770386,0.0
16433.0,4736.0,42.0,0.048950307071208954,0.0003,0.14582249522209167,0.0
16434.0,4737.0,42.0,0.05213884264230728,0.0003,0.10805554687976837,0.0
16435.0,4738.0,42.0,0.05192987993359566,0.0003,0.10898745059967041,0.0
16436.0,4739.0,42.0,0.058324526995420456,0.0003,0.12639117240905762,0.0
16437.0,4740.0,42.0,0.06100567430257797,0.0003,0.06933865696191788,0.0
16438.0,4741.0,42.0,0.051163483411073685,0.0003,0.1461467444896698,0.0
16439.0,4742.0,42.0,0.04626432806253433,0.0003,0.09805762022733688,0.0
16440.0,4743.0,42.0,0.05332174897193909,0.0003,0.1015109047293663,0.0
16441.0,4744.0,42.0,0.06477510184049606,0.0003,0.19552919268608093,0.0
16442.0,4745.0,42.0,0.06037740409374237,0.0003,0.13783636689186096,0.0
16443.0,4746.0,42.0,0.052592724561691284,0.0003,0.18224985897541046,0.0
16444.0,4747.0,42.0,0.062369637191295624,0.0003,0.09459492564201355,0.0
16445.0,4748.0,42.0,0.052042435854673386,0.0003,0.1696842610836029,0.0
16446.0,4749.0,42.0,0.05512448400259018,0.0003,0.09884220361709595,0.0
16447.0,4750.0,42.0,0.061247363686561584,0.0003,0.14541879296302795,0.0
16448.0,4751.0,42.0,0.05603157356381416,0.0003,0.18465085327625275,0.0
16449.0,4752.0,42.0,0.05517060309648514,0.0003,0.08995845168828964,0.0
16450.0,4753.0,42.0,0.06849351525306702,0.0003,0.19250613451004028,0.0
16451.0,4754.0,42.0,0.07040596008300781,0.0003,0.10666535049676895,0.0
16452.0,4755.0,42.0,0.050856683403253555,0.0003,0.21633683145046234,0.0
16453.0,4756.0,42.0,0.059174489229917526,0.0003,0.09369339793920517,0.0
16454.0,4757.0,42.0,0.06744313985109329,0.0003,0.16126292943954468,0.0
16455.0,4758.0,42.0,0.054636191576719284,0.0003,0.16186103224754333,0.0
16456.0,4759.0,42.0,0.057296156883239746,0.0003,0.11908712983131409,0.0
16457.0,4760.0,42.0,0.05012625828385353,0.0003,0.12959600985050201,0.0
16458.0,4761.0,42.0,0.05893506854772568,0.0003,0.10006285458803177,0.0
16459.0,4762.0,42.0,0.04478492960333824,0.0003,0.10777129232883453,0.0
16460.0,4763.0,42.0,0.04674459621310234,0.0003,0.04855223372578621,0.0
16461.0,4764.0,42.0,0.06476207077503204,0.0003,0.17403748631477356,0.0
16462.0,4765.0,42.0,0.05987896770238876,0.0003,0.05877438187599182,0.0
16463.0,4766.0,42.0,0.04737693816423416,0.0003,0.16578148305416107,0.0
16464.0,4767.0,42.0,0.0420568585395813,0.0003,0.09125915169715881,0.0
16465.0,4768.0,42.0,0.04590342193841934,0.0003,0.1326875537633896,0.0
16466.0,4769.0,42.0,0.052268609404563904,0.0003,0.09412569552659988,0.0
16467.0,4770.0,42.0,0.05938933417201042,0.0003,0.1610412895679474,0.0
16468.0,4771.0,42.0,0.051999788731336594,0.0003,0.04368603974580765,0.0
16469.0,4772.0,42.0,0.054168425500392914,0.0003,0.08365530520677567,0.0
16470.0,4773.0,42.0,0.05469270050525665,0.0003,0.05691937357187271,0.0
16471.0,4774.0,42.0,0.0424516461789608,0.0003,0.04128730297088623,0.0
16472.0,4775.0,42.0,0.06507881730794907,0.0003,0.100155308842659,0.0
16473.0,4776.0,42.0,0.05137534439563751,0.0003,0.1224365159869194,0.0
16474.0,4777.0,42.0,0.05103296786546707,0.0003,0.058076247572898865,0.0
16475.0,4778.0,42.0,0.07342252880334854,0.0003,0.14051741361618042,0.0
16476.0,4779.0,42.0,0.04659944027662277,0.0003,0.10632467269897461,0.0
16477.0,4780.0,42.0,0.058862145990133286,0.0003,0.14358608424663544,0.0
16478.0,4781.0,42.0,0.061855532228946686,0.0003,0.08257180452346802,0.0
16479.0,4782.0,42.0,0.06441202759742737,0.0003,0.09487534314393997,0.0
16480.0,4783.0,42.0,0.04382697492837906,0.0003,0.092857226729393,0.0
16481.0,4784.0,42.0,0.055836375802755356,0.0003,0.10894760489463806,0.0
16482.0,4785.0,42.0,0.05136438459157944,0.0003,0.06326039135456085,0.0
16483.0,4786.0,42.0,0.04776102304458618,0.0003,0.07882126420736313,0.0
16484.0,4787.0,42.0,0.04750218242406845,0.0003,0.11830845475196838,0.0
16485.0,4788.0,42.0,0.05305828899145126,0.0003,0.13362263143062592,0.0
16486.0,4789.0,42.0,0.05577749386429787,0.0003,0.046851955354213715,0.0
16487.0,4790.0,42.0,0.06185627356171608,0.0003,0.10720450431108475,0.0
16488.0,4791.0,42.0,0.05419284850358963,0.0003,0.035375528037548065,0.0
16489.0,4792.0,42.0,0.06426703929901123,0.0003,0.13297727704048157,0.0
16490.0,4793.0,42.0,0.05860047787427902,0.0003,0.058592911809682846,0.0
16491.0,4794.0,42.0,0.04954523220658302,0.0003,0.10702928900718689,0.0
16492.0,4795.0,42.0,0.04157058522105217,0.0003,0.05123089626431465,0.0
16493.0,4796.0,42.0,0.05693403631448746,0.0003,0.09929641336202621,0.0
16494.0,4797.0,42.0,0.0631532147526741,0.0003,0.08013931661844254,0.0
16495.0,4798.0,42.0,0.04525750130414963,0.0003,0.08415615558624268,0.0
16496.0,4799.0,42.0,0.05710116773843765,0.0003,0.12123230844736099,0.0
16497.0,4800.0,42.0,0.048080429434776306,0.0003,0.07233553379774094,0.0
16498.0,4801.0,42.0,0.05612237751483917,0.0003,0.12068156898021698,0.0
16499.0,4802.0,42.0,0.05663615092635155,0.0003,0.07850422710180283,0.0
16500.0,4803.0,42.0,0.05541485175490379,0.0003,0.13395191729068756,0.0
16501.0,4804.0,42.0,0.04821477085351944,0.0003,0.11328829824924469,0.0
16502.0,4805.0,42.0,0.06488465517759323,0.0003,0.1373789757490158,0.0
16503.0,4806.0,42.0,0.06628839671611786,0.0003,0.06168746575713158,0.0
16504.0,4807.0,42.0,0.0636734738945961,0.0003,0.12614978849887848,0.0
16505.0,4808.0,42.0,0.07047934830188751,0.0003,0.03799324482679367,0.0
16506.0,4809.0,42.0,0.06996273249387741,0.0003,0.13892337679862976,0.0
16507.0,4810.0,42.0,0.055879540741443634,0.0003,0.10255742073059082,0.0
16508.0,4811.0,42.0,0.047211386263370514,0.0003,0.16249677538871765,0.0
16509.0,4812.0,42.0,0.05361994728446007,0.0003,0.1607615202665329,0.0
16510.0,4813.0,42.0,0.04803492873907089,0.0003,0.23611919581890106,0.0
16511.0,4814.0,42.0,0.059482600539922714,0.0003,0.08268149197101593,0.0
16512.0,4815.0,42.0,0.056624215096235275,0.0003,0.1414591372013092,0.0
16513.0,4816.0,42.0,0.05038977414369583,0.0003,0.15656143426895142,0.0
16514.0,4817.0,42.0,0.05267537385225296,0.0003,0.14815489947795868,0.0
16515.0,4818.0,42.0,0.045848485082387924,0.0003,0.19795109331607819,0.0
16516.0,4819.0,42.0,0.0590021125972271,0.0003,0.11038391292095184,0.0
16517.0,4820.0,42.0,0.05109076946973801,0.0003,0.17300739884376526,0.0
16518.0,4821.0,42.0,0.07039991021156311,0.0003,0.17084743082523346,0.0
16519.0,4822.0,42.0,0.05083049088716507,0.0003,0.11217084527015686,0.0
16520.0,4823.0,42.0,0.06101255863904953,0.0003,0.2112266719341278,0.0
16521.0,4824.0,42.0,0.06402236223220825,0.0003,0.08372217416763306,0.0
16522.0,4825.0,42.0,0.04957304894924164,0.0003,0.2732788622379303,0.0
16523.0,4826.0,42.0,0.058395907282829285,0.0003,0.11067231744527817,0.0
16524.0,4827.0,42.0,0.06039387732744217,0.0003,0.20422643423080444,0.0
16525.0,4828.0,42.0,0.05544532090425491,0.0003,0.17729300260543823,0.0
16526.0,4829.0,42.0,0.049443334341049194,0.0003,0.14550282061100006,0.0
16527.0,4830.0,42.0,0.05182955414056778,0.0003,0.20239439606666565,0.0
16528.0,4831.0,42.0,0.05954242870211601,0.0003,0.09936704486608505,0.0
16529.0,4832.0,42.0,0.05286296457052231,0.0003,0.23126675188541412,0.0
16530.0,4833.0,42.0,0.04805433377623558,0.0003,0.07453431934118271,0.0
16531.0,4834.0,42.0,0.05134935304522514,0.0003,0.1883644312620163,0.0
16532.0,4835.0,42.0,0.047203149646520615,0.0003,0.10329148918390274,0.0
16533.0,4836.0,42.0,0.05798590928316116,0.0003,0.16366413235664368,0.0
16534.0,4837.0,42.0,0.054777756333351135,0.0003,0.081354521214962,0.0
16535.0,4838.0,42.0,0.05639035627245903,0.0003,0.09957090765237808,0.0
16536.0,4839.0,42.0,0.05996289104223251,0.0003,0.10057074576616287,0.0
16537.0,4840.0,42.0,0.04010307788848877,0.0003,0.07971610873937607,0.0
16538.0,4841.0,42.0,0.06344728916883469,0.0003,0.12873971462249756,0.0
16539.0,4842.0,42.0,0.06060836836695671,0.0003,0.08533959090709686,0.0
16540.0,4843.0,42.0,0.06833232939243317,0.0003,0.14572155475616455,0.0
16541.0,4844.0,42.0,0.06392284482717514,0.0003,0.10938671231269836,0.0
16542.0,4845.0,42.0,0.05947043001651764,0.0003,0.09240376204252243,0.0
16543.0,4846.0,42.0,0.07173780351877213,0.0003,0.16237591207027435,0.0
16544.0,4847.0,42.0,0.0644119381904602,0.0003,0.12908798456192017,0.0
16545.0,4848.0,42.0,0.049223583191633224,0.0003,0.14003023505210876,0.0
16546.0,4849.0,42.0,0.0730523020029068,0.0003,0.103962242603302,0.0
16547.0,4850.0,42.0,0.050668686628341675,0.0003,0.18047168850898743,0.0
16548.0,4851.0,42.0,0.038941640406847,0.0003,0.07442083954811096,0.0
16549.0,4852.0,42.0,0.06114758551120758,0.0003,0.2408783733844757,0.0
16550.0,4853.0,42.0,0.06564737856388092,0.0003,0.05648988485336304,0.0
16551.0,4854.0,42.0,0.05705508589744568,0.0003,0.2136039435863495,0.0
16552.0,4855.0,42.0,0.05685178190469742,0.0003,0.08424688875675201,0.0
16553.0,4856.0,42.0,0.04133865237236023,0.0003,0.1514400988817215,0.0
16554.0,4857.0,42.0,0.04178892821073532,0.0003,0.13782083988189697,0.0
16555.0,4858.0,42.0,0.04749494418501854,0.0003,0.1321205049753189,0.0
16556.0,4859.0,42.0,0.05063958466053009,0.0003,0.1555207520723343,0.0
16557.0,4860.0,42.0,0.05673747509717941,0.0003,0.11712078005075455,0.0
16558.0,4861.0,42.0,0.05541710555553436,0.0003,0.18895180523395538,0.0
16559.0,4862.0,42.0,0.05696842074394226,0.0003,0.08718635141849518,0.0
16560.0,4863.0,42.0,0.05477495491504669,0.0003,0.17304503917694092,0.0
16561.0,4864.0,42.0,0.06436105072498322,0.0003,0.15969735383987427,0.0
16562.0,4865.0,42.0,0.05111858248710632,0.0003,0.19879211485385895,0.0
16563.0,4866.0,42.0,0.060512788593769073,0.0003,0.14224457740783691,0.0
16564.0,4867.0,42.0,0.07694296538829803,0.0003,0.09037786722183228,0.0
16565.0,4868.0,42.0,0.052518896758556366,0.0003,0.16001668572425842,0.0
16566.0,4869.0,42.0,0.05767234414815903,0.0003,0.15863202512264252,0.0
16567.0,4870.0,42.0,0.0672612115740776,0.0003,0.20033732056617737,0.0
16568.0,4871.0,42.0,0.06372664868831635,0.0003,0.17879366874694824,0.0
16569.0,4872.0,42.0,0.042418912053108215,0.0003,0.19481110572814941,0.0
16570.0,4873.0,42.0,0.05788226053118706,0.0003,0.21005213260650635,0.0
16571.0,4874.0,42.0,0.04571868106722832,0.0003,0.12161829322576523,0.0
16572.0,4875.0,42.0,0.04892943799495697,0.0003,0.2001703679561615,0.0
16573.0,4876.0,42.0,0.05201619490981102,0.0003,0.09032776206731796,0.0
16574.0,4877.0,42.0,0.054852746427059174,0.0003,0.20556290447711945,0.0
16575.0,4878.0,42.0,0.045382097363471985,0.0003,0.05745198205113411,0.0
16576.0,4879.0,42.0,0.05187860131263733,0.0003,0.09694673120975494,0.0
16577.0,4880.0,42.0,0.04996708035469055,0.0003,0.09183651208877563,0.0
16578.0,4881.0,42.0,0.05228249728679657,0.0003,0.08072282373905182,0.0
16579.0,4882.0,42.0,0.06086607277393341,0.0003,0.0939752534031868,0.0
16580.0,4883.0,42.0,0.05560934916138649,0.0003,0.12338614463806152,0.0
16581.0,4884.0,42.0,0.0601222887635231,0.0003,0.13521449267864227,0.0
16582.0,4885.0,42.0,0.05162500590085983,0.0003,0.060074709355831146,0.0
16583.0,4886.0,42.0,0.056489862501621246,0.0003,0.10290077328681946,0.0
16584.0,4887.0,42.0,0.0541914701461792,0.0003,0.05283799022436142,0.0
16585.0,4888.0,42.0,0.06184735894203186,0.0003,0.08882550150156021,0.0
16586.0,4889.0,42.0,0.06421229243278503,0.0003,0.09398442506790161,0.0
16587.0,4890.0,42.0,0.06298976391553879,0.0003,0.05011019855737686,0.0
16588.0,4891.0,42.0,0.053842343389987946,0.0003,0.1456564962863922,0.0
16589.0,4892.0,42.0,0.053313981741666794,0.0003,0.07770267874002457,0.0
16590.0,4893.0,42.0,0.04978931322693825,0.0003,0.09667609632015228,0.0
16591.0,4894.0,42.0,0.047903645783662796,0.0003,0.05437988042831421,0.0
16592.0,4895.0,42.0,0.06452667713165283,0.0003,0.14275312423706055,0.0
16593.0,4896.0,42.0,0.04629126563668251,0.0003,0.10882429778575897,0.0
16594.0,4897.0,42.0,0.05408173054456711,0.0003,0.10219187289476395,0.0
16595.0,4898.0,42.0,0.060099076479673386,0.0003,0.08260965347290039,0.0
16596.0,4899.0,42.0,0.057617075741291046,0.0003,0.10336511582136154,0.0
16597.0,4900.0,42.0,0.06086593493819237,0.0003,0.09177455306053162,0.0
16598.0,4901.0,42.0,0.053391605615615845,0.0003,0.11623871326446533,0.0
16599.0,4902.0,42.0,0.060256846249103546,0.0003,0.06724479794502258,0.0
16600.0,4903.0,42.0,0.041376836597919464,0.0003,0.14158934354782104,0.0
16601.0,4904.0,42.0,0.04528898000717163,0.0003,0.043696656823158264,0.0
16602.0,4905.0,42.0,0.05408594012260437,0.0003,0.12422401458024979,0.0
16603.0,4906.0,42.0,0.052146729081869125,0.0003,0.10243916511535645,0.0
16604.0,4907.0,42.0,0.05607009679079056,0.0003,0.14363691210746765,0.0
16605.0,4908.0,42.0,0.05020350217819214,0.0003,0.13065935671329498,0.0
16606.0,4909.0,42.0,0.04930661618709564,0.0003,0.09962508827447891,0.0
16607.0,4910.0,42.0,0.06844520568847656,0.0003,0.10422805696725845,0.0
16608.0,4911.0,42.0,0.0535774752497673,0.0003,0.0947180837392807,0.0
16609.0,4912.0,42.0,0.05682126432657242,0.0003,0.14783047139644623,0.0
16610.0,4913.0,42.0,0.050156500190496445,0.0003,0.06819979846477509,0.0
16611.0,4914.0,42.0,0.054494500160217285,0.0003,0.10691408812999725,0.0
16612.0,4915.0,42.0,0.048881009221076965,0.0003,0.11250918358564377,0.0
16613.0,4916.0,42.0,0.06368959695100784,0.0003,0.10309045761823654,0.0
16614.0,4917.0,42.0,0.05842071399092674,0.0003,0.0707927718758583,0.0
16615.0,4918.0,42.0,0.060515034943819046,0.0003,0.09707272052764893,0.0
16616.0,4919.0,42.0,0.05227014422416687,0.0003,0.07405620813369751,0.0
16617.0,4920.0,42.0,0.05238840728998184,0.0003,0.057692751288414,0.0
16618.0,4921.0,42.0,0.061819687485694885,0.0003,0.058068618178367615,0.0
16619.0,4922.0,42.0,0.06499120593070984,0.0003,0.04901427775621414,0.0
16620.0,4923.0,42.0,0.05558818206191063,0.0003,0.047619931399822235,0.0
16621.0,4924.0,42.0,0.05893909931182861,0.0003,0.033418167382478714,0.0
16622.0,4925.0,42.0,0.05822068452835083,0.0003,0.059686146676540375,0.0
16623.0,4926.0,42.0,0.04030447453260422,0.0003,0.04731364548206329,0.0
16624.0,4927.0,42.0,0.05490192398428917,0.0003,0.06174561381340027,0.0
16625.0,4928.0,42.0,0.05744399130344391,0.0003,0.10505679249763489,0.0
16626.0,4929.0,42.0,0.04943393915891647,0.0003,0.14662455022335052,0.0
16627.0,4930.0,42.0,0.06588093191385269,0.0003,0.09079273045063019,0.0
16628.0,4931.0,42.0,0.06130530685186386,0.0003,0.17329715192317963,0.0
16629.0,4932.0,42.0,0.06366893649101257,0.0003,0.14439775049686432,0.0
16630.0,4933.0,42.0,0.053007613867521286,0.0003,0.201893612742424,0.0
16631.0,4934.0,42.0,0.05843881517648697,0.0003,0.10663750022649765,0.0
16632.0,4935.0,42.0,0.056211989372968674,0.0003,0.14041268825531006,0.0
16633.0,4936.0,42.0,0.06495539098978043,0.0003,0.20668673515319824,0.0
16634.0,4937.0,42.0,0.0616559274494648,0.0003,0.11203216016292572,0.0
16635.0,4938.0,42.0,0.05811946094036102,0.0003,0.1540655493736267,0.0
16636.0,4939.0,42.0,0.06971913576126099,0.0003,0.10736742615699768,0.0
16637.0,4940.0,42.0,0.06475134193897247,0.0003,0.07061874121427536,0.0
16638.0,4941.0,42.0,0.05750066041946411,0.0003,0.1272491067647934,0.0
16639.0,4942.0,42.0,0.05776779353618622,0.0003,0.11232346296310425,0.0
16640.0,4943.0,42.0,0.0579565092921257,0.0003,0.07201480865478516,0.0
16641.0,4944.0,42.0,0.04741905629634857,0.0003,0.12765176594257355,0.0
16642.0,4945.0,42.0,0.04946363717317581,0.0003,0.07924175262451172,0.0
16643.0,4946.0,42.0,0.05604854226112366,0.0003,0.1242198646068573,0.0
16644.0,4947.0,42.0,0.06041916459798813,0.0003,0.05193544924259186,0.0
16645.0,4948.0,42.0,0.05356788635253906,0.0003,0.09325370192527771,0.0
16646.0,4949.0,42.0,0.05881981551647186,0.0003,0.06086234003305435,0.0
16647.0,4950.0,42.0,0.050653889775276184,0.0003,0.10006055235862732,0.0
16648.0,4951.0,42.0,0.050335392355918884,0.0003,0.0633077323436737,0.0
16649.0,4952.0,42.0,0.048412397503852844,0.0003,0.09558318555355072,0.0
16650.0,4953.0,42.0,0.05429387092590332,0.0003,0.08802385628223419,0.0
16651.0,4954.0,42.0,0.05954543501138687,0.0003,0.05089458450675011,0.0
16652.0,4955.0,42.0,0.05745663121342659,0.0003,0.08750534802675247,0.0
16653.0,4956.0,42.0,0.06662943214178085,0.0003,0.07152817398309708,0.0
16654.0,4957.0,42.0,0.05204413831233978,0.0003,0.09867490082979202,0.0
16655.0,4958.0,42.0,0.0589853934943676,0.0003,0.12027402222156525,0.0
16656.0,4959.0,42.0,0.050647735595703125,0.0003,0.1425514966249466,0.0
16657.0,4960.0,42.0,0.04854689911007881,0.0003,0.07990860939025879,0.0
16658.0,4961.0,42.0,0.046584613621234894,0.0003,0.042163483798503876,0.0
16659.0,4962.0,42.0,0.038447339087724686,0.0003,0.10356587171554565,0.0
16660.0,4963.0,42.0,0.06343637406826019,0.0003,0.07035275548696518,0.0
16661.0,4964.0,42.0,0.05422036349773407,0.0003,0.15468543767929077,0.0
16662.0,4965.0,42.0,0.05324987694621086,0.0003,0.035752277821302414,0.0
16663.0,4966.0,42.0,0.049143947660923004,0.0003,0.09607724845409393,0.0
16664.0,4967.0,42.0,0.06797321885824203,0.0003,0.10594595968723297,0.0
16665.0,4968.0,42.0,0.05283547192811966,0.0003,0.08490239083766937,0.0
16666.0,4969.0,42.0,0.05426887422800064,0.0003,0.12747634947299957,0.0
16667.0,4970.0,42.0,0.058090850710868835,0.0003,0.12519298493862152,0.0
16668.0,4971.0,42.0,0.0669625848531723,0.0003,0.1453772485256195,0.0
16669.0,4972.0,42.0,0.045249685645103455,0.0003,0.15556688606739044,0.0
16670.0,4973.0,42.0,0.06313859671354294,0.0003,0.14351221919059753,0.0
16671.0,4974.0,42.0,0.058861106634140015,0.0003,0.05955134704709053,0.0
16672.0,4975.0,42.0,0.06254589557647705,0.0003,0.16242094337940216,0.0
16673.0,4976.0,42.0,0.048486143350601196,0.0003,0.10173690319061279,0.0
16674.0,4977.0,42.0,0.06550919264554977,0.0003,0.10759630054235458,0.0
16675.0,4978.0,42.0,0.0508962981402874,0.0003,0.11338439583778381,0.0
16676.0,4979.0,42.0,0.05130300298333168,0.0003,0.038689203560352325,0.0
16677.0,4980.0,42.0,0.06257319450378418,0.0003,0.10270956158638,0.0
16678.0,4981.0,42.0,0.06301826238632202,0.0003,0.12484052777290344,0.0
16679.0,4982.0,42.0,0.053504496812820435,0.0003,0.12953540682792664,0.0
16680.0,4983.0,42.0,0.04877575486898422,0.0003,0.09883945435285568,0.0
16681.0,4984.0,42.0,0.05599169060587883,0.0003,0.14745141565799713,0.0
16682.0,4985.0,42.0,0.04919165372848511,0.0003,0.10437881201505661,0.0
16683.0,4986.0,42.0,0.057429760694503784,0.0003,0.14455077052116394,0.0
16684.0,4987.0,42.0,0.07052014768123627,0.0003,0.12824450433254242,0.0
16685.0,4988.0,42.0,0.061220403760671616,0.0003,0.1760161817073822,0.0
16686.0,4989.0,42.0,0.06261344254016876,0.0003,0.10075527429580688,0.0
16687.0,4990.0,42.0,0.06020914018154144,0.0003,0.19956663250923157,0.0
16688.0,4991.0,42.0,0.05914243310689926,0.0003,0.04103313386440277,0.0
16689.0,4992.0,42.0,0.06613706797361374,0.0003,0.1710989773273468,0.0
16690.0,4993.0,42.0,0.06139812245965004,0.0003,0.1514366716146469,0.0
16691.0,4994.0,42.0,0.06084560230374336,0.0003,0.11649316549301147,0.0
16692.0,4995.0,42.0,0.056214310228824615,0.0003,0.1887976974248886,0.0
16693.0,4996.0,42.0,0.05436296388506889,0.0003,0.10668465495109558,0.0
16694.0,4997.0,42.0,0.047292012721300125,0.0003,0.22666218876838684,0.0
16695.0,4998.0,42.0,0.056122150272130966,0.0003,0.17321647703647614,0.0
16696.0,4999.0,42.0,0.04909314215183258,0.0003,0.19321309030056,0.0
16697.0,5000.0,42.0,0.06352569162845612,0.0003,0.19304244220256805,0.0
16698.0,5001.0,42.0,0.061479128897190094,0.0003,0.0910109207034111,0.0
16699.0,5002.0,42.0,0.05279821157455444,0.0003,0.22563813626766205,0.0
16700.0,5003.0,42.0,0.06268167495727539,0.0003,0.10854720324277878,0.0
16701.0,5004.0,42.0,0.052072033286094666,0.0003,0.18529191613197327,0.0
16702.0,5005.0,42.0,0.04995471239089966,0.0003,0.061927907168865204,0.0
16703.0,5006.0,42.0,0.0641273558139801,0.0003,0.11605030298233032,0.0
16704.0,5007.0,42.0,0.06647074222564697,0.0003,0.11951137334108353,0.0
16705.0,5008.0,42.0,0.052672117948532104,0.0003,0.07053744047880173,0.0
16706.0,5009.0,42.0,0.06518179178237915,0.0003,0.16933003067970276,0.0
16707.0,5010.0,42.0,0.06957899034023285,0.0003,0.06560249626636505,0.0
16708.0,5011.0,42.0,0.06328095495700836,0.0003,0.2353716343641281,0.0
16709.0,5012.0,42.0,0.04819341376423836,0.0003,0.09161324799060822,0.0
16710.0,5013.0,42.0,0.05139364302158356,0.0003,0.14612451195716858,0.0
16711.0,5014.0,42.0,0.05933830514550209,0.0003,0.13274700939655304,0.0
16712.0,5015.0,42.0,0.056186493486166,0.0003,0.12484226375818253,0.0
16713.0,5016.0,42.0,0.051087506115436554,0.0003,0.1722145974636078,0.0
16714.0,5017.0,42.0,0.06477388739585876,0.0003,0.11852863430976868,0.0
16715.0,5018.0,42.0,0.037742845714092255,0.0003,0.15332435071468353,0.0
16716.0,5019.0,42.0,0.053595662117004395,0.0003,0.1102166399359703,0.0
16717.0,5020.0,42.0,0.07097725570201874,0.0003,0.14529739320278168,0.0
16718.0,5021.0,42.0,0.04691691696643829,0.0003,0.14846836030483246,0.0
16719.0,5022.0,42.0,0.0631817877292633,0.0003,0.09852294623851776,0.0
16720.0,5023.0,42.0,0.05903349816799164,0.0003,0.14910420775413513,0.0
16721.0,5024.0,42.0,0.053021140396595,0.0003,0.06355796009302139,0.0
16722.0,5025.0,42.0,0.05348324775695801,0.0003,0.1449691504240036,0.0
16723.0,5026.0,42.0,0.06965683400630951,0.0003,0.11014801263809204,0.0
16724.0,5027.0,42.0,0.05706661939620972,0.0003,0.12028603255748749,0.0
16725.0,5028.0,42.0,0.06287996470928192,0.0003,0.08742561936378479,0.0
16726.0,5029.0,42.0,0.061267659068107605,0.0003,0.1479424089193344,0.0
16727.0,5030.0,42.0,0.05879046395421028,0.0003,0.0539773665368557,0.0
16728.0,5031.0,42.0,0.0515969954431057,0.0003,0.1678743213415146,0.0
16729.0,5032.0,42.0,0.059731923043727875,0.0003,0.06050882115960121,0.0
16730.0,5033.0,42.0,0.06603974103927612,0.0003,0.1624779850244522,0.0
16731.0,5034.0,42.0,0.06764648109674454,0.0003,0.06249074265360832,0.0
16732.0,5035.0,42.0,0.0627409890294075,0.0003,0.12407778948545456,0.0
16733.0,5036.0,42.0,0.05814634636044502,0.0003,0.10595498979091644,0.0
16734.0,5037.0,42.0,0.050678983330726624,0.0003,0.10552656650543213,0.0
16735.0,5038.0,42.0,0.052101343870162964,0.0003,0.12741059064865112,0.0
16736.0,5039.0,42.0,0.05589349567890167,0.0003,0.10703659057617188,0.0
16737.0,5040.0,42.0,0.05621744692325592,0.0003,0.17064721882343292,0.0
16738.0,5041.0,42.0,0.04815993458032608,0.0003,0.0896805003285408,0.0
16739.0,5042.0,42.0,0.06764571368694305,0.0003,0.07172908633947372,0.0
16740.0,5043.0,42.0,0.052378855645656586,0.0003,0.06978825479745865,0.0
16741.0,5044.0,42.0,0.06158342584967613,0.0003,0.06531858444213867,0.0
16742.0,5045.0,42.0,0.05094259977340698,0.0003,0.12917140126228333,0.0
16743.0,5046.0,42.0,0.055749814957380295,0.0003,0.04770753160119057,0.0
16744.0,5047.0,42.0,0.06912299990653992,0.0003,0.11000371724367142,0.0
16745.0,5048.0,42.0,0.06796066462993622,0.0003,0.0637802854180336,0.0
16746.0,5049.0,42.0,0.06007091701030731,0.0003,0.08186168968677521,0.0
16747.0,5050.0,42.0,0.055786628276109695,0.0003,0.09404347091913223,0.0
16748.0,5051.0,42.0,0.0549829825758934,0.0003,0.07601446658372879,0.0
16749.0,5052.0,42.0,0.06078651547431946,0.0003,0.04740970954298973,0.0
16750.0,5053.0,42.0,0.059949152171611786,0.0003,0.05802873522043228,0.0
16751.0,5054.0,42.0,0.05298812687397003,0.0003,0.09766913205385208,0.0
16752.0,5055.0,42.0,0.044422321021556854,0.0003,0.06288078427314758,0.0
16753.0,5056.0,42.0,0.05391179770231247,0.0003,0.03417157754302025,0.0
16754.0,5057.0,42.0,0.08110582828521729,0.0003,0.06069706007838249,0.0
16755.0,5058.0,42.0,0.04713606461882591,0.0003,0.05889607220888138,0.0
16756.0,5059.0,42.0,0.05922456830739975,0.0003,0.03302489593625069,0.0
16757.0,5060.0,42.0,0.05748181790113449,0.0003,0.06448433548212051,0.0
16758.0,5061.0,42.0,0.05737742781639099,0.0003,0.07697580754756927,0.0
16759.0,5062.0,42.0,0.04909884184598923,0.0003,0.03289228677749634,0.0
16760.0,5063.0,42.0,0.06074211746454239,0.0003,0.11229556798934937,0.0
16761.0,5064.0,42.0,0.06495140492916107,0.0003,0.11158496141433716,0.0
16762.0,5065.0,42.0,0.04849010705947876,0.0003,0.1235523596405983,0.0
16763.0,5066.0,42.0,0.054735902696847916,0.0003,0.12951500713825226,0.0
16764.0,5067.0,42.0,0.06612952798604965,0.0003,0.1101985052227974,0.0
16765.0,5068.0,42.0,0.04983404278755188,0.0003,0.11952176690101624,0.0
16766.0,5069.0,42.0,0.05997847020626068,0.0003,0.08622747659683228,0.0
16767.0,5070.0,42.0,0.05082954466342926,0.0003,0.11554795503616333,0.0
16768.0,5071.0,43.0,0.06340961903333664,0.0003,0.08888975530862808,0.0
16769.0,5072.0,43.0,0.059087011963129044,0.0003,0.09994882345199585,0.0
16770.0,5073.0,43.0,0.05475456267595291,0.0003,0.1102510616183281,0.0
16771.0,5074.0,43.0,0.05280420556664467,0.0003,0.14846059679985046,0.0
16772.0,5075.0,43.0,0.045590344816446304,0.0003,0.0862453430891037,0.0
16773.0,5076.0,43.0,0.053531233221292496,0.0003,0.13362041115760803,0.0
16774.0,5077.0,43.0,0.05949890613555908,0.0003,0.1016077995300293,0.0
16775.0,5078.0,43.0,0.05746018886566162,0.0003,0.14690686762332916,0.0
16776.0,5079.0,43.0,0.05268292874097824,0.0003,0.11328445374965668,0.0
16777.0,5080.0,43.0,0.0569697842001915,0.0003,0.09158720821142197,0.0
16778.0,5081.0,43.0,0.05673958361148834,0.0003,0.1763623058795929,0.0
16779.0,5082.0,43.0,0.06634487211704254,0.0003,0.10519307106733322,0.0
16780.0,5083.0,43.0,0.04947296902537346,0.0003,0.22606706619262695,0.0
16781.0,5084.0,43.0,0.052890777587890625,0.0003,0.041459087282419205,0.0
16782.0,5085.0,43.0,0.05752253532409668,0.0003,0.2593695819377899,0.0
16783.0,5086.0,43.0,0.06256239861249924,0.0003,0.10392452776432037,0.0
16784.0,5087.0,43.0,0.041048720479011536,0.0003,0.14495614171028137,0.0
16785.0,5088.0,43.0,0.05386210232973099,0.0003,0.17746709287166595,0.0
16786.0,5089.0,43.0,0.05754886567592621,0.0003,0.037383001297712326,0.0
16787.0,5090.0,43.0,0.06376439332962036,0.0003,0.20465591549873352,0.0
16788.0,5091.0,43.0,0.05599522963166237,0.0003,0.11540330946445465,0.0
16789.0,5092.0,43.0,0.05757351219654083,0.0003,0.14002643525600433,0.0
16790.0,5093.0,43.0,0.06036834046244621,0.0003,0.1807214468717575,0.0
16791.0,5094.0,43.0,0.04940169304609299,0.0003,0.11540860682725906,0.0
16792.0,5095.0,43.0,0.06871122121810913,0.0003,0.18021051585674286,0.0
16793.0,5096.0,43.0,0.07225719839334488,0.0003,0.1202738881111145,0.0
16794.0,5097.0,43.0,0.05656806379556656,0.0003,0.13756734132766724,0.0
16795.0,5098.0,43.0,0.05680687725543976,0.0003,0.0963340699672699,0.0
16796.0,5099.0,43.0,0.05885933339595795,0.0003,0.13422256708145142,0.0
16797.0,5100.0,43.0,0.05351344496011734,0.0003,0.11844445765018463,0.0
16798.0,5101.0,43.0,0.04352107644081116,0.0003,0.16236597299575806,0.0
16799.0,5102.0,43.0,0.055589690804481506,0.0003,0.11420884728431702,0.0
16800.0,5103.0,43.0,0.0540364533662796,0.0003,0.15582846105098724,0.0
16801.0,5104.0,43.0,0.06058485060930252,0.0003,0.16126693785190582,0.0
16802.0,5105.0,43.0,0.053399454802274704,0.0003,0.17889592051506042,0.0
16803.0,5106.0,43.0,0.04231254756450653,0.0003,0.16569054126739502,0.0
16804.0,5107.0,43.0,0.0672270804643631,0.0003,0.11995701491832733,0.0
16805.0,5108.0,43.0,0.07165336608886719,0.0003,0.16771942377090454,0.0
16806.0,5109.0,43.0,0.06919321417808533,0.0003,0.07147336006164551,0.0
16807.0,5110.0,43.0,0.050014011561870575,0.0003,0.1552886664867401,0.0
16808.0,5111.0,43.0,0.06221640482544899,0.0003,0.056449856609106064,0.0
16809.0,5112.0,43.0,0.04487057030200958,0.0003,0.14800865948200226,0.0
16810.0,5113.0,43.0,0.057847760617733,0.0003,0.06433063745498657,0.0
16811.0,5114.0,43.0,0.061004817485809326,0.0003,0.05785156786441803,0.0
16812.0,5115.0,43.0,0.05004572123289108,0.0003,0.1437956541776657,0.0
16813.0,5116.0,43.0,0.05633028224110603,0.0003,0.11246449500322342,0.0
16814.0,5117.0,43.0,0.0513119250535965,0.0003,0.07672596722841263,0.0
16815.0,5118.0,43.0,0.05825772508978844,0.0003,0.08343304693698883,0.0
16816.0,5119.0,43.0,0.0650966614484787,0.0003,0.15130279958248138,0.0
16817.0,5120.0,43.0,0.059869349002838135,0.0003,0.05110178887844086,0.0
16818.0,5121.0,43.0,0.04630923271179199,0.0003,0.18235480785369873,0.0
16819.0,5122.0,43.0,0.04379861801862717,0.0003,0.1535930186510086,0.0
16820.0,5123.0,43.0,0.05840601399540901,0.0003,0.18687835335731506,0.0
16821.0,5124.0,43.0,0.05331374332308769,0.0003,0.14147615432739258,0.0
16822.0,5125.0,43.0,0.058280929923057556,0.0003,0.13812850415706635,0.0
16823.0,5126.0,43.0,0.06477372348308563,0.0003,0.10066778212785721,0.0
16824.0,5127.0,43.0,0.0484059676527977,0.0003,0.14549726247787476,0.0
16825.0,5128.0,43.0,0.058924928307533264,0.0003,0.12979747354984283,0.0
16826.0,5129.0,43.0,0.06127262860536575,0.0003,0.12958621978759766,0.0
16827.0,5130.0,43.0,0.048728689551353455,0.0003,0.12196282297372818,0.0
16828.0,5131.0,43.0,0.04474382475018501,0.0003,0.12892988324165344,0.0
16829.0,5132.0,43.0,0.062405746430158615,0.0003,0.12124289572238922,0.0
16830.0,5133.0,43.0,0.06076635420322418,0.0003,0.1858808845281601,0.0
16831.0,5134.0,43.0,0.05245237797498703,0.0003,0.07087401300668716,0.0
16832.0,5135.0,43.0,0.05497589707374573,0.0003,0.14748945832252502,0.0
16833.0,5136.0,43.0,0.054749827831983566,0.0003,0.1056814044713974,0.0
16834.0,5137.0,43.0,0.05041283741593361,0.0003,0.14891476929187775,0.0
16835.0,5138.0,43.0,0.057151973247528076,0.0003,0.0625174418091774,0.0
16836.0,5139.0,43.0,0.0605173222720623,0.0003,0.08643832057714462,0.0
16837.0,5140.0,43.0,0.051242731511592865,0.0003,0.11842349171638489,0.0
16838.0,5141.0,43.0,0.051862239837646484,0.0003,0.0979205071926117,0.0
16839.0,5142.0,43.0,0.05559594929218292,0.0003,0.10074660181999207,0.0
16840.0,5143.0,43.0,0.056745514273643494,0.0003,0.09843605756759644,0.0
16841.0,5144.0,43.0,0.05595051124691963,0.0003,0.1061742976307869,0.0
16842.0,5145.0,43.0,0.061007414013147354,0.0003,0.12404314428567886,0.0
16843.0,5146.0,43.0,0.043425075709819794,0.0003,0.1757911741733551,0.0
16844.0,5147.0,43.0,0.05271703004837036,0.0003,0.0483141653239727,0.0
16845.0,5148.0,43.0,0.05762895569205284,0.0003,0.13417258858680725,0.0
16846.0,5149.0,43.0,0.05616770684719086,0.0003,0.09825193136930466,0.0
16847.0,5150.0,43.0,0.05821923539042473,0.0003,0.09268569946289062,0.0
16848.0,5151.0,43.0,0.056943245232105255,0.0003,0.20428551733493805,0.0
16849.0,5152.0,43.0,0.05653982236981392,0.0003,0.12914547324180603,0.0
16850.0,5153.0,43.0,0.04312938451766968,0.0003,0.20253978669643402,0.0
16851.0,5154.0,43.0,0.0445961095392704,0.0003,0.14477147161960602,0.0
16852.0,5155.0,43.0,0.05837856978178024,0.0003,0.12989424169063568,0.0
16853.0,5156.0,43.0,0.05307510495185852,0.0003,0.1892082393169403,0.0
16854.0,5157.0,43.0,0.05933595448732376,0.0003,0.17716719210147858,0.0
16855.0,5158.0,43.0,0.0559183806180954,0.0003,0.1713123917579651,0.0
16856.0,5159.0,43.0,0.05969017371535301,0.0003,0.1751832365989685,0.0
16857.0,5160.0,43.0,0.054455943405628204,0.0003,0.15923713147640228,0.0
16858.0,5161.0,43.0,0.055030982941389084,0.0003,0.14460699260234833,0.0
16859.0,5162.0,43.0,0.051487576216459274,0.0003,0.07194016128778458,0.0
16860.0,5163.0,43.0,0.059822309762239456,0.0003,0.1703478991985321,0.0
16861.0,5164.0,43.0,0.05376427248120308,0.0003,0.07674335688352585,0.0
16862.0,5165.0,43.0,0.06262831389904022,0.0003,0.10599385201931,0.0
16863.0,5166.0,43.0,0.04815490171313286,0.0003,0.033293358981609344,0.0
16864.0,5167.0,43.0,0.0608367994427681,0.0003,0.09494185447692871,0.0
16865.0,5168.0,43.0,0.05852566659450531,0.0003,0.05741995573043823,0.0
16866.0,5169.0,43.0,0.05427006632089615,0.0003,0.0662025660276413,0.0
16867.0,5170.0,43.0,0.05915862321853638,0.0003,0.12709467113018036,0.0
16868.0,5171.0,43.0,0.04234783351421356,0.0003,0.04567382112145424,0.0
16869.0,5172.0,43.0,0.03970938175916672,0.0003,0.14445951581001282,0.0
16870.0,5173.0,43.0,0.07826976478099823,0.0003,0.0934566929936409,0.0
16871.0,5174.0,43.0,0.05100899189710617,0.0003,0.18288753926753998,0.0
16872.0,5175.0,43.0,0.06787168979644775,0.0003,0.12488595396280289,0.0
16873.0,5176.0,43.0,0.05144001170992851,0.0003,0.22059577703475952,0.0
16874.0,5177.0,43.0,0.05214662849903107,0.0003,0.0810248851776123,0.0
16875.0,5178.0,43.0,0.047457482665777206,0.0003,0.17008133232593536,0.0
16876.0,5179.0,43.0,0.05857124924659729,0.0003,0.0996088832616806,0.0
16877.0,5180.0,43.0,0.058171313256025314,0.0003,0.16508758068084717,0.0
16878.0,5181.0,43.0,0.059085261076688766,0.0003,0.13109378516674042,0.0
16879.0,5182.0,43.0,0.050584711134433746,0.0003,0.22017957270145416,0.0
16880.0,5183.0,43.0,0.06167839840054512,0.0003,0.08987294882535934,0.0
16881.0,5184.0,43.0,0.051763392984867096,0.0003,0.12047022581100464,0.0
16882.0,5185.0,43.0,0.05922095477581024,0.0003,0.15779167413711548,0.0
16883.0,5186.0,43.0,0.058314576745033264,0.0003,0.10895799845457077,0.0
16884.0,5187.0,43.0,0.056301213800907135,0.0003,0.13239282369613647,0.0
16885.0,5188.0,43.0,0.05926533788442612,0.0003,0.12263757735490799,0.0
16886.0,5189.0,43.0,0.04620013386011124,0.0003,0.09687655419111252,0.0
16887.0,5190.0,43.0,0.055184897035360336,0.0003,0.08890651911497116,0.0
16888.0,5191.0,43.0,0.04525652527809143,0.0003,0.08655446767807007,0.0
16889.0,5192.0,43.0,0.05783428996801376,0.0003,0.0755113735795021,0.0
16890.0,5193.0,43.0,0.05406777188181877,0.0003,0.12937785685062408,0.0
16891.0,5194.0,43.0,0.05947629362344742,0.0003,0.09773368388414383,0.0
16892.0,5195.0,43.0,0.05812428891658783,0.0003,0.09438488632440567,0.0
16893.0,5196.0,43.0,0.049920883029699326,0.0003,0.08471953868865967,0.0
16894.0,5197.0,43.0,0.06850556284189224,0.0003,0.10454444587230682,0.0
16895.0,5198.0,43.0,0.053099967539310455,0.0003,0.10618549585342407,0.0
16896.0,5199.0,43.0,0.05998671427369118,0.0003,0.060617994517087936,0.0
16897.0,5200.0,43.0,0.07449682056903839,0.0003,0.07699021697044373,0.0
16898.0,5201.0,43.0,0.05622383579611778,0.0003,0.11548895388841629,0.0
16899.0,5202.0,43.0,0.0654035210609436,0.0003,0.05459984764456749,0.0
16900.0,5203.0,43.0,0.061722852289676666,0.0003,0.08988689631223679,0.0
16901.0,5204.0,43.0,0.07239735871553421,0.0003,0.10597347468137741,0.0
16902.0,5205.0,43.0,0.05890258401632309,0.0003,0.10761703550815582,0.0
16903.0,5206.0,43.0,0.07271347939968109,0.0003,0.05174737796187401,0.0
16904.0,5207.0,43.0,0.051282159984111786,0.0003,0.12356019765138626,0.0
16905.0,5208.0,43.0,0.04815835505723953,0.0003,0.0951932966709137,0.0
16906.0,5209.0,43.0,0.057126838713884354,0.0003,0.16071508824825287,0.0
16907.0,5210.0,43.0,0.04572508484125137,0.0003,0.11514019221067429,0.0
16908.0,5211.0,43.0,0.05695545673370361,0.0003,0.14693835377693176,0.0
16909.0,5212.0,43.0,0.06859460473060608,0.0003,0.11378597468137741,0.0
16910.0,5213.0,43.0,0.0499425046145916,0.0003,0.06989704817533493,0.0
16911.0,5214.0,43.0,0.055393531918525696,0.0003,0.16364669799804688,0.0
16912.0,5215.0,43.0,0.04871167987585068,0.0003,0.08836381882429123,0.0
16913.0,5216.0,43.0,0.06208672747015953,0.0003,0.10223641991615295,0.0
16914.0,5217.0,43.0,0.04411027207970619,0.0003,0.11031000316143036,0.0
16915.0,5218.0,43.0,0.04971758648753166,0.0003,0.1144247055053711,0.0
16916.0,5219.0,43.0,0.0467352420091629,0.0003,0.06862541288137436,0.0
16917.0,5220.0,43.0,0.05653941631317139,0.0003,0.08040808886289597,0.0
16918.0,5221.0,43.0,0.05236899107694626,0.0003,0.10352571308612823,0.0
16919.0,5222.0,43.0,0.05484630540013313,0.0003,0.07414015382528305,0.0
16920.0,5223.0,43.0,0.05940013378858566,0.0003,0.118525430560112,0.0
16921.0,5224.0,43.0,0.06480006873607635,0.0003,0.08616562187671661,0.0
16922.0,5225.0,43.0,0.05811126530170441,0.0003,0.1727619171142578,0.0
16923.0,5226.0,43.0,0.05552037060260773,0.0003,0.1169845312833786,0.0
16924.0,5227.0,43.0,0.04839335009455681,0.0003,0.1268838793039322,0.0
16925.0,5228.0,43.0,0.06250068545341492,0.0003,0.09806802868843079,0.0
16926.0,5229.0,43.0,0.047626230865716934,0.0003,0.1673222780227661,0.0
16927.0,5230.0,43.0,0.05524400621652603,0.0003,0.1080174520611763,0.0
16928.0,5231.0,43.0,0.056540556252002716,0.0003,0.19134752452373505,0.0
16929.0,5232.0,43.0,0.05129769444465637,0.0003,0.1783982515335083,0.0
16930.0,5233.0,43.0,0.060620199888944626,0.0003,0.14908720552921295,0.0
16931.0,5234.0,43.0,0.06431566178798676,0.0003,0.1297203153371811,0.0
16932.0,5235.0,43.0,0.057945843786001205,0.0003,0.1297980546951294,0.0
16933.0,5236.0,43.0,0.05197010561823845,0.0003,0.12633481621742249,0.0
16934.0,5237.0,43.0,0.05149950832128525,0.0003,0.15835626423358917,0.0
16935.0,5238.0,43.0,0.056529298424720764,0.0003,0.03978641331195831,0.0
16936.0,5239.0,43.0,0.05181074142456055,0.0003,0.08329679816961288,0.0
16937.0,5240.0,43.0,0.06120971590280533,0.0003,0.03398880362510681,0.0
16938.0,5241.0,43.0,0.0566752664744854,0.0003,0.10124589502811432,0.0
16939.0,5242.0,43.0,0.04736980423331261,0.0003,0.07308565080165863,0.0
16940.0,5243.0,43.0,0.056984011083841324,0.0003,0.05823792889714241,0.0
16941.0,5244.0,43.0,0.060269325971603394,0.0003,0.04509049281477928,0.0
16942.0,5245.0,43.0,0.048355165868997574,0.0003,0.06602312624454498,0.0
16943.0,5246.0,43.0,0.06893446296453476,0.0003,0.1136566624045372,0.0
16944.0,5247.0,43.0,0.05224768817424774,0.0003,0.10917626321315765,0.0
16945.0,5248.0,43.0,0.05753912404179573,0.0003,0.1838638037443161,0.0
16946.0,5249.0,43.0,0.05968461558222771,0.0003,0.11284250020980835,0.0
16947.0,5250.0,43.0,0.060112617909908295,0.0003,0.15261559188365936,0.0
16948.0,5251.0,43.0,0.053463079035282135,0.0003,0.09799972176551819,0.0
16949.0,5252.0,43.0,0.05917051434516907,0.0003,0.08639035373926163,0.0
16950.0,5253.0,43.0,0.04253649711608887,0.0003,0.09262573719024658,0.0
16951.0,5254.0,43.0,0.06014955788850784,0.0003,0.12471715360879898,0.0
16952.0,5255.0,43.0,0.05631387233734131,0.0003,0.036270834505558014,0.0
16953.0,5256.0,43.0,0.06448519229888916,0.0003,0.16120782494544983,0.0
16954.0,5257.0,43.0,0.054473839700222015,0.0003,0.07397989928722382,0.0
16955.0,5258.0,43.0,0.05297042429447174,0.0003,0.1424693465232849,0.0
16956.0,5259.0,43.0,0.048699915409088135,0.0003,0.10493944585323334,0.0
16957.0,5260.0,43.0,0.0550541989505291,0.0003,0.11445986479520798,0.0
16958.0,5261.0,43.0,0.04468231275677681,0.0003,0.08340302854776382,0.0
16959.0,5262.0,43.0,0.059383686631917953,0.0003,0.12225403636693954,0.0
16960.0,5263.0,43.0,0.049904316663742065,0.0003,0.0989254042506218,0.0
16961.0,5264.0,43.0,0.06554020941257477,0.0003,0.07355038821697235,0.0
16962.0,5265.0,43.0,0.05157093331217766,0.0003,0.10754632204771042,0.0
16963.0,5266.0,43.0,0.05442613363265991,0.0003,0.036930542439222336,0.0
16964.0,5267.0,43.0,0.0662783682346344,0.0003,0.12712596356868744,0.0
16965.0,5268.0,43.0,0.05970236659049988,0.0003,0.05986291170120239,0.0
16966.0,5269.0,43.0,0.04346823692321777,0.0003,0.15664474666118622,0.0
16967.0,5270.0,43.0,0.05770379677414894,0.0003,0.04346340149641037,0.0
16968.0,5271.0,43.0,0.05922425538301468,0.0003,0.09557455778121948,0.0
16969.0,5272.0,43.0,0.059591397643089294,0.0003,0.06311842799186707,0.0
16970.0,5273.0,43.0,0.0677563026547432,0.0003,0.09267684817314148,0.0
16971.0,5274.0,43.0,0.056426145136356354,0.0003,0.21073482930660248,0.0
16972.0,5275.0,43.0,0.05033716559410095,0.0003,0.10794185847043991,0.0
16973.0,5276.0,43.0,0.04368646815419197,0.0003,0.16401419043540955,0.0
16974.0,5277.0,43.0,0.06288677453994751,0.0003,0.13838742673397064,0.0
16975.0,5278.0,43.0,0.061687685549259186,0.0003,0.17753280699253082,0.0
16976.0,5279.0,43.0,0.055965080857276917,0.0003,0.06298018246889114,0.0
16977.0,5280.0,43.0,0.07003498077392578,0.0003,0.1957271546125412,0.0
16978.0,5281.0,43.0,0.05783066898584366,0.0003,0.15220406651496887,0.0
16979.0,5282.0,43.0,0.057831116020679474,0.0003,0.17010226845741272,0.0
16980.0,5283.0,43.0,0.05662462115287781,0.0003,0.0767621099948883,0.0
16981.0,5284.0,43.0,0.061894554644823074,0.0003,0.21783891320228577,0.0
16982.0,5285.0,43.0,0.06317690759897232,0.0003,0.0712120532989502,0.0
16983.0,5286.0,43.0,0.051399458199739456,0.0003,0.11735236644744873,0.0
16984.0,5287.0,43.0,0.04741167649626732,0.0003,0.16065064072608948,0.0
16985.0,5288.0,43.0,0.0481281578540802,0.0003,0.11775285750627518,0.0
16986.0,5289.0,43.0,0.06724836677312851,0.0003,0.20066435635089874,0.0
16987.0,5290.0,43.0,0.0481974221765995,0.0003,0.10028694570064545,0.0
16988.0,5291.0,43.0,0.054530005902051926,0.0003,0.19475765526294708,0.0
16989.0,5292.0,43.0,0.05542996525764465,0.0003,0.03378789499402046,0.0
16990.0,5293.0,43.0,0.05498035252094269,0.0003,0.137318953871727,0.0
16991.0,5294.0,43.0,0.05839204415678978,0.0003,0.10995349287986755,0.0
16992.0,5295.0,43.0,0.051703862845897675,0.0003,0.05820738524198532,0.0
16993.0,5296.0,43.0,0.06072216480970383,0.0003,0.10199538618326187,0.0
16994.0,5297.0,43.0,0.049683526158332825,0.0003,0.12542887032032013,0.0
16995.0,5298.0,43.0,0.058385010808706284,0.0003,0.07062018662691116,0.0
16996.0,5299.0,43.0,0.04136672616004944,0.0003,0.13727647066116333,0.0
16997.0,5300.0,43.0,0.06491652131080627,0.0003,0.07296270877122879,0.0
16998.0,5301.0,43.0,0.05179453641176224,0.0003,0.1712987720966339,0.0
16999.0,5302.0,43.0,0.05021893233060837,0.0003,0.09791214019060135,0.0
17000.0,5303.0,43.0,0.04855571687221527,0.0003,0.19748519361019135,0.0
17001.0,5304.0,43.0,0.059902533888816833,0.0003,0.0753556489944458,0.0
17002.0,5305.0,43.0,0.05605649575591087,0.0003,0.1426636427640915,0.0
17003.0,5306.0,43.0,0.05537024885416031,0.0003,0.06841504573822021,0.0
17004.0,5307.0,43.0,0.05167453736066818,0.0003,0.19775398075580597,0.0
17005.0,5308.0,43.0,0.055892787873744965,0.0003,0.06497466564178467,0.0
17006.0,5309.0,43.0,0.05002004653215408,0.0003,0.14128905534744263,0.0
17007.0,5310.0,43.0,0.06173386052250862,0.0003,0.12631969153881073,0.0
17008.0,5311.0,43.0,0.053147315979003906,0.0003,0.09737556427717209,0.0
17009.0,5312.0,43.0,0.04907187819480896,0.0003,0.12898705899715424,0.0
17010.0,5313.0,43.0,0.05204738676548004,0.0003,0.0635521411895752,0.0
17011.0,5314.0,43.0,0.05642925575375557,0.0003,0.17194032669067383,0.0
17012.0,5315.0,43.0,0.05890316516160965,0.0003,0.0880981907248497,0.0
17013.0,5316.0,43.0,0.05462939292192459,0.0003,0.16349177062511444,0.0
17014.0,5317.0,43.0,0.05924475938081741,0.0003,0.1121857687830925,0.0
17015.0,5318.0,43.0,0.05601970851421356,0.0003,0.08637500554323196,0.0
17016.0,5319.0,43.0,0.048392292112112045,0.0003,0.051808543503284454,0.0
17017.0,5320.0,43.0,0.05418957769870758,0.0003,0.14003311097621918,0.0
17018.0,5321.0,43.0,0.06439290195703506,0.0003,0.06910240650177002,0.0
17019.0,5322.0,43.0,0.06013672798871994,0.0003,0.19542217254638672,0.0
17020.0,5323.0,43.0,0.05616815388202667,0.0003,0.10554445534944534,0.0
17021.0,5324.0,43.0,0.05197635293006897,0.0003,0.08759306371212006,0.0
17022.0,5325.0,43.0,0.05990694463253021,0.0003,0.05109810829162598,0.0
17023.0,5326.0,43.0,0.0479329451918602,0.0003,0.07822991907596588,0.0
17024.0,5327.0,43.0,0.0629027709364891,0.0003,0.11491136252880096,0.0
17025.0,5328.0,43.0,0.05543818324804306,0.0003,0.04087739437818527,0.0
17026.0,5329.0,43.0,0.040195707231760025,0.0003,0.062465257942676544,0.0
17027.0,5330.0,43.0,0.062481317669153214,0.0003,0.06768833845853806,0.0
17028.0,5331.0,43.0,0.05929805338382721,0.0003,0.07718502730131149,0.0
17029.0,5332.0,43.0,0.06002195551991463,0.0003,0.045455846935510635,0.0
17030.0,5333.0,43.0,0.05376105383038521,0.0003,0.076340451836586,0.0
17031.0,5334.0,43.0,0.052419573068618774,0.0003,0.10963781923055649,0.0
17032.0,5335.0,43.0,0.06415584683418274,0.0003,0.06612890958786011,0.0
17033.0,5336.0,43.0,0.053959205746650696,0.0003,0.10363166779279709,0.0
17034.0,5337.0,43.0,0.05764652043581009,0.0003,0.1341889351606369,0.0
17035.0,5338.0,43.0,0.07570604979991913,0.0003,0.09886589646339417,0.0
17036.0,5339.0,43.0,0.06328578293323517,0.0003,0.17831027507781982,0.0
17037.0,5340.0,43.0,0.059655677527189255,0.0003,0.04081384837627411,0.0
17038.0,5341.0,43.0,0.04551801458001137,0.0003,0.1852918267250061,0.0
17039.0,5342.0,43.0,0.05797046050429344,0.0003,0.03938953951001167,0.0
17040.0,5343.0,43.0,0.053743284195661545,0.0003,0.11155290901660919,0.0
17041.0,5344.0,43.0,0.06454841792583466,0.0003,0.1267448514699936,0.0
17042.0,5345.0,43.0,0.057009607553482056,0.0003,0.12235230952501297,0.0
17043.0,5346.0,43.0,0.04761872813105583,0.0003,0.10128451883792877,0.0
17044.0,5347.0,43.0,0.059873513877391815,0.0003,0.12288925051689148,0.0
17045.0,5348.0,43.0,0.06096072867512703,0.0003,0.11993958055973053,0.0
17046.0,5349.0,43.0,0.06786135584115982,0.0003,0.05310116335749626,0.0
17047.0,5350.0,43.0,0.056430280208587646,0.0003,0.17020253837108612,0.0
17048.0,5351.0,43.0,0.05654831975698471,0.0003,0.03382779285311699,0.0
17049.0,5352.0,43.0,0.06040026992559433,0.0003,0.15570040047168732,0.0
17050.0,5353.0,43.0,0.055817700922489166,0.0003,0.13876475393772125,0.0
17051.0,5354.0,43.0,0.05164240673184395,0.0003,0.18039517104625702,0.0
17052.0,5355.0,43.0,0.06026683375239372,0.0003,0.17261064052581787,0.0
17053.0,5356.0,43.0,0.05666567385196686,0.0003,0.12159047275781631,0.0
17054.0,5357.0,43.0,0.05963171645998955,0.0003,0.18440625071525574,0.0
17055.0,5358.0,43.0,0.05775240808725357,0.0003,0.08015933632850647,0.0
17056.0,5359.0,43.0,0.05822375416755676,0.0003,0.2076115608215332,0.0
17057.0,5360.0,43.0,0.06659537553787231,0.0003,0.05365798622369766,0.0
17058.0,5361.0,43.0,0.06363017857074738,0.0003,0.205549955368042,0.0
17059.0,5362.0,43.0,0.05998951196670532,0.0003,0.06328094005584717,0.0
17060.0,5363.0,43.0,0.05201766639947891,0.0003,0.14447924494743347,0.0
17061.0,5364.0,43.0,0.05790649354457855,0.0003,0.07145148515701294,0.0
17062.0,5365.0,43.0,0.04794210195541382,0.0003,0.12346416711807251,0.0
17063.0,5366.0,43.0,0.055742401629686356,0.0003,0.062013741582632065,0.0
17064.0,5367.0,43.0,0.052179038524627686,0.0003,0.08991510421037674,0.0
17065.0,5368.0,43.0,0.06966792047023773,0.0003,0.07836226373910904,0.0
17066.0,5369.0,43.0,0.06243748962879181,0.0003,0.0672282725572586,0.0
17067.0,5370.0,43.0,0.06106363236904144,0.0003,0.12305706739425659,0.0
17068.0,5371.0,43.0,0.05405622720718384,0.0003,0.08968530595302582,0.0
17069.0,5372.0,43.0,0.054878413677215576,0.0003,0.11863596737384796,0.0
17070.0,5373.0,43.0,0.04918573796749115,0.0003,0.0917157530784607,0.0
17071.0,5374.0,43.0,0.05298488587141037,0.0003,0.1271078735589981,0.0
17072.0,5375.0,43.0,0.05796314403414726,0.0003,0.11188823729753494,0.0
17073.0,5376.0,43.0,0.05581135302782059,0.0003,0.11019734293222427,0.0
17074.0,5377.0,43.0,0.053647175431251526,0.0003,0.14823852479457855,0.0
17075.0,5378.0,43.0,0.044709187000989914,0.0003,0.08187410235404968,0.0
17076.0,5379.0,43.0,0.05893157422542572,0.0003,0.1627247929573059,0.0
17077.0,5380.0,43.0,0.04899568483233452,0.0003,0.07882975041866302,0.0
17078.0,5381.0,43.0,0.06468412280082703,0.0003,0.175734743475914,0.0
17079.0,5382.0,43.0,0.048491135239601135,0.0003,0.10996054112911224,0.0
17080.0,5383.0,43.0,0.05014912039041519,0.0003,0.18096336722373962,0.0
17081.0,5384.0,43.0,0.05729233846068382,0.0003,0.18638132512569427,0.0
17082.0,5385.0,43.0,0.06498552113771439,0.0003,0.1774204820394516,0.0
17083.0,5386.0,43.0,0.0540485754609108,0.0003,0.19437581300735474,0.0
17084.0,5387.0,43.0,0.05533519759774208,0.0003,0.049499303102493286,0.0
17085.0,5388.0,43.0,0.057819634675979614,0.0003,0.24039682745933533,0.0
17086.0,5389.0,43.0,0.06569715589284897,0.0003,0.12373548746109009,0.0
17087.0,5390.0,43.0,0.07342525571584702,0.0003,0.22711358964443207,0.0
17088.0,5391.0,43.0,0.05585862323641777,0.0003,0.09926697611808777,0.0
17089.0,5392.0,43.0,0.0646527037024498,0.0003,0.11876117438077927,0.0
17090.0,5393.0,43.0,0.056543461978435516,0.0003,0.11262297630310059,0.0
17091.0,5394.0,43.0,0.05164610594511032,0.0003,0.11670772731304169,0.0
17092.0,5395.0,43.0,0.04936259239912033,0.0003,0.11548515409231186,0.0
17093.0,5396.0,43.0,0.06745553761720657,0.0003,0.20193424820899963,0.0
17094.0,5397.0,43.0,0.049485307186841965,0.0003,0.0751570388674736,0.0
17095.0,5398.0,43.0,0.05211586505174637,0.0003,0.21770931780338287,0.0
17096.0,5399.0,43.0,0.053467586636543274,0.0003,0.06453757733106613,0.0
17097.0,5400.0,43.0,0.044986627995967865,0.0003,0.13450565934181213,0.0
17098.0,5401.0,43.0,0.04669396951794624,0.0003,0.0537208691239357,0.0
17099.0,5402.0,43.0,0.05106836557388306,0.0003,0.08385574072599411,0.0
17100.0,5403.0,43.0,0.07662582397460938,0.0003,0.11105024069547653,0.0
17101.0,5404.0,43.0,0.06439534574747086,0.0003,0.15465793013572693,0.0
17102.0,5405.0,43.0,0.06463336944580078,0.0003,0.07283033430576324,0.0
17103.0,5406.0,43.0,0.042771533131599426,0.0003,0.13418617844581604,0.0
17104.0,5407.0,43.0,0.05132615566253662,0.0003,0.07573223114013672,0.0
17105.0,5408.0,43.0,0.058819759637117386,0.0003,0.11860619485378265,0.0
17106.0,5409.0,43.0,0.06429731845855713,0.0003,0.10197778046131134,0.0
17107.0,5410.0,43.0,0.058195874094963074,0.0003,0.12884283065795898,0.0
17108.0,5411.0,43.0,0.053615886718034744,0.0003,0.17475639283657074,0.0
17109.0,5412.0,43.0,0.05477365478873253,0.0003,0.13168857991695404,0.0
17110.0,5413.0,43.0,0.04773056507110596,0.0003,0.20530806481838226,0.0
17111.0,5414.0,43.0,0.06541735678911209,0.0003,0.09545602649450302,0.0
17112.0,5415.0,43.0,0.04414350166916847,0.0003,0.1891172081232071,0.0
17113.0,5416.0,43.0,0.04816203564405441,0.0003,0.052064355462789536,0.0
17114.0,5417.0,43.0,0.047211356461048126,0.0003,0.23581165075302124,0.0
17115.0,5418.0,43.0,0.05690377205610275,0.0003,0.07279256731271744,0.0
17116.0,5419.0,43.0,0.05869521200656891,0.0003,0.14697521924972534,0.0
17117.0,5420.0,43.0,0.05086751654744148,0.0003,0.20320022106170654,0.0
17118.0,5421.0,43.0,0.06525647640228271,0.0003,0.07031051814556122,0.0
17119.0,5422.0,43.0,0.057764165103435516,0.0003,0.19195616245269775,0.0
17120.0,5423.0,43.0,0.06032459810376167,0.0003,0.1475772112607956,0.0
17121.0,5424.0,43.0,0.05391585826873779,0.0003,0.13515923917293549,0.0
17122.0,5425.0,43.0,0.053346794098615646,0.0003,0.15359072387218475,0.0
17123.0,5426.0,43.0,0.06144627928733826,0.0003,0.07101010531187057,0.0
17124.0,5427.0,43.0,0.06925810128450394,0.0003,0.23180870711803436,0.0
17125.0,5428.0,43.0,0.05006329342722893,0.0003,0.12213943153619766,0.0
17126.0,5429.0,43.0,0.05713365226984024,0.0003,0.23344457149505615,0.0
17127.0,5430.0,43.0,0.05763484537601471,0.0003,0.13524651527404785,0.0
17128.0,5431.0,43.0,0.05364257097244263,0.0003,0.13588039577007294,0.0
17129.0,5432.0,43.0,0.05896119028329849,0.0003,0.15908560156822205,0.0
17130.0,5433.0,43.0,0.057568974792957306,0.0003,0.09683908522129059,0.0
17131.0,5434.0,43.0,0.05434175208210945,0.0003,0.18780657649040222,0.0
17132.0,5435.0,43.0,0.06013942509889603,0.0003,0.09581425040960312,0.0
17133.0,5436.0,43.0,0.05633171275258064,0.0003,0.168775275349617,0.0
17134.0,5437.0,43.0,0.043729543685913086,0.0003,0.14933061599731445,0.0
17135.0,5438.0,43.0,0.07121822983026505,0.0003,0.13050997257232666,0.0
17136.0,5439.0,43.0,0.06388173252344131,0.0003,0.18245576322078705,0.0
17137.0,5440.0,43.0,0.0455097034573555,0.0003,0.08668314665555954,0.0
17138.0,5441.0,43.0,0.05236607417464256,0.0003,0.1531776338815689,0.0
17139.0,5442.0,43.0,0.04088608920574188,0.0003,0.12113717943429947,0.0
17140.0,5443.0,43.0,0.05048801004886627,0.0003,0.11191698908805847,0.0
17141.0,5444.0,43.0,0.04632139205932617,0.0003,0.13466571271419525,0.0
17142.0,5445.0,43.0,0.05501990392804146,0.0003,0.07804197072982788,0.0
17143.0,5446.0,43.0,0.05698300898075104,0.0003,0.11747178435325623,0.0
17144.0,5447.0,43.0,0.04495888948440552,0.0003,0.13223937153816223,0.0
17145.0,5448.0,43.0,0.05570488050580025,0.0003,0.18791697919368744,0.0
17146.0,5449.0,43.0,0.07252605259418488,0.0003,0.14258800446987152,0.0
17147.0,5450.0,43.0,0.05787291005253792,0.0003,0.22612665593624115,0.0
17148.0,5451.0,43.0,0.0619494691491127,0.0003,0.08359284698963165,0.0
17149.0,5452.0,43.0,0.054816149175167084,0.0003,0.21911969780921936,0.0
17150.0,5453.0,43.0,0.048714250326156616,0.0003,0.06678694486618042,0.0
17151.0,5454.0,43.0,0.05223856121301651,0.0003,0.13921613991260529,0.0
17152.0,5455.0,43.0,0.06909987330436707,0.0003,0.10716351866722107,0.0
17153.0,5456.0,43.0,0.04852360859513283,0.0003,0.043754514306783676,0.0
17154.0,5457.0,43.0,0.05487687513232231,0.0003,0.10874499380588531,0.0
17155.0,5458.0,43.0,0.05891120806336403,0.0003,0.09276388585567474,0.0
17156.0,5459.0,43.0,0.04617723450064659,0.0003,0.1394341140985489,0.0
17157.0,5460.0,43.0,0.062109045684337616,0.0003,0.13042812049388885,0.0
17158.0,5461.0,44.0,0.07130303978919983,0.0003,0.1433497667312622,0.0
17159.0,5462.0,44.0,0.0647699385881424,0.0003,0.15406818687915802,0.0
17160.0,5463.0,44.0,0.06646262109279633,0.0003,0.11541536450386047,0.0
17161.0,5464.0,44.0,0.05312654376029968,0.0003,0.18616601824760437,0.0
17162.0,5465.0,44.0,0.05300278216600418,0.0003,0.07625960558652878,0.0
17163.0,5466.0,44.0,0.055013131350278854,0.0003,0.17619098722934723,0.0
17164.0,5467.0,44.0,0.04434211552143097,0.0003,0.08711156994104385,0.0
17165.0,5468.0,44.0,0.06428228318691254,0.0003,0.08662981539964676,0.0
17166.0,5469.0,44.0,0.05237697437405586,0.0003,0.1302756816148758,0.0
17167.0,5470.0,44.0,0.06780322641134262,0.0003,0.06449912488460541,0.0
17168.0,5471.0,44.0,0.05750195309519768,0.0003,0.17785705626010895,0.0
17169.0,5472.0,44.0,0.06337298452854156,0.0003,0.05252796784043312,0.0
17170.0,5473.0,44.0,0.0555785670876503,0.0003,0.1753115952014923,0.0
17171.0,5474.0,44.0,0.04710462689399719,0.0003,0.061133917421102524,0.0
17172.0,5475.0,44.0,0.05537957698106766,0.0003,0.15807802975177765,0.0
17173.0,5476.0,44.0,0.05247461795806885,0.0003,0.09800746291875839,0.0
17174.0,5477.0,44.0,0.05265442654490471,0.0003,0.14644642174243927,0.0
17175.0,5478.0,44.0,0.04996388405561447,0.0003,0.12367700040340424,0.0
17176.0,5479.0,44.0,0.053012602031230927,0.0003,0.10516523569822311,0.0
17177.0,5480.0,44.0,0.06089400500059128,0.0003,0.16820724308490753,0.0
17178.0,5481.0,44.0,0.060276325792074203,0.0003,0.04836603254079819,0.0
17179.0,5482.0,44.0,0.059655629098415375,0.0003,0.19515898823738098,0.0
17180.0,5483.0,44.0,0.06769529730081558,0.0003,0.07151911407709122,0.0
17181.0,5484.0,44.0,0.05064313858747482,0.0003,0.11738505959510803,0.0
17182.0,5485.0,44.0,0.061864085495471954,0.0003,0.06320574134588242,0.0
17183.0,5486.0,44.0,0.06606868654489517,0.0003,0.08585340529680252,0.0
17184.0,5487.0,44.0,0.050803594291210175,0.0003,0.10700977593660355,0.0
17185.0,5488.0,44.0,0.06910128146409988,0.0003,0.11245555430650711,0.0
17186.0,5489.0,44.0,0.0578942708671093,0.0003,0.1332898586988449,0.0
17187.0,5490.0,44.0,0.05624799057841301,0.0003,0.06202420964837074,0.0
17188.0,5491.0,44.0,0.06548445671796799,0.0003,0.15110571682453156,0.0
17189.0,5492.0,44.0,0.06515513360500336,0.0003,0.09882432222366333,0.0
17190.0,5493.0,44.0,0.05254311487078667,0.0003,0.09978785365819931,0.0
17191.0,5494.0,44.0,0.0739816352725029,0.0003,0.12530453503131866,0.0
17192.0,5495.0,44.0,0.06302811950445175,0.0003,0.09437772631645203,0.0
17193.0,5496.0,44.0,0.06003950163722038,0.0003,0.1388406902551651,0.0
17194.0,5497.0,44.0,0.05044988542795181,0.0003,0.12745389342308044,0.0
17195.0,5498.0,44.0,0.050271179527044296,0.0003,0.1500789076089859,0.0
17196.0,5499.0,44.0,0.0489935502409935,0.0003,0.11280843615531921,0.0
17197.0,5500.0,44.0,0.054869282990694046,0.0003,0.07914765179157257,0.0
17198.0,5501.0,44.0,0.061238255351781845,0.0003,0.08567385375499725,0.0
17199.0,5502.0,44.0,0.0651714876294136,0.0003,0.06404174119234085,0.0
17200.0,5503.0,44.0,0.05048969388008118,0.0003,0.11959966272115707,0.0
17201.0,5504.0,44.0,0.05529629439115524,0.0003,0.0469869002699852,0.0
17202.0,5505.0,44.0,0.0469733327627182,0.0003,0.08761998265981674,0.0
17203.0,5506.0,44.0,0.05438263341784477,0.0003,0.04434391111135483,0.0
17204.0,5507.0,44.0,0.0564117357134819,0.0003,0.10050269961357117,0.0
17205.0,5508.0,44.0,0.05349797010421753,0.0003,0.1190902441740036,0.0
17206.0,5509.0,44.0,0.06784215569496155,0.0003,0.07370369136333466,0.0
17207.0,5510.0,44.0,0.05956200510263443,0.0003,0.18924279510974884,0.0
17208.0,5511.0,44.0,0.05744733288884163,0.0003,0.046083323657512665,0.0
17209.0,5512.0,44.0,0.051075417548418045,0.0003,0.132391095161438,0.0
17210.0,5513.0,44.0,0.05621811002492905,0.0003,0.08655927330255508,0.0
17211.0,5514.0,44.0,0.057195380330085754,0.0003,0.05707171559333801,0.0
17212.0,5515.0,44.0,0.05967529118061066,0.0003,0.14254219830036163,0.0
17213.0,5516.0,44.0,0.04640036076307297,0.0003,0.05228276923298836,0.0
17214.0,5517.0,44.0,0.04094783216714859,0.0003,0.10321418941020966,0.0
17215.0,5518.0,44.0,0.06650194525718689,0.0003,0.052523452788591385,0.0
17216.0,5519.0,44.0,0.06869897991418839,0.0003,0.13209350407123566,0.0
17217.0,5520.0,44.0,0.05385424941778183,0.0003,0.052568644285202026,0.0
17218.0,5521.0,44.0,0.06206381320953369,0.0003,0.09592688828706741,0.0
17219.0,5522.0,44.0,0.06273633986711502,0.0003,0.08535247296094894,0.0
17220.0,5523.0,44.0,0.049708716571331024,0.0003,0.08500861376523972,0.0
17221.0,5524.0,44.0,0.05204223841428757,0.0003,0.12552510201931,0.0
17222.0,5525.0,44.0,0.05115155130624771,0.0003,0.08883950859308243,0.0
17223.0,5526.0,44.0,0.05311068892478943,0.0003,0.1664920151233673,0.0
17224.0,5527.0,44.0,0.06357071548700333,0.0003,0.10222431272268295,0.0
17225.0,5528.0,44.0,0.05320088565349579,0.0003,0.13798072934150696,0.0
17226.0,5529.0,44.0,0.05085533484816551,0.0003,0.061197251081466675,0.0
17227.0,5530.0,44.0,0.05856655538082123,0.0003,0.12662957608699799,0.0
17228.0,5531.0,44.0,0.04849373176693916,0.0003,0.1072641983628273,0.0
17229.0,5532.0,44.0,0.047243908047676086,0.0003,0.10615439713001251,0.0
17230.0,5533.0,44.0,0.05421360582113266,0.0003,0.08913407474756241,0.0
17231.0,5534.0,44.0,0.05927509069442749,0.0003,0.08013414591550827,0.0
17232.0,5535.0,44.0,0.05717530474066734,0.0003,0.08472798019647598,0.0
17233.0,5536.0,44.0,0.05436990410089493,0.0003,0.0566551648080349,0.0
17234.0,5537.0,44.0,0.04650827497243881,0.0003,0.11127344518899918,0.0
17235.0,5538.0,44.0,0.0623595267534256,0.0003,0.05392288789153099,0.0
17236.0,5539.0,44.0,0.06731051951646805,0.0003,0.08936319500207901,0.0
17237.0,5540.0,44.0,0.05372575297951698,0.0003,0.13687482476234436,0.0
17238.0,5541.0,44.0,0.04969159886240959,0.0003,0.15547925233840942,0.0
17239.0,5542.0,44.0,0.056707195937633514,0.0003,0.1137377917766571,0.0
17240.0,5543.0,44.0,0.06003033369779587,0.0003,0.15860983729362488,0.0
17241.0,5544.0,44.0,0.05333058536052704,0.0003,0.09088558703660965,0.0
17242.0,5545.0,44.0,0.06686240434646606,0.0003,0.17091798782348633,0.0
17243.0,5546.0,44.0,0.05529032647609711,0.0003,0.11193275451660156,0.0
17244.0,5547.0,44.0,0.05397382378578186,0.0003,0.15999402105808258,0.0
17245.0,5548.0,44.0,0.06054380536079407,0.0003,0.10352206975221634,0.0
17246.0,5549.0,44.0,0.06352348625659943,0.0003,0.08804892748594284,0.0
17247.0,5550.0,44.0,0.05273253470659256,0.0003,0.11868563294410706,0.0
17248.0,5551.0,44.0,0.06512455642223358,0.0003,0.08116500824689865,0.0
17249.0,5552.0,44.0,0.04379799962043762,0.0003,0.12210889905691147,0.0
17250.0,5553.0,44.0,0.0515245646238327,0.0003,0.031629953533411026,0.0
17251.0,5554.0,44.0,0.04838523268699646,0.0003,0.09533453732728958,0.0
17252.0,5555.0,44.0,0.060666274279356,0.0003,0.06022721901535988,0.0
17253.0,5556.0,44.0,0.05264030769467354,0.0003,0.07132606953382492,0.0
17254.0,5557.0,44.0,0.05274466425180435,0.0003,0.08157245069742203,0.0
17255.0,5558.0,44.0,0.06317540258169174,0.0003,0.07912488281726837,0.0
17256.0,5559.0,44.0,0.059152889996767044,0.0003,0.07281532883644104,0.0
17257.0,5560.0,44.0,0.05727380886673927,0.0003,0.03863075003027916,0.0
17258.0,5561.0,44.0,0.0480116605758667,0.0003,0.09643946588039398,0.0
17259.0,5562.0,44.0,0.060606203973293304,0.0003,0.10809078812599182,0.0
17260.0,5563.0,44.0,0.061766646802425385,0.0003,0.07465949654579163,0.0
17261.0,5564.0,44.0,0.056389160454273224,0.0003,0.13830465078353882,0.0
17262.0,5565.0,44.0,0.06472340226173401,0.0003,0.06965293735265732,0.0
17263.0,5566.0,44.0,0.051039181649684906,0.0003,0.06687846779823303,0.0
17264.0,5567.0,44.0,0.06117866933345795,0.0003,0.05880780145525932,0.0
17265.0,5568.0,44.0,0.05121097341179848,0.0003,0.056251563131809235,0.0
17266.0,5569.0,44.0,0.06307625025510788,0.0003,0.04654836282134056,0.0
17267.0,5570.0,44.0,0.06348215043544769,0.0003,0.07479500770568848,0.0
17268.0,5571.0,44.0,0.04770992696285248,0.0003,0.1192677691578865,0.0
17269.0,5572.0,44.0,0.054370805621147156,0.0003,0.11859548836946487,0.0
17270.0,5573.0,44.0,0.05025506764650345,0.0003,0.149473637342453,0.0
17271.0,5574.0,44.0,0.07035422325134277,0.0003,0.15212158858776093,0.0
17272.0,5575.0,44.0,0.05570098012685776,0.0003,0.1634310483932495,0.0
17273.0,5576.0,44.0,0.048617422580718994,0.0003,0.09748996049165726,0.0
17274.0,5577.0,44.0,0.05104417726397514,0.0003,0.06577185541391373,0.0
17275.0,5578.0,44.0,0.060382455587387085,0.0003,0.16855663061141968,0.0
17276.0,5579.0,44.0,0.05011482909321785,0.0003,0.12074337899684906,0.0
17277.0,5580.0,44.0,0.053817376494407654,0.0003,0.15009397268295288,0.0
17278.0,5581.0,44.0,0.060552384704351425,0.0003,0.19329063594341278,0.0
17279.0,5582.0,44.0,0.06219170242547989,0.0003,0.12172576785087585,0.0
17280.0,5583.0,44.0,0.05379287898540497,0.0003,0.21351292729377747,0.0
17281.0,5584.0,44.0,0.04399134963750839,0.0003,0.10984578728675842,0.0
17282.0,5585.0,44.0,0.06432308256626129,0.0003,0.1426374763250351,0.0
17283.0,5586.0,44.0,0.052023693919181824,0.0003,0.1399632841348648,0.0
17284.0,5587.0,44.0,0.04985233023762703,0.0003,0.10286711156368256,0.0
17285.0,5588.0,44.0,0.058129820972681046,0.0003,0.13330736756324768,0.0
17286.0,5589.0,44.0,0.06901590526103973,0.0003,0.09764180332422256,0.0
17287.0,5590.0,44.0,0.06119649484753609,0.0003,0.132303386926651,0.0
17288.0,5591.0,44.0,0.07849203795194626,0.0003,0.10675708204507828,0.0
17289.0,5592.0,44.0,0.06643365323543549,0.0003,0.07680197060108185,0.0
17290.0,5593.0,44.0,0.07818654924631119,0.0003,0.08463072776794434,0.0
17291.0,5594.0,44.0,0.04786768928170204,0.0003,0.06489377468824387,0.0
17292.0,5595.0,44.0,0.06260737031698227,0.0003,0.10769164562225342,0.0
17293.0,5596.0,44.0,0.06373153626918793,0.0003,0.12698373198509216,0.0
17294.0,5597.0,44.0,0.05301301181316376,0.0003,0.11875297874212265,0.0
17295.0,5598.0,44.0,0.04832936450839043,0.0003,0.09143508225679398,0.0
17296.0,5599.0,44.0,0.058595068752765656,0.0003,0.06791117042303085,0.0
17297.0,5600.0,44.0,0.04677320271730423,0.0003,0.07869717478752136,0.0
17298.0,5601.0,44.0,0.061572447419166565,0.0003,0.07408597320318222,0.0
17299.0,5602.0,44.0,0.060907840728759766,0.0003,0.09928658604621887,0.0
17300.0,5603.0,44.0,0.06552277505397797,0.0003,0.06557963788509369,0.0
17301.0,5604.0,44.0,0.05967896804213524,0.0003,0.08697249740362167,0.0
17302.0,5605.0,44.0,0.04683356359601021,0.0003,0.08898887783288956,0.0
17303.0,5606.0,44.0,0.05261274427175522,0.0003,0.06811828911304474,0.0
17304.0,5607.0,44.0,0.057455018162727356,0.0003,0.06949377804994583,0.0
17305.0,5608.0,44.0,0.05928226560354233,0.0003,0.13012395799160004,0.0
17306.0,5609.0,44.0,0.05662851780653,0.0003,0.07234633713960648,0.0
17307.0,5610.0,44.0,0.056776706129312515,0.0003,0.14022088050842285,0.0
17308.0,5611.0,44.0,0.06389988958835602,0.0003,0.11975928395986557,0.0
17309.0,5612.0,44.0,0.05024329572916031,0.0003,0.11678934097290039,0.0
17310.0,5613.0,44.0,0.04798097163438797,0.0003,0.0999266505241394,0.0
17311.0,5614.0,44.0,0.0573064386844635,0.0003,0.10664378851652145,0.0
17312.0,5615.0,44.0,0.06106780469417572,0.0003,0.10084066540002823,0.0
17313.0,5616.0,44.0,0.05415523052215576,0.0003,0.12675200402736664,0.0
17314.0,5617.0,44.0,0.06166599318385124,0.0003,0.09088248014450073,0.0
17315.0,5618.0,44.0,0.0639110803604126,0.0003,0.09469173848628998,0.0
17316.0,5619.0,44.0,0.05387334153056145,0.0003,0.09957926720380783,0.0
17317.0,5620.0,44.0,0.06317813694477081,0.0003,0.08387775719165802,0.0
17318.0,5621.0,44.0,0.05196481943130493,0.0003,0.08746252954006195,0.0
17319.0,5622.0,44.0,0.05958828330039978,0.0003,0.11627969145774841,0.0
17320.0,5623.0,44.0,0.05402984842658043,0.0003,0.10068246722221375,0.0
17321.0,5624.0,44.0,0.06131497770547867,0.0003,0.07292358577251434,0.0
17322.0,5625.0,44.0,0.05371803790330887,0.0003,0.10533285140991211,0.0
17323.0,5626.0,44.0,0.05427561700344086,0.0003,0.08710670471191406,0.0
17324.0,5627.0,44.0,0.06200971081852913,0.0003,0.13200780749320984,0.0
17325.0,5628.0,44.0,0.05380416288971901,0.0003,0.08517663925886154,0.0
17326.0,5629.0,44.0,0.06063760817050934,0.0003,0.17338703572750092,0.0
17327.0,5630.0,44.0,0.04832509905099869,0.0003,0.11736055463552475,0.0
17328.0,5631.0,44.0,0.054972242563962936,0.0003,0.18120110034942627,0.0
17329.0,5632.0,44.0,0.048088327050209045,0.0003,0.08020120114088058,0.0
17330.0,5633.0,44.0,0.06171851232647896,0.0003,0.15394102036952972,0.0
17331.0,5634.0,44.0,0.0466105192899704,0.0003,0.09267328679561615,0.0
17332.0,5635.0,44.0,0.053869426250457764,0.0003,0.14645302295684814,0.0
17333.0,5636.0,44.0,0.04744309186935425,0.0003,0.12723509967327118,0.0
17334.0,5637.0,44.0,0.05835447460412979,0.0003,0.10890937596559525,0.0
17335.0,5638.0,44.0,0.059431612491607666,0.0003,0.09366661310195923,0.0
17336.0,5639.0,44.0,0.059061430394649506,0.0003,0.1393916755914688,0.0
17337.0,5640.0,44.0,0.043563973158597946,0.0003,0.08145344257354736,0.0
17338.0,5641.0,44.0,0.05135820433497429,0.0003,0.2062685787677765,0.0
17339.0,5642.0,44.0,0.056798093020915985,0.0003,0.11673274636268616,0.0
17340.0,5643.0,44.0,0.05393924564123154,0.0003,0.15781648457050323,0.0
17341.0,5644.0,44.0,0.05540820211172104,0.0003,0.11198781430721283,0.0
17342.0,5645.0,44.0,0.05251959711313248,0.0003,0.10811799019575119,0.0
17343.0,5646.0,44.0,0.05616151914000511,0.0003,0.18225336074829102,0.0
17344.0,5647.0,44.0,0.046739786863327026,0.0003,0.1041557714343071,0.0
17345.0,5648.0,44.0,0.05428231507539749,0.0003,0.1279381513595581,0.0
17346.0,5649.0,44.0,0.048642080277204514,0.0003,0.11933919787406921,0.0
17347.0,5650.0,44.0,0.039860084652900696,0.0003,0.12453699111938477,0.0
17348.0,5651.0,44.0,0.03967162221670151,0.0003,0.18858318030834198,0.0
17349.0,5652.0,44.0,0.049863677471876144,0.0003,0.11714663356542587,0.0
17350.0,5653.0,44.0,0.06423959881067276,0.0003,0.18531545996665955,0.0
17351.0,5654.0,44.0,0.04982319846749306,0.0003,0.06443589180707932,0.0
17352.0,5655.0,44.0,0.05854041129350662,0.0003,0.13240014016628265,0.0
17353.0,5656.0,44.0,0.06350644677877426,0.0003,0.09566792845726013,0.0
17354.0,5657.0,44.0,0.0606163926422596,0.0003,0.11168938875198364,0.0
17355.0,5658.0,44.0,0.059236593544483185,0.0003,0.13587866723537445,0.0
17356.0,5659.0,44.0,0.05723518505692482,0.0003,0.06462624669075012,0.0
17357.0,5660.0,44.0,0.06966767460107803,0.0003,0.1925468146800995,0.0
17358.0,5661.0,44.0,0.04152688756585121,0.0003,0.0701989084482193,0.0
17359.0,5662.0,44.0,0.06616272032260895,0.0003,0.15416362881660461,0.0
17360.0,5663.0,44.0,0.056067097932100296,0.0003,0.0443556010723114,0.0
17361.0,5664.0,44.0,0.0541597418487072,0.0003,0.11255684494972229,0.0
17362.0,5665.0,44.0,0.06210436671972275,0.0003,0.10251743346452713,0.0
17363.0,5666.0,44.0,0.05735216662287712,0.0003,0.16849125921726227,0.0
17364.0,5667.0,44.0,0.060814715921878815,0.0003,0.10381043702363968,0.0
17365.0,5668.0,44.0,0.053227499127388,0.0003,0.18941716849803925,0.0
17366.0,5669.0,44.0,0.06052565947175026,0.0003,0.09869241714477539,0.0
17367.0,5670.0,44.0,0.04842177778482437,0.0003,0.1622251719236374,0.0
17368.0,5671.0,44.0,0.06831162422895432,0.0003,0.09537669271230698,0.0
17369.0,5672.0,44.0,0.06677268445491791,0.0003,0.11865920573472977,0.0
17370.0,5673.0,44.0,0.055914897471666336,0.0003,0.1515495628118515,0.0
17371.0,5674.0,44.0,0.06387795507907867,0.0003,0.17485663294792175,0.0
17372.0,5675.0,44.0,0.05103349685668945,0.0003,0.1443522423505783,0.0
17373.0,5676.0,44.0,0.05237952992320061,0.0003,0.14494918286800385,0.0
17374.0,5677.0,44.0,0.06503760814666748,0.0003,0.1357765793800354,0.0
17375.0,5678.0,44.0,0.05565745383501053,0.0003,0.07101310789585114,0.0
17376.0,5679.0,44.0,0.06101367250084877,0.0003,0.19936081767082214,0.0
17377.0,5680.0,44.0,0.05622611939907074,0.0003,0.05646650865674019,0.0
17378.0,5681.0,44.0,0.06176774948835373,0.0003,0.14033564925193787,0.0
17379.0,5682.0,44.0,0.05058920383453369,0.0003,0.04464767500758171,0.0
17380.0,5683.0,44.0,0.051960669457912445,0.0003,0.13139629364013672,0.0
17381.0,5684.0,44.0,0.04945550113916397,0.0003,0.06481689214706421,0.0
17382.0,5685.0,44.0,0.05373915657401085,0.0003,0.21033303439617157,0.0
17383.0,5686.0,44.0,0.06408388912677765,0.0003,0.03951219096779823,0.0
17384.0,5687.0,44.0,0.06611352413892746,0.0003,0.14723454415798187,0.0
17385.0,5688.0,44.0,0.052855685353279114,0.0003,0.13161946833133698,0.0
17386.0,5689.0,44.0,0.05902481824159622,0.0003,0.1514313817024231,0.0
17387.0,5690.0,44.0,0.05464376509189606,0.0003,0.17197851836681366,0.0
17388.0,5691.0,44.0,0.06943793594837189,0.0003,0.07634945213794708,0.0
17389.0,5692.0,44.0,0.053537119179964066,0.0003,0.1905428171157837,0.0
17390.0,5693.0,44.0,0.05746562033891678,0.0003,0.09239423274993896,0.0
17391.0,5694.0,44.0,0.05495118349790573,0.0003,0.20862281322479248,0.0
17392.0,5695.0,44.0,0.051155515015125275,0.0003,0.1065901517868042,0.0
17393.0,5696.0,44.0,0.0590430349111557,0.0003,0.12969189882278442,0.0
17394.0,5697.0,44.0,0.05775868147611618,0.0003,0.21196143329143524,0.0
17395.0,5698.0,44.0,0.05473120138049126,0.0003,0.08167342096567154,0.0
17396.0,5699.0,44.0,0.058639466762542725,0.0003,0.26680225133895874,0.0
17397.0,5700.0,44.0,0.061384376138448715,0.0003,0.07708816975355148,0.0
17398.0,5701.0,44.0,0.06241142377257347,0.0003,0.21767447888851166,0.0
17399.0,5702.0,44.0,0.05204018950462341,0.0003,0.05081939697265625,0.0
17400.0,5703.0,44.0,0.059935614466667175,0.0003,0.07286082953214645,0.0
17401.0,5704.0,44.0,0.04166162386536598,0.0003,0.13140174746513367,0.0
17402.0,5705.0,44.0,0.05053228512406349,0.0003,0.03224259242415428,0.0
17403.0,5706.0,44.0,0.05017801374197006,0.0003,0.13882213830947876,0.0
17404.0,5707.0,44.0,0.06258509308099747,0.0003,0.0675952360033989,0.0
17405.0,5708.0,44.0,0.05890877544879913,0.0003,0.07658721506595612,0.0
17406.0,5709.0,44.0,0.06716426461935043,0.0003,0.12179841101169586,0.0
17407.0,5710.0,44.0,0.06067666411399841,0.0003,0.05880850553512573,0.0
17408.0,5711.0,44.0,0.05088936537504196,0.0003,0.16532520949840546,0.0
17409.0,5712.0,44.0,0.06226743757724762,0.0003,0.046317774802446365,0.0
17410.0,5713.0,44.0,0.053476154804229736,0.0003,0.18927018344402313,0.0
17411.0,5714.0,44.0,0.057925350964069366,0.0003,0.05001423507928848,0.0
17412.0,5715.0,44.0,0.05704300105571747,0.0003,0.11550210416316986,0.0
17413.0,5716.0,44.0,0.05499080568552017,0.0003,0.07460837811231613,0.0
17414.0,5717.0,44.0,0.05371520668268204,0.0003,0.1282695233821869,0.0
17415.0,5718.0,44.0,0.06368580460548401,0.0003,0.11269336193799973,0.0
17416.0,5719.0,44.0,0.043769869953393936,0.0003,0.1376105695962906,0.0
17417.0,5720.0,44.0,0.05129118636250496,0.0003,0.1046137660741806,0.0
17418.0,5721.0,44.0,0.052333541214466095,0.0003,0.1274995356798172,0.0
17419.0,5722.0,44.0,0.056448522955179214,0.0003,0.0934697687625885,0.0
17420.0,5723.0,44.0,0.06419885158538818,0.0003,0.1207423061132431,0.0
17421.0,5724.0,44.0,0.056563086807727814,0.0003,0.12996836006641388,0.0
17422.0,5725.0,44.0,0.06249435245990753,0.0003,0.0882142037153244,0.0
17423.0,5726.0,44.0,0.05972481146454811,0.0003,0.10915202647447586,0.0
17424.0,5727.0,44.0,0.052503570914268494,0.0003,0.093446746468544,0.0
17425.0,5728.0,44.0,0.055036090314388275,0.0003,0.17675179243087769,0.0
17426.0,5729.0,44.0,0.0642668753862381,0.0003,0.1016840860247612,0.0
17427.0,5730.0,44.0,0.06096593290567398,0.0003,0.12178248167037964,0.0
17428.0,5731.0,44.0,0.06468943506479263,0.0003,0.12956921756267548,0.0
17429.0,5732.0,44.0,0.05093356966972351,0.0003,0.10534924268722534,0.0
17430.0,5733.0,44.0,0.055389150977134705,0.0003,0.1520710289478302,0.0
17431.0,5734.0,44.0,0.061363786458969116,0.0003,0.10153092443943024,0.0
17432.0,5735.0,44.0,0.07071720063686371,0.0003,0.1978549063205719,0.0
17433.0,5736.0,44.0,0.05466163530945778,0.0003,0.04515957087278366,0.0
17434.0,5737.0,44.0,0.05529634654521942,0.0003,0.23477977514266968,0.0
17435.0,5738.0,44.0,0.06961057335138321,0.0003,0.09199735522270203,0.0
17436.0,5739.0,44.0,0.058467961847782135,0.0003,0.21929802000522614,0.0
17437.0,5740.0,44.0,0.06446653604507446,0.0003,0.1331537365913391,0.0
17438.0,5741.0,44.0,0.05954296141862869,0.0003,0.21734873950481415,0.0
17439.0,5742.0,44.0,0.05384819209575653,0.0003,0.13361960649490356,0.0
17440.0,5743.0,44.0,0.05239293351769447,0.0003,0.14264479279518127,0.0
17441.0,5744.0,44.0,0.057990916073322296,0.0003,0.15692269802093506,0.0
17442.0,5745.0,44.0,0.05776722729206085,0.0003,0.04360802099108696,0.0
17443.0,5746.0,44.0,0.06374427676200867,0.0003,0.14385803043842316,0.0
17444.0,5747.0,44.0,0.05199515074491501,0.0003,0.06407053768634796,0.0
17445.0,5748.0,44.0,0.05235655605792999,0.0003,0.1716739982366562,0.0
17446.0,5749.0,44.0,0.05360839515924454,0.0003,0.09552626311779022,0.0
17447.0,5750.0,44.0,0.06820521503686905,0.0003,0.12392304837703705,0.0
17448.0,5751.0,44.0,0.06137274578213692,0.0003,0.1974734216928482,0.0
17449.0,5752.0,44.0,0.043106067925691605,0.0003,0.13450667262077332,0.0
17450.0,5753.0,44.0,0.048805803060531616,0.0003,0.1677830070257187,0.0
17451.0,5754.0,44.0,0.04554370790719986,0.0003,0.11154061555862427,0.0
17452.0,5755.0,44.0,0.06284471601247787,0.0003,0.1902085691690445,0.0
17453.0,5756.0,44.0,0.06047540903091431,0.0003,0.13859841227531433,0.0
17454.0,5757.0,44.0,0.05554827302694321,0.0003,0.16726811230182648,0.0
17455.0,5758.0,44.0,0.06513651460409164,0.0003,0.09618715196847916,0.0
17456.0,5759.0,44.0,0.049170173704624176,0.0003,0.13074734807014465,0.0
17457.0,5760.0,44.0,0.05503759905695915,0.0003,0.09953515976667404,0.0
17458.0,5761.0,44.0,0.060323577374219894,0.0003,0.14920717477798462,0.0
17459.0,5762.0,44.0,0.05177681893110275,0.0003,0.08714152127504349,0.0
17460.0,5763.0,44.0,0.06090099737048149,0.0003,0.1641148030757904,0.0
17461.0,5764.0,44.0,0.04938146471977234,0.0003,0.10544083267450333,0.0
17462.0,5765.0,44.0,0.054353900253772736,0.0003,0.1446518898010254,0.0
17463.0,5766.0,44.0,0.05152837932109833,0.0003,0.1442919820547104,0.0
17464.0,5767.0,44.0,0.05387335270643234,0.0003,0.1544228345155716,0.0
17465.0,5768.0,44.0,0.056395694613456726,0.0003,0.17296628654003143,0.0
17466.0,5769.0,44.0,0.05699209123849869,0.0003,0.14725199341773987,0.0
17467.0,5770.0,44.0,0.05704973638057709,0.0003,0.13277822732925415,0.0
17468.0,5771.0,44.0,0.052145279943943024,0.0003,0.14926782250404358,0.0
17469.0,5772.0,44.0,0.044603295624256134,0.0003,0.19003842771053314,0.0
17470.0,5773.0,44.0,0.055301323533058167,0.0003,0.11869454383850098,0.0
17471.0,5774.0,44.0,0.05678398534655571,0.0003,0.1607370376586914,0.0
17472.0,5775.0,44.0,0.06039940565824509,0.0003,0.1625450998544693,0.0
17473.0,5776.0,44.0,0.05349916219711304,0.0003,0.11988993734121323,0.0
17474.0,5777.0,44.0,0.051639147102832794,0.0003,0.14675100147724152,0.0
17475.0,5778.0,44.0,0.05228499323129654,0.0003,0.05669493228197098,0.0
17476.0,5779.0,44.0,0.05278799682855606,0.0003,0.03514716774225235,0.0
17477.0,5780.0,44.0,0.050724245607852936,0.0003,0.14495836198329926,0.0
17478.0,5781.0,44.0,0.06139366328716278,0.0003,0.11395218968391418,0.0
17479.0,5782.0,44.0,0.060631752014160156,0.0003,0.13890516757965088,0.0
17480.0,5783.0,44.0,0.0584242045879364,0.0003,0.1029684767127037,0.0
17481.0,5784.0,44.0,0.06218782067298889,0.0003,0.1836274266242981,0.0
17482.0,5785.0,44.0,0.0657208114862442,0.0003,0.0917871966958046,0.0
17483.0,5786.0,44.0,0.05642847344279289,0.0003,0.133243590593338,0.0
17484.0,5787.0,44.0,0.055274754762649536,0.0003,0.10279817879199982,0.0
17485.0,5788.0,44.0,0.05082530155777931,0.0003,0.09840385615825653,0.0
17486.0,5789.0,44.0,0.06340167671442032,0.0003,0.19004854559898376,0.0
17487.0,5790.0,44.0,0.06159765645861626,0.0003,0.22471974790096283,0.0
17488.0,5791.0,44.0,0.052775315940380096,0.0003,0.27687931060791016,0.0
17489.0,5792.0,44.0,0.05676589906215668,0.0003,0.19875669479370117,0.0
17490.0,5793.0,44.0,0.05520591884851456,0.0003,0.1740129142999649,0.0
17491.0,5794.0,44.0,0.047255851328372955,0.0003,0.14301519095897675,0.0
17492.0,5795.0,44.0,0.04593784362077713,0.0003,0.16347961127758026,0.0
17493.0,5796.0,44.0,0.06268314272165298,0.0003,0.13411147892475128,0.0
17494.0,5797.0,44.0,0.05215611308813095,0.0003,0.13414724171161652,0.0
17495.0,5798.0,44.0,0.05988080054521561,0.0003,0.17413032054901123,0.0
17496.0,5799.0,44.0,0.04871625453233719,0.0003,0.10583612322807312,0.0
17497.0,5800.0,44.0,0.04704688489437103,0.0003,0.060443341732025146,0.0
17498.0,5801.0,44.0,0.045688971877098083,0.0003,0.16120849549770355,0.0
17499.0,5802.0,44.0,0.060883745551109314,0.0003,0.056297626346349716,0.0
17500.0,5803.0,44.0,0.05292082577943802,0.0003,0.14145302772521973,0.0
17501.0,5804.0,44.0,0.055100828409194946,0.0003,0.09401156008243561,0.0
17502.0,5805.0,44.0,0.043319251388311386,0.0003,0.16605137288570404,0.0
17503.0,5806.0,44.0,0.06043248623609543,0.0003,0.16646991670131683,0.0
17504.0,5807.0,44.0,0.05471544340252876,0.0003,0.10455506294965744,0.0
17505.0,5808.0,44.0,0.06042579561471939,0.0003,0.22897221148014069,0.0
17506.0,5809.0,44.0,0.05931917577981949,0.0003,0.09440359473228455,0.0
17507.0,5810.0,44.0,0.044533293694257736,0.0003,0.1615505814552307,0.0
17508.0,5811.0,44.0,0.053979597985744476,0.0003,0.16141749918460846,0.0
17509.0,5812.0,44.0,0.054731741547584534,0.0003,0.08710114657878876,0.0
17510.0,5813.0,44.0,0.05829979479312897,0.0003,0.19956836104393005,0.0
17511.0,5814.0,44.0,0.0514039471745491,0.0003,0.1191384419798851,0.0
17512.0,5815.0,44.0,0.05962570756673813,0.0003,0.12767364084720612,0.0
17513.0,5816.0,44.0,0.05990074574947357,0.0003,0.09949959814548492,0.0
17514.0,5817.0,44.0,0.05685717612504959,0.0003,0.08283846825361252,0.0
17515.0,5818.0,44.0,0.05731024965643883,0.0003,0.12961025536060333,0.0
17516.0,5819.0,44.0,0.0710766613483429,0.0003,0.06210040673613548,0.0
17517.0,5820.0,44.0,0.06022597849369049,0.0003,0.10522038489580154,0.0
17518.0,5821.0,44.0,0.04489830881357193,0.0003,0.11859460175037384,0.0
17519.0,5822.0,44.0,0.06077113747596741,0.0003,0.07779715955257416,0.0
17520.0,5823.0,44.0,0.05449586361646652,0.0003,0.12008156627416611,0.0
17521.0,5824.0,44.0,0.05267545208334923,0.0003,0.06044762581586838,0.0
17522.0,5825.0,44.0,0.05521491914987564,0.0003,0.1270800232887268,0.0
17523.0,5826.0,44.0,0.04990948364138603,0.0003,0.07109513133764267,0.0
17524.0,5827.0,44.0,0.056945834308862686,0.0003,0.09154962748289108,0.0
17525.0,5828.0,44.0,0.05879895016551018,0.0003,0.0868988111615181,0.0
17526.0,5829.0,44.0,0.04693062976002693,0.0003,0.08718179166316986,0.0
17527.0,5830.0,44.0,0.05127157270908356,0.0003,0.0834163948893547,0.0
17528.0,5831.0,44.0,0.06339074671268463,0.0003,0.09338344633579254,0.0
17529.0,5832.0,44.0,0.06088370829820633,0.0003,0.142550528049469,0.0
17530.0,5833.0,44.0,0.05900069326162338,0.0003,0.07587220519781113,0.0
17531.0,5834.0,44.0,0.05778917297720909,0.0003,0.0973806381225586,0.0
17532.0,5835.0,44.0,0.05760388821363449,0.0003,0.05441408231854439,0.0
17533.0,5836.0,44.0,0.05478900671005249,0.0003,0.13229584693908691,0.0
17534.0,5837.0,44.0,0.05765318125486374,0.0003,0.07449853420257568,0.0
17535.0,5838.0,44.0,0.04845646768808365,0.0003,0.1419193595647812,0.0
17536.0,5839.0,44.0,0.055941298604011536,0.0003,0.09939354658126831,0.0
17537.0,5840.0,44.0,0.06164904683828354,0.0003,0.047029558569192886,0.0
17538.0,5841.0,44.0,0.06072867661714554,0.0003,0.12751826643943787,0.0
17539.0,5842.0,44.0,0.05006628483533859,0.0003,0.03333191201090813,0.0
17540.0,5843.0,44.0,0.05418795719742775,0.0003,0.08747842162847519,0.0
17541.0,5844.0,44.0,0.06415029615163803,0.0003,0.03468165174126625,0.0
17542.0,5845.0,44.0,0.05233365297317505,0.0003,0.07440749555826187,0.0
17543.0,5846.0,44.0,0.0677533745765686,0.0003,0.07542992383241653,0.0
17544.0,5847.0,44.0,0.04733230546116829,0.0003,0.07165473699569702,0.0
17545.0,5848.0,44.0,0.051574643701314926,0.0003,0.054371245205402374,0.0
17546.0,5849.0,44.0,0.038789622485637665,0.0003,0.047273553907871246,0.0
17547.0,5850.0,44.0,0.058313559740781784,0.0003,0.05037146806716919,0.0
17548.0,5851.0,45.0,0.07549161463975906,0.0003,0.08486632257699966,0.0
17549.0,5852.0,45.0,0.06303849816322327,0.0003,0.05865955352783203,0.0
17550.0,5853.0,45.0,0.059497859328985214,0.0003,0.059424638748168945,0.0
17551.0,5854.0,45.0,0.05006172135472298,0.0003,0.04847674444317818,0.0
17552.0,5855.0,45.0,0.06654152274131775,0.0003,0.11993436515331268,0.0
17553.0,5856.0,45.0,0.052727557718753815,0.0003,0.049625691026449203,0.0
17554.0,5857.0,45.0,0.0557996965944767,0.0003,0.18278315663337708,0.0
17555.0,5858.0,45.0,0.06148238480091095,0.0003,0.10994517803192139,0.0
17556.0,5859.0,45.0,0.05482883006334305,0.0003,0.16430434584617615,0.0
17557.0,5860.0,45.0,0.05812281370162964,0.0003,0.16698166728019714,0.0
17558.0,5861.0,45.0,0.05695057660341263,0.0003,0.15286041796207428,0.0
17559.0,5862.0,45.0,0.06776512414216995,0.0003,0.16415566205978394,0.0
17560.0,5863.0,45.0,0.06739479303359985,0.0003,0.09172867983579636,0.0
17561.0,5864.0,45.0,0.04051090031862259,0.0003,0.1738378256559372,0.0
17562.0,5865.0,45.0,0.05180126801133156,0.0003,0.13015666604042053,0.0
17563.0,5866.0,45.0,0.060244616121053696,0.0003,0.09141643345355988,0.0
17564.0,5867.0,45.0,0.048851437866687775,0.0003,0.16375620663166046,0.0
17565.0,5868.0,45.0,0.062252361327409744,0.0003,0.08088649809360504,0.0
17566.0,5869.0,45.0,0.05721220001578331,0.0003,0.13305224478244781,0.0
17567.0,5870.0,45.0,0.05534568056464195,0.0003,0.10959464311599731,0.0
17568.0,5871.0,45.0,0.05319641903042793,0.0003,0.1424984484910965,0.0
17569.0,5872.0,45.0,0.0574197918176651,0.0003,0.10768383741378784,0.0
17570.0,5873.0,45.0,0.05066884309053421,0.0003,0.12509238719940186,0.0
17571.0,5874.0,45.0,0.06471668183803558,0.0003,0.14357039332389832,0.0
17572.0,5875.0,45.0,0.06500653922557831,0.0003,0.07866744697093964,0.0
17573.0,5876.0,45.0,0.07109836488962173,0.0003,0.15302304923534393,0.0
17574.0,5877.0,45.0,0.06147933006286621,0.0003,0.09724153578281403,0.0
17575.0,5878.0,45.0,0.04805218055844307,0.0003,0.1255316287279129,0.0
17576.0,5879.0,45.0,0.059521980583667755,0.0003,0.11786510795354843,0.0
17577.0,5880.0,45.0,0.06061959266662598,0.0003,0.08198586851358414,0.0
17578.0,5881.0,45.0,0.06824177503585815,0.0003,0.1732901930809021,0.0
17579.0,5882.0,45.0,0.056623950600624084,0.0003,0.08883067965507507,0.0
17580.0,5883.0,45.0,0.06494825333356857,0.0003,0.14148084819316864,0.0
17581.0,5884.0,45.0,0.0513530969619751,0.0003,0.10944929718971252,0.0
17582.0,5885.0,45.0,0.0794268548488617,0.0003,0.0883181169629097,0.0
17583.0,5886.0,45.0,0.06773591041564941,0.0003,0.20351862907409668,0.0
17584.0,5887.0,45.0,0.05128541961312294,0.0003,0.09158260375261307,0.0
17585.0,5888.0,45.0,0.05713894963264465,0.0003,0.19769352674484253,0.0
17586.0,5889.0,45.0,0.054710954427719116,0.0003,0.19409728050231934,0.0
17587.0,5890.0,45.0,0.05776181071996689,0.0003,0.20839570462703705,0.0
17588.0,5891.0,45.0,0.054148897528648376,0.0003,0.169142946600914,0.0
17589.0,5892.0,45.0,0.05273612588644028,0.0003,0.22385653853416443,0.0
17590.0,5893.0,45.0,0.04202490299940109,0.0003,0.11550424993038177,0.0
17591.0,5894.0,45.0,0.05242682993412018,0.0003,0.19900718331336975,0.0
17592.0,5895.0,45.0,0.058346282690763474,0.0003,0.1397848129272461,0.0
17593.0,5896.0,45.0,0.05956375226378441,0.0003,0.10351701825857162,0.0
17594.0,5897.0,45.0,0.05168576538562775,0.0003,0.1786004900932312,0.0
17595.0,5898.0,45.0,0.04942789301276207,0.0003,0.058493636548519135,0.0
17596.0,5899.0,45.0,0.06126389279961586,0.0003,0.17407457530498505,0.0
17597.0,5900.0,45.0,0.047435976564884186,0.0003,0.10407818108797073,0.0
17598.0,5901.0,45.0,0.059961605817079544,0.0003,0.11272311210632324,0.0
17599.0,5902.0,45.0,0.04712512344121933,0.0003,0.13993842899799347,0.0
17600.0,5903.0,45.0,0.0670548751950264,0.0003,0.07295775413513184,0.0
17601.0,5904.0,45.0,0.05719367414712906,0.0003,0.13579963147640228,0.0
17602.0,5905.0,45.0,0.06449279934167862,0.0003,0.03611791506409645,0.0
17603.0,5906.0,45.0,0.05542928725481033,0.0003,0.16449232399463654,0.0
17604.0,5907.0,45.0,0.0398702472448349,0.0003,0.06812486797571182,0.0
17605.0,5908.0,45.0,0.04997449368238449,0.0003,0.17281031608581543,0.0
17606.0,5909.0,45.0,0.049127642065286636,0.0003,0.07663089781999588,0.0
17607.0,5910.0,45.0,0.05503949150443077,0.0003,0.11730067431926727,0.0
17608.0,5911.0,45.0,0.05630107223987579,0.0003,0.07501193135976791,0.0
17609.0,5912.0,45.0,0.06055818870663643,0.0003,0.1340768188238144,0.0
17610.0,5913.0,45.0,0.05155092477798462,0.0003,0.09699519723653793,0.0
17611.0,5914.0,45.0,0.07630540430545807,0.0003,0.12511581182479858,0.0
17612.0,5915.0,45.0,0.05409799888730049,0.0003,0.09319284558296204,0.0
17613.0,5916.0,45.0,0.05836184322834015,0.0003,0.0650649294257164,0.0
17614.0,5917.0,45.0,0.05709214136004448,0.0003,0.06022303178906441,0.0
17615.0,5918.0,45.0,0.06174304708838463,0.0003,0.08577638864517212,0.0
17616.0,5919.0,45.0,0.06252840161323547,0.0003,0.09754452854394913,0.0
17617.0,5920.0,45.0,0.06772705167531967,0.0003,0.10051818937063217,0.0
17618.0,5921.0,45.0,0.06358757615089417,0.0003,0.11225569993257523,0.0
17619.0,5922.0,45.0,0.0646117553114891,0.0003,0.10706059634685516,0.0
17620.0,5923.0,45.0,0.055655188858509064,0.0003,0.10255985707044601,0.0
17621.0,5924.0,45.0,0.05618584156036377,0.0003,0.06799981743097305,0.0
17622.0,5925.0,45.0,0.06908832490444183,0.0003,0.0754239484667778,0.0
17623.0,5926.0,45.0,0.06988496333360672,0.0003,0.052123215049505234,0.0
17624.0,5927.0,45.0,0.07048951089382172,0.0003,0.03824915364384651,0.0
17625.0,5928.0,45.0,0.0627487376332283,0.0003,0.10517919063568115,0.0
17626.0,5929.0,45.0,0.062040556222200394,0.0003,0.035831283777952194,0.0
17627.0,5930.0,45.0,0.059555113315582275,0.0003,0.13673971593379974,0.0
17628.0,5931.0,45.0,0.05403854325413704,0.0003,0.0650659129023552,0.0
17629.0,5932.0,45.0,0.06210114806890488,0.0003,0.13331951200962067,0.0
17630.0,5933.0,45.0,0.0765577107667923,0.0003,0.06317426264286041,0.0
17631.0,5934.0,45.0,0.055933885276317596,0.0003,0.1552879959344864,0.0
17632.0,5935.0,45.0,0.05129227042198181,0.0003,0.07869772613048553,0.0
17633.0,5936.0,45.0,0.05923755094408989,0.0003,0.10148601233959198,0.0
17634.0,5937.0,45.0,0.05609261244535446,0.0003,0.0854627788066864,0.0
17635.0,5938.0,45.0,0.05270183086395264,0.0003,0.057299815118312836,0.0
17636.0,5939.0,45.0,0.057339515537023544,0.0003,0.11581077426671982,0.0
17637.0,5940.0,45.0,0.04363206401467323,0.0003,0.05601996183395386,0.0
17638.0,5941.0,45.0,0.04690200090408325,0.0003,0.12773731350898743,0.0
17639.0,5942.0,45.0,0.04889971762895584,0.0003,0.057812631130218506,0.0
17640.0,5943.0,45.0,0.04179102182388306,0.0003,0.1475643664598465,0.0
17641.0,5944.0,45.0,0.06202475726604462,0.0003,0.05143989995121956,0.0
17642.0,5945.0,45.0,0.048572808504104614,0.0003,0.1988711804151535,0.0
17643.0,5946.0,45.0,0.05367576703429222,0.0003,0.05052446201443672,0.0
17644.0,5947.0,45.0,0.043655700981616974,0.0003,0.1335696130990982,0.0
17645.0,5948.0,45.0,0.05030398443341255,0.0003,0.09676279872655869,0.0
17646.0,5949.0,45.0,0.0598142072558403,0.0003,0.11016076803207397,0.0
17647.0,5950.0,45.0,0.051262687891721725,0.0003,0.08933759480714798,0.0
17648.0,5951.0,45.0,0.05233704298734665,0.0003,0.04198203608393669,0.0
17649.0,5952.0,45.0,0.059075891971588135,0.0003,0.12123014777898788,0.0
17650.0,5953.0,45.0,0.04808869957923889,0.0003,0.05779232084751129,0.0
17651.0,5954.0,45.0,0.04983249306678772,0.0003,0.09215674549341202,0.0
17652.0,5955.0,45.0,0.05875559523701668,0.0003,0.10281207412481308,0.0
17653.0,5956.0,45.0,0.05499773100018501,0.0003,0.09112606942653656,0.0
17654.0,5957.0,45.0,0.05543950945138931,0.0003,0.14911065995693207,0.0
17655.0,5958.0,45.0,0.061047058552503586,0.0003,0.11640465259552002,0.0
17656.0,5959.0,45.0,0.04550208896398544,0.0003,0.14835406839847565,0.0
17657.0,5960.0,45.0,0.06102752313017845,0.0003,0.12468516081571579,0.0
17658.0,5961.0,45.0,0.06292261183261871,0.0003,0.13177825510501862,0.0
17659.0,5962.0,45.0,0.0482594296336174,0.0003,0.05249667912721634,0.0
17660.0,5963.0,45.0,0.05840659886598587,0.0003,0.17086341977119446,0.0
17661.0,5964.0,45.0,0.05610080063343048,0.0003,0.08033155649900436,0.0
17662.0,5965.0,45.0,0.06618283689022064,0.0003,0.10589585453271866,0.0
17663.0,5966.0,45.0,0.056694336235523224,0.0003,0.06976872682571411,0.0
17664.0,5967.0,45.0,0.0637495145201683,0.0003,0.09994199126958847,0.0
17665.0,5968.0,45.0,0.06625667214393616,0.0003,0.06535618752241135,0.0
17666.0,5969.0,45.0,0.04412626475095749,0.0003,0.04770668223500252,0.0
17667.0,5970.0,45.0,0.061466388404369354,0.0003,0.08104751259088516,0.0
17668.0,5971.0,45.0,0.06192314252257347,0.0003,0.06374911963939667,0.0
17669.0,5972.0,45.0,0.053623758256435394,0.0003,0.07447101175785065,0.0
17670.0,5973.0,45.0,0.050774671137332916,0.0003,0.06287163496017456,0.0
17671.0,5974.0,45.0,0.044709596782922745,0.0003,0.05891761928796768,0.0
17672.0,5975.0,45.0,0.057927895337343216,0.0003,0.06140183284878731,0.0
17673.0,5976.0,45.0,0.055983152240514755,0.0003,0.14697320759296417,0.0
17674.0,5977.0,45.0,0.05770345777273178,0.0003,0.06402498483657837,0.0
17675.0,5978.0,45.0,0.05337241291999817,0.0003,0.12481092661619186,0.0
17676.0,5979.0,45.0,0.048449501395225525,0.0003,0.1195700466632843,0.0
17677.0,5980.0,45.0,0.0700792521238327,0.0003,0.11995437741279602,0.0
17678.0,5981.0,45.0,0.043808549642562866,0.0003,0.1740216165781021,0.0
17679.0,5982.0,45.0,0.056055791676044464,0.0003,0.1129765659570694,0.0
17680.0,5983.0,45.0,0.05157403647899628,0.0003,0.14282149076461792,0.0
17681.0,5984.0,45.0,0.05406346917152405,0.0003,0.0980374664068222,0.0
17682.0,5985.0,45.0,0.04802647605538368,0.0003,0.13244208693504333,0.0
17683.0,5986.0,45.0,0.05452815070748329,0.0003,0.0849882960319519,0.0
17684.0,5987.0,45.0,0.05720219388604164,0.0003,0.1587996482849121,0.0
17685.0,5988.0,45.0,0.05716860294342041,0.0003,0.09374799579381943,0.0
17686.0,5989.0,45.0,0.04099603742361069,0.0003,0.15894350409507751,0.0
17687.0,5990.0,45.0,0.050211481750011444,0.0003,0.11939387023448944,0.0
17688.0,5991.0,45.0,0.04473326355218887,0.0003,0.09801773726940155,0.0
17689.0,5992.0,45.0,0.05563310161232948,0.0003,0.1507474035024643,0.0
17690.0,5993.0,45.0,0.06270318478345871,0.0003,0.08442908525466919,0.0
17691.0,5994.0,45.0,0.05444803833961487,0.0003,0.09414349496364594,0.0
17692.0,5995.0,45.0,0.04870200157165527,0.0003,0.15341871976852417,0.0
17693.0,5996.0,45.0,0.055267054587602615,0.0003,0.08392400294542313,0.0
17694.0,5997.0,45.0,0.05444725230336189,0.0003,0.11459597945213318,0.0
17695.0,5998.0,45.0,0.05114217847585678,0.0003,0.0787254273891449,0.0
17696.0,5999.0,45.0,0.05719279870390892,0.0003,0.0841653123497963,0.0
17697.0,6000.0,45.0,0.061384376138448715,0.0003,0.0881129801273346,0.0
17698.0,6001.0,45.0,0.05469103902578354,0.0003,0.04604663699865341,0.0
17699.0,6002.0,45.0,0.044050849974155426,0.0003,0.15735989809036255,0.0
17700.0,6003.0,45.0,0.055471062660217285,0.0003,0.0634385421872139,0.0
17701.0,6004.0,45.0,0.06369689106941223,0.0003,0.09310992807149887,0.0
17702.0,6005.0,45.0,0.04214955493807793,0.0003,0.09470507502555847,0.0
17703.0,6006.0,45.0,0.04927196353673935,0.0003,0.06811654567718506,0.0
17704.0,6007.0,45.0,0.06621157377958298,0.0003,0.16590963304042816,0.0
17705.0,6008.0,45.0,0.04985377937555313,0.0003,0.036564797163009644,0.0
17706.0,6009.0,45.0,0.06094767525792122,0.0003,0.20022226870059967,0.0
17707.0,6010.0,45.0,0.0483013316988945,0.0003,0.056462109088897705,0.0
17708.0,6011.0,45.0,0.04207097738981247,0.0003,0.1705656200647354,0.0
17709.0,6012.0,45.0,0.05313517525792122,0.0003,0.15285654366016388,0.0
17710.0,6013.0,45.0,0.05981818214058876,0.0003,0.15087151527404785,0.0
17711.0,6014.0,45.0,0.06463663280010223,0.0003,0.2497580200433731,0.0
17712.0,6015.0,45.0,0.06484511494636536,0.0003,0.1054106280207634,0.0
17713.0,6016.0,45.0,0.05977698415517807,0.0003,0.19823375344276428,0.0
17714.0,6017.0,45.0,0.05226590111851692,0.0003,0.08477947115898132,0.0
17715.0,6018.0,45.0,0.07350935786962509,0.0003,0.10347932577133179,0.0
17716.0,6019.0,45.0,0.04610256850719452,0.0003,0.1822815090417862,0.0
17717.0,6020.0,45.0,0.054521575570106506,0.0003,0.1364556849002838,0.0
17718.0,6021.0,45.0,0.04969383031129837,0.0003,0.18861855566501617,0.0
17719.0,6022.0,45.0,0.0543484091758728,0.0003,0.08865510672330856,0.0
17720.0,6023.0,45.0,0.06757865101099014,0.0003,0.10779482871294022,0.0
17721.0,6024.0,45.0,0.07285735756158829,0.0003,0.07947929948568344,0.0
17722.0,6025.0,45.0,0.046013977378606796,0.0003,0.14332368969917297,0.0
17723.0,6026.0,45.0,0.06158662214875221,0.0003,0.12736345827579498,0.0
17724.0,6027.0,45.0,0.0679888129234314,0.0003,0.06305080652236938,0.0
17725.0,6028.0,45.0,0.06839757412672043,0.0003,0.1513759046792984,0.0
17726.0,6029.0,45.0,0.053262948989868164,0.0003,0.08941900730133057,0.0
17727.0,6030.0,45.0,0.059833139181137085,0.0003,0.1946369856595993,0.0
17728.0,6031.0,45.0,0.05778362601995468,0.0003,0.06642454117536545,0.0
17729.0,6032.0,45.0,0.06545301526784897,0.0003,0.13060812652111053,0.0
17730.0,6033.0,45.0,0.04717918485403061,0.0003,0.1182410717010498,0.0
17731.0,6034.0,45.0,0.05001472681760788,0.0003,0.09100360423326492,0.0
17732.0,6035.0,45.0,0.05237990617752075,0.0003,0.11199728399515152,0.0
17733.0,6036.0,45.0,0.05404467135667801,0.0003,0.10070585459470749,0.0
17734.0,6037.0,45.0,0.05264594778418541,0.0003,0.04312008246779442,0.0
17735.0,6038.0,45.0,0.057202935218811035,0.0003,0.09261057525873184,0.0
17736.0,6039.0,45.0,0.06171603128314018,0.0003,0.056873079389333725,0.0
17737.0,6040.0,45.0,0.0594278983771801,0.0003,0.07309398800134659,0.0
17738.0,6041.0,45.0,0.05790043622255325,0.0003,0.09928752481937408,0.0
17739.0,6042.0,45.0,0.06437934190034866,0.0003,0.0722738653421402,0.0
17740.0,6043.0,45.0,0.046581946313381195,0.0003,0.0692434087395668,0.0
17741.0,6044.0,45.0,0.0456637442111969,0.0003,0.08687132596969604,0.0
17742.0,6045.0,45.0,0.0662853866815567,0.0003,0.051805250346660614,0.0
17743.0,6046.0,45.0,0.05956397205591202,0.0003,0.09520461410284042,0.0
17744.0,6047.0,45.0,0.05440031364560127,0.0003,0.06648105382919312,0.0
17745.0,6048.0,45.0,0.05648425593972206,0.0003,0.07225184142589569,0.0
17746.0,6049.0,45.0,0.05922262370586395,0.0003,0.06532946228981018,0.0
17747.0,6050.0,45.0,0.05599994957447052,0.0003,0.08648515492677689,0.0
17748.0,6051.0,45.0,0.06352647393941879,0.0003,0.07839485257863998,0.0
17749.0,6052.0,45.0,0.060084663331508636,0.0003,0.12066780030727386,0.0
17750.0,6053.0,45.0,0.06556329131126404,0.0003,0.0720602348446846,0.0
17751.0,6054.0,45.0,0.07433981448411942,0.0003,0.10546091943979263,0.0
17752.0,6055.0,45.0,0.055232517421245575,0.0003,0.04066961258649826,0.0
17753.0,6056.0,45.0,0.06318201124668121,0.0003,0.07331571727991104,0.0
17754.0,6057.0,45.0,0.05900382995605469,0.0003,0.04818887263536453,0.0
17755.0,6058.0,45.0,0.05524887889623642,0.0003,0.07379429042339325,0.0
17756.0,6059.0,45.0,0.056510526686906815,0.0003,0.12807907164096832,0.0
17757.0,6060.0,45.0,0.0515163354575634,0.0003,0.05359837785363197,0.0
17758.0,6061.0,45.0,0.061788178980350494,0.0003,0.13332101702690125,0.0
17759.0,6062.0,45.0,0.06189658120274544,0.0003,0.10451849550008774,0.0
17760.0,6063.0,45.0,0.0586276650428772,0.0003,0.08418712019920349,0.0
17761.0,6064.0,45.0,0.06803464144468307,0.0003,0.08346543461084366,0.0
17762.0,6065.0,45.0,0.045901671051979065,0.0003,0.10583488643169403,0.0
17763.0,6066.0,45.0,0.04849358648061752,0.0003,0.0504181906580925,0.0
17764.0,6067.0,45.0,0.040309689939022064,0.0003,0.1429186314344406,0.0
17765.0,6068.0,45.0,0.04307418316602707,0.0003,0.16635048389434814,0.0
17766.0,6069.0,45.0,0.06239325925707817,0.0003,0.07679039984941483,0.0
17767.0,6070.0,45.0,0.060584552586078644,0.0003,0.1553981900215149,0.0
17768.0,6071.0,45.0,0.057279087603092194,0.0003,0.0617922767996788,0.0
17769.0,6072.0,45.0,0.04735603183507919,0.0003,0.15115505456924438,0.0
17770.0,6073.0,45.0,0.050479955971241,0.0003,0.11221420764923096,0.0
17771.0,6074.0,45.0,0.06270906329154968,0.0003,0.1548025757074356,0.0
17772.0,6075.0,45.0,0.05892534926533699,0.0003,0.0938556045293808,0.0
17773.0,6076.0,45.0,0.05219433829188347,0.0003,0.12568412721157074,0.0
17774.0,6077.0,45.0,0.06420757621526718,0.0003,0.06655211001634598,0.0
17775.0,6078.0,45.0,0.05765211209654808,0.0003,0.07431136816740036,0.0
17776.0,6079.0,45.0,0.06546530872583389,0.0003,0.11163970082998276,0.0
17777.0,6080.0,45.0,0.0471699982881546,0.0003,0.0374617837369442,0.0
17778.0,6081.0,45.0,0.048291005194187164,0.0003,0.058870505541563034,0.0
17779.0,6082.0,45.0,0.04788856953382492,0.0003,0.10226094722747803,0.0
17780.0,6083.0,45.0,0.06815406680107117,0.0003,0.06434556841850281,0.0
17781.0,6084.0,45.0,0.05589912459254265,0.0003,0.08617500215768814,0.0
17782.0,6085.0,45.0,0.08106260001659393,0.0003,0.10167983919382095,0.0
17783.0,6086.0,45.0,0.05369410663843155,0.0003,0.07287830859422684,0.0
17784.0,6087.0,45.0,0.06593198329210281,0.0003,0.05617757886648178,0.0
17785.0,6088.0,45.0,0.04612330347299576,0.0003,0.11410949379205704,0.0
17786.0,6089.0,45.0,0.06174050271511078,0.0003,0.02977631241083145,0.0
17787.0,6090.0,45.0,0.057892780750989914,0.0003,0.12817317247390747,0.0
17788.0,6091.0,45.0,0.0641583576798439,0.0003,0.053560201078653336,0.0
17789.0,6092.0,45.0,0.058306701481342316,0.0003,0.10881705582141876,0.0
17790.0,6093.0,45.0,0.048897385597229004,0.0003,0.03182718902826309,0.0
17791.0,6094.0,45.0,0.06808093935251236,0.0003,0.04604791849851608,0.0
17792.0,6095.0,45.0,0.058605317026376724,0.0003,0.1338585466146469,0.0
17793.0,6096.0,45.0,0.05268295109272003,0.0003,0.07271313667297363,0.0
17794.0,6097.0,45.0,0.06152501702308655,0.0003,0.1661878079175949,0.0
17795.0,6098.0,45.0,0.06830330193042755,0.0003,0.08419882506132126,0.0
17796.0,6099.0,45.0,0.0688251256942749,0.0003,0.18515413999557495,0.0
17797.0,6100.0,45.0,0.07090671360492706,0.0003,0.0754103809595108,0.0
17798.0,6101.0,45.0,0.052296750247478485,0.0003,0.17704221606254578,0.0
17799.0,6102.0,45.0,0.04635735601186752,0.0003,0.05750007927417755,0.0
17800.0,6103.0,45.0,0.06504810601472855,0.0003,0.137014240026474,0.0
17801.0,6104.0,45.0,0.05697546899318695,0.0003,0.12619072198867798,0.0
17802.0,6105.0,45.0,0.057975832372903824,0.0003,0.15944725275039673,0.0
17803.0,6106.0,45.0,0.04915914684534073,0.0003,0.09250973165035248,0.0
17804.0,6107.0,45.0,0.054784052073955536,0.0003,0.09332597255706787,0.0
17805.0,6108.0,45.0,0.05427424609661102,0.0003,0.10325247049331665,0.0
17806.0,6109.0,45.0,0.06833541393280029,0.0003,0.10709472000598907,0.0
17807.0,6110.0,45.0,0.05288689211010933,0.0003,0.09158618748188019,0.0
17808.0,6111.0,45.0,0.05478638410568237,0.0003,0.11756341904401779,0.0
17809.0,6112.0,45.0,0.062194038182497025,0.0003,0.08182237297296524,0.0
17810.0,6113.0,45.0,0.06821586936712265,0.0003,0.04855530336499214,0.0
17811.0,6114.0,45.0,0.048110537230968475,0.0003,0.1642577201128006,0.0
17812.0,6115.0,45.0,0.04823414236307144,0.0003,0.04828246310353279,0.0
17813.0,6116.0,45.0,0.04521207883954048,0.0003,0.08360627293586731,0.0
17814.0,6117.0,45.0,0.052641481161117554,0.0003,0.09723752737045288,0.0
17815.0,6118.0,45.0,0.041813645511865616,0.0003,0.11371083557605743,0.0
17816.0,6119.0,45.0,0.07365927845239639,0.0003,0.11798941344022751,0.0
17817.0,6120.0,45.0,0.05878548324108124,0.0003,0.06688263267278671,0.0
17818.0,6121.0,45.0,0.052488431334495544,0.0003,0.08471022546291351,0.0
17819.0,6122.0,45.0,0.0588894747197628,0.0003,0.11885464191436768,0.0
17820.0,6123.0,45.0,0.05299815535545349,0.0003,0.11913120001554489,0.0
17821.0,6124.0,45.0,0.05462811142206192,0.0003,0.1631852686405182,0.0
17822.0,6125.0,45.0,0.06312032043933868,0.0003,0.1523992270231247,0.0
17823.0,6126.0,45.0,0.05404243990778923,0.0003,0.09412357956171036,0.0
17824.0,6127.0,45.0,0.046751439571380615,0.0003,0.16722029447555542,0.0
17825.0,6128.0,45.0,0.05660068616271019,0.0003,0.05815865471959114,0.0
17826.0,6129.0,45.0,0.06214984506368637,0.0003,0.14265486598014832,0.0
17827.0,6130.0,45.0,0.05677030235528946,0.0003,0.0792466253042221,0.0
17828.0,6131.0,45.0,0.07393351197242737,0.0003,0.1241760402917862,0.0
17829.0,6132.0,45.0,0.05765637010335922,0.0003,0.09008117765188217,0.0
17830.0,6133.0,45.0,0.050021640956401825,0.0003,0.17531579732894897,0.0
17831.0,6134.0,45.0,0.07314887642860413,0.0003,0.12358951568603516,0.0
17832.0,6135.0,45.0,0.06278764456510544,0.0003,0.1292400062084198,0.0
17833.0,6136.0,45.0,0.05370047315955162,0.0003,0.18375855684280396,0.0
17834.0,6137.0,45.0,0.05089416354894638,0.0003,0.09179619699716568,0.0
17835.0,6138.0,45.0,0.06168193370103836,0.0003,0.17984162271022797,0.0
17836.0,6139.0,45.0,0.045014023780822754,0.0003,0.07407546788454056,0.0
17837.0,6140.0,45.0,0.0652252733707428,0.0003,0.17703139781951904,0.0
17838.0,6141.0,45.0,0.0665709376335144,0.0003,0.12472137808799744,0.0
17839.0,6142.0,45.0,0.05664216727018356,0.0003,0.22153930366039276,0.0
17840.0,6143.0,45.0,0.04476705566048622,0.0003,0.048042237758636475,0.0
17841.0,6144.0,45.0,0.050518959760665894,0.0003,0.07089061290025711,0.0
17842.0,6145.0,45.0,0.05486225336790085,0.0003,0.17280536890029907,0.0
17843.0,6146.0,45.0,0.05088067799806595,0.0003,0.1076379120349884,0.0
17844.0,6147.0,45.0,0.04758571833372116,0.0003,0.1355264037847519,0.0
17845.0,6148.0,45.0,0.051072314381599426,0.0003,0.054540906101465225,0.0
17846.0,6149.0,45.0,0.0577554777264595,0.0003,0.12331069260835648,0.0
17847.0,6150.0,45.0,0.06544198840856552,0.0003,0.08141247928142548,0.0
17848.0,6151.0,45.0,0.05608852952718735,0.0003,0.12064366787672043,0.0
17849.0,6152.0,45.0,0.0538647323846817,0.0003,0.09599339216947556,0.0
17850.0,6153.0,45.0,0.05422922968864441,0.0003,0.0836721658706665,0.0
17851.0,6154.0,45.0,0.055590562522411346,0.0003,0.07843110710382462,0.0
17852.0,6155.0,45.0,0.06257025897502899,0.0003,0.11070718616247177,0.0
17853.0,6156.0,45.0,0.06434749811887741,0.0003,0.07138684391975403,0.0
17854.0,6157.0,45.0,0.06318097561597824,0.0003,0.10707610845565796,0.0
17855.0,6158.0,45.0,0.06390941143035889,0.0003,0.1206119954586029,0.0
17856.0,6159.0,45.0,0.05416892096400261,0.0003,0.0384250171482563,0.0
17857.0,6160.0,45.0,0.048533517867326736,0.0003,0.12593980133533478,0.0
17858.0,6161.0,45.0,0.04795173555612564,0.0003,0.07295116037130356,0.0
17859.0,6162.0,45.0,0.06305217742919922,0.0003,0.13491302728652954,0.0
17860.0,6163.0,45.0,0.04975937679409981,0.0003,0.09115122258663177,0.0
17861.0,6164.0,45.0,0.05574669688940048,0.0003,0.15785187482833862,0.0
17862.0,6165.0,45.0,0.05626288801431656,0.0003,0.12711311876773834,0.0
17863.0,6166.0,45.0,0.037948161363601685,0.0003,0.06517616659402847,0.0
17864.0,6167.0,45.0,0.06588967144489288,0.0003,0.1898840367794037,0.0
17865.0,6168.0,45.0,0.0664520338177681,0.0003,0.07108257710933685,0.0
17866.0,6169.0,45.0,0.057059306651353836,0.0003,0.14597554504871368,0.0
17867.0,6170.0,45.0,0.059035807847976685,0.0003,0.15297149121761322,0.0
17868.0,6171.0,45.0,0.05770209804177284,0.0003,0.14793534576892853,0.0
17869.0,6172.0,45.0,0.068523108959198,0.0003,0.10945206135511398,0.0
17870.0,6173.0,45.0,0.056683264672756195,0.0003,0.08109639585018158,0.0
17871.0,6174.0,45.0,0.05178523808717728,0.0003,0.10367099195718765,0.0
17872.0,6175.0,45.0,0.06589090824127197,0.0003,0.11522378772497177,0.0
17873.0,6176.0,45.0,0.0625879317522049,0.0003,0.19789955019950867,0.0
17874.0,6177.0,45.0,0.0518626868724823,0.0003,0.06382154673337936,0.0
17875.0,6178.0,45.0,0.045340925455093384,0.0003,0.17217499017715454,0.0
17876.0,6179.0,45.0,0.0650925412774086,0.0003,0.06837489455938339,0.0
17877.0,6180.0,45.0,0.06232869252562523,0.0003,0.148851215839386,0.0
17878.0,6181.0,45.0,0.049393460154533386,0.0003,0.1389652043581009,0.0
17879.0,6182.0,45.0,0.061863213777542114,0.0003,0.13337954878807068,0.0
17880.0,6183.0,45.0,0.054791368544101715,0.0003,0.1825479120016098,0.0
17881.0,6184.0,45.0,0.058853358030319214,0.0003,0.1823945790529251,0.0
17882.0,6185.0,45.0,0.056976981461048126,0.0003,0.2153371274471283,0.0
17883.0,6186.0,45.0,0.06146445870399475,0.0003,0.14086133241653442,0.0
17884.0,6187.0,45.0,0.05984630435705185,0.0003,0.20613324642181396,0.0
17885.0,6188.0,45.0,0.053874459117650986,0.0003,0.1298580765724182,0.0
17886.0,6189.0,45.0,0.05308270826935768,0.0003,0.17601025104522705,0.0
17887.0,6190.0,45.0,0.05988634377717972,0.0003,0.14656955003738403,0.0
17888.0,6191.0,45.0,0.052473682910203934,0.0003,0.1454976350069046,0.0
17889.0,6192.0,45.0,0.054055117070674896,0.0003,0.1435735523700714,0.0
17890.0,6193.0,45.0,0.060472309589385986,0.0003,0.08577071875333786,0.0
17891.0,6194.0,45.0,0.06025569885969162,0.0003,0.13427641987800598,0.0
17892.0,6195.0,45.0,0.05305039882659912,0.0003,0.08274336159229279,0.0
17893.0,6196.0,45.0,0.051758259534835815,0.0003,0.1051502525806427,0.0
17894.0,6197.0,45.0,0.05029602348804474,0.0003,0.10471707582473755,0.0
17895.0,6198.0,45.0,0.061910487711429596,0.0003,0.038274943828582764,0.0
17896.0,6199.0,45.0,0.05256601423025131,0.0003,0.07434944063425064,0.0
17897.0,6200.0,45.0,0.05642606317996979,0.0003,0.13754014670848846,0.0
17898.0,6201.0,45.0,0.05576362460851669,0.0003,0.12037307024002075,0.0
17899.0,6202.0,45.0,0.05457962676882744,0.0003,0.13403496146202087,0.0
17900.0,6203.0,45.0,0.06118781864643097,0.0003,0.06008802354335785,0.0
17901.0,6204.0,45.0,0.06443765759468079,0.0003,0.13287155330181122,0.0
17902.0,6205.0,45.0,0.058354638516902924,0.0003,0.03326224535703659,0.0
17903.0,6206.0,45.0,0.06408227980136871,0.0003,0.16896511614322662,0.0
17904.0,6207.0,45.0,0.04892570525407791,0.0003,0.12191962450742722,0.0
17905.0,6208.0,45.0,0.05298268795013428,0.0003,0.17561471462249756,0.0
17906.0,6209.0,45.0,0.047151874750852585,0.0003,0.11040902882814407,0.0
17907.0,6210.0,45.0,0.059699125587940216,0.0003,0.15278005599975586,0.0
17908.0,6211.0,45.0,0.04354143887758255,0.0003,0.11229585111141205,0.0
17909.0,6212.0,45.0,0.05032464116811752,0.0003,0.10329506546258926,0.0
17910.0,6213.0,45.0,0.05407629907131195,0.0003,0.09527915716171265,0.0
17911.0,6214.0,45.0,0.05547308549284935,0.0003,0.10790033638477325,0.0
17912.0,6215.0,45.0,0.0558590441942215,0.0003,0.10426144301891327,0.0
17913.0,6216.0,45.0,0.04327976703643799,0.0003,0.10607284307479858,0.0
17914.0,6217.0,45.0,0.06835619360208511,0.0003,0.14056707918643951,0.0
17915.0,6218.0,45.0,0.04860749840736389,0.0003,0.09951020777225494,0.0
17916.0,6219.0,45.0,0.05848037824034691,0.0003,0.11178982257843018,0.0
17917.0,6220.0,45.0,0.058406680822372437,0.0003,0.10130948573350906,0.0
17918.0,6221.0,45.0,0.047334518283605576,0.0003,0.037765923887491226,0.0
17919.0,6222.0,45.0,0.05365533009171486,0.0003,0.12289170920848846,0.0
17920.0,6223.0,45.0,0.06065431237220764,0.0003,0.10314375907182693,0.0
17921.0,6224.0,45.0,0.046877726912498474,0.0003,0.08570477366447449,0.0
17922.0,6225.0,45.0,0.051214758306741714,0.0003,0.0871022641658783,0.0
17923.0,6226.0,45.0,0.049653660506010056,0.0003,0.11860969662666321,0.0
17924.0,6227.0,45.0,0.05572355538606644,0.0003,0.043948348611593246,0.0
17925.0,6228.0,45.0,0.06513069570064545,0.0003,0.1513400375843048,0.0
17926.0,6229.0,45.0,0.05260074883699417,0.0003,0.0633172020316124,0.0
17927.0,6230.0,45.0,0.05613065883517265,0.0003,0.16027724742889404,0.0
17928.0,6231.0,45.0,0.04690203443169594,0.0003,0.08832642436027527,0.0
17929.0,6232.0,45.0,0.0744236558675766,0.0003,0.15678712725639343,0.0
17930.0,6233.0,45.0,0.055584460496902466,0.0003,0.12012558430433273,0.0
17931.0,6234.0,45.0,0.04765903949737549,0.0003,0.14553430676460266,0.0
17932.0,6235.0,45.0,0.054115839302539825,0.0003,0.1333339512348175,0.0
17933.0,6236.0,45.0,0.05595310032367706,0.0003,0.07599075138568878,0.0
17934.0,6237.0,45.0,0.0632399395108223,0.0003,0.13874779641628265,0.0
17935.0,6238.0,45.0,0.05651325732469559,0.0003,0.10339006036520004,0.0
17936.0,6239.0,45.0,0.059431564062833786,0.0003,0.0911172553896904,0.0
17937.0,6240.0,45.0,0.055264197289943695,0.0003,0.12624332308769226,0.0
17938.0,6241.0,46.0,0.047858789563179016,0.0003,0.050434645265340805,0.0
17939.0,6242.0,46.0,0.06029481440782547,0.0003,0.03439544141292572,0.0
17940.0,6243.0,46.0,0.0593460276722908,0.0003,0.06242234632372856,0.0
17941.0,6244.0,46.0,0.07234497368335724,0.0003,0.0785285085439682,0.0
17942.0,6245.0,46.0,0.051400527358055115,0.0003,0.05171617120504379,0.0
17943.0,6246.0,46.0,0.05947963893413544,0.0003,0.10035399347543716,0.0
17944.0,6247.0,46.0,0.05162647366523743,0.0003,0.07080337405204773,0.0
17945.0,6248.0,46.0,0.06911183893680573,0.0003,0.09278246015310287,0.0
17946.0,6249.0,46.0,0.06335361301898956,0.0003,0.042526260018348694,0.0
17947.0,6250.0,46.0,0.054630525410175323,0.0003,0.10600032657384872,0.0
17948.0,6251.0,46.0,0.061663076281547546,0.0003,0.03358481451869011,0.0
17949.0,6252.0,46.0,0.05451691523194313,0.0003,0.07041358202695847,0.0
17950.0,6253.0,46.0,0.07235696166753769,0.0003,0.1336573362350464,0.0
17951.0,6254.0,46.0,0.06761902570724487,0.0003,0.08229602873325348,0.0
17952.0,6255.0,46.0,0.056944720447063446,0.0003,0.12768688797950745,0.0
17953.0,6256.0,46.0,0.06426940113306046,0.0003,0.08100128173828125,0.0
17954.0,6257.0,46.0,0.05402448773384094,0.0003,0.11359106004238129,0.0
17955.0,6258.0,46.0,0.054933492094278336,0.0003,0.07152766734361649,0.0
17956.0,6259.0,46.0,0.04949937388300896,0.0003,0.12296996265649796,0.0
17957.0,6260.0,46.0,0.046702392399311066,0.0003,0.08716458082199097,0.0
17958.0,6261.0,46.0,0.06296554952859879,0.0003,0.11270303279161453,0.0
17959.0,6262.0,46.0,0.06699472665786743,0.0003,0.08403397351503372,0.0
17960.0,6263.0,46.0,0.051948077976703644,0.0003,0.07684049010276794,0.0
17961.0,6264.0,46.0,0.05560725927352905,0.0003,0.14292025566101074,0.0
17962.0,6265.0,46.0,0.06307527422904968,0.0003,0.1504906266927719,0.0
17963.0,6266.0,46.0,0.05653950944542885,0.0003,0.18413138389587402,0.0
17964.0,6267.0,46.0,0.04890039190649986,0.0003,0.14473874866962433,0.0
17965.0,6268.0,46.0,0.054231323301792145,0.0003,0.18721593916416168,0.0
17966.0,6269.0,46.0,0.058618322014808655,0.0003,0.14394032955169678,0.0
17967.0,6270.0,46.0,0.060240864753723145,0.0003,0.14614498615264893,0.0
17968.0,6271.0,46.0,0.06249210610985756,0.0003,0.10429481416940689,0.0
17969.0,6272.0,46.0,0.04868568107485771,0.0003,0.11876093596220016,0.0
17970.0,6273.0,46.0,0.04970322549343109,0.0003,0.08823627978563309,0.0
17971.0,6274.0,46.0,0.06144874170422554,0.0003,0.19106458127498627,0.0
17972.0,6275.0,46.0,0.04033780097961426,0.0003,0.1008685752749443,0.0
17973.0,6276.0,46.0,0.05255652591586113,0.0003,0.11393853276968002,0.0
17974.0,6277.0,46.0,0.04811502993106842,0.0003,0.14008298516273499,0.0
17975.0,6278.0,46.0,0.042793359607458115,0.0003,0.10921162366867065,0.0
17976.0,6279.0,46.0,0.06654481589794159,0.0003,0.1740880161523819,0.0
17977.0,6280.0,46.0,0.04914291203022003,0.0003,0.11944092810153961,0.0
17978.0,6281.0,46.0,0.0540059357881546,0.0003,0.17189055681228638,0.0
17979.0,6282.0,46.0,0.05799752473831177,0.0003,0.10039574652910233,0.0
17980.0,6283.0,46.0,0.059057846665382385,0.0003,0.07283834367990494,0.0
17981.0,6284.0,46.0,0.05180643871426582,0.0003,0.13572078943252563,0.0
17982.0,6285.0,46.0,0.05501045659184456,0.0003,0.09460519254207611,0.0
17983.0,6286.0,46.0,0.06304450333118439,0.0003,0.1201571524143219,0.0
17984.0,6287.0,46.0,0.05893564969301224,0.0003,0.08251101523637772,0.0
17985.0,6288.0,46.0,0.0486735925078392,0.0003,0.13287033140659332,0.0
17986.0,6289.0,46.0,0.05636516213417053,0.0003,0.0994916781783104,0.0
17987.0,6290.0,46.0,0.06789941340684891,0.0003,0.13564875721931458,0.0
17988.0,6291.0,46.0,0.048275478184223175,0.0003,0.04427064210176468,0.0
17989.0,6292.0,46.0,0.05913601070642471,0.0003,0.06640353053808212,0.0
17990.0,6293.0,46.0,0.05382753536105156,0.0003,0.11181468516588211,0.0
17991.0,6294.0,46.0,0.0473022386431694,0.0003,0.11699603497982025,0.0
17992.0,6295.0,46.0,0.05481457710266113,0.0003,0.0828537717461586,0.0
17993.0,6296.0,46.0,0.05514534190297127,0.0003,0.1472712606191635,0.0
17994.0,6297.0,46.0,0.04399421066045761,0.0003,0.060438334941864014,0.0
17995.0,6298.0,46.0,0.05156002193689346,0.0003,0.08329718559980392,0.0
17996.0,6299.0,46.0,0.05112324655056,0.0003,0.04961276799440384,0.0
17997.0,6300.0,46.0,0.05538155138492584,0.0003,0.09474433958530426,0.0
17998.0,6301.0,46.0,0.05416436493396759,0.0003,0.05542941763997078,0.0
17999.0,6302.0,46.0,0.052898600697517395,0.0003,0.08429265767335892,0.0
18000.0,6303.0,46.0,0.043075188994407654,0.0003,0.045505013316869736,0.0
18001.0,6304.0,46.0,0.061612822115421295,0.0003,0.07071154564619064,0.0
18002.0,6305.0,46.0,0.05308493971824646,0.0003,0.08602362126111984,0.0
18003.0,6306.0,46.0,0.06279539316892624,0.0003,0.12788884341716766,0.0
18004.0,6307.0,46.0,0.054567787796258926,0.0003,0.05714278668165207,0.0
18005.0,6308.0,46.0,0.06694940477609634,0.0003,0.08526689559221268,0.0
18006.0,6309.0,46.0,0.058312468230724335,0.0003,0.07213994115591049,0.0
18007.0,6310.0,46.0,0.05022570118308067,0.0003,0.06436539441347122,0.0
18008.0,6311.0,46.0,0.04908675700426102,0.0003,0.08874271810054779,0.0
18009.0,6312.0,46.0,0.05792643129825592,0.0003,0.08410459011793137,0.0
18010.0,6313.0,46.0,0.05069955810904503,0.0003,0.16491122543811798,0.0
18011.0,6314.0,46.0,0.05376593768596649,0.0003,0.07154935598373413,0.0
18012.0,6315.0,46.0,0.04666369408369064,0.0003,0.10311833024024963,0.0
18013.0,6316.0,46.0,0.06359490007162094,0.0003,0.06857577711343765,0.0
18014.0,6317.0,46.0,0.05033847317099571,0.0003,0.09972495585680008,0.0
18015.0,6318.0,46.0,0.06411369889974594,0.0003,0.05890711024403572,0.0
18016.0,6319.0,46.0,0.0533161535859108,0.0003,0.03401118889451027,0.0
18017.0,6320.0,46.0,0.05036797374486923,0.0003,0.07787540555000305,0.0
18018.0,6321.0,46.0,0.051881808787584305,0.0003,0.08821997046470642,0.0
18019.0,6322.0,46.0,0.05884220451116562,0.0003,0.0536617711186409,0.0
18020.0,6323.0,46.0,0.05470659211277962,0.0003,0.10597067326307297,0.0
18021.0,6324.0,46.0,0.04583989828824997,0.0003,0.054282210767269135,0.0
18022.0,6325.0,46.0,0.053051140159368515,0.0003,0.11672374606132507,0.0
18023.0,6326.0,46.0,0.05963652953505516,0.0003,0.13218142092227936,0.0
18024.0,6327.0,46.0,0.055316776037216187,0.0003,0.14834608137607574,0.0
18025.0,6328.0,46.0,0.06270598620176315,0.0003,0.12199129164218903,0.0
18026.0,6329.0,46.0,0.05717024952173233,0.0003,0.15393030643463135,0.0
18027.0,6330.0,46.0,0.05142593756318092,0.0003,0.1629747748374939,0.0
18028.0,6331.0,46.0,0.04639375954866409,0.0003,0.14918790757656097,0.0
18029.0,6332.0,46.0,0.05261196941137314,0.0003,0.13117451965808868,0.0
18030.0,6333.0,46.0,0.055339228361845016,0.0003,0.2321600466966629,0.0
18031.0,6334.0,46.0,0.05211738497018814,0.0003,0.16809242963790894,0.0
18032.0,6335.0,46.0,0.044819481670856476,0.0003,0.2362886369228363,0.0
18033.0,6336.0,46.0,0.06819644570350647,0.0003,0.14951354265213013,0.0
18034.0,6337.0,46.0,0.05118416249752045,0.0003,0.20713761448860168,0.0
18035.0,6338.0,46.0,0.04423908144235611,0.0003,0.12032830715179443,0.0
18036.0,6339.0,46.0,0.06155972182750702,0.0003,0.15691682696342468,0.0
18037.0,6340.0,46.0,0.056954823434352875,0.0003,0.1869865208864212,0.0
18038.0,6341.0,46.0,0.05176487937569618,0.0003,0.05765930563211441,0.0
18039.0,6342.0,46.0,0.05710401013493538,0.0003,0.2598330080509186,0.0
18040.0,6343.0,46.0,0.05546598136425018,0.0003,0.04326692223548889,0.0
18041.0,6344.0,46.0,0.05940774455666542,0.0003,0.2144908905029297,0.0
18042.0,6345.0,46.0,0.049601007252931595,0.0003,0.0982091873884201,0.0
18043.0,6346.0,46.0,0.04664982110261917,0.0003,0.21445776522159576,0.0
18044.0,6347.0,46.0,0.05672825127840042,0.0003,0.12123772501945496,0.0
18045.0,6348.0,46.0,0.06520615518093109,0.0003,0.16136494278907776,0.0
18046.0,6349.0,46.0,0.044814690947532654,0.0003,0.1567871868610382,0.0
18047.0,6350.0,46.0,0.05600794404745102,0.0003,0.12232448160648346,0.0
18048.0,6351.0,46.0,0.0633656233549118,0.0003,0.15439753234386444,0.0
18049.0,6352.0,46.0,0.05522298067808151,0.0003,0.07898148894309998,0.0
18050.0,6353.0,46.0,0.053747791796922684,0.0003,0.18047432601451874,0.0
18051.0,6354.0,46.0,0.050253644585609436,0.0003,0.05177170783281326,0.0
18052.0,6355.0,46.0,0.0546628013253212,0.0003,0.19216983020305634,0.0
18053.0,6356.0,46.0,0.06202371045947075,0.0003,0.06483136117458344,0.0
18054.0,6357.0,46.0,0.05821053683757782,0.0003,0.17626109719276428,0.0
18055.0,6358.0,46.0,0.06921818107366562,0.0003,0.05181637778878212,0.0
18056.0,6359.0,46.0,0.051814448088407516,0.0003,0.16295266151428223,0.0
18057.0,6360.0,46.0,0.055888399481773376,0.0003,0.06322718411684036,0.0
18058.0,6361.0,46.0,0.049154870212078094,0.0003,0.192864328622818,0.0
18059.0,6362.0,46.0,0.059990137815475464,0.0003,0.04187944158911705,0.0
18060.0,6363.0,46.0,0.05105973035097122,0.0003,0.1521642804145813,0.0
18061.0,6364.0,46.0,0.057428743690252304,0.0003,0.09835290163755417,0.0
18062.0,6365.0,46.0,0.06845502555370331,0.0003,0.15830273926258087,0.0
18063.0,6366.0,46.0,0.05329054221510887,0.0003,0.10057339072227478,0.0
18064.0,6367.0,46.0,0.05048792064189911,0.0003,0.16384026408195496,0.0
18065.0,6368.0,46.0,0.059023693203926086,0.0003,0.07875685393810272,0.0
18066.0,6369.0,46.0,0.06203024834394455,0.0003,0.12426485866308212,0.0
18067.0,6370.0,46.0,0.05502934753894806,0.0003,0.06560300290584564,0.0
18068.0,6371.0,46.0,0.06132345274090767,0.0003,0.1285015046596527,0.0
18069.0,6372.0,46.0,0.049719423055648804,0.0003,0.04763877019286156,0.0
18070.0,6373.0,46.0,0.05938994139432907,0.0003,0.09043926000595093,0.0
18071.0,6374.0,46.0,0.04245724156498909,0.0003,0.03064296767115593,0.0
18072.0,6375.0,46.0,0.05165131017565727,0.0003,0.07054318487644196,0.0
18073.0,6376.0,46.0,0.05086508393287659,0.0003,0.06711390614509583,0.0
18074.0,6377.0,46.0,0.05487436801195145,0.0003,0.13975878059864044,0.0
18075.0,6378.0,46.0,0.05882250517606735,0.0003,0.07358395308256149,0.0
18076.0,6379.0,46.0,0.05502218008041382,0.0003,0.13329575955867767,0.0
18077.0,6380.0,46.0,0.05474671721458435,0.0003,0.07520847767591476,0.0
18078.0,6381.0,46.0,0.06246946379542351,0.0003,0.0884544774889946,0.0
18079.0,6382.0,46.0,0.048372358083724976,0.0003,0.08316482603549957,0.0
18080.0,6383.0,46.0,0.06535273790359497,0.0003,0.1123051792383194,0.0
18081.0,6384.0,46.0,0.061667975038290024,0.0003,0.13669730722904205,0.0
18082.0,6385.0,46.0,0.042755626142024994,0.0003,0.14688804745674133,0.0
18083.0,6386.0,46.0,0.05318602919578552,0.0003,0.10397214442491531,0.0
18084.0,6387.0,46.0,0.044646479189395905,0.0003,0.0882890447974205,0.0
18085.0,6388.0,46.0,0.055211130529642105,0.0003,0.1608455330133438,0.0
18086.0,6389.0,46.0,0.04851049184799194,0.0003,0.07174044102430344,0.0
18087.0,6390.0,46.0,0.054104484617710114,0.0003,0.11813690513372421,0.0
18088.0,6391.0,46.0,0.04842623323202133,0.0003,0.07311482727527618,0.0
18089.0,6392.0,46.0,0.06455479562282562,0.0003,0.07177308201789856,0.0
18090.0,6393.0,46.0,0.052526384592056274,0.0003,0.08132325857877731,0.0
18091.0,6394.0,46.0,0.05333241447806358,0.0003,0.10591324418783188,0.0
18092.0,6395.0,46.0,0.05183083191514015,0.0003,0.11977535486221313,0.0
18093.0,6396.0,46.0,0.05175624042749405,0.0003,0.05618933215737343,0.0
18094.0,6397.0,46.0,0.04604283720254898,0.0003,0.0972578302025795,0.0
18095.0,6398.0,46.0,0.0596923753619194,0.0003,0.11024260520935059,0.0
18096.0,6399.0,46.0,0.06827528029680252,0.0003,0.07274745404720306,0.0
18097.0,6400.0,46.0,0.04355666786432266,0.0003,0.11521269381046295,0.0
18098.0,6401.0,46.0,0.04381837695837021,0.0003,0.06995171308517456,0.0
18099.0,6402.0,46.0,0.06193440780043602,0.0003,0.128401979804039,0.0
18100.0,6403.0,46.0,0.05090252310037613,0.0003,0.12346848100423813,0.0
18101.0,6404.0,46.0,0.04194440320134163,0.0003,0.1183626800775528,0.0
18102.0,6405.0,46.0,0.06077726185321808,0.0003,0.03712177649140358,0.0
18103.0,6406.0,46.0,0.05841268599033356,0.0003,0.08979494124650955,0.0
18104.0,6407.0,46.0,0.0693565234541893,0.0003,0.10148417949676514,0.0
18105.0,6408.0,46.0,0.05869181454181671,0.0003,0.10811244696378708,0.0
18106.0,6409.0,46.0,0.05630620941519737,0.0003,0.10623365640640259,0.0
18107.0,6410.0,46.0,0.06876006722450256,0.0003,0.12579083442687988,0.0
18108.0,6411.0,46.0,0.05604799836874008,0.0003,0.10284556448459625,0.0
18109.0,6412.0,46.0,0.04842279851436615,0.0003,0.10622776299715042,0.0
18110.0,6413.0,46.0,0.05790327116847038,0.0003,0.12549497187137604,0.0
18111.0,6414.0,46.0,0.056145064532756805,0.0003,0.11070317029953003,0.0
18112.0,6415.0,46.0,0.06003658100962639,0.0003,0.15858949720859528,0.0
18113.0,6416.0,46.0,0.03664257377386093,0.0003,0.11908113956451416,0.0
18114.0,6417.0,46.0,0.05968867242336273,0.0003,0.15400120615959167,0.0
18115.0,6418.0,46.0,0.058204684406518936,0.0003,0.16825491189956665,0.0
18116.0,6419.0,46.0,0.06334801018238068,0.0003,0.11234363913536072,0.0
18117.0,6420.0,46.0,0.052663736045360565,0.0003,0.16360220313072205,0.0
18117.0,6421.0,46.0,0.05222908407449722,0.0003,inf,1.0
18118.0,6422.0,46.0,0.05044988542795181,0.0003,0.1561320275068283,0.0
18119.0,6423.0,46.0,0.04471799358725548,0.0003,0.14887011051177979,0.0
18120.0,6424.0,46.0,0.048281606286764145,0.0003,0.11393319815397263,0.0
18121.0,6425.0,46.0,0.06037595868110657,0.0003,0.22474460303783417,0.0
18122.0,6426.0,46.0,0.0566069521009922,0.0003,0.08407715708017349,0.0
18123.0,6427.0,46.0,0.05636212229728699,0.0003,0.23927994072437286,0.0
18124.0,6428.0,46.0,0.04644056037068367,0.0003,0.11281497031450272,0.0
18125.0,6429.0,46.0,0.04732675105333328,0.0003,0.1835545152425766,0.0
18126.0,6430.0,46.0,0.04688495770096779,0.0003,0.12093105912208557,0.0
18127.0,6431.0,46.0,0.06222207099199295,0.0003,0.09906075149774551,0.0
18128.0,6432.0,46.0,0.05488038808107376,0.0003,0.13624578714370728,0.0
18129.0,6433.0,46.0,0.061248406767845154,0.0003,0.0673508495092392,0.0
18130.0,6434.0,46.0,0.06314291059970856,0.0003,0.1176471933722496,0.0
18131.0,6435.0,46.0,0.05151306092739105,0.0003,0.08193214237689972,0.0
18132.0,6436.0,46.0,0.05295490846037865,0.0003,0.10077410936355591,0.0
18133.0,6437.0,46.0,0.04510941356420517,0.0003,0.12710143625736237,0.0
18134.0,6438.0,46.0,0.055962469428777695,0.0003,0.10027362406253815,0.0
18135.0,6439.0,46.0,0.04862745478749275,0.0003,0.11938837170600891,0.0
18136.0,6440.0,46.0,0.048977937549352646,0.0003,0.10136263072490692,0.0
18137.0,6441.0,46.0,0.06787407398223877,0.0003,0.09739571064710617,0.0
18138.0,6442.0,46.0,0.06079751253128052,0.0003,0.12147143483161926,0.0
18139.0,6443.0,46.0,0.05435942858457565,0.0003,0.08699758350849152,0.0
18140.0,6444.0,46.0,0.05756152421236038,0.0003,0.09566660970449448,0.0
18141.0,6445.0,46.0,0.06349124759435654,0.0003,0.11713097244501114,0.0
18142.0,6446.0,46.0,0.07127702236175537,0.0003,0.14025378227233887,0.0
18143.0,6447.0,46.0,0.05894014984369278,0.0003,0.10700614750385284,0.0
18144.0,6448.0,46.0,0.05720922723412514,0.0003,0.18910814821720123,0.0
18145.0,6449.0,46.0,0.05359426885843277,0.0003,0.10847409814596176,0.0
18146.0,6450.0,46.0,0.046728067100048065,0.0003,0.16495256125926971,0.0
18147.0,6451.0,46.0,0.06430623680353165,0.0003,0.14062750339508057,0.0
18148.0,6452.0,46.0,0.05381465703248978,0.0003,0.17711317539215088,0.0
18149.0,6453.0,46.0,0.0650082677602768,0.0003,0.06975710391998291,0.0
18150.0,6454.0,46.0,0.06018765643239021,0.0003,0.16067562997341156,0.0
18151.0,6455.0,46.0,0.062065985053777695,0.0003,0.07449829578399658,0.0
18152.0,6456.0,46.0,0.06893543154001236,0.0003,0.12723767757415771,0.0
18153.0,6457.0,46.0,0.055152878165245056,0.0003,0.1589534878730774,0.0
18154.0,6458.0,46.0,0.07906676828861237,0.0003,0.08765728026628494,0.0
18155.0,6459.0,46.0,0.05619993805885315,0.0003,0.1535557210445404,0.0
18156.0,6460.0,46.0,0.051090724766254425,0.0003,0.02550399862229824,0.0
18157.0,6461.0,46.0,0.06349700689315796,0.0003,0.1206728145480156,0.0
18158.0,6462.0,46.0,0.054036788642406464,0.0003,0.12775829434394836,0.0
18159.0,6463.0,46.0,0.05243577063083649,0.0003,0.13426505029201508,0.0
18160.0,6464.0,46.0,0.0625181570649147,0.0003,0.09001272171735764,0.0
18161.0,6465.0,46.0,0.0710722878575325,0.0003,0.04067033901810646,0.0
18162.0,6466.0,46.0,0.05547682195901871,0.0003,0.14484311640262604,0.0
18163.0,6467.0,46.0,0.05175570398569107,0.0003,0.12703672051429749,0.0
18164.0,6468.0,46.0,0.0540727898478508,0.0003,0.06631225347518921,0.0
18165.0,6469.0,46.0,0.06120290979743004,0.0003,0.05805687978863716,0.0
18166.0,6470.0,46.0,0.055578362196683884,0.0003,0.08777360618114471,0.0
18167.0,6471.0,46.0,0.052306514233350754,0.0003,0.07860739529132843,0.0
18168.0,6472.0,46.0,0.04934721440076828,0.0003,0.05962176248431206,0.0
18169.0,6473.0,46.0,0.05208343267440796,0.0003,0.0813298225402832,0.0
18170.0,6474.0,46.0,0.050980910658836365,0.0003,0.04345256835222244,0.0
18171.0,6475.0,46.0,0.06361015141010284,0.0003,0.053081121295690536,0.0
18172.0,6476.0,46.0,0.06773814558982849,0.0003,0.08904926478862762,0.0
18173.0,6477.0,46.0,0.05933987349271774,0.0003,0.09353742003440857,0.0
18174.0,6478.0,46.0,0.06105375289916992,0.0003,0.10356191545724869,0.0
18175.0,6479.0,46.0,0.05244872719049454,0.0003,0.0391729399561882,0.0
18176.0,6480.0,46.0,0.06014459580183029,0.0003,0.11118100583553314,0.0
18177.0,6481.0,46.0,0.04921543598175049,0.0003,0.1019098311662674,0.0
18178.0,6482.0,46.0,0.06782504916191101,0.0003,0.1157122328877449,0.0
18179.0,6483.0,46.0,0.05084835737943649,0.0003,0.06909593194723129,0.0
18180.0,6484.0,46.0,0.04766345024108887,0.0003,0.16444340348243713,0.0
18181.0,6485.0,46.0,0.03989378735423088,0.0003,0.07929623126983643,0.0
18182.0,6486.0,46.0,0.05714365094900131,0.0003,0.15384219586849213,0.0
18183.0,6487.0,46.0,0.06845632940530777,0.0003,0.0867481604218483,0.0
18184.0,6488.0,46.0,0.059484392404556274,0.0003,0.15031060576438904,0.0
18185.0,6489.0,46.0,0.051270950585603714,0.0003,0.08937277644872665,0.0
18186.0,6490.0,46.0,0.0506308376789093,0.0003,0.12085936963558197,0.0
18187.0,6491.0,46.0,0.051014289259910583,0.0003,0.06659930944442749,0.0
18188.0,6492.0,46.0,0.0588894747197628,0.0003,0.11693145334720612,0.0
18189.0,6493.0,46.0,0.06032012403011322,0.0003,0.07700937986373901,0.0
18190.0,6494.0,46.0,0.05556509643793106,0.0003,0.12760742008686066,0.0
18191.0,6495.0,46.0,0.07897158712148666,0.0003,0.03809114545583725,0.0
18192.0,6496.0,46.0,0.04704930633306503,0.0003,0.09298650920391083,0.0
18193.0,6497.0,46.0,0.049686986953020096,0.0003,0.03693120926618576,0.0
18194.0,6498.0,46.0,0.043306708335876465,0.0003,0.08671770989894867,0.0
18195.0,6499.0,46.0,0.05627018213272095,0.0003,0.04447723925113678,0.0
18196.0,6500.0,46.0,0.0571984201669693,0.0003,0.09701727330684662,0.0
18197.0,6501.0,46.0,0.0583341047167778,0.0003,0.0691692978143692,0.0
18198.0,6502.0,46.0,0.061901628971099854,0.0003,0.08416398614645004,0.0
18199.0,6503.0,46.0,0.05735253170132637,0.0003,0.061039626598358154,0.0
18200.0,6504.0,46.0,0.05528707802295685,0.0003,0.11057086288928986,0.0
18201.0,6505.0,46.0,0.0442989356815815,0.0003,0.0964197888970375,0.0
18202.0,6506.0,46.0,0.06154584884643555,0.0003,0.05400971323251724,0.0
18203.0,6507.0,46.0,0.04823892563581467,0.0003,0.11730679869651794,0.0
18204.0,6508.0,46.0,0.04893413186073303,0.0003,0.09450700879096985,0.0
18205.0,6509.0,46.0,0.05498083308339119,0.0003,0.13837456703186035,0.0
18206.0,6510.0,46.0,0.06763818114995956,0.0003,0.1098521426320076,0.0
18207.0,6511.0,46.0,0.0619836300611496,0.0003,0.15696749091148376,0.0
18208.0,6512.0,46.0,0.05378847196698189,0.0003,0.13426700234413147,0.0
18209.0,6513.0,46.0,0.0567302405834198,0.0003,0.1761176586151123,0.0
18210.0,6514.0,46.0,0.05877364054322243,0.0003,0.19147685170173645,0.0
18211.0,6515.0,46.0,0.04266829043626785,0.0003,0.17747388780117035,0.0
18212.0,6516.0,46.0,0.05612770467996597,0.0003,0.19706307351589203,0.0
18213.0,6517.0,46.0,0.056558895856142044,0.0003,0.09223993122577667,0.0
18214.0,6518.0,46.0,0.047403428703546524,0.0003,0.1954413503408432,0.0
18215.0,6519.0,46.0,0.05855727940797806,0.0003,0.12364169955253601,0.0
18216.0,6520.0,46.0,0.06271606683731079,0.0003,0.22043664753437042,0.0
18217.0,6521.0,46.0,0.06938469409942627,0.0003,0.12968170642852783,0.0
18218.0,6522.0,46.0,0.06194809451699257,0.0003,0.17694196105003357,0.0
18219.0,6523.0,46.0,0.06117428094148636,0.0003,0.19185371696949005,0.0
18220.0,6524.0,46.0,0.0568644218146801,0.0003,0.18066813051700592,0.0
18221.0,6525.0,46.0,0.03631502389907837,0.0003,0.2512538731098175,0.0
18222.0,6526.0,46.0,0.06290483474731445,0.0003,0.09670330584049225,0.0
18223.0,6527.0,46.0,0.04911567643284798,0.0003,0.2357846200466156,0.0
18224.0,6528.0,46.0,0.06155618652701378,0.0003,0.1642918884754181,0.0
18225.0,6529.0,46.0,0.0678342878818512,0.0003,0.2144409418106079,0.0
18226.0,6530.0,46.0,0.060820888727903366,0.0003,0.15117451548576355,0.0
18227.0,6531.0,46.0,0.04720214009284973,0.0003,0.13056139647960663,0.0
18228.0,6532.0,46.0,0.049624212086200714,0.0003,0.187083899974823,0.0
18229.0,6533.0,46.0,0.04304145649075508,0.0003,0.14476850628852844,0.0
18230.0,6534.0,46.0,0.048008695244789124,0.0003,0.1617724448442459,0.0
18231.0,6535.0,46.0,0.07214275002479553,0.0003,0.09720008820295334,0.0
18232.0,6536.0,46.0,0.05274228751659393,0.0003,0.13885779678821564,0.0
18233.0,6537.0,46.0,0.07230950891971588,0.0003,0.11813121289014816,0.0
18234.0,6538.0,46.0,0.055342115461826324,0.0003,0.15732304751873016,0.0
18235.0,6539.0,46.0,0.05506782978773117,0.0003,0.0657179057598114,0.0
18236.0,6540.0,46.0,0.05445285141468048,0.0003,0.14779867231845856,0.0
18237.0,6541.0,46.0,0.04613126441836357,0.0003,0.1259562075138092,0.0
18238.0,6542.0,46.0,0.05880187824368477,0.0003,0.1204838976264,0.0
18239.0,6543.0,46.0,0.055373482406139374,0.0003,0.11997431516647339,0.0
18240.0,6544.0,46.0,0.05959802120923996,0.0003,0.09022454917430878,0.0
18241.0,6545.0,46.0,0.05242127180099487,0.0003,0.07273881882429123,0.0
18242.0,6546.0,46.0,0.058940477669239044,0.0003,0.11742374300956726,0.0
18243.0,6547.0,46.0,0.054878924041986465,0.0003,0.08795639127492905,0.0
18244.0,6548.0,46.0,0.05763129144906998,0.0003,0.11553939431905746,0.0
18245.0,6549.0,46.0,0.07024333626031876,0.0003,0.09593680500984192,0.0
18246.0,6550.0,46.0,0.06161527708172798,0.0003,0.09350169450044632,0.0
18247.0,6551.0,46.0,0.05075027048587799,0.0003,0.041807521134614944,0.0
18248.0,6552.0,46.0,0.054322365671396255,0.0003,0.1316206306219101,0.0
18249.0,6553.0,46.0,0.045835498720407486,0.0003,0.0859532281756401,0.0
18250.0,6554.0,46.0,0.05738465487957001,0.0003,0.09445171058177948,0.0
18251.0,6555.0,46.0,0.06120827794075012,0.0003,0.09076910465955734,0.0
18252.0,6556.0,46.0,0.06822916120290756,0.0003,0.14526697993278503,0.0
18253.0,6557.0,46.0,0.05269554629921913,0.0003,0.07947186380624771,0.0
18254.0,6558.0,46.0,0.05553050339221954,0.0003,0.16353198885917664,0.0
18255.0,6559.0,46.0,0.058818407356739044,0.0003,0.06201537325978279,0.0
18256.0,6560.0,46.0,0.0661155954003334,0.0003,0.11979079246520996,0.0
18257.0,6561.0,46.0,0.05249301716685295,0.0003,0.0727517232298851,0.0
18258.0,6562.0,46.0,0.05814960598945618,0.0003,0.13032175600528717,0.0
18259.0,6563.0,46.0,0.06612458825111389,0.0003,0.11767873913049698,0.0
18260.0,6564.0,46.0,0.04558870941400528,0.0003,0.04279785603284836,0.0
18261.0,6565.0,46.0,0.06640990823507309,0.0003,0.10969263315200806,0.0
18262.0,6566.0,46.0,0.05442505702376366,0.0003,0.04288381710648537,0.0
18263.0,6567.0,46.0,0.06221449375152588,0.0003,0.04461820423603058,0.0
18264.0,6568.0,46.0,0.04975222796201706,0.0003,0.10488525032997131,0.0
18265.0,6569.0,46.0,0.045995231717824936,0.0003,0.06422293186187744,0.0
18266.0,6570.0,46.0,0.072027787566185,0.0003,0.08788885176181793,0.0
18267.0,6571.0,46.0,0.056797854602336884,0.0003,0.05574615299701691,0.0
18268.0,6572.0,46.0,0.05212310701608658,0.0003,0.10107660293579102,0.0
18269.0,6573.0,46.0,0.054903507232666016,0.0003,0.12571726739406586,0.0
18270.0,6574.0,46.0,0.06500888615846634,0.0003,0.07223658263683319,0.0
18271.0,6575.0,46.0,0.04867057502269745,0.0003,0.10179555416107178,0.0
18272.0,6576.0,46.0,0.060912732034921646,0.0003,0.07061681151390076,0.0
18273.0,6577.0,46.0,0.061486393213272095,0.0003,0.06687423586845398,0.0
18274.0,6578.0,46.0,0.06206776201725006,0.0003,0.11211249977350235,0.0
18275.0,6579.0,46.0,0.061553023755550385,0.0003,0.1101684719324112,0.0
18276.0,6580.0,46.0,0.05358561873435974,0.0003,0.08107999712228775,0.0
18277.0,6581.0,46.0,0.05077711120247841,0.0003,0.1559154987335205,0.0
18278.0,6582.0,46.0,0.06518680602312088,0.0003,0.09751332551240921,0.0
18279.0,6583.0,46.0,0.05769696831703186,0.0003,0.1180543452501297,0.0
18280.0,6584.0,46.0,0.04317580536007881,0.0003,0.04007992893457413,0.0
18281.0,6585.0,46.0,0.05038074404001236,0.0003,0.14110936224460602,0.0
18282.0,6586.0,46.0,0.05508369952440262,0.0003,0.10636239498853683,0.0
18283.0,6587.0,46.0,0.0644478052854538,0.0003,0.10392269492149353,0.0
18284.0,6588.0,46.0,0.05424756556749344,0.0003,0.10356371849775314,0.0
18285.0,6589.0,46.0,0.05419608950614929,0.0003,0.048371754586696625,0.0
18286.0,6590.0,46.0,0.05194100737571716,0.0003,0.10146813094615936,0.0
18287.0,6591.0,46.0,0.059063930064439774,0.0003,0.09622840583324432,0.0
18288.0,6592.0,46.0,0.06810151040554047,0.0003,0.15762954950332642,0.0
18289.0,6593.0,46.0,0.051366109400987625,0.0003,0.15719935297966003,0.0
18290.0,6594.0,46.0,0.06116589158773422,0.0003,0.14880990982055664,0.0
18291.0,6595.0,46.0,0.05470385402441025,0.0003,0.18143299221992493,0.0
18292.0,6596.0,46.0,0.05503522977232933,0.0003,0.1326092928647995,0.0
18293.0,6597.0,46.0,0.05662272125482559,0.0003,0.1525679975748062,0.0
18294.0,6598.0,46.0,0.06630133837461472,0.0003,0.09199769794940948,0.0
18295.0,6599.0,46.0,0.0605790913105011,0.0003,0.18212509155273438,0.0
18296.0,6600.0,46.0,0.045147605240345,0.0003,0.0873495414853096,0.0
18297.0,6601.0,46.0,0.05643747001886368,0.0003,0.17235203087329865,0.0
18298.0,6602.0,46.0,0.05230211466550827,0.0003,0.10814002901315689,0.0
18299.0,6603.0,46.0,0.0482306107878685,0.0003,0.19984973967075348,0.0
18300.0,6604.0,46.0,0.06856189668178558,0.0003,0.08903084695339203,0.0
18301.0,6605.0,46.0,0.06437979638576508,0.0003,0.14384664595127106,0.0
18302.0,6606.0,46.0,0.07192861288785934,0.0003,0.09377967566251755,0.0
18303.0,6607.0,46.0,0.0521869994699955,0.0003,0.10865967720746994,0.0
18304.0,6608.0,46.0,0.05527091026306152,0.0003,0.08987034857273102,0.0
18305.0,6609.0,46.0,0.05915321037173271,0.0003,0.10927000641822815,0.0
18306.0,6610.0,46.0,0.05856002867221832,0.0003,0.11126469075679779,0.0
18307.0,6611.0,46.0,0.056033656001091,0.0003,0.09848324209451675,0.0
18308.0,6612.0,46.0,0.044793501496315,0.0003,0.06310047209262848,0.0
18309.0,6613.0,46.0,0.05826254189014435,0.0003,0.087583027780056,0.0
18310.0,6614.0,46.0,0.049335211515426636,0.0003,0.07832145690917969,0.0
18311.0,6615.0,46.0,0.06442607939243317,0.0003,0.057829681783914566,0.0
18312.0,6616.0,46.0,0.05590657517313957,0.0003,0.08643703907728195,0.0
18313.0,6617.0,46.0,0.062192078679800034,0.0003,0.058193039149045944,0.0
18314.0,6618.0,46.0,0.050444088876247406,0.0003,0.15088726580142975,0.0
18315.0,6619.0,46.0,0.05769024044275284,0.0003,0.10431630164384842,0.0
18316.0,6620.0,46.0,0.055451057851314545,0.0003,0.08128614723682404,0.0
18317.0,6621.0,46.0,0.06825801730155945,0.0003,0.13119228184223175,0.0
18318.0,6622.0,46.0,0.056130602955818176,0.0003,0.06174244359135628,0.0
18319.0,6623.0,46.0,0.043757364153862,0.0003,0.1232084333896637,0.0
18320.0,6624.0,46.0,0.06851116567850113,0.0003,0.0858955904841423,0.0
18321.0,6625.0,46.0,0.06616824120283127,0.0003,0.08277453482151031,0.0
18322.0,6626.0,46.0,0.04448819160461426,0.0003,0.07091428339481354,0.0
18323.0,6627.0,46.0,0.06562675535678864,0.0003,0.09890060871839523,0.0
18324.0,6628.0,46.0,0.055969469249248505,0.0003,0.13612793385982513,0.0
18325.0,6629.0,46.0,0.048725079745054245,0.0003,0.06554315239191055,0.0
18326.0,6630.0,46.0,0.06582483649253845,0.0003,0.1064126193523407,0.0
18327.0,6631.0,47.0,0.07521389424800873,0.0003,0.06073302403092384,0.0
18328.0,6632.0,47.0,0.058945298194885254,0.0003,0.07431413233280182,0.0
18329.0,6633.0,47.0,0.0651940405368805,0.0003,0.11817776411771774,0.0
18330.0,6634.0,47.0,0.06412646174430847,0.0003,0.05825573578476906,0.0
18331.0,6635.0,47.0,0.05871681869029999,0.0003,0.15169665217399597,0.0
18332.0,6636.0,47.0,0.04882461577653885,0.0003,0.08032064139842987,0.0
18333.0,6637.0,47.0,0.0536268875002861,0.0003,0.15723763406276703,0.0
18334.0,6638.0,47.0,0.06954213231801987,0.0003,0.05015705153346062,0.0
18335.0,6639.0,47.0,0.05822131037712097,0.0003,0.13897128403186798,0.0
18336.0,6640.0,47.0,0.05530077964067459,0.0003,0.10291412472724915,0.0
18337.0,6641.0,47.0,0.05257483944296837,0.0003,0.1913786232471466,0.0
18338.0,6642.0,47.0,0.04541642218828201,0.0003,0.09238193929195404,0.0
18339.0,6643.0,47.0,0.06070943921804428,0.0003,0.14728344976902008,0.0
18340.0,6644.0,47.0,0.054373353719711304,0.0003,0.20180605351924896,0.0
18341.0,6645.0,47.0,0.06371983885765076,0.0003,0.20525407791137695,0.0
18342.0,6646.0,47.0,0.04920724779367447,0.0003,0.1727742999792099,0.0
18343.0,6647.0,47.0,0.05561390891671181,0.0003,0.13725335896015167,0.0
18344.0,6648.0,47.0,0.05337286740541458,0.0003,0.1268286108970642,0.0
18345.0,6649.0,47.0,0.05733504518866539,0.0003,0.04998083785176277,0.0
18346.0,6650.0,47.0,0.05669115483760834,0.0003,0.15877419710159302,0.0
18347.0,6651.0,47.0,0.05057280510663986,0.0003,0.0950789749622345,0.0
18348.0,6652.0,47.0,0.05953662842512131,0.0003,0.11178545653820038,0.0
18349.0,6653.0,47.0,0.05998721718788147,0.0003,0.1214011162519455,0.0
18350.0,6654.0,47.0,0.04892135411500931,0.0003,0.05357756093144417,0.0
18351.0,6655.0,47.0,0.05121564120054245,0.0003,0.19300110638141632,0.0
18352.0,6656.0,47.0,0.05086430534720421,0.0003,0.09636453539133072,0.0
18353.0,6657.0,47.0,0.060707930475473404,0.0003,0.1626351922750473,0.0
18354.0,6658.0,47.0,0.044594984501600266,0.0003,0.05182991921901703,0.0
18355.0,6659.0,47.0,0.05235566943883896,0.0003,0.17271143198013306,0.0
18356.0,6660.0,47.0,0.04861161485314369,0.0003,0.05119490996003151,0.0
18357.0,6661.0,47.0,0.04434648156166077,0.0003,0.11079985648393631,0.0
18358.0,6662.0,47.0,0.0640251636505127,0.0003,0.09504634141921997,0.0
18359.0,6663.0,47.0,0.06745631992816925,0.0003,0.12310069054365158,0.0
18360.0,6664.0,47.0,0.05552992597222328,0.0003,0.11667229980230331,0.0
18361.0,6665.0,47.0,0.056912168860435486,0.0003,0.07540284842252731,0.0
18362.0,6666.0,47.0,0.05979117378592491,0.0003,0.12629368901252747,0.0
18363.0,6667.0,47.0,0.051278144121170044,0.0003,0.036439962685108185,0.0
18364.0,6668.0,47.0,0.06041176617145538,0.0003,0.1009281575679779,0.0
18365.0,6669.0,47.0,0.05199611186981201,0.0003,0.07393436878919601,0.0
18366.0,6670.0,47.0,0.05323965102434158,0.0003,0.12314199656248093,0.0
18367.0,6671.0,47.0,0.04931442067027092,0.0003,0.10149502009153366,0.0
18368.0,6672.0,47.0,0.0539371520280838,0.0003,0.08765890449285507,0.0
18369.0,6673.0,47.0,0.048887211829423904,0.0003,0.1415705531835556,0.0
18370.0,6674.0,47.0,0.0497690811753273,0.0003,0.13212820887565613,0.0
18371.0,6675.0,47.0,0.05717125162482262,0.0003,0.15354767441749573,0.0
18372.0,6676.0,47.0,0.05294113606214523,0.0003,0.11905764788389206,0.0
18373.0,6677.0,47.0,0.0732233077287674,0.0003,0.14159853756427765,0.0
18374.0,6678.0,47.0,0.07336509227752686,0.0003,0.17154449224472046,0.0
18375.0,6679.0,47.0,0.06533670425415039,0.0003,0.10400829464197159,0.0
18376.0,6680.0,47.0,0.046969544142484665,0.0003,0.22401437163352966,0.0
18377.0,6681.0,47.0,0.054394930601119995,0.0003,0.12021917849779129,0.0
18378.0,6682.0,47.0,0.05721263960003853,0.0003,0.17497847974300385,0.0
18379.0,6683.0,47.0,0.0589154027402401,0.0003,0.0756717175245285,0.0
18380.0,6684.0,47.0,0.05467920005321503,0.0003,0.1272503137588501,0.0
18381.0,6685.0,47.0,0.05077700316905975,0.0003,0.12885943055152893,0.0
18382.0,6686.0,47.0,0.05974578857421875,0.0003,0.10448569059371948,0.0
18383.0,6687.0,47.0,0.0527232363820076,0.0003,0.18570107221603394,0.0
18384.0,6688.0,47.0,0.05912778526544571,0.0003,0.13183456659317017,0.0
18385.0,6689.0,47.0,0.05027377977967262,0.0003,0.13402146100997925,0.0
18386.0,6690.0,47.0,0.06757158041000366,0.0003,0.08879569917917252,0.0
18387.0,6691.0,47.0,0.058104999363422394,0.0003,0.08385273069143295,0.0
18388.0,6692.0,47.0,0.051484573632478714,0.0003,0.14851102232933044,0.0
18389.0,6693.0,47.0,0.052132073789834976,0.0003,0.1396694779396057,0.0
18390.0,6694.0,47.0,0.046972598880529404,0.0003,0.14676660299301147,0.0
18391.0,6695.0,47.0,0.0575174018740654,0.0003,0.12612637877464294,0.0
18392.0,6696.0,47.0,0.07291025668382645,0.0003,0.1278821974992752,0.0
18393.0,6697.0,47.0,0.044459253549575806,0.0003,0.15901577472686768,0.0
18394.0,6698.0,47.0,0.04872526228427887,0.0003,0.12107809633016586,0.0
18395.0,6699.0,47.0,0.07260153442621231,0.0003,0.13192807137966156,0.0
18396.0,6700.0,47.0,0.046359628438949585,0.0003,0.05838193744421005,0.0
18397.0,6701.0,47.0,0.0655762255191803,0.0003,0.13299144804477692,0.0
18398.0,6702.0,47.0,0.06209917366504669,0.0003,0.042204588651657104,0.0
18399.0,6703.0,47.0,0.05003373324871063,0.0003,0.09049487113952637,0.0
18400.0,6704.0,47.0,0.04920293763279915,0.0003,0.08091021329164505,0.0
18401.0,6705.0,47.0,0.05382869765162468,0.0003,0.08412382751703262,0.0
18402.0,6706.0,47.0,0.04768216982483864,0.0003,0.08976113796234131,0.0
18403.0,6707.0,47.0,0.07900510728359222,0.0003,0.058609072118997574,0.0
18404.0,6708.0,47.0,0.052974142134189606,0.0003,0.09616773575544357,0.0
18405.0,6709.0,47.0,0.04749599099159241,0.0003,0.0715879499912262,0.0
18406.0,6710.0,47.0,0.06820911914110184,0.0003,0.147242933511734,0.0
18407.0,6711.0,47.0,0.05311618372797966,0.0003,0.06454739719629288,0.0
18408.0,6712.0,47.0,0.06290103495121002,0.0003,0.11138136684894562,0.0
18409.0,6713.0,47.0,0.055206432938575745,0.0003,0.11152475327253342,0.0
18410.0,6714.0,47.0,0.058165762573480606,0.0003,0.11517363786697388,0.0
18411.0,6715.0,47.0,0.06646185368299484,0.0003,0.0565456822514534,0.0
18412.0,6716.0,47.0,0.058958813548088074,0.0003,0.05382613092660904,0.0
18413.0,6717.0,47.0,0.05753288418054581,0.0003,0.08309005945920944,0.0
18414.0,6718.0,47.0,0.05394275486469269,0.0003,0.04853181913495064,0.0
18415.0,6719.0,47.0,0.0731714516878128,0.0003,0.09452548623085022,0.0
18416.0,6720.0,47.0,0.04876086860895157,0.0003,0.06166192516684532,0.0
18417.0,6721.0,47.0,0.05480088293552399,0.0003,0.0337810218334198,0.0
18418.0,6722.0,47.0,0.049547113478183746,0.0003,0.058462146669626236,0.0
18419.0,6723.0,47.0,0.04508319869637489,0.0003,0.04955294355750084,0.0
18420.0,6724.0,47.0,0.05588335543870926,0.0003,0.04541642218828201,0.0
18421.0,6725.0,47.0,0.05529642477631569,0.0003,0.08196752518415451,0.0
18422.0,6726.0,47.0,0.06963379681110382,0.0003,0.05923664569854736,0.0
18423.0,6727.0,47.0,0.04472138732671738,0.0003,0.05648879334330559,0.0
18424.0,6728.0,47.0,0.056187018752098083,0.0003,0.07693836092948914,0.0
18425.0,6729.0,47.0,0.04894408583641052,0.0003,0.05566634237766266,0.0
18426.0,6730.0,47.0,0.054948680102825165,0.0003,0.10910181701183319,0.0
18427.0,6731.0,47.0,0.07069049775600433,0.0003,0.056946415454149246,0.0
18428.0,6732.0,47.0,0.06119493395090103,0.0003,0.05364889279007912,0.0
18429.0,6733.0,47.0,0.05586231127381325,0.0003,0.12558026611804962,0.0
18430.0,6734.0,47.0,0.06690209358930588,0.0003,0.08774862438440323,0.0
18431.0,6735.0,47.0,0.05108453705906868,0.0003,0.10465273261070251,0.0
18432.0,6736.0,47.0,0.048391759395599365,0.0003,0.05739513412117958,0.0
18433.0,6737.0,47.0,0.053284309804439545,0.0003,0.0990094393491745,0.0
18434.0,6738.0,47.0,0.049460507929325104,0.0003,0.10928115993738174,0.0
18435.0,6739.0,47.0,0.04819072037935257,0.0003,0.13034050166606903,0.0
18436.0,6740.0,47.0,0.049900785088539124,0.0003,0.10524322092533112,0.0
18437.0,6741.0,47.0,0.05138899385929108,0.0003,0.04944125562906265,0.0
18438.0,6742.0,47.0,0.055442340672016144,0.0003,0.03907826542854309,0.0
18439.0,6743.0,47.0,0.04074619710445404,0.0003,0.056923091411590576,0.0
18440.0,6744.0,47.0,0.05076838657259941,0.0003,0.05891970545053482,0.0
18441.0,6745.0,47.0,0.05033720284700394,0.0003,0.07721328735351562,0.0
18442.0,6746.0,47.0,0.05372161790728569,0.0003,0.04220622032880783,0.0
18443.0,6747.0,47.0,0.05465281754732132,0.0003,0.130903959274292,0.0
18444.0,6748.0,47.0,0.04950530827045441,0.0003,0.06541427969932556,0.0
18445.0,6749.0,47.0,0.06103444844484329,0.0003,0.18839313089847565,0.0
18446.0,6750.0,47.0,0.050512269139289856,0.0003,0.027904625982046127,0.0
18447.0,6751.0,47.0,0.053797993808984756,0.0003,0.16308875381946564,0.0
18448.0,6752.0,47.0,0.06540651619434357,0.0003,0.17783357203006744,0.0
18449.0,6753.0,47.0,0.04616779834032059,0.0003,0.17573896050453186,0.0
18450.0,6754.0,47.0,0.0561102069914341,0.0003,0.16688615083694458,0.0
18451.0,6755.0,47.0,0.06121493875980377,0.0003,0.1381807029247284,0.0
18452.0,6756.0,47.0,0.05028281360864639,0.0003,0.19986921548843384,0.0
18453.0,6757.0,47.0,0.05340041220188141,0.0003,0.09333368390798569,0.0
18454.0,6758.0,47.0,0.06344488263130188,0.0003,0.19315840303897858,0.0
18455.0,6759.0,47.0,0.05182876065373421,0.0003,0.044454995542764664,0.0
18456.0,6760.0,47.0,0.052661724388599396,0.0003,0.08488496392965317,0.0
18457.0,6761.0,47.0,0.05607745796442032,0.0003,0.1469339281320572,0.0
18458.0,6762.0,47.0,0.049509286880493164,0.0003,0.11873957514762878,0.0
18459.0,6763.0,47.0,0.04652642831206322,0.0003,0.1135510802268982,0.0
18460.0,6764.0,47.0,0.06501581519842148,0.0003,0.1138153076171875,0.0
18461.0,6765.0,47.0,0.06258252263069153,0.0003,0.08766885101795197,0.0
18462.0,6766.0,47.0,0.04976912960410118,0.0003,0.06330669671297073,0.0
18463.0,6767.0,47.0,0.05719552934169769,0.0003,0.07682441174983978,0.0
18464.0,6768.0,47.0,0.06057913228869438,0.0003,0.09552673250436783,0.0
18465.0,6769.0,47.0,0.06953717023134232,0.0003,0.11510003358125687,0.0
18466.0,6770.0,47.0,0.050825461745262146,0.0003,0.13429714739322662,0.0
18467.0,6771.0,47.0,0.059386245906353,0.0003,0.1140601858496666,0.0
18468.0,6772.0,47.0,0.0641673356294632,0.0003,0.15550822019577026,0.0
18469.0,6773.0,47.0,0.062407515943050385,0.0003,0.08623278886079788,0.0
18470.0,6774.0,47.0,0.05190422385931015,0.0003,0.15645550191402435,0.0
18471.0,6775.0,47.0,0.061806570738554,0.0003,0.08197483420372009,0.0
18472.0,6776.0,47.0,0.06087213009595871,0.0003,0.10764092952013016,0.0
18473.0,6777.0,47.0,0.07020698487758636,0.0003,0.10305742174386978,0.0
18474.0,6778.0,47.0,0.04459204524755478,0.0003,0.07201357930898666,0.0
18475.0,6779.0,47.0,0.05194327235221863,0.0003,0.1631624698638916,0.0
18476.0,6780.0,47.0,0.061619602143764496,0.0003,0.0717039555311203,0.0
18477.0,6781.0,47.0,0.060039445757865906,0.0003,0.19833901524543762,0.0
18478.0,6782.0,47.0,0.04895452782511711,0.0003,0.120599165558815,0.0
18479.0,6783.0,47.0,0.05944737792015076,0.0003,0.21110862493515015,0.0
18480.0,6784.0,47.0,0.06476521492004395,0.0003,0.10129326581954956,0.0
18481.0,6785.0,47.0,0.051075104624032974,0.0003,0.1458422839641571,0.0
18482.0,6786.0,47.0,0.05832012742757797,0.0003,0.08530867844820023,0.0
18483.0,6787.0,47.0,0.06138504669070244,0.0003,0.104253850877285,0.0
18484.0,6788.0,47.0,0.05912329629063606,0.0003,0.1304469257593155,0.0
18485.0,6789.0,47.0,0.055213168263435364,0.0003,0.09616909176111221,0.0
18486.0,6790.0,47.0,0.04927841201424599,0.0003,0.16382385790348053,0.0
18487.0,6791.0,47.0,0.060820072889328,0.0003,0.10489239543676376,0.0
18488.0,6792.0,47.0,0.061575014144182205,0.0003,0.05185450240969658,0.0
18489.0,6793.0,47.0,0.06001394987106323,0.0003,0.2051256150007248,0.0
18490.0,6794.0,47.0,0.05326569080352783,0.0003,0.09436318278312683,0.0
18491.0,6795.0,47.0,0.046523675322532654,0.0003,0.16809049248695374,0.0
18492.0,6796.0,47.0,0.057356320321559906,0.0003,0.09385155886411667,0.0
18493.0,6797.0,47.0,0.05303468182682991,0.0003,0.15260492265224457,0.0
18494.0,6798.0,47.0,0.056142788380384445,0.0003,0.0974947139620781,0.0
18495.0,6799.0,47.0,0.06530073285102844,0.0003,0.14153140783309937,0.0
18496.0,6800.0,47.0,0.0694473534822464,0.0003,0.08116844296455383,0.0
18497.0,6801.0,47.0,0.07127056270837784,0.0003,0.13070863485336304,0.0
18498.0,6802.0,47.0,0.05593134090304375,0.0003,0.1635640412569046,0.0
18499.0,6803.0,47.0,0.06002742424607277,0.0003,0.0961986854672432,0.0
18500.0,6804.0,47.0,0.05528131127357483,0.0003,0.08958746492862701,0.0
18501.0,6805.0,47.0,0.07172898948192596,0.0003,0.09341008216142654,0.0
18502.0,6806.0,47.0,0.06321490556001663,0.0003,0.03848056495189667,0.0
18503.0,6807.0,47.0,0.05708586797118187,0.0003,0.17956465482711792,0.0
18504.0,6808.0,47.0,0.05273769795894623,0.0003,0.10436408221721649,0.0
18505.0,6809.0,47.0,0.06177624315023422,0.0003,0.1577681303024292,0.0
18506.0,6810.0,47.0,0.05451514199376106,0.0003,0.0685034915804863,0.0
18507.0,6811.0,47.0,0.07357671856880188,0.0003,0.09770943969488144,0.0
18508.0,6812.0,47.0,0.05693691968917847,0.0003,0.10455723851919174,0.0
18509.0,6813.0,47.0,0.05108650028705597,0.0003,0.1068241074681282,0.0
18510.0,6814.0,47.0,0.054819121956825256,0.0003,0.11668504774570465,0.0
18511.0,6815.0,47.0,0.054309673607349396,0.0003,0.1235537901520729,0.0
18512.0,6816.0,47.0,0.06062988191843033,0.0003,0.09328249841928482,0.0
18513.0,6817.0,47.0,0.052422452718019485,0.0003,0.08104986697435379,0.0
18514.0,6818.0,47.0,0.06447757035493851,0.0003,0.1551656424999237,0.0
18515.0,6819.0,47.0,0.058003563433885574,0.0003,0.06752592325210571,0.0
18516.0,6820.0,47.0,0.05068596079945564,0.0003,0.07321707904338837,0.0
18517.0,6821.0,47.0,0.04461167752742767,0.0003,0.154052272439003,0.0
18518.0,6822.0,47.0,0.06320150941610336,0.0003,0.059991925954818726,0.0
18519.0,6823.0,47.0,0.07289302349090576,0.0003,0.09350187331438065,0.0
18520.0,6824.0,47.0,0.06116100400686264,0.0003,0.09445421397686005,0.0
18521.0,6825.0,47.0,0.06510797142982483,0.0003,0.05535571649670601,0.0
18522.0,6826.0,47.0,0.05400566756725311,0.0003,0.08719241619110107,0.0
18523.0,6827.0,47.0,0.054638564586639404,0.0003,0.06974738836288452,0.0
18524.0,6828.0,47.0,0.055589549243450165,0.0003,0.11143049597740173,0.0
18525.0,6829.0,47.0,0.0486287884414196,0.0003,0.04379319027066231,0.0
18526.0,6830.0,47.0,0.06508141756057739,0.0003,0.14928537607192993,0.0
18527.0,6831.0,47.0,0.04430367797613144,0.0003,0.10814081132411957,0.0
18528.0,6832.0,47.0,0.050001855939626694,0.0003,0.04670969396829605,0.0
18529.0,6833.0,47.0,0.05366550013422966,0.0003,0.09893094003200531,0.0
18530.0,6834.0,47.0,0.05215783789753914,0.0003,0.07198724150657654,0.0
18531.0,6835.0,47.0,0.049911633133888245,0.0003,0.10714272409677505,0.0
18532.0,6836.0,47.0,0.06662824749946594,0.0003,0.08147589862346649,0.0
18533.0,6837.0,47.0,0.05106884241104126,0.0003,0.08252374082803726,0.0
18534.0,6838.0,47.0,0.07282757759094238,0.0003,0.1273825466632843,0.0
18535.0,6839.0,47.0,0.0637565553188324,0.0003,0.07080675661563873,0.0
18536.0,6840.0,47.0,0.055077362805604935,0.0003,0.11089658737182617,0.0
18537.0,6841.0,47.0,0.05675714462995529,0.0003,0.09166856855154037,0.0
18538.0,6842.0,47.0,0.057943522930145264,0.0003,0.10628959536552429,0.0
18539.0,6843.0,47.0,0.062065377831459045,0.0003,0.09908050298690796,0.0
18540.0,6844.0,47.0,0.04996848106384277,0.0003,0.09620416164398193,0.0
18541.0,6845.0,47.0,0.05543310195207596,0.0003,0.08265019953250885,0.0
18542.0,6846.0,47.0,0.061090704053640366,0.0003,0.10719649493694305,0.0
18543.0,6847.0,47.0,0.055548228323459625,0.0003,0.07221820950508118,0.0
18544.0,6848.0,47.0,0.05724295973777771,0.0003,0.09921489655971527,0.0
18545.0,6849.0,47.0,0.05086531490087509,0.0003,0.040255866944789886,0.0
18546.0,6850.0,47.0,0.06969845294952393,0.0003,0.04609845206141472,0.0
18547.0,6851.0,47.0,0.04717979580163956,0.0003,0.10963620245456696,0.0
18548.0,6852.0,47.0,0.07733089476823807,0.0003,0.08523847162723541,0.0
18549.0,6853.0,47.0,0.05511188879609108,0.0003,0.11207101494073868,0.0
18550.0,6854.0,47.0,0.05294058471918106,0.0003,0.0973069965839386,0.0
18551.0,6855.0,47.0,0.037779029458761215,0.0003,0.08654101192951202,0.0
18552.0,6856.0,47.0,0.05574900656938553,0.0003,0.1420152187347412,0.0
18553.0,6857.0,47.0,0.07276240736246109,0.0003,0.06864620745182037,0.0
18554.0,6858.0,47.0,0.054021913558244705,0.0003,0.14285770058631897,0.0
18555.0,6859.0,47.0,0.061892759054899216,0.0003,0.10246215760707855,0.0
18556.0,6860.0,47.0,0.070808544754982,0.0003,0.07706642895936966,0.0
18557.0,6861.0,47.0,0.06486198306083679,0.0003,0.08219591528177261,0.0
18558.0,6862.0,47.0,0.06099225953221321,0.0003,0.07081680744886398,0.0
18559.0,6863.0,47.0,0.07494594156742096,0.0003,0.06189873069524765,0.0
18560.0,6864.0,47.0,0.057120516896247864,0.0003,0.15162591636180878,0.0
18561.0,6865.0,47.0,0.046639688313007355,0.0003,0.05918142944574356,0.0
18562.0,6866.0,47.0,0.06424478441476822,0.0003,0.1524006873369217,0.0
18563.0,6867.0,47.0,0.052501145750284195,0.0003,0.043017592281103134,0.0
18564.0,6868.0,47.0,0.05501686781644821,0.0003,0.19821637868881226,0.0
18565.0,6869.0,47.0,0.05865604430437088,0.0003,0.04740406572818756,0.0
18566.0,6870.0,47.0,0.04601949453353882,0.0003,0.1486571580171585,0.0
18567.0,6871.0,47.0,0.05355995148420334,0.0003,0.07652734220027924,0.0
18568.0,6872.0,47.0,0.061381787061691284,0.0003,0.14052417874336243,0.0
18569.0,6873.0,47.0,0.06403284519910812,0.0003,0.1757563054561615,0.0
18570.0,6874.0,47.0,0.06567110121250153,0.0003,0.13956785202026367,0.0
18571.0,6875.0,47.0,0.061043888330459595,0.0003,0.1363404244184494,0.0
18572.0,6876.0,47.0,0.06343118846416473,0.0003,0.11956939846277237,0.0
18573.0,6877.0,47.0,0.06425806879997253,0.0003,0.08757270872592926,0.0
18574.0,6878.0,47.0,0.054817117750644684,0.0003,0.13407593965530396,0.0
18575.0,6879.0,47.0,0.05399269610643387,0.0003,0.10032659024000168,0.0
18576.0,6880.0,47.0,0.05684361979365349,0.0003,0.1631327122449875,0.0
18577.0,6881.0,47.0,0.061507001519203186,0.0003,0.13041755557060242,0.0
18578.0,6882.0,47.0,0.05688042938709259,0.0003,0.19819863140583038,0.0
18579.0,6883.0,47.0,0.06547977030277252,0.0003,0.20171116292476654,0.0
18580.0,6884.0,47.0,0.0640033408999443,0.0003,0.14988955855369568,0.0
18581.0,6885.0,47.0,0.05077868700027466,0.0003,0.2868571877479553,0.0
18582.0,6886.0,47.0,0.0634421855211258,0.0003,0.13892945647239685,0.0
18583.0,6887.0,47.0,0.0663091391324997,0.0003,0.30389586091041565,0.0
18584.0,6888.0,47.0,0.05158263072371483,0.0003,0.1264968365430832,0.0
18585.0,6889.0,47.0,0.05137714371085167,0.0003,0.2677428126335144,0.0
18586.0,6890.0,47.0,0.0453687347471714,0.0003,0.13358573615550995,0.0
18587.0,6891.0,47.0,0.05364511162042618,0.0003,0.15694387257099152,0.0
18588.0,6892.0,47.0,0.05298552289605141,0.0003,0.15949155390262604,0.0
18589.0,6893.0,47.0,0.05509064719080925,0.0003,0.16783380508422852,0.0
18590.0,6894.0,47.0,0.07033342123031616,0.0003,0.17245379090309143,0.0
18591.0,6895.0,47.0,0.06161598861217499,0.0003,0.1853167712688446,0.0
18592.0,6896.0,47.0,0.04763398319482803,0.0003,0.11286256462335587,0.0
18593.0,6897.0,47.0,0.05316422879695892,0.0003,0.16875727474689484,0.0
18594.0,6898.0,47.0,0.06310363113880157,0.0003,0.10579933971166611,0.0
18595.0,6899.0,47.0,0.06304647028446198,0.0003,0.13454118371009827,0.0
18596.0,6900.0,47.0,0.0680694580078125,0.0003,0.11462482810020447,0.0
18597.0,6901.0,47.0,0.050415996462106705,0.0003,0.13255800306797028,0.0
18598.0,6902.0,47.0,0.06184450536966324,0.0003,0.12763379514217377,0.0
18599.0,6903.0,47.0,0.04825213551521301,0.0003,0.12478037178516388,0.0
18600.0,6904.0,47.0,0.04742603003978729,0.0003,0.11486007273197174,0.0
18601.0,6905.0,47.0,0.04346323758363724,0.0003,0.08414224535226822,0.0
18602.0,6906.0,47.0,0.06167036294937134,0.0003,0.06211218237876892,0.0
18603.0,6907.0,47.0,0.06400424242019653,0.0003,0.143570214509964,0.0
18604.0,6908.0,47.0,0.04847697913646698,0.0003,0.11131080985069275,0.0
18605.0,6909.0,47.0,0.058806151151657104,0.0003,0.14613398909568787,0.0
18606.0,6910.0,47.0,0.05579768866300583,0.0003,0.12445057928562164,0.0
18607.0,6911.0,47.0,0.061539098620414734,0.0003,0.13948358595371246,0.0
18608.0,6912.0,47.0,0.06307913362979889,0.0003,0.14732709527015686,0.0
18609.0,6913.0,47.0,0.05255578085780144,0.0003,0.07405006885528564,0.0
18610.0,6914.0,47.0,0.054749954491853714,0.0003,0.12272408604621887,0.0
18611.0,6915.0,47.0,0.05918760970234871,0.0003,0.134126216173172,0.0
18612.0,6916.0,47.0,0.0584573857486248,0.0003,0.12583686411380768,0.0
18613.0,6917.0,47.0,0.04637033864855766,0.0003,0.1857547163963318,0.0
18614.0,6918.0,47.0,0.05858548730611801,0.0003,0.16265326738357544,0.0
18615.0,6919.0,47.0,0.05980989336967468,0.0003,0.2018110305070877,0.0
18616.0,6920.0,47.0,0.06993958353996277,0.0003,0.1148466095328331,0.0
18617.0,6921.0,47.0,0.0717504695057869,0.0003,0.15777762234210968,0.0
18618.0,6922.0,47.0,0.05298154801130295,0.0003,0.14063890278339386,0.0
18619.0,6923.0,47.0,0.052605099976062775,0.0003,0.1872318685054779,0.0
18620.0,6924.0,47.0,0.05996529012918472,0.0003,0.1286812573671341,0.0
18621.0,6925.0,47.0,0.04850289598107338,0.0003,0.18330338597297668,0.0
18622.0,6926.0,47.0,0.04823338985443115,0.0003,0.16280734539031982,0.0
18623.0,6927.0,47.0,0.04610690101981163,0.0003,0.13520121574401855,0.0
18624.0,6928.0,47.0,0.05773144215345383,0.0003,0.1455632746219635,0.0
18625.0,6929.0,47.0,0.06421860307455063,0.0003,0.06658889353275299,0.0
18626.0,6930.0,47.0,0.05717272311449051,0.0003,0.10079945623874664,0.0
18627.0,6931.0,47.0,0.06441178917884827,0.0003,0.07284627109766006,0.0
18628.0,6932.0,47.0,0.043790753930807114,0.0003,0.16165795922279358,0.0
18629.0,6933.0,47.0,0.056455228477716446,0.0003,0.07256495207548141,0.0
18630.0,6934.0,47.0,0.06443708389997482,0.0003,0.133172407746315,0.0
18631.0,6935.0,47.0,0.05352135747671127,0.0003,0.10671897232532501,0.0
18632.0,6936.0,47.0,0.06874725222587585,0.0003,0.09788451343774796,0.0
18633.0,6937.0,47.0,0.06119288504123688,0.0003,0.1573716551065445,0.0
18634.0,6938.0,47.0,0.06549549102783203,0.0003,0.07059038430452347,0.0
18635.0,6939.0,47.0,0.05760575085878372,0.0003,0.18975630402565002,0.0
18636.0,6940.0,47.0,0.06875346601009369,0.0003,0.07165057957172394,0.0
18637.0,6941.0,47.0,0.05303923040628433,0.0003,0.1816600114107132,0.0
18638.0,6942.0,47.0,0.059106677770614624,0.0003,0.10514267534017563,0.0
18639.0,6943.0,47.0,0.050808973610401154,0.0003,0.15241239964962006,0.0
18640.0,6944.0,47.0,0.06680706143379211,0.0003,0.13133001327514648,0.0
18641.0,6945.0,47.0,0.06641698628664017,0.0003,0.15433982014656067,0.0
18642.0,6946.0,47.0,0.06054462492465973,0.0003,0.10473456978797913,0.0
18643.0,6947.0,47.0,0.053157538175582886,0.0003,0.09370987117290497,0.0
18644.0,6948.0,47.0,0.0456913486123085,0.0003,0.16099518537521362,0.0
18645.0,6949.0,47.0,0.05378231406211853,0.0003,0.08201213926076889,0.0
18646.0,6950.0,47.0,0.061563946306705475,0.0003,0.11542917042970657,0.0
18647.0,6951.0,47.0,0.05102486163377762,0.0003,0.06207704916596413,0.0
18648.0,6952.0,47.0,0.0655844658613205,0.0003,0.11722355335950851,0.0
18649.0,6953.0,47.0,0.05528295040130615,0.0003,0.07656797766685486,0.0
18650.0,6954.0,47.0,0.05180038511753082,0.0003,0.10303718596696854,0.0
18651.0,6955.0,47.0,0.06643780320882797,0.0003,0.04988110437989235,0.0
18652.0,6956.0,47.0,0.04418083280324936,0.0003,0.02618708275258541,0.0
18653.0,6957.0,47.0,0.041761331260204315,0.0003,0.12228911370038986,0.0
18654.0,6958.0,47.0,0.05535079166293144,0.0003,0.06513568013906479,0.0
18655.0,6959.0,47.0,0.0576644167304039,0.0003,0.15085500478744507,0.0
18656.0,6960.0,47.0,0.06397745013237,0.0003,0.07875889539718628,0.0
18657.0,6961.0,47.0,0.05584656074643135,0.0003,0.04430466517806053,0.0
18658.0,6962.0,47.0,0.04865992069244385,0.0003,0.12352859973907471,0.0
18659.0,6963.0,47.0,0.0524844191968441,0.0003,0.035006437450647354,0.0
18660.0,6964.0,47.0,0.055627334862947464,0.0003,0.1281045526266098,0.0
18661.0,6965.0,47.0,0.05859620124101639,0.0003,0.033998582512140274,0.0
18662.0,6966.0,47.0,0.061250798404216766,0.0003,0.08000078797340393,0.0
18663.0,6967.0,47.0,0.06214422732591629,0.0003,0.07484511286020279,0.0
18664.0,6968.0,47.0,0.04933317005634308,0.0003,0.06821612268686295,0.0
18665.0,6969.0,47.0,0.0470055416226387,0.0003,0.08533952385187149,0.0
18666.0,6970.0,47.0,0.055824317038059235,0.0003,0.11942480504512787,0.0
18667.0,6971.0,47.0,0.061989326030015945,0.0003,0.15751351416110992,0.0
18668.0,6972.0,47.0,0.061642151325941086,0.0003,0.11308938264846802,0.0
18669.0,6973.0,47.0,0.044235967099666595,0.0003,0.1042911559343338,0.0
18670.0,6974.0,47.0,0.05234100669622421,0.0003,0.19933035969734192,0.0
18671.0,6975.0,47.0,0.05289723351597786,0.0003,0.049159299582242966,0.0
18672.0,6976.0,47.0,0.05629882961511612,0.0003,0.15336982905864716,0.0
18673.0,6977.0,47.0,0.05586282163858414,0.0003,0.05695664882659912,0.0
18674.0,6978.0,47.0,0.05121903494000435,0.0003,0.08200717717409134,0.0
18675.0,6979.0,47.0,0.054434772580862045,0.0003,0.13028106093406677,0.0
18676.0,6980.0,47.0,0.06536715477705002,0.0003,0.09294633567333221,0.0
18677.0,6981.0,47.0,0.05945275351405144,0.0003,0.1441929191350937,0.0
18678.0,6982.0,47.0,0.05368145555257797,0.0003,0.10546628385782242,0.0
18679.0,6983.0,47.0,0.04634722322225571,0.0003,0.1812470704317093,0.0
18680.0,6984.0,47.0,0.05686667561531067,0.0003,0.10851110517978668,0.0
18681.0,6985.0,47.0,0.05393199622631073,0.0003,0.1032247394323349,0.0
18682.0,6986.0,47.0,0.0723966583609581,0.0003,0.18553104996681213,0.0
18683.0,6987.0,47.0,0.04980325698852539,0.0003,0.09132430702447891,0.0
18684.0,6988.0,47.0,0.06142598018050194,0.0003,0.10779129713773727,0.0
18685.0,6989.0,47.0,0.05851881206035614,0.0003,0.09485471248626709,0.0
18686.0,6990.0,47.0,0.06494925916194916,0.0003,0.0729292780160904,0.0
18687.0,6991.0,47.0,0.04386167600750923,0.0003,0.09441791474819183,0.0
18688.0,6992.0,47.0,0.06533074378967285,0.0003,0.0766650065779686,0.0
18689.0,6993.0,47.0,0.05731175094842911,0.0003,0.1447678506374359,0.0
18690.0,6994.0,47.0,0.057612307369709015,0.0003,0.1093430370092392,0.0
18691.0,6995.0,47.0,0.0561637245118618,0.0003,0.08780544251203537,0.0
18692.0,6996.0,47.0,0.05134468898177147,0.0003,0.09798280894756317,0.0
18693.0,6997.0,47.0,0.05381171405315399,0.0003,0.045212727040052414,0.0
18694.0,6998.0,47.0,0.05282263830304146,0.0003,0.0891302227973938,0.0
18695.0,6999.0,47.0,0.06517614424228668,0.0003,0.03898414596915245,0.0
18696.0,7000.0,47.0,0.05618082731962204,0.0003,0.08290895819664001,0.0
18697.0,7001.0,47.0,0.058113258332014084,0.0003,0.13477493822574615,0.0
18698.0,7002.0,47.0,0.045697662979364395,0.0003,0.07639050483703613,0.0
18699.0,7003.0,47.0,0.05484755337238312,0.0003,0.13195212185382843,0.0
18700.0,7004.0,47.0,0.04768256098031998,0.0003,0.04609069600701332,0.0
18701.0,7005.0,47.0,0.059919316321611404,0.0003,0.08777625858783722,0.0
18702.0,7006.0,47.0,0.04715282469987869,0.0003,0.12895764410495758,0.0
18703.0,7007.0,47.0,0.0542118139564991,0.0003,0.06969247758388519,0.0
18704.0,7008.0,47.0,0.05946514382958412,0.0003,0.1876135766506195,0.0
18705.0,7009.0,47.0,0.050073519349098206,0.0003,0.12473225593566895,0.0
18706.0,7010.0,47.0,0.05431448668241501,0.0003,0.20322947204113007,0.0
18707.0,7011.0,47.0,0.05776142701506615,0.0003,0.08977316319942474,0.0
18708.0,7012.0,47.0,0.05256422981619835,0.0003,0.13095898926258087,0.0
18709.0,7013.0,47.0,0.05290036275982857,0.0003,0.09881841391324997,0.0
18710.0,7014.0,47.0,0.05852263793349266,0.0003,0.06618104875087738,0.0
18711.0,7015.0,47.0,0.04846643656492233,0.0003,0.08745956420898438,0.0
18712.0,7016.0,47.0,0.05603772774338722,0.0003,0.138660728931427,0.0
18713.0,7017.0,47.0,0.053480081260204315,0.0003,0.05347016826272011,0.0
18714.0,7018.0,47.0,0.055710822343826294,0.0003,0.11524566262960434,0.0
18715.0,7019.0,47.0,0.05518338084220886,0.0003,0.08787798881530762,0.0
18716.0,7020.0,47.0,0.0693005621433258,0.0003,0.1122327372431755,0.0
18717.0,7021.0,48.0,0.04940001666545868,0.0003,0.12286383658647537,0.0
18718.0,7022.0,48.0,0.04639856517314911,0.0003,0.11556066572666168,0.0
18719.0,7023.0,48.0,0.0605444461107254,0.0003,0.10148373991250992,0.0
18720.0,7024.0,48.0,0.048816483467817307,0.0003,0.10480727255344391,0.0
18721.0,7025.0,48.0,0.05309542268514633,0.0003,0.09491810202598572,0.0
18722.0,7026.0,48.0,0.05277945101261139,0.0003,0.07115743309259415,0.0
18723.0,7027.0,48.0,0.04979632794857025,0.0003,0.06930837780237198,0.0
18724.0,7028.0,48.0,0.05241697281599045,0.0003,0.06482233852148056,0.0
18725.0,7029.0,48.0,0.05289696156978607,0.0003,0.07008903473615646,0.0
18726.0,7030.0,48.0,0.045470595359802246,0.0003,0.06725811958312988,0.0
18727.0,7031.0,48.0,0.051546066999435425,0.0003,0.04618840664625168,0.0
18728.0,7032.0,48.0,0.0647692009806633,0.0003,0.06941977888345718,0.0
18729.0,7033.0,48.0,0.06929412484169006,0.0003,0.06880313903093338,0.0
18730.0,7034.0,48.0,0.05785582214593887,0.0003,0.10026916861534119,0.0
18731.0,7035.0,48.0,0.05030665546655655,0.0003,0.10653936862945557,0.0
18732.0,7036.0,48.0,0.06864876300096512,0.0003,0.10977514833211899,0.0
18733.0,7037.0,48.0,0.05199470371007919,0.0003,0.08095204830169678,0.0
18734.0,7038.0,48.0,0.05329303443431854,0.0003,0.13528139889240265,0.0
18735.0,7039.0,48.0,0.06532809138298035,0.0003,0.054560884833335876,0.0
18736.0,7040.0,48.0,0.06292923539876938,0.0003,0.09937527030706406,0.0
18737.0,7041.0,48.0,0.06614135950803757,0.0003,0.07539525628089905,0.0
18738.0,7042.0,48.0,0.05375468730926514,0.0003,0.06492476910352707,0.0
18739.0,7043.0,48.0,0.054960545152425766,0.0003,0.08836973458528519,0.0
18740.0,7044.0,48.0,0.05640892684459686,0.0003,0.050302982330322266,0.0
18741.0,7045.0,48.0,0.046180419623851776,0.0003,0.12981560826301575,0.0
18742.0,7046.0,48.0,0.07380244135856628,0.0003,0.05898145213723183,0.0
18743.0,7047.0,48.0,0.06574662029743195,0.0003,0.12130394577980042,0.0
18744.0,7048.0,48.0,0.0814434140920639,0.0003,0.06487316638231277,0.0
18745.0,7049.0,48.0,0.048937439918518066,0.0003,0.12172792106866837,0.0
18746.0,7050.0,48.0,0.06363890320062637,0.0003,0.06313477456569672,0.0
18747.0,7051.0,48.0,0.043173693120479584,0.0003,0.12121128290891647,0.0
18748.0,7052.0,48.0,0.05565427988767624,0.0003,0.04552188888192177,0.0
18749.0,7053.0,48.0,0.06704983115196228,0.0003,0.08486207574605942,0.0
18750.0,7054.0,48.0,0.048289358615875244,0.0003,0.06203106790781021,0.0
18751.0,7055.0,48.0,0.07206562906503677,0.0003,0.07476799935102463,0.0
18752.0,7056.0,48.0,0.058192383497953415,0.0003,0.1108516976237297,0.0
18753.0,7057.0,48.0,0.0544898584485054,0.0003,0.07669059932231903,0.0
18754.0,7058.0,48.0,0.059709060937166214,0.0003,0.13413245975971222,0.0
18755.0,7059.0,48.0,0.055177874863147736,0.0003,0.060149528086185455,0.0
18756.0,7060.0,48.0,0.06452000141143799,0.0003,0.14501947164535522,0.0
18757.0,7061.0,48.0,0.060133978724479675,0.0003,0.048312872648239136,0.0
18758.0,7062.0,48.0,0.05541768670082092,0.0003,0.1860075742006302,0.0
18759.0,7063.0,48.0,0.05003543198108673,0.0003,0.05164133012294769,0.0
18760.0,7064.0,48.0,0.05688383802771568,0.0003,0.20899786055088043,0.0
18761.0,7065.0,48.0,0.05029270052909851,0.0003,0.07257051020860672,0.0
18762.0,7066.0,48.0,0.05430047959089279,0.0003,0.15585696697235107,0.0
18763.0,7067.0,48.0,0.05282816290855408,0.0003,0.09188645333051682,0.0
18764.0,7068.0,48.0,0.05627740919589996,0.0003,0.10524659603834152,0.0
18765.0,7069.0,48.0,0.052412211894989014,0.0003,0.0940847396850586,0.0
18766.0,7070.0,48.0,0.0415412038564682,0.0003,0.1346256285905838,0.0
18767.0,7071.0,48.0,0.049546293914318085,0.0003,0.038628172129392624,0.0
18768.0,7072.0,48.0,0.07168546319007874,0.0003,0.12093628197908401,0.0
18769.0,7073.0,48.0,0.061444614082574844,0.0003,0.03375288099050522,0.0
18770.0,7074.0,48.0,0.06507705897092819,0.0003,0.14854635298252106,0.0
18771.0,7075.0,48.0,0.05793359875679016,0.0003,0.08024018257856369,0.0
18772.0,7076.0,48.0,0.04713750258088112,0.0003,0.13861162960529327,0.0
18773.0,7077.0,48.0,0.060099028050899506,0.0003,0.14544419944286346,0.0
18774.0,7078.0,48.0,0.05869701877236366,0.0003,0.14136268198490143,0.0
18775.0,7079.0,48.0,0.05672984570264816,0.0003,0.2058209925889969,0.0
18776.0,7080.0,48.0,0.054773371666669846,0.0003,0.09060857445001602,0.0
18777.0,7081.0,48.0,0.06068844720721245,0.0003,0.23095831274986267,0.0
18778.0,7082.0,48.0,0.04697343707084656,0.0003,0.04696468263864517,0.0
18779.0,7083.0,48.0,0.05578374117612839,0.0003,0.24135731160640717,0.0
18780.0,7084.0,48.0,0.046809159219264984,0.0003,0.0704767182469368,0.0
18781.0,7085.0,48.0,0.04041421413421631,0.0003,0.22951647639274597,0.0
18782.0,7086.0,48.0,0.048958078026771545,0.0003,0.10939668864011765,0.0
18783.0,7087.0,48.0,0.052938759326934814,0.0003,0.1566159725189209,0.0
18784.0,7088.0,48.0,0.05327390134334564,0.0003,0.1517861783504486,0.0
18785.0,7089.0,48.0,0.05618387460708618,0.0003,0.1885979175567627,0.0
18786.0,7090.0,48.0,0.05170951038599014,0.0003,0.053404539823532104,0.0
18787.0,7091.0,48.0,0.05205598846077919,0.0003,0.19708102941513062,0.0
18788.0,7092.0,48.0,0.05562398582696915,0.0003,0.07626988738775253,0.0
18789.0,7093.0,48.0,0.0518636591732502,0.0003,0.27304238080978394,0.0
18790.0,7094.0,48.0,0.06933306157588959,0.0003,0.07981808483600616,0.0
18791.0,7095.0,48.0,0.04955964535474777,0.0003,0.17863257229328156,0.0
18792.0,7096.0,48.0,0.04898345470428467,0.0003,0.14334556460380554,0.0
18793.0,7097.0,48.0,0.06261016428470612,0.0003,0.14027594029903412,0.0
18794.0,7098.0,48.0,0.059248991310596466,0.0003,0.16417323052883148,0.0
18795.0,7099.0,48.0,0.051724012941122055,0.0003,0.193992018699646,0.0
18796.0,7100.0,48.0,0.057397641241550446,0.0003,0.14780937135219574,0.0
18797.0,7101.0,48.0,0.0621047168970108,0.0003,0.17605651915073395,0.0
18798.0,7102.0,48.0,0.06568485498428345,0.0003,0.20735812187194824,0.0
18799.0,7103.0,48.0,0.050811558961868286,0.0003,0.14418376982212067,0.0
18800.0,7104.0,48.0,0.04813024401664734,0.0003,0.2745017409324646,0.0
18801.0,7105.0,48.0,0.05787234753370285,0.0003,0.1639011651277542,0.0
18802.0,7106.0,48.0,0.04639366269111633,0.0003,0.2659848630428314,0.0
18803.0,7107.0,48.0,0.05676353722810745,0.0003,0.0914594829082489,0.0
18804.0,7108.0,48.0,0.0527852438390255,0.0003,0.19997714459896088,0.0
18805.0,7109.0,48.0,0.05313180387020111,0.0003,0.10613346099853516,0.0
18806.0,7110.0,48.0,0.04554866999387741,0.0003,0.12548859417438507,0.0
18807.0,7111.0,48.0,0.0640193447470665,0.0003,0.14956314861774445,0.0
18808.0,7112.0,48.0,0.0480952188372612,0.0003,0.045578304678201675,0.0
18809.0,7113.0,48.0,0.05022798851132393,0.0003,0.19967016577720642,0.0
18810.0,7114.0,48.0,0.04294031858444214,0.0003,0.0647369995713234,0.0
18811.0,7115.0,48.0,0.05675473064184189,0.0003,0.20810246467590332,0.0
18812.0,7116.0,48.0,0.04659700766205788,0.0003,0.12062150239944458,0.0
18813.0,7117.0,48.0,0.04544973373413086,0.0003,0.15226924419403076,0.0
18814.0,7118.0,48.0,0.057488732039928436,0.0003,0.16278821229934692,0.0
18815.0,7119.0,48.0,0.054386306554079056,0.0003,0.10631997138261795,0.0
18816.0,7120.0,48.0,0.046049412339925766,0.0003,0.13626159727573395,0.0
18817.0,7121.0,48.0,0.0515664741396904,0.0003,0.05992908030748367,0.0
18818.0,7122.0,48.0,0.0533260814845562,0.0003,0.22480784356594086,0.0
18819.0,7123.0,48.0,0.04232906550168991,0.0003,0.0783705934882164,0.0
18820.0,7124.0,48.0,0.06489831209182739,0.0003,0.24420326948165894,0.0
18821.0,7125.0,48.0,0.06119251251220703,0.0003,0.06296968460083008,0.0
18822.0,7126.0,48.0,0.05461375415325165,0.0003,0.1281922608613968,0.0
18823.0,7127.0,48.0,0.048103637993335724,0.0003,0.09361732751131058,0.0
18824.0,7128.0,48.0,0.05634922906756401,0.0003,0.08333934843540192,0.0
18825.0,7129.0,48.0,0.05596929043531418,0.0003,0.09534230828285217,0.0
18826.0,7130.0,48.0,0.06640955805778503,0.0003,0.07533957809209824,0.0
18827.0,7131.0,48.0,0.05295085534453392,0.0003,0.13680925965309143,0.0
18828.0,7132.0,48.0,0.05117114633321762,0.0003,0.09742561727762222,0.0
18829.0,7133.0,48.0,0.051045674830675125,0.0003,0.09520477056503296,0.0
18830.0,7134.0,48.0,0.07423326373100281,0.0003,0.1191936582326889,0.0
18831.0,7135.0,48.0,0.045879289507865906,0.0003,0.10431691259145737,0.0
18832.0,7136.0,48.0,0.056627560406923294,0.0003,0.13041895627975464,0.0
18833.0,7137.0,48.0,0.054042890667915344,0.0003,0.11176665872335434,0.0
18834.0,7138.0,48.0,0.06223239749670029,0.0003,0.1240348145365715,0.0
18835.0,7139.0,48.0,0.05905439704656601,0.0003,0.09198997169733047,0.0
18836.0,7140.0,48.0,0.07462023198604584,0.0003,0.17127428948879242,0.0
18837.0,7141.0,48.0,0.06092480197548866,0.0003,0.1300130933523178,0.0
18838.0,7142.0,48.0,0.05637016147375107,0.0003,0.17761464416980743,0.0
18839.0,7143.0,48.0,0.05695866048336029,0.0003,0.18579573929309845,0.0
18840.0,7144.0,48.0,0.06346609443426132,0.0003,0.07180916517972946,0.0
18841.0,7145.0,48.0,0.046752072870731354,0.0003,0.16690310835838318,0.0
18842.0,7146.0,48.0,0.05774097889661789,0.0003,0.08062373101711273,0.0
18843.0,7147.0,48.0,0.05390394106507301,0.0003,0.15207016468048096,0.0
18844.0,7148.0,48.0,0.0592789426445961,0.0003,0.04802047088742256,0.0
18845.0,7149.0,48.0,0.05437763035297394,0.0003,0.12530189752578735,0.0
18846.0,7150.0,48.0,0.05440353974699974,0.0003,0.09277611970901489,0.0
18847.0,7151.0,48.0,0.04433583468198776,0.0003,0.11592317372560501,0.0
18848.0,7152.0,48.0,0.06415793299674988,0.0003,0.13033370673656464,0.0
18849.0,7153.0,48.0,0.048663947731256485,0.0003,0.08325858414173126,0.0
18850.0,7154.0,48.0,0.05599518120288849,0.0003,0.11809749901294708,0.0
18851.0,7155.0,48.0,0.06367240846157074,0.0003,0.053001489490270615,0.0
18852.0,7156.0,48.0,0.056621044874191284,0.0003,0.18226708471775055,0.0
18853.0,7157.0,48.0,0.052309051156044006,0.0003,0.08650048077106476,0.0
18854.0,7158.0,48.0,0.06989699602127075,0.0003,0.2240077704191208,0.0
18855.0,7159.0,48.0,0.0424363911151886,0.0003,0.12161876261234283,0.0
18856.0,7160.0,48.0,0.05244171619415283,0.0003,0.18791842460632324,0.0
18857.0,7161.0,48.0,0.058566052466630936,0.0003,0.1079476848244667,0.0
18858.0,7162.0,48.0,0.05412041395902634,0.0003,0.13477343320846558,0.0
18859.0,7163.0,48.0,0.05500144511461258,0.0003,0.16438648104667664,0.0
18860.0,7164.0,48.0,0.05800116807222366,0.0003,0.14617279171943665,0.0
18861.0,7165.0,48.0,0.05137896165251732,0.0003,0.1455688625574112,0.0
18862.0,7166.0,48.0,0.06410718709230423,0.0003,0.1134570762515068,0.0
18863.0,7167.0,48.0,0.061841901391744614,0.0003,0.14462359249591827,0.0
18864.0,7168.0,48.0,0.05191807821393013,0.0003,0.10878115892410278,0.0
18865.0,7169.0,48.0,0.05869973078370094,0.0003,0.1735025942325592,0.0
18866.0,7170.0,48.0,0.061956875026226044,0.0003,0.053425006568431854,0.0
18867.0,7171.0,48.0,0.059497565031051636,0.0003,0.12744393944740295,0.0
18868.0,7172.0,48.0,0.04890996217727661,0.0003,0.10874875634908676,0.0
18869.0,7173.0,48.0,0.05094040930271149,0.0003,0.09859249740839005,0.0
18870.0,7174.0,48.0,0.07154882699251175,0.0003,0.08408106863498688,0.0
18871.0,7175.0,48.0,0.04785658046603203,0.0003,0.03975262865424156,0.0
18872.0,7176.0,48.0,0.06198250502347946,0.0003,0.10860489308834076,0.0
18873.0,7177.0,48.0,0.06311433762311935,0.0003,0.09787606447935104,0.0
18874.0,7178.0,48.0,0.06384611129760742,0.0003,0.10342364758253098,0.0
18875.0,7179.0,48.0,0.05571775138378143,0.0003,0.06651952862739563,0.0
18876.0,7180.0,48.0,0.05448160693049431,0.0003,0.0683361291885376,0.0
18877.0,7181.0,48.0,0.05499386414885521,0.0003,0.07454114407300949,0.0
18878.0,7182.0,48.0,0.05380113795399666,0.0003,0.04126058518886566,0.0
18879.0,7183.0,48.0,0.05636350437998772,0.0003,0.0989745482802391,0.0
18880.0,7184.0,48.0,0.06135910749435425,0.0003,0.030402326956391335,0.0
18881.0,7185.0,48.0,0.060505304485559464,0.0003,0.11096073687076569,0.0
18882.0,7186.0,48.0,0.05517367273569107,0.0003,0.050641853362321854,0.0
18883.0,7187.0,48.0,0.06709128618240356,0.0003,0.10237137973308563,0.0
18884.0,7188.0,48.0,0.0654052123427391,0.0003,0.06935515999794006,0.0
18885.0,7189.0,48.0,0.07153746485710144,0.0003,0.18050676584243774,0.0
18886.0,7190.0,48.0,0.06848739087581635,0.0003,0.07838080823421478,0.0
18887.0,7191.0,48.0,0.05543939396739006,0.0003,0.13630321621894836,0.0
18888.0,7192.0,48.0,0.05581993609666824,0.0003,0.08884286135435104,0.0
18889.0,7193.0,48.0,0.05416867882013321,0.0003,0.09608326852321625,0.0
18890.0,7194.0,48.0,0.057142116129398346,0.0003,0.08587794750928879,0.0
18891.0,7195.0,48.0,0.06091337278485298,0.0003,0.09836333245038986,0.0
18892.0,7196.0,48.0,0.049056537449359894,0.0003,0.04890758544206619,0.0
18893.0,7197.0,48.0,0.05116032436490059,0.0003,0.123693086206913,0.0
18894.0,7198.0,48.0,0.04333721846342087,0.0003,0.04366970807313919,0.0
18895.0,7199.0,48.0,0.04493388533592224,0.0003,0.09684736281633377,0.0
18896.0,7200.0,48.0,0.051934901624917984,0.0003,0.04411090165376663,0.0
18897.0,7201.0,48.0,0.06073018163442612,0.0003,0.062485165894031525,0.0
18898.0,7202.0,48.0,0.06188352033495903,0.0003,0.07500598579645157,0.0
18899.0,7203.0,48.0,0.057972054928541183,0.0003,0.06846323609352112,0.0
18900.0,7204.0,48.0,0.05435735732316971,0.0003,0.10617642104625702,0.0
18901.0,7205.0,48.0,0.05002693831920624,0.0003,0.09247289597988129,0.0
18902.0,7206.0,48.0,0.0592961460351944,0.0003,0.09982065111398697,0.0
18903.0,7207.0,48.0,0.05402737110853195,0.0003,0.06474930047988892,0.0
18904.0,7208.0,48.0,0.057332657277584076,0.0003,0.03605468198657036,0.0
18905.0,7209.0,48.0,0.06258518993854523,0.0003,0.05322084575891495,0.0
18906.0,7210.0,48.0,0.0560891292989254,0.0003,0.0573696568608284,0.0
18907.0,7211.0,48.0,0.05736899375915527,0.0003,0.15062406659126282,0.0
18908.0,7212.0,48.0,0.051941320300102234,0.0003,0.0933232232928276,0.0
18909.0,7213.0,48.0,0.053624533116817474,0.0003,0.17601242661476135,0.0
18910.0,7214.0,48.0,0.05803719162940979,0.0003,0.10609903931617737,0.0
18911.0,7215.0,48.0,0.050982147455215454,0.0003,0.13616102933883667,0.0
18912.0,7216.0,48.0,0.059330713003873825,0.0003,0.08215148001909256,0.0
18913.0,7217.0,48.0,0.05300766974687576,0.0003,0.14394362270832062,0.0
18914.0,7218.0,48.0,0.05466328561306,0.0003,0.09380321949720383,0.0
18915.0,7219.0,48.0,0.05998031049966812,0.0003,0.12270107865333557,0.0
18916.0,7220.0,48.0,0.06579746305942535,0.0003,0.10767541080713272,0.0
18917.0,7221.0,48.0,0.05264534056186676,0.0003,0.09799835830926895,0.0
18918.0,7222.0,48.0,0.0495210662484169,0.0003,0.12395647913217545,0.0
18919.0,7223.0,48.0,0.048175062984228134,0.0003,0.04893365874886513,0.0
18920.0,7224.0,48.0,0.07042606174945831,0.0003,0.07214196026325226,0.0
18921.0,7225.0,48.0,0.061080992221832275,0.0003,0.13763192296028137,0.0
18922.0,7226.0,48.0,0.05067545920610428,0.0003,0.137389674782753,0.0
18923.0,7227.0,48.0,0.05730384588241577,0.0003,0.10765235126018524,0.0
18924.0,7228.0,48.0,0.05907587334513664,0.0003,0.15325316786766052,0.0
18925.0,7229.0,48.0,0.06380205601453781,0.0003,0.04638524726033211,0.0
18926.0,7230.0,48.0,0.0680934339761734,0.0003,0.14188764989376068,0.0
18927.0,7231.0,48.0,0.05656947195529938,0.0003,0.07826632261276245,0.0
18928.0,7232.0,48.0,0.05787527561187744,0.0003,0.08662062138319016,0.0
18929.0,7233.0,48.0,0.05678270012140274,0.0003,0.15971918404102325,0.0
18930.0,7234.0,48.0,0.06508113443851471,0.0003,0.1035751923918724,0.0
18931.0,7235.0,48.0,0.048708222806453705,0.0003,0.14003606140613556,0.0
18932.0,7236.0,48.0,0.05157340317964554,0.0003,0.06631980836391449,0.0
18933.0,7237.0,48.0,0.04938217252492905,0.0003,0.1349397748708725,0.0
18934.0,7238.0,48.0,0.04792754352092743,0.0003,0.10318257659673691,0.0
18935.0,7239.0,48.0,0.047207191586494446,0.0003,0.1301705539226532,0.0
18936.0,7240.0,48.0,0.042525678873062134,0.0003,0.13134367763996124,0.0
18937.0,7241.0,48.0,0.05842170864343643,0.0003,0.11690977215766907,0.0
18938.0,7242.0,48.0,0.04994990676641464,0.0003,0.2282388061285019,0.0
18939.0,7243.0,48.0,0.03960200399160385,0.0003,0.1499605029821396,0.0
18940.0,7244.0,48.0,0.0508497953414917,0.0003,0.22695238888263702,0.0
18941.0,7245.0,48.0,0.06033863127231598,0.0003,0.13691842555999756,0.0
18942.0,7246.0,48.0,0.051804013550281525,0.0003,0.1691255271434784,0.0
18943.0,7247.0,48.0,0.04623303934931755,0.0003,0.1793621927499771,0.0
18944.0,7248.0,48.0,0.05551806092262268,0.0003,0.1317889243364334,0.0
18945.0,7249.0,48.0,0.054358839988708496,0.0003,0.17777658998966217,0.0
18946.0,7250.0,48.0,0.056566618382930756,0.0003,0.10499865561723709,0.0
18947.0,7251.0,48.0,0.05306202173233032,0.0003,0.1484542191028595,0.0
18948.0,7252.0,48.0,0.06246846914291382,0.0003,0.1527511179447174,0.0
18949.0,7253.0,48.0,0.06352425366640091,0.0003,0.07768290489912033,0.0
18950.0,7254.0,48.0,0.0568866990506649,0.0003,0.15811967849731445,0.0
18951.0,7255.0,48.0,0.059012770652770996,0.0003,0.08211030811071396,0.0
18952.0,7256.0,48.0,0.05108707770705223,0.0003,0.13619737327098846,0.0
18953.0,7257.0,48.0,0.04874145984649658,0.0003,0.12133429199457169,0.0
18954.0,7258.0,48.0,0.06888549029827118,0.0003,0.10243181884288788,0.0
18955.0,7259.0,48.0,0.05256440490484238,0.0003,0.14001776278018951,0.0
18956.0,7260.0,48.0,0.049696337431669235,0.0003,0.06115139648318291,0.0
18957.0,7261.0,48.0,0.05037235468626022,0.0003,0.15566323697566986,0.0
18958.0,7262.0,48.0,0.06497637927532196,0.0003,0.0988864153623581,0.0
18959.0,7263.0,48.0,0.05887126177549362,0.0003,0.09887031465768814,0.0
18960.0,7264.0,48.0,0.050604198127985,0.0003,0.07128534466028214,0.0
18961.0,7265.0,48.0,0.057577528059482574,0.0003,0.06568177044391632,0.0
18962.0,7266.0,48.0,0.05007528141140938,0.0003,0.08819493651390076,0.0
18963.0,7267.0,48.0,0.04740606248378754,0.0003,0.06402673572301865,0.0
18964.0,7268.0,48.0,0.048252202570438385,0.0003,0.0372895710170269,0.0
18965.0,7269.0,48.0,0.06450136005878448,0.0003,0.07035267353057861,0.0
18966.0,7270.0,48.0,0.05570906773209572,0.0003,0.1195240393280983,0.0
18967.0,7271.0,48.0,0.05747397989034653,0.0003,0.09481707215309143,0.0
18968.0,7272.0,48.0,0.05714692175388336,0.0003,0.13482332229614258,0.0
18969.0,7273.0,48.0,0.0448119230568409,0.0003,0.13065309822559357,0.0
18970.0,7274.0,48.0,0.05785959213972092,0.0003,0.0783294215798378,0.0
18971.0,7275.0,48.0,0.05410639941692352,0.0003,0.05472460016608238,0.0
18972.0,7276.0,48.0,0.059552788734436035,0.0003,0.09976325184106827,0.0
18973.0,7277.0,48.0,0.04620490223169327,0.0003,0.11071702092885971,0.0
18974.0,7278.0,48.0,0.05611591041088104,0.0003,0.06023138016462326,0.0
18975.0,7279.0,48.0,0.058538805693387985,0.0003,0.05996604636311531,0.0
18976.0,7280.0,48.0,0.061336807906627655,0.0003,0.06215052306652069,0.0
18977.0,7281.0,48.0,0.04620584100484848,0.0003,0.04185950383543968,0.0
18978.0,7282.0,48.0,0.06901861727237701,0.0003,0.03734927996993065,0.0
18979.0,7283.0,48.0,0.057087961584329605,0.0003,0.07831670343875885,0.0
18980.0,7284.0,48.0,0.060378700494766235,0.0003,0.07157835364341736,0.0
18981.0,7285.0,48.0,0.05823933333158493,0.0003,0.13433429598808289,0.0
18982.0,7286.0,48.0,0.04726786911487579,0.0003,0.029030051082372665,0.0
18983.0,7287.0,48.0,0.061183683574199677,0.0003,0.05571022257208824,0.0
18984.0,7288.0,48.0,0.044531937688589096,0.0003,0.13262969255447388,0.0
18985.0,7289.0,48.0,0.07390458881855011,0.0003,0.047176480293273926,0.0
18986.0,7290.0,48.0,0.047965679317712784,0.0003,0.1645667403936386,0.0
18987.0,7291.0,48.0,0.03968089446425438,0.0003,0.032093536108732224,0.0
18988.0,7292.0,48.0,0.06554520130157471,0.0003,0.1781909018754959,0.0
18989.0,7293.0,48.0,0.057104986160993576,0.0003,0.10643716156482697,0.0
18990.0,7294.0,48.0,0.06089802458882332,0.0003,0.07649040222167969,0.0
18991.0,7295.0,48.0,0.0650385320186615,0.0003,0.07180596143007278,0.0
18992.0,7296.0,48.0,0.05590208247303963,0.0003,0.10506715625524521,0.0
18993.0,7297.0,48.0,0.05877205729484558,0.0003,0.067539744079113,0.0
18994.0,7298.0,48.0,0.07431207597255707,0.0003,0.1362743079662323,0.0
18995.0,7299.0,48.0,0.07929963618516922,0.0003,0.11541194468736649,0.0
18996.0,7300.0,48.0,0.050790391862392426,0.0003,0.10926700383424759,0.0
18997.0,7301.0,48.0,0.05064784362912178,0.0003,0.10193067789077759,0.0
18998.0,7302.0,48.0,0.06160040199756622,0.0003,0.14135824143886566,0.0
18999.0,7303.0,48.0,0.060452304780483246,0.0003,0.08532606065273285,0.0
19000.0,7304.0,48.0,0.04981415718793869,0.0003,0.1229911595582962,0.0
19001.0,7305.0,48.0,0.054424796253442764,0.0003,0.12455496191978455,0.0
19002.0,7306.0,48.0,0.05711333081126213,0.0003,0.07336941361427307,0.0
19003.0,7307.0,48.0,0.05119120329618454,0.0003,0.1483859270811081,0.0
19004.0,7308.0,48.0,0.0577738992869854,0.0003,0.14047470688819885,0.0
19005.0,7309.0,48.0,0.06291812658309937,0.0003,0.12755540013313293,0.0
19006.0,7310.0,48.0,0.06144621595740318,0.0003,0.11383777856826782,0.0
19007.0,7311.0,48.0,0.058501798659563065,0.0003,0.07781306654214859,0.0
19008.0,7312.0,48.0,0.05297502875328064,0.0003,0.11919931322336197,0.0
19009.0,7313.0,48.0,0.059459179639816284,0.0003,0.08897645026445389,0.0
19010.0,7314.0,48.0,0.05149281769990921,0.0003,0.0987681970000267,0.0
19011.0,7315.0,48.0,0.05764932185411453,0.0003,0.08532688021659851,0.0
19012.0,7316.0,48.0,0.05438130721449852,0.0003,0.102122001349926,0.0
19013.0,7317.0,48.0,0.050445932894945145,0.0003,0.13175588846206665,0.0
19014.0,7318.0,48.0,0.06501612067222595,0.0003,0.06472711265087128,0.0
19015.0,7319.0,48.0,0.06465274840593338,0.0003,0.13226854801177979,0.0
19016.0,7320.0,48.0,0.04525873064994812,0.0003,0.07916282117366791,0.0
19017.0,7321.0,48.0,0.056138209998607635,0.0003,0.15931077301502228,0.0
19018.0,7322.0,48.0,0.05809295177459717,0.0003,0.08993815630674362,0.0
19019.0,7323.0,48.0,0.05683727189898491,0.0003,0.1575867384672165,0.0
19020.0,7324.0,48.0,0.05531454086303711,0.0003,0.027537107467651367,0.0
19021.0,7325.0,48.0,0.05541606992483139,0.0003,0.1481170654296875,0.0
19022.0,7326.0,48.0,0.05277787894010544,0.0003,0.02886473946273327,0.0
19023.0,7327.0,48.0,0.0596918910741806,0.0003,0.16469642519950867,0.0
19024.0,7328.0,48.0,0.0545126348733902,0.0003,0.04302602261304855,0.0
19025.0,7329.0,48.0,0.06345180422067642,0.0003,0.1667347401380539,0.0
19026.0,7330.0,48.0,0.06857940554618835,0.0003,0.043561410158872604,0.0
19027.0,7331.0,48.0,0.04694311320781708,0.0003,0.15139219164848328,0.0
19028.0,7332.0,48.0,0.05479893833398819,0.0003,0.1499478965997696,0.0
19029.0,7333.0,48.0,0.05156932398676872,0.0003,0.1374327540397644,0.0
19030.0,7334.0,48.0,0.04400400444865227,0.0003,0.09243539720773697,0.0
19031.0,7335.0,48.0,0.05636795237660408,0.0003,0.10608124732971191,0.0
19032.0,7336.0,48.0,0.05765289068222046,0.0003,0.1282791793346405,0.0
19033.0,7337.0,48.0,0.04983143135905266,0.0003,0.058688342571258545,0.0
19034.0,7338.0,48.0,0.05837158113718033,0.0003,0.12005502730607986,0.0
19035.0,7339.0,48.0,0.05183142051100731,0.0003,0.12626495957374573,0.0
19036.0,7340.0,48.0,0.05633332580327988,0.0003,0.13004370033740997,0.0
19037.0,7341.0,48.0,0.05041922628879547,0.0003,0.1180843859910965,0.0
19038.0,7342.0,48.0,0.06122090667486191,0.0003,0.09149215370416641,0.0
19039.0,7343.0,48.0,0.052554890513420105,0.0003,0.20546571910381317,0.0
19040.0,7344.0,48.0,0.05076112225651741,0.0003,0.0582670196890831,0.0
19041.0,7345.0,48.0,0.04575999081134796,0.0003,0.18666696548461914,0.0
19042.0,7346.0,48.0,0.05195755138993263,0.0003,0.07339818775653839,0.0
19043.0,7347.0,48.0,0.04803731292486191,0.0003,0.11100981384515762,0.0
19044.0,7348.0,48.0,0.06403423100709915,0.0003,0.12840358912944794,0.0
19045.0,7349.0,48.0,0.054347604513168335,0.0003,0.10255827754735947,0.0
19046.0,7350.0,48.0,0.05975814908742905,0.0003,0.07176551967859268,0.0
19047.0,7351.0,48.0,0.06664030998945236,0.0003,0.07428067177534103,0.0
19048.0,7352.0,48.0,0.04915667325258255,0.0003,0.09475026279687881,0.0
19049.0,7353.0,48.0,0.05807376280426979,0.0003,0.0695379450917244,0.0
19050.0,7354.0,48.0,0.0475444570183754,0.0003,0.09752972424030304,0.0
19051.0,7355.0,48.0,0.07411500811576843,0.0003,0.09495986253023148,0.0
19052.0,7356.0,48.0,0.059983089566230774,0.0003,0.050117261707782745,0.0
19053.0,7357.0,48.0,0.04910879209637642,0.0003,0.02769618108868599,0.0
19054.0,7358.0,48.0,0.04259235039353371,0.0003,0.12172389775514603,0.0
19055.0,7359.0,48.0,0.06014222651720047,0.0003,0.03510791063308716,0.0
19056.0,7360.0,48.0,0.050892993807792664,0.0003,0.12960609793663025,0.0
19057.0,7361.0,48.0,0.05156395956873894,0.0003,0.03346315398812294,0.0
19058.0,7362.0,48.0,0.06102614477276802,0.0003,0.08012315630912781,0.0
19059.0,7363.0,48.0,0.06599197536706924,0.0003,0.09327410906553268,0.0
19060.0,7364.0,48.0,0.05479366332292557,0.0003,0.07381698489189148,0.0
19061.0,7365.0,48.0,0.06241202726960182,0.0003,0.10729271918535233,0.0
19062.0,7366.0,48.0,0.04947242513298988,0.0003,0.06327033787965775,0.0
19063.0,7367.0,48.0,0.04362460598349571,0.0003,0.118927001953125,0.0
19064.0,7368.0,48.0,0.05747969448566437,0.0003,0.0344209223985672,0.0
19065.0,7369.0,48.0,0.05459626019001007,0.0003,0.10172099620103836,0.0
19066.0,7370.0,48.0,0.04787418991327286,0.0003,0.0946153774857521,0.0
19067.0,7371.0,48.0,0.06502372026443481,0.0003,0.07076627016067505,0.0
19068.0,7372.0,48.0,0.061922911554574966,0.0003,0.10350961983203888,0.0
19069.0,7373.0,48.0,0.0540652796626091,0.0003,0.06299396604299545,0.0
19070.0,7374.0,48.0,0.06459753215312958,0.0003,0.12638217210769653,0.0
19071.0,7375.0,48.0,0.05186338722705841,0.0003,0.07443327456712723,0.0
19072.0,7376.0,48.0,0.06343558430671692,0.0003,0.06748702377080917,0.0
19073.0,7377.0,48.0,0.05305326357483864,0.0003,0.04327728971838951,0.0
19074.0,7378.0,48.0,0.051271114498376846,0.0003,0.10210991650819778,0.0
19075.0,7379.0,48.0,0.04499529302120209,0.0003,0.05933917313814163,0.0
19076.0,7380.0,48.0,0.07375441491603851,0.0003,0.13161130249500275,0.0
19077.0,7381.0,48.0,0.04944895580410957,0.0003,0.1109926849603653,0.0
19078.0,7382.0,48.0,0.05218355357646942,0.0003,0.14762629568576813,0.0
19079.0,7383.0,48.0,0.049422092735767365,0.0003,0.12399861961603165,0.0
19080.0,7384.0,48.0,0.060394179075956345,0.0003,0.09840542078018188,0.0
19081.0,7385.0,48.0,0.056015558540821075,0.0003,0.10877504199743271,0.0
19082.0,7386.0,48.0,0.06467361748218536,0.0003,0.1016850546002388,0.0
19083.0,7387.0,48.0,0.057441145181655884,0.0003,0.14309971034526825,0.0
19084.0,7388.0,48.0,0.06261183321475983,0.0003,0.07486207783222198,0.0
19085.0,7389.0,48.0,0.046322330832481384,0.0003,0.12690262496471405,0.0
19086.0,7390.0,48.0,0.06767445057630539,0.0003,0.16968266665935516,0.0
19087.0,7391.0,48.0,0.06487895548343658,0.0003,0.12367723882198334,0.0
19088.0,7392.0,48.0,0.05146855488419533,0.0003,0.17102204263210297,0.0
19089.0,7393.0,48.0,0.058042239397764206,0.0003,0.04624902084469795,0.0
19090.0,7394.0,48.0,0.0549674853682518,0.0003,0.11382651329040527,0.0
19091.0,7395.0,48.0,0.061269115656614304,0.0003,0.15043720602989197,0.0
19092.0,7396.0,48.0,0.058666229248046875,0.0003,0.15408006310462952,0.0
19093.0,7397.0,48.0,0.046077292412519455,0.0003,0.15067879855632782,0.0
19094.0,7398.0,48.0,0.06033144146203995,0.0003,0.1089494377374649,0.0
19095.0,7399.0,48.0,0.06921255588531494,0.0003,0.1124512106180191,0.0
19096.0,7400.0,48.0,0.0580352246761322,0.0003,0.17317461967468262,0.0
19097.0,7401.0,48.0,0.05994236096739769,0.0003,0.09321143478155136,0.0
19098.0,7402.0,48.0,0.06103043630719185,0.0003,0.19473904371261597,0.0
19099.0,7403.0,48.0,0.06549732387065887,0.0003,0.0741211473941803,0.0
19100.0,7404.0,48.0,0.05358494818210602,0.0003,0.15227940678596497,0.0
19101.0,7405.0,48.0,0.04754287749528885,0.0003,0.1665053367614746,0.0
19102.0,7406.0,48.0,0.06111558526754379,0.0003,0.1465233564376831,0.0
19103.0,7407.0,48.0,0.06328389048576355,0.0003,0.18799126148223877,0.0
19104.0,7408.0,48.0,0.054052598774433136,0.0003,0.13752906024456024,0.0
19105.0,7409.0,48.0,0.051091860979795456,0.0003,0.20521533489227295,0.0
19106.0,7410.0,48.0,0.0713128075003624,0.0003,0.13985030353069305,0.0
19107.0,7411.0,49.0,0.05092501640319824,0.0003,0.1484377235174179,0.0
19108.0,7412.0,49.0,0.05695096775889397,0.0003,0.11668407171964645,0.0
19109.0,7413.0,49.0,0.06690233200788498,0.0003,0.11160576343536377,0.0
19110.0,7414.0,49.0,0.0529789961874485,0.0003,0.09802240878343582,0.0
19111.0,7415.0,49.0,0.052777279168367386,0.0003,0.0464588925242424,0.0
19112.0,7416.0,49.0,0.056527361273765564,0.0003,0.10593239217996597,0.0
19113.0,7417.0,49.0,0.053354158997535706,0.0003,0.0698489397764206,0.0
19114.0,7418.0,49.0,0.04974732547998428,0.0003,0.09665033221244812,0.0
19115.0,7419.0,49.0,0.057893168181180954,0.0003,0.12849289178848267,0.0
19116.0,7420.0,49.0,0.045467667281627655,0.0003,0.1070038229227066,0.0
19117.0,7421.0,49.0,0.053934451192617416,0.0003,0.13089066743850708,0.0
19118.0,7422.0,49.0,0.05374755337834358,0.0003,0.18447889387607574,0.0
19119.0,7423.0,49.0,0.05666656047105789,0.0003,0.10865781456232071,0.0
19120.0,7424.0,49.0,0.06129416078329086,0.0003,0.18644730746746063,0.0
19121.0,7425.0,49.0,0.0690455436706543,0.0003,0.09004784375429153,0.0
19122.0,7426.0,49.0,0.04604336991906166,0.0003,0.17703208327293396,0.0
19123.0,7427.0,49.0,0.0446486733853817,0.0003,0.08377278596162796,0.0
19124.0,7428.0,49.0,0.048322487622499466,0.0003,0.1366509199142456,0.0
19125.0,7429.0,49.0,0.05494847148656845,0.0003,0.06080874428153038,0.0
19126.0,7430.0,49.0,0.04527822881937027,0.0003,0.14589710533618927,0.0
19127.0,7431.0,49.0,0.07586587965488434,0.0003,0.07429126650094986,0.0
19128.0,7432.0,49.0,0.05495046079158783,0.0003,0.12020545452833176,0.0
19129.0,7433.0,49.0,0.049016691744327545,0.0003,0.09311038255691528,0.0
19130.0,7434.0,49.0,0.05769270285964012,0.0003,0.19655796885490417,0.0
19131.0,7435.0,49.0,0.04744071885943413,0.0003,0.03130742534995079,0.0
19132.0,7436.0,49.0,0.05803781747817993,0.0003,0.14473804831504822,0.0
19133.0,7437.0,49.0,0.05073864012956619,0.0003,0.11500206589698792,0.0
19134.0,7438.0,49.0,0.05142702907323837,0.0003,0.1700153797864914,0.0
19135.0,7439.0,49.0,0.06091706454753876,0.0003,0.1171584278345108,0.0
19136.0,7440.0,49.0,0.05440826341509819,0.0003,0.14511039853096008,0.0
19137.0,7441.0,49.0,0.0548727810382843,0.0003,0.10530843585729599,0.0
19138.0,7442.0,49.0,0.05941980332136154,0.0003,0.1270180344581604,0.0
19139.0,7443.0,49.0,0.047030575573444366,0.0003,0.11341943591833115,0.0
19140.0,7444.0,49.0,0.06437678635120392,0.0003,0.12120693922042847,0.0
19141.0,7445.0,49.0,0.04294513911008835,0.0003,0.12081747502088547,0.0
19142.0,7446.0,49.0,0.0581560917198658,0.0003,0.1008308008313179,0.0
19143.0,7447.0,49.0,0.06269167363643646,0.0003,0.13452549278736115,0.0
19144.0,7448.0,49.0,0.04568342864513397,0.0003,0.06180401146411896,0.0
19145.0,7449.0,49.0,0.04196871072053909,0.0003,0.1448800265789032,0.0
19146.0,7450.0,49.0,0.051745373755693436,0.0003,0.11616311967372894,0.0
19147.0,7451.0,49.0,0.061464790254831314,0.0003,0.16446147859096527,0.0
19148.0,7452.0,49.0,0.05893982574343681,0.0003,0.05314214900135994,0.0
19149.0,7453.0,49.0,0.06342314928770065,0.0003,0.1459687203168869,0.0
19150.0,7454.0,49.0,0.05407576262950897,0.0003,0.10615566372871399,0.0
19151.0,7455.0,49.0,0.0628514215350151,0.0003,0.08099742978811264,0.0
19152.0,7456.0,49.0,0.06552288681268692,0.0003,0.18364666402339935,0.0
19153.0,7457.0,49.0,0.047580063343048096,0.0003,0.13548821210861206,0.0
19154.0,7458.0,49.0,0.06392818689346313,0.0003,0.17419834434986115,0.0
19155.0,7459.0,49.0,0.0758788138628006,0.0003,0.10329969227313995,0.0
19156.0,7460.0,49.0,0.04834602028131485,0.0003,0.13933800160884857,0.0
19157.0,7461.0,49.0,0.05208224058151245,0.0003,0.04794131591916084,0.0
19158.0,7462.0,49.0,0.047894187271595,0.0003,0.10403311252593994,0.0
19159.0,7463.0,49.0,0.06044105440378189,0.0003,0.09230462461709976,0.0
19160.0,7464.0,49.0,0.05580883473157883,0.0003,0.1068362295627594,0.0
19161.0,7465.0,49.0,0.05994938313961029,0.0003,0.09219477325677872,0.0
19162.0,7466.0,49.0,0.05141357332468033,0.0003,0.07101138681173325,0.0
19163.0,7467.0,49.0,0.0654069036245346,0.0003,0.0661545991897583,0.0
19164.0,7468.0,49.0,0.060924869030714035,0.0003,0.07797299325466156,0.0
19165.0,7469.0,49.0,0.05080745369195938,0.0003,0.13684958219528198,0.0
19166.0,7470.0,49.0,0.05063239485025406,0.0003,0.052699975669384,0.0
19167.0,7471.0,49.0,0.05651090294122696,0.0003,0.06595990806818008,0.0
19168.0,7472.0,49.0,0.05343523994088173,0.0003,0.13285785913467407,0.0
19169.0,7473.0,49.0,0.058399904519319534,0.0003,0.11444730311632156,0.0
19170.0,7474.0,49.0,0.045245710760354996,0.0003,0.15234999358654022,0.0
19171.0,7475.0,49.0,0.053837887942790985,0.0003,0.10452429205179214,0.0
19172.0,7476.0,49.0,0.047520168125629425,0.0003,0.14972208440303802,0.0
19173.0,7477.0,49.0,0.058177582919597626,0.0003,0.1461784839630127,0.0
19174.0,7478.0,49.0,0.04797394946217537,0.0003,0.17332823574543,0.0
19175.0,7479.0,49.0,0.06040100008249283,0.0003,0.17752446234226227,0.0
19176.0,7480.0,49.0,0.05215856060385704,0.0003,0.1553468257188797,0.0
19177.0,7481.0,49.0,0.05111108720302582,0.0003,0.1982622742652893,0.0
19178.0,7482.0,49.0,0.049459394067525864,0.0003,0.13735038042068481,0.0
19179.0,7483.0,49.0,0.06408994644880295,0.0003,0.20100614428520203,0.0
19180.0,7484.0,49.0,0.05621377378702164,0.0003,0.16045230627059937,0.0
19181.0,7485.0,49.0,0.06323996186256409,0.0003,0.1624022126197815,0.0
19182.0,7486.0,49.0,0.07525652647018433,0.0003,0.14485053718090057,0.0
19183.0,7487.0,49.0,0.05883495509624481,0.0003,0.14059294760227203,0.0
19184.0,7488.0,49.0,0.0593615397810936,0.0003,0.1281920075416565,0.0
19185.0,7489.0,49.0,0.05334604158997536,0.0003,0.16446390748023987,0.0
19186.0,7490.0,49.0,0.05147136002779007,0.0003,0.1773177981376648,0.0
19187.0,7491.0,49.0,0.06110643595457077,0.0003,0.18100398778915405,0.0
19188.0,7492.0,49.0,0.053772129118442535,0.0003,0.1472180336713791,0.0
19189.0,7493.0,49.0,0.05750146508216858,0.0003,0.1590474396944046,0.0
19190.0,7494.0,49.0,0.05470845103263855,0.0003,0.12229815125465393,0.0
19191.0,7495.0,49.0,0.05257333442568779,0.0003,0.17360134422779083,0.0
19192.0,7496.0,49.0,0.06170065328478813,0.0003,0.1279975175857544,0.0
19193.0,7497.0,49.0,0.058285996317863464,0.0003,0.13498073816299438,0.0
19194.0,7498.0,49.0,0.056084662675857544,0.0003,0.12045853585004807,0.0
19195.0,7499.0,49.0,0.054221928119659424,0.0003,0.12485750019550323,0.0
19196.0,7500.0,49.0,0.048606641590595245,0.0003,0.07458291202783585,0.0
19197.0,7501.0,49.0,0.05491393059492111,0.0003,0.12527917325496674,0.0
19198.0,7502.0,49.0,0.05321353301405907,0.0003,0.09074230492115021,0.0
19199.0,7503.0,49.0,0.05972457677125931,0.0003,0.09747020155191422,0.0
19200.0,7504.0,49.0,0.06440369784832001,0.0003,0.10553281009197235,0.0
19201.0,7505.0,49.0,0.052866801619529724,0.0003,0.028208963572978973,0.0
19202.0,7506.0,49.0,0.06841208040714264,0.0003,0.12264488637447357,0.0
19203.0,7507.0,49.0,0.06410922110080719,0.0003,0.09412665665149689,0.0
19204.0,7508.0,49.0,0.05371079221367836,0.0003,0.11807853728532791,0.0
19205.0,7509.0,49.0,0.05554718151688576,0.0003,0.1599019169807434,0.0
19206.0,7510.0,49.0,0.06072651594877243,0.0003,0.09090041369199753,0.0
19207.0,7511.0,49.0,0.04706036299467087,0.0003,0.1887090802192688,0.0
19208.0,7512.0,49.0,0.06153610721230507,0.0003,0.061324916779994965,0.0
19209.0,7513.0,49.0,0.05749808996915817,0.0003,0.20484064519405365,0.0
19210.0,7514.0,49.0,0.05583548545837402,0.0003,0.09139355272054672,0.0
19211.0,7515.0,49.0,0.05283696949481964,0.0003,0.11808094382286072,0.0
19212.0,7516.0,49.0,0.059274859726428986,0.0003,0.14808805286884308,0.0
19213.0,7517.0,49.0,0.049313247203826904,0.0003,0.10896722227334976,0.0
19214.0,7518.0,49.0,0.06905407458543777,0.0003,0.1497388333082199,0.0
19215.0,7519.0,49.0,0.05766461789608002,0.0003,0.06866420060396194,0.0
19216.0,7520.0,49.0,0.06466647982597351,0.0003,0.08553144335746765,0.0
19217.0,7521.0,49.0,0.06652043014764786,0.0003,0.12357068061828613,0.0
19218.0,7522.0,49.0,0.07047462463378906,0.0003,0.10219359397888184,0.0
19219.0,7523.0,49.0,0.04677014797925949,0.0003,0.10577023774385452,0.0
19220.0,7524.0,49.0,0.059251800179481506,0.0003,0.06468627601861954,0.0
19221.0,7525.0,49.0,0.06783196330070496,0.0003,0.1240299865603447,0.0
19222.0,7526.0,49.0,0.05000457167625427,0.0003,0.07109612971544266,0.0
19223.0,7527.0,49.0,0.0558428093791008,0.0003,0.06256244331598282,0.0
19224.0,7528.0,49.0,0.053631093353033066,0.0003,0.0464852936565876,0.0
19225.0,7529.0,49.0,0.055418409407138824,0.0003,0.0664484053850174,0.0
19226.0,7530.0,49.0,0.05053533613681793,0.0003,0.08869493007659912,0.0
19227.0,7531.0,49.0,0.05545951426029205,0.0003,0.07733159512281418,0.0
19228.0,7532.0,49.0,0.060428887605667114,0.0003,0.08878275007009506,0.0
19229.0,7533.0,49.0,0.04444808512926102,0.0003,0.13280154764652252,0.0
19230.0,7534.0,49.0,0.04201463609933853,0.0003,0.1424591988325119,0.0
19231.0,7535.0,49.0,0.06217723339796066,0.0003,0.10381012409925461,0.0
19232.0,7536.0,49.0,0.07521134614944458,0.0003,0.1083129271864891,0.0
19233.0,7537.0,49.0,0.06890629976987839,0.0003,0.03611372038722038,0.0
19234.0,7538.0,49.0,0.05472564697265625,0.0003,0.11248532682657242,0.0
19235.0,7539.0,49.0,0.05763781815767288,0.0003,0.07901815325021744,0.0
19236.0,7540.0,49.0,0.059012822806835175,0.0003,0.09999590367078781,0.0
19237.0,7541.0,49.0,0.0491303950548172,0.0003,0.054766807705163956,0.0
19238.0,7542.0,49.0,0.06727594137191772,0.0003,0.08643793314695358,0.0
19239.0,7543.0,49.0,0.05344158411026001,0.0003,0.06988025456666946,0.0
19240.0,7544.0,49.0,0.05855777859687805,0.0003,0.10231846570968628,0.0
19241.0,7545.0,49.0,0.047586847096681595,0.0003,0.07614928483963013,0.0
19242.0,7546.0,49.0,0.06560766696929932,0.0003,0.12440384179353714,0.0
19243.0,7547.0,49.0,0.06214743107557297,0.0003,0.08936814963817596,0.0
19244.0,7548.0,49.0,0.05291704088449478,0.0003,0.146890789270401,0.0
19245.0,7549.0,49.0,0.06016208231449127,0.0003,0.12969067692756653,0.0
19246.0,7550.0,49.0,0.05123760551214218,0.0003,0.16246262192726135,0.0
19247.0,7551.0,49.0,0.04977070167660713,0.0003,0.11972808092832565,0.0
19248.0,7552.0,49.0,0.05604061856865883,0.0003,0.16818806529045105,0.0
19249.0,7553.0,49.0,0.05639909952878952,0.0003,0.11323542892932892,0.0
19250.0,7554.0,49.0,0.05071769282221794,0.0003,0.11440074443817139,0.0
19251.0,7555.0,49.0,0.04513850808143616,0.0003,0.08536757528781891,0.0
19252.0,7556.0,49.0,0.05518892779946327,0.0003,0.13675494492053986,0.0
19253.0,7557.0,49.0,0.05179725959897041,0.0003,0.05171111226081848,0.0
19254.0,7558.0,49.0,0.04583396762609482,0.0003,0.16295824944972992,0.0
19255.0,7559.0,49.0,0.0615634061396122,0.0003,0.057267095893621445,0.0
19256.0,7560.0,49.0,0.05898246914148331,0.0003,0.16184504330158234,0.0
19257.0,7561.0,49.0,0.05360986292362213,0.0003,0.0899352878332138,0.0
19258.0,7562.0,49.0,0.06884931772947311,0.0003,0.11071576923131943,0.0
19259.0,7563.0,49.0,0.05260021984577179,0.0003,0.10800477117300034,0.0
19260.0,7564.0,49.0,0.05660849064588547,0.0003,0.14338535070419312,0.0
19261.0,7565.0,49.0,0.05241869390010834,0.0003,0.1745082587003708,0.0
19262.0,7566.0,49.0,0.05589301139116287,0.0003,0.04689068719744682,0.0
19263.0,7567.0,49.0,0.06173638999462128,0.0003,0.12049550563097,0.0
19264.0,7568.0,49.0,0.04842190444469452,0.0003,0.05185692757368088,0.0
19265.0,7569.0,49.0,0.04346366971731186,0.0003,0.15971912443637848,0.0
19266.0,7570.0,49.0,0.054232507944107056,0.0003,0.09016868472099304,0.0
19267.0,7571.0,49.0,0.0640372484922409,0.0003,0.11765529215335846,0.0
19268.0,7572.0,49.0,0.051295891404151917,0.0003,0.12378021329641342,0.0
19269.0,7573.0,49.0,0.06052263826131821,0.0003,0.11887605488300323,0.0
19270.0,7574.0,49.0,0.058568477630615234,0.0003,0.0754205510020256,0.0
19271.0,7575.0,49.0,0.06627368927001953,0.0003,0.10121079534292221,0.0
19272.0,7576.0,49.0,0.05409321188926697,0.0003,0.1264221966266632,0.0
19273.0,7577.0,49.0,0.06457903981208801,0.0003,0.11045125871896744,0.0
19274.0,7578.0,49.0,0.047708313912153244,0.0003,0.14481598138809204,0.0
19275.0,7579.0,49.0,0.06149093061685562,0.0003,0.1104821190237999,0.0
19276.0,7580.0,49.0,0.057208746671676636,0.0003,0.14767113327980042,0.0
19277.0,7581.0,49.0,0.0452631413936615,0.0003,0.0989782065153122,0.0
19278.0,7582.0,49.0,0.05319744721055031,0.0003,0.1276722550392151,0.0
19279.0,7583.0,49.0,0.0658470094203949,0.0003,0.07778967171907425,0.0
19280.0,7584.0,49.0,0.06492586433887482,0.0003,0.20143035054206848,0.0
19281.0,7585.0,49.0,0.057142142206430435,0.0003,0.08314361423254013,0.0
19282.0,7586.0,49.0,0.055636897683143616,0.0003,0.13845208287239075,0.0
19283.0,7587.0,49.0,0.07299068570137024,0.0003,0.13443481922149658,0.0
19284.0,7588.0,49.0,0.06688380241394043,0.0003,0.08107134699821472,0.0
19285.0,7589.0,49.0,0.05606948584318161,0.0003,0.2271372377872467,0.0
19286.0,7590.0,49.0,0.04963087663054466,0.0003,0.08307327330112457,0.0
19287.0,7591.0,49.0,0.0647447258234024,0.0003,0.17286500334739685,0.0
19288.0,7592.0,49.0,0.06170976161956787,0.0003,0.07058724761009216,0.0
19289.0,7593.0,49.0,0.06060262396931648,0.0003,0.15944819152355194,0.0
19290.0,7594.0,49.0,0.06023542582988739,0.0003,0.1260320246219635,0.0
19291.0,7595.0,49.0,0.053806647658348083,0.0003,0.09501759707927704,0.0
19292.0,7596.0,49.0,0.043644633144140244,0.0003,0.042464129626750946,0.0
19293.0,7597.0,49.0,0.04521733522415161,0.0003,0.1001320481300354,0.0
19294.0,7598.0,49.0,0.07825607061386108,0.0003,0.10604644566774368,0.0
19295.0,7599.0,49.0,0.056151822209358215,0.0003,0.09043259173631668,0.0
19296.0,7600.0,49.0,0.05544324219226837,0.0003,0.11940336227416992,0.0
19297.0,7601.0,49.0,0.04883773624897003,0.0003,0.10799426585435867,0.0
19298.0,7602.0,49.0,0.07317187637090683,0.0003,0.13370230793952942,0.0
19299.0,7603.0,49.0,0.06273318082094193,0.0003,0.12083909660577774,0.0
19300.0,7604.0,49.0,0.05359955504536629,0.0003,0.10233379155397415,0.0
19301.0,7605.0,49.0,0.04407709091901779,0.0003,0.08142103999853134,0.0
19302.0,7606.0,49.0,0.05522331967949867,0.0003,0.08828506618738174,0.0
19303.0,7607.0,49.0,0.06376142054796219,0.0003,0.11712533980607986,0.0
19304.0,7608.0,49.0,0.048393264412879944,0.0003,0.06509461998939514,0.0
19305.0,7609.0,49.0,0.06036507710814476,0.0003,0.09012161195278168,0.0
19306.0,7610.0,49.0,0.058915428817272186,0.0003,0.10072658210992813,0.0
19307.0,7611.0,49.0,0.06543708592653275,0.0003,0.10302363336086273,0.0
19308.0,7612.0,49.0,0.06417644023895264,0.0003,0.1563715636730194,0.0
19309.0,7613.0,49.0,0.05502570793032646,0.0003,0.11821719259023666,0.0
19310.0,7614.0,49.0,0.058014076203107834,0.0003,0.14049379527568817,0.0
19311.0,7615.0,49.0,0.04882828891277313,0.0003,0.2075013965368271,0.0
19312.0,7616.0,49.0,0.06593015789985657,0.0003,0.16066420078277588,0.0
19313.0,7617.0,49.0,0.05368052423000336,0.0003,0.18354202806949615,0.0
19314.0,7618.0,49.0,0.06326939910650253,0.0003,0.05667756870388985,0.0
19315.0,7619.0,49.0,0.04736205190420151,0.0003,0.21736736595630646,0.0
19316.0,7620.0,49.0,0.059741344302892685,0.0003,0.12970368564128876,0.0
19317.0,7621.0,49.0,0.05232270807027817,0.0003,0.07979953289031982,0.0
19318.0,7622.0,49.0,0.03852945566177368,0.0003,0.2225695699453354,0.0
19319.0,7623.0,49.0,0.05632190778851509,0.0003,0.11452434957027435,0.0
19320.0,7624.0,49.0,0.058249421417713165,0.0003,0.12846888601779938,0.0
19321.0,7625.0,49.0,0.05753764510154724,0.0003,0.1294410675764084,0.0
19322.0,7626.0,49.0,0.06190109997987747,0.0003,0.13492776453495026,0.0
19323.0,7627.0,49.0,0.05502082034945488,0.0003,0.1633407175540924,0.0
19324.0,7628.0,49.0,0.050906650722026825,0.0003,0.06404468417167664,0.0
19325.0,7629.0,49.0,0.06386662274599075,0.0003,0.0879926010966301,0.0
19326.0,7630.0,49.0,0.05365392193198204,0.0003,0.04836761951446533,0.0
19327.0,7631.0,49.0,0.05324343964457512,0.0003,0.09239543229341507,0.0
19328.0,7632.0,49.0,0.06332702934741974,0.0003,0.10195834934711456,0.0
19329.0,7633.0,49.0,0.045434437692165375,0.0003,0.13751845061779022,0.0
19330.0,7634.0,49.0,0.0512053407728672,0.0003,0.11395540088415146,0.0
19331.0,7635.0,49.0,0.0544363409280777,0.0003,0.11041397601366043,0.0
19332.0,7636.0,49.0,0.058339402079582214,0.0003,0.1398579478263855,0.0
19333.0,7637.0,49.0,0.06114884465932846,0.0003,0.08532093465328217,0.0
19334.0,7638.0,49.0,0.048082709312438965,0.0003,0.14845061302185059,0.0
19335.0,7639.0,49.0,0.04813589155673981,0.0003,0.144964799284935,0.0
19336.0,7640.0,49.0,0.049775853753089905,0.0003,0.15313345193862915,0.0
19337.0,7641.0,49.0,0.05860552936792374,0.0003,0.18728302419185638,0.0
19338.0,7642.0,49.0,0.051759812980890274,0.0003,0.07563574612140656,0.0
19339.0,7643.0,49.0,0.05634576082229614,0.0003,0.14440050721168518,0.0
19340.0,7644.0,49.0,0.05315949767827988,0.0003,0.11019726097583771,0.0
19341.0,7645.0,49.0,0.060186274349689484,0.0003,0.1315934807062149,0.0
19342.0,7646.0,49.0,0.07524068653583527,0.0003,0.1992759108543396,0.0
19343.0,7647.0,49.0,0.07637520134449005,0.0003,0.1709316074848175,0.0
19344.0,7648.0,49.0,0.057832226157188416,0.0003,0.19523368775844574,0.0
19345.0,7649.0,49.0,0.06770600378513336,0.0003,0.15865592658519745,0.0
19346.0,7650.0,49.0,0.042319223284721375,0.0003,0.16885611414909363,0.0
19347.0,7651.0,49.0,0.059201620519161224,0.0003,0.15747743844985962,0.0
19348.0,7652.0,49.0,0.04360076040029526,0.0003,0.048706140369176865,0.0
19349.0,7653.0,49.0,0.0502273365855217,0.0003,0.19206565618515015,0.0
19350.0,7654.0,49.0,0.060074448585510254,0.0003,0.11508086323738098,0.0
19351.0,7655.0,49.0,0.04983799532055855,0.0003,0.1599486917257309,0.0
19352.0,7656.0,49.0,0.07322714477777481,0.0003,0.1513303518295288,0.0
19353.0,7657.0,49.0,0.04857920855283737,0.0003,0.13004601001739502,0.0
19354.0,7658.0,49.0,0.04824189841747284,0.0003,0.15127986669540405,0.0
19355.0,7659.0,49.0,0.049146175384521484,0.0003,0.11159231513738632,0.0
19356.0,7660.0,49.0,0.05828499794006348,0.0003,0.15830715000629425,0.0
19357.0,7661.0,49.0,0.04574628919363022,0.0003,0.1783551126718521,0.0
19358.0,7662.0,49.0,0.04965841770172119,0.0003,0.13871997594833374,0.0
19359.0,7663.0,49.0,0.048925429582595825,0.0003,0.20776131749153137,0.0
19360.0,7664.0,49.0,0.05538065731525421,0.0003,0.09680019319057465,0.0
19361.0,7665.0,49.0,0.0571715384721756,0.0003,0.20969882607460022,0.0
19362.0,7666.0,49.0,0.05868842080235481,0.0003,0.17886412143707275,0.0
19363.0,7667.0,49.0,0.07031852006912231,0.0003,0.17932021617889404,0.0
19364.0,7668.0,49.0,0.05558332800865173,0.0003,0.12440840154886246,0.0
19365.0,7669.0,49.0,0.05830249935388565,0.0003,0.1867392361164093,0.0
19366.0,7670.0,49.0,0.05925744026899338,0.0003,0.119825080037117,0.0
19367.0,7671.0,49.0,0.05955959111452103,0.0003,0.22149942815303802,0.0
19368.0,7672.0,49.0,0.05925299972295761,0.0003,0.15283724665641785,0.0
19369.0,7673.0,49.0,0.05468045920133591,0.0003,0.1734689325094223,0.0
19370.0,7674.0,49.0,0.05931021273136139,0.0003,0.16025328636169434,0.0
19371.0,7675.0,49.0,0.055274322628974915,0.0003,0.14167100191116333,0.0
19372.0,7676.0,49.0,0.06235601752996445,0.0003,0.16125063598155975,0.0
19373.0,7677.0,49.0,0.05525960028171539,0.0003,0.09134552627801895,0.0
19374.0,7678.0,49.0,0.04961944743990898,0.0003,0.1856943815946579,0.0
19375.0,7679.0,49.0,0.06767261028289795,0.0003,0.0567050501704216,0.0
19376.0,7680.0,49.0,0.04810439795255661,0.0003,0.14679096639156342,0.0
19377.0,7681.0,49.0,0.051791876554489136,0.0003,0.14216819405555725,0.0
19378.0,7682.0,49.0,0.054476261138916016,0.0003,0.12986011803150177,0.0
19379.0,7683.0,49.0,0.06359943747520447,0.0003,0.22239768505096436,0.0
19380.0,7684.0,49.0,0.06957818567752838,0.0003,0.10026812553405762,0.0
19381.0,7685.0,49.0,0.07493129372596741,0.0003,0.20557571947574615,0.0
19382.0,7686.0,49.0,0.05870944261550903,0.0003,0.06765899807214737,0.0
19383.0,7687.0,49.0,0.043079353868961334,0.0003,0.15539909899234772,0.0
19384.0,7688.0,49.0,0.04512205347418785,0.0003,0.08458475768566132,0.0
19385.0,7689.0,49.0,0.04443233460187912,0.0003,0.1737823337316513,0.0
19386.0,7690.0,49.0,0.05188801512122154,0.0003,0.16796468198299408,0.0
19387.0,7691.0,49.0,0.05025795102119446,0.0003,0.10966147482395172,0.0
19388.0,7692.0,49.0,0.05584067851305008,0.0003,0.11288575828075409,0.0
19389.0,7693.0,49.0,0.05561108887195587,0.0003,0.13828778266906738,0.0
19390.0,7694.0,49.0,0.05941558629274368,0.0003,0.1273943930864334,0.0
19391.0,7695.0,49.0,0.05749182403087616,0.0003,0.1735381931066513,0.0
19392.0,7696.0,49.0,0.054160118103027344,0.0003,0.1911460906267166,0.0
19393.0,7697.0,49.0,0.056177232414484024,0.0003,0.1801934689283371,0.0
19394.0,7698.0,49.0,0.06712071597576141,0.0003,0.1075817421078682,0.0
19395.0,7699.0,49.0,0.050722140818834305,0.0003,0.11285020411014557,0.0
19396.0,7700.0,49.0,0.05357447639107704,0.0003,0.08886634558439255,0.0
19397.0,7701.0,49.0,0.06371758133172989,0.0003,0.12608930468559265,0.0
19398.0,7702.0,49.0,0.05860869586467743,0.0003,0.08874262124300003,0.0
19399.0,7703.0,49.0,0.06929311156272888,0.0003,0.13178513944149017,0.0
19400.0,7704.0,49.0,0.04724062234163284,0.0003,0.12482769042253494,0.0
19401.0,7705.0,49.0,0.04514186084270477,0.0003,0.03685586526989937,0.0
19402.0,7706.0,49.0,0.050726570188999176,0.0003,0.13760283589363098,0.0
19403.0,7707.0,49.0,0.05842220038175583,0.0003,0.09321603178977966,0.0
19404.0,7708.0,49.0,0.04527628421783447,0.0003,0.12769968807697296,0.0
19405.0,7709.0,49.0,0.0734439343214035,0.0003,0.1300780475139618,0.0
19406.0,7710.0,49.0,0.05467116832733154,0.0003,0.09002099186182022,0.0
19407.0,7711.0,49.0,0.06371326744556427,0.0003,0.1636045277118683,0.0
19408.0,7712.0,49.0,0.05299162119626999,0.0003,0.06570899486541748,0.0
19409.0,7713.0,49.0,0.056784261018037796,0.0003,0.20792528986930847,0.0
19410.0,7714.0,49.0,0.05433345586061478,0.0003,0.06618263572454453,0.0
19411.0,7715.0,49.0,0.05428871512413025,0.0003,0.16038119792938232,0.0
19412.0,7716.0,49.0,0.05298885330557823,0.0003,0.15420424938201904,0.0
19413.0,7717.0,49.0,0.050882287323474884,0.0003,0.15910309553146362,0.0
19414.0,7718.0,49.0,0.05113114044070244,0.0003,0.13705311715602875,0.0
19415.0,7719.0,49.0,0.06379307806491852,0.0003,0.09488418698310852,0.0
19416.0,7720.0,49.0,0.05427798628807068,0.0003,0.13640812039375305,0.0
19417.0,7721.0,49.0,0.058474697172641754,0.0003,0.0762091651558876,0.0
19418.0,7722.0,49.0,0.06117124855518341,0.0003,0.15912355482578278,0.0
19419.0,7723.0,49.0,0.05571822449564934,0.0003,0.09962941706180573,0.0
19420.0,7724.0,49.0,0.05614769831299782,0.0003,0.08167070150375366,0.0
19421.0,7725.0,49.0,0.051105186343193054,0.0003,0.13256818056106567,0.0
19422.0,7726.0,49.0,0.05569537729024887,0.0003,0.09148324280977249,0.0
19423.0,7727.0,49.0,0.05442030355334282,0.0003,0.12740503251552582,0.0
19424.0,7728.0,49.0,0.04653969779610634,0.0003,0.08535215258598328,0.0
19425.0,7729.0,49.0,0.06844010949134827,0.0003,0.12200300395488739,0.0
19426.0,7730.0,49.0,0.05248047411441803,0.0003,0.11446674913167953,0.0
19427.0,7731.0,49.0,0.05827556923031807,0.0003,0.1304224580526352,0.0
19428.0,7732.0,49.0,0.05333102121949196,0.0003,0.09106593579053879,0.0
19429.0,7733.0,49.0,0.06053413450717926,0.0003,0.17859546840190887,0.0
19430.0,7734.0,49.0,0.06474041938781738,0.0003,0.07801054418087006,0.0
19431.0,7735.0,49.0,0.0518730990588665,0.0003,0.13437999784946442,0.0
19432.0,7736.0,49.0,0.06629614531993866,0.0003,0.04040020331740379,0.0
19433.0,7737.0,49.0,0.047486770898103714,0.0003,0.15648381412029266,0.0
19434.0,7738.0,49.0,0.05349074304103851,0.0003,0.05321471393108368,0.0
19435.0,7739.0,49.0,0.05429857224225998,0.0003,0.11379791051149368,0.0
19436.0,7740.0,49.0,0.040319960564374924,0.0003,0.04546638950705528,0.0
19437.0,7741.0,49.0,0.05961551144719124,0.0003,0.1428888887166977,0.0
19438.0,7742.0,49.0,0.05252321437001228,0.0003,0.07839710265398026,0.0
19439.0,7743.0,49.0,0.05099447816610336,0.0003,0.1446864753961563,0.0
19440.0,7744.0,49.0,0.05504787713289261,0.0003,0.08963143080472946,0.0
19441.0,7745.0,49.0,0.056165099143981934,0.0003,0.11893204599618912,0.0
19442.0,7746.0,49.0,0.06025794893503189,0.0003,0.10635187476873398,0.0
19443.0,7747.0,49.0,0.054517943412065506,0.0003,0.10896681994199753,0.0
19444.0,7748.0,49.0,0.055518388748168945,0.0003,0.08117438852787018,0.0
19445.0,7749.0,49.0,0.040945034474134445,0.0003,0.038077861070632935,0.0
19446.0,7750.0,49.0,0.06460073590278625,0.0003,0.1345243901014328,0.0
19447.0,7751.0,49.0,0.04903043806552887,0.0003,0.09153199195861816,0.0
19448.0,7752.0,49.0,0.04614574462175369,0.0003,0.10625936090946198,0.0
19449.0,7753.0,49.0,0.05785686522722244,0.0003,0.11488605290651321,0.0
19450.0,7754.0,49.0,0.04629451781511307,0.0003,0.1259293109178543,0.0
19451.0,7755.0,49.0,0.05109206587076187,0.0003,0.07192869484424591,0.0
19452.0,7756.0,49.0,0.04928062856197357,0.0003,0.06593814492225647,0.0
19453.0,7757.0,49.0,0.05852687358856201,0.0003,0.08688951283693314,0.0
19454.0,7758.0,49.0,0.04453637823462486,0.0003,0.11811622232198715,0.0
19455.0,7759.0,49.0,0.04722248762845993,0.0003,0.12040893733501434,0.0
19456.0,7760.0,49.0,0.061249397695064545,0.0003,0.1465824991464615,0.0
19457.0,7761.0,49.0,0.05796583369374275,0.0003,0.09451968967914581,0.0
19458.0,7762.0,49.0,0.06519737839698792,0.0003,0.16208182275295258,0.0
19459.0,7763.0,49.0,0.05815332382917404,0.0003,0.0641084611415863,0.0
19460.0,7764.0,49.0,0.05668489634990692,0.0003,0.14637063443660736,0.0
19461.0,7765.0,49.0,0.057493023574352264,0.0003,0.06585375219583511,0.0
19462.0,7766.0,49.0,0.047493644058704376,0.0003,0.08773630857467651,0.0
19463.0,7767.0,49.0,0.06365156173706055,0.0003,0.11690870672464371,0.0
19464.0,7768.0,49.0,0.053339459002017975,0.0003,0.05136440694332123,0.0
19465.0,7769.0,49.0,0.060830529779195786,0.0003,0.12375103682279587,0.0
19466.0,7770.0,49.0,0.056649960577487946,0.0003,0.05121425539255142,0.0
19467.0,7771.0,49.0,0.05782022699713707,0.0003,0.12346648424863815,0.0
19468.0,7772.0,49.0,0.04855481535196304,0.0003,0.02850387617945671,0.0
19469.0,7773.0,49.0,0.0529843308031559,0.0003,0.11631334573030472,0.0
19470.0,7774.0,49.0,0.05344048887491226,0.0003,0.029057485982775688,0.0
19471.0,7775.0,49.0,0.05590230971574783,0.0003,0.1391233205795288,0.0
19472.0,7776.0,49.0,0.058358464390039444,0.0003,0.04769862815737724,0.0
19473.0,7777.0,49.0,0.05573703348636627,0.0003,0.1359037607908249,0.0
19474.0,7778.0,49.0,0.05020205304026604,0.0003,0.04013853520154953,0.0
19475.0,7779.0,49.0,0.05944399535655975,0.0003,0.1237231194972992,0.0
19476.0,7780.0,49.0,0.04964242875576019,0.0003,0.10742836445569992,0.0
19477.0,7781.0,49.0,0.05875794589519501,0.0003,0.07472212612628937,0.0
19478.0,7782.0,49.0,0.07070305943489075,0.0003,0.11138774454593658,0.0
19479.0,7783.0,49.0,0.05305591970682144,0.0003,0.03397815302014351,0.0
19480.0,7784.0,49.0,0.06419683992862701,0.0003,0.1213916540145874,0.0
19481.0,7785.0,49.0,0.043307848274707794,0.0003,0.09915313124656677,0.0
19482.0,7786.0,49.0,0.05072427913546562,0.0003,0.11966314911842346,0.0
19483.0,7787.0,49.0,0.04829439893364906,0.0003,0.10327477753162384,0.0
19484.0,7788.0,49.0,0.0543515607714653,0.0003,0.17104895412921906,0.0
19485.0,7789.0,49.0,0.05317649245262146,0.0003,0.07231556624174118,0.0
19486.0,7790.0,49.0,0.06033959239721298,0.0003,0.19109909236431122,0.0
19487.0,7791.0,49.0,0.06920373439788818,0.0003,0.08387701958417892,0.0
19488.0,7792.0,49.0,0.06914536654949188,0.0003,0.22168290615081787,0.0
19489.0,7793.0,49.0,0.04818213731050491,0.0003,0.06983712315559387,0.0
19490.0,7794.0,49.0,0.05750218778848648,0.0003,0.18543173372745514,0.0
19491.0,7795.0,49.0,0.05519763007760048,0.0003,0.13980726897716522,0.0
19492.0,7796.0,49.0,0.050777312368154526,0.0003,0.1229400485754013,0.0
19493.0,7797.0,49.0,0.06699509918689728,0.0003,0.20758140087127686,0.0
19494.0,7798.0,49.0,0.05801868438720703,0.0003,0.04989517480134964,0.0
19495.0,7799.0,49.0,0.06655903905630112,0.0003,0.15052418410778046,0.0
19496.0,7800.0,49.0,0.05333183705806732,0.0003,0.10334821790456772,0.0
