step,attempt_step,epoch,loss,lr,grad_norm,optimizer_step_skipped
11701.0,1.0,30.0,0.05742958188056946,0.00025,0.12461155652999878,0.0
11702.0,2.0,30.0,0.06452210992574692,0.00025,0.10936126857995987,0.0
11703.0,3.0,30.0,0.05376257002353668,0.00025,0.1178421601653099,0.0
11704.0,4.0,30.0,0.05326802283525467,0.00025,0.09204695373773575,0.0
11705.0,5.0,30.0,0.05666600912809372,0.00025,0.18337586522102356,0.0
11706.0,6.0,30.0,0.06594252586364746,0.00025,0.14368630945682526,0.0
11707.0,7.0,30.0,0.05700203403830528,0.00025,0.19095948338508606,0.0
11708.0,8.0,30.0,0.048643793910741806,0.00025,0.10990777611732483,0.0
11709.0,9.0,30.0,0.042105644941329956,0.00025,0.14753460884094238,0.0
11710.0,10.0,30.0,0.05372424051165581,0.00025,0.11258813738822937,0.0
11711.0,11.0,30.0,0.05176309496164322,0.00025,0.094014011323452,0.0
11712.0,12.0,30.0,0.04290769249200821,0.00025,0.13892978429794312,0.0
11713.0,13.0,30.0,0.04909253120422363,0.00025,0.06413596868515015,0.0
11714.0,14.0,30.0,0.05693262070417404,0.00025,0.149331733584404,0.0
11715.0,15.0,30.0,0.06271885335445404,0.00025,0.1300024688243866,0.0
11716.0,16.0,30.0,0.06419515609741211,0.00025,0.0964803546667099,0.0
11717.0,17.0,30.0,0.05501449853181839,0.00025,0.08132574707269669,0.0
11718.0,18.0,30.0,0.04756484925746918,0.00025,0.2547137439250946,0.0
11719.0,19.0,30.0,0.05433395504951477,0.00025,0.09919746965169907,0.0
11720.0,20.0,30.0,0.0497514083981514,0.00025,0.23224788904190063,0.0
11721.0,21.0,30.0,0.04852927848696709,0.00025,0.07975027710199356,0.0
11722.0,22.0,30.0,0.04703656584024429,0.00025,0.10475694388151169,0.0
11723.0,23.0,30.0,0.060728441923856735,0.00025,0.11107075959444046,0.0
11724.0,24.0,30.0,0.06491231918334961,0.00025,0.08628259599208832,0.0
11725.0,25.0,30.0,0.05039937049150467,0.00025,0.12263716757297516,0.0
11726.0,26.0,30.0,0.05941306799650192,0.00025,0.0881495475769043,0.0
11727.0,27.0,30.0,0.05152280628681183,0.00025,0.10767520219087601,0.0
11728.0,28.0,30.0,0.05815877392888069,0.00025,0.12328656762838364,0.0
11729.0,29.0,30.0,0.0419943705201149,0.00025,0.18030692636966705,0.0
11730.0,30.0,30.0,0.060880497097969055,0.00025,0.136851966381073,0.0
11731.0,31.0,30.0,0.06953253597021103,0.00025,0.17780743539333344,0.0
11732.0,32.0,30.0,0.040178168565034866,0.00025,0.19702063500881195,0.0
11733.0,33.0,30.0,0.045808255672454834,0.00025,0.19710774719715118,0.0
11734.0,34.0,30.0,0.056889623403549194,0.00025,0.1739398092031479,0.0
11735.0,35.0,30.0,0.06291182339191437,0.00025,0.2343020737171173,0.0
11736.0,36.0,30.0,0.06344471871852875,0.00025,0.08428987860679626,0.0
11737.0,37.0,30.0,0.06047411262989044,0.00025,0.15608154237270355,0.0
11738.0,38.0,30.0,0.060106437653303146,0.00025,0.14395035803318024,0.0
11739.0,39.0,30.0,0.04864475503563881,0.00025,0.07574610412120819,0.0
11740.0,40.0,30.0,0.0764867439866066,0.00025,0.14659129083156586,0.0
11741.0,41.0,30.0,0.05824568122625351,0.00025,0.07014156877994537,0.0
11742.0,42.0,30.0,0.05650833249092102,0.00025,0.11861544102430344,0.0
11743.0,43.0,30.0,0.04886623099446297,0.00025,0.1227797418832779,0.0
11744.0,44.0,30.0,0.05333716422319412,0.00025,0.10801783204078674,0.0
11745.0,45.0,30.0,0.04255152493715286,0.00025,0.17242680490016937,0.0
11746.0,46.0,30.0,0.055093951523303986,0.00025,0.09666404873132706,0.0
11747.0,47.0,30.0,0.06049506366252899,0.00025,0.21836009621620178,0.0
11748.0,48.0,30.0,0.06009829044342041,0.00025,0.1464914083480835,0.0
11749.0,49.0,30.0,0.06319374591112137,0.00025,0.2255387306213379,0.0
11750.0,50.0,30.0,0.07578739523887634,0.00025,0.15047037601470947,0.0
11751.0,51.0,30.0,0.04885494336485863,0.00025,0.11145475506782532,0.0
11752.0,52.0,30.0,0.06192740052938461,0.00025,0.1905750334262848,0.0
11753.0,53.0,30.0,0.06394532322883606,0.00025,0.06551263481378555,0.0
11754.0,54.0,30.0,0.06469011306762695,0.00025,0.15406815707683563,0.0
11755.0,55.0,30.0,0.0894283726811409,0.00025,0.08767840266227722,0.0
11756.0,56.0,30.0,0.055512845516204834,0.00025,0.11712522804737091,0.0
11757.0,57.0,30.0,0.04947109892964363,0.00025,0.16142703592777252,0.0
11758.0,58.0,30.0,0.0536612942814827,0.00025,0.11447303742170334,0.0
11759.0,59.0,30.0,0.061875712126493454,0.00025,0.19112998247146606,0.0
11760.0,60.0,30.0,0.06097255274653435,0.00025,0.11016379296779633,0.0
11761.0,61.0,30.0,0.05665616691112518,0.00025,0.12865674495697021,0.0
11762.0,62.0,30.0,0.059077538549900055,0.00025,0.134792760014534,0.0
11763.0,63.0,30.0,0.0689815878868103,0.00025,0.11791015416383743,0.0
11764.0,64.0,30.0,0.05877834931015968,0.00025,0.17035400867462158,0.0
11765.0,65.0,30.0,0.04203280061483383,0.00025,0.12064436823129654,0.0
11766.0,66.0,30.0,0.05918679013848305,0.00025,0.11897534877061844,0.0
11767.0,67.0,30.0,0.05891553685069084,0.00025,0.08508649468421936,0.0
11768.0,68.0,30.0,0.056132152676582336,0.00025,0.08841267228126526,0.0
11769.0,69.0,30.0,0.05048362910747528,0.00025,0.12250659614801407,0.0
11770.0,70.0,30.0,0.048545271158218384,0.00025,0.10166061669588089,0.0
11771.0,71.0,30.0,0.05614019185304642,0.00025,0.1035805195569992,0.0
11772.0,72.0,30.0,0.07227153331041336,0.00025,0.09209595620632172,0.0
11773.0,73.0,30.0,0.05037635192275047,0.00025,0.070297010242939,0.0
11774.0,74.0,30.0,0.0468980111181736,0.00025,0.07063755393028259,0.0
11775.0,75.0,30.0,0.0461849644780159,0.00025,0.07621312886476517,0.0
11776.0,76.0,30.0,0.06499212980270386,0.00025,0.0780615583062172,0.0
11777.0,77.0,30.0,0.06013653799891472,0.00025,0.09539267420768738,0.0
11778.0,78.0,30.0,0.06228993460536003,0.00025,0.11552214622497559,0.0
11779.0,79.0,30.0,0.05919135734438896,0.00025,0.11289166659116745,0.0
11780.0,80.0,30.0,0.05751264840364456,0.00025,0.13273857533931732,0.0
11781.0,81.0,30.0,0.06201900914311409,0.00025,0.16089455783367157,0.0
11782.0,82.0,30.0,0.04637666791677475,0.00025,0.15304100513458252,0.0
11783.0,83.0,30.0,0.06405430287122726,0.00025,0.10960303246974945,0.0
11784.0,84.0,30.0,0.045573364943265915,0.00025,0.1094605103135109,0.0
11785.0,85.0,30.0,0.061192527413368225,0.00025,0.08860338479280472,0.0
11786.0,86.0,30.0,0.05239373445510864,0.00025,0.15343372523784637,0.0
11787.0,87.0,30.0,0.05291972681879997,0.00025,0.11329978704452515,0.0
11788.0,88.0,30.0,0.0522456169128418,0.00025,0.13256293535232544,0.0
11789.0,89.0,30.0,0.05431779474020004,0.00025,0.11684068292379379,0.0
11790.0,90.0,30.0,0.05509258806705475,0.00025,0.1351681500673294,0.0
11791.0,91.0,30.0,0.060641296207904816,0.00025,0.0712253749370575,0.0
11792.0,92.0,30.0,0.0778081864118576,0.00025,0.11992119997739792,0.0
11793.0,93.0,30.0,0.05977987125515938,0.00025,0.06500958651304245,0.0
11794.0,94.0,30.0,0.055572718381881714,0.00025,0.1015041172504425,0.0
11795.0,95.0,30.0,0.057395145297050476,0.00025,0.049689002335071564,0.0
11796.0,96.0,30.0,0.06387744843959808,0.00025,0.11769794672727585,0.0
11797.0,97.0,30.0,0.06076240912079811,0.00025,0.08868398517370224,0.0
11798.0,98.0,30.0,0.050037503242492676,0.00025,0.07835893332958221,0.0
11799.0,99.0,30.0,0.05206923186779022,0.00025,0.09970933198928833,0.0
11800.0,100.0,30.0,0.03938297927379608,0.00025,0.08559601753950119,0.0
11801.0,101.0,30.0,0.05607115849852562,0.00025,0.07566244155168533,0.0
11802.0,102.0,30.0,0.05313226208090782,0.00025,0.08350671827793121,0.0
11803.0,103.0,30.0,0.06057954579591751,0.00025,0.09886399656534195,0.0
11804.0,104.0,30.0,0.05945548787713051,0.00025,0.06692119687795639,0.0
11805.0,105.0,30.0,0.04262739047408104,0.00025,0.07290001213550568,0.0
11806.0,106.0,30.0,0.050727084279060364,0.00025,0.0736289694905281,0.0
11807.0,107.0,30.0,0.05526681989431381,0.00025,0.08148905634880066,0.0
11808.0,108.0,30.0,0.05611276626586914,0.00025,0.09247147291898727,0.0
11809.0,109.0,30.0,0.052009545266628265,0.00025,0.10124571621417999,0.0
11810.0,110.0,30.0,0.05406199023127556,0.00025,0.06826363503932953,0.0
11811.0,111.0,30.0,0.056279391050338745,0.00025,0.051681455224752426,0.0
11812.0,112.0,30.0,0.057748943567276,0.00025,0.07293283194303513,0.0
11813.0,113.0,30.0,0.05723847821354866,0.00025,0.08434340357780457,0.0
11814.0,114.0,30.0,0.061618007719516754,0.00025,0.08406803756952286,0.0
11815.0,115.0,30.0,0.06241249665617943,0.00025,0.06972483545541763,0.0
11816.0,116.0,30.0,0.06015052646398544,0.00025,0.04780161753296852,0.0
11817.0,117.0,30.0,0.04611235857009888,0.00025,0.06176840141415596,0.0
11818.0,118.0,30.0,0.04880073666572571,0.00025,0.06691453605890274,0.0
11819.0,119.0,30.0,0.05247350037097931,0.00025,0.043058160692453384,0.0
11820.0,120.0,30.0,0.05106160044670105,0.00025,0.06900729238986969,0.0
11821.0,121.0,30.0,0.060875095427036285,0.00025,0.16070133447647095,0.0
11822.0,122.0,30.0,0.0576540008187294,0.00025,0.05141028016805649,0.0
11823.0,123.0,30.0,0.055588025599718094,0.00025,0.11109207570552826,0.0
11824.0,124.0,30.0,0.062058225274086,0.00025,0.08049623668193817,0.0
11825.0,125.0,30.0,0.05569058284163475,0.00025,0.13564267754554749,0.0
11826.0,126.0,30.0,0.06171947345137596,0.00025,0.08203810453414917,0.0
11827.0,127.0,30.0,0.046524353325366974,0.00025,0.1960124671459198,0.0
11828.0,128.0,30.0,0.04549805447459221,0.00025,0.07321666926145554,0.0
11829.0,129.0,30.0,0.056361280381679535,0.00025,0.14150266349315643,0.0
11830.0,130.0,30.0,0.05449366569519043,0.00025,0.0905202329158783,0.0
11831.0,131.0,30.0,0.056560494005680084,0.00025,0.20351313054561615,0.0
11832.0,132.0,30.0,0.05559912323951721,0.00025,0.09376055747270584,0.0
11833.0,133.0,30.0,0.05395865440368652,0.00025,0.17104102671146393,0.0
11834.0,134.0,30.0,0.057577989995479584,0.00025,0.10526763647794724,0.0
11835.0,135.0,30.0,0.05734017863869667,0.00025,0.1609523594379425,0.0
11836.0,136.0,30.0,0.05341138690710068,0.00025,0.12825147807598114,0.0
11837.0,137.0,30.0,0.07315453886985779,0.00025,0.08078672736883163,0.0
11838.0,138.0,30.0,0.05843205749988556,0.00025,0.17160546779632568,0.0
11839.0,139.0,30.0,0.05066296085715294,0.00025,0.1400332748889923,0.0
11840.0,140.0,30.0,0.04973616451025009,0.00025,0.18567518889904022,0.0
11841.0,141.0,30.0,0.04667428508400917,0.00025,0.1679416000843048,0.0
11842.0,142.0,30.0,0.05799318850040436,0.00025,0.14226944744586945,0.0
11843.0,143.0,30.0,0.05075610429048538,0.00025,0.16780826449394226,0.0
11844.0,144.0,30.0,0.06954948604106903,0.00025,0.12422876805067062,0.0
11845.0,145.0,30.0,0.06847380846738815,0.00025,0.15227653086185455,0.0
11846.0,146.0,30.0,0.052251480519771576,0.00025,0.07032259553670883,0.0
11847.0,147.0,30.0,0.046298522502183914,0.00025,0.20647193491458893,0.0
11848.0,148.0,30.0,0.048166606575250626,0.00025,0.11579155921936035,0.0
11849.0,149.0,30.0,0.06636832654476166,0.00025,0.14063337445259094,0.0
11850.0,150.0,30.0,0.0585472397506237,0.00025,0.16914419829845428,0.0
11851.0,151.0,30.0,0.06190139427781105,0.00025,0.09045639634132385,0.0
11852.0,152.0,30.0,0.05751921609044075,0.00025,0.16152790188789368,0.0
11853.0,153.0,30.0,0.07245044410228729,0.00025,0.10891067236661911,0.0
11854.0,154.0,30.0,0.05872093886137009,0.00025,0.2393549531698227,0.0
11855.0,155.0,30.0,0.06764307618141174,0.00025,0.08633699268102646,0.0
11856.0,156.0,30.0,0.049941178411245346,0.00025,0.20285296440124512,0.0
11857.0,157.0,30.0,0.0601145401597023,0.00025,0.10832706838846207,0.0
11858.0,158.0,30.0,0.0668007880449295,0.00025,0.167445570230484,0.0
11859.0,159.0,30.0,0.06653688848018646,0.00025,0.10669280588626862,0.0
11860.0,160.0,30.0,0.05374637991189957,0.00025,0.13636063039302826,0.0
11861.0,161.0,30.0,0.07069597393274307,0.00025,0.11240129172801971,0.0
11862.0,162.0,30.0,0.05220692604780197,0.00025,0.11346086114645004,0.0
11863.0,163.0,30.0,0.060490932315588,0.00025,0.1015252023935318,0.0
11864.0,164.0,30.0,0.06336095929145813,0.00025,0.12939366698265076,0.0
11865.0,165.0,30.0,0.0551551878452301,0.00025,0.1333538144826889,0.0
11866.0,166.0,30.0,0.05544926971197128,0.00025,0.11137998849153519,0.0
11867.0,167.0,30.0,0.06710761785507202,0.00025,0.1404407024383545,0.0
11868.0,168.0,30.0,0.06777621805667877,0.00025,0.09719916433095932,0.0
11869.0,169.0,30.0,0.052905820310115814,0.00025,0.15412892401218414,0.0
11870.0,170.0,30.0,0.0627591460943222,0.00025,0.14228995144367218,0.0
11871.0,171.0,30.0,0.06545582413673401,0.00025,0.18120594322681427,0.0
11872.0,172.0,30.0,0.0702141597867012,0.00025,0.1316893994808197,0.0
11873.0,173.0,30.0,0.061677344143390656,0.00025,0.15864694118499756,0.0
11874.0,174.0,30.0,0.07107119262218475,0.00025,0.06901312619447708,0.0
11875.0,175.0,30.0,0.05213140323758125,0.00025,0.16842587292194366,0.0
11876.0,176.0,30.0,0.061924662441015244,0.00025,0.08190169185400009,0.0
11877.0,177.0,30.0,0.04191339761018753,0.00025,0.14006637036800385,0.0
11878.0,178.0,30.0,0.048515137284994125,0.00025,0.1167171522974968,0.0
11879.0,179.0,30.0,0.05455822870135307,0.00025,0.07982693612575531,0.0
11880.0,180.0,30.0,0.05114249885082245,0.00025,0.20869271457195282,0.0
11881.0,181.0,30.0,0.06258835643529892,0.00025,0.09054045379161835,0.0
11882.0,182.0,30.0,0.05267222970724106,0.00025,0.24428124725818634,0.0
11883.0,183.0,30.0,0.0582924485206604,0.00025,0.08121364563703537,0.0
11884.0,184.0,30.0,0.055548157542943954,0.00025,0.15921856462955475,0.0
11885.0,185.0,30.0,0.049441806972026825,0.00025,0.16031339764595032,0.0
11886.0,186.0,30.0,0.06487433612346649,0.00025,0.14164885878562927,0.0
11887.0,187.0,30.0,0.0653875395655632,0.00025,0.26170453429222107,0.0
11888.0,188.0,30.0,0.05551261082291603,0.00025,0.11250214278697968,0.0
11889.0,189.0,30.0,0.05156843364238739,0.00025,0.260133296251297,0.0
11890.0,190.0,30.0,0.05220380425453186,0.00025,0.07635977119207382,0.0
11891.0,191.0,30.0,0.06489291787147522,0.00025,0.26218634843826294,0.0
11892.0,192.0,30.0,0.04976668208837509,0.00025,0.08794742077589035,0.0
11893.0,193.0,30.0,0.05010741949081421,0.00025,0.1772739291191101,0.0
11894.0,194.0,30.0,0.045532334595918655,0.00025,0.09339535236358643,0.0
11895.0,195.0,30.0,0.05570525303483009,0.00025,0.20693403482437134,0.0
11896.0,196.0,30.0,0.05770197510719299,0.00025,0.13962745666503906,0.0
11897.0,197.0,30.0,0.061422333121299744,0.00025,0.17043982446193695,0.0
11898.0,198.0,30.0,0.04503806680440903,0.00025,0.11434011906385422,0.0
11899.0,199.0,30.0,0.07922284305095673,0.00025,0.10381872206926346,0.0
11900.0,200.0,30.0,0.05635778605937958,0.00025,0.15731030702590942,0.0
11901.0,201.0,30.0,0.06072627007961273,0.00025,0.11290841549634933,0.0
11902.0,202.0,30.0,0.05231019854545593,0.00025,0.09125098586082458,0.0
11903.0,203.0,30.0,0.06822526454925537,0.00025,0.12398527562618256,0.0
11904.0,204.0,30.0,0.05763590335845947,0.00025,0.12397833168506622,0.0
11905.0,205.0,30.0,0.061392273753881454,0.00025,0.12402261793613434,0.0
11906.0,206.0,30.0,0.07198701053857803,0.00025,0.20848582684993744,0.0
11907.0,207.0,30.0,0.05907706171274185,0.00025,0.20062018930912018,0.0
11908.0,208.0,30.0,0.05906972289085388,0.00025,0.1457289308309555,0.0
11909.0,209.0,30.0,0.06545260548591614,0.00025,0.2133457362651825,0.0
11910.0,210.0,30.0,0.07099658250808716,0.00025,0.10552462935447693,0.0
11911.0,211.0,30.0,0.05681175738573074,0.00025,0.20789289474487305,0.0
11912.0,212.0,30.0,0.05453867092728615,0.00025,0.09854487329721451,0.0
11913.0,213.0,30.0,0.05575506389141083,0.00025,0.2011219561100006,0.0
11914.0,214.0,30.0,0.06637334823608398,0.00025,0.12118612229824066,0.0
11915.0,215.0,30.0,0.06347646564245224,0.00025,0.15766270458698273,0.0
11916.0,216.0,30.0,0.055034104734659195,0.00025,0.17936986684799194,0.0
11917.0,217.0,30.0,0.055844858288764954,0.00025,0.17335456609725952,0.0
11918.0,218.0,30.0,0.05940095707774162,0.00025,0.13488003611564636,0.0
11919.0,219.0,30.0,0.0639057531952858,0.00025,0.13826587796211243,0.0
11920.0,220.0,30.0,0.05184554308652878,0.00025,0.1030840054154396,0.0
11921.0,221.0,30.0,0.06359481811523438,0.00025,0.2071208953857422,0.0
11922.0,222.0,30.0,0.04942711442708969,0.00025,0.08805114030838013,0.0
11923.0,223.0,30.0,0.054452650249004364,0.00025,0.11663971096277237,0.0
11924.0,224.0,30.0,0.05922777205705643,0.00025,0.1311526596546173,0.0
11925.0,225.0,30.0,0.05183408409357071,0.00025,0.12342307716608047,0.0
11926.0,226.0,30.0,0.044708795845508575,0.00025,0.13570965826511383,0.0
11927.0,227.0,30.0,0.05558757483959198,0.00025,0.170427143573761,0.0
11928.0,228.0,30.0,0.049466490745544434,0.00025,0.10858678817749023,0.0
11929.0,229.0,30.0,0.05863839387893677,0.00025,0.13357943296432495,0.0
11930.0,230.0,30.0,0.0617448054254055,0.00025,0.10608911514282227,0.0
11931.0,231.0,30.0,0.05315446853637695,0.00025,0.1335349977016449,0.0
11932.0,232.0,30.0,0.049661606550216675,0.00025,0.07062004506587982,0.0
11933.0,233.0,30.0,0.05760086700320244,0.00025,0.10503601282835007,0.0
11934.0,234.0,30.0,0.059015560895204544,0.00025,0.0879817083477974,0.0
11935.0,235.0,30.0,0.05765801668167114,0.00025,0.0644538402557373,0.0
11936.0,236.0,30.0,0.05944446474313736,0.00025,0.11104796826839447,0.0
11937.0,237.0,30.0,0.05772513896226883,0.00025,0.06179804727435112,0.0
11938.0,238.0,30.0,0.07334466278553009,0.00025,0.14197221398353577,0.0
11939.0,239.0,30.0,0.06289587169885635,0.00025,0.0467163510620594,0.0
11940.0,240.0,30.0,0.04712006077170372,0.00025,0.07547181844711304,0.0
11941.0,241.0,30.0,0.053959064185619354,0.00025,0.06008986756205559,0.0
11942.0,242.0,30.0,0.05678973346948624,0.00025,0.15784575045108795,0.0
11943.0,243.0,30.0,0.05396578833460808,0.00025,0.08566750586032867,0.0
11944.0,244.0,30.0,0.052260130643844604,0.00025,0.12070142477750778,0.0
11945.0,245.0,30.0,0.060767173767089844,0.00025,0.14239324629306793,0.0
11946.0,246.0,30.0,0.04590336233377457,0.00025,0.1019069030880928,0.0
11947.0,247.0,30.0,0.05796556919813156,0.00025,0.17204059660434723,0.0
11948.0,248.0,30.0,0.07194752991199493,0.00025,0.20202864706516266,0.0
11949.0,249.0,30.0,0.06595014780759811,0.00025,0.11887302249670029,0.0
11950.0,250.0,30.0,0.054540205746889114,0.00025,0.24165664613246918,0.0
11951.0,251.0,30.0,0.05881624296307564,0.00025,0.0662975087761879,0.0
11952.0,252.0,30.0,0.052876755595207214,0.00025,0.13993927836418152,0.0
11953.0,253.0,30.0,0.058640364557504654,0.00025,0.11545470356941223,0.0
11954.0,254.0,30.0,0.05704815313220024,0.00025,0.17528140544891357,0.0
11955.0,255.0,30.0,0.05911388620734215,0.00025,0.05657337233424187,0.0
11956.0,256.0,30.0,0.05483982712030411,0.00025,0.10406006127595901,0.0
11957.0,257.0,30.0,0.05942968279123306,0.00025,0.07200684398412704,0.0
11958.0,258.0,30.0,0.05363529175519943,0.00025,0.11119386553764343,0.0
11959.0,259.0,30.0,0.05860152095556259,0.00025,0.07095666974782944,0.0
11960.0,260.0,30.0,0.054971832782030106,0.00025,0.08293111622333527,0.0
11961.0,261.0,30.0,0.06111367419362068,0.00025,0.16197547316551208,0.0
11962.0,262.0,30.0,0.057461004704236984,0.00025,0.06495669484138489,0.0
11963.0,263.0,30.0,0.05352655053138733,0.00025,0.1589476466178894,0.0
11964.0,264.0,30.0,0.051402077078819275,0.00025,0.07729071378707886,0.0
11965.0,265.0,30.0,0.05768360570073128,0.00025,0.16088834404945374,0.0
11966.0,266.0,30.0,0.06077660992741585,0.00025,0.06718292087316513,0.0
11967.0,267.0,30.0,0.06582451611757278,0.00025,0.10047809034585953,0.0
11968.0,268.0,30.0,0.05530407279729843,0.00025,0.15767177939414978,0.0
11969.0,269.0,30.0,0.05931501090526581,0.00025,0.11952764540910721,0.0
11970.0,270.0,30.0,0.05479806661605835,0.00025,0.19551284611225128,0.0
11971.0,271.0,30.0,0.05429476127028465,0.00025,0.15416714549064636,0.0
11972.0,272.0,30.0,0.05702238529920578,0.00025,0.07726498693227768,0.0
11973.0,273.0,30.0,0.06954026222229004,0.00025,0.08449763804674149,0.0
11974.0,274.0,30.0,0.05480446666479111,0.00025,0.05271296203136444,0.0
11975.0,275.0,30.0,0.06900554895401001,0.00025,0.07558436691761017,0.0
11976.0,276.0,30.0,0.052973322570323944,0.00025,0.06188138946890831,0.0
11977.0,277.0,30.0,0.06289749592542648,0.00025,0.08922866731882095,0.0
11978.0,278.0,30.0,0.05580808222293854,0.00025,0.0958440750837326,0.0
11979.0,279.0,30.0,0.06111043691635132,0.00025,0.12963174283504486,0.0
11980.0,280.0,30.0,0.05482162535190582,0.00025,0.09651236236095428,0.0
11981.0,281.0,30.0,0.06831172108650208,0.00025,0.06616479903459549,0.0
11982.0,282.0,30.0,0.05994170904159546,0.00025,0.1213860884308815,0.0
11983.0,283.0,30.0,0.052274931222200394,0.00025,0.08807525038719177,0.0
11984.0,284.0,30.0,0.05715074762701988,0.00025,0.1334056705236435,0.0
11985.0,285.0,30.0,0.07280997931957245,0.00025,0.08419443666934967,0.0
11986.0,286.0,30.0,0.05072174221277237,0.00025,0.13703230023384094,0.0
11987.0,287.0,30.0,0.05499054491519928,0.00025,0.1345393806695938,0.0
11988.0,288.0,30.0,0.060321833938360214,0.00025,0.19725367426872253,0.0
11989.0,289.0,30.0,0.061071641743183136,0.00025,0.18149571120738983,0.0
11990.0,290.0,30.0,0.05707263946533203,0.00025,0.06883039325475693,0.0
11991.0,291.0,30.0,0.06498250365257263,0.00025,0.19033242762088776,0.0
11992.0,292.0,30.0,0.06847471743822098,0.00025,0.10498125106096268,0.0
11993.0,293.0,30.0,0.05203980579972267,0.00025,0.14004698395729065,0.0
11994.0,294.0,30.0,0.06963492929935455,0.00025,0.05131461098790169,0.0
11995.0,295.0,30.0,0.05488298833370209,0.00025,0.16555717587471008,0.0
11996.0,296.0,30.0,0.04928511381149292,0.00025,0.058787595480680466,0.0
11997.0,297.0,30.0,0.05548488721251488,0.00025,0.12895351648330688,0.0
11998.0,298.0,30.0,0.05376080051064491,0.00025,0.10511884093284607,0.0
11999.0,299.0,30.0,0.06839675456285477,0.00025,0.09794526547193527,0.0
12000.0,300.0,30.0,0.04692629724740982,0.00025,0.1444281041622162,0.0
12001.0,301.0,30.0,0.04949738830327988,0.00025,0.10709185153245926,0.0
12002.0,302.0,30.0,0.05745656043291092,0.00025,0.10575094819068909,0.0
12003.0,303.0,30.0,0.04950409382581711,0.00025,0.0907987654209137,0.0
12004.0,304.0,30.0,0.055450379848480225,0.00025,0.1369675099849701,0.0
12005.0,305.0,30.0,0.05700038745999336,0.00025,0.10643526911735535,0.0
12006.0,306.0,30.0,0.05189264565706253,0.00025,0.11470133066177368,0.0
12007.0,307.0,30.0,0.05279986560344696,0.00025,0.12108389288187027,0.0
12008.0,308.0,30.0,0.05648916959762573,0.00025,0.06123548373579979,0.0
12009.0,309.0,30.0,0.054672643542289734,0.00025,0.1720668077468872,0.0
12010.0,310.0,30.0,0.04851560294628143,0.00025,0.04189518466591835,0.0
12011.0,311.0,30.0,0.049596745520830154,0.00025,0.1744721531867981,0.0
12012.0,312.0,30.0,0.06226100027561188,0.00025,0.043347835540771484,0.0
12013.0,313.0,30.0,0.060623619705438614,0.00025,0.10329296439886093,0.0
12014.0,314.0,30.0,0.07713267207145691,0.00025,0.17355698347091675,0.0
12015.0,315.0,30.0,0.06428384780883789,0.00025,0.08424843102693558,0.0
12016.0,316.0,30.0,0.04589637368917465,0.00025,0.10161274671554565,0.0
12017.0,317.0,30.0,0.04835261404514313,0.00025,0.11458391696214676,0.0
12018.0,318.0,30.0,0.045899417251348495,0.00025,0.11414926499128342,0.0
12019.0,319.0,30.0,0.056068263947963715,0.00025,0.068788543343544,0.0
12020.0,320.0,30.0,0.0597214475274086,0.00025,0.07362997531890869,0.0
12021.0,321.0,30.0,0.06020675599575043,0.00025,0.06564898788928986,0.0
12022.0,322.0,30.0,0.06065193563699722,0.00025,0.051709793508052826,0.0
12023.0,323.0,30.0,0.05972893163561821,0.00025,0.11392348259687424,0.0
12024.0,324.0,30.0,0.05356216058135033,0.00025,0.07055311650037766,0.0
12025.0,325.0,30.0,0.05172889679670334,0.00025,0.12755979597568512,0.0
12026.0,326.0,30.0,0.0626809149980545,0.00025,0.0734279453754425,0.0
12027.0,327.0,30.0,0.04641164094209671,0.00025,0.09931860119104385,0.0
12028.0,328.0,30.0,0.05393171310424805,0.00025,0.1444605588912964,0.0
12029.0,329.0,30.0,0.05883002281188965,0.00025,0.11600945144891739,0.0
12030.0,330.0,30.0,0.06605495512485504,0.00025,0.12018679082393646,0.0
12031.0,331.0,30.0,0.06213798746466637,0.00025,0.07205042988061905,0.0
12032.0,332.0,30.0,0.05012700706720352,0.00025,0.08366172015666962,0.0
12033.0,333.0,30.0,0.04532122239470482,0.00025,0.08079581707715988,0.0
12034.0,334.0,30.0,0.053946539759635925,0.00025,0.12554539740085602,0.0
12035.0,335.0,30.0,0.048741839826107025,0.00025,0.05969974771142006,0.0
12036.0,336.0,30.0,0.05664876848459244,0.00025,0.1028158888220787,0.0
12037.0,337.0,30.0,0.06303708255290985,0.00025,0.09073448926210403,0.0
12038.0,338.0,30.0,0.05317111313343048,0.00025,0.1068890318274498,0.0
12039.0,339.0,30.0,0.05863238871097565,0.00025,0.07607889920473099,0.0
12040.0,340.0,30.0,0.06286702305078506,0.00025,0.11204525828361511,0.0
12041.0,341.0,30.0,0.06220511347055435,0.00025,0.1248779222369194,0.0
12042.0,342.0,30.0,0.061351388692855835,0.00025,0.1261405199766159,0.0
12043.0,343.0,30.0,0.06671645492315292,0.00025,0.10734210163354874,0.0
12044.0,344.0,30.0,0.05276431888341904,0.00025,0.11248193681240082,0.0
12045.0,345.0,30.0,0.06211049109697342,0.00025,0.062122542411088943,0.0
12046.0,346.0,30.0,0.06174061819911003,0.00025,0.03427085280418396,0.0
12047.0,347.0,30.0,0.06442031264305115,0.00025,0.104249969124794,0.0
12048.0,348.0,30.0,0.07035163044929504,0.00025,0.06837470084428787,0.0
12049.0,349.0,30.0,0.07031787186861038,0.00025,0.09511103481054306,0.0
12050.0,350.0,30.0,0.05295976996421814,0.00025,0.09860961139202118,0.0
12051.0,351.0,30.0,0.05650573968887329,0.00025,0.1687035709619522,0.0
12052.0,352.0,30.0,0.05556585639715195,0.00025,0.10134860873222351,0.0
12053.0,353.0,30.0,0.049096718430519104,0.00025,0.14558374881744385,0.0
12054.0,354.0,30.0,0.06679058074951172,0.00025,0.060850467532873154,0.0
12055.0,355.0,30.0,0.0439370833337307,0.00025,0.08156263828277588,0.0
12056.0,356.0,30.0,0.05844780430197716,0.00025,0.06113188713788986,0.0
12057.0,357.0,30.0,0.05364134907722473,0.00025,0.11774331331253052,0.0
12058.0,358.0,30.0,0.049746185541152954,0.00025,0.09079736471176147,0.0
12059.0,359.0,30.0,0.06042018532752991,0.00025,0.14481425285339355,0.0
12060.0,360.0,30.0,0.053356606513261795,0.00025,0.14304326474666595,0.0
12061.0,361.0,30.0,0.06404049694538116,0.00025,0.10456303507089615,0.0
12062.0,362.0,30.0,0.0568072535097599,0.00025,0.1388092041015625,0.0
12063.0,363.0,30.0,0.06039882078766823,0.00025,0.14970041811466217,0.0
12064.0,364.0,30.0,0.07314405590295792,0.00025,0.1753399521112442,0.0
12065.0,365.0,30.0,0.05279971659183502,0.00025,0.1179158166050911,0.0
12066.0,366.0,30.0,0.058128733187913895,0.00025,0.1807050257921219,0.0
12067.0,367.0,30.0,0.06284844875335693,0.00025,0.11636398732662201,0.0
12068.0,368.0,30.0,0.06990627944469452,0.00025,0.12671244144439697,0.0
12069.0,369.0,30.0,0.05466892570257187,0.00025,0.15346401929855347,0.0
12070.0,370.0,30.0,0.05745813250541687,0.00025,0.1482837051153183,0.0
12070.0,371.0,30.0,0.061673298478126526,0.00025,inf,1.0
12071.0,372.0,30.0,0.06062041223049164,0.00025,0.22776354849338531,0.0
12072.0,373.0,30.0,0.08627495169639587,0.00025,0.1349770575761795,0.0
12073.0,374.0,30.0,0.06334637850522995,0.00025,0.18485711514949799,0.0
12074.0,375.0,30.0,0.05784851312637329,0.00025,0.07325883209705353,0.0
12075.0,376.0,30.0,0.045485541224479675,0.00025,0.21818944811820984,0.0
12076.0,377.0,30.0,0.053963802754879,0.00025,0.15702909231185913,0.0
12077.0,378.0,30.0,0.05577627569437027,0.00025,0.19580644369125366,0.0
12078.0,379.0,30.0,0.0576791986823082,0.00025,0.148646280169487,0.0
12079.0,380.0,30.0,0.05409733206033707,0.00025,0.16705350577831268,0.0
12080.0,381.0,30.0,0.056562744081020355,0.00025,0.10336228460073471,0.0
12081.0,382.0,30.0,0.0667596235871315,0.00025,0.1907006949186325,0.0
12082.0,383.0,30.0,0.04676177352666855,0.00025,0.055968914180994034,0.0
12083.0,384.0,30.0,0.06313685327768326,0.00025,0.20421947538852692,0.0
12084.0,385.0,30.0,0.045242294669151306,0.00025,0.06948452442884445,0.0
12085.0,386.0,30.0,0.04352383315563202,0.00025,0.15624234080314636,0.0
12086.0,387.0,30.0,0.04406089708209038,0.00025,0.10535058379173279,0.0
12087.0,388.0,30.0,0.06489628553390503,0.00025,0.11730698496103287,0.0
12088.0,389.0,30.0,0.0608794130384922,0.00025,0.11940833926200867,0.0
12089.0,390.0,30.0,0.05759214982390404,0.00025,0.10298589617013931,0.0
12090.0,391.0,31.0,0.06419617682695389,0.00025,0.06997407972812653,0.0
12091.0,392.0,31.0,0.07308126240968704,0.00025,0.08776495605707169,0.0
12092.0,393.0,31.0,0.050411880016326904,0.00025,0.09980130195617676,0.0
12093.0,394.0,31.0,0.05020855367183685,0.00025,0.0833890363574028,0.0
12094.0,395.0,31.0,0.03791110962629318,0.00025,0.14749880135059357,0.0
12095.0,396.0,31.0,0.05831407010555267,0.00025,0.1125636026263237,0.0
12096.0,397.0,31.0,0.07134461402893066,0.00025,0.10919057577848434,0.0
12097.0,398.0,31.0,0.054389480501413345,0.00025,0.14554250240325928,0.0
12098.0,399.0,31.0,0.045397281646728516,0.00025,0.11991885304450989,0.0
12099.0,400.0,31.0,0.05214530602097511,0.00025,0.1400218904018402,0.0
12100.0,401.0,31.0,0.050650179386138916,0.00025,0.09644082188606262,0.0
12101.0,402.0,31.0,0.05286616086959839,0.00025,0.14014846086502075,0.0
12102.0,403.0,31.0,0.052822500467300415,0.00025,0.12816844880580902,0.0
12103.0,404.0,31.0,0.053566303104162216,0.00025,0.1288950890302658,0.0
12104.0,405.0,31.0,0.057961996644735336,0.00025,0.13255035877227783,0.0
12105.0,406.0,31.0,0.05937916040420532,0.00025,0.07022402435541153,0.0
12106.0,407.0,31.0,0.07563690096139908,0.00025,0.16443797945976257,0.0
12107.0,408.0,31.0,0.05674469470977783,0.00025,0.029963936656713486,0.0
12108.0,409.0,31.0,0.054020706564188004,0.00025,0.13093167543411255,0.0
12109.0,410.0,31.0,0.060316573828458786,0.00025,0.08979347348213196,0.0
12110.0,411.0,31.0,0.05560867115855217,0.00025,0.12986789643764496,0.0
12111.0,412.0,31.0,0.056438591331243515,0.00025,0.1589020937681198,0.0
12112.0,413.0,31.0,0.0603582002222538,0.00025,0.20729634165763855,0.0
12113.0,414.0,31.0,0.058012936264276505,0.00025,0.1187836304306984,0.0
12114.0,415.0,31.0,0.058588944375514984,0.00025,0.16278119385242462,0.0
12115.0,416.0,31.0,0.07570397853851318,0.00025,0.15946950018405914,0.0
12116.0,417.0,31.0,0.05802472308278084,0.00025,0.1417212337255478,0.0
12117.0,418.0,31.0,0.06182505190372467,0.00025,0.09780742228031158,0.0
12118.0,419.0,31.0,0.06857524812221527,0.00025,0.1334650069475174,0.0
12119.0,420.0,31.0,0.05891478806734085,0.00025,0.0774415135383606,0.0
12120.0,421.0,31.0,0.05785366892814636,0.00025,0.14903715252876282,0.0
12121.0,422.0,31.0,0.05321193486452103,0.00025,0.1165897324681282,0.0
12122.0,423.0,31.0,0.05427805334329605,0.00025,0.1330498456954956,0.0
12123.0,424.0,31.0,0.05366723984479904,0.00025,0.1603183150291443,0.0
12124.0,425.0,31.0,0.060293011367321014,0.00025,0.20825070142745972,0.0
12125.0,426.0,31.0,0.057639311999082565,0.00025,0.09072546660900116,0.0
12126.0,427.0,31.0,0.05654308199882507,0.00025,0.16952720284461975,0.0
12127.0,428.0,31.0,0.05328614264726639,0.00025,0.13958871364593506,0.0
12128.0,429.0,31.0,0.06479774415493011,0.00025,0.10867726802825928,0.0
12129.0,430.0,31.0,0.05629292130470276,0.00025,0.1600368171930313,0.0
12130.0,431.0,31.0,0.05792020261287689,0.00025,0.12227451801300049,0.0
12131.0,432.0,31.0,0.06565329432487488,0.00025,0.1683225780725479,0.0
12132.0,433.0,31.0,0.053749144077301025,0.00025,0.1067236065864563,0.0
12133.0,434.0,31.0,0.04866723716259003,0.00025,0.17827977240085602,0.0
12134.0,435.0,31.0,0.04427039250731468,0.00025,0.11915993690490723,0.0
12135.0,436.0,31.0,0.06743739545345306,0.00025,0.17423677444458008,0.0
12136.0,437.0,31.0,0.07041991502046585,0.00025,0.13440251350402832,0.0
12137.0,438.0,31.0,0.04649190977215767,0.00025,0.16338232159614563,0.0
12138.0,439.0,31.0,0.05548395961523056,0.00025,0.15207932889461517,0.0
12139.0,440.0,31.0,0.06031821668148041,0.00025,0.12198036164045334,0.0
12140.0,441.0,31.0,0.08173727989196777,0.00025,0.159414142370224,0.0
12141.0,442.0,31.0,0.060454197227954865,0.00025,0.12489921599626541,0.0
12142.0,443.0,31.0,0.05502182990312576,0.00025,0.1935802847146988,0.0
12143.0,444.0,31.0,0.05764629691839218,0.00025,0.12862710654735565,0.0
12144.0,445.0,31.0,0.07427820563316345,0.00025,0.19467662274837494,0.0
12145.0,446.0,31.0,0.056053683161735535,0.00025,0.1249946877360344,0.0
12146.0,447.0,31.0,0.05371162295341492,0.00025,0.12198290228843689,0.0
12147.0,448.0,31.0,0.06010078638792038,0.00025,0.13246950507164001,0.0
12148.0,449.0,31.0,0.06344696879386902,0.00025,0.11632192134857178,0.0
12149.0,450.0,31.0,0.06482202559709549,0.00025,0.10482823103666306,0.0
12150.0,451.0,31.0,0.05666349083185196,0.00025,0.1600443571805954,0.0
12151.0,452.0,31.0,0.0572315976023674,0.00025,0.05085200071334839,0.0
12152.0,453.0,31.0,0.056861042976379395,0.00025,0.1818341463804245,0.0
12153.0,454.0,31.0,0.06206740066409111,0.00025,0.04987340793013573,0.0
12154.0,455.0,31.0,0.061653122305870056,0.00025,0.11854896694421768,0.0
12155.0,456.0,31.0,0.062318816781044006,0.00025,0.06513199210166931,0.0
12156.0,457.0,31.0,0.062327247112989426,0.00025,0.13911814987659454,0.0
12157.0,458.0,31.0,0.0639834925532341,0.00025,0.05866258218884468,0.0
12158.0,459.0,31.0,0.05273325741291046,0.00025,0.07338546216487885,0.0
12159.0,460.0,31.0,0.037534795701503754,0.00025,0.09422680735588074,0.0
12160.0,461.0,31.0,0.04968973994255066,0.00025,0.11044178158044815,0.0
12161.0,462.0,31.0,0.05991667881608009,0.00025,0.08861496299505234,0.0
12162.0,463.0,31.0,0.052554547786712646,0.00025,0.10296045988798141,0.0
12163.0,464.0,31.0,0.06630248576402664,0.00025,0.15249747037887573,0.0
12164.0,465.0,31.0,0.05383245646953583,0.00025,0.07031605392694473,0.0
12165.0,466.0,31.0,0.05393810570240021,0.00025,0.12240269780158997,0.0
12166.0,467.0,31.0,0.05189979076385498,0.00025,0.09320934861898422,0.0
12167.0,468.0,31.0,0.053044140338897705,0.00025,0.1068657711148262,0.0
12168.0,469.0,31.0,0.05980020761489868,0.00025,0.08815246820449829,0.0
12169.0,470.0,31.0,0.07171659171581268,0.00025,0.1128961592912674,0.0
12170.0,471.0,31.0,0.07127800583839417,0.00025,0.10849351435899734,0.0
12171.0,472.0,31.0,0.050706371665000916,0.00025,0.12833981215953827,0.0
12172.0,473.0,31.0,0.04967615008354187,0.00025,0.08218596875667572,0.0
12173.0,474.0,31.0,0.06501903384923935,0.00025,0.15754282474517822,0.0
12174.0,475.0,31.0,0.06038454920053482,0.00025,0.099787138402462,0.0
12175.0,476.0,31.0,0.06427702307701111,0.00025,0.14021065831184387,0.0
12176.0,477.0,31.0,0.04350200667977333,0.00025,0.15549053251743317,0.0
12177.0,478.0,31.0,0.06913335621356964,0.00025,0.13399659097194672,0.0
12178.0,479.0,31.0,0.0741470456123352,0.00025,0.10159145295619965,0.0
12179.0,480.0,31.0,0.06164879351854324,0.00025,0.22075796127319336,0.0
12180.0,481.0,31.0,0.05527445301413536,0.00025,0.08083206415176392,0.0
12181.0,482.0,31.0,0.05931194871664047,0.00025,0.2442305088043213,0.0
12182.0,483.0,31.0,0.05864947289228439,0.00025,0.1814381629228592,0.0
12183.0,484.0,31.0,0.07313521951436996,0.00025,0.13848020136356354,0.0
12184.0,485.0,31.0,0.057612255215644836,0.00025,0.19876624643802643,0.0
12185.0,486.0,31.0,0.05486755073070526,0.00025,0.11952068656682968,0.0
12186.0,487.0,31.0,0.059294380247592926,0.00025,0.174331933259964,0.0
12187.0,488.0,31.0,0.057567205280065536,0.00025,0.22853703796863556,0.0
12188.0,489.0,31.0,0.05768406763672829,0.00025,0.18400585651397705,0.0
12189.0,490.0,31.0,0.05669669061899185,0.00025,0.20887012779712677,0.0
12190.0,491.0,31.0,0.06245390698313713,0.00025,0.2071359008550644,0.0
12191.0,492.0,31.0,0.057131268084049225,0.00025,0.11047723889350891,0.0
12192.0,493.0,31.0,0.05595803260803223,0.00025,0.16675326228141785,0.0
12193.0,494.0,31.0,0.05959134176373482,0.00025,0.17735125124454498,0.0
12194.0,495.0,31.0,0.056692659854888916,0.00025,0.15042689442634583,0.0
12195.0,496.0,31.0,0.05439825728535652,0.00025,0.17352508008480072,0.0
12196.0,497.0,31.0,0.057635895907878876,0.00025,0.12529394030570984,0.0
12197.0,498.0,31.0,0.06395907700061798,0.00025,0.13061629235744476,0.0
12198.0,499.0,31.0,0.04458725079894066,0.00025,0.08406779170036316,0.0
12199.0,500.0,31.0,0.062282972037792206,0.00025,0.11465997248888016,0.0
12200.0,501.0,31.0,0.06070157140493393,0.00025,0.0833478793501854,0.0
12201.0,502.0,31.0,0.05248487740755081,0.00025,0.11177132278680801,0.0
12202.0,503.0,31.0,0.049264855682849884,0.00025,0.10205090045928955,0.0
12203.0,504.0,31.0,0.05428723618388176,0.00025,0.07373711466789246,0.0
12204.0,505.0,31.0,0.05996352806687355,0.00025,0.12056005001068115,0.0
12205.0,506.0,31.0,0.061015017330646515,0.00025,0.09354090690612793,0.0
12206.0,507.0,31.0,0.06153954938054085,0.00025,0.04315052554011345,0.0
12207.0,508.0,31.0,0.057044867426157,0.00025,0.12451796978712082,0.0
12208.0,509.0,31.0,0.05340530723333359,0.00025,0.05294444411993027,0.0
12209.0,510.0,31.0,0.05719003826379776,0.00025,0.19216924905776978,0.0
12210.0,511.0,31.0,0.04749961942434311,0.00025,0.04581379145383835,0.0
12211.0,512.0,31.0,0.054617270827293396,0.00025,0.12469750642776489,0.0
12212.0,513.0,31.0,0.06499478220939636,0.00025,0.11513268947601318,0.0
12213.0,514.0,31.0,0.061657145619392395,0.00025,0.1301329880952835,0.0
12214.0,515.0,31.0,0.05628347024321556,0.00025,0.07484662532806396,0.0
12215.0,516.0,31.0,0.05913250520825386,0.00025,0.1103062778711319,0.0
12216.0,517.0,31.0,0.06502995640039444,0.00025,0.08219040185213089,0.0
12217.0,518.0,31.0,0.05526786297559738,0.00025,0.10152677446603775,0.0
12218.0,519.0,31.0,0.0600305013358593,0.00025,0.06371811032295227,0.0
12219.0,520.0,31.0,0.04765855893492699,0.00025,0.17777545750141144,0.0
12220.0,521.0,31.0,0.04739608243107796,0.00025,0.06725331395864487,0.0
12221.0,522.0,31.0,0.05463232845067978,0.00025,0.18069158494472504,0.0
12222.0,523.0,31.0,0.061777710914611816,0.00025,0.10042031854391098,0.0
12223.0,524.0,31.0,0.044236231595277786,0.00025,0.1606706976890564,0.0
12224.0,525.0,31.0,0.0596732422709465,0.00025,0.12055648118257523,0.0
12225.0,526.0,31.0,0.057345978915691376,0.00025,0.12687577307224274,0.0
12226.0,527.0,31.0,0.05044169723987579,0.00025,0.12365638464689255,0.0
12227.0,528.0,31.0,0.05712590366601944,0.00025,0.08623866736888885,0.0
12228.0,529.0,31.0,0.050418321043252945,0.00025,0.09215830266475677,0.0
12229.0,530.0,31.0,0.04052034020423889,0.00025,0.14070448279380798,0.0
12230.0,531.0,31.0,0.051203787326812744,0.00025,0.12930305302143097,0.0
12231.0,532.0,31.0,0.06874687969684601,0.00025,0.10626786947250366,0.0
12232.0,533.0,31.0,0.04975797235965729,0.00025,0.14916561543941498,0.0
12233.0,534.0,31.0,0.06398602575063705,0.00025,0.16473272442817688,0.0
12234.0,535.0,31.0,0.07252849638462067,0.00025,0.0455448292195797,0.0
12235.0,536.0,31.0,0.06444169580936432,0.00025,0.09068957716226578,0.0
12236.0,537.0,31.0,0.06292804330587387,0.00025,0.14117048680782318,0.0
12237.0,538.0,31.0,0.050342630594968796,0.00025,0.10291773080825806,0.0
12238.0,539.0,31.0,0.05561026930809021,0.00025,0.183009073138237,0.0
12239.0,540.0,31.0,0.06665768474340439,0.00025,0.10802159458398819,0.0
12240.0,541.0,31.0,0.04213138297200203,0.00025,0.21269571781158447,0.0
12241.0,542.0,31.0,0.0533069409430027,0.00025,0.20685157179832458,0.0
12242.0,543.0,31.0,0.0513557530939579,0.00025,0.1233227476477623,0.0
12243.0,544.0,31.0,0.05309705808758736,0.00025,0.20262332260608673,0.0
12244.0,545.0,31.0,0.05465720593929291,0.00025,0.14408612251281738,0.0
12245.0,546.0,31.0,0.05368967354297638,0.00025,0.23333829641342163,0.0
12246.0,547.0,31.0,0.05545378476381302,0.00025,0.18018855154514313,0.0
12247.0,548.0,31.0,0.054371122270822525,0.00025,0.21263927221298218,0.0
12248.0,549.0,31.0,0.06483162939548492,0.00025,0.14416290819644928,0.0
12249.0,550.0,31.0,0.06856782734394073,0.00025,0.1329021155834198,0.0
12250.0,551.0,31.0,0.05721770599484444,0.00025,0.19777368009090424,0.0
12251.0,552.0,31.0,0.07064616680145264,0.00025,0.11728356033563614,0.0
12252.0,553.0,31.0,0.054103948175907135,0.00025,0.23884248733520508,0.0
12253.0,554.0,31.0,0.05507722496986389,0.00025,0.14229722321033478,0.0
12254.0,555.0,31.0,0.056925218552351,0.00025,0.18081241846084595,0.0
12255.0,556.0,31.0,0.05359455943107605,0.00025,0.11218903213739395,0.0
12256.0,557.0,31.0,0.055587753653526306,0.00025,0.23480668663978577,0.0
12257.0,558.0,31.0,0.052904922515153885,0.00025,0.11288686096668243,0.0
12258.0,559.0,31.0,0.08187548816204071,0.00025,0.17777188122272491,0.0
12259.0,560.0,31.0,0.052557334303855896,0.00025,0.13123172521591187,0.0
12260.0,561.0,31.0,0.06390511989593506,0.00025,0.217289999127388,0.0
12261.0,562.0,31.0,0.06163746118545532,0.00025,0.10162828862667084,0.0
12262.0,563.0,31.0,0.05011781305074692,0.00025,0.08788518607616425,0.0
12263.0,564.0,31.0,0.04859355092048645,0.00025,0.1921338140964508,0.0
12264.0,565.0,31.0,0.06657060235738754,0.00025,0.07550712674856186,0.0
12265.0,566.0,31.0,0.04849519580602646,0.00025,0.20617596805095673,0.0
12266.0,567.0,31.0,0.0442766398191452,0.00025,0.09544104337692261,0.0
12267.0,568.0,31.0,0.058748893439769745,0.00025,0.2102460116147995,0.0
12268.0,569.0,31.0,0.0695914551615715,0.00025,0.14643950760364532,0.0
12269.0,570.0,31.0,0.05155019462108612,0.00025,0.20077210664749146,0.0
12270.0,571.0,31.0,0.04957076907157898,0.00025,0.14891399443149567,0.0
12271.0,572.0,31.0,0.0426180437207222,0.00025,0.15215785801410675,0.0
12272.0,573.0,31.0,0.06979785114526749,0.00025,0.13069148361682892,0.0
12273.0,574.0,31.0,0.060522135347127914,0.00025,0.15438438951969147,0.0
12274.0,575.0,31.0,0.04865900054574013,0.00025,0.12270908802747726,0.0
12275.0,576.0,31.0,0.0498448982834816,0.00025,0.13619261980056763,0.0
12276.0,577.0,31.0,0.06465303897857666,0.00025,0.11187128722667694,0.0
12277.0,578.0,31.0,0.07282549142837524,0.00025,0.1297977715730667,0.0
12278.0,579.0,31.0,0.048129238188266754,0.00025,0.11870710551738739,0.0
12279.0,580.0,31.0,0.047714777290821075,0.00025,0.15459765493869781,0.0
12280.0,581.0,31.0,0.058599017560482025,0.00025,0.14913491904735565,0.0
12281.0,582.0,31.0,0.05788321793079376,0.00025,0.1586858481168747,0.0
12282.0,583.0,31.0,0.04803716763854027,0.00025,0.16187898814678192,0.0
12283.0,584.0,31.0,0.05200058966875076,0.00025,0.12157607823610306,0.0
12284.0,585.0,31.0,0.05127142742276192,0.00025,0.15871553122997284,0.0
12285.0,586.0,31.0,0.061980728060007095,0.00025,0.15956038236618042,0.0
12286.0,587.0,31.0,0.05153469741344452,0.00025,0.08142370730638504,0.0
12287.0,588.0,31.0,0.05770000442862511,0.00025,0.17357729375362396,0.0
12288.0,589.0,31.0,0.05811264365911484,0.00025,0.10869245231151581,0.0
12289.0,590.0,31.0,0.06306779384613037,0.00025,0.2292184680700302,0.0
12290.0,591.0,31.0,0.052749697118997574,0.00025,0.07147268205881119,0.0
12291.0,592.0,31.0,0.054019227623939514,0.00025,0.23640675842761993,0.0
12292.0,593.0,31.0,0.06223069131374359,0.00025,0.08162829279899597,0.0
12293.0,594.0,31.0,0.04875260964035988,0.00025,0.15625210106372833,0.0
12294.0,595.0,31.0,0.04390659183263779,0.00025,0.11194498836994171,0.0
12295.0,596.0,31.0,0.04971637576818466,0.00025,0.07647448033094406,0.0
12296.0,597.0,31.0,0.05685824155807495,0.00025,0.14868949353694916,0.0
12297.0,598.0,31.0,0.05567581579089165,0.00025,0.10159336775541306,0.0
12298.0,599.0,31.0,0.07218360900878906,0.00025,0.15649916231632233,0.0
12299.0,600.0,31.0,0.05376022681593895,0.00025,0.1375371217727661,0.0
12300.0,601.0,31.0,0.039821647107601166,0.00025,0.12305498123168945,0.0
12301.0,602.0,31.0,0.06419090926647186,0.00025,0.08982861042022705,0.0
12302.0,603.0,31.0,0.04474574327468872,0.00025,0.03782797232270241,0.0
12303.0,604.0,31.0,0.061327312141656876,0.00025,0.10308650881052017,0.0
12304.0,605.0,31.0,0.056479789316654205,0.00025,0.035226255655288696,0.0
12305.0,606.0,31.0,0.07330206036567688,0.00025,0.04826817288994789,0.0
12306.0,607.0,31.0,0.046779848635196686,0.00025,0.09586183726787567,0.0
12307.0,608.0,31.0,0.05529579147696495,0.00025,0.11922309547662735,0.0
12308.0,609.0,31.0,0.05537259951233864,0.00025,0.03547674044966698,0.0
12309.0,610.0,31.0,0.05471476539969444,0.00025,0.13845564424991608,0.0
12310.0,611.0,31.0,0.06643172353506088,0.00025,0.06909728050231934,0.0
12311.0,612.0,31.0,0.05030423402786255,0.00025,0.15059298276901245,0.0
12312.0,613.0,31.0,0.06705867499113083,0.00025,0.12677639722824097,0.0
12313.0,614.0,31.0,0.0521603599190712,0.00025,0.06094462424516678,0.0
12314.0,615.0,31.0,0.048491936177015305,0.00025,0.1018553376197815,0.0
12315.0,616.0,31.0,0.04394092038273811,0.00025,0.10815314203500748,0.0
12316.0,617.0,31.0,0.058330193161964417,0.00025,0.08526742458343506,0.0
12317.0,618.0,31.0,0.06180490180850029,0.00025,0.08538912236690521,0.0
12318.0,619.0,31.0,0.054627083241939545,0.00025,0.05119192600250244,0.0
12319.0,620.0,31.0,0.04347732663154602,0.00025,0.11975155025720596,0.0
12320.0,621.0,31.0,0.053423553705215454,0.00025,0.07262179255485535,0.0
12321.0,622.0,31.0,0.05046643316745758,0.00025,0.11777535825967789,0.0
12322.0,623.0,31.0,0.05974319204688072,0.00025,0.131042018532753,0.0
12323.0,624.0,31.0,0.06809739768505096,0.00025,0.1113634929060936,0.0
12324.0,625.0,31.0,0.060521483421325684,0.00025,0.09018836915493011,0.0
12325.0,626.0,31.0,0.06487476825714111,0.00025,0.1553262621164322,0.0
12326.0,627.0,31.0,0.06584186106920242,0.00025,0.08413879573345184,0.0
12327.0,628.0,31.0,0.06124044209718704,0.00025,0.123222716152668,0.0
12328.0,629.0,31.0,0.06098730117082596,0.00025,0.07542193681001663,0.0
12329.0,630.0,31.0,0.06828387081623077,0.00025,0.1691073179244995,0.0
12330.0,631.0,31.0,0.05360773950815201,0.00025,0.11108780652284622,0.0
12331.0,632.0,31.0,0.04763728380203247,0.00025,0.15142713487148285,0.0
12332.0,633.0,31.0,0.05956783890724182,0.00025,0.08055927604436874,0.0
12333.0,634.0,31.0,0.0673740953207016,0.00025,0.112830750644207,0.0
12334.0,635.0,31.0,0.06155727431178093,0.00025,0.10017398744821548,0.0
12335.0,636.0,31.0,0.04856441169977188,0.00025,0.0511275976896286,0.0
12336.0,637.0,31.0,0.060620345175266266,0.00025,0.10722631216049194,0.0
12337.0,638.0,31.0,0.06053956598043442,0.00025,0.08587321639060974,0.0
12338.0,639.0,31.0,0.07303928583860397,0.00025,0.1170075461268425,0.0
12339.0,640.0,31.0,0.06662508100271225,0.00025,0.13087360560894012,0.0
12340.0,641.0,31.0,0.06562653183937073,0.00025,0.20894378423690796,0.0
12341.0,642.0,31.0,0.05814095586538315,0.00025,0.1345936357975006,0.0
12342.0,643.0,31.0,0.05659934878349304,0.00025,0.2120688408613205,0.0
12343.0,644.0,31.0,0.0617973692715168,0.00025,0.05418190360069275,0.0
12344.0,645.0,31.0,0.06333231925964355,0.00025,0.22326873242855072,0.0
12345.0,646.0,31.0,0.056023336946964264,0.00025,0.08717626333236694,0.0
12346.0,647.0,31.0,0.044098637998104095,0.00025,0.14960066974163055,0.0
12347.0,648.0,31.0,0.05546167492866516,0.00025,0.15058545768260956,0.0
12348.0,649.0,31.0,0.0622500404715538,0.00025,0.07335832715034485,0.0
12349.0,650.0,31.0,0.05696677416563034,0.00025,0.1973051130771637,0.0
12350.0,651.0,31.0,0.06071092188358307,0.00025,0.13854216039180756,0.0
12351.0,652.0,31.0,0.04531145468354225,0.00025,0.14016123116016388,0.0
12352.0,653.0,31.0,0.04960951954126358,0.00025,0.1196167841553688,0.0
12353.0,654.0,31.0,0.05474301427602768,0.00025,0.11955523490905762,0.0
12354.0,655.0,31.0,0.047519877552986145,0.00025,0.09930603206157684,0.0
12355.0,656.0,31.0,0.058001160621643066,0.00025,0.09919171035289764,0.0
12356.0,657.0,31.0,0.06250842660665512,0.00025,0.12445555627346039,0.0
12357.0,658.0,31.0,0.052115119993686676,0.00025,0.1080140620470047,0.0
12358.0,659.0,31.0,0.05177769437432289,0.00025,0.13159117102622986,0.0
12359.0,660.0,31.0,0.06380518525838852,0.00025,0.08237727731466293,0.0
12360.0,661.0,31.0,0.07437928766012192,0.00025,0.17820610105991364,0.0
12361.0,662.0,31.0,0.050640735775232315,0.00025,0.09286317229270935,0.0
12362.0,663.0,31.0,0.0799483135342598,0.00025,0.06364547461271286,0.0
12363.0,664.0,31.0,0.055422864854335785,0.00025,0.08875198662281036,0.0
12364.0,665.0,31.0,0.05796150863170624,0.00025,0.0686621442437172,0.0
12365.0,666.0,31.0,0.059086449444293976,0.00025,0.1277017891407013,0.0
12366.0,667.0,31.0,0.05727561563253403,0.00025,0.11070537567138672,0.0
12367.0,668.0,31.0,0.05109803378582001,0.00025,0.0920543298125267,0.0
12368.0,669.0,31.0,0.05736168473958969,0.00025,0.0856834277510643,0.0
12369.0,670.0,31.0,0.05853430554270744,0.00025,0.06819313019514084,0.0
12370.0,671.0,31.0,0.05747270584106445,0.00025,0.07075048238039017,0.0
12371.0,672.0,31.0,0.05781588703393936,0.00025,0.08807352185249329,0.0
12372.0,673.0,31.0,0.050455737859010696,0.00025,0.0551859550178051,0.0
12373.0,674.0,31.0,0.05219721049070358,0.00025,0.06260481476783752,0.0
12374.0,675.0,31.0,0.051069777458906174,0.00025,0.060930799692869186,0.0
12375.0,676.0,31.0,0.05247623845934868,0.00025,0.11004392057657242,0.0
12376.0,677.0,31.0,0.058383673429489136,0.00025,0.12037350237369537,0.0
12377.0,678.0,31.0,0.058544427156448364,0.00025,0.09353163838386536,0.0
12378.0,679.0,31.0,0.06368221342563629,0.00025,0.13100461661815643,0.0
12379.0,680.0,31.0,0.06609226018190384,0.00025,0.0735737606883049,0.0
12380.0,681.0,31.0,0.06872404366731644,0.00025,0.03501785546541214,0.0
12381.0,682.0,31.0,0.05188295990228653,0.00025,0.10311806201934814,0.0
12382.0,683.0,31.0,0.05712372064590454,0.00025,0.06698824465274811,0.0
12383.0,684.0,31.0,0.061186227947473526,0.00025,0.15109030902385712,0.0
12384.0,685.0,31.0,0.0603872686624527,0.00025,0.11061780899763107,0.0
12385.0,686.0,31.0,0.046750620007514954,0.00025,0.13478535413742065,0.0
12386.0,687.0,31.0,0.04277496412396431,0.00025,0.11577069014310837,0.0
12387.0,688.0,31.0,0.05475550889968872,0.00025,0.06768549978733063,0.0
12388.0,689.0,31.0,0.0491509810090065,0.00025,0.04998007044196129,0.0
12389.0,690.0,31.0,0.06519810110330582,0.00025,0.1056726947426796,0.0
12390.0,691.0,31.0,0.056275419890880585,0.00025,0.03639337792992592,0.0
12391.0,692.0,31.0,0.04560808837413788,0.00025,0.12952293455600739,0.0
12392.0,693.0,31.0,0.06772302091121674,0.00025,0.07974868267774582,0.0
12393.0,694.0,31.0,0.043521419167518616,0.00025,0.12524355947971344,0.0
12394.0,695.0,31.0,0.05475449562072754,0.00025,0.1337984949350357,0.0
12395.0,696.0,31.0,0.05137670040130615,0.00025,0.129368394613266,0.0
12396.0,697.0,31.0,0.060786906629800797,0.00025,0.1093292087316513,0.0
12397.0,698.0,31.0,0.048236019909381866,0.00025,0.10169365257024765,0.0
12398.0,699.0,31.0,0.05327404662966728,0.00025,0.11189257353544235,0.0
12399.0,700.0,31.0,0.06383553892374039,0.00025,0.07092665880918503,0.0
12400.0,701.0,31.0,0.05209256708621979,0.00025,0.07214781641960144,0.0
12401.0,702.0,31.0,0.0439087450504303,0.00025,0.14798949658870697,0.0
12402.0,703.0,31.0,0.044828083366155624,0.00025,0.12876901030540466,0.0
12403.0,704.0,31.0,0.06749212741851807,0.00025,0.12477178126573563,0.0
12404.0,705.0,31.0,0.05367413908243179,0.00025,0.07350465655326843,0.0
12405.0,706.0,31.0,0.06044374406337738,0.00025,0.09357798844575882,0.0
12406.0,707.0,31.0,0.07159863412380219,0.00025,0.06759029626846313,0.0
12407.0,708.0,31.0,0.05774390324950218,0.00025,0.06958084553480148,0.0
12408.0,709.0,31.0,0.05543702095746994,0.00025,0.09794443845748901,0.0
12409.0,710.0,31.0,0.0459657646715641,0.00025,0.05471246317028999,0.0
12410.0,711.0,31.0,0.046561356633901596,0.00025,0.06171415373682976,0.0
12411.0,712.0,31.0,0.04978623241186142,0.00025,0.11628352850675583,0.0
12412.0,713.0,31.0,0.05035192891955376,0.00025,0.07253501564264297,0.0
12413.0,714.0,31.0,0.06686459481716156,0.00025,0.048096198588609695,0.0
12414.0,715.0,31.0,0.06244054436683655,0.00025,0.09757550060749054,0.0
12415.0,716.0,31.0,0.06883569806814194,0.00025,0.09134252369403839,0.0
12416.0,717.0,31.0,0.05761202424764633,0.00025,0.11830868571996689,0.0
12417.0,718.0,31.0,0.05166403949260712,0.00025,0.13489075005054474,0.0
12418.0,719.0,31.0,0.055881183594465256,0.00025,0.055162463337183,0.0
12419.0,720.0,31.0,0.05487603321671486,0.00025,0.15895302593708038,0.0
12420.0,721.0,31.0,0.06207964941859245,0.00025,0.05247025191783905,0.0
12421.0,722.0,31.0,0.07422812283039093,0.00025,0.18104107677936554,0.0
12422.0,723.0,31.0,0.05536320060491562,0.00025,0.10162481665611267,0.0
12423.0,724.0,31.0,0.056643642485141754,0.00025,0.09439188241958618,0.0
12424.0,725.0,31.0,0.06653931736946106,0.00025,0.10826923698186874,0.0
12425.0,726.0,31.0,0.0577433817088604,0.00025,0.06359041482210159,0.0
12426.0,727.0,31.0,0.06727057695388794,0.00025,0.20259131491184235,0.0
12427.0,728.0,31.0,0.04973698779940605,0.00025,0.09364074468612671,0.0
12428.0,729.0,31.0,0.05426966771483421,0.00025,0.15535898506641388,0.0
12429.0,730.0,31.0,0.05879499390721321,0.00025,0.17940878868103027,0.0
12430.0,731.0,31.0,0.04353700578212738,0.00025,0.10474392026662827,0.0
12431.0,732.0,31.0,0.061303749680519104,0.00025,0.17076975107192993,0.0
12432.0,733.0,31.0,0.05450841784477234,0.00025,0.13186223804950714,0.0
12433.0,734.0,31.0,0.0431462824344635,0.00025,0.1516699641942978,0.0
12434.0,735.0,31.0,0.05491764098405838,0.00025,0.1802586168050766,0.0
12435.0,736.0,31.0,0.05033792927861214,0.00025,0.07883437722921371,0.0
12436.0,737.0,31.0,0.05147525668144226,0.00025,0.2052788883447647,0.0
12437.0,738.0,31.0,0.062211889773607254,0.00025,0.07440300285816193,0.0
12438.0,739.0,31.0,0.05114289000630379,0.00025,0.23731651902198792,0.0
12439.0,740.0,31.0,0.04999419301748276,0.00025,0.13349689543247223,0.0
12440.0,741.0,31.0,0.05695562809705734,0.00025,0.17242640256881714,0.0
12441.0,742.0,31.0,0.044150568544864655,0.00025,0.1293780654668808,0.0
12442.0,743.0,31.0,0.05213064327836037,0.00025,0.13838352262973785,0.0
12443.0,744.0,31.0,0.053497087210416794,0.00025,0.05893993377685547,0.0
12444.0,745.0,31.0,0.054125238209962845,0.00025,0.12011590600013733,0.0
12445.0,746.0,31.0,0.05844062566757202,0.00025,0.05414058268070221,0.0
12446.0,747.0,31.0,0.049778927117586136,0.00025,0.1765946000814438,0.0
12447.0,748.0,31.0,0.05159398913383484,0.00025,0.061775390058755875,0.0
12448.0,749.0,31.0,0.05990428104996681,0.00025,0.13476338982582092,0.0
12449.0,750.0,31.0,0.06293366849422455,0.00025,0.08512857556343079,0.0
12450.0,751.0,31.0,0.05281824246048927,0.00025,0.09816138446331024,0.0
12451.0,752.0,31.0,0.058951135724782944,0.00025,0.13488686084747314,0.0
12452.0,753.0,31.0,0.059323087334632874,0.00025,0.1149207279086113,0.0
12453.0,754.0,31.0,0.06493330001831055,0.00025,0.16302531957626343,0.0
12454.0,755.0,31.0,0.05672375112771988,0.00025,0.0937422439455986,0.0
12455.0,756.0,31.0,0.05036884918808937,0.00025,0.1506793349981308,0.0
12456.0,757.0,31.0,0.06252400577068329,0.00025,0.11673621833324432,0.0
12457.0,758.0,31.0,0.062473297119140625,0.00025,0.1692766696214676,0.0
12458.0,759.0,31.0,0.06109955906867981,0.00025,0.10048296302556992,0.0
12459.0,760.0,31.0,0.05583520233631134,0.00025,0.15853852033615112,0.0
12460.0,761.0,31.0,0.06527195125818253,0.00025,0.05526987090706825,0.0
12461.0,762.0,31.0,0.05192138999700546,0.00025,0.13154330849647522,0.0
12462.0,763.0,31.0,0.053192272782325745,0.00025,0.061549004167318344,0.0
12463.0,764.0,31.0,0.06948637217283249,0.00025,0.1018030121922493,0.0
12464.0,765.0,31.0,0.06052037328481674,0.00025,0.09262891858816147,0.0
12465.0,766.0,31.0,0.06037108972668648,0.00025,0.05360008403658867,0.0
12466.0,767.0,31.0,0.06605377048254013,0.00025,0.09247327595949173,0.0
12467.0,768.0,31.0,0.053278468549251556,0.00025,0.0887286439538002,0.0
12468.0,769.0,31.0,0.058686498552560806,0.00025,0.1418558806180954,0.0
12469.0,770.0,31.0,0.06534057855606079,0.00025,0.14448097348213196,0.0
12470.0,771.0,31.0,0.06287951022386551,0.00025,0.07738061994314194,0.0
12471.0,772.0,31.0,0.06800330430269241,0.00025,0.15706561505794525,0.0
12472.0,773.0,31.0,0.06023106351494789,0.00025,0.1295706182718277,0.0
12473.0,774.0,31.0,0.057032983750104904,0.00025,0.1246705949306488,0.0
12474.0,775.0,31.0,0.0511244498193264,0.00025,0.17770206928253174,0.0
12475.0,776.0,31.0,0.044181838631629944,0.00025,0.1757652461528778,0.0
12476.0,777.0,31.0,0.05662298947572708,0.00025,0.14982514083385468,0.0
12477.0,778.0,31.0,0.06225746124982834,0.00025,0.22440138459205627,0.0
12478.0,779.0,31.0,0.07839873433113098,0.00025,0.10551553964614868,0.0
12479.0,780.0,31.0,0.056317370384931564,0.00025,0.2469041645526886,0.0
12480.0,781.0,32.0,0.06253030151128769,0.00025,0.04315316677093506,0.0
12481.0,782.0,32.0,0.05488808453083038,0.00025,0.19476687908172607,0.0
12482.0,783.0,32.0,0.052833981812000275,0.00025,0.10999519377946854,0.0
12483.0,784.0,32.0,0.05720704048871994,0.00025,0.12592405080795288,0.0
12484.0,785.0,32.0,0.06121578812599182,0.00025,0.12727472186088562,0.0
12485.0,786.0,32.0,0.06070467084646225,0.00025,0.13027837872505188,0.0
12486.0,787.0,32.0,0.05664731562137604,0.00025,0.1433742195367813,0.0
12487.0,788.0,32.0,0.05103982985019684,0.00025,0.24518169462680817,0.0
12488.0,789.0,32.0,0.057273272424936295,0.00025,0.1262483447790146,0.0
12489.0,790.0,32.0,0.05568896606564522,0.00025,0.2567545175552368,0.0
12490.0,791.0,32.0,0.058769091963768005,0.00025,0.1374060958623886,0.0
12491.0,792.0,32.0,0.07851791381835938,0.00025,0.17725154757499695,0.0
12492.0,793.0,32.0,0.06273582577705383,0.00025,0.18504847586154938,0.0
12493.0,794.0,32.0,0.04767677187919617,0.00025,0.11007139831781387,0.0
12494.0,795.0,32.0,0.06106044724583626,0.00025,0.20448409020900726,0.0
12495.0,796.0,32.0,0.05869284272193909,0.00025,0.16889263689517975,0.0
12496.0,797.0,32.0,0.07518351078033447,0.00025,0.2131073921918869,0.0
12497.0,798.0,32.0,0.07034063339233398,0.00025,0.165527805685997,0.0
12498.0,799.0,32.0,0.060523733496665955,0.00025,0.20405180752277374,0.0
12499.0,800.0,32.0,0.0480809286236763,0.00025,0.08903753757476807,0.0
12500.0,801.0,32.0,0.06847503036260605,0.00025,0.2497696727514267,0.0
12501.0,802.0,32.0,0.05247672647237778,0.00025,0.03859534487128258,0.0
12502.0,803.0,32.0,0.06732185930013657,0.00025,0.27390676736831665,0.0
12503.0,804.0,32.0,0.054974764585494995,0.00025,0.07798387110233307,0.0
12504.0,805.0,32.0,0.05551471188664436,0.00025,0.21429623663425446,0.0
12505.0,806.0,32.0,0.0573565736413002,0.00025,0.17913268506526947,0.0
12506.0,807.0,32.0,0.056913431733846664,0.00025,0.23815317451953888,0.0
12507.0,808.0,32.0,0.042831115424633026,0.00025,0.14022496342658997,0.0
12508.0,809.0,32.0,0.05875300616025925,0.00025,0.16828957200050354,0.0
12509.0,810.0,32.0,0.058062419295310974,0.00025,0.1933225393295288,0.0
12510.0,811.0,32.0,0.05659077316522598,0.00025,0.12279754132032394,0.0
12511.0,812.0,32.0,0.04957139119505882,0.00025,0.2768476903438568,0.0
12512.0,813.0,32.0,0.05257479101419449,0.00025,0.14282624423503876,0.0
12513.0,814.0,32.0,0.05615731701254845,0.00025,0.2065809667110443,0.0
12514.0,815.0,32.0,0.05257125198841095,0.00025,0.09615861624479294,0.0
12515.0,816.0,32.0,0.05857756361365318,0.00025,0.12456338852643967,0.0
12516.0,817.0,32.0,0.05832201614975929,0.00025,0.09547778218984604,0.0
12517.0,818.0,32.0,0.06543141603469849,0.00025,0.12834607064723969,0.0
12518.0,819.0,32.0,0.038644079118967056,0.00025,0.08498208969831467,0.0
12519.0,820.0,32.0,0.047993253916502,0.00025,0.14866463840007782,0.0
12520.0,821.0,32.0,0.04841984808444977,0.00025,0.1106262132525444,0.0
12521.0,822.0,32.0,0.05983525142073631,0.00025,0.11190227419137955,0.0
12522.0,823.0,32.0,0.059480953961610794,0.00025,0.15912798047065735,0.0
12523.0,824.0,32.0,0.04827031120657921,0.00025,0.09601595252752304,0.0
12524.0,825.0,32.0,0.06026662141084671,0.00025,0.13034208118915558,0.0
12525.0,826.0,32.0,0.0537261925637722,0.00025,0.058795440942049026,0.0
12526.0,827.0,32.0,0.06918404996395111,0.00025,0.154936283826828,0.0
12527.0,828.0,32.0,0.043633222579956055,0.00025,0.10884135961532593,0.0
12528.0,829.0,32.0,0.051996272057294846,0.00025,0.1758802831172943,0.0
12529.0,830.0,32.0,0.05337734520435333,0.00025,0.11032994836568832,0.0
12530.0,831.0,32.0,0.04429059848189354,0.00025,0.16093459725379944,0.0
12531.0,832.0,32.0,0.0705968588590622,0.00025,0.09905168414115906,0.0
12532.0,833.0,32.0,0.05810823664069176,0.00025,0.1248164176940918,0.0
12533.0,834.0,32.0,0.06591957062482834,0.00025,0.0669843778014183,0.0
12534.0,835.0,32.0,0.05796755850315094,0.00025,0.14855194091796875,0.0
12535.0,836.0,32.0,0.058324478566646576,0.00025,0.10052318871021271,0.0
12536.0,837.0,32.0,0.048256371170282364,0.00025,0.1475357860326767,0.0
12537.0,838.0,32.0,0.05101705342531204,0.00025,0.14183543622493744,0.0
12538.0,839.0,32.0,0.053180765360593796,0.00025,0.17419354617595673,0.0
12539.0,840.0,32.0,0.07113125920295715,0.00025,0.1385926902294159,0.0
12540.0,841.0,32.0,0.0569051168859005,0.00025,0.1353505700826645,0.0
12541.0,842.0,32.0,0.055353470146656036,0.00025,0.126942977309227,0.0
12542.0,843.0,32.0,0.05120880901813507,0.00025,0.09242727607488632,0.0
12543.0,844.0,32.0,0.05813395231962204,0.00025,0.15738274157047272,0.0
12544.0,845.0,32.0,0.05236389860510826,0.00025,0.13136672973632812,0.0
12545.0,846.0,32.0,0.07432030141353607,0.00025,0.19610047340393066,0.0
12546.0,847.0,32.0,0.058896277099847794,0.00025,0.13013117015361786,0.0
12547.0,848.0,32.0,0.058890923857688904,0.00025,0.12288438528776169,0.0
12548.0,849.0,32.0,0.05710601061582565,0.00025,0.2234787791967392,0.0
12549.0,850.0,32.0,0.06840318441390991,0.00025,0.13126306235790253,0.0
12550.0,851.0,32.0,0.05183078348636627,0.00025,0.23415863513946533,0.0
12551.0,852.0,32.0,0.06148037314414978,0.00025,0.13801217079162598,0.0
12552.0,853.0,32.0,0.04967981576919556,0.00025,0.18052761256694794,0.0
12553.0,854.0,32.0,0.05337728559970856,0.00025,0.12776435911655426,0.0
12554.0,855.0,32.0,0.05645851045846939,0.00025,0.09491654485464096,0.0
12555.0,856.0,32.0,0.05724149942398071,0.00025,0.13110210001468658,0.0
12556.0,857.0,32.0,0.04683472216129303,0.00025,0.06702917814254761,0.0
12557.0,858.0,32.0,0.06200941652059555,0.00025,0.13412602245807648,0.0
12558.0,859.0,32.0,0.05922698602080345,0.00025,0.15529242157936096,0.0
12559.0,860.0,32.0,0.0754406601190567,0.00025,0.08817712962627411,0.0
12560.0,861.0,32.0,0.05919154733419418,0.00025,0.21381287276744843,0.0
12561.0,862.0,32.0,0.06512868404388428,0.00025,0.08504121750593185,0.0
12562.0,863.0,32.0,0.07028402388095856,0.00025,0.20101721584796906,0.0
12563.0,864.0,32.0,0.05067724734544754,0.00025,0.11309707164764404,0.0
12564.0,865.0,32.0,0.05853027105331421,0.00025,0.15051651000976562,0.0
12565.0,866.0,32.0,0.060208048671483994,0.00025,0.13823074102401733,0.0
12566.0,867.0,32.0,0.05018345266580582,0.00025,0.07445673644542694,0.0
12567.0,868.0,32.0,0.04672292619943619,0.00025,0.1444374918937683,0.0
12568.0,869.0,32.0,0.06314228475093842,0.00025,0.08851208537817001,0.0
12569.0,870.0,32.0,0.06319956481456757,0.00025,0.15903137624263763,0.0
12570.0,871.0,32.0,0.06447839736938477,0.00025,0.1226082593202591,0.0
12571.0,872.0,32.0,0.04605197161436081,0.00025,0.17015811800956726,0.0
12572.0,873.0,32.0,0.06808541715145111,0.00025,0.08388055115938187,0.0
12573.0,874.0,32.0,0.07934367656707764,0.00025,0.17783614993095398,0.0
12574.0,875.0,32.0,0.05847414955496788,0.00025,0.12423869222402573,0.0
12575.0,876.0,32.0,0.05789199471473694,0.00025,0.21251778304576874,0.0
12576.0,877.0,32.0,0.0651572048664093,0.00025,0.1819024682044983,0.0
12577.0,878.0,32.0,0.06647755205631256,0.00025,0.1622397005558014,0.0
12578.0,879.0,32.0,0.04200904071331024,0.00025,0.1679472029209137,0.0
12579.0,880.0,32.0,0.06932772696018219,0.00025,0.1385558545589447,0.0
12580.0,881.0,32.0,0.038736216723918915,0.00025,0.16833388805389404,0.0
12581.0,882.0,32.0,0.055490028113126755,0.00025,0.13648800551891327,0.0
12582.0,883.0,32.0,0.05357421189546585,0.00025,0.1848984956741333,0.0
12583.0,884.0,32.0,0.05719424784183502,0.00025,0.17725159227848053,0.0
12584.0,885.0,32.0,0.06801140308380127,0.00025,0.1733810007572174,0.0
12585.0,886.0,32.0,0.050770603120326996,0.00025,0.0921747162938118,0.0
12586.0,887.0,32.0,0.0634220689535141,0.00025,0.14956338703632355,0.0
12587.0,888.0,32.0,0.05732396990060806,0.00025,0.1670423001050949,0.0
12588.0,889.0,32.0,0.048953764140605927,0.00025,0.202509343624115,0.0
12589.0,890.0,32.0,0.0546400249004364,0.00025,0.15457302331924438,0.0
12590.0,891.0,32.0,0.0588495209813118,0.00025,0.18424177169799805,0.0
12591.0,892.0,32.0,0.03731519356369972,0.00025,0.16496847569942474,0.0
12592.0,893.0,32.0,0.050030872225761414,0.00025,0.11504387855529785,0.0
12593.0,894.0,32.0,0.05894448980689049,0.00025,0.12128887325525284,0.0
12594.0,895.0,32.0,0.05725380778312683,0.00025,0.07420827448368073,0.0
12595.0,896.0,32.0,0.05190836638212204,0.00025,0.11372718214988708,0.0
12596.0,897.0,32.0,0.049611762166023254,0.00025,0.058985184878110886,0.0
12597.0,898.0,32.0,0.05772661417722702,0.00025,0.09694859385490417,0.0
12598.0,899.0,32.0,0.052488915622234344,0.00025,0.0684582069516182,0.0
12599.0,900.0,32.0,0.06797567009925842,0.00025,0.10701081901788712,0.0
12600.0,901.0,32.0,0.062196481972932816,0.00025,0.06392718106508255,0.0
12601.0,902.0,32.0,0.053064681589603424,0.00025,0.12457142025232315,0.0
12602.0,903.0,32.0,0.05326047167181969,0.00025,0.07879217714071274,0.0
12603.0,904.0,32.0,0.0556020587682724,0.00025,0.12093564122915268,0.0
12604.0,905.0,32.0,0.05894121527671814,0.00025,0.1397126317024231,0.0
12605.0,906.0,32.0,0.05855943262577057,0.00025,0.11320924013853073,0.0
12606.0,907.0,32.0,0.06415089964866638,0.00025,0.09693737328052521,0.0
12607.0,908.0,32.0,0.056001193821430206,0.00025,0.18439525365829468,0.0
12608.0,909.0,32.0,0.06317081302404404,0.00025,0.14201848208904266,0.0
12609.0,910.0,32.0,0.06121658533811569,0.00025,0.16103728115558624,0.0
12610.0,911.0,32.0,0.06225269287824631,0.00025,0.19432100653648376,0.0
12611.0,912.0,32.0,0.06033703684806824,0.00025,0.07498539239168167,0.0
12612.0,913.0,32.0,0.06014430895447731,0.00025,0.17324842512607574,0.0
12613.0,914.0,32.0,0.04767214134335518,0.00025,0.21067693829536438,0.0
12614.0,915.0,32.0,0.0675150603055954,0.00025,0.1824055314064026,0.0
12615.0,916.0,32.0,0.053129181265830994,0.00025,0.24690674245357513,0.0
12616.0,917.0,32.0,0.039113786071538925,0.00025,0.09309209883213043,0.0
12617.0,918.0,32.0,0.05489705875515938,0.00025,0.24268771708011627,0.0
12618.0,919.0,32.0,0.05647028982639313,0.00025,0.13882999122142792,0.0
12619.0,920.0,32.0,0.06700988858938217,0.00025,0.15677903592586517,0.0
12620.0,921.0,32.0,0.058046936988830566,0.00025,0.14061790704727173,0.0
12621.0,922.0,32.0,0.05283685028553009,0.00025,0.04307005926966667,0.0
12622.0,923.0,32.0,0.06707440316677094,0.00025,0.1578039675951004,0.0
12623.0,924.0,32.0,0.047154225409030914,0.00025,0.14264145493507385,0.0
12624.0,925.0,32.0,0.04802067577838898,0.00025,0.11473043262958527,0.0
12625.0,926.0,32.0,0.05873573571443558,0.00025,0.1686221957206726,0.0
12626.0,927.0,32.0,0.05343156307935715,0.00025,0.12822066247463226,0.0
12627.0,928.0,32.0,0.046381279826164246,0.00025,0.13165254890918732,0.0
12628.0,929.0,32.0,0.05872933194041252,0.00025,0.12221887707710266,0.0
12629.0,930.0,32.0,0.04140044003725052,0.00025,0.05083339288830757,0.0
12630.0,931.0,32.0,0.05311821401119232,0.00025,0.11452345550060272,0.0
12631.0,932.0,32.0,0.07643481343984604,0.00025,0.10329237580299377,0.0
12632.0,933.0,32.0,0.05008094757795334,0.00025,0.11125428974628448,0.0
12633.0,934.0,32.0,0.05137360841035843,0.00025,0.07683368027210236,0.0
12634.0,935.0,32.0,0.04887745901942253,0.00025,0.08434493839740753,0.0
12635.0,936.0,32.0,0.056085001677274704,0.00025,0.09769465774297714,0.0
12636.0,937.0,32.0,0.0603804737329483,0.00025,0.11170628666877747,0.0
12637.0,938.0,32.0,0.05489879101514816,0.00025,0.16748207807540894,0.0
12638.0,939.0,32.0,0.06560028344392776,0.00025,0.16538408398628235,0.0
12639.0,940.0,32.0,0.06108873337507248,0.00025,0.16284114122390747,0.0
12640.0,941.0,32.0,0.055061958730220795,0.00025,0.10803259164094925,0.0
12641.0,942.0,32.0,0.06239010766148567,0.00025,0.2538436949253082,0.0
12642.0,943.0,32.0,0.05814981833100319,0.00025,0.12174112349748611,0.0
12643.0,944.0,32.0,0.05153147876262665,0.00025,0.24345119297504425,0.0
12644.0,945.0,32.0,0.05469018220901489,0.00025,0.04473277926445007,0.0
12645.0,946.0,32.0,0.06391072273254395,0.00025,0.24146655201911926,0.0
12646.0,947.0,32.0,0.0769730806350708,0.00025,0.07295598089694977,0.0
12647.0,948.0,32.0,0.046546872705221176,0.00025,0.15527263283729553,0.0
12648.0,949.0,32.0,0.06107494607567787,0.00025,0.115224689245224,0.0
12649.0,950.0,32.0,0.05391256511211395,0.00025,0.049004774540662766,0.0
12650.0,951.0,32.0,0.052848733961582184,0.00025,0.14701536297798157,0.0
12651.0,952.0,32.0,0.0545327365398407,0.00025,0.1765364110469818,0.0
12652.0,953.0,32.0,0.0571092888712883,0.00025,0.17837515473365784,0.0
12653.0,954.0,32.0,0.05887433886528015,0.00025,0.227589949965477,0.0
12654.0,955.0,32.0,0.05256813019514084,0.00025,0.1957608461380005,0.0
12655.0,956.0,32.0,0.06577006727457047,0.00025,0.19561588764190674,0.0
12656.0,957.0,32.0,0.04342000558972359,0.00025,0.16291725635528564,0.0
12657.0,958.0,32.0,0.05875138193368912,0.00025,0.1648198366165161,0.0
12658.0,959.0,32.0,0.06648765504360199,0.00025,0.12479279935359955,0.0
12659.0,960.0,32.0,0.06014314293861389,0.00025,0.1584741175174713,0.0
12660.0,961.0,32.0,0.06328041851520538,0.00025,0.1385277360677719,0.0
12661.0,962.0,32.0,0.05563051998615265,0.00025,0.1261860728263855,0.0
12662.0,963.0,32.0,0.05912937968969345,0.00025,0.17727486789226532,0.0
12663.0,964.0,32.0,0.04805076867341995,0.00025,0.12963910400867462,0.0
12664.0,965.0,32.0,0.06313793361186981,0.00025,0.19716620445251465,0.0
12665.0,966.0,32.0,0.05866982042789459,0.00025,0.08947830647230148,0.0
12666.0,967.0,32.0,0.05042464658617973,0.00025,0.18125833570957184,0.0
12667.0,968.0,32.0,0.06622052192687988,0.00025,0.12488425523042679,0.0
12668.0,969.0,32.0,0.04441915452480316,0.00025,0.12201583385467529,0.0
12669.0,970.0,32.0,0.055366404354572296,0.00025,0.12727253139019012,0.0
12670.0,971.0,32.0,0.0500868484377861,0.00025,0.1106756404042244,0.0
12671.0,972.0,32.0,0.06354543566703796,0.00025,0.18416562676429749,0.0
12672.0,973.0,32.0,0.05922112613916397,0.00025,0.1515457034111023,0.0
12673.0,974.0,32.0,0.044160209596157074,0.00025,0.16950567066669464,0.0
12674.0,975.0,32.0,0.05329231172800064,0.00025,0.18900556862354279,0.0
12675.0,976.0,32.0,0.04081365093588829,0.00025,0.1293557584285736,0.0
12676.0,977.0,32.0,0.056157954037189484,0.00025,0.2412416636943817,0.0
12677.0,978.0,32.0,0.053954578936100006,0.00025,0.1833474189043045,0.0
12678.0,979.0,32.0,0.06243513897061348,0.00025,0.122457355260849,0.0
12679.0,980.0,32.0,0.06905083358287811,0.00025,0.14760929346084595,0.0
12680.0,981.0,32.0,0.06662303954362869,0.00025,0.1733206957578659,0.0
12681.0,982.0,32.0,0.04849658161401749,0.00025,0.15292608737945557,0.0
12682.0,983.0,32.0,0.04991384595632553,0.00025,0.20214051008224487,0.0
12683.0,984.0,32.0,0.05542833358049393,0.00025,0.09728869795799255,0.0
12684.0,985.0,32.0,0.054923348128795624,0.00025,0.14706794917583466,0.0
12685.0,986.0,32.0,0.05451904609799385,0.00025,0.16920369863510132,0.0
12686.0,987.0,32.0,0.057060323655605316,0.00025,0.0933820828795433,0.0
12687.0,988.0,32.0,0.057318441569805145,0.00025,0.21513643860816956,0.0
12688.0,989.0,32.0,0.0598219633102417,0.00025,0.05212023854255676,0.0
12689.0,990.0,32.0,0.05710736662149429,0.00025,0.20074854791164398,0.0
12690.0,991.0,32.0,0.0630614385008812,0.00025,0.07021936774253845,0.0
12691.0,992.0,32.0,0.05460565537214279,0.00025,0.16120271384716034,0.0
12692.0,993.0,32.0,0.05259259045124054,0.00025,0.13596294820308685,0.0
12693.0,994.0,32.0,0.05405271053314209,0.00025,0.07122858613729477,0.0
12694.0,995.0,32.0,0.0511012002825737,0.00025,0.2163960337638855,0.0
12695.0,996.0,32.0,0.056616201996803284,0.00025,0.06934499740600586,0.0
12696.0,997.0,32.0,0.04544918239116669,0.00025,0.19804009795188904,0.0
12697.0,998.0,32.0,0.0484534427523613,0.00025,0.16447316110134125,0.0
12698.0,999.0,32.0,0.05916208401322365,0.00025,0.15624389052391052,0.0
12699.0,1000.0,32.0,0.05624539405107498,0.00025,0.20419123768806458,0.0
12700.0,1001.0,32.0,0.05887869745492935,0.00025,0.15591128170490265,0.0
12701.0,1002.0,32.0,0.05216262489557266,0.00025,0.162637859582901,0.0
12702.0,1003.0,32.0,0.049989938735961914,0.00025,0.07481539994478226,0.0
12703.0,1004.0,32.0,0.06467275321483612,0.00025,0.22358451783657074,0.0
12704.0,1005.0,32.0,0.058398663997650146,0.00025,0.0528356097638607,0.0
12705.0,1006.0,32.0,0.07061599940061569,0.00025,0.11778057366609573,0.0
12706.0,1007.0,32.0,0.06367477029561996,0.00025,0.17036087810993195,0.0
12707.0,1008.0,32.0,0.06724630296230316,0.00025,0.09357479959726334,0.0
12708.0,1009.0,32.0,0.058584969490766525,0.00025,0.19718408584594727,0.0
12709.0,1010.0,32.0,0.05427320674061775,0.00025,0.09305953234434128,0.0
12710.0,1011.0,32.0,0.06293607503175735,0.00025,0.1413632482290268,0.0
12711.0,1012.0,32.0,0.045929305255413055,0.00025,0.1839449405670166,0.0
12712.0,1013.0,32.0,0.06360731273889542,0.00025,0.16912783682346344,0.0
12713.0,1014.0,32.0,0.06414222717285156,0.00025,0.14656637609004974,0.0
12714.0,1015.0,32.0,0.05667443573474884,0.00025,0.1403695046901703,0.0
12715.0,1016.0,32.0,0.06774063408374786,0.00025,0.19292683899402618,0.0
12716.0,1017.0,32.0,0.049141574651002884,0.00025,0.15052393078804016,0.0
12717.0,1018.0,32.0,0.054845280945301056,0.00025,0.15826842188835144,0.0
12718.0,1019.0,32.0,0.06344055384397507,0.00025,0.12665940821170807,0.0
12719.0,1020.0,32.0,0.05029298737645149,0.00025,0.12305769324302673,0.0
12720.0,1021.0,32.0,0.06373968720436096,0.00025,0.13363249599933624,0.0
12721.0,1022.0,32.0,0.06842077523469925,0.00025,0.1323726773262024,0.0
12722.0,1023.0,32.0,0.05180035158991814,0.00025,0.14264564216136932,0.0
12723.0,1024.0,32.0,0.0595439188182354,0.00025,0.13745228946208954,0.0
12724.0,1025.0,32.0,0.05383288860321045,0.00025,0.08726963400840759,0.0
12725.0,1026.0,32.0,0.05647587031126022,0.00025,0.17779836058616638,0.0
12726.0,1027.0,32.0,0.04501493275165558,0.00025,0.03894014656543732,0.0
12727.0,1028.0,32.0,0.07094185054302216,0.00025,0.10443507134914398,0.0
12728.0,1029.0,32.0,0.06851504743099213,0.00025,0.11404850333929062,0.0
12729.0,1030.0,32.0,0.05961555242538452,0.00025,0.15718616545200348,0.0
12730.0,1031.0,32.0,0.07908225804567337,0.00025,0.1325162947177887,0.0
12731.0,1032.0,32.0,0.0595967099070549,0.00025,0.10179749131202698,0.0
12732.0,1033.0,32.0,0.05203793942928314,0.00025,0.2010820209980011,0.0
12733.0,1034.0,32.0,0.061107028275728226,0.00025,0.11348064243793488,0.0
12734.0,1035.0,32.0,0.049569811671972275,0.00025,0.2244102656841278,0.0
12735.0,1036.0,32.0,0.053815048187971115,0.00025,0.1670878380537033,0.0
12736.0,1037.0,32.0,0.04197390750050545,0.00025,0.19045130908489227,0.0
12737.0,1038.0,32.0,0.06377282738685608,0.00025,0.21094340085983276,0.0
12738.0,1039.0,32.0,0.05780929699540138,0.00025,0.1357850879430771,0.0
12739.0,1040.0,32.0,0.04714369773864746,0.00025,0.12244141101837158,0.0
12740.0,1041.0,32.0,0.056679874658584595,0.00025,0.09538411349058151,0.0
12741.0,1042.0,32.0,0.048724472522735596,0.00025,0.11910925805568695,0.0
12742.0,1043.0,32.0,0.03912738338112831,0.00025,0.08293977379798889,0.0
12743.0,1044.0,32.0,0.06707444787025452,0.00025,0.15360595285892487,0.0
12744.0,1045.0,32.0,0.05147591233253479,0.00025,0.07529199868440628,0.0
12745.0,1046.0,32.0,0.06869694590568542,0.00025,0.15918131172657013,0.0
12746.0,1047.0,32.0,0.051417600363492966,0.00025,0.06457789242267609,0.0
12747.0,1048.0,32.0,0.061928339302539825,0.00025,0.06580096483230591,0.0
12748.0,1049.0,32.0,0.06204386055469513,0.00025,0.14298579096794128,0.0
12749.0,1050.0,32.0,0.0547177717089653,0.00025,0.05011257529258728,0.0
12750.0,1051.0,32.0,0.05924510210752487,0.00025,0.04510589316487312,0.0
12751.0,1052.0,32.0,0.05752340704202652,0.00025,0.07801975309848785,0.0
12752.0,1053.0,32.0,0.056576598435640335,0.00025,0.05745355784893036,0.0
12753.0,1054.0,32.0,0.05973639339208603,0.00025,0.14799818396568298,0.0
12754.0,1055.0,32.0,0.0608159601688385,0.00025,0.0946509912610054,0.0
12755.0,1056.0,32.0,0.05433639883995056,0.00025,0.1255122423171997,0.0
12756.0,1057.0,32.0,0.05608249455690384,0.00025,0.07887312024831772,0.0
12757.0,1058.0,32.0,0.0520179346203804,0.00025,0.0977000817656517,0.0
12758.0,1059.0,32.0,0.06257230043411255,0.00025,0.0476544089615345,0.0
12759.0,1060.0,32.0,0.047438718378543854,0.00025,0.09183137118816376,0.0
12760.0,1061.0,32.0,0.06798452883958817,0.00025,0.08545530587434769,0.0
12761.0,1062.0,32.0,0.047461409121751785,0.00025,0.09234267473220825,0.0
12762.0,1063.0,32.0,0.05287521332502365,0.00025,0.05550253018736839,0.0
12763.0,1064.0,32.0,0.06422367691993713,0.00025,0.11246509850025177,0.0
12764.0,1065.0,32.0,0.07510266453027725,0.00025,0.05080783739686012,0.0
12765.0,1066.0,32.0,0.05599987506866455,0.00025,0.13148553669452667,0.0
12766.0,1067.0,32.0,0.061635572463274,0.00025,0.07170276343822479,0.0
12767.0,1068.0,32.0,0.05306411534547806,0.00025,0.10658743977546692,0.0
12768.0,1069.0,32.0,0.03988509625196457,0.00025,0.07349958270788193,0.0
12769.0,1070.0,32.0,0.056970007717609406,0.00025,0.084012970328331,0.0
12770.0,1071.0,32.0,0.05893193930387497,0.00025,0.12361997365951538,0.0
12771.0,1072.0,32.0,0.05544815957546234,0.00025,0.08205155283212662,0.0
12772.0,1073.0,32.0,0.07663244009017944,0.00025,0.11379073560237885,0.0
12773.0,1074.0,32.0,0.05083955079317093,0.00025,0.07115942239761353,0.0
12774.0,1075.0,32.0,0.051704291254282,0.00025,0.06157933548092842,0.0
12775.0,1076.0,32.0,0.06557606160640717,0.00025,0.14330542087554932,0.0
12776.0,1077.0,32.0,0.05190441757440567,0.00025,0.053550563752651215,0.0
12777.0,1078.0,32.0,0.05634880065917969,0.00025,0.13319730758666992,0.0
12778.0,1079.0,32.0,0.07053987681865692,0.00025,0.12898270785808563,0.0
12779.0,1080.0,32.0,0.06292226910591125,0.00025,0.1291770339012146,0.0
12780.0,1081.0,32.0,0.07215794920921326,0.00025,0.13536998629570007,0.0
12781.0,1082.0,32.0,0.05825322866439819,0.00025,0.09702061116695404,0.0
12782.0,1083.0,32.0,0.05012192204594612,0.00025,0.12309936434030533,0.0
12783.0,1084.0,32.0,0.045704521238803864,0.00025,0.07862922549247742,0.0
12784.0,1085.0,32.0,0.04370579868555069,0.00025,0.12979450821876526,0.0
12785.0,1086.0,32.0,0.08318449556827545,0.00025,0.12573039531707764,0.0
12786.0,1087.0,32.0,0.06007128953933716,0.00025,0.15880264341831207,0.0
12787.0,1088.0,32.0,0.05643096938729286,0.00025,0.11594933271408081,0.0
12788.0,1089.0,32.0,0.04338189214468002,0.00025,0.09136457741260529,0.0
12789.0,1090.0,32.0,0.05728679895401001,0.00025,0.130010187625885,0.0
12790.0,1091.0,32.0,0.05939795449376106,0.00025,0.13098658621311188,0.0
12791.0,1092.0,32.0,0.0569126233458519,0.00025,0.10287020355463028,0.0
12792.0,1093.0,32.0,0.052775315940380096,0.00025,0.07342647761106491,0.0
12793.0,1094.0,32.0,0.06073572486639023,0.00025,0.16619588434696198,0.0
12794.0,1095.0,32.0,0.06250043213367462,0.00025,0.10693565011024475,0.0
12795.0,1096.0,32.0,0.04697292670607567,0.00025,0.15621349215507507,0.0
12796.0,1097.0,32.0,0.058623749762773514,0.00025,0.06705886870622635,0.0
12797.0,1098.0,32.0,0.043742723762989044,0.00025,0.11958138644695282,0.0
12798.0,1099.0,32.0,0.05531882494688034,0.00025,0.12358801811933517,0.0
12799.0,1100.0,32.0,0.06384739279747009,0.00025,0.14672373235225677,0.0
12800.0,1101.0,32.0,0.05125953257083893,0.00025,0.10123976320028305,0.0
12801.0,1102.0,32.0,0.05857662484049797,0.00025,0.17360320687294006,0.0
12802.0,1103.0,32.0,0.05397599935531616,0.00025,0.09409431368112564,0.0
12803.0,1104.0,32.0,0.05037418380379677,0.00025,0.10937966406345367,0.0
12804.0,1105.0,32.0,0.060121651738882065,0.00025,0.20178189873695374,0.0
12805.0,1106.0,32.0,0.05518683046102524,0.00025,0.12852580845355988,0.0
12806.0,1107.0,32.0,0.06151133030653,0.00025,0.20054510235786438,0.0
12807.0,1108.0,32.0,0.053016044199466705,0.00025,0.037832293659448624,0.0
12808.0,1109.0,32.0,0.050269730389118195,0.00025,0.1601666361093521,0.0
12809.0,1110.0,32.0,0.056646592915058136,0.00025,0.148240864276886,0.0
12810.0,1111.0,32.0,0.06007235497236252,0.00025,0.13129441440105438,0.0
12811.0,1112.0,32.0,0.06445193290710449,0.00025,0.19323892891407013,0.0
12812.0,1113.0,32.0,0.06015971302986145,0.00025,0.13030917942523956,0.0
12813.0,1114.0,32.0,0.057120561599731445,0.00025,0.1848917305469513,0.0
12814.0,1115.0,32.0,0.06149774044752121,0.00025,0.11469029635190964,0.0
12815.0,1116.0,32.0,0.0646619200706482,0.00025,0.11762173473834991,0.0
12816.0,1117.0,32.0,0.05840863659977913,0.00025,0.08201746642589569,0.0
12817.0,1118.0,32.0,0.05508995056152344,0.00025,0.1956053376197815,0.0
12818.0,1119.0,32.0,0.06294559687376022,0.00025,0.04956461489200592,0.0
12819.0,1120.0,32.0,0.05478036403656006,0.00025,0.2183641493320465,0.0
12820.0,1121.0,32.0,0.06272276490926743,0.00025,0.05958183854818344,0.0
12821.0,1122.0,32.0,0.05904335528612137,0.00025,0.1545099914073944,0.0
12822.0,1123.0,32.0,0.057330191135406494,0.00025,0.11028871685266495,0.0
12823.0,1124.0,32.0,0.04756860062479973,0.00025,0.11318565160036087,0.0
12824.0,1125.0,32.0,0.04029019922018051,0.00025,0.11338995397090912,0.0
12825.0,1126.0,32.0,0.04998496174812317,0.00025,0.043311700224876404,0.0
12826.0,1127.0,32.0,0.05268295481801033,0.00025,0.18978269398212433,0.0
12827.0,1128.0,32.0,0.07144109904766083,0.00025,0.08681400120258331,0.0
12828.0,1129.0,32.0,0.04966657608747482,0.00025,0.20584991574287415,0.0
12829.0,1130.0,32.0,0.05600890889763832,0.00025,0.07299625873565674,0.0
12830.0,1131.0,32.0,0.05058755725622177,0.00025,0.15488502383232117,0.0
12831.0,1132.0,32.0,0.05685342103242874,0.00025,0.05441531166434288,0.0
12832.0,1133.0,32.0,0.04431074112653732,0.00025,0.15211372077465057,0.0
12833.0,1134.0,32.0,0.04354754835367203,0.00025,0.08223394304513931,0.0
12834.0,1135.0,32.0,0.06363347172737122,0.00025,0.1297311633825302,0.0
12835.0,1136.0,32.0,0.06485218554735184,0.00025,0.09126017987728119,0.0
12836.0,1137.0,32.0,0.05626478046178818,0.00025,0.07611206918954849,0.0
12837.0,1138.0,32.0,0.05699382349848747,0.00025,0.17120590806007385,0.0
12838.0,1139.0,32.0,0.05507957190275192,0.00025,0.08769834041595459,0.0
12839.0,1140.0,32.0,0.05841817334294319,0.00025,0.09880489110946655,0.0
12840.0,1141.0,32.0,0.06880538165569305,0.00025,0.10261036455631256,0.0
12841.0,1142.0,32.0,0.06378325819969177,0.00025,0.0810772255063057,0.0
12842.0,1143.0,32.0,0.06135185807943344,0.00025,0.09166989475488663,0.0
12843.0,1144.0,32.0,0.054766640067100525,0.00025,0.15239819884300232,0.0
12844.0,1145.0,32.0,0.062250033020973206,0.00025,0.07487793266773224,0.0
12845.0,1146.0,32.0,0.07470347732305527,0.00025,0.11180467903614044,0.0
12846.0,1147.0,32.0,0.05282905697822571,0.00025,0.06956068426370621,0.0
12847.0,1148.0,32.0,0.060281042009592056,0.00025,0.10622917860746384,0.0
12848.0,1149.0,32.0,0.04720032960176468,0.00025,0.09290917962789536,0.0
12849.0,1150.0,32.0,0.06114611774682999,0.00025,0.04245541989803314,0.0
12850.0,1151.0,32.0,0.0541221983730793,0.00025,0.11616162210702896,0.0
12851.0,1152.0,32.0,0.048535820096731186,0.00025,0.05096685141324997,0.0
12852.0,1153.0,32.0,0.05727684497833252,0.00025,0.0911441221833229,0.0
12853.0,1154.0,32.0,0.06278124451637268,0.00025,0.08113683760166168,0.0
12854.0,1155.0,32.0,0.055697474628686905,0.00025,0.1052984818816185,0.0
12855.0,1156.0,32.0,0.04781198501586914,0.00025,0.11286570876836777,0.0
12856.0,1157.0,32.0,0.052716970443725586,0.00025,0.12287582457065582,0.0
12857.0,1158.0,32.0,0.07262451201677322,0.00025,0.07727617025375366,0.0
12858.0,1159.0,32.0,0.05356525629758835,0.00025,0.1871073842048645,0.0
12859.0,1160.0,32.0,0.05866406112909317,0.00025,0.19600072503089905,0.0
12860.0,1161.0,32.0,0.0667690858244896,0.00025,0.11876927316188812,0.0
12861.0,1162.0,32.0,0.05750498175621033,0.00025,0.1424563080072403,0.0
12862.0,1163.0,32.0,0.048790350556373596,0.00025,0.10402050614356995,0.0
12863.0,1164.0,32.0,0.06376203149557114,0.00025,0.10708051174879074,0.0
12864.0,1165.0,32.0,0.0708857849240303,0.00025,0.19789762794971466,0.0
12865.0,1166.0,32.0,0.053026095032691956,0.00025,0.10335850715637207,0.0
12866.0,1167.0,32.0,0.07527197897434235,0.00025,0.18961264193058014,0.0
12867.0,1168.0,32.0,0.057455819100141525,0.00025,0.07635106891393661,0.0
12868.0,1169.0,32.0,0.07068313658237457,0.00025,0.187065988779068,0.0
12869.0,1170.0,32.0,0.05481008440256119,0.00025,0.1464654803276062,0.0
12870.0,1171.0,33.0,0.06828400492668152,0.00025,0.1320047527551651,0.0
12871.0,1172.0,33.0,0.05759759992361069,0.00025,0.23406989872455597,0.0
12872.0,1173.0,33.0,0.06947701424360275,0.00025,0.09348984807729721,0.0
12873.0,1174.0,33.0,0.05870566517114639,0.00025,0.2455161064863205,0.0
12874.0,1175.0,33.0,0.05343133583664894,0.00025,0.23105201125144958,0.0
12875.0,1176.0,33.0,0.05511913821101189,0.00025,0.27053117752075195,0.0
12876.0,1177.0,33.0,0.07115671783685684,0.00025,0.31258341670036316,0.0
12877.0,1178.0,33.0,0.05571123585104942,0.00025,0.20834635198116302,0.0
12878.0,1179.0,33.0,0.05804368108510971,0.00025,0.2666460871696472,0.0
12879.0,1180.0,33.0,0.07467540353536606,0.00025,0.1967109590768814,0.0
12880.0,1181.0,33.0,0.05006203055381775,0.00025,0.2781718671321869,0.0
12881.0,1182.0,33.0,0.06263931840658188,0.00025,0.20625019073486328,0.0
12882.0,1183.0,33.0,0.04666503146290779,0.00025,0.26715588569641113,0.0
12883.0,1184.0,33.0,0.05427776277065277,0.00025,0.19623126089572906,0.0
12884.0,1185.0,33.0,0.055765196681022644,0.00025,0.22056470811367035,0.0
12885.0,1186.0,33.0,0.05521275848150253,0.00025,0.24551229178905487,0.0
12886.0,1187.0,33.0,0.049821995198726654,0.00025,0.17893019318580627,0.0
12887.0,1188.0,33.0,0.05405569076538086,0.00025,0.23712697625160217,0.0
12888.0,1189.0,33.0,0.061446815729141235,0.00025,0.18393930792808533,0.0
12889.0,1190.0,33.0,0.04969385638833046,0.00025,0.2018125057220459,0.0
12890.0,1191.0,33.0,0.04997511953115463,0.00025,0.13080139458179474,0.0
12891.0,1192.0,33.0,0.05325043573975563,0.00025,0.17095842957496643,0.0
12892.0,1193.0,33.0,0.05736299604177475,0.00025,0.14072494208812714,0.0
12893.0,1194.0,33.0,0.05410454422235489,0.00025,0.05079289525747299,0.0
12894.0,1195.0,33.0,0.04590281471610069,0.00025,0.233317568898201,0.0
12895.0,1196.0,33.0,0.05556708574295044,0.00025,0.12268421798944473,0.0
12896.0,1197.0,33.0,0.05972011387348175,0.00025,0.13530074059963226,0.0
12897.0,1198.0,33.0,0.05969458073377609,0.00025,0.1867733895778656,0.0
12898.0,1199.0,33.0,0.056413210928440094,0.00025,0.17466086149215698,0.0
12899.0,1200.0,33.0,0.06307324767112732,0.00025,0.18484294414520264,0.0
12900.0,1201.0,33.0,0.07312599569559097,0.00025,0.08468864113092422,0.0
12901.0,1202.0,33.0,0.0491122305393219,0.00025,0.2301022708415985,0.0
12902.0,1203.0,33.0,0.05491163581609726,0.00025,0.03158750385046005,0.0
12903.0,1204.0,33.0,0.05971147492527962,0.00025,0.220976784825325,0.0
12904.0,1205.0,33.0,0.04661725461483002,0.00025,0.05846229940652847,0.0
12905.0,1206.0,33.0,0.05902039632201195,0.00025,0.167423278093338,0.0
12906.0,1207.0,33.0,0.06568711251020432,0.00025,0.11096518486738205,0.0
12907.0,1208.0,33.0,0.04317069053649902,0.00025,0.1157861053943634,0.0
12908.0,1209.0,33.0,0.05198855698108673,0.00025,0.13314683735370636,0.0
12909.0,1210.0,33.0,0.06652820110321045,0.00025,0.1150132492184639,0.0
12910.0,1211.0,33.0,0.059646327048540115,0.00025,0.10363892465829849,0.0
12911.0,1212.0,33.0,0.06532766669988632,0.00025,0.17114035785198212,0.0
12912.0,1213.0,33.0,0.05641832947731018,0.00025,0.08939950168132782,0.0
12913.0,1214.0,33.0,0.043113891035318375,0.00025,0.13734662532806396,0.0
12914.0,1215.0,33.0,0.054210223257541656,0.00025,0.12822812795639038,0.0
12915.0,1216.0,33.0,0.05936014652252197,0.00025,0.06847279518842697,0.0
12916.0,1217.0,33.0,0.04775216430425644,0.00025,0.20231468975543976,0.0
12917.0,1218.0,33.0,0.05683956295251846,0.00025,0.10613534599542618,0.0
12918.0,1219.0,33.0,0.07764975726604462,0.00025,0.25343576073646545,0.0
12919.0,1220.0,33.0,0.058422233909368515,0.00025,0.06266523152589798,0.0
12920.0,1221.0,33.0,0.05072798579931259,0.00025,0.1785319298505783,0.0
12921.0,1222.0,33.0,0.055816926062107086,0.00025,0.09227915853261948,0.0
12922.0,1223.0,33.0,0.050652895122766495,0.00025,0.11486732214689255,0.0
12923.0,1224.0,33.0,0.041537605226039886,0.00025,0.06137295812368393,0.0
12924.0,1225.0,33.0,0.06614425033330917,0.00025,0.041469406336545944,0.0
12925.0,1226.0,33.0,0.04817236214876175,0.00025,0.040573637932538986,0.0
12926.0,1227.0,33.0,0.053550057113170624,0.00025,0.07887978106737137,0.0
12927.0,1228.0,33.0,0.05699186399579048,0.00025,0.0546497143805027,0.0
12928.0,1229.0,33.0,0.049205146729946136,0.00025,0.11616582423448563,0.0
12929.0,1230.0,33.0,0.06682586669921875,0.00025,0.09188441932201385,0.0
12930.0,1231.0,33.0,0.05039225518703461,0.00025,0.10340255498886108,0.0
12931.0,1232.0,33.0,0.06879405677318573,0.00025,0.05650663375854492,0.0
12932.0,1233.0,33.0,0.059410497546195984,0.00025,0.07912418246269226,0.0
12933.0,1234.0,33.0,0.045223720371723175,0.00025,0.0759313702583313,0.0
12934.0,1235.0,33.0,0.0562865175306797,0.00025,0.0771295428276062,0.0
12935.0,1236.0,33.0,0.05913384258747101,0.00025,0.15557989478111267,0.0
12936.0,1237.0,33.0,0.04952814802527428,0.00025,0.11941385269165039,0.0
12937.0,1238.0,33.0,0.0556333027780056,0.00025,0.15806791186332703,0.0
12938.0,1239.0,33.0,0.07238542288541794,0.00025,0.17475391924381256,0.0
12939.0,1240.0,33.0,0.057376570999622345,0.00025,0.10059670358896255,0.0
12940.0,1241.0,33.0,0.0622897744178772,0.00025,0.1274247169494629,0.0
12941.0,1242.0,33.0,0.053949423134326935,0.00025,0.13794177770614624,0.0
12942.0,1243.0,33.0,0.058832865208387375,0.00025,0.05101658031344414,0.0
12943.0,1244.0,33.0,0.06316348910331726,0.00025,0.12644946575164795,0.0
12944.0,1245.0,33.0,0.0512002557516098,0.00025,0.11702968180179596,0.0
12945.0,1246.0,33.0,0.04921456053853035,0.00025,0.1252005696296692,0.0
12946.0,1247.0,33.0,0.05466676503419876,0.00025,0.17418324947357178,0.0
12947.0,1248.0,33.0,0.05594305694103241,0.00025,0.08784729987382889,0.0
12948.0,1249.0,33.0,0.05521427094936371,0.00025,0.16051265597343445,0.0
12949.0,1250.0,33.0,0.05831142142415047,0.00025,0.05012402683496475,0.0
12950.0,1251.0,33.0,0.05848720297217369,0.00025,0.15550203621387482,0.0
12951.0,1252.0,33.0,0.06331397593021393,0.00025,0.09677542746067047,0.0
12952.0,1253.0,33.0,0.054402321577072144,0.00025,0.11060534417629242,0.0
12953.0,1254.0,33.0,0.05131802707910538,0.00025,0.15680420398712158,0.0
12954.0,1255.0,33.0,0.06673756241798401,0.00025,0.07304093986749649,0.0
12955.0,1256.0,33.0,0.056979645043611526,0.00025,0.18815477192401886,0.0
12956.0,1257.0,33.0,0.06606088578701019,0.00025,0.10205865651369095,0.0
12957.0,1258.0,33.0,0.05247092619538307,0.00025,0.15206649899482727,0.0
12958.0,1259.0,33.0,0.05501478165388107,0.00025,0.24802641570568085,0.0
12959.0,1260.0,33.0,0.05906704068183899,0.00025,0.22660106420516968,0.0
12960.0,1261.0,33.0,0.04517141729593277,0.00025,0.20754896104335785,0.0
12961.0,1262.0,33.0,0.04935183748602867,0.00025,0.14642155170440674,0.0
12962.0,1263.0,33.0,0.05428126081824303,0.00025,0.1793513298034668,0.0
12963.0,1264.0,33.0,0.045033831149339676,0.00025,0.08701213449239731,0.0
12964.0,1265.0,33.0,0.05983429402112961,0.00025,0.20826180279254913,0.0
12965.0,1266.0,33.0,0.08134306222200394,0.00025,0.06218786537647247,0.0
12966.0,1267.0,33.0,0.0535237118601799,0.00025,0.10418149083852768,0.0
12967.0,1268.0,33.0,0.053040385246276855,0.00025,0.08276060223579407,0.0
12968.0,1269.0,33.0,0.07261203229427338,0.00025,0.08332142978906631,0.0
12969.0,1270.0,33.0,0.06093442440032959,0.00025,0.11100046336650848,0.0
12970.0,1271.0,33.0,0.059201281517744064,0.00025,0.0567757673561573,0.0
12971.0,1272.0,33.0,0.06016331911087036,0.00025,0.1210169643163681,0.0
12972.0,1273.0,33.0,0.052855439484119415,0.00025,0.0994812399148941,0.0
12973.0,1274.0,33.0,0.05434997007250786,0.00025,0.11698901653289795,0.0
12974.0,1275.0,33.0,0.0510101392865181,0.00025,0.038800232112407684,0.0
12975.0,1276.0,33.0,0.05776035040616989,0.00025,0.07243723422288895,0.0
12976.0,1277.0,33.0,0.050590626895427704,0.00025,0.07136794924736023,0.0
12977.0,1278.0,33.0,0.053598131984472275,0.00025,0.10264123976230621,0.0
12978.0,1279.0,33.0,0.05427683889865875,0.00025,0.07284395396709442,0.0
12979.0,1280.0,33.0,0.05963265895843506,0.00025,0.06731221079826355,0.0
12980.0,1281.0,33.0,0.0446077398955822,0.00025,0.05950641632080078,0.0
12981.0,1282.0,33.0,0.0539710633456707,0.00025,0.051485881209373474,0.0
12982.0,1283.0,33.0,0.05200853943824768,0.00025,0.06754335761070251,0.0
12983.0,1284.0,33.0,0.050607699900865555,0.00025,0.06102059781551361,0.0
12984.0,1285.0,33.0,0.04967006668448448,0.00025,0.04489775374531746,0.0
12985.0,1286.0,33.0,0.052984222769737244,0.00025,0.058109547942876816,0.0
12986.0,1287.0,33.0,0.05837094038724899,0.00025,0.07512057572603226,0.0
12987.0,1288.0,33.0,0.05799384415149689,0.00025,0.05259324610233307,0.0
12988.0,1289.0,33.0,0.053084440529346466,0.00025,0.06088325008749962,0.0
12989.0,1290.0,33.0,0.04665754735469818,0.00025,0.0695711076259613,0.0
12990.0,1291.0,33.0,0.0535840168595314,0.00025,0.1229679211974144,0.0
12991.0,1292.0,33.0,0.05319998413324356,0.00025,0.11739519238471985,0.0
12992.0,1293.0,33.0,0.04578181356191635,0.00025,0.1190250813961029,0.0
12993.0,1294.0,33.0,0.06380878388881683,0.00025,0.04214677959680557,0.0
12994.0,1295.0,33.0,0.05822350084781647,0.00025,0.10930278897285461,0.0
12995.0,1296.0,33.0,0.059763919562101364,0.00025,0.16065093874931335,0.0
12996.0,1297.0,33.0,0.05533548817038536,0.00025,0.12309876829385757,0.0
12997.0,1298.0,33.0,0.05578770115971565,0.00025,0.15048573911190033,0.0
12998.0,1299.0,33.0,0.05329926311969757,0.00025,0.14586356282234192,0.0
12999.0,1300.0,33.0,0.05117061734199524,0.00025,0.15647773444652557,0.0
13000.0,1301.0,33.0,0.07975637912750244,0.00025,0.13635145127773285,0.0
13001.0,1302.0,33.0,0.061375752091407776,0.00025,0.11045046150684357,0.0
13002.0,1303.0,33.0,0.0702378898859024,0.00025,0.18389660120010376,0.0
13003.0,1304.0,33.0,0.06238657608628273,0.00025,0.10019753128290176,0.0
13004.0,1305.0,33.0,0.06024860590696335,0.00025,0.15083208680152893,0.0
13005.0,1306.0,33.0,0.04407976195216179,0.00025,0.09991342574357986,0.0
13006.0,1307.0,33.0,0.04242737591266632,0.00025,0.1813638061285019,0.0
13007.0,1308.0,33.0,0.0448010191321373,0.00025,0.06129419431090355,0.0
13008.0,1309.0,33.0,0.0565534308552742,0.00025,0.17398163676261902,0.0
13009.0,1310.0,33.0,0.06436194479465485,0.00025,0.07672765105962753,0.0
13010.0,1311.0,33.0,0.057649947702884674,0.00025,0.1921541392803192,0.0
13011.0,1312.0,33.0,0.062322359532117844,0.00025,0.05808354541659355,0.0
13012.0,1313.0,33.0,0.05270671099424362,0.00025,0.17774111032485962,0.0
13013.0,1314.0,33.0,0.05193505436182022,0.00025,0.11154723167419434,0.0
13014.0,1315.0,33.0,0.05412242189049721,0.00025,0.15568923950195312,0.0
13015.0,1316.0,33.0,0.060801729559898376,0.00025,0.11604753881692886,0.0
13016.0,1317.0,33.0,0.05851432681083679,0.00025,0.11360912024974823,0.0
13017.0,1318.0,33.0,0.06304582208395004,0.00025,0.15937504172325134,0.0
13018.0,1319.0,33.0,0.0627690851688385,0.00025,0.10812682658433914,0.0
13019.0,1320.0,33.0,0.05588489770889282,0.00025,0.1538774073123932,0.0
13020.0,1321.0,33.0,0.0497453548014164,0.00025,0.07503969222307205,0.0
13021.0,1322.0,33.0,0.06967666745185852,0.00025,0.16394765675067902,0.0
13022.0,1323.0,33.0,0.04709206521511078,0.00025,0.1761901080608368,0.0
13023.0,1324.0,33.0,0.06008956581354141,0.00025,0.163390651345253,0.0
13024.0,1325.0,33.0,0.04530376195907593,0.00025,0.18859821557998657,0.0
13025.0,1326.0,33.0,0.052456095814704895,0.00025,0.06555098295211792,0.0
13026.0,1327.0,33.0,0.055173568427562714,0.00025,0.17749682068824768,0.0
13027.0,1328.0,33.0,0.0556781142950058,0.00025,0.20991389453411102,0.0
13028.0,1329.0,33.0,0.061182763427495956,0.00025,0.11880170553922653,0.0
13029.0,1330.0,33.0,0.044516392052173615,0.00025,0.19506044685840607,0.0
13030.0,1331.0,33.0,0.05880938097834587,0.00025,0.09715566784143448,0.0
13031.0,1332.0,33.0,0.04386737570166588,0.00025,0.14254754781723022,0.0
13032.0,1333.0,33.0,0.06260178238153458,0.00025,0.19245748221874237,0.0
13033.0,1334.0,33.0,0.061864275485277176,0.00025,0.05547744780778885,0.0
13034.0,1335.0,33.0,0.06237340718507767,0.00025,0.26689374446868896,0.0
13035.0,1336.0,33.0,0.055184122174978256,0.00025,0.14519405364990234,0.0
13036.0,1337.0,33.0,0.05266348645091057,0.00025,0.19228799641132355,0.0
13037.0,1338.0,33.0,0.05601008981466293,0.00025,0.26569655537605286,0.0
13038.0,1339.0,33.0,0.06275980174541473,0.00025,0.1495060920715332,0.0
13039.0,1340.0,33.0,0.03998018801212311,0.00025,0.2385690063238144,0.0
13040.0,1341.0,33.0,0.051557157188653946,0.00025,0.15510249137878418,0.0
13041.0,1342.0,33.0,0.056109197437763214,0.00025,0.15428881347179413,0.0
13042.0,1343.0,33.0,0.05153253674507141,0.00025,0.19442671537399292,0.0
13043.0,1344.0,33.0,0.05879537761211395,0.00025,0.1393498182296753,0.0
13044.0,1345.0,33.0,0.0521075502038002,0.00025,0.13513736426830292,0.0
13045.0,1346.0,33.0,0.05358514189720154,0.00025,0.09858851879835129,0.0
13046.0,1347.0,33.0,0.05061540752649307,0.00025,0.10726184397935867,0.0
13047.0,1348.0,33.0,0.06114611774682999,0.00025,0.14047005772590637,0.0
13048.0,1349.0,33.0,0.06196874380111694,0.00025,0.09133990854024887,0.0
13049.0,1350.0,33.0,0.05243334919214249,0.00025,0.1695171743631363,0.0
13050.0,1351.0,33.0,0.05551467090845108,0.00025,0.1134144514799118,0.0
13051.0,1352.0,33.0,0.07085053622722626,0.00025,0.1792999505996704,0.0
13052.0,1353.0,33.0,0.05118852108716965,0.00025,0.15178731083869934,0.0
13053.0,1354.0,33.0,0.0638609230518341,0.00025,0.15889152884483337,0.0
13054.0,1355.0,33.0,0.06702600419521332,0.00025,0.08833342790603638,0.0
13055.0,1356.0,33.0,0.05469716712832451,0.00025,0.08236328512430191,0.0
13056.0,1357.0,33.0,0.06124136596918106,0.00025,0.0704580545425415,0.0
13057.0,1358.0,33.0,0.047567687928676605,0.00025,0.1894766241312027,0.0
13058.0,1359.0,33.0,0.05567881092429161,0.00025,0.11712704598903656,0.0
13059.0,1360.0,33.0,0.06065503507852554,0.00025,0.18064537644386292,0.0
13060.0,1361.0,33.0,0.05472691357135773,0.00025,0.13110584020614624,0.0
13061.0,1362.0,33.0,0.0543602779507637,0.00025,0.10944722592830658,0.0
13062.0,1363.0,33.0,0.08176253736019135,0.00025,0.14881271123886108,0.0
13063.0,1364.0,33.0,0.05104372650384903,0.00025,0.037961166352033615,0.0
13064.0,1365.0,33.0,0.04299531877040863,0.00025,0.08385907113552094,0.0
13065.0,1366.0,33.0,0.04635313153266907,0.00025,0.060729991644620895,0.0
13066.0,1367.0,33.0,0.053746458142995834,0.00025,0.06264138221740723,0.0
13067.0,1368.0,33.0,0.06272156536579132,0.00025,0.07724616676568985,0.0
13068.0,1369.0,33.0,0.04976958408951759,0.00025,0.03156411647796631,0.0
13069.0,1370.0,33.0,0.06126117706298828,0.00025,0.0655403658747673,0.0
13070.0,1371.0,33.0,0.05410093441605568,0.00025,0.11993131786584854,0.0
13071.0,1372.0,33.0,0.05366678908467293,0.00025,0.10453284531831741,0.0
13072.0,1373.0,33.0,0.05161966383457184,0.00025,0.12628544867038727,0.0
13073.0,1374.0,33.0,0.05741392821073532,0.00025,0.10126207768917084,0.0
13074.0,1375.0,33.0,0.046773605048656464,0.00025,0.19941425323486328,0.0
13075.0,1376.0,33.0,0.05514093488454819,0.00025,0.13418801128864288,0.0
13076.0,1377.0,33.0,0.05875984579324722,0.00025,0.18040911853313446,0.0
13077.0,1378.0,33.0,0.06646423041820526,0.00025,0.1970420926809311,0.0
13078.0,1379.0,33.0,0.04565545171499252,0.00025,0.116452656686306,0.0
13079.0,1380.0,33.0,0.058957938104867935,0.00025,0.2694970965385437,0.0
13080.0,1381.0,33.0,0.05878918617963791,0.00025,0.1667691022157669,0.0
13081.0,1382.0,33.0,0.06862831115722656,0.00025,0.19898638129234314,0.0
13082.0,1383.0,33.0,0.07418454438447952,0.00025,0.15975166857242584,0.0
13083.0,1384.0,33.0,0.06512919068336487,0.00025,0.10209684073925018,0.0
13084.0,1385.0,33.0,0.05666567012667656,0.00025,0.1597747802734375,0.0
13085.0,1386.0,33.0,0.050073303282260895,0.00025,0.15789996087551117,0.0
13086.0,1387.0,33.0,0.058438874781131744,0.00025,0.14249061048030853,0.0
13087.0,1388.0,33.0,0.05549429729580879,0.00025,0.20994499325752258,0.0
13088.0,1389.0,33.0,0.05901366472244263,0.00025,0.06391030550003052,0.0
13089.0,1390.0,33.0,0.062277473509311676,0.00025,0.1766810119152069,0.0
13090.0,1391.0,33.0,0.056212298572063446,0.00025,0.09338972717523575,0.0
13091.0,1392.0,33.0,0.05431747063994408,0.00025,0.13610708713531494,0.0
13092.0,1393.0,33.0,0.05331166833639145,0.00025,0.16463521122932434,0.0
13093.0,1394.0,33.0,0.06468985974788666,0.00025,0.0962497740983963,0.0
13094.0,1395.0,33.0,0.06633979082107544,0.00025,0.1658681035041809,0.0
13095.0,1396.0,33.0,0.0689496323466301,0.00025,0.11489289999008179,0.0
13096.0,1397.0,33.0,0.048243530094623566,0.00025,0.15641987323760986,0.0
13097.0,1398.0,33.0,0.053741324692964554,0.00025,0.10527153313159943,0.0
13098.0,1399.0,33.0,0.0500933900475502,0.00025,0.12289632111787796,0.0
13099.0,1400.0,33.0,0.04619599133729935,0.00025,0.07226891815662384,0.0
13100.0,1401.0,33.0,0.05537502095103264,0.00025,0.16026923060417175,0.0
13101.0,1402.0,33.0,0.053660791367292404,0.00025,0.05904595926403999,0.0
13102.0,1403.0,33.0,0.045885734260082245,0.00025,0.07970743626356125,0.0
13103.0,1404.0,33.0,0.05173259228467941,0.00025,0.08946949988603592,0.0
13104.0,1405.0,33.0,0.05701177939772606,0.00025,0.04596748948097229,0.0
13105.0,1406.0,33.0,0.05997611582279205,0.00025,0.0846625491976738,0.0
13106.0,1407.0,33.0,0.06807816028594971,0.00025,0.10451779514551163,0.0
13107.0,1408.0,33.0,0.0493825301527977,0.00025,0.08744189143180847,0.0
13108.0,1409.0,33.0,0.054106928408145905,0.00025,0.051455024629831314,0.0
13109.0,1410.0,33.0,0.061851777136325836,0.00025,0.13118204474449158,0.0
13110.0,1411.0,33.0,0.06535840779542923,0.00025,0.06377256661653519,0.0
13111.0,1412.0,33.0,0.06724502146244049,0.00025,0.14174184203147888,0.0
13112.0,1413.0,33.0,0.05863421410322189,0.00025,0.07949866354465485,0.0
13113.0,1414.0,33.0,0.051947012543678284,0.00025,0.09151609241962433,0.0
13114.0,1415.0,33.0,0.05517841503024101,0.00025,0.14930415153503418,0.0
13115.0,1416.0,33.0,0.07861176878213882,0.00025,0.07881838083267212,0.0
13116.0,1417.0,33.0,0.05223357677459717,0.00025,0.16191132366657257,0.0
13117.0,1418.0,33.0,0.06034499779343605,0.00025,0.04645805060863495,0.0
13118.0,1419.0,33.0,0.05979723855853081,0.00025,0.15510746836662292,0.0
13119.0,1420.0,33.0,0.06097229942679405,0.00025,0.08339060097932816,0.0
13120.0,1421.0,33.0,0.059462226927280426,0.00025,0.22859694063663483,0.0
13121.0,1422.0,33.0,0.04599255323410034,0.00025,0.06637775897979736,0.0
13122.0,1423.0,33.0,0.04901415854692459,0.00025,0.22773434221744537,0.0
13123.0,1424.0,33.0,0.05969677120447159,0.00025,0.11110375076532364,0.0
13124.0,1425.0,33.0,0.042760953307151794,0.00025,0.21023432910442352,0.0
13125.0,1426.0,33.0,0.04714585468173027,0.00025,0.059762321412563324,0.0
13126.0,1427.0,33.0,0.061424627900123596,0.00025,0.22398336231708527,0.0
13127.0,1428.0,33.0,0.058997154235839844,0.00025,0.07207751274108887,0.0
13128.0,1429.0,33.0,0.05871754512190819,0.00025,0.21216900646686554,0.0
13129.0,1430.0,33.0,0.053358372300863266,0.00025,0.10747724771499634,0.0
13130.0,1431.0,33.0,0.04764866083860397,0.00025,0.19977009296417236,0.0
13131.0,1432.0,33.0,0.05442620813846588,0.00025,0.08605583757162094,0.0
13132.0,1433.0,33.0,0.05843644589185715,0.00025,0.1403205245733261,0.0
13133.0,1434.0,33.0,0.04553183168172836,0.00025,0.11341716349124908,0.0
13134.0,1435.0,33.0,0.05494004487991333,0.00025,0.17393554747104645,0.0
13135.0,1436.0,33.0,0.0522434264421463,0.00025,0.16545148193836212,0.0
13136.0,1437.0,33.0,0.061219438910484314,0.00025,0.10990515351295471,0.0
13137.0,1438.0,33.0,0.06973256170749664,0.00025,0.1812703013420105,0.0
13138.0,1439.0,33.0,0.070226289331913,0.00025,0.06440572440624237,0.0
13139.0,1440.0,33.0,0.045730385929346085,0.00025,0.27117326855659485,0.0
13140.0,1441.0,33.0,0.062469981610774994,0.00025,0.11449569463729858,0.0
13141.0,1442.0,33.0,0.06218935549259186,0.00025,0.2446315884590149,0.0
13142.0,1443.0,33.0,0.05374198406934738,0.00025,0.22438880801200867,0.0
13143.0,1444.0,33.0,0.05930686742067337,0.00025,0.12451965361833572,0.0
13144.0,1445.0,33.0,0.056942958384752274,0.00025,0.23722241818904877,0.0
13145.0,1446.0,33.0,0.05804787948727608,0.00025,0.15672463178634644,0.0
13146.0,1447.0,33.0,0.06966142356395721,0.00025,0.1865185797214508,0.0
13147.0,1448.0,33.0,0.05585325509309769,0.00025,0.2107473462820053,0.0
13148.0,1449.0,33.0,0.06624861806631088,0.00025,0.1029164046049118,0.0
13149.0,1450.0,33.0,0.06023477017879486,0.00025,0.1977355182170868,0.0
13150.0,1451.0,33.0,0.05452653765678406,0.00025,0.22044137120246887,0.0
13151.0,1452.0,33.0,0.05935019627213478,0.00025,0.05620766431093216,0.0
13152.0,1453.0,33.0,0.062080267816782,0.00025,0.1984127312898636,0.0
13153.0,1454.0,33.0,0.06232055276632309,0.00025,0.12686137855052948,0.0
13154.0,1455.0,33.0,0.05645545572042465,0.00025,0.10722989588975906,0.0
13155.0,1456.0,33.0,0.06053667515516281,0.00025,0.15496642887592316,0.0
13156.0,1457.0,33.0,0.05543838441371918,0.00025,0.09006816148757935,0.0
13157.0,1458.0,33.0,0.046693354845047,0.00025,0.1700362265110016,0.0
13158.0,1459.0,33.0,0.04984956979751587,0.00025,0.14132821559906006,0.0
13159.0,1460.0,33.0,0.058999523520469666,0.00025,0.11119657009840012,0.0
13160.0,1461.0,33.0,0.06525328755378723,0.00025,0.1626000851392746,0.0
13161.0,1462.0,33.0,0.04863782972097397,0.00025,0.1160690113902092,0.0
13162.0,1463.0,33.0,0.057053517550230026,0.00025,0.11926296353340149,0.0
13163.0,1464.0,33.0,0.05612372234463692,0.00025,0.06478913873434067,0.0
13164.0,1465.0,33.0,0.05589481443166733,0.00025,0.0754556804895401,0.0
13165.0,1466.0,33.0,0.060961008071899414,0.00025,0.053806085139513016,0.0
13166.0,1467.0,33.0,0.053828611969947815,0.00025,0.08904090523719788,0.0
13167.0,1468.0,33.0,0.06307506561279297,0.00025,0.07309551537036896,0.0
13168.0,1469.0,33.0,0.04611048847436905,0.00025,0.10036216676235199,0.0
13169.0,1470.0,33.0,0.05599505826830864,0.00025,0.05826715752482414,0.0
13170.0,1471.0,33.0,0.06748859584331512,0.00025,0.08924389630556107,0.0
13171.0,1472.0,33.0,0.04915987327694893,0.00025,0.09969721734523773,0.0
13172.0,1473.0,33.0,0.061253443360328674,0.00025,0.06962624192237854,0.0
13173.0,1474.0,33.0,0.05455544963479042,0.00025,0.1484520584344864,0.0
13174.0,1475.0,33.0,0.07187149673700333,0.00025,0.06411013752222061,0.0
13175.0,1476.0,33.0,0.06607884168624878,0.00025,0.13167224824428558,0.0
13176.0,1477.0,33.0,0.06075526401400566,0.00025,0.0784427747130394,0.0
13177.0,1478.0,33.0,0.055524639785289764,0.00025,0.06049187853932381,0.0
13178.0,1479.0,33.0,0.07000713050365448,0.00025,0.0958302766084671,0.0
13179.0,1480.0,33.0,0.05384343862533569,0.00025,0.12296807765960693,0.0
13180.0,1481.0,33.0,0.05426058545708656,0.00025,0.09050490707159042,0.0
13181.0,1482.0,33.0,0.05270657688379288,0.00025,0.15439224243164062,0.0
13182.0,1483.0,33.0,0.06236576288938522,0.00025,0.10030005872249603,0.0
13183.0,1484.0,33.0,0.05875465273857117,0.00025,0.10612688958644867,0.0
13184.0,1485.0,33.0,0.0712924674153328,0.00025,0.12025059014558792,0.0
13185.0,1486.0,33.0,0.06072937697172165,0.00025,0.05476976931095123,0.0
13186.0,1487.0,33.0,0.05400693416595459,0.00025,0.12911050021648407,0.0
13187.0,1488.0,33.0,0.05727151036262512,0.00025,0.10706828534603119,0.0
13188.0,1489.0,33.0,0.06140761822462082,0.00025,0.1237950325012207,0.0
13189.0,1490.0,33.0,0.04676620662212372,0.00025,0.07945071905851364,0.0
13190.0,1491.0,33.0,0.05289667844772339,0.00025,0.056489888578653336,0.0
13191.0,1492.0,33.0,0.04732218384742737,0.00025,0.04306608811020851,0.0
13192.0,1493.0,33.0,0.06844264268875122,0.00025,0.09116564691066742,0.0
13193.0,1494.0,33.0,0.06097777187824249,0.00025,0.06759779155254364,0.0
13194.0,1495.0,33.0,0.06587941944599152,0.00025,0.12331517785787582,0.0
13195.0,1496.0,33.0,0.055978596210479736,0.00025,0.1159944087266922,0.0
13196.0,1497.0,33.0,0.06062332168221474,0.00025,0.09671112149953842,0.0
13197.0,1498.0,33.0,0.05093959718942642,0.00025,0.07930655777454376,0.0
13198.0,1499.0,33.0,0.0542140007019043,0.00025,0.09283948689699173,0.0
13199.0,1500.0,33.0,0.060740165412425995,0.00025,0.1691862940788269,0.0
13200.0,1501.0,33.0,0.05657975748181343,0.00025,0.07073578983545303,0.0
13201.0,1502.0,33.0,0.06789561361074448,0.00025,0.16692884266376495,0.0
13202.0,1503.0,33.0,0.047014087438583374,0.00025,0.07940954715013504,0.0
13203.0,1504.0,33.0,0.052553288638591766,0.00025,0.13458587229251862,0.0
13204.0,1505.0,33.0,0.05784434825181961,0.00025,0.12637607753276825,0.0
13205.0,1506.0,33.0,0.05916028842329979,0.00025,0.16206204891204834,0.0
13206.0,1507.0,33.0,0.04876285791397095,0.00025,0.09023547917604446,0.0
13207.0,1508.0,33.0,0.07097378373146057,0.00025,0.15234984457492828,0.0
13208.0,1509.0,33.0,0.04546037316322327,0.00025,0.12484978884458542,0.0
13209.0,1510.0,33.0,0.0609968900680542,0.00025,0.173546701669693,0.0
13210.0,1511.0,33.0,0.06332388520240784,0.00025,0.10364209115505219,0.0
13211.0,1512.0,33.0,0.05362757295370102,0.00025,0.05418400466442108,0.0
13212.0,1513.0,33.0,0.06410950422286987,0.00025,0.14013521373271942,0.0
13213.0,1514.0,33.0,0.05145440250635147,0.00025,0.11798792332410812,0.0
13214.0,1515.0,33.0,0.056176334619522095,0.00025,0.12392167001962662,0.0
13215.0,1516.0,33.0,0.05549364164471626,0.00025,0.1406889706850052,0.0
13216.0,1517.0,33.0,0.047588884830474854,0.00025,0.03873896971344948,0.0
13217.0,1518.0,33.0,0.04786328598856926,0.00025,0.10685219615697861,0.0
13218.0,1519.0,33.0,0.05132557451725006,0.00025,0.1718554049730301,0.0
13219.0,1520.0,33.0,0.05554936081171036,0.00025,0.08849178999662399,0.0
13220.0,1521.0,33.0,0.055066175758838654,0.00025,0.13036708533763885,0.0
13221.0,1522.0,33.0,0.06942608952522278,0.00025,0.12521125376224518,0.0
13222.0,1523.0,33.0,0.052263613790273666,0.00025,0.1014133095741272,0.0
13223.0,1524.0,33.0,0.06181402504444122,0.00025,0.20716944336891174,0.0
13224.0,1525.0,33.0,0.06258732080459595,0.00025,0.04764583706855774,0.0
13225.0,1526.0,33.0,0.05088759586215019,0.00025,0.20094621181488037,0.0
13226.0,1527.0,33.0,0.051000431180000305,0.00025,0.09904883056879044,0.0
13227.0,1528.0,33.0,0.06938488781452179,0.00025,0.10526293516159058,0.0
13228.0,1529.0,33.0,0.05391097813844681,0.00025,0.18814805150032043,0.0
13229.0,1530.0,33.0,0.0553070493042469,0.00025,0.05957447364926338,0.0
13230.0,1531.0,33.0,0.04917694628238678,0.00025,0.14387159049510956,0.0
13231.0,1532.0,33.0,0.06252661347389221,0.00025,0.12920702993869781,0.0
13232.0,1533.0,33.0,0.061200521886348724,0.00025,0.10423124581575394,0.0
13233.0,1534.0,33.0,0.05455819517374039,0.00025,0.17588528990745544,0.0
13234.0,1535.0,33.0,0.04862213134765625,0.00025,0.08914342522621155,0.0
13235.0,1536.0,33.0,0.05479873716831207,0.00025,0.1330457627773285,0.0
13236.0,1537.0,33.0,0.054968103766441345,0.00025,0.13538838922977448,0.0
13237.0,1538.0,33.0,0.06528171896934509,0.00025,0.06589877605438232,0.0
13238.0,1539.0,33.0,0.05895069241523743,0.00025,0.1670982390642166,0.0
13239.0,1540.0,33.0,0.0635833889245987,0.00025,0.03481678292155266,0.0
13240.0,1541.0,33.0,0.05435342714190483,0.00025,0.07510615140199661,0.0
13241.0,1542.0,33.0,0.06455066800117493,0.00025,0.11659426987171173,0.0
13242.0,1543.0,33.0,0.06158120185136795,0.00025,0.05802309885621071,0.0
13243.0,1544.0,33.0,0.07155553996562958,0.00025,0.10626280307769775,0.0
13244.0,1545.0,33.0,0.060386382043361664,0.00025,0.06907852739095688,0.0
13245.0,1546.0,33.0,0.053598105907440186,0.00025,0.08670651167631149,0.0
13246.0,1547.0,33.0,0.05364757031202316,0.00025,0.10184668004512787,0.0
13247.0,1548.0,33.0,0.05569418892264366,0.00025,0.11843929439783096,0.0
13248.0,1549.0,33.0,0.06441473960876465,0.00025,0.09598810225725174,0.0
13249.0,1550.0,33.0,0.06047515571117401,0.00025,0.10756698995828629,0.0
13250.0,1551.0,33.0,0.07074648141860962,0.00025,0.11647797375917435,0.0
13251.0,1552.0,33.0,0.06170426309108734,0.00025,0.11676177382469177,0.0
13252.0,1553.0,33.0,0.06294562667608261,0.00025,0.09983345121145248,0.0
13253.0,1554.0,33.0,0.06691865622997284,0.00025,0.118374764919281,0.0
13254.0,1555.0,33.0,0.04259548708796501,0.00025,0.054947614669799805,0.0
13255.0,1556.0,33.0,0.050459593534469604,0.00025,0.08430491387844086,0.0
13256.0,1557.0,33.0,0.05129019916057587,0.00025,0.0741230696439743,0.0
13257.0,1558.0,33.0,0.04630914703011513,0.00025,0.054451797157526016,0.0
13258.0,1559.0,33.0,0.058860547840595245,0.00025,0.09394153207540512,0.0
13259.0,1560.0,33.0,0.06082339957356453,0.00025,0.0776350125670433,0.0
13260.0,1561.0,34.0,0.051479969173669815,0.00025,0.1277950555086136,0.0
13261.0,1562.0,34.0,0.07054480910301208,0.00025,0.0537886768579483,0.0
13262.0,1563.0,34.0,0.06677461415529251,0.00025,0.1125127300620079,0.0
13263.0,1564.0,34.0,0.055617306381464005,0.00025,0.10161036252975464,0.0
13264.0,1565.0,34.0,0.05342477560043335,0.00025,0.1005876213312149,0.0
13265.0,1566.0,34.0,0.06431479752063751,0.00025,0.12543576955795288,0.0
13266.0,1567.0,34.0,0.06385147571563721,0.00025,0.09229790419340134,0.0
13267.0,1568.0,34.0,0.05820319801568985,0.00025,0.13450013101100922,0.0
13268.0,1569.0,34.0,0.054495662450790405,0.00025,0.08886271715164185,0.0
13269.0,1570.0,34.0,0.05617685616016388,0.00025,0.06335410475730896,0.0
13270.0,1571.0,34.0,0.04575243219733238,0.00025,0.06224071979522705,0.0
13271.0,1572.0,34.0,0.05753234401345253,0.00025,0.09218655526638031,0.0
13272.0,1573.0,34.0,0.053614433854818344,0.00025,0.09734272211790085,0.0
13273.0,1574.0,34.0,0.060588985681533813,0.00025,0.10378175973892212,0.0
13274.0,1575.0,34.0,0.05918482691049576,0.00025,0.09844373166561127,0.0
13275.0,1576.0,34.0,0.06488845497369766,0.00025,0.10352723300457001,0.0
13276.0,1577.0,34.0,0.0697261169552803,0.00025,0.16179388761520386,0.0
13277.0,1578.0,34.0,0.06172776222229004,0.00025,0.122652068734169,0.0
13278.0,1579.0,34.0,0.0578068271279335,0.00025,0.12933984398841858,0.0
13279.0,1580.0,34.0,0.05466345697641373,0.00025,0.18083594739437103,0.0
13280.0,1581.0,34.0,0.05225139856338501,0.00025,0.16517452895641327,0.0
13281.0,1582.0,34.0,0.0530552864074707,0.00025,0.12380144745111465,0.0
13282.0,1583.0,34.0,0.06846017390489578,0.00025,0.15880730748176575,0.0
13283.0,1584.0,34.0,0.05466390401124954,0.00025,0.05010562390089035,0.0
13284.0,1585.0,34.0,0.0581481046974659,0.00025,0.1535065472126007,0.0
13285.0,1586.0,34.0,0.05585320293903351,0.00025,0.11717797815799713,0.0
13286.0,1587.0,34.0,0.0517546609044075,0.00025,0.10297480970621109,0.0
13287.0,1588.0,34.0,0.05299413949251175,0.00025,0.17075753211975098,0.0
13288.0,1589.0,34.0,0.06478744000196457,0.00025,0.10685312747955322,0.0
13289.0,1590.0,34.0,0.06193840503692627,0.00025,0.16608549654483795,0.0
13290.0,1591.0,34.0,0.061243753880262375,0.00025,0.17170168459415436,0.0
13291.0,1592.0,34.0,0.057761698961257935,0.00025,0.17895087599754333,0.0
13292.0,1593.0,34.0,0.058899134397506714,0.00025,0.14661291241645813,0.0
13293.0,1594.0,34.0,0.05550635978579521,0.00025,0.15799295902252197,0.0
13294.0,1595.0,34.0,0.05205440893769264,0.00025,0.10036821663379669,0.0
13295.0,1596.0,34.0,0.060164302587509155,0.00025,0.10396886616945267,0.0
13296.0,1597.0,34.0,0.058319635689258575,0.00025,0.08809135109186172,0.0
13297.0,1598.0,34.0,0.06283162534236908,0.00025,0.19670149683952332,0.0
13298.0,1599.0,34.0,0.05372019112110138,0.00025,0.07830055058002472,0.0
13299.0,1600.0,34.0,0.05947156995534897,0.00025,0.18960480391979218,0.0
13300.0,1601.0,34.0,0.053730424493551254,0.00025,0.12490708380937576,0.0
13301.0,1602.0,34.0,0.058441679924726486,0.00025,0.15268106758594513,0.0
13302.0,1603.0,34.0,0.046625204384326935,0.00025,0.10932279378175735,0.0
13303.0,1604.0,34.0,0.0585164800286293,0.00025,0.09515518695116043,0.0
13304.0,1605.0,34.0,0.04582907259464264,0.00025,0.1522786021232605,0.0
13305.0,1606.0,34.0,0.053691644221544266,0.00025,0.09450966119766235,0.0
13306.0,1607.0,34.0,0.046967871487140656,0.00025,0.12897853553295135,0.0
13307.0,1608.0,34.0,0.05971536785364151,0.00025,0.14671237766742706,0.0
13308.0,1609.0,34.0,0.06397033482789993,0.00025,0.0920456275343895,0.0
13309.0,1610.0,34.0,0.06326866149902344,0.00025,0.16623465716838837,0.0
13310.0,1611.0,34.0,0.05033070221543312,0.00025,0.11956235766410828,0.0
13311.0,1612.0,34.0,0.05795261636376381,0.00025,0.2363581508398056,0.0
13312.0,1613.0,34.0,0.05639087036252022,0.00025,0.19413235783576965,0.0
13313.0,1614.0,34.0,0.06544780731201172,0.00025,0.2708375155925751,0.0
13314.0,1615.0,34.0,0.057724401354789734,0.00025,0.09812171012163162,0.0
13315.0,1616.0,34.0,0.057987701147794724,0.00025,0.27907851338386536,0.0
13316.0,1617.0,34.0,0.055514805018901825,0.00025,0.09994842857122421,0.0
13317.0,1618.0,34.0,0.0663224309682846,0.00025,0.2055397778749466,0.0
13318.0,1619.0,34.0,0.05871100723743439,0.00025,0.15851889550685883,0.0
13319.0,1620.0,34.0,0.05394136905670166,0.00025,0.10186290740966797,0.0
13320.0,1621.0,34.0,0.06880272179841995,0.00025,0.2012607753276825,0.0
13321.0,1622.0,34.0,0.06709828972816467,0.00025,0.07953871786594391,0.0
13322.0,1623.0,34.0,0.06135182827711105,0.00025,0.22046950459480286,0.0
13323.0,1624.0,34.0,0.06265312433242798,0.00025,0.04386464133858681,0.0
13324.0,1625.0,34.0,0.052598923444747925,0.00025,0.1068093553185463,0.0
13325.0,1626.0,34.0,0.058734260499477386,0.00025,0.12748640775680542,0.0
13326.0,1627.0,34.0,0.05993514135479927,0.00025,0.060235537588596344,0.0
13327.0,1628.0,34.0,0.053759895265102386,0.00025,0.1581040471792221,0.0
13328.0,1629.0,34.0,0.046502336859703064,0.00025,0.09181824326515198,0.0
13329.0,1630.0,34.0,0.05138733610510826,0.00025,0.16227352619171143,0.0
13330.0,1631.0,34.0,0.05357057601213455,0.00025,0.04689908027648926,0.0
13331.0,1632.0,34.0,0.04635195434093475,0.00025,0.1774619221687317,0.0
13332.0,1633.0,34.0,0.06028076261281967,0.00025,0.11885883659124374,0.0
13333.0,1634.0,34.0,0.04766014218330383,0.00025,0.1956602782011032,0.0
13334.0,1635.0,34.0,0.04004121571779251,0.00025,0.0927085280418396,0.0
13335.0,1636.0,34.0,0.05855347961187363,0.00025,0.15361791849136353,0.0
13336.0,1637.0,34.0,0.0512610524892807,0.00025,0.07797455042600632,0.0
13337.0,1638.0,34.0,0.05011161416769028,0.00025,0.0938728004693985,0.0
13338.0,1639.0,34.0,0.06505706906318665,0.00025,0.1455891877412796,0.0
13339.0,1640.0,34.0,0.04770750552415848,0.00025,0.11083875596523285,0.0
13340.0,1641.0,34.0,0.049943357706069946,0.00025,0.12804847955703735,0.0
13341.0,1642.0,34.0,0.06391623616218567,0.00025,0.11138195544481277,0.0
13342.0,1643.0,34.0,0.06188756600022316,0.00025,0.13773305714130402,0.0
13343.0,1644.0,34.0,0.06059380620718002,0.00025,0.10486287623643875,0.0
13344.0,1645.0,34.0,0.05319339036941528,0.00025,0.07304471731185913,0.0
13345.0,1646.0,34.0,0.05807376652956009,0.00025,0.056638892740011215,0.0
13346.0,1647.0,34.0,0.05084133893251419,0.00025,0.1270761489868164,0.0
13347.0,1648.0,34.0,0.05716920644044876,0.00025,0.06705302000045776,0.0
13348.0,1649.0,34.0,0.05682354047894478,0.00025,0.06984835863113403,0.0
13349.0,1650.0,34.0,0.050649628043174744,0.00025,0.12276948243379593,0.0
13350.0,1651.0,34.0,0.05692514032125473,0.00025,0.09066111594438553,0.0
13351.0,1652.0,34.0,0.05216580629348755,0.00025,0.1035362109541893,0.0
13352.0,1653.0,34.0,0.05986375734210014,0.00025,0.07455531507730484,0.0
13353.0,1654.0,34.0,0.04956132173538208,0.00025,0.08410710096359253,0.0
13354.0,1655.0,34.0,0.0635315477848053,0.00025,0.07390844821929932,0.0
13355.0,1656.0,34.0,0.059135109186172485,0.00025,0.10394801944494247,0.0
13356.0,1657.0,34.0,0.052594371140003204,0.00025,0.054999109357595444,0.0
13357.0,1658.0,34.0,0.06417660415172577,0.00025,0.13468654453754425,0.0
13358.0,1659.0,34.0,0.06285470724105835,0.00025,0.06302019953727722,0.0
13359.0,1660.0,34.0,0.0632549375295639,0.00025,0.12145016342401505,0.0
13360.0,1661.0,34.0,0.06113056838512421,0.00025,0.09881551563739777,0.0
13361.0,1662.0,34.0,0.05202018842101097,0.00025,0.05785062536597252,0.0
13362.0,1663.0,34.0,0.0688820481300354,0.00025,0.1898011863231659,0.0
13363.0,1664.0,34.0,0.04660884290933609,0.00025,0.06557312607765198,0.0
13364.0,1665.0,34.0,0.04609233886003494,0.00025,0.09390614926815033,0.0
13365.0,1666.0,34.0,0.051706500351428986,0.00025,0.139627605676651,0.0
13366.0,1667.0,34.0,0.04648914560675621,0.00025,0.036311473697423935,0.0
13367.0,1668.0,34.0,0.05838397890329361,0.00025,0.2598210275173187,0.0
13368.0,1669.0,34.0,0.05801977217197418,0.00025,0.08336883783340454,0.0
13369.0,1670.0,34.0,0.0628700703382492,0.00025,0.1713912934064865,0.0
13370.0,1671.0,34.0,0.06517577916383743,0.00025,0.19273346662521362,0.0
13371.0,1672.0,34.0,0.06226345896720886,0.00025,0.09695786982774734,0.0
13372.0,1673.0,34.0,0.0623626708984375,0.00025,0.11424126476049423,0.0
13373.0,1674.0,34.0,0.05960189551115036,0.00025,0.15135253965854645,0.0
13374.0,1675.0,34.0,0.05340052768588066,0.00025,0.056827086955308914,0.0
13375.0,1676.0,34.0,0.05935514718294144,0.00025,0.19603075087070465,0.0
13376.0,1677.0,34.0,0.04404980689287186,0.00025,0.08594612032175064,0.0
13377.0,1678.0,34.0,0.05887516215443611,0.00025,0.17963258922100067,0.0
13378.0,1679.0,34.0,0.057164404541254044,0.00025,0.1461859792470932,0.0
13379.0,1680.0,34.0,0.05626136437058449,0.00025,0.13737525045871735,0.0
13380.0,1681.0,34.0,0.06295044720172882,0.00025,0.21997779607772827,0.0
13381.0,1682.0,34.0,0.05979769676923752,0.00025,0.1984390765428543,0.0
13382.0,1683.0,34.0,0.06369080394506454,0.00025,0.11185585707426071,0.0
13383.0,1684.0,34.0,0.04971349984407425,0.00025,0.25451990962028503,0.0
13384.0,1685.0,34.0,0.05474968999624252,0.00025,0.10507911443710327,0.0
13385.0,1686.0,34.0,0.06022943556308746,0.00025,0.20911890268325806,0.0
13386.0,1687.0,34.0,0.056256070733070374,0.00025,0.1859908252954483,0.0
13387.0,1688.0,34.0,0.05318789929151535,0.00025,0.09616719186306,0.0
13388.0,1689.0,34.0,0.043208956718444824,0.00025,0.24543333053588867,0.0
13389.0,1690.0,34.0,0.05609801411628723,0.00025,0.10540889203548431,0.0
13390.0,1691.0,34.0,0.06567716598510742,0.00025,0.16889284551143646,0.0
13391.0,1692.0,34.0,0.06590164452791214,0.00025,0.1630435436964035,0.0
13392.0,1693.0,34.0,0.0696515366435051,0.00025,0.12541843950748444,0.0
13393.0,1694.0,34.0,0.05252883583307266,0.00025,0.20576055347919464,0.0
13394.0,1695.0,34.0,0.06795677542686462,0.00025,0.21840035915374756,0.0
13395.0,1696.0,34.0,0.06068863347172737,0.00025,0.20108330249786377,0.0
13396.0,1697.0,34.0,0.06451418995857239,0.00025,0.19289357960224152,0.0
13397.0,1698.0,34.0,0.06247096508741379,0.00025,0.15123102068901062,0.0
13398.0,1699.0,34.0,0.04566789045929909,0.00025,0.1787421852350235,0.0
13399.0,1700.0,34.0,0.06662498414516449,0.00025,0.19358570873737335,0.0
13400.0,1701.0,34.0,0.04837595671415329,0.00025,0.10142647475004196,0.0
13401.0,1702.0,34.0,0.06120806932449341,0.00025,0.21421991288661957,0.0
13402.0,1703.0,34.0,0.0715346485376358,0.00025,0.09238249063491821,0.0
13403.0,1704.0,34.0,0.06086510419845581,0.00025,0.14183926582336426,0.0
13404.0,1705.0,34.0,0.06545908004045486,0.00025,0.23567458987236023,0.0
13405.0,1706.0,34.0,0.053690508008003235,0.00025,0.0718218982219696,0.0
13406.0,1707.0,34.0,0.059407010674476624,0.00025,0.24985423684120178,0.0
13407.0,1708.0,34.0,0.06364944577217102,0.00025,0.1725931465625763,0.0
13408.0,1709.0,34.0,0.0597783699631691,0.00025,0.22237125039100647,0.0
13409.0,1710.0,34.0,0.06263589859008789,0.00025,0.14422588050365448,0.0
13410.0,1711.0,34.0,0.051014937460422516,0.00025,0.06538678705692291,0.0
13411.0,1712.0,34.0,0.06170256808400154,0.00025,0.11692699044942856,0.0
13412.0,1713.0,34.0,0.07208095490932465,0.00025,0.10811354964971542,0.0
13413.0,1714.0,34.0,0.057363301515579224,0.00025,0.09907037019729614,0.0
13414.0,1715.0,34.0,0.062104739248752594,0.00025,0.14335964620113373,0.0
13415.0,1716.0,34.0,0.0701265037059784,0.00025,0.07148747891187668,0.0
13416.0,1717.0,34.0,0.07142490893602371,0.00025,0.1708681434392929,0.0
13417.0,1718.0,34.0,0.06263464689254761,0.00025,0.12308903783559799,0.0
13418.0,1719.0,34.0,0.0604945570230484,0.00025,0.1878383308649063,0.0
13419.0,1720.0,34.0,0.05300833657383919,0.00025,0.11311162263154984,0.0
13420.0,1721.0,34.0,0.05499723181128502,0.00025,0.23261530697345734,0.0
13421.0,1722.0,34.0,0.054165080189704895,0.00025,0.14615613222122192,0.0
13422.0,1723.0,34.0,0.06710660457611084,0.00025,0.17991626262664795,0.0
13423.0,1724.0,34.0,0.06186489760875702,0.00025,0.23173202574253082,0.0
13424.0,1725.0,34.0,0.06652222573757172,0.00025,0.1537971794605255,0.0
13425.0,1726.0,34.0,0.04982566833496094,0.00025,0.1951155811548233,0.0
13426.0,1727.0,34.0,0.06377561390399933,0.00025,0.10252857208251953,0.0
13427.0,1728.0,34.0,0.0690256804227829,0.00025,0.14647720754146576,0.0
13428.0,1729.0,34.0,0.06503432989120483,0.00025,0.11974120140075684,0.0
13429.0,1730.0,34.0,0.057559847831726074,0.00025,0.10903920978307724,0.0
13430.0,1731.0,34.0,0.04682089015841484,0.00025,0.13845108449459076,0.0
13431.0,1732.0,34.0,0.05336949974298477,0.00025,0.18633662164211273,0.0
13432.0,1733.0,34.0,0.05556467920541763,0.00025,0.17996624112129211,0.0
13433.0,1734.0,34.0,0.05486619845032692,0.00025,0.12256982922554016,0.0
13434.0,1735.0,34.0,0.04792417585849762,0.00025,0.16529858112335205,0.0
13435.0,1736.0,34.0,0.07671268284320831,0.00025,0.12085507065057755,0.0
13436.0,1737.0,34.0,0.05833221599459648,0.00025,0.1304350346326828,0.0
13437.0,1738.0,34.0,0.06042511388659477,0.00025,0.07736114412546158,0.0
13438.0,1739.0,34.0,0.0593646764755249,0.00025,0.10151731222867966,0.0
13439.0,1740.0,34.0,0.058261968195438385,0.00025,0.15868203341960907,0.0
13440.0,1741.0,34.0,0.05997103825211525,0.00025,0.04687889292836189,0.0
13441.0,1742.0,34.0,0.05628438666462898,0.00025,0.14821207523345947,0.0
13442.0,1743.0,34.0,0.05575419217348099,0.00025,0.07751105725765228,0.0
13443.0,1744.0,34.0,0.05372237041592598,0.00025,0.0972958579659462,0.0
13444.0,1745.0,34.0,0.058944229036569595,0.00025,0.10376562923192978,0.0
13445.0,1746.0,34.0,0.05160718783736229,0.00025,0.06684701144695282,0.0
13446.0,1747.0,34.0,0.06184951215982437,0.00025,0.10783253610134125,0.0
13447.0,1748.0,34.0,0.05287574976682663,0.00025,0.06271199882030487,0.0
13448.0,1749.0,34.0,0.05386928468942642,0.00025,0.09627715498209,0.0
13449.0,1750.0,34.0,0.05657932162284851,0.00025,0.07389863580465317,0.0
13450.0,1751.0,34.0,0.05278288573026657,0.00025,0.06630019098520279,0.0
13451.0,1752.0,34.0,0.07292677462100983,0.00025,0.13092686235904694,0.0
13452.0,1753.0,34.0,0.05615847557783127,0.00025,0.07703894376754761,0.0
13453.0,1754.0,34.0,0.05774756520986557,0.00025,0.09176477789878845,0.0
13454.0,1755.0,34.0,0.04764381796121597,0.00025,0.06472829729318619,0.0
13455.0,1756.0,34.0,0.06061423569917679,0.00025,0.06293745338916779,0.0
13456.0,1757.0,34.0,0.08878140896558762,0.00025,0.1098238155245781,0.0
13457.0,1758.0,34.0,0.04808850213885307,0.00025,0.08432413637638092,0.0
13458.0,1759.0,34.0,0.04468617960810661,0.00025,0.15572300553321838,0.0
13459.0,1760.0,34.0,0.06919199228286743,0.00025,0.09294603019952774,0.0
13460.0,1761.0,34.0,0.08221681416034698,0.00025,0.14771965146064758,0.0
13461.0,1762.0,34.0,0.05935925617814064,0.00025,0.10041798651218414,0.0
13462.0,1763.0,34.0,0.05176018923521042,0.00025,0.12938474118709564,0.0
13463.0,1764.0,34.0,0.0783199816942215,0.00025,0.07199543714523315,0.0
13464.0,1765.0,34.0,0.06096670776605606,0.00025,0.17747704684734344,0.0
13465.0,1766.0,34.0,0.05118728429079056,0.00025,0.10421700775623322,0.0
13466.0,1767.0,34.0,0.05023287236690521,0.00025,0.084300197660923,0.0
13467.0,1768.0,34.0,0.05648214370012283,0.00025,0.08888611942529678,0.0
13468.0,1769.0,34.0,0.05953925475478172,0.00025,0.13710159063339233,0.0
13469.0,1770.0,34.0,0.045877911150455475,0.00025,0.06575781852006912,0.0
13470.0,1771.0,34.0,0.06252598017454147,0.00025,0.15401870012283325,0.0
13471.0,1772.0,34.0,0.05236870422959328,0.00025,0.08309148252010345,0.0
13472.0,1773.0,34.0,0.05488315597176552,0.00025,0.11482545733451843,0.0
13473.0,1774.0,34.0,0.05893830209970474,0.00025,0.1292562037706375,0.0
13474.0,1775.0,34.0,0.04448883607983589,0.00025,0.07450427114963531,0.0
13475.0,1776.0,34.0,0.06536566466093063,0.00025,0.13087281584739685,0.0
13476.0,1777.0,34.0,0.051840007305145264,0.00025,0.1338787078857422,0.0
13477.0,1778.0,34.0,0.05133391544222832,0.00025,0.10991011559963226,0.0
13478.0,1779.0,34.0,0.05934712290763855,0.00025,0.13556188344955444,0.0
13479.0,1780.0,34.0,0.06571568548679352,0.00025,0.178036168217659,0.0
13480.0,1781.0,34.0,0.04683327674865723,0.00025,0.13561950623989105,0.0
13481.0,1782.0,34.0,0.05998069792985916,0.00025,0.16844205558300018,0.0
13482.0,1783.0,34.0,0.05892760306596756,0.00025,0.19232642650604248,0.0
13483.0,1784.0,34.0,0.051501721143722534,0.00025,0.1985424906015396,0.0
13484.0,1785.0,34.0,0.05424899607896805,0.00025,0.15408632159233093,0.0
13485.0,1786.0,34.0,0.050690844655036926,0.00025,0.17724035680294037,0.0
13486.0,1787.0,34.0,0.07219398766756058,0.00025,0.23634959757328033,0.0
13487.0,1788.0,34.0,0.07525406032800674,0.00025,0.16442722082138062,0.0
13488.0,1789.0,34.0,0.06632918119430542,0.00025,0.17356117069721222,0.0
13489.0,1790.0,34.0,0.048893753439188004,0.00025,0.1466227024793625,0.0
13490.0,1791.0,34.0,0.05427871644496918,0.00025,0.1689339280128479,0.0
13491.0,1792.0,34.0,0.050947584211826324,0.00025,0.08244843035936356,0.0
13492.0,1793.0,34.0,0.05349352955818176,0.00025,0.16640819609165192,0.0
13493.0,1794.0,34.0,0.0535181500017643,0.00025,0.08363450318574905,0.0
13494.0,1795.0,34.0,0.03766798600554466,0.00025,0.2598409950733185,0.0
13495.0,1796.0,34.0,0.05982421711087227,0.00025,0.08999684453010559,0.0
13496.0,1797.0,34.0,0.054345227777957916,0.00025,0.19458742439746857,0.0
13497.0,1798.0,34.0,0.045916639268398285,0.00025,0.05282406136393547,0.0
13498.0,1799.0,34.0,0.04717893898487091,0.00025,0.12739424407482147,0.0
13499.0,1800.0,34.0,0.04825829714536667,0.00025,0.08490879833698273,0.0
13500.0,1801.0,34.0,0.06914025545120239,0.00025,0.10968538373708725,0.0
13501.0,1802.0,34.0,0.060253679752349854,0.00025,0.07401479035615921,0.0
13502.0,1803.0,34.0,0.05196702480316162,0.00025,0.1264718621969223,0.0
13503.0,1804.0,34.0,0.05722292512655258,0.00025,0.08647947013378143,0.0
13504.0,1805.0,34.0,0.05183134227991104,0.00025,0.11630432307720184,0.0
13505.0,1806.0,34.0,0.054304346442222595,0.00025,0.10673632472753525,0.0
13506.0,1807.0,34.0,0.06031055375933647,0.00025,0.10316482931375504,0.0
13507.0,1808.0,34.0,0.05401778593659401,0.00025,0.04730907455086708,0.0
13508.0,1809.0,34.0,0.05530697479844093,0.00025,0.09913952648639679,0.0
13509.0,1810.0,34.0,0.06260295957326889,0.00025,0.08172773569822311,0.0
13510.0,1811.0,34.0,0.05628380551934242,0.00025,0.14252933859825134,0.0
13511.0,1812.0,34.0,0.05589718744158745,0.00025,0.07002829760313034,0.0
13512.0,1813.0,34.0,0.05800151452422142,0.00025,0.10828772932291031,0.0
13513.0,1814.0,34.0,0.062406398355960846,0.00025,0.08015835285186768,0.0
13514.0,1815.0,34.0,0.06123271584510803,0.00025,0.07591024041175842,0.0
13515.0,1816.0,34.0,0.05976278334856033,0.00025,0.08236762136220932,0.0
13516.0,1817.0,34.0,0.06272521615028381,0.00025,0.06144395470619202,0.0
13517.0,1818.0,34.0,0.0806279256939888,0.00025,0.0679023414850235,0.0
13518.0,1819.0,34.0,0.05943610891699791,0.00025,0.04120083898305893,0.0
13519.0,1820.0,34.0,0.04530218988656998,0.00025,0.16540734469890594,0.0
13520.0,1821.0,34.0,0.05798563361167908,0.00025,0.0943414643406868,0.0
13521.0,1822.0,34.0,0.05646226182579994,0.00025,0.16820508241653442,0.0
13522.0,1823.0,34.0,0.05156505107879639,0.00025,0.053173892199993134,0.0
13523.0,1824.0,34.0,0.049273036420345306,0.00025,0.18845459818840027,0.0
13524.0,1825.0,34.0,0.060281503945589066,0.00025,0.07988156378269196,0.0
13525.0,1826.0,34.0,0.048354849219322205,0.00025,0.12484921514987946,0.0
13526.0,1827.0,34.0,0.06951890885829926,0.00025,0.128953218460083,0.0
13527.0,1828.0,34.0,0.061325524002313614,0.00025,0.14502215385437012,0.0
13528.0,1829.0,34.0,0.05763116106390953,0.00025,0.06405805051326752,0.0
13529.0,1830.0,34.0,0.06252908706665039,0.00025,0.15926119685173035,0.0
13530.0,1831.0,34.0,0.05225476995110512,0.00025,0.11491809040307999,0.0
13531.0,1832.0,34.0,0.05845557153224945,0.00025,0.07930383831262589,0.0
13532.0,1833.0,34.0,0.07479511201381683,0.00025,0.10089724510908127,0.0
13533.0,1834.0,34.0,0.0699654370546341,0.00025,0.05454975366592407,0.0
13534.0,1835.0,34.0,0.0665646493434906,0.00025,0.10848477482795715,0.0
13535.0,1836.0,34.0,0.05190563574433327,0.00025,0.05055965855717659,0.0
13536.0,1837.0,34.0,0.05196879804134369,0.00025,0.06379002332687378,0.0
13537.0,1838.0,34.0,0.06233338266611099,0.00025,0.08086991310119629,0.0
13538.0,1839.0,34.0,0.05781583860516548,0.00025,0.105401910841465,0.0
13539.0,1840.0,34.0,0.056360457092523575,0.00025,0.09103893488645554,0.0
13540.0,1841.0,34.0,0.06089078634977341,0.00025,0.12898923456668854,0.0
13541.0,1842.0,34.0,0.0541016161441803,0.00025,0.09498969465494156,0.0
13542.0,1843.0,34.0,0.0526217520236969,0.00025,0.13401255011558533,0.0
13543.0,1844.0,34.0,0.05827736482024193,0.00025,0.151673823595047,0.0
13544.0,1845.0,34.0,0.06178377941250801,0.00025,0.15827205777168274,0.0
13545.0,1846.0,34.0,0.057152893394231796,0.00025,0.16761931777000427,0.0
13546.0,1847.0,34.0,0.06390294432640076,0.00025,0.13704435527324677,0.0
13547.0,1848.0,34.0,0.06810908764600754,0.00025,0.148130863904953,0.0
13548.0,1849.0,34.0,0.05112691968679428,0.00025,0.09354392439126968,0.0
13549.0,1850.0,34.0,0.07128914445638657,0.00025,0.1047922819852829,0.0
13550.0,1851.0,34.0,0.06457878649234772,0.00025,0.08837199956178665,0.0
13551.0,1852.0,34.0,0.055968768894672394,0.00025,0.10029716044664383,0.0
13552.0,1853.0,34.0,0.04631301760673523,0.00025,0.11228760331869125,0.0
13553.0,1854.0,34.0,0.07665299624204636,0.00025,0.06740465015172958,0.0
13554.0,1855.0,34.0,0.05500468611717224,0.00025,0.0629071295261383,0.0
13555.0,1856.0,34.0,0.05630806088447571,0.00025,0.1155814453959465,0.0
13556.0,1857.0,34.0,0.05298640578985214,0.00025,0.10587643831968307,0.0
13557.0,1858.0,34.0,0.052553802728652954,0.00025,0.0980723649263382,0.0
13558.0,1859.0,34.0,0.06165614724159241,0.00025,0.13410434126853943,0.0
13559.0,1860.0,34.0,0.059603251516819,0.00025,0.16881553828716278,0.0
13560.0,1861.0,34.0,0.0531320795416832,0.00025,0.07844910770654678,0.0
13561.0,1862.0,34.0,0.06133954972028732,0.00025,0.08565133064985275,0.0
13562.0,1863.0,34.0,0.0492045059800148,0.00025,0.09758850187063217,0.0
13563.0,1864.0,34.0,0.04635234922170639,0.00025,0.10711604356765747,0.0
13564.0,1865.0,34.0,0.05318969860672951,0.00025,0.0635693222284317,0.0
13565.0,1866.0,34.0,0.06621073931455612,0.00025,0.13451077044010162,0.0
13566.0,1867.0,34.0,0.06227661669254303,0.00025,0.06631004065275192,0.0
13567.0,1868.0,34.0,0.06064244359731674,0.00025,0.13754814863204956,0.0
13568.0,1869.0,34.0,0.05374804511666298,0.00025,0.09016905725002289,0.0
13569.0,1870.0,34.0,0.06354991346597672,0.00025,0.17804740369319916,0.0
13570.0,1871.0,34.0,0.050839319825172424,0.00025,0.1426137387752533,0.0
13571.0,1872.0,34.0,0.04091033339500427,0.00025,0.1916157603263855,0.0
13572.0,1873.0,34.0,0.06086210161447525,0.00025,0.07820121198892593,0.0
13573.0,1874.0,34.0,0.05304040387272835,0.00025,0.14414943754673004,0.0
13574.0,1875.0,34.0,0.05584491789340973,0.00025,0.09312193840742111,0.0
13575.0,1876.0,34.0,0.05592087656259537,0.00025,0.12146653980016708,0.0
13576.0,1877.0,34.0,0.06677621603012085,0.00025,0.10618406534194946,0.0
13577.0,1878.0,34.0,0.047416649758815765,0.00025,0.13553208112716675,0.0
13578.0,1879.0,34.0,0.06088463217020035,0.00025,0.12785574793815613,0.0
13579.0,1880.0,34.0,0.05994797497987747,0.00025,0.09482758492231369,0.0
13580.0,1881.0,34.0,0.05459675192832947,0.00025,0.14819370210170746,0.0
13581.0,1882.0,34.0,0.05639531463384628,0.00025,0.0833117887377739,0.0
13582.0,1883.0,34.0,0.06023778021335602,0.00025,0.14230021834373474,0.0
13583.0,1884.0,34.0,0.058668103069067,0.00025,0.08066000789403915,0.0
13584.0,1885.0,34.0,0.05754748731851578,0.00025,0.13537949323654175,0.0
13585.0,1886.0,34.0,0.06125248223543167,0.00025,0.09553607553243637,0.0
13586.0,1887.0,34.0,0.06139564514160156,0.00025,0.09943614155054092,0.0
13587.0,1888.0,34.0,0.058815084397792816,0.00025,0.07750802487134933,0.0
13588.0,1889.0,34.0,0.04871020466089249,0.00025,0.17757266759872437,0.0
13589.0,1890.0,34.0,0.06492900848388672,0.00025,0.07304195314645767,0.0
13590.0,1891.0,34.0,0.06907474994659424,0.00025,0.17444071173667908,0.0
13591.0,1892.0,34.0,0.07085393369197845,0.00025,0.056932687759399414,0.0
13592.0,1893.0,34.0,0.06417632102966309,0.00025,0.1232471764087677,0.0
13593.0,1894.0,34.0,0.06105474755167961,0.00025,0.16996927559375763,0.0
13594.0,1895.0,34.0,0.0630151778459549,0.00025,0.1258774697780609,0.0
13595.0,1896.0,34.0,0.05575427785515785,0.00025,0.1522204875946045,0.0
13596.0,1897.0,34.0,0.05518351495265961,0.00025,0.12569253146648407,0.0
13597.0,1898.0,34.0,0.05735797435045242,0.00025,0.18452869355678558,0.0
13598.0,1899.0,34.0,0.051640644669532776,0.00025,0.05949767306447029,0.0
13599.0,1900.0,34.0,0.05555601790547371,0.00025,0.16200092434883118,0.0
13600.0,1901.0,34.0,0.061288997530937195,0.00025,0.12001049518585205,0.0
13601.0,1902.0,34.0,0.054200805723667145,0.00025,0.0918639600276947,0.0
13602.0,1903.0,34.0,0.06128169596195221,0.00025,0.17714126408100128,0.0
13603.0,1904.0,34.0,0.0605689212679863,0.00025,0.07767537236213684,0.0
13604.0,1905.0,34.0,0.06106805428862572,0.00025,0.15603138506412506,0.0
13605.0,1906.0,34.0,0.05852682143449783,0.00025,0.14460252225399017,0.0
13606.0,1907.0,34.0,0.054855190217494965,0.00025,0.12974438071250916,0.0
13607.0,1908.0,34.0,0.06240313500165939,0.00025,0.1971011906862259,0.0
13608.0,1909.0,34.0,0.05059240013360977,0.00025,0.09999002516269684,0.0
13609.0,1910.0,34.0,0.06413616240024567,0.00025,0.1625143587589264,0.0
13610.0,1911.0,34.0,0.0703183263540268,0.00025,0.11695937812328339,0.0
13611.0,1912.0,34.0,0.053544677793979645,0.00025,0.14421828091144562,0.0
13612.0,1913.0,34.0,0.05880403518676758,0.00025,0.12731100618839264,0.0
13613.0,1914.0,34.0,0.0689917728304863,0.00025,0.15870195627212524,0.0
13614.0,1915.0,34.0,0.04577355831861496,0.00025,0.20327438414096832,0.0
13615.0,1916.0,34.0,0.05499427765607834,0.00025,0.15246552228927612,0.0
13616.0,1917.0,34.0,0.06251145154237747,0.00025,0.18508495390415192,0.0
13617.0,1918.0,34.0,0.07002711296081543,0.00025,0.175066739320755,0.0
13618.0,1919.0,34.0,0.052364930510520935,0.00025,0.15164870023727417,0.0
13619.0,1920.0,34.0,0.0637277364730835,0.00025,0.13121402263641357,0.0
13620.0,1921.0,34.0,0.05335669964551926,0.00025,0.1653655469417572,0.0
13621.0,1922.0,34.0,0.06064009666442871,0.00025,0.05691598355770111,0.0
13622.0,1923.0,34.0,0.04806223511695862,0.00025,0.15659873187541962,0.0
13623.0,1924.0,34.0,0.058582644909620285,0.00025,0.05472254380583763,0.0
13624.0,1925.0,34.0,0.047263819724321365,0.00025,0.20280307531356812,0.0
13625.0,1926.0,34.0,0.046264033764600754,0.00025,0.0793268159031868,0.0
13626.0,1927.0,34.0,0.042585428804159164,0.00025,0.10758931189775467,0.0
13627.0,1928.0,34.0,0.05614684522151947,0.00025,0.09660494327545166,0.0
13628.0,1929.0,34.0,0.07256289571523666,0.00025,0.09690899401903152,0.0
13629.0,1930.0,34.0,0.05655919015407562,0.00025,0.151361346244812,0.0
13630.0,1931.0,34.0,0.06486786901950836,0.00025,0.12157346308231354,0.0
13631.0,1932.0,34.0,0.05191701650619507,0.00025,0.13921965658664703,0.0
13632.0,1933.0,34.0,0.05920099839568138,0.00025,0.15447649359703064,0.0
13633.0,1934.0,34.0,0.049815140664577484,0.00025,0.16510803997516632,0.0
13634.0,1935.0,34.0,0.05244223400950432,0.00025,0.1467372328042984,0.0
13635.0,1936.0,34.0,0.05908568575978279,0.00025,0.21465715765953064,0.0
13636.0,1937.0,34.0,0.06687019765377045,0.00025,0.0713815838098526,0.0
13637.0,1938.0,34.0,0.05961446091532707,0.00025,0.2249029129743576,0.0
13638.0,1939.0,34.0,0.05567287281155586,0.00025,0.1472419947385788,0.0
13639.0,1940.0,34.0,0.05864904075860977,0.00025,0.16781467199325562,0.0
13640.0,1941.0,34.0,0.061968594789505005,0.00025,0.23171110451221466,0.0
13641.0,1942.0,34.0,0.0572320818901062,0.00025,0.14007192850112915,0.0
13642.0,1943.0,34.0,0.07790913432836533,0.00025,0.19699615240097046,0.0
13643.0,1944.0,34.0,0.06876341998577118,0.00025,0.14665953814983368,0.0
13644.0,1945.0,34.0,0.05324707180261612,0.00025,0.15135937929153442,0.0
13645.0,1946.0,34.0,0.052917350083589554,0.00025,0.19519275426864624,0.0
13646.0,1947.0,34.0,0.07654092460870743,0.00025,0.08431795239448547,0.0
13647.0,1948.0,34.0,0.05016157403588295,0.00025,0.1310333013534546,0.0
13648.0,1949.0,34.0,0.05364007130265236,0.00025,0.07228993624448776,0.0
13649.0,1950.0,34.0,0.07563187181949615,0.00025,0.1327676624059677,0.0
13650.0,1951.0,35.0,0.05024181306362152,0.00025,0.08109613507986069,0.0
13651.0,1952.0,35.0,0.04695829004049301,0.00025,0.14474572241306305,0.0
13652.0,1953.0,35.0,0.050945185124874115,0.00025,0.10614898800849915,0.0
13653.0,1954.0,35.0,0.055756326764822006,0.00025,0.14176782965660095,0.0
13654.0,1955.0,35.0,0.05532429739832878,0.00025,0.11925757676362991,0.0
13655.0,1956.0,35.0,0.06061023846268654,0.00025,0.08764995634555817,0.0
13656.0,1957.0,35.0,0.062291305512189865,0.00025,0.11650746315717697,0.0
13657.0,1958.0,35.0,0.04292258620262146,0.00025,0.06347621977329254,0.0
13658.0,1959.0,35.0,0.062457188963890076,0.00025,0.1488935649394989,0.0
13659.0,1960.0,35.0,0.06153068318963051,0.00025,0.08548980206251144,0.0
13660.0,1961.0,35.0,0.07125463336706161,0.00025,0.0845722183585167,0.0
13661.0,1962.0,35.0,0.05258435010910034,0.00025,0.0706251785159111,0.0
13662.0,1963.0,35.0,0.048829637467861176,0.00025,0.10979843884706497,0.0
13663.0,1964.0,35.0,0.0505470372736454,0.00025,0.04802843555808067,0.0
13664.0,1965.0,35.0,0.056511394679546356,0.00025,0.06395832449197769,0.0
13665.0,1966.0,35.0,0.06360632181167603,0.00025,0.06760452687740326,0.0
13666.0,1967.0,35.0,0.04861397296190262,0.00025,0.1081898957490921,0.0
13667.0,1968.0,35.0,0.06654481589794159,0.00025,0.1080465316772461,0.0
13668.0,1969.0,35.0,0.04304369539022446,0.00025,0.12021548300981522,0.0
13669.0,1970.0,35.0,0.0648910254240036,0.00025,0.10535894334316254,0.0
13670.0,1971.0,35.0,0.07329554855823517,0.00025,0.10425655543804169,0.0
13671.0,1972.0,35.0,0.04829699546098709,0.00025,0.0669383779168129,0.0
13672.0,1973.0,35.0,0.05191925913095474,0.00025,0.10523821413516998,0.0
13673.0,1974.0,35.0,0.05914653092622757,0.00025,0.05000912770628929,0.0
13674.0,1975.0,35.0,0.06447344273328781,0.00025,0.06670816242694855,0.0
13675.0,1976.0,35.0,0.05376176908612251,0.00025,0.13001534342765808,0.0
13676.0,1977.0,35.0,0.05912105739116669,0.00025,0.11422540992498398,0.0
13677.0,1978.0,35.0,0.06863655149936676,0.00025,0.13067957758903503,0.0
13678.0,1979.0,35.0,0.061647891998291016,0.00025,0.10427764803171158,0.0
13679.0,1980.0,35.0,0.0542004369199276,0.00025,0.14629770815372467,0.0
13680.0,1981.0,35.0,0.05334927886724472,0.00025,0.10422062873840332,0.0
13681.0,1982.0,35.0,0.05128558725118637,0.00025,0.14279568195343018,0.0
13682.0,1983.0,35.0,0.05917688459157944,0.00025,0.09519699215888977,0.0
13683.0,1984.0,35.0,0.05410619080066681,0.00025,0.12512937188148499,0.0
13684.0,1985.0,35.0,0.053814519196748734,0.00025,0.0760759487748146,0.0
13685.0,1986.0,35.0,0.05023302137851715,0.00025,0.12006468325853348,0.0
13686.0,1987.0,35.0,0.06689821183681488,0.00025,0.15171918272972107,0.0
13687.0,1988.0,35.0,0.056120820343494415,0.00025,0.07613595575094223,0.0
13688.0,1989.0,35.0,0.07565653324127197,0.00025,0.20378738641738892,0.0
13689.0,1990.0,35.0,0.0624748170375824,0.00025,0.08124448359012604,0.0
13690.0,1991.0,35.0,0.07058598846197128,0.00025,0.1677282601594925,0.0
13691.0,1992.0,35.0,0.05289028584957123,0.00025,0.13679201900959015,0.0
13692.0,1993.0,35.0,0.06556868553161621,0.00025,0.06422673910856247,0.0
13693.0,1994.0,35.0,0.05163992568850517,0.00025,0.19617198407649994,0.0
13694.0,1995.0,35.0,0.053008973598480225,0.00025,0.07074884325265884,0.0
13695.0,1996.0,35.0,0.05412885546684265,0.00025,0.1819431632757187,0.0
13696.0,1997.0,35.0,0.0640537440776825,0.00025,0.13319380581378937,0.0
13697.0,1998.0,35.0,0.052418455481529236,0.00025,0.07504525035619736,0.0
13698.0,1999.0,35.0,0.05172604322433472,0.00025,0.1309986710548401,0.0
13699.0,2000.0,35.0,0.0556863397359848,0.00025,0.12931764125823975,0.0
13700.0,2001.0,35.0,0.04931315779685974,0.00025,0.10085020214319229,0.0
13701.0,2002.0,35.0,0.06600134074687958,0.00025,0.12587465345859528,0.0
13702.0,2003.0,35.0,0.07084137201309204,0.00025,0.11992042511701584,0.0
13703.0,2004.0,35.0,0.050958577543497086,0.00025,0.17801633477210999,0.0
13704.0,2005.0,35.0,0.05074304714798927,0.00025,0.14714597165584564,0.0
13705.0,2006.0,35.0,0.044508494436740875,0.00025,0.1417350471019745,0.0
13706.0,2007.0,35.0,0.053908053785562515,0.00025,0.09438428282737732,0.0
13707.0,2008.0,35.0,0.050875209271907806,0.00025,0.10903555154800415,0.0
13708.0,2009.0,35.0,0.055763162672519684,0.00025,0.09021932631731033,0.0
13709.0,2010.0,35.0,0.06748707592487335,0.00025,0.08666837215423584,0.0
13710.0,2011.0,35.0,0.05663711577653885,0.00025,0.10251384228467941,0.0
13711.0,2012.0,35.0,0.05690550059080124,0.00025,0.11173968017101288,0.0
13712.0,2013.0,35.0,0.062411341816186905,0.00025,0.046195849776268005,0.0
13713.0,2014.0,35.0,0.06093352288007736,0.00025,0.1395138055086136,0.0
13714.0,2015.0,35.0,0.0641554668545723,0.00025,0.05271843075752258,0.0
13715.0,2016.0,35.0,0.06500473618507385,0.00025,0.0839877501130104,0.0
13716.0,2017.0,35.0,0.05559338629245758,0.00025,0.09269478917121887,0.0
13717.0,2018.0,35.0,0.05484902858734131,0.00025,0.054415252059698105,0.0
13718.0,2019.0,35.0,0.07202096283435822,0.00025,0.1258905529975891,0.0
13719.0,2020.0,35.0,0.054611172527074814,0.00025,0.04753738269209862,0.0
13720.0,2021.0,35.0,0.05754094570875168,0.00025,0.13144755363464355,0.0
13721.0,2022.0,35.0,0.057000987231731415,0.00025,0.048851579427719116,0.0
13722.0,2023.0,35.0,0.046603746712207794,0.00025,0.10588181763887405,0.0
13723.0,2024.0,35.0,0.06935682147741318,0.00025,0.05408401042222977,0.0
13724.0,2025.0,35.0,0.056165099143981934,0.00025,0.09766403585672379,0.0
13725.0,2026.0,35.0,0.06574635207653046,0.00025,0.07305842638015747,0.0
13726.0,2027.0,35.0,0.060711055994033813,0.00025,0.10954620689153671,0.0
13727.0,2028.0,35.0,0.05238461494445801,0.00025,0.09477972239255905,0.0
13728.0,2029.0,35.0,0.06602346897125244,0.00025,0.07151970267295837,0.0
13729.0,2030.0,35.0,0.062767393887043,0.00025,0.09798107296228409,0.0
13730.0,2031.0,35.0,0.055098917335271835,0.00025,0.0648517981171608,0.0
13731.0,2032.0,35.0,0.05326759070158005,0.00025,0.0748053714632988,0.0
13732.0,2033.0,35.0,0.05537091940641403,0.00025,0.13142988085746765,0.0
13733.0,2034.0,35.0,0.054049938917160034,0.00025,0.06875938922166824,0.0
13734.0,2035.0,35.0,0.0526847243309021,0.00025,0.13754650950431824,0.0
13735.0,2036.0,35.0,0.0619698241353035,0.00025,0.07996894419193268,0.0
13736.0,2037.0,35.0,0.06044750288128853,0.00025,0.1001959815621376,0.0
13737.0,2038.0,35.0,0.04944343492388725,0.00025,0.17499497532844543,0.0
13738.0,2039.0,35.0,0.052813977003097534,0.00025,0.06847193837165833,0.0
13739.0,2040.0,35.0,0.047115568071603775,0.00025,0.20841865241527557,0.0
13740.0,2041.0,35.0,0.052195481956005096,0.00025,0.0634518638253212,0.0
13741.0,2042.0,35.0,0.05843020975589752,0.00025,0.22886772453784943,0.0
13742.0,2043.0,35.0,0.05496872588992119,0.00025,0.08739712089300156,0.0
13743.0,2044.0,35.0,0.0565640926361084,0.00025,0.13625462353229523,0.0
13744.0,2045.0,35.0,0.06825168430805206,0.00025,0.1472076177597046,0.0
13745.0,2046.0,35.0,0.05941890552639961,0.00025,0.12965461611747742,0.0
13746.0,2047.0,35.0,0.0529545322060585,0.00025,0.15167061984539032,0.0
13747.0,2048.0,35.0,0.056781668215990067,0.00025,0.15502531826496124,0.0
13748.0,2049.0,35.0,0.05799517408013344,0.00025,0.1686670184135437,0.0
13749.0,2050.0,35.0,0.05322090908885002,0.00025,0.1788814812898636,0.0
13750.0,2051.0,35.0,0.039893001317977905,0.00025,0.21422049403190613,0.0
13751.0,2052.0,35.0,0.05877167358994484,0.00025,0.09324675053358078,0.0
13752.0,2053.0,35.0,0.06931357830762863,0.00025,0.12915098667144775,0.0
13753.0,2054.0,35.0,0.05560329556465149,0.00025,0.0931200161576271,0.0
13754.0,2055.0,35.0,0.05493542551994324,0.00025,0.10914299637079239,0.0
13755.0,2056.0,35.0,0.05214497819542885,0.00025,0.12838762998580933,0.0
13756.0,2057.0,35.0,0.042377106845378876,0.00025,0.07243388146162033,0.0
13757.0,2058.0,35.0,0.0630405992269516,0.00025,0.11445432901382446,0.0
13758.0,2059.0,35.0,0.058333203196525574,0.00025,0.10060025751590729,0.0
13759.0,2060.0,35.0,0.0711858794093132,0.00025,0.1080358698964119,0.0
13760.0,2061.0,35.0,0.05460549518465996,0.00025,0.07761403173208237,0.0
13761.0,2062.0,35.0,0.06140537187457085,0.00025,0.057042449712753296,0.0
13762.0,2063.0,35.0,0.0554153211414814,0.00025,0.06736055016517639,0.0
13763.0,2064.0,35.0,0.0622379295527935,0.00025,0.06192229315638542,0.0
13764.0,2065.0,35.0,0.05923227220773697,0.00025,0.0776539146900177,0.0
13765.0,2066.0,35.0,0.06772026419639587,0.00025,0.07757540792226791,0.0
13766.0,2067.0,35.0,0.05541524663567543,0.00025,0.039029136300086975,0.0
13767.0,2068.0,35.0,0.05694149062037468,0.00025,0.07778950035572052,0.0
13768.0,2069.0,35.0,0.05784869194030762,0.00025,0.09945597499608994,0.0
13769.0,2070.0,35.0,0.0637964978814125,0.00025,0.08381006866693497,0.0
13770.0,2071.0,35.0,0.04698573052883148,0.00025,0.04545179381966591,0.0
13771.0,2072.0,35.0,0.05475141108036041,0.00025,0.04524923488497734,0.0
13772.0,2073.0,35.0,0.06420977413654327,0.00025,0.05937754362821579,0.0
13773.0,2074.0,35.0,0.051475994288921356,0.00025,0.058435264974832535,0.0
13774.0,2075.0,35.0,0.05918418616056442,0.00025,0.056871410459280014,0.0
13775.0,2076.0,35.0,0.04672811180353165,0.00025,0.08290769904851913,0.0
13776.0,2077.0,35.0,0.05639033764600754,0.00025,0.044703733175992966,0.0
13777.0,2078.0,35.0,0.05390515923500061,0.00025,0.13540321588516235,0.0
13778.0,2079.0,35.0,0.05449060723185539,0.00025,0.10526708513498306,0.0
13779.0,2080.0,35.0,0.05995248630642891,0.00025,0.06686127185821533,0.0
13780.0,2081.0,35.0,0.06775331497192383,0.00025,0.09113837033510208,0.0
13781.0,2082.0,35.0,0.04204747825860977,0.00025,0.07471853494644165,0.0
13782.0,2083.0,35.0,0.058585844933986664,0.00025,0.11663059890270233,0.0
13783.0,2084.0,35.0,0.054561518132686615,0.00025,0.07631175220012665,0.0
13784.0,2085.0,35.0,0.055483125150203705,0.00025,0.1353977471590042,0.0
13785.0,2086.0,35.0,0.06253093481063843,0.00025,0.08736931532621384,0.0
13786.0,2087.0,35.0,0.06554444134235382,0.00025,0.1095900610089302,0.0
13787.0,2088.0,35.0,0.07511098682880402,0.00025,0.07678317278623581,0.0
13788.0,2089.0,35.0,0.059236012399196625,0.00025,0.039451975375413895,0.0
13789.0,2090.0,35.0,0.04503841698169708,0.00025,0.11547821015119553,0.0
13790.0,2091.0,35.0,0.056774258613586426,0.00025,0.07345426082611084,0.0
13791.0,2092.0,35.0,0.0700182318687439,0.00025,0.18806622922420502,0.0
13792.0,2093.0,35.0,0.04440916329622269,0.00025,0.0681929960846901,0.0
13793.0,2094.0,35.0,0.050477512180805206,0.00025,0.19272248446941376,0.0
13794.0,2095.0,35.0,0.05771205201745033,0.00025,0.10840277373790741,0.0
13795.0,2096.0,35.0,0.05005878955125809,0.00025,0.16247574985027313,0.0
13796.0,2097.0,35.0,0.056159645318984985,0.00025,0.1575412154197693,0.0
13797.0,2098.0,35.0,0.05894529074430466,0.00025,0.17901597917079926,0.0
13798.0,2099.0,35.0,0.05450567975640297,0.00025,0.16750256717205048,0.0
13799.0,2100.0,35.0,0.051751524209976196,0.00025,0.1610264927148819,0.0
13800.0,2101.0,35.0,0.052587516605854034,0.00025,0.10193373262882233,0.0
13801.0,2102.0,35.0,0.047552790492773056,0.00025,0.15893971920013428,0.0
13802.0,2103.0,35.0,0.04653342813253403,0.00025,0.0593116395175457,0.0
13803.0,2104.0,35.0,0.07903216034173965,0.00025,0.16593363881111145,0.0
13804.0,2105.0,35.0,0.05674932897090912,0.00025,0.05311468616127968,0.0
13805.0,2106.0,35.0,0.05533448979258537,0.00025,0.10153616219758987,0.0
13806.0,2107.0,35.0,0.06250894069671631,0.00025,0.03378143906593323,0.0
13807.0,2108.0,35.0,0.060359690338373184,0.00025,0.18528270721435547,0.0
13808.0,2109.0,35.0,0.04604102671146393,0.00025,0.09471798688173294,0.0
13809.0,2110.0,35.0,0.055411312729120255,0.00025,0.16523200273513794,0.0
13810.0,2111.0,35.0,0.05806881934404373,0.00025,0.07927119731903076,0.0
13811.0,2112.0,35.0,0.05303371697664261,0.00025,0.22793632745742798,0.0
13812.0,2113.0,35.0,0.06623779982328415,0.00025,0.08388437330722809,0.0
13813.0,2114.0,35.0,0.061422012746334076,0.00025,0.13279081881046295,0.0
13814.0,2115.0,35.0,0.05797373875975609,0.00025,0.10783246904611588,0.0
13815.0,2116.0,35.0,0.0702526867389679,0.00025,0.13856595754623413,0.0
13816.0,2117.0,35.0,0.064268559217453,0.00025,0.08958793431520462,0.0
13817.0,2118.0,35.0,0.060361750423908234,0.00025,0.09990540146827698,0.0
13818.0,2119.0,35.0,0.05616200342774391,0.00025,0.11954101175069809,0.0
13819.0,2120.0,35.0,0.04957843944430351,0.00025,0.06580636650323868,0.0
13820.0,2121.0,35.0,0.04480231553316116,0.00025,0.09968781471252441,0.0
13821.0,2122.0,35.0,0.06098681315779686,0.00025,0.13240019977092743,0.0
13822.0,2123.0,35.0,0.051654014736413956,0.00025,0.07857365906238556,0.0
13823.0,2124.0,35.0,0.066673643887043,0.00025,0.11862141638994217,0.0
13824.0,2125.0,35.0,0.049495235085487366,0.00025,0.05933935195207596,0.0
13825.0,2126.0,35.0,0.07275883853435516,0.00025,0.12356927990913391,0.0
13826.0,2127.0,35.0,0.0429595485329628,0.00025,0.0820690244436264,0.0
13827.0,2128.0,35.0,0.05137455463409424,0.00025,0.10791783779859543,0.0
13828.0,2129.0,35.0,0.05566231906414032,0.00025,0.16056306660175323,0.0
13829.0,2130.0,35.0,0.04987068474292755,0.00025,0.11168715357780457,0.0
13830.0,2131.0,35.0,0.054488830268383026,0.00025,0.16364985704421997,0.0
13831.0,2132.0,35.0,0.05944417417049408,0.00025,0.05606961250305176,0.0
13832.0,2133.0,35.0,0.0565694123506546,0.00025,0.19338329136371613,0.0
13833.0,2134.0,35.0,0.048807814717292786,0.00025,0.10857231914997101,0.0
13834.0,2135.0,35.0,0.07092788815498352,0.00025,0.203334778547287,0.0
13835.0,2136.0,35.0,0.049493394792079926,0.00025,0.08469066768884659,0.0
13836.0,2137.0,35.0,0.0570547841489315,0.00025,0.13871203362941742,0.0
13837.0,2138.0,35.0,0.05332043766975403,0.00025,0.1767241358757019,0.0
13838.0,2139.0,35.0,0.06394815444946289,0.00025,0.1169140487909317,0.0
13839.0,2140.0,35.0,0.04871867597103119,0.00025,0.16983385384082794,0.0
13840.0,2141.0,35.0,0.044395945966243744,0.00025,0.06533368676900864,0.0
13841.0,2142.0,35.0,0.05438193306326866,0.00025,0.14800751209259033,0.0
13842.0,2143.0,35.0,0.05670933797955513,0.00025,0.11425933241844177,0.0
13843.0,2144.0,35.0,0.07534623146057129,0.00025,0.10093295574188232,0.0
13844.0,2145.0,35.0,0.053066790103912354,0.00025,0.08713877946138382,0.0
13845.0,2146.0,35.0,0.0707632377743721,0.00025,0.07163134217262268,0.0
13846.0,2147.0,35.0,0.0661609023809433,0.00025,0.0647546797990799,0.0
13847.0,2148.0,35.0,0.0547948032617569,0.00025,0.07691504061222076,0.0
13848.0,2149.0,35.0,0.044792160391807556,0.00025,0.10887341946363449,0.0
13849.0,2150.0,35.0,0.051566172391176224,0.00025,0.08739328384399414,0.0
13850.0,2151.0,35.0,0.05291350185871124,0.00025,0.07506412267684937,0.0
13851.0,2152.0,35.0,0.04030095040798187,0.00025,0.04750164598226547,0.0
13852.0,2153.0,35.0,0.06038063019514084,0.00025,0.0767596960067749,0.0
13853.0,2154.0,35.0,0.053125135600566864,0.00025,0.09290379285812378,0.0
13854.0,2155.0,35.0,0.050888530910015106,0.00025,0.07397019863128662,0.0
13855.0,2156.0,35.0,0.0465359091758728,0.00025,0.04199506342411041,0.0
13856.0,2157.0,35.0,0.04370483383536339,0.00025,0.15069866180419922,0.0
13857.0,2158.0,35.0,0.04869222268462181,0.00025,0.07380133122205734,0.0
13858.0,2159.0,35.0,0.04626143351197243,0.00025,0.18293531239032745,0.0
13859.0,2160.0,35.0,0.04091770574450493,0.00025,0.08799917250871658,0.0
13860.0,2161.0,35.0,0.041229330003261566,0.00025,0.15344057977199554,0.0
13861.0,2162.0,35.0,0.047181982547044754,0.00025,0.10469856858253479,0.0
13862.0,2163.0,35.0,0.05697737634181976,0.00025,0.12052837014198303,0.0
13863.0,2164.0,35.0,0.051110170781612396,0.00025,0.10951711237430573,0.0
13864.0,2165.0,35.0,0.0604027658700943,0.00025,0.0811382606625557,0.0
13865.0,2166.0,35.0,0.0584598034620285,0.00025,0.1192171573638916,0.0
13866.0,2167.0,35.0,0.06352177262306213,0.00025,0.03208169713616371,0.0
13867.0,2168.0,35.0,0.052215397357940674,0.00025,0.11743540316820145,0.0
13868.0,2169.0,35.0,0.057810597121715546,0.00025,0.067295603454113,0.0
13869.0,2170.0,35.0,0.06091184914112091,0.00025,0.07998213917016983,0.0
13870.0,2171.0,35.0,0.06158025935292244,0.00025,0.11626206338405609,0.0
13871.0,2172.0,35.0,0.04960247874259949,0.00025,0.061193063855171204,0.0
13872.0,2173.0,35.0,0.049426741898059845,0.00025,0.0799136534333229,0.0
13873.0,2174.0,35.0,0.05924871563911438,0.00025,0.07884248346090317,0.0
13874.0,2175.0,35.0,0.060670215636491776,0.00025,0.07231074571609497,0.0
13875.0,2176.0,35.0,0.06202167272567749,0.00025,0.04994194209575653,0.0
13876.0,2177.0,35.0,0.0551181361079216,0.00025,0.08577878028154373,0.0
13877.0,2178.0,35.0,0.058536604046821594,0.00025,0.07096012681722641,0.0
13878.0,2179.0,35.0,0.05204721540212631,0.00025,0.062383413314819336,0.0
13879.0,2180.0,35.0,0.06327565759420395,0.00025,0.04709671437740326,0.0
13880.0,2181.0,35.0,0.05329916998744011,0.00025,0.08036200702190399,0.0
13881.0,2182.0,35.0,0.050415027886629105,0.00025,0.09510984271764755,0.0
13882.0,2183.0,35.0,0.05692499130964279,0.00025,0.10675206035375595,0.0
13883.0,2184.0,35.0,0.05239206552505493,0.00025,0.0751262754201889,0.0
13884.0,2185.0,35.0,0.06348177790641785,0.00025,0.07518728077411652,0.0
13885.0,2186.0,35.0,0.06518525630235672,0.00025,0.09251125901937485,0.0
13886.0,2187.0,35.0,0.058775391429662704,0.00025,0.06990005820989609,0.0
13887.0,2188.0,35.0,0.05445475876331329,0.00025,0.12051297724246979,0.0
13888.0,2189.0,35.0,0.06177619844675064,0.00025,0.04147001728415489,0.0
13889.0,2190.0,35.0,0.04948585480451584,0.00025,0.10322297364473343,0.0
13890.0,2191.0,35.0,0.05223808437585831,0.00025,0.07150521874427795,0.0
13891.0,2192.0,35.0,0.04813110828399658,0.00025,0.13319478929042816,0.0
13892.0,2193.0,35.0,0.06520503759384155,0.00025,0.11298675090074539,0.0
13893.0,2194.0,35.0,0.04921043664216995,0.00025,0.11459757387638092,0.0
13894.0,2195.0,35.0,0.049893684685230255,0.00025,0.12457290291786194,0.0
13895.0,2196.0,35.0,0.058655500411987305,0.00025,0.11988603323698044,0.0
13896.0,2197.0,35.0,0.06342638283967972,0.00025,0.14339764416217804,0.0
13897.0,2198.0,35.0,0.05422583967447281,0.00025,0.10181357711553574,0.0
13898.0,2199.0,35.0,0.04725730046629906,0.00025,0.1755579560995102,0.0
13899.0,2200.0,35.0,0.05615690350532532,0.00025,0.09980978071689606,0.0
13900.0,2201.0,35.0,0.043397046625614166,0.00025,0.14874546229839325,0.0
13901.0,2202.0,35.0,0.05261807516217232,0.00025,0.060376934707164764,0.0
13902.0,2203.0,35.0,0.06049371883273125,0.00025,0.0471171960234642,0.0
13903.0,2204.0,35.0,0.046488501131534576,0.00025,0.03432770445942879,0.0
13904.0,2205.0,35.0,0.05788547918200493,0.00025,0.05686482787132263,0.0
13905.0,2206.0,35.0,0.04981505125761032,0.00025,0.08531344681978226,0.0
13906.0,2207.0,35.0,0.059288255870342255,0.00025,0.04023732617497444,0.0
13907.0,2208.0,35.0,0.06215863302350044,0.00025,0.08620798587799072,0.0
13908.0,2209.0,35.0,0.053240448236465454,0.00025,0.09239061921834946,0.0
13909.0,2210.0,35.0,0.0534755177795887,0.00025,0.035992953926324844,0.0
13910.0,2211.0,35.0,0.06241598725318909,0.00025,0.055630505084991455,0.0
13911.0,2212.0,35.0,0.049826979637145996,0.00025,0.049605004489421844,0.0
13912.0,2213.0,35.0,0.0523601770401001,0.00025,0.05538949742913246,0.0
13913.0,2214.0,35.0,0.05643678084015846,0.00025,0.09571916610002518,0.0
13914.0,2215.0,35.0,0.0615290030837059,0.00025,0.06445286422967911,0.0
13915.0,2216.0,35.0,0.06719594448804855,0.00025,0.10066084563732147,0.0
13916.0,2217.0,35.0,0.048593319952487946,0.00025,0.09293293207883835,0.0
13917.0,2218.0,35.0,0.054832495748996735,0.00025,0.06995951384305954,0.0
13918.0,2219.0,35.0,0.05281250923871994,0.00025,0.14737224578857422,0.0
13919.0,2220.0,35.0,0.052679747343063354,0.00025,0.160024955868721,0.0
13920.0,2221.0,35.0,0.06294343620538712,0.00025,0.1791353076696396,0.0
13921.0,2222.0,35.0,0.04899558424949646,0.00025,0.1241399273276329,0.0
13922.0,2223.0,35.0,0.06202990561723709,0.00025,0.1294146478176117,0.0
13923.0,2224.0,35.0,0.0787317305803299,0.00025,0.1349627673625946,0.0
13924.0,2225.0,35.0,0.05720134079456329,0.00025,0.13955526053905487,0.0
13925.0,2226.0,35.0,0.06359350681304932,0.00025,0.17018194496631622,0.0
13926.0,2227.0,35.0,0.05656315013766289,0.00025,0.07445263117551804,0.0
13927.0,2228.0,35.0,0.058947402983903885,0.00025,0.08802193403244019,0.0
13928.0,2229.0,35.0,0.0640239268541336,0.00025,0.1635730117559433,0.0
13929.0,2230.0,35.0,0.04395904392004013,0.00025,0.0949663519859314,0.0
13930.0,2231.0,35.0,0.057207994163036346,0.00025,0.13754799962043762,0.0
13931.0,2232.0,35.0,0.0715407282114029,0.00025,0.11036103218793869,0.0
13932.0,2233.0,35.0,0.05114128068089485,0.00025,0.13203030824661255,0.0
13933.0,2234.0,35.0,0.05263782665133476,0.00025,0.07464392483234406,0.0
13934.0,2235.0,35.0,0.05604029819369316,0.00025,0.07977166771888733,0.0
13935.0,2236.0,35.0,0.05520173907279968,0.00025,0.1373642235994339,0.0
13936.0,2237.0,35.0,0.0679415911436081,0.00025,0.0710543617606163,0.0
13937.0,2238.0,35.0,0.056629981845617294,0.00025,0.06314325332641602,0.0
13938.0,2239.0,35.0,0.052027300000190735,0.00025,0.09768783301115036,0.0
13939.0,2240.0,35.0,0.049860939383506775,0.00025,0.05750572308897972,0.0
13940.0,2241.0,35.0,0.05098126828670502,0.00025,0.07446572184562683,0.0
13941.0,2242.0,35.0,0.0649159699678421,0.00025,0.12354901432991028,0.0
13942.0,2243.0,35.0,0.0579797625541687,0.00025,0.07138098031282425,0.0
13943.0,2244.0,35.0,0.04725557565689087,0.00025,0.1366397589445114,0.0
13944.0,2245.0,35.0,0.051074713468551636,0.00025,0.13825826346874237,0.0
13945.0,2246.0,35.0,0.05721539631485939,0.00025,0.11332648992538452,0.0
13946.0,2247.0,35.0,0.04774073138833046,0.00025,0.1302003413438797,0.0
13947.0,2248.0,35.0,0.056169044226408005,0.00025,0.15932637453079224,0.0
13948.0,2249.0,35.0,0.053123705089092255,0.00025,0.16004909574985504,0.0
13949.0,2250.0,35.0,0.05979664623737335,0.00025,0.14551249146461487,0.0
13950.0,2251.0,35.0,0.05042913928627968,0.00025,0.141689270734787,0.0
13951.0,2252.0,35.0,0.0543510802090168,0.00025,0.12146881967782974,0.0
13952.0,2253.0,35.0,0.0582328662276268,0.00025,0.19206348061561584,0.0
13953.0,2254.0,35.0,0.06550917029380798,0.00025,0.24896085262298584,0.0
13954.0,2255.0,35.0,0.055885642766952515,0.00025,0.15385524928569794,0.0
13955.0,2256.0,35.0,0.04924505203962326,0.00025,0.17053461074829102,0.0
13956.0,2257.0,35.0,0.051812104880809784,0.00025,0.1994335651397705,0.0
13957.0,2258.0,35.0,0.06523853540420532,0.00025,0.16926467418670654,0.0
13958.0,2259.0,35.0,0.05126138776540756,0.00025,0.19872386753559113,0.0
13959.0,2260.0,35.0,0.058427147567272186,0.00025,0.08729814738035202,0.0
13960.0,2261.0,35.0,0.058518730103969574,0.00025,0.19545581936836243,0.0
13961.0,2262.0,35.0,0.05811549350619316,0.00025,0.11052510142326355,0.0
13962.0,2263.0,35.0,0.055182214826345444,0.00025,0.14216363430023193,0.0
13963.0,2264.0,35.0,0.05457967519760132,0.00025,0.1502825915813446,0.0
13964.0,2265.0,35.0,0.04407532513141632,0.00025,0.1209237203001976,0.0
13965.0,2266.0,35.0,0.054062873125076294,0.00025,0.1592871993780136,0.0
13966.0,2267.0,35.0,0.0587213933467865,0.00025,0.08754805475473404,0.0
13967.0,2268.0,35.0,0.050790004432201385,0.00025,0.15501059591770172,0.0
13968.0,2269.0,35.0,0.05113392323255539,0.00025,0.12088601291179657,0.0
13969.0,2270.0,35.0,0.0633731335401535,0.00025,0.10045520216226578,0.0
13970.0,2271.0,35.0,0.05154301971197128,0.00025,0.17678827047348022,0.0
13971.0,2272.0,35.0,0.07305270433425903,0.00025,0.04565364494919777,0.0
13972.0,2273.0,35.0,0.05644288659095764,0.00025,0.14857439696788788,0.0
13973.0,2274.0,35.0,0.056521348655223846,0.00025,0.08632225543260574,0.0
13974.0,2275.0,35.0,0.07259893417358398,0.00025,0.10141319036483765,0.0
13975.0,2276.0,35.0,0.05927499383687973,0.00025,0.08652470260858536,0.0
13976.0,2277.0,35.0,0.043936412781476974,0.00025,0.12599320709705353,0.0
13977.0,2278.0,35.0,0.0493854321539402,0.00025,0.03875215724110603,0.0
13978.0,2279.0,35.0,0.06873418390750885,0.00025,0.08955943584442139,0.0
13979.0,2280.0,35.0,0.054887883365154266,0.00025,0.06342294812202454,0.0
13980.0,2281.0,35.0,0.0431264191865921,0.00025,0.08412154763936996,0.0
13981.0,2282.0,35.0,0.04433564469218254,0.00025,0.13374550640583038,0.0
13982.0,2283.0,35.0,0.07002143561840057,0.00025,0.10987496376037598,0.0
13983.0,2284.0,35.0,0.055728551000356674,0.00025,0.10990535467863083,0.0
13984.0,2285.0,35.0,0.06162372976541519,0.00025,0.1323598325252533,0.0
13985.0,2286.0,35.0,0.06380278617143631,0.00025,0.09533895552158356,0.0
13986.0,2287.0,35.0,0.060193974524736404,0.00025,0.09352826327085495,0.0
13987.0,2288.0,35.0,0.05926509201526642,0.00025,0.13314859569072723,0.0
13988.0,2289.0,35.0,0.062407225370407104,0.00025,0.1061898022890091,0.0
13989.0,2290.0,35.0,0.06316181272268295,0.00025,0.18473847210407257,0.0
13990.0,2291.0,35.0,0.05859242007136345,0.00025,0.06987402588129044,0.0
13991.0,2292.0,35.0,0.054222606122493744,0.00025,0.08949030935764313,0.0
13992.0,2293.0,35.0,0.04799812287092209,0.00025,0.13044634461402893,0.0
13993.0,2294.0,35.0,0.047208331525325775,0.00025,0.10736078023910522,0.0
13994.0,2295.0,35.0,0.0642082691192627,0.00025,0.09796255081892014,0.0
13995.0,2296.0,35.0,0.056582946330308914,0.00025,0.09333862364292145,0.0
13996.0,2297.0,35.0,0.05458761006593704,0.00025,0.10463039577007294,0.0
13997.0,2298.0,35.0,0.04644523188471794,0.00025,0.06650523841381073,0.0
13998.0,2299.0,35.0,0.05377931892871857,0.00025,0.13236777484416962,0.0
13999.0,2300.0,35.0,0.0524800568819046,0.00025,0.06356960535049438,0.0
14000.0,2301.0,35.0,0.05104710906744003,0.00025,0.1442897468805313,0.0
14001.0,2302.0,35.0,0.05864156782627106,0.00025,0.12362729758024216,0.0
14002.0,2303.0,35.0,0.04931619390845299,0.00025,0.09958017617464066,0.0
14003.0,2304.0,35.0,0.05602067708969116,0.00025,0.1481577754020691,0.0
14004.0,2305.0,35.0,0.0500817596912384,0.00025,0.1117512583732605,0.0
14005.0,2306.0,35.0,0.04215950518846512,0.00025,0.13371983170509338,0.0
14006.0,2307.0,35.0,0.0635041743516922,0.00025,0.11195182055234909,0.0
14007.0,2308.0,35.0,0.04941794276237488,0.00025,0.11056941002607346,0.0
14008.0,2309.0,35.0,0.057362884283065796,0.00025,0.12193898111581802,0.0
14009.0,2310.0,35.0,0.06463110446929932,0.00025,0.05465887859463692,0.0
14010.0,2311.0,35.0,0.06891274452209473,0.00025,0.10295116901397705,0.0
14011.0,2312.0,35.0,0.06567542254924774,0.00025,0.08312450349330902,0.0
14012.0,2313.0,35.0,0.052354846149683,0.00025,0.08111335337162018,0.0
14013.0,2314.0,35.0,0.050773702561855316,0.00025,0.0867055207490921,0.0
14014.0,2315.0,35.0,0.05665237084031105,0.00025,0.05548699200153351,0.0
14015.0,2316.0,35.0,0.04665625840425491,0.00025,0.06739728897809982,0.0
14016.0,2317.0,35.0,0.047763075679540634,0.00025,0.10157225281000137,0.0
14017.0,2318.0,35.0,0.05406299978494644,0.00025,0.11342287808656693,0.0
14018.0,2319.0,35.0,0.06075055152177811,0.00025,0.06843090057373047,0.0
14019.0,2320.0,35.0,0.052159976214170456,0.00025,0.1614314764738083,0.0
14020.0,2321.0,35.0,0.06820905953645706,0.00025,0.116788849234581,0.0
14021.0,2322.0,35.0,0.04418986290693283,0.00025,0.13027645647525787,0.0
14022.0,2323.0,35.0,0.058814018964767456,0.00025,0.03865473344922066,0.0
14023.0,2324.0,35.0,0.054861824959516525,0.00025,0.14838819205760956,0.0
14024.0,2325.0,35.0,0.0555201880633831,0.00025,0.12661583721637726,0.0
14025.0,2326.0,35.0,0.043934233486652374,0.00025,0.11852071434259415,0.0
14026.0,2327.0,35.0,0.05953458324074745,0.00025,0.11703694611787796,0.0
14027.0,2328.0,35.0,0.05190113186836243,0.00025,0.1225992888212204,0.0
14028.0,2329.0,35.0,0.06424421072006226,0.00025,0.17346572875976562,0.0
14029.0,2330.0,35.0,0.053078263998031616,0.00025,0.12624406814575195,0.0
14030.0,2331.0,35.0,0.05950301140546799,0.00025,0.07678103446960449,0.0
14031.0,2332.0,35.0,0.051215123385190964,0.00025,0.16543123126029968,0.0
14032.0,2333.0,35.0,0.05626286193728447,0.00025,0.07157337665557861,0.0
14033.0,2334.0,35.0,0.056790150701999664,0.00025,0.12251382321119308,0.0
14034.0,2335.0,35.0,0.060218628495931625,0.00025,0.07302152365446091,0.0
14035.0,2336.0,35.0,0.046739377081394196,0.00025,0.09852509200572968,0.0
14036.0,2337.0,35.0,0.06080813705921173,0.00025,0.12428289651870728,0.0
14037.0,2338.0,35.0,0.052621204406023026,0.00025,0.10124523937702179,0.0
14038.0,2339.0,35.0,0.06387390941381454,0.00025,0.11697975546121597,0.0
14039.0,2340.0,35.0,0.054648302495479584,0.00025,0.13197611272335052,0.0
14040.0,2341.0,36.0,0.049981482326984406,0.00025,0.16444863379001617,0.0
14041.0,2342.0,36.0,0.053152695298194885,0.00025,0.13739746809005737,0.0
14042.0,2343.0,36.0,0.05316609516739845,0.00025,0.20135818421840668,0.0
14043.0,2344.0,36.0,0.0541512705385685,0.00025,0.16883572936058044,0.0
14044.0,2345.0,36.0,0.061991624534130096,0.00025,0.18278886377811432,0.0
14045.0,2346.0,36.0,0.043677542358636856,0.00025,0.09894511103630066,0.0
14046.0,2347.0,36.0,0.05713476240634918,0.00025,0.16249018907546997,0.0
14047.0,2348.0,36.0,0.05696387588977814,0.00025,0.12151023745536804,0.0
14048.0,2349.0,36.0,0.05109085142612457,0.00025,0.11800327152013779,0.0
14049.0,2350.0,36.0,0.06248881667852402,0.00025,0.1609273999929428,0.0
14050.0,2351.0,36.0,0.055603206157684326,0.00025,0.10121840983629227,0.0
14051.0,2352.0,36.0,0.05348872393369675,0.00025,0.15191474556922913,0.0
14052.0,2353.0,36.0,0.06055814400315285,0.00025,0.05602467432618141,0.0
14053.0,2354.0,36.0,0.0661604031920433,0.00025,0.13389916718006134,0.0
14054.0,2355.0,36.0,0.049953922629356384,0.00025,0.07610887289047241,0.0
14055.0,2356.0,36.0,0.051134008914232254,0.00025,0.10286005586385727,0.0
14056.0,2357.0,36.0,0.06969514489173889,0.00025,0.10697461664676666,0.0
14057.0,2358.0,36.0,0.07597742229700089,0.00025,0.14140962064266205,0.0
14058.0,2359.0,36.0,0.06061144173145294,0.00025,0.061622608453035355,0.0
14059.0,2360.0,36.0,0.054955728352069855,0.00025,0.12057577818632126,0.0
14060.0,2361.0,36.0,0.06100399047136307,0.00025,0.08336372673511505,0.0
14061.0,2362.0,36.0,0.06412941217422485,0.00025,0.07317972183227539,0.0
14062.0,2363.0,36.0,0.04888474568724632,0.00025,0.16216488182544708,0.0
14063.0,2364.0,36.0,0.06896480917930603,0.00025,0.08514788746833801,0.0
14064.0,2365.0,36.0,0.044863469898700714,0.00025,0.19474579393863678,0.0
14065.0,2366.0,36.0,0.05654629319906235,0.00025,0.08385208249092102,0.0
14066.0,2367.0,36.0,0.06265902519226074,0.00025,0.1242070198059082,0.0
14067.0,2368.0,36.0,0.047985829412937164,0.00025,0.0917465016245842,0.0
14068.0,2369.0,36.0,0.05374284088611603,0.00025,0.11121691763401031,0.0
14069.0,2370.0,36.0,0.06031283736228943,0.00025,0.15507788956165314,0.0
14070.0,2371.0,36.0,0.04696840047836304,0.00025,0.13409021496772766,0.0
14071.0,2372.0,36.0,0.04619773477315903,0.00025,0.18326444923877716,0.0
14072.0,2373.0,36.0,0.06445372849702835,0.00025,0.10930626094341278,0.0
14073.0,2374.0,36.0,0.06331383436918259,0.00025,0.13853393495082855,0.0
14074.0,2375.0,36.0,0.04368427395820618,0.00025,0.1815597116947174,0.0
14075.0,2376.0,36.0,0.06785540282726288,0.00025,0.08379477262496948,0.0
14076.0,2377.0,36.0,0.06523792445659637,0.00025,0.1436004936695099,0.0
14077.0,2378.0,36.0,0.058184664696455,0.00025,0.056759338825941086,0.0
14078.0,2379.0,36.0,0.053745515644550323,0.00025,0.14727020263671875,0.0
14079.0,2380.0,36.0,0.06645070016384125,0.00025,0.1279875934123993,0.0
14080.0,2381.0,36.0,0.05819084867835045,0.00025,0.11605742573738098,0.0
14081.0,2382.0,36.0,0.06607051938772202,0.00025,0.1470765471458435,0.0
14082.0,2383.0,36.0,0.05514509230852127,0.00025,0.10732991248369217,0.0
14083.0,2384.0,36.0,0.06274458765983582,0.00025,0.15181303024291992,0.0
14084.0,2385.0,36.0,0.04976070299744606,0.00025,0.14919966459274292,0.0
14085.0,2386.0,36.0,0.058037564158439636,0.00025,0.09405891597270966,0.0
14086.0,2387.0,36.0,0.06856533885002136,0.00025,0.10079839825630188,0.0
14087.0,2388.0,36.0,0.06512734293937683,0.00025,0.15502096712589264,0.0
14088.0,2389.0,36.0,0.06377080827951431,0.00025,0.15173664689064026,0.0
14088.0,2390.0,36.0,0.05318912863731384,0.00025,inf,1.0
14089.0,2391.0,36.0,0.055719032883644104,0.00025,0.10054437816143036,0.0
14090.0,2392.0,36.0,0.06391900032758713,0.00025,0.18337388336658478,0.0
14091.0,2393.0,36.0,0.05907510966062546,0.00025,0.0656743124127388,0.0
14092.0,2394.0,36.0,0.049770042300224304,0.00025,0.16378997266292572,0.0
14093.0,2395.0,36.0,0.05309174209833145,0.00025,0.11196685582399368,0.0
14094.0,2396.0,36.0,0.05719277635216713,0.00025,0.14869102835655212,0.0
14095.0,2397.0,36.0,0.05672198534011841,0.00025,0.11077313125133514,0.0
14096.0,2398.0,36.0,0.050804462283849716,0.00025,0.08624313771724701,0.0
14097.0,2399.0,36.0,0.0582100972533226,0.00025,0.12857404351234436,0.0
14098.0,2400.0,36.0,0.0575055330991745,0.00025,0.04775822162628174,0.0
14099.0,2401.0,36.0,0.05128725618124008,0.00025,0.13743476569652557,0.0
14100.0,2402.0,36.0,0.05957688018679619,0.00025,0.09552344679832458,0.0
14101.0,2403.0,36.0,0.05282333120703697,0.00025,0.0888766273856163,0.0
14102.0,2404.0,36.0,0.05059880390763283,0.00025,0.14317813515663147,0.0
14103.0,2405.0,36.0,0.05885691940784454,0.00025,0.04124750941991806,0.0
14104.0,2406.0,36.0,0.0500824861228466,0.00025,0.10813098400831223,0.0
14105.0,2407.0,36.0,0.062206752598285675,0.00025,0.06532488018274307,0.0
14106.0,2408.0,36.0,0.05569690465927124,0.00025,0.13405555486679077,0.0
14107.0,2409.0,36.0,0.06220873445272446,0.00025,0.13209094107151031,0.0
14108.0,2410.0,36.0,0.046487387269735336,0.00025,0.09160161763429642,0.0
14109.0,2411.0,36.0,0.05146026238799095,0.00025,0.11429797857999802,0.0
14110.0,2412.0,36.0,0.05897217616438866,0.00025,0.11390776187181473,0.0
14111.0,2413.0,36.0,0.0615687221288681,0.00025,0.14015953242778778,0.0
14112.0,2414.0,36.0,0.061285246163606644,0.00025,0.1463446468114853,0.0
14113.0,2415.0,36.0,0.0532841682434082,0.00025,0.05929798632860184,0.0
14114.0,2416.0,36.0,0.0667496994137764,0.00025,0.156997412443161,0.0
14115.0,2417.0,36.0,0.04843273386359215,0.00025,0.04079059138894081,0.0
14116.0,2418.0,36.0,0.05210479348897934,0.00025,0.10011507570743561,0.0
14117.0,2419.0,36.0,0.05363158881664276,0.00025,0.1124192625284195,0.0
14118.0,2420.0,36.0,0.05122910439968109,0.00025,0.05576663836836815,0.0
14119.0,2421.0,36.0,0.05780378729104996,0.00025,0.14278198778629303,0.0
14120.0,2422.0,36.0,0.057227376848459244,0.00025,0.09073782712221146,0.0
14121.0,2423.0,36.0,0.051049649715423584,0.00025,0.14164794981479645,0.0
14122.0,2424.0,36.0,0.0563896968960762,0.00025,0.2058529555797577,0.0
14123.0,2425.0,36.0,0.0625213086605072,0.00025,0.11979816854000092,0.0
14124.0,2426.0,36.0,0.048862721771001816,0.00025,0.179769828915596,0.0
14125.0,2427.0,36.0,0.06309551000595093,0.00025,0.0857040286064148,0.0
14126.0,2428.0,36.0,0.053118038922548294,0.00025,0.12551249563694,0.0
14127.0,2429.0,36.0,0.05959946662187576,0.00025,0.09917104989290237,0.0
14128.0,2430.0,36.0,0.054894767701625824,0.00025,0.1642453670501709,0.0
14129.0,2431.0,36.0,0.04876422882080078,0.00025,0.11227480322122574,0.0
14130.0,2432.0,36.0,0.060173824429512024,0.00025,0.14498884975910187,0.0
14131.0,2433.0,36.0,0.052864544093608856,0.00025,0.09614813327789307,0.0
14132.0,2434.0,36.0,0.05245804786682129,0.00025,0.07371996343135834,0.0
14133.0,2435.0,36.0,0.05008428543806076,0.00025,0.05983886495232582,0.0
14134.0,2436.0,36.0,0.06550350785255432,0.00025,0.059433866292238235,0.0
14135.0,2437.0,36.0,0.05417227745056152,0.00025,0.07672387361526489,0.0
14136.0,2438.0,36.0,0.07264398783445358,0.00025,0.056073758751153946,0.0
14137.0,2439.0,36.0,0.057598359882831573,0.00025,0.058740608394145966,0.0
14138.0,2440.0,36.0,0.060730643570423126,0.00025,0.10749027132987976,0.0
14139.0,2441.0,36.0,0.03980948403477669,0.00025,0.15466512739658356,0.0
14140.0,2442.0,36.0,0.062462709844112396,0.00025,0.10434931516647339,0.0
14141.0,2443.0,36.0,0.05925321578979492,0.00025,0.10413496196269989,0.0
14142.0,2444.0,36.0,0.05727623403072357,0.00025,0.08125951886177063,0.0
14143.0,2445.0,36.0,0.0629330575466156,0.00025,0.09431638568639755,0.0
14144.0,2446.0,36.0,0.04361997917294502,0.00025,0.09989838302135468,0.0
14145.0,2447.0,36.0,0.05735326558351517,0.00025,0.04227134957909584,0.0
14146.0,2448.0,36.0,0.06801050901412964,0.00025,0.12826649844646454,0.0
14147.0,2449.0,36.0,0.05611634999513626,0.00025,0.11054348200559616,0.0
14148.0,2450.0,36.0,0.06857915222644806,0.00025,0.07994016259908676,0.0
14149.0,2451.0,36.0,0.0654134601354599,0.00025,0.12309924513101578,0.0
14150.0,2452.0,36.0,0.06510082632303238,0.00025,0.14204218983650208,0.0
14151.0,2453.0,36.0,0.06363367289304733,0.00025,0.11687944829463959,0.0
14152.0,2454.0,36.0,0.045727454125881195,0.00025,0.06193184852600098,0.0
14153.0,2455.0,36.0,0.05673600733280182,0.00025,0.18000203371047974,0.0
14154.0,2456.0,36.0,0.053649138659238815,0.00025,0.09494984894990921,0.0
14155.0,2457.0,36.0,0.058545224368572235,0.00025,0.11708351224660873,0.0
14156.0,2458.0,36.0,0.049797046929597855,0.00025,0.08286590874195099,0.0
14157.0,2459.0,36.0,0.05075293779373169,0.00025,0.17470313608646393,0.0
14158.0,2460.0,36.0,0.051711972802877426,0.00025,0.17883078753948212,0.0
14159.0,2461.0,36.0,0.054961252957582474,0.00025,0.2243926227092743,0.0
14160.0,2462.0,36.0,0.055829815566539764,0.00025,0.15224792063236237,0.0
14161.0,2463.0,36.0,0.04229031503200531,0.00025,0.20286965370178223,0.0
14162.0,2464.0,36.0,0.062134210020303726,0.00025,0.07110708951950073,0.0
14163.0,2465.0,36.0,0.05348841845989227,0.00025,0.1535317599773407,0.0
14164.0,2466.0,36.0,0.06169185787439346,0.00025,0.05765248090028763,0.0
14165.0,2467.0,36.0,0.0556982085108757,0.00025,0.1080816313624382,0.0
14166.0,2468.0,36.0,0.06106821447610855,0.00025,0.05053069815039635,0.0
14167.0,2469.0,36.0,0.060674574226140976,0.00025,0.06785061210393906,0.0
14168.0,2470.0,36.0,0.052944742143154144,0.00025,0.1313059777021408,0.0
14169.0,2471.0,36.0,0.06711240857839584,0.00025,0.09904777258634567,0.0
14170.0,2472.0,36.0,0.05373850837349892,0.00025,0.09942034631967545,0.0
14171.0,2473.0,36.0,0.05188216269016266,0.00025,0.07082075625658035,0.0
14172.0,2474.0,36.0,0.06150227040052414,0.00025,0.08794990181922913,0.0
14173.0,2475.0,36.0,0.04426853358745575,0.00025,0.09071802347898483,0.0
14174.0,2476.0,36.0,0.05606333538889885,0.00025,0.22283411026000977,0.0
14175.0,2477.0,36.0,0.05630466341972351,0.00025,0.1052999496459961,0.0
14176.0,2478.0,36.0,0.052569370716810226,0.00025,0.14854440093040466,0.0
14177.0,2479.0,36.0,0.048212043941020966,0.00025,0.15848854184150696,0.0
14178.0,2480.0,36.0,0.05673176422715187,0.00025,0.07919739931821823,0.0
14179.0,2481.0,36.0,0.05325211584568024,0.00025,0.1943008005619049,0.0
14180.0,2482.0,36.0,0.054791875183582306,0.00025,0.08742894232273102,0.0
14181.0,2483.0,36.0,0.05844046548008919,0.00025,0.18612901866436005,0.0
14182.0,2484.0,36.0,0.0498514324426651,0.00025,0.08745863288640976,0.0
14183.0,2485.0,36.0,0.05867934226989746,0.00025,0.1519688218832016,0.0
14184.0,2486.0,36.0,0.06392968446016312,0.00025,0.07659496366977692,0.0
14185.0,2487.0,36.0,0.05509720742702484,0.00025,0.20918941497802734,0.0
14186.0,2488.0,36.0,0.060123175382614136,0.00025,0.10316717624664307,0.0
14187.0,2489.0,36.0,0.05032569169998169,0.00025,0.16604216396808624,0.0
14188.0,2490.0,36.0,0.050260648131370544,0.00025,0.12574347853660583,0.0
14189.0,2491.0,36.0,0.05539216101169586,0.00025,0.12766824662685394,0.0
14190.0,2492.0,36.0,0.05504140257835388,0.00025,0.15563341975212097,0.0
14191.0,2493.0,36.0,0.05627109110355377,0.00025,0.08518626540899277,0.0
14192.0,2494.0,36.0,0.06573975086212158,0.00025,0.11921308189630508,0.0
14193.0,2495.0,36.0,0.059013620018959045,0.00025,0.06393775343894958,0.0
14194.0,2496.0,36.0,0.04934234917163849,0.00025,0.0911504402756691,0.0
14195.0,2497.0,36.0,0.055014222860336304,0.00025,0.06530071049928665,0.0
14196.0,2498.0,36.0,0.07268242537975311,0.00025,0.11259075999259949,0.0
14197.0,2499.0,36.0,0.04741127789020538,0.00025,0.08111058175563812,0.0
14198.0,2500.0,36.0,0.06321167945861816,0.00025,0.08787146955728531,0.0
14199.0,2501.0,36.0,0.05594463646411896,0.00025,0.1379176825284958,0.0
14200.0,2502.0,36.0,0.06293012201786041,0.00025,0.14739689230918884,0.0
14201.0,2503.0,36.0,0.06002236530184746,0.00025,0.18471167981624603,0.0
14202.0,2504.0,36.0,0.041050590574741364,0.00025,0.18530631065368652,0.0
14203.0,2505.0,36.0,0.05105079337954521,0.00025,0.14242780208587646,0.0
14204.0,2506.0,36.0,0.07086475193500519,0.00025,0.21983285248279572,0.0
14205.0,2507.0,36.0,0.06986121088266373,0.00025,0.04785315319895744,0.0
14206.0,2508.0,36.0,0.05049840360879898,0.00025,0.22891296446323395,0.0
14207.0,2509.0,36.0,0.04709263890981674,0.00025,0.09059248119592667,0.0
14208.0,2510.0,36.0,0.05154799669981003,0.00025,0.17181576788425446,0.0
14209.0,2511.0,36.0,0.06062028929591179,0.00025,0.17373639345169067,0.0
14210.0,2512.0,36.0,0.06720900535583496,0.00025,0.10220807790756226,0.0
14211.0,2513.0,36.0,0.05129798501729965,0.00025,0.12245748192071915,0.0
14212.0,2514.0,36.0,0.059037599712610245,0.00025,0.08613772690296173,0.0
14213.0,2515.0,36.0,0.06153193116188049,0.00025,0.14627692103385925,0.0
14214.0,2516.0,36.0,0.04377656430006027,0.00025,0.08322008699178696,0.0
14215.0,2517.0,36.0,0.06389322876930237,0.00025,0.12256430089473724,0.0
14216.0,2518.0,36.0,0.05058988556265831,0.00025,0.14942601323127747,0.0
14217.0,2519.0,36.0,0.052199751138687134,0.00025,0.09791167825460434,0.0
14218.0,2520.0,36.0,0.06111496686935425,0.00025,0.1253862828016281,0.0
14219.0,2521.0,36.0,0.06414670497179031,0.00025,0.07665103673934937,0.0
14220.0,2522.0,36.0,0.06670192629098892,0.00025,0.07988599687814713,0.0
14221.0,2523.0,36.0,0.05403509736061096,0.00025,0.13793031871318817,0.0
14222.0,2524.0,36.0,0.05968209356069565,0.00025,0.09963180869817734,0.0
14223.0,2525.0,36.0,0.05922122299671173,0.00025,0.1436380296945572,0.0
14224.0,2526.0,36.0,0.053543753921985626,0.00025,0.0874532088637352,0.0
14225.0,2527.0,36.0,0.05438649654388428,0.00025,0.13846799731254578,0.0
14226.0,2528.0,36.0,0.04333820566534996,0.00025,0.031130440533161163,0.0
14227.0,2529.0,36.0,0.062041833996772766,0.00025,0.12039076536893845,0.0
14228.0,2530.0,36.0,0.059765174984931946,0.00025,0.11245863139629364,0.0
14229.0,2531.0,36.0,0.05556616932153702,0.00025,0.054833292961120605,0.0
14230.0,2532.0,36.0,0.06723477691411972,0.00025,0.11764724552631378,0.0
14231.0,2533.0,36.0,0.06284726411104202,0.00025,0.13059063255786896,0.0
14232.0,2534.0,36.0,0.04890158027410507,0.00025,0.1134694293141365,0.0
14233.0,2535.0,36.0,0.053492382168769836,0.00025,0.16379600763320923,0.0
14234.0,2536.0,36.0,0.05480784922838211,0.00025,0.08767508715391159,0.0
14235.0,2537.0,36.0,0.05896344035863876,0.00025,0.21207815408706665,0.0
14236.0,2538.0,36.0,0.05312676727771759,0.00025,0.06548959761857986,0.0
14237.0,2539.0,36.0,0.06981579959392548,0.00025,0.15659424662590027,0.0
14238.0,2540.0,36.0,0.06805763393640518,0.00025,0.14889009296894073,0.0
14239.0,2541.0,36.0,0.041975878179073334,0.00025,0.1415143460035324,0.0
14240.0,2542.0,36.0,0.058160193264484406,0.00025,0.161109060049057,0.0
14241.0,2543.0,36.0,0.050445836037397385,0.00025,0.09243226051330566,0.0
14242.0,2544.0,36.0,0.04173412173986435,0.00025,0.17050962150096893,0.0
14243.0,2545.0,36.0,0.05313122272491455,0.00025,0.08516093343496323,0.0
14244.0,2546.0,36.0,0.05532759428024292,0.00025,0.17196086049079895,0.0
14245.0,2547.0,36.0,0.05119442194700241,0.00025,0.12485303729772568,0.0
14246.0,2548.0,36.0,0.05229589715600014,0.00025,0.14054372906684875,0.0
14247.0,2549.0,36.0,0.06156681478023529,0.00025,0.09869371354579926,0.0
14248.0,2550.0,36.0,0.0535726472735405,0.00025,0.1733611673116684,0.0
14249.0,2551.0,36.0,0.05221056193113327,0.00025,0.1544104367494583,0.0
14250.0,2552.0,36.0,0.05285874754190445,0.00025,0.14092127978801727,0.0
14251.0,2553.0,36.0,0.049852997064590454,0.00025,0.15324969589710236,0.0
14252.0,2554.0,36.0,0.07085195183753967,0.00025,0.08972269296646118,0.0
14253.0,2555.0,36.0,0.06428264826536179,0.00025,0.1196332648396492,0.0
14254.0,2556.0,36.0,0.05761149153113365,0.00025,0.09163583070039749,0.0
14255.0,2557.0,36.0,0.05408941209316254,0.00025,0.07786988466978073,0.0
14256.0,2558.0,36.0,0.06885451078414917,0.00025,0.09799031168222427,0.0
14257.0,2559.0,36.0,0.08006850630044937,0.00025,0.0770699679851532,0.0
14258.0,2560.0,36.0,0.06131931021809578,0.00025,0.07819940149784088,0.0
14259.0,2561.0,36.0,0.060836903750896454,0.00025,0.050172023475170135,0.0
14260.0,2562.0,36.0,0.0545923225581646,0.00025,0.07404182851314545,0.0
14261.0,2563.0,36.0,0.04977567866444588,0.00025,0.04632730409502983,0.0
14262.0,2564.0,36.0,0.044473759829998016,0.00025,0.09617601335048676,0.0
14263.0,2565.0,36.0,0.05639440193772316,0.00025,0.11612371355295181,0.0
14264.0,2566.0,36.0,0.05473977327346802,0.00025,0.09288442134857178,0.0
14265.0,2567.0,36.0,0.0588667206466198,0.00025,0.12937358021736145,0.0
14266.0,2568.0,36.0,0.061494335532188416,0.00025,0.13052278757095337,0.0
14267.0,2569.0,36.0,0.05495300143957138,0.00025,0.07119003683328629,0.0
14268.0,2570.0,36.0,0.05624821409583092,0.00025,0.10440881550312042,0.0
14269.0,2571.0,36.0,0.05596108362078667,0.00025,0.07073996961116791,0.0
14270.0,2572.0,36.0,0.04621578007936478,0.00025,0.08280466496944427,0.0
14271.0,2573.0,36.0,0.05446866154670715,0.00025,0.04525076970458031,0.0
14272.0,2574.0,36.0,0.05149289593100548,0.00025,0.09764004498720169,0.0
14273.0,2575.0,36.0,0.060376886278390884,0.00025,0.08699299395084381,0.0
14274.0,2576.0,36.0,0.058278001844882965,0.00025,0.1554923802614212,0.0
14275.0,2577.0,36.0,0.06263750791549683,0.00025,0.06842859834432602,0.0
14276.0,2578.0,36.0,0.07427965104579926,0.00025,0.10149940103292465,0.0
14277.0,2579.0,36.0,0.04909912496805191,0.00025,0.07475026696920395,0.0
14278.0,2580.0,36.0,0.05617651715874672,0.00025,0.09306168556213379,0.0
14279.0,2581.0,36.0,0.05979747697710991,0.00025,0.10787525773048401,0.0
14280.0,2582.0,36.0,0.06301538646221161,0.00025,0.07441316545009613,0.0
14281.0,2583.0,36.0,0.05733979865908623,0.00025,0.08107902109622955,0.0
14282.0,2584.0,36.0,0.0581771582365036,0.00025,0.1290661096572876,0.0
14283.0,2585.0,36.0,0.04602906107902527,0.00025,0.1019071638584137,0.0
14284.0,2586.0,36.0,0.055983349680900574,0.00025,0.1075555607676506,0.0
14285.0,2587.0,36.0,0.05552714318037033,0.00025,0.10183708369731903,0.0
14286.0,2588.0,36.0,0.054058268666267395,0.00025,0.14273861050605774,0.0
14287.0,2589.0,36.0,0.060148611664772034,0.00025,0.09688904881477356,0.0
14288.0,2590.0,36.0,0.059061869978904724,0.00025,0.11466208100318909,0.0
14289.0,2591.0,36.0,0.053289178758859634,0.00025,0.0808921754360199,0.0
14290.0,2592.0,36.0,0.05336925387382507,0.00025,0.1911962628364563,0.0
14291.0,2593.0,36.0,0.05481860786676407,0.00025,0.0959036648273468,0.0
14292.0,2594.0,36.0,0.0473504401743412,0.00025,0.20179110765457153,0.0
14293.0,2595.0,36.0,0.049559641629457474,0.00025,0.13425247371196747,0.0
14294.0,2596.0,36.0,0.04853712394833565,0.00025,0.1549605280160904,0.0
14295.0,2597.0,36.0,0.0427384227514267,0.00025,0.2176208198070526,0.0
14296.0,2598.0,36.0,0.0506284162402153,0.00025,0.1936550885438919,0.0
14297.0,2599.0,36.0,0.05406815931200981,0.00025,0.21309858560562134,0.0
14298.0,2600.0,36.0,0.07155774533748627,0.00025,0.09358849376440048,0.0
14299.0,2601.0,36.0,0.0538175106048584,0.00025,0.2565629184246063,0.0
14300.0,2602.0,36.0,0.07089782506227493,0.00025,0.14108720421791077,0.0
14301.0,2603.0,36.0,0.055305831134319305,0.00025,0.2834257483482361,0.0
14302.0,2604.0,36.0,0.06696338951587677,0.00025,0.11307243257761002,0.0
14303.0,2605.0,36.0,0.05151747912168503,0.00025,0.16311602294445038,0.0
14304.0,2606.0,36.0,0.06567391008138657,0.00025,0.16909630596637726,0.0
14305.0,2607.0,36.0,0.05917339026927948,0.00025,0.10777989029884338,0.0
14306.0,2608.0,36.0,0.05524546653032303,0.00025,0.1461641639471054,0.0
14307.0,2609.0,36.0,0.04915076494216919,0.00025,0.09560329467058182,0.0
14308.0,2610.0,36.0,0.07129758596420288,0.00025,0.1400855928659439,0.0
14309.0,2611.0,36.0,0.05687849968671799,0.00025,0.15488944947719574,0.0
14310.0,2612.0,36.0,0.06272973120212555,0.00025,0.07315568625926971,0.0
14311.0,2613.0,36.0,0.057214345782995224,0.00025,0.20010969042778015,0.0
14312.0,2614.0,36.0,0.06418300420045853,0.00025,0.12184873968362808,0.0
14313.0,2615.0,36.0,0.05080868676304817,0.00025,0.23092469573020935,0.0
14314.0,2616.0,36.0,0.05697016417980194,0.00025,0.10738136619329453,0.0
14315.0,2617.0,36.0,0.06836673617362976,0.00025,0.15062633156776428,0.0
14316.0,2618.0,36.0,0.05044567957520485,0.00025,0.09279917180538177,0.0
14317.0,2619.0,36.0,0.06907157599925995,0.00025,0.1361086517572403,0.0
14318.0,2620.0,36.0,0.05325213819742203,0.00025,0.1482304483652115,0.0
14319.0,2621.0,36.0,0.05486805737018585,0.00025,0.09618210047483444,0.0
14320.0,2622.0,36.0,0.05632471293210983,0.00025,0.1712331473827362,0.0
14321.0,2623.0,36.0,0.046463679522275925,0.00025,0.03631591796875,0.0
14322.0,2624.0,36.0,0.06029042601585388,0.00025,0.22709646821022034,0.0
14323.0,2625.0,36.0,0.054834917187690735,0.00025,0.0810336023569107,0.0
14324.0,2626.0,36.0,0.05752193555235863,0.00025,0.13312651216983795,0.0
14325.0,2627.0,36.0,0.04837285727262497,0.00025,0.17111344635486603,0.0
14326.0,2628.0,36.0,0.06523757427930832,0.00025,0.07000318169593811,0.0
14327.0,2629.0,36.0,0.05098700523376465,0.00025,0.2188728302717209,0.0
14328.0,2630.0,36.0,0.046488791704177856,0.00025,0.08619984239339828,0.0
14329.0,2631.0,36.0,0.056888531893491745,0.00025,0.16184355318546295,0.0
14330.0,2632.0,36.0,0.051704540848731995,0.00025,0.15730753540992737,0.0
14331.0,2633.0,36.0,0.04315399006009102,0.00025,0.06340160220861435,0.0
14332.0,2634.0,36.0,0.06256924569606781,0.00025,0.2487073540687561,0.0
14333.0,2635.0,36.0,0.05882469564676285,0.00025,0.09204799681901932,0.0
14334.0,2636.0,36.0,0.052286140620708466,0.00025,0.1859022080898285,0.0
14335.0,2637.0,36.0,0.05807087942957878,0.00025,0.11576821655035019,0.0
14336.0,2638.0,36.0,0.05198323726654053,0.00025,0.22063687443733215,0.0
14337.0,2639.0,36.0,0.06477317214012146,0.00025,0.21015849709510803,0.0
14338.0,2640.0,36.0,0.058408550918102264,0.00025,0.18471291661262512,0.0
14339.0,2641.0,36.0,0.05775067210197449,0.00025,0.3142367899417877,0.0
14340.0,2642.0,36.0,0.06095786765217781,0.00025,0.08333777636289597,0.0
14341.0,2643.0,36.0,0.06691882014274597,0.00025,0.19880728423595428,0.0
14342.0,2644.0,36.0,0.046264782547950745,0.00025,0.10677631944417953,0.0
14343.0,2645.0,36.0,0.048559077084064484,0.00025,0.1718425750732422,0.0
14344.0,2646.0,36.0,0.04489070922136307,0.00025,0.17443734407424927,0.0
14345.0,2647.0,36.0,0.0659116804599762,0.00025,0.13960327208042145,0.0
14346.0,2648.0,36.0,0.05551454424858093,0.00025,0.1575641632080078,0.0
14347.0,2649.0,36.0,0.046503856778144836,0.00025,0.07787536084651947,0.0
14348.0,2650.0,36.0,0.0587211549282074,0.00025,0.1492304503917694,0.0
14349.0,2651.0,36.0,0.04483770951628685,0.00025,0.15045881271362305,0.0
14350.0,2652.0,36.0,0.04753997176885605,0.00025,0.10817639529705048,0.0
14351.0,2653.0,36.0,0.047407664358615875,0.00025,0.16275835037231445,0.0
14352.0,2654.0,36.0,0.055100783705711365,0.00025,0.06112850457429886,0.0
14353.0,2655.0,36.0,0.04874736815690994,0.00025,0.22564129531383514,0.0
14354.0,2656.0,36.0,0.056445393711328506,0.00025,0.10074411332607269,0.0
14355.0,2657.0,36.0,0.046630047261714935,0.00025,0.1888517290353775,0.0
14356.0,2658.0,36.0,0.05734121799468994,0.00025,0.11737442016601562,0.0
14357.0,2659.0,36.0,0.056507859379053116,0.00025,0.24354319274425507,0.0
14358.0,2660.0,36.0,0.05260452628135681,0.00025,0.11426154524087906,0.0
14359.0,2661.0,36.0,0.04439228028059006,0.00025,0.2770302891731262,0.0
14360.0,2662.0,36.0,0.04704076051712036,0.00025,0.1558506339788437,0.0
14361.0,2663.0,36.0,0.055069033056497574,0.00025,0.21554607152938843,0.0
14362.0,2664.0,36.0,0.05984685570001602,0.00025,0.11601380258798599,0.0
14363.0,2665.0,36.0,0.058404166251420975,0.00025,0.22540602087974548,0.0
14364.0,2666.0,36.0,0.05032571777701378,0.00025,0.11703754961490631,0.0
14365.0,2667.0,36.0,0.06845569610595703,0.00025,0.1949026882648468,0.0
14366.0,2668.0,36.0,0.04930438473820686,0.00025,0.14925387501716614,0.0
14367.0,2669.0,36.0,0.05570667237043381,0.00025,0.18675197660923004,0.0
14368.0,2670.0,36.0,0.05487978458404541,0.00025,0.14656053483486176,0.0
14369.0,2671.0,36.0,0.05001506581902504,0.00025,0.13898061215877533,0.0
14370.0,2672.0,36.0,0.06229230388998985,0.00025,0.17602874338626862,0.0
14371.0,2673.0,36.0,0.05857134982943535,0.00025,0.11796801537275314,0.0
14372.0,2674.0,36.0,0.055530473589897156,0.00025,0.2223968654870987,0.0
14373.0,2675.0,36.0,0.06097209453582764,0.00025,0.09197749197483063,0.0
14374.0,2676.0,36.0,0.06600698828697205,0.00025,0.2471163123846054,0.0
14375.0,2677.0,36.0,0.0556086003780365,0.00025,0.10343781113624573,0.0
14376.0,2678.0,36.0,0.05202776938676834,0.00025,0.17293663322925568,0.0
14377.0,2679.0,36.0,0.07064386457204819,0.00025,0.20182764530181885,0.0
14378.0,2680.0,36.0,0.04813413321971893,0.00025,0.14545680582523346,0.0
14379.0,2681.0,36.0,0.05191419646143913,0.00025,0.16888801753520966,0.0
14380.0,2682.0,36.0,0.06242195516824722,0.00025,0.11450763791799545,0.0
14381.0,2683.0,36.0,0.0673094168305397,0.00025,0.1264689713716507,0.0
14382.0,2684.0,36.0,0.05693589895963669,0.00025,0.13979871571063995,0.0
14383.0,2685.0,36.0,0.059303730726242065,0.00025,0.10278236865997314,0.0
14384.0,2686.0,36.0,0.04976204037666321,0.00025,0.1646256446838379,0.0
14385.0,2687.0,36.0,0.06067594140768051,0.00025,0.10124755650758743,0.0
14386.0,2688.0,36.0,0.05773214250802994,0.00025,0.13029910624027252,0.0
14387.0,2689.0,36.0,0.05844593048095703,0.00025,0.16680127382278442,0.0
14388.0,2690.0,36.0,0.051896389573812485,0.00025,0.11348903924226761,0.0
14389.0,2691.0,36.0,0.04742763191461563,0.00025,0.19457140564918518,0.0
14390.0,2692.0,36.0,0.05949676036834717,0.00025,0.11574861407279968,0.0
14391.0,2693.0,36.0,0.0560058057308197,0.00025,0.18027067184448242,0.0
14392.0,2694.0,36.0,0.053085923194885254,0.00025,0.10156548768281937,0.0
14393.0,2695.0,36.0,0.05368547886610031,0.00025,0.1335141360759735,0.0
14394.0,2696.0,36.0,0.06177572160959244,0.00025,0.11241035163402557,0.0
14395.0,2697.0,36.0,0.051410477608442307,0.00025,0.18163295090198517,0.0
14396.0,2698.0,36.0,0.055273495614528656,0.00025,0.1043136939406395,0.0
14397.0,2699.0,36.0,0.06760891526937485,0.00025,0.16610100865364075,0.0
14398.0,2700.0,36.0,0.06077895313501358,0.00025,0.09269489347934723,0.0
14399.0,2701.0,36.0,0.07166140526533127,0.00025,0.06846527010202408,0.0
14400.0,2702.0,36.0,0.05014314129948616,0.00025,0.11116071045398712,0.0
14401.0,2703.0,36.0,0.04923038184642792,0.00025,0.07210390269756317,0.0
14402.0,2704.0,36.0,0.052189115434885025,0.00025,0.13041341304779053,0.0
14403.0,2705.0,36.0,0.06304780393838882,0.00025,0.11168893426656723,0.0
14404.0,2706.0,36.0,0.06334947049617767,0.00025,0.1548214852809906,0.0
14405.0,2707.0,36.0,0.06424380093812943,0.00025,0.10482728481292725,0.0
14406.0,2708.0,36.0,0.05163417011499405,0.00025,0.10883931070566177,0.0
14407.0,2709.0,36.0,0.05262177437543869,0.00025,0.16003914177417755,0.0
14408.0,2710.0,36.0,0.05619598180055618,0.00025,0.13299694657325745,0.0
14409.0,2711.0,36.0,0.06608788669109344,0.00025,0.11697539687156677,0.0
14410.0,2712.0,36.0,0.04816795885562897,0.00025,0.06403723359107971,0.0
14411.0,2713.0,36.0,0.06030557304620743,0.00025,0.13593536615371704,0.0
14412.0,2714.0,36.0,0.05449317395687103,0.00025,0.06593462824821472,0.0
14413.0,2715.0,36.0,0.04329908639192581,0.00025,0.0888959988951683,0.0
14414.0,2716.0,36.0,0.06440380215644836,0.00025,0.11681429296731949,0.0
14415.0,2717.0,36.0,0.04929826408624649,0.00025,0.0961109846830368,0.0
14416.0,2718.0,36.0,0.044054895639419556,0.00025,0.11212541162967682,0.0
14417.0,2719.0,36.0,0.06449798494577408,0.00025,0.11563374847173691,0.0
14418.0,2720.0,36.0,0.06055017560720444,0.00025,0.10382705926895142,0.0
14419.0,2721.0,36.0,0.056092098355293274,0.00025,0.10542204231023788,0.0
14420.0,2722.0,36.0,0.05954528972506523,0.00025,0.14007773995399475,0.0
14421.0,2723.0,36.0,0.055905088782310486,0.00025,0.03458508476614952,0.0
14422.0,2724.0,36.0,0.07104349881410599,0.00025,0.13386662304401398,0.0
14423.0,2725.0,36.0,0.045000676065683365,0.00025,0.08254467695951462,0.0
14424.0,2726.0,36.0,0.060199689120054245,0.00025,0.04850991815328598,0.0
14425.0,2727.0,36.0,0.055399030447006226,0.00025,0.1533651351928711,0.0
14426.0,2728.0,36.0,0.05760384351015091,0.00025,0.05561239272356033,0.0
14427.0,2729.0,36.0,0.05585278198122978,0.00025,0.14540325105190277,0.0
14428.0,2730.0,36.0,0.051868729293346405,0.00025,0.05891754850745201,0.0
14429.0,2731.0,37.0,0.0580144040286541,0.00025,0.14105172455310822,0.0
14430.0,2732.0,37.0,0.0621202290058136,0.00025,0.08711925148963928,0.0
14431.0,2733.0,37.0,0.05813096463680267,0.00025,0.09644823521375656,0.0
14432.0,2734.0,37.0,0.06799902021884918,0.00025,0.08035609871149063,0.0
14433.0,2735.0,37.0,0.06116928532719612,0.00025,0.09904271364212036,0.0
14434.0,2736.0,37.0,0.05716167390346527,0.00025,0.05034904554486275,0.0
14435.0,2737.0,37.0,0.05227741599082947,0.00025,0.11300251632928848,0.0
14436.0,2738.0,37.0,0.0647418200969696,0.00025,0.0644703134894371,0.0
14437.0,2739.0,37.0,0.0575164332985878,0.00025,0.06468384712934494,0.0
14438.0,2740.0,37.0,0.05032791197299957,0.00025,0.14673331379890442,0.0
14439.0,2741.0,37.0,0.06428537517786026,0.00025,0.05847162380814552,0.0
14440.0,2742.0,37.0,0.053070634603500366,0.00025,0.1863083392381668,0.0
14441.0,2743.0,37.0,0.044481273740530014,0.00025,0.0565994456410408,0.0
14442.0,2744.0,37.0,0.06654547154903412,0.00025,0.17023427784442902,0.0
14443.0,2745.0,37.0,0.05110311508178711,0.00025,0.08179999142885208,0.0
14444.0,2746.0,37.0,0.0682494044303894,0.00025,0.08954975754022598,0.0
14445.0,2747.0,37.0,0.05405803769826889,0.00025,0.15555086731910706,0.0
14446.0,2748.0,37.0,0.05153611674904823,0.00025,0.099449522793293,0.0
14447.0,2749.0,37.0,0.04487156495451927,0.00025,0.14391526579856873,0.0
14448.0,2750.0,37.0,0.07184960693120956,0.00025,0.13003407418727875,0.0
14449.0,2751.0,37.0,0.05603703111410141,0.00025,0.13457085192203522,0.0
14450.0,2752.0,37.0,0.054946139454841614,0.00025,0.17514720559120178,0.0
14451.0,2753.0,37.0,0.059771064668893814,0.00025,0.039601296186447144,0.0
14452.0,2754.0,37.0,0.05967775732278824,0.00025,0.18798118829727173,0.0
14453.0,2755.0,37.0,0.04889271408319473,0.00025,0.20009930431842804,0.0
14454.0,2756.0,37.0,0.04867712780833244,0.00025,0.06104765459895134,0.0
14455.0,2757.0,37.0,0.04967818409204483,0.00025,0.29183319211006165,0.0
14456.0,2758.0,37.0,0.05572376772761345,0.00025,0.0799095556139946,0.0
14457.0,2759.0,37.0,0.058948859572410583,0.00025,0.263274610042572,0.0
14458.0,2760.0,37.0,0.05687578767538071,0.00025,0.18081127107143402,0.0
14459.0,2761.0,37.0,0.052618298679590225,0.00025,0.149337038397789,0.0
14460.0,2762.0,37.0,0.0644725114107132,0.00025,0.27141401171684265,0.0
14461.0,2763.0,37.0,0.06564880907535553,0.00025,0.08722136169672012,0.0
14462.0,2764.0,37.0,0.051491085439920425,0.00025,0.288289338350296,0.0
14463.0,2765.0,37.0,0.04704805463552475,0.00025,0.1867561936378479,0.0
14464.0,2766.0,37.0,0.052561402320861816,0.00025,0.22697465121746063,0.0
14465.0,2767.0,37.0,0.056202784180641174,0.00025,0.27231287956237793,0.0
14466.0,2768.0,37.0,0.0660049095749855,0.00025,0.12458638846874237,0.0
14467.0,2769.0,37.0,0.05118058621883392,0.00025,0.1937568485736847,0.0
14468.0,2770.0,37.0,0.0613626092672348,0.00025,0.0989430770277977,0.0
14469.0,2771.0,37.0,0.05823829025030136,0.00025,0.09713900089263916,0.0
14470.0,2772.0,37.0,0.06762255728244781,0.00025,0.17250464856624603,0.0
14471.0,2773.0,37.0,0.067265085875988,0.00025,0.09438091516494751,0.0
14472.0,2774.0,37.0,0.04958849400281906,0.00025,0.15003857016563416,0.0
14473.0,2775.0,37.0,0.05471837893128395,0.00025,0.09523407369852066,0.0
14474.0,2776.0,37.0,0.05798474699258804,0.00025,0.10843782126903534,0.0
14475.0,2777.0,37.0,0.0668836385011673,0.00025,0.18910709023475647,0.0
14476.0,2778.0,37.0,0.054497942328453064,0.00025,0.11411308497190475,0.0
14477.0,2779.0,37.0,0.045351285487413406,0.00025,0.1706094741821289,0.0
14478.0,2780.0,37.0,0.04441267251968384,0.00025,0.15877695381641388,0.0
14479.0,2781.0,37.0,0.06039860472083092,0.00025,0.1742226779460907,0.0
14480.0,2782.0,37.0,0.04880569130182266,0.00025,0.05305313691496849,0.0
14481.0,2783.0,37.0,0.06269165873527527,0.00025,0.1366092562675476,0.0
14482.0,2784.0,37.0,0.05772493779659271,0.00025,0.12900571525096893,0.0
14483.0,2785.0,37.0,0.061862148344516754,0.00025,0.17041903734207153,0.0
14484.0,2786.0,37.0,0.05336347222328186,0.00025,0.12366184592247009,0.0
14485.0,2787.0,37.0,0.05092412233352661,0.00025,0.13980314135551453,0.0
14486.0,2788.0,37.0,0.05348331108689308,0.00025,0.16526934504508972,0.0
14487.0,2789.0,37.0,0.06065983325242996,0.00025,0.07949388027191162,0.0
14488.0,2790.0,37.0,0.0473235622048378,0.00025,0.17419709265232086,0.0
14489.0,2791.0,37.0,0.04498743265867233,0.00025,0.07830172032117844,0.0
14490.0,2792.0,37.0,0.056195229291915894,0.00025,0.1469043493270874,0.0
14491.0,2793.0,37.0,0.06473547965288162,0.00025,0.08227952569723129,0.0
14492.0,2794.0,37.0,0.05835418775677681,0.00025,0.12393634021282196,0.0
14493.0,2795.0,37.0,0.04979655146598816,0.00025,0.10063282400369644,0.0
14494.0,2796.0,37.0,0.05561065673828125,0.00025,0.10089681297540665,0.0
14495.0,2797.0,37.0,0.05391024425625801,0.00025,0.1305152177810669,0.0
14496.0,2798.0,37.0,0.05321463569998741,0.00025,0.0792916938662529,0.0
14497.0,2799.0,37.0,0.04457507282495499,0.00025,0.16208131611347198,0.0
14498.0,2800.0,37.0,0.055871397256851196,0.00025,0.07948297262191772,0.0
14499.0,2801.0,37.0,0.07444053143262863,0.00025,0.1702050268650055,0.0
14500.0,2802.0,37.0,0.05026824027299881,0.00025,0.10223183035850525,0.0
14501.0,2803.0,37.0,0.05640556290745735,0.00025,0.12431345134973526,0.0
14502.0,2804.0,37.0,0.0574914813041687,0.00025,0.12903434038162231,0.0
14503.0,2805.0,37.0,0.06376221776008606,0.00025,0.16417133808135986,0.0
14504.0,2806.0,37.0,0.0722973421216011,0.00025,0.1387951523065567,0.0
14505.0,2807.0,37.0,0.06062198057770729,0.00025,0.14706048369407654,0.0
14506.0,2808.0,37.0,0.04385911673307419,0.00025,0.08674153685569763,0.0
14507.0,2809.0,37.0,0.04712105542421341,0.00025,0.19002069532871246,0.0
14508.0,2810.0,37.0,0.055327173322439194,0.00025,0.05378900468349457,0.0
14509.0,2811.0,37.0,0.06217171251773834,0.00025,0.13034386932849884,0.0
14510.0,2812.0,37.0,0.04873855412006378,0.00025,0.07072388380765915,0.0
14511.0,2813.0,37.0,0.05202796310186386,0.00025,0.04171502962708473,0.0
14512.0,2814.0,37.0,0.04319606348872185,0.00025,0.14434579014778137,0.0
14513.0,2815.0,37.0,0.04997849836945534,0.00025,0.08929027616977692,0.0
14514.0,2816.0,37.0,0.06193184852600098,0.00025,0.1393178552389145,0.0
14515.0,2817.0,37.0,0.05347807705402374,0.00025,0.14414028823375702,0.0
14516.0,2818.0,37.0,0.06018214300274849,0.00025,0.1445496827363968,0.0
14517.0,2819.0,37.0,0.045352764427661896,0.00025,0.1667294204235077,0.0
14518.0,2820.0,37.0,0.06345309317111969,0.00025,0.1434568613767624,0.0
14519.0,2821.0,37.0,0.060722868889570236,0.00025,0.10394258797168732,0.0
14520.0,2822.0,37.0,0.06380854547023773,0.00025,0.04868733510375023,0.0
14521.0,2823.0,37.0,0.05220111832022667,0.00025,0.13670876622200012,0.0
14522.0,2824.0,37.0,0.04942791163921356,0.00025,0.11300215125083923,0.0
14523.0,2825.0,37.0,0.05582144856452942,0.00025,0.046445365995168686,0.0
14524.0,2826.0,37.0,0.054167475551366806,0.00025,0.06131575629115105,0.0
14525.0,2827.0,37.0,0.05063572898507118,0.00025,0.05415131524205208,0.0
14526.0,2828.0,37.0,0.05898384749889374,0.00025,0.0906618982553482,0.0
14527.0,2829.0,37.0,0.04688635095953941,0.00025,0.0778636708855629,0.0
14528.0,2830.0,37.0,0.05007238686084747,0.00025,0.12996749579906464,0.0
14529.0,2831.0,37.0,0.0631261020898819,0.00025,0.05286973714828491,0.0
14530.0,2832.0,37.0,0.055148907005786896,0.00025,0.1111551821231842,0.0
14531.0,2833.0,37.0,0.08229134976863861,0.00025,0.11646191775798798,0.0
14532.0,2834.0,37.0,0.05678404122591019,0.00025,0.14554548263549805,0.0
14533.0,2835.0,37.0,0.05747843533754349,0.00025,0.05071212723851204,0.0
14534.0,2836.0,37.0,0.057918157428503036,0.00025,0.11860311776399612,0.0
14535.0,2837.0,37.0,0.04787267744541168,0.00025,0.07202797383069992,0.0
14536.0,2838.0,37.0,0.05517511069774628,0.00025,0.09477601200342178,0.0
14537.0,2839.0,37.0,0.060593899339437485,0.00025,0.11210387200117111,0.0
14538.0,2840.0,37.0,0.0665045827627182,0.00025,0.088590107858181,0.0
14539.0,2841.0,37.0,0.057635024189949036,0.00025,0.13127025961875916,0.0
14540.0,2842.0,37.0,0.05326153710484505,0.00025,0.054536353796720505,0.0
14541.0,2843.0,37.0,0.05945475772023201,0.00025,0.09256035089492798,0.0
14542.0,2844.0,37.0,0.0508875697851181,0.00025,0.06146955117583275,0.0
14543.0,2845.0,37.0,0.05808517336845398,0.00025,0.08126193284988403,0.0
14544.0,2846.0,37.0,0.054827865213155746,0.00025,0.10229603946208954,0.0
14545.0,2847.0,37.0,0.059739239513874054,0.00025,0.07391709089279175,0.0
14546.0,2848.0,37.0,0.06846827268600464,0.00025,0.11610940843820572,0.0
14547.0,2849.0,37.0,0.047156065702438354,0.00025,0.0823257565498352,0.0
14548.0,2850.0,37.0,0.06177135184407234,0.00025,0.10514107346534729,0.0
14549.0,2851.0,37.0,0.06978948414325714,0.00025,0.1148492842912674,0.0
14550.0,2852.0,37.0,0.046525947749614716,0.00025,0.1045684739947319,0.0
14551.0,2853.0,37.0,0.04524288326501846,0.00025,0.11342084407806396,0.0
14552.0,2854.0,37.0,0.06788334250450134,0.00025,0.20313243567943573,0.0
14553.0,2855.0,37.0,0.05690580606460571,0.00025,0.10884659737348557,0.0
14554.0,2856.0,37.0,0.06306575238704681,0.00025,0.17494970560073853,0.0
14555.0,2857.0,37.0,0.05274452269077301,0.00025,0.05098011717200279,0.0
14556.0,2858.0,37.0,0.06894422322511673,0.00025,0.1588190197944641,0.0
14557.0,2859.0,37.0,0.06282690912485123,0.00025,0.03611686825752258,0.0
14558.0,2860.0,37.0,0.05201808363199234,0.00025,0.11192123591899872,0.0
14559.0,2861.0,37.0,0.05485805124044418,0.00025,0.07857489585876465,0.0
14560.0,2862.0,37.0,0.06588222086429596,0.00025,0.07882159948348999,0.0
14561.0,2863.0,37.0,0.05275959149003029,0.00025,0.06470800936222076,0.0
14562.0,2864.0,37.0,0.06299535930156708,0.00025,0.07462937384843826,0.0
14563.0,2865.0,37.0,0.05518600344657898,0.00025,0.06389791518449783,0.0
14564.0,2866.0,37.0,0.0525057427585125,0.00025,0.07431487739086151,0.0
14565.0,2867.0,37.0,0.04159630462527275,0.00025,0.0810398980975151,0.0
14566.0,2868.0,37.0,0.0441809818148613,0.00025,0.07666739821434021,0.0
14567.0,2869.0,37.0,0.050884880125522614,0.00025,0.1237267479300499,0.0
14568.0,2870.0,37.0,0.05585016310214996,0.00025,0.06823690235614777,0.0
14569.0,2871.0,37.0,0.05719366669654846,0.00025,0.1521657109260559,0.0
14570.0,2872.0,37.0,0.04364033043384552,0.00025,0.11548370867967606,0.0
14571.0,2873.0,37.0,0.05806049704551697,0.00025,0.1500997394323349,0.0
14572.0,2874.0,37.0,0.060332633554935455,0.00025,0.11910688132047653,0.0
14573.0,2875.0,37.0,0.0647733211517334,0.00025,0.16185803711414337,0.0
14574.0,2876.0,37.0,0.061812084168195724,0.00025,0.10450264811515808,0.0
14575.0,2877.0,37.0,0.053328756242990494,0.00025,0.12667828798294067,0.0
14576.0,2878.0,37.0,0.04711653292179108,0.00025,0.16975460946559906,0.0
14577.0,2879.0,37.0,0.05885963886976242,0.00025,0.13242322206497192,0.0
14578.0,2880.0,37.0,0.05909132957458496,0.00025,0.14565400779247284,0.0
14579.0,2881.0,37.0,0.06541944295167923,0.00025,0.1674104630947113,0.0
14580.0,2882.0,37.0,0.057804033160209656,0.00025,0.1191617101430893,0.0
14581.0,2883.0,37.0,0.0597204715013504,0.00025,0.17684772610664368,0.0
14582.0,2884.0,37.0,0.05178187042474747,0.00025,0.0900050476193428,0.0
14583.0,2885.0,37.0,0.04143442213535309,0.00025,0.19089512526988983,0.0
14584.0,2886.0,37.0,0.04843277484178543,0.00025,0.0803626999258995,0.0
14585.0,2887.0,37.0,0.06959327310323715,0.00025,0.12408235669136047,0.0
14586.0,2888.0,37.0,0.05433040112257004,0.00025,0.0609215572476387,0.0
14587.0,2889.0,37.0,0.06671546399593353,0.00025,0.08097553253173828,0.0
14588.0,2890.0,37.0,0.06534108519554138,0.00025,0.13056157529354095,0.0
14589.0,2891.0,37.0,0.04964716359972954,0.00025,0.04312034323811531,0.0
14590.0,2892.0,37.0,0.06665675342082977,0.00025,0.1177472174167633,0.0
14591.0,2893.0,37.0,0.0593205988407135,0.00025,0.04789406806230545,0.0
14592.0,2894.0,37.0,0.055651482194662094,0.00025,0.09153705090284348,0.0
14593.0,2895.0,37.0,0.06183610111474991,0.00025,0.11988671869039536,0.0
14594.0,2896.0,37.0,0.0597354881465435,0.00025,0.05165272578597069,0.0
14595.0,2897.0,37.0,0.07107052206993103,0.00025,0.17969384789466858,0.0
14596.0,2898.0,37.0,0.05226721614599228,0.00025,0.09666114300489426,0.0
14597.0,2899.0,37.0,0.04514427110552788,0.00025,0.14982736110687256,0.0
14598.0,2900.0,37.0,0.05737589672207832,0.00025,0.12760891020298004,0.0
14599.0,2901.0,37.0,0.05395309627056122,0.00025,0.10170319676399231,0.0
14600.0,2902.0,37.0,0.05108797550201416,0.00025,0.18322458863258362,0.0
14601.0,2903.0,37.0,0.05839429050683975,0.00025,0.14117349684238434,0.0
14602.0,2904.0,37.0,0.05660483241081238,0.00025,0.08497251570224762,0.0
14603.0,2905.0,37.0,0.05755709856748581,0.00025,0.14131838083267212,0.0
14604.0,2906.0,37.0,0.04891640692949295,0.00025,0.05482356250286102,0.0
14605.0,2907.0,37.0,0.05400899425148964,0.00025,0.1341550648212433,0.0
14606.0,2908.0,37.0,0.07005303353071213,0.00025,0.06484885513782501,0.0
14607.0,2909.0,37.0,0.05450550466775894,0.00025,0.12104015052318573,0.0
14608.0,2910.0,37.0,0.05511341243982315,0.00025,0.08299442380666733,0.0
14609.0,2911.0,37.0,0.06403695791959763,0.00025,0.06921517848968506,0.0
14610.0,2912.0,37.0,0.048350781202316284,0.00025,0.18717539310455322,0.0
14611.0,2913.0,37.0,0.055347882211208344,0.00025,0.0942128375172615,0.0
14612.0,2914.0,37.0,0.05273072421550751,0.00025,0.19211673736572266,0.0
14613.0,2915.0,37.0,0.05810300260782242,0.00025,0.09207379072904587,0.0
14614.0,2916.0,37.0,0.05775720253586769,0.00025,0.16009832918643951,0.0
14615.0,2917.0,37.0,0.0633574053645134,0.00025,0.11442618817090988,0.0
14616.0,2918.0,37.0,0.051582641899585724,0.00025,0.109536312520504,0.0
14617.0,2919.0,37.0,0.057034287601709366,0.00025,0.13383442163467407,0.0
14618.0,2920.0,37.0,0.0643414855003357,0.00025,0.10921484231948853,0.0
14619.0,2921.0,37.0,0.05416102334856987,0.00025,0.11600156873464584,0.0
14620.0,2922.0,37.0,0.053553275763988495,0.00025,0.11751417815685272,0.0
14621.0,2923.0,37.0,0.0459856353700161,0.00025,0.08161625266075134,0.0
14622.0,2924.0,37.0,0.07123461365699768,0.00025,0.09991303086280823,0.0
14623.0,2925.0,37.0,0.057850997895002365,0.00025,0.07793837785720825,0.0
14624.0,2926.0,37.0,0.06934072077274323,0.00025,0.09689406305551529,0.0
14625.0,2927.0,37.0,0.06261548399925232,0.00025,0.09131775796413422,0.0
14626.0,2928.0,37.0,0.046765003353357315,0.00025,0.11352366209030151,0.0
14627.0,2929.0,37.0,0.05153786763548851,0.00025,0.07666786760091782,0.0
14628.0,2930.0,37.0,0.06334573030471802,0.00025,0.10087091475725174,0.0
14629.0,2931.0,37.0,0.04860064759850502,0.00025,0.04918702691793442,0.0
14630.0,2932.0,37.0,0.057289108633995056,0.00025,0.09410107880830765,0.0
14631.0,2933.0,37.0,0.0612637922167778,0.00025,0.06338468194007874,0.0
14632.0,2934.0,37.0,0.043204158544540405,0.00025,0.10655735433101654,0.0
14633.0,2935.0,37.0,0.04531213641166687,0.00025,0.04794074222445488,0.0
14634.0,2936.0,37.0,0.05563013255596161,0.00025,0.11657653003931046,0.0
14635.0,2937.0,37.0,0.04903817176818848,0.00025,0.032764893025159836,0.0
14636.0,2938.0,37.0,0.06605080515146255,0.00025,0.12500059604644775,0.0
14637.0,2939.0,37.0,0.04699339345097542,0.00025,0.0959121584892273,0.0
14638.0,2940.0,37.0,0.07224343717098236,0.00025,0.12322503328323364,0.0
14639.0,2941.0,37.0,0.05862242355942726,0.00025,0.09103748202323914,0.0
14640.0,2942.0,37.0,0.05248670652508736,0.00025,0.1575285643339157,0.0
14641.0,2943.0,37.0,0.05235826224088669,0.00025,0.11454590409994125,0.0
14642.0,2944.0,37.0,0.049333978444337845,0.00025,0.10348362475633621,0.0
14643.0,2945.0,37.0,0.04611033573746681,0.00025,0.15204450488090515,0.0
14644.0,2946.0,37.0,0.042552463710308075,0.00025,0.055370330810546875,0.0
14645.0,2947.0,37.0,0.0570652037858963,0.00025,0.14885050058364868,0.0
14646.0,2948.0,37.0,0.08497254550457001,0.00025,0.08349740505218506,0.0
14647.0,2949.0,37.0,0.04968709871172905,0.00025,0.12260030210018158,0.0
14648.0,2950.0,37.0,0.051409944891929626,0.00025,0.13978956639766693,0.0
14649.0,2951.0,37.0,0.05561767518520355,0.00025,0.11757687479257584,0.0
14650.0,2952.0,37.0,0.06008648872375488,0.00025,0.06009297072887421,0.0
14651.0,2953.0,37.0,0.06358317285776138,0.00025,0.06280916184186935,0.0
14652.0,2954.0,37.0,0.049595028162002563,0.00025,0.06198083609342575,0.0
14653.0,2955.0,37.0,0.05358729511499405,0.00025,0.046315908432006836,0.0
14654.0,2956.0,37.0,0.060415685176849365,0.00025,0.04537491872906685,0.0
14655.0,2957.0,37.0,0.06127660721540451,0.00025,0.09084054082632065,0.0
14656.0,2958.0,37.0,0.050301872193813324,0.00025,0.07460399717092514,0.0
14657.0,2959.0,37.0,0.051711346954107285,0.00025,0.07610216736793518,0.0
14658.0,2960.0,37.0,0.061471376568078995,0.00025,0.09504309296607971,0.0
14659.0,2961.0,37.0,0.05829055607318878,0.00025,0.14686810970306396,0.0
14660.0,2962.0,37.0,0.06156792491674423,0.00025,0.06046398729085922,0.0
14661.0,2963.0,37.0,0.06689847260713577,0.00025,0.15271814167499542,0.0
14662.0,2964.0,37.0,0.05559004843235016,0.00025,0.048259422183036804,0.0
14663.0,2965.0,37.0,0.048577941954135895,0.00025,0.06806336343288422,0.0
14664.0,2966.0,37.0,0.07119065523147583,0.00025,0.09355606138706207,0.0
14665.0,2967.0,37.0,0.056261807680130005,0.00025,0.08504384011030197,0.0
14666.0,2968.0,37.0,0.07255913317203522,0.00025,0.07176898419857025,0.0
14667.0,2969.0,37.0,0.047766610980033875,0.00025,0.06108240783214569,0.0
14668.0,2970.0,37.0,0.06753452122211456,0.00025,0.06471730023622513,0.0
14669.0,2971.0,37.0,0.05791272222995758,0.00025,0.11888058483600616,0.0
14670.0,2972.0,37.0,0.057293325662612915,0.00025,0.11302212625741959,0.0
14671.0,2973.0,37.0,0.055112242698669434,0.00025,0.11643720418214798,0.0
14672.0,2974.0,37.0,0.055551353842020035,0.00025,0.12996995449066162,0.0
14673.0,2975.0,37.0,0.05265944451093674,0.00025,0.15214194357395172,0.0
14674.0,2976.0,37.0,0.043615590780973434,0.00025,0.1160844936966896,0.0
14675.0,2977.0,37.0,0.06372874975204468,0.00025,0.14399541914463043,0.0
14676.0,2978.0,37.0,0.0702383816242218,0.00025,0.13446013629436493,0.0
14677.0,2979.0,37.0,0.05663244426250458,0.00025,0.13756895065307617,0.0
14678.0,2980.0,37.0,0.050052374601364136,0.00025,0.1699303686618805,0.0
14679.0,2981.0,37.0,0.0542919784784317,0.00025,0.16863588988780975,0.0
14680.0,2982.0,37.0,0.0507601797580719,0.00025,0.1603318452835083,0.0
14681.0,2983.0,37.0,0.06697311252355576,0.00025,0.18064893782138824,0.0
14682.0,2984.0,37.0,0.05552268773317337,0.00025,0.12181205302476883,0.0
14683.0,2985.0,37.0,0.06974221765995026,0.00025,0.15992633998394012,0.0
14684.0,2986.0,37.0,0.056084491312503815,0.00025,0.09739294648170471,0.0
14685.0,2987.0,37.0,0.062450241297483444,0.00025,0.15284936130046844,0.0
14686.0,2988.0,37.0,0.052170708775520325,0.00025,0.1012081578373909,0.0
14687.0,2989.0,37.0,0.060293540358543396,0.00025,0.09981396049261093,0.0
14688.0,2990.0,37.0,0.05259037762880325,0.00025,0.11781320720911026,0.0
14689.0,2991.0,37.0,0.0515933483839035,0.00025,0.18293634057044983,0.0
14690.0,2992.0,37.0,0.04869742691516876,0.00025,0.17097923159599304,0.0
14691.0,2993.0,37.0,0.05035451054573059,0.00025,0.138261079788208,0.0
14692.0,2994.0,37.0,0.05697695165872574,0.00025,0.1136951744556427,0.0
14693.0,2995.0,37.0,0.05798109993338585,0.00025,0.22349482774734497,0.0
14694.0,2996.0,37.0,0.06827250123023987,0.00025,0.10563324391841888,0.0
14695.0,2997.0,37.0,0.047937892377376556,0.00025,0.2528635561466217,0.0
14696.0,2998.0,37.0,0.051572300493717194,0.00025,0.0938519611954689,0.0
14697.0,2999.0,37.0,0.047323666512966156,0.00025,0.2784573435783386,0.0
14698.0,3000.0,37.0,0.06542965769767761,0.00025,0.15859660506248474,0.0
14699.0,3001.0,37.0,0.05390480160713196,0.00025,0.1272217333316803,0.0
14700.0,3002.0,37.0,0.0632360652089119,0.00025,0.20988352596759796,0.0
14701.0,3003.0,37.0,0.07178473472595215,0.00025,0.1178566962480545,0.0
14702.0,3004.0,37.0,0.05484413355588913,0.00025,0.17227217555046082,0.0
14703.0,3005.0,37.0,0.06095537543296814,0.00025,0.10899554938077927,0.0
14704.0,3006.0,37.0,0.06575890630483627,0.00025,0.15030799806118011,0.0
14705.0,3007.0,37.0,0.07223206758499146,0.00025,0.15470951795578003,0.0
14706.0,3008.0,37.0,0.05082688480615616,0.00025,0.17069193720817566,0.0
14707.0,3009.0,37.0,0.06039872393012047,0.00025,0.133856862783432,0.0
14708.0,3010.0,37.0,0.06888099759817123,0.00025,0.18537156283855438,0.0
14709.0,3011.0,37.0,0.04738134145736694,0.00025,0.08461213856935501,0.0
14710.0,3012.0,37.0,0.05184195190668106,0.00025,0.17959289252758026,0.0
14711.0,3013.0,37.0,0.06035434827208519,0.00025,0.15994498133659363,0.0
14712.0,3014.0,37.0,0.04764688014984131,0.00025,0.051687199622392654,0.0
14713.0,3015.0,37.0,0.054857537150382996,0.00025,0.1923026144504547,0.0
14714.0,3016.0,37.0,0.05866977944970131,0.00025,0.05812513455748558,0.0
14715.0,3017.0,37.0,0.055023230612277985,0.00025,0.11278578639030457,0.0
14716.0,3018.0,37.0,0.07222650200128555,0.00025,0.13538657128810883,0.0
14717.0,3019.0,37.0,0.05567016452550888,0.00025,0.09021107852458954,0.0
14718.0,3020.0,37.0,0.056482113897800446,0.00025,0.129508838057518,0.0
14719.0,3021.0,37.0,0.04838285595178604,0.00025,0.13749361038208008,0.0
14720.0,3022.0,37.0,0.057731855660676956,0.00025,0.1753862500190735,0.0
14721.0,3023.0,37.0,0.05921236425638199,0.00025,0.10702906548976898,0.0
14722.0,3024.0,37.0,0.06128021702170372,0.00025,0.145149365067482,0.0
14723.0,3025.0,37.0,0.05059407651424408,0.00025,0.12482684850692749,0.0
14724.0,3026.0,37.0,0.05394592881202698,0.00025,0.16161662340164185,0.0
14725.0,3027.0,37.0,0.05827721953392029,0.00025,0.10179848968982697,0.0
14726.0,3028.0,37.0,0.06768153607845306,0.00025,0.198482483625412,0.0
14727.0,3029.0,37.0,0.05702928826212883,0.00025,0.09614139050245285,0.0
14728.0,3030.0,37.0,0.0510183610022068,0.00025,0.14786000549793243,0.0
14729.0,3031.0,37.0,0.06283462047576904,0.00025,0.09192707389593124,0.0
14730.0,3032.0,37.0,0.05880763381719589,0.00025,0.08732778578996658,0.0
14731.0,3033.0,37.0,0.06145070493221283,0.00025,0.08328092843294144,0.0
14732.0,3034.0,37.0,0.058349497616291046,0.00025,0.08397756516933441,0.0
14733.0,3035.0,37.0,0.05428265407681465,0.00025,0.11810500919818878,0.0
14734.0,3036.0,37.0,0.06237718462944031,0.00025,0.09989061206579208,0.0
14735.0,3037.0,37.0,0.06773650646209717,0.00025,0.05799216032028198,0.0
14736.0,3038.0,37.0,0.056406863033771515,0.00025,0.14887075126171112,0.0
14737.0,3039.0,37.0,0.061402030289173126,0.00025,0.09999189525842667,0.0
14738.0,3040.0,37.0,0.04670706018805504,0.00025,0.13161085546016693,0.0
14739.0,3041.0,37.0,0.04117225855588913,0.00025,0.09477449208498001,0.0
14740.0,3042.0,37.0,0.07194308936595917,0.00025,0.09486013650894165,0.0
14741.0,3043.0,37.0,0.04973820596933365,0.00025,0.16192631423473358,0.0
14742.0,3044.0,37.0,0.06236109137535095,0.00025,0.07235965877771378,0.0
14743.0,3045.0,37.0,0.06392881274223328,0.00025,0.1457827389240265,0.0
14744.0,3046.0,37.0,0.053599730134010315,0.00025,0.08605516701936722,0.0
14745.0,3047.0,37.0,0.06153041496872902,0.00025,0.0967571884393692,0.0
14746.0,3048.0,37.0,0.05336584150791168,0.00025,0.1030588299036026,0.0
14747.0,3049.0,37.0,0.06800837814807892,0.00025,0.08656647801399231,0.0
14748.0,3050.0,37.0,0.04428477585315704,0.00025,0.0900547206401825,0.0
14749.0,3051.0,37.0,0.06031397357583046,0.00025,0.08236545324325562,0.0
14750.0,3052.0,37.0,0.05167336016893387,0.00025,0.10509621351957321,0.0
14751.0,3053.0,37.0,0.051810987293720245,0.00025,0.09907696396112442,0.0
14752.0,3054.0,37.0,0.06404587626457214,0.00025,0.1260199248790741,0.0
14753.0,3055.0,37.0,0.06455130875110626,0.00025,0.13034383952617645,0.0
14754.0,3056.0,37.0,0.05793820321559906,0.00025,0.09110196679830551,0.0
14755.0,3057.0,37.0,0.05085377022624016,0.00025,0.16664651036262512,0.0
14756.0,3058.0,37.0,0.07082735002040863,0.00025,0.09870415925979614,0.0
14757.0,3059.0,37.0,0.0522623211145401,0.00025,0.17374546825885773,0.0
14758.0,3060.0,37.0,0.06131349503993988,0.00025,0.10435154289007187,0.0
14759.0,3061.0,37.0,0.06654785573482513,0.00025,0.0784572958946228,0.0
14760.0,3062.0,37.0,0.06675933301448822,0.00025,0.17103317379951477,0.0
14761.0,3063.0,37.0,0.04397691413760185,0.00025,0.04133988916873932,0.0
14762.0,3064.0,37.0,0.04987739771604538,0.00025,0.17784491181373596,0.0
14763.0,3065.0,37.0,0.05746965855360031,0.00025,0.12836678326129913,0.0
14764.0,3066.0,37.0,0.062307797372341156,0.00025,0.16374626755714417,0.0
14765.0,3067.0,37.0,0.04479902237653732,0.00025,0.15601316094398499,0.0
14766.0,3068.0,37.0,0.061259642243385315,0.00025,0.12530411779880524,0.0
14767.0,3069.0,37.0,0.054527558386325836,0.00025,0.17134667932987213,0.0
14768.0,3070.0,37.0,0.0668240338563919,0.00025,0.09459926187992096,0.0
14769.0,3071.0,37.0,0.05200192332267761,0.00025,0.1765253245830536,0.0
14770.0,3072.0,37.0,0.05553680285811424,0.00025,0.10217168182134628,0.0
14771.0,3073.0,37.0,0.059494152665138245,0.00025,0.1770341694355011,0.0
14772.0,3074.0,37.0,0.05933346599340439,0.00025,0.13567551970481873,0.0
14773.0,3075.0,37.0,0.04931451007723808,0.00025,0.1445281207561493,0.0
14774.0,3076.0,37.0,0.060991622507572174,0.00025,0.1532920002937317,0.0
14775.0,3077.0,37.0,0.05321025848388672,0.00025,0.15318237245082855,0.0
14776.0,3078.0,37.0,0.05681895837187767,0.00025,0.13442306220531464,0.0
14777.0,3079.0,37.0,0.06600220501422882,0.00025,0.1033218502998352,0.0
14778.0,3080.0,37.0,0.05363037437200546,0.00025,0.1967572420835495,0.0
14779.0,3081.0,37.0,0.06116054579615593,0.00025,0.09247948974370956,0.0
14780.0,3082.0,37.0,0.04377928376197815,0.00025,0.2584714889526367,0.0
14781.0,3083.0,37.0,0.06940339505672455,0.00025,0.13544566929340363,0.0
14782.0,3084.0,37.0,0.058150287717580795,0.00025,0.20381386578083038,0.0
14783.0,3085.0,37.0,0.0518549382686615,0.00025,0.1925297975540161,0.0
14784.0,3086.0,37.0,0.049272436648607254,0.00025,0.11239515990018845,0.0
14785.0,3087.0,37.0,0.05441251024603844,0.00025,0.20348908007144928,0.0
14786.0,3088.0,37.0,0.04486057162284851,0.00025,0.15849699079990387,0.0
14787.0,3089.0,37.0,0.058825597167015076,0.00025,0.18470756709575653,0.0
14788.0,3090.0,37.0,0.063611701130867,0.00025,0.18673433363437653,0.0
14789.0,3091.0,37.0,0.06329527497291565,0.00025,0.08458088338375092,0.0
14790.0,3092.0,37.0,0.05345527082681656,0.00025,0.15540821850299835,0.0
14791.0,3093.0,37.0,0.049213655292987823,0.00025,0.09530268609523773,0.0
14792.0,3094.0,37.0,0.05019928887486458,0.00025,0.12538422644138336,0.0
14793.0,3095.0,37.0,0.059510111808776855,0.00025,0.06302368640899658,0.0
14794.0,3096.0,37.0,0.06434649229049683,0.00025,0.10859460383653641,0.0
14795.0,3097.0,37.0,0.06584832817316055,0.00025,0.07619068026542664,0.0
14796.0,3098.0,37.0,0.05896596238017082,0.00025,0.12987162172794342,0.0
14797.0,3099.0,37.0,0.04296781122684479,0.00025,0.06654603034257889,0.0
14798.0,3100.0,37.0,0.05389008671045303,0.00025,0.1328062117099762,0.0
14799.0,3101.0,37.0,0.05631820857524872,0.00025,0.09819739311933517,0.0
14800.0,3102.0,37.0,0.056967511773109436,0.00025,0.16468395292758942,0.0
14801.0,3103.0,37.0,0.058786846697330475,0.00025,0.08979533612728119,0.0
14802.0,3104.0,37.0,0.06661956012248993,0.00025,0.09898707270622253,0.0
14803.0,3105.0,37.0,0.07599027454853058,0.00025,0.15113261342048645,0.0
14804.0,3106.0,37.0,0.0425226166844368,0.00025,0.08177972584962845,0.0
14805.0,3107.0,37.0,0.04610664024949074,0.00025,0.1166166439652443,0.0
14806.0,3108.0,37.0,0.06292681396007538,0.00025,0.11207893490791321,0.0
14807.0,3109.0,37.0,0.0576808899641037,0.00025,0.1238073855638504,0.0
14808.0,3110.0,37.0,0.041280291974544525,0.00025,0.13771425187587738,0.0
14809.0,3111.0,37.0,0.06223685294389725,0.00025,0.15230393409729004,0.0
14810.0,3112.0,37.0,0.05350704491138458,0.00025,0.08373372256755829,0.0
14811.0,3113.0,37.0,0.047439560294151306,0.00025,0.06668651103973389,0.0
14812.0,3114.0,37.0,0.056772515177726746,0.00025,0.10354038327932358,0.0
14813.0,3115.0,37.0,0.05740370973944664,0.00025,0.1309579759836197,0.0
14814.0,3116.0,37.0,0.05419269576668739,0.00025,0.1269121617078781,0.0
14815.0,3117.0,37.0,0.0552913062274456,0.00025,0.1285165250301361,0.0
14816.0,3118.0,37.0,0.058905526995658875,0.00025,0.11310815811157227,0.0
14817.0,3119.0,37.0,0.05278266221284866,0.00025,0.19070038199424744,0.0
14818.0,3120.0,37.0,0.05786691606044769,0.00025,0.12128040939569473,0.0
14819.0,3121.0,38.0,0.05786341428756714,0.00025,0.13935312628746033,0.0
14820.0,3122.0,38.0,0.051405757665634155,0.00025,0.108704574406147,0.0
14821.0,3123.0,38.0,0.06722474843263626,0.00025,0.16297881305217743,0.0
14822.0,3124.0,38.0,0.06231025233864784,0.00025,0.09631633013486862,0.0
14823.0,3125.0,38.0,0.06001139432191849,0.00025,0.10813185572624207,0.0
14824.0,3126.0,38.0,0.05619604140520096,0.00025,0.13491347432136536,0.0
14825.0,3127.0,38.0,0.06186896190047264,0.00025,0.041948042809963226,0.0
14826.0,3128.0,38.0,0.06199302524328232,0.00025,0.1817566454410553,0.0
14827.0,3129.0,38.0,0.05548468604683876,0.00025,0.07103507220745087,0.0
14828.0,3130.0,38.0,0.05981649458408356,0.00025,0.19325405359268188,0.0
14829.0,3131.0,38.0,0.07463569939136505,0.00025,0.1354430764913559,0.0
14830.0,3132.0,38.0,0.060769692063331604,0.00025,0.16208027303218842,0.0
14831.0,3133.0,38.0,0.04914535582065582,0.00025,0.11828111857175827,0.0
14832.0,3134.0,38.0,0.05346345901489258,0.00025,0.127203568816185,0.0
14833.0,3135.0,38.0,0.05688449740409851,0.00025,0.2072650045156479,0.0
14834.0,3136.0,38.0,0.05956780165433884,0.00025,0.16225546598434448,0.0
14835.0,3137.0,38.0,0.04925201088190079,0.00025,0.12366996705532074,0.0
14836.0,3138.0,38.0,0.06321141123771667,0.00025,0.19061113893985748,0.0
14837.0,3139.0,38.0,0.047685686498880386,0.00025,0.09770889580249786,0.0
14838.0,3140.0,38.0,0.05847001075744629,0.00025,0.1864306777715683,0.0
14839.0,3141.0,38.0,0.05424993112683296,0.00025,0.1299544870853424,0.0
14840.0,3142.0,38.0,0.06934741884469986,0.00025,0.1728462129831314,0.0
14841.0,3143.0,38.0,0.049852583557367325,0.00025,0.21195127069950104,0.0
14842.0,3144.0,38.0,0.05356498807668686,0.00025,0.1849963515996933,0.0
14843.0,3145.0,38.0,0.06375101953744888,0.00025,0.24377889931201935,0.0
14844.0,3146.0,38.0,0.06418376415967941,0.00025,0.12673823535442352,0.0
14845.0,3147.0,38.0,0.059782255440950394,0.00025,0.239098459482193,0.0
14846.0,3148.0,38.0,0.054612789303064346,0.00025,0.13737305998802185,0.0
14847.0,3149.0,38.0,0.06964024901390076,0.00025,0.16849035024642944,0.0
14848.0,3150.0,38.0,0.06387235224246979,0.00025,0.11616529524326324,0.0
14849.0,3151.0,38.0,0.05845988541841507,0.00025,0.189134880900383,0.0
14850.0,3152.0,38.0,0.06453431397676468,0.00025,0.16429580748081207,0.0
14851.0,3153.0,38.0,0.05231671780347824,0.00025,0.21201972663402557,0.0
14852.0,3154.0,38.0,0.05716437101364136,0.00025,0.1476985514163971,0.0
14853.0,3155.0,38.0,0.05347440019249916,0.00025,0.14224594831466675,0.0
14854.0,3156.0,38.0,0.048245757818222046,0.00025,0.13856007158756256,0.0
14855.0,3157.0,38.0,0.05095204710960388,0.00025,0.12855516374111176,0.0
14856.0,3158.0,38.0,0.051986515522003174,0.00025,0.11701291799545288,0.0
14857.0,3159.0,38.0,0.0658564418554306,0.00025,0.11596319079399109,0.0
14858.0,3160.0,38.0,0.056236907839775085,0.00025,0.12095477432012558,0.0
14859.0,3161.0,38.0,0.06146593019366264,0.00025,0.11891276389360428,0.0
14860.0,3162.0,38.0,0.06874912977218628,0.00025,0.10714315623044968,0.0
14861.0,3163.0,38.0,0.06596989929676056,0.00025,0.12591521441936493,0.0
14862.0,3164.0,38.0,0.05885637551546097,0.00025,0.07163415104150772,0.0
14863.0,3165.0,38.0,0.062105439603328705,0.00025,0.051098041236400604,0.0
14864.0,3166.0,38.0,0.051883868873119354,0.00025,0.10358116775751114,0.0
14865.0,3167.0,38.0,0.05606619268655777,0.00025,0.08542440831661224,0.0
14866.0,3168.0,38.0,0.05354613438248634,0.00025,0.05278053134679794,0.0
14867.0,3169.0,38.0,0.054436951875686646,0.00025,0.07293693721294403,0.0
14868.0,3170.0,38.0,0.05389661341905594,0.00025,0.10207423567771912,0.0
14869.0,3171.0,38.0,0.06379692256450653,0.00025,0.09302973747253418,0.0
14870.0,3172.0,38.0,0.06241874396800995,0.00025,0.049450404942035675,0.0
14871.0,3173.0,38.0,0.05236804485321045,0.00025,0.09328444302082062,0.0
14872.0,3174.0,38.0,0.06915341317653656,0.00025,0.06217050924897194,0.0
14873.0,3175.0,38.0,0.0696544498205185,0.00025,0.1423065960407257,0.0
14874.0,3176.0,38.0,0.07128618657588959,0.00025,0.07636648416519165,0.0
14875.0,3177.0,38.0,0.05622423440217972,0.00025,0.13230657577514648,0.0
14876.0,3178.0,38.0,0.047592148184776306,0.00025,0.10675714910030365,0.0
14877.0,3179.0,38.0,0.07653038203716278,0.00025,0.1254628747701645,0.0
14878.0,3180.0,38.0,0.05761145055294037,0.00025,0.09458907693624496,0.0
14879.0,3181.0,38.0,0.054444000124931335,0.00025,0.07944735884666443,0.0
14880.0,3182.0,38.0,0.054120782762765884,0.00025,0.12687231600284576,0.0
14881.0,3183.0,38.0,0.06188815087080002,0.00025,0.06282676011323929,0.0
14882.0,3184.0,38.0,0.07290622591972351,0.00025,0.09940391033887863,0.0
14883.0,3185.0,38.0,0.06374220550060272,0.00025,0.13882677257061005,0.0
14884.0,3186.0,38.0,0.048635803163051605,0.00025,0.07390188425779343,0.0
14885.0,3187.0,38.0,0.056410957127809525,0.00025,0.10566234588623047,0.0
14886.0,3188.0,38.0,0.059873469173908234,0.00025,0.11906281858682632,0.0
14887.0,3189.0,38.0,0.05728874355554581,0.00025,0.11246169358491898,0.0
14888.0,3190.0,38.0,0.05274461209774017,0.00025,0.11689339578151703,0.0
14889.0,3191.0,38.0,0.0713881105184555,0.00025,0.10130369663238525,0.0
14890.0,3192.0,38.0,0.060805439949035645,0.00025,0.037930771708488464,0.0
14891.0,3193.0,38.0,0.05834893509745598,0.00025,0.09158919751644135,0.0
14892.0,3194.0,38.0,0.0538058765232563,0.00025,0.07815548777580261,0.0
14893.0,3195.0,38.0,0.05646806210279465,0.00025,0.08242739737033844,0.0
14894.0,3196.0,38.0,0.07109412550926208,0.00025,0.07024653255939484,0.0
14895.0,3197.0,38.0,0.04911315441131592,0.00025,0.04072994738817215,0.0
14896.0,3198.0,38.0,0.048542462289333344,0.00025,0.06770815700292587,0.0
14897.0,3199.0,38.0,0.05306649208068848,0.00025,0.06905318051576614,0.0
14898.0,3200.0,38.0,0.048058122396469116,0.00025,0.10112400352954865,0.0
14899.0,3201.0,38.0,0.05173828452825546,0.00025,0.0529991090297699,0.0
14900.0,3202.0,38.0,0.05312886834144592,0.00025,0.08927101641893387,0.0
14901.0,3203.0,38.0,0.05412872135639191,0.00025,0.07886037975549698,0.0
14902.0,3204.0,38.0,0.04482885077595711,0.00025,0.049470484256744385,0.0
14903.0,3205.0,38.0,0.06340032815933228,0.00025,0.07511799782514572,0.0
14904.0,3206.0,38.0,0.06284154951572418,0.00025,0.03706996887922287,0.0
14905.0,3207.0,38.0,0.05983048304915428,0.00025,0.03564564511179924,0.0
14906.0,3208.0,38.0,0.06267984211444855,0.00025,0.08973067998886108,0.0
14907.0,3209.0,38.0,0.06829524040222168,0.00025,0.07344517111778259,0.0
14908.0,3210.0,38.0,0.059824712574481964,0.00025,0.07248290628194809,0.0
14909.0,3211.0,38.0,0.04959379509091377,0.00025,0.07707284390926361,0.0
14910.0,3212.0,38.0,0.04596138000488281,0.00025,0.09848757833242416,0.0
14911.0,3213.0,38.0,0.06354401260614395,0.00025,0.07978638261556625,0.0
14912.0,3214.0,38.0,0.06595739722251892,0.00025,0.10401924699544907,0.0
14913.0,3215.0,38.0,0.06203710287809372,0.00025,0.13941919803619385,0.0
14914.0,3216.0,38.0,0.05632178485393524,0.00025,0.11575298011302948,0.0
14915.0,3217.0,38.0,0.04699372872710228,0.00025,0.1275193691253662,0.0
14916.0,3218.0,38.0,0.06078091263771057,0.00025,0.07064399123191833,0.0
14917.0,3219.0,38.0,0.06714002788066864,0.00025,0.15146499872207642,0.0
14918.0,3220.0,38.0,0.04735945910215378,0.00025,0.07025650888681412,0.0
14919.0,3221.0,38.0,0.04706841707229614,0.00025,0.16391494870185852,0.0
14920.0,3222.0,38.0,0.06538444012403488,0.00025,0.11383955180644989,0.0
14921.0,3223.0,38.0,0.08158883452415466,0.00025,0.057936981320381165,0.0
14922.0,3224.0,38.0,0.051920048892498016,0.00025,0.1457183063030243,0.0
14923.0,3225.0,38.0,0.04679805785417557,0.00025,0.060684684664011,0.0
14924.0,3226.0,38.0,0.07054807245731354,0.00025,0.0700722336769104,0.0
14925.0,3227.0,38.0,0.06377030909061432,0.00025,0.07834465056657791,0.0
14926.0,3228.0,38.0,0.0419422909617424,0.00025,0.1160302683711052,0.0
14927.0,3229.0,38.0,0.054654933512210846,0.00025,0.12250392884016037,0.0
14928.0,3230.0,38.0,0.07156206667423248,0.00025,0.07023272663354874,0.0
14929.0,3231.0,38.0,0.03715955466032028,0.00025,0.12010890245437622,0.0
14930.0,3232.0,38.0,0.046845611184835434,0.00025,0.045412685722112656,0.0
14931.0,3233.0,38.0,0.060225311666727066,0.00025,0.1220589131116867,0.0
14932.0,3234.0,38.0,0.06583833694458008,0.00025,0.05015774816274643,0.0
14933.0,3235.0,38.0,0.06052044779062271,0.00025,0.11389866471290588,0.0
14934.0,3236.0,38.0,0.0503016859292984,0.00025,0.07985858619213104,0.0
14935.0,3237.0,38.0,0.06194641813635826,0.00025,0.09923111647367477,0.0
14936.0,3238.0,38.0,0.05769164860248566,0.00025,0.1054912805557251,0.0
14937.0,3239.0,38.0,0.04590652137994766,0.00025,0.10951804369688034,0.0
14938.0,3240.0,38.0,0.05504181981086731,0.00025,0.07513447850942612,0.0
14939.0,3241.0,38.0,0.04707038030028343,0.00025,0.1147211343050003,0.0
14940.0,3242.0,38.0,0.05461431294679642,0.00025,0.0516425184905529,0.0
14941.0,3243.0,38.0,0.04414369910955429,0.00025,0.13163436949253082,0.0
14942.0,3244.0,38.0,0.06457892060279846,0.00025,0.15215575695037842,0.0
14943.0,3245.0,38.0,0.06085735559463501,0.00025,0.13459128141403198,0.0
14944.0,3246.0,38.0,0.051069214940071106,0.00025,0.24087931215763092,0.0
14945.0,3247.0,38.0,0.04874097555875778,0.00025,0.08833024650812149,0.0
14946.0,3248.0,38.0,0.05554477125406265,0.00025,0.2014501690864563,0.0
14947.0,3249.0,38.0,0.053141236305236816,0.00025,0.12009263783693314,0.0
14948.0,3250.0,38.0,0.04396843910217285,0.00025,0.15550686419010162,0.0
14949.0,3251.0,38.0,0.06510989367961884,0.00025,0.16373257339000702,0.0
14950.0,3252.0,38.0,0.05725698173046112,0.00025,0.09877797961235046,0.0
14951.0,3253.0,38.0,0.060257259756326675,0.00025,0.13048455119132996,0.0
14952.0,3254.0,38.0,0.056160818785429,0.00025,0.15703457593917847,0.0
14953.0,3255.0,38.0,0.05902528762817383,0.00025,0.06553909927606583,0.0
14954.0,3256.0,38.0,0.054207343608140945,0.00025,0.1861010193824768,0.0
14955.0,3257.0,38.0,0.057283639907836914,0.00025,0.036858391016721725,0.0
14956.0,3258.0,38.0,0.06235881149768829,0.00025,0.11746610701084137,0.0
14957.0,3259.0,38.0,0.05813536047935486,0.00025,0.13765372335910797,0.0
14958.0,3260.0,38.0,0.05600344389677048,0.00025,0.1484355628490448,0.0
14959.0,3261.0,38.0,0.06194108724594116,0.00025,0.1310402899980545,0.0
14960.0,3262.0,38.0,0.05559671297669411,0.00025,0.13529111444950104,0.0
14961.0,3263.0,38.0,0.052954576909542084,0.00025,0.05217158421874046,0.0
14962.0,3264.0,38.0,0.0493801012635231,0.00025,0.1302202045917511,0.0
14963.0,3265.0,38.0,0.06027653068304062,0.00025,0.0658913254737854,0.0
14964.0,3266.0,38.0,0.06591105461120605,0.00025,0.10537773370742798,0.0
14965.0,3267.0,38.0,0.06312455236911774,0.00025,0.0661788210272789,0.0
14966.0,3268.0,38.0,0.0618160218000412,0.00025,0.06565719842910767,0.0
14967.0,3269.0,38.0,0.07202593237161636,0.00025,0.10691257566213608,0.0
14968.0,3270.0,38.0,0.04815024137496948,0.00025,0.08341366052627563,0.0
14969.0,3271.0,38.0,0.05256471037864685,0.00025,0.0943714827299118,0.0
14970.0,3272.0,38.0,0.05800950899720192,0.00025,0.05821797996759415,0.0
14971.0,3273.0,38.0,0.06099485978484154,0.00025,0.0802411213517189,0.0
14972.0,3274.0,38.0,0.04700519144535065,0.00025,0.09928224980831146,0.0
14973.0,3275.0,38.0,0.053105052560567856,0.00025,0.03644952550530434,0.0
14974.0,3276.0,38.0,0.06589733064174652,0.00025,0.07879612594842911,0.0
14975.0,3277.0,38.0,0.05177471786737442,0.00025,0.04842418059706688,0.0
14976.0,3278.0,38.0,0.05977332592010498,0.00025,0.12472108751535416,0.0
14977.0,3279.0,38.0,0.06016454100608826,0.00025,0.08864691108465195,0.0
14978.0,3280.0,38.0,0.0544760525226593,0.00025,0.14236266911029816,0.0
14979.0,3281.0,38.0,0.059444308280944824,0.00025,0.10875897854566574,0.0
14980.0,3282.0,38.0,0.06001313030719757,0.00025,0.12184174358844757,0.0
14981.0,3283.0,38.0,0.05307922512292862,0.00025,0.07236489653587341,0.0
14982.0,3284.0,38.0,0.04820879548788071,0.00025,0.081278957426548,0.0
14983.0,3285.0,38.0,0.06662334501743317,0.00025,0.08249092102050781,0.0
14984.0,3286.0,38.0,0.05996653437614441,0.00025,0.08951181918382645,0.0
14985.0,3287.0,38.0,0.05692499130964279,0.00025,0.08698738366365433,0.0
14986.0,3288.0,38.0,0.05365360900759697,0.00025,0.07735828310251236,0.0
14987.0,3289.0,38.0,0.05462189391255379,0.00025,0.12100370973348618,0.0
14988.0,3290.0,38.0,0.06496008485555649,0.00025,0.0661078542470932,0.0
14989.0,3291.0,38.0,0.05886397883296013,0.00025,0.12953057885169983,0.0
14990.0,3292.0,38.0,0.050491660833358765,0.00025,0.05645705759525299,0.0
14991.0,3293.0,38.0,0.052765995264053345,0.00025,0.12290652096271515,0.0
14992.0,3294.0,38.0,0.058769337832927704,0.00025,0.04400945082306862,0.0
14993.0,3295.0,38.0,0.05185135453939438,0.00025,0.04865223914384842,0.0
14994.0,3296.0,38.0,0.07422812283039093,0.00025,0.11002075672149658,0.0
14995.0,3297.0,38.0,0.04478113353252411,0.00025,0.05532194674015045,0.0
14996.0,3298.0,38.0,0.06300417333841324,0.00025,0.11013201624155045,0.0
14997.0,3299.0,38.0,0.07292197644710541,0.00025,0.07693608850240707,0.0
14998.0,3300.0,38.0,0.045619361102581024,0.00025,0.11749172955751419,0.0
14999.0,3301.0,38.0,0.055354043841362,0.00025,0.07486385852098465,0.0
15000.0,3302.0,38.0,0.06410340219736099,0.00025,0.060406725853681564,0.0
15001.0,3303.0,38.0,0.045388489961624146,0.00025,0.10212473571300507,0.0
15002.0,3304.0,38.0,0.049699150025844574,0.00025,0.09244586527347565,0.0
15003.0,3305.0,38.0,0.04477297142148018,0.00025,0.11690469086170197,0.0
15004.0,3306.0,38.0,0.06513343751430511,0.00025,0.12631236016750336,0.0
15005.0,3307.0,38.0,0.052251704037189484,0.00025,0.12435566633939743,0.0
15006.0,3308.0,38.0,0.05470212921500206,0.00025,0.10607542097568512,0.0
15007.0,3309.0,38.0,0.05550484359264374,0.00025,0.07936600595712662,0.0
15008.0,3310.0,38.0,0.05052158609032631,0.00025,0.09616884589195251,0.0
15009.0,3311.0,38.0,0.06294824182987213,0.00025,0.08038927614688873,0.0
15010.0,3312.0,38.0,0.05117611959576607,0.00025,0.06501954793930054,0.0
15011.0,3313.0,38.0,0.04358202964067459,0.00025,0.03424055874347687,0.0
15012.0,3314.0,38.0,0.06714785844087601,0.00025,0.059557005763053894,0.0
15013.0,3315.0,38.0,0.0554790236055851,0.00025,0.06292421370744705,0.0
15014.0,3316.0,38.0,0.06345362216234207,0.00025,0.08248800039291382,0.0
15015.0,3317.0,38.0,0.05334611237049103,0.00025,0.11373608559370041,0.0
15016.0,3318.0,38.0,0.05596254765987396,0.00025,0.12830056250095367,0.0
15017.0,3319.0,38.0,0.04558712989091873,0.00025,0.07995424419641495,0.0
15018.0,3320.0,38.0,0.05649518221616745,0.00025,0.11437224596738815,0.0
15019.0,3321.0,38.0,0.060314666479825974,0.00025,0.0830184668302536,0.0
15020.0,3322.0,38.0,0.058653730899095535,0.00025,0.05629447475075722,0.0
15021.0,3323.0,38.0,0.05672258511185646,0.00025,0.04062257334589958,0.0
15022.0,3324.0,38.0,0.052387647330760956,0.00025,0.19931820034980774,0.0
15023.0,3325.0,38.0,0.049474719911813736,0.00025,0.06695683300495148,0.0
15024.0,3326.0,38.0,0.05619020015001297,0.00025,0.15131768584251404,0.0
15025.0,3327.0,38.0,0.06295492500066757,0.00025,0.07619081437587738,0.0
15026.0,3328.0,38.0,0.06465274095535278,0.00025,0.1029399186372757,0.0
15027.0,3329.0,38.0,0.05912816897034645,0.00025,0.03668934479355812,0.0
15028.0,3330.0,38.0,0.05002662539482117,0.00025,0.06474051624536514,0.0
15029.0,3331.0,38.0,0.06045439839363098,0.00025,0.07438825070858002,0.0
15030.0,3332.0,38.0,0.05702316761016846,0.00025,0.09850411862134933,0.0
15031.0,3333.0,38.0,0.058481086045503616,0.00025,0.05719289556145668,0.0
15032.0,3334.0,38.0,0.06258269399404526,0.00025,0.07861282676458359,0.0
15033.0,3335.0,38.0,0.04771576449275017,0.00025,0.038331467658281326,0.0
15034.0,3336.0,38.0,0.04891464114189148,0.00025,0.14950667321681976,0.0
15035.0,3337.0,38.0,0.07694177329540253,0.00025,0.06398353725671768,0.0
15036.0,3338.0,38.0,0.049190834164619446,0.00025,0.12141795456409454,0.0
15037.0,3339.0,38.0,0.06640314310789108,0.00025,0.06518033891916275,0.0
15038.0,3340.0,38.0,0.06193338334560394,0.00025,0.15583835542201996,0.0
15039.0,3341.0,38.0,0.06634793430566788,0.00025,0.10341743379831314,0.0
15040.0,3342.0,38.0,0.05956204980611801,0.00025,0.1268145889043808,0.0
15041.0,3343.0,38.0,0.06185152754187584,0.00025,0.06987989693880081,0.0
15042.0,3344.0,38.0,0.06459058076143265,0.00025,0.10606832802295685,0.0
15043.0,3345.0,38.0,0.06464117020368576,0.00025,0.1284191757440567,0.0
15044.0,3346.0,38.0,0.062108203768730164,0.00025,0.15854677557945251,0.0
15045.0,3347.0,38.0,0.06722310185432434,0.00025,0.1454286128282547,0.0
15046.0,3348.0,38.0,0.03861488401889801,0.00025,0.14558705687522888,0.0
15047.0,3349.0,38.0,0.06207343190908432,0.00025,0.13020440936088562,0.0
15048.0,3350.0,38.0,0.057221561670303345,0.00025,0.0956612303853035,0.0
15049.0,3351.0,38.0,0.05949420481920242,0.00025,0.13602647185325623,0.0
15050.0,3352.0,38.0,0.054278597235679626,0.00025,0.10451865196228027,0.0
15051.0,3353.0,38.0,0.06248059123754501,0.00025,0.1405951827764511,0.0
15052.0,3354.0,38.0,0.05869302153587341,0.00025,0.12060776352882385,0.0
15053.0,3355.0,38.0,0.05570641905069351,0.00025,0.13516707718372345,0.0
15054.0,3356.0,38.0,0.04806952178478241,0.00025,0.16806696355342865,0.0
15055.0,3357.0,38.0,0.04382812976837158,0.00025,0.14011673629283905,0.0
15056.0,3358.0,38.0,0.056036897003650665,0.00025,0.1783616542816162,0.0
15057.0,3359.0,38.0,0.05498276278376579,0.00025,0.14037585258483887,0.0
15058.0,3360.0,38.0,0.08058483153581619,0.00025,0.20668841898441315,0.0
15059.0,3361.0,38.0,0.05215705931186676,0.00025,0.1626003533601761,0.0
15060.0,3362.0,38.0,0.06651637703180313,0.00025,0.2532612979412079,0.0
15061.0,3363.0,38.0,0.06306955218315125,0.00025,0.10586440563201904,0.0
15062.0,3364.0,38.0,0.052707165479660034,0.00025,0.20916715264320374,0.0
15063.0,3365.0,38.0,0.05217857286334038,0.00025,0.16522586345672607,0.0
15064.0,3366.0,38.0,0.06034580245614052,0.00025,0.15334711968898773,0.0
15065.0,3367.0,38.0,0.05654548481106758,0.00025,0.1580129712820053,0.0
15066.0,3368.0,38.0,0.0559002049267292,0.00025,0.12683752179145813,0.0
15067.0,3369.0,38.0,0.054167602211236954,0.00025,0.13727520406246185,0.0
15068.0,3370.0,38.0,0.060947615653276443,0.00025,0.1671132892370224,0.0
15069.0,3371.0,38.0,0.05112380534410477,0.00025,0.11593562364578247,0.0
15070.0,3372.0,38.0,0.04729992896318436,0.00025,0.19032926857471466,0.0
15071.0,3373.0,38.0,0.055603209882974625,0.00025,0.15004676580429077,0.0
15072.0,3374.0,38.0,0.05734603852033615,0.00025,0.20191125571727753,0.0
15073.0,3375.0,38.0,0.0524149164557457,0.00025,0.1403646618127823,0.0
15074.0,3376.0,38.0,0.058170028030872345,0.00025,0.2194027602672577,0.0
15075.0,3377.0,38.0,0.05244484171271324,0.00025,0.17519177496433258,0.0
15076.0,3378.0,38.0,0.059055231511592865,0.00025,0.14563670754432678,0.0
15077.0,3379.0,38.0,0.047829531133174896,0.00025,0.23393650352954865,0.0
15078.0,3380.0,38.0,0.04643211513757706,0.00025,0.09866217523813248,0.0
15079.0,3381.0,38.0,0.060590360313653946,0.00025,0.265218049287796,0.0
15080.0,3382.0,38.0,0.06573742628097534,0.00025,0.15684036910533905,0.0
15081.0,3383.0,38.0,0.05672597885131836,0.00025,0.1730957180261612,0.0
15082.0,3384.0,38.0,0.05829322338104248,0.00025,0.21548110246658325,0.0
15083.0,3385.0,38.0,0.048808515071868896,0.00025,0.13860324025154114,0.0
15084.0,3386.0,38.0,0.05968588963150978,0.00025,0.20853394269943237,0.0
15085.0,3387.0,38.0,0.060894280672073364,0.00025,0.21047751605510712,0.0
15086.0,3388.0,38.0,0.06259863078594208,0.00025,0.15802814066410065,0.0
15087.0,3389.0,38.0,0.07143694162368774,0.00025,0.18355414271354675,0.0
15088.0,3390.0,38.0,0.05037695914506912,0.00025,0.1460614651441574,0.0
15089.0,3391.0,38.0,0.05529100447893143,0.00025,0.14745230972766876,0.0
15090.0,3392.0,38.0,0.05330340564250946,0.00025,0.12278386205434799,0.0
15091.0,3393.0,38.0,0.05527824908494949,0.00025,0.08578658103942871,0.0
15092.0,3394.0,38.0,0.05747959017753601,0.00025,0.13130949437618256,0.0
15093.0,3395.0,38.0,0.056161023676395416,0.00025,0.11850018054246902,0.0
15094.0,3396.0,38.0,0.06631069630384445,0.00025,0.041731543838977814,0.0
15095.0,3397.0,38.0,0.054022353142499924,0.00025,0.09951329976320267,0.0
15096.0,3398.0,38.0,0.05997424200177193,0.00025,0.07816357910633087,0.0
15097.0,3399.0,38.0,0.06072257459163666,0.00025,0.1314055621623993,0.0
15098.0,3400.0,38.0,0.064348503947258,0.00025,0.07462325692176819,0.0
15099.0,3401.0,38.0,0.06567120552062988,0.00025,0.0680205374956131,0.0
15100.0,3402.0,38.0,0.06743106245994568,0.00025,0.03586068004369736,0.0
15101.0,3403.0,38.0,0.06171802431344986,0.00025,0.07122010737657547,0.0
15102.0,3404.0,38.0,0.06375040113925934,0.00025,0.08055317401885986,0.0
15103.0,3405.0,38.0,0.05509575456380844,0.00025,0.07264384627342224,0.0
15104.0,3406.0,38.0,0.05778820067644119,0.00025,0.1156797781586647,0.0
15105.0,3407.0,38.0,0.050818655639886856,0.00025,0.05313880369067192,0.0
15106.0,3408.0,38.0,0.061563633382320404,0.00025,0.11169476062059402,0.0
15107.0,3409.0,38.0,0.045180387794971466,0.00025,0.037000931799411774,0.0
15108.0,3410.0,38.0,0.05511074513196945,0.00025,0.07313007116317749,0.0
15109.0,3411.0,38.0,0.03968585282564163,0.00025,0.05376841872930527,0.0
15110.0,3412.0,38.0,0.055564332753419876,0.00025,0.054141487926244736,0.0
15111.0,3413.0,38.0,0.059092290699481964,0.00025,0.06755275279283524,0.0
15112.0,3414.0,38.0,0.05424371361732483,0.00025,0.1375821828842163,0.0
15113.0,3415.0,38.0,0.05547984689474106,0.00025,0.06466229259967804,0.0
15114.0,3416.0,38.0,0.047018829733133316,0.00025,0.14957678318023682,0.0
15115.0,3417.0,38.0,0.053572557866573334,0.00025,0.04625647887587547,0.0
15116.0,3418.0,38.0,0.06965010613203049,0.00025,0.1848868429660797,0.0
15117.0,3419.0,38.0,0.05136062577366829,0.00025,0.08383237570524216,0.0
15118.0,3420.0,38.0,0.05783858150243759,0.00025,0.17446333169937134,0.0
15119.0,3421.0,38.0,0.07210949063301086,0.00025,0.15286345779895782,0.0
15120.0,3422.0,38.0,0.05534401535987854,0.00025,0.09484761208295822,0.0
15121.0,3423.0,38.0,0.05380673706531525,0.00025,0.18828843533992767,0.0
15122.0,3424.0,38.0,0.041896894574165344,0.00025,0.14801616966724396,0.0
15123.0,3425.0,38.0,0.059856802225112915,0.00025,0.12207753211259842,0.0
15124.0,3426.0,38.0,0.05968362092971802,0.00025,0.14909866452217102,0.0
15125.0,3427.0,38.0,0.051375582814216614,0.00025,0.23760932683944702,0.0
15126.0,3428.0,38.0,0.050133489072322845,0.00025,0.13098682463169098,0.0
15127.0,3429.0,38.0,0.06261470913887024,0.00025,0.20224471390247345,0.0
15128.0,3430.0,38.0,0.058015838265419006,0.00025,0.11673425883054733,0.0
15129.0,3431.0,38.0,0.05844733119010925,0.00025,0.21695365011692047,0.0
15130.0,3432.0,38.0,0.05837398022413254,0.00025,0.14269158244132996,0.0
15131.0,3433.0,38.0,0.04789089411497116,0.00025,0.18132053315639496,0.0
15132.0,3434.0,38.0,0.06245258077979088,0.00025,0.17708449065685272,0.0
15133.0,3435.0,38.0,0.06015634536743164,0.00025,0.08691757917404175,0.0
15134.0,3436.0,38.0,0.062081798911094666,0.00025,0.2286679595708847,0.0
15135.0,3437.0,38.0,0.05937720090150833,0.00025,0.08262325078248978,0.0
15136.0,3438.0,38.0,0.06234440580010414,0.00025,0.14636313915252686,0.0
15137.0,3439.0,38.0,0.057964690029621124,0.00025,0.1298442929983139,0.0
15138.0,3440.0,38.0,0.04773484170436859,0.00025,0.15575987100601196,0.0
15139.0,3441.0,38.0,0.05620516464114189,0.00025,0.13241548836231232,0.0
15140.0,3442.0,38.0,0.05097241699695587,0.00025,0.15010453760623932,0.0
15141.0,3443.0,38.0,0.060380689799785614,0.00025,0.10645923763513565,0.0
15142.0,3444.0,38.0,0.054274048656225204,0.00025,0.21354280412197113,0.0
15143.0,3445.0,38.0,0.04736385494470596,0.00025,0.12189280986785889,0.0
15144.0,3446.0,38.0,0.04497838765382767,0.00025,0.08922270685434341,0.0
15145.0,3447.0,38.0,0.05437073856592178,0.00025,0.19607533514499664,0.0
15146.0,3448.0,38.0,0.06361851841211319,0.00025,0.06633204966783524,0.0
15147.0,3449.0,38.0,0.06116219237446785,0.00025,0.16683849692344666,0.0
15148.0,3450.0,38.0,0.05917830765247345,0.00025,0.08863820880651474,0.0
15149.0,3451.0,38.0,0.06220029294490814,0.00025,0.12164464592933655,0.0
15150.0,3452.0,38.0,0.06205393746495247,0.00025,0.13669688999652863,0.0
15151.0,3453.0,38.0,0.07189732789993286,0.00025,0.11355569958686829,0.0
15152.0,3454.0,38.0,0.05142955854535103,0.00025,0.09460293501615524,0.0
15153.0,3455.0,38.0,0.05435418710112572,0.00025,0.12231363356113434,0.0
15154.0,3456.0,38.0,0.05244428291916847,0.00025,0.10519901663064957,0.0
15155.0,3457.0,38.0,0.07410543411970139,0.00025,0.16702485084533691,0.0
15156.0,3458.0,38.0,0.05649976804852486,0.00025,0.06603159755468369,0.0
15157.0,3459.0,38.0,0.05384933203458786,0.00025,0.12601378560066223,0.0
15158.0,3460.0,38.0,0.060976408421993256,0.00025,0.08274875581264496,0.0
15159.0,3461.0,38.0,0.04839477315545082,0.00025,0.1305989772081375,0.0
15160.0,3462.0,38.0,0.04961254075169563,0.00025,0.07047310471534729,0.0
15161.0,3463.0,38.0,0.04698827862739563,0.00025,0.18206019699573517,0.0
15162.0,3464.0,38.0,0.06759992986917496,0.00025,0.07832537591457367,0.0
15163.0,3465.0,38.0,0.05658631771802902,0.00025,0.17125093936920166,0.0
15164.0,3466.0,38.0,0.06631790101528168,0.00025,0.13008306920528412,0.0
15165.0,3467.0,38.0,0.05705060064792633,0.00025,0.0639849603176117,0.0
15166.0,3468.0,38.0,0.05118079483509064,0.00025,0.06007284298539162,0.0
15167.0,3469.0,38.0,0.0565105639398098,0.00025,0.06502260267734528,0.0
15168.0,3470.0,38.0,0.05762135982513428,0.00025,0.05922602489590645,0.0
15169.0,3471.0,38.0,0.05129507556557655,0.00025,0.13331754505634308,0.0
15170.0,3472.0,38.0,0.0571279376745224,0.00025,0.05775533244013786,0.0
15171.0,3473.0,38.0,0.058017998933792114,0.00025,0.20404565334320068,0.0
15172.0,3474.0,38.0,0.07074341177940369,0.00025,0.06724891811609268,0.0
15173.0,3475.0,38.0,0.048449769616127014,0.00025,0.1934240162372589,0.0
15174.0,3476.0,38.0,0.058475807309150696,0.00025,0.06757387518882751,0.0
15175.0,3477.0,38.0,0.06892664730548859,0.00025,0.11326742172241211,0.0
15176.0,3478.0,38.0,0.05868517979979515,0.00025,0.10049527138471603,0.0
15177.0,3479.0,38.0,0.06870716065168381,0.00025,0.08192866295576096,0.0
15178.0,3480.0,38.0,0.05574687942862511,0.00025,0.06617596745491028,0.0
15179.0,3481.0,38.0,0.050903767347335815,0.00025,0.06242458149790764,0.0
15180.0,3482.0,38.0,0.07075490057468414,0.00025,0.058794859796762466,0.0
15181.0,3483.0,38.0,0.054677095264196396,0.00025,0.09642505645751953,0.0
15182.0,3484.0,38.0,0.05141019821166992,0.00025,0.04638425260782242,0.0
15183.0,3485.0,38.0,0.05668789893388748,0.00025,0.07399296015501022,0.0
15184.0,3486.0,38.0,0.06838595122098923,0.00025,0.06308276206254959,0.0
15185.0,3487.0,38.0,0.05632219463586807,0.00025,0.055227722972631454,0.0
15186.0,3488.0,38.0,0.051951173692941666,0.00025,0.09578272700309753,0.0
15187.0,3489.0,38.0,0.061383478343486786,0.00025,0.1476346254348755,0.0
15188.0,3490.0,38.0,0.05255364626646042,0.00025,0.10660248249769211,0.0
15189.0,3491.0,38.0,0.05886043980717659,0.00025,0.1501893401145935,0.0
15190.0,3492.0,38.0,0.054666630923748016,0.00025,0.08246947824954987,0.0
15191.0,3493.0,38.0,0.05375387519598007,0.00025,0.13171765208244324,0.0
15192.0,3494.0,38.0,0.04334311932325363,0.00025,0.04636269807815552,0.0
15193.0,3495.0,38.0,0.048332579433918,0.00025,0.1702960580587387,0.0
15194.0,3496.0,38.0,0.05057200789451599,0.00025,0.10075639933347702,0.0
15195.0,3497.0,38.0,0.05432334914803505,0.00025,0.09217313677072525,0.0
15196.0,3498.0,38.0,0.047364771366119385,0.00025,0.16288553178310394,0.0
15197.0,3499.0,38.0,0.050239816308021545,0.00025,0.08454655110836029,0.0
15198.0,3500.0,38.0,0.05509892478585243,0.00025,0.11286858469247818,0.0
15199.0,3501.0,38.0,0.07372714579105377,0.00025,0.0913151279091835,0.0
15200.0,3502.0,38.0,0.05723365768790245,0.00025,0.15910838544368744,0.0
15201.0,3503.0,38.0,0.05562971532344818,0.00025,0.05892718955874443,0.0
15202.0,3504.0,38.0,0.054622113704681396,0.00025,0.18394328653812408,0.0
15203.0,3505.0,38.0,0.06264247000217438,0.00025,0.12467479705810547,0.0
15204.0,3506.0,38.0,0.058877650648355484,0.00025,0.13481369614601135,0.0
15205.0,3507.0,38.0,0.04996047168970108,0.00025,0.08835636079311371,0.0
15206.0,3508.0,38.0,0.06129005551338196,0.00025,0.05838676914572716,0.0
15207.0,3509.0,38.0,0.05564689636230469,0.00025,0.08529416471719742,0.0
15208.0,3510.0,38.0,0.05852223187685013,0.00025,0.07983468472957611,0.0
15209.0,3511.0,39.0,0.059020522981882095,0.00025,0.11662674695253372,0.0
15210.0,3512.0,39.0,0.05169147998094559,0.00025,0.12078683823347092,0.0
15211.0,3513.0,39.0,0.06144781783223152,0.00025,0.12593403458595276,0.0
15212.0,3514.0,39.0,0.06485466659069061,0.00025,0.14056146144866943,0.0
15213.0,3515.0,39.0,0.061700668185949326,0.00025,0.09178287535905838,0.0
15214.0,3516.0,39.0,0.045540787279605865,0.00025,0.15469543635845184,0.0
15215.0,3517.0,39.0,0.052180565893650055,0.00025,0.17306020855903625,0.0
15216.0,3518.0,39.0,0.05599752813577652,0.00025,0.10826794803142548,0.0
15217.0,3519.0,39.0,0.08070968091487885,0.00025,0.18556691706180573,0.0
15218.0,3520.0,39.0,0.05884695425629616,0.00025,0.05733608081936836,0.0
15219.0,3521.0,39.0,0.0462033674120903,0.00025,0.14452272653579712,0.0
15220.0,3522.0,39.0,0.05513264983892441,0.00025,0.13036730885505676,0.0
15221.0,3523.0,39.0,0.0535690039396286,0.00025,0.14631836116313934,0.0
15222.0,3524.0,39.0,0.048880353569984436,0.00025,0.16761939227581024,0.0
15223.0,3525.0,39.0,0.05473923683166504,0.00025,0.10742993652820587,0.0
15224.0,3526.0,39.0,0.06717342883348465,0.00025,0.1549951583147049,0.0
15225.0,3527.0,39.0,0.06175343692302704,0.00025,0.0681336298584938,0.0
15226.0,3528.0,39.0,0.07488632202148438,0.00025,0.06640005111694336,0.0
15227.0,3529.0,39.0,0.05839458107948303,0.00025,0.10506156831979752,0.0
15228.0,3530.0,39.0,0.04942877218127251,0.00025,0.06542135030031204,0.0
15229.0,3531.0,39.0,0.046746864914894104,0.00025,0.1077081635594368,0.0
15230.0,3532.0,39.0,0.05249274522066116,0.00025,0.07317473739385605,0.0
15231.0,3533.0,39.0,0.052230656147003174,0.00025,0.07839077711105347,0.0
15232.0,3534.0,39.0,0.05310282111167908,0.00025,0.04426151141524315,0.0
15233.0,3535.0,39.0,0.06933756172657013,0.00025,0.10164173692464828,0.0
15234.0,3536.0,39.0,0.05500905588269234,0.00025,0.062016576528549194,0.0
15235.0,3537.0,39.0,0.049804434180259705,0.00025,0.10521595925092697,0.0
15236.0,3538.0,39.0,0.061732929199934006,0.00025,0.06391628086566925,0.0
15237.0,3539.0,39.0,0.05599898844957352,0.00025,0.08537432551383972,0.0
15238.0,3540.0,39.0,0.06530384719371796,0.00025,0.053965721279382706,0.0
15239.0,3541.0,39.0,0.055353082716464996,0.00025,0.09197305142879486,0.0
15240.0,3542.0,39.0,0.04692349582910538,0.00025,0.07086294889450073,0.0
15241.0,3543.0,39.0,0.06246163696050644,0.00025,0.058813437819480896,0.0
15242.0,3544.0,39.0,0.05207117646932602,0.00025,0.09080860018730164,0.0
15243.0,3545.0,39.0,0.045840583741664886,0.00025,0.08541048318147659,0.0
15244.0,3546.0,39.0,0.047714050859212875,0.00025,0.17326508462429047,0.0
15245.0,3547.0,39.0,0.04418611526489258,0.00025,0.046139154583215714,0.0
15246.0,3548.0,39.0,0.05743098258972168,0.00025,0.2102489173412323,0.0
15247.0,3549.0,39.0,0.05910967290401459,0.00025,0.04675168916583061,0.0
15248.0,3550.0,39.0,0.060065966099500656,0.00025,0.1516384780406952,0.0
15249.0,3551.0,39.0,0.0648982971906662,0.00025,0.06620901823043823,0.0
15250.0,3552.0,39.0,0.07888149470090866,0.00025,0.1633644551038742,0.0
15251.0,3553.0,39.0,0.05751429498195648,0.00025,0.08903983980417252,0.0
15252.0,3554.0,39.0,0.052611738443374634,0.00025,0.14632123708724976,0.0
15253.0,3555.0,39.0,0.046599648892879486,0.00025,0.1280713975429535,0.0
15254.0,3556.0,39.0,0.0466415211558342,0.00025,0.15773135423660278,0.0
15255.0,3557.0,39.0,0.06489167362451553,0.00025,0.1606818437576294,0.0
15256.0,3558.0,39.0,0.050181396305561066,0.00025,0.18060387670993805,0.0
15257.0,3559.0,39.0,0.06465983390808105,0.00025,0.1468789428472519,0.0
15258.0,3560.0,39.0,0.07111199200153351,0.00025,0.08550035953521729,0.0
15259.0,3561.0,39.0,0.0613018237054348,0.00025,0.15381191670894623,0.0
15260.0,3562.0,39.0,0.04889130964875221,0.00025,0.03944500535726547,0.0
15261.0,3563.0,39.0,0.051541395485401154,0.00025,0.17308096587657928,0.0
15262.0,3564.0,39.0,0.056474827229976654,0.00025,0.05052865296602249,0.0
15263.0,3565.0,39.0,0.06204138323664665,0.00025,0.09830281883478165,0.0
15264.0,3566.0,39.0,0.06663835793733597,0.00025,0.09049542993307114,0.0
15265.0,3567.0,39.0,0.04984944313764572,0.00025,0.08907772600650787,0.0
15266.0,3568.0,39.0,0.08114970475435257,0.00025,0.12920349836349487,0.0
15267.0,3569.0,39.0,0.06444566696882248,0.00025,0.08054531365633011,0.0
15268.0,3570.0,39.0,0.05633174628019333,0.00025,0.09845783561468124,0.0
15269.0,3571.0,39.0,0.055442050099372864,0.00025,0.1155586689710617,0.0
15270.0,3572.0,39.0,0.06397756189107895,0.00025,0.09164438396692276,0.0
15271.0,3573.0,39.0,0.047266263514757156,0.00025,0.17269384860992432,0.0
15272.0,3574.0,39.0,0.0557963028550148,0.00025,0.06961075961589813,0.0
15273.0,3575.0,39.0,0.05016325041651726,0.00025,0.15793965756893158,0.0
15274.0,3576.0,39.0,0.06025718152523041,0.00025,0.10416849702596664,0.0
15275.0,3577.0,39.0,0.06574712693691254,0.00025,0.07072199881076813,0.0
15276.0,3578.0,39.0,0.06824566423892975,0.00025,0.1378769874572754,0.0
15277.0,3579.0,39.0,0.06083701178431511,0.00025,0.09557858854532242,0.0
15278.0,3580.0,39.0,0.048218145966529846,0.00025,0.12405885756015778,0.0
15279.0,3581.0,39.0,0.04944658651947975,0.00025,0.1028623878955841,0.0
15280.0,3582.0,39.0,0.04809609055519104,0.00025,0.1024596244096756,0.0
15281.0,3583.0,39.0,0.0579509511590004,0.00025,0.12116492539644241,0.0
15282.0,3584.0,39.0,0.043935395777225494,0.00025,0.10718097537755966,0.0
15283.0,3585.0,39.0,0.052134376019239426,0.00025,0.11110951006412506,0.0
15284.0,3586.0,39.0,0.06862813234329224,0.00025,0.10946425795555115,0.0
15285.0,3587.0,39.0,0.05651325359940529,0.00025,0.11262857168912888,0.0
15286.0,3588.0,39.0,0.05201037973165512,0.00025,0.09116219729185104,0.0
15287.0,3589.0,39.0,0.06408575177192688,0.00025,0.09532328695058823,0.0
15288.0,3590.0,39.0,0.0601208359003067,0.00025,0.08442334085702896,0.0
15289.0,3591.0,39.0,0.052493855357170105,0.00025,0.11733558773994446,0.0
15290.0,3592.0,39.0,0.05413901060819626,0.00025,0.0696525126695633,0.0
15291.0,3593.0,39.0,0.05679373815655708,0.00025,0.12275953590869904,0.0
15292.0,3594.0,39.0,0.05865718424320221,0.00025,0.1094704121351242,0.0
15293.0,3595.0,39.0,0.05470342934131622,0.00025,0.17313933372497559,0.0
15294.0,3596.0,39.0,0.06423642486333847,0.00025,0.09527825564146042,0.0
15295.0,3597.0,39.0,0.07138890773057938,0.00025,0.16513514518737793,0.0
15296.0,3598.0,39.0,0.0815308690071106,0.00025,0.16466927528381348,0.0
15297.0,3599.0,39.0,0.04653614014387131,0.00025,0.12372487783432007,0.0
15298.0,3600.0,39.0,0.04006844013929367,0.00025,0.1845252960920334,0.0
15299.0,3601.0,39.0,0.06171482056379318,0.00025,0.08196202665567398,0.0
15300.0,3602.0,39.0,0.06843377649784088,0.00025,0.1650225967168808,0.0
15301.0,3603.0,39.0,0.05490591749548912,0.00025,0.11603488773107529,0.0
15302.0,3604.0,39.0,0.07027918100357056,0.00025,0.09059078991413116,0.0
15303.0,3605.0,39.0,0.04890597239136696,0.00025,0.14488229155540466,0.0
15304.0,3606.0,39.0,0.05562423914670944,0.00025,0.07185067981481552,0.0
15305.0,3607.0,39.0,0.06301166117191315,0.00025,0.17057549953460693,0.0
15306.0,3608.0,39.0,0.04670344293117523,0.00025,0.10564767569303513,0.0
15307.0,3609.0,39.0,0.05624444782733917,0.00025,0.13755327463150024,0.0
15308.0,3610.0,39.0,0.07237113267183304,0.00025,0.13292014598846436,0.0
15309.0,3611.0,39.0,0.05804122984409332,0.00025,0.06361305713653564,0.0
15310.0,3612.0,39.0,0.0528593435883522,0.00025,0.22332540154457092,0.0
15311.0,3613.0,39.0,0.05802248418331146,0.00025,0.1335126906633377,0.0
15312.0,3614.0,39.0,0.05977301672101021,0.00025,0.21831530332565308,0.0
15313.0,3615.0,39.0,0.06186545640230179,0.00025,0.1822938770055771,0.0
15314.0,3616.0,39.0,0.07028481364250183,0.00025,0.1692367047071457,0.0
15315.0,3617.0,39.0,0.06190132349729538,0.00025,0.21672026813030243,0.0
15316.0,3618.0,39.0,0.06441311538219452,0.00025,0.13157153129577637,0.0
15317.0,3619.0,39.0,0.05017140135169029,0.00025,0.16752873361110687,0.0
15318.0,3620.0,39.0,0.06311900913715363,0.00025,0.11521733552217484,0.0
15319.0,3621.0,39.0,0.07291287183761597,0.00025,0.15489302575588226,0.0
15320.0,3622.0,39.0,0.06294716149568558,0.00025,0.11672918498516083,0.0
15321.0,3623.0,39.0,0.06848961114883423,0.00025,0.08305995166301727,0.0
15322.0,3624.0,39.0,0.06746456027030945,0.00025,0.15321098268032074,0.0
15323.0,3625.0,39.0,0.06626851856708527,0.00025,0.08544421195983887,0.0
15324.0,3626.0,39.0,0.0677168220281601,0.00025,0.1561966985464096,0.0
15325.0,3627.0,39.0,0.052291542291641235,0.00025,0.08799541741609573,0.0
15326.0,3628.0,39.0,0.049647342413663864,0.00025,0.04518797993659973,0.0
15327.0,3629.0,39.0,0.056510765105485916,0.00025,0.15907636284828186,0.0
15328.0,3630.0,39.0,0.052712779492139816,0.00025,0.08933204412460327,0.0
15329.0,3631.0,39.0,0.05632274970412254,0.00025,0.19764985144138336,0.0
15330.0,3632.0,39.0,0.07292096316814423,0.00025,0.06969264149665833,0.0
15331.0,3633.0,39.0,0.05715802311897278,0.00025,0.08436368405818939,0.0
15332.0,3634.0,39.0,0.06482386589050293,0.00025,0.10166711360216141,0.0
15333.0,3635.0,39.0,0.04420042783021927,0.00025,0.04307879880070686,0.0
15334.0,3636.0,39.0,0.05028631538152695,0.00025,0.11084412038326263,0.0
15335.0,3637.0,39.0,0.040177419781684875,0.00025,0.09083476662635803,0.0
15336.0,3638.0,39.0,0.07032688707113266,0.00025,0.10100898891687393,0.0
15337.0,3639.0,39.0,0.046994227916002274,0.00025,0.10553990304470062,0.0
15338.0,3640.0,39.0,0.062251824885606766,0.00025,0.11666915565729141,0.0
15339.0,3641.0,39.0,0.054937101900577545,0.00025,0.10404133796691895,0.0
15340.0,3642.0,39.0,0.05576901510357857,0.00025,0.10893489420413971,0.0
15341.0,3643.0,39.0,0.06265464425086975,0.00025,0.09215176850557327,0.0
15342.0,3644.0,39.0,0.05874954164028168,0.00025,0.09960313141345978,0.0
15343.0,3645.0,39.0,0.056386325508356094,0.00025,0.15255895256996155,0.0
15344.0,3646.0,39.0,0.03940543532371521,0.00025,0.13181211054325104,0.0
15345.0,3647.0,39.0,0.05668211728334427,0.00025,0.17942120134830475,0.0
15346.0,3648.0,39.0,0.057068027555942535,0.00025,0.1429223269224167,0.0
15347.0,3649.0,39.0,0.06219295412302017,0.00025,0.1875978410243988,0.0
15348.0,3650.0,39.0,0.05314021557569504,0.00025,0.15076108276844025,0.0
15349.0,3651.0,39.0,0.05644971504807472,0.00025,0.09531744569540024,0.0
15350.0,3652.0,39.0,0.055442240089178085,0.00025,0.18359586596488953,0.0
15351.0,3653.0,39.0,0.04983408749103546,0.00025,0.08918754011392593,0.0
15352.0,3654.0,39.0,0.05537912994623184,0.00025,0.17106279730796814,0.0
15353.0,3655.0,39.0,0.05167573690414429,0.00025,0.19667492806911469,0.0
15354.0,3656.0,39.0,0.06344922631978989,0.00025,0.13643372058868408,0.0
15355.0,3657.0,39.0,0.04742173105478287,0.00025,0.23235999047756195,0.0
15356.0,3658.0,39.0,0.058085907250642776,0.00025,0.10348591953516006,0.0
15357.0,3659.0,39.0,0.05479533225297928,0.00025,0.24269826710224152,0.0
15358.0,3660.0,39.0,0.04831541329622269,0.00025,0.08918469399213791,0.0
15359.0,3661.0,39.0,0.036777667701244354,0.00025,0.18781669437885284,0.0
15360.0,3662.0,39.0,0.053706102073192596,0.00025,0.1566050946712494,0.0
15361.0,3663.0,39.0,0.05041157081723213,0.00025,0.1766289919614792,0.0
15362.0,3664.0,39.0,0.04936324432492256,0.00025,0.20896343886852264,0.0
15363.0,3665.0,39.0,0.045010119676589966,0.00025,0.1697741597890854,0.0
15364.0,3666.0,39.0,0.05983525514602661,0.00025,0.18195484578609467,0.0
15365.0,3667.0,39.0,0.06832434982061386,0.00025,0.17679844796657562,0.0
15366.0,3668.0,39.0,0.05687698349356651,0.00025,0.20434945821762085,0.0
15367.0,3669.0,39.0,0.04306819289922714,0.00025,0.21256005764007568,0.0
15368.0,3670.0,39.0,0.04894914850592613,0.00025,0.17423184216022491,0.0
15369.0,3671.0,39.0,0.050800397992134094,0.00025,0.16245323419570923,0.0
15370.0,3672.0,39.0,0.03889159858226776,0.00025,0.13334384560585022,0.0
15371.0,3673.0,39.0,0.058254044502973557,0.00025,0.10957767069339752,0.0
15372.0,3674.0,39.0,0.0505400113761425,0.00025,0.15894652903079987,0.0
15373.0,3675.0,39.0,0.04921184107661247,0.00025,0.06712579727172852,0.0
15374.0,3676.0,39.0,0.055116359144449234,0.00025,0.13222937285900116,0.0
15375.0,3677.0,39.0,0.05860181897878647,0.00025,0.08479991555213928,0.0
15376.0,3678.0,39.0,0.05422886088490486,0.00025,0.11325520277023315,0.0
15377.0,3679.0,39.0,0.053714655339717865,0.00025,0.06345158815383911,0.0
15378.0,3680.0,39.0,0.05895131453871727,0.00025,0.08822602778673172,0.0
15379.0,3681.0,39.0,0.05590549111366272,0.00025,0.08460815995931625,0.0
15380.0,3682.0,39.0,0.04209109768271446,0.00025,0.14823907613754272,0.0
15381.0,3683.0,39.0,0.05405033007264137,0.00025,0.11833082139492035,0.0
15382.0,3684.0,39.0,0.054025836288928986,0.00025,0.10574441403150558,0.0
15383.0,3685.0,39.0,0.052262499928474426,0.00025,0.09649596363306046,0.0
15384.0,3686.0,39.0,0.04524634778499603,0.00025,0.0987001359462738,0.0
15385.0,3687.0,39.0,0.058002255856990814,0.00025,0.07217243313789368,0.0
15386.0,3688.0,39.0,0.05940929055213928,0.00025,0.12729352712631226,0.0
15387.0,3689.0,39.0,0.05621133744716644,0.00025,0.09881173819303513,0.0
15388.0,3690.0,39.0,0.049041666090488434,0.00025,0.05296456441283226,0.0
15389.0,3691.0,39.0,0.05222959816455841,0.00025,0.09551143646240234,0.0
15390.0,3692.0,39.0,0.054450951516628265,0.00025,0.11436761915683746,0.0
15391.0,3693.0,39.0,0.04433703422546387,0.00025,0.1109839454293251,0.0
15392.0,3694.0,39.0,0.05397277697920799,0.00025,0.12036345154047012,0.0
15393.0,3695.0,39.0,0.05129515007138252,0.00025,0.0313468761742115,0.0
15394.0,3696.0,39.0,0.06908175349235535,0.00025,0.18149453401565552,0.0
15395.0,3697.0,39.0,0.050896838307380676,0.00025,0.046330906450748444,0.0
15396.0,3698.0,39.0,0.05792509764432907,0.00025,0.1421438306570053,0.0
15397.0,3699.0,39.0,0.06943812221288681,0.00025,0.11681398004293442,0.0
15398.0,3700.0,39.0,0.0474996492266655,0.00025,0.08657912909984589,0.0
15399.0,3701.0,39.0,0.06389821320772171,0.00025,0.13835644721984863,0.0
15400.0,3702.0,39.0,0.05767819285392761,0.00025,0.10447560250759125,0.0
15401.0,3703.0,39.0,0.06652957201004028,0.00025,0.1565948873758316,0.0
15402.0,3704.0,39.0,0.06889170408248901,0.00025,0.08787816762924194,0.0
15403.0,3705.0,39.0,0.053585782647132874,0.00025,0.061103690415620804,0.0
15404.0,3706.0,39.0,0.048966649919748306,0.00025,0.20817290246486664,0.0
15405.0,3707.0,39.0,0.06200949102640152,0.00025,0.07742711901664734,0.0
15406.0,3708.0,39.0,0.06597720086574554,0.00025,0.11096619814634323,0.0
15407.0,3709.0,39.0,0.04181292653083801,0.00025,0.0950593575835228,0.0
15408.0,3710.0,39.0,0.06293796002864838,0.00025,0.07137711346149445,0.0
15409.0,3711.0,39.0,0.05978980287909508,0.00025,0.12967151403427124,0.0
15410.0,3712.0,39.0,0.05357804894447327,0.00025,0.058541473001241684,0.0
15411.0,3713.0,39.0,0.05398201569914818,0.00025,0.04335193708539009,0.0
15412.0,3714.0,39.0,0.05075237900018692,0.00025,0.11109139770269394,0.0
15413.0,3715.0,39.0,0.05446850508451462,0.00025,0.07012413442134857,0.0
15414.0,3716.0,39.0,0.06185734644532204,0.00025,0.12428092211484909,0.0
15415.0,3717.0,39.0,0.05866643041372299,0.00025,0.11661653965711594,0.0
15416.0,3718.0,39.0,0.052308082580566406,0.00025,0.0916106104850769,0.0
15417.0,3719.0,39.0,0.04369347169995308,0.00025,0.09838174283504486,0.0
15418.0,3720.0,39.0,0.04704767465591431,0.00025,0.038512591272592545,0.0
15419.0,3721.0,39.0,0.06704072654247284,0.00025,0.1289636194705963,0.0
15420.0,3722.0,39.0,0.04860313981771469,0.00025,0.11424297839403152,0.0
15421.0,3723.0,39.0,0.05548858270049095,0.00025,0.12467571347951889,0.0
15422.0,3724.0,39.0,0.05975458770990372,0.00025,0.07139774411916733,0.0
15423.0,3725.0,39.0,0.057077616453170776,0.00025,0.12383589148521423,0.0
15424.0,3726.0,39.0,0.056386157870292664,0.00025,0.0654926523566246,0.0
15425.0,3727.0,39.0,0.07228516042232513,0.00025,0.15220624208450317,0.0
15426.0,3728.0,39.0,0.06429993361234665,0.00025,0.06353690475225449,0.0
15427.0,3729.0,39.0,0.05072943866252899,0.00025,0.13299641013145447,0.0
15428.0,3730.0,39.0,0.06435280293226242,0.00025,0.043787602335214615,0.0
15429.0,3731.0,39.0,0.058379579335451126,0.00025,0.1024220809340477,0.0
15430.0,3732.0,39.0,0.055508341640233994,0.00025,0.04584348574280739,0.0
15431.0,3733.0,39.0,0.06746535003185272,0.00025,0.06646022200584412,0.0
15432.0,3734.0,39.0,0.06210324913263321,0.00025,0.10558642446994781,0.0
15433.0,3735.0,39.0,0.05928272008895874,0.00025,0.08128906041383743,0.0
15434.0,3736.0,39.0,0.052452452480793,0.00025,0.1881372183561325,0.0
15435.0,3737.0,39.0,0.06484146416187286,0.00025,0.13442562520503998,0.0
15436.0,3738.0,39.0,0.049375981092453,0.00025,0.15070758759975433,0.0
15437.0,3739.0,39.0,0.050010278820991516,0.00025,0.14218173921108246,0.0
15438.0,3740.0,39.0,0.06942413747310638,0.00025,0.1578831523656845,0.0
15439.0,3741.0,39.0,0.05453643202781677,0.00025,0.1860610395669937,0.0
15440.0,3742.0,39.0,0.07349620759487152,0.00025,0.12447948753833771,0.0
15441.0,3743.0,39.0,0.0588710755109787,0.00025,0.1243368536233902,0.0
15442.0,3744.0,39.0,0.04870091378688812,0.00025,0.047453414648771286,0.0
15443.0,3745.0,39.0,0.04604988917708397,0.00025,0.14652401208877563,0.0
15444.0,3746.0,39.0,0.062333930283784866,0.00025,0.11162915080785751,0.0
15445.0,3747.0,39.0,0.060161374509334564,0.00025,0.08138463646173477,0.0
15446.0,3748.0,39.0,0.05591403692960739,0.00025,0.09319591522216797,0.0
15447.0,3749.0,39.0,0.05171627551317215,0.00025,0.07693862915039062,0.0
15448.0,3750.0,39.0,0.0500602051615715,0.00025,0.11525125801563263,0.0
15449.0,3751.0,39.0,0.05707656964659691,0.00025,0.12438478320837021,0.0
15450.0,3752.0,39.0,0.05927582457661629,0.00025,0.11533922702074051,0.0
15451.0,3753.0,39.0,0.0569026842713356,0.00025,0.10370077192783356,0.0
15452.0,3754.0,39.0,0.04380903020501137,0.00025,0.11350824683904648,0.0
15453.0,3755.0,39.0,0.054401300847530365,0.00025,0.1495460420846939,0.0
15454.0,3756.0,39.0,0.044624973088502884,0.00025,0.1444845348596573,0.0
15455.0,3757.0,39.0,0.057065367698669434,0.00025,0.14305523037910461,0.0
15456.0,3758.0,39.0,0.06329911202192307,0.00025,0.15397359430789948,0.0
15457.0,3759.0,39.0,0.038027409464120865,0.00025,0.11757153272628784,0.0
15458.0,3760.0,39.0,0.051863983273506165,0.00025,0.13831272721290588,0.0
15459.0,3761.0,39.0,0.06729983538389206,0.00025,0.053799718618392944,0.0
15460.0,3762.0,39.0,0.05333450436592102,0.00025,0.10624469071626663,0.0
15461.0,3763.0,39.0,0.06739693135023117,0.00025,0.08802272379398346,0.0
15462.0,3764.0,39.0,0.06291533261537552,0.00025,0.12946270406246185,0.0
15463.0,3765.0,39.0,0.06191017106175423,0.00025,0.08307897299528122,0.0
15464.0,3766.0,39.0,0.04632091522216797,0.00025,0.15953829884529114,0.0
15465.0,3767.0,39.0,0.06712350249290466,0.00025,0.09200510382652283,0.0
15466.0,3768.0,39.0,0.046244338154792786,0.00025,0.17837421596050262,0.0
15467.0,3769.0,39.0,0.07589301466941833,0.00025,0.09168986231088638,0.0
15468.0,3770.0,39.0,0.047646358609199524,0.00025,0.1755639910697937,0.0
15469.0,3771.0,39.0,0.06119449436664581,0.00025,0.05067230015993118,0.0
15470.0,3772.0,39.0,0.05072932690382004,0.00025,0.06521434336900711,0.0
15471.0,3773.0,39.0,0.06860505044460297,0.00025,0.10477205365896225,0.0
15472.0,3774.0,39.0,0.06616384536027908,0.00025,0.06835520267486572,0.0
15473.0,3775.0,39.0,0.04635912925004959,0.00025,0.1147799864411354,0.0
15474.0,3776.0,39.0,0.05733286961913109,0.00025,0.09038269519805908,0.0
15475.0,3777.0,39.0,0.06780502200126648,0.00025,0.0672844722867012,0.0
15476.0,3778.0,39.0,0.0423753447830677,0.00025,0.10644789040088654,0.0
15477.0,3779.0,39.0,0.04478231817483902,0.00025,0.09216943383216858,0.0
15478.0,3780.0,39.0,0.05800779163837433,0.00025,0.09241537749767303,0.0
15479.0,3781.0,39.0,0.06487253308296204,0.00025,0.04570223018527031,0.0
15480.0,3782.0,39.0,0.06367483735084534,0.00025,0.09058604389429092,0.0
15481.0,3783.0,39.0,0.056600041687488556,0.00025,0.08501381427049637,0.0
15482.0,3784.0,39.0,0.05495656281709671,0.00025,0.1191473975777626,0.0
15483.0,3785.0,39.0,0.05694117397069931,0.00025,0.14593106508255005,0.0
15484.0,3786.0,39.0,0.06735485792160034,0.00025,0.15492065250873566,0.0
15485.0,3787.0,39.0,0.050106264650821686,0.00025,0.14334511756896973,0.0
15486.0,3788.0,39.0,0.058737315237522125,0.00025,0.1431264579296112,0.0
15487.0,3789.0,39.0,0.06552045047283173,0.00025,0.14548736810684204,0.0
15488.0,3790.0,39.0,0.056222546845674515,0.00025,0.1087515577673912,0.0
15489.0,3791.0,39.0,0.05944252014160156,0.00025,0.16508322954177856,0.0
15490.0,3792.0,39.0,0.053103748708963394,0.00025,0.08147314935922623,0.0
15491.0,3793.0,39.0,0.05772961676120758,0.00025,0.19979417324066162,0.0
15492.0,3794.0,39.0,0.05257289111614227,0.00025,0.09862072765827179,0.0
15493.0,3795.0,39.0,0.05112569034099579,0.00025,0.16715218126773834,0.0
15494.0,3796.0,39.0,0.05702558904886246,0.00025,0.13950428366661072,0.0
15495.0,3797.0,39.0,0.054520078003406525,0.00025,0.16771990060806274,0.0
15496.0,3798.0,39.0,0.05392211675643921,0.00025,0.1997167468070984,0.0
15497.0,3799.0,39.0,0.06331298500299454,0.00025,0.15444257855415344,0.0
15498.0,3800.0,39.0,0.06204989552497864,0.00025,0.20701199769973755,0.0
15499.0,3801.0,39.0,0.06119681894779205,0.00025,0.15382421016693115,0.0
15500.0,3802.0,39.0,0.056196026504039764,0.00025,0.22306489944458008,0.0
15501.0,3803.0,39.0,0.05620231479406357,0.00025,0.10512004047632217,0.0
15502.0,3804.0,39.0,0.0635995864868164,0.00025,0.23022544384002686,0.0
15503.0,3805.0,39.0,0.060154352337121964,0.00025,0.1676316261291504,0.0
15504.0,3806.0,39.0,0.06200968474149704,0.00025,0.2041817456483841,0.0
15505.0,3807.0,39.0,0.05576583370566368,0.00025,0.21960686147212982,0.0
15506.0,3808.0,39.0,0.04559161514043808,0.00025,0.18475809693336487,0.0
15507.0,3809.0,39.0,0.045382656157016754,0.00025,0.21936984360218048,0.0
15508.0,3810.0,39.0,0.04456496983766556,0.00025,0.12196599692106247,0.0
15509.0,3811.0,39.0,0.06124641001224518,0.00025,0.19694210588932037,0.0
15510.0,3812.0,39.0,0.054844219237565994,0.00025,0.14290623366832733,0.0
15511.0,3813.0,39.0,0.06713700294494629,0.00025,0.2518281042575836,0.0
15512.0,3814.0,39.0,0.05552560091018677,0.00025,0.0631040409207344,0.0
15513.0,3815.0,39.0,0.04784848541021347,0.00025,0.2780762314796448,0.0
15514.0,3816.0,39.0,0.058429744094610214,0.00025,0.11447567492723465,0.0
15515.0,3817.0,39.0,0.06268829107284546,0.00025,0.2513517737388611,0.0
15516.0,3818.0,39.0,0.0542476624250412,0.00025,0.1394176334142685,0.0
15517.0,3819.0,39.0,0.05683249980211258,0.00025,0.18200361728668213,0.0
15518.0,3820.0,39.0,0.05621213838458061,0.00025,0.16511644423007965,0.0
15519.0,3821.0,39.0,0.05183400958776474,0.00025,0.17435602843761444,0.0
15520.0,3822.0,39.0,0.05366627871990204,0.00025,0.14662905037403107,0.0
15521.0,3823.0,39.0,0.06112389266490936,0.00025,0.12765343487262726,0.0
15522.0,3824.0,39.0,0.0710446685552597,0.00025,0.09392011910676956,0.0
15523.0,3825.0,39.0,0.05282370001077652,0.00025,0.21331429481506348,0.0
15524.0,3826.0,39.0,0.05503447353839874,0.00025,0.1537751406431198,0.0
15525.0,3827.0,39.0,0.05427376180887222,0.00025,0.1548715978860855,0.0
15526.0,3828.0,39.0,0.04968777298927307,0.00025,0.16767366230487823,0.0
15527.0,3829.0,39.0,0.04442434012889862,0.00025,0.1289478838443756,0.0
15528.0,3830.0,39.0,0.062191762030124664,0.00025,0.16776591539382935,0.0
15529.0,3831.0,39.0,0.05438661575317383,0.00025,0.0733550637960434,0.0
15530.0,3832.0,39.0,0.049757737666368484,0.00025,0.13477669656276703,0.0
15531.0,3833.0,39.0,0.05751607567071915,0.00025,0.12353482097387314,0.0
15532.0,3834.0,39.0,0.0582449808716774,0.00025,0.13246630132198334,0.0
15533.0,3835.0,39.0,0.059892985969781876,0.00025,0.06140827387571335,0.0
15534.0,3836.0,39.0,0.06598982959985733,0.00025,0.09873370081186295,0.0
15535.0,3837.0,39.0,0.04564649611711502,0.00025,0.10134227573871613,0.0
15536.0,3838.0,39.0,0.053001295775175095,0.00025,0.1509961634874344,0.0
15537.0,3839.0,39.0,0.06306110322475433,0.00025,0.04875951632857323,0.0
15538.0,3840.0,39.0,0.056832753121852875,0.00025,0.19585533440113068,0.0
15539.0,3841.0,39.0,0.048362016677856445,0.00025,0.05234197527170181,0.0
15540.0,3842.0,39.0,0.054170943796634674,0.00025,0.18028026819229126,0.0
15541.0,3843.0,39.0,0.05831097811460495,0.00025,0.0844428688287735,0.0
15542.0,3844.0,39.0,0.058499775826931,0.00025,0.1296861320734024,0.0
15543.0,3845.0,39.0,0.04983443021774292,0.00025,0.12825754284858704,0.0
15544.0,3846.0,39.0,0.06620242446660995,0.00025,0.09313210099935532,0.0
15545.0,3847.0,39.0,0.042445532977581024,0.00025,0.09877566993236542,0.0
15546.0,3848.0,39.0,0.05331886187195778,0.00025,0.08543740212917328,0.0
15547.0,3849.0,39.0,0.06402680277824402,0.00025,0.11222197860479355,0.0
15548.0,3850.0,39.0,0.06698787212371826,0.00025,0.09199794381856918,0.0
15549.0,3851.0,39.0,0.06718408316373825,0.00025,0.1295069009065628,0.0
15550.0,3852.0,39.0,0.04578321427106857,0.00025,0.12699301540851593,0.0
15551.0,3853.0,39.0,0.05627050995826721,0.00025,0.09198303520679474,0.0
15552.0,3854.0,39.0,0.045449599623680115,0.00025,0.07183494418859482,0.0
15553.0,3855.0,39.0,0.069820336997509,0.00025,0.11513445526361465,0.0
15554.0,3856.0,39.0,0.053708355873823166,0.00025,0.093722403049469,0.0
15555.0,3857.0,39.0,0.06698202341794968,0.00025,0.12359519302845001,0.0
15556.0,3858.0,39.0,0.06055886298418045,0.00025,0.09633944183588028,0.0
15557.0,3859.0,39.0,0.05821697413921356,0.00025,0.08210528641939163,0.0
15558.0,3860.0,39.0,0.06170777603983879,0.00025,0.14571312069892883,0.0
15559.0,3861.0,39.0,0.062290798872709274,0.00025,0.10382993519306183,0.0
15560.0,3862.0,39.0,0.06037846952676773,0.00025,0.11293396353721619,0.0
15561.0,3863.0,39.0,0.06992974877357483,0.00025,0.12120532989501953,0.0
15562.0,3864.0,39.0,0.05943291634321213,0.00025,0.03502323105931282,0.0
15563.0,3865.0,39.0,0.050253503024578094,0.00025,0.1100124791264534,0.0
15564.0,3866.0,39.0,0.06435325741767883,0.00025,0.138942688703537,0.0
15565.0,3867.0,39.0,0.058566100895404816,0.00025,0.08588887751102448,0.0
15566.0,3868.0,39.0,0.07255865633487701,0.00025,0.1357492059469223,0.0
15567.0,3869.0,39.0,0.06239551305770874,0.00025,0.10538086295127869,0.0
15568.0,3870.0,39.0,0.06463956832885742,0.00025,0.143837109208107,0.0
15569.0,3871.0,39.0,0.06091081351041794,0.00025,0.15905004739761353,0.0
15570.0,3872.0,39.0,0.060409337282180786,0.00025,0.06076601892709732,0.0
15571.0,3873.0,39.0,0.062151819467544556,0.00025,0.15223608911037445,0.0
15572.0,3874.0,39.0,0.05447850376367569,0.00025,0.049879658967256546,0.0
15573.0,3875.0,39.0,0.04917070269584656,0.00025,0.13186074793338776,0.0
15574.0,3876.0,39.0,0.049870532006025314,0.00025,0.10436280816793442,0.0
15575.0,3877.0,39.0,0.06444142758846283,0.00025,0.11941158771514893,0.0
15576.0,3878.0,39.0,0.05888485163450241,0.00025,0.03761034831404686,0.0
15577.0,3879.0,39.0,0.062344714999198914,0.00025,0.12329058349132538,0.0
15578.0,3880.0,39.0,0.0616733618080616,0.00025,0.1133858859539032,0.0
15579.0,3881.0,39.0,0.04792177304625511,0.00025,0.13175129890441895,0.0
15580.0,3882.0,39.0,0.06364255398511887,0.00025,0.07473938912153244,0.0
15581.0,3883.0,39.0,0.06071043759584427,0.00025,0.11042547225952148,0.0
15582.0,3884.0,39.0,0.05349066108465195,0.00025,0.07671413570642471,0.0
15583.0,3885.0,39.0,0.06197674572467804,0.00025,0.04650009423494339,0.0
15584.0,3886.0,39.0,0.054105326533317566,0.00025,0.15896816551685333,0.0
15585.0,3887.0,39.0,0.0666678249835968,0.00025,0.07096295803785324,0.0
15586.0,3888.0,39.0,0.07102037966251373,0.00025,0.1427244246006012,0.0
15587.0,3889.0,39.0,0.0725458413362503,0.00025,0.09809784591197968,0.0
15588.0,3890.0,39.0,0.0522289015352726,0.00025,0.12321542203426361,0.0
15589.0,3891.0,39.0,0.04474620148539543,0.00025,0.10851750522851944,0.0
15590.0,3892.0,39.0,0.06688245385885239,0.00025,0.08067481964826584,0.0
15591.0,3893.0,39.0,0.056256938725709915,0.00025,0.1141834408044815,0.0
15592.0,3894.0,39.0,0.057220686227083206,0.00025,0.11932208389043808,0.0
15593.0,3895.0,39.0,0.04677314683794975,0.00025,0.05974547937512398,0.0
15594.0,3896.0,39.0,0.06991782784461975,0.00025,0.06486186385154724,0.0
15595.0,3897.0,39.0,0.05343646556138992,0.00025,0.0774732381105423,0.0
15596.0,3898.0,39.0,0.06004433333873749,0.00025,0.041323471814394,0.0
15597.0,3899.0,39.0,0.05513608083128929,0.00025,0.09217679500579834,0.0
15598.0,3900.0,39.0,0.0458468496799469,0.00025,0.08234117180109024,0.0
15599.0,3901.0,40.0,0.05474384129047394,0.00025,0.09585999697446823,0.0
15600.0,3902.0,40.0,0.061931855976581573,0.00025,0.14921127259731293,0.0
15601.0,3903.0,40.0,0.048113685101270676,0.00025,0.0696132630109787,0.0
15602.0,3904.0,40.0,0.06358040869235992,0.00025,0.174287348985672,0.0
15603.0,3905.0,40.0,0.06149870157241821,0.00025,0.0781053826212883,0.0
15604.0,3906.0,40.0,0.06456077098846436,0.00025,0.14450955390930176,0.0
15605.0,3907.0,40.0,0.04742208123207092,0.00025,0.11537832766771317,0.0
15606.0,3908.0,40.0,0.056353919208049774,0.00025,0.050958599895238876,0.0
15607.0,3909.0,40.0,0.06967233121395111,0.00025,0.07033075392246246,0.0
15608.0,3910.0,40.0,0.06894990801811218,0.00025,0.09747990220785141,0.0
15609.0,3911.0,40.0,0.05511394143104553,0.00025,0.06236395612359047,0.0
15610.0,3912.0,40.0,0.07326367497444153,0.00025,0.10712125152349472,0.0
15611.0,3913.0,40.0,0.051103945821523666,0.00025,0.08401990681886673,0.0
15612.0,3914.0,40.0,0.05967077985405922,0.00025,0.04352612793445587,0.0
15613.0,3915.0,40.0,0.06434250622987747,0.00025,0.17061050236225128,0.0
15614.0,3916.0,40.0,0.05840551480650902,0.00025,0.061977729201316833,0.0
15615.0,3917.0,40.0,0.051380839198827744,0.00025,0.17290018498897552,0.0
15616.0,3918.0,40.0,0.05969742685556412,0.00025,0.1522064208984375,0.0
15617.0,3919.0,40.0,0.06270971149206161,0.00025,0.1533294916152954,0.0
15618.0,3920.0,40.0,0.06700015068054199,0.00025,0.1795124113559723,0.0
15619.0,3921.0,40.0,0.05774245411157608,0.00025,0.09917740523815155,0.0
15620.0,3922.0,40.0,0.056425824761390686,0.00025,0.16958390176296234,0.0
15621.0,3923.0,40.0,0.06806924939155579,0.00025,0.04193151369690895,0.0
15622.0,3924.0,40.0,0.05127439647912979,0.00025,0.18596196174621582,0.0
15623.0,3925.0,40.0,0.06550051271915436,0.00025,0.11574739217758179,0.0
15624.0,3926.0,40.0,0.047354474663734436,0.00025,0.2051505297422409,0.0
15625.0,3927.0,40.0,0.05774536728858948,0.00025,0.1541309505701065,0.0
15626.0,3928.0,40.0,0.056086137890815735,0.00025,0.19773025810718536,0.0
15627.0,3929.0,40.0,0.051703616976737976,0.00025,0.13370998203754425,0.0
15628.0,3930.0,40.0,0.057099681347608566,0.00025,0.1446283757686615,0.0
15629.0,3931.0,40.0,0.06593345105648041,0.00025,0.1275728940963745,0.0
15630.0,3932.0,40.0,0.0546276718378067,0.00025,0.14669030904769897,0.0
15631.0,3933.0,40.0,0.057601623237133026,0.00025,0.07240602374076843,0.0
15632.0,3934.0,40.0,0.06181216984987259,0.00025,0.04823126643896103,0.0
15633.0,3935.0,40.0,0.07422128319740295,0.00025,0.1374739110469818,0.0
15634.0,3936.0,40.0,0.0688074454665184,0.00025,0.040568191558122635,0.0
15635.0,3937.0,40.0,0.048702437430620193,0.00025,0.2166566103696823,0.0
15636.0,3938.0,40.0,0.06722446531057358,0.00025,0.08922044932842255,0.0
15637.0,3939.0,40.0,0.05743793398141861,0.00025,0.2279616892337799,0.0
15638.0,3940.0,40.0,0.05842569097876549,0.00025,0.05004199221730232,0.0
15639.0,3941.0,40.0,0.05520171672105789,0.00025,0.18895016610622406,0.0
15640.0,3942.0,40.0,0.06173153594136238,0.00025,0.11284968256950378,0.0
15641.0,3943.0,40.0,0.05425123870372772,0.00025,0.13980065286159515,0.0
15642.0,3944.0,40.0,0.06775635480880737,0.00025,0.09418552368879318,0.0
15643.0,3945.0,40.0,0.05695727467536926,0.00025,0.15627707540988922,0.0
15644.0,3946.0,40.0,0.059251170605421066,0.00025,0.03491000458598137,0.0
15645.0,3947.0,40.0,0.07569421827793121,0.00025,0.1263214498758316,0.0
15646.0,3948.0,40.0,0.05366654321551323,0.00025,0.05960119515657425,0.0
15647.0,3949.0,40.0,0.06432093679904938,0.00025,0.08961574733257294,0.0
15648.0,3950.0,40.0,0.05973199009895325,0.00025,0.09230630844831467,0.0
15649.0,3951.0,40.0,0.06022819131612778,0.00025,0.08241883665323257,0.0
15650.0,3952.0,40.0,0.05235227942466736,0.00025,0.09838062524795532,0.0
15651.0,3953.0,40.0,0.04697703570127487,0.00025,0.0361933633685112,0.0
15652.0,3954.0,40.0,0.06118881702423096,0.00025,0.06881927698850632,0.0
15653.0,3955.0,40.0,0.04577668756246567,0.00025,0.046007636934518814,0.0
15654.0,3956.0,40.0,0.06414078176021576,0.00025,0.07116729021072388,0.0
15655.0,3957.0,40.0,0.05466778576374054,0.00025,0.10063747316598892,0.0
15656.0,3958.0,40.0,0.053585879504680634,0.00025,0.07996765524148941,0.0
15657.0,3959.0,40.0,0.055333785712718964,0.00025,0.06718789786100388,0.0
15658.0,3960.0,40.0,0.06524386256933212,0.00025,0.06789257377386093,0.0
15659.0,3961.0,40.0,0.06359899789094925,0.00025,0.06087535619735718,0.0
15660.0,3962.0,40.0,0.046218328177928925,0.00025,0.08317607641220093,0.0
15661.0,3963.0,40.0,0.06247822195291519,0.00025,0.04901929572224617,0.0
15662.0,3964.0,40.0,0.05070122331380844,0.00025,0.10718326270580292,0.0
15663.0,3965.0,40.0,0.05528637021780014,0.00025,0.0497918501496315,0.0
15664.0,3966.0,40.0,0.04893236234784126,0.00025,0.20718103647232056,0.0
15665.0,3967.0,40.0,0.06333094835281372,0.00025,0.05246235802769661,0.0
15666.0,3968.0,40.0,0.06653441488742828,0.00025,0.17772553861141205,0.0
15667.0,3969.0,40.0,0.04719582200050354,0.00025,0.10012909770011902,0.0
15668.0,3970.0,40.0,0.0533345565199852,0.00025,0.2025950700044632,0.0
15669.0,3971.0,40.0,0.04593268409371376,0.00025,0.12811584770679474,0.0
15670.0,3972.0,40.0,0.06225923076272011,0.00025,0.1683533787727356,0.0
15671.0,3973.0,40.0,0.048664189875125885,0.00025,0.10192740708589554,0.0
15672.0,3974.0,40.0,0.07886524498462677,0.00025,0.1420741081237793,0.0
15673.0,3975.0,40.0,0.06429706513881683,0.00025,0.10317596048116684,0.0
15674.0,3976.0,40.0,0.06943048536777496,0.00025,0.14247608184814453,0.0
15675.0,3977.0,40.0,0.06006080284714699,0.00025,0.08403944224119186,0.0
15676.0,3978.0,40.0,0.04895457252860069,0.00025,0.13242694735527039,0.0
15677.0,3979.0,40.0,0.064597487449646,0.00025,0.10091258585453033,0.0
15678.0,3980.0,40.0,0.07786779850721359,0.00025,0.05305595323443413,0.0
15679.0,3981.0,40.0,0.07928819209337234,0.00025,0.14960011839866638,0.0
15680.0,3982.0,40.0,0.06431697309017181,0.00025,0.036901965737342834,0.0
15681.0,3983.0,40.0,0.05933377891778946,0.00025,0.06973139196634293,0.0
15682.0,3984.0,40.0,0.05379168689250946,0.00025,0.06774305552244186,0.0
15683.0,3985.0,40.0,0.05592374876141548,0.00025,0.07196468859910965,0.0
15684.0,3986.0,40.0,0.055951014161109924,0.00025,0.0690334290266037,0.0
15685.0,3987.0,40.0,0.04763505607843399,0.00025,0.09137358516454697,0.0
15686.0,3988.0,40.0,0.061989687383174896,0.00025,0.03905971348285675,0.0
15687.0,3989.0,40.0,0.05049775168299675,0.00025,0.12717531621456146,0.0
15688.0,3990.0,40.0,0.05067923665046692,0.00025,0.08417186141014099,0.0
15689.0,3991.0,40.0,0.04907885938882828,0.00025,0.04366542771458626,0.0
15690.0,3992.0,40.0,0.0471574142575264,0.00025,0.07710035145282745,0.0
15691.0,3993.0,40.0,0.049699753522872925,0.00025,0.08469069004058838,0.0
15692.0,3994.0,40.0,0.05785199999809265,0.00025,0.042984575033187866,0.0
15693.0,3995.0,40.0,0.07187576591968536,0.00025,0.08465693145990372,0.0
15694.0,3996.0,40.0,0.05867144092917442,0.00025,0.14144685864448547,0.0
15695.0,3997.0,40.0,0.06985107064247131,0.00025,0.08075132220983505,0.0
15696.0,3998.0,40.0,0.04899311810731888,0.00025,0.14725729823112488,0.0
15697.0,3999.0,40.0,0.06511428207159042,0.00025,0.1251751035451889,0.0
15698.0,4000.0,40.0,0.0518643781542778,0.00025,0.10852128267288208,0.0
15699.0,4001.0,40.0,0.0527358278632164,0.00025,0.1362648904323578,0.0
15700.0,4002.0,40.0,0.06370001286268234,0.00025,0.04364006966352463,0.0
15701.0,4003.0,40.0,0.055803801864385605,0.00025,0.0793318897485733,0.0
15702.0,4004.0,40.0,0.0470086932182312,0.00025,0.18007636070251465,0.0
15703.0,4005.0,40.0,0.05112236738204956,0.00025,0.07876387238502502,0.0
15704.0,4006.0,40.0,0.042418889701366425,0.00025,0.168736070394516,0.0
15705.0,4007.0,40.0,0.049426570534706116,0.00025,0.03792639449238777,0.0
15706.0,4008.0,40.0,0.05936102569103241,0.00025,0.174205482006073,0.0
15707.0,4009.0,40.0,0.05353223532438278,0.00025,0.0669182762503624,0.0
15708.0,4010.0,40.0,0.0679124966263771,0.00025,0.0606313981115818,0.0
15709.0,4011.0,40.0,0.05708465352654457,0.00025,0.12068654596805573,0.0
15710.0,4012.0,40.0,0.06882569193840027,0.00025,0.04426369443535805,0.0
15711.0,4013.0,40.0,0.07831373810768127,0.00025,0.10000816732645035,0.0
15712.0,4014.0,40.0,0.047926899045705795,0.00025,0.06359699368476868,0.0
15713.0,4015.0,40.0,0.05710875242948532,0.00025,0.14769874513149261,0.0
15714.0,4016.0,40.0,0.058918148279190063,0.00025,0.09771236032247543,0.0
15715.0,4017.0,40.0,0.060073595494031906,0.00025,0.08205156773328781,0.0
15716.0,4018.0,40.0,0.05526837706565857,0.00025,0.11779293417930603,0.0
15717.0,4019.0,40.0,0.06309998035430908,0.00025,0.0431358776986599,0.0
15718.0,4020.0,40.0,0.06004948914051056,0.00025,0.13891638815402985,0.0
15719.0,4021.0,40.0,0.0685417577624321,0.00025,0.06194844841957092,0.0
15720.0,4022.0,40.0,0.055552009493112564,0.00025,0.055635202676057816,0.0
15721.0,4023.0,40.0,0.05224098265171051,0.00025,0.09712222218513489,0.0
15722.0,4024.0,40.0,0.059029728174209595,0.00025,0.10514199733734131,0.0
15723.0,4025.0,40.0,0.06564430892467499,0.00025,0.0991203561425209,0.0
15724.0,4026.0,40.0,0.04899149388074875,0.00025,0.10658490657806396,0.0
15725.0,4027.0,40.0,0.06646543741226196,0.00025,0.06301378458738327,0.0
15726.0,4028.0,40.0,0.03902002424001694,0.00025,0.08190226554870605,0.0
15727.0,4029.0,40.0,0.062300361692905426,0.00025,0.07643213868141174,0.0
15728.0,4030.0,40.0,0.0583312064409256,0.00025,0.07085610926151276,0.0
15729.0,4031.0,40.0,0.05602903664112091,0.00025,0.05596611276268959,0.0
15730.0,4032.0,40.0,0.06101274490356445,0.00025,0.07988099753856659,0.0
15731.0,4033.0,40.0,0.06568548083305359,0.00025,0.08877372741699219,0.0
15732.0,4034.0,40.0,0.0444776751101017,0.00025,0.1222795620560646,0.0
15733.0,4035.0,40.0,0.04127838462591171,0.00025,0.08120127767324448,0.0
15734.0,4036.0,40.0,0.06396425515413284,0.00025,0.0936327800154686,0.0
15735.0,4037.0,40.0,0.06564411520957947,0.00025,0.10404404997825623,0.0
15736.0,4038.0,40.0,0.05419624596834183,0.00025,0.0886804386973381,0.0
15737.0,4039.0,40.0,0.05298642814159393,0.00025,0.13951633870601654,0.0
15738.0,4040.0,40.0,0.04887230694293976,0.00025,0.1339779645204544,0.0
15739.0,4041.0,40.0,0.04725988954305649,0.00025,0.09817954897880554,0.0
15740.0,4042.0,40.0,0.06066575273871422,0.00025,0.13441266119480133,0.0
15741.0,4043.0,40.0,0.053955718874931335,0.00025,0.1230684444308281,0.0
15742.0,4044.0,40.0,0.04820885509252548,0.00025,0.07709776610136032,0.0
15743.0,4045.0,40.0,0.061332158744335175,0.00025,0.16761168837547302,0.0
15744.0,4046.0,40.0,0.059509046375751495,0.00025,0.12770886719226837,0.0
15745.0,4047.0,40.0,0.06405630707740784,0.00025,0.13370102643966675,0.0
15746.0,4048.0,40.0,0.04679128900170326,0.00025,0.10475758463144302,0.0
15747.0,4049.0,40.0,0.0405086874961853,0.00025,0.09206898510456085,0.0
15748.0,4050.0,40.0,0.04652579128742218,0.00025,0.12845590710639954,0.0
15749.0,4051.0,40.0,0.06437638401985168,0.00025,0.03896056488156319,0.0
15750.0,4052.0,40.0,0.06336001306772232,0.00025,0.06051991507411003,0.0
15751.0,4053.0,40.0,0.06471167504787445,0.00025,0.11338409036397934,0.0
15752.0,4054.0,40.0,0.05838029086589813,0.00025,0.06062836945056915,0.0
15753.0,4055.0,40.0,0.05106887221336365,0.00025,0.15706108510494232,0.0
15754.0,4056.0,40.0,0.05665679648518562,0.00025,0.05970308557152748,0.0
15755.0,4057.0,40.0,0.052211493253707886,0.00025,0.13726426661014557,0.0
15756.0,4058.0,40.0,0.04313475638628006,0.00025,0.12495317310094833,0.0
15757.0,4059.0,40.0,0.05738241225481033,0.00025,0.05678703263401985,0.0
15758.0,4060.0,40.0,0.05264010652899742,0.00025,0.13458257913589478,0.0
15759.0,4061.0,40.0,0.05626848340034485,0.00025,0.12557296454906464,0.0
15760.0,4062.0,40.0,0.04600394889712334,0.00025,0.06014956533908844,0.0
15761.0,4063.0,40.0,0.05417531728744507,0.00025,0.1286938488483429,0.0
15762.0,4064.0,40.0,0.05426542088389397,0.00025,0.09699840843677521,0.0
15763.0,4065.0,40.0,0.05409318581223488,0.00025,0.14183135330677032,0.0
15764.0,4066.0,40.0,0.058547742664813995,0.00025,0.10312195122241974,0.0
15765.0,4067.0,40.0,0.06871609389781952,0.00025,0.11527559906244278,0.0
15766.0,4068.0,40.0,0.05856316536664963,0.00025,0.09917281568050385,0.0
15767.0,4069.0,40.0,0.05406433716416359,0.00025,0.10256878286600113,0.0
15768.0,4070.0,40.0,0.059332363307476044,0.00025,0.09981659054756165,0.0
15769.0,4071.0,40.0,0.05973799526691437,0.00025,0.1355735957622528,0.0
15770.0,4072.0,40.0,0.06000407785177231,0.00025,0.10802408307790756,0.0
15771.0,4073.0,40.0,0.03970324248075485,0.00025,0.14645229279994965,0.0
15772.0,4074.0,40.0,0.05747748911380768,0.00025,0.0826004222035408,0.0
15773.0,4075.0,40.0,0.06600485742092133,0.00025,0.0836842805147171,0.0
15774.0,4076.0,40.0,0.05237780511379242,0.00025,0.08010838180780411,0.0
15775.0,4077.0,40.0,0.050646282732486725,0.00025,0.09754680842161179,0.0
15776.0,4078.0,40.0,0.06705465912818909,0.00025,0.07352396845817566,0.0
15777.0,4079.0,40.0,0.04837959632277489,0.00025,0.03776636719703674,0.0
15778.0,4080.0,40.0,0.06940454244613647,0.00025,0.048911843448877335,0.0
15779.0,4081.0,40.0,0.057781171053647995,0.00025,0.07254251092672348,0.0
15780.0,4082.0,40.0,0.0659046322107315,0.00025,0.0970587208867073,0.0
15781.0,4083.0,40.0,0.05291636288166046,0.00025,0.10156840831041336,0.0
15782.0,4084.0,40.0,0.042888086289167404,0.00025,0.097464919090271,0.0
15783.0,4085.0,40.0,0.06506691128015518,0.00025,0.03909970074892044,0.0
15784.0,4086.0,40.0,0.05456749349832535,0.00025,0.11204331368207932,0.0
15785.0,4087.0,40.0,0.05820794403553009,0.00025,0.05386452004313469,0.0
15786.0,4088.0,40.0,0.05477714538574219,0.00025,0.07234010100364685,0.0
15787.0,4089.0,40.0,0.06947042047977448,0.00025,0.07943756133317947,0.0
15788.0,4090.0,40.0,0.05610083043575287,0.00025,0.08870574086904526,0.0
15789.0,4091.0,40.0,0.06136105954647064,0.00025,0.08797808736562729,0.0
15790.0,4092.0,40.0,0.06059974059462547,0.00025,0.08659530431032181,0.0
15791.0,4093.0,40.0,0.042701661586761475,0.00025,0.09929662942886353,0.0
15792.0,4094.0,40.0,0.05502508580684662,0.00025,0.11229182034730911,0.0
15793.0,4095.0,40.0,0.05540613830089569,0.00025,0.09977934509515762,0.0
15794.0,4096.0,40.0,0.05934055894613266,0.00025,0.13701120018959045,0.0
15795.0,4097.0,40.0,0.059577103704214096,0.00025,0.11050426959991455,0.0
15796.0,4098.0,40.0,0.06761039793491364,0.00025,0.13407285511493683,0.0
15797.0,4099.0,40.0,0.057334549725055695,0.00025,0.16186277568340302,0.0
15798.0,4100.0,40.0,0.059269532561302185,0.00025,0.11449847370386124,0.0
15799.0,4101.0,40.0,0.05978764221072197,0.00025,0.14623768627643585,0.0
15800.0,4102.0,40.0,0.053965650498867035,0.00025,0.11392152309417725,0.0
15801.0,4103.0,40.0,0.04624348506331444,0.00025,0.19434891641139984,0.0
15802.0,4104.0,40.0,0.05576954782009125,0.00025,0.09765899181365967,0.0
15803.0,4105.0,40.0,0.05375799536705017,0.00025,0.1855267882347107,0.0
15804.0,4106.0,40.0,0.05975598841905594,0.00025,0.08832558244466782,0.0
15805.0,4107.0,40.0,0.06096643954515457,0.00025,0.12387944757938385,0.0
15806.0,4108.0,40.0,0.0634504109621048,0.00025,0.10450766980648041,0.0
15807.0,4109.0,40.0,0.04601782560348511,0.00025,0.14358964562416077,0.0
15808.0,4110.0,40.0,0.05660427734255791,0.00025,0.0794757604598999,0.0
15809.0,4111.0,40.0,0.05338709428906441,0.00025,0.16125604510307312,0.0
15810.0,4112.0,40.0,0.05464041978120804,0.00025,0.10870323330163956,0.0
15811.0,4113.0,40.0,0.05178007110953331,0.00025,0.16163739562034607,0.0
15812.0,4114.0,40.0,0.056316278874874115,0.00025,0.07611419260501862,0.0
15813.0,4115.0,40.0,0.05852602794766426,0.00025,0.17016667127609253,0.0
15814.0,4116.0,40.0,0.050942741334438324,0.00025,0.06773775815963745,0.0
15815.0,4117.0,40.0,0.0510178878903389,0.00025,0.08457131683826447,0.0
15816.0,4118.0,40.0,0.049232833087444305,0.00025,0.07499229162931442,0.0
15817.0,4119.0,40.0,0.05577928572893143,0.00025,0.10811755806207657,0.0
15818.0,4120.0,40.0,0.04950311407446861,0.00025,0.11857151985168457,0.0
15819.0,4121.0,40.0,0.06777065992355347,0.00025,0.07870014756917953,0.0
15820.0,4122.0,40.0,0.05371248722076416,0.00025,0.11481638997793198,0.0
15821.0,4123.0,40.0,0.061813198029994965,0.00025,0.04154956713318825,0.0
15822.0,4124.0,40.0,0.05699346587061882,0.00025,0.10962555557489395,0.0
15823.0,4125.0,40.0,0.043712712824344635,0.00025,0.09677355736494064,0.0
15824.0,4126.0,40.0,0.05605698004364967,0.00025,0.10552094876766205,0.0
15825.0,4127.0,40.0,0.05501249432563782,0.00025,0.10762853175401688,0.0
15826.0,4128.0,40.0,0.06265518069267273,0.00025,0.11246145516633987,0.0
15827.0,4129.0,40.0,0.058696553111076355,0.00025,0.0705762431025505,0.0
15828.0,4130.0,40.0,0.05175542086362839,0.00025,0.1027398332953453,0.0
15829.0,4131.0,40.0,0.05203382670879364,0.00025,0.0849289819598198,0.0
15830.0,4132.0,40.0,0.04844816401600838,0.00025,0.0777752473950386,0.0
15831.0,4133.0,40.0,0.06045123562216759,0.00025,0.15168459713459015,0.0
15832.0,4134.0,40.0,0.0814829170703888,0.00025,0.08296000957489014,0.0
15833.0,4135.0,40.0,0.056350260972976685,0.00025,0.1395309716463089,0.0
15834.0,4136.0,40.0,0.05372345820069313,0.00025,0.05347220599651337,0.0
15835.0,4137.0,40.0,0.05061874911189079,0.00025,0.14656785130500793,0.0
15836.0,4138.0,40.0,0.0694095641374588,0.00025,0.06646982580423355,0.0
15837.0,4139.0,40.0,0.044328004121780396,0.00025,0.03424213081598282,0.0
15838.0,4140.0,40.0,0.050891079008579254,0.00025,0.19948513805866241,0.0
15839.0,4141.0,40.0,0.05031649023294449,0.00025,0.05838203802704811,0.0
15840.0,4142.0,40.0,0.05103553086519241,0.00025,0.1514980047941208,0.0
15841.0,4143.0,40.0,0.058782998472452164,0.00025,0.10808087885379791,0.0
15842.0,4144.0,40.0,0.04943853244185448,0.00025,0.13963201642036438,0.0
15843.0,4145.0,40.0,0.04706685245037079,0.00025,0.16281752288341522,0.0
15844.0,4146.0,40.0,0.05428370088338852,0.00025,0.1068379282951355,0.0
15845.0,4147.0,40.0,0.049762606620788574,0.00025,0.2039736807346344,0.0
15846.0,4148.0,40.0,0.0537882074713707,0.00025,0.13621900975704193,0.0
15847.0,4149.0,40.0,0.045541100203990936,0.00025,0.1436813473701477,0.0
15848.0,4150.0,40.0,0.0634213462471962,0.00025,0.11399894207715988,0.0
15849.0,4151.0,40.0,0.039732642471790314,0.00025,0.18049141764640808,0.0
15850.0,4152.0,40.0,0.04971713200211525,0.00025,0.05161638185381889,0.0
15851.0,4153.0,40.0,0.04977971687912941,0.00025,0.15545281767845154,0.0
15852.0,4154.0,40.0,0.060057900846004486,0.00025,0.08208637684583664,0.0
15853.0,4155.0,40.0,0.06188376992940903,0.00025,0.15386763215065002,0.0
15854.0,4156.0,40.0,0.05268824100494385,0.00025,0.14750735461711884,0.0
15855.0,4157.0,40.0,0.05508405715227127,0.00025,0.12493310868740082,0.0
15856.0,4158.0,40.0,0.05339951440691948,0.00025,0.10299751907587051,0.0
15857.0,4159.0,40.0,0.04908924549818039,0.00025,0.1417248547077179,0.0
15858.0,4160.0,40.0,0.061063043773174286,0.00025,0.09720871597528458,0.0
15859.0,4161.0,40.0,0.05120422691106796,0.00025,0.20670919120311737,0.0
15860.0,4162.0,40.0,0.052045755088329315,0.00025,0.10112840682268143,0.0
15861.0,4163.0,40.0,0.06308230757713318,0.00025,0.23472081124782562,0.0
15862.0,4164.0,40.0,0.05062609910964966,0.00025,0.14551430940628052,0.0
15863.0,4165.0,40.0,0.05223628133535385,0.00025,0.20014610886573792,0.0
15864.0,4166.0,40.0,0.0491182878613472,0.00025,0.2275417298078537,0.0
15865.0,4167.0,40.0,0.06324690580368042,0.00025,0.14486823976039886,0.0
15866.0,4168.0,40.0,0.05544588342308998,0.00025,0.18882784247398376,0.0
15867.0,4169.0,40.0,0.049722589552402496,0.00025,0.14062362909317017,0.0
15868.0,4170.0,40.0,0.05757083371281624,0.00025,0.12858732044696808,0.0
15869.0,4171.0,40.0,0.06388069689273834,0.00025,0.1158551350235939,0.0
15870.0,4172.0,40.0,0.06529460102319717,0.00025,0.11877645552158356,0.0
15871.0,4173.0,40.0,0.05504527688026428,0.00025,0.20948468148708344,0.0
15872.0,4174.0,40.0,0.05944851040840149,0.00025,0.17830364406108856,0.0
15873.0,4175.0,40.0,0.05097007378935814,0.00025,0.14407849311828613,0.0
15874.0,4176.0,40.0,0.04934576153755188,0.00025,0.16146108508110046,0.0
15875.0,4177.0,40.0,0.05650949478149414,0.00025,0.16407881677150726,0.0
15876.0,4178.0,40.0,0.05713526904582977,0.00025,0.10532287508249283,0.0
15877.0,4179.0,40.0,0.05265979468822479,0.00025,0.18854132294654846,0.0
15878.0,4180.0,40.0,0.05406195670366287,0.00025,0.06965434551239014,0.0
15879.0,4181.0,40.0,0.07427608221769333,0.00025,0.1559036523103714,0.0
15880.0,4182.0,40.0,0.04708397015929222,0.00025,0.14407964050769806,0.0
15881.0,4183.0,40.0,0.06173324212431908,0.00025,0.16033463180065155,0.0
15882.0,4184.0,40.0,0.06678396463394165,0.00025,0.1062958836555481,0.0
15883.0,4185.0,40.0,0.061640553176403046,0.00025,0.06435111165046692,0.0
15884.0,4186.0,40.0,0.05547760799527168,0.00025,0.13573478162288666,0.0
15885.0,4187.0,40.0,0.06160159409046173,0.00025,0.09003555774688721,0.0
15886.0,4188.0,40.0,0.05647808313369751,0.00025,0.13058142364025116,0.0
15887.0,4189.0,40.0,0.05567638576030731,0.00025,0.0578291080892086,0.0
15888.0,4190.0,40.0,0.05700625106692314,0.00025,0.11424356698989868,0.0
15889.0,4191.0,40.0,0.04967731237411499,0.00025,0.09425628930330276,0.0
15890.0,4192.0,40.0,0.06424152851104736,0.00025,0.061670344322919846,0.0
15891.0,4193.0,40.0,0.06163380295038223,0.00025,0.11413654685020447,0.0
15892.0,4194.0,40.0,0.056962352246046066,0.00025,0.11386332660913467,0.0
15893.0,4195.0,40.0,0.05768208205699921,0.00025,0.15609443187713623,0.0
15894.0,4196.0,40.0,0.050154462456703186,0.00025,0.06945525854825974,0.0
15895.0,4197.0,40.0,0.05800708755850792,0.00025,0.10172716528177261,0.0
15896.0,4198.0,40.0,0.05390133708715439,0.00025,0.08614925295114517,0.0
15897.0,4199.0,40.0,0.05414861440658569,0.00025,0.08875930309295654,0.0
15898.0,4200.0,40.0,0.060863714665174484,0.00025,0.12308083474636078,0.0
15899.0,4201.0,40.0,0.06559904664754868,0.00025,0.10700247436761856,0.0
15900.0,4202.0,40.0,0.055512089282274246,0.00025,0.12896549701690674,0.0
15901.0,4203.0,40.0,0.06244220957159996,0.00025,0.0931617021560669,0.0
15902.0,4204.0,40.0,0.05456242337822914,0.00025,0.13055649399757385,0.0
15903.0,4205.0,40.0,0.0537717342376709,0.00025,0.05028560385107994,0.0
15904.0,4206.0,40.0,0.06469171494245529,0.00025,0.06640253216028214,0.0
15905.0,4207.0,40.0,0.06977927684783936,0.00025,0.07247254252433777,0.0
15906.0,4208.0,40.0,0.059611156582832336,0.00025,0.1496318280696869,0.0
15907.0,4209.0,40.0,0.04841237515211105,0.00025,0.08558157831430435,0.0
15908.0,4210.0,40.0,0.05208501219749451,0.00025,0.1510215550661087,0.0
15909.0,4211.0,40.0,0.06404369324445724,0.00025,0.10975313186645508,0.0
15910.0,4212.0,40.0,0.07603476196527481,0.00025,0.1436092108488083,0.0
15911.0,4213.0,40.0,0.05713165923953056,0.00025,0.16578294336795807,0.0
15912.0,4214.0,40.0,0.0556950606405735,0.00025,0.16092026233673096,0.0
15913.0,4215.0,40.0,0.057982876896858215,0.00025,0.14809830486774445,0.0
15914.0,4216.0,40.0,0.05521341413259506,0.00025,0.1471433788537979,0.0
15915.0,4217.0,40.0,0.050660260021686554,0.00025,0.11286116391420364,0.0
15916.0,4218.0,40.0,0.06681782752275467,0.00025,0.09366310387849808,0.0
15917.0,4219.0,40.0,0.0669192224740982,0.00025,0.12693177163600922,0.0
15918.0,4220.0,40.0,0.069283626973629,0.00025,0.07999125123023987,0.0
15919.0,4221.0,40.0,0.05154028534889221,0.00025,0.059261322021484375,0.0
15920.0,4222.0,40.0,0.05959282070398331,0.00025,0.10104203224182129,0.0
15921.0,4223.0,40.0,0.06205374002456665,0.00025,0.10016690939664841,0.0
15922.0,4224.0,40.0,0.06363207846879959,0.00025,0.11082542687654495,0.0
15923.0,4225.0,40.0,0.05496048927307129,0.00025,0.18592588603496552,0.0
15924.0,4226.0,40.0,0.052052322775125504,0.00025,0.07761591672897339,0.0
15925.0,4227.0,40.0,0.06819711625576019,0.00025,0.14412078261375427,0.0
15926.0,4228.0,40.0,0.07345523685216904,0.00025,0.07316333055496216,0.0
15927.0,4229.0,40.0,0.06039870157837868,0.00025,0.062396593391895294,0.0
15928.0,4230.0,40.0,0.053907610476017,0.00025,0.10931208729743958,0.0
15929.0,4231.0,40.0,0.05972377955913544,0.00025,0.07141225785017014,0.0
15930.0,4232.0,40.0,0.05437971651554108,0.00025,0.07432091981172562,0.0
15931.0,4233.0,40.0,0.06904096156358719,0.00025,0.089310422539711,0.0
15932.0,4234.0,40.0,0.050159357488155365,0.00025,0.10193134844303131,0.0
15933.0,4235.0,40.0,0.06079036369919777,0.00025,0.08876720070838928,0.0
15934.0,4236.0,40.0,0.05920496582984924,0.00025,0.11505349725484848,0.0
15935.0,4237.0,40.0,0.04175694286823273,0.00025,0.1405913382768631,0.0
15936.0,4238.0,40.0,0.05893200635910034,0.00025,0.13497556746006012,0.0
15937.0,4239.0,40.0,0.04573872312903404,0.00025,0.0934993252158165,0.0
15938.0,4240.0,40.0,0.058716218918561935,0.00025,0.13292567431926727,0.0
15939.0,4241.0,40.0,0.05957202613353729,0.00025,0.06285493075847626,0.0
15940.0,4242.0,40.0,0.044797345995903015,0.00025,0.21367701888084412,0.0
15941.0,4243.0,40.0,0.05742634832859039,0.00025,0.04837232083082199,0.0
15942.0,4244.0,40.0,0.06600179523229599,0.00025,0.17633941769599915,0.0
15943.0,4245.0,40.0,0.05353298410773277,0.00025,0.13392356038093567,0.0
15944.0,4246.0,40.0,0.05941874161362648,0.00025,0.13460779190063477,0.0
15945.0,4247.0,40.0,0.053957805037498474,0.00025,0.1432705819606781,0.0
15946.0,4248.0,40.0,0.0578983798623085,0.00025,0.04088887572288513,0.0
15947.0,4249.0,40.0,0.061216067522764206,0.00025,0.1639007329940796,0.0
15948.0,4250.0,40.0,0.058326605707407,0.00025,0.040067482739686966,0.0
15949.0,4251.0,40.0,0.0526200570166111,0.00025,0.14773307740688324,0.0
15950.0,4252.0,40.0,0.05717812106013298,0.00025,0.0365922637283802,0.0
15951.0,4253.0,40.0,0.048470836132764816,0.00025,0.07015088945627213,0.0
15952.0,4254.0,40.0,0.042437996715307236,0.00025,0.0692656859755516,0.0
15953.0,4255.0,40.0,0.06544490903615952,0.00025,0.05813668295741081,0.0
15954.0,4256.0,40.0,0.06307277083396912,0.00025,0.07653212547302246,0.0
15955.0,4257.0,40.0,0.05136064812541008,0.00025,0.10974915325641632,0.0
15956.0,4258.0,40.0,0.06191728264093399,0.00025,0.09385688602924347,0.0
15957.0,4259.0,40.0,0.04846151918172836,0.00025,0.11233344674110413,0.0
15958.0,4260.0,40.0,0.0674627423286438,0.00025,0.051308970898389816,0.0
15959.0,4261.0,40.0,0.07290153950452805,0.00025,0.1446898877620697,0.0
15960.0,4262.0,40.0,0.0661986842751503,0.00025,0.03928956761956215,0.0
15961.0,4263.0,40.0,0.06494978070259094,0.00025,0.10260079801082611,0.0
15962.0,4264.0,40.0,0.0651344507932663,0.00025,0.054938096553087234,0.0
15963.0,4265.0,40.0,0.05489327386021614,0.00025,0.05079813674092293,0.0
15964.0,4266.0,40.0,0.06451289355754852,0.00025,0.06010281294584274,0.0
15965.0,4267.0,40.0,0.05840378254652023,0.00025,0.06995640695095062,0.0
15966.0,4268.0,40.0,0.06098710373044014,0.00025,0.1023765578866005,0.0
15967.0,4269.0,40.0,0.05425506830215454,0.00025,0.05193578451871872,0.0
15968.0,4270.0,40.0,0.05310644581913948,0.00025,0.18306083977222443,0.0
15969.0,4271.0,40.0,0.057399529963731766,0.00025,0.07020340859889984,0.0
15970.0,4272.0,40.0,0.060328368097543716,0.00025,0.20907695591449738,0.0
15971.0,4273.0,40.0,0.07143576443195343,0.00025,0.13411366939544678,0.0
15972.0,4274.0,40.0,0.05167163163423538,0.00025,0.23574113845825195,0.0
15973.0,4275.0,40.0,0.05671645700931549,0.00025,0.12363161891698837,0.0
15974.0,4276.0,40.0,0.05189409479498863,0.00025,0.21806110441684723,0.0
15975.0,4277.0,40.0,0.06823372840881348,0.00025,0.0876680389046669,0.0
15976.0,4278.0,40.0,0.06381222605705261,0.00025,0.12981350719928741,0.0
15977.0,4279.0,40.0,0.052461933344602585,0.00025,0.20113487541675568,0.0
15978.0,4280.0,40.0,0.055068932473659515,0.00025,0.07461327314376831,0.0
15979.0,4281.0,40.0,0.053927432745695114,0.00025,0.22931483387947083,0.0
15980.0,4282.0,40.0,0.06403788924217224,0.00025,0.13884969055652618,0.0
15981.0,4283.0,40.0,0.061952151358127594,0.00025,0.2523842751979828,0.0
15982.0,4284.0,40.0,0.06005331128835678,0.00025,0.12817680835723877,0.0
15983.0,4285.0,40.0,0.05144096910953522,0.00025,0.13858696818351746,0.0
15984.0,4286.0,40.0,0.05896711349487305,0.00025,0.13850966095924377,0.0
15985.0,4287.0,40.0,0.048691269010305405,0.00025,0.11747772246599197,0.0
15986.0,4288.0,40.0,0.04821068048477173,0.00025,0.1635066568851471,0.0
15987.0,4289.0,40.0,0.05863279104232788,0.00025,0.09027152508497238,0.0
15988.0,4290.0,40.0,0.0575103759765625,0.00025,0.2001454383134842,0.0
15989.0,4291.0,41.0,0.05366551876068115,0.00025,0.14275285601615906,0.0
15990.0,4292.0,41.0,0.05764765292406082,0.00025,0.1735559105873108,0.0
15991.0,4293.0,41.0,0.06085408106446266,0.00025,0.09691727161407471,0.0
15992.0,4294.0,41.0,0.062459755688905716,0.00025,0.13132067024707794,0.0
15993.0,4295.0,41.0,0.04978787899017334,0.00025,0.07709626108407974,0.0
15994.0,4296.0,41.0,0.06673357635736465,0.00025,0.18384748697280884,0.0
15995.0,4297.0,41.0,0.04577818140387535,0.00025,0.120276540517807,0.0
15996.0,4298.0,41.0,0.04404603689908981,0.00025,0.1853281408548355,0.0
15997.0,4299.0,41.0,0.060998305678367615,0.00025,0.10391312837600708,0.0
15998.0,4300.0,41.0,0.053756386041641235,0.00025,0.22522032260894775,0.0
15999.0,4301.0,41.0,0.05145612359046936,0.00025,0.039922140538692474,0.0
16000.0,4302.0,41.0,0.05156835541129112,0.00025,0.18988583981990814,0.0
16001.0,4303.0,41.0,0.057986386120319366,0.00025,0.07168090343475342,0.0
16002.0,4304.0,41.0,0.06173495948314667,0.00025,0.07305131107568741,0.0
16003.0,4305.0,41.0,0.048226989805698395,0.00025,0.16054049134254456,0.0
16004.0,4306.0,41.0,0.057489678263664246,0.00025,0.0909586101770401,0.0
16005.0,4307.0,41.0,0.057265304028987885,0.00025,0.06500338017940521,0.0
16006.0,4308.0,41.0,0.06410107761621475,0.00025,0.16430559754371643,0.0
16007.0,4309.0,41.0,0.05523975193500519,0.00025,0.10273106396198273,0.0
16008.0,4310.0,41.0,0.05600295588374138,0.00025,0.12593354284763336,0.0
16009.0,4311.0,41.0,0.058324120938777924,0.00025,0.17298687994480133,0.0
16010.0,4312.0,41.0,0.05789858102798462,0.00025,0.08062746375799179,0.0
16011.0,4313.0,41.0,0.05254248157143593,0.00025,0.20694094896316528,0.0
16012.0,4314.0,41.0,0.044528983533382416,0.00025,0.1302628517150879,0.0
16013.0,4315.0,41.0,0.060207515954971313,0.00025,0.1429508775472641,0.0
16014.0,4316.0,41.0,0.062442924827337265,0.00025,0.09735497087240219,0.0
16015.0,4317.0,41.0,0.059127435088157654,0.00025,0.1305796205997467,0.0
16016.0,4318.0,41.0,0.07085826992988586,0.00025,0.1251451075077057,0.0
16017.0,4319.0,41.0,0.050616178661584854,0.00025,0.1067715734243393,0.0
16018.0,4320.0,41.0,0.056468039751052856,0.00025,0.09625577181577682,0.0
16019.0,4321.0,41.0,0.04303842782974243,0.00025,0.15011870861053467,0.0
16020.0,4322.0,41.0,0.049576569348573685,0.00025,0.1040462926030159,0.0
16021.0,4323.0,41.0,0.0514506921172142,0.00025,0.19543257355690002,0.0
16022.0,4324.0,41.0,0.05168629065155983,0.00025,0.11053241044282913,0.0
16023.0,4325.0,41.0,0.05633702129125595,0.00025,0.16687209904193878,0.0
16024.0,4326.0,41.0,0.05125822126865387,0.00025,0.13964910805225372,0.0
16025.0,4327.0,41.0,0.052121177315711975,0.00025,0.11733680963516235,0.0
16026.0,4328.0,41.0,0.05540736764669418,0.00025,0.1694304645061493,0.0
16027.0,4329.0,41.0,0.050404421985149384,0.00025,0.10878951847553253,0.0
16028.0,4330.0,41.0,0.056904178112745285,0.00025,0.11899946630001068,0.0
16029.0,4331.0,41.0,0.059851109981536865,0.00025,0.13128912448883057,0.0
16030.0,4332.0,41.0,0.05092552304267883,0.00025,0.15681548416614532,0.0
16031.0,4333.0,41.0,0.07170160114765167,0.00025,0.09554379433393478,0.0
16032.0,4334.0,41.0,0.05290158838033676,0.00025,0.12164658308029175,0.0
16033.0,4335.0,41.0,0.05630168691277504,0.00025,0.1250729262828827,0.0
16034.0,4336.0,41.0,0.06066972017288208,0.00025,0.16366036236286163,0.0
16035.0,4337.0,41.0,0.06502553820610046,0.00025,0.17290730774402618,0.0
16036.0,4338.0,41.0,0.0511331707239151,0.00025,0.16061876714229584,0.0
16037.0,4339.0,41.0,0.06543898582458496,0.00025,0.15240803360939026,0.0
16038.0,4340.0,41.0,0.053007036447525024,0.00025,0.09664469212293625,0.0
16039.0,4341.0,41.0,0.059759415686130524,0.00025,0.08333881944417953,0.0
16040.0,4342.0,41.0,0.0470212921500206,0.00025,0.10354317724704742,0.0
16041.0,4343.0,41.0,0.06211933121085167,0.00025,0.08535657078027725,0.0
16042.0,4344.0,41.0,0.07092101126909256,0.00025,0.08983634412288666,0.0
16043.0,4345.0,41.0,0.05468239262700081,0.00025,0.08495641499757767,0.0
16044.0,4346.0,41.0,0.058356910943984985,0.00025,0.09565920382738113,0.0
16045.0,4347.0,41.0,0.05120537802577019,0.00025,0.057247281074523926,0.0
16046.0,4348.0,41.0,0.05836990848183632,0.00025,0.05020666494965553,0.0
16047.0,4349.0,41.0,0.0687771886587143,0.00025,0.06443990767002106,0.0
16048.0,4350.0,41.0,0.06270015984773636,0.00025,0.07234688848257065,0.0
16049.0,4351.0,41.0,0.06308301538228989,0.00025,0.06769967079162598,0.0
16050.0,4352.0,41.0,0.04669909179210663,0.00025,0.07355022430419922,0.0
16051.0,4353.0,41.0,0.06620031595230103,0.00025,0.09340240061283112,0.0
16052.0,4354.0,41.0,0.060975540429353714,0.00025,0.0614221915602684,0.0
16053.0,4355.0,41.0,0.057846929877996445,0.00025,0.08881603926420212,0.0
16054.0,4356.0,41.0,0.05583125352859497,0.00025,0.09680180996656418,0.0
16055.0,4357.0,41.0,0.05505882576107979,0.00025,0.10693641752004623,0.0
16056.0,4358.0,41.0,0.06744808703660965,0.00025,0.03857782855629921,0.0
16057.0,4359.0,41.0,0.04917550086975098,0.00025,0.08133263140916824,0.0
16058.0,4360.0,41.0,0.0577349029481411,0.00025,0.08564317226409912,0.0
16059.0,4361.0,41.0,0.057944100350141525,0.00025,0.07751073688268661,0.0
16060.0,4362.0,41.0,0.05481540411710739,0.00025,0.0542885959148407,0.0
16061.0,4363.0,41.0,0.06269604712724686,0.00025,0.054369691759347916,0.0
16062.0,4364.0,41.0,0.06805065274238586,0.00025,0.05860519781708717,0.0
16063.0,4365.0,41.0,0.045016273856163025,0.00025,0.1132715493440628,0.0
16064.0,4366.0,41.0,0.051295965909957886,0.00025,0.06626511365175247,0.0
16065.0,4367.0,41.0,0.05588313937187195,0.00025,0.14462889730930328,0.0
16066.0,4368.0,41.0,0.053791455924510956,0.00025,0.05033925548195839,0.0
16067.0,4369.0,41.0,0.063520148396492,0.00025,0.1165277510881424,0.0
16068.0,4370.0,41.0,0.06303443759679794,0.00025,0.09697568416595459,0.0
16069.0,4371.0,41.0,0.06291873753070831,0.00025,0.06089327484369278,0.0
16070.0,4372.0,41.0,0.05080287531018257,0.00025,0.10655849426984787,0.0
16071.0,4373.0,41.0,0.0629868358373642,0.00025,0.06217217817902565,0.0
16072.0,4374.0,41.0,0.04672470688819885,0.00025,0.13832905888557434,0.0
16073.0,4375.0,41.0,0.04842556267976761,0.00025,0.0976104587316513,0.0
16074.0,4376.0,41.0,0.04281395673751831,0.00025,0.14918656647205353,0.0
16075.0,4377.0,41.0,0.07535416632890701,0.00025,0.07361102849245071,0.0
16076.0,4378.0,41.0,0.0601721927523613,0.00025,0.037080250680446625,0.0
16077.0,4379.0,41.0,0.05751640722155571,0.00025,0.15332800149917603,0.0
16078.0,4380.0,41.0,0.04749816656112671,0.00025,0.0688394159078598,0.0
16079.0,4381.0,41.0,0.05642867833375931,0.00025,0.09746258705854416,0.0
16080.0,4382.0,41.0,0.07052825391292572,0.00025,0.12405666708946228,0.0
16081.0,4383.0,41.0,0.05353990197181702,0.00025,0.06230177730321884,0.0
16082.0,4384.0,41.0,0.050921641290187836,0.00025,0.15082836151123047,0.0
16083.0,4385.0,41.0,0.06627978384494781,0.00025,0.033216673880815506,0.0
16084.0,4386.0,41.0,0.061218369752168655,0.00025,0.1581994742155075,0.0
16085.0,4387.0,41.0,0.059721753001213074,0.00025,0.1074306070804596,0.0
16086.0,4388.0,41.0,0.06130673736333847,0.00025,0.11592794954776764,0.0
16087.0,4389.0,41.0,0.06336252391338348,0.00025,0.1051783561706543,0.0
16088.0,4390.0,41.0,0.04808318614959717,0.00025,0.08741725981235504,0.0
16089.0,4391.0,41.0,0.05020248517394066,0.00025,0.08340373635292053,0.0
16090.0,4392.0,41.0,0.05637654662132263,0.00025,0.10673969238996506,0.0
16091.0,4393.0,41.0,0.0699140727519989,0.00025,0.048918310552835464,0.0
16092.0,4394.0,41.0,0.05293746292591095,0.00025,0.13239720463752747,0.0
16093.0,4395.0,41.0,0.06458466500043869,0.00025,0.10087636858224869,0.0
16094.0,4396.0,41.0,0.05894695222377777,0.00025,0.06881645321846008,0.0
16095.0,4397.0,41.0,0.055066078901290894,0.00025,0.0578434132039547,0.0
16096.0,4398.0,41.0,0.04985378682613373,0.00025,0.10241281986236572,0.0
16097.0,4399.0,41.0,0.06520721316337585,0.00025,0.11325713247060776,0.0
16098.0,4400.0,41.0,0.04294876754283905,0.00025,0.09111771732568741,0.0
16099.0,4401.0,41.0,0.0677008256316185,0.00025,0.10221114009618759,0.0
16100.0,4402.0,41.0,0.06117403507232666,0.00025,0.10722535103559494,0.0
16101.0,4403.0,41.0,0.056206002831459045,0.00025,0.09686622023582458,0.0
16102.0,4404.0,41.0,0.049055032432079315,0.00025,0.12906180322170258,0.0
16103.0,4405.0,41.0,0.05327443778514862,0.00025,0.10490920394659042,0.0
16104.0,4406.0,41.0,0.06675668060779572,0.00025,0.10932254046201706,0.0
16105.0,4407.0,41.0,0.04344356060028076,0.00025,0.15852653980255127,0.0
16106.0,4408.0,41.0,0.06073575094342232,0.00025,0.06692390143871307,0.0
16107.0,4409.0,41.0,0.05779470130801201,0.00025,0.1639890819787979,0.0
16108.0,4410.0,41.0,0.05750550329685211,0.00025,0.07146350294351578,0.0
16109.0,4411.0,41.0,0.05641919746994972,0.00025,0.15280374884605408,0.0
16110.0,4412.0,41.0,0.050797417759895325,0.00025,0.14657850563526154,0.0
16111.0,4413.0,41.0,0.054879724979400635,0.00025,0.06801866739988327,0.0
16112.0,4414.0,41.0,0.04563724994659424,0.00025,0.1843889057636261,0.0
16113.0,4415.0,41.0,0.060850005596876144,0.00025,0.04363134503364563,0.0
16114.0,4416.0,41.0,0.07072963565587997,0.00025,0.1575263887643814,0.0
16115.0,4417.0,41.0,0.06776034832000732,0.00025,0.11398831754922867,0.0
16116.0,4418.0,41.0,0.05636294558644295,0.00025,0.08948487788438797,0.0
16117.0,4419.0,41.0,0.05930729955434799,0.00025,0.20789861679077148,0.0
16118.0,4420.0,41.0,0.05630331486463547,0.00025,0.10673391819000244,0.0
16118.0,4421.0,41.0,0.06413553655147552,0.00025,inf,1.0
16119.0,4422.0,41.0,0.05734160542488098,0.00025,0.1856432557106018,0.0
16120.0,4423.0,41.0,0.04633655026555061,0.00025,0.1919013261795044,0.0
16121.0,4424.0,41.0,0.05471331626176834,0.00025,0.155429869890213,0.0
16122.0,4425.0,41.0,0.05594400316476822,0.00025,0.27313557267189026,0.0
16123.0,4426.0,41.0,0.05421268194913864,0.00025,0.13356223702430725,0.0
16124.0,4427.0,41.0,0.049128126353025436,0.00025,0.21471336483955383,0.0
16125.0,4428.0,41.0,0.0432666577398777,0.00025,0.1498931348323822,0.0
16126.0,4429.0,41.0,0.05532514303922653,0.00025,0.19332820177078247,0.0
16127.0,4430.0,41.0,0.06957682967185974,0.00025,0.08057549595832825,0.0
16128.0,4431.0,41.0,0.05682876706123352,0.00025,0.1673278957605362,0.0
16129.0,4432.0,41.0,0.06826964765787125,0.00025,0.14128516614437103,0.0
16130.0,4433.0,41.0,0.05128652602434158,0.00025,0.1659235805273056,0.0
16131.0,4434.0,41.0,0.05576423183083534,0.00025,0.1213541179895401,0.0
16132.0,4435.0,41.0,0.06104321405291557,0.00025,0.2592591345310211,0.0
16133.0,4436.0,41.0,0.04776700958609581,0.00025,0.058637622743844986,0.0
16134.0,4437.0,41.0,0.05684517323970795,0.00025,0.26433610916137695,0.0
16135.0,4438.0,41.0,0.051766399294137955,0.00025,0.13782674074172974,0.0
16136.0,4439.0,41.0,0.05725426971912384,0.00025,0.2019651085138321,0.0
16137.0,4440.0,41.0,0.05393778905272484,0.00025,0.12007032334804535,0.0
16138.0,4441.0,41.0,0.06264635920524597,0.00025,0.07730835676193237,0.0
16139.0,4442.0,41.0,0.058727748692035675,0.00025,0.11432565748691559,0.0
16140.0,4443.0,41.0,0.0681968629360199,0.00025,0.18999511003494263,0.0
16141.0,4444.0,41.0,0.056312184780836105,0.00025,0.07668209075927734,0.0
16142.0,4445.0,41.0,0.06044795364141464,0.00025,0.1809266358613968,0.0
16143.0,4446.0,41.0,0.04672177881002426,0.00025,0.07822877913713455,0.0
16144.0,4447.0,41.0,0.05811600387096405,0.00025,0.20340915024280548,0.0
16145.0,4448.0,41.0,0.05383770167827606,0.00025,0.08897659182548523,0.0
16146.0,4449.0,41.0,0.06557150930166245,0.00025,0.19566580653190613,0.0
16147.0,4450.0,41.0,0.05599600076675415,0.00025,0.1121506467461586,0.0
16148.0,4451.0,41.0,0.05612851679325104,0.00025,0.13129550218582153,0.0
16149.0,4452.0,41.0,0.06227452680468559,0.00025,0.13546954095363617,0.0
16150.0,4453.0,41.0,0.058053284883499146,0.00025,0.11479441821575165,0.0
16151.0,4454.0,41.0,0.05162033438682556,0.00025,0.14647923409938812,0.0
16152.0,4455.0,41.0,0.0697917491197586,0.00025,0.0906284749507904,0.0
16153.0,4456.0,41.0,0.07134246826171875,0.00025,0.18577563762664795,0.0
16154.0,4457.0,41.0,0.07364369928836823,0.00025,0.0683106780052185,0.0
16155.0,4458.0,41.0,0.06711304187774658,0.00025,0.12070729583501816,0.0
16156.0,4459.0,41.0,0.04397731274366379,0.00025,0.1609559804201126,0.0
16157.0,4460.0,41.0,0.05146921053528786,0.00025,0.12329833209514618,0.0
16158.0,4461.0,41.0,0.044247765094041824,0.00025,0.1426783949136734,0.0
16159.0,4462.0,41.0,0.0484732910990715,0.00025,0.033340465277433395,0.0
16160.0,4463.0,41.0,0.0500987283885479,0.00025,0.17389294505119324,0.0
16161.0,4464.0,41.0,0.06131778657436371,0.00025,0.02991582453250885,0.0
16162.0,4465.0,41.0,0.06019626185297966,0.00025,0.23346775770187378,0.0
16163.0,4466.0,41.0,0.045147038996219635,0.00025,0.10675071179866791,0.0
16164.0,4467.0,41.0,0.057988155633211136,0.00025,0.18772728741168976,0.0
16165.0,4468.0,41.0,0.05964091792702675,0.00025,0.11547829955816269,0.0
16166.0,4469.0,41.0,0.0513046532869339,0.00025,0.212360680103302,0.0
16167.0,4470.0,41.0,0.05703437700867653,0.00025,0.166433185338974,0.0
16168.0,4471.0,41.0,0.06907421350479126,0.00025,0.1261855810880661,0.0
16169.0,4472.0,41.0,0.05277761444449425,0.00025,0.2183268517255783,0.0
16170.0,4473.0,41.0,0.04936546832323074,0.00025,0.1124400645494461,0.0
16171.0,4474.0,41.0,0.05815242975950241,0.00025,0.12461528927087784,0.0
16172.0,4475.0,41.0,0.04881526529788971,0.00025,0.11000138521194458,0.0
16173.0,4476.0,41.0,0.057692158967256546,0.00025,0.14104807376861572,0.0
16174.0,4477.0,41.0,0.0555938258767128,0.00025,0.061085108667612076,0.0
16175.0,4478.0,41.0,0.0542958527803421,0.00025,0.15141703188419342,0.0
16176.0,4479.0,41.0,0.05767900496721268,0.00025,0.16135071218013763,0.0
16177.0,4480.0,41.0,0.05518224835395813,0.00025,0.060631364583969116,0.0
16178.0,4481.0,41.0,0.06051510199904442,0.00025,0.11167536675930023,0.0
16179.0,4482.0,41.0,0.0554659441113472,0.00025,0.05289100483059883,0.0
16180.0,4483.0,41.0,0.045892827212810516,0.00025,0.060956694185733795,0.0
16181.0,4484.0,41.0,0.05866178125143051,0.00025,0.12450748682022095,0.0
16182.0,4485.0,41.0,0.06381212174892426,0.00025,0.0981668159365654,0.0
16183.0,4486.0,41.0,0.050797976553440094,0.00025,0.1437138468027115,0.0
16184.0,4487.0,41.0,0.05870874971151352,0.00025,0.08248656243085861,0.0
16185.0,4488.0,41.0,0.0536038801074028,0.00025,0.10329850763082504,0.0
16186.0,4489.0,41.0,0.06843332946300507,0.00025,0.11106831580400467,0.0
16187.0,4490.0,41.0,0.06722962856292725,0.00025,0.09131700545549393,0.0
16188.0,4491.0,41.0,0.05960981920361519,0.00025,0.17461711168289185,0.0
16189.0,4492.0,41.0,0.05681515485048294,0.00025,0.08551256358623505,0.0
16190.0,4493.0,41.0,0.06479524075984955,0.00025,0.1825452297925949,0.0
16191.0,4494.0,41.0,0.06455135345458984,0.00025,0.07665029168128967,0.0
16192.0,4495.0,41.0,0.05039075016975403,0.00025,0.06745555251836777,0.0
16193.0,4496.0,41.0,0.061439380049705505,0.00025,0.17640288174152374,0.0
16194.0,4497.0,41.0,0.05068720504641533,0.00025,0.10148292779922485,0.0
16195.0,4498.0,41.0,0.07386071979999542,0.00025,0.15342381596565247,0.0
16196.0,4499.0,41.0,0.05871456488966942,0.00025,0.10844293236732483,0.0
16197.0,4500.0,41.0,0.06007281690835953,0.00025,0.09308865666389465,0.0
16198.0,4501.0,41.0,0.06879738718271255,0.00025,0.1465044617652893,0.0
16199.0,4502.0,41.0,0.0423022136092186,0.00025,0.09788772463798523,0.0
16200.0,4503.0,41.0,0.06566360592842102,0.00025,0.15183022618293762,0.0
16201.0,4504.0,41.0,0.05385049059987068,0.00025,0.10011783242225647,0.0
16202.0,4505.0,41.0,0.06137575954198837,0.00025,0.13605619966983795,0.0
16203.0,4506.0,41.0,0.046530019491910934,0.00025,0.06973918527364731,0.0
16204.0,4507.0,41.0,0.0671868845820427,0.00025,0.13737237453460693,0.0
16205.0,4508.0,41.0,0.05523516982793808,0.00025,0.04699353873729706,0.0
16206.0,4509.0,41.0,0.051484107971191406,0.00025,0.08917702734470367,0.0
16207.0,4510.0,41.0,0.051933929324150085,0.00025,0.10899852216243744,0.0
16208.0,4511.0,41.0,0.05884188041090965,0.00025,0.11298039555549622,0.0
16209.0,4512.0,41.0,0.05949399992823601,0.00025,0.11302981525659561,0.0
16210.0,4513.0,41.0,0.053672172129154205,0.00025,0.06402353942394257,0.0
16211.0,4514.0,41.0,0.05602158233523369,0.00025,0.039122287184000015,0.0
16212.0,4515.0,41.0,0.06353486329317093,0.00025,0.12478353828191757,0.0
16213.0,4516.0,41.0,0.052224740386009216,0.00025,0.0794268399477005,0.0
16214.0,4517.0,41.0,0.05455520749092102,0.00025,0.10975544154644012,0.0
16215.0,4518.0,41.0,0.05203194171190262,0.00025,0.03824957087635994,0.0
16216.0,4519.0,41.0,0.06200660020112991,0.00025,0.1329803466796875,0.0
16217.0,4520.0,41.0,0.048850979655981064,0.00025,0.03380464389920235,0.0
16218.0,4521.0,41.0,0.06057571619749069,0.00025,0.1259303092956543,0.0
16219.0,4522.0,41.0,0.06023792549967766,0.00025,0.05023152753710747,0.0
16220.0,4523.0,41.0,0.06691594421863556,0.00025,0.05471036955714226,0.0
16221.0,4524.0,41.0,0.06322591006755829,0.00025,0.1031021848320961,0.0
16222.0,4525.0,41.0,0.0646880716085434,0.00025,0.10613489896059036,0.0
16223.0,4526.0,41.0,0.052599333226680756,0.00025,0.10054656118154526,0.0
16224.0,4527.0,41.0,0.05353802442550659,0.00025,0.06642325967550278,0.0
16225.0,4528.0,41.0,0.06389151513576508,0.00025,0.18930619955062866,0.0
16226.0,4529.0,41.0,0.06010700762271881,0.00025,0.07322724163532257,0.0
16227.0,4530.0,41.0,0.04615200683474541,0.00025,0.17687766253948212,0.0
16228.0,4531.0,41.0,0.054841116070747375,0.00025,0.07563870400190353,0.0
16229.0,4532.0,41.0,0.05098365992307663,0.00025,0.20942215621471405,0.0
16230.0,4533.0,41.0,0.043611906468868256,0.00025,0.04403304681181908,0.0
16231.0,4534.0,41.0,0.04736083745956421,0.00025,0.23063737154006958,0.0
16232.0,4535.0,41.0,0.051826030015945435,0.00025,0.09301060438156128,0.0
16233.0,4536.0,41.0,0.057157814502716064,0.00025,0.18037918210029602,0.0
16234.0,4537.0,41.0,0.06437641382217407,0.00025,0.09521766752004623,0.0
16235.0,4538.0,41.0,0.056299179792404175,0.00025,0.1577926129102707,0.0
16236.0,4539.0,41.0,0.05663466453552246,0.00025,0.14129537343978882,0.0
16237.0,4540.0,41.0,0.060816820710897446,0.00025,0.0988064855337143,0.0
16238.0,4541.0,41.0,0.05579639971256256,0.00025,0.16027595102787018,0.0
16239.0,4542.0,41.0,0.05114711821079254,0.00025,0.09576685726642609,0.0
16240.0,4543.0,41.0,0.04735488072037697,0.00025,0.18214358389377594,0.0
16241.0,4544.0,41.0,0.057894304394721985,0.00025,0.08899937570095062,0.0
16242.0,4545.0,41.0,0.05874079465866089,0.00025,0.1870744824409485,0.0
16243.0,4546.0,41.0,0.062325574457645416,0.00025,0.14566965401172638,0.0
16244.0,4547.0,41.0,0.04400181025266647,0.00025,0.16042888164520264,0.0
16245.0,4548.0,41.0,0.049073364585638046,0.00025,0.14171123504638672,0.0
16246.0,4549.0,41.0,0.05035751312971115,0.00025,0.19330735504627228,0.0
16247.0,4550.0,41.0,0.07185900956392288,0.00025,0.06520076841115952,0.0
16248.0,4551.0,41.0,0.04366324096918106,0.00025,0.17629431188106537,0.0
16249.0,4552.0,41.0,0.05914408341050148,0.00025,0.05500984564423561,0.0
16250.0,4553.0,41.0,0.056420739740133286,0.00025,0.11380603164434433,0.0
16251.0,4554.0,41.0,0.060580916702747345,0.00025,0.09178681671619415,0.0
16252.0,4555.0,41.0,0.05645395815372467,0.00025,0.11560307443141937,0.0
16253.0,4556.0,41.0,0.05933321267366409,0.00025,0.10586894303560257,0.0
16254.0,4557.0,41.0,0.054938361048698425,0.00025,0.11281286180019379,0.0
16255.0,4558.0,41.0,0.06612174212932587,0.00025,0.07498239725828171,0.0
16256.0,4559.0,41.0,0.06368032097816467,0.00025,0.06790678203105927,0.0
16257.0,4560.0,41.0,0.053885094821453094,0.00025,0.04337739199399948,0.0
16258.0,4561.0,41.0,0.057586513459682465,0.00025,0.09771135449409485,0.0
16259.0,4562.0,41.0,0.0447089783847332,0.00025,0.09420786052942276,0.0
16260.0,4563.0,41.0,0.05577235296368599,0.00025,0.04298427700996399,0.0
16261.0,4564.0,41.0,0.04805490002036095,0.00025,0.04325232282280922,0.0
16262.0,4565.0,41.0,0.05504520982503891,0.00025,0.11572778970003128,0.0
16263.0,4566.0,41.0,0.04848078638315201,0.00025,0.06567645817995071,0.0
16264.0,4567.0,41.0,0.05261095613241196,0.00025,0.1223737895488739,0.0
16265.0,4568.0,41.0,0.06195763498544693,0.00025,0.08458802103996277,0.0
16266.0,4569.0,41.0,0.055006466805934906,0.00025,0.06358397006988525,0.0
16267.0,4570.0,41.0,0.07527083158493042,0.00025,0.15465578436851501,0.0
16268.0,4571.0,41.0,0.0610525868833065,0.00025,0.10945353657007217,0.0
16269.0,4572.0,41.0,0.05542761832475662,0.00025,0.10486794263124466,0.0
16270.0,4573.0,41.0,0.07058925926685333,0.00025,0.11222393065690994,0.0
16271.0,4574.0,41.0,0.06758297234773636,0.00025,0.1394735872745514,0.0
16272.0,4575.0,41.0,0.05745931342244148,0.00025,0.14854221045970917,0.0
16273.0,4576.0,41.0,0.05423430725932121,0.00025,0.11576660722494125,0.0
16274.0,4577.0,41.0,0.0511053130030632,0.00025,0.2216719686985016,0.0
16275.0,4578.0,41.0,0.0517059788107872,0.00025,0.09925800561904907,0.0
16276.0,4579.0,41.0,0.0535685159265995,0.00025,0.1594909429550171,0.0
16277.0,4580.0,41.0,0.07022790610790253,0.00025,0.11606797575950623,0.0
16278.0,4581.0,41.0,0.07389093935489655,0.00025,0.1263366937637329,0.0
16279.0,4582.0,41.0,0.06199038773775101,0.00025,0.12128050625324249,0.0
16280.0,4583.0,41.0,0.04918595775961876,0.00025,0.09078952670097351,0.0
16281.0,4584.0,41.0,0.059986766427755356,0.00025,0.14560891687870026,0.0
16282.0,4585.0,41.0,0.06564761698246002,0.00025,0.08307426422834396,0.0
16283.0,4586.0,41.0,0.053318336606025696,0.00025,0.11922033131122589,0.0
16284.0,4587.0,41.0,0.04016934335231781,0.00025,0.14661778509616852,0.0
16285.0,4588.0,41.0,0.04009440541267395,0.00025,0.14080116152763367,0.0
16286.0,4589.0,41.0,0.04741937667131424,0.00025,0.13942447304725647,0.0
16287.0,4590.0,41.0,0.058869510889053345,0.00025,0.10526630282402039,0.0
16288.0,4591.0,41.0,0.05041569098830223,0.00025,0.1911524534225464,0.0
16289.0,4592.0,41.0,0.06136102229356766,0.00025,0.12223312258720398,0.0
16290.0,4593.0,41.0,0.048856839537620544,0.00025,0.16502492129802704,0.0
16291.0,4594.0,41.0,0.045335106551647186,0.00025,0.1637166142463684,0.0
16292.0,4595.0,41.0,0.05965255945920944,0.00025,0.10447309166193008,0.0
16293.0,4596.0,41.0,0.05766455829143524,0.00025,0.1965087652206421,0.0
16294.0,4597.0,41.0,0.06686371564865112,0.00025,0.12011932581663132,0.0
16295.0,4598.0,41.0,0.03991042077541351,0.00025,0.13476727902889252,0.0
16296.0,4599.0,41.0,0.0642707571387291,0.00025,0.18778806924819946,0.0
16297.0,4600.0,41.0,0.05840008333325386,0.00025,0.17681443691253662,0.0
16298.0,4601.0,41.0,0.0664338544011116,0.00025,0.22492605447769165,0.0
16299.0,4602.0,41.0,0.049930915236473083,0.00025,0.09016253799200058,0.0
16300.0,4603.0,41.0,0.05304442346096039,0.00025,0.17075642943382263,0.0
16301.0,4604.0,41.0,0.05177029222249985,0.00025,0.08396374434232712,0.0
16302.0,4605.0,41.0,0.05709376558661461,0.00025,0.11030900478363037,0.0
16303.0,4606.0,41.0,0.0595095157623291,0.00025,0.12821562588214874,0.0
16304.0,4607.0,41.0,0.06591609865427017,0.00025,0.07874258607625961,0.0
16305.0,4608.0,41.0,0.06950876116752625,0.00025,0.11909181624650955,0.0
16306.0,4609.0,41.0,0.058952633291482925,0.00025,0.0635695531964302,0.0
16307.0,4610.0,41.0,0.05028429254889488,0.00025,0.10018835961818695,0.0
16308.0,4611.0,41.0,0.06039111316204071,0.00025,0.07924990355968475,0.0
16309.0,4612.0,41.0,0.039356302469968796,0.00025,0.0665770098567009,0.0
16310.0,4613.0,41.0,0.04682468622922897,0.00025,0.04401593282818794,0.0
16311.0,4614.0,41.0,0.05465906113386154,0.00025,0.08370039612054825,0.0
16312.0,4615.0,41.0,0.05985773727297783,0.00025,0.07938078790903091,0.0
16313.0,4616.0,41.0,0.06788613647222519,0.00025,0.09587188065052032,0.0
16314.0,4617.0,41.0,0.06068064272403717,0.00025,0.062450431287288666,0.0
16315.0,4618.0,41.0,0.05000375956296921,0.00025,0.12466112524271011,0.0
16316.0,4619.0,41.0,0.06583006680011749,0.00025,0.0620693638920784,0.0
16317.0,4620.0,41.0,0.05193876475095749,0.00025,0.07145067304372787,0.0
16318.0,4621.0,41.0,0.0689082071185112,0.00025,0.040772292762994766,0.0
16319.0,4622.0,41.0,0.06402823328971863,0.00025,0.05763990432024002,0.0
16320.0,4623.0,41.0,0.05306238681077957,0.00025,0.09346805512905121,0.0
16321.0,4624.0,41.0,0.056172341108322144,0.00025,0.07876467704772949,0.0
16322.0,4625.0,41.0,0.059756357222795486,0.00025,0.1115560382604599,0.0
16323.0,4626.0,41.0,0.050730831921100616,0.00025,0.07150407880544662,0.0
16324.0,4627.0,41.0,0.061802417039871216,0.00025,0.10383392125368118,0.0
16325.0,4628.0,41.0,0.062292084097862244,0.00025,0.09020351618528366,0.0
16326.0,4629.0,41.0,0.07031211256980896,0.00025,0.10410777479410172,0.0
16327.0,4630.0,41.0,0.06800976395606995,0.00025,0.09677828103303909,0.0
16328.0,4631.0,41.0,0.05365967005491257,0.00025,0.08634503930807114,0.0
16329.0,4632.0,41.0,0.04356137290596962,0.00025,0.10206789523363113,0.0
16330.0,4633.0,41.0,0.05426856130361557,0.00025,0.07717437297105789,0.0
16331.0,4634.0,41.0,0.0602346733212471,0.00025,0.09282413870096207,0.0
16332.0,4635.0,41.0,0.05280832201242447,0.00025,0.06245503947138786,0.0
16333.0,4636.0,41.0,0.060379818081855774,0.00025,0.06846707314252853,0.0
16334.0,4637.0,41.0,0.06430879235267639,0.00025,0.05376721918582916,0.0
16335.0,4638.0,41.0,0.05828079208731651,0.00025,0.0542750284075737,0.0
16336.0,4639.0,41.0,0.04426983371376991,0.00025,0.09055055677890778,0.0
16337.0,4640.0,41.0,0.053441666066646576,0.00025,0.06713718175888062,0.0
16338.0,4641.0,41.0,0.05705723166465759,0.00025,0.06593125313520432,0.0
16339.0,4642.0,41.0,0.05392376706004143,0.00025,0.06597445160150528,0.0
16340.0,4643.0,41.0,0.06151845306158066,0.00025,0.10033741593360901,0.0
16341.0,4644.0,41.0,0.06040544435381889,0.00025,0.13871647417545319,0.0
16342.0,4645.0,41.0,0.050570301711559296,0.00025,0.16619177162647247,0.0
16343.0,4646.0,41.0,0.05643149092793465,0.00025,0.13354326784610748,0.0
16344.0,4647.0,41.0,0.04785940796136856,0.00025,0.20162731409072876,0.0
16345.0,4648.0,41.0,0.05371340364217758,0.00025,0.10947296023368835,0.0
16346.0,4649.0,41.0,0.05563144385814667,0.00025,0.11369878798723221,0.0
16347.0,4650.0,41.0,0.06101167947053909,0.00025,0.12726964056491852,0.0
16348.0,4651.0,41.0,0.053619347512722015,0.00025,0.1203647181391716,0.0
16349.0,4652.0,41.0,0.055861908942461014,0.00025,0.09583143144845963,0.0
16350.0,4653.0,41.0,0.05722491815686226,0.00025,0.10418311506509781,0.0
16351.0,4654.0,41.0,0.051570285111665726,0.00025,0.0890367403626442,0.0
16352.0,4655.0,41.0,0.06471586972475052,0.00025,0.05504654720425606,0.0
16353.0,4656.0,41.0,0.060369644314050674,0.00025,0.0739910677075386,0.0
16354.0,4657.0,41.0,0.05139145255088806,0.00025,0.0558013990521431,0.0
16355.0,4658.0,41.0,0.0657050609588623,0.00025,0.08327708393335342,0.0
16356.0,4659.0,41.0,0.046272970736026764,0.00025,0.13736304640769958,0.0
16357.0,4660.0,41.0,0.06722961366176605,0.00025,0.09789106994867325,0.0
16358.0,4661.0,41.0,0.050473857671022415,0.00025,0.14262069761753082,0.0
16359.0,4662.0,41.0,0.05330568552017212,0.00025,0.08578890562057495,0.0
16360.0,4663.0,41.0,0.045179110020399094,0.00025,0.08621884137392044,0.0
16361.0,4664.0,41.0,0.07059027999639511,0.00025,0.14242568612098694,0.0
16362.0,4665.0,41.0,0.060090526938438416,0.00025,0.08115129917860031,0.0
16363.0,4666.0,41.0,0.07294730842113495,0.00025,0.09065363556146622,0.0
16364.0,4667.0,41.0,0.05217749997973442,0.00025,0.11420945078134537,0.0
16365.0,4668.0,41.0,0.06683780997991562,0.00025,0.11305784434080124,0.0
16366.0,4669.0,41.0,0.05282686650753021,0.00025,0.07875779271125793,0.0
16367.0,4670.0,41.0,0.05020807310938835,0.00025,0.11337924003601074,0.0
16368.0,4671.0,41.0,0.07690751552581787,0.00025,0.08460704237222672,0.0
16369.0,4672.0,41.0,0.053773343563079834,0.00025,0.08090676367282867,0.0
16370.0,4673.0,41.0,0.04863748326897621,0.00025,0.0933041125535965,0.0
16371.0,4674.0,41.0,0.055934395641088486,0.00025,0.11803247779607773,0.0
16372.0,4675.0,41.0,0.05029679834842682,0.00025,0.15087512135505676,0.0
16373.0,4676.0,41.0,0.05843111127614975,0.00025,0.10836499184370041,0.0
16374.0,4677.0,41.0,0.04056578502058983,0.00025,0.1184762716293335,0.0
16375.0,4678.0,41.0,0.062429748475551605,0.00025,0.07669564336538315,0.0
16376.0,4679.0,41.0,0.052279915660619736,0.00025,0.10564730316400528,0.0
16377.0,4680.0,41.0,0.06797350943088531,0.00025,0.10126272588968277,0.0
16378.0,4681.0,42.0,0.06587180495262146,0.00025,0.14074251055717468,0.0
16379.0,4682.0,42.0,0.051283374428749084,0.00025,0.0830858051776886,0.0
16380.0,4683.0,42.0,0.05503932014107704,0.00025,0.0671754702925682,0.0
16381.0,4684.0,42.0,0.05592518299818039,0.00025,0.13189606368541718,0.0
16382.0,4685.0,42.0,0.0655343160033226,0.00025,0.11163041740655899,0.0
16383.0,4686.0,42.0,0.04174795746803284,0.00025,0.16021974384784698,0.0
16384.0,4687.0,42.0,0.055151600390672684,0.00025,0.06756521761417389,0.0
16385.0,4688.0,42.0,0.07028026878833771,0.00025,0.17028172314167023,0.0
16386.0,4689.0,42.0,0.062219321727752686,0.00025,0.06284074485301971,0.0
16387.0,4690.0,42.0,0.055170997977256775,0.00025,0.12370076775550842,0.0
16388.0,4691.0,42.0,0.05270349606871605,0.00025,0.14416208863258362,0.0
16389.0,4692.0,42.0,0.054456375539302826,0.00025,0.12692317366600037,0.0
16390.0,4693.0,42.0,0.059115223586559296,0.00025,0.1925545334815979,0.0
16391.0,4694.0,42.0,0.05822431296110153,0.00025,0.1411999762058258,0.0
16392.0,4695.0,42.0,0.05302461236715317,0.00025,0.10896582156419754,0.0
16393.0,4696.0,42.0,0.04840990900993347,0.00025,0.19613595306873322,0.0
16394.0,4697.0,42.0,0.04993993416428566,0.00025,0.05093424767255783,0.0
16395.0,4698.0,42.0,0.06625501811504364,0.00025,0.2239946722984314,0.0
16396.0,4699.0,42.0,0.060130007565021515,0.00025,0.10986007004976273,0.0
16397.0,4700.0,42.0,0.0469541922211647,0.00025,0.20030197501182556,0.0
16398.0,4701.0,42.0,0.05910317972302437,0.00025,0.15933160483837128,0.0
16399.0,4702.0,42.0,0.04227551817893982,0.00025,0.07218065857887268,0.0
16400.0,4703.0,42.0,0.0688946396112442,0.00025,0.22223100066184998,0.0
16401.0,4704.0,42.0,0.05435209348797798,0.00025,0.11463558673858643,0.0
16402.0,4705.0,42.0,0.05704554170370102,0.00025,0.21781006455421448,0.0
16403.0,4706.0,42.0,0.046761974692344666,0.00025,0.13065168261528015,0.0
16404.0,4707.0,42.0,0.052276238799095154,0.00025,0.1713530570268631,0.0
16405.0,4708.0,42.0,0.05874752998352051,0.00025,0.13016411662101746,0.0
16406.0,4709.0,42.0,0.058762677013874054,0.00025,0.11683352291584015,0.0
16407.0,4710.0,42.0,0.05159418284893036,0.00025,0.13992580771446228,0.0
16408.0,4711.0,42.0,0.0743853822350502,0.00025,0.1051725521683693,0.0
16409.0,4712.0,42.0,0.05442976951599121,0.00025,0.18239346146583557,0.0
16410.0,4713.0,42.0,0.06705249845981598,0.00025,0.09917771071195602,0.0
16411.0,4714.0,42.0,0.06773358583450317,0.00025,0.11608229577541351,0.0
16412.0,4715.0,42.0,0.0531226210296154,0.00025,0.19436776638031006,0.0
16413.0,4716.0,42.0,0.06111013889312744,0.00025,0.116236612200737,0.0
16414.0,4717.0,42.0,0.05040125548839569,0.00025,0.1644614338874817,0.0
16415.0,4718.0,42.0,0.06548245251178741,0.00025,0.07867290079593658,0.0
16416.0,4719.0,42.0,0.05550163984298706,0.00025,0.16880817711353302,0.0
16417.0,4720.0,42.0,0.0574411004781723,0.00025,0.13034257292747498,0.0
16418.0,4721.0,42.0,0.06771431863307953,0.00025,0.11609488725662231,0.0
16419.0,4722.0,42.0,0.056757986545562744,0.00025,0.1604362577199936,0.0
16420.0,4723.0,42.0,0.04804551601409912,0.00025,0.08515005558729172,0.0
16421.0,4724.0,42.0,0.047102637588977814,0.00025,0.1644117534160614,0.0
16422.0,4725.0,42.0,0.05789533257484436,0.00025,0.1697375625371933,0.0
16423.0,4726.0,42.0,0.05228184908628464,0.00025,0.182434543967247,0.0
16424.0,4727.0,42.0,0.06266403943300247,0.00025,0.09032486379146576,0.0
16425.0,4728.0,42.0,0.05802202597260475,0.00025,0.12566795945167542,0.0
16426.0,4729.0,42.0,0.07177820801734924,0.00025,0.14522111415863037,0.0
16427.0,4730.0,42.0,0.05724351480603218,0.00025,0.12408553063869476,0.0
16428.0,4731.0,42.0,0.04991495609283447,0.00025,0.09753519296646118,0.0
16429.0,4732.0,42.0,0.056234247982501984,0.00025,0.13709184527397156,0.0
16430.0,4733.0,42.0,0.058683715760707855,0.00025,0.1563526690006256,0.0
16431.0,4734.0,42.0,0.05470898374915123,0.00025,0.13409073650836945,0.0
16432.0,4735.0,42.0,0.048113301396369934,0.00025,0.1657225340604782,0.0
16433.0,4736.0,42.0,0.04900169372558594,0.00025,0.0896974578499794,0.0
16434.0,4737.0,42.0,0.05222032591700554,0.00025,0.09098730236291885,0.0
16435.0,4738.0,42.0,0.051852449774742126,0.00025,0.08772709220647812,0.0
16436.0,4739.0,42.0,0.0584712028503418,0.00025,0.1179419457912445,0.0
16437.0,4740.0,42.0,0.06102500855922699,0.00025,0.09673164784908295,0.0
16438.0,4741.0,42.0,0.05116887390613556,0.00025,0.12123063206672668,0.0
16439.0,4742.0,42.0,0.046391475945711136,0.00025,0.1246454194188118,0.0
16440.0,4743.0,42.0,0.05341741815209389,0.00025,0.09471029788255692,0.0
16441.0,4744.0,42.0,0.06487110257148743,0.00025,0.1951705366373062,0.0
16442.0,4745.0,42.0,0.06045403331518173,0.00025,0.14099657535552979,0.0
16443.0,4746.0,42.0,0.052670419216156006,0.00025,0.17159932851791382,0.0
16444.0,4747.0,42.0,0.06247710436582565,0.00025,0.13088785111904144,0.0
16445.0,4748.0,42.0,0.05193942040205002,0.00025,0.13716831803321838,0.0
16446.0,4749.0,42.0,0.055284686386585236,0.00025,0.15812449157238007,0.0
16447.0,4750.0,42.0,0.06122059375047684,0.00025,0.13155187666416168,0.0
16448.0,4751.0,42.0,0.05610286816954613,0.00025,0.21786563098430634,0.0
16449.0,4752.0,42.0,0.055252641439437866,0.00025,0.11973786354064941,0.0
16450.0,4753.0,42.0,0.06852869689464569,0.00025,0.18597817420959473,0.0
16451.0,4754.0,42.0,0.0704621970653534,0.00025,0.17487969994544983,0.0
16452.0,4755.0,42.0,0.050894368439912796,0.00025,0.19382929801940918,0.0
16453.0,4756.0,42.0,0.05936292186379433,0.00025,0.15557347238063812,0.0
16454.0,4757.0,42.0,0.06736493110656738,0.00025,0.17341122031211853,0.0
16455.0,4758.0,42.0,0.054709356278181076,0.00025,0.1839163899421692,0.0
16456.0,4759.0,42.0,0.05732743442058563,0.00025,0.11438985168933868,0.0
16457.0,4760.0,42.0,0.05024273693561554,0.00025,0.13722136616706848,0.0
16458.0,4761.0,42.0,0.05906270816922188,0.00025,0.12285859882831573,0.0
16459.0,4762.0,42.0,0.04476242884993553,0.00025,0.12905766069889069,0.0
16460.0,4763.0,42.0,0.046800561249256134,0.00025,0.10496163368225098,0.0
16461.0,4764.0,42.0,0.06481195986270905,0.00025,0.20236337184906006,0.0
16462.0,4765.0,42.0,0.05983510613441467,0.00025,0.09394118934869766,0.0
16463.0,4766.0,42.0,0.04738762974739075,0.00025,0.19131790101528168,0.0
16464.0,4767.0,42.0,0.041938416659832,0.00025,0.12370205670595169,0.0
16465.0,4768.0,42.0,0.0459306463599205,0.00025,0.1350269615650177,0.0
16466.0,4769.0,42.0,0.05229410156607628,0.00025,0.13675223290920258,0.0
16467.0,4770.0,42.0,0.05955465883016586,0.00025,0.13546860218048096,0.0
16468.0,4771.0,42.0,0.05206935107707977,0.00025,0.05513368919491768,0.0
16469.0,4772.0,42.0,0.054250046610832214,0.00025,0.07213952392339706,0.0
16470.0,4773.0,42.0,0.05475336313247681,0.00025,0.08077657967805862,0.0
16471.0,4774.0,42.0,0.042335301637649536,0.00025,0.09314876794815063,0.0
16472.0,4775.0,42.0,0.0651179850101471,0.00025,0.10849694162607193,0.0
16473.0,4776.0,42.0,0.0513157993555069,0.00025,0.1571318358182907,0.0
16474.0,4777.0,42.0,0.05102049186825752,0.00025,0.07577905058860779,0.0
16475.0,4778.0,42.0,0.07354646921157837,0.00025,0.16809426248073578,0.0
16476.0,4779.0,42.0,0.046775300055742264,0.00025,0.14054754376411438,0.0
16477.0,4780.0,42.0,0.05881176143884659,0.00025,0.14443185925483704,0.0
16478.0,4781.0,42.0,0.06204726919531822,0.00025,0.11561122536659241,0.0
16479.0,4782.0,42.0,0.06464041769504547,0.00025,0.10004383325576782,0.0
16480.0,4783.0,42.0,0.0439375564455986,0.00025,0.09765608608722687,0.0
16481.0,4784.0,42.0,0.05593867227435112,0.00025,0.10391376167535782,0.0
16482.0,4785.0,42.0,0.051496025174856186,0.00025,0.09009110927581787,0.0
16483.0,4786.0,42.0,0.04792272299528122,0.00025,0.08019774407148361,0.0
16484.0,4787.0,42.0,0.047581613063812256,0.00025,0.15138985216617584,0.0
16485.0,4788.0,42.0,0.05316130444407463,0.00025,0.09826534241437912,0.0
16486.0,4789.0,42.0,0.05586428940296173,0.00025,0.060456532984972,0.0
16487.0,4790.0,42.0,0.06192154064774513,0.00025,0.1474045366048813,0.0
16488.0,4791.0,42.0,0.054289497435092926,0.00025,0.06802255660295486,0.0
16489.0,4792.0,42.0,0.06436492502689362,0.00025,0.16335809230804443,0.0
16490.0,4793.0,42.0,0.05865541100502014,0.00025,0.0856989398598671,0.0
16491.0,4794.0,42.0,0.04967641830444336,0.00025,0.10631303489208221,0.0
16492.0,4795.0,42.0,0.04167784005403519,0.00025,0.0939289778470993,0.0
16493.0,4796.0,42.0,0.05701596289873123,0.00025,0.07338035851716995,0.0
16494.0,4797.0,42.0,0.06343327462673187,0.00025,0.13057804107666016,0.0
16495.0,4798.0,42.0,0.045259956270456314,0.00025,0.06466849148273468,0.0
16496.0,4799.0,42.0,0.057259947061538696,0.00025,0.16130436956882477,0.0
16497.0,4800.0,42.0,0.04809155687689781,0.00025,0.048475924879312515,0.0
16498.0,4801.0,42.0,0.05617133900523186,0.00025,0.1249309703707695,0.0
16499.0,4802.0,42.0,0.05685126781463623,0.00025,0.03469550609588623,0.0
16500.0,4803.0,42.0,0.05563592165708542,0.00025,0.16547679901123047,0.0
16501.0,4804.0,42.0,0.04827765002846718,0.00025,0.07279109209775925,0.0
16502.0,4805.0,42.0,0.0648363009095192,0.00025,0.1904127597808838,0.0
16503.0,4806.0,42.0,0.06616027653217316,0.00025,0.03387117385864258,0.0
16504.0,4807.0,42.0,0.06382722407579422,0.00025,0.17274822294712067,0.0
16505.0,4808.0,42.0,0.0704728364944458,0.00025,0.08175694197416306,0.0
16506.0,4809.0,42.0,0.07001827657222748,0.00025,0.14022725820541382,0.0
16507.0,4810.0,42.0,0.05606372654438019,0.00025,0.1525697261095047,0.0
16508.0,4811.0,42.0,0.04728637635707855,0.00025,0.15232285857200623,0.0
16509.0,4812.0,42.0,0.05371682345867157,0.00025,0.21863681077957153,0.0
16510.0,4813.0,42.0,0.048037704080343246,0.00025,0.20252874493598938,0.0
16511.0,4814.0,42.0,0.05967135727405548,0.00025,0.1450769007205963,0.0
16512.0,4815.0,42.0,0.05649179965257645,0.00025,0.09524931013584137,0.0
16513.0,4816.0,42.0,0.05058421194553375,0.00025,0.1985318511724472,0.0
16514.0,4817.0,42.0,0.052730537950992584,0.00025,0.13643497228622437,0.0
16515.0,4818.0,42.0,0.045865099877119064,0.00025,0.21540836989879608,0.0
16516.0,4819.0,42.0,0.05908282473683357,0.00025,0.14728310704231262,0.0
16517.0,4820.0,42.0,0.05110955983400345,0.00025,0.15778641402721405,0.0
16518.0,4821.0,42.0,0.07055693864822388,0.00025,0.22390221059322357,0.0
16519.0,4822.0,42.0,0.05089044198393822,0.00025,0.08808417618274689,0.0
16520.0,4823.0,42.0,0.06085684895515442,0.00025,0.22992496192455292,0.0
16521.0,4824.0,42.0,0.0642157644033432,0.00025,0.1756674200296402,0.0
16522.0,4825.0,42.0,0.04949023947119713,0.00025,0.23432566225528717,0.0
16523.0,4826.0,42.0,0.05870853364467621,0.00025,0.2079925239086151,0.0
16524.0,4827.0,42.0,0.06019739434123039,0.00025,0.11212015897035599,0.0
16525.0,4828.0,42.0,0.05557608976960182,0.00025,0.23384128510951996,0.0
16526.0,4829.0,42.0,0.04942121356725693,0.00025,0.06918104737997055,0.0
16527.0,4830.0,42.0,0.051865868270397186,0.00025,0.19736827909946442,0.0
16528.0,4831.0,42.0,0.059604838490486145,0.00025,0.14531424641609192,0.0
16529.0,4832.0,42.0,0.05272883549332619,0.00025,0.16215920448303223,0.0
16530.0,4833.0,42.0,0.04817821830511093,0.00025,0.14393875002861023,0.0
16531.0,4834.0,42.0,0.05129062384366989,0.00025,0.13489606976509094,0.0
16532.0,4835.0,42.0,0.04715418815612793,0.00025,0.13650517165660858,0.0
16533.0,4836.0,42.0,0.05796552821993828,0.00025,0.13519246876239777,0.0
16534.0,4837.0,42.0,0.05478847026824951,0.00025,0.08578063547611237,0.0
16535.0,4838.0,42.0,0.056392475962638855,0.00025,0.1394961178302765,0.0
16536.0,4839.0,42.0,0.05985638499259949,0.00025,0.07816631346940994,0.0
16537.0,4840.0,42.0,0.04021172970533371,0.00025,0.14916595816612244,0.0
16538.0,4841.0,42.0,0.06355351209640503,0.00025,0.13415610790252686,0.0
16539.0,4842.0,42.0,0.06085189804434776,0.00025,0.11705394089221954,0.0
16540.0,4843.0,42.0,0.06853426247835159,0.00025,0.13332049548625946,0.0
16541.0,4844.0,42.0,0.06402513384819031,0.00025,0.09442038834095001,0.0
16542.0,4845.0,42.0,0.05949551612138748,0.00025,0.07936083525419235,0.0
16543.0,4846.0,42.0,0.07189878821372986,0.00025,0.17188753187656403,0.0
16544.0,4847.0,42.0,0.06429243087768555,0.00025,0.06449047476053238,0.0
16545.0,4848.0,42.0,0.04927349090576172,0.00025,0.16029882431030273,0.0
16546.0,4849.0,42.0,0.07297007739543915,0.00025,0.08053264021873474,0.0
16547.0,4850.0,42.0,0.05068323761224747,0.00025,0.176328644156456,0.0
16548.0,4851.0,42.0,0.0390084944665432,0.00025,0.06477957963943481,0.0
16549.0,4852.0,42.0,0.06099395826458931,0.00025,0.17405349016189575,0.0
16550.0,4853.0,42.0,0.0657387301325798,0.00025,0.09048303961753845,0.0
16551.0,4854.0,42.0,0.05679440498352051,0.00025,0.1148122102022171,0.0
16552.0,4855.0,42.0,0.05682373046875,0.00025,0.09031295776367188,0.0
16553.0,4856.0,42.0,0.0411980040371418,0.00025,0.09575898945331573,0.0
16554.0,4857.0,42.0,0.04171118140220642,0.00025,0.1065555289387703,0.0
16555.0,4858.0,42.0,0.04739353805780411,0.00025,0.16133369505405426,0.0
16556.0,4859.0,42.0,0.050504185259342194,0.00025,0.11480148136615753,0.0
16557.0,4860.0,42.0,0.0566268116235733,0.00025,0.1446831375360489,0.0
16558.0,4861.0,42.0,0.05519745498895645,0.00025,0.13258244097232819,0.0
16559.0,4862.0,42.0,0.05679912120103836,0.00025,0.07811375707387924,0.0
16560.0,4863.0,42.0,0.05458218976855278,0.00025,0.11230415105819702,0.0
16561.0,4864.0,42.0,0.06434327363967896,0.00025,0.1612517088651657,0.0
16562.0,4865.0,42.0,0.05093136429786682,0.00025,0.15656261146068573,0.0
16563.0,4866.0,42.0,0.06039978563785553,0.00025,0.13668793439865112,0.0
16564.0,4867.0,42.0,0.07668136060237885,0.00025,0.09789340943098068,0.0
16565.0,4868.0,42.0,0.052674658596515656,0.00025,0.1715376079082489,0.0
16566.0,4869.0,42.0,0.05775254964828491,0.00025,0.16314290463924408,0.0
16567.0,4870.0,42.0,0.06712548434734344,0.00025,0.17931170761585236,0.0
16568.0,4871.0,42.0,0.06352053582668304,0.00025,0.17051436007022858,0.0
16569.0,4872.0,42.0,0.04235608130693436,0.00025,0.13249893486499786,0.0
16570.0,4873.0,42.0,0.05774728208780289,0.00025,0.17773322761058807,0.0
16571.0,4874.0,42.0,0.045700058341026306,0.00025,0.09444428980350494,0.0
16572.0,4875.0,42.0,0.04897167906165123,0.00025,0.177847757935524,0.0
16573.0,4876.0,42.0,0.05201268941164017,0.00025,0.05764124169945717,0.0
16574.0,4877.0,42.0,0.0546724908053875,0.00025,0.17304031550884247,0.0
16575.0,4878.0,42.0,0.045262448489665985,0.00025,0.04675973206758499,0.0
16576.0,4879.0,42.0,0.051823779940605164,0.00025,0.07157906889915466,0.0
16577.0,4880.0,42.0,0.04974542558193207,0.00025,0.06862517446279526,0.0
16578.0,4881.0,42.0,0.052422456443309784,0.00025,0.04417205601930618,0.0
16579.0,4882.0,42.0,0.06088917702436447,0.00025,0.0639665424823761,0.0
16580.0,4883.0,42.0,0.05563727021217346,0.00025,0.07754579931497574,0.0
16581.0,4884.0,42.0,0.060021981596946716,0.00025,0.09925533831119537,0.0
16582.0,4885.0,42.0,0.05160722881555557,0.00025,0.04666196182370186,0.0
16583.0,4886.0,42.0,0.0563543364405632,0.00025,0.06069362908601761,0.0
16584.0,4887.0,42.0,0.05426253378391266,0.00025,0.04510309547185898,0.0
16585.0,4888.0,42.0,0.061902329325675964,0.00025,0.04828828200697899,0.0
16586.0,4889.0,42.0,0.06437999755144119,0.00025,0.09181385487318039,0.0
16587.0,4890.0,42.0,0.06315244734287262,0.00025,0.05040791258215904,0.0
16588.0,4891.0,42.0,0.054050929844379425,0.00025,0.150922492146492,0.0
16589.0,4892.0,42.0,0.05331878364086151,0.00025,0.03890829160809517,0.0
16590.0,4893.0,42.0,0.049877312034368515,0.00025,0.10279040783643723,0.0
16591.0,4894.0,42.0,0.04798406362533569,0.00025,0.047261908650398254,0.0
16592.0,4895.0,42.0,0.06461919844150543,0.00025,0.1486486792564392,0.0
16593.0,4896.0,42.0,0.046257514506578445,0.00025,0.07558179646730423,0.0
16594.0,4897.0,42.0,0.05414319783449173,0.00025,0.08720400929450989,0.0
16595.0,4898.0,42.0,0.06035971641540527,0.00025,0.09991517663002014,0.0
16596.0,4899.0,42.0,0.05765156447887421,0.00025,0.08563743531703949,0.0
16597.0,4900.0,42.0,0.06086001545190811,0.00025,0.10763290524482727,0.0
16598.0,4901.0,42.0,0.053457681089639664,0.00025,0.11247094720602036,0.0
16599.0,4902.0,42.0,0.06010597571730614,0.00025,0.04943280667066574,0.0
16600.0,4903.0,42.0,0.04153619706630707,0.00025,0.1595570147037506,0.0
16601.0,4904.0,42.0,0.04534376785159111,0.00025,0.067708320915699,0.0
16602.0,4905.0,42.0,0.054048821330070496,0.00025,0.10987340658903122,0.0
16603.0,4906.0,42.0,0.05226784199476242,0.00025,0.1440546214580536,0.0
16604.0,4907.0,42.0,0.05604653060436249,0.00025,0.1215127557516098,0.0
16605.0,4908.0,42.0,0.05023428797721863,0.00025,0.15705810487270355,0.0
16606.0,4909.0,42.0,0.04937853664159775,0.00025,0.0907658189535141,0.0
16607.0,4910.0,42.0,0.0684700757265091,0.00025,0.10330848395824432,0.0
16608.0,4911.0,42.0,0.05359789729118347,0.00025,0.14712487161159515,0.0
16609.0,4912.0,42.0,0.0567593090236187,0.00025,0.12405131757259369,0.0
16610.0,4913.0,42.0,0.050140466541051865,0.00025,0.10330760478973389,0.0
16611.0,4914.0,42.0,0.05454971268773079,0.00025,0.11046985536813736,0.0
16612.0,4915.0,42.0,0.04883686453104019,0.00025,0.12341468781232834,0.0
16613.0,4916.0,42.0,0.06363733857870102,0.00025,0.0994657501578331,0.0
16614.0,4917.0,42.0,0.058502938598394394,0.00025,0.07164227962493896,0.0
16615.0,4918.0,42.0,0.060666780918836594,0.00025,0.07575122267007828,0.0
16616.0,4919.0,42.0,0.05239607393741608,0.00025,0.10069569200277328,0.0
16617.0,4920.0,42.0,0.05242188274860382,0.00025,0.05229170620441437,0.0
16618.0,4921.0,42.0,0.06188368797302246,0.00025,0.08102013170719147,0.0
16619.0,4922.0,42.0,0.0649866983294487,0.00025,0.038463294506073,0.0
16620.0,4923.0,42.0,0.055607885122299194,0.00025,0.05415970832109451,0.0
16621.0,4924.0,42.0,0.05887840688228607,0.00025,0.04535920172929764,0.0
16622.0,4925.0,42.0,0.058393869549036026,0.00025,0.04808838665485382,0.0
16623.0,4926.0,42.0,0.040314123034477234,0.00025,0.07991912961006165,0.0
16624.0,4927.0,42.0,0.054900962859392166,0.00025,0.044062692672014236,0.0
16625.0,4928.0,42.0,0.05747663974761963,0.00025,0.10967153310775757,0.0
16626.0,4929.0,42.0,0.04958765208721161,0.00025,0.13443788886070251,0.0
16627.0,4930.0,42.0,0.06590074300765991,0.00025,0.09263727068901062,0.0
16628.0,4931.0,42.0,0.06130877882242203,0.00025,0.16327108442783356,0.0
16629.0,4932.0,42.0,0.06376253068447113,0.00025,0.15596210956573486,0.0
16630.0,4933.0,42.0,0.05307646095752716,0.00025,0.17186425626277924,0.0
16631.0,4934.0,42.0,0.05858813226222992,0.00025,0.12184063345193863,0.0
16632.0,4935.0,42.0,0.0562591552734375,0.00025,0.13082261383533478,0.0
16633.0,4936.0,42.0,0.06494968384504318,0.00025,0.21144674718379974,0.0
16634.0,4937.0,42.0,0.06193326786160469,0.00025,0.12028032541275024,0.0
16635.0,4938.0,42.0,0.058181244879961014,0.00025,0.13821963965892792,0.0
16636.0,4939.0,42.0,0.06970080733299255,0.00025,0.12914824485778809,0.0
16637.0,4940.0,42.0,0.06484699249267578,0.00025,0.055112600326538086,0.0
16638.0,4941.0,42.0,0.05756809189915657,0.00025,0.14827199280261993,0.0
16639.0,4942.0,42.0,0.057623885571956635,0.00025,0.08624642342329025,0.0
16640.0,4943.0,42.0,0.057981912046670914,0.00025,0.0894797295331955,0.0
16641.0,4944.0,42.0,0.04743780940771103,0.00025,0.13605603575706482,0.0
16642.0,4945.0,42.0,0.04946254938840866,0.00025,0.08588922023773193,0.0
16643.0,4946.0,42.0,0.05607455223798752,0.00025,0.13672150671482086,0.0
16644.0,4947.0,42.0,0.06054958701133728,0.00025,0.06591255962848663,0.0
16645.0,4948.0,42.0,0.053651511669158936,0.00025,0.10057701915502548,0.0
16646.0,4949.0,42.0,0.05896248668432236,0.00025,0.09240235388278961,0.0
16647.0,4950.0,42.0,0.05059631168842316,0.00025,0.08964680135250092,0.0
16648.0,4951.0,42.0,0.05036640912294388,0.00025,0.09065737575292587,0.0
16649.0,4952.0,42.0,0.04846106842160225,0.00025,0.10350384563207626,0.0
16650.0,4953.0,42.0,0.054252393543720245,0.00025,0.09682860970497131,0.0
16651.0,4954.0,42.0,0.059547752141952515,0.00025,0.08732730150222778,0.0
16652.0,4955.0,42.0,0.057531967759132385,0.00025,0.07791486382484436,0.0
16653.0,4956.0,42.0,0.06658519804477692,0.00025,0.1129240095615387,0.0
16654.0,4957.0,42.0,0.05210655927658081,0.00025,0.09773768484592438,0.0
16655.0,4958.0,42.0,0.05891367048025131,0.00025,0.14274334907531738,0.0
16656.0,4959.0,42.0,0.05062086135149002,0.00025,0.12346529215574265,0.0
16657.0,4960.0,42.0,0.0485406294465065,0.00025,0.07757455855607986,0.0
16658.0,4961.0,42.0,0.046598926186561584,0.00025,0.05254073441028595,0.0
16659.0,4962.0,42.0,0.0384894460439682,0.00025,0.09904883801937103,0.0
16660.0,4963.0,42.0,0.06355343759059906,0.00025,0.10858989506959915,0.0
16661.0,4964.0,42.0,0.05428411439061165,0.00025,0.12355244159698486,0.0
16662.0,4965.0,42.0,0.053226932883262634,0.00025,0.06808066368103027,0.0
16663.0,4966.0,42.0,0.04905419796705246,0.00025,0.06659980863332748,0.0
16664.0,4967.0,42.0,0.06791546940803528,0.00025,0.1381315141916275,0.0
16665.0,4968.0,42.0,0.052904337644577026,0.00025,0.08386465907096863,0.0
16666.0,4969.0,42.0,0.054375410079956055,0.00025,0.14658543467521667,0.0
16667.0,4970.0,42.0,0.05821410194039345,0.00025,0.1327991932630539,0.0
16668.0,4971.0,42.0,0.06704925745725632,0.00025,0.14049537479877472,0.0
16669.0,4972.0,42.0,0.04522387310862541,0.00025,0.16702371835708618,0.0
16670.0,4973.0,42.0,0.06324233114719391,0.00025,0.11602924764156342,0.0
16671.0,4974.0,42.0,0.05911026895046234,0.00025,0.1230708435177803,0.0
16672.0,4975.0,42.0,0.0625324621796608,0.00025,0.12780167162418365,0.0
16673.0,4976.0,42.0,0.04845990985631943,0.00025,0.1256663054227829,0.0
16674.0,4977.0,42.0,0.0654643103480339,0.00025,0.06897277384996414,0.0
16675.0,4978.0,42.0,0.0508510023355484,0.00025,0.11725371330976486,0.0
16676.0,4979.0,42.0,0.05130229890346527,0.00025,0.06388282775878906,0.0
16677.0,4980.0,42.0,0.06257878243923187,0.00025,0.11653973907232285,0.0
16678.0,4981.0,42.0,0.063026562333107,0.00025,0.09096134454011917,0.0
16679.0,4982.0,42.0,0.05350436270236969,0.00025,0.13269631564617157,0.0
16680.0,4983.0,42.0,0.04872246831655502,0.00025,0.07256663590669632,0.0
16681.0,4984.0,42.0,0.05587698146700859,0.00025,0.1317455768585205,0.0
16682.0,4985.0,42.0,0.049271512776613235,0.00025,0.08854394406080246,0.0
16683.0,4986.0,42.0,0.057206831872463226,0.00025,0.112997867166996,0.0
16684.0,4987.0,42.0,0.0706622451543808,0.00025,0.11999786645174026,0.0
16685.0,4988.0,42.0,0.06114840880036354,0.00025,0.16927237808704376,0.0
16686.0,4989.0,42.0,0.06251031160354614,0.00025,0.10079611837863922,0.0
16687.0,4990.0,42.0,0.06008852273225784,0.00025,0.16353219747543335,0.0
16688.0,4991.0,42.0,0.05935598164796829,0.00025,0.09535747021436691,0.0
16689.0,4992.0,42.0,0.06607402116060257,0.00025,0.11465832591056824,0.0
16690.0,4993.0,42.0,0.061567939817905426,0.00025,0.1972280740737915,0.0
16691.0,4994.0,42.0,0.060757558792829514,0.00025,0.048083290457725525,0.0
16692.0,4995.0,42.0,0.05618452653288841,0.00025,0.2089567929506302,0.0
16693.0,4996.0,42.0,0.05446204915642738,0.00025,0.1520046889781952,0.0
16694.0,4997.0,42.0,0.047313280403614044,0.00025,0.20678742229938507,0.0
16695.0,4998.0,42.0,0.056340426206588745,0.00025,0.21053959429264069,0.0
16696.0,4999.0,42.0,0.04915320873260498,0.00025,0.1395501047372818,0.0
16697.0,5000.0,42.0,0.06356968730688095,0.00025,0.18498806655406952,0.0
16698.0,5001.0,42.0,0.06141924485564232,0.00025,0.11691345274448395,0.0
16699.0,5002.0,42.0,0.05266425758600235,0.00025,0.18012799322605133,0.0
16700.0,5003.0,42.0,0.06289210915565491,0.00025,0.14684826135635376,0.0
16701.0,5004.0,42.0,0.051875799894332886,0.00025,0.08434277027845383,0.0
16702.0,5005.0,42.0,0.05002529174089432,0.00025,0.09528321772813797,0.0
16703.0,5006.0,42.0,0.06410162150859833,0.00025,0.06384100764989853,0.0
16704.0,5007.0,42.0,0.06659457087516785,0.00025,0.09335272759199142,0.0
16705.0,5008.0,42.0,0.052753131836652756,0.00025,0.041266508400440216,0.0
16706.0,5009.0,42.0,0.06497803330421448,0.00025,0.1154920756816864,0.0
16707.0,5010.0,42.0,0.06965517997741699,0.00025,0.09480461478233337,0.0
16708.0,5011.0,42.0,0.06325409561395645,0.00025,0.15499481558799744,0.0
16709.0,5012.0,42.0,0.048158906400203705,0.00025,0.06389397382736206,0.0
16710.0,5013.0,42.0,0.05137396603822708,0.00025,0.10364341735839844,0.0
16711.0,5014.0,42.0,0.05902089551091194,0.00025,0.09396287798881531,0.0
16712.0,5015.0,42.0,0.05613473057746887,0.00025,0.06600283831357956,0.0
16713.0,5016.0,42.0,0.05097132548689842,0.00025,0.13240817189216614,0.0
16714.0,5017.0,42.0,0.06498496979475021,0.00025,0.07398097962141037,0.0
16715.0,5018.0,42.0,0.037755854427814484,0.00025,0.1078321784734726,0.0
16716.0,5019.0,42.0,0.05355115234851837,0.00025,0.07720553129911423,0.0
16717.0,5020.0,42.0,0.07086709141731262,0.00025,0.09299030154943466,0.0
16718.0,5021.0,42.0,0.04684749245643616,0.00025,0.10932104289531708,0.0
16719.0,5022.0,42.0,0.06336140632629395,0.00025,0.07880569994449615,0.0
16720.0,5023.0,42.0,0.05896196514368057,0.00025,0.10986342281103134,0.0
16721.0,5024.0,42.0,0.052905868738889694,0.00025,0.0763702243566513,0.0
16722.0,5025.0,42.0,0.053477123379707336,0.00025,0.10636578500270844,0.0
16723.0,5026.0,42.0,0.0696195513010025,0.00025,0.09961859881877899,0.0
16724.0,5027.0,42.0,0.05712107568979263,0.00025,0.1180882528424263,0.0
16725.0,5028.0,42.0,0.0628410279750824,0.00025,0.05730169266462326,0.0
16726.0,5029.0,42.0,0.06145155429840088,0.00025,0.17427724599838257,0.0
16727.0,5030.0,42.0,0.05882841348648071,0.00025,0.03558553382754326,0.0
16728.0,5031.0,42.0,0.051676154136657715,0.00025,0.18530410528182983,0.0
16729.0,5032.0,42.0,0.05970168113708496,0.00025,0.11450108140707016,0.0
16730.0,5033.0,42.0,0.06599889695644379,0.00025,0.1422228068113327,0.0
16731.0,5034.0,42.0,0.06772772967815399,0.00025,0.09286077320575714,0.0
16732.0,5035.0,42.0,0.06270278990268707,0.00025,0.09068980813026428,0.0
16733.0,5036.0,42.0,0.058180347084999084,0.00025,0.1130705177783966,0.0
16734.0,5037.0,42.0,0.05056386813521385,0.00025,0.06736644357442856,0.0
16735.0,5038.0,42.0,0.05207286402583122,0.00025,0.12066501379013062,0.0
16736.0,5039.0,42.0,0.0558752566576004,0.00025,0.09497183561325073,0.0
16737.0,5040.0,42.0,0.056054774671792984,0.00025,0.14855001866817474,0.0
16738.0,5041.0,42.0,0.04819245636463165,0.00025,0.06804932653903961,0.0
16739.0,5042.0,42.0,0.06767310202121735,0.00025,0.0436745211482048,0.0
16740.0,5043.0,42.0,0.052464649081230164,0.00025,0.06538458168506622,0.0
16741.0,5044.0,42.0,0.06149860471487045,0.00025,0.061475012451410294,0.0
16742.0,5045.0,42.0,0.050833698362112045,0.00025,0.1247447207570076,0.0
16743.0,5046.0,42.0,0.05570730194449425,0.00025,0.05741257220506668,0.0
16744.0,5047.0,42.0,0.06941907852888107,0.00025,0.08720476180315018,0.0
16745.0,5048.0,42.0,0.06804864853620529,0.00025,0.0658726692199707,0.0
16746.0,5049.0,42.0,0.060197655111551285,0.00025,0.05237680301070213,0.0
16747.0,5050.0,42.0,0.05592996999621391,0.00025,0.08683671057224274,0.0
16748.0,5051.0,42.0,0.0550806000828743,0.00025,0.041352540254592896,0.0
16749.0,5052.0,42.0,0.0609721764922142,0.00025,0.04589920490980148,0.0
16750.0,5053.0,42.0,0.060086846351623535,0.00025,0.0709545910358429,0.0
16751.0,5054.0,42.0,0.05298599228262901,0.00025,0.08545078337192535,0.0
16752.0,5055.0,42.0,0.04452639818191528,0.00025,0.04330063238739967,0.0
16753.0,5056.0,42.0,0.053965188562870026,0.00025,0.048331186175346375,0.0
16754.0,5057.0,42.0,0.08125592768192291,0.00025,0.055033061653375626,0.0
16755.0,5058.0,42.0,0.04720325395464897,0.00025,0.05740787088871002,0.0
16756.0,5059.0,42.0,0.059269875288009644,0.00025,0.04298003017902374,0.0
16757.0,5060.0,42.0,0.05743557959794998,0.00025,0.06889654695987701,0.0
16758.0,5061.0,42.0,0.057415157556533813,0.00025,0.08421479165554047,0.0
16759.0,5062.0,42.0,0.04917813092470169,0.00025,0.061804547905921936,0.0
16760.0,5063.0,42.0,0.06079857051372528,0.00025,0.10543529689311981,0.0
16761.0,5064.0,42.0,0.06493297219276428,0.00025,0.1346084624528885,0.0
16762.0,5065.0,42.0,0.04858190566301346,0.00025,0.10768646746873856,0.0
16763.0,5066.0,42.0,0.05483931303024292,0.00025,0.15394261479377747,0.0
16764.0,5067.0,42.0,0.06599763035774231,0.00025,0.0866229310631752,0.0
16765.0,5068.0,42.0,0.05003240704536438,0.00025,0.13542111217975616,0.0
16766.0,5069.0,42.0,0.059916406869888306,0.00025,0.04584072157740593,0.0
16767.0,5070.0,42.0,0.05080046132206917,0.00025,0.12479294836521149,0.0
16768.0,5071.0,43.0,0.06335906684398651,0.00025,0.06013049557805061,0.0
16769.0,5072.0,43.0,0.059022046625614166,0.00025,0.09986425936222076,0.0
16770.0,5073.0,43.0,0.05493474006652832,0.00025,0.1221030130982399,0.0
16771.0,5074.0,43.0,0.052883584052324295,0.00025,0.1173047423362732,0.0
16772.0,5075.0,43.0,0.04551806300878525,0.00025,0.09479469805955887,0.0
16773.0,5076.0,43.0,0.05345127731561661,0.00025,0.10130032151937485,0.0
16774.0,5077.0,43.0,0.059624940156936646,0.00025,0.11618290841579437,0.0
16775.0,5078.0,43.0,0.05736794322729111,0.00025,0.09974391013383865,0.0
16776.0,5079.0,43.0,0.05274667963385582,0.00025,0.11806709319353104,0.0
16777.0,5080.0,43.0,0.05700108781456947,0.00025,0.07307571917772293,0.0
16778.0,5081.0,43.0,0.05663976073265076,0.00025,0.16607242822647095,0.0
16779.0,5082.0,43.0,0.06650549173355103,0.00025,0.0642920657992363,0.0
16780.0,5083.0,43.0,0.04946786165237427,0.00025,0.21335695683956146,0.0
16781.0,5084.0,43.0,0.052946530282497406,0.00025,0.06041630357503891,0.0
16782.0,5085.0,43.0,0.05762816220521927,0.00025,0.23378874361515045,0.0
16783.0,5086.0,43.0,0.06268441677093506,0.00025,0.1349676549434662,0.0
16784.0,5087.0,43.0,0.04103310778737068,0.00025,0.08670417219400406,0.0
16785.0,5088.0,43.0,0.05396039038896561,0.00025,0.20449092984199524,0.0
16786.0,5089.0,43.0,0.057517603039741516,0.00025,0.062378495931625366,0.0
16787.0,5090.0,43.0,0.063789501786232,0.00025,0.20016926527023315,0.0
16788.0,5091.0,43.0,0.056010130792856216,0.00025,0.15415586531162262,0.0
16789.0,5092.0,43.0,0.05769254267215729,0.00025,0.09696955233812332,0.0
16790.0,5093.0,43.0,0.06058613583445549,0.00025,0.21322128176689148,0.0
16791.0,5094.0,43.0,0.04938739538192749,0.00025,0.10794448107481003,0.0
16792.0,5095.0,43.0,0.068770632147789,0.00025,0.18002347648143768,0.0
16793.0,5096.0,43.0,0.07240203022956848,0.00025,0.14624576270580292,0.0
16794.0,5097.0,43.0,0.05648837983608246,0.00025,0.11130988597869873,0.0
16795.0,5098.0,43.0,0.056819260120391846,0.00025,0.13062641024589539,0.0
16796.0,5099.0,43.0,0.058868274092674255,0.00025,0.14417631924152374,0.0
16797.0,5100.0,43.0,0.05343705043196678,0.00025,0.12704423069953918,0.0
16798.0,5101.0,43.0,0.0436103381216526,0.00025,0.19232986867427826,0.0
16799.0,5102.0,43.0,0.055437441915273666,0.00025,0.09321989864110947,0.0
16800.0,5103.0,43.0,0.054051294922828674,0.00025,0.1748828887939453,0.0
16801.0,5104.0,43.0,0.060615040361881256,0.00025,0.1820695549249649,0.0
16802.0,5105.0,43.0,0.05329294130206108,0.00025,0.14485514163970947,0.0
16803.0,5106.0,43.0,0.042484208941459656,0.00025,0.200251504778862,0.0
16804.0,5107.0,43.0,0.06723052263259888,0.00025,0.051774442195892334,0.0
16805.0,5108.0,43.0,0.07163110375404358,0.00025,0.17567911744117737,0.0
16806.0,5109.0,43.0,0.06926049292087555,0.00025,0.0931461900472641,0.0
16807.0,5110.0,43.0,0.05002091825008392,0.00025,0.1360791027545929,0.0
16808.0,5111.0,43.0,0.06218811869621277,0.00025,0.1320558339357376,0.0
16809.0,5112.0,43.0,0.044742561876773834,0.00025,0.1186094880104065,0.0
16810.0,5113.0,43.0,0.05797560513019562,0.00025,0.09906647354364395,0.0
16811.0,5114.0,43.0,0.061056241393089294,0.00025,0.10182635486125946,0.0
16812.0,5115.0,43.0,0.05011144280433655,0.00025,0.15622350573539734,0.0
16813.0,5116.0,43.0,0.05655355378985405,0.00025,0.14090485870838165,0.0
16814.0,5117.0,43.0,0.051421135663986206,0.00025,0.07620742917060852,0.0
16815.0,5118.0,43.0,0.05831432715058327,0.00025,0.12267962098121643,0.0
16816.0,5119.0,43.0,0.06514829397201538,0.00025,0.16015660762786865,0.0
16817.0,5120.0,43.0,0.05983711779117584,0.00025,0.05846640095114708,0.0
16818.0,5121.0,43.0,0.046313799917697906,0.00025,0.22686468064785004,0.0
16819.0,5122.0,43.0,0.0437469482421875,0.00025,0.15760062634944916,0.0
16820.0,5123.0,43.0,0.058482274413108826,0.00025,0.19785144925117493,0.0
16821.0,5124.0,43.0,0.05333181470632553,0.00025,0.14288558065891266,0.0
16822.0,5125.0,43.0,0.05821341648697853,0.00025,0.1161915585398674,0.0
16823.0,5126.0,43.0,0.06485649198293686,0.00025,0.16530996561050415,0.0
16824.0,5127.0,43.0,0.04847331345081329,0.00025,0.09660163521766663,0.0
16825.0,5128.0,43.0,0.05907453969120979,0.00025,0.1758771687746048,0.0
16826.0,5129.0,43.0,0.061218857765197754,0.00025,0.10022540390491486,0.0
16827.0,5130.0,43.0,0.048622213304042816,0.00025,0.11611954867839813,0.0
16828.0,5131.0,43.0,0.04489850252866745,0.00025,0.18439696729183197,0.0
16829.0,5132.0,43.0,0.06251713633537292,0.00025,0.06877238303422928,0.0
16830.0,5133.0,43.0,0.060800161212682724,0.00025,0.21886205673217773,0.0
16831.0,5134.0,43.0,0.052684955298900604,0.00025,0.08776644617319107,0.0
16832.0,5135.0,43.0,0.05499875172972679,0.00025,0.1434289664030075,0.0
16833.0,5136.0,43.0,0.054846134036779404,0.00025,0.19007763266563416,0.0
16834.0,5137.0,43.0,0.050331421196460724,0.00025,0.12038879096508026,0.0
16835.0,5138.0,43.0,0.05711044371128082,0.00025,0.11934322863817215,0.0
16836.0,5139.0,43.0,0.06045212969183922,0.00025,0.13159947097301483,0.0
16837.0,5140.0,43.0,0.0513298362493515,0.00025,0.1341385543346405,0.0
16838.0,5141.0,43.0,0.05182632803916931,0.00025,0.10266093164682388,0.0
16839.0,5142.0,43.0,0.055525120347738266,0.00025,0.05811444669961929,0.0
16840.0,5143.0,43.0,0.05677054077386856,0.00025,0.12347185611724854,0.0
16841.0,5144.0,43.0,0.05603710561990738,0.00025,0.06923086196184158,0.0
16842.0,5145.0,43.0,0.060998935252428055,0.00025,0.15105095505714417,0.0
16843.0,5146.0,43.0,0.04338444769382477,0.00025,0.12727345526218414,0.0
16844.0,5147.0,43.0,0.05271698907017708,0.00025,0.07357428222894669,0.0
16845.0,5148.0,43.0,0.05747777596116066,0.00025,0.057579901069402695,0.0
16846.0,5149.0,43.0,0.05615682154893875,0.00025,0.10062474012374878,0.0
16847.0,5150.0,43.0,0.05823012441396713,0.00025,0.06925659626722336,0.0
16848.0,5151.0,43.0,0.05691782385110855,0.00025,0.18620645999908447,0.0
16849.0,5152.0,43.0,0.056570976972579956,0.00025,0.136424720287323,0.0
16850.0,5153.0,43.0,0.04309859871864319,0.00025,0.14997269213199615,0.0
16851.0,5154.0,43.0,0.04469858109951019,0.00025,0.14295056462287903,0.0
16852.0,5155.0,43.0,0.05849175900220871,0.00025,0.098711296916008,0.0
16853.0,5156.0,43.0,0.05315045267343521,0.00025,0.1758939027786255,0.0
16854.0,5157.0,43.0,0.05953354388475418,0.00025,0.14040158689022064,0.0
16855.0,5158.0,43.0,0.05596959590911865,0.00025,0.10690712928771973,0.0
16856.0,5159.0,43.0,0.059758260846138,0.00025,0.18121489882469177,0.0
16857.0,5160.0,43.0,0.05438535660505295,0.00025,0.08380677551031113,0.0
16858.0,5161.0,43.0,0.05528251826763153,0.00025,0.17851972579956055,0.0
16859.0,5162.0,43.0,0.05147785693407059,0.00025,0.05166071653366089,0.0
16860.0,5163.0,43.0,0.0598297156393528,0.00025,0.1570829302072525,0.0
16861.0,5164.0,43.0,0.05387387052178383,0.00025,0.108078733086586,0.0
16862.0,5165.0,43.0,0.06260068714618683,0.00025,0.06266959011554718,0.0
16863.0,5166.0,43.0,0.0483037494122982,0.00025,0.10561582446098328,0.0
16864.0,5167.0,43.0,0.06092231720685959,0.00025,0.060796018689870834,0.0
16865.0,5168.0,43.0,0.05868878215551376,0.00025,0.08527407050132751,0.0
16866.0,5169.0,43.0,0.054370079189538956,0.00025,0.05587071552872658,0.0
16867.0,5170.0,43.0,0.05917436629533768,0.00025,0.12898674607276917,0.0
16868.0,5171.0,43.0,0.042347248643636703,0.00025,0.10091365873813629,0.0
16869.0,5172.0,43.0,0.03961850330233574,0.00025,0.13478848338127136,0.0
16870.0,5173.0,43.0,0.07843062281608582,0.00025,0.1770145446062088,0.0
16871.0,5174.0,43.0,0.05103917419910431,0.00025,0.15877610445022583,0.0
16872.0,5175.0,43.0,0.06805945932865143,0.00025,0.17381204664707184,0.0
16873.0,5176.0,43.0,0.05131497234106064,0.00025,0.2088460475206375,0.0
16874.0,5177.0,43.0,0.052118949592113495,0.00025,0.10922431200742722,0.0
16875.0,5178.0,43.0,0.047440070658922195,0.00025,0.15321141481399536,0.0
16876.0,5179.0,43.0,0.05861695110797882,0.00025,0.1609506458044052,0.0
16877.0,5180.0,43.0,0.05833711475133896,0.00025,0.15364105999469757,0.0
16878.0,5181.0,43.0,0.059060901403427124,0.00025,0.19465479254722595,0.0
16879.0,5182.0,43.0,0.05061974748969078,0.00025,0.17750994861125946,0.0
16880.0,5183.0,43.0,0.06181120499968529,0.00025,0.14200623333454132,0.0
16881.0,5184.0,43.0,0.051671162247657776,0.00025,0.048546306788921356,0.0
16882.0,5185.0,43.0,0.05925334617495537,0.00025,0.1950685977935791,0.0
16883.0,5186.0,43.0,0.05838317051529884,0.00025,0.05466930568218231,0.0
16884.0,5187.0,43.0,0.056265939027071,0.00025,0.14256182312965393,0.0
16885.0,5188.0,43.0,0.05928884819149971,0.00025,0.14147056639194489,0.0
16886.0,5189.0,43.0,0.04611748456954956,0.00025,0.06137625873088837,0.0
16887.0,5190.0,43.0,0.05524778738617897,0.00025,0.11772890388965607,0.0
16888.0,5191.0,43.0,0.04537083953619003,0.00025,0.088284932076931,0.0
16889.0,5192.0,43.0,0.057884182780981064,0.00025,0.13239923119544983,0.0
16890.0,5193.0,43.0,0.05408141762018204,0.00025,0.130031019449234,0.0
16891.0,5194.0,43.0,0.05944788455963135,0.00025,0.1263251006603241,0.0
16892.0,5195.0,43.0,0.058089789003133774,0.00025,0.12469296902418137,0.0
16893.0,5196.0,43.0,0.04995512589812279,0.00025,0.06692279875278473,0.0
16894.0,5197.0,43.0,0.06861021369695663,0.00025,0.17801032960414886,0.0
16895.0,5198.0,43.0,0.05296092480421066,0.00025,0.06369198858737946,0.0
16896.0,5199.0,43.0,0.05989294499158859,0.00025,0.08604542165994644,0.0
16897.0,5200.0,43.0,0.07461478561162949,0.00025,0.08500629663467407,0.0
16898.0,5201.0,43.0,0.05621062219142914,0.00025,0.13713166117668152,0.0
16899.0,5202.0,43.0,0.06545577943325043,0.00025,0.05919891968369484,0.0
16900.0,5203.0,43.0,0.06173206493258476,0.00025,0.09932707995176315,0.0
16901.0,5204.0,43.0,0.07258199155330658,0.00025,0.12822750210762024,0.0
16902.0,5205.0,43.0,0.058793507516384125,0.00025,0.09803126752376556,0.0
16903.0,5206.0,43.0,0.07290148735046387,0.00025,0.09736935049295425,0.0
16904.0,5207.0,43.0,0.05124028027057648,0.00025,0.11157579720020294,0.0
16905.0,5208.0,43.0,0.04827135056257248,0.00025,0.1402559131383896,0.0
16906.0,5209.0,43.0,0.05701342225074768,0.00025,0.14074033498764038,0.0
16907.0,5210.0,43.0,0.04579605162143707,0.00025,0.15015943348407745,0.0
16908.0,5211.0,43.0,0.05694844201207161,0.00025,0.09394300729036331,0.0
16909.0,5212.0,43.0,0.06857283413410187,0.00025,0.13826416432857513,0.0
16910.0,5213.0,43.0,0.049917593598365784,0.00025,0.07871844619512558,0.0
16911.0,5214.0,43.0,0.05542220175266266,0.00025,0.1895262598991394,0.0
16912.0,5215.0,43.0,0.04870918020606041,0.00025,0.11432281136512756,0.0
16913.0,5216.0,43.0,0.062030207365751266,0.00025,0.113766148686409,0.0
16914.0,5217.0,43.0,0.04423175007104874,0.00025,0.16036033630371094,0.0
16915.0,5218.0,43.0,0.04976198077201843,0.00025,0.10243427008390427,0.0
16916.0,5219.0,43.0,0.046656280755996704,0.00025,0.11273717135190964,0.0
16917.0,5220.0,43.0,0.0566316582262516,0.00025,0.10664594918489456,0.0
16918.0,5221.0,43.0,0.05262118577957153,0.00025,0.12092643231153488,0.0
16919.0,5222.0,43.0,0.054880402982234955,0.00025,0.09806377440690994,0.0
16920.0,5223.0,43.0,0.05927325785160065,0.00025,0.14990133047103882,0.0
16921.0,5224.0,43.0,0.0648794025182724,0.00025,0.12778250873088837,0.0
16922.0,5225.0,43.0,0.05818482115864754,0.00025,0.20689557492733002,0.0
16923.0,5226.0,43.0,0.05560058727860451,0.00025,0.1077267974615097,0.0
16924.0,5227.0,43.0,0.048344969749450684,0.00025,0.12486416101455688,0.0
16925.0,5228.0,43.0,0.06251716613769531,0.00025,0.12293466925621033,0.0
16926.0,5229.0,43.0,0.047457315027713776,0.00025,0.14524225890636444,0.0
16927.0,5230.0,43.0,0.055289097130298615,0.00025,0.09777653217315674,0.0
16928.0,5231.0,43.0,0.0564408041536808,0.00025,0.17770110070705414,0.0
16929.0,5232.0,43.0,0.05100890249013901,0.00025,0.127805694937706,0.0
16930.0,5233.0,43.0,0.06081434339284897,0.00025,0.12174002081155777,0.0
16931.0,5234.0,43.0,0.06426629424095154,0.00025,0.07654277235269547,0.0
16932.0,5235.0,43.0,0.057770535349845886,0.00025,0.11445236206054688,0.0
16933.0,5236.0,43.0,0.05187065899372101,0.00025,0.09721267223358154,0.0
16934.0,5237.0,43.0,0.051520101726055145,0.00025,0.14244616031646729,0.0
16935.0,5238.0,43.0,0.056599829345941544,0.00025,0.04783427342772484,0.0
16936.0,5239.0,43.0,0.05183017626404762,0.00025,0.08573607355356216,0.0
16937.0,5240.0,43.0,0.06119950860738754,0.00025,0.05871235206723213,0.0
16938.0,5241.0,43.0,0.056623682379722595,0.00025,0.07205227762460709,0.0
16939.0,5242.0,43.0,0.04738018661737442,0.00025,0.07642830163240433,0.0
16940.0,5243.0,43.0,0.05700967460870743,0.00025,0.05132713168859482,0.0
16941.0,5244.0,43.0,0.060150712728500366,0.00025,0.07273954153060913,0.0
16942.0,5245.0,43.0,0.048367612063884735,0.00025,0.06669458746910095,0.0
16943.0,5246.0,43.0,0.06913195550441742,0.00025,0.13408975303173065,0.0
16944.0,5247.0,43.0,0.052031416445970535,0.00025,0.12008529156446457,0.0
16945.0,5248.0,43.0,0.05740659683942795,0.00025,0.17686356604099274,0.0
16946.0,5249.0,43.0,0.05956126004457474,0.00025,0.10249316692352295,0.0
16947.0,5250.0,43.0,0.0600246824324131,0.00025,0.14311903715133667,0.0
16948.0,5251.0,43.0,0.05339495837688446,0.00025,0.10299980640411377,0.0
16949.0,5252.0,43.0,0.05906813591718674,0.00025,0.07139667123556137,0.0
16950.0,5253.0,43.0,0.04262125864624977,0.00025,0.10756617039442062,0.0
16951.0,5254.0,43.0,0.05998774617910385,0.00025,0.07788729667663574,0.0
16952.0,5255.0,43.0,0.0564199797809124,0.00025,0.04237270727753639,0.0
16953.0,5256.0,43.0,0.06427351385354996,0.00025,0.1275959610939026,0.0
16954.0,5257.0,43.0,0.054496124386787415,0.00025,0.080739326775074,0.0
16955.0,5258.0,43.0,0.05296279117465019,0.00025,0.1108851507306099,0.0
16956.0,5259.0,43.0,0.048713523894548416,0.00025,0.12494408339262009,0.0
16957.0,5260.0,43.0,0.05499616637825966,0.00025,0.09770964831113815,0.0
16958.0,5261.0,43.0,0.044795118272304535,0.00025,0.1109078973531723,0.0
16959.0,5262.0,43.0,0.059275347739458084,0.00025,0.11033150553703308,0.0
16960.0,5263.0,43.0,0.049839459359645844,0.00025,0.12402379512786865,0.0
16961.0,5264.0,43.0,0.06545072793960571,0.00025,0.0796249732375145,0.0
16962.0,5265.0,43.0,0.05165223032236099,0.00025,0.12733174860477448,0.0
16963.0,5266.0,43.0,0.05439496785402298,0.00025,0.06410657614469528,0.0
16964.0,5267.0,43.0,0.06639955937862396,0.00025,0.13493570685386658,0.0
16965.0,5268.0,43.0,0.05980514734983444,0.00025,0.10078071802854538,0.0
16966.0,5269.0,43.0,0.04354298859834671,0.00025,0.15558108687400818,0.0
16967.0,5270.0,43.0,0.057571202516555786,0.00025,0.08168435096740723,0.0
16968.0,5271.0,43.0,0.05938071757555008,0.00025,0.09187710285186768,0.0
16969.0,5272.0,43.0,0.05971425771713257,0.00025,0.10839659720659256,0.0
16970.0,5273.0,43.0,0.06781794130802155,0.00025,0.09316490590572357,0.0
16971.0,5274.0,43.0,0.05640247464179993,0.00025,0.2405766099691391,0.0
16972.0,5275.0,43.0,0.050385210663080215,0.00025,0.08164694905281067,0.0
16973.0,5276.0,43.0,0.04376713186502457,0.00025,0.17775297164916992,0.0
16974.0,5277.0,43.0,0.06296570599079132,0.00025,0.15421073138713837,0.0
16975.0,5278.0,43.0,0.06184935197234154,0.00025,0.16481581330299377,0.0
16976.0,5279.0,43.0,0.056150831282138824,0.00025,0.10004086792469025,0.0
16977.0,5280.0,43.0,0.06996777653694153,0.00025,0.18389485776424408,0.0
16978.0,5281.0,43.0,0.05801300331950188,0.00025,0.15908224880695343,0.0
16979.0,5282.0,43.0,0.05778564512729645,0.00025,0.14755217730998993,0.0
16980.0,5283.0,43.0,0.0565907284617424,0.00025,0.09585880488157272,0.0
16981.0,5284.0,43.0,0.061892908066511154,0.00025,0.20552557706832886,0.0
16982.0,5285.0,43.0,0.06318622082471848,0.00025,0.07545898109674454,0.0
16983.0,5286.0,43.0,0.051382459700107574,0.00025,0.1186005026102066,0.0
16984.0,5287.0,43.0,0.04729482904076576,0.00025,0.17499466240406036,0.0
16985.0,5288.0,43.0,0.04808671027421951,0.00025,0.11981114745140076,0.0
16986.0,5289.0,43.0,0.06713363528251648,0.00025,0.1862505078315735,0.0
16987.0,5290.0,43.0,0.048238467425107956,0.00025,0.10238755494356155,0.0
16988.0,5291.0,43.0,0.0543394535779953,0.00025,0.15422554314136505,0.0
16989.0,5292.0,43.0,0.0553964301943779,0.00025,0.07201213389635086,0.0
16990.0,5293.0,43.0,0.05492991954088211,0.00025,0.10365921258926392,0.0
16991.0,5294.0,43.0,0.05847376212477684,0.00025,0.10289383679628372,0.0
16992.0,5295.0,43.0,0.051772475242614746,0.00025,0.043026190251111984,0.0
16993.0,5296.0,43.0,0.060625918209552765,0.00025,0.10640912503004074,0.0
16994.0,5297.0,43.0,0.04985224828124046,0.00025,0.11787417531013489,0.0
16995.0,5298.0,43.0,0.058349497616291046,0.00025,0.05832598730921745,0.0
16996.0,5299.0,43.0,0.041448887437582016,0.00025,0.13923005759716034,0.0
16997.0,5300.0,43.0,0.06509334594011307,0.00025,0.10700670629739761,0.0
16998.0,5301.0,43.0,0.051796723157167435,0.00025,0.13769739866256714,0.0
16999.0,5302.0,43.0,0.05029536038637161,0.00025,0.10662902146577835,0.0
17000.0,5303.0,43.0,0.04852370172739029,0.00025,0.12965267896652222,0.0
17001.0,5304.0,43.0,0.05984550714492798,0.00025,0.051722586154937744,0.0
17002.0,5305.0,43.0,0.05606845021247864,0.00025,0.07356160134077072,0.0
17003.0,5306.0,43.0,0.05533504858613014,0.00025,0.06873863190412521,0.0
17004.0,5307.0,43.0,0.051672447472810745,0.00025,0.13188934326171875,0.0
17005.0,5308.0,43.0,0.05583018809556961,0.00025,0.05755399912595749,0.0
17006.0,5309.0,43.0,0.049857161939144135,0.00025,0.09442497044801712,0.0
17007.0,5310.0,43.0,0.06164166331291199,0.00025,0.10544267296791077,0.0
17008.0,5311.0,43.0,0.0531594380736351,0.00025,0.05801592394709587,0.0
17009.0,5312.0,43.0,0.048998817801475525,0.00025,0.08316490799188614,0.0
17010.0,5313.0,43.0,0.05198141932487488,0.00025,0.06507497280836105,0.0
17011.0,5314.0,43.0,0.056464698165655136,0.00025,0.13273076713085175,0.0
17012.0,5315.0,43.0,0.05900690332055092,0.00025,0.07074853777885437,0.0
17013.0,5316.0,43.0,0.054547376930713654,0.00025,0.14240558445453644,0.0
17014.0,5317.0,43.0,0.0591762438416481,0.00025,0.0773363932967186,0.0
17015.0,5318.0,43.0,0.05609385669231415,0.00025,0.06393507868051529,0.0
17016.0,5319.0,43.0,0.048379551619291306,0.00025,0.04202446714043617,0.0
17017.0,5320.0,43.0,0.05409684404730797,0.00025,0.11488033086061478,0.0
17018.0,5321.0,43.0,0.06442251801490784,0.00025,0.06743352860212326,0.0
17019.0,5322.0,43.0,0.06011626124382019,0.00025,0.1840197890996933,0.0
17020.0,5323.0,43.0,0.05626832693815231,0.00025,0.0835438221693039,0.0
17021.0,5324.0,43.0,0.05216266214847565,0.00025,0.08459743112325668,0.0
17022.0,5325.0,43.0,0.06003531813621521,0.00025,0.06466147303581238,0.0
17023.0,5326.0,43.0,0.048042453825473785,0.00025,0.04562170431017876,0.0
17024.0,5327.0,43.0,0.06311064958572388,0.00025,0.13866648077964783,0.0
17025.0,5328.0,43.0,0.05569129437208176,0.00025,0.05255895107984543,0.0
17026.0,5329.0,43.0,0.04025008901953697,0.00025,0.075030617415905,0.0
17027.0,5330.0,43.0,0.062493328005075455,0.00025,0.08539962023496628,0.0
17028.0,5331.0,43.0,0.05933142080903053,0.00025,0.060719434171915054,0.0
17029.0,5332.0,43.0,0.06006811559200287,0.00025,0.06501759588718414,0.0
17030.0,5333.0,43.0,0.053804874420166016,0.00025,0.04782439395785332,0.0
17031.0,5334.0,43.0,0.05240138620138168,0.00025,0.1248498484492302,0.0
17032.0,5335.0,43.0,0.06417828798294067,0.00025,0.0504092276096344,0.0
17033.0,5336.0,43.0,0.054106391966342926,0.00025,0.12064259499311447,0.0
17034.0,5337.0,43.0,0.05772719532251358,0.00025,0.13462787866592407,0.0
17035.0,5338.0,43.0,0.07573592662811279,0.00025,0.09881756454706192,0.0
17036.0,5339.0,43.0,0.06329648196697235,0.00025,0.191325381398201,0.0
17037.0,5340.0,43.0,0.05972784012556076,0.00025,0.03314448893070221,0.0
17038.0,5341.0,43.0,0.045462559908628464,0.00025,0.1947578638792038,0.0
17039.0,5342.0,43.0,0.05803373083472252,0.00025,0.07446557283401489,0.0
17040.0,5343.0,43.0,0.053797267377376556,0.00025,0.11576852202415466,0.0
17041.0,5344.0,43.0,0.06461218744516373,0.00025,0.1588311791419983,0.0
17042.0,5345.0,43.0,0.0569886639714241,0.00025,0.09805261343717575,0.0
17043.0,5346.0,43.0,0.047642290592193604,0.00025,0.13937059044837952,0.0
17044.0,5347.0,43.0,0.05977405235171318,0.00025,0.07169691473245621,0.0
17045.0,5348.0,43.0,0.060951635241508484,0.00025,0.15616954863071442,0.0
17046.0,5349.0,43.0,0.06799978017807007,0.00025,0.050795458257198334,0.0
17047.0,5350.0,43.0,0.05639398843050003,0.00025,0.17830625176429749,0.0
17048.0,5351.0,43.0,0.05658823996782303,0.00025,0.09778346121311188,0.0
17049.0,5352.0,43.0,0.06030285358428955,0.00025,0.14508746564388275,0.0
17050.0,5353.0,43.0,0.055955834686756134,0.00025,0.1963130086660385,0.0
17051.0,5354.0,43.0,0.05148496478796005,0.00025,0.12594136595726013,0.0
17052.0,5355.0,43.0,0.060374945402145386,0.00025,0.2268291413784027,0.0
17053.0,5356.0,43.0,0.05672302097082138,0.00025,0.06615254282951355,0.0
17054.0,5357.0,43.0,0.059776533395051956,0.00025,0.1997915357351303,0.0
17055.0,5358.0,43.0,0.05771925672888756,0.00025,0.12434779852628708,0.0
17056.0,5359.0,43.0,0.058137159794569016,0.00025,0.170529305934906,0.0
17057.0,5360.0,43.0,0.06655628979206085,0.00025,0.14060965180397034,0.0
17058.0,5361.0,43.0,0.06352726370096207,0.00025,0.13841551542282104,0.0
17059.0,5362.0,43.0,0.060257017612457275,0.00025,0.1133849248290062,0.0
17060.0,5363.0,43.0,0.05191877856850624,0.00025,0.08168742060661316,0.0
17061.0,5364.0,43.0,0.05807444825768471,0.00025,0.09590784460306168,0.0
17062.0,5365.0,43.0,0.04800428822636604,0.00025,0.09492035955190659,0.0
17063.0,5366.0,43.0,0.055787764489650726,0.00025,0.061300311237573624,0.0
17064.0,5367.0,43.0,0.052199121564626694,0.00025,0.0802660807967186,0.0
17065.0,5368.0,43.0,0.06968220323324203,0.00025,0.04982692003250122,0.0
17066.0,5369.0,43.0,0.06254612654447556,0.00025,0.0879695862531662,0.0
17067.0,5370.0,43.0,0.06102481856942177,0.00025,0.0788995698094368,0.0
17068.0,5371.0,43.0,0.054034456610679626,0.00025,0.07133232057094574,0.0
17069.0,5372.0,43.0,0.05484374612569809,0.00025,0.06949754804372787,0.0
17070.0,5373.0,43.0,0.04921573027968407,0.00025,0.07859712094068527,0.0
17071.0,5374.0,43.0,0.05305228382349014,0.00025,0.10084740072488785,0.0
17072.0,5375.0,43.0,0.0582779236137867,0.00025,0.08625558763742447,0.0
17073.0,5376.0,43.0,0.0557887926697731,0.00025,0.09330473095178604,0.0
17074.0,5377.0,43.0,0.05377795547246933,0.00025,0.13558834791183472,0.0
17075.0,5378.0,43.0,0.044520601630210876,0.00025,0.09532954543828964,0.0
17076.0,5379.0,43.0,0.05891023203730583,0.00025,0.1454528123140335,0.0
17077.0,5380.0,43.0,0.049042701721191406,0.00025,0.07669108361005783,0.0
17078.0,5381.0,43.0,0.06466016173362732,0.00025,0.15275664627552032,0.0
17079.0,5382.0,43.0,0.04852879047393799,0.00025,0.11006290465593338,0.0
17080.0,5383.0,43.0,0.050098616629838943,0.00025,0.14062295854091644,0.0
17081.0,5384.0,43.0,0.05716527998447418,0.00025,0.18451175093650818,0.0
17082.0,5385.0,43.0,0.06499559432268143,0.00025,0.12288375198841095,0.0
17083.0,5386.0,43.0,0.05403679236769676,0.00025,0.17904353141784668,0.0
17084.0,5387.0,43.0,0.05524474382400513,0.00025,0.04060681536793709,0.0
17085.0,5388.0,43.0,0.05766535550355911,0.00025,0.19930753111839294,0.0
17086.0,5389.0,43.0,0.06569385528564453,0.00025,0.15036258101463318,0.0
17087.0,5390.0,43.0,0.07320265471935272,0.00025,0.1533128023147583,0.0
17088.0,5391.0,43.0,0.05591920018196106,0.00025,0.10903002321720123,0.0
17089.0,5392.0,43.0,0.06442062556743622,0.00025,0.08018108457326889,0.0
17090.0,5393.0,43.0,0.05643635243177414,0.00025,0.0924374908208847,0.0
17091.0,5394.0,43.0,0.051724664866924286,0.00025,0.16358086466789246,0.0
17092.0,5395.0,43.0,0.049410052597522736,0.00025,0.09447947144508362,0.0
17093.0,5396.0,43.0,0.06741969287395477,0.00025,0.21801729500293732,0.0
17094.0,5397.0,43.0,0.049615081399679184,0.00025,0.06787125021219254,0.0
17095.0,5398.0,43.0,0.05213071033358574,0.00025,0.2063082605600357,0.0
17096.0,5399.0,43.0,0.053397685289382935,0.00025,0.04372845217585564,0.0
17097.0,5400.0,43.0,0.044856756925582886,0.00025,0.09958531707525253,0.0
17098.0,5401.0,43.0,0.046788427978754044,0.00025,0.09750650078058243,0.0
17099.0,5402.0,43.0,0.05110453814268112,0.00025,0.0823708027601242,0.0
17100.0,5403.0,43.0,0.07664674520492554,0.00025,0.12266560643911362,0.0
17101.0,5404.0,43.0,0.06444932520389557,0.00025,0.17648866772651672,0.0
17102.0,5405.0,43.0,0.0646277442574501,0.00025,0.04854067042469978,0.0
17103.0,5406.0,43.0,0.042810164391994476,0.00025,0.1835194230079651,0.0
17104.0,5407.0,43.0,0.05138923227787018,0.00025,0.02896244078874588,0.0
17105.0,5408.0,43.0,0.059113919734954834,0.00025,0.14431238174438477,0.0
17106.0,5409.0,43.0,0.06413280963897705,0.00025,0.1400453895330429,0.0
17107.0,5410.0,43.0,0.05839376524090767,0.00025,0.10540703684091568,0.0
17108.0,5411.0,43.0,0.05370067432522774,0.00025,0.23104976117610931,0.0
17109.0,5412.0,43.0,0.05477656424045563,0.00025,0.09710420668125153,0.0
17110.0,5413.0,43.0,0.04784662276506424,0.00025,0.2229883223772049,0.0
17111.0,5414.0,43.0,0.06530965864658356,0.00025,0.06783918291330338,0.0
17112.0,5415.0,43.0,0.04401151090860367,0.00025,0.1671367585659027,0.0
17113.0,5416.0,43.0,0.04820193350315094,0.00025,0.10680975764989853,0.0
17114.0,5417.0,43.0,0.04699363932013512,0.00025,0.1814020574092865,0.0
17115.0,5418.0,43.0,0.05683708190917969,0.00025,0.1150859147310257,0.0
17116.0,5419.0,43.0,0.05878802388906479,0.00025,0.0802794098854065,0.0
17117.0,5420.0,43.0,0.05073986202478409,0.00025,0.21036094427108765,0.0
17118.0,5421.0,43.0,0.06532902270555496,0.00025,0.04303126409649849,0.0
17119.0,5422.0,43.0,0.05790126323699951,0.00025,0.16451211273670197,0.0
17120.0,5423.0,43.0,0.060274504125118256,0.00025,0.1670515090227127,0.0
17121.0,5424.0,43.0,0.05380573496222496,0.00025,0.09891168773174286,0.0
17122.0,5425.0,43.0,0.05338023602962494,0.00025,0.15423978865146637,0.0
17123.0,5426.0,43.0,0.06157521530985832,0.00025,0.0888025164604187,0.0
17124.0,5427.0,43.0,0.06913311779499054,0.00025,0.2005293071269989,0.0
17125.0,5428.0,43.0,0.05014064908027649,0.00025,0.16161328554153442,0.0
17126.0,5429.0,43.0,0.057272061705589294,0.00025,0.1806952804327011,0.0
17127.0,5430.0,43.0,0.05770367011427879,0.00025,0.14985252916812897,0.0
17128.0,5431.0,43.0,0.05367541313171387,0.00025,0.08143772929906845,0.0
17129.0,5432.0,43.0,0.0587288960814476,0.00025,0.14170846343040466,0.0
17130.0,5433.0,43.0,0.05752361938357353,0.00025,0.07125678658485413,0.0
17131.0,5434.0,43.0,0.054183535277843475,0.00025,0.14459165930747986,0.0
17132.0,5435.0,43.0,0.06018439307808876,0.00025,0.11021649837493896,0.0
17133.0,5436.0,43.0,0.056335754692554474,0.00025,0.13893215358257294,0.0
17134.0,5437.0,43.0,0.04378841817378998,0.00025,0.14810475707054138,0.0
17135.0,5438.0,43.0,0.07105997204780579,0.00025,0.09990636259317398,0.0
17136.0,5439.0,43.0,0.06385305523872375,0.00025,0.16735641658306122,0.0
17137.0,5440.0,43.0,0.0456395223736763,0.00025,0.09446518868207932,0.0
17138.0,5441.0,43.0,0.05241038277745247,0.00025,0.1345580369234085,0.0
17139.0,5442.0,43.0,0.04102328419685364,0.00025,0.12991495430469513,0.0
17140.0,5443.0,43.0,0.05054563283920288,0.00025,0.11310204863548279,0.0
17141.0,5444.0,43.0,0.046280164271593094,0.00025,0.12809322774410248,0.0
17142.0,5445.0,43.0,0.055149294435977936,0.00025,0.11230796575546265,0.0
17143.0,5446.0,43.0,0.05694791302084923,0.00025,0.10133334249258041,0.0
17144.0,5447.0,43.0,0.04483983293175697,0.00025,0.17328386008739471,0.0
17145.0,5448.0,43.0,0.05572362244129181,0.00025,0.1805877536535263,0.0
17146.0,5449.0,43.0,0.07273370027542114,0.00025,0.16212250292301178,0.0
17147.0,5450.0,43.0,0.058026108890771866,0.00025,0.21551580727100372,0.0
17148.0,5451.0,43.0,0.06201576068997383,0.00025,0.09986858069896698,0.0
17149.0,5452.0,43.0,0.05482136830687523,0.00025,0.18496763706207275,0.0
17150.0,5453.0,43.0,0.04891727492213249,0.00025,0.12379442155361176,0.0
17151.0,5454.0,43.0,0.05211985856294632,0.00025,0.09236852079629898,0.0
17152.0,5455.0,43.0,0.0692177265882492,0.00025,0.13004560768604279,0.0
17153.0,5456.0,43.0,0.04861876741051674,0.00025,0.09101095050573349,0.0
17154.0,5457.0,43.0,0.054864417761564255,0.00025,0.09937632828950882,0.0
17155.0,5458.0,43.0,0.059075675904750824,0.00025,0.1721799671649933,0.0
17156.0,5459.0,43.0,0.04603462666273117,0.00025,0.08531977981328964,0.0
17157.0,5460.0,43.0,0.062246501445770264,0.00025,0.1814369410276413,0.0
17158.0,5461.0,44.0,0.0712442696094513,0.00025,0.09690482169389725,0.0
17159.0,5462.0,44.0,0.0650031566619873,0.00025,0.1657436490058899,0.0
17160.0,5463.0,44.0,0.06652504950761795,0.00025,0.1275247484445572,0.0
17161.0,5464.0,44.0,0.053122714161872864,0.00025,0.1670970618724823,0.0
17162.0,5465.0,44.0,0.053046420216560364,0.00025,0.10410318523645401,0.0
17163.0,5466.0,44.0,0.054979704320430756,0.00025,0.13322673738002777,0.0
17164.0,5467.0,44.0,0.04440543055534363,0.00025,0.08630606532096863,0.0
17165.0,5468.0,44.0,0.06423091888427734,0.00025,0.1372775286436081,0.0
17166.0,5469.0,44.0,0.052482470870018005,0.00025,0.13399405777454376,0.0
17167.0,5470.0,44.0,0.06794264167547226,0.00025,0.10429800301790237,0.0
17168.0,5471.0,44.0,0.05770808458328247,0.00025,0.17766638100147247,0.0
17169.0,5472.0,44.0,0.06330528110265732,0.00025,0.07631886750459671,0.0
17170.0,5473.0,44.0,0.055609047412872314,0.00025,0.13870157301425934,0.0
17171.0,5474.0,44.0,0.04703810438513756,0.00025,0.10559343546628952,0.0
17172.0,5475.0,44.0,0.055353641510009766,0.00025,0.1200622096657753,0.0
17173.0,5476.0,44.0,0.05249272286891937,0.00025,0.13778378069400787,0.0
17174.0,5477.0,44.0,0.05271543562412262,0.00025,0.12549982964992523,0.0
17175.0,5478.0,44.0,0.04984274506568909,0.00025,0.12010852992534637,0.0
17176.0,5479.0,44.0,0.05292695388197899,0.00025,0.09458665549755096,0.0
17177.0,5480.0,44.0,0.060874879360198975,0.00025,0.1300899237394333,0.0
17178.0,5481.0,44.0,0.06035955250263214,0.00025,0.08001034706830978,0.0
17179.0,5482.0,44.0,0.05954834446310997,0.00025,0.15091603994369507,0.0
17180.0,5483.0,44.0,0.06752307713031769,0.00025,0.06712964177131653,0.0
17181.0,5484.0,44.0,0.05057945474982262,0.00025,0.06478521972894669,0.0
17182.0,5485.0,44.0,0.061949506402015686,0.00025,0.07551168650388718,0.0
17183.0,5486.0,44.0,0.06607598811388016,0.00025,0.13700710237026215,0.0
17184.0,5487.0,44.0,0.050687797367572784,0.00025,0.08449055999517441,0.0
17185.0,5488.0,44.0,0.0691903829574585,0.00025,0.1711781919002533,0.0
17186.0,5489.0,44.0,0.05778774619102478,0.00025,0.09932547807693481,0.0
17187.0,5490.0,44.0,0.05632711574435234,0.00025,0.11095570772886276,0.0
17188.0,5491.0,44.0,0.06549946218729019,0.00025,0.16553333401679993,0.0
17189.0,5492.0,44.0,0.06517255306243896,0.00025,0.11288368701934814,0.0
17190.0,5493.0,44.0,0.052626922726631165,0.00025,0.12856459617614746,0.0
17191.0,5494.0,44.0,0.07390066981315613,0.00025,0.1311451643705368,0.0
17192.0,5495.0,44.0,0.06297513842582703,0.00025,0.14539870619773865,0.0
17193.0,5496.0,44.0,0.05993323773145676,0.00025,0.11041901260614395,0.0
17194.0,5497.0,44.0,0.05043900012969971,0.00025,0.17073604464530945,0.0
17195.0,5498.0,44.0,0.05019557476043701,0.00025,0.10443836450576782,0.0
17196.0,5499.0,44.0,0.04891912639141083,0.00025,0.13743963837623596,0.0
17197.0,5500.0,44.0,0.054920390248298645,0.00025,0.06058334559202194,0.0
17198.0,5501.0,44.0,0.06125429645180702,0.00025,0.07417767494916916,0.0
17199.0,5502.0,44.0,0.06522281467914581,0.00025,0.09934944659471512,0.0
17200.0,5503.0,44.0,0.05052066594362259,0.00025,0.08929257839918137,0.0
17201.0,5504.0,44.0,0.05532709136605263,0.00025,0.037685371935367584,0.0
17202.0,5505.0,44.0,0.04699186980724335,0.00025,0.046268295496702194,0.0
17203.0,5506.0,44.0,0.05460387468338013,0.00025,0.08565009385347366,0.0
17204.0,5507.0,44.0,0.05650635063648224,0.00025,0.08924782276153564,0.0
17205.0,5508.0,44.0,0.0534912571310997,0.00025,0.14773879945278168,0.0
17206.0,5509.0,44.0,0.0679604709148407,0.00025,0.10116524994373322,0.0
17207.0,5510.0,44.0,0.05960589647293091,0.00025,0.18119944632053375,0.0
17208.0,5511.0,44.0,0.05760665982961655,0.00025,0.09999211132526398,0.0
17209.0,5512.0,44.0,0.05095944553613663,0.00025,0.09014517068862915,0.0
17210.0,5513.0,44.0,0.05624445155262947,0.00025,0.12980963289737701,0.0
17211.0,5514.0,44.0,0.05711432546377182,0.00025,0.0443156473338604,0.0
17212.0,5515.0,44.0,0.05948447436094284,0.00025,0.15827515721321106,0.0
17213.0,5516.0,44.0,0.04650333523750305,0.00025,0.04334283992648125,0.0
17214.0,5517.0,44.0,0.04092378169298172,0.00025,0.11448203027248383,0.0
17215.0,5518.0,44.0,0.06646207720041275,0.00025,0.06636972725391388,0.0
17216.0,5519.0,44.0,0.06878790259361267,0.00025,0.1362597495317459,0.0
17217.0,5520.0,44.0,0.05384325236082077,0.00025,0.05793038383126259,0.0
17218.0,5521.0,44.0,0.062153879553079605,0.00025,0.0954473540186882,0.0
17219.0,5522.0,44.0,0.06281671673059464,0.00025,0.10295376181602478,0.0
17220.0,5523.0,44.0,0.0496741384267807,0.00025,0.08086863160133362,0.0
17221.0,5524.0,44.0,0.05219193920493126,0.00025,0.14118705689907074,0.0
17222.0,5525.0,44.0,0.051112886518239975,0.00025,0.05614720657467842,0.0
17223.0,5526.0,44.0,0.05326816439628601,0.00025,0.20063331723213196,0.0
17224.0,5527.0,44.0,0.06357328593730927,0.00025,0.0739436224102974,0.0
17225.0,5528.0,44.0,0.05328553542494774,0.00025,0.1566992551088333,0.0
17226.0,5529.0,44.0,0.05083101987838745,0.00025,0.06390780210494995,0.0
17227.0,5530.0,44.0,0.05864030122756958,0.00025,0.1360616236925125,0.0
17228.0,5531.0,44.0,0.04830652475357056,0.00025,0.1186639815568924,0.0
17229.0,5532.0,44.0,0.04718877002596855,0.00025,0.09301359951496124,0.0
17230.0,5533.0,44.0,0.05430331453680992,0.00025,0.14371073246002197,0.0
17231.0,5534.0,44.0,0.05918070673942566,0.00025,0.06790363788604736,0.0
17232.0,5535.0,44.0,0.05717143416404724,0.00025,0.11567148566246033,0.0
17233.0,5536.0,44.0,0.05447310954332352,0.00025,0.09603193402290344,0.0
17234.0,5537.0,44.0,0.04641181230545044,0.00025,0.15332159399986267,0.0
17235.0,5538.0,44.0,0.06248420849442482,0.00025,0.07307996600866318,0.0
17236.0,5539.0,44.0,0.06738132238388062,0.00025,0.10544976592063904,0.0
17237.0,5540.0,44.0,0.053849026560783386,0.00025,0.18790942430496216,0.0
17238.0,5541.0,44.0,0.0499008409678936,0.00025,0.15263645350933075,0.0
17239.0,5542.0,44.0,0.05679163709282875,0.00025,0.16541644930839539,0.0
17240.0,5543.0,44.0,0.060059674084186554,0.00025,0.1311429888010025,0.0
17241.0,5544.0,44.0,0.05330004543066025,0.00025,0.14976532757282257,0.0
17242.0,5545.0,44.0,0.06690972298383713,0.00025,0.12709607183933258,0.0
17243.0,5546.0,44.0,0.05524779483675957,0.00025,0.150247722864151,0.0
17244.0,5547.0,44.0,0.053872767835855484,0.00025,0.11015952378511429,0.0
17245.0,5548.0,44.0,0.060510411858558655,0.00025,0.11516702175140381,0.0
17246.0,5549.0,44.0,0.06353888660669327,0.00025,0.06432975828647614,0.0
17247.0,5550.0,44.0,0.05261192098259926,0.00025,0.09711413085460663,0.0
17248.0,5551.0,44.0,0.06528033316135406,0.00025,0.0945809856057167,0.0
17249.0,5552.0,44.0,0.04375307261943817,0.00025,0.07966248691082001,0.0
17250.0,5553.0,44.0,0.051467400044202805,0.00025,0.10030827671289444,0.0
17251.0,5554.0,44.0,0.04838709905743599,0.00025,0.05555962026119232,0.0
17252.0,5555.0,44.0,0.06067219004034996,0.00025,0.06249269098043442,0.0
17253.0,5556.0,44.0,0.05257699638605118,0.00025,0.05664201080799103,0.0
17254.0,5557.0,44.0,0.05279954522848129,0.00025,0.11211651563644409,0.0
17255.0,5558.0,44.0,0.06323595345020294,0.00025,0.054948434233665466,0.0
17256.0,5559.0,44.0,0.059209756553173065,0.00025,0.11202279478311539,0.0
17257.0,5560.0,44.0,0.05736849457025528,0.00025,0.06115544214844704,0.0
17258.0,5561.0,44.0,0.04800952225923538,0.00025,0.09640054404735565,0.0
17259.0,5562.0,44.0,0.060666803270578384,0.00025,0.14062944054603577,0.0
17260.0,5563.0,44.0,0.061869971454143524,0.00025,0.07722588628530502,0.0
17261.0,5564.0,44.0,0.056275442242622375,0.00025,0.15065616369247437,0.0
17262.0,5565.0,44.0,0.06484666466712952,0.00025,0.057687290012836456,0.0
17263.0,5566.0,44.0,0.051193006336688995,0.00025,0.09875088185071945,0.0
17264.0,5567.0,44.0,0.06135137006640434,0.00025,0.07857669144868851,0.0
17265.0,5568.0,44.0,0.051160722970962524,0.00025,0.08468282967805862,0.0
17266.0,5569.0,44.0,0.0630994439125061,0.00025,0.06800973415374756,0.0
17267.0,5570.0,44.0,0.0634942501783371,0.00025,0.09570606052875519,0.0
17268.0,5571.0,44.0,0.04772067070007324,0.00025,0.13022375106811523,0.0
17269.0,5572.0,44.0,0.05432305485010147,0.00025,0.10804577171802521,0.0
17270.0,5573.0,44.0,0.05031552165746689,0.00025,0.1598770022392273,0.0
17271.0,5574.0,44.0,0.07030365616083145,0.00025,0.1280704289674759,0.0
17272.0,5575.0,44.0,0.055678654462099075,0.00025,0.1680944263935089,0.0
17273.0,5576.0,44.0,0.048755861818790436,0.00025,0.1224713921546936,0.0
17274.0,5577.0,44.0,0.05111020803451538,0.00025,0.06986545771360397,0.0
17275.0,5578.0,44.0,0.06057511270046234,0.00025,0.19958250224590302,0.0
17276.0,5579.0,44.0,0.05018283799290657,0.00025,0.12467467039823532,0.0
17277.0,5580.0,44.0,0.053639478981494904,0.00025,0.17286966741085052,0.0
17278.0,5581.0,44.0,0.06062598526477814,0.00025,0.20303070545196533,0.0
17279.0,5582.0,44.0,0.06227492541074753,0.00025,0.11208172887563705,0.0
17280.0,5583.0,44.0,0.05387603119015694,0.00025,0.22541935741901398,0.0
17281.0,5584.0,44.0,0.04400902986526489,0.00025,0.08933624625205994,0.0
17282.0,5585.0,44.0,0.06436131149530411,0.00025,0.14537933468818665,0.0
17283.0,5586.0,44.0,0.0520595982670784,0.00025,0.13185130059719086,0.0
17284.0,5587.0,44.0,0.04995184391736984,0.00025,0.09130293875932693,0.0
17285.0,5588.0,44.0,0.05804980918765068,0.00025,0.08926265686750412,0.0
17286.0,5589.0,44.0,0.06922850757837296,0.00025,0.1419299840927124,0.0
17287.0,5590.0,44.0,0.061267707496881485,0.00025,0.08317116647958755,0.0
17288.0,5591.0,44.0,0.07855863869190216,0.00025,0.14141160249710083,0.0
17289.0,5592.0,44.0,0.06632043421268463,0.00025,0.05089815706014633,0.0
17290.0,5593.0,44.0,0.07824759930372238,0.00025,0.0836566910147667,0.0
17291.0,5594.0,44.0,0.04791714996099472,0.00025,0.11319761723279953,0.0
17292.0,5595.0,44.0,0.0626678615808487,0.00025,0.08165162056684494,0.0
17293.0,5596.0,44.0,0.06368634104728699,0.00025,0.14795958995819092,0.0
17294.0,5597.0,44.0,0.05298823118209839,0.00025,0.08250176161527634,0.0
17295.0,5598.0,44.0,0.048371322453022,0.00025,0.09231241792440414,0.0
17296.0,5599.0,44.0,0.05871371924877167,0.00025,0.035431914031505585,0.0
17297.0,5600.0,44.0,0.04667317867279053,0.00025,0.08504670858383179,0.0
17298.0,5601.0,44.0,0.061495810747146606,0.00025,0.06981325149536133,0.0
17299.0,5602.0,44.0,0.06101742014288902,0.00025,0.09098716825246811,0.0
17300.0,5603.0,44.0,0.06552384793758392,0.00025,0.06196127086877823,0.0
17301.0,5604.0,44.0,0.059698767960071564,0.00025,0.07752442359924316,0.0
17302.0,5605.0,44.0,0.04667811840772629,0.00025,0.06909384578466415,0.0
17303.0,5606.0,44.0,0.052601441740989685,0.00025,0.07931975275278091,0.0
17304.0,5607.0,44.0,0.05747150257229805,0.00025,0.0833268016576767,0.0
17305.0,5608.0,44.0,0.05933178588747978,0.00025,0.1495429277420044,0.0
17306.0,5609.0,44.0,0.05659624561667442,0.00025,0.0654291957616806,0.0
17307.0,5610.0,44.0,0.05676761642098427,0.00025,0.14307592809200287,0.0
17308.0,5611.0,44.0,0.06389233469963074,0.00025,0.1483321636915207,0.0
17309.0,5612.0,44.0,0.050163283944129944,0.00025,0.1232929527759552,0.0
17310.0,5613.0,44.0,0.04805354028940201,0.00025,0.12872280180454254,0.0
17311.0,5614.0,44.0,0.05740995705127716,0.00025,0.128290057182312,0.0
17312.0,5615.0,44.0,0.06095825508236885,0.00025,0.13651639223098755,0.0
17313.0,5616.0,44.0,0.05416904389858246,0.00025,0.12632672488689423,0.0
17314.0,5617.0,44.0,0.061712950468063354,0.00025,0.13134101033210754,0.0
17315.0,5618.0,44.0,0.06386785209178925,0.00025,0.08201583474874496,0.0
17316.0,5619.0,44.0,0.05389345437288284,0.00025,0.13103799521923065,0.0
17317.0,5620.0,44.0,0.06318502128124237,0.00025,0.05410463362932205,0.0
17318.0,5621.0,44.0,0.05207178741693497,0.00025,0.12831524014472961,0.0
17319.0,5622.0,44.0,0.05953121930360794,0.00025,0.10396001487970352,0.0
17320.0,5623.0,44.0,0.05430528521537781,0.00025,0.11620359122753143,0.0
17321.0,5624.0,44.0,0.06152471899986267,0.00025,0.0869387537240982,0.0
17322.0,5625.0,44.0,0.05382110923528671,0.00025,0.09673938900232315,0.0
17323.0,5626.0,44.0,0.05442522093653679,0.00025,0.12502768635749817,0.0
17324.0,5627.0,44.0,0.062332358211278915,0.00025,0.11045471578836441,0.0
17325.0,5628.0,44.0,0.053838182240724564,0.00025,0.10911598801612854,0.0
17326.0,5629.0,44.0,0.06071840971708298,0.00025,0.1451175957918167,0.0
17327.0,5630.0,44.0,0.04835096746683121,0.00025,0.1335543394088745,0.0
17328.0,5631.0,44.0,0.05490574985742569,0.00025,0.13340722024440765,0.0
17329.0,5632.0,44.0,0.04805370792746544,0.00025,0.09738675504922867,0.0
17330.0,5633.0,44.0,0.06170494481921196,0.00025,0.11070489138364792,0.0
17331.0,5634.0,44.0,0.046634797006845474,0.00025,0.054382286965847015,0.0
17332.0,5635.0,44.0,0.05398213118314743,0.00025,0.13061216473579407,0.0
17333.0,5636.0,44.0,0.04732431471347809,0.00025,0.12051984667778015,0.0
17334.0,5637.0,44.0,0.058462921530008316,0.00025,0.09481652081012726,0.0
17335.0,5638.0,44.0,0.059517309069633484,0.00025,0.06274779886007309,0.0
17336.0,5639.0,44.0,0.0589139424264431,0.00025,0.12290641665458679,0.0
17337.0,5640.0,44.0,0.04354549199342728,0.00025,0.07420691102743149,0.0
17338.0,5641.0,44.0,0.051348648965358734,0.00025,0.1761481761932373,0.0
17339.0,5642.0,44.0,0.056991249322891235,0.00025,0.12100347131490707,0.0
17340.0,5643.0,44.0,0.05376144498586655,0.00025,0.1042872816324234,0.0
17341.0,5644.0,44.0,0.055409111082553864,0.00025,0.11725930124521255,0.0
17342.0,5645.0,44.0,0.05270105600357056,0.00025,0.08393536508083344,0.0
17343.0,5646.0,44.0,0.056128449738025665,0.00025,0.16523517668247223,0.0
17344.0,5647.0,44.0,0.04646625369787216,0.00025,0.08072534203529358,0.0
17345.0,5648.0,44.0,0.05433269590139389,0.00025,0.09716255962848663,0.0
17346.0,5649.0,44.0,0.04883220046758652,0.00025,0.1579250991344452,0.0
17347.0,5650.0,44.0,0.03982787951827049,0.00025,0.06142764538526535,0.0
17348.0,5651.0,44.0,0.03966956585645676,0.00025,0.20259222388267517,0.0
17349.0,5652.0,44.0,0.049903273582458496,0.00025,0.04339005425572395,0.0
17350.0,5653.0,44.0,0.06412447988986969,0.00025,0.16074055433273315,0.0
17351.0,5654.0,44.0,0.049714766442775726,0.00025,0.08063691109418869,0.0
17352.0,5655.0,44.0,0.05844322592020035,0.00025,0.0724678635597229,0.0
17353.0,5656.0,44.0,0.06350027024745941,0.00025,0.14627313613891602,0.0
17354.0,5657.0,44.0,0.060527294874191284,0.00025,0.05184394121170044,0.0
17355.0,5658.0,44.0,0.059089358896017075,0.00025,0.1438305824995041,0.0
17356.0,5659.0,44.0,0.057183973491191864,0.00025,0.06806910037994385,0.0
17357.0,5660.0,44.0,0.06953926384449005,0.00025,0.15840914845466614,0.0
17358.0,5661.0,44.0,0.041523393243551254,0.00025,0.07252570986747742,0.0
17359.0,5662.0,44.0,0.06616132706403732,0.00025,0.10792338103055954,0.0
17360.0,5663.0,44.0,0.056087251752614975,0.00025,0.09029871225357056,0.0
17361.0,5664.0,44.0,0.05418158322572708,0.00025,0.07808951288461685,0.0
17362.0,5665.0,44.0,0.06219106167554855,0.00025,0.13479888439178467,0.0
17363.0,5666.0,44.0,0.05721066892147064,0.00025,0.15454281866550446,0.0
17364.0,5667.0,44.0,0.06087646633386612,0.00025,0.13367074728012085,0.0
17365.0,5668.0,44.0,0.053321607410907745,0.00025,0.162885844707489,0.0
17366.0,5669.0,44.0,0.06062519550323486,0.00025,0.07845120877027512,0.0
17367.0,5670.0,44.0,0.04860210791230202,0.00025,0.15339259803295135,0.0
17368.0,5671.0,44.0,0.06844751536846161,0.00025,0.12652936577796936,0.0
17369.0,5672.0,44.0,0.0667533129453659,0.00025,0.09256457537412643,0.0
17370.0,5673.0,44.0,0.05606821924448013,0.00025,0.14832469820976257,0.0
17371.0,5674.0,44.0,0.06378304958343506,0.00025,0.15501290559768677,0.0
17372.0,5675.0,44.0,0.051056601107120514,0.00025,0.16406546533107758,0.0
17373.0,5676.0,44.0,0.052397191524505615,0.00025,0.13158783316612244,0.0
17374.0,5677.0,44.0,0.06504254043102264,0.00025,0.14705447852611542,0.0
17375.0,5678.0,44.0,0.05558541417121887,0.00025,0.05323263257741928,0.0
17376.0,5679.0,44.0,0.06093687191605568,0.00025,0.2005307525396347,0.0
17377.0,5680.0,44.0,0.05618739500641823,0.00025,0.036946989595890045,0.0
17378.0,5681.0,44.0,0.06166110932826996,0.00025,0.11786122620105743,0.0
17379.0,5682.0,44.0,0.05065782368183136,0.00025,0.0778006762266159,0.0
17380.0,5683.0,44.0,0.051918938755989075,0.00025,0.09580016136169434,0.0
17381.0,5684.0,44.0,0.049513012170791626,0.00025,0.0994471088051796,0.0
17382.0,5685.0,44.0,0.053765472024679184,0.00025,0.1760055422782898,0.0
17383.0,5686.0,44.0,0.06425610184669495,0.00025,0.06351031363010406,0.0
17384.0,5687.0,44.0,0.06628959625959396,0.00025,0.1152639165520668,0.0
17385.0,5688.0,44.0,0.05289961397647858,0.00025,0.13535861670970917,0.0
17386.0,5689.0,44.0,0.05896877124905586,0.00025,0.10427317768335342,0.0
17387.0,5690.0,44.0,0.05465123802423477,0.00025,0.16759711503982544,0.0
17388.0,5691.0,44.0,0.06942452490329742,0.00025,0.04420671612024307,0.0
17389.0,5692.0,44.0,0.053632959723472595,0.00025,0.16728632152080536,0.0
17390.0,5693.0,44.0,0.05755215138196945,0.00025,0.1272468864917755,0.0
17391.0,5694.0,44.0,0.05487843602895737,0.00025,0.1660834550857544,0.0
17392.0,5695.0,44.0,0.05127560347318649,0.00025,0.14568401873111725,0.0
17393.0,5696.0,44.0,0.05912544205784798,0.00025,0.0796477347612381,0.0
17394.0,5697.0,44.0,0.05780550837516785,0.00025,0.22898893058300018,0.0
17395.0,5698.0,44.0,0.05489829182624817,0.00025,0.14411287009716034,0.0
17396.0,5699.0,44.0,0.05853661522269249,0.00025,0.24830541014671326,0.0
17397.0,5700.0,44.0,0.06169579178094864,0.00025,0.15170589089393616,0.0
17398.0,5701.0,44.0,0.062292106449604034,0.00025,0.1473947912454605,0.0
17399.0,5702.0,44.0,0.052126444876194,0.00025,0.11441884189844131,0.0
17400.0,5703.0,44.0,0.059930503368377686,0.00025,0.0742611512541771,0.0
17401.0,5704.0,44.0,0.04180055856704712,0.00025,0.15510345995426178,0.0
17402.0,5705.0,44.0,0.05061568692326546,0.00025,0.09402286261320114,0.0
17403.0,5706.0,44.0,0.050285059958696365,0.00025,0.1289880871772766,0.0
17404.0,5707.0,44.0,0.06275343149900436,0.00025,0.13419701159000397,0.0
17405.0,5708.0,44.0,0.059054866433143616,0.00025,0.050642650574445724,0.0
17406.0,5709.0,44.0,0.0673881322145462,0.00025,0.18173418939113617,0.0
17407.0,5710.0,44.0,0.060844846069812775,0.00025,0.11101970076560974,0.0
17408.0,5711.0,44.0,0.050983499735593796,0.00025,0.19883348047733307,0.0
17409.0,5712.0,44.0,0.06227957829833031,0.00025,0.13643750548362732,0.0
17410.0,5713.0,44.0,0.05355733260512352,0.00025,0.1756899058818817,0.0
17411.0,5714.0,44.0,0.05786386504769325,0.00025,0.0941772311925888,0.0
17412.0,5715.0,44.0,0.0570293664932251,0.00025,0.08607899397611618,0.0
17413.0,5716.0,44.0,0.05515644699335098,0.00025,0.14359477162361145,0.0
17414.0,5717.0,44.0,0.05379719287157059,0.00025,0.10010606050491333,0.0
17415.0,5718.0,44.0,0.06377863883972168,0.00025,0.16976076364517212,0.0
17416.0,5719.0,44.0,0.043716415762901306,0.00025,0.10552375018596649,0.0
17417.0,5720.0,44.0,0.05143851786851883,0.00025,0.13985025882720947,0.0
17418.0,5721.0,44.0,0.05219626426696777,0.00025,0.04572451487183571,0.0
17419.0,5722.0,44.0,0.05642265826463699,0.00025,0.09268300235271454,0.0
17420.0,5723.0,44.0,0.06415899097919464,0.00025,0.07052116096019745,0.0
17421.0,5724.0,44.0,0.056575898081064224,0.00025,0.09305877238512039,0.0
17422.0,5725.0,44.0,0.06237148120999336,0.00025,0.045682407915592194,0.0
17423.0,5726.0,44.0,0.0596686527132988,0.00025,0.049896370619535446,0.0
17424.0,5727.0,44.0,0.05251088738441467,0.00025,0.10073626786470413,0.0
17425.0,5728.0,44.0,0.05490250140428543,0.00025,0.10985834151506424,0.0
17426.0,5729.0,44.0,0.06428804993629456,0.00025,0.10311850160360336,0.0
17427.0,5730.0,44.0,0.060860615223646164,0.00025,0.06728216260671616,0.0
17428.0,5731.0,44.0,0.06469712406396866,0.00025,0.1366589367389679,0.0
17429.0,5732.0,44.0,0.050772443413734436,0.00025,0.060320328921079636,0.0
17430.0,5733.0,44.0,0.05543394386768341,0.00025,0.14212533831596375,0.0
17431.0,5734.0,44.0,0.06133442744612694,0.00025,0.08029107749462128,0.0
17432.0,5735.0,44.0,0.0707649365067482,0.00025,0.17476394772529602,0.0
17433.0,5736.0,44.0,0.05453994870185852,0.00025,0.09253324568271637,0.0
17434.0,5737.0,44.0,0.05515822768211365,0.00025,0.18698953092098236,0.0
17435.0,5738.0,44.0,0.06987009197473526,0.00025,0.13319140672683716,0.0
17436.0,5739.0,44.0,0.05834890529513359,0.00025,0.15169163048267365,0.0
17437.0,5740.0,44.0,0.06470975279808044,0.00025,0.16826452314853668,0.0
17438.0,5741.0,44.0,0.05952726677060127,0.00025,0.15967094898223877,0.0
17439.0,5742.0,44.0,0.053788937628269196,0.00025,0.16644753515720367,0.0
17440.0,5743.0,44.0,0.05236605182290077,0.00025,0.11915623396635056,0.0
17441.0,5744.0,44.0,0.05802234634757042,0.00025,0.18456672132015228,0.0
17442.0,5745.0,44.0,0.05779850855469704,0.00025,0.06324948370456696,0.0
17443.0,5746.0,44.0,0.06379812955856323,0.00025,0.13921983540058136,0.0
17444.0,5747.0,44.0,0.05190768837928772,0.00025,0.11032792180776596,0.0
17445.0,5748.0,44.0,0.052398622035980225,0.00025,0.15087874233722687,0.0
17446.0,5749.0,44.0,0.05388706177473068,0.00025,0.1599247306585312,0.0
17447.0,5750.0,44.0,0.0681329220533371,0.00025,0.11117749661207199,0.0
17448.0,5751.0,44.0,0.06149418652057648,0.00025,0.2458983063697815,0.0
17449.0,5752.0,44.0,0.04300317168235779,0.00025,0.10890086740255356,0.0
17450.0,5753.0,44.0,0.048920243978500366,0.00025,0.20792219042778015,0.0
17451.0,5754.0,44.0,0.045526690781116486,0.00025,0.11985114216804504,0.0
17452.0,5755.0,44.0,0.06280532479286194,0.00025,0.21312755346298218,0.0
17453.0,5756.0,44.0,0.06056136637926102,0.00025,0.1436377465724945,0.0
17454.0,5757.0,44.0,0.055726777762174606,0.00025,0.16838766634464264,0.0
17455.0,5758.0,44.0,0.06509356200695038,0.00025,0.12392926216125488,0.0
17456.0,5759.0,44.0,0.049234893172979355,0.00025,0.1286965310573578,0.0
17457.0,5760.0,44.0,0.054876696318387985,0.00025,0.12866923213005066,0.0
17458.0,5761.0,44.0,0.06027625873684883,0.00025,0.15022335946559906,0.0
17459.0,5762.0,44.0,0.051796916872262955,0.00025,0.122219979763031,0.0
17460.0,5763.0,44.0,0.060739342123270035,0.00025,0.14207129180431366,0.0
17461.0,5764.0,44.0,0.049438685178756714,0.00025,0.14656904339790344,0.0
17462.0,5765.0,44.0,0.054203905165195465,0.00025,0.0853765606880188,0.0
17463.0,5766.0,44.0,0.05151841789484024,0.00025,0.18656548857688904,0.0
17464.0,5767.0,44.0,0.053780458867549896,0.00025,0.09338156878948212,0.0
17465.0,5768.0,44.0,0.0564085952937603,0.00025,0.19791685044765472,0.0
17466.0,5769.0,44.0,0.056976448744535446,0.00025,0.09550414979457855,0.0
17467.0,5770.0,44.0,0.057004690170288086,0.00025,0.1459559053182602,0.0
17468.0,5771.0,44.0,0.05207088962197304,0.00025,0.12904299795627594,0.0
17469.0,5772.0,44.0,0.04471289739012718,0.00025,0.18352530896663666,0.0
17470.0,5773.0,44.0,0.05510712414979935,0.00025,0.07961703091859818,0.0
17471.0,5774.0,44.0,0.056898631155490875,0.00025,0.1554614007472992,0.0
17472.0,5775.0,44.0,0.06043117865920067,0.00025,0.13733547925949097,0.0
17473.0,5776.0,44.0,0.053504277020692825,0.00025,0.09102626144886017,0.0
17474.0,5777.0,44.0,0.05169796198606491,0.00025,0.12197571247816086,0.0
17475.0,5778.0,44.0,0.052208397537469864,0.00025,0.03831163048744202,0.0
17476.0,5779.0,44.0,0.052765898406505585,0.00025,0.0843823030591011,0.0
17477.0,5780.0,44.0,0.05076043680310249,0.00025,0.15961667895317078,0.0
17478.0,5781.0,44.0,0.06122979521751404,0.00025,0.12293603271245956,0.0
17479.0,5782.0,44.0,0.06066160649061203,0.00025,0.13019058108329773,0.0
17480.0,5783.0,44.0,0.05822260305285454,0.00025,0.1129862517118454,0.0
17481.0,5784.0,44.0,0.062190115451812744,0.00025,0.1743757426738739,0.0
17482.0,5785.0,44.0,0.06556910276412964,0.00025,0.07539102435112,0.0
17483.0,5786.0,44.0,0.056357111781835556,0.00025,0.10133781284093857,0.0
17484.0,5787.0,44.0,0.0552133247256279,0.00025,0.11006585508584976,0.0
17485.0,5788.0,44.0,0.05070328339934349,0.00025,0.09662050753831863,0.0
17486.0,5789.0,44.0,0.06343330442905426,0.00025,0.1953335553407669,0.0
17487.0,5790.0,44.0,0.06170506775379181,0.00025,0.23990783095359802,0.0
17488.0,5791.0,44.0,0.05255505442619324,0.00025,0.23146389424800873,0.0
17489.0,5792.0,44.0,0.0565260648727417,0.00025,0.17801058292388916,0.0
17490.0,5793.0,44.0,0.05496366322040558,0.00025,0.09494950622320175,0.0
17491.0,5794.0,44.0,0.04729112237691879,0.00025,0.1109875962138176,0.0
17492.0,5795.0,44.0,0.04587182030081749,0.00025,0.13234572112560272,0.0
17493.0,5796.0,44.0,0.06264142692089081,0.00025,0.06332160532474518,0.0
17494.0,5797.0,44.0,0.052191946655511856,0.00025,0.13225804269313812,0.0
17495.0,5798.0,44.0,0.059672728180885315,0.00025,0.09019623696804047,0.0
17496.0,5799.0,44.0,0.04859373718500137,0.00025,0.0845283567905426,0.0
17497.0,5800.0,44.0,0.04699358344078064,0.00025,0.05396290868520737,0.0
17498.0,5801.0,44.0,0.04561953991651535,0.00025,0.11967986077070236,0.0
17499.0,5802.0,44.0,0.060985516756772995,0.00025,0.08142239600419998,0.0
17500.0,5803.0,44.0,0.05281711369752884,0.00025,0.07284224778413773,0.0
17501.0,5804.0,44.0,0.05509721860289574,0.00025,0.12432137876749039,0.0
17502.0,5805.0,44.0,0.043279893696308136,0.00025,0.06469966471195221,0.0
17503.0,5806.0,44.0,0.0604550838470459,0.00025,0.15586787462234497,0.0
17504.0,5807.0,44.0,0.05486486107110977,0.00025,0.07170560210943222,0.0
17505.0,5808.0,44.0,0.06043647974729538,0.00025,0.17853876948356628,0.0
17506.0,5809.0,44.0,0.05940338969230652,0.00025,0.10831443965435028,0.0
17507.0,5810.0,44.0,0.044647619128227234,0.00025,0.11443391442298889,0.0
17508.0,5811.0,44.0,0.0540805347263813,0.00025,0.15938152372837067,0.0
17509.0,5812.0,44.0,0.05470341071486473,0.00025,0.0701977014541626,0.0
17510.0,5813.0,44.0,0.05842854082584381,0.00025,0.16652674973011017,0.0
17511.0,5814.0,44.0,0.05150496959686279,0.00025,0.09732771664857864,0.0
17512.0,5815.0,44.0,0.05954340100288391,0.00025,0.08156584203243256,0.0
17513.0,5816.0,44.0,0.059997424483299255,0.00025,0.1119580939412117,0.0
17514.0,5817.0,44.0,0.05697280913591385,0.00025,0.06476171314716339,0.0
17515.0,5818.0,44.0,0.05735098198056221,0.00025,0.10676378011703491,0.0
17516.0,5819.0,44.0,0.07107383012771606,0.00025,0.12423515319824219,0.0
17517.0,5820.0,44.0,0.06031285226345062,0.00025,0.04670226573944092,0.0
17518.0,5821.0,44.0,0.04502192139625549,0.00025,0.14896570146083832,0.0
17519.0,5822.0,44.0,0.06072065979242325,0.00025,0.048792023211717606,0.0
17520.0,5823.0,44.0,0.05451604351401329,0.00025,0.09947383403778076,0.0
17521.0,5824.0,44.0,0.05266646295785904,0.00025,0.09841051697731018,0.0
17522.0,5825.0,44.0,0.05512541905045509,0.00025,0.07856274396181107,0.0
17523.0,5826.0,44.0,0.0499187670648098,0.00025,0.09124066680669785,0.0
17524.0,5827.0,44.0,0.05687795206904411,0.00025,0.08076827228069305,0.0
17525.0,5828.0,44.0,0.058816105127334595,0.00025,0.06654785573482513,0.0
17526.0,5829.0,44.0,0.04687425121665001,0.00025,0.05560212582349777,0.0
17527.0,5830.0,44.0,0.05145778879523277,0.00025,0.07234487682580948,0.0
17528.0,5831.0,44.0,0.06342288851737976,0.00025,0.07603847235441208,0.0
17529.0,5832.0,44.0,0.06093548983335495,0.00025,0.15119080245494843,0.0
17530.0,5833.0,44.0,0.05896976590156555,0.00025,0.08548638224601746,0.0
17531.0,5834.0,44.0,0.057813651859760284,0.00025,0.08725925534963608,0.0
17532.0,5835.0,44.0,0.05748952925205231,0.00025,0.0674956664443016,0.0
17533.0,5836.0,44.0,0.054819848388433456,0.00025,0.11542250216007233,0.0
17534.0,5837.0,44.0,0.05762949213385582,0.00025,0.07692421227693558,0.0
17535.0,5838.0,44.0,0.04838073253631592,0.00025,0.11732801795005798,0.0
17536.0,5839.0,44.0,0.05585906282067299,0.00025,0.0681205615401268,0.0
17537.0,5840.0,44.0,0.06160193309187889,0.00025,0.06062017008662224,0.0
17538.0,5841.0,44.0,0.06072621047496796,0.00025,0.11247572302818298,0.0
17539.0,5842.0,44.0,0.04998753219842911,0.00025,0.05091709643602371,0.0
17540.0,5843.0,44.0,0.0541466549038887,0.00025,0.09063203632831573,0.0
17541.0,5844.0,44.0,0.06416893005371094,0.00025,0.027503034099936485,0.0
17542.0,5845.0,44.0,0.05225206911563873,0.00025,0.0991167351603508,0.0
17543.0,5846.0,44.0,0.06771986186504364,0.00025,0.06738128513097763,0.0
17544.0,5847.0,44.0,0.04731552675366402,0.00025,0.08354490995407104,0.0
17545.0,5848.0,44.0,0.05152767151594162,0.00025,0.06962502002716064,0.0
17546.0,5849.0,44.0,0.038786083459854126,0.00025,0.05351094529032707,0.0
17547.0,5850.0,44.0,0.058260370045900345,0.00025,0.07497713714838028,0.0
17548.0,5851.0,45.0,0.07545135915279388,0.00025,0.09259957075119019,0.0
17549.0,5852.0,45.0,0.06315028667449951,0.00025,0.08839627355337143,0.0
17550.0,5853.0,45.0,0.059584859758615494,0.00025,0.07985363155603409,0.0
17551.0,5854.0,45.0,0.05009178817272186,0.00025,0.07641851156949997,0.0
17552.0,5855.0,45.0,0.06656047701835632,0.00025,0.14212365448474884,0.0
17553.0,5856.0,45.0,0.052845731377601624,0.00025,0.06677436828613281,0.0
17554.0,5857.0,45.0,0.05564524233341217,0.00025,0.20065325498580933,0.0
17555.0,5858.0,45.0,0.061501845717430115,0.00025,0.13021741807460785,0.0
17556.0,5859.0,45.0,0.054846569895744324,0.00025,0.16818632185459137,0.0
17557.0,5860.0,45.0,0.05799250304698944,0.00025,0.1833215206861496,0.0
17558.0,5861.0,45.0,0.05687602236866951,0.00025,0.1542893797159195,0.0
17559.0,5862.0,45.0,0.06769147515296936,0.00025,0.1783534586429596,0.0
17560.0,5863.0,45.0,0.06739622354507446,0.00025,0.12094928324222565,0.0
17561.0,5864.0,45.0,0.04041419178247452,0.00025,0.18629802763462067,0.0
17562.0,5865.0,45.0,0.051839280873537064,0.00025,0.17058995366096497,0.0
17563.0,5866.0,45.0,0.060350287705659866,0.00025,0.10329372435808182,0.0
17564.0,5867.0,45.0,0.048795875161886215,0.00025,0.203363835811615,0.0
17565.0,5868.0,45.0,0.062418293207883835,0.00025,0.11291379481554031,0.0
17566.0,5869.0,45.0,0.05724942684173584,0.00025,0.15183614194393158,0.0
17567.0,5870.0,45.0,0.05529865622520447,0.00025,0.1444738507270813,0.0
17568.0,5871.0,45.0,0.05328068882226944,0.00025,0.14356939494609833,0.0
17569.0,5872.0,45.0,0.057739850133657455,0.00025,0.14545495808124542,0.0
17570.0,5873.0,45.0,0.05080973356962204,0.00025,0.1302720308303833,0.0
17571.0,5874.0,45.0,0.0648898035287857,0.00025,0.16633805632591248,0.0
17572.0,5875.0,45.0,0.06513641774654388,0.00025,0.12431778758764267,0.0
17573.0,5876.0,45.0,0.07126776874065399,0.00025,0.1619436889886856,0.0
17574.0,5877.0,45.0,0.0614020973443985,0.00025,0.15474222600460052,0.0
17575.0,5878.0,45.0,0.048123255372047424,0.00025,0.09963751584291458,0.0
17576.0,5879.0,45.0,0.05969014763832092,0.00025,0.16177861392498016,0.0
17577.0,5880.0,45.0,0.0606311559677124,0.00025,0.06761855632066727,0.0
17578.0,5881.0,45.0,0.06829565018415451,0.00025,0.176021546125412,0.0
17579.0,5882.0,45.0,0.056516218930482864,0.00025,0.11867592483758926,0.0
17580.0,5883.0,45.0,0.0648532286286354,0.00025,0.12108893692493439,0.0
17581.0,5884.0,45.0,0.05144888535141945,0.00025,0.1504007875919342,0.0
17582.0,5885.0,45.0,0.07946130633354187,0.00025,0.10261963307857513,0.0
17583.0,5886.0,45.0,0.06774967908859253,0.00025,0.23262375593185425,0.0
17584.0,5887.0,45.0,0.05136539787054062,0.00025,0.1326872557401657,0.0
17585.0,5888.0,45.0,0.057259321212768555,0.00025,0.2152789980173111,0.0
17586.0,5889.0,45.0,0.05465691536664963,0.00025,0.2384151816368103,0.0
17587.0,5890.0,45.0,0.057736169546842575,0.00025,0.2045356184244156,0.0
17588.0,5891.0,45.0,0.05417598783969879,0.00025,0.20324113965034485,0.0
17589.0,5892.0,45.0,0.052692826837301254,0.00025,0.20803490281105042,0.0
17590.0,5893.0,45.0,0.042072489857673645,0.00025,0.14545296132564545,0.0
17591.0,5894.0,45.0,0.05235385522246361,0.00025,0.16997045278549194,0.0
17592.0,5895.0,45.0,0.05834824964404106,0.00025,0.16116835176944733,0.0
17593.0,5896.0,45.0,0.05965409427881241,0.00025,0.11957641690969467,0.0
17594.0,5897.0,45.0,0.05170031636953354,0.00025,0.17126257717609406,0.0
17595.0,5898.0,45.0,0.049436312168836594,0.00025,0.13526135683059692,0.0
17596.0,5899.0,45.0,0.06137073040008545,0.00025,0.14185626804828644,0.0
17597.0,5900.0,45.0,0.0474691167473793,0.00025,0.1598450094461441,0.0
17598.0,5901.0,45.0,0.06005992367863655,0.00025,0.05891314521431923,0.0
17599.0,5902.0,45.0,0.047025710344314575,0.00025,0.1603652834892273,0.0
17600.0,5903.0,45.0,0.0669412761926651,0.00025,0.07788706570863724,0.0
17601.0,5904.0,45.0,0.057251930236816406,0.00025,0.10455849766731262,0.0
17602.0,5905.0,45.0,0.06458716094493866,0.00025,0.11677471548318863,0.0
17603.0,5906.0,45.0,0.05535871535539627,0.00025,0.08270518481731415,0.0
17604.0,5907.0,45.0,0.039949916303157806,0.00025,0.11076527833938599,0.0
17605.0,5908.0,45.0,0.04985880106687546,0.00025,0.09656929969787598,0.0
17606.0,5909.0,45.0,0.049340859055519104,0.00025,0.0711173340678215,0.0
17607.0,5910.0,45.0,0.05499780550599098,0.00025,0.04447094723582268,0.0
17608.0,5911.0,45.0,0.05623037740588188,0.00025,0.05293363705277443,0.0
17609.0,5912.0,45.0,0.06045982986688614,0.00025,0.07345603406429291,0.0
17610.0,5913.0,45.0,0.05154859647154808,0.00025,0.049049656838178635,0.0
17611.0,5914.0,45.0,0.07620223611593246,0.00025,0.08670513331890106,0.0
17612.0,5915.0,45.0,0.05422782897949219,0.00025,0.07298926264047623,0.0
17613.0,5916.0,45.0,0.058334097266197205,0.00025,0.05742378160357475,0.0
17614.0,5917.0,45.0,0.057054366916418076,0.00025,0.05658814683556557,0.0
17615.0,5918.0,45.0,0.061604809015989304,0.00025,0.0684032291173935,0.0
17616.0,5919.0,45.0,0.06270802021026611,0.00025,0.08957603573799133,0.0
17617.0,5920.0,45.0,0.06781403720378876,0.00025,0.10077711194753647,0.0
17618.0,5921.0,45.0,0.06354223191738129,0.00025,0.09545084089040756,0.0
17619.0,5922.0,45.0,0.06440827250480652,0.00025,0.08383242040872574,0.0
17620.0,5923.0,45.0,0.055839236825704575,0.00025,0.08256051689386368,0.0
17621.0,5924.0,45.0,0.056142646819353104,0.00025,0.04997964948415756,0.0
17622.0,5925.0,45.0,0.0690150186419487,0.00025,0.07672032713890076,0.0
17623.0,5926.0,45.0,0.06967942416667938,0.00025,0.047198597341775894,0.0
17624.0,5927.0,45.0,0.07055725157260895,0.00025,0.04603736847639084,0.0
17625.0,5928.0,45.0,0.06283143162727356,0.00025,0.11416970193386078,0.0
17626.0,5929.0,45.0,0.06202854588627815,0.00025,0.039345260709524155,0.0
17627.0,5930.0,45.0,0.05953550338745117,0.00025,0.1549769937992096,0.0
17628.0,5931.0,45.0,0.054053232073783875,0.00025,0.0634593740105629,0.0
17629.0,5932.0,45.0,0.06206577271223068,0.00025,0.13277234137058258,0.0
17630.0,5933.0,45.0,0.0765669196844101,0.00025,0.0799902081489563,0.0
17631.0,5934.0,45.0,0.055935658514499664,0.00025,0.14038963615894318,0.0
17632.0,5935.0,45.0,0.05135773867368698,0.00025,0.10363303869962692,0.0
17633.0,5936.0,45.0,0.05919837951660156,0.00025,0.07377588003873825,0.0
17634.0,5937.0,45.0,0.055959321558475494,0.00025,0.09501765668392181,0.0
17635.0,5938.0,45.0,0.05278601124882698,0.00025,0.03701537102460861,0.0
17636.0,5939.0,45.0,0.05734910070896149,0.00025,0.11333346366882324,0.0
17637.0,5940.0,45.0,0.04357146471738815,0.00025,0.06771425902843475,0.0
17638.0,5941.0,45.0,0.04681362211704254,0.00025,0.10513109713792801,0.0
17639.0,5942.0,45.0,0.04879220575094223,0.00025,0.0648917555809021,0.0
17640.0,5943.0,45.0,0.041826795786619186,0.00025,0.11866749078035355,0.0
17641.0,5944.0,45.0,0.062096767127513885,0.00025,0.07591133564710617,0.0
17642.0,5945.0,45.0,0.04856076091527939,0.00025,0.159078910946846,0.0
17643.0,5946.0,45.0,0.05355677753686905,0.00025,0.06829503178596497,0.0
17644.0,5947.0,45.0,0.043820835649967194,0.00025,0.09531476348638535,0.0
17645.0,5948.0,45.0,0.05034022033214569,0.00025,0.11743508279323578,0.0
17646.0,5949.0,45.0,0.05980344116687775,0.00025,0.07061421871185303,0.0
17647.0,5950.0,45.0,0.051230981945991516,0.00025,0.08821254223585129,0.0
17648.0,5951.0,45.0,0.05244443193078041,0.00025,0.07884043455123901,0.0
17649.0,5952.0,45.0,0.05909297615289688,0.00025,0.0978531613945961,0.0
17650.0,5953.0,45.0,0.048018377274274826,0.00025,0.08723162114620209,0.0
17651.0,5954.0,45.0,0.049752429127693176,0.00025,0.056117311120033264,0.0
17652.0,5955.0,45.0,0.058912474662065506,0.00025,0.12409744411706924,0.0
17653.0,5956.0,45.0,0.05498740077018738,0.00025,0.06890130043029785,0.0
17654.0,5957.0,45.0,0.05540324002504349,0.00025,0.17756520211696625,0.0
17655.0,5958.0,45.0,0.061125777661800385,0.00025,0.11401024460792542,0.0
17656.0,5959.0,45.0,0.04533430188894272,0.00025,0.16170485317707062,0.0
17657.0,5960.0,45.0,0.061247892677783966,0.00025,0.10685497522354126,0.0
17658.0,5961.0,45.0,0.06285557150840759,0.00025,0.11759660392999649,0.0
17659.0,5962.0,45.0,0.04834675043821335,0.00025,0.04499182850122452,0.0
17660.0,5963.0,45.0,0.058334480971097946,0.00025,0.16710464656352997,0.0
17661.0,5964.0,45.0,0.05611293017864227,0.00025,0.05117497220635414,0.0
17662.0,5965.0,45.0,0.06618078798055649,0.00025,0.11061380058526993,0.0
17663.0,5966.0,45.0,0.05679401010274887,0.00025,0.08532758802175522,0.0
17664.0,5967.0,45.0,0.0638677254319191,0.00025,0.10111872106790543,0.0
17665.0,5968.0,45.0,0.066324882209301,0.00025,0.07236895710229874,0.0
17666.0,5969.0,45.0,0.04420549049973488,0.00025,0.08512300997972488,0.0
17667.0,5970.0,45.0,0.06152445077896118,0.00025,0.08211412280797958,0.0
17668.0,5971.0,45.0,0.06197413057088852,0.00025,0.08942970633506775,0.0
17669.0,5972.0,45.0,0.05351793393492699,0.00025,0.1040196418762207,0.0
17670.0,5973.0,45.0,0.05078333616256714,0.00025,0.06470734626054764,0.0
17671.0,5974.0,45.0,0.04489036649465561,0.00025,0.07550103217363358,0.0
17672.0,5975.0,45.0,0.05801147222518921,0.00025,0.09955167025327682,0.0
17673.0,5976.0,45.0,0.05591004714369774,0.00025,0.16121108829975128,0.0
17674.0,5977.0,45.0,0.05752444267272949,0.00025,0.10217325389385223,0.0
17675.0,5978.0,45.0,0.053373195230960846,0.00025,0.11669061332941055,0.0
17676.0,5979.0,45.0,0.04858122393488884,0.00025,0.15058013796806335,0.0
17677.0,5980.0,45.0,0.07004816830158234,0.00025,0.10118714720010757,0.0
17678.0,5981.0,45.0,0.04388482868671417,0.00025,0.19105015695095062,0.0
17679.0,5982.0,45.0,0.05605631321668625,0.00025,0.11064472049474716,0.0
17680.0,5983.0,45.0,0.05169828236103058,0.00025,0.1341855823993683,0.0
17681.0,5984.0,45.0,0.05408719182014465,0.00025,0.14117656648159027,0.0
17682.0,5985.0,45.0,0.047946348786354065,0.00025,0.08920121192932129,0.0
17683.0,5986.0,45.0,0.0546812042593956,0.00025,0.11159589141607285,0.0
17684.0,5987.0,45.0,0.05710962414741516,0.00025,0.11164193600416183,0.0
17685.0,5988.0,45.0,0.05716666579246521,0.00025,0.09810830652713776,0.0
17686.0,5989.0,45.0,0.04104035720229149,0.00025,0.1363757997751236,0.0
17687.0,5990.0,45.0,0.05025983974337578,0.00025,0.11868753284215927,0.0
17688.0,5991.0,45.0,0.044876713305711746,0.00025,0.09090188890695572,0.0
17689.0,5992.0,45.0,0.05568308383226395,0.00025,0.12048732489347458,0.0
17690.0,5993.0,45.0,0.06273763626813889,0.00025,0.10791224986314774,0.0
17691.0,5994.0,45.0,0.05437764525413513,0.00025,0.05077562481164932,0.0
17692.0,5995.0,45.0,0.04874129593372345,0.00025,0.16514524817466736,0.0
17693.0,5996.0,45.0,0.0552351288497448,0.00025,0.0394667312502861,0.0
17694.0,5997.0,45.0,0.05447070673108101,0.00025,0.11576514691114426,0.0
17695.0,5998.0,45.0,0.05118844658136368,0.00025,0.09926728904247284,0.0
17696.0,5999.0,45.0,0.05737411975860596,0.00025,0.06815216690301895,0.0
17697.0,6000.0,45.0,0.06153743714094162,0.00025,0.14265650510787964,0.0
17698.0,6001.0,45.0,0.054705411195755005,0.00025,0.03719555586576462,0.0
17699.0,6002.0,45.0,0.04406058415770531,0.00025,0.18839001655578613,0.0
17700.0,6003.0,45.0,0.05548340827226639,0.00025,0.05523737892508507,0.0
17701.0,6004.0,45.0,0.06373076140880585,0.00025,0.08522708714008331,0.0
17702.0,6005.0,45.0,0.042257264256477356,0.00025,0.14772850275039673,0.0
17703.0,6006.0,45.0,0.049279265105724335,0.00025,0.06668712198734283,0.0
17704.0,6007.0,45.0,0.06624913215637207,0.00025,0.19004516303539276,0.0
17705.0,6008.0,45.0,0.0499255508184433,0.00025,0.0688946321606636,0.0
17706.0,6009.0,45.0,0.06092951446771622,0.00025,0.18828266859054565,0.0
17707.0,6010.0,45.0,0.04831388592720032,0.00025,0.08860601484775543,0.0
17708.0,6011.0,45.0,0.0420466884970665,0.00025,0.1423506885766983,0.0
17709.0,6012.0,45.0,0.05340149626135826,0.00025,0.17874304950237274,0.0
17710.0,6013.0,45.0,0.05982449650764465,0.00025,0.14605209231376648,0.0
17711.0,6014.0,45.0,0.0646023154258728,0.00025,0.23686806857585907,0.0
17712.0,6015.0,45.0,0.06489799916744232,0.00025,0.11233990639448166,0.0
17713.0,6016.0,45.0,0.059754759073257446,0.00025,0.1456727534532547,0.0
17714.0,6017.0,45.0,0.05230695754289627,0.00025,0.12910833954811096,0.0
17715.0,6018.0,45.0,0.07363580167293549,0.00025,0.10410178452730179,0.0
17716.0,6019.0,45.0,0.04606257379055023,0.00025,0.17680767178535461,0.0
17717.0,6020.0,45.0,0.05464807525277138,0.00025,0.17252390086650848,0.0
17718.0,6021.0,45.0,0.04960052669048309,0.00025,0.13328517973423004,0.0
17719.0,6022.0,45.0,0.05455576628446579,0.00025,0.13141007721424103,0.0
17720.0,6023.0,45.0,0.06758726388216019,0.00025,0.035016752779483795,0.0
17721.0,6024.0,45.0,0.07295666635036469,0.00025,0.11500199139118195,0.0
17722.0,6025.0,45.0,0.04606367647647858,0.00025,0.11167798191308975,0.0
17723.0,6026.0,45.0,0.06160537153482437,0.00025,0.14441804587841034,0.0
17724.0,6027.0,45.0,0.06807904690504074,0.00025,0.11694242805242538,0.0
17725.0,6028.0,45.0,0.0682673528790474,0.00025,0.11801016330718994,0.0
17726.0,6029.0,45.0,0.053386934101581573,0.00025,0.16693395376205444,0.0
17727.0,6030.0,45.0,0.0598263293504715,0.00025,0.13901717960834503,0.0
17728.0,6031.0,45.0,0.05770524963736534,0.00025,0.07245474308729172,0.0
17729.0,6032.0,45.0,0.06526315957307816,0.00025,0.10014478117227554,0.0
17730.0,6033.0,45.0,0.04706735908985138,0.00025,0.10688787698745728,0.0
17731.0,6034.0,45.0,0.04998702555894852,0.00025,0.0829029232263565,0.0
17732.0,6035.0,45.0,0.05233197286725044,0.00025,0.10555926710367203,0.0
17733.0,6036.0,45.0,0.05409252643585205,0.00025,0.08028776943683624,0.0
17734.0,6037.0,45.0,0.0526713989675045,0.00025,0.061881422996520996,0.0
17735.0,6038.0,45.0,0.057218920439481735,0.00025,0.09612791240215302,0.0
17736.0,6039.0,45.0,0.06173146888613701,0.00025,0.09404966980218887,0.0
17737.0,6040.0,45.0,0.05958167836070061,0.00025,0.12979252636432648,0.0
17738.0,6041.0,45.0,0.057896532118320465,0.00025,0.09820583462715149,0.0
17739.0,6042.0,45.0,0.06436045467853546,0.00025,0.12467192113399506,0.0
17740.0,6043.0,45.0,0.04657348245382309,0.00025,0.08876778930425644,0.0
17741.0,6044.0,45.0,0.045615751296281815,0.00025,0.13982130587100983,0.0
17742.0,6045.0,45.0,0.06632846593856812,0.00025,0.09226947277784348,0.0
17743.0,6046.0,45.0,0.05962835252285004,0.00025,0.10288238525390625,0.0
17744.0,6047.0,45.0,0.05444607883691788,0.00025,0.13787800073623657,0.0
17745.0,6048.0,45.0,0.056477539241313934,0.00025,0.07083619385957718,0.0
17746.0,6049.0,45.0,0.0592501200735569,0.00025,0.12114279717206955,0.0
17747.0,6050.0,45.0,0.05599553883075714,0.00025,0.12500758469104767,0.0
17748.0,6051.0,45.0,0.06372575461864471,0.00025,0.11049757152795792,0.0
17749.0,6052.0,45.0,0.060139987617731094,0.00025,0.14336569607257843,0.0
17750.0,6053.0,45.0,0.06558311730623245,0.00025,0.10587126016616821,0.0
17751.0,6054.0,45.0,0.07427839934825897,0.00025,0.07897347211837769,0.0
17752.0,6055.0,45.0,0.05525825545191765,0.00025,0.06687669456005096,0.0
17753.0,6056.0,45.0,0.06318247318267822,0.00025,0.07034473121166229,0.0
17754.0,6057.0,45.0,0.0590473897755146,0.00025,0.06717146933078766,0.0
17755.0,6058.0,45.0,0.05546429753303528,0.00025,0.07482682168483734,0.0
17756.0,6059.0,45.0,0.05652555078268051,0.00025,0.1323746144771576,0.0
17757.0,6060.0,45.0,0.05152590945363045,0.00025,0.07092725485563278,0.0
17758.0,6061.0,45.0,0.06185502931475639,0.00025,0.13595716655254364,0.0
17759.0,6062.0,45.0,0.06187320873141289,0.00025,0.13241876661777496,0.0
17760.0,6063.0,45.0,0.05855506286025047,0.00025,0.08367475122213364,0.0
17761.0,6064.0,45.0,0.06815726310014725,0.00025,0.10665706545114517,0.0
17762.0,6065.0,45.0,0.045888520777225494,0.00025,0.09328997135162354,0.0
17763.0,6066.0,45.0,0.048553984612226486,0.00025,0.07753787189722061,0.0
17764.0,6067.0,45.0,0.04031169414520264,0.00025,0.16207683086395264,0.0
17765.0,6068.0,45.0,0.04303045570850372,0.00025,0.17671474814414978,0.0
17766.0,6069.0,45.0,0.06241379305720329,0.00025,0.09724576771259308,0.0
17767.0,6070.0,45.0,0.060641855001449585,0.00025,0.1674833595752716,0.0
17768.0,6071.0,45.0,0.05730631202459335,0.00025,0.1064852774143219,0.0
17769.0,6072.0,45.0,0.047364767640829086,0.00025,0.1522059440612793,0.0
17770.0,6073.0,45.0,0.05066625401377678,0.00025,0.1620832234621048,0.0
17771.0,6074.0,45.0,0.06261275708675385,0.00025,0.12691591680049896,0.0
17772.0,6075.0,45.0,0.058898523449897766,0.00025,0.13296429812908173,0.0
17773.0,6076.0,45.0,0.052008796483278275,0.00025,0.08101590722799301,0.0
17774.0,6077.0,45.0,0.06420578062534332,0.00025,0.06277579814195633,0.0
17775.0,6078.0,45.0,0.05775340273976326,0.00025,0.053591933101415634,0.0
17776.0,6079.0,45.0,0.06524741649627686,0.00025,0.08695521950721741,0.0
17777.0,6080.0,45.0,0.047235503792762756,0.00025,0.08119120448827744,0.0
17778.0,6081.0,45.0,0.048393964767456055,0.00025,0.08454777300357819,0.0
17779.0,6082.0,45.0,0.04793127626180649,0.00025,0.1255420297384262,0.0
17780.0,6083.0,45.0,0.06823082268238068,0.00025,0.08228879421949387,0.0
17781.0,6084.0,45.0,0.05587271228432655,0.00025,0.11408174782991409,0.0
17782.0,6085.0,45.0,0.08115885406732559,0.00025,0.0858745127916336,0.0
17783.0,6086.0,45.0,0.053731612861156464,0.00025,0.09756253659725189,0.0
17784.0,6087.0,45.0,0.06601192057132721,0.00025,0.05551210418343544,0.0
17785.0,6088.0,45.0,0.046086572110652924,0.00025,0.13994565606117249,0.0
17786.0,6089.0,45.0,0.06180649250745773,0.00025,0.06840366870164871,0.0
17787.0,6090.0,45.0,0.05787065252661705,0.00025,0.13297119736671448,0.0
17788.0,6091.0,45.0,0.06410002708435059,0.00025,0.04788034036755562,0.0
17789.0,6092.0,45.0,0.058154430240392685,0.00025,0.09066737443208694,0.0
17790.0,6093.0,45.0,0.04898054897785187,0.00025,0.0661606565117836,0.0
17791.0,6094.0,45.0,0.06796948611736298,0.00025,0.04316072538495064,0.0
17792.0,6095.0,45.0,0.05861879885196686,0.00025,0.14705058932304382,0.0
17793.0,6096.0,45.0,0.05252864956855774,0.00025,0.04804040119051933,0.0
17794.0,6097.0,45.0,0.061342597007751465,0.00025,0.1565883308649063,0.0
17795.0,6098.0,45.0,0.06843320280313492,0.00025,0.0993640124797821,0.0
17796.0,6099.0,45.0,0.06875579059123993,0.00025,0.15000928938388824,0.0
17797.0,6100.0,45.0,0.07103148102760315,0.00025,0.09849612414836884,0.0
17798.0,6101.0,45.0,0.05216442421078682,0.00025,0.1217084676027298,0.0
17799.0,6102.0,45.0,0.04619656130671501,0.00025,0.07426352053880692,0.0
17800.0,6103.0,45.0,0.06503164768218994,0.00025,0.08359774947166443,0.0
17801.0,6104.0,45.0,0.05696014314889908,0.00025,0.12098298221826553,0.0
17802.0,6105.0,45.0,0.05801278352737427,0.00025,0.11367083340883255,0.0
17803.0,6106.0,45.0,0.04915991798043251,0.00025,0.07500366866588593,0.0
17804.0,6107.0,45.0,0.05467332899570465,0.00025,0.05883385241031647,0.0
17805.0,6108.0,45.0,0.05424831435084343,0.00025,0.09637206047773361,0.0
17806.0,6109.0,45.0,0.0681392103433609,0.00025,0.08082892745733261,0.0
17807.0,6110.0,45.0,0.05287526920437813,0.00025,0.11414608359336853,0.0
17808.0,6111.0,45.0,0.05477019026875496,0.00025,0.1230102926492691,0.0
17809.0,6112.0,45.0,0.06211591139435768,0.00025,0.08491135388612747,0.0
17810.0,6113.0,45.0,0.06818315386772156,0.00025,0.05733836814761162,0.0
17811.0,6114.0,45.0,0.048174627125263214,0.00025,0.1387459635734558,0.0
17812.0,6115.0,45.0,0.04820001870393753,0.00025,0.05443297326564789,0.0
17813.0,6116.0,45.0,0.045375753194093704,0.00025,0.061553340405225754,0.0
17814.0,6117.0,45.0,0.052730925381183624,0.00025,0.08220246434211731,0.0
17815.0,6118.0,45.0,0.041744884103536606,0.00025,0.08777491003274918,0.0
17816.0,6119.0,45.0,0.07367946952581406,0.00025,0.10742387175559998,0.0
17817.0,6120.0,45.0,0.05877005681395531,0.00025,0.07040015608072281,0.0
17818.0,6121.0,45.0,0.052508898079395294,0.00025,0.07212235778570175,0.0
17819.0,6122.0,45.0,0.05887787044048309,0.00025,0.10516413301229477,0.0
17820.0,6123.0,45.0,0.05311039835214615,0.00025,0.11145458370447159,0.0
17821.0,6124.0,45.0,0.05463273078203201,0.00025,0.14895977079868317,0.0
17822.0,6125.0,45.0,0.06321397423744202,0.00025,0.16278861463069916,0.0
17823.0,6126.0,45.0,0.054127294570207596,0.00025,0.0738685205578804,0.0
17824.0,6127.0,45.0,0.04703415185213089,0.00025,0.1739414930343628,0.0
17825.0,6128.0,45.0,0.05663001537322998,0.00025,0.03554252162575722,0.0
17826.0,6129.0,45.0,0.06206534057855606,0.00025,0.13444428145885468,0.0
17827.0,6130.0,45.0,0.0569298230111599,0.00025,0.056736718863248825,0.0
17828.0,6131.0,45.0,0.07384445518255234,0.00025,0.10862600803375244,0.0
17829.0,6132.0,45.0,0.057746030390262604,0.00025,0.1056574285030365,0.0
17830.0,6133.0,45.0,0.05005205422639847,0.00025,0.15814873576164246,0.0
17831.0,6134.0,45.0,0.07306547462940216,0.00025,0.14889651536941528,0.0
17832.0,6135.0,45.0,0.0627078264951706,0.00025,0.0934084877371788,0.0
17833.0,6136.0,45.0,0.05366380885243416,0.00025,0.20156177878379822,0.0
17834.0,6137.0,45.0,0.050712499767541885,0.00025,0.08102895319461823,0.0
17835.0,6138.0,45.0,0.061757735908031464,0.00025,0.1769796758890152,0.0
17836.0,6139.0,45.0,0.04511459544301033,0.00025,0.11759702861309052,0.0
17837.0,6140.0,45.0,0.0651954934000969,0.00025,0.14344993233680725,0.0
17838.0,6141.0,45.0,0.06648146361112595,0.00025,0.16762959957122803,0.0
17839.0,6142.0,45.0,0.056472521275281906,0.00025,0.1557772308588028,0.0
17840.0,6143.0,45.0,0.04492015391588211,0.00025,0.06973616778850555,0.0
17841.0,6144.0,45.0,0.05044440180063248,0.00025,0.030662035569548607,0.0
17842.0,6145.0,45.0,0.05502788722515106,0.00025,0.18137231469154358,0.0
17843.0,6146.0,45.0,0.050947487354278564,0.00025,0.06026846915483475,0.0
17844.0,6147.0,45.0,0.04743298515677452,0.00025,0.1110856831073761,0.0
17845.0,6148.0,45.0,0.05100814253091812,0.00025,0.07163788378238678,0.0
17846.0,6149.0,45.0,0.05777692049741745,0.00025,0.09596682339906693,0.0
17847.0,6150.0,45.0,0.0655088871717453,0.00025,0.12689508497714996,0.0
17848.0,6151.0,45.0,0.05615554749965668,0.00025,0.0728335976600647,0.0
17849.0,6152.0,45.0,0.05386732518672943,0.00025,0.11948094516992569,0.0
17850.0,6153.0,45.0,0.05423785746097565,0.00025,0.05893519148230553,0.0
17851.0,6154.0,45.0,0.05551823228597641,0.00025,0.07182212918996811,0.0
17852.0,6155.0,45.0,0.06258878856897354,0.00025,0.14349788427352905,0.0
17853.0,6156.0,45.0,0.06448806822299957,0.00025,0.05977761745452881,0.0
17854.0,6157.0,45.0,0.06320884823799133,0.00025,0.1541525274515152,0.0
17855.0,6158.0,45.0,0.06392387300729752,0.00025,0.11026977747678757,0.0
17856.0,6159.0,45.0,0.05418304353952408,0.00025,0.05601249635219574,0.0
17857.0,6160.0,45.0,0.04849429428577423,0.00025,0.13577471673488617,0.0
17858.0,6161.0,45.0,0.048012979328632355,0.00025,0.07309708744287491,0.0
17859.0,6162.0,45.0,0.06302172690629959,0.00025,0.12423156946897507,0.0
17860.0,6163.0,45.0,0.049846239387989044,0.00025,0.09382621943950653,0.0
17861.0,6164.0,45.0,0.05576227232813835,0.00025,0.162672758102417,0.0
17862.0,6165.0,45.0,0.056109718978405,0.00025,0.09187488257884979,0.0
17863.0,6166.0,45.0,0.03812823072075844,0.00025,0.05557401850819588,0.0
17864.0,6167.0,45.0,0.06602457165718079,0.00025,0.21085430681705475,0.0
17865.0,6168.0,45.0,0.06660611927509308,0.00025,0.045003004372119904,0.0
17866.0,6169.0,45.0,0.056950390338897705,0.00025,0.15696819126605988,0.0
17867.0,6170.0,45.0,0.05912366881966591,0.00025,0.14555923640727997,0.0
17868.0,6171.0,45.0,0.0576547235250473,0.00025,0.12427060306072235,0.0
17869.0,6172.0,45.0,0.06849780678749084,0.00025,0.11826299130916595,0.0
17870.0,6173.0,45.0,0.05658453702926636,0.00025,0.06576556712388992,0.0
17871.0,6174.0,45.0,0.05174632370471954,0.00025,0.11730238050222397,0.0
17872.0,6175.0,45.0,0.06585868448019028,0.00025,0.11238393932580948,0.0
17873.0,6176.0,45.0,0.06251479685306549,0.00025,0.20867952704429626,0.0
17874.0,6177.0,45.0,0.05182424187660217,0.00025,0.0507509745657444,0.0
17875.0,6178.0,45.0,0.04547380656003952,0.00025,0.16122771799564362,0.0
17876.0,6179.0,45.0,0.06521011143922806,0.00025,0.11395493894815445,0.0
17877.0,6180.0,45.0,0.06219317764043808,0.00025,0.13427291810512543,0.0
17878.0,6181.0,45.0,0.04940084367990494,0.00025,0.15434986352920532,0.0
17879.0,6182.0,45.0,0.061952054500579834,0.00025,0.11680376529693604,0.0
17880.0,6183.0,45.0,0.05469678342342377,0.00025,0.19187909364700317,0.0
17881.0,6184.0,45.0,0.0588366873562336,0.00025,0.1674410104751587,0.0
17882.0,6185.0,45.0,0.056862786412239075,0.00025,0.20049692690372467,0.0
17883.0,6186.0,45.0,0.06148301064968109,0.00025,0.14105689525604248,0.0
17884.0,6187.0,45.0,0.05968679115176201,0.00025,0.16705341637134552,0.0
17885.0,6188.0,45.0,0.05390037223696709,0.00025,0.17116199433803558,0.0
17886.0,6189.0,45.0,0.053137607872486115,0.00025,0.11580915004014969,0.0
17887.0,6190.0,45.0,0.059982698410749435,0.00025,0.20725436508655548,0.0
17888.0,6191.0,45.0,0.05243769288063049,0.00025,0.09647956490516663,0.0
17889.0,6192.0,45.0,0.05417681112885475,0.00025,0.19085779786109924,0.0
17890.0,6193.0,45.0,0.060593947768211365,0.00025,0.10715125501155853,0.0
17891.0,6194.0,45.0,0.0602613165974617,0.00025,0.13485433161258698,0.0
17892.0,6195.0,45.0,0.05314522236585617,0.00025,0.1637026071548462,0.0
17893.0,6196.0,45.0,0.05183863639831543,0.00025,0.0927242636680603,0.0
17894.0,6197.0,45.0,0.05040617287158966,0.00025,0.16351842880249023,0.0
17895.0,6198.0,45.0,0.06192395091056824,0.00025,0.11818097531795502,0.0
17896.0,6199.0,45.0,0.05258689075708389,0.00025,0.10556313395500183,0.0
17897.0,6200.0,45.0,0.05666990578174591,0.00025,0.2339739352464676,0.0
17898.0,6201.0,45.0,0.05569180101156235,0.00025,0.1515854448080063,0.0
17899.0,6202.0,45.0,0.05462734401226044,0.00025,0.18738315999507904,0.0
17900.0,6203.0,45.0,0.061281967908144,0.00025,0.11590778082609177,0.0
17901.0,6204.0,45.0,0.06455521285533905,0.00025,0.1309964954853058,0.0
17902.0,6205.0,45.0,0.05837881565093994,0.00025,0.09513404965400696,0.0
17903.0,6206.0,45.0,0.0641186386346817,0.00025,0.19672995805740356,0.0
17904.0,6207.0,45.0,0.048920512199401855,0.00025,0.16297413408756256,0.0
17905.0,6208.0,45.0,0.05293882265686989,0.00025,0.18611906468868256,0.0
17906.0,6209.0,45.0,0.04725417494773865,0.00025,0.1520845741033554,0.0
17907.0,6210.0,45.0,0.05970399081707001,0.00025,0.170920267701149,0.0
17908.0,6211.0,45.0,0.04337279498577118,0.00025,0.11757047474384308,0.0
17909.0,6212.0,45.0,0.050211843103170395,0.00025,0.0992872565984726,0.0
17910.0,6213.0,45.0,0.05417834222316742,0.00025,0.14408345520496368,0.0
17911.0,6214.0,45.0,0.055422622710466385,0.00025,0.10572964698076248,0.0
17912.0,6215.0,45.0,0.05599579960107803,0.00025,0.13829071819782257,0.0
17913.0,6216.0,45.0,0.04319160431623459,0.00025,0.0764545351266861,0.0
17914.0,6217.0,45.0,0.06843757629394531,0.00025,0.18283802270889282,0.0
17915.0,6218.0,45.0,0.04863136261701584,0.00025,0.08004634827375412,0.0
17916.0,6219.0,45.0,0.058408670127391815,0.00025,0.10963702201843262,0.0
17917.0,6220.0,45.0,0.05865204334259033,0.00025,0.14385955035686493,0.0
17918.0,6221.0,45.0,0.04725714027881622,0.00025,0.03442554920911789,0.0
17919.0,6222.0,45.0,0.05358189344406128,0.00025,0.1626800298690796,0.0
17920.0,6223.0,45.0,0.06064041703939438,0.00025,0.06465582549571991,0.0
17921.0,6224.0,45.0,0.046906597912311554,0.00025,0.12148118019104004,0.0
17922.0,6225.0,45.0,0.051246605813503265,0.00025,0.07463725656270981,0.0
17923.0,6226.0,45.0,0.04961317777633667,0.00025,0.10507042706012726,0.0
17924.0,6227.0,45.0,0.055777788162231445,0.00025,0.09919615834951401,0.0
17925.0,6228.0,45.0,0.06503735482692719,0.00025,0.10068384557962418,0.0
17926.0,6229.0,45.0,0.05251345783472061,0.00025,0.13363809883594513,0.0
17927.0,6230.0,45.0,0.05601254850625992,0.00025,0.0887964740395546,0.0
17928.0,6231.0,45.0,0.04701004922389984,0.00025,0.14446893334388733,0.0
17929.0,6232.0,45.0,0.07434077560901642,0.00025,0.08168662339448929,0.0
17930.0,6233.0,45.0,0.05560453236103058,0.00025,0.139314204454422,0.0
17931.0,6234.0,45.0,0.047624487429857254,0.00025,0.12262218445539474,0.0
17932.0,6235.0,45.0,0.054131440818309784,0.00025,0.10151922702789307,0.0
17933.0,6236.0,45.0,0.0561181865632534,0.00025,0.09629075974225998,0.0
17934.0,6237.0,45.0,0.06335613131523132,0.00025,0.11580320447683334,0.0
17935.0,6238.0,45.0,0.056541718542575836,0.00025,0.08612282574176788,0.0
17936.0,6239.0,45.0,0.05939401686191559,0.00025,0.09660394489765167,0.0
17937.0,6240.0,45.0,0.05517871677875519,0.00025,0.09905662387609482,0.0
17938.0,6241.0,46.0,0.04791416972875595,0.00025,0.08791858702898026,0.0
17939.0,6242.0,46.0,0.060453616082668304,0.00025,0.06023717299103737,0.0
17940.0,6243.0,46.0,0.05933216214179993,0.00025,0.08120102435350418,0.0
17941.0,6244.0,46.0,0.07234582304954529,0.00025,0.10300154238939285,0.0
17942.0,6245.0,46.0,0.05134420096874237,0.00025,0.056553058326244354,0.0
17943.0,6246.0,46.0,0.05941662937402725,0.00025,0.10151087492704391,0.0
17944.0,6247.0,46.0,0.05172434449195862,0.00025,0.10336215049028397,0.0
17945.0,6248.0,46.0,0.06914597004652023,0.00025,0.09523668140172958,0.0
17946.0,6249.0,46.0,0.06323741376399994,0.00025,0.07806121557950974,0.0
17947.0,6250.0,46.0,0.05455193668603897,0.00025,0.11004522442817688,0.0
17948.0,6251.0,46.0,0.06161296367645264,0.00025,0.03644140809774399,0.0
17949.0,6252.0,46.0,0.05459675192832947,0.00025,0.06843800842761993,0.0
17950.0,6253.0,46.0,0.07224922627210617,0.00025,0.14591705799102783,0.0
17951.0,6254.0,46.0,0.06765230000019073,0.00025,0.0892016813158989,0.0
17952.0,6255.0,46.0,0.05696523189544678,0.00025,0.1420809030532837,0.0
17953.0,6256.0,46.0,0.06440038979053497,0.00025,0.09011394530534744,0.0
17954.0,6257.0,46.0,0.05402061715722084,0.00025,0.12279631197452545,0.0
17955.0,6258.0,46.0,0.05510221794247627,0.00025,0.09934332221746445,0.0
17956.0,6259.0,46.0,0.049541182816028595,0.00025,0.1180320605635643,0.0
17957.0,6260.0,46.0,0.04674486070871353,0.00025,0.11069315671920776,0.0
17958.0,6261.0,46.0,0.06282103806734085,0.00025,0.10630802065134048,0.0
17959.0,6262.0,46.0,0.06713229417800903,0.00025,0.09264419972896576,0.0
17960.0,6263.0,46.0,0.05203516036272049,0.00025,0.09905698895454407,0.0
17961.0,6264.0,46.0,0.055591829121112823,0.00025,0.1508338302373886,0.0
17962.0,6265.0,46.0,0.06311234831809998,0.00025,0.1796533167362213,0.0
17963.0,6266.0,46.0,0.05645793676376343,0.00025,0.17589783668518066,0.0
17964.0,6267.0,46.0,0.048892565071582794,0.00025,0.1542986035346985,0.0
17965.0,6268.0,46.0,0.054394010454416275,0.00025,0.17962610721588135,0.0
17966.0,6269.0,46.0,0.058502890169620514,0.00025,0.12469666451215744,0.0
17967.0,6270.0,46.0,0.0602598711848259,0.00025,0.13159002363681793,0.0
17968.0,6271.0,46.0,0.06266181915998459,0.00025,0.08169379830360413,0.0
17969.0,6272.0,46.0,0.048529334366321564,0.00025,0.11692135781049728,0.0
17970.0,6273.0,46.0,0.049683474004268646,0.00025,0.11874794214963913,0.0
17971.0,6274.0,46.0,0.06142587214708328,0.00025,0.17670199275016785,0.0
17972.0,6275.0,46.0,0.040516942739486694,0.00025,0.13700450956821442,0.0
17973.0,6276.0,46.0,0.0527445450425148,0.00025,0.09829224646091461,0.0
17974.0,6277.0,46.0,0.04809769243001938,0.00025,0.17396558821201324,0.0
17975.0,6278.0,46.0,0.042742908000946045,0.00025,0.14360693097114563,0.0
17976.0,6279.0,46.0,0.06638579815626144,0.00025,0.16673360764980316,0.0
17977.0,6280.0,46.0,0.04917798936367035,0.00025,0.18382114171981812,0.0
17978.0,6281.0,46.0,0.05399765074253082,0.00025,0.12796415388584137,0.0
17979.0,6282.0,46.0,0.05812952667474747,0.00025,0.14964735507965088,0.0
17980.0,6283.0,46.0,0.058944642543792725,0.00025,0.06457998603582382,0.0
17981.0,6284.0,46.0,0.05202334746718407,0.00025,0.14501163363456726,0.0
17982.0,6285.0,46.0,0.054935067892074585,0.00025,0.10707565397024155,0.0
17983.0,6286.0,46.0,0.0632057785987854,0.00025,0.08901809900999069,0.0
17984.0,6287.0,46.0,0.058993369340896606,0.00025,0.12875112891197205,0.0
17985.0,6288.0,46.0,0.04857658967375755,0.00025,0.07930836081504822,0.0
17986.0,6289.0,46.0,0.0563913956284523,0.00025,0.12657961249351501,0.0
17987.0,6290.0,46.0,0.06790022552013397,0.00025,0.0659412369132042,0.0
17988.0,6291.0,46.0,0.04830094799399376,0.00025,0.04952169209718704,0.0
17989.0,6292.0,46.0,0.05926068499684334,0.00025,0.06296329945325851,0.0
17990.0,6293.0,46.0,0.053770266473293304,0.00025,0.10734566301107407,0.0
17991.0,6294.0,46.0,0.04734385013580322,0.00025,0.07530077546834946,0.0
17992.0,6295.0,46.0,0.054801519960165024,0.00025,0.048003021627664566,0.0
17993.0,6296.0,46.0,0.05516587942838669,0.00025,0.1438031941652298,0.0
17994.0,6297.0,46.0,0.04402332752943039,0.00025,0.10122016072273254,0.0
17995.0,6298.0,46.0,0.05148080736398697,0.00025,0.09809138625860214,0.0
17996.0,6299.0,46.0,0.05121707171201706,0.00025,0.07353109121322632,0.0
17997.0,6300.0,46.0,0.05546769127249718,0.00025,0.11074100434780121,0.0
17998.0,6301.0,46.0,0.05412286892533302,0.00025,0.05836336687207222,0.0
17999.0,6302.0,46.0,0.05283692851662636,0.00025,0.08395025879144669,0.0
18000.0,6303.0,46.0,0.04309883341193199,0.00025,0.030203362926840782,0.0
18001.0,6304.0,46.0,0.061723608523607254,0.00025,0.08470471948385239,0.0
18002.0,6305.0,46.0,0.05314156413078308,0.00025,0.06895776838064194,0.0
18003.0,6306.0,46.0,0.06285617500543594,0.00025,0.11083134263753891,0.0
18004.0,6307.0,46.0,0.054621029645204544,0.00025,0.04043355956673622,0.0
18005.0,6308.0,46.0,0.06691042333841324,0.00025,0.10298305749893188,0.0
18006.0,6309.0,46.0,0.05828317254781723,0.00025,0.06845185905694962,0.0
18007.0,6310.0,46.0,0.050365645438432693,0.00025,0.08450667560100555,0.0
18008.0,6311.0,46.0,0.04910023510456085,0.00025,0.06474882364273071,0.0
18009.0,6312.0,46.0,0.05803309381008148,0.00025,0.09528281539678574,0.0
18010.0,6313.0,46.0,0.050620801746845245,0.00025,0.1560945361852646,0.0
18011.0,6314.0,46.0,0.05379611626267433,0.00025,0.06432729959487915,0.0
18012.0,6315.0,46.0,0.046719104051589966,0.00025,0.08871997147798538,0.0
18013.0,6316.0,46.0,0.06364210695028305,0.00025,0.06471153348684311,0.0
18014.0,6317.0,46.0,0.0503704734146595,0.00025,0.09490416944026947,0.0
18015.0,6318.0,46.0,0.06418448686599731,0.00025,0.05120111256837845,0.0
18016.0,6319.0,46.0,0.053376927971839905,0.00025,0.05735267698764801,0.0
18017.0,6320.0,46.0,0.050374262034893036,0.00025,0.10085354745388031,0.0
18018.0,6321.0,46.0,0.05178317800164223,0.00025,0.08142461627721786,0.0
18019.0,6322.0,46.0,0.058857113122940063,0.00025,0.09172872453927994,0.0
18020.0,6323.0,46.0,0.054731134325265884,0.00025,0.10725853592157364,0.0
18021.0,6324.0,46.0,0.04578947648406029,0.00025,0.07613744586706161,0.0
18022.0,6325.0,46.0,0.053158704191446304,0.00025,0.10378710180521011,0.0
18023.0,6326.0,46.0,0.05961555615067482,0.00025,0.1524113565683365,0.0
18024.0,6327.0,46.0,0.0552641823887825,0.00025,0.11001387238502502,0.0
18025.0,6328.0,46.0,0.06281061470508575,0.00025,0.1469648778438568,0.0
18026.0,6329.0,46.0,0.05716516822576523,0.00025,0.1377900391817093,0.0
18027.0,6330.0,46.0,0.05161596089601517,0.00025,0.17864260077476501,0.0
18028.0,6331.0,46.0,0.046414509415626526,0.00025,0.14128850400447845,0.0
18029.0,6332.0,46.0,0.05245717614889145,0.00025,0.15255925059318542,0.0
18030.0,6333.0,46.0,0.05542885139584541,0.00025,0.24453341960906982,0.0
18031.0,6334.0,46.0,0.052080437541007996,0.00025,0.143971785902977,0.0
18032.0,6335.0,46.0,0.04481096938252449,0.00025,0.22547701001167297,0.0
18033.0,6336.0,46.0,0.06823832541704178,0.00025,0.11209715157747269,0.0
18034.0,6337.0,46.0,0.051363781094551086,0.00025,0.16021394729614258,0.0
18035.0,6338.0,46.0,0.04433249682188034,0.00025,0.1192438080906868,0.0
18036.0,6339.0,46.0,0.06167032942175865,0.00025,0.10106975585222244,0.0
18037.0,6340.0,46.0,0.05682027339935303,0.00025,0.1672258824110031,0.0
18038.0,6341.0,46.0,0.05173085257411003,0.00025,0.045375529676675797,0.0
18039.0,6342.0,46.0,0.05710224807262421,0.00025,0.22581414878368378,0.0
18040.0,6343.0,46.0,0.05547860264778137,0.00025,0.09470360726118088,0.0
18041.0,6344.0,46.0,0.05931328237056732,0.00025,0.1618228703737259,0.0
18042.0,6345.0,46.0,0.049665212631225586,0.00025,0.14187589287757874,0.0
18043.0,6346.0,46.0,0.04658007621765137,0.00025,0.1596728414297104,0.0
18044.0,6347.0,46.0,0.056758441030979156,0.00025,0.1422274112701416,0.0
18045.0,6348.0,46.0,0.06512150913476944,0.00025,0.11959169805049896,0.0
18046.0,6349.0,46.0,0.04499594867229462,0.00025,0.17685745656490326,0.0
18047.0,6350.0,46.0,0.056091874837875366,0.00025,0.06613189727067947,0.0
18048.0,6351.0,46.0,0.06337188929319382,0.00025,0.16302990913391113,0.0
18049.0,6352.0,46.0,0.055173128843307495,0.00025,0.08018164336681366,0.0
18050.0,6353.0,46.0,0.05365939438343048,0.00025,0.1775607168674469,0.0
18051.0,6354.0,46.0,0.05031203106045723,0.00025,0.08365622907876968,0.0
18052.0,6355.0,46.0,0.05463477224111557,0.00025,0.18023064732551575,0.0
18053.0,6356.0,46.0,0.06200731173157692,0.00025,0.054890505969524384,0.0
18054.0,6357.0,46.0,0.058192022144794464,0.00025,0.13967500627040863,0.0
18055.0,6358.0,46.0,0.06913003325462341,0.00025,0.08444830775260925,0.0
18056.0,6359.0,46.0,0.05172424763441086,0.00025,0.0985114723443985,0.0
18057.0,6360.0,46.0,0.055960074067115784,0.00025,0.1288643628358841,0.0
18058.0,6361.0,46.0,0.04919221252202988,0.00025,0.10536772757768631,0.0
18059.0,6362.0,46.0,0.05995212495326996,0.00025,0.08102516829967499,0.0
18060.0,6363.0,46.0,0.05107390135526657,0.00025,0.07098417729139328,0.0
18061.0,6364.0,46.0,0.0574059784412384,0.00025,0.12462877482175827,0.0
18062.0,6365.0,46.0,0.06832127273082733,0.00025,0.0901041179895401,0.0
18063.0,6366.0,46.0,0.053399667143821716,0.00025,0.1160569041967392,0.0
18064.0,6367.0,46.0,0.05038394033908844,0.00025,0.09714481234550476,0.0
18065.0,6368.0,46.0,0.059112608432769775,0.00025,0.09092702716588974,0.0
18066.0,6369.0,46.0,0.06195433810353279,0.00025,0.06957817077636719,0.0
18067.0,6370.0,46.0,0.05510559678077698,0.00025,0.06238357722759247,0.0
18068.0,6371.0,46.0,0.06135653704404831,0.00025,0.07876750081777573,0.0
18069.0,6372.0,46.0,0.04974491894245148,0.00025,0.06682508438825607,0.0
18070.0,6373.0,46.0,0.05943680554628372,0.00025,0.05489853024482727,0.0
18071.0,6374.0,46.0,0.042497389018535614,0.00025,0.05439239367842674,0.0
18072.0,6375.0,46.0,0.05179882049560547,0.00025,0.08530400693416595,0.0
18073.0,6376.0,46.0,0.050943709909915924,0.00025,0.05734771490097046,0.0
18074.0,6377.0,46.0,0.05487693101167679,0.00025,0.14426106214523315,0.0
18075.0,6378.0,46.0,0.05895932391285896,0.00025,0.10527091473340988,0.0
18076.0,6379.0,46.0,0.054949842393398285,0.00025,0.13525737822055817,0.0
18077.0,6380.0,46.0,0.05481724068522453,0.00025,0.09530536830425262,0.0
18078.0,6381.0,46.0,0.0624590739607811,0.00025,0.0958438292145729,0.0
18079.0,6382.0,46.0,0.04838852211833,0.00025,0.12523587048053741,0.0
18080.0,6383.0,46.0,0.06532987207174301,0.00025,0.09685743600130081,0.0
18081.0,6384.0,46.0,0.061700403690338135,0.00025,0.17298094928264618,0.0
18082.0,6385.0,46.0,0.042651161551475525,0.00025,0.11975593119859695,0.0
18083.0,6386.0,46.0,0.05321141332387924,0.00025,0.12485568225383759,0.0
18084.0,6387.0,46.0,0.04463621973991394,0.00025,0.07712510973215103,0.0
18085.0,6388.0,46.0,0.05520075559616089,0.00025,0.1595943123102188,0.0
18086.0,6389.0,46.0,0.048571616411209106,0.00025,0.040900375694036484,0.0
18087.0,6390.0,46.0,0.0541595034301281,0.00025,0.10434015840291977,0.0
18088.0,6391.0,46.0,0.04850802943110466,0.00025,0.0799933448433876,0.0
18089.0,6392.0,46.0,0.06462179124355316,0.00025,0.043207164853811264,0.0
18090.0,6393.0,46.0,0.05260680988430977,0.00025,0.11093833297491074,0.0
18091.0,6394.0,46.0,0.05343221127986908,0.00025,0.11141897737979889,0.0
18092.0,6395.0,46.0,0.05183599889278412,0.00025,0.12663276493549347,0.0
18093.0,6396.0,46.0,0.05177786946296692,0.00025,0.06256208568811417,0.0
18094.0,6397.0,46.0,0.046030424535274506,0.00025,0.09258370846509933,0.0
18095.0,6398.0,46.0,0.05981392040848732,0.00025,0.13641807436943054,0.0
18096.0,6399.0,46.0,0.06816494464874268,0.00025,0.0617489367723465,0.0
18097.0,6400.0,46.0,0.04360907897353172,0.00025,0.12917432188987732,0.0
18098.0,6401.0,46.0,0.043688274919986725,0.00025,0.08948757499456406,0.0
18099.0,6402.0,46.0,0.061945416033267975,0.00025,0.1159830093383789,0.0
18100.0,6403.0,46.0,0.050931476056575775,0.00025,0.15721395611763,0.0
18101.0,6404.0,46.0,0.04193367063999176,0.00025,0.09193893522024155,0.0
18102.0,6405.0,46.0,0.060875143855810165,0.00025,0.059632860124111176,0.0
18103.0,6406.0,46.0,0.05837070196866989,0.00025,0.12187948077917099,0.0
18104.0,6407.0,46.0,0.06941770017147064,0.00025,0.11968668550252914,0.0
18105.0,6408.0,46.0,0.058704085648059845,0.00025,0.13937336206436157,0.0
18106.0,6409.0,46.0,0.05634433403611183,0.00025,0.10369942337274551,0.0
18107.0,6410.0,46.0,0.06892339885234833,0.00025,0.15907679498195648,0.0
18108.0,6411.0,46.0,0.05594083294272423,0.00025,0.09651128947734833,0.0
18109.0,6412.0,46.0,0.04850638657808304,0.00025,0.12217000126838684,0.0
18110.0,6413.0,46.0,0.05804941803216934,0.00025,0.1468258500099182,0.0
18111.0,6414.0,46.0,0.05623967945575714,0.00025,0.11298125237226486,0.0
18112.0,6415.0,46.0,0.06007036194205284,0.00025,0.18858027458190918,0.0
18113.0,6416.0,46.0,0.036502767354249954,0.00025,0.13023556768894196,0.0
18114.0,6417.0,46.0,0.059654492884874344,0.00025,0.1689150333404541,0.0
18115.0,6418.0,46.0,0.05811040475964546,0.00025,0.16701531410217285,0.0
18116.0,6419.0,46.0,0.06333838403224945,0.00025,0.08876150846481323,0.0
18117.0,6420.0,46.0,0.05278332158923149,0.00025,0.20934899151325226,0.0
18118.0,6421.0,46.0,0.05218818783760071,0.00025,0.13709600269794464,0.0
18119.0,6422.0,46.0,0.05049440264701843,0.00025,0.12372097373008728,0.0
18120.0,6423.0,46.0,0.044701479375362396,0.00025,0.041064437478780746,0.0
18121.0,6424.0,46.0,0.0482131689786911,0.00025,0.08853788673877716,0.0
18122.0,6425.0,46.0,0.05998865142464638,0.00025,0.13157522678375244,0.0
18123.0,6426.0,46.0,0.05671916902065277,0.00025,0.06541919708251953,0.0
18124.0,6427.0,46.0,0.056137651205062866,0.00025,0.16296806931495667,0.0
18125.0,6428.0,46.0,0.04633041098713875,0.00025,0.0888955295085907,0.0
18126.0,6429.0,46.0,0.04723779857158661,0.00025,0.1346493512392044,0.0
18127.0,6430.0,46.0,0.04672221839427948,0.00025,0.08143618702888489,0.0
18128.0,6431.0,46.0,0.06214265525341034,0.00025,0.08264534175395966,0.0
18129.0,6432.0,46.0,0.05463379994034767,0.00025,0.09864204376935959,0.0
18130.0,6433.0,46.0,0.06130257248878479,0.00025,0.08287378400564194,0.0
18131.0,6434.0,46.0,0.06300095468759537,0.00025,0.06490582227706909,0.0
18132.0,6435.0,46.0,0.05156576633453369,0.00025,0.07659417390823364,0.0
18133.0,6436.0,46.0,0.05308307707309723,0.00025,0.08671902865171432,0.0
18134.0,6437.0,46.0,0.045032206922769547,0.00025,0.1000022366642952,0.0
18135.0,6438.0,46.0,0.05593071132898331,0.00025,0.08609262108802795,0.0
18136.0,6439.0,46.0,0.04883138835430145,0.00025,0.10029471665620804,0.0
18137.0,6440.0,46.0,0.04894246906042099,0.00025,0.08923990279436111,0.0
18138.0,6441.0,46.0,0.06817309558391571,0.00025,0.08931883424520493,0.0
18139.0,6442.0,46.0,0.06089723855257034,0.00025,0.11251458525657654,0.0
18140.0,6443.0,46.0,0.05438949167728424,0.00025,0.0489615723490715,0.0
18141.0,6444.0,46.0,0.05775659531354904,0.00025,0.12775462865829468,0.0
18142.0,6445.0,46.0,0.06359478831291199,0.00025,0.0965786874294281,0.0
18143.0,6446.0,46.0,0.0713028833270073,0.00025,0.123814657330513,0.0
18144.0,6447.0,46.0,0.05912598967552185,0.00025,0.08609475940465927,0.0
18145.0,6448.0,46.0,0.057149216532707214,0.00025,0.169535294175148,0.0
18146.0,6449.0,46.0,0.053582556545734406,0.00025,0.07472111284732819,0.0
18147.0,6450.0,46.0,0.04673547297716141,0.00025,0.15413273870944977,0.0
18148.0,6451.0,46.0,0.06434175372123718,0.00025,0.0978974923491478,0.0
18149.0,6452.0,46.0,0.05381770431995392,0.00025,0.16161151230335236,0.0
18150.0,6453.0,46.0,0.0651860237121582,0.00025,0.049242015928030014,0.0
18151.0,6454.0,46.0,0.060291629284620285,0.00025,0.14589868485927582,0.0
18152.0,6455.0,46.0,0.062040094286203384,0.00025,0.11517283320426941,0.0
18153.0,6456.0,46.0,0.06915415078401566,0.00025,0.09072860330343246,0.0
18154.0,6457.0,46.0,0.05520568788051605,0.00025,0.18076246976852417,0.0
18155.0,6458.0,46.0,0.07908689975738525,0.00025,0.05100266635417938,0.0
18156.0,6459.0,46.0,0.05622145161032677,0.00025,0.13974341750144958,0.0
18157.0,6460.0,46.0,0.050901658833026886,0.00025,0.0798817127943039,0.0
18158.0,6461.0,46.0,0.06364450603723526,0.00025,0.07705985009670258,0.0
18159.0,6462.0,46.0,0.054106347262859344,0.00025,0.1560051590204239,0.0
18160.0,6463.0,46.0,0.05229274928569794,0.00025,0.07226064056158066,0.0
18161.0,6464.0,46.0,0.06252850592136383,0.00025,0.06284406781196594,0.0
18162.0,6465.0,46.0,0.07108144462108612,0.00025,0.060558442026376724,0.0
18163.0,6466.0,46.0,0.055333033204078674,0.00025,0.10699068754911423,0.0
18164.0,6467.0,46.0,0.051702018827199936,0.00025,0.0945463478565216,0.0
18165.0,6468.0,46.0,0.054055020213127136,0.00025,0.03593481332063675,0.0
18166.0,6469.0,46.0,0.06116076931357384,0.00025,0.05833706259727478,0.0
18167.0,6470.0,46.0,0.055577993392944336,0.00025,0.07068696618080139,0.0
18168.0,6471.0,46.0,0.05222778022289276,0.00025,0.07412900030612946,0.0
18169.0,6472.0,46.0,0.0494861900806427,0.00025,0.07722841948270798,0.0
18170.0,6473.0,46.0,0.05199795216321945,0.00025,0.06657770276069641,0.0
18171.0,6474.0,46.0,0.051090631633996964,0.00025,0.05445080250501633,0.0
18172.0,6475.0,46.0,0.06367786973714828,0.00025,0.03186009079217911,0.0
18173.0,6476.0,46.0,0.0677332654595375,0.00025,0.09685754776000977,0.0
18174.0,6477.0,46.0,0.05921222269535065,0.00025,0.06569769978523254,0.0
18175.0,6478.0,46.0,0.06115294247865677,0.00025,0.105119988322258,0.0
18176.0,6479.0,46.0,0.052511315792798996,0.00025,0.0244503915309906,0.0
18177.0,6480.0,46.0,0.06012402102351189,0.00025,0.10176508128643036,0.0
18178.0,6481.0,46.0,0.049206070601940155,0.00025,0.09544400870800018,0.0
18179.0,6482.0,46.0,0.06779392063617706,0.00025,0.11722563207149506,0.0
18180.0,6483.0,46.0,0.050791993737220764,0.00025,0.0661177784204483,0.0
18181.0,6484.0,46.0,0.04751792550086975,0.00025,0.16629371047019958,0.0
18182.0,6485.0,46.0,0.03988666459918022,0.00025,0.08464998006820679,0.0
18183.0,6486.0,46.0,0.05722854658961296,0.00025,0.14174334704875946,0.0
18184.0,6487.0,46.0,0.0685344710946083,0.00025,0.09717293828725815,0.0
18185.0,6488.0,46.0,0.05940284952521324,0.00025,0.14611105620861053,0.0
18186.0,6489.0,46.0,0.051320698112249374,0.00025,0.09307635575532913,0.0
18187.0,6490.0,46.0,0.05062473192811012,0.00025,0.1056906133890152,0.0
18188.0,6491.0,46.0,0.051065899431705475,0.00025,0.08514582365751266,0.0
18189.0,6492.0,46.0,0.058803342282772064,0.00025,0.10495391488075256,0.0
18190.0,6493.0,46.0,0.060292571783065796,0.00025,0.09859099984169006,0.0
18191.0,6494.0,46.0,0.05548132210969925,0.00025,0.11298028379678726,0.0
18192.0,6495.0,46.0,0.07905559241771698,0.00025,0.05583564192056656,0.0
18193.0,6496.0,46.0,0.04713846743106842,0.00025,0.08402205258607864,0.0
18194.0,6497.0,46.0,0.049573447555303574,0.00025,0.05642233416438103,0.0
18195.0,6498.0,46.0,0.04331124946475029,0.00025,0.08016394078731537,0.0
18196.0,6499.0,46.0,0.056277502328157425,0.00025,0.053387898951768875,0.0
18197.0,6500.0,46.0,0.057292640209198,0.00025,0.11222752183675766,0.0
18198.0,6501.0,46.0,0.058424387127161026,0.00025,0.08421044051647186,0.0
18199.0,6502.0,46.0,0.06189461797475815,0.00025,0.09651460498571396,0.0
18200.0,6503.0,46.0,0.057337209582328796,0.00025,0.07290168106555939,0.0
18201.0,6504.0,46.0,0.05543270707130432,0.00025,0.11910499632358551,0.0
18202.0,6505.0,46.0,0.04416033625602722,0.00025,0.105909563601017,0.0
18203.0,6506.0,46.0,0.06159582734107971,0.00025,0.06320428848266602,0.0
18204.0,6507.0,46.0,0.04820939898490906,0.00025,0.13880285620689392,0.0
18205.0,6508.0,46.0,0.048948876559734344,0.00025,0.10303524136543274,0.0
18206.0,6509.0,46.0,0.05505505949258804,0.00025,0.1569964587688446,0.0
18207.0,6510.0,46.0,0.06767819076776505,0.00025,0.10258080810308456,0.0
18208.0,6511.0,46.0,0.06184994801878929,0.00025,0.18045222759246826,0.0
18209.0,6512.0,46.0,0.05383739620447159,0.00025,0.12992461025714874,0.0
18210.0,6513.0,46.0,0.05688469111919403,0.00025,0.19751179218292236,0.0
18211.0,6514.0,46.0,0.05868019163608551,0.00025,0.17071478068828583,0.0
18212.0,6515.0,46.0,0.042751654982566833,0.00025,0.1957513689994812,0.0
18213.0,6516.0,46.0,0.05614436790347099,0.00025,0.1728583723306656,0.0
18214.0,6517.0,46.0,0.05664316564798355,0.00025,0.09872449189424515,0.0
18215.0,6518.0,46.0,0.04735039919614792,0.00025,0.18352268636226654,0.0
18216.0,6519.0,46.0,0.058621712028980255,0.00025,0.1335466206073761,0.0
18217.0,6520.0,46.0,0.06254879385232925,0.00025,0.18389630317687988,0.0
18218.0,6521.0,46.0,0.06951631605625153,0.00025,0.1499449461698532,0.0
18219.0,6522.0,46.0,0.06176329404115677,0.00025,0.15055003762245178,0.0
18219.0,6523.0,46.0,0.0611155666410923,0.00025,inf,1.0
18220.0,6524.0,46.0,0.05697266384959221,0.00025,0.17949149012565613,0.0
18221.0,6525.0,46.0,0.036134880036115646,0.00025,0.10677196085453033,0.0
18222.0,6526.0,46.0,0.0630781501531601,0.00025,0.1433253139257431,0.0
18223.0,6527.0,46.0,0.048816028982400894,0.00025,0.04112103581428528,0.0
18224.0,6528.0,46.0,0.061435259878635406,0.00025,0.13848546147346497,0.0
18225.0,6529.0,46.0,0.06750394403934479,0.00025,0.06781651824712753,0.0
18226.0,6530.0,46.0,0.060703884810209274,0.00025,0.04939448833465576,0.0
18227.0,6531.0,46.0,0.04709590971469879,0.00025,0.08054894208908081,0.0
18228.0,6532.0,46.0,0.04942718520760536,0.00025,0.04492903873324394,0.0
18229.0,6533.0,46.0,0.042894765734672546,0.00025,0.05037420988082886,0.0
18230.0,6534.0,46.0,0.047836340963840485,0.00025,0.0880705863237381,0.0
18231.0,6535.0,46.0,0.0721317008137703,0.00025,0.06418482214212418,0.0
18232.0,6536.0,46.0,0.05260440707206726,0.00025,0.07371538132429123,0.0
18233.0,6537.0,46.0,0.07255566120147705,0.00025,0.11295004189014435,0.0
18234.0,6538.0,46.0,0.055170804262161255,0.00025,0.14736849069595337,0.0
18235.0,6539.0,46.0,0.05521577224135399,0.00025,0.0918121188879013,0.0
18236.0,6540.0,46.0,0.054625049233436584,0.00025,0.13723720610141754,0.0
18237.0,6541.0,46.0,0.046120963990688324,0.00025,0.09370777010917664,0.0
18238.0,6542.0,46.0,0.0589168407022953,0.00025,0.1349889039993286,0.0
18239.0,6543.0,46.0,0.055442117154598236,0.00025,0.1350340098142624,0.0
18240.0,6544.0,46.0,0.05975980684161186,0.00025,0.09976142644882202,0.0
18241.0,6545.0,46.0,0.05252458155155182,0.00025,0.09378808736801147,0.0
18242.0,6546.0,46.0,0.05882253125309944,0.00025,0.10654148459434509,0.0
18243.0,6547.0,46.0,0.05498518794775009,0.00025,0.10720695555210114,0.0
18244.0,6548.0,46.0,0.05759352818131447,0.00025,0.08718694746494293,0.0
18245.0,6549.0,46.0,0.07027480006217957,0.00025,0.1269744485616684,0.0
18246.0,6550.0,46.0,0.06162140518426895,0.00025,0.08651170879602432,0.0
18247.0,6551.0,46.0,0.050815511494874954,0.00025,0.044669199734926224,0.0
18248.0,6552.0,46.0,0.05427364259958267,0.00025,0.1462501585483551,0.0
18249.0,6553.0,46.0,0.04593748599290848,0.00025,0.06747601926326752,0.0
18250.0,6554.0,46.0,0.05748371407389641,0.00025,0.11922287940979004,0.0
18251.0,6555.0,46.0,0.06123873591423035,0.00025,0.11784903705120087,0.0
18252.0,6556.0,46.0,0.06825587898492813,0.00025,0.1668490618467331,0.0
18253.0,6557.0,46.0,0.052638061344623566,0.00025,0.09575515985488892,0.0
18254.0,6558.0,46.0,0.055586908012628555,0.00025,0.18889540433883667,0.0
18255.0,6559.0,46.0,0.05887804552912712,0.00025,0.06454651057720184,0.0
18256.0,6560.0,46.0,0.06609462201595306,0.00025,0.12932069599628448,0.0
18257.0,6561.0,46.0,0.05257567763328552,0.00025,0.10704720765352249,0.0
18258.0,6562.0,46.0,0.0583311952650547,0.00025,0.1250288486480713,0.0
18259.0,6563.0,46.0,0.06628812104463577,0.00025,0.12329713255167007,0.0
18260.0,6564.0,46.0,0.04545992985367775,0.00025,0.03722584247589111,0.0
18261.0,6565.0,46.0,0.06650955229997635,0.00025,0.12588895857334137,0.0
18262.0,6566.0,46.0,0.05443279817700386,0.00025,0.03831980377435684,0.0
18263.0,6567.0,46.0,0.06244814395904541,0.00025,0.05621422082185745,0.0
18264.0,6568.0,46.0,0.049907367676496506,0.00025,0.13461223244667053,0.0
18265.0,6569.0,46.0,0.04601782560348511,0.00025,0.08155521750450134,0.0
18266.0,6570.0,46.0,0.07187279313802719,0.00025,0.11471346765756607,0.0
18267.0,6571.0,46.0,0.0566459558904171,0.00025,0.07546289265155792,0.0
18268.0,6572.0,46.0,0.05224902182817459,0.00025,0.14415423572063446,0.0
18269.0,6573.0,46.0,0.0549677349627018,0.00025,0.13767777383327484,0.0
18270.0,6574.0,46.0,0.06514190137386322,0.00025,0.10486132651567459,0.0
18271.0,6575.0,46.0,0.04884956032037735,0.00025,0.10044822096824646,0.0
18272.0,6576.0,46.0,0.061063263565301895,0.00025,0.09883341193199158,0.0
18273.0,6577.0,46.0,0.061442695558071136,0.00025,0.0740366280078888,0.0
18274.0,6578.0,46.0,0.06205889582633972,0.00025,0.12828871607780457,0.0
18275.0,6579.0,46.0,0.0613703578710556,0.00025,0.10141615569591522,0.0
18276.0,6580.0,46.0,0.05353337898850441,0.00025,0.06435920298099518,0.0
18277.0,6581.0,46.0,0.050697021186351776,0.00025,0.154510036110878,0.0
18278.0,6582.0,46.0,0.06521258503198624,0.00025,0.06377070397138596,0.0
18279.0,6583.0,46.0,0.057765066623687744,0.00025,0.10967940837144852,0.0
18280.0,6584.0,46.0,0.04315274953842163,0.00025,0.06827854365110397,0.0
18281.0,6585.0,46.0,0.05031923949718475,0.00025,0.12045562267303467,0.0
18282.0,6586.0,46.0,0.05524866655468941,0.00025,0.15218743681907654,0.0
18283.0,6587.0,46.0,0.06456030160188675,0.00025,0.09941992163658142,0.0
18284.0,6588.0,46.0,0.05419378727674484,0.00025,0.13754743337631226,0.0
18285.0,6589.0,46.0,0.05418224632740021,0.00025,0.08271799236536026,0.0
18286.0,6590.0,46.0,0.05203193053603172,0.00025,0.12102681398391724,0.0
18287.0,6591.0,46.0,0.059126585721969604,0.00025,0.15219976007938385,0.0
18288.0,6592.0,46.0,0.06816248595714569,0.00025,0.1398947387933731,0.0
18289.0,6593.0,46.0,0.05142657458782196,0.00025,0.1887304186820984,0.0
18290.0,6594.0,46.0,0.06109444051980972,0.00025,0.1139107272028923,0.0
18291.0,6595.0,46.0,0.05458318069577217,0.00025,0.20561204850673676,0.0
18292.0,6596.0,46.0,0.054974883794784546,0.00025,0.10447503626346588,0.0
18293.0,6597.0,46.0,0.05648632347583771,0.00025,0.1477183699607849,0.0
18294.0,6598.0,46.0,0.06627050042152405,0.00025,0.13441993296146393,0.0
18295.0,6599.0,46.0,0.06059016287326813,0.00025,0.15756265819072723,0.0
18296.0,6600.0,46.0,0.045214325189590454,0.00025,0.11508657783269882,0.0
18297.0,6601.0,46.0,0.056307390332221985,0.00025,0.13076449930667877,0.0
18298.0,6602.0,46.0,0.052443716675043106,0.00025,0.11789735406637192,0.0
18299.0,6603.0,46.0,0.04814887046813965,0.00025,0.14372219145298004,0.0
18300.0,6604.0,46.0,0.06873157620429993,0.00025,0.09185415506362915,0.0
18301.0,6605.0,46.0,0.06437995284795761,0.00025,0.08797258883714676,0.0
18302.0,6606.0,46.0,0.07195355743169785,0.00025,0.11674734205007553,0.0
18303.0,6607.0,46.0,0.052260562777519226,0.00025,0.04007629677653313,0.0
18304.0,6608.0,46.0,0.05537405610084534,0.00025,0.10650330781936646,0.0
18305.0,6609.0,46.0,0.059185393154621124,0.00025,0.10264334082603455,0.0
18306.0,6610.0,46.0,0.058617088943719864,0.00025,0.1031854972243309,0.0
18307.0,6611.0,46.0,0.05611599236726761,0.00025,0.10353264212608337,0.0
18308.0,6612.0,46.0,0.044802963733673096,0.00025,0.03916598856449127,0.0
18309.0,6613.0,46.0,0.05829787999391556,0.00025,0.10340471565723419,0.0
18310.0,6614.0,46.0,0.049254160374403,0.00025,0.07295171916484833,0.0
18311.0,6615.0,46.0,0.06441830098628998,0.00025,0.07580114156007767,0.0
18312.0,6616.0,46.0,0.055918335914611816,0.00025,0.11862204968929291,0.0
18313.0,6617.0,46.0,0.06218660622835159,0.00025,0.0701790601015091,0.0
18314.0,6618.0,46.0,0.05060861259698868,0.00025,0.1819228082895279,0.0
18315.0,6619.0,46.0,0.0577145554125309,0.00025,0.07183798402547836,0.0
18316.0,6620.0,46.0,0.05566893145442009,0.00025,0.10675293207168579,0.0
18317.0,6621.0,46.0,0.06828713417053223,0.00025,0.0961315855383873,0.0
18318.0,6622.0,46.0,0.05621383711695671,0.00025,0.07514496892690659,0.0
18319.0,6623.0,46.0,0.04365687072277069,0.00025,0.0898168757557869,0.0
18320.0,6624.0,46.0,0.06833489239215851,0.00025,0.10141120851039886,0.0
18321.0,6625.0,46.0,0.0660426914691925,0.00025,0.051556579768657684,0.0
18322.0,6626.0,46.0,0.0445869117975235,0.00025,0.07687125355005264,0.0
18323.0,6627.0,46.0,0.06562670320272446,0.00025,0.0817105695605278,0.0
18324.0,6628.0,46.0,0.05596762150526047,0.00025,0.14213919639587402,0.0
18325.0,6629.0,46.0,0.048858851194381714,0.00025,0.049831852316856384,0.0
18326.0,6630.0,46.0,0.065906822681427,0.00025,0.12199712544679642,0.0
18327.0,6631.0,47.0,0.0754704624414444,0.00025,0.06663820147514343,0.0
18328.0,6632.0,47.0,0.05910343676805496,0.00025,0.05149202048778534,0.0
18329.0,6633.0,47.0,0.06517796963453293,0.00025,0.11353453248739243,0.0
18330.0,6634.0,47.0,0.06404303014278412,0.00025,0.04131307080388069,0.0
18331.0,6635.0,47.0,0.05856514349579811,0.00025,0.1459084004163742,0.0
18332.0,6636.0,47.0,0.048811450600624084,0.00025,0.07300997525453568,0.0
18333.0,6637.0,47.0,0.05354218930006027,0.00025,0.14463646709918976,0.0
18334.0,6638.0,47.0,0.06967408955097198,0.00025,0.044252973049879074,0.0
18335.0,6639.0,47.0,0.05832626670598984,0.00025,0.11632880568504333,0.0
18336.0,6640.0,47.0,0.05525130033493042,0.00025,0.11710914969444275,0.0
18337.0,6641.0,47.0,0.052513692528009415,0.00025,0.1695573329925537,0.0
18338.0,6642.0,47.0,0.04546913132071495,0.00025,0.1013064831495285,0.0
18339.0,6643.0,47.0,0.06077682599425316,0.00025,0.15916123986244202,0.0
18340.0,6644.0,47.0,0.05444997549057007,0.00025,0.21558332443237305,0.0
18341.0,6645.0,47.0,0.06378363817930222,0.00025,0.20064835250377655,0.0
18342.0,6646.0,47.0,0.04913630336523056,0.00025,0.16988012194633484,0.0
18343.0,6647.0,47.0,0.05569631978869438,0.00025,0.10866817831993103,0.0
18344.0,6648.0,47.0,0.05337734520435333,0.00025,0.13213564455509186,0.0
18345.0,6649.0,47.0,0.05738212168216705,0.00025,0.09859505295753479,0.0
18346.0,6650.0,47.0,0.056695856153964996,0.00025,0.15087519586086273,0.0
18347.0,6651.0,47.0,0.05065670609474182,0.00025,0.1459512859582901,0.0
18348.0,6652.0,47.0,0.05943483114242554,0.00025,0.06442151963710785,0.0
18349.0,6653.0,47.0,0.06010342389345169,0.00025,0.1536596566438675,0.0
18350.0,6654.0,47.0,0.049003228545188904,0.00025,0.09417279809713364,0.0
18351.0,6655.0,47.0,0.0511469691991806,0.00025,0.18624164164066315,0.0
18352.0,6656.0,47.0,0.05084201321005821,0.00025,0.12186134606599808,0.0
18353.0,6657.0,47.0,0.060671232640743256,0.00025,0.12553837895393372,0.0
18354.0,6658.0,47.0,0.04450497776269913,0.00025,0.10891515016555786,0.0
18355.0,6659.0,47.0,0.052344806492328644,0.00025,0.13134881854057312,0.0
18356.0,6660.0,47.0,0.04855591803789139,0.00025,0.08201658725738525,0.0
18357.0,6661.0,47.0,0.04437476769089699,0.00025,0.12095512449741364,0.0
18358.0,6662.0,47.0,0.06402474641799927,0.00025,0.10323511809110641,0.0
18359.0,6663.0,47.0,0.06752695143222809,0.00025,0.11707613617181778,0.0
18360.0,6664.0,47.0,0.05549740791320801,0.00025,0.12867982685565948,0.0
18361.0,6665.0,47.0,0.05677361041307449,0.00025,0.09872943162918091,0.0
18362.0,6666.0,47.0,0.05974208936095238,0.00025,0.1339627504348755,0.0
18363.0,6667.0,47.0,0.051211319863796234,0.00025,0.049047403037548065,0.0
18364.0,6668.0,47.0,0.06027606129646301,0.00025,0.13648425042629242,0.0
18365.0,6669.0,47.0,0.052069224417209625,0.00025,0.10121320188045502,0.0
18366.0,6670.0,47.0,0.05339227616786957,0.00025,0.14378002285957336,0.0
18367.0,6671.0,47.0,0.04931427538394928,0.00025,0.11932820081710815,0.0
18368.0,6672.0,47.0,0.054007548838853836,0.00025,0.095079205930233,0.0
18369.0,6673.0,47.0,0.04881124943494797,0.00025,0.1668797731399536,0.0
18370.0,6674.0,47.0,0.04977364465594292,0.00025,0.13922962546348572,0.0
18371.0,6675.0,47.0,0.05707181990146637,0.00025,0.17684118449687958,0.0
18372.0,6676.0,47.0,0.05293462425470352,0.00025,0.14267995953559875,0.0
18373.0,6677.0,47.0,0.0732736736536026,0.00025,0.15561972558498383,0.0
18374.0,6678.0,47.0,0.07336963713169098,0.00025,0.20028571784496307,0.0
18375.0,6679.0,47.0,0.06552708148956299,0.00025,0.10941324383020401,0.0
18376.0,6680.0,47.0,0.047023143619298935,0.00025,0.24700778722763062,0.0
18377.0,6681.0,47.0,0.054345253854990005,0.00025,0.12888029217720032,0.0
18378.0,6682.0,47.0,0.05738338828086853,0.00025,0.18523018062114716,0.0
18379.0,6683.0,47.0,0.05888095498085022,0.00025,0.08035390824079514,0.0
18380.0,6684.0,47.0,0.05467738211154938,0.00025,0.153550922870636,0.0
18381.0,6685.0,47.0,0.05084943771362305,0.00025,0.14470741152763367,0.0
18382.0,6686.0,47.0,0.059753984212875366,0.00025,0.1260169893503189,0.0
18383.0,6687.0,47.0,0.05263097211718559,0.00025,0.19206120073795319,0.0
18384.0,6688.0,47.0,0.05926400423049927,0.00025,0.13784314692020416,0.0
18385.0,6689.0,47.0,0.05027569830417633,0.00025,0.10105139017105103,0.0
18386.0,6690.0,47.0,0.06791118532419205,0.00025,0.11246512085199356,0.0
18387.0,6691.0,47.0,0.0581565722823143,0.00025,0.13342039287090302,0.0
18388.0,6692.0,47.0,0.05149329453706741,0.00025,0.1459362655878067,0.0
18389.0,6693.0,47.0,0.05214230343699455,0.00025,0.17803514003753662,0.0
18390.0,6694.0,47.0,0.04685768112540245,0.00025,0.06875672936439514,0.0
18391.0,6695.0,47.0,0.057597674429416656,0.00025,0.16019222140312195,0.0
18392.0,6696.0,47.0,0.07286065816879272,0.00025,0.08526323735713959,0.0
18393.0,6697.0,47.0,0.044475868344306946,0.00025,0.13451622426509857,0.0
18394.0,6698.0,47.0,0.04855293408036232,0.00025,0.044989924877882004,0.0
18395.0,6699.0,47.0,0.07254539430141449,0.00025,0.10797145217657089,0.0
18396.0,6700.0,47.0,0.04620099812746048,0.00025,0.04502551257610321,0.0
18397.0,6701.0,47.0,0.06571915745735168,0.00025,0.10853224247694016,0.0
18398.0,6702.0,47.0,0.06211954355239868,0.00025,0.05487201362848282,0.0
18399.0,6703.0,47.0,0.049911968410015106,0.00025,0.09281185269355774,0.0
18400.0,6704.0,47.0,0.04921279847621918,0.00025,0.07645296305418015,0.0
18401.0,6705.0,47.0,0.05391857773065567,0.00025,0.09948284178972244,0.0
18402.0,6706.0,47.0,0.04774003475904465,0.00025,0.10672257840633392,0.0
18403.0,6707.0,47.0,0.07909425348043442,0.00025,0.05260305106639862,0.0
18404.0,6708.0,47.0,0.05300884693861008,0.00025,0.10239320248365402,0.0
18405.0,6709.0,47.0,0.04766310006380081,0.00025,0.08060614764690399,0.0
18406.0,6710.0,47.0,0.06835262477397919,0.00025,0.11933879554271698,0.0
18407.0,6711.0,47.0,0.053201548755168915,0.00025,0.07914773374795914,0.0
18408.0,6712.0,47.0,0.06305355578660965,0.00025,0.07611127197742462,0.0
18409.0,6713.0,47.0,0.05510324984788895,0.00025,0.11438766121864319,0.0
18410.0,6714.0,47.0,0.058242395520210266,0.00025,0.1070602685213089,0.0
18411.0,6715.0,47.0,0.06659189611673355,0.00025,0.07895172387361526,0.0
18412.0,6716.0,47.0,0.05897350609302521,0.00025,0.06855299323797226,0.0
18413.0,6717.0,47.0,0.057393476366996765,0.00025,0.07264083623886108,0.0
18414.0,6718.0,47.0,0.05405527353286743,0.00025,0.06696240603923798,0.0
18415.0,6719.0,47.0,0.0731801763176918,0.00025,0.08326812833547592,0.0
18416.0,6720.0,47.0,0.04887896776199341,0.00025,0.08660178631544113,0.0
18417.0,6721.0,47.0,0.05483126640319824,0.00025,0.032150983810424805,0.0
18418.0,6722.0,47.0,0.049446847289800644,0.00025,0.05558622628450394,0.0
18419.0,6723.0,47.0,0.04504645615816116,0.00025,0.061539530754089355,0.0
18420.0,6724.0,47.0,0.055910374969244,0.00025,0.043596647679805756,0.0
18421.0,6725.0,47.0,0.05528944730758667,0.00025,0.10296519845724106,0.0
18422.0,6726.0,47.0,0.06974166631698608,0.00025,0.053710516542196274,0.0
18423.0,6727.0,47.0,0.04468792676925659,0.00025,0.07677141577005386,0.0
18424.0,6728.0,47.0,0.056293778121471405,0.00025,0.08688898384571075,0.0
18425.0,6729.0,47.0,0.04890448600053787,0.00025,0.07964739203453064,0.0
18426.0,6730.0,47.0,0.05501148849725723,0.00025,0.11547034233808517,0.0
18427.0,6731.0,47.0,0.07051821053028107,0.00025,0.07504380494356155,0.0
18428.0,6732.0,47.0,0.06113479286432266,0.00025,0.0768866091966629,0.0
18429.0,6733.0,47.0,0.05590164661407471,0.00025,0.14046937227249146,0.0
18430.0,6734.0,47.0,0.06704158335924149,0.00025,0.09524032473564148,0.0
18431.0,6735.0,47.0,0.05113215371966362,0.00025,0.09052256494760513,0.0
18432.0,6736.0,47.0,0.048298005014657974,0.00025,0.08973092585802078,0.0
18433.0,6737.0,47.0,0.05325667932629585,0.00025,0.09520506858825684,0.0
18434.0,6738.0,47.0,0.049487270414829254,0.00025,0.1387246549129486,0.0
18435.0,6739.0,47.0,0.048160403966903687,0.00025,0.12531714141368866,0.0
18436.0,6740.0,47.0,0.049939125776290894,0.00025,0.1108543649315834,0.0
18437.0,6741.0,47.0,0.05130891501903534,0.00025,0.05990246310830116,0.0
18438.0,6742.0,47.0,0.055371902883052826,0.00025,0.05424858257174492,0.0
18439.0,6743.0,47.0,0.04058816283941269,0.00025,0.048779867589473724,0.0
18440.0,6744.0,47.0,0.0507696196436882,0.00025,0.07277755439281464,0.0
18441.0,6745.0,47.0,0.050302937626838684,0.00025,0.061764828860759735,0.0
18442.0,6746.0,47.0,0.05380017310380936,0.00025,0.06845741719007492,0.0
18443.0,6747.0,47.0,0.05462202429771423,0.00025,0.10915916413068771,0.0
18444.0,6748.0,47.0,0.049461983144283295,0.00025,0.08889014273881912,0.0
18445.0,6749.0,47.0,0.06089794263243675,0.00025,0.16859234869480133,0.0
18446.0,6750.0,47.0,0.05047909915447235,0.00025,0.04403635859489441,0.0
18447.0,6751.0,47.0,0.05373337119817734,0.00025,0.16371344029903412,0.0
18448.0,6752.0,47.0,0.06539446115493774,0.00025,0.19080933928489685,0.0
18449.0,6753.0,47.0,0.04598579555749893,0.00025,0.15701080858707428,0.0
18450.0,6754.0,47.0,0.05635566636919975,0.00025,0.15350352227687836,0.0
18451.0,6755.0,47.0,0.061307571828365326,0.00025,0.12076335400342941,0.0
18452.0,6756.0,47.0,0.05017916113138199,0.00025,0.1588975191116333,0.0
18453.0,6757.0,47.0,0.05345072224736214,0.00025,0.09374469518661499,0.0
18454.0,6758.0,47.0,0.0633625015616417,0.00025,0.14432686567306519,0.0
18455.0,6759.0,47.0,0.05183333158493042,0.00025,0.04345869645476341,0.0
18456.0,6760.0,47.0,0.05278562381863594,0.00025,0.05198715254664421,0.0
18457.0,6761.0,47.0,0.0560385137796402,0.00025,0.14450456202030182,0.0
18458.0,6762.0,47.0,0.04950231686234474,0.00025,0.06908613443374634,0.0
18459.0,6763.0,47.0,0.04647037014365196,0.00025,0.1013801097869873,0.0
18460.0,6764.0,47.0,0.06494955718517303,0.00025,0.10517188161611557,0.0
18461.0,6765.0,47.0,0.06264476478099823,0.00025,0.06555727124214172,0.0
18462.0,6766.0,47.0,0.04966495558619499,0.00025,0.08039606362581253,0.0
18463.0,6767.0,47.0,0.057048991322517395,0.00025,0.05892040580511093,0.0
18464.0,6768.0,47.0,0.06061883270740509,0.00025,0.11846036463975906,0.0
18465.0,6769.0,47.0,0.06952729821205139,0.00025,0.08397375047206879,0.0
18466.0,6770.0,47.0,0.05078265070915222,0.00025,0.13998733460903168,0.0
18467.0,6771.0,47.0,0.0594916045665741,0.00025,0.09203924238681793,0.0
18468.0,6772.0,47.0,0.06417490541934967,0.00025,0.15581385791301727,0.0
18469.0,6773.0,47.0,0.06245189160108566,0.00025,0.0956716537475586,0.0
18470.0,6774.0,47.0,0.05194942280650139,0.00025,0.1537790149450302,0.0
18471.0,6775.0,47.0,0.061826907098293304,0.00025,0.09379677474498749,0.0
18472.0,6776.0,47.0,0.060828160494565964,0.00025,0.07498405873775482,0.0
18473.0,6777.0,47.0,0.07029181718826294,0.00025,0.15546847879886627,0.0
18474.0,6778.0,47.0,0.04453521966934204,0.00025,0.07200967520475388,0.0
18475.0,6779.0,47.0,0.052092574536800385,0.00025,0.2057761549949646,0.0
18476.0,6780.0,47.0,0.06160576641559601,0.00025,0.09676138311624527,0.0
18477.0,6781.0,47.0,0.06001827493309975,0.00025,0.20714686810970306,0.0
18478.0,6782.0,47.0,0.048989031463861465,0.00025,0.13660107553005219,0.0
18479.0,6783.0,47.0,0.05943487212061882,0.00025,0.18890339136123657,0.0
18480.0,6784.0,47.0,0.06491457670927048,0.00025,0.10939444601535797,0.0
18481.0,6785.0,47.0,0.0510210245847702,0.00025,0.09604671597480774,0.0
18482.0,6786.0,47.0,0.05816000699996948,0.00025,0.1253969520330429,0.0
18483.0,6787.0,47.0,0.06148785725235939,0.00025,0.10698156803846359,0.0
18484.0,6788.0,47.0,0.059146344661712646,0.00025,0.1262340396642685,0.0
18485.0,6789.0,47.0,0.05516757443547249,0.00025,0.1793045699596405,0.0
18486.0,6790.0,47.0,0.04919258505105972,0.00025,0.1246318444609642,0.0
18487.0,6791.0,47.0,0.060617510229349136,0.00025,0.1598198264837265,0.0
18488.0,6792.0,47.0,0.06162493675947189,0.00025,0.0812363401055336,0.0
18489.0,6793.0,47.0,0.0599655881524086,0.00025,0.24002861976623535,0.0
18490.0,6794.0,47.0,0.05325936898589134,0.00025,0.08397084474563599,0.0
18491.0,6795.0,47.0,0.046479396522045135,0.00025,0.1421218067407608,0.0
18492.0,6796.0,47.0,0.05744145065546036,0.00025,0.11075317859649658,0.0
18493.0,6797.0,47.0,0.052893199026584625,0.00025,0.13317270576953888,0.0
18494.0,6798.0,47.0,0.05619606003165245,0.00025,0.1577172577381134,0.0
18495.0,6799.0,47.0,0.06535756587982178,0.00025,0.11411896347999573,0.0
18496.0,6800.0,47.0,0.06933492422103882,0.00025,0.11285120993852615,0.0
18497.0,6801.0,47.0,0.07125703990459442,0.00025,0.17602014541625977,0.0
18498.0,6802.0,47.0,0.05601575970649719,0.00025,0.19743922352790833,0.0
18499.0,6803.0,47.0,0.05994788557291031,0.00025,0.11584746837615967,0.0
18500.0,6804.0,47.0,0.055377114564180374,0.00025,0.12188055366277695,0.0
18501.0,6805.0,47.0,0.07182765007019043,0.00025,0.14017151296138763,0.0
18502.0,6806.0,47.0,0.06326460093259811,0.00025,0.09432327002286911,0.0
18503.0,6807.0,47.0,0.05720125511288643,0.00025,0.22465527057647705,0.0
18504.0,6808.0,47.0,0.05271651968359947,0.00025,0.15976744890213013,0.0
18505.0,6809.0,47.0,0.061687421053647995,0.00025,0.17112785577774048,0.0
18506.0,6810.0,47.0,0.05449841171503067,0.00025,0.10409405082464218,0.0
18507.0,6811.0,47.0,0.0734846442937851,0.00025,0.1239648312330246,0.0
18508.0,6812.0,47.0,0.05701049789786339,0.00025,0.1362525075674057,0.0
18509.0,6813.0,47.0,0.051091283559799194,0.00025,0.13779693841934204,0.0
18510.0,6814.0,47.0,0.0548136942088604,0.00025,0.11396275460720062,0.0
18511.0,6815.0,47.0,0.05427481606602669,0.00025,0.1579628884792328,0.0
18512.0,6816.0,47.0,0.060697056353092194,0.00025,0.08406379073858261,0.0
18513.0,6817.0,47.0,0.05246727168560028,0.00025,0.11911575496196747,0.0
18514.0,6818.0,47.0,0.06430898606777191,0.00025,0.19077420234680176,0.0
18515.0,6819.0,47.0,0.05794893205165863,0.00025,0.07137990742921829,0.0
18516.0,6820.0,47.0,0.05101139843463898,0.00025,0.15381769835948944,0.0
18517.0,6821.0,47.0,0.04452650994062424,0.00025,0.15565408766269684,0.0
18518.0,6822.0,47.0,0.06337906420230865,0.00025,0.12032546103000641,0.0
18519.0,6823.0,47.0,0.07292784005403519,0.00025,0.06644126027822495,0.0
18520.0,6824.0,47.0,0.061350367963314056,0.00025,0.13316243886947632,0.0
18521.0,6825.0,47.0,0.06527320295572281,0.00025,0.05631326511502266,0.0
18522.0,6826.0,47.0,0.05402601137757301,0.00025,0.12058208137750626,0.0
18523.0,6827.0,47.0,0.054714385420084,0.00025,0.1077926903963089,0.0
18524.0,6828.0,47.0,0.05561811476945877,0.00025,0.12758268415927887,0.0
18525.0,6829.0,47.0,0.04842986539006233,0.00025,0.0759904682636261,0.0
18526.0,6830.0,47.0,0.06531371176242828,0.00025,0.1473519653081894,0.0
18527.0,6831.0,47.0,0.044385477900505066,0.00025,0.116844043135643,0.0
18528.0,6832.0,47.0,0.05011976882815361,0.00025,0.05976761505007744,0.0
18529.0,6833.0,47.0,0.05383438616991043,0.00025,0.15360644459724426,0.0
18530.0,6834.0,47.0,0.05211947113275528,0.00025,0.09696952998638153,0.0
18531.0,6835.0,47.0,0.04994253069162369,0.00025,0.14369869232177734,0.0
18532.0,6836.0,47.0,0.06678344309329987,0.00025,0.11085394769906998,0.0
18533.0,6837.0,47.0,0.05105719342827797,0.00025,0.11967158317565918,0.0
18534.0,6838.0,47.0,0.07295608520507812,0.00025,0.1581680178642273,0.0
18535.0,6839.0,47.0,0.06395283341407776,0.00025,0.10255804657936096,0.0
18536.0,6840.0,47.0,0.05504046007990837,0.00025,0.12908658385276794,0.0
18537.0,6841.0,47.0,0.05686056241393089,0.00025,0.12886129319667816,0.0
18538.0,6842.0,47.0,0.05791747197508812,0.00025,0.10437123477458954,0.0
18539.0,6843.0,47.0,0.06196092441678047,0.00025,0.13535363972187042,0.0
18540.0,6844.0,47.0,0.04997307062149048,0.00025,0.06948759406805038,0.0
18541.0,6845.0,47.0,0.055435530841350555,0.00025,0.10383231937885284,0.0
18542.0,6846.0,47.0,0.06113945692777634,0.00025,0.12060146033763885,0.0
18543.0,6847.0,47.0,0.055545173585414886,0.00025,0.08168915659189224,0.0
18544.0,6848.0,47.0,0.057354774326086044,0.00025,0.11446695029735565,0.0
18545.0,6849.0,47.0,0.05088401585817337,0.00025,0.06873258203268051,0.0
18546.0,6850.0,47.0,0.06964854896068573,0.00025,0.04814586043357849,0.0
18547.0,6851.0,47.0,0.0470903143286705,0.00025,0.15794241428375244,0.0
18548.0,6852.0,47.0,0.07739922404289246,0.00025,0.10316978394985199,0.0
18549.0,6853.0,47.0,0.05512651428580284,0.00025,0.16399288177490234,0.0
18550.0,6854.0,47.0,0.05285866558551788,0.00025,0.08727800846099854,0.0
18551.0,6855.0,47.0,0.037857960909605026,0.00025,0.13684868812561035,0.0
18552.0,6856.0,47.0,0.05580444633960724,0.00025,0.1460748165845871,0.0
18553.0,6857.0,47.0,0.07289142906665802,0.00025,0.09553221613168716,0.0
18554.0,6858.0,47.0,0.05404171347618103,0.00025,0.17030002176761627,0.0
18555.0,6859.0,47.0,0.0620405338704586,0.00025,0.1264951080083847,0.0
18556.0,6860.0,47.0,0.07110462337732315,0.00025,0.11151854693889618,0.0
18557.0,6861.0,47.0,0.06516601145267487,0.00025,0.09288258105516434,0.0
18558.0,6862.0,47.0,0.06102801859378815,0.00025,0.1251506209373474,0.0
18559.0,6863.0,47.0,0.0750153511762619,0.00025,0.06224597245454788,0.0
18560.0,6864.0,47.0,0.057167742401361465,0.00025,0.19699573516845703,0.0
18561.0,6865.0,47.0,0.046701159328222275,0.00025,0.05536852404475212,0.0
18562.0,6866.0,47.0,0.06431910395622253,0.00025,0.17392337322235107,0.0
18563.0,6867.0,47.0,0.05238121747970581,0.00025,0.12439192831516266,0.0
18564.0,6868.0,47.0,0.05501554161310196,0.00025,0.19697163999080658,0.0
18565.0,6869.0,47.0,0.05867891013622284,0.00025,0.10726664215326309,0.0
18566.0,6870.0,47.0,0.046068161725997925,0.00025,0.11662445962429047,0.0
18567.0,6871.0,47.0,0.053674280643463135,0.00025,0.15101522207260132,0.0
18568.0,6872.0,47.0,0.061186715960502625,0.00025,0.12287505716085434,0.0
18569.0,6873.0,47.0,0.0638551265001297,0.00025,0.20573635399341583,0.0
18570.0,6874.0,47.0,0.06556622684001923,0.00025,0.12453784048557281,0.0
18571.0,6875.0,47.0,0.06095626577734947,0.00025,0.11613445729017258,0.0
18572.0,6876.0,47.0,0.06363596022129059,0.00025,0.1436644196510315,0.0
18573.0,6877.0,47.0,0.06434959918260574,0.00025,0.1064041331410408,0.0
18574.0,6878.0,47.0,0.055079102516174316,0.00025,0.15156716108322144,0.0
18575.0,6879.0,47.0,0.053910031914711,0.00025,0.14437812566757202,0.0
18576.0,6880.0,47.0,0.05677236616611481,0.00025,0.1409491002559662,0.0
18577.0,6881.0,47.0,0.06173360347747803,0.00025,0.21058626472949982,0.0
18578.0,6882.0,47.0,0.05702507495880127,0.00025,0.16818130016326904,0.0
18579.0,6883.0,47.0,0.06558407843112946,0.00025,0.2594853341579437,0.0
18580.0,6884.0,47.0,0.06406912952661514,0.00025,0.1256798505783081,0.0
18581.0,6885.0,47.0,0.050934799015522,0.00025,0.31465965509414673,0.0
18582.0,6886.0,47.0,0.06334500014781952,0.00025,0.06124895066022873,0.0
18583.0,6887.0,47.0,0.0661211833357811,0.00025,0.2763117551803589,0.0
18584.0,6888.0,47.0,0.05153409019112587,0.00025,0.09086435288190842,0.0
18585.0,6889.0,47.0,0.05113206058740616,0.00025,0.19983409345149994,0.0
18586.0,6890.0,47.0,0.04539798945188522,0.00025,0.12326723337173462,0.0
18587.0,6891.0,47.0,0.05350569263100624,0.00025,0.061259690672159195,0.0
18588.0,6892.0,47.0,0.053115375339984894,0.00025,0.20706908404827118,0.0
18589.0,6893.0,47.0,0.054930806159973145,0.00025,0.10079048573970795,0.0
18590.0,6894.0,47.0,0.07022245228290558,0.00025,0.16668462753295898,0.0
18591.0,6895.0,47.0,0.06152820214629173,0.00025,0.15203750133514404,0.0
18592.0,6896.0,47.0,0.04765085130929947,0.00025,0.04980382323265076,0.0
18593.0,6897.0,47.0,0.053151119500398636,0.00025,0.1877792477607727,0.0
18594.0,6898.0,47.0,0.06292009353637695,0.00025,0.062010399997234344,0.0
18595.0,6899.0,47.0,0.06310945004224777,0.00025,0.11922759562730789,0.0
18596.0,6900.0,47.0,0.06805770099163055,0.00025,0.1406261920928955,0.0
18597.0,6901.0,47.0,0.05047881230711937,0.00025,0.08080220967531204,0.0
18598.0,6902.0,47.0,0.06197883188724518,0.00025,0.14364847540855408,0.0
18599.0,6903.0,47.0,0.048095494508743286,0.00025,0.06467285007238388,0.0
18600.0,6904.0,47.0,0.04734395444393158,0.00025,0.05869847163558006,0.0
18601.0,6905.0,47.0,0.04350249841809273,0.00025,0.0626593679189682,0.0
18602.0,6906.0,47.0,0.06184462085366249,0.00025,0.08224377781152725,0.0
18603.0,6907.0,47.0,0.06418295204639435,0.00025,0.11876103281974792,0.0
18604.0,6908.0,47.0,0.048502638936042786,0.00025,0.09319180250167847,0.0
18605.0,6909.0,47.0,0.05893086642026901,0.00025,0.11742880940437317,0.0
18606.0,6910.0,47.0,0.05572374910116196,0.00025,0.11585250496864319,0.0
18607.0,6911.0,47.0,0.06147985905408859,0.00025,0.10954640805721283,0.0
18608.0,6912.0,47.0,0.06313607096672058,0.00025,0.1361682265996933,0.0
18609.0,6913.0,47.0,0.05258793383836746,0.00025,0.1044762060046196,0.0
18610.0,6914.0,47.0,0.05466952174901962,0.00025,0.10122797638177872,0.0
18611.0,6915.0,47.0,0.05928051099181175,0.00025,0.1641298234462738,0.0
18612.0,6916.0,47.0,0.0586225800216198,0.00025,0.10254187881946564,0.0
18613.0,6917.0,47.0,0.04638807475566864,0.00025,0.21052584052085876,0.0
18614.0,6918.0,47.0,0.05852304771542549,0.00025,0.14032235741615295,0.0
18615.0,6919.0,47.0,0.059855662286281586,0.00025,0.1932242065668106,0.0
18616.0,6920.0,47.0,0.07007823884487152,0.00025,0.13062730431556702,0.0
18617.0,6921.0,47.0,0.07172887772321701,0.00025,0.10739168524742126,0.0
18618.0,6922.0,47.0,0.0530528724193573,0.00025,0.1879580020904541,0.0
18619.0,6923.0,47.0,0.05250071361660957,0.00025,0.0967172309756279,0.0
18620.0,6924.0,47.0,0.060020942240953445,0.00025,0.16390103101730347,0.0
18621.0,6925.0,47.0,0.04839276522397995,0.00025,0.0971534475684166,0.0
18622.0,6926.0,47.0,0.0483192577958107,0.00025,0.1768966019153595,0.0
18623.0,6927.0,47.0,0.0460660345852375,0.00025,0.07308803498744965,0.0
18624.0,6928.0,47.0,0.057774610817432404,0.00025,0.1382303088903427,0.0
18625.0,6929.0,47.0,0.0643024891614914,0.00025,0.04701690003275871,0.0
18626.0,6930.0,47.0,0.05722936987876892,0.00025,0.08503223955631256,0.0
18627.0,6931.0,47.0,0.0645676776766777,0.00025,0.14957520365715027,0.0
18628.0,6932.0,47.0,0.0438009612262249,0.00025,0.11490782350301743,0.0
18629.0,6933.0,47.0,0.05655692517757416,0.00025,0.13036836683750153,0.0
18630.0,6934.0,47.0,0.0644635260105133,0.00025,0.08662618696689606,0.0
18631.0,6935.0,47.0,0.05358390137553215,0.00025,0.13959522545337677,0.0
18632.0,6936.0,47.0,0.06878320872783661,0.00025,0.0774340033531189,0.0
18633.0,6937.0,47.0,0.06128978729248047,0.00025,0.14973129332065582,0.0
18634.0,6938.0,47.0,0.06551516056060791,0.00025,0.11080420762300491,0.0
18635.0,6939.0,47.0,0.05752280727028847,0.00025,0.14872024953365326,0.0
18636.0,6940.0,47.0,0.06886543333530426,0.00025,0.12751996517181396,0.0
18637.0,6941.0,47.0,0.05298371613025665,0.00025,0.11220702528953552,0.0
18638.0,6942.0,47.0,0.0592162050306797,0.00025,0.1338193267583847,0.0
18639.0,6943.0,47.0,0.05071011930704117,0.00025,0.07740084826946259,0.0
18640.0,6944.0,47.0,0.06668630242347717,0.00025,0.1303512006998062,0.0
18641.0,6945.0,47.0,0.06643509119749069,0.00025,0.07221905142068863,0.0
18642.0,6946.0,47.0,0.06057310476899147,0.00025,0.0928913801908493,0.0
18643.0,6947.0,47.0,0.05328715220093727,0.00025,0.04859090596437454,0.0
18644.0,6948.0,47.0,0.045490898191928864,0.00025,0.10232316702604294,0.0
18645.0,6949.0,47.0,0.05379283055663109,0.00025,0.05852768197655678,0.0
18646.0,6950.0,47.0,0.06160701811313629,0.00025,0.07477978616952896,0.0
18647.0,6951.0,47.0,0.05114993453025818,0.00025,0.04050334915518761,0.0
18648.0,6952.0,47.0,0.06566521525382996,0.00025,0.08685695379972458,0.0
18649.0,6953.0,47.0,0.05526416003704071,0.00025,0.07474871724843979,0.0
18650.0,6954.0,47.0,0.05181155726313591,0.00025,0.04542553424835205,0.0
18651.0,6955.0,47.0,0.06641042977571487,0.00025,0.05439520999789238,0.0
18652.0,6956.0,47.0,0.044349391013383865,0.00025,0.0428134985268116,0.0
18653.0,6957.0,47.0,0.04169940948486328,0.00025,0.07185898721218109,0.0
18654.0,6958.0,47.0,0.05521269887685776,0.00025,0.06852097809314728,0.0
18655.0,6959.0,47.0,0.05757173150777817,0.00025,0.13775905966758728,0.0
18656.0,6960.0,47.0,0.06392642110586166,0.00025,0.08237266540527344,0.0
18657.0,6961.0,47.0,0.0558064728975296,0.00025,0.04005071148276329,0.0
18658.0,6962.0,47.0,0.04874298721551895,0.00025,0.12365453690290451,0.0
18659.0,6963.0,47.0,0.052575308829545975,0.00025,0.050822656601667404,0.0
18660.0,6964.0,47.0,0.05589303374290466,0.00025,0.11432749032974243,0.0
18661.0,6965.0,47.0,0.05861568823456764,0.00025,0.03399248421192169,0.0
18662.0,6966.0,47.0,0.06140735000371933,0.00025,0.07241471856832504,0.0
18663.0,6967.0,47.0,0.062322959303855896,0.00025,0.058889202773571014,0.0
18664.0,6968.0,47.0,0.04944923147559166,0.00025,0.06105751171708107,0.0
18665.0,6969.0,47.0,0.046982746571302414,0.00025,0.07801386713981628,0.0
18666.0,6970.0,47.0,0.05590951070189476,0.00025,0.1350986659526825,0.0
18667.0,6971.0,47.0,0.06194368004798889,0.00025,0.15406501293182373,0.0
18668.0,6972.0,47.0,0.0617792010307312,0.00025,0.12912143766880035,0.0
18669.0,6973.0,47.0,0.044276926666498184,0.00025,0.1102544441819191,0.0
18670.0,6974.0,47.0,0.052414670586586,0.00025,0.20975911617279053,0.0
18671.0,6975.0,47.0,0.053016506135463715,0.00025,0.03025638870894909,0.0
18672.0,6976.0,47.0,0.05635546147823334,0.00025,0.1526937186717987,0.0
18673.0,6977.0,47.0,0.05594898387789726,0.00025,0.0738191306591034,0.0
18674.0,6978.0,47.0,0.05128001049160957,0.00025,0.049822352826595306,0.0
18675.0,6979.0,47.0,0.054379526525735855,0.00025,0.1659710705280304,0.0
18676.0,6980.0,47.0,0.0653843954205513,0.00025,0.05648259446024895,0.0
18677.0,6981.0,47.0,0.05943648889660835,0.00025,0.15110059082508087,0.0
18678.0,6982.0,47.0,0.05375126749277115,0.00025,0.1426142156124115,0.0
18679.0,6983.0,47.0,0.046343788504600525,0.00025,0.15760871767997742,0.0
18680.0,6984.0,47.0,0.05695522949099541,0.00025,0.15951862931251526,0.0
18681.0,6985.0,47.0,0.053882092237472534,0.00025,0.07980113476514816,0.0
18682.0,6986.0,47.0,0.07257551699876785,0.00025,0.1982426792383194,0.0
18683.0,6987.0,47.0,0.049743711948394775,0.00025,0.06231566146016121,0.0
18684.0,6988.0,47.0,0.06141363084316254,0.00025,0.08526606112718582,0.0
18685.0,6989.0,47.0,0.05843987315893173,0.00025,0.11925391107797623,0.0
18686.0,6990.0,47.0,0.06500855088233948,0.00025,0.04278729856014252,0.0
18687.0,6991.0,47.0,0.04391969367861748,0.00025,0.12910954654216766,0.0
18688.0,6992.0,47.0,0.06523896753787994,0.00025,0.10937866568565369,0.0
18689.0,6993.0,47.0,0.05715099722146988,0.00025,0.13099882006645203,0.0
18690.0,6994.0,47.0,0.05768343433737755,0.00025,0.12009111046791077,0.0
18691.0,6995.0,47.0,0.05615204945206642,0.00025,0.0419459231197834,0.0
18692.0,6996.0,47.0,0.051363252103328705,0.00025,0.1014484092593193,0.0
18693.0,6997.0,47.0,0.05405345559120178,0.00025,0.05545388534665108,0.0
18694.0,6998.0,47.0,0.052781842648983,0.00025,0.05389001965522766,0.0
18695.0,6999.0,47.0,0.06534043699502945,0.00025,0.09272436797618866,0.0
18696.0,7000.0,47.0,0.05614648759365082,0.00025,0.07595687359571457,0.0
18697.0,7001.0,47.0,0.05799783393740654,0.00025,0.1495913416147232,0.0
18698.0,7002.0,47.0,0.04572715610265732,0.00025,0.051340728998184204,0.0
18699.0,7003.0,47.0,0.05494111776351929,0.00025,0.11416742205619812,0.0
18700.0,7004.0,47.0,0.04771809279918671,0.00025,0.09621790051460266,0.0
18701.0,7005.0,47.0,0.05995072051882744,0.00025,0.06689167022705078,0.0
18702.0,7006.0,47.0,0.04735749587416649,0.00025,0.16780807077884674,0.0
18703.0,7007.0,47.0,0.05419352650642395,0.00025,0.09111814200878143,0.0
18704.0,7008.0,47.0,0.05936459079384804,0.00025,0.18421795964241028,0.0
18705.0,7009.0,47.0,0.05030471831560135,0.00025,0.18871507048606873,0.0
18706.0,7010.0,47.0,0.05435562506318092,0.00025,0.15374219417572021,0.0
18707.0,7011.0,47.0,0.05784201622009277,0.00025,0.11228816956281662,0.0
18708.0,7012.0,47.0,0.0524730421602726,0.00025,0.09308973699808121,0.0
18709.0,7013.0,47.0,0.05302343890070915,0.00025,0.10866729170084,0.0
18710.0,7014.0,47.0,0.05866893753409386,0.00025,0.07232058048248291,0.0
18711.0,7015.0,47.0,0.04851537197828293,0.00025,0.07691727578639984,0.0
18712.0,7016.0,47.0,0.05606325715780258,0.00025,0.1544380486011505,0.0
18713.0,7017.0,47.0,0.053531572222709656,0.00025,0.07130975276231766,0.0
18714.0,7018.0,47.0,0.05578358843922615,0.00025,0.12153805047273636,0.0
18715.0,7019.0,47.0,0.05537088215351105,0.00025,0.13046300411224365,0.0
18716.0,7020.0,47.0,0.0691848024725914,0.00025,0.08541540801525116,0.0
18717.0,7021.0,48.0,0.04942680150270462,0.00025,0.13974833488464355,0.0
18718.0,7022.0,48.0,0.046332016587257385,0.00025,0.060976315289735794,0.0
18719.0,7023.0,48.0,0.06061246246099472,0.00025,0.10084976255893707,0.0
18720.0,7024.0,48.0,0.048762984573841095,0.00025,0.0546719916164875,0.0
18721.0,7025.0,48.0,0.05315305292606354,0.00025,0.10706746578216553,0.0
18722.0,7026.0,48.0,0.05279873311519623,0.00025,0.026364978402853012,0.0
18723.0,7027.0,48.0,0.04980139061808586,0.00025,0.0817389190196991,0.0
18724.0,7028.0,48.0,0.05242444947361946,0.00025,0.04202777519822121,0.0
18725.0,7029.0,48.0,0.05299142003059387,0.00025,0.0708148404955864,0.0
18726.0,7030.0,48.0,0.04548988491296768,0.00025,0.047119684517383575,0.0
18727.0,7031.0,48.0,0.051531337201595306,0.00025,0.07108622789382935,0.0
18728.0,7032.0,48.0,0.06478875875473022,0.00025,0.06026029586791992,0.0
18729.0,7033.0,48.0,0.06923194229602814,0.00025,0.049169786274433136,0.0
18730.0,7034.0,48.0,0.05788235366344452,0.00025,0.06823255121707916,0.0
18731.0,7035.0,48.0,0.05029153451323509,0.00025,0.10243789106607437,0.0
18732.0,7036.0,48.0,0.06870383024215698,0.00025,0.0882708951830864,0.0
18733.0,7037.0,48.0,0.05189201980829239,0.00025,0.08121912181377411,0.0
18734.0,7038.0,48.0,0.05325053259730339,0.00025,0.1138826459646225,0.0
18735.0,7039.0,48.0,0.06535354256629944,0.00025,0.06078306958079338,0.0
18736.0,7040.0,48.0,0.06285443902015686,0.00025,0.08343692868947983,0.0
18737.0,7041.0,48.0,0.06602855771780014,0.00025,0.07817812263965607,0.0
18738.0,7042.0,48.0,0.05385562404990196,0.00025,0.058836717158555984,0.0
18739.0,7043.0,48.0,0.05499812588095665,0.00025,0.08847460150718689,0.0
18740.0,7044.0,48.0,0.056452564895153046,0.00025,0.056508876383304596,0.0
18741.0,7045.0,48.0,0.04632721468806267,0.00025,0.10779258608818054,0.0
18742.0,7046.0,48.0,0.073880136013031,0.00025,0.06087670475244522,0.0
18743.0,7047.0,48.0,0.0656205266714096,0.00025,0.09140097349882126,0.0
18744.0,7048.0,48.0,0.08156418800354004,0.00025,0.06526907533407211,0.0
18745.0,7049.0,48.0,0.04897481948137283,0.00025,0.09413411468267441,0.0
18746.0,7050.0,48.0,0.06383935362100601,0.00025,0.06149349361658096,0.0
18747.0,7051.0,48.0,0.04315727576613426,0.00025,0.11417146772146225,0.0
18748.0,7052.0,48.0,0.05571240931749344,0.00025,0.0387340672314167,0.0
18749.0,7053.0,48.0,0.067110076546669,0.00025,0.08263429254293442,0.0
18750.0,7054.0,48.0,0.048332229256629944,0.00025,0.05671459063887596,0.0
18751.0,7055.0,48.0,0.07220037281513214,0.00025,0.06555023789405823,0.0
18752.0,7056.0,48.0,0.05837877839803696,0.00025,0.10918428003787994,0.0
18753.0,7057.0,48.0,0.05459848418831825,0.00025,0.063535176217556,0.0
18754.0,7058.0,48.0,0.05963248014450073,0.00025,0.14508436620235443,0.0
18755.0,7059.0,48.0,0.05519918352365494,0.00025,0.045632608234882355,0.0
18756.0,7060.0,48.0,0.06453794240951538,0.00025,0.14902766048908234,0.0
18757.0,7061.0,48.0,0.06017758697271347,0.00025,0.042775958776474,0.0
18758.0,7062.0,48.0,0.05548683553934097,0.00025,0.2017265260219574,0.0
18759.0,7063.0,48.0,0.04993706941604614,0.00025,0.06680595129728317,0.0
18760.0,7064.0,48.0,0.056886374950408936,0.00025,0.21023309230804443,0.0
18761.0,7065.0,48.0,0.05032399296760559,0.00025,0.09674038738012314,0.0
18762.0,7066.0,48.0,0.054234955459833145,0.00025,0.13737253844738007,0.0
18763.0,7067.0,48.0,0.05279024690389633,0.00025,0.10085316002368927,0.0
18764.0,7068.0,48.0,0.05640815570950508,0.00025,0.09608720988035202,0.0
18765.0,7069.0,48.0,0.052528515458106995,0.00025,0.1266578733921051,0.0
18766.0,7070.0,48.0,0.04148613661527634,0.00025,0.10636704415082932,0.0
18767.0,7071.0,48.0,0.04955324903130531,0.00025,0.07519222050905228,0.0
18768.0,7072.0,48.0,0.07158797234296799,0.00025,0.10131414979696274,0.0
18769.0,7073.0,48.0,0.06162557750940323,0.00025,0.08107082545757294,0.0
18770.0,7074.0,48.0,0.06509281694889069,0.00025,0.1290479451417923,0.0
18771.0,7075.0,48.0,0.05801589787006378,0.00025,0.12775924801826477,0.0
18772.0,7076.0,48.0,0.04709392413496971,0.00025,0.11239752918481827,0.0
18773.0,7077.0,48.0,0.06019686907529831,0.00025,0.19102947413921356,0.0
18774.0,7078.0,48.0,0.058711498975753784,0.00025,0.09498755633831024,0.0
18775.0,7079.0,48.0,0.05686548352241516,0.00025,0.23017527163028717,0.0
18776.0,7080.0,48.0,0.05474338307976723,0.00025,0.035618338733911514,0.0
18777.0,7081.0,48.0,0.06057851016521454,0.00025,0.22397978603839874,0.0
18778.0,7082.0,48.0,0.04703173041343689,0.00025,0.09592929482460022,0.0
18779.0,7083.0,48.0,0.05567760020494461,0.00025,0.20921798050403595,0.0
18780.0,7084.0,48.0,0.04679961875081062,0.00025,0.13141022622585297,0.0
18781.0,7085.0,48.0,0.04030568152666092,0.00025,0.18866272270679474,0.0
18782.0,7086.0,48.0,0.048955440521240234,0.00025,0.12675508856773376,0.0
18783.0,7087.0,48.0,0.052897095680236816,0.00025,0.11181812733411789,0.0
18784.0,7088.0,48.0,0.05332658439874649,0.00025,0.19698095321655273,0.0
18785.0,7089.0,48.0,0.056114982813596725,0.00025,0.1728796809911728,0.0
18786.0,7090.0,48.0,0.05169183388352394,0.00025,0.0896206945180893,0.0
18787.0,7091.0,48.0,0.052237555384635925,0.00025,0.19867123663425446,0.0
18788.0,7092.0,48.0,0.05571441352367401,0.00025,0.16047170758247375,0.0
18789.0,7093.0,48.0,0.05182928219437599,0.00025,0.23915119469165802,0.0
18790.0,7094.0,48.0,0.06941323727369308,0.00025,0.15287642180919647,0.0
18791.0,7095.0,48.0,0.04953275993466377,0.00025,0.10673809796571732,0.0
18792.0,7096.0,48.0,0.049101755023002625,0.00025,0.2178516983985901,0.0
18793.0,7097.0,48.0,0.06251984089612961,0.00025,0.0670633390545845,0.0
18794.0,7098.0,48.0,0.05940058082342148,0.00025,0.20122049748897552,0.0
18795.0,7099.0,48.0,0.05182959511876106,0.00025,0.18739552795886993,0.0
18796.0,7100.0,48.0,0.057385388761758804,0.00025,0.16708897054195404,0.0
18797.0,7101.0,48.0,0.06220032274723053,0.00025,0.1975010186433792,0.0
18798.0,7102.0,48.0,0.06573902070522308,0.00025,0.22195599973201752,0.0
18799.0,7103.0,48.0,0.05085769295692444,0.00025,0.16931377351284027,0.0
18800.0,7104.0,48.0,0.04815750941634178,0.00025,0.27761971950531006,0.0
18801.0,7105.0,48.0,0.05797787755727768,0.00025,0.18790705502033234,0.0
18802.0,7106.0,48.0,0.04619626700878143,0.00025,0.2161758691072464,0.0
18803.0,7107.0,48.0,0.05683998018503189,0.00025,0.14437921345233917,0.0
18804.0,7108.0,48.0,0.05274582654237747,0.00025,0.12440299987792969,0.0
18805.0,7109.0,48.0,0.05321856588125229,0.00025,0.1727866232395172,0.0
18806.0,7110.0,48.0,0.04552651569247246,0.00025,0.08120814710855484,0.0
18807.0,7111.0,48.0,0.06411860883235931,0.00025,0.16120854020118713,0.0
18808.0,7112.0,48.0,0.048284854739904404,0.00025,0.16803628206253052,0.0
18809.0,7113.0,48.0,0.04997456073760986,0.00025,0.1558247208595276,0.0
18810.0,7114.0,48.0,0.04311035946011543,0.00025,0.17297984659671783,0.0
18811.0,7115.0,48.0,0.05665280669927597,0.00025,0.13248586654663086,0.0
18812.0,7116.0,48.0,0.04673197865486145,0.00025,0.15562529861927032,0.0
18813.0,7117.0,48.0,0.045353133231401443,0.00025,0.06677257269620895,0.0
18814.0,7118.0,48.0,0.0576196014881134,0.00025,0.14223621785640717,0.0
18815.0,7119.0,48.0,0.05434846878051758,0.00025,0.10283312946557999,0.0
18816.0,7120.0,48.0,0.046120982617139816,0.00025,0.0682319775223732,0.0
18817.0,7121.0,48.0,0.05164838582277298,0.00025,0.15090017020702362,0.0
18818.0,7122.0,48.0,0.05298817157745361,0.00025,0.1262066513299942,0.0
18819.0,7123.0,48.0,0.04241470992565155,0.00025,0.11886502802371979,0.0
18820.0,7124.0,48.0,0.06462967395782471,0.00025,0.1451530009508133,0.0
18821.0,7125.0,48.0,0.06105482578277588,0.00025,0.11030863225460052,0.0
18822.0,7126.0,48.0,0.05470012500882149,0.00025,0.08779162913560867,0.0
18823.0,7127.0,48.0,0.048122987151145935,0.00025,0.08950994163751602,0.0
18824.0,7128.0,48.0,0.056205570697784424,0.00025,0.05507123842835426,0.0
18825.0,7129.0,48.0,0.055994853377342224,0.00025,0.05892933905124664,0.0
18826.0,7130.0,48.0,0.06633482128381729,0.00025,0.08719152957201004,0.0
18827.0,7131.0,48.0,0.052810270339250565,0.00025,0.09212872385978699,0.0
18828.0,7132.0,48.0,0.05110354721546173,0.00025,0.06975341588258743,0.0
18829.0,7133.0,48.0,0.05107129365205765,0.00025,0.06785876303911209,0.0
18830.0,7134.0,48.0,0.07420772314071655,0.00025,0.12410944700241089,0.0
18831.0,7135.0,48.0,0.04574461281299591,0.00025,0.07496702671051025,0.0
18832.0,7136.0,48.0,0.056539036333560944,0.00025,0.15095415711402893,0.0
18833.0,7137.0,48.0,0.05407595634460449,0.00025,0.07946499437093735,0.0
18834.0,7138.0,48.0,0.06229700148105621,0.00025,0.11599092185497284,0.0
18835.0,7139.0,48.0,0.05923837795853615,0.00025,0.13983258605003357,0.0
18836.0,7140.0,48.0,0.0745854377746582,0.00025,0.14190126955509186,0.0
18837.0,7141.0,48.0,0.06090797111392021,0.00025,0.17453332245349884,0.0
18838.0,7142.0,48.0,0.05637867748737335,0.00025,0.1625460982322693,0.0
18839.0,7143.0,48.0,0.056828588247299194,0.00025,0.18580077588558197,0.0
18840.0,7144.0,48.0,0.06329333037137985,0.00025,0.08242320269346237,0.0
18841.0,7145.0,48.0,0.04658108204603195,0.00025,0.11772917211055756,0.0
18842.0,7146.0,48.0,0.05760151892900467,0.00025,0.10180291533470154,0.0
18843.0,7147.0,48.0,0.05377994477748871,0.00025,0.11742009222507477,0.0
18844.0,7148.0,48.0,0.05924340710043907,0.00025,0.07659958302974701,0.0
18845.0,7149.0,48.0,0.054441146552562714,0.00025,0.08594059199094772,0.0
18846.0,7150.0,48.0,0.054302021861076355,0.00025,0.12151090800762177,0.0
18847.0,7151.0,48.0,0.04419044777750969,0.00025,0.08491846919059753,0.0
18848.0,7152.0,48.0,0.06425201892852783,0.00025,0.1372460275888443,0.0
18849.0,7153.0,48.0,0.048593346029520035,0.00025,0.07478459179401398,0.0
18850.0,7154.0,48.0,0.05598247051239014,0.00025,0.11150117963552475,0.0
18851.0,7155.0,48.0,0.06368112564086914,0.00025,0.09704247117042542,0.0
18852.0,7156.0,48.0,0.0567157119512558,0.00025,0.17344045639038086,0.0
18853.0,7157.0,48.0,0.052341170608997345,0.00025,0.13048017024993896,0.0
18854.0,7158.0,48.0,0.06975802779197693,0.00025,0.19377391040325165,0.0
18855.0,7159.0,48.0,0.04246571660041809,0.00025,0.11679018288850784,0.0
18856.0,7160.0,48.0,0.052352771162986755,0.00025,0.16984610259532928,0.0
18857.0,7161.0,48.0,0.05867015942931175,0.00025,0.12251439690589905,0.0
18858.0,7162.0,48.0,0.054112691432237625,0.00025,0.11166805028915405,0.0
18859.0,7163.0,48.0,0.0548822358250618,0.00025,0.17634069919586182,0.0
18860.0,7164.0,48.0,0.057950008660554886,0.00025,0.12039224803447723,0.0
18861.0,7165.0,48.0,0.051232531666755676,0.00025,0.146750345826149,0.0
18862.0,7166.0,48.0,0.06401000916957855,0.00025,0.10740665346384048,0.0
18863.0,7167.0,48.0,0.06208766624331474,0.00025,0.14064721763134003,0.0
18864.0,7168.0,48.0,0.05201384425163269,0.00025,0.11203282326459885,0.0
18865.0,7169.0,48.0,0.058634109795093536,0.00025,0.13606683909893036,0.0
18866.0,7170.0,48.0,0.061957947909832,0.00025,0.08696243911981583,0.0
18867.0,7171.0,48.0,0.0592704638838768,0.00025,0.07898301631212234,0.0
18868.0,7172.0,48.0,0.049053169786930084,0.00025,0.15018470585346222,0.0
18869.0,7173.0,48.0,0.051032654941082,0.00025,0.06766638904809952,0.0
18870.0,7174.0,48.0,0.07154203206300735,0.00025,0.11046439409255981,0.0
18871.0,7175.0,48.0,0.04772958159446716,0.00025,0.05808448791503906,0.0
18872.0,7176.0,48.0,0.06193454563617706,0.00025,0.1282813400030136,0.0
18873.0,7177.0,48.0,0.06329650431871414,0.00025,0.07857762277126312,0.0
18874.0,7178.0,48.0,0.06380204856395721,0.00025,0.10410382598638535,0.0
18875.0,7179.0,48.0,0.05562969297170639,0.00025,0.0359497033059597,0.0
18876.0,7180.0,48.0,0.054460205137729645,0.00025,0.059298720210790634,0.0
18877.0,7181.0,48.0,0.05504847317934036,0.00025,0.10251087695360184,0.0
18878.0,7182.0,48.0,0.05367905646562576,0.00025,0.060831647366285324,0.0
18879.0,7183.0,48.0,0.05644641071557999,0.00025,0.10123990476131439,0.0
18880.0,7184.0,48.0,0.06129734218120575,0.00025,0.048414528369903564,0.0
18881.0,7185.0,48.0,0.06044868752360344,0.00025,0.1013987734913826,0.0
18882.0,7186.0,48.0,0.05528997257351875,0.00025,0.0455678291618824,0.0
18883.0,7187.0,48.0,0.06715144962072372,0.00025,0.08508337289094925,0.0
18884.0,7188.0,48.0,0.0654304176568985,0.00025,0.08389785885810852,0.0
18885.0,7189.0,48.0,0.07154754549264908,0.00025,0.17356187105178833,0.0
18886.0,7190.0,48.0,0.06863099336624146,0.00025,0.08270657807588577,0.0
18887.0,7191.0,48.0,0.05559760704636574,0.00025,0.13435183465480804,0.0
18888.0,7192.0,48.0,0.05583420768380165,0.00025,0.08235759288072586,0.0
18889.0,7193.0,48.0,0.05413857847452164,0.00025,0.11785081773996353,0.0
18890.0,7194.0,48.0,0.057048119604587555,0.00025,0.06968268007040024,0.0
18891.0,7195.0,48.0,0.06100345775485039,0.00025,0.10874150693416595,0.0
18892.0,7196.0,48.0,0.048960085958242416,0.00025,0.039565619081258774,0.0
18893.0,7197.0,48.0,0.051095910370349884,0.00025,0.12264646589756012,0.0
18894.0,7198.0,48.0,0.04330930486321449,0.00025,0.04104996100068092,0.0
18895.0,7199.0,48.0,0.04489564150571823,0.00025,0.08257628977298737,0.0
18896.0,7200.0,48.0,0.052022192627191544,0.00025,0.05781487375497818,0.0
18897.0,7201.0,48.0,0.06067726016044617,0.00025,0.04154978320002556,0.0
18898.0,7202.0,48.0,0.06193958595395088,0.00025,0.09020686149597168,0.0
18899.0,7203.0,48.0,0.05808480829000473,0.00025,0.06719192862510681,0.0
18900.0,7204.0,48.0,0.05432567372918129,0.00025,0.1017688736319542,0.0
18901.0,7205.0,48.0,0.05003267526626587,0.00025,0.10436367243528366,0.0
18902.0,7206.0,48.0,0.05924396216869354,0.00025,0.07093414664268494,0.0
18903.0,7207.0,48.0,0.053983766585588455,0.00025,0.04951000213623047,0.0
18904.0,7208.0,48.0,0.05735626816749573,0.00025,0.041720230132341385,0.0
18905.0,7209.0,48.0,0.06266218423843384,0.00025,0.04413026571273804,0.0
18906.0,7210.0,48.0,0.05614296346902847,0.00025,0.05746884644031525,0.0
18907.0,7211.0,48.0,0.05722632259130478,0.00025,0.13110925257205963,0.0
18908.0,7212.0,48.0,0.05173811316490173,0.00025,0.06850121915340424,0.0
18909.0,7213.0,48.0,0.05363565683364868,0.00025,0.1735478937625885,0.0
18910.0,7214.0,48.0,0.05804627388715744,0.00025,0.0914299488067627,0.0
18911.0,7215.0,48.0,0.050930045545101166,0.00025,0.13617393374443054,0.0
18912.0,7216.0,48.0,0.059398189187049866,0.00025,0.1052713692188263,0.0
18913.0,7217.0,48.0,0.05289266258478165,0.00025,0.10935249924659729,0.0
18914.0,7218.0,48.0,0.05474350228905678,0.00025,0.11642307043075562,0.0
18915.0,7219.0,48.0,0.059891171753406525,0.00025,0.07670218497514725,0.0
18916.0,7220.0,48.0,0.06577479094266891,0.00025,0.11055055260658264,0.0
18917.0,7221.0,48.0,0.05255667120218277,0.00025,0.08274264633655548,0.0
18918.0,7222.0,48.0,0.0494929775595665,0.00025,0.10276375710964203,0.0
18919.0,7223.0,48.0,0.04819870367646217,0.00025,0.05386495217680931,0.0
18920.0,7224.0,48.0,0.07052731513977051,0.00025,0.08277785778045654,0.0
18921.0,7225.0,48.0,0.06110401079058647,0.00025,0.15183870494365692,0.0
18922.0,7226.0,48.0,0.05076967179775238,0.00025,0.17002010345458984,0.0
18923.0,7227.0,48.0,0.05737244337797165,0.00025,0.10357129573822021,0.0
18924.0,7228.0,48.0,0.05918462574481964,0.00025,0.16485385596752167,0.0
18925.0,7229.0,48.0,0.06372860074043274,0.00025,0.06759760528802872,0.0
18926.0,7230.0,48.0,0.06815631687641144,0.00025,0.13283298909664154,0.0
18927.0,7231.0,48.0,0.05666257441043854,0.00025,0.1364671289920807,0.0
18928.0,7232.0,48.0,0.057806774973869324,0.00025,0.0850195437669754,0.0
18929.0,7233.0,48.0,0.05691997706890106,0.00025,0.19718313217163086,0.0
18930.0,7234.0,48.0,0.06519754976034164,0.00025,0.10250604152679443,0.0
18931.0,7235.0,48.0,0.04872608929872513,0.00025,0.14745724201202393,0.0
18932.0,7236.0,48.0,0.051559384912252426,0.00025,0.09012474119663239,0.0
18933.0,7237.0,48.0,0.04927404597401619,0.00025,0.13575683534145355,0.0
18934.0,7238.0,48.0,0.047987647354602814,0.00025,0.11660159379243851,0.0
18935.0,7239.0,48.0,0.04726501926779747,0.00025,0.13037711381912231,0.0
18936.0,7240.0,48.0,0.04251154512166977,0.00025,0.12270326912403107,0.0
18937.0,7241.0,48.0,0.058372464030981064,0.00025,0.14615486562252045,0.0
18938.0,7242.0,48.0,0.04989691823720932,0.00025,0.19627809524536133,0.0
18939.0,7243.0,48.0,0.03962825983762741,0.00025,0.16457243263721466,0.0
18940.0,7244.0,48.0,0.05085401237010956,0.00025,0.16317704319953918,0.0
18941.0,7245.0,48.0,0.06043768674135208,0.00025,0.1459929496049881,0.0
18942.0,7246.0,48.0,0.05182931199669838,0.00025,0.08911007642745972,0.0
18943.0,7247.0,48.0,0.046207062900066376,0.00025,0.1628146916627884,0.0
18944.0,7248.0,48.0,0.055464815348386765,0.00025,0.07760593295097351,0.0
18945.0,7249.0,48.0,0.0542498417198658,0.00025,0.11816390603780746,0.0
18946.0,7250.0,48.0,0.05677122622728348,0.00025,0.12582062184810638,0.0
18947.0,7251.0,48.0,0.05306647717952728,0.00025,0.06976533681154251,0.0
18948.0,7252.0,48.0,0.06244759261608124,0.00025,0.16467352211475372,0.0
18949.0,7253.0,48.0,0.06338763982057571,0.00025,0.0768737643957138,0.0
18950.0,7254.0,48.0,0.056829046458005905,0.00025,0.12294710427522659,0.0
18951.0,7255.0,48.0,0.0590863898396492,0.00025,0.12532001733779907,0.0
18952.0,7256.0,48.0,0.05109337717294693,0.00025,0.08268290758132935,0.0
18953.0,7257.0,48.0,0.04877857863903046,0.00025,0.16743578016757965,0.0
18954.0,7258.0,48.0,0.06912775337696075,0.00025,0.06748346239328384,0.0
18955.0,7259.0,48.0,0.05268595367670059,0.00025,0.13685645163059235,0.0
18956.0,7260.0,48.0,0.049883194267749786,0.00025,0.09607299417257309,0.0
18957.0,7261.0,48.0,0.05043257027864456,0.00025,0.11184146255254745,0.0
18958.0,7262.0,48.0,0.06507144868373871,0.00025,0.146617129445076,0.0
18959.0,7263.0,48.0,0.05879826098680496,0.00025,0.058929193764925,0.0
18960.0,7264.0,48.0,0.05059726908802986,0.00025,0.0761476457118988,0.0
18961.0,7265.0,48.0,0.05752729997038841,0.00025,0.13090914487838745,0.0
18962.0,7266.0,48.0,0.05008898302912712,0.00025,0.06470630317926407,0.0
18963.0,7267.0,48.0,0.047403015196323395,0.00025,0.09704634547233582,0.0
18964.0,7268.0,48.0,0.04822808504104614,0.00025,0.09184631705284119,0.0
18965.0,7269.0,48.0,0.06459945440292358,0.00025,0.07718151062726974,0.0
18966.0,7270.0,48.0,0.05568801611661911,0.00025,0.1692810207605362,0.0
18967.0,7271.0,48.0,0.05743281543254852,0.00025,0.07019047439098358,0.0
18968.0,7272.0,48.0,0.05711263418197632,0.00025,0.1546502709388733,0.0
18969.0,7273.0,48.0,0.04463331773877144,0.00025,0.08030205965042114,0.0
18970.0,7274.0,48.0,0.05789213627576828,0.00025,0.06148216500878334,0.0
18971.0,7275.0,48.0,0.054036758840084076,0.00025,0.06061292067170143,0.0
18972.0,7276.0,48.0,0.059515275061130524,0.00025,0.0692579373717308,0.0
18973.0,7277.0,48.0,0.04605932906270027,0.00025,0.07115485519170761,0.0
18974.0,7278.0,48.0,0.056102946400642395,0.00025,0.050464555621147156,0.0
18975.0,7279.0,48.0,0.058544885367155075,0.00025,0.049235377460718155,0.0
18976.0,7280.0,48.0,0.06137469410896301,0.00025,0.0364048071205616,0.0
18977.0,7281.0,48.0,0.04617789015173912,0.00025,0.046483613550662994,0.0
18978.0,7282.0,48.0,0.06920609623193741,0.00025,0.0656668171286583,0.0
18979.0,7283.0,48.0,0.05698249861598015,0.00025,0.04243278503417969,0.0
18980.0,7284.0,48.0,0.060395583510398865,0.00025,0.08622065931558609,0.0
18981.0,7285.0,48.0,0.05815356224775314,0.00025,0.09486852586269379,0.0
18982.0,7286.0,48.0,0.047312717884778976,0.00025,0.03823227435350418,0.0
18983.0,7287.0,48.0,0.061239756643772125,0.00025,0.06468083709478378,0.0
18984.0,7288.0,48.0,0.044567786157131195,0.00025,0.12050220370292664,0.0
18985.0,7289.0,48.0,0.07395963370800018,0.00025,0.05269279703497887,0.0
18986.0,7290.0,48.0,0.04813634604215622,0.00025,0.13751040399074554,0.0
18987.0,7291.0,48.0,0.03965934365987778,0.00025,0.05215591937303543,0.0
18988.0,7292.0,48.0,0.0654686912894249,0.00025,0.15540839731693268,0.0
18989.0,7293.0,48.0,0.05704084411263466,0.00025,0.10630694776773453,0.0
18990.0,7294.0,48.0,0.06096414104104042,0.00025,0.0742466002702713,0.0
18991.0,7295.0,48.0,0.06498613208532333,0.00025,0.0669170692563057,0.0
18992.0,7296.0,48.0,0.055938370525836945,0.00025,0.1456107646226883,0.0
18993.0,7297.0,48.0,0.0587921068072319,0.00025,0.04785425215959549,0.0
18994.0,7298.0,48.0,0.07425960898399353,0.00025,0.14805757999420166,0.0
18995.0,7299.0,48.0,0.07926910370588303,0.00025,0.13101953268051147,0.0
18996.0,7300.0,48.0,0.05069064721465111,0.00025,0.0886782556772232,0.0
18997.0,7301.0,48.0,0.050574880093336105,0.00025,0.1420474648475647,0.0
18998.0,7302.0,48.0,0.06143886595964432,0.00025,0.12077051401138306,0.0
18999.0,7303.0,48.0,0.060441866517066956,0.00025,0.10400959849357605,0.0
19000.0,7304.0,48.0,0.04982561618089676,0.00025,0.12377145886421204,0.0
19001.0,7305.0,48.0,0.05448215827345848,0.00025,0.11606097966432571,0.0
19002.0,7306.0,48.0,0.05698366463184357,0.00025,0.09357450157403946,0.0
19003.0,7307.0,48.0,0.051136523485183716,0.00025,0.1401893049478531,0.0
19004.0,7308.0,48.0,0.057774271816015244,0.00025,0.16108019649982452,0.0
19005.0,7309.0,48.0,0.06284800171852112,0.00025,0.08984927833080292,0.0
19006.0,7310.0,48.0,0.06139975041151047,0.00025,0.12987662851810455,0.0
19007.0,7311.0,48.0,0.058443475514650345,0.00025,0.09565640985965729,0.0
19008.0,7312.0,48.0,0.0530218705534935,0.00025,0.12256817519664764,0.0
19009.0,7313.0,48.0,0.059417903423309326,0.00025,0.11191154271364212,0.0
19010.0,7314.0,48.0,0.05138061195611954,0.00025,0.10620899498462677,0.0
19011.0,7315.0,48.0,0.05774326249957085,0.00025,0.0731901079416275,0.0
19012.0,7316.0,48.0,0.05458921194076538,0.00025,0.09881137311458588,0.0
19013.0,7317.0,48.0,0.05049261450767517,0.00025,0.13958200812339783,0.0
19014.0,7318.0,48.0,0.06499750912189484,0.00025,0.04775363206863403,0.0
19015.0,7319.0,48.0,0.06462860852479935,0.00025,0.12844868004322052,0.0
19016.0,7320.0,48.0,0.04513832926750183,0.00025,0.08125162869691849,0.0
19017.0,7321.0,48.0,0.05618761107325554,0.00025,0.14587675034999847,0.0
19018.0,7322.0,48.0,0.057910434901714325,0.00025,0.10560103505849838,0.0
19019.0,7323.0,48.0,0.0567508190870285,0.00025,0.13019292056560516,0.0
19020.0,7324.0,48.0,0.055251508951187134,0.00025,0.0438576266169548,0.0
19021.0,7325.0,48.0,0.05541449785232544,0.00025,0.12549522519111633,0.0
19022.0,7326.0,48.0,0.052748363465070724,0.00025,0.03403277322649956,0.0
19023.0,7327.0,48.0,0.05957422032952309,0.00025,0.1571030467748642,0.0
19024.0,7328.0,48.0,0.05441804230213165,0.00025,0.04281973838806152,0.0
19025.0,7329.0,48.0,0.06343565136194229,0.00025,0.17093361914157867,0.0
19026.0,7330.0,48.0,0.06852434575557709,0.00025,0.05650123581290245,0.0
19027.0,7331.0,48.0,0.04699191451072693,0.00025,0.15755048394203186,0.0
19028.0,7332.0,48.0,0.05479903519153595,0.00025,0.14782200753688812,0.0
19029.0,7333.0,48.0,0.051564205437898636,0.00025,0.11492053419351578,0.0
19030.0,7334.0,48.0,0.04410234093666077,0.00025,0.08946120738983154,0.0
19031.0,7335.0,48.0,0.05623752251267433,0.00025,0.09813173860311508,0.0
19032.0,7336.0,48.0,0.057652391493320465,0.00025,0.11105949431657791,0.0
19033.0,7337.0,48.0,0.04979175701737404,0.00025,0.06822670996189117,0.0
19034.0,7338.0,48.0,0.05830497667193413,0.00025,0.0925384908914566,0.0
19035.0,7339.0,48.0,0.051896803081035614,0.00025,0.14916247129440308,0.0
19036.0,7340.0,48.0,0.056336335837841034,0.00025,0.08803218603134155,0.0
19037.0,7341.0,48.0,0.050409525632858276,0.00025,0.12343087047338486,0.0
19038.0,7342.0,48.0,0.06128719449043274,0.00025,0.08269292116165161,0.0
19039.0,7343.0,48.0,0.05252236872911453,0.00025,0.18552304804325104,0.0
19040.0,7344.0,48.0,0.05074816197156906,0.00025,0.07442796975374222,0.0
19041.0,7345.0,48.0,0.04556400701403618,0.00025,0.14916367828845978,0.0
19042.0,7346.0,48.0,0.052037257701158524,0.00025,0.09162409603595734,0.0
19043.0,7347.0,48.0,0.04817058891057968,0.00025,0.07520263642072678,0.0
19044.0,7348.0,48.0,0.06395212560892105,0.00025,0.1288398653268814,0.0
19045.0,7349.0,48.0,0.05426286160945892,0.00025,0.07012578099966049,0.0
19046.0,7350.0,48.0,0.05964666232466698,0.00025,0.045165129005908966,0.0
19047.0,7351.0,48.0,0.06676100194454193,0.00025,0.07997613400220871,0.0
19048.0,7352.0,48.0,0.04920662194490433,0.00025,0.06318068504333496,0.0
19049.0,7353.0,48.0,0.058267898857593536,0.00025,0.06054658442735672,0.0
19050.0,7354.0,48.0,0.04763082414865494,0.00025,0.07716280221939087,0.0
19051.0,7355.0,48.0,0.07414575666189194,0.00025,0.07899049669504166,0.0
19052.0,7356.0,48.0,0.059936996549367905,0.00025,0.062420643866062164,0.0
19053.0,7357.0,48.0,0.04925615340471268,0.00025,0.06327707320451736,0.0
19054.0,7358.0,48.0,0.04254966229200363,0.00025,0.11902092397212982,0.0
19055.0,7359.0,48.0,0.06010587513446808,0.00025,0.0817798301577568,0.0
19056.0,7360.0,48.0,0.05090010166168213,0.00025,0.10718667507171631,0.0
19057.0,7361.0,48.0,0.05165182426571846,0.00025,0.06873856484889984,0.0
19058.0,7362.0,48.0,0.06119841709733009,0.00025,0.06163623183965683,0.0
19059.0,7363.0,48.0,0.06591598689556122,0.00025,0.11111770570278168,0.0
19060.0,7364.0,48.0,0.05469208210706711,0.00025,0.030879782512784004,0.0
19061.0,7365.0,48.0,0.06258611381053925,0.00025,0.11165089905261993,0.0
19062.0,7366.0,48.0,0.04950636625289917,0.00025,0.0480470135807991,0.0
19063.0,7367.0,48.0,0.04352474957704544,0.00025,0.10288605839014053,0.0
19064.0,7368.0,48.0,0.05759555473923683,0.00025,0.08196521550416946,0.0
19065.0,7369.0,48.0,0.05446845665574074,0.00025,0.07531969994306564,0.0
19066.0,7370.0,48.0,0.04792337864637375,0.00025,0.12345749139785767,0.0
19067.0,7371.0,48.0,0.0651150792837143,0.00025,0.05314283445477486,0.0
19068.0,7372.0,48.0,0.06200669705867767,0.00025,0.11361006647348404,0.0
19069.0,7373.0,48.0,0.05408968776464462,0.00025,0.04873744770884514,0.0
19070.0,7374.0,48.0,0.06474911421537399,0.00025,0.12608864903450012,0.0
19071.0,7375.0,48.0,0.051926493644714355,0.00025,0.03625595197081566,0.0
19072.0,7376.0,48.0,0.06350857764482498,0.00025,0.08988937735557556,0.0
19073.0,7377.0,48.0,0.053089939057826996,0.00025,0.05836451053619385,0.0
19074.0,7378.0,48.0,0.05116136372089386,0.00025,0.12758725881576538,0.0
19075.0,7379.0,48.0,0.04507237672805786,0.00025,0.051389362663030624,0.0
19076.0,7380.0,48.0,0.07360377907752991,0.00025,0.12226063758134842,0.0
19077.0,7381.0,48.0,0.04948740452528,0.00025,0.13137245178222656,0.0
19078.0,7382.0,48.0,0.05225590988993645,0.00025,0.11688807606697083,0.0
19079.0,7383.0,48.0,0.04946569725871086,0.00025,0.14691895246505737,0.0
19080.0,7384.0,48.0,0.06049230694770813,0.00025,0.08633061498403549,0.0
19081.0,7385.0,48.0,0.05604143440723419,0.00025,0.10321967303752899,0.0
19082.0,7386.0,48.0,0.06476353108882904,0.00025,0.14631764590740204,0.0
19083.0,7387.0,48.0,0.0573323592543602,0.00025,0.13020430505275726,0.0
19084.0,7388.0,48.0,0.0627029538154602,0.00025,0.12498423457145691,0.0
19085.0,7389.0,48.0,0.04633881896734238,0.00025,0.0958891436457634,0.0
19086.0,7390.0,48.0,0.06782525777816772,0.00025,0.1926117241382599,0.0
19087.0,7391.0,48.0,0.06482166796922684,0.00025,0.11448749154806137,0.0
19088.0,7392.0,48.0,0.051684290170669556,0.00025,0.1500387340784073,0.0
19089.0,7393.0,48.0,0.057913318276405334,0.00025,0.09135370701551437,0.0
19090.0,7394.0,48.0,0.05501706525683403,0.00025,0.10414624214172363,0.0
19091.0,7395.0,48.0,0.06129559129476547,0.00025,0.18180157244205475,0.0
19092.0,7396.0,48.0,0.058552272617816925,0.00025,0.12619082629680634,0.0
19093.0,7397.0,48.0,0.04615543410181999,0.00025,0.14282622933387756,0.0
19094.0,7398.0,48.0,0.06037738546729088,0.00025,0.12559013068675995,0.0
19095.0,7399.0,48.0,0.06937815248966217,0.00025,0.08662708103656769,0.0
19096.0,7400.0,48.0,0.058075714856386185,0.00025,0.19871121644973755,0.0
19097.0,7401.0,48.0,0.06002569571137428,0.00025,0.07740878313779831,0.0
19098.0,7402.0,48.0,0.06107877194881439,0.00025,0.19139209389686584,0.0
19099.0,7403.0,48.0,0.06569492816925049,0.00025,0.11571444571018219,0.0
19100.0,7404.0,48.0,0.05367599055171013,0.00025,0.11999932676553726,0.0
19101.0,7405.0,48.0,0.047652047127485275,0.00025,0.2169416844844818,0.0
19102.0,7406.0,48.0,0.060990963131189346,0.00025,0.12276086211204529,0.0
19103.0,7407.0,48.0,0.06316982209682465,0.00025,0.18425917625427246,0.0
19104.0,7408.0,48.0,0.05420685559511185,0.00025,0.17925512790679932,0.0
19105.0,7409.0,48.0,0.05089164897799492,0.00025,0.14725357294082642,0.0
19106.0,7410.0,48.0,0.0715717226266861,0.00025,0.18023167550563812,0.0
19107.0,7411.0,49.0,0.05081667751073837,0.00025,0.059524696320295334,0.0
19108.0,7412.0,49.0,0.057194069027900696,0.00025,0.12569564580917358,0.0
19109.0,7413.0,49.0,0.06699682772159576,0.00025,0.07543851435184479,0.0
19110.0,7414.0,49.0,0.05295870080590248,0.00025,0.05874400958418846,0.0
19111.0,7415.0,49.0,0.052832357585430145,0.00025,0.06311166286468506,0.0
19112.0,7416.0,49.0,0.056626707315444946,0.00025,0.08334311842918396,0.0
19113.0,7417.0,49.0,0.05339962616562843,0.00025,0.08106447011232376,0.0
19114.0,7418.0,49.0,0.049806736409664154,0.00025,0.12849314510822296,0.0
19115.0,7419.0,49.0,0.05784445255994797,0.00025,0.10007046908140182,0.0
19116.0,7420.0,49.0,0.04531871899962425,0.00025,0.1423250436782837,0.0
19117.0,7421.0,49.0,0.05402570962905884,0.00025,0.0733075737953186,0.0
19118.0,7422.0,49.0,0.05366642028093338,0.00025,0.2075456827878952,0.0
19119.0,7423.0,49.0,0.056667130440473557,0.00025,0.05858933553099632,0.0
19120.0,7424.0,49.0,0.061223313212394714,0.00025,0.1676010638475418,0.0
19121.0,7425.0,49.0,0.06884588301181793,0.00025,0.059656959027051926,0.0
19122.0,7426.0,49.0,0.04597195237874985,0.00025,0.15917076170444489,0.0
19123.0,7427.0,49.0,0.044688787311315536,0.00025,0.09104553610086441,0.0
19124.0,7428.0,49.0,0.048291776329278946,0.00025,0.12726186215877533,0.0
19125.0,7429.0,49.0,0.05495752394199371,0.00025,0.05250927433371544,0.0
19126.0,7430.0,49.0,0.04527328908443451,0.00025,0.13745999336242676,0.0
19127.0,7431.0,49.0,0.07608066499233246,0.00025,0.12327955663204193,0.0
19128.0,7432.0,49.0,0.05497577041387558,0.00025,0.10562765598297119,0.0
19129.0,7433.0,49.0,0.0492188036441803,0.00025,0.16427937150001526,0.0
19130.0,7434.0,49.0,0.05770985782146454,0.00025,0.17561769485473633,0.0
19131.0,7435.0,49.0,0.0475451685488224,0.00025,0.054342132061719894,0.0
19132.0,7436.0,49.0,0.05814259871840477,0.00025,0.15102708339691162,0.0
19133.0,7437.0,49.0,0.05079196020960808,0.00025,0.1294124722480774,0.0
19134.0,7438.0,49.0,0.05141172185540199,0.00025,0.16538840532302856,0.0
19135.0,7439.0,49.0,0.06094257906079292,0.00025,0.11592310667037964,0.0
19136.0,7440.0,49.0,0.05439207702875137,0.00025,0.13319876790046692,0.0
19137.0,7441.0,49.0,0.054781075567007065,0.00025,0.11181076616048813,0.0
19138.0,7442.0,49.0,0.05940810963511467,0.00025,0.1294463574886322,0.0
19139.0,7443.0,49.0,0.04703078418970108,0.00025,0.12782429158687592,0.0
19140.0,7444.0,49.0,0.06456764787435532,0.00025,0.09066901355981827,0.0
19141.0,7445.0,49.0,0.04292396456003189,0.00025,0.12035287916660309,0.0
19142.0,7446.0,49.0,0.05808417499065399,0.00025,0.08927575498819351,0.0
19143.0,7447.0,49.0,0.06276185810565948,0.00025,0.11500591784715652,0.0
19144.0,7448.0,49.0,0.04562290757894516,0.00025,0.07362812012434006,0.0
19145.0,7449.0,49.0,0.04194946587085724,0.00025,0.13746808469295502,0.0
19146.0,7450.0,49.0,0.05161677300930023,0.00025,0.1034771129488945,0.0
19147.0,7451.0,49.0,0.061409059911966324,0.00025,0.12392697483301163,0.0
19148.0,7452.0,49.0,0.059064559638500214,0.00025,0.05421292781829834,0.0
19149.0,7453.0,49.0,0.06338512152433395,0.00025,0.10570666193962097,0.0
19150.0,7454.0,49.0,0.054058775305747986,0.00025,0.08157917857170105,0.0
19151.0,7455.0,49.0,0.06279349327087402,0.00025,0.05435365438461304,0.0
19152.0,7456.0,49.0,0.06556929647922516,0.00025,0.13922300934791565,0.0
19153.0,7457.0,49.0,0.04757941514253616,0.00025,0.10167484730482101,0.0
19154.0,7458.0,49.0,0.06405569612979889,0.00025,0.13939669728279114,0.0
19155.0,7459.0,49.0,0.07594320178031921,0.00025,0.08851378411054611,0.0
19156.0,7460.0,49.0,0.04813908413052559,0.00025,0.10901610553264618,0.0
19157.0,7461.0,49.0,0.05203525722026825,0.00025,0.06116876378655434,0.0
19158.0,7462.0,49.0,0.04786057025194168,0.00025,0.0745573565363884,0.0
19159.0,7463.0,49.0,0.060503438115119934,0.00025,0.11174818873405457,0.0
19160.0,7464.0,49.0,0.05597284436225891,0.00025,0.1004590392112732,0.0
19161.0,7465.0,49.0,0.06008321791887283,0.00025,0.08295691013336182,0.0
19162.0,7466.0,49.0,0.05131225287914276,0.00025,0.07410833984613419,0.0
19163.0,7467.0,49.0,0.06540634483098984,0.00025,0.1040324866771698,0.0
19164.0,7468.0,49.0,0.06109413504600525,0.00025,0.09609879553318024,0.0
19165.0,7469.0,49.0,0.0508447103202343,0.00025,0.14714129269123077,0.0
19166.0,7470.0,49.0,0.05061192065477371,0.00025,0.05095133185386658,0.0
19167.0,7471.0,49.0,0.05638980492949486,0.00025,0.07577046006917953,0.0
19168.0,7472.0,49.0,0.05339759588241577,0.00025,0.1536143273115158,0.0
19169.0,7473.0,49.0,0.05853071063756943,0.00025,0.11800546944141388,0.0
19170.0,7474.0,49.0,0.04524032771587372,0.00025,0.14661112427711487,0.0
19171.0,7475.0,49.0,0.053772151470184326,0.00025,0.12185075134038925,0.0
19172.0,7476.0,49.0,0.04749941825866699,0.00025,0.16248241066932678,0.0
19173.0,7477.0,49.0,0.05815524607896805,0.00025,0.16443109512329102,0.0
19174.0,7478.0,49.0,0.047823190689086914,0.00025,0.18380534648895264,0.0
19175.0,7479.0,49.0,0.060408350080251694,0.00025,0.17675575613975525,0.0
19176.0,7480.0,49.0,0.05203657224774361,0.00025,0.15470682084560394,0.0
19177.0,7481.0,49.0,0.051108427345752716,0.00025,0.18509435653686523,0.0
19178.0,7482.0,49.0,0.04948166757822037,0.00025,0.16315194964408875,0.0
19179.0,7483.0,49.0,0.06425265222787857,0.00025,0.17990608513355255,0.0
19180.0,7484.0,49.0,0.05626896768808365,0.00025,0.19479340314865112,0.0
19181.0,7485.0,49.0,0.06322897970676422,0.00025,0.13385295867919922,0.0
19182.0,7486.0,49.0,0.07530149072408676,0.00025,0.17622871696949005,0.0
19183.0,7487.0,49.0,0.05861794203519821,0.00025,0.10767866671085358,0.0
19184.0,7488.0,49.0,0.059553004801273346,0.00025,0.13330703973770142,0.0
19185.0,7489.0,49.0,0.053313836455345154,0.00025,0.21132393181324005,0.0
19186.0,7490.0,49.0,0.05145617574453354,0.00025,0.13309794664382935,0.0
19187.0,7491.0,49.0,0.0613083690404892,0.00025,0.23580969870090485,0.0
19188.0,7492.0,49.0,0.05365186557173729,0.00025,0.07150395959615707,0.0
19189.0,7493.0,49.0,0.05756344646215439,0.00025,0.1923019289970398,0.0
19190.0,7494.0,49.0,0.05459028482437134,0.00025,0.0906205102801323,0.0
19191.0,7495.0,49.0,0.05256204679608345,0.00025,0.19035448133945465,0.0
19192.0,7496.0,49.0,0.06175433471798897,0.00025,0.06947890669107437,0.0
19193.0,7497.0,49.0,0.05834953486919403,0.00025,0.1493682861328125,0.0
19194.0,7498.0,49.0,0.056004833430051804,0.00025,0.10185378044843674,0.0
19195.0,7499.0,49.0,0.05426039919257164,0.00025,0.13093674182891846,0.0
19196.0,7500.0,49.0,0.04857071489095688,0.00025,0.11460936814546585,0.0
19197.0,7501.0,49.0,0.05504059046506882,0.00025,0.11443548649549484,0.0
19198.0,7502.0,49.0,0.05336597561836243,0.00025,0.15479131042957306,0.0
19199.0,7503.0,49.0,0.05971803516149521,0.00025,0.09251075983047485,0.0
19200.0,7504.0,49.0,0.06442411988973618,0.00025,0.14367474615573883,0.0
19201.0,7505.0,49.0,0.05285562574863434,0.00025,0.10360467433929443,0.0
19202.0,7506.0,49.0,0.06841270625591278,0.00025,0.1287088394165039,0.0
19203.0,7507.0,49.0,0.06424148380756378,0.00025,0.15969912707805634,0.0
19204.0,7508.0,49.0,0.05370033532381058,0.00025,0.09872613102197647,0.0
19205.0,7509.0,49.0,0.05561654269695282,0.00025,0.21825851500034332,0.0
19206.0,7510.0,49.0,0.060806021094322205,0.00025,0.061325136572122574,0.0
19207.0,7511.0,49.0,0.04702182859182358,0.00025,0.2034575492143631,0.0
19208.0,7512.0,49.0,0.06173059344291687,0.00025,0.148817241191864,0.0
19209.0,7513.0,49.0,0.05733781307935715,0.00025,0.16454562544822693,0.0
19210.0,7514.0,49.0,0.05591631308197975,0.00025,0.1661405861377716,0.0
19211.0,7515.0,49.0,0.05273041874170303,0.00025,0.03125269338488579,0.0
19212.0,7516.0,49.0,0.05937933549284935,0.00025,0.17016048729419708,0.0
19213.0,7517.0,49.0,0.04947555810213089,0.00025,0.10813020914793015,0.0
19214.0,7518.0,49.0,0.06893809884786606,0.00025,0.12251755595207214,0.0
19215.0,7519.0,49.0,0.05765305832028389,0.00025,0.13329756259918213,0.0
19216.0,7520.0,49.0,0.06473615765571594,0.00025,0.06935922056436539,0.0
19217.0,7521.0,49.0,0.06652149558067322,0.00025,0.1397230476140976,0.0
19218.0,7522.0,49.0,0.07031534612178802,0.00025,0.12186919897794724,0.0
19219.0,7523.0,49.0,0.04676855355501175,0.00025,0.05773308500647545,0.0
19220.0,7524.0,49.0,0.0592217743396759,0.00025,0.10450152307748795,0.0
19221.0,7525.0,49.0,0.06780730187892914,0.00025,0.050333406776189804,0.0
19222.0,7526.0,49.0,0.050148770213127136,0.00025,0.046375203877687454,0.0
19223.0,7527.0,49.0,0.055799614638090134,0.00025,0.05616505816578865,0.0
19224.0,7528.0,49.0,0.05362887680530548,0.00025,0.04615909606218338,0.0
19225.0,7529.0,49.0,0.05545995756983757,0.00025,0.12948772311210632,0.0
19226.0,7530.0,49.0,0.050687916576862335,0.00025,0.06982830166816711,0.0
19227.0,7531.0,49.0,0.05546439439058304,0.00025,0.10854742676019669,0.0
19228.0,7532.0,49.0,0.06054576113820076,0.00025,0.16407659649848938,0.0
19229.0,7533.0,49.0,0.044419191777706146,0.00025,0.10179364681243896,0.0
19230.0,7534.0,49.0,0.04204385727643967,0.00025,0.15970061719417572,0.0
19231.0,7535.0,49.0,0.062243834137916565,0.00025,0.05775044113397598,0.0
19232.0,7536.0,49.0,0.07533127814531326,0.00025,0.09044584631919861,0.0
19233.0,7537.0,49.0,0.0687519758939743,0.00025,0.10594210773706436,0.0
19234.0,7538.0,49.0,0.05480404570698738,0.00025,0.08787382394075394,0.0
19235.0,7539.0,49.0,0.05775134265422821,0.00025,0.12655581533908844,0.0
19236.0,7540.0,49.0,0.059057626873254776,0.00025,0.09703247249126434,0.0
19237.0,7541.0,49.0,0.049049943685531616,0.00025,0.07056935876607895,0.0
19238.0,7542.0,49.0,0.06743040680885315,0.00025,0.09134192764759064,0.0
19239.0,7543.0,49.0,0.053239937871694565,0.00025,0.06709121912717819,0.0
19240.0,7544.0,49.0,0.05855688080191612,0.00025,0.08563726395368576,0.0
19241.0,7545.0,49.0,0.04760327190160751,0.00025,0.06358689814805984,0.0
19242.0,7546.0,49.0,0.06558505445718765,0.00025,0.14342349767684937,0.0
19243.0,7547.0,49.0,0.06216103583574295,0.00025,0.05453544482588768,0.0
19244.0,7548.0,49.0,0.052969612181186676,0.00025,0.1680128425359726,0.0
19245.0,7549.0,49.0,0.06030448153614998,0.00025,0.11567842215299606,0.0
19246.0,7550.0,49.0,0.05121583864092827,0.00025,0.17388449609279633,0.0
19247.0,7551.0,49.0,0.04986551031470299,0.00025,0.12615862488746643,0.0
19248.0,7552.0,49.0,0.05617966130375862,0.00025,0.16446799039840698,0.0
19249.0,7553.0,49.0,0.05648056045174599,0.00025,0.11696183681488037,0.0
19250.0,7554.0,49.0,0.050677038729190826,0.00025,0.09677839279174805,0.0
19251.0,7555.0,49.0,0.0450575053691864,0.00025,0.10451489686965942,0.0
19252.0,7556.0,49.0,0.055125799030065536,0.00025,0.10428125411272049,0.0
19253.0,7557.0,49.0,0.05178782343864441,0.00025,0.07134072482585907,0.0
19254.0,7558.0,49.0,0.04574868083000183,0.00025,0.13477113842964172,0.0
19255.0,7559.0,49.0,0.06175988167524338,0.00025,0.03177126497030258,0.0
19256.0,7560.0,49.0,0.0589774027466774,0.00025,0.1488010138273239,0.0
19257.0,7561.0,49.0,0.053524449467659,0.00025,0.07590780407190323,0.0
19258.0,7562.0,49.0,0.06881926208734512,0.00025,0.0884079784154892,0.0
19259.0,7563.0,49.0,0.0526123121380806,0.00025,0.135163351893425,0.0
19260.0,7564.0,49.0,0.05659737437963486,0.00025,0.10876248776912689,0.0
19261.0,7565.0,49.0,0.05257239192724228,0.00025,0.1861288696527481,0.0
19262.0,7566.0,49.0,0.05567256733775139,0.00025,0.04681031033396721,0.0
19263.0,7567.0,49.0,0.061619192361831665,0.00025,0.15251275897026062,0.0
19264.0,7568.0,49.0,0.04837268590927124,0.00025,0.0783674567937851,0.0
19265.0,7569.0,49.0,0.04365555942058563,0.00025,0.2043864130973816,0.0
19266.0,7570.0,49.0,0.05422525480389595,0.00025,0.09056993573904037,0.0
19267.0,7571.0,49.0,0.06410209089517593,0.00025,0.14483565092086792,0.0
19268.0,7572.0,49.0,0.05124787241220474,0.00025,0.14088478684425354,0.0
19269.0,7573.0,49.0,0.06062551215291023,0.00025,0.13229282200336456,0.0
19270.0,7574.0,49.0,0.0586283802986145,0.00025,0.11912591010332108,0.0
19271.0,7575.0,49.0,0.06620784103870392,0.00025,0.0892091915011406,0.0
19272.0,7576.0,49.0,0.05408037453889847,0.00025,0.17843391001224518,0.0
19273.0,7577.0,49.0,0.06452015042304993,0.00025,0.0940186083316803,0.0
19274.0,7578.0,49.0,0.04760543256998062,0.00025,0.16660338640213013,0.0
19275.0,7579.0,49.0,0.061580590903759,0.00025,0.09497964382171631,0.0
19276.0,7580.0,49.0,0.05739046633243561,0.00025,0.15016339719295502,0.0
19277.0,7581.0,49.0,0.04522941634058952,0.00025,0.06343772262334824,0.0
19278.0,7582.0,49.0,0.053190864622592926,0.00025,0.1336856633424759,0.0
19279.0,7583.0,49.0,0.06600753962993622,0.00025,0.1283421516418457,0.0
19280.0,7584.0,49.0,0.06475411355495453,0.00025,0.1725546270608902,0.0
19281.0,7585.0,49.0,0.05722633749246597,0.00025,0.11757183820009232,0.0
19282.0,7586.0,49.0,0.055539682507514954,0.00025,0.10046336054801941,0.0
19283.0,7587.0,49.0,0.07295683026313782,0.00025,0.1630799025297165,0.0
19284.0,7588.0,49.0,0.06708329916000366,0.00025,0.04673147201538086,0.0
19285.0,7589.0,49.0,0.055938705801963806,0.00025,0.21781864762306213,0.0
19286.0,7590.0,49.0,0.049634888768196106,0.00025,0.02741861715912819,0.0
19287.0,7591.0,49.0,0.06465133279561996,0.00025,0.1256081461906433,0.0
19288.0,7592.0,49.0,0.061690330505371094,0.00025,0.1133226603269577,0.0
19289.0,7593.0,49.0,0.06059582158923149,0.00025,0.08349154889583588,0.0
19290.0,7594.0,49.0,0.060336723923683167,0.00025,0.13296210765838623,0.0
19291.0,7595.0,49.0,0.053924061357975006,0.00025,0.03779468312859535,0.0
19292.0,7596.0,49.0,0.04351884871721268,0.00025,0.047542914748191833,0.0
19293.0,7597.0,49.0,0.045126624405384064,0.00025,0.12962280213832855,0.0
19294.0,7598.0,49.0,0.07814864814281464,0.00025,0.12698999047279358,0.0
19295.0,7599.0,49.0,0.056279558688402176,0.00025,0.09277785569429398,0.0
19296.0,7600.0,49.0,0.05543557554483414,0.00025,0.1376655548810959,0.0
19297.0,7601.0,49.0,0.0487222783267498,0.00025,0.09860716760158539,0.0
19298.0,7602.0,49.0,0.07316029071807861,0.00025,0.17675277590751648,0.0
19299.0,7603.0,49.0,0.06272083520889282,0.00025,0.10639575123786926,0.0
19300.0,7604.0,49.0,0.053655579686164856,0.00025,0.10107536613941193,0.0
19301.0,7605.0,49.0,0.04415556415915489,0.00025,0.0961713120341301,0.0
19302.0,7606.0,49.0,0.05524221807718277,0.00025,0.0962604433298111,0.0
19303.0,7607.0,49.0,0.06374669075012207,0.00025,0.11747351288795471,0.0
19304.0,7608.0,49.0,0.0485270693898201,0.00025,0.10144612938165665,0.0
19305.0,7609.0,49.0,0.06046336144208908,0.00025,0.05109407752752304,0.0
19306.0,7610.0,49.0,0.0590786412358284,0.00025,0.1442485749721527,0.0
19307.0,7611.0,49.0,0.0654011070728302,0.00025,0.10767243057489395,0.0
19308.0,7612.0,49.0,0.06420044600963593,0.00025,0.17652136087417603,0.0
19309.0,7613.0,49.0,0.05512826144695282,0.00025,0.1517314463853836,0.0
19310.0,7614.0,49.0,0.0579182393848896,0.00025,0.10513515770435333,0.0
19311.0,7615.0,49.0,0.049087654799222946,0.00025,0.26037806272506714,0.0
19312.0,7616.0,49.0,0.06584006547927856,0.00025,0.09842553734779358,0.0
19313.0,7617.0,49.0,0.053600117564201355,0.00025,0.20139579474925995,0.0
19314.0,7618.0,49.0,0.06353317201137543,0.00025,0.13315965235233307,0.0
19315.0,7619.0,49.0,0.04744284600019455,0.00025,0.1853325217962265,0.0
19316.0,7620.0,49.0,0.05982092767953873,0.00025,0.16618523001670837,0.0
19317.0,7621.0,49.0,0.05236402153968811,0.00025,0.040835995227098465,0.0
19318.0,7622.0,49.0,0.03858327493071556,0.00025,0.23579297959804535,0.0
19319.0,7623.0,49.0,0.05627686157822609,0.00025,0.1255514770746231,0.0
19320.0,7624.0,49.0,0.05815640091896057,0.00025,0.09419412165880203,0.0
19321.0,7625.0,49.0,0.05779832601547241,0.00025,0.1956804245710373,0.0
19322.0,7626.0,49.0,0.0620381124317646,0.00025,0.12435890734195709,0.0
19323.0,7627.0,49.0,0.05507452040910721,0.00025,0.17756924033164978,0.0
19324.0,7628.0,49.0,0.05088791996240616,0.00025,0.06838870048522949,0.0
19325.0,7629.0,49.0,0.06390897929668427,0.00025,0.06606480479240417,0.0
19326.0,7630.0,49.0,0.0538259893655777,0.00025,0.11484535783529282,0.0
19327.0,7631.0,49.0,0.05317342281341553,0.00025,0.07847337424755096,0.0
19328.0,7632.0,49.0,0.06342380493879318,0.00025,0.12309545278549194,0.0
19329.0,7633.0,49.0,0.04527974873781204,0.00025,0.0700293630361557,0.0
19330.0,7634.0,49.0,0.051166243851184845,0.00025,0.09283903986215591,0.0
19331.0,7635.0,49.0,0.05445396900177002,0.00025,0.04800254851579666,0.0
19332.0,7636.0,49.0,0.0582713857293129,0.00025,0.09826990962028503,0.0
19333.0,7637.0,49.0,0.06126658245921135,0.00025,0.11654340475797653,0.0
19334.0,7638.0,49.0,0.04796602576971054,0.00025,0.09730099886655807,0.0
19335.0,7639.0,49.0,0.04818641394376755,0.00025,0.13855475187301636,0.0
19336.0,7640.0,49.0,0.04988015070557594,0.00025,0.15994717180728912,0.0
19337.0,7641.0,49.0,0.05870082229375839,0.00025,0.15176773071289062,0.0
19338.0,7642.0,49.0,0.051807504147291183,0.00025,0.08976072072982788,0.0
19339.0,7643.0,49.0,0.05620886757969856,0.00025,0.08630501478910446,0.0
19340.0,7644.0,49.0,0.05309136211872101,0.00025,0.1248604953289032,0.0
19341.0,7645.0,49.0,0.06014685705304146,0.00025,0.1137671023607254,0.0
19342.0,7646.0,49.0,0.0752665251493454,0.00025,0.16323021054267883,0.0
19343.0,7647.0,49.0,0.07646098732948303,0.00025,0.20027300715446472,0.0
19344.0,7648.0,49.0,0.05774454027414322,0.00025,0.11142895370721817,0.0
19345.0,7649.0,49.0,0.06772846728563309,0.00025,0.1911519318819046,0.0
19346.0,7650.0,49.0,0.042070209980010986,0.00025,0.10308252274990082,0.0
19347.0,7651.0,49.0,0.059151262044906616,0.00025,0.17818960547447205,0.0
19348.0,7652.0,49.0,0.043656542897224426,0.00025,0.10690678656101227,0.0
19349.0,7653.0,49.0,0.050018493086099625,0.00025,0.1523108333349228,0.0
19350.0,7654.0,49.0,0.06004824489355087,0.00025,0.17751437425613403,0.0
19351.0,7655.0,49.0,0.04974594712257385,0.00025,0.10780064761638641,0.0
19352.0,7656.0,49.0,0.07321533560752869,0.00025,0.17490459978580475,0.0
19353.0,7657.0,49.0,0.048536501824855804,0.00025,0.12901034951210022,0.0
19354.0,7658.0,49.0,0.048116546124219894,0.00025,0.1447196900844574,0.0
19355.0,7659.0,49.0,0.04915681481361389,0.00025,0.13948474824428558,0.0
19356.0,7660.0,49.0,0.058219484984874725,0.00025,0.15245819091796875,0.0
19357.0,7661.0,49.0,0.04580827057361603,0.00025,0.16594131290912628,0.0
19358.0,7662.0,49.0,0.049750618636608124,0.00025,0.13801415264606476,0.0
19359.0,7663.0,49.0,0.04873354732990265,0.00025,0.17247268557548523,0.0
19360.0,7664.0,49.0,0.05538444593548775,0.00025,0.1140928566455841,0.0
19361.0,7665.0,49.0,0.057196516543626785,0.00025,0.19655463099479675,0.0
19362.0,7666.0,49.0,0.05859293416142464,0.00025,0.15597498416900635,0.0
19363.0,7667.0,49.0,0.07015185058116913,0.00025,0.17155642807483673,0.0
19364.0,7668.0,49.0,0.055559027940034866,0.00025,0.07103201746940613,0.0
19365.0,7669.0,49.0,0.05830105021595955,0.00025,0.21864041686058044,0.0
19366.0,7670.0,49.0,0.0593552403151989,0.00025,0.07690455764532089,0.0
19367.0,7671.0,49.0,0.059440985321998596,0.00025,0.22640587389469147,0.0
19368.0,7672.0,49.0,0.05908255651593208,0.00025,0.12761762738227844,0.0
19369.0,7673.0,49.0,0.054536379873752594,0.00025,0.1284278929233551,0.0
19370.0,7674.0,49.0,0.0595611035823822,0.00025,0.19871331751346588,0.0
19371.0,7675.0,49.0,0.0551140159368515,0.00025,0.05277641490101814,0.0
19372.0,7676.0,49.0,0.06247398257255554,0.00025,0.18536828458309174,0.0
19373.0,7677.0,49.0,0.055277686566114426,0.00025,0.06773091852664948,0.0
19374.0,7678.0,49.0,0.04944431036710739,0.00025,0.15182963013648987,0.0
19375.0,7679.0,49.0,0.06764702498912811,0.00025,0.11832499504089355,0.0
19376.0,7680.0,49.0,0.0481024831533432,0.00025,0.06803414970636368,0.0
19377.0,7681.0,49.0,0.05176911503076553,0.00025,0.19521327316761017,0.0
19378.0,7682.0,49.0,0.05444404110312462,0.00025,0.054601170122623444,0.0
19379.0,7683.0,49.0,0.0635855495929718,0.00025,0.2247644066810608,0.0
19380.0,7684.0,49.0,0.06952060759067535,0.00025,0.07525907456874847,0.0
19381.0,7685.0,49.0,0.07471580803394318,0.00025,0.16194327175617218,0.0
19382.0,7686.0,49.0,0.05867886543273926,0.00025,0.05872834101319313,0.0
19383.0,7687.0,49.0,0.04308678209781647,0.00025,0.12196273356676102,0.0
19384.0,7688.0,49.0,0.04510750621557236,0.00025,0.10780859738588333,0.0
19385.0,7689.0,49.0,0.044342637062072754,0.00025,0.16247323155403137,0.0
19386.0,7690.0,49.0,0.05189842730760574,0.00025,0.13260802626609802,0.0
19387.0,7691.0,49.0,0.05035565420985222,0.00025,0.0835036113858223,0.0
19388.0,7692.0,49.0,0.05584720894694328,0.00025,0.1267152726650238,0.0
19389.0,7693.0,49.0,0.0556783527135849,0.00025,0.09674637019634247,0.0
19390.0,7694.0,49.0,0.059460729360580444,0.00025,0.15109765529632568,0.0
19391.0,7695.0,49.0,0.05744592100381851,0.00025,0.13666923344135284,0.0
19392.0,7696.0,49.0,0.05414615198969841,0.00025,0.17510759830474854,0.0
19393.0,7697.0,49.0,0.055916927754879,0.00025,0.11717788875102997,0.0
19394.0,7698.0,49.0,0.06717465817928314,0.00025,0.09169220924377441,0.0
19395.0,7699.0,49.0,0.050881292670965195,0.00025,0.14764998853206635,0.0
19396.0,7700.0,49.0,0.05357340723276138,0.00025,0.055613864213228226,0.0
19397.0,7701.0,49.0,0.06375668942928314,0.00025,0.1268119513988495,0.0
19398.0,7702.0,49.0,0.05876777321100235,0.00025,0.12613928318023682,0.0
19399.0,7703.0,49.0,0.0692550539970398,0.00025,0.08988099545240402,0.0
19400.0,7704.0,49.0,0.0473143644630909,0.00025,0.1275031864643097,0.0
19401.0,7705.0,49.0,0.04517126455903053,0.00025,0.07877509295940399,0.0
19402.0,7706.0,49.0,0.05085134133696556,0.00025,0.15650665760040283,0.0
19403.0,7707.0,49.0,0.05854383483529091,0.00025,0.12366542220115662,0.0
19404.0,7708.0,49.0,0.04530077427625656,0.00025,0.12753047049045563,0.0
19405.0,7709.0,49.0,0.07352562248706818,0.00025,0.16330203413963318,0.0
19406.0,7710.0,49.0,0.05469333752989769,0.00025,0.0913812518119812,0.0
19407.0,7711.0,49.0,0.06371714174747467,0.00025,0.18825022876262665,0.0
19408.0,7712.0,49.0,0.053042083978652954,0.00025,0.12983715534210205,0.0
19409.0,7713.0,49.0,0.05681619793176651,0.00025,0.2292856127023697,0.0
19410.0,7714.0,49.0,0.054377518594264984,0.00025,0.12007831037044525,0.0
19411.0,7715.0,49.0,0.05423622205853462,0.00025,0.15448462963104248,0.0
19412.0,7716.0,49.0,0.05309867113828659,0.00025,0.19450359046459198,0.0
19413.0,7717.0,49.0,0.050846830010414124,0.00025,0.14434601366519928,0.0
19414.0,7718.0,49.0,0.05126632750034332,0.00025,0.17220258712768555,0.0
19415.0,7719.0,49.0,0.06384709477424622,0.00025,0.07152185589075089,0.0
19416.0,7720.0,49.0,0.05426862835884094,0.00025,0.14711235463619232,0.0
19417.0,7721.0,49.0,0.058567896485328674,0.00025,0.1513817310333252,0.0
19418.0,7722.0,49.0,0.0611397884786129,0.00025,0.1296611726284027,0.0
19419.0,7723.0,49.0,0.05573982000350952,0.00025,0.1386157125234604,0.0
19420.0,7724.0,49.0,0.056131042540073395,0.00025,0.07114166021347046,0.0
19421.0,7725.0,49.0,0.05105438083410263,0.00025,0.15775646269321442,0.0
19422.0,7726.0,49.0,0.0557548813521862,0.00025,0.1168874204158783,0.0
19423.0,7727.0,49.0,0.054384082555770874,0.00025,0.12692731618881226,0.0
19424.0,7728.0,49.0,0.04653417319059372,0.00025,0.1560068279504776,0.0
19425.0,7729.0,49.0,0.06851173937320709,0.00025,0.12087302654981613,0.0
19426.0,7730.0,49.0,0.052552420645952225,0.00025,0.16487684845924377,0.0
19427.0,7731.0,49.0,0.05831407010555267,0.00025,0.13080105185508728,0.0
19428.0,7732.0,49.0,0.05337951332330704,0.00025,0.08809953927993774,0.0
19429.0,7733.0,49.0,0.06045837327837944,0.00025,0.22513090074062347,0.0
19430.0,7734.0,49.0,0.06492583453655243,0.00025,0.04117513447999954,0.0
19431.0,7735.0,49.0,0.051851317286491394,0.00025,0.1732887625694275,0.0
19432.0,7736.0,49.0,0.06632053852081299,0.00025,0.08070304989814758,0.0
19433.0,7737.0,49.0,0.0474243089556694,0.00025,0.143055260181427,0.0
19434.0,7738.0,49.0,0.0534459725022316,0.00025,0.10719922930002213,0.0
19435.0,7739.0,49.0,0.05426361784338951,0.00025,0.08522818237543106,0.0
19436.0,7740.0,49.0,0.0403803214430809,0.00025,0.10248389840126038,0.0
19437.0,7741.0,49.0,0.059417616575956345,0.00025,0.0996427834033966,0.0
19438.0,7742.0,49.0,0.052510496228933334,0.00025,0.10658349096775055,0.0
19439.0,7743.0,49.0,0.05092140659689903,0.00025,0.06721625477075577,0.0
19440.0,7744.0,49.0,0.05496712028980255,0.00025,0.08246113359928131,0.0
19441.0,7745.0,49.0,0.05622357875108719,0.00025,0.06960688531398773,0.0
19442.0,7746.0,49.0,0.060150615870952606,0.00025,0.08179916441440582,0.0
19443.0,7747.0,49.0,0.05458926409482956,0.00025,0.06846418231725693,0.0
19444.0,7748.0,49.0,0.055598579347133636,0.00025,0.04855593293905258,0.0
19445.0,7749.0,49.0,0.040900819003582,0.00025,0.06547156721353531,0.0
19446.0,7750.0,49.0,0.06459671258926392,0.00025,0.0860697478055954,0.0
19447.0,7751.0,49.0,0.04904903471469879,0.00025,0.10979383438825607,0.0
19448.0,7752.0,49.0,0.04616490751504898,0.00025,0.051686841994524,0.0
19449.0,7753.0,49.0,0.05773302540183067,0.00025,0.12139584124088287,0.0
19450.0,7754.0,49.0,0.04621056839823723,0.00025,0.11394008249044418,0.0
19451.0,7755.0,49.0,0.05103946849703789,0.00025,0.06077633425593376,0.0
19452.0,7756.0,49.0,0.04928431659936905,0.00025,0.07164803892374039,0.0
19453.0,7757.0,49.0,0.05849628150463104,0.00025,0.0695442408323288,0.0
19454.0,7758.0,49.0,0.044532597064971924,0.00025,0.1025446355342865,0.0
19455.0,7759.0,49.0,0.047217849642038345,0.00025,0.1321500688791275,0.0
19456.0,7760.0,49.0,0.06129833310842514,0.00025,0.14411872625350952,0.0
19457.0,7761.0,49.0,0.058122262358665466,0.00025,0.12112635374069214,0.0
19458.0,7762.0,49.0,0.06511088460683823,0.00025,0.14719104766845703,0.0
19459.0,7763.0,49.0,0.05820223689079285,0.00025,0.08793855458498001,0.0
19460.0,7764.0,49.0,0.05669911578297615,0.00025,0.14725260436534882,0.0
19461.0,7765.0,49.0,0.05759662389755249,0.00025,0.061774056404829025,0.0
19462.0,7766.0,49.0,0.047448210418224335,0.00025,0.10448825359344482,0.0
19463.0,7767.0,49.0,0.06381063163280487,0.00025,0.12327821552753448,0.0
19464.0,7768.0,49.0,0.053351446986198425,0.00025,0.051551252603530884,0.0
19465.0,7769.0,49.0,0.06086914241313934,0.00025,0.13340546190738678,0.0
19466.0,7770.0,49.0,0.05664853751659393,0.00025,0.06486442685127258,0.0
19467.0,7771.0,49.0,0.05799026042222977,0.00025,0.12478019297122955,0.0
19468.0,7772.0,49.0,0.04857790097594261,0.00025,0.03081725910305977,0.0
19469.0,7773.0,49.0,0.05300503969192505,0.00025,0.11519628018140793,0.0
19470.0,7774.0,49.0,0.053492747247219086,0.00025,0.054321080446243286,0.0
19471.0,7775.0,49.0,0.055895429104566574,0.00025,0.12194511294364929,0.0
19472.0,7776.0,49.0,0.05836314707994461,0.00025,0.0644676685333252,0.0
19473.0,7777.0,49.0,0.05571652203798294,0.00025,0.11611967533826828,0.0
19474.0,7778.0,49.0,0.050308823585510254,0.00025,0.05902102217078209,0.0
19475.0,7779.0,49.0,0.0593189038336277,0.00025,0.09142865985631943,0.0
19476.0,7780.0,49.0,0.0495971143245697,0.00025,0.1221965029835701,0.0
19477.0,7781.0,49.0,0.05873841419816017,0.00025,0.07725447416305542,0.0
19478.0,7782.0,49.0,0.07068714499473572,0.00025,0.11037798970937729,0.0
19479.0,7783.0,49.0,0.05304151773452759,0.00025,0.023596951737999916,0.0
19480.0,7784.0,49.0,0.06431493163108826,0.00025,0.11834673583507538,0.0
19481.0,7785.0,49.0,0.04338119924068451,0.00025,0.10511676967144012,0.0
19482.0,7786.0,49.0,0.05058395862579346,0.00025,0.1310989260673523,0.0
19483.0,7787.0,49.0,0.04839564114809036,0.00025,0.09447817504405975,0.0
19484.0,7788.0,49.0,0.05426359176635742,0.00025,0.18433067202568054,0.0
19485.0,7789.0,49.0,0.05301501601934433,0.00025,0.06339023262262344,0.0
19486.0,7790.0,49.0,0.060477256774902344,0.00025,0.20578241348266602,0.0
19487.0,7791.0,49.0,0.06927593797445297,0.00025,0.11121082305908203,0.0
19488.0,7792.0,49.0,0.06913883984088898,0.00025,0.21585287153720856,0.0
19489.0,7793.0,49.0,0.048306360840797424,0.00025,0.11590223759412766,0.0
19490.0,7794.0,49.0,0.05739110708236694,0.00025,0.14456111192703247,0.0
19491.0,7795.0,49.0,0.05530715361237526,0.00025,0.18820339441299438,0.0
19492.0,7796.0,49.0,0.050816312432289124,0.00025,0.09661705791950226,0.0
19493.0,7797.0,49.0,0.06712822616100311,0.00025,0.21460196375846863,0.0
19494.0,7798.0,49.0,0.05803902447223663,0.00025,0.06681592017412186,0.0
19495.0,7799.0,49.0,0.06652764230966568,0.00025,0.13924747705459595,0.0
19496.0,7800.0,49.0,0.05334069952368736,0.00025,0.16491448879241943,0.0
