"step","loss_100","lr","step_per_sec","elapsed_seconds"
"100","1.2301505","1.01e-05","11.36288","8.8"
"200","0.9631753","2.01e-05","12.01997","16.6"
"300","0.4296970","3.01e-05","12.27932","24.4"
"400","0.3422118","4.01e-05","12.42755","32.2"
"500","0.3344171","5.01e-05","12.47706","40.1"
"600","0.3270246","6.01e-05","12.54685","47.8"
"700","0.3240463","7.01e-05","12.57110","55.7"
"800","0.3190834","8.01e-05","12.59426","63.5"
"900","0.3087949","9.01e-05","12.62358","71.3"
"1000","0.2933002","0.0001001","12.66498","79.0"
"1100","0.2835812","0.0001101","12.68452","86.7"
"1200","0.2798294","0.0001201","12.67169","94.7"
"1300","0.2742773","0.0001301","12.69921","102.4"
"1400","0.2711367","0.0001401","12.70841","110.2"
"1500","0.2681040","0.0001501","12.71539","118.0"
"1600","0.2670361","0.0001601","12.69931","126.0"
"1700","0.2647706","0.0001701","12.70635","133.8"
"1800","0.2588248","0.0001801","12.71984","141.5"
"1900","0.2501850","0.0001901","12.74696","149.1"
"2000","0.2412559","0.0002","12.76572","156.7"
"2100","0.2361151","0.0002","12.77630","164.4"
"2200","0.2316457","0.0002","12.78774","172.0"
"2300","0.2237251","0.0002","12.79913","179.7"
"2400","0.2182577","0.0002","12.79817","187.5"
"2500","0.2146493","0.0002","12.80339","195.3"
"2600","0.2109867","0.0002","12.80672","203.0"
"2700","0.2085519","0.0002","12.81317","210.7"
"2800","0.2061465","0.0002","12.82500","218.3"
"2900","0.2040254","0.0002","12.83274","226.0"
"3000","0.2014522","0.0002","12.83100","233.8"
"3100","0.2035437","0.0002","12.84105","241.4"
"3200","0.2019604","0.0002","12.83901","249.2"
"3300","0.2003034","0.0002","12.82855","257.2"
"3400","0.1986060","0.0002","12.82267","265.2"
"3500","0.1985054","0.0002","12.82709","272.9"
"3600","0.1949569","0.0002","12.83417","280.5"
"3700","0.1961668","0.0002","12.83501","288.3"
"3800","0.1952433","0.0002","12.84317","295.9"
"3900","0.1964666","0.0002","12.85165","303.5"
"4000","0.1921736","0.0002","12.84777","311.3"
"4100","0.1930227","0.0002","12.85429","319.0"
"4200","0.1928123","0.0002","12.85145","326.8"
"4300","0.1942960","0.0002","12.85381","334.5"
"4400","0.1932085","0.0002","12.84669","342.5"
"4500","0.1930478","0.0002","12.84434","350.3"
"4600","0.1935035","0.0002","12.84575","358.1"
"4700","0.1924116","0.0002","12.84777","365.8"
"4800","0.1948793","0.0002","12.84893","373.6"
"4900","0.1884622","0.0002","12.85680","381.1"
"5000","0.1920075","0.0002","12.85340","389.0"
"5100","0.1931319","0.0002","12.85864","396.6"
"5200","0.1909638","0.0002","12.85804","404.4"
"5300","0.1910920","0.0002","12.85990","412.1"
"5400","0.1883397","0.0002","12.85852","420.0"
"5500","0.1900073","0.0002","12.85488","427.9"
"5600","0.1914497","0.0002","12.85113","435.8"
"5700","0.1896542","0.0002","12.84566","443.7"
"5800","0.1892499","0.0002","12.84405","451.6"
"5900","0.1891491","0.0002","12.85149","459.1"
"6000","0.1899811","0.0002","12.85422","466.8"
"6100","0.1880822","0.0002","12.85485","474.5"
"6200","0.1872937","0.0002","12.85361","482.4"
"6300","0.1874280","0.0002","12.84988","490.3"
"6400","0.1873305","0.0002","12.84055","498.4"
"6500","0.1891102","0.0002","12.83596","506.4"
"6600","0.1880737","0.0002","12.83258","514.3"
"6700","0.1869341","0.0002","12.83733","521.9"
"6800","0.1897616","0.0002","12.83479","529.8"
"6900","0.1858757","0.0002","12.83687","537.5"
"7000","0.1854567","0.0002","12.83817","545.2"
"7100","0.1864194","0.0002","12.84000","553.0"
"7200","0.1854710","0.0002","12.84569","560.5"
"7300","0.1859649","0.0002","12.84664","568.2"
"7400","0.1849077","0.0002","12.84499","576.1"
"7500","0.1889776","0.0002","12.84433","583.9"
"7600","0.1888116","0.0002","12.84581","591.6"
"7700","0.1858848","0.0002","12.84559","599.4"
"7800","0.1855916","0.0002","12.84839","607.1"
"7900","0.1859472","0.0002","12.84497","615.0"
"8000","0.1862660","0.0002","12.84682","622.7"
"8100","0.1844499","0.0002","12.83876","630.9"
"8200","0.1843715","0.0002","12.83866","638.7"
"8300","0.1839435","0.0002","12.83775","646.5"
"8400","0.1863073","0.0002","12.83708","654.4"
"8500","0.1850992","0.0002","12.83367","662.3"
"8600","0.1849403","0.0002","12.83609","670.0"
"8700","0.1859163","0.0002","12.84023","677.6"
"8800","0.1828198","0.0002","12.84254","685.2"
"8900","0.1839880","0.0002","12.84277","693.0"
"9000","0.1852206","0.0002","12.84104","700.9"
"9100","0.1833002","0.0002","12.83621","708.9"
"9200","0.1857449","0.0002","12.83504","716.8"
"9300","0.1818813","0.0002","12.83793","724.4"
"9400","0.1846485","0.0002","12.84036","732.1"
"9500","0.1844501","0.0002","12.84379","739.7"
"9600","0.1829879","0.0002","12.84089","747.6"
"9700","0.1843318","0.0002","12.83955","755.5"
"9800","0.1836008","0.0002","12.83796","763.4"
"9900","0.1864185","0.0002","12.83398","771.4"
"10000","0.1838694","0.0002","12.83121","779.3"
"10100","0.1816252","0.0002","12.81214","788.3"
"10200","0.1813845","0.0002","12.80861","796.3"
"10300","0.1847636","0.0002","12.81060","804.0"
"10400","0.1837389","0.0002","12.80903","811.9"
"10500","0.1854245","0.0002","12.81159","819.6"
"10600","0.1843026","0.0002","12.81470","827.2"
"10700","0.1830536","0.0002","12.81805","834.8"
"10800","0.1813875","0.0002","12.82081","842.4"
"10900","0.1834617","0.0002","12.82405","850.0"
"11000","0.1852742","0.0002","12.82143","857.9"
"11100","0.1821790","0.0002","12.82469","865.5"
"11200","0.1837677","0.0002","12.82595","873.2"
"11300","0.1833828","0.0002","12.82541","881.1"
"11400","0.1828255","0.0002","12.82694","888.8"
"11500","0.1841727","0.0002","12.83027","896.3"
"11600","0.1826127","0.0002","12.83147","904.0"
"11700","0.1834325","0.0002","12.83414","911.6"
"11800","0.1844203","0.0002","12.83428","919.4"
"11900","0.1830488","0.0002","12.83498","927.2"
"12000","0.1829832","0.0002","12.83626","934.9"
"12100","0.1861118","0.0002","12.83735","942.6"
"12200","0.1854854","0.0002","12.84055","950.1"
"12300","0.1842563","0.0002","12.84281","957.7"
"12400","0.1847044","0.0002","12.84332","965.5"
"12500","0.1826400","0.0002","12.84515","973.1"
"12600","0.1832165","0.0002","12.84690","980.8"
"12700","0.1823448","0.0002","12.84896","988.4"
"12800","0.1834338","0.0002","12.85090","996.0"
"12900","0.1823664","0.0002","12.85418","1003.6"
"13000","0.1804601","0.0002","12.85469","1011.3"
"13100","0.1837861","0.0002","12.85653","1018.9"
"13200","0.1801575","0.0002","12.85854","1026.6"
"13300","0.1796238","0.0002","12.85609","1034.5"
"13400","0.1826302","0.0002","12.85670","1042.3"
"13500","0.1813495","0.0002","12.85815","1049.9"
"13600","0.1841316","0.0002","12.86015","1057.5"
"13700","0.1838161","0.0002","12.86181","1065.2"
"13800","0.1819813","0.0002","12.86335","1072.8"
"13900","0.1791200","0.0002","12.86541","1080.4"
"14000","0.1827331","0.0002","12.86687","1088.1"
"14100","0.1805998","0.0002","12.86777","1095.8"
"14200","0.1808994","0.0002","12.86844","1103.5"
"14300","0.1816180","0.0002","12.86888","1111.2"
"14400","0.1840188","0.0002","12.86998","1118.9"
"14500","0.1812669","0.0002","12.87108","1126.6"
"14600","0.1810465","0.0002","12.87081","1134.3"
"14700","0.1821015","0.0002","12.86948","1142.2"
"14800","0.1798217","0.0002","12.87155","1149.8"
"14900","0.1811723","0.0002","12.87252","1157.5"
"15000","0.1815632","0.0002","12.87448","1165.1"
"15100","0.1798767","0.0002","12.87458","1172.9"
"15200","0.1834433","0.0002","12.87695","1180.4"
"15300","0.1807545","0.0002","12.87906","1188.0"
"15400","0.1810618","0.0002","12.87562","1196.1"
"15500","0.1807926","0.0002","12.87504","1203.9"
"15600","0.1823990","0.0002","12.87204","1211.9"
"15700","0.1810766","0.0002","12.87293","1219.6"
"15800","0.1827338","0.0002","12.87526","1227.2"
"15900","0.1805678","0.0002","12.87608","1234.8"
"16000","0.1812085","0.0002","12.87762","1242.5"
"16100","0.1814794","0.0002","12.87858","1250.1"
"16200","0.1807023","0.0002","12.87924","1257.8"
"16300","0.1815836","0.0002","12.87998","1265.5"
"16400","0.1799924","0.0002","12.88107","1273.2"
"16500","0.1822948","0.0002","12.88118","1280.9"
"16600","0.1797998","0.0002","12.88102","1288.7"
"16700","0.1790432","0.0002","12.88260","1296.3"
"16800","0.1775429","0.0002","12.88421","1303.9"
"16900","0.1807970","0.0002","12.88313","1311.8"
"17000","0.1803442","0.0002","12.88152","1319.7"
"17100","0.1791412","0.0002","12.88355","1327.3"
"17200","0.1810985","0.0002","12.88339","1335.1"
"17300","0.1791634","0.0002","12.88452","1342.7"
"17400","0.1801308","0.0002","12.88302","1350.6"
"17500","0.1803904","0.0002","12.88488","1358.2"
"17600","0.1810008","0.0002","12.88600","1365.8"
"17700","0.1801450","0.0002","12.88736","1373.4"
"17800","0.1804678","0.0002","12.88733","1381.2"
"17900","0.1786692","0.0002","12.88695","1389.0"
"18000","0.1799268","0.0002","12.88500","1397.0"
"18100","0.1823957","0.0002","12.88473","1404.8"
"18200","0.1810235","0.0002","12.88584","1412.4"
"18300","0.1821605","0.0002","12.88642","1420.1"
"18400","0.1786662","0.0002","12.88691","1427.8"
"18500","0.1819151","0.0002","12.88829","1435.4"
"18600","0.1758308","0.0002","12.88968","1443.0"
"18700","0.1800534","0.0002","12.89031","1450.7"
"18800","0.1811135","0.0002","12.88928","1458.6"
"18900","0.1829737","0.0002","12.88837","1466.4"
"19000","0.1768220","0.0002","12.88787","1474.3"
"19100","0.1791983","0.0002","12.88632","1482.2"
"19200","0.1816505","0.0002","12.88699","1489.9"
"19300","0.1807730","0.0002","12.88783","1497.5"
"19400","0.1796517","0.0002","12.88666","1505.4"
"19500","0.1787835","0.0002","12.88401","1513.5"
"19600","0.1798639","0.0002","12.88295","1521.4"
"19700","0.1800526","0.0002","12.88263","1529.2"
"19800","0.1781061","0.0002","12.88388","1536.8"
"19900","0.1780208","0.0002","12.88427","1544.5"
"20000","0.1793339","0.0002","12.88494","1552.2"
"20100","0.1795925","0.0002","12.87156","1561.6"
"20200","0.1796058","0.0002","12.86956","1569.6"
"20300","0.1785879","0.0002","12.86779","1577.6"
"20400","0.1802996","0.0002","12.86784","1585.3"
"20500","0.1790560","0.0002","12.86780","1593.1"
"20600","0.1813718","0.0002","12.86788","1600.9"
"20700","0.1766010","0.0002","12.86674","1608.8"
"20800","0.1794050","0.0002","12.86752","1616.5"
"20900","0.1815634","0.0002","12.86798","1624.2"
"21000","0.1803387","0.0002","12.86899","1631.8"
"21100","0.1798459","0.0002","12.86881","1639.6"
"21200","0.1780512","0.0002","12.86877","1647.4"
"21300","0.1784741","0.0002","12.86791","1655.3"
"21400","0.1777216","0.0002","12.86699","1663.2"
"21500","0.1793035","0.0002","12.86771","1670.8"
"21600","0.1787716","0.0002","12.86813","1678.6"
"21700","0.1792466","0.0002","12.86877","1686.3"
"21800","0.1795089","0.0002","12.86922","1694.0"
"21900","0.1792284","0.0002","12.86694","1702.0"
"22000","0.1764900","0.0002","12.86711","1709.8"
"22100","0.1802317","0.0002","12.86786","1717.5"
"22200","0.1775258","0.0002","12.86811","1725.2"
"22300","0.1794755","0.0002","12.86964","1732.8"
"22400","0.1798137","0.0002","12.87076","1740.4"
"22500","0.1780350","0.0002","12.86834","1748.5"
"22600","0.1783184","0.0002","12.86628","1756.5"
"22700","0.1780035","0.0002","12.86612","1764.3"
"22800","0.1788704","0.0002","12.86711","1772.0"
"22900","0.1805447","0.0002","12.86830","1779.6"
"23000","0.1745372","0.0002","12.86891","1787.3"
"23100","0.1795728","0.0002","12.86944","1794.9"
"23200","0.1799870","0.0002","12.87026","1802.6"
"23300","0.1774535","0.0002","12.87013","1810.4"
"23400","0.1777637","0.0002","12.86999","1818.2"
"23500","0.1766087","0.0002","12.86797","1826.2"
"23600","0.1773575","0.0002","12.86731","1834.1"
"23700","0.1789182","0.0002","12.86667","1842.0"
"23800","0.1811523","0.0002","12.86737","1849.6"
"23900","0.1786498","0.0002","12.86737","1857.4"
"24000","0.1799325","0.0002","12.86724","1865.2"
"24100","0.1791161","0.0002","12.86816","1872.8"
"24200","0.1805952","0.0002","12.86807","1880.6"
"24300","0.1771464","0.0002","12.86693","1888.6"
"24400","0.1805144","0.0002","12.86676","1896.4"
"24500","0.1761616","0.0002","12.86579","1904.3"
"24600","0.1777448","0.0002","12.86647","1911.9"
"24700","0.1771475","0.0002","12.86746","1919.6"
"24800","0.1798758","0.0002","12.86733","1927.4"
"24900","0.1779778","0.0002","12.86736","1935.1"
"25000","0.1763930","0.0002","12.86749","1942.9"
"25100","0.1791643","0.0002","12.86728","1950.7"
"25200","0.1806694","0.0002","12.86543","1958.7"
"25300","0.1763235","0.0002","12.86654","1966.3"
"25400","0.1806756","0.0002","12.86764","1973.9"
"25500","0.1795191","0.0002","12.86869","1981.6"
"25600","0.1782698","0.0002","12.86977","1989.2"
"25700","0.1771465","0.0002","12.87004","1996.9"
"25800","0.1777620","0.0002","12.86803","2005.0"
"25900","0.1758523","0.0002","12.86852","2012.7"
"26000","0.1797787","0.0002","12.86680","2020.7"
"26100","0.1809285","0.0002","12.86479","2028.8"
"26200","0.1796588","0.0002","12.86512","2036.5"
"26300","0.1794692","0.0002","12.86587","2044.2"
"26400","0.1783637","0.0002","12.86649","2051.8"
"26500","0.1787037","0.0002","12.86731","2059.5"
"26600","0.1768837","0.0002","12.86513","2067.6"
"26700","0.1793354","0.0002","12.86493","2075.4"
"26800","0.1768782","0.0002","12.86601","2083.0"
"26900","0.1776762","0.0002","12.86447","2091.0"
"27000","0.1779275","0.0002","12.86523","2098.7"
"27100","0.1790444","0.0002","12.86386","2106.7"
"27200","0.1756782","0.0002","12.86447","2114.4"
"27300","0.1788796","0.0002","12.86559","2121.9"
"27400","0.1795236","0.0002","12.86572","2129.7"
"27500","0.1792942","0.0002","12.86685","2137.3"
"27600","0.1769185","0.0002","12.86789","2144.9"
"27700","0.1764929","0.0002","12.86863","2152.5"
"27800","0.1779802","0.0002","12.86979","2160.1"
"27900","0.1775232","0.0002","12.87077","2167.7"
"28000","0.1787815","0.0002","12.87101","2175.4"
"28100","0.1784164","0.0002","12.87114","2183.2"
"28200","0.1774590","0.0002","12.87122","2190.9"
"28300","0.1767188","0.0002","12.87122","2198.7"
"28400","0.1761763","0.0002","12.87162","2206.4"
"28500","0.1782685","0.0002","12.87267","2214.0"
"28600","0.1756581","0.0002","12.87248","2221.8"
"28700","0.1770950","0.0002","12.87159","2229.7"
"28800","0.1766062","0.0002","12.87205","2237.4"
"28900","0.1792999","0.0002","12.87234","2245.1"
"29000","0.1773633","0.0002","12.87283","2252.8"
"29100","0.1775476","0.0002","12.87235","2260.7"
"29200","0.1757355","0.0002","12.87286","2268.3"
"29300","0.1747254","0.0002","12.87329","2276.0"
"29400","0.1789765","0.0002","12.87366","2283.7"
"29500","0.1775832","0.0002","12.87397","2291.4"
"29600","0.1761118","0.0002","12.87479","2299.1"
"29700","0.1774459","0.0002","12.87529","2306.7"
"29800","0.1790951","0.0002","12.87637","2314.3"
"29900","0.1779842","0.0002","12.87702","2322.0"
"30000","0.1788270","0.0002","12.87646","2329.8"
"30100","0.1767857","0.0002","12.86774","2339.2"
"30200","0.1771302","0.0002","12.86754","2347.0"
"30300","0.1763680","0.0002","12.86778","2354.7"
"30400","0.1772431","0.0002","12.86849","2362.4"
"30500","0.1770090","0.0002","12.86709","2370.4"
"30600","0.1768460","0.0002","12.86789","2378.0"
"30700","0.1790220","0.0002","12.86714","2385.9"
"30800","0.1756917","0.0002","12.86700","2393.7"
"30900","0.1765303","0.0002","12.86675","2401.5"
"31000","0.1780505","0.0002","12.86748","2409.2"
"31100","0.1746269","0.0002","12.86764","2416.9"
"31200","0.1774367","0.0002","12.86617","2425.0"
"31300","0.1757014","0.0002","12.86655","2432.7"
"31400","0.1783356","0.0002","12.86720","2440.3"
"31500","0.1748693","0.0002","12.86707","2448.1"
"31600","0.1759597","0.0002","12.86759","2455.8"
"31700","0.1739515","0.0002","12.86818","2463.4"
"31800","0.1766875","0.0002","12.86887","2471.1"
"31900","0.1785840","0.0002","12.86842","2478.9"
"32000","0.1789447","0.0002","12.86784","2486.8"
"32100","0.1788018","0.0002","12.86839","2494.5"
"32200","0.1760202","0.0002","12.86848","2502.2"
"32300","0.1774425","0.0002","12.86884","2509.9"
"32400","0.1762019","0.0002","12.86866","2517.7"
"32500","0.1787558","0.0002","12.86786","2525.7"
"32600","0.1763360","0.0002","12.86892","2533.2"
"32700","0.1772980","0.0002","12.86929","2540.9"
"32800","0.1758894","0.0002","12.86982","2548.6"
"32900","0.1733696","0.0002","12.87016","2556.3"
"33000","0.1780305","0.0002","12.87009","2564.1"
"33100","0.1766420","0.0002","12.87032","2571.8"
"33200","0.1769060","0.0002","12.87056","2579.5"
"33300","0.1764172","0.0002","12.87278","2586.9"
"33400","0.1759096","0.0002","12.87498","2594.2"
"33500","0.1754168","0.0002","12.87720","2601.5"
"33600","0.1795393","0.0002","12.87909","2608.9"
"33700","0.1785782","0.0002","12.88130","2616.2"
"33800","0.1788920","0.0002","12.88346","2623.5"
"33900","0.1775229","0.0002","12.88562","2630.8"
"34000","0.1758304","0.0002","12.88778","2638.2"
"34100","0.1770522","0.0002","12.88992","2645.5"
"34200","0.1772629","0.0002","12.89200","2652.8"
"34300","0.1783931","0.0002","12.89409","2660.1"
"34400","0.1774811","0.0002","12.89594","2667.5"
"34500","0.1769901","0.0002","12.89797","2674.8"
"34600","0.1753775","0.0002","12.90003","2682.2"
"34700","0.1752549","0.0002","12.90208","2689.5"
"34800","0.1770645","0.0002","12.90412","2696.8"
"34900","0.1775051","0.0002","12.90465","2704.5"
"35000","0.1766896","0.0002","12.90624","2711.9"
"35100","0.1777680","0.0002","12.90822","2719.2"
"35200","0.1773528","0.0002","12.90997","2726.6"
"35300","0.1749950","0.0002","12.91192","2733.9"
"35400","0.1758763","0.0002","12.91360","2741.3"
"35500","0.1764735","0.0002","12.91400","2749.0"
"35600","0.1776239","0.0002","12.91368","2756.8"
"35700","0.1748380","0.0002","12.91363","2764.5"
"35800","0.1788008","0.0002","12.91444","2772.1"
"35900","0.1746421","0.0002","12.91560","2779.6"
"36000","0.1747487","0.0002","12.91729","2787.0"
"36100","0.1754115","0.0002","12.91924","2794.3"
"36200","0.1775692","0.0002","12.92117","2801.6"
"36300","0.1762804","0.0002","12.92307","2808.9"
"36400","0.1773193","0.0002","12.92497","2816.3"
"36500","0.1755981","0.0002","12.92688","2823.6"
"36600","0.1766392","0.0002","12.92876","2830.9"
"36700","0.1768160","0.0002","12.93064","2838.2"
"36800","0.1769925","0.0002","12.93228","2845.6"
"36900","0.1756836","0.0002","12.93415","2852.9"
"37000","0.1776224","0.0002","12.93600","2860.2"
"37100","0.1767821","0.0002","12.93781","2867.6"
"37200","0.1782502","0.0002","12.93964","2874.9"
"37300","0.1767151","0.0002","12.94146","2882.2"
"37400","0.1763558","0.0002","12.94330","2889.5"
"37500","0.1769546","0.0002","12.94485","2896.9"
"37600","0.1756063","0.0002","12.94664","2904.2"
"37700","0.1743869","0.0002","12.94841","2911.6"
"37800","0.1769799","0.0002","12.95017","2918.9"
"37900","0.1759389","0.0002","12.95191","2926.2"
"38000","0.1780256","0.0002","12.95367","2933.5"
"38100","0.1751173","0.0002","12.95542","2940.9"
"38200","0.1741806","0.0002","12.95716","2948.2"
"38300","0.1767113","0.0002","12.95759","2955.8"
"38400","0.1744429","0.0002","12.95749","2963.5"
"38500","0.1762325","0.0002","12.95777","2971.2"
"38600","0.1737756","0.0002","12.95752","2979.0"
"38700","0.1756371","0.0002","12.95747","2986.7"
"38800","0.1746764","0.0002","12.95740","2994.4"
"38900","0.1756373","0.0002","12.95789","3002.0"
"39000","0.1758533","0.0002","12.95768","3009.8"
"39100","0.1768726","0.0002","12.95758","3017.5"
"39200","0.1769459","0.0002","12.95812","3025.1"
"39300","0.1767182","0.0002","12.95815","3032.8"
"39400","0.1774268","0.0002","12.95670","3040.9"
"39500","0.1748920","0.0002","12.95639","3048.7"
"39600","0.1740377","0.0002","12.95477","3056.8"
"39700","0.1755669","0.0002","12.95325","3064.9"
"39800","0.1772092","0.0002","12.95220","3072.8"
"39900","0.1730295","0.0002","12.95143","3080.7"
"40000","0.1782159","0.0002","12.95131","3088.5"
"40100","0.1769956","0.0002","12.94637","3097.4"
"40200","0.1752918","0.0002","12.94577","3105.3"
"40300","0.1783710","0.0002","12.94553","3113.0"
"40400","0.1789444","0.0002","12.94527","3120.8"
"40500","0.1741645","0.0002","12.94502","3128.6"
"40600","0.1751388","0.0002","12.94525","3136.3"
"40700","0.1743060","0.0002","12.94446","3144.2"
"40800","0.1737941","0.0002","12.94399","3152.0"
"40900","0.1740364","0.0002","12.94305","3160.0"
"41000","0.1762623","0.0002","12.94262","3167.8"
"41100","0.1769423","0.0002","12.94217","3175.7"
"41200","0.1760812","0.0002","12.94166","3183.5"
"41300","0.1744973","0.0002","12.94157","3191.3"
"41400","0.1780576","0.0002","12.94102","3199.1"
"41500","0.1739718","0.0002","12.94053","3207.0"
"41600","0.1761343","0.0002","12.94059","3214.7"
"41700","0.1788822","0.0002","12.94064","3222.4"
"41800","0.1754504","0.0002","12.94111","3230.0"
"41900","0.1773167","0.0002","12.94132","3237.7"
"42000","0.1743679","0.0002","12.94175","3245.3"
"42100","0.1789231","0.0002","12.94106","3253.2"
"42200","0.1761962","0.0002","12.94092","3261.0"
"42300","0.1744350","0.0002","12.94143","3268.6"
"42400","0.1770544","0.0002","12.94142","3276.3"
"42500","0.1767545","0.0002","12.94177","3283.9"
"42600","0.1762401","0.0002","12.94236","3291.5"
"42700","0.1766678","0.0002","12.94285","3299.1"
"42800","0.1737058","0.0002","12.94323","3306.7"
"42900","0.1740999","0.0002","12.94288","3314.6"
"43000","0.1777882","0.0002","12.94261","3322.4"
"43100","0.1761819","0.0002","12.94146","3330.4"
"43200","0.1751209","0.0002","12.94064","3338.3"
"43300","0.1770715","0.0002","12.93843","3346.6"
"43400","0.1722832","0.0002","12.93813","3354.4"
"43500","0.1770421","0.0002","12.93739","3362.3"
"43600","0.1766310","0.0002","12.93769","3370.0"
"43700","0.1757604","0.0002","12.93799","3377.6"
"43800","0.1774876","0.0002","12.93757","3385.5"
"43900","0.1754956","0.0002","12.93783","3393.2"
"44000","0.1760310","0.0002","12.93746","3401.0"
"44100","0.1770072","0.0002","12.93779","3408.6"
"44200","0.1738820","0.0002","12.93628","3416.7"
"44300","0.1769236","0.0002","12.93696","3424.3"
"44400","0.1752835","0.0002","12.93658","3432.1"
"44500","0.1758463","0.0002","12.93648","3439.9"
"44600","0.1758941","0.0002","12.93611","3447.7"
"44700","0.1768504","0.0002","12.93539","3455.6"
"44800","0.1748121","0.0002","12.93543","3463.4"
"44900","0.1767864","0.0002","12.93600","3470.9"
"45000","0.1794854","0.0002","12.93512","3478.9"
"45100","0.1764534","0.0002","12.93532","3486.6"
"45200","0.1750884","0.0002","12.93532","3494.3"
"45300","0.1722371","0.0002","12.93553","3502.0"
"45400","0.1723616","0.0002","12.93594","3509.6"
"45500","0.1759093","0.0002","12.93617","3517.3"
"45600","0.1751188","0.0002","12.93647","3524.9"
"45700","0.1774915","0.0002","12.93608","3532.8"
"45800","0.1751563","0.0002","12.93578","3540.6"
"45900","0.1742707","0.0002","12.93573","3548.3"
"46000","0.1722144","0.0002","12.93563","3556.1"
"46100","0.1753569","0.0002","12.93529","3563.9"
"46200","0.1759040","0.0002","12.93535","3571.6"
"46300","0.1767470","0.0002","12.93511","3579.4"
"46400","0.1741354","0.0002","12.93482","3587.2"
"46500","0.1760783","0.0002","12.93486","3594.9"
"46600","0.1767095","0.0002","12.93477","3602.7"
"46700","0.1746095","0.0002","12.93468","3610.4"
"46800","0.1736911","0.0002","12.93517","3618.0"
"46900","0.1773091","0.0002","12.93529","3625.7"
"47000","0.1768273","0.0002","12.93517","3633.5"
"47100","0.1740339","0.0002","12.93486","3641.3"
"47200","0.1747070","0.0002","12.93544","3648.9"
"47300","0.1756862","0.0002","12.93612","3656.4"
"47400","0.1772166","0.0002","12.93666","3664.0"
"47500","0.1763689","0.0002","12.93701","3671.6"
"47600","0.1741054","0.0002","12.93748","3679.2"
"47700","0.1773383","0.0002","12.93796","3686.8"
"47800","0.1724225","0.0002","12.93829","3694.5"
"47900","0.1747024","0.0002","12.93878","3702.0"
"48000","0.1748539","0.0002","12.93923","3709.7"
"48100","0.1752334","0.0002","12.93965","3717.3"
"48200","0.1763478","0.0002","12.93995","3724.9"
"48300","0.1739392","0.0002","12.94076","3732.4"
"48400","0.1756794","0.0002","12.94087","3740.1"
"48500","0.1746078","0.0002","12.94126","3747.7"
"48600","0.1756993","0.0002","12.94159","3755.3"
"48700","0.1782528","0.0002","12.94182","3763.0"
"48800","0.1764855","0.0002","12.94159","3770.8"
"48900","0.1753462","0.0002","12.94170","3778.5"
"49000","0.1769942","0.0002","12.94125","3786.3"
"49100","0.1769450","0.0002","12.94165","3794.0"
"49200","0.1748119","0.0002","12.94220","3801.5"
"49300","0.1755735","0.0002","12.94197","3809.3"
"49400","0.1739696","0.0002","12.94182","3817.1"
"49500","0.1733258","0.0002","12.94163","3824.9"
"49600","0.1747903","0.0002","12.94141","3832.7"
"49700","0.1760804","0.0002","12.94131","3840.4"
"49800","0.1766208","0.0002","12.94139","3848.1"
"49900","0.1748373","0.0002","12.94169","3855.8"
"50000","0.1744679","0.0002","12.94168","3863.5"
"50100","0.1754773","0.0002","12.93558","3873.0"
"50200","0.1776459","0.0002","12.93501","3880.9"
"50300","0.1762936","0.0002","12.93497","3888.7"
"50400","0.1740371","0.0002","12.93410","3896.7"
"50500","0.1756258","0.0002","12.93383","3904.5"
"50600","0.1737252","0.0002","12.93407","3912.1"
"50700","0.1732066","0.0002","12.93388","3919.9"
"50800","0.1757937","0.0002","12.93383","3927.7"
"50900","0.1753385","0.0002","12.93371","3935.5"
"51000","0.1756040","0.0002","12.93318","3943.3"
"51100","0.1743396","0.0002","12.93342","3951.0"
"51200","0.1740084","0.0002","12.93395","3958.6"
"51300","0.1728673","0.0002","12.93448","3966.1"
"51400","0.1761199","0.0002","12.93513","3973.7"
"51500","0.1760618","0.0002","12.93487","3981.5"
"51600","0.1745708","0.0002","12.93463","3989.3"
"51700","0.1756692","0.0002","12.93393","3997.2"
"51800","0.1746535","0.0002","12.93447","4004.8"
"51900","0.1735213","0.0002","12.93493","4012.4"
"52000","0.1745135","0.0002","12.93490","4020.1"
"52100","0.1747824","0.0002","12.93464","4027.9"
"52200","0.1739316","0.0002","12.93425","4035.8"
"52300","0.1756191","0.0002","12.93405","4043.6"
"52400","0.1737285","0.0002","12.93308","4051.6"
"52500","0.1761010","0.0002","12.93242","4059.6"
"52600","0.1745403","0.0002","12.93164","4067.5"
"52700","0.1749867","0.0002","12.93200","4075.2"
"52800","0.1759070","0.0002","12.93209","4082.9"
"52900","0.1746758","0.0002","12.93257","4090.4"
"53000","0.1754079","0.0002","12.93221","4098.3"
"53100","0.1749920","0.0002","12.93193","4106.1"
"53200","0.1770649","0.0002","12.93133","4114.0"
"53300","0.1741036","0.0002","12.92993","4122.2"
"53400","0.1748945","0.0002","12.93020","4129.9"
"53500","0.1730203","0.0002","12.92989","4137.7"
"53600","0.1726667","0.0002","12.92967","4145.5"
"53700","0.1749223","0.0002","12.93008","4153.1"
"53800","0.1717977","0.0002","12.93021","4160.8"
"53900","0.1743967","0.0002","12.93022","4168.5"
"54000","0.1748353","0.0002","12.93025","4176.3"
"54100","0.1763341","0.0002","12.93027","4184.0"
"54200","0.1761976","0.0002","12.93060","4191.6"
"54300","0.1734077","0.0002","12.93082","4199.3"
"54400","0.1762498","0.0002","12.93073","4207.0"
"54500","0.1755598","0.0002","12.92991","4215.0"
"54600","0.1729788","0.0002","12.92956","4222.9"
"54700","0.1753063","0.0002","12.92915","4230.7"
"54800","0.1770061","0.0002","12.92863","4238.7"
"54900","0.1770924","0.0002","12.92866","4246.4"
"55000","0.1723207","0.0002","12.92880","4254.1"
"55100","0.1752297","0.0002","12.92912","4261.7"
"55200","0.1728997","0.0002","12.92868","4269.6"
"55300","0.1750691","0.0002","12.92815","4277.5"
"55400","0.1738134","0.0002","12.92788","4285.3"
"55500","0.1740792","0.0002","12.92809","4293.0"
"55600","0.1746750","0.0002","12.92869","4300.5"
"55700","0.1757471","0.0002","12.92795","4308.5"
"55800","0.1750283","0.0002","12.92759","4316.4"
"55900","0.1756360","0.0002","12.92736","4324.2"
"56000","0.1741058","0.0002","12.92726","4331.9"
"56100","0.1741337","0.0002","12.92773","4339.5"
"56200","0.1754038","0.0002","12.92788","4347.2"
"56300","0.1736412","0.0002","12.92706","4355.2"
"56400","0.1753553","0.0002","12.92719","4362.9"
"56500","0.1739264","0.0002","12.92702","4370.7"
"56600","0.1713471","0.0002","12.92608","4378.7"
"56700","0.1746013","0.0002","12.92620","4386.4"
"56800","0.1750463","0.0002","12.92601","4394.2"
"56900","0.1758971","0.0002","12.92588","4402.0"
"57000","0.1752867","0.0002","12.92542","4409.9"
"57100","0.1736944","0.0002","12.92498","4417.8"
"57200","0.1761484","0.0002","12.92503","4425.5"
"57300","0.1759598","0.0002","12.92542","4433.1"
"57400","0.1758227","0.0002","12.92532","4440.9"
"57500","0.1765322","0.0002","12.92545","4448.6"
"57600","0.1763648","0.0002","12.92553","4456.3"
"57700","0.1729393","0.0002","12.92586","4463.9"
"57800","0.1772915","0.0002","12.92598","4471.6"
"57900","0.1727732","0.0002","12.92612","4479.3"
"58000","0.1770083","0.0002","12.92584","4487.1"
"58100","0.1758838","0.0002","12.92602","4494.8"
"58200","0.1749654","0.0002","12.92621","4502.5"
"58300","0.1752679","0.0002","12.92669","4510.0"
"58400","0.1732793","0.0002","12.92691","4517.7"
"58500","0.1718408","0.0002","12.92690","4525.4"
"58600","0.1745034","0.0002","12.92641","4533.4"
"58700","0.1721085","0.0002","12.92656","4541.0"
"58800","0.1759773","0.0002","12.92688","4548.7"
"58900","0.1750207","0.0002","12.92679","4556.4"
"59000","0.1729386","0.0002","12.92643","4564.3"
"59100","0.1751359","0.0002","12.92653","4572.0"
"59200","0.1747837","0.0002","12.92605","4579.9"
"59300","0.1736678","0.0002","12.92514","4588.0"
"59400","0.1742013","0.0002","12.92452","4595.9"
"59500","0.1728227","0.0002","12.92476","4603.6"
"59600","0.1764836","0.0002","12.92434","4611.5"
"59700","0.1745001","0.0002","12.92441","4619.2"
"59800","0.1734995","0.0002","12.92449","4626.9"
"59900","0.1741416","0.0002","12.92466","4634.6"
"60000","0.1766169","0.0002","12.92396","4642.5"
"60100","0.1762802","0.0002","12.92081","4651.4"
"60200","0.1710297","0.0002","12.92086","4659.1"
"60300","0.1748827","0.0002","12.92093","4666.8"
"60400","0.1715942","0.0002","12.92136","4674.4"
"60500","0.1742630","0.0002","12.92076","4682.4"
"60600","0.1719100","0.0002","12.91962","4690.5"
"60700","0.1736366","0.0002","12.91935","4698.4"
"60800","0.1744215","0.0002","12.91915","4706.2"
"60900","0.1738564","0.0002","12.91886","4714.0"
"61000","0.1741836","0.0002","12.91891","4721.8"
"61100","0.1727221","0.0002","12.91787","4729.9"
"61200","0.1736093","0.0002","12.91813","4737.5"
"61300","0.1734084","0.0002","12.91821","4745.2"
"61400","0.1731038","0.0002","12.91755","4753.2"
"61500","0.1775223","0.0002","12.91773","4760.9"
"61600","0.1756136","0.0002","12.91700","4768.9"
"61700","0.1742716","0.0002","12.91605","4777.0"
"61800","0.1734723","0.0002","12.91571","4784.9"
"61900","0.1744875","0.0002","12.91532","4792.8"
"62000","0.1748516","0.0002","12.91507","4800.6"
"62100","0.1731824","0.0002","12.91520","4808.3"
"62200","0.1751066","0.0002","12.91463","4816.2"
"62300","0.1711391","0.0002","12.91424","4824.1"
"62400","0.1730651","0.0002","12.91444","4831.8"
"62500","0.1755993","0.0002","12.91399","4839.7"
"62600","0.1744425","0.0002","12.91349","4847.6"
"62700","0.1724249","0.0002","12.91369","4855.3"
"62800","0.1741682","0.0002","12.91274","4863.4"
"62900","0.1738768","0.0002","12.91250","4871.2"
"63000","0.1733496","0.0002","12.91297","4878.8"
"63100","0.1736532","0.0002","12.91255","4886.7"
"63200","0.1728207","0.0002","12.91255","4894.5"
"63300","0.1743551","0.0002","12.91263","4902.2"
"63400","0.1748394","0.0002","12.91299","4909.8"
"63500","0.1751232","0.0002","12.91267","4917.7"
"63600","0.1751048","0.0002","12.91261","4925.4"
"63700","0.1720348","0.0002","12.91188","4933.4"
"63800","0.1726013","0.0002","12.91192","4941.2"
"63900","0.1735968","0.0002","12.91164","4949.0"
"64000","0.1744604","0.0002","12.91198","4956.6"
"64100","0.1747405","0.0002","12.91153","4964.6"
"64200","0.1748516","0.0002","12.91142","4972.3"
"64300","0.1764577","0.0002","12.91087","4980.3"
"64400","0.1729895","0.0002","12.91127","4987.9"
"64500","0.1757626","0.0002","12.91142","4995.6"
"64600","0.1724671","0.0002","12.91165","5003.2"
"64700","0.1744390","0.0002","12.91094","5011.3"
"64800","0.1775431","0.0002","12.91102","5019.0"
"64900","0.1736731","0.0002","12.91061","5026.9"
"65000","0.1736916","0.0002","12.91031","5034.7"
"65100","0.1744060","0.0002","12.91043","5042.4"
"65200","0.1743731","0.0002","12.91045","5050.2"
"65300","0.1744870","0.0002","12.91015","5058.0"
"65400","0.1768107","0.0002","12.91039","5065.7"
"65500","0.1758764","0.0002","12.90990","5073.6"
"65600","0.1740828","0.0002","12.90995","5081.4"
"65700","0.1731647","0.0002","12.90930","5089.4"
"65800","0.1738531","0.0002","12.90969","5096.9"
"65900","0.1732150","0.0002","12.90999","5104.6"
"66000","0.1722494","0.0002","12.90918","5112.6"
"66100","0.1766834","0.0002","12.90879","5120.5"
"66200","0.1751160","0.0002","12.90908","5128.2"
"66300","0.1731340","0.0002","12.90876","5136.0"
"66400","0.1758694","0.0002","12.90866","5143.8"
"66500","0.1738114","0.0002","12.90877","5151.5"
"66600","0.1739890","0.0002","12.90866","5159.3"
"66700","0.1744051","0.0002","12.90859","5167.1"
"66800","0.1746360","0.0002","12.90877","5174.8"
"66900","0.1771575","0.0002","12.90906","5182.4"
"67000","0.1736646","0.0002","12.90840","5190.4"
"67100","0.1733204","0.0002","12.90740","5198.6"
"67200","0.1734755","0.0002","12.90757","5206.2"
"67300","0.1732867","0.0002","12.90732","5214.1"
"67400","0.1742582","0.0002","12.90762","5221.7"
"67500","0.1723312","0.0002","12.90736","5229.6"
"67600","0.1730106","0.0002","12.90750","5237.3"
"67700","0.1754533","0.0002","12.90760","5245.0"
"67800","0.1724897","0.0002","12.90773","5252.7"
"67900","0.1735181","0.0002","12.90783","5260.4"
"68000","0.1722486","0.0002","12.90809","5268.0"
"68100","0.1737294","0.0002","12.90828","5275.7"
"68200","0.1741425","0.0002","12.90863","5283.3"
"68300","0.1739979","0.0002","12.90845","5291.1"
"68400","0.1740682","0.0002","12.90835","5298.9"
"68500","0.1729116","0.0002","12.90821","5306.7"
"68600","0.1762326","0.0002","12.90819","5314.5"
"68700","0.1747310","0.0002","12.90841","5322.1"
"68800","0.1754552","0.0002","12.90808","5330.0"
"68900","0.1733324","0.0002","12.90778","5337.9"
"69000","0.1700157","0.0002","12.90735","5345.8"
"69100","0.1735575","0.0002","12.90714","5353.6"
"69200","0.1729803","0.0002","12.90688","5361.5"
"69300","0.1736857","0.0002","12.90674","5369.3"
"69400","0.1744190","0.0002","12.90660","5377.1"
"69500","0.1750931","0.0002","12.90631","5385.0"
"69600","0.1741941","0.0002","12.90576","5392.9"
"69700","0.1745008","0.0002","12.90546","5400.8"
"69800","0.1729050","0.0002","12.90543","5408.6"
"69900","0.1724763","0.0002","12.90534","5416.4"
"70000","0.1742368","0.0002","12.90506","5424.2"
"70100","0.1722036","0.0002","12.90228","5433.1"
"70200","0.1755563","0.0002","12.90209","5441.0"
"70300","0.1757766","0.0002","12.90160","5448.9"
"70400","0.1737094","0.0002","12.90121","5456.9"
"70500","0.1751639","0.0002","12.90100","5464.7"
"70600","0.1718989","0.0002","12.90115","5472.4"
"70700","0.1743760","0.0002","12.90117","5480.1"
"70800","0.1739585","0.0002","12.90068","5488.1"
"70900","0.1707284","0.0002","12.90080","5495.8"
"71000","0.1758862","0.0002","12.90041","5503.7"
"71100","0.1747456","0.0002","12.89999","5511.6"
"71200","0.1735681","0.0002","12.89987","5519.4"
"71300","0.1733082","0.0002","12.90009","5527.1"
"71400","0.1748310","0.0002","12.90019","5534.8"
"71500","0.1735462","0.0002","12.90017","5542.6"
"71600","0.1761303","0.0002","12.89999","5550.4"
"71700","0.1721216","0.0002","12.90005","5558.1"
"71800","0.1767975","0.0002","12.89986","5566.0"
"71900","0.1717422","0.0002","12.89935","5573.9"
"72000","0.1724742","0.0002","12.89906","5581.8"
"72100","0.1745100","0.0002","12.89883","5589.7"
"72200","0.1733728","0.0002","12.89869","5597.5"
"72300","0.1762365","0.0002","12.89861","5605.3"
"72400","0.1733017","0.0002","12.89866","5613.0"
"72500","0.1703366","0.0002","12.89868","5620.7"
"72600","0.1752057","0.0002","12.89882","5628.4"
"72700","0.1728711","0.0002","12.89846","5636.3"
"72800","0.1770030","0.0002","12.89843","5644.1"
"72900","0.1729082","0.0002","12.89854","5651.8"
"73000","0.1717759","0.0002","12.89813","5659.7"
"73100","0.1741719","0.0002","12.89814","5667.5"
"73200","0.1782301","0.0002","12.89785","5675.4"
"73300","0.1742801","0.0002","12.89777","5683.2"
"73400","0.1730727","0.0002","12.89777","5690.9"
"73500","0.1730569","0.0002","12.89752","5698.8"
"73600","0.1720778","0.0002","12.89726","5706.6"
"73700","0.1739711","0.0002","12.89689","5714.6"
"73800","0.1741666","0.0002","12.89673","5722.4"
"73900","0.1730137","0.0002","12.89684","5730.1"
"74000","0.1747257","0.0002","12.89697","5737.8"
"74100","0.1748515","0.0002","12.89696","5745.5"
"74200","0.1733629","0.0002","12.89664","5753.4"
"74300","0.1711445","0.0002","12.89652","5761.2"
"74400","0.1697569","0.0002","12.89657","5769.0"
"74500","0.1753724","0.0002","12.89614","5776.9"
"74600","0.1714358","0.0002","12.89587","5784.8"
"74700","0.1757610","0.0002","12.89525","5792.8"
"74800","0.1725780","0.0002","12.89493","5800.7"
"74900","0.1739925","0.0002","12.89495","5808.5"
"75000","0.1723288","0.0002","12.89476","5816.3"
"75100","0.1735167","0.0002","12.89450","5824.2"
"75200","0.1733381","0.0002","12.89452","5831.9"
"75300","0.1742065","0.0002","12.89443","5839.7"
"75400","0.1724243","0.0002","12.89420","5847.6"
"75500","0.1732268","0.0002","12.89429","5855.3"
"75600","0.1727556","0.0002","12.89435","5863.0"
"75700","0.1760008","0.0002","12.89415","5870.9"
"75800","0.1724376","0.0002","12.89414","5878.6"
"75900","0.1721156","0.0002","12.89398","5886.5"
"76000","0.1739434","0.0002","12.89392","5894.3"
"76100","0.1710532","0.0002","12.89349","5902.2"
"76200","0.1706369","0.0002","12.89366","5909.9"
"76300","0.1743613","0.0002","12.89327","5917.8"
"76400","0.1711715","0.0002","12.89318","5925.6"
"76500","0.1729439","0.0002","12.89309","5933.4"
"76600","0.1751759","0.0002","12.89288","5941.3"
"76700","0.1756406","0.0002","12.89295","5949.0"
"76800","0.1730831","0.0002","12.89245","5957.0"
"76900","0.1708849","0.0002","12.89276","5964.6"
"77000","0.1741694","0.0002","12.89288","5972.3"
"77100","0.1738743","0.0002","12.89313","5979.9"
"77200","0.1769744","0.0002","12.89261","5987.9"
"77300","0.1738065","0.0002","12.89211","5995.9"
"77400","0.1718699","0.0002","12.89180","6003.8"
"77500","0.1728398","0.0002","12.89157","6011.7"
"77600","0.1720179","0.0002","12.89151","6019.5"
"77700","0.1728766","0.0002","12.89124","6027.3"
"77800","0.1739642","0.0002","12.89102","6035.2"
"77900","0.1750916","0.0002","12.89068","6043.1"
"78000","0.1754748","0.0002","12.89053","6051.0"
"78100","0.1736666","0.0002","12.89024","6058.8"
"78200","0.1742485","0.0002","12.89018","6066.6"
"78300","0.1736952","0.0002","12.89015","6074.4"
"78400","0.1716311","0.0002","12.88993","6082.3"
"78500","0.1726770","0.0002","12.88998","6090.0"
"78600","0.1744126","0.0002","12.89000","6097.7"
"78700","0.1741423","0.0002","12.88974","6105.6"
"78800","0.1737957","0.0002","12.88971","6113.4"
"78900","0.1733679","0.0002","12.88979","6121.1"
"79000","0.1716222","0.0002","12.88984","6128.9"
"79100","0.1734486","0.0002","12.88920","6136.9"
"79200","0.1734598","0.0002","12.88899","6144.8"
"79300","0.1743275","0.0002","12.88931","6152.4"
"79400","0.1727748","0.0002","12.88933","6160.1"
"79500","0.1746365","0.0002","12.88927","6167.9"
"79600","0.1747138","0.0002","12.88933","6175.7"
"79700","0.1740933","0.0002","12.88875","6183.7"
"79800","0.1736086","0.0002","12.88857","6191.5"
"79900","0.1729026","0.0002","12.88844","6199.4"
"80000","0.1720200","0.0002","12.88838","6207.1"
"80100","0.1738678","0.0002","12.88563","6216.2"
"80200","0.1703422","0.0002","12.88541","6224.1"
"80300","0.1728005","0.0002","12.88515","6232.0"
"80400","0.1739187","0.0002","12.88500","6239.8"
"80500","0.1731182","0.0002","12.88486","6247.6"
"80600","0.1746821","0.0002","12.88448","6255.6"
"80700","0.1728087","0.0002","12.88440","6263.4"
"80800","0.1731705","0.0002","12.88426","6271.2"
"80900","0.1727641","0.0002","12.88450","6278.9"
"81000","0.1734665","0.0002","12.88418","6286.8"
"81100","0.1713876","0.0002","12.88386","6294.7"
"81200","0.1748645","0.0002","12.88395","6302.4"
"81300","0.1733493","0.0002","12.88350","6310.4"
"81400","0.1708599","0.0002","12.88300","6318.4"
"81500","0.1727543","0.0002","12.88282","6326.3"
"81600","0.1734301","0.0002","12.88279","6334.0"
"81700","0.1754820","0.0002","12.88214","6342.1"
"81800","0.1740417","0.0002","12.88206","6349.9"
"81900","0.1728818","0.0002","12.88216","6357.6"
"82000","0.1750487","0.0002","12.88209","6365.4"
"82100","0.1720214","0.0002","12.88163","6373.4"
"82200","0.1724504","0.0002","12.88157","6381.2"
"82300","0.1737052","0.0002","12.88148","6389.0"
"82400","0.1715188","0.0002","12.88159","6396.7"
"82500","0.1728703","0.0002","12.88171","6404.4"
"82600","0.1735179","0.0002","12.88177","6412.2"
"82700","0.1724670","0.0002","12.88189","6419.9"
"82800","0.1725741","0.0002","12.88180","6427.7"
"82900","0.1722327","0.0002","12.88181","6435.4"
"83000","0.1740348","0.0002","12.88167","6443.3"
"83100","0.1718862","0.0002","12.88151","6451.1"
"83200","0.1716562","0.0002","12.88096","6459.1"
"83300","0.1724650","0.0002","12.88018","6467.3"
"83400","0.1732372","0.0002","12.87975","6475.3"
"83500","0.1706475","0.0002","12.87935","6483.2"
"83600","0.1737408","0.0002","12.87907","6491.2"
"83700","0.1719444","0.0002","12.87885","6499.0"
"83800","0.1743214","0.0002","12.87885","6506.8"
"83900","0.1741200","0.0002","12.87849","6514.7"
"84000","0.1756067","0.0002","12.87761","6522.9"
"84100","0.1709682","0.0002","12.87690","6531.1"
"84200","0.1729637","0.0002","12.87653","6539.0"
"84300","0.1717895","0.0002","12.87596","6547.1"
"84400","0.1756591","0.0002","12.87548","6555.1"
"84500","0.1701620","0.0002","12.87484","6563.2"
"84600","0.1749560","0.0002","12.87467","6571.0"
"84700","0.1717446","0.0002","12.87461","6578.8"
"84800","0.1735986","0.0002","12.87483","6586.5"
"84900","0.1723641","0.0002","12.87458","6594.4"
"85000","0.1729570","0.0002","12.87418","6602.4"
"85100","0.1713208","0.0002","12.87404","6610.2"
"85200","0.1719116","0.0002","12.87371","6618.1"
"85300","0.1744478","0.0002","12.87272","6626.4"
"85400","0.1698116","0.0002","12.87260","6634.2"
"85500","0.1732119","0.0002","12.87248","6642.1"
"85600","0.1735837","0.0002","12.87268","6649.7"
"85700","0.1749173","0.0002","12.87232","6657.7"
"85800","0.1725789","0.0002","12.87229","6665.5"
"85900","0.1727156","0.0002","12.87252","6673.1"
"86000","0.1719234","0.0002","12.87258","6680.9"
"86100","0.1718488","0.0002","12.87268","6688.6"
"86200","0.1731173","0.0002","12.87288","6696.2"
"86300","0.1717515","0.0002","12.87303","6703.9"
"86400","0.1727546","0.0002","12.87274","6711.9"
"86500","0.1725473","0.0002","12.87248","6719.8"
"86600","0.1705251","0.0002","12.87235","6727.6"
"86700","0.1720619","0.0002","12.87252","6735.3"
"86800","0.1743244","0.0002","12.87213","6743.3"
"86900","0.1716080","0.0002","12.87233","6750.9"
"87000","0.1722108","0.0002","12.87190","6758.9"
"87100","0.1747750","0.0002","12.87168","6766.8"
"87200","0.1731677","0.0002","12.87179","6774.5"
"87300","0.1727968","0.0002","12.87140","6782.5"
"87400","0.1735404","0.0002","12.87149","6790.2"
"87500","0.1735353","0.0002","12.87116","6798.1"
"87600","0.1732843","0.0002","12.87117","6805.9"
"87700","0.1730237","0.0002","12.87110","6813.7"
"87800","0.1704607","0.0002","12.87122","6821.4"
"87900","0.1741768","0.0002","12.87205","6828.8"
"88000","0.1724285","0.0002","12.87287","6836.1"
"88100","0.1719301","0.0002","12.87371","6843.4"
"88200","0.1729920","0.0002","12.87453","6850.7"
"88300","0.1739714","0.0002","12.87525","6858.1"
"88400","0.1711082","0.0002","12.87608","6865.4"
"88500","0.1725833","0.0002","12.87690","6872.8"
"88600","0.1747092","0.0002","12.87772","6880.1"
"88700","0.1702352","0.0002","12.87853","6887.4"
"88800","0.1742126","0.0002","12.87864","6895.1"
"88900","0.1734323","0.0002","12.87940","6902.5"
"89000","0.1702150","0.0002","12.87959","6910.2"
"89100","0.1721032","0.0002","12.87935","6918.0"
"89200","0.1736032","0.0002","12.87954","6925.7"
"89300","0.1736753","0.0002","12.87936","6933.6"
"89400","0.1732339","0.0002","12.87919","6941.4"
"89500","0.1717405","0.0002","12.87906","6949.3"
"89600","0.1705767","0.0002","12.87923","6956.9"
"89700","0.1723662","0.0002","12.87928","6964.7"
"89800","0.1717425","0.0002","12.87914","6972.5"
"89900","0.1719087","0.0002","12.87900","6980.4"
"90000","0.1715734","0.0002","12.87898","6988.1"
"90100","0.1714783","0.0002","12.87659","6997.2"
"90200","0.1749069","0.0002","12.87655","7005.0"
"90300","0.1739165","0.0002","12.87625","7012.9"
"90400","0.1715529","0.0002","12.87640","7020.6"
"90500","0.1721180","0.0002","12.87660","7028.3"
"90600","0.1747562","0.0002","12.87666","7036.0"
"90700","0.1706122","0.0002","12.87620","7044.0"
"90800","0.1734303","0.0002","12.87617","7051.8"
"90900","0.1749341","0.0002","12.87604","7059.6"
"91000","0.1715745","0.0002","12.87594","7067.4"
"91100","0.1742749","0.0002","12.87589","7075.2"
"91200","0.1701279","0.0002","12.87565","7083.1"
"91300","0.1721454","0.0002","12.87582","7090.8"
"91400","0.1733596","0.0002","12.87566","7098.7"
"91500","0.1723188","0.0002","12.87580","7106.4"
"91600","0.1722938","0.0002","12.87596","7114.0"
"91700","0.1745496","0.0002","12.87590","7121.8"
"91800","0.1708137","0.0002","12.87600","7129.5"
"91900","0.1732085","0.0002","12.87606","7137.3"
"92000","0.1736528","0.0002","12.87584","7145.2"
"92100","0.1741628","0.0002","12.87565","7153.0"
"92200","0.1713976","0.0002","12.87541","7160.9"
"92300","0.1699853","0.0002","12.87555","7168.6"
"92400","0.1727747","0.0002","12.87576","7176.3"
"92500","0.1720971","0.0002","12.87585","7184.0"
"92600","0.1696607","0.0002","12.87565","7191.9"
"92700","0.1701025","0.0002","12.87572","7199.6"
"92800","0.1721531","0.0002","12.87542","7207.5"
"92900","0.1702124","0.0002","12.87546","7215.3"
"93000","0.1713669","0.0002","12.87534","7223.1"
"93100","0.1732365","0.0002","12.87535","7230.9"
"93200","0.1736437","0.0002","12.87514","7238.8"
"93300","0.1701256","0.0002","12.87493","7246.6"
"93400","0.1711745","0.0002","12.87504","7254.3"
"93500","0.1732121","0.0002","12.87527","7262.0"
"93600","0.1719952","0.0002","12.87504","7269.9"
"93700","0.1729124","0.0002","12.87480","7277.8"
"93800","0.1742557","0.0002","12.87448","7285.7"
"93900","0.1709617","0.0002","12.87416","7293.7"
"94000","0.1707787","0.0002","12.87394","7301.6"
"94100","0.1723384","0.0002","12.87370","7309.5"
"94200","0.1733552","0.0002","12.87328","7317.5"
"94300","0.1731817","0.0002","12.87293","7325.4"
"94400","0.1698864","0.0002","12.87269","7333.4"
"94500","0.1707320","0.0002","12.87224","7341.4"
"94600","0.1732301","0.0002","12.87171","7349.5"
"94700","0.1740619","0.0002","12.87149","7357.3"
"94800","0.1723854","0.0002","12.87166","7365.0"
"94900","0.1730581","0.0002","12.87170","7372.8"
"95000","0.1705253","0.0002","12.87165","7380.6"
"95100","0.1733333","0.0002","12.87163","7388.3"
"95200","0.1734474","0.0002","12.87110","7396.4"
"95300","0.1739810","0.0002","12.87057","7404.5"
"95400","0.1720018","0.0002","12.86990","7412.6"
"95500","0.1711903","0.0002","12.86960","7420.6"
"95600","0.1717498","0.0002","12.86931","7428.5"
"95700","0.1740946","0.0002","12.86916","7436.4"
"95800","0.1717393","0.0002","12.86907","7444.2"
"95900","0.1728943","0.0002","12.86904","7452.0"
"96000","0.1707996","0.0002","12.86881","7459.9"
"96100","0.1745912","0.0002","12.86808","7468.1"
"96200","0.1726983","0.0002","12.86793","7475.9"
"96300","0.1715971","0.0002","12.86806","7483.6"
"96400","0.1731865","0.0002","12.86801","7491.4"
"96500","0.1719528","0.0002","12.86818","7499.1"
"96600","0.1737705","0.0002","12.86822","7506.9"
"96700","0.1691170","0.0002","12.86814","7514.7"
"96800","0.1739234","0.0002","12.86798","7522.5"
"96900","0.1725199","0.0002","12.86771","7530.5"
"97000","0.1709668","0.0002","12.86741","7538.4"
"97100","0.1718733","0.0002","12.86745","7546.2"
"97200","0.1724710","0.0002","12.86703","7554.2"
"97300","0.1724805","0.0002","12.86698","7562.0"
"97400","0.1713260","0.0002","12.86693","7569.8"
"97500","0.1739295","0.0002","12.86707","7577.5"
"97600","0.1743699","0.0002","12.86707","7585.3"
"97700","0.1733483","0.0002","12.86695","7593.1"
"97800","0.1729359","0.0002","12.86702","7600.8"
"97900","0.1734252","0.0002","12.86695","7608.6"
"98000","0.1736200","0.0002","12.86706","7616.3"
"98100","0.1728211","0.0002","12.86715","7624.1"
"98200","0.1705367","0.0002","12.86682","7632.0"
"98300","0.1709859","0.0002","12.86623","7640.2"
"98400","0.1710258","0.0002","12.86603","7648.0"
"98500","0.1731852","0.0002","12.86567","7656.0"
"98600","0.1724154","0.0002","12.86540","7664.0"
"98700","0.1748507","0.0002","12.86549","7671.7"
"98800","0.1739438","0.0002","12.86558","7679.4"
"98900","0.1721035","0.0002","12.86538","7687.3"
"99000","0.1722614","0.0002","12.86525","7695.1"
"99100","0.1705434","0.0002","12.86544","7702.8"
"99200","0.1709901","0.0002","12.86529","7710.7"
"99300","0.1723389","0.0002","12.86539","7718.4"
"99400","0.1708132","0.0002","12.86517","7726.3"
"99500","0.1731401","0.0002","12.86489","7734.2"
"99600","0.1716256","0.0002","12.86468","7742.1"
"99700","0.1760283","0.0002","12.86474","7749.9"
"99800","0.1732462","0.0002","12.86485","7757.6"
"99900","0.1710449","0.0002","12.86490","7765.3"
"100000","0.1718834","0.0002","12.86434","7773.4"
"100100","0.1717621","0.000199999555","12.86050","7783.5"
"100200","0.1742369","0.000199998224","12.86018","7791.5"
"100300","0.1714309","0.000199996004","12.85992","7799.4"
"100400","0.1731857","0.000199992892","12.85996","7807.2"
"100500","0.1736438","0.000199988896","12.85961","7815.2"
"100600","0.1724096","0.000199984014","12.85957","7823.0"
"100700","0.1734026","0.000199978237","12.85921","7831.0"
"100800","0.1722519","0.000199971579","12.85916","7838.8"
"100900","0.1734048","0.000199964026","12.85919","7846.5"
"101000","0.1728185","0.000199955588","12.85931","7854.2"
"101100","0.1728625","0.000199946265","12.85926","7862.0"
"101200","0.1719809","0.000199936051","12.85911","7869.9"
"101300","0.1715043","0.000199924952","12.85913","7877.7"
"101400","0.1699626","0.000199912962","12.85917","7885.4"
"101500","0.1727665","0.000199900088","12.85937","7893.1"
"101600","0.1742739","0.000199886328","12.85910","7901.0"
"101700","0.1716679","0.000199871678","12.85899","7908.9"
"101800","0.1706007","0.000199856137","12.85923","7916.5"
"101900","0.1734005","0.000199839717","12.85919","7924.3"
"102000","0.1744016","0.000199822406","12.85929","7932.0"
"102100","0.1712452","0.000199804209","12.85889","7940.0"
"102200","0.1743618","0.000199785123","12.85841","7948.1"
"102300","0.1718636","0.000199765157","12.85826","7956.0"
"102400","0.1715904","0.0001997443","12.85827","7963.7"
"102500","0.1720247","0.000199722558","12.85804","7971.7"
"102600","0.1745496","0.000199699931","12.85812","7979.4"
"102700","0.1725988","0.000199676424","12.85811","7987.2"
"102800","0.1738226","0.000199652026","12.85777","7995.2"
"102900","0.1698344","0.000199626744","12.85744","8003.1"
"103000","0.1724642","0.000199600576","12.85672","8011.4"
"103100","0.1738872","0.000199573523","12.85651","8019.3"
"103200","0.1723078","0.000199545591","12.85615","8027.3"
"103300","0.1727482","0.000199516773","12.85624","8035.0"
"103400","0.1733707","0.00019948707","12.85566","8043.1"
"103500","0.1716258","0.000199456488","12.85514","8051.3"
"103600","0.1729506","0.00019942502","12.85498","8059.1"
"103700","0.1736402","0.000199392667","12.85446","8067.2"
"103800","0.1716134","0.000199359435","12.85447","8075.0"
"103900","0.1710909","0.000199325317","12.85453","8082.8"
"104000","0.1716220","0.000199290325","12.85459","8090.5"
"104100","0.1732276","0.000199254448","12.85459","8098.3"
"104200","0.1730181","0.000199217685","12.85463","8106.0"
"104300","0.1716769","0.000199180049","12.85475","8113.7"
"104400","0.1721419","0.000199141527","12.85467","8121.6"
"104500","0.1717194","0.000199102131","12.85465","8129.4"
"104600","0.1737503","0.000199061849","12.85468","8137.1"
"104700","0.1692172","0.000199020693","12.85452","8145.0"
"104800","0.1733129","0.000198978658","12.85452","8152.8"
"104900","0.1727332","0.000198935742","12.85438","8160.6"
"105000","0.1732874","0.000198891953","12.85382","8168.8"
"105100","0.1723724","0.000198847283","12.85392","8176.5"
"105200","0.1719210","0.000198801734","12.85389","8184.3"
"105300","0.1724895","0.00019875531","12.85404","8192.0"
"105400","0.1693473","0.000198708012","12.85420","8199.7"
"105500","0.1706642","0.00019865984","12.85397","8207.6"
"105600","0.1720470","0.000198610793","12.85376","8215.5"
"105700","0.1715902","0.000198560866","12.85380","8223.3"
"105800","0.1736527","0.00019851007","12.85396","8230.9"
"105900","0.1718829","0.000198458395","12.85410","8238.6"
"106000","0.1713368","0.000198405851","12.85429","8246.3"
"106100","0.1705820","0.000198352437","12.85437","8254.0"
"106200","0.1698010","0.000198298149","12.85433","8261.8"
"106300","0.1734748","0.000198242987","12.85388","8269.9"
"106400","0.1706136","0.000198186955","12.85389","8277.6"
"106500","0.1718365","0.000198130055","12.85383","8285.5"
"106600","0.1715270","0.00019807228","12.85351","8293.5"
"106700","0.1723064","0.000198013642","12.85357","8301.2"
"106800","0.1740445","0.000197954129","12.85338","8309.1"
"106900","0.1727806","0.000197893752","12.85318","8317.0"
"107000","0.1719812","0.000197832507","12.85324","8324.7"
"107100","0.1748880","0.000197770398","12.85259","8333.0"
"107200","0.1739305","0.000197707419","12.85219","8341.0"
"107300","0.1738188","0.000197643577","12.85234","8348.7"
"107400","0.1732466","0.000197578866","12.85192","8356.7"
"107500","0.1704459","0.000197513292","12.85182","8364.6"
"107600","0.1721981","0.000197446859","12.85184","8372.3"
"107700","0.1720084","0.000197379557","12.85162","8380.3"
"107800","0.1724824","0.000197311397","12.85092","8388.5"
"107900","0.1730061","0.000197242373","12.85058","8396.5"
"108000","0.1723154","0.000197172485","12.85065","8404.2"
"108100","0.1716527","0.000197101739","12.85062","8412.0"
"108200","0.1718617","0.000197030135","12.85056","8419.9"
"108300","0.1733032","0.000196957672","12.84978","8428.2"
"108400","0.1730255","0.000196884346","12.84910","8436.4"
"108500","0.1698499","0.000196810167","12.84922","8444.1"
"108600","0.1711738","0.000196735129","12.84922","8451.9"
"108700","0.1729539","0.000196659239","12.84894","8459.8"
"108800","0.1711808","0.00019658249","12.84873","8467.8"
"108900","0.1721942","0.000196504889","12.84871","8475.6"
"109000","0.1717379","0.000196426434","12.84861","8483.4"
"109100","0.1713211","0.000196347121","12.84855","8491.2"
"109200","0.1718777","0.000196266961","12.84857","8499.0"
"109300","0.1712344","0.000196185947","12.84860","8506.8"
"109400","0.1743448","0.000196104086","12.84815","8514.8"
"109500","0.1716056","0.000196021372","12.84771","8522.9"
"109600","0.1712696","0.000195937811","12.84788","8530.6"
"109700","0.1717487","0.000195853401","12.84797","8538.3"
"109800","0.1712250","0.000195768139","12.84782","8546.2"
"109900","0.1709630","0.000195682035","12.84794","8553.9"
"110000","0.1728117","0.000195595089","12.84781","8561.8"
"110100","0.1718919","0.000195507295","12.84607","8570.7"
"110200","0.1704739","0.000195418653","12.84570","8578.7"
"110300","0.1731819","0.000195329169","12.84568","8586.5"
"110400","0.1703971","0.000195238848","12.84556","8594.4"
"110500","0.1703401","0.000195147685","12.84527","8602.4"
"110600","0.1727406","0.000195055675","12.84530","8610.2"
"110700","0.1722925","0.000194962833","12.84517","8618.0"
"110800","0.1718207","0.000194869149","12.84530","8625.7"
"110900","0.1725095","0.000194774628","12.84491","8633.8"
"111000","0.1714575","0.00019467927","12.84463","8641.7"
"111100","0.1718697","0.000194583075","12.84452","8649.6"
"111200","0.1710591","0.000194486049","12.84440","8657.5"
"111300","0.1716708","0.000194388186","12.84443","8665.2"
"111400","0.1731432","0.000194289491","12.84410","8673.2"
"111500","0.1724607","0.000194189965","12.84426","8680.9"
"111600","0.1702320","0.000194089608","12.84445","8688.6"
"111700","0.1732747","0.000193988419","12.84424","8696.5"
"111800","0.1728986","0.000193886398","12.84397","8704.5"
"111900","0.1732903","0.000193783557","12.84352","8712.6"
"112000","0.1726911","0.000193679884","12.84323","8720.5"
"112100","0.1744035","0.000193575385","12.84288","8728.6"
"112200","0.1720666","0.000193470066","12.84289","8736.3"
"112300","0.1729818","0.00019336392","12.84269","8744.3"
"112400","0.1707940","0.000193256948","12.84246","8752.2"
"112500","0.1678648","0.000193149155","12.84239","8760.0"
"112600","0.1719831","0.000193040547","12.84227","8767.9"
"112700","0.1740739","0.000192931119","12.84214","8775.8"
"112800","0.1744243","0.000192820864","12.84185","8783.8"
"112900","0.1748654","0.000192709799","12.84103","8792.1"
"113000","0.1681934","0.000192597919","12.84072","8800.1"
"113100","0.1709764","0.000192485217","12.84058","8808.0"
"113200","0.1704478","0.000192371706","12.83995","8816.2"
"113300","0.1699726","0.00019225738","12.83973","8824.2"
"113400","0.1726047","0.000192142243","12.83918","8832.3"
"113500","0.1729895","0.000192026297","12.83914","8840.2"
"113600","0.1718775","0.000191909535","12.83878","8848.2"
"113700","0.1692984","0.000191791974","12.83816","8856.4"
"113800","0.1702868","0.000191673597","12.83777","8864.5"
"113900","0.1723750","0.000191554421","12.83753","8872.4"
"114000","0.1739473","0.000191434435","12.83725","8880.4"
"114100","0.1720308","0.000191313645","12.83716","8888.3"
"114200","0.1705466","0.000191192055","12.83684","8896.3"
"114300","0.1724789","0.000191069666","12.83633","8904.4"
"114400","0.1723035","0.000190946472","12.83621","8912.3"
"114500","0.1714924","0.000190822484","12.83600","8920.2"
"114600","0.1697117","0.000190697691","12.83539","8928.4"
"114700","0.1733919","0.00019057211","12.83460","8936.8"
"114800","0.1720993","0.00019044573","12.83391","8945.0"
"114900","0.1688792","0.000190318556","12.83354","8953.1"
"115000","0.1696711","0.000190190588","12.83337","8961.0"
"115100","0.1740502","0.000190061831","12.83270","8969.3"
"115200","0.1734625","0.00018993228","12.83287","8976.9"
"115300","0.1736046","0.000189801941","12.83288","8984.7"
"115400","0.1710094","0.000189670818","12.83273","8992.6"
"115500","0.1711973","0.000189538907","12.83261","9000.5"
"115600","0.1711075","0.000189406208","12.83189","9008.8"
"115700","0.1705654","0.00018927273","12.83151","9016.9"
"115800","0.1727311","0.00018913847","12.83158","9024.6"
"115900","0.1694112","0.000189003426","12.83128","9032.6"
"116000","0.1720368","0.000188867599","12.83111","9040.5"
"116100","0.1719803","0.000188730999","12.83118","9048.3"
"116200","0.1727441","0.000188593622","12.83110","9056.1"
"116300","0.1717067","0.000188455467","12.83121","9063.8"
"116400","0.1717284","0.000188316539","12.83088","9071.9"
"116500","0.1712584","0.000188176839","12.83073","9079.8"
"116600","0.1698937","0.000188036361","12.83061","9087.6"
"116700","0.1707899","0.000187895121","12.83099","9095.2"
"116800","0.1725420","0.000187753109","12.83161","9102.5"
"116900","0.1726165","0.000187610329","12.83172","9110.2"
"117000","0.1711100","0.000187466783","12.83148","9118.2"
"117100","0.1715580","0.000187322469","12.83126","9126.1"
"117200","0.1704527","0.000187177399","12.83095","9134.2"
"117300","0.1721667","0.000187031562","12.83032","9142.4"
"117400","0.1704225","0.000186884969","12.83005","9150.4"
"117500","0.1695907","0.000186737614","12.82969","9158.4"
"117600","0.1705209","0.000186589502","12.82941","9166.4"
"117700","0.1719187","0.000186440634","12.82939","9174.2"
"117800","0.1726161","0.000186291015","12.82939","9182.0"
"117900","0.1704501","0.00018614064","12.82909","9190.1"
"118000","0.1724689","0.000185989513","12.82887","9198.0"
"118100","0.1724545","0.000185837636","12.82856","9206.0"
"118200","0.1720947","0.000185685013","12.82810","9214.1"
"118300","0.1693917","0.000185531639","12.82749","9222.4"
"118400","0.1697714","0.000185377524","12.82676","9230.7"
"118500","0.1699026","0.000185222664","12.82654","9238.7"
"118600","0.1730467","0.000185067059","12.82631","9246.6"
"118700","0.1721363","0.000184910713","12.82637","9254.4"
"118800","0.1714193","0.000184753627","12.82613","9262.3"
"118900","0.1716337","0.000184595811","12.82597","9270.3"
"119000","0.1720144","0.000184437249","12.82606","9278.0"
"119100","0.1706662","0.000184277958","12.82597","9285.8"
"119200","0.1709039","0.000184117932","12.82545","9294.0"
"119300","0.1700101","0.000183957177","12.82508","9302.1"
"119400","0.1706324","0.000183795686","12.82493","9310.0"
"119500","0.1749495","0.000183633472","12.82466","9318.0"
"119600","0.1713004","0.000183470533","12.82474","9325.7"
"119700","0.1714660","0.000183306865","12.82468","9333.6"
"119800","0.1742520","0.000183142477","12.82455","9341.5"
"119900","0.1699418","0.00018297736","12.82410","9349.6"
"120000","0.1724505","0.00018281153","12.82391","9357.5"
"120100","0.1724617","0.000182644976","12.82185","9366.8"
"120200","0.1732012","0.000182477708","12.82187","9374.6"
"120300","0.1703854","0.000182309726","12.82133","9382.8"
"120400","0.1705734","0.000182141032","12.82127","9390.6"
"120500","0.1727358","0.000181971618","12.82100","9398.6"
"120600","0.1707936","0.000181801496","12.82075","9406.6"
"120700","0.1725537","0.000181630672","12.82073","9414.4"
"120800","0.1712890","0.000181459134","12.82056","9422.4"
"120900","0.1729048","0.000181286898","12.82041","9430.3"
"121000","0.1712264","0.000181113955","12.82026","9438.2"
"121100","0.1703638","0.000180940303","12.81995","9446.2"
"121200","0.1714220","0.00018076596","12.81996","9454.0"
"121300","0.1708991","0.000180590913","12.81962","9462.1"
"121400","0.1700848","0.000180415175","12.81965","9469.8"
"121500","0.1733398","0.000180238739","12.81943","9477.8"
"121600","0.1693414","0.000180061606","12.81942","9485.6"
"121700","0.1728795","0.000179883786","12.81921","9493.6"
"121800","0.1686314","0.000179705275","12.81908","9501.5"
"121900","0.1711982","0.000179526076","12.81880","9509.5"
"122000","0.1734695","0.000179346191","12.81820","9517.7"
"122100","0.1690029","0.000179165625","12.81770","9525.9"
"122200","0.1729949","0.000178984367","12.81759","9533.8"
"122300","0.1682694","0.000178802438","12.81758","9541.6"
"122400","0.1702812","0.000178619828","12.81763","9549.3"
"122500","0.1724727","0.000178436536","12.81740","9557.3"
"122600","0.1715081","0.000178252574","12.81739","9565.1"
"122700","0.1729789","0.000178067931","12.81706","9573.2"
"122800","0.1714490","0.000177882622","12.81689","9581.1"
"122900","0.1734968","0.000177696643","12.81654","9589.2"
"123000","0.1689847","0.000177509994","12.81602","9597.4"
"123100","0.1722886","0.000177322685","12.81574","9605.4"
"123200","0.1728465","0.000177134705","12.81548","9613.4"
"123300","0.1718866","0.000176946059","12.81502","9621.5"
"123400","0.1703697","0.00017675676","12.81472","9629.6"
"123500","0.1716013","0.0001765668","12.81471","9637.4"
"123600","0.1694261","0.000176376181","12.81479","9645.1"
"123700","0.1726221","0.000176184908","12.81486","9652.9"
"123800","0.1699342","0.000175992985","12.81458","9660.9"
"123900","0.1700113","0.000175800402","12.81466","9668.6"
"124000","0.1716648","0.000175607176","12.81455","9676.5"
"124100","0.1750433","0.0001754133","12.81436","9684.4"
"124200","0.1677180","0.000175218781","12.81407","9692.5"
"124300","0.1710432","0.000175023618","12.81416","9700.2"
"124400","0.1718463","0.000174827812","12.81416","9708.0"
"124500","0.1725646","0.000174631367","12.81426","9715.7"
"124600","0.1725112","0.000174434283","12.81427","9723.5"
"124700","0.1712130","0.000174236567","12.81448","9731.2"
"124800","0.1719144","0.000174038212","12.81446","9739.0"
"124900","0.1742985","0.000173839225","12.81445","9746.8"
"125000","0.1724601","0.000173639609","12.81439","9754.7"
"125100","0.1699883","0.000173439366","12.81432","9762.5"
"125200","0.1696497","0.000173238496","12.81432","9770.3"
"125300","0.1741099","0.000173037003","12.81419","9778.2"
"125400","0.1719397","0.000172834888","12.81390","9786.2"
"125500","0.1695200","0.00017263215","12.81391","9794.0"
"125600","0.1734773","0.000172428796","12.81394","9801.8"
"125700","0.1700906","0.000172224824","12.81402","9809.6"
"125800","0.1701185","0.000172020242","12.81394","9817.4"
"125900","0.1708417","0.000171815047","12.81387","9825.3"
"126000","0.1720770","0.000171609241","12.81380","9833.1"
"126100","0.1735654","0.000171402824","12.81399","9840.8"
"126200","0.1715549","0.000171195806","12.81421","9848.4"
"126300","0.1718845","0.000170988181","12.81437","9856.1"
"126400","0.1709249","0.000170779951","12.81409","9864.1"
"126500","0.1707392","0.00017057113","12.81407","9872.0"
"126600","0.1722658","0.000170361703","12.81396","9879.8"
"126700","0.1714548","0.000170151681","12.81414","9887.5"
"126800","0.1714445","0.000169941068","12.81434","9895.2"
"126900","0.1701452","0.00016972986","12.81411","9903.1"
"127000","0.1712655","0.000169518068","12.81420","9910.9"
"127100","0.1728187","0.000169305685","12.81396","9918.9"
"127200","0.1718017","0.000169092718","12.81408","9926.6"
"127300","0.1702292","0.000168879166","12.81408","9934.4"
"127400","0.1701848","0.000168665034","12.81378","9942.4"
"127500","0.1712906","0.000168450323","12.81379","9950.2"
"127600","0.1688035","0.000168235039","12.81374","9958.1"
"127700","0.1715414","0.000168019174","12.81366","9965.9"
"127800","0.1702956","0.000167802736","12.81376","9973.7"
"127900","0.1718116","0.000167585735","12.81390","9981.3"
"128000","0.1723784","0.000167368159","12.81394","9989.1"
"128100","0.1728217","0.000167150021","12.81402","9996.9"
"128200","0.1717415","0.000166931319","12.81401","10004.7"
"128300","0.1742849","0.000166712048","12.81365","10012.8"
"128400","0.1727348","0.00016649222","12.81398","10020.3"
"128500","0.1714167","0.000166271839","12.81413","10028.0"
"128600","0.1720084","0.0001660509","12.81413","10035.8"
"128700","0.1722857","0.000165829408","12.81404","10043.7"
"128800","0.1714251","0.00016560737","12.81415","10051.4"
"128900","0.1713074","0.000165384773","12.81389","10059.4"
"129000","0.1690564","0.000165161635","12.81370","10067.4"
"129100","0.1696755","0.000164937949","12.81382","10075.1"
"129200","0.1710565","0.000164713727","12.81381","10082.9"
"129300","0.1716129","0.000164488963","12.81382","10090.7"
"129400","0.1698016","0.000164263663","12.81373","10098.5"
"129500","0.1714639","0.000164037821","12.81339","10106.6"
"129600","0.1730908","0.000163811448","12.81330","10114.5"
"129700","0.1704717","0.000163584544","12.81331","10122.3"
"129800","0.1733440","0.000163357114","12.81332","10130.1"
"129900","0.1718744","0.000163129159","12.81340","10137.8"
"130000","0.1706971","0.000162900672","12.81339","10145.6"
"130100","0.1702164","0.000162671665","12.81184","10154.7"
"130200","0.1727446","0.000162442143","12.81152","10162.7"
"130300","0.1699483","0.000162212101","12.81154","10170.5"
"130400","0.1714594","0.000161981543","12.81136","10178.5"
"130500","0.1741115","0.000161750476","12.81116","10186.4"
"130600","0.1741408","0.000161518889","12.81120","10194.2"
"130700","0.1708003","0.000161286803","12.81112","10202.1"
"130800","0.1728213","0.000161054207","12.81133","10209.7"
"130900","0.1694014","0.000160821107","12.81147","10217.4"
"131000","0.1726410","0.000160587508","12.81163","10225.1"
"131100","0.1716267","0.0001603534","12.81172","10232.8"
"131200","0.1728556","0.000160118803","12.81182","10240.5"
"131300","0.1723882","0.000159883713","12.81168","10248.5"
"131400","0.1715666","0.000159648129","12.81166","10256.3"
"131500","0.1694427","0.000159412057","12.81170","10264.1"
"131600","0.1720638","0.000159175491","12.81172","10271.8"
"131700","0.1689202","0.000158938443","12.81163","10279.7"
"131800","0.1713034","0.000158700912","12.81177","10287.4"
"131900","0.1700852","0.000158462903","12.81188","10295.1"
"132000","0.1704676","0.000158224407","12.81191","10302.9"
"132100","0.1714555","0.000157985449","12.81200","10310.6"
"132200","0.1706057","0.000157746003","12.81193","10318.5"
"132300","0.1705919","0.000157506101","12.81199","10326.3"
"132400","0.1710854","0.000157265716","12.81191","10334.1"
"132500","0.1705458","0.000157024864","12.81160","10342.2"
"132600","0.1712527","0.000156783562","12.81120","10350.3"
"132700","0.1720941","0.000156541787","12.81091","10358.4"
"132800","0.1738146","0.000156299562","12.81086","10366.2"
"132900","0.1706513","0.000156056871","12.81092","10374.0"
"133000","0.1723712","0.000155813734","12.81104","10381.7"
"133100","0.1695814","0.000155570136","12.81103","10389.5"
"133200","0.1697504","0.000155326087","12.81095","10397.4"
"133300","0.1705651","0.000155081598","12.81088","10405.2"
"133400","0.1731309","0.000154836659","12.81094","10413.0"
"133500","0.1705741","0.000154591285","12.81068","10421.0"
"133600","0.1714810","0.000154345461","12.81018","10429.2"
"133700","0.1728646","0.000154099199","12.81035","10436.9"
"133800","0.1694770","0.000153852513","12.81043","10444.6"
"133900","0.1703051","0.000153605385","12.81054","10452.3"
"134000","0.1723479","0.000153357834","12.81054","10460.1"
"134100","0.1728994","0.000153109847","12.81058","10467.9"
"134200","0.1704342","0.000152861435","12.81053","10475.8"
"134300","0.1698689","0.000152612609","12.81053","10483.6"
"134400","0.1708166","0.000152363351","12.81043","10491.4"
"134500","0.1673730","0.000152113686","12.81025","10499.4"
"134600","0.1693859","0.000151863596","12.81012","10507.3"
"134700","0.1714178","0.000151613102","12.81007","10515.2"
"134800","0.1713804","0.00015136219","12.80988","10523.1"
"134900","0.1707763","0.000151110867","12.80962","10531.1"
"135000","0.1708821","0.000150859147","12.80918","10539.3"
"135100","0.1717406","0.000150607016","12.80882","10547.4"
"135200","0.1695352","0.000150354494","12.80835","10555.6"
"135300","0.1712756","0.000150101562","12.80821","10563.5"
"135400","0.1704070","0.000149848238","12.80804","10571.5"
"135500","0.1710988","0.000149594528","12.80770","10579.6"
"135600","0.1708013","0.000149340418","12.80751","10587.5"
"135700","0.1757289","0.000149085928","12.80754","10595.3"
"135800","0.1717638","0.000148831043","12.80748","10603.2"
"135900","0.1691820","0.000148575777","12.80725","10611.2"
"136000","0.1695923","0.000148320138","12.80706","10619.1"
"136100","0.1722651","0.000148064111","12.80708","10626.9"
"136200","0.1706952","0.000147807718","12.80703","10634.8"
"136300","0.1700799","0.000147550942","12.80695","10642.7"
"136400","0.1697159","0.000147293807","12.80682","10650.6"
"136500","0.1721361","0.000147036293","12.80652","10658.6"
"136600","0.1702000","0.000146778412","12.80645","10666.5"
"136700","0.1718927","0.00014652018","12.80624","10674.5"
"136800","0.1691759","0.000146261578","12.80620","10682.3"
"136900","0.1685315","0.000146002626","12.80602","10690.3"
"137000","0.1698453","0.00014574331","12.80605","10698.1"
"137100","0.1737377","0.00014548364","12.80594","10706.0"
"137200","0.1713811","0.000145223632","12.80593","10713.8"
"137300","0.1707259","0.000144963265","12.80601","10721.5"
"137400","0.1715825","0.000144702562","12.80616","10729.2"
"137500","0.1698078","0.000144441508","12.80622","10737.0"
"137600","0.1721252","0.000144180114","12.80641","10744.6"
"137700","0.1700996","0.000143918392","12.80646","10752.4"
"137800","0.1690138","0.000143656327","12.80642","10760.2"
"137900","0.1694584","0.000143393937","12.80642","10768.0"
"138000","0.1720468","0.000143131209","12.80628","10776.0"
"138100","0.1700376","0.000142868154","12.80626","10783.8"
"138200","0.1720891","0.000142604785","12.80633","10791.5"
"138300","0.1704233","0.000142341084","12.80619","10799.5"
"138400","0.1714582","0.000142077071","12.80620","10807.3"
"138500","0.1723090","0.000141812734","12.80623","10815.0"
"138600","0.1700791","0.000141548094","12.80642","10822.7"
"138700","0.1700835","0.000141283132","12.80631","10830.6"
"138800","0.1700563","0.000141017859","12.80638","10838.3"
"138900","0.1726671","0.000140752293","12.80639","10846.1"
"139000","0.1669556","0.000140486411","12.80640","10854.0"
"139100","0.1700578","0.00014022024","12.80619","10861.9"
"139200","0.1687306","0.00013995376","12.80618","10869.8"
"139300","0.1696429","0.000139686984","12.80565","10878.0"
"139400","0.1705306","0.000139419925","12.80555","10885.9"
"139500","0.1695504","0.000139152565","12.80549","10893.8"
"139600","0.1702704","0.000138884929","12.80552","10901.5"
"139700","0.1705485","0.000138616998","12.80548","10909.4"
"139800","0.1692591","0.000138348782","12.80546","10917.2"
"139900","0.1672511","0.000138080298","12.80527","10925.2"
"140000","0.1714007","0.000137811528","12.80515","10933.1"
"140100","0.1722435","0.000137542491","12.80359","10942.2"
"140200","0.1687139","0.000137273173","12.80366","10950.0"
"140300","0.1697835","0.000137003595","12.80373","10957.7"
"140400","0.1712550","0.000136733744","12.80377","10965.5"
"140500","0.1702884","0.000136463626","12.80380","10973.3"
"140600","0.1714869","0.000136193257","12.80362","10981.3"
"140700","0.1708721","0.000135922619","12.80364","10989.1"
"140800","0.1697035","0.000135651738","12.80370","10996.8"
"140900","0.1701639","0.000135380593","12.80373","11004.6"
"141000","0.1689094","0.000135109197","12.80366","11012.5"
"141100","0.1728349","0.000134837561","12.80362","11020.3"
"141200","0.1706897","0.000134565671","12.80362","11028.1"
"141300","0.1706108","0.00013429355","12.80367","11035.9"
"141400","0.1706786","0.00013402118","12.80367","11043.7"
"141500","0.1709623","0.000133748571","12.80370","11051.5"
"141600","0.1714103","0.000133475737","12.80359","11059.4"
"141700","0.1691176","0.000133202661","12.80370","11067.1"
"141800","0.1694270","0.000132929368","12.80365","11075.0"
"141900","0.1709138","0.000132655839","12.80358","11082.8"
"142000","0.1733333","0.000132382095","12.80357","11090.7"
"142100","0.1708361","0.00013210812","12.80370","11098.4"
"142200","0.1715763","0.000131833927","12.80368","11106.2"
"142300","0.1721365","0.000131559529","12.80373","11114.0"
"142400","0.1692832","0.000131284908","12.80368","11121.8"
"142500","0.1716489","0.000131010088","12.80369","11129.6"
"142600","0.1712240","0.000130735049","12.80374","11137.4"
"142700","0.1700721","0.000130459806","12.80371","11145.2"
"142800","0.1705347","0.000130184371","12.80379","11152.9"
"142900","0.1720041","0.000129908726","12.80389","11160.7"
"143000","0.1692408","0.000129632896","12.80392","11168.5"
"143100","0.1730800","0.000129356861","12.80401","11176.2"
"143200","0.1711825","0.000129080635","12.80406","11184.0"
"143300","0.1692782","0.000128804231","12.80401","11191.8"
"143400","0.1708208","0.000128527632","12.80392","11199.7"
"143500","0.1692737","0.000128250861","12.80405","11207.4"
"143600","0.1704598","0.000127973897","12.80403","11215.2"
"143700","0.1734456","0.000127696758","12.80404","11223.0"
"143800","0.1699198","0.000127419454","12.80405","11230.8"
"143900","0.1726151","0.000127141967","12.80414","11238.6"
"144000","0.1702320","0.000126864321","12.80419","11246.3"
"144100","0.1680563","0.000126586499","12.80416","11254.2"
"144200","0.1706690","0.000126308524","12.80416","11262.0"
"144300","0.1680612","0.000126030376","12.80416","11269.8"
"144400","0.1697958","0.000125752072","12.80406","11277.7"
"144500","0.1686352","0.000125473621","12.80404","11285.5"
"144600","0.1723050","0.000125195008","12.80411","11293.3"
"144700","0.1706302","0.000124916255","12.80401","11301.1"
"144800","0.1694949","0.000124637344","12.80393","11309.0"
"144900","0.1693657","0.00012435829","12.80406","11316.7"
"145000","0.1704955","0.000124079104","12.80421","11324.4"
"145100","0.1707396","0.000123799768","12.80434","11332.1"
"145200","0.1712966","0.000123520306","12.80432","11339.9"
"145300","0.1694687","0.000123240702","12.80430","11347.7"
"145400","0.1690263","0.000122960965","12.80430","11355.6"
"145500","0.1696558","0.000122681113","12.80414","11363.5"
"145600","0.1686636","0.000122401124","12.80419","11371.3"
"145700","0.1703997","0.000122121022","12.80405","11379.2"
"145800","0.1680478","0.000121840791","12.80415","11386.9"
"145900","0.1717610","0.000121560454","12.80392","11394.9"
"146000","0.1716833","0.000121279991","12.80397","11402.7"
"146100","0.1689605","0.000120999418","12.80379","11410.7"
"146200","0.1706149","0.000120718747","12.80354","11418.7"
"146300","0.1686262","0.000120437959","12.80363","11426.4"
"146400","0.1702645","0.000120157079","12.80363","11434.3"
"146500","0.1699188","0.000119876088","12.80370","11442.0"
"146600","0.1696827","0.000119595","12.80348","11450.0"
"146700","0.1703190","0.000119313827","12.80354","11457.8"
"146800","0.1708462","0.000119032552","12.80355","11465.6"
"146900","0.1700457","0.000118751198","12.80339","11473.5"
"147000","0.1704422","0.000118469748","12.80316","11481.5"
"147100","0.1699428","0.000118188213","12.80334","11489.2"
"147200","0.1704003","0.000117906609","12.80334","11497.0"
"147300","0.1684382","0.000117624916","12.80336","11504.8"
"147400","0.1682320","0.000117343158","12.80338","11512.6"
"147500","0.1700881","0.000117061318","12.80345","11520.3"
"147600","0.1686028","0.000116779418","12.80349","11528.1"
"147700","0.1718099","0.00011649744","12.80315","11536.2"
"147800","0.1700521","0.000116215398","12.80314","11544.0"
"147900","0.1700235","0.000115933307","12.80309","11551.9"
"148000","0.1681940","0.000115651145","12.80306","11559.7"
"148100","0.1715713","0.000115368939","12.80305","11567.6"
"148200","0.1712272","0.000115086668","12.80314","11575.3"
"148300","0.1662270","0.000114804348","12.80286","11583.3"
"148400","0.1704132","0.000114521991","12.80277","11591.2"
"148500","0.1732205","0.000114239578","12.80279","11599.0"
"148600","0.1698538","0.000113957135","12.80287","11606.8"
"148700","0.1671710","0.000113674641","12.80283","11614.6"
"148800","0.1701178","0.000113392112","12.80269","11622.6"
"148900","0.1712198","0.000113109559","12.80275","11630.3"
"149000","0.1700649","0.000112826965","12.80271","11638.2"
"149100","0.1703690","0.000112544355","12.80283","11645.9"
"149200","0.1692023","0.000112261708","12.80270","11653.8"
"149300","0.1698282","0.000111979039","12.80280","11661.5"
"149400","0.1688616","0.000111696361","12.80298","11669.2"
"149500","0.1713485","0.000111413655","12.80311","11676.9"
"149600","0.1692921","0.000111130947","12.80326","11684.5"
"149700","0.1707258","0.000110848216","12.80336","11692.2"
"149800","0.1707232","0.000110565488","12.80352","11699.9"
"149900","0.1684269","0.000110282743","12.80362","11707.6"
"150000","0.1722388","0.000109999996","12.80336","11715.7"
"150100","0.1688203","0.00010971726","12.80125","11725.4"
"150200","0.1691672","0.000109434515","12.80115","11733.3"
"150300","0.1702145","0.000109151787","12.80131","11741.0"
"150400","0.1688927","0.000108869056","12.80086","11749.2"
"150500","0.1681585","0.000108586337","12.80094","11756.9"
"150600","0.1710252","0.000108303642","12.80089","11764.8"
"150700","0.1704130","0.000108020954","12.80106","11772.5"
"150800","0.1676659","0.000107738295","12.80100","11780.3"
"150900","0.1696106","0.000107455648","12.80101","11788.1"
"151000","0.1706831","0.000107173026","12.80092","11796.0"
"151100","0.1727154","0.000106890444","12.80086","11803.9"
"151200","0.1704260","0.00010660788","12.80074","11811.8"
"151300","0.1683872","0.000106325362","12.80080","11819.6"
"151400","0.1705896","0.000106042868","12.80085","11827.3"
"151500","0.1698908","0.000105760425","12.80104","11835.0"
"151600","0.1705550","0.000105478012","12.80112","11842.7"
"151700","0.1681098","0.000105195644","12.80114","11850.5"
"151800","0.1707874","0.000104913334","12.80107","11858.4"
"151900","0.1671696","0.000104631064","12.80122","11866.1"
"152000","0.1709934","0.000104348858","12.80090","11874.2"
"152100","0.1685412","0.000104066696","12.80075","11882.1"
"152200","0.1680962","0.000103784593","12.80088","11889.8"
"152300","0.1696508","0.000103502563","12.80072","11897.8"
"152400","0.1683832","0.000103220585","12.80057","11905.7"
"152500","0.1684537","0.000102938685","12.80040","11913.7"
"152600","0.1709469","0.000102656845","12.80050","11921.4"
"152700","0.1711315","0.000102375076","12.80055","11929.2"
"152800","0.1710006","0.000102093394","12.80038","11937.1"
"152900","0.1714056","0.000101811778","12.80053","11944.8"
"153000","0.1682958","0.000101530255","12.80012","11953.0"
"153100","0.1688225","0.000101248804","12.80009","11960.9"
"153200","0.1691869","0.000100967451","12.79991","11968.8"
"153300","0.1700827","0.000100686176","12.80005","11976.5"
"153400","0.1677039","0.000100404993","12.80012","11984.3"
"153500","0.1714408","0.000100123915","12.79994","11992.2"
"153600","0.1703031","9.98429237e-05","12.79979","12000.2"
"153700","0.1722394","9.95620435e-05","12.79940","12008.4"
"153800","0.1685468","9.92812558e-05","12.79929","12016.3"
"153900","0.1683152","9.9000574e-05","12.79892","12024.4"
"154000","0.1689222","9.87200116e-05","12.79875","12032.4"
"154100","0.1700252","9.84395491e-05","12.79883","12040.2"
"154200","0.1694195","9.81592113e-05","12.79854","12048.3"
"154300","0.1722023","9.78789808e-05","12.79858","12056.0"
"154400","0.1709057","9.75988697e-05","12.79861","12063.8"
"154500","0.1699805","9.73188913e-05","12.79872","12071.5"
"154600","0.1707852","9.70390269e-05","12.79859","12079.5"
"154700","0.1687247","9.6759302e-05","12.79860","12087.3"
"154800","0.1698561","9.64796965e-05","12.79849","12095.2"
"154900","0.1693066","9.62002237e-05","12.79847","12103.0"
"155000","0.1664851","9.59208998e-05","12.79830","12111.0"
"155100","0.1677888","9.5641702e-05","12.79821","12118.9"
"155200","0.1675876","9.53626584e-05","12.79822","12126.7"
"155300","0.1703748","9.50837475e-05","12.79810","12134.6"
"155400","0.1700050","9.48049949e-05","12.79810","12142.4"
"155500","0.1702682","9.45263818e-05","12.79807","12150.3"
"155600","0.1705453","9.42479202e-05","12.79790","12158.2"
"155700","0.1719928","9.39696263e-05","12.79765","12166.3"
"155800","0.1700107","9.36914799e-05","12.79747","12174.3"
"155900","0.1706344","9.34135038e-05","12.79727","12182.3"
"156000","0.1702444","9.31356819e-05","12.79707","12190.3"
"156100","0.1674072","9.28580263e-05","12.79703","12198.1"
"156200","0.1688594","9.25805491e-05","12.79692","12206.1"
"156300","0.1697131","9.23032355e-05","12.79682","12214.0"
"156400","0.1690490","9.20261057e-05","12.79654","12222.1"
"156500","0.1698970","9.17491421e-05","12.79643","12230.0"
"156600","0.1690340","9.14723596e-05","12.79636","12237.9"
"156700","0.1698748","9.11957715e-05","12.79627","12245.8"
"156800","0.1709302","9.09193565e-05","12.79618","12253.7"
"156900","0.1709786","9.06431413e-05","12.79620","12261.5"
"157000","0.1669239","9.03671071e-05","12.79619","12269.3"
"157100","0.1685952","9.00912768e-05","12.79620","12277.1"
"157200","0.1703213","8.98156315e-05","12.79629","12284.8"
"157300","0.1703316","8.95401874e-05","12.79610","12292.8"
"157400","0.1678364","8.92649539e-05","12.79587","12300.8"
"157500","0.1693302","8.89899148e-05","12.79591","12308.6"
"157600","0.1704026","8.87150943e-05","12.79600","12316.3"
"157700","0.1702546","8.84404737e-05","12.79591","12324.2"
"157800","0.1697351","8.81660649e-05","12.79585","12332.1"
"157900","0.1672760","8.78918828e-05","12.79605","12339.7"
"158000","0.1702787","8.76179072e-05","12.79581","12347.8"
"158100","0.1698414","8.73441637e-05","12.79580","12355.6"
"158200","0.1703582","8.70706347e-05","12.79564","12363.6"
"158300","0.1705813","8.6797331e-05","12.79563","12371.4"
"158400","0.1711677","8.6524266e-05","12.79574","12379.1"
"158500","0.1692755","8.62514237e-05","12.79552","12387.1"
"158600","0.1691642","8.59788254e-05","12.79537","12395.1"
"158700","0.1694985","8.57064524e-05","12.79513","12403.2"
"158800","0.1720622","8.54343316e-05","12.79485","12411.2"
"158900","0.1695024","8.51624414e-05","12.79466","12419.2"
"159000","0.1683417","8.4890798e-05","12.79437","12427.3"
"159100","0.1698630","8.46194094e-05","12.79414","12435.4"
"159200","0.1692828","8.43482649e-05","12.79396","12443.4"
"159300","0.1717924","8.40773833e-05","12.79366","12451.5"
"159400","0.1712550","8.38067457e-05","12.79344","12459.5"
"159500","0.1676078","8.35363656e-05","12.79323","12467.5"
"159600","0.1707682","8.32662591e-05","12.79299","12475.6"
"159700","0.1712136","8.29964074e-05","12.79272","12483.7"
"159800","0.1690681","8.27268293e-05","12.79253","12491.7"
"159900","0.1710053","8.24575114e-05","12.79236","12499.7"
"160000","0.1707542","8.21884671e-05","12.79214","12507.7"
"160100","0.1683280","8.19197044e-05","12.79083","12516.8"
"160200","0.1709021","8.16512099e-05","12.79040","12525.0"
"160300","0.1696154","8.13830051e-05","12.79010","12533.1"
"160400","0.1706190","8.11150739e-05","12.79001","12541.0"
"160500","0.1675117","8.0847427e-05","12.78992","12548.9"
"160600","0.1689039","8.05800778e-05","12.78979","12556.9"
"160700","0.1698340","8.03130102e-05","12.78987","12564.6"
"160800","0.1693046","8.00462431e-05","12.78975","12572.6"
"160900","0.1690562","7.97797629e-05","12.78958","12580.6"
"161000","0.1711775","7.95135912e-05","12.78944","12588.5"
"161100","0.1714935","7.92477092e-05","12.78939","12596.4"
"161200","0.1686937","7.8982133e-05","12.78937","12604.2"
"161300","0.1702244","7.87168705e-05","12.78912","12612.3"
"161400","0.1708047","7.84519085e-05","12.78896","12620.3"
"161500","0.1672339","7.81872684e-05","12.78885","12628.2"
"161600","0.1685445","7.79229313e-05","12.78888","12636.0"
"161700","0.1694127","7.76589108e-05","12.78891","12643.8"
"161800","0.1699728","7.73952174e-05","12.78883","12651.7"
"161900","0.1696916","7.71318379e-05","12.78887","12659.4"
"162000","0.1704132","7.68687937e-05","12.78883","12667.3"
"162100","0.1666667","7.66060659e-05","12.78882","12675.1"
"162200","0.1709130","7.63436654e-05","12.78874","12683.0"
"162300","0.1703131","7.60816109e-05","12.78888","12690.7"
"162400","0.1685532","7.58198783e-05","12.78897","12698.4"
"162500","0.1692423","7.55584943e-05","12.78887","12706.4"
"162600","0.1708487","7.52974403e-05","12.78870","12714.4"
"162700","0.1696261","7.50367376e-05","12.78864","12722.2"
"162800","0.1710042","7.47763702e-05","12.78867","12730.0"
"162900","0.1685513","7.45163515e-05","12.78862","12737.9"
"163000","0.1712244","7.42566922e-05","12.78859","12745.7"
"163100","0.1685240","7.39973763e-05","12.78864","12753.5"
"163200","0.1689591","7.37384251e-05","12.78861","12761.4"
"163300","0.1715491","7.34798226e-05","12.78863","12769.2"
"163400","0.1705530","7.32215795e-05","12.78869","12776.9"
"163500","0.1687089","7.29637092e-05","12.78852","12784.9"
"163600","0.1676657","7.27061957e-05","12.78875","12792.5"
"163700","0.1687370","7.24490604e-05","12.78883","12800.2"
"163800","0.1697511","7.21922845e-05","12.78880","12808.1"
"163900","0.1698977","7.19358814e-05","12.78874","12816.0"
"164000","0.1683105","7.16798538e-05","12.78878","12823.7"
"164100","0.1693432","7.14242259e-05","12.78871","12831.6"
"164200","0.1683068","7.11689574e-05","12.78862","12839.5"
"164300","0.1716341","7.09140751e-05","12.78875","12847.2"
"164400","0.1673556","7.06595764e-05","12.78875","12855.1"
"164500","0.1693930","7.04054666e-05","12.78892","12862.7"
"164600","0.1693691","7.01517645e-05","12.78893","12870.5"
"164700","0.1700093","6.98984405e-05","12.78879","12878.5"
"164800","0.1710987","6.96455082e-05","12.78870","12886.4"
"164900","0.1672557","6.93929756e-05","12.78888","12894.0"
"165000","0.1673357","6.91408452e-05","12.78911","12901.6"
"165100","0.1687591","6.8889136e-05","12.78928","12909.2"
"165200","0.1690492","6.8637813e-05","12.78921","12917.1"
"165300","0.1700476","6.83869004e-05","12.78931","12924.9"
"165400","0.1697200","6.81363955e-05","12.78928","12932.7"
"165500","0.1689675","6.78863251e-05","12.78939","12940.4"
"165600","0.1687074","6.76366517e-05","12.78940","12948.2"
"165700","0.1667215","6.7387394e-05","12.78959","12955.8"
"165800","0.1670507","6.71385601e-05","12.78950","12963.8"
"165900","0.1686987","6.68901473e-05","12.78943","12971.6"
"166000","0.1688356","6.66421771e-05","12.78949","12979.4"
"166100","0.1695084","6.63946173e-05","12.78953","12987.2"
"166200","0.1707988","6.61474892e-05","12.78958","12994.9"
"166300","0.1660978","6.59007931e-05","12.78967","13002.7"
"166400","0.1719193","6.56545314e-05","12.78956","13010.6"
"166500","0.1710158","6.54087284e-05","12.78946","13018.5"
"166600","0.1695680","6.51633438e-05","12.78951","13026.3"
"166700","0.1677554","6.49184018e-05","12.78973","13033.9"
"166800","0.1682136","6.46739078e-05","12.78976","13041.7"
"166900","0.1723116","6.44298589e-05","12.78978","13049.5"
"167000","0.1697997","6.41862822e-05","12.78981","13057.3"
"167100","0.1706133","6.39431345e-05","12.78992","13065.0"
"167200","0.1693395","6.37004429e-05","12.78970","13073.0"
"167300","0.1675750","6.34582072e-05","12.78986","13080.7"
"167400","0.1682137","6.32164329e-05","12.78992","13088.4"
"167500","0.1677747","6.2975136e-05","12.78978","13096.4"
"167600","0.1694533","6.27342844e-05","12.78979","13104.2"
"167700","0.1701965","6.24939048e-05","12.78975","13112.1"
"167800","0.1692447","6.22539866e-05","12.78987","13119.8"
"167900","0.1692392","6.20145458e-05","12.78999","13127.4"
"168000","0.1718764","6.17755932e-05","12.79003","13135.2"
"168100","0.1682711","6.15371019e-05","12.79014","13142.9"
"168200","0.1685788","6.1299088e-05","12.78996","13150.9"
"168300","0.1699378","6.10615516e-05","12.78996","13158.8"
"168400","0.1712248","6.08244979e-05","12.78981","13166.7"
"168500","0.1673879","6.05879539e-05","12.78968","13174.7"
"168600","0.1696902","6.03518713e-05","12.78951","13182.7"
"168700","0.1697846","6.01162875e-05","12.78933","13190.7"
"168800","0.1679911","5.98811865e-05","12.78913","13198.7"
"168900","0.1669934","5.96465898e-05","12.78877","13206.9"
"169000","0.1696424","5.94125026e-05","12.78861","13214.9"
"169100","0.1686952","5.91788983e-05","12.78850","13222.8"
"169200","0.1683556","5.89457929e-05","12.78859","13230.5"
"169300","0.1684402","5.87131917e-05","12.78859","13238.4"
"169400","0.1701513","5.84811163e-05","12.78862","13246.2"
"169500","0.1678975","5.82495344e-05","12.78864","13254.0"
"169600","0.1658954","5.80184567e-05","12.78875","13261.7"
"169700","0.1705826","5.7787894e-05","12.78876","13269.5"
"169800","0.1678539","5.75578517e-05","12.78871","13277.3"
"169900","0.1686770","5.73283404e-05","12.78876","13285.1"
"170000","0.1696050","5.70993334e-05","12.78877","13292.9"
"170100","0.1698230","5.68708467e-05","12.78761","13301.9"
"170200","0.1682308","5.66428858e-05","12.78747","13309.9"
"170300","0.1689066","5.64154452e-05","12.78731","13317.9"
"170400","0.1706698","5.61885571e-05","12.78730","13325.7"
"170500","0.1685332","5.59621841e-05","12.78722","13333.6"
"170600","0.1695834","5.57363421e-05","12.78732","13341.3"
"170700","0.1716559","5.55110365e-05","12.78744","13349.0"
"170800","0.1693078","5.52862674e-05","12.78749","13356.8"
"170900","0.1683872","5.50620562e-05","12.78755","13364.6"
"171000","0.1705228","5.48383707e-05","12.78773","13372.2"
"171100","0.1695574","5.4615227e-05","12.78810","13379.6"
"171200","0.1699188","5.43926305e-05","12.78857","13386.9"
"171300","0.1707184","5.41705865e-05","12.78847","13394.9"
"171400","0.1706291","5.39491057e-05","12.78837","13402.8"
"171500","0.1676837","5.37281615e-05","12.78825","13410.8"
"171600","0.1680898","5.35077751e-05","12.78815","13418.7"
"171700","0.1683233","5.32879466e-05","12.78786","13426.8"
"171800","0.1685675","5.3068676e-05","12.78777","13434.7"
"171900","0.1693476","5.28499848e-05","12.78752","13442.8"
"172000","0.1684799","5.26318407e-05","12.78733","13450.8"
"172100","0.1708580","5.24142653e-05","12.78699","13459.0"
"172200","0.1701673","5.21972585e-05","12.78690","13466.9"
"172300","0.1690392","5.19808203e-05","12.78711","13474.5"
"172400","0.1690433","5.17649668e-05","12.78714","13482.3"
"172500","0.1684941","5.15496767e-05","12.78719","13490.1"
"172600","0.1704546","5.13349658e-05","12.78745","13497.6"
"172700","0.1676056","5.1120829e-05","12.78711","13505.8"
"172800","0.1690239","5.09072876e-05","12.78717","13513.6"
"172900","0.1687825","5.06943202e-05","12.78732","13521.2"
"173000","0.1700033","5.04819322e-05","12.78725","13529.1"
"173100","0.1699796","5.02701342e-05","12.78727","13536.9"
"173200","0.1699013","5.00589263e-05","12.78732","13544.7"
"173300","0.1681362","4.98483247e-05","12.78749","13552.3"
"173400","0.1672710","4.96383023e-05","12.78756","13560.1"
"173500","0.1687804","4.94288754e-05","12.78746","13568.0"
"173600","0.1692687","4.9220044e-05","12.78728","13576.0"
"173700","0.1691867","4.90118134e-05","12.78740","13583.7"
"173800","0.1692378","4.88042051e-05","12.78752","13591.4"
"173900","0.1731022","4.85971814e-05","12.78737","13599.4"
"174000","0.1677677","4.83907586e-05","12.78730","13607.2"
"174100","0.1683745","4.81849527e-05","12.78726","13615.1"
"174200","0.1696957","4.7979753e-05","12.78695","13623.3"
"174300","0.1678141","4.77751809e-05","12.78702","13631.0"
"174400","0.1704160","4.75712043e-05","12.78697","13638.9"
"174500","0.1661729","4.73678499e-05","12.78698","13646.7"
"174600","0.1685720","4.71651071e-05","12.78716","13654.3"
"174700","0.1677608","4.6962992e-05","12.78693","13662.4"
"174800","0.1710224","4.67615098e-05","12.78678","13670.4"
"174900","0.1707306","4.65606338e-05","12.78651","13678.5"
"175000","0.1670295","4.63603908e-05","12.78639","13686.4"
"175100","0.1678111","4.61607701e-05","12.78632","13694.3"
"175200","0.1701937","4.59617823e-05","12.78620","13702.3"
"175300","0.1687049","4.57634437e-05","12.78614","13710.2"
"175400","0.1708721","4.55657166e-05","12.78612","13718.0"
"175500","0.1678209","4.53686333e-05","12.78613","13725.8"
"175600","0.1700192","4.51721829e-05","12.78606","13733.7"
"175700","0.1694547","4.49763763e-05","12.78617","13741.4"
"175800","0.1699660","4.47812241e-05","12.78613","13749.3"
"175900","0.1681602","4.45866996e-05","12.78631","13756.9"
"176000","0.1682226","4.43928242e-05","12.78635","13764.7"
"176100","0.1683105","4.41995925e-05","12.78629","13772.6"
"176200","0.1694193","4.40070099e-05","12.78625","13780.4"
"176300","0.1685854","4.38150978e-05","12.78631","13788.2"
"176400","0.1682035","4.36238188e-05","12.78627","13796.1"
"176500","0.1706284","4.34331995e-05","12.78617","13804.0"
"176600","0.1679964","4.32432348e-05","12.78603","13811.9"
"176700","0.1685161","4.30539459e-05","12.78604","13819.8"
"176800","0.1708172","4.28653008e-05","12.78595","13827.7"
"176900","0.1712323","4.26773208e-05","12.78612","13835.3"
"177000","0.1665891","4.24900007e-05","12.78603","13843.2"
"177100","0.1693397","4.23033512e-05","12.78587","13851.2"
"177200","0.1687100","4.21173829e-05","12.78603","13858.9"
"177300","0.1699761","4.19320691e-05","12.78604","13866.7"
"177400","0.1697193","4.17474312e-05","12.78611","13874.4"
"177500","0.1667127","4.15634638e-05","12.78634","13882.0"
"177600","0.1686348","4.1380167e-05","12.78637","13889.8"
"177700","0.1657768","4.11975676e-05","12.78658","13897.4"
"177800","0.1676871","4.10156333e-05","12.78703","13904.7"
"177900","0.1714730","4.08343804e-05","12.78749","13912.0"
"178000","0.1689755","4.06538033e-05","12.78794","13919.4"
"178100","0.1669105","4.04739183e-05","12.78833","13926.8"
"178200","0.1689398","4.02947307e-05","12.78878","13934.1"
"178300","0.1680317","4.01162189e-05","12.78923","13941.4"
"178400","0.1724557","3.99383938e-05","12.78967","13948.8"
"178500","0.1690020","3.97612607e-05","12.79012","13956.1"
"178600","0.1698784","3.95848197e-05","12.79057","13963.4"
"178700","0.1674749","3.94090921e-05","12.79102","13970.7"
"178800","0.1705283","3.92340457e-05","12.79146","13978.1"
"178900","0.1695138","3.90596968e-05","12.79187","13985.4"
"179000","0.1724847","3.88860452e-05","12.79231","13992.8"
"179100","0.1709238","3.87131017e-05","12.79276","14000.1"
"179200","0.1690061","3.85408717e-05","12.79320","14007.4"
"179300","0.1668219","3.83693337e-05","12.79364","14014.8"
"179400","0.1697956","3.81984985e-05","12.79409","14022.1"
"179500","0.1657711","3.80283767e-05","12.79453","14029.4"
"179600","0.1705793","3.78589684e-05","12.79497","14036.8"
"179700","0.1674642","3.76902789e-05","12.79534","14044.2"
"179800","0.1675921","3.75222921e-05","12.79578","14051.5"
"179900","0.1671898","3.73550189e-05","12.79621","14058.9"
"180000","0.1701932","3.71884698e-05","12.79665","14066.2"
"180100","0.1678169","3.70226341e-05","12.79614","14074.6"
"180200","0.1686581","3.68575281e-05","12.79658","14081.9"
"180300","0.1677160","3.66931355e-05","12.79703","14089.2"
"180400","0.1700395","3.65294671e-05","12.79744","14096.6"
"180500","0.1674195","3.63665229e-05","12.79783","14104.0"
"180600","0.1698892","3.6204319e-05","12.79825","14111.3"
"180700","0.1671948","3.60428286e-05","12.79868","14118.6"
"180800","0.1716076","3.58820677e-05","12.79911","14126.0"
"180900","0.1679764","3.57220417e-05","12.79932","14133.6"
"181000","0.1681947","3.55627453e-05","12.79908","14141.6"
"181100","0.1699784","3.54041946e-05","12.79874","14149.8"
"181200","0.1688661","3.52463734e-05","12.79851","14157.9"
"181300","0.1685551","3.50892872e-05","12.79846","14165.8"
"181400","0.1695899","3.49329412e-05","12.79850","14173.5"
"181500","0.1703116","3.47773355e-05","12.79842","14181.4"
"181600","0.1675116","3.46224809e-05","12.79821","14189.5"
"181700","0.1683789","3.44683611e-05","12.79829","14197.2"
"181800","0.1684121","3.43149871e-05","12.79847","14204.8"
"181900","0.1663161","3.41623586e-05","12.79817","14213.0"
"182000","0.1702859","3.40104812e-05","12.79818","14220.8"
"182100","0.1665176","3.38593656e-05","12.79818","14228.6"
"182200","0.1655001","3.37089902e-05","12.79812","14236.5"
"182300","0.1686592","3.35593659e-05","12.79818","14244.2"
"182400","0.1694935","3.34104925e-05","12.79817","14252.0"
"182500","0.1652187","3.3262381e-05","12.79829","14259.7"
"182600","0.1707898","3.31150365e-05","12.79832","14267.5"
"182700","0.1662927","3.29684377e-05","12.79834","14275.3"
"182800","0.1694216","3.28226006e-05","12.79820","14283.3"
"182900","0.1671261","3.26775253e-05","12.79834","14290.9"
"183000","0.1659899","3.25332117e-05","12.79829","14298.8"
"183100","0.1678515","3.2389676e-05","12.79824","14306.7"
"183200","0.1685708","3.22468966e-05","12.79841","14314.3"
"183300","0.1658904","3.2104879e-05","12.79838","14322.1"
"183400","0.1666976","3.19636339e-05","12.79855","14329.8"
"183500","0.1691426","3.18231612e-05","12.79871","14337.4"
"183600","0.1665071","3.16834664e-05","12.79882","14345.1"
"183700","0.1690805","3.15445334e-05","12.79863","14353.1"
"183800","0.1682713","3.14063781e-05","12.79860","14360.9"
"183900","0.1685706","3.12689954e-05","12.79852","14368.8"
"184000","0.1675891","3.11324066e-05","12.79836","14376.8"
"184100","0.1697916","3.09965795e-05","12.79832","14384.7"
"184200","0.1667067","3.08615357e-05","12.79817","14392.7"
"184300","0.1718419","3.07272696e-05","12.79818","14400.5"
"184400","0.1708466","3.05937868e-05","12.79814","14408.3"
"184500","0.1698473","3.0461098e-05","12.79824","14416.0"
"184600","0.1701090","3.03291869e-05","12.79838","14423.7"
"184700","0.1676734","3.01980591e-05","12.79849","14431.4"
"184800","0.1660425","3.00677198e-05","12.79864","14439.0"
"184900","0.1684316","2.99381691e-05","12.79836","14447.2"
"185000","0.1672569","2.98094177e-05","12.79823","14455.1"
"185100","0.1657816","2.96814495e-05","12.79809","14463.1"
"185200","0.1682082","2.95542699e-05","12.79763","14471.4"
"185300","0.1685380","2.94278896e-05","12.79723","14479.7"
"185400","0.1689326","2.93023032e-05","12.79719","14487.6"
"185500","0.1664535","2.91775215e-05","12.79707","14495.5"
"185600","0.1658679","2.90535283e-05","12.79693","14503.5"
"185700","0.1686287","2.89303344e-05","12.79693","14511.3"
"185800","0.1670604","2.88079399e-05","12.79695","14519.1"
"185900","0.1703850","2.868635e-05","12.79676","14527.1"
"186000","0.1686023","2.85655701e-05","12.79661","14535.1"
"186100","0.1700092","2.84455842e-05","12.79661","14542.9"
"186200","0.1686568","2.83264029e-05","12.79635","14551.0"
"186300","0.1684822","2.82080263e-05","12.79641","14558.8"
"186400","0.1701083","2.80904597e-05","12.79604","14567.0"
"186500","0.1679635","2.79737085e-05","12.79582","14575.1"
"186600","0.1703488","2.78577566e-05","12.79567","14583.1"
"186700","0.1679999","2.77426201e-05","12.79546","14591.1"
"186800","0.1706825","2.76282936e-05","12.79537","14599.0"
"186900","0.1705669","2.75147772e-05","12.79542","14606.8"
"187000","0.1677616","2.74020869e-05","12.79513","14614.9"
"187100","0.1675886","2.72902012e-05","12.79468","14623.3"
"187200","0.1700767","2.71791309e-05","12.79435","14631.5"
"187300","0.1671153","2.70688814e-05","12.79390","14639.8"
"187400","0.1693030","2.69594473e-05","12.79367","14647.9"
"187500","0.1672780","2.68508446e-05","12.79358","14655.8"
"187600","0.1674079","2.6743052e-05","12.79363","14663.5"
"187700","0.1702066","2.66360801e-05","12.79371","14671.3"
"187800","0.1683737","2.65299344e-05","12.79373","14679.1"
"187900","0.1664622","2.64246148e-05","12.79360","14687.0"
"188000","0.1682614","2.63201159e-05","12.79334","14695.1"
"188100","0.1689227","2.62164432e-05","12.79303","14703.3"
"188200","0.1679562","2.61135966e-05","12.79284","14711.4"
"188300","0.1692378","2.60115814e-05","12.79258","14719.5"
"188400","0.1689045","2.59103978e-05","12.79255","14727.3"
"188500","0.1694796","2.58100402e-05","12.79243","14735.3"
"188600","0.1691837","2.57105088e-05","12.79242","14743.1"
"188700","0.1686496","2.56118143e-05","12.79247","14750.9"
"188800","0.1694149","2.55139512e-05","12.79214","14759.1"
"188900","0.1683465","2.5416925e-05","12.79208","14766.9"
"189000","0.1667512","2.53207302e-05","12.79188","14775.0"
"189100","0.1687614","2.52253723e-05","12.79180","14782.9"
"189200","0.1676922","2.51308513e-05","12.79193","14790.6"
"189300","0.1677981","2.50371671e-05","12.79199","14798.3"
"189400","0.1694713","2.49443251e-05","12.79203","14806.1"
"189500","0.1675958","2.485232e-05","12.79200","14813.9"
"189600","0.1692239","2.47611517e-05","12.79198","14821.8"
"189700","0.1701727","2.46708256e-05","12.79200","14829.6"
"189800","0.1660915","2.45813417e-05","12.79211","14837.3"
"189900","0.1706945","2.44927108e-05","12.79202","14845.2"
"190000","0.1679988","2.44049168e-05","12.79185","14853.2"
"190100","0.1689729","2.43179649e-05","10.71973","14862.5"
"190200","0.1634888","2.42318553e-05","11.31520","14870.9"
"190300","0.1672185","2.41465986e-05","11.52176","14879.2"
"190400","0.1707948","2.40621948e-05","11.63242","14887.6"
"190500","0.1690239","2.39786279e-05","11.69390","14896.0"
"190600","0.1685322","2.3895914e-05","11.73784","14904.3"
"190700","0.1687218","2.38140476e-05","11.75984","14912.7"
"190800","0.1688426","2.37330341e-05","11.76786","14921.2"
"190900","0.1683819","2.3652879e-05","11.77597","14929.6"
"191000","0.1702090","2.35735661e-05","11.79562","14938.0"
"191100","0.1679706","2.34951115e-05","11.81054","14946.3"
"191200","0.1700436","2.34175098e-05","11.82068","14954.7"
"191300","0.1711576","2.33407557e-05","11.83283","14963.1"
"191400","0.1674878","2.32648706e-05","11.84066","14971.4"
"191500","0.1695101","2.31898332e-05","11.85152","14979.8"
"191600","0.1692448","2.3115654e-05","11.84696","14988.3"
"191700","0.1726433","2.30423278e-05","11.83837","14996.8"
"191800","0.1688843","2.29698706e-05","11.83185","15005.3"
"191900","0.1662047","2.2898261e-05","11.82974","15013.8"
"192000","0.1669908","2.2827515e-05","11.82423","15022.3"
"192100","0.1675812","2.27576274e-05","11.81956","15030.9"
"192200","0.1683081","2.26886034e-05","11.82469","15039.3"
"192300","0.1674542","2.26204485e-05","11.83100","15047.6"
"192400","0.1673673","2.25531465e-05","11.83314","15056.0"
"192500","0.1679830","2.24867082e-05","11.83664","15064.4"
"192600","0.1702004","2.24211335e-05","11.84159","15072.8"
"192700","0.1693662","2.23564225e-05","11.84337","15081.2"
"192800","0.1674692","2.22925806e-05","11.84614","15089.6"
"192900","0.1677732","2.22296023e-05","11.84984","15097.9"
"193000","0.1687095","2.21674931e-05","11.85395","15106.3"
"193100","0.1695497","2.21062475e-05","11.85780","15114.6"
"193200","0.1689857","2.20458657e-05","11.85660","15123.1"
"193300","0.1665499","2.19863635e-05","11.86101","15131.4"
"193400","0.1679679","2.19277197e-05","11.86500","15139.8"
"193500","0.1695357","2.18699449e-05","11.86802","15148.1"
"193600","0.1668795","2.18130445e-05","11.86997","15156.5"
"193700","0.1708583","2.17570132e-05","11.87199","15164.9"
"193800","0.1693925","2.17018563e-05","11.87210","15173.3"
"193900","0.1681325","2.1647563e-05","11.87377","15181.7"
"194000","0.1670937","2.15941495e-05","11.86848","15190.2"
"194100","0.1683878","2.15415996e-05","11.86542","15198.7"
"194200","0.1702938","2.14899296e-05","11.86521","15207.2"
"194300","0.1693018","2.14391339e-05","11.86250","15215.7"
"194400","0.1667575","2.13892126e-05","11.85973","15224.2"
"194500","0.1691334","2.13401604e-05","11.85742","15232.7"
"194600","0.1678319","2.12919879e-05","11.85496","15241.2"
"194700","0.1697431","2.12446845e-05","11.85240","15249.7"
"194800","0.1695949","2.11982661e-05","11.85093","15258.2"
"194900","0.1697416","2.11527169e-05","11.84844","15266.8"
"195000","0.1703103","2.11080474e-05","11.84691","15275.3"
"195100","0.1675771","2.10642576e-05","11.84470","15283.8"
"195200","0.1675922","2.10213423e-05","11.84324","15292.3"
"195300","0.1663562","2.09793067e-05","11.84503","15300.6"
"195400","0.1668980","2.09381509e-05","11.84787","15309.0"
"195500","0.1680972","2.08978695e-05","11.84826","15317.4"
"195600","0.1667108","2.08584732e-05","11.84985","15325.8"
"195700","0.1682975","2.08199513e-05","11.85178","15334.1"
"195800","0.1695857","2.07823145e-05","11.85374","15342.5"
"195900","0.1691365","2.07455575e-05","11.85583","15350.8"
"196000","0.1683474","2.0709675e-05","11.85732","15359.2"
"196100","0.1684269","2.06746775e-05","11.85938","15367.6"
"196200","0.1683697","2.06405652e-05","11.86144","15375.9"
"196300","0.1676359","2.06073326e-05","11.86185","15384.3"
"196400","0.1676798","2.05749851e-05","11.86312","15392.7"
"196500","0.1706800","2.05435121e-05","11.86531","15401.0"
"196600","0.1703490","2.05129296e-05","11.86693","15409.4"
"196700","0.1663303","2.04832268e-05","11.86856","15417.7"
"196800","0.1679112","2.04544091e-05","11.86971","15426.1"
"196900","0.1668759","2.04264766e-05","11.87132","15434.4"
"197000","0.1662588","2.03994238e-05","11.87253","15442.8"
"197100","0.1674134","2.03732562e-05","11.87132","15451.3"
"197200","0.1674472","2.03479791e-05","11.86548","15460.0"
"197300","0.1674435","2.03235817e-05","11.84947","15469.3"
"197400","0.1664769","2.03000695e-05","11.83722","15478.3"
"197500","0.1674444","2.02774423e-05","11.82533","15487.4"
"197600","0.1686908","2.02557003e-05","11.81480","15496.5"
"197700","0.1678155","2.02348435e-05","11.80561","15505.4"
"197800","0.1685462","2.02148771e-05","11.79175","15514.7"
"197900","0.1676885","2.01957905e-05","11.78064","15523.8"
"198000","0.1680861","2.01775944e-05","11.77151","15532.8"
"198100","0.1685230","2.01602834e-05","11.76114","15541.9"
"198200","0.1705093","2.0143863e-05","11.75311","15550.9"
"198300","0.1685135","2.01283222e-05","11.74714","15559.8"
"198400","0.1666849","2.0113672e-05","11.73884","15568.8"
"198500","0.1676564","2.00999123e-05","11.73342","15577.6"
"198600","0.1678111","2.00870377e-05","11.72673","15586.6"
"198700","0.1677153","2.00750482e-05","11.71935","15595.6"
"198800","0.1696765","2.00639492e-05","11.71365","15604.5"
"198900","0.1681586","2.00537354e-05","11.70846","15613.3"
"199000","0.1677092","2.0044412e-05","11.70125","15622.4"
"199100","0.1692225","2.00359738e-05","11.69503","15631.3"
"199200","0.1671766","2.00284207e-05","11.68678","15640.4"
"199300","0.1673344","2.00217634e-05","11.67982","15649.4"
"199400","0.1677644","2.0015986e-05","11.67586","15658.3"
"199500","0.1663129","2.00111043e-05","11.66821","15667.4"
"199600","0.1675923","2.00071079e-05","11.66277","15676.3"
"199700","0.1686743","2.00039965e-05","11.65475","15685.5"
"199800","0.1692418","2.00017756e-05","11.65190","15694.3"
"199900","0.1688149","2.00004452e-05","11.65501","15702.6"
"200000","0.1664658","2e-05","11.65602","15711.1"
