Model params: 32.62M
device=cuda precision=bf16 seed=42
step    100/200000 | loss 1.2270 | lr 1.01e-05 | 10.59 step/s | elapsed 0.00h
step    200/200000 | loss 0.9250 | lr 2.01e-05 | 11.16 step/s | elapsed 0.00h
step    300/200000 | loss 0.4169 | lr 3.01e-05 | 11.39 step/s | elapsed 0.01h
step    400/200000 | loss 0.3439 | lr 4.01e-05 | 11.53 step/s | elapsed 0.01h
step    500/200000 | loss 0.3361 | lr 5.01e-05 | 11.64 step/s | elapsed 0.01h
step    600/200000 | loss 0.3298 | lr 6.01e-05 | 11.70 step/s | elapsed 0.01h
step    700/200000 | loss 0.3264 | lr 7.01e-05 | 11.75 step/s | elapsed 0.02h
step    800/200000 | loss 0.3221 | lr 8.01e-05 | 11.76 step/s | elapsed 0.02h
step    900/200000 | loss 0.3175 | lr 9.01e-05 | 11.78 step/s | elapsed 0.02h
step   1000/200000 | loss 0.3056 | lr 1.00e-04 | 11.80 step/s | elapsed 0.02h
step   1100/200000 | loss 0.2932 | lr 1.10e-04 | 11.82 step/s | elapsed 0.03h
step   1200/200000 | loss 0.2886 | lr 1.20e-04 | 11.81 step/s | elapsed 0.03h
step   1300/200000 | loss 0.2801 | lr 1.30e-04 | 11.83 step/s | elapsed 0.03h
step   1400/200000 | loss 0.2741 | lr 1.40e-04 | 11.85 step/s | elapsed 0.03h
step   1500/200000 | loss 0.2702 | lr 1.50e-04 | 11.86 step/s | elapsed 0.04h
step   1600/200000 | loss 0.2679 | lr 1.60e-04 | 11.86 step/s | elapsed 0.04h
step   1700/200000 | loss 0.2650 | lr 1.70e-04 | 11.87 step/s | elapsed 0.04h
step   1800/200000 | loss 0.2638 | lr 1.80e-04 | 11.88 step/s | elapsed 0.04h
step   1900/200000 | loss 0.2624 | lr 1.90e-04 | 11.89 step/s | elapsed 0.04h
step   2000/200000 | loss 0.2571 | lr 2.00e-04 | 11.90 step/s | elapsed 0.05h
step   2100/200000 | loss 0.2531 | lr 2.00e-04 | 11.90 step/s | elapsed 0.05h
step   2200/200000 | loss 0.2464 | lr 2.00e-04 | 11.90 step/s | elapsed 0.05h
step   2300/200000 | loss 0.2340 | lr 2.00e-04 | 11.89 step/s | elapsed 0.05h
step   2400/200000 | loss 0.2266 | lr 2.00e-04 | 11.89 step/s | elapsed 0.06h
step   2500/200000 | loss 0.2219 | lr 2.00e-04 | 11.89 step/s | elapsed 0.06h
step   2600/200000 | loss 0.2179 | lr 2.00e-04 | 11.90 step/s | elapsed 0.06h
step   2700/200000 | loss 0.2163 | lr 2.00e-04 | 11.90 step/s | elapsed 0.06h
step   2800/200000 | loss 0.2141 | lr 2.00e-04 | 11.91 step/s | elapsed 0.07h
step   2900/200000 | loss 0.2121 | lr 2.00e-04 | 11.93 step/s | elapsed 0.07h
step   3000/200000 | loss 0.2086 | lr 2.00e-04 | 11.94 step/s | elapsed 0.07h
step   3100/200000 | loss 0.2109 | lr 2.00e-04 | 11.94 step/s | elapsed 0.07h
step   3200/200000 | loss 0.2090 | lr 2.00e-04 | 11.96 step/s | elapsed 0.07h
step   3300/200000 | loss 0.2067 | lr 2.00e-04 | 12.00 step/s | elapsed 0.08h
step   3400/200000 | loss 0.2056 | lr 2.00e-04 | 12.03 step/s | elapsed 0.08h
step   3500/200000 | loss 0.2050 | lr 2.00e-04 | 12.03 step/s | elapsed 0.08h
step   3600/200000 | loss 0.2012 | lr 2.00e-04 | 12.02 step/s | elapsed 0.08h
step   3700/200000 | loss 0.2018 | lr 2.00e-04 | 12.03 step/s | elapsed 0.09h
step   3800/200000 | loss 0.2015 | lr 2.00e-04 | 12.03 step/s | elapsed 0.09h
step   3900/200000 | loss 0.2021 | lr 2.00e-04 | 12.03 step/s | elapsed 0.09h
step   4000/200000 | loss 0.1984 | lr 2.00e-04 | 12.04 step/s | elapsed 0.09h
step   4100/200000 | loss 0.1983 | lr 2.00e-04 | 12.04 step/s | elapsed 0.09h
step   4200/200000 | loss 0.1985 | lr 2.00e-04 | 12.04 step/s | elapsed 0.10h
step   4300/200000 | loss 0.1995 | lr 2.00e-04 | 12.04 step/s | elapsed 0.10h
step   4400/200000 | loss 0.1982 | lr 2.00e-04 | 12.04 step/s | elapsed 0.10h
step   4500/200000 | loss 0.1980 | lr 2.00e-04 | 12.04 step/s | elapsed 0.10h
step   4600/200000 | loss 0.1982 | lr 2.00e-04 | 12.04 step/s | elapsed 0.11h
step   4700/200000 | loss 0.1976 | lr 2.00e-04 | 12.04 step/s | elapsed 0.11h
step   4800/200000 | loss 0.1993 | lr 2.00e-04 | 12.04 step/s | elapsed 0.11h
step   4900/200000 | loss 0.1935 | lr 2.00e-04 | 12.04 step/s | elapsed 0.11h
step   5000/200000 | loss 0.1970 | lr 2.00e-04 | 12.04 step/s | elapsed 0.12h
step   5100/200000 | loss 0.1977 | lr 2.00e-04 | 12.05 step/s | elapsed 0.12h
step   5200/200000 | loss 0.1953 | lr 2.00e-04 | 12.06 step/s | elapsed 0.12h
step   5300/200000 | loss 0.1951 | lr 2.00e-04 | 12.05 step/s | elapsed 0.12h
step   5400/200000 | loss 0.1924 | lr 2.00e-04 | 12.05 step/s | elapsed 0.12h
step   5500/200000 | loss 0.1940 | lr 2.00e-04 | 12.05 step/s | elapsed 0.13h
step   5600/200000 | loss 0.1953 | lr 2.00e-04 | 12.06 step/s | elapsed 0.13h
step   5700/200000 | loss 0.1936 | lr 2.00e-04 | 12.06 step/s | elapsed 0.13h
step   5800/200000 | loss 0.1936 | lr 2.00e-04 | 12.06 step/s | elapsed 0.13h
step   5900/200000 | loss 0.1932 | lr 2.00e-04 | 12.06 step/s | elapsed 0.14h
step   6000/200000 | loss 0.1939 | lr 2.00e-04 | 12.06 step/s | elapsed 0.14h
step   6100/200000 | loss 0.1923 | lr 2.00e-04 | 12.06 step/s | elapsed 0.14h
step   6200/200000 | loss 0.1912 | lr 2.00e-04 | 12.06 step/s | elapsed 0.14h
step   6300/200000 | loss 0.1913 | lr 2.00e-04 | 12.06 step/s | elapsed 0.15h
step   6400/200000 | loss 0.1913 | lr 2.00e-04 | 12.06 step/s | elapsed 0.15h
step   6500/200000 | loss 0.1929 | lr 2.00e-04 | 12.06 step/s | elapsed 0.15h
step   6600/200000 | loss 0.1915 | lr 2.00e-04 | 12.06 step/s | elapsed 0.15h
step   6700/200000 | loss 0.1905 | lr 2.00e-04 | 12.06 step/s | elapsed 0.15h
step   6800/200000 | loss 0.1934 | lr 2.00e-04 | 12.06 step/s | elapsed 0.16h
step   6900/200000 | loss 0.1899 | lr 2.00e-04 | 12.06 step/s | elapsed 0.16h
step   7000/200000 | loss 0.1886 | lr 2.00e-04 | 12.06 step/s | elapsed 0.16h
step   7100/200000 | loss 0.1898 | lr 2.00e-04 | 12.06 step/s | elapsed 0.16h
step   7200/200000 | loss 0.1886 | lr 2.00e-04 | 12.05 step/s | elapsed 0.17h
step   7300/200000 | loss 0.1894 | lr 2.00e-04 | 12.06 step/s | elapsed 0.17h
step   7400/200000 | loss 0.1883 | lr 2.00e-04 | 12.06 step/s | elapsed 0.17h
step   7500/200000 | loss 0.1924 | lr 2.00e-04 | 12.06 step/s | elapsed 0.17h
step   7600/200000 | loss 0.1929 | lr 2.00e-04 | 12.06 step/s | elapsed 0.18h
step   7700/200000 | loss 0.1895 | lr 2.00e-04 | 12.06 step/s | elapsed 0.18h
step   7800/200000 | loss 0.1891 | lr 2.00e-04 | 12.06 step/s | elapsed 0.18h
step   7900/200000 | loss 0.1894 | lr 2.00e-04 | 12.06 step/s | elapsed 0.18h
step   8000/200000 | loss 0.1892 | lr 2.00e-04 | 12.06 step/s | elapsed 0.18h
step   8100/200000 | loss 0.1877 | lr 2.00e-04 | 12.06 step/s | elapsed 0.19h
step   8200/200000 | loss 0.1877 | lr 2.00e-04 | 12.06 step/s | elapsed 0.19h
step   8300/200000 | loss 0.1874 | lr 2.00e-04 | 12.06 step/s | elapsed 0.19h
step   8400/200000 | loss 0.1898 | lr 2.00e-04 | 12.06 step/s | elapsed 0.19h
step   8500/200000 | loss 0.1884 | lr 2.00e-04 | 12.07 step/s | elapsed 0.20h
step   8600/200000 | loss 0.1878 | lr 2.00e-04 | 12.07 step/s | elapsed 0.20h
step   8700/200000 | loss 0.1892 | lr 2.00e-04 | 12.07 step/s | elapsed 0.20h
step   8800/200000 | loss 0.1862 | lr 2.00e-04 | 12.07 step/s | elapsed 0.20h
step   8900/200000 | loss 0.1875 | lr 2.00e-04 | 12.07 step/s | elapsed 0.20h
step   9000/200000 | loss 0.1885 | lr 2.00e-04 | 12.07 step/s | elapsed 0.21h
step   9100/200000 | loss 0.1864 | lr 2.00e-04 | 12.08 step/s | elapsed 0.21h
step   9200/200000 | loss 0.1886 | lr 2.00e-04 | 12.07 step/s | elapsed 0.21h
step   9300/200000 | loss 0.1849 | lr 2.00e-04 | 12.08 step/s | elapsed 0.21h
step   9400/200000 | loss 0.1878 | lr 2.00e-04 | 12.08 step/s | elapsed 0.22h
step   9500/200000 | loss 0.1875 | lr 2.00e-04 | 12.07 step/s | elapsed 0.22h
step   9600/200000 | loss 0.1858 | lr 2.00e-04 | 12.07 step/s | elapsed 0.22h
step   9700/200000 | loss 0.1872 | lr 2.00e-04 | 12.07 step/s | elapsed 0.22h
step   9800/200000 | loss 0.1866 | lr 2.00e-04 | 12.07 step/s | elapsed 0.23h
step   9900/200000 | loss 0.1894 | lr 2.00e-04 | 12.07 step/s | elapsed 0.23h
step  10000/200000 | loss 0.1867 | lr 2.00e-04 | 12.07 step/s | elapsed 0.23h
saved checkpoint at step 10000
step  10100/200000 | loss 0.1842 | lr 2.00e-04 | 12.05 step/s | elapsed 0.23h
step  10200/200000 | loss 0.1843 | lr 2.00e-04 | 12.05 step/s | elapsed 0.24h
step  10300/200000 | loss 0.1874 | lr 2.00e-04 | 12.05 step/s | elapsed 0.24h
step  10400/200000 | loss 0.1867 | lr 2.00e-04 | 12.05 step/s | elapsed 0.24h
step  10500/200000 | loss 0.1885 | lr 2.00e-04 | 12.05 step/s | elapsed 0.24h
step  10600/200000 | loss 0.1871 | lr 2.00e-04 | 12.05 step/s | elapsed 0.24h
step  10700/200000 | loss 0.1857 | lr 2.00e-04 | 12.05 step/s | elapsed 0.25h
step  10800/200000 | loss 0.1843 | lr 2.00e-04 | 12.05 step/s | elapsed 0.25h
step  10900/200000 | loss 0.1866 | lr 2.00e-04 | 12.05 step/s | elapsed 0.25h
step  11000/200000 | loss 0.1880 | lr 2.00e-04 | 12.04 step/s | elapsed 0.25h
step  11100/200000 | loss 0.1852 | lr 2.00e-04 | 12.05 step/s | elapsed 0.26h
step  11200/200000 | loss 0.1865 | lr 2.00e-04 | 12.05 step/s | elapsed 0.26h
step  11300/200000 | loss 0.1860 | lr 2.00e-04 | 12.05 step/s | elapsed 0.26h
step  11400/200000 | loss 0.1856 | lr 2.00e-04 | 12.05 step/s | elapsed 0.26h
step  11500/200000 | loss 0.1870 | lr 2.00e-04 | 12.05 step/s | elapsed 0.27h
step  11600/200000 | loss 0.1854 | lr 2.00e-04 | 12.05 step/s | elapsed 0.27h
step  11700/200000 | loss 0.1860 | lr 2.00e-04 | 12.05 step/s | elapsed 0.27h
step  11800/200000 | loss 0.1870 | lr 2.00e-04 | 12.04 step/s | elapsed 0.27h
step  11900/200000 | loss 0.1858 | lr 2.00e-04 | 12.04 step/s | elapsed 0.27h
step  12000/200000 | loss 0.1855 | lr 2.00e-04 | 12.04 step/s | elapsed 0.28h
step  12100/200000 | loss 0.1889 | lr 2.00e-04 | 12.04 step/s | elapsed 0.28h
step  12200/200000 | loss 0.1882 | lr 2.00e-04 | 12.04 step/s | elapsed 0.28h
step  12300/200000 | loss 0.1873 | lr 2.00e-04 | 12.04 step/s | elapsed 0.28h
step  12400/200000 | loss 0.1871 | lr 2.00e-04 | 12.04 step/s | elapsed 0.29h
step  12500/200000 | loss 0.1852 | lr 2.00e-04 | 12.05 step/s | elapsed 0.29h
step  12600/200000 | loss 0.1861 | lr 2.00e-04 | 12.05 step/s | elapsed 0.29h
step  12700/200000 | loss 0.1848 | lr 2.00e-04 | 12.05 step/s | elapsed 0.29h
step  12800/200000 | loss 0.1861 | lr 2.00e-04 | 12.05 step/s | elapsed 0.30h
step  12900/200000 | loss 0.1850 | lr 2.00e-04 | 12.05 step/s | elapsed 0.30h
step  13000/200000 | loss 0.1835 | lr 2.00e-04 | 12.05 step/s | elapsed 0.30h
step  13100/200000 | loss 0.1864 | lr 2.00e-04 | 12.05 step/s | elapsed 0.30h
step  13200/200000 | loss 0.1826 | lr 2.00e-04 | 12.05 step/s | elapsed 0.30h
step  13300/200000 | loss 0.1824 | lr 2.00e-04 | 12.05 step/s | elapsed 0.31h
step  13400/200000 | loss 0.1852 | lr 2.00e-04 | 12.05 step/s | elapsed 0.31h
step  13500/200000 | loss 0.1839 | lr 2.00e-04 | 12.05 step/s | elapsed 0.31h
step  13600/200000 | loss 0.1868 | lr 2.00e-04 | 12.05 step/s | elapsed 0.31h
step  13700/200000 | loss 0.1866 | lr 2.00e-04 | 12.05 step/s | elapsed 0.32h
step  13800/200000 | loss 0.1846 | lr 2.00e-04 | 12.05 step/s | elapsed 0.32h
step  13900/200000 | loss 0.1818 | lr 2.00e-04 | 11.98 step/s | elapsed 0.32h
step  14000/200000 | loss 0.1852 | lr 2.00e-04 | 11.91 step/s | elapsed 0.33h
step  14100/200000 | loss 0.1833 | lr 2.00e-04 | 11.84 step/s | elapsed 0.33h
step  14200/200000 | loss 0.1838 | lr 2.00e-04 | 11.83 step/s | elapsed 0.33h
step  14300/200000 | loss 0.1843 | lr 2.00e-04 | 11.83 step/s | elapsed 0.34h
step  14400/200000 | loss 0.1865 | lr 2.00e-04 | 11.83 step/s | elapsed 0.34h
step  14500/200000 | loss 0.1840 | lr 2.00e-04 | 11.83 step/s | elapsed 0.34h
step  14600/200000 | loss 0.1838 | lr 2.00e-04 | 11.83 step/s | elapsed 0.34h
step  14700/200000 | loss 0.1848 | lr 2.00e-04 | 11.83 step/s | elapsed 0.35h
step  14800/200000 | loss 0.1826 | lr 2.00e-04 | 11.84 step/s | elapsed 0.35h
step  14900/200000 | loss 0.1840 | lr 2.00e-04 | 11.84 step/s | elapsed 0.35h
step  15000/200000 | loss 0.1840 | lr 2.00e-04 | 11.84 step/s | elapsed 0.35h
step  15100/200000 | loss 0.1825 | lr 2.00e-04 | 11.84 step/s | elapsed 0.35h
step  15200/200000 | loss 0.1860 | lr 2.00e-04 | 11.84 step/s | elapsed 0.36h
step  15300/200000 | loss 0.1833 | lr 2.00e-04 | 11.84 step/s | elapsed 0.36h
step  15400/200000 | loss 0.1834 | lr 2.00e-04 | 11.84 step/s | elapsed 0.36h
step  15500/200000 | loss 0.1836 | lr 2.00e-04 | 11.84 step/s | elapsed 0.36h
step  15600/200000 | loss 0.1852 | lr 2.00e-04 | 11.85 step/s | elapsed 0.37h
step  15700/200000 | loss 0.1841 | lr 2.00e-04 | 11.85 step/s | elapsed 0.37h
step  15800/200000 | loss 0.1852 | lr 2.00e-04 | 11.85 step/s | elapsed 0.37h
step  15900/200000 | loss 0.1832 | lr 2.00e-04 | 11.85 step/s | elapsed 0.37h
step  16000/200000 | loss 0.1842 | lr 2.00e-04 | 11.85 step/s | elapsed 0.38h
step  16100/200000 | loss 0.1842 | lr 2.00e-04 | 11.85 step/s | elapsed 0.38h
step  16200/200000 | loss 0.1834 | lr 2.00e-04 | 11.85 step/s | elapsed 0.38h
step  16300/200000 | loss 0.1841 | lr 2.00e-04 | 11.85 step/s | elapsed 0.38h
step  16400/200000 | loss 0.1828 | lr 2.00e-04 | 11.85 step/s | elapsed 0.38h
step  16500/200000 | loss 0.1854 | lr 2.00e-04 | 11.85 step/s | elapsed 0.39h
step  16600/200000 | loss 0.1820 | lr 2.00e-04 | 11.86 step/s | elapsed 0.39h
step  16700/200000 | loss 0.1816 | lr 2.00e-04 | 11.86 step/s | elapsed 0.39h
step  16800/200000 | loss 0.1803 | lr 2.00e-04 | 11.86 step/s | elapsed 0.39h
step  16900/200000 | loss 0.1833 | lr 2.00e-04 | 11.86 step/s | elapsed 0.40h
step  17000/200000 | loss 0.1828 | lr 2.00e-04 | 11.86 step/s | elapsed 0.40h
step  17100/200000 | loss 0.1819 | lr 2.00e-04 | 11.86 step/s | elapsed 0.40h
step  17200/200000 | loss 0.1837 | lr 2.00e-04 | 11.86 step/s | elapsed 0.40h
step  17300/200000 | loss 0.1819 | lr 2.00e-04 | 11.86 step/s | elapsed 0.41h
step  17400/200000 | loss 0.1828 | lr 2.00e-04 | 11.82 step/s | elapsed 0.41h
step  17500/200000 | loss 0.1831 | lr 2.00e-04 | 11.77 step/s | elapsed 0.41h
step  17600/200000 | loss 0.1839 | lr 2.00e-04 | 11.71 step/s | elapsed 0.42h
step  17700/200000 | loss 0.1826 | lr 2.00e-04 | 11.67 step/s | elapsed 0.42h
step  17800/200000 | loss 0.1829 | lr 2.00e-04 | 11.63 step/s | elapsed 0.43h
step  17900/200000 | loss 0.1812 | lr 2.00e-04 | 11.58 step/s | elapsed 0.43h
step  18000/200000 | loss 0.1825 | lr 2.00e-04 | 11.53 step/s | elapsed 0.43h
step  18100/200000 | loss 0.1849 | lr 2.00e-04 | 11.48 step/s | elapsed 0.44h
step  18200/200000 | loss 0.1839 | lr 2.00e-04 | 11.43 step/s | elapsed 0.44h
step  18300/200000 | loss 0.1848 | lr 2.00e-04 | 11.38 step/s | elapsed 0.45h
step  18400/200000 | loss 0.1813 | lr 2.00e-04 | 11.33 step/s | elapsed 0.45h
step  18500/200000 | loss 0.1846 | lr 2.00e-04 | 11.30 step/s | elapsed 0.45h
step  18600/200000 | loss 0.1785 | lr 2.00e-04 | 11.25 step/s | elapsed 0.46h
step  18700/200000 | loss 0.1824 | lr 2.00e-04 | 11.21 step/s | elapsed 0.46h
step  18800/200000 | loss 0.1837 | lr 2.00e-04 | 11.16 step/s | elapsed 0.47h
step  18900/200000 | loss 0.1857 | lr 2.00e-04 | 11.12 step/s | elapsed 0.47h
step  19000/200000 | loss 0.1792 | lr 2.00e-04 | 11.08 step/s | elapsed 0.48h
step  19100/200000 | loss 0.1818 | lr 2.00e-04 | 11.03 step/s | elapsed 0.48h
step  19200/200000 | loss 0.1842 | lr 2.00e-04 | 10.99 step/s | elapsed 0.49h
step  19300/200000 | loss 0.1834 | lr 2.00e-04 | 10.95 step/s | elapsed 0.49h
step  19400/200000 | loss 0.1821 | lr 2.00e-04 | 10.91 step/s | elapsed 0.49h
step  19500/200000 | loss 0.1814 | lr 2.00e-04 | 10.87 step/s | elapsed 0.50h
step  19600/200000 | loss 0.1825 | lr 2.00e-04 | 10.83 step/s | elapsed 0.50h
step  19700/200000 | loss 0.1830 | lr 2.00e-04 | 10.79 step/s | elapsed 0.51h
step  19800/200000 | loss 0.1808 | lr 2.00e-04 | 10.76 step/s | elapsed 0.51h
step  19900/200000 | loss 0.1807 | lr 2.00e-04 | 10.72 step/s | elapsed 0.52h
step  20000/200000 | loss 0.1821 | lr 2.00e-04 | 10.69 step/s | elapsed 0.52h
saved checkpoint at step 20000
step  20100/200000 | loss 0.1823 | lr 2.00e-04 | 10.65 step/s | elapsed 0.52h
step  20200/200000 | loss 0.1823 | lr 2.00e-04 | 10.62 step/s | elapsed 0.53h
step  20300/200000 | loss 0.1810 | lr 2.00e-04 | 10.58 step/s | elapsed 0.53h
step  20400/200000 | loss 0.1832 | lr 2.00e-04 | 10.55 step/s | elapsed 0.54h
step  20500/200000 | loss 0.1811 | lr 2.00e-04 | 10.52 step/s | elapsed 0.54h
step  20600/200000 | loss 0.1844 | lr 2.00e-04 | 10.48 step/s | elapsed 0.55h
step  20700/200000 | loss 0.1791 | lr 2.00e-04 | 10.45 step/s | elapsed 0.55h
step  20800/200000 | loss 0.1817 | lr 2.00e-04 | 10.42 step/s | elapsed 0.55h
step  20900/200000 | loss 0.1841 | lr 2.00e-04 | 10.39 step/s | elapsed 0.56h
step  21000/200000 | loss 0.1831 | lr 2.00e-04 | 10.36 step/s | elapsed 0.56h
step  21100/200000 | loss 0.1827 | lr 2.00e-04 | 10.33 step/s | elapsed 0.57h
step  21200/200000 | loss 0.1807 | lr 2.00e-04 | 10.30 step/s | elapsed 0.57h
step  21300/200000 | loss 0.1810 | lr 2.00e-04 | 10.27 step/s | elapsed 0.58h
step  21400/200000 | loss 0.1805 | lr 2.00e-04 | 10.24 step/s | elapsed 0.58h
step  21500/200000 | loss 0.1823 | lr 2.00e-04 | 10.21 step/s | elapsed 0.59h
step  21600/200000 | loss 0.1814 | lr 2.00e-04 | 10.18 step/s | elapsed 0.59h
step  21700/200000 | loss 0.1820 | lr 2.00e-04 | 10.15 step/s | elapsed 0.59h
step  21800/200000 | loss 0.1820 | lr 2.00e-04 | 10.12 step/s | elapsed 0.60h
step  21900/200000 | loss 0.1819 | lr 2.00e-04 | 10.10 step/s | elapsed 0.60h
step  22000/200000 | loss 0.1795 | lr 2.00e-04 | 10.07 step/s | elapsed 0.61h
step  22100/200000 | loss 0.1829 | lr 2.00e-04 | 10.04 step/s | elapsed 0.61h
step  22200/200000 | loss 0.1801 | lr 2.00e-04 | 10.02 step/s | elapsed 0.62h
step  22300/200000 | loss 0.1821 | lr 2.00e-04 | 9.99 step/s | elapsed 0.62h
step  22400/200000 | loss 0.1826 | lr 2.00e-04 | 9.97 step/s | elapsed 0.62h
step  22500/200000 | loss 0.1807 | lr 2.00e-04 | 9.94 step/s | elapsed 0.63h
step  22600/200000 | loss 0.1811 | lr 2.00e-04 | 9.92 step/s | elapsed 0.63h
step  22700/200000 | loss 0.1807 | lr 2.00e-04 | 9.89 step/s | elapsed 0.64h
step  22800/200000 | loss 0.1813 | lr 2.00e-04 | 9.87 step/s | elapsed 0.64h
step  22900/200000 | loss 0.1834 | lr 2.00e-04 | 9.85 step/s | elapsed 0.65h
step  23000/200000 | loss 0.1772 | lr 2.00e-04 | 9.82 step/s | elapsed 0.65h
step  23100/200000 | loss 0.1825 | lr 2.00e-04 | 9.80 step/s | elapsed 0.65h
step  23200/200000 | loss 0.1825 | lr 2.00e-04 | 9.79 step/s | elapsed 0.66h
step  23300/200000 | loss 0.1803 | lr 2.00e-04 | 9.77 step/s | elapsed 0.66h
step  23400/200000 | loss 0.1805 | lr 2.00e-04 | 9.74 step/s | elapsed 0.67h
step  23500/200000 | loss 0.1792 | lr 2.00e-04 | 9.72 step/s | elapsed 0.67h
step  23600/200000 | loss 0.1800 | lr 2.00e-04 | 9.70 step/s | elapsed 0.68h
step  23700/200000 | loss 0.1816 | lr 2.00e-04 | 9.68 step/s | elapsed 0.68h
step  23800/200000 | loss 0.1839 | lr 2.00e-04 | 9.66 step/s | elapsed 0.68h
step  23900/200000 | loss 0.1815 | lr 2.00e-04 | 9.64 step/s | elapsed 0.69h
step  24000/200000 | loss 0.1828 | lr 2.00e-04 | 9.62 step/s | elapsed 0.69h
step  24100/200000 | loss 0.1819 | lr 2.00e-04 | 9.60 step/s | elapsed 0.70h
step  24200/200000 | loss 0.1835 | lr 2.00e-04 | 9.58 step/s | elapsed 0.70h
step  24300/200000 | loss 0.1801 | lr 2.00e-04 | 9.56 step/s | elapsed 0.71h
step  24400/200000 | loss 0.1834 | lr 2.00e-04 | 9.54 step/s | elapsed 0.71h
step  24500/200000 | loss 0.1788 | lr 2.00e-04 | 9.52 step/s | elapsed 0.72h
step  24600/200000 | loss 0.1802 | lr 2.00e-04 | 9.50 step/s | elapsed 0.72h
step  24700/200000 | loss 0.1800 | lr 2.00e-04 | 9.48 step/s | elapsed 0.72h
step  24800/200000 | loss 0.1823 | lr 2.00e-04 | 9.46 step/s | elapsed 0.73h
step  24900/200000 | loss 0.1807 | lr 2.00e-04 | 9.44 step/s | elapsed 0.73h
step  25000/200000 | loss 0.1794 | lr 2.00e-04 | 9.42 step/s | elapsed 0.74h
step  25100/200000 | loss 0.1818 | lr 2.00e-04 | 9.41 step/s | elapsed 0.74h
step  25200/200000 | loss 0.1836 | lr 2.00e-04 | 9.39 step/s | elapsed 0.75h
step  25300/200000 | loss 0.1791 | lr 2.00e-04 | 9.37 step/s | elapsed 0.75h
step  25400/200000 | loss 0.1836 | lr 2.00e-04 | 9.35 step/s | elapsed 0.75h
step  25500/200000 | loss 0.1827 | lr 2.00e-04 | 9.34 step/s | elapsed 0.76h
step  25600/200000 | loss 0.1810 | lr 2.00e-04 | 9.32 step/s | elapsed 0.76h
step  25700/200000 | loss 0.1802 | lr 2.00e-04 | 9.30 step/s | elapsed 0.77h
step  25800/200000 | loss 0.1804 | lr 2.00e-04 | 9.28 step/s | elapsed 0.77h
step  25900/200000 | loss 0.1786 | lr 2.00e-04 | 9.27 step/s | elapsed 0.78h
step  26000/200000 | loss 0.1826 | lr 2.00e-04 | 9.25 step/s | elapsed 0.78h
step  26100/200000 | loss 0.1836 | lr 2.00e-04 | 9.24 step/s | elapsed 0.78h
step  26200/200000 | loss 0.1827 | lr 2.00e-04 | 9.22 step/s | elapsed 0.79h
step  26300/200000 | loss 0.1825 | lr 2.00e-04 | 9.20 step/s | elapsed 0.79h
step  26400/200000 | loss 0.1811 | lr 2.00e-04 | 9.19 step/s | elapsed 0.80h
step  26500/200000 | loss 0.1815 | lr 2.00e-04 | 9.17 step/s | elapsed 0.80h
step  26600/200000 | loss 0.1794 | lr 2.00e-04 | 9.16 step/s | elapsed 0.81h
step  26700/200000 | loss 0.1824 | lr 2.00e-04 | 9.14 step/s | elapsed 0.81h
step  26800/200000 | loss 0.1795 | lr 2.00e-04 | 9.13 step/s | elapsed 0.82h
step  26900/200000 | loss 0.1805 | lr 2.00e-04 | 9.11 step/s | elapsed 0.82h
step  27000/200000 | loss 0.1807 | lr 2.00e-04 | 9.10 step/s | elapsed 0.82h
step  27100/200000 | loss 0.1818 | lr 2.00e-04 | 9.09 step/s | elapsed 0.83h
step  27200/200000 | loss 0.1784 | lr 2.00e-04 | 9.07 step/s | elapsed 0.83h
step  27300/200000 | loss 0.1814 | lr 2.00e-04 | 9.06 step/s | elapsed 0.84h
step  27400/200000 | loss 0.1822 | lr 2.00e-04 | 9.04 step/s | elapsed 0.84h
step  27500/200000 | loss 0.1822 | lr 2.00e-04 | 9.03 step/s | elapsed 0.85h
step  27600/200000 | loss 0.1800 | lr 2.00e-04 | 9.02 step/s | elapsed 0.85h
step  27700/200000 | loss 0.1790 | lr 2.00e-04 | 9.00 step/s | elapsed 0.85h
step  27800/200000 | loss 0.1805 | lr 2.00e-04 | 8.99 step/s | elapsed 0.86h
step  27900/200000 | loss 0.1804 | lr 2.00e-04 | 8.98 step/s | elapsed 0.86h
step  28000/200000 | loss 0.1812 | lr 2.00e-04 | 8.96 step/s | elapsed 0.87h
step  28100/200000 | loss 0.1811 | lr 2.00e-04 | 8.95 step/s | elapsed 0.87h
step  28200/200000 | loss 0.1804 | lr 2.00e-04 | 8.94 step/s | elapsed 0.88h
step  28300/200000 | loss 0.1793 | lr 2.00e-04 | 8.92 step/s | elapsed 0.88h
step  28400/200000 | loss 0.1792 | lr 2.00e-04 | 8.91 step/s | elapsed 0.89h
step  28500/200000 | loss 0.1813 | lr 2.00e-04 | 8.90 step/s | elapsed 0.89h
step  28600/200000 | loss 0.1783 | lr 2.00e-04 | 8.89 step/s | elapsed 0.89h
step  28700/200000 | loss 0.1802 | lr 2.00e-04 | 8.88 step/s | elapsed 0.90h
step  28800/200000 | loss 0.1793 | lr 2.00e-04 | 8.86 step/s | elapsed 0.90h
step  28900/200000 | loss 0.1822 | lr 2.00e-04 | 8.85 step/s | elapsed 0.91h
step  29000/200000 | loss 0.1805 | lr 2.00e-04 | 8.84 step/s | elapsed 0.91h
step  29100/200000 | loss 0.1804 | lr 2.00e-04 | 8.83 step/s | elapsed 0.92h
step  29200/200000 | loss 0.1783 | lr 2.00e-04 | 8.82 step/s | elapsed 0.92h
step  29300/200000 | loss 0.1772 | lr 2.00e-04 | 8.80 step/s | elapsed 0.92h
step  29400/200000 | loss 0.1815 | lr 2.00e-04 | 8.79 step/s | elapsed 0.93h
step  29500/200000 | loss 0.1803 | lr 2.00e-04 | 8.78 step/s | elapsed 0.93h
step  29600/200000 | loss 0.1789 | lr 2.00e-04 | 8.77 step/s | elapsed 0.94h
step  29700/200000 | loss 0.1802 | lr 2.00e-04 | 8.76 step/s | elapsed 0.94h
step  29800/200000 | loss 0.1819 | lr 2.00e-04 | 8.75 step/s | elapsed 0.95h
step  29900/200000 | loss 0.1809 | lr 2.00e-04 | 8.74 step/s | elapsed 0.95h
step  30000/200000 | loss 0.1816 | lr 2.00e-04 | 8.73 step/s | elapsed 0.95h
saved checkpoint at step 30000
step  30100/200000 | loss 0.1796 | lr 2.00e-04 | 8.71 step/s | elapsed 0.96h
step  30200/200000 | loss 0.1801 | lr 2.00e-04 | 8.70 step/s | elapsed 0.96h
step  30300/200000 | loss 0.1791 | lr 2.00e-04 | 8.69 step/s | elapsed 0.97h
step  30400/200000 | loss 0.1798 | lr 2.00e-04 | 8.68 step/s | elapsed 0.97h
step  30500/200000 | loss 0.1797 | lr 2.00e-04 | 8.67 step/s | elapsed 0.98h
step  30600/200000 | loss 0.1796 | lr 2.00e-04 | 8.66 step/s | elapsed 0.98h
step  30700/200000 | loss 0.1815 | lr 2.00e-04 | 8.66 step/s | elapsed 0.99h
step  30800/200000 | loss 0.1783 | lr 2.00e-04 | 8.66 step/s | elapsed 0.99h
step  30900/200000 | loss 0.1789 | lr 2.00e-04 | 8.67 step/s | elapsed 0.99h
step  31000/200000 | loss 0.1810 | lr 2.00e-04 | 8.68 step/s | elapsed 0.99h
step  31100/200000 | loss 0.1775 | lr 2.00e-04 | 8.69 step/s | elapsed 0.99h
step  31200/200000 | loss 0.1805 | lr 2.00e-04 | 8.69 step/s | elapsed 1.00h
step  31300/200000 | loss 0.1785 | lr 2.00e-04 | 8.70 step/s | elapsed 1.00h
step  31400/200000 | loss 0.1811 | lr 2.00e-04 | 8.71 step/s | elapsed 1.00h
step  31500/200000 | loss 0.1774 | lr 2.00e-04 | 8.72 step/s | elapsed 1.00h
step  31600/200000 | loss 0.1785 | lr 2.00e-04 | 8.72 step/s | elapsed 1.01h
step  31700/200000 | loss 0.1767 | lr 2.00e-04 | 8.73 step/s | elapsed 1.01h
step  31800/200000 | loss 0.1792 | lr 2.00e-04 | 8.74 step/s | elapsed 1.01h
step  31900/200000 | loss 0.1817 | lr 2.00e-04 | 8.75 step/s | elapsed 1.01h
step  32000/200000 | loss 0.1816 | lr 2.00e-04 | 8.75 step/s | elapsed 1.02h
step  32100/200000 | loss 0.1815 | lr 2.00e-04 | 8.76 step/s | elapsed 1.02h
step  32200/200000 | loss 0.1788 | lr 2.00e-04 | 8.77 step/s | elapsed 1.02h
step  32300/200000 | loss 0.1802 | lr 2.00e-04 | 8.78 step/s | elapsed 1.02h
step  32400/200000 | loss 0.1789 | lr 2.00e-04 | 8.78 step/s | elapsed 1.02h
step  32500/200000 | loss 0.1813 | lr 2.00e-04 | 8.79 step/s | elapsed 1.03h
step  32600/200000 | loss 0.1790 | lr 2.00e-04 | 8.80 step/s | elapsed 1.03h
step  32700/200000 | loss 0.1805 | lr 2.00e-04 | 8.81 step/s | elapsed 1.03h
step  32800/200000 | loss 0.1788 | lr 2.00e-04 | 8.81 step/s | elapsed 1.03h
step  32900/200000 | loss 0.1765 | lr 2.00e-04 | 8.82 step/s | elapsed 1.04h
step  33000/200000 | loss 0.1809 | lr 2.00e-04 | 8.83 step/s | elapsed 1.04h
step  33100/200000 | loss 0.1793 | lr 2.00e-04 | 8.83 step/s | elapsed 1.04h
step  33200/200000 | loss 0.1797 | lr 2.00e-04 | 8.84 step/s | elapsed 1.04h
step  33300/200000 | loss 0.1794 | lr 2.00e-04 | 8.85 step/s | elapsed 1.05h
step  33400/200000 | loss 0.1786 | lr 2.00e-04 | 8.85 step/s | elapsed 1.05h
step  33500/200000 | loss 0.1783 | lr 2.00e-04 | 8.86 step/s | elapsed 1.05h
step  33600/200000 | loss 0.1824 | lr 2.00e-04 | 8.87 step/s | elapsed 1.05h
step  33700/200000 | loss 0.1813 | lr 2.00e-04 | 8.88 step/s | elapsed 1.05h
step  33800/200000 | loss 0.1816 | lr 2.00e-04 | 8.88 step/s | elapsed 1.06h
step  33900/200000 | loss 0.1803 | lr 2.00e-04 | 8.89 step/s | elapsed 1.06h
step  34000/200000 | loss 0.1785 | lr 2.00e-04 | 8.90 step/s | elapsed 1.06h
step  34100/200000 | loss 0.1799 | lr 2.00e-04 | 8.90 step/s | elapsed 1.06h
step  34200/200000 | loss 0.1803 | lr 2.00e-04 | 8.91 step/s | elapsed 1.07h
step  34300/200000 | loss 0.1814 | lr 2.00e-04 | 8.92 step/s | elapsed 1.07h
step  34400/200000 | loss 0.1803 | lr 2.00e-04 | 8.92 step/s | elapsed 1.07h
step  34500/200000 | loss 0.1798 | lr 2.00e-04 | 8.93 step/s | elapsed 1.07h
step  34600/200000 | loss 0.1782 | lr 2.00e-04 | 8.94 step/s | elapsed 1.08h
step  34700/200000 | loss 0.1783 | lr 2.00e-04 | 8.94 step/s | elapsed 1.08h
step  34800/200000 | loss 0.1798 | lr 2.00e-04 | 8.95 step/s | elapsed 1.08h
step  34900/200000 | loss 0.1802 | lr 2.00e-04 | 8.96 step/s | elapsed 1.08h
step  35000/200000 | loss 0.1792 | lr 2.00e-04 | 8.96 step/s | elapsed 1.08h
step  35100/200000 | loss 0.1804 | lr 2.00e-04 | 8.97 step/s | elapsed 1.09h
step  35200/200000 | loss 0.1800 | lr 2.00e-04 | 8.98 step/s | elapsed 1.09h
step  35300/200000 | loss 0.1780 | lr 2.00e-04 | 8.98 step/s | elapsed 1.09h
step  35400/200000 | loss 0.1789 | lr 2.00e-04 | 8.99 step/s | elapsed 1.09h
step  35500/200000 | loss 0.1791 | lr 2.00e-04 | 8.99 step/s | elapsed 1.10h
step  35600/200000 | loss 0.1806 | lr 2.00e-04 | 9.00 step/s | elapsed 1.10h
step  35700/200000 | loss 0.1781 | lr 2.00e-04 | 9.01 step/s | elapsed 1.10h
step  35800/200000 | loss 0.1816 | lr 2.00e-04 | 9.01 step/s | elapsed 1.10h
step  35900/200000 | loss 0.1778 | lr 2.00e-04 | 9.02 step/s | elapsed 1.11h
step  36000/200000 | loss 0.1775 | lr 2.00e-04 | 9.03 step/s | elapsed 1.11h
step  36100/200000 | loss 0.1785 | lr 2.00e-04 | 9.03 step/s | elapsed 1.11h
step  36200/200000 | loss 0.1805 | lr 2.00e-04 | 9.04 step/s | elapsed 1.11h
step  36300/200000 | loss 0.1791 | lr 2.00e-04 | 9.04 step/s | elapsed 1.11h
step  36400/200000 | loss 0.1803 | lr 2.00e-04 | 9.05 step/s | elapsed 1.12h
step  36500/200000 | loss 0.1783 | lr 2.00e-04 | 9.06 step/s | elapsed 1.12h
step  36600/200000 | loss 0.1794 | lr 2.00e-04 | 9.06 step/s | elapsed 1.12h
step  36700/200000 | loss 0.1798 | lr 2.00e-04 | 9.07 step/s | elapsed 1.12h
step  36800/200000 | loss 0.1800 | lr 2.00e-04 | 9.07 step/s | elapsed 1.13h
step  36900/200000 | loss 0.1784 | lr 2.00e-04 | 9.08 step/s | elapsed 1.13h
step  37000/200000 | loss 0.1804 | lr 2.00e-04 | 9.09 step/s | elapsed 1.13h
step  37100/200000 | loss 0.1797 | lr 2.00e-04 | 9.09 step/s | elapsed 1.13h
step  37200/200000 | loss 0.1813 | lr 2.00e-04 | 9.10 step/s | elapsed 1.14h
step  37300/200000 | loss 0.1794 | lr 2.00e-04 | 9.10 step/s | elapsed 1.14h
step  37400/200000 | loss 0.1793 | lr 2.00e-04 | 9.11 step/s | elapsed 1.14h
step  37500/200000 | loss 0.1800 | lr 2.00e-04 | 9.12 step/s | elapsed 1.14h
step  37600/200000 | loss 0.1788 | lr 2.00e-04 | 9.12 step/s | elapsed 1.14h
step  37700/200000 | loss 0.1775 | lr 2.00e-04 | 9.13 step/s | elapsed 1.15h
step  37800/200000 | loss 0.1796 | lr 2.00e-04 | 9.13 step/s | elapsed 1.15h
step  37900/200000 | loss 0.1788 | lr 2.00e-04 | 9.14 step/s | elapsed 1.15h
step  38000/200000 | loss 0.1811 | lr 2.00e-04 | 9.15 step/s | elapsed 1.15h
step  38100/200000 | loss 0.1778 | lr 2.00e-04 | 9.15 step/s | elapsed 1.16h
step  38200/200000 | loss 0.1772 | lr 2.00e-04 | 9.16 step/s | elapsed 1.16h
step  38300/200000 | loss 0.1795 | lr 2.00e-04 | 9.16 step/s | elapsed 1.16h
step  38400/200000 | loss 0.1775 | lr 2.00e-04 | 9.17 step/s | elapsed 1.16h
step  38500/200000 | loss 0.1792 | lr 2.00e-04 | 9.17 step/s | elapsed 1.17h
step  38600/200000 | loss 0.1767 | lr 2.00e-04 | 9.18 step/s | elapsed 1.17h
step  38700/200000 | loss 0.1785 | lr 2.00e-04 | 9.19 step/s | elapsed 1.17h
step  38800/200000 | loss 0.1776 | lr 2.00e-04 | 9.19 step/s | elapsed 1.17h
step  38900/200000 | loss 0.1785 | lr 2.00e-04 | 9.20 step/s | elapsed 1.17h
step  39000/200000 | loss 0.1787 | lr 2.00e-04 | 9.20 step/s | elapsed 1.18h
step  39100/200000 | loss 0.1800 | lr 2.00e-04 | 9.21 step/s | elapsed 1.18h
step  39200/200000 | loss 0.1797 | lr 2.00e-04 | 9.21 step/s | elapsed 1.18h
step  39300/200000 | loss 0.1796 | lr 2.00e-04 | 9.22 step/s | elapsed 1.18h
step  39400/200000 | loss 0.1800 | lr 2.00e-04 | 9.22 step/s | elapsed 1.19h
step  39500/200000 | loss 0.1779 | lr 2.00e-04 | 9.23 step/s | elapsed 1.19h
step  39600/200000 | loss 0.1769 | lr 2.00e-04 | 9.24 step/s | elapsed 1.19h
step  39700/200000 | loss 0.1783 | lr 2.00e-04 | 9.24 step/s | elapsed 1.19h
step  39800/200000 | loss 0.1800 | lr 2.00e-04 | 9.25 step/s | elapsed 1.20h
step  39900/200000 | loss 0.1759 | lr 2.00e-04 | 9.25 step/s | elapsed 1.20h
step  40000/200000 | loss 0.1816 | lr 2.00e-04 | 9.26 step/s | elapsed 1.20h
saved checkpoint at step 40000
step  40100/200000 | loss 0.1799 | lr 2.00e-04 | 9.26 step/s | elapsed 1.20h
step  40200/200000 | loss 0.1783 | lr 2.00e-04 | 9.26 step/s | elapsed 1.21h
step  40300/200000 | loss 0.1812 | lr 2.00e-04 | 9.27 step/s | elapsed 1.21h
step  40400/200000 | loss 0.1819 | lr 2.00e-04 | 9.27 step/s | elapsed 1.21h
step  40500/200000 | loss 0.1770 | lr 2.00e-04 | 9.28 step/s | elapsed 1.21h
step  40600/200000 | loss 0.1780 | lr 2.00e-04 | 9.28 step/s | elapsed 1.21h
step  40700/200000 | loss 0.1770 | lr 2.00e-04 | 9.29 step/s | elapsed 1.22h
step  40800/200000 | loss 0.1767 | lr 2.00e-04 | 9.30 step/s | elapsed 1.22h
step  40900/200000 | loss 0.1766 | lr 2.00e-04 | 9.30 step/s | elapsed 1.22h
step  41000/200000 | loss 0.1793 | lr 2.00e-04 | 9.31 step/s | elapsed 1.22h
step  41100/200000 | loss 0.1795 | lr 2.00e-04 | 9.31 step/s | elapsed 1.23h
step  41200/200000 | loss 0.1788 | lr 2.00e-04 | 9.32 step/s | elapsed 1.23h
step  41300/200000 | loss 0.1772 | lr 2.00e-04 | 9.32 step/s | elapsed 1.23h
step  41400/200000 | loss 0.1807 | lr 2.00e-04 | 9.33 step/s | elapsed 1.23h
step  41500/200000 | loss 0.1768 | lr 2.00e-04 | 9.33 step/s | elapsed 1.24h
step  41600/200000 | loss 0.1792 | lr 2.00e-04 | 9.34 step/s | elapsed 1.24h
step  41700/200000 | loss 0.1818 | lr 2.00e-04 | 9.34 step/s | elapsed 1.24h
step  41800/200000 | loss 0.1782 | lr 2.00e-04 | 9.35 step/s | elapsed 1.24h
step  41900/200000 | loss 0.1803 | lr 2.00e-04 | 9.35 step/s | elapsed 1.24h
step  42000/200000 | loss 0.1772 | lr 2.00e-04 | 9.36 step/s | elapsed 1.25h
step  42100/200000 | loss 0.1823 | lr 2.00e-04 | 9.36 step/s | elapsed 1.25h
step  42200/200000 | loss 0.1789 | lr 2.00e-04 | 9.37 step/s | elapsed 1.25h
step  42300/200000 | loss 0.1777 | lr 2.00e-04 | 9.37 step/s | elapsed 1.25h
step  42400/200000 | loss 0.1797 | lr 2.00e-04 | 9.38 step/s | elapsed 1.26h
step  42500/200000 | loss 0.1796 | lr 2.00e-04 | 9.38 step/s | elapsed 1.26h
step  42600/200000 | loss 0.1789 | lr 2.00e-04 | 9.39 step/s | elapsed 1.26h
step  42700/200000 | loss 0.1794 | lr 2.00e-04 | 9.39 step/s | elapsed 1.26h
step  42800/200000 | loss 0.1764 | lr 2.00e-04 | 9.40 step/s | elapsed 1.27h
step  42900/200000 | loss 0.1768 | lr 2.00e-04 | 9.40 step/s | elapsed 1.27h
step  43000/200000 | loss 0.1807 | lr 2.00e-04 | 9.41 step/s | elapsed 1.27h
step  43100/200000 | loss 0.1790 | lr 2.00e-04 | 9.41 step/s | elapsed 1.27h
step  43200/200000 | loss 0.1780 | lr 2.00e-04 | 9.42 step/s | elapsed 1.27h
step  43300/200000 | loss 0.1798 | lr 2.00e-04 | 9.42 step/s | elapsed 1.28h
step  43400/200000 | loss 0.1754 | lr 2.00e-04 | 9.43 step/s | elapsed 1.28h
step  43500/200000 | loss 0.1801 | lr 2.00e-04 | 9.43 step/s | elapsed 1.28h
step  43600/200000 | loss 0.1797 | lr 2.00e-04 | 9.44 step/s | elapsed 1.28h
step  43700/200000 | loss 0.1784 | lr 2.00e-04 | 9.44 step/s | elapsed 1.29h
step  43800/200000 | loss 0.1806 | lr 2.00e-04 | 9.44 step/s | elapsed 1.29h
step  43900/200000 | loss 0.1784 | lr 2.00e-04 | 9.45 step/s | elapsed 1.29h
step  44000/200000 | loss 0.1789 | lr 2.00e-04 | 9.45 step/s | elapsed 1.29h
step  44100/200000 | loss 0.1799 | lr 2.00e-04 | 9.46 step/s | elapsed 1.30h
step  44200/200000 | loss 0.1766 | lr 2.00e-04 | 9.46 step/s | elapsed 1.30h
step  44300/200000 | loss 0.1799 | lr 2.00e-04 | 9.47 step/s | elapsed 1.30h
step  44400/200000 | loss 0.1782 | lr 2.00e-04 | 9.47 step/s | elapsed 1.30h
step  44500/200000 | loss 0.1788 | lr 2.00e-04 | 9.48 step/s | elapsed 1.30h
step  44600/200000 | loss 0.1786 | lr 2.00e-04 | 9.48 step/s | elapsed 1.31h
step  44700/200000 | loss 0.1795 | lr 2.00e-04 | 9.49 step/s | elapsed 1.31h
step  44800/200000 | loss 0.1778 | lr 2.00e-04 | 9.49 step/s | elapsed 1.31h
step  44900/200000 | loss 0.1797 | lr 2.00e-04 | 9.49 step/s | elapsed 1.31h
step  45000/200000 | loss 0.1826 | lr 2.00e-04 | 9.50 step/s | elapsed 1.32h
step  45100/200000 | loss 0.1793 | lr 2.00e-04 | 9.50 step/s | elapsed 1.32h
step  45200/200000 | loss 0.1781 | lr 2.00e-04 | 9.51 step/s | elapsed 1.32h
step  45300/200000 | loss 0.1750 | lr 2.00e-04 | 9.51 step/s | elapsed 1.32h
step  45400/200000 | loss 0.1753 | lr 2.00e-04 | 9.52 step/s | elapsed 1.33h
step  45500/200000 | loss 0.1790 | lr 2.00e-04 | 9.52 step/s | elapsed 1.33h
step  45600/200000 | loss 0.1780 | lr 2.00e-04 | 9.52 step/s | elapsed 1.33h
step  45700/200000 | loss 0.1803 | lr 2.00e-04 | 9.53 step/s | elapsed 1.33h
step  45800/200000 | loss 0.1781 | lr 2.00e-04 | 9.53 step/s | elapsed 1.33h
step  45900/200000 | loss 0.1771 | lr 2.00e-04 | 9.54 step/s | elapsed 1.34h
step  46000/200000 | loss 0.1748 | lr 2.00e-04 | 9.54 step/s | elapsed 1.34h
step  46100/200000 | loss 0.1783 | lr 2.00e-04 | 9.55 step/s | elapsed 1.34h
step  46200/200000 | loss 0.1788 | lr 2.00e-04 | 9.55 step/s | elapsed 1.34h
step  46300/200000 | loss 0.1794 | lr 2.00e-04 | 9.55 step/s | elapsed 1.35h
step  46400/200000 | loss 0.1772 | lr 2.00e-04 | 9.56 step/s | elapsed 1.35h
step  46500/200000 | loss 0.1788 | lr 2.00e-04 | 9.56 step/s | elapsed 1.35h
step  46600/200000 | loss 0.1798 | lr 2.00e-04 | 9.57 step/s | elapsed 1.35h
step  46700/200000 | loss 0.1776 | lr 2.00e-04 | 9.57 step/s | elapsed 1.36h
step  46800/200000 | loss 0.1767 | lr 2.00e-04 | 9.57 step/s | elapsed 1.36h
step  46900/200000 | loss 0.1803 | lr 2.00e-04 | 9.58 step/s | elapsed 1.36h
step  47000/200000 | loss 0.1798 | lr 2.00e-04 | 9.58 step/s | elapsed 1.36h
step  47100/200000 | loss 0.1768 | lr 2.00e-04 | 9.59 step/s | elapsed 1.36h
step  47200/200000 | loss 0.1777 | lr 2.00e-04 | 9.59 step/s | elapsed 1.37h
step  47300/200000 | loss 0.1782 | lr 2.00e-04 | 9.59 step/s | elapsed 1.37h
step  47400/200000 | loss 0.1800 | lr 2.00e-04 | 9.60 step/s | elapsed 1.37h
step  47500/200000 | loss 0.1791 | lr 2.00e-04 | 9.60 step/s | elapsed 1.37h
step  47600/200000 | loss 0.1769 | lr 2.00e-04 | 9.60 step/s | elapsed 1.38h
step  47700/200000 | loss 0.1804 | lr 2.00e-04 | 9.61 step/s | elapsed 1.38h
step  47800/200000 | loss 0.1753 | lr 2.00e-04 | 9.61 step/s | elapsed 1.38h
step  47900/200000 | loss 0.1777 | lr 2.00e-04 | 9.62 step/s | elapsed 1.38h
step  48000/200000 | loss 0.1778 | lr 2.00e-04 | 9.62 step/s | elapsed 1.39h
step  48100/200000 | loss 0.1780 | lr 2.00e-04 | 9.62 step/s | elapsed 1.39h
step  48200/200000 | loss 0.1788 | lr 2.00e-04 | 9.63 step/s | elapsed 1.39h
step  48300/200000 | loss 0.1766 | lr 2.00e-04 | 9.63 step/s | elapsed 1.39h
step  48400/200000 | loss 0.1788 | lr 2.00e-04 | 9.64 step/s | elapsed 1.40h
step  48500/200000 | loss 0.1773 | lr 2.00e-04 | 9.64 step/s | elapsed 1.40h
step  48600/200000 | loss 0.1785 | lr 2.00e-04 | 9.64 step/s | elapsed 1.40h
step  48700/200000 | loss 0.1817 | lr 2.00e-04 | 9.65 step/s | elapsed 1.40h
step  48800/200000 | loss 0.1796 | lr 2.00e-04 | 9.65 step/s | elapsed 1.40h
step  48900/200000 | loss 0.1782 | lr 2.00e-04 | 9.66 step/s | elapsed 1.41h
step  49000/200000 | loss 0.1802 | lr 2.00e-04 | 9.66 step/s | elapsed 1.41h
step  49100/200000 | loss 0.1799 | lr 2.00e-04 | 9.66 step/s | elapsed 1.41h
step  49200/200000 | loss 0.1779 | lr 2.00e-04 | 9.67 step/s | elapsed 1.41h
step  49300/200000 | loss 0.1787 | lr 2.00e-04 | 9.67 step/s | elapsed 1.42h
step  49400/200000 | loss 0.1771 | lr 2.00e-04 | 9.67 step/s | elapsed 1.42h
step  49500/200000 | loss 0.1761 | lr 2.00e-04 | 9.68 step/s | elapsed 1.42h
step  49600/200000 | loss 0.1776 | lr 2.00e-04 | 9.68 step/s | elapsed 1.42h
step  49700/200000 | loss 0.1791 | lr 2.00e-04 | 9.69 step/s | elapsed 1.43h
step  49800/200000 | loss 0.1795 | lr 2.00e-04 | 9.69 step/s | elapsed 1.43h
step  49900/200000 | loss 0.1776 | lr 2.00e-04 | 9.69 step/s | elapsed 1.43h
step  50000/200000 | loss 0.1771 | lr 2.00e-04 | 9.70 step/s | elapsed 1.43h
saved checkpoint at step 50000
step  50100/200000 | loss 0.1782 | lr 2.00e-04 | 9.70 step/s | elapsed 1.44h
step  50200/200000 | loss 0.1804 | lr 2.00e-04 | 9.70 step/s | elapsed 1.44h
step  50300/200000 | loss 0.1790 | lr 2.00e-04 | 9.70 step/s | elapsed 1.44h
step  50400/200000 | loss 0.1768 | lr 2.00e-04 | 9.71 step/s | elapsed 1.44h
step  50500/200000 | loss 0.1788 | lr 2.00e-04 | 9.71 step/s | elapsed 1.44h
step  50600/200000 | loss 0.1764 | lr 2.00e-04 | 9.71 step/s | elapsed 1.45h
step  50700/200000 | loss 0.1761 | lr 2.00e-04 | 9.72 step/s | elapsed 1.45h
step  50800/200000 | loss 0.1790 | lr 2.00e-04 | 9.72 step/s | elapsed 1.45h
step  50900/200000 | loss 0.1782 | lr 2.00e-04 | 9.72 step/s | elapsed 1.45h
step  51000/200000 | loss 0.1784 | lr 2.00e-04 | 9.73 step/s | elapsed 1.46h
step  51100/200000 | loss 0.1772 | lr 2.00e-04 | 9.73 step/s | elapsed 1.46h
step  51200/200000 | loss 0.1769 | lr 2.00e-04 | 9.74 step/s | elapsed 1.46h
step  51300/200000 | loss 0.1757 | lr 2.00e-04 | 9.74 step/s | elapsed 1.46h
step  51400/200000 | loss 0.1793 | lr 2.00e-04 | 9.74 step/s | elapsed 1.47h
step  51500/200000 | loss 0.1791 | lr 2.00e-04 | 9.75 step/s | elapsed 1.47h
step  51600/200000 | loss 0.1777 | lr 2.00e-04 | 9.75 step/s | elapsed 1.47h
step  51700/200000 | loss 0.1785 | lr 2.00e-04 | 9.75 step/s | elapsed 1.47h
step  51800/200000 | loss 0.1775 | lr 2.00e-04 | 9.76 step/s | elapsed 1.47h
step  51900/200000 | loss 0.1762 | lr 2.00e-04 | 9.76 step/s | elapsed 1.48h
step  52000/200000 | loss 0.1772 | lr 2.00e-04 | 9.76 step/s | elapsed 1.48h
step  52100/200000 | loss 0.1775 | lr 2.00e-04 | 9.77 step/s | elapsed 1.48h
step  52200/200000 | loss 0.1768 | lr 2.00e-04 | 9.77 step/s | elapsed 1.48h
step  52300/200000 | loss 0.1784 | lr 2.00e-04 | 9.77 step/s | elapsed 1.49h
step  52400/200000 | loss 0.1766 | lr 2.00e-04 | 9.78 step/s | elapsed 1.49h
step  52500/200000 | loss 0.1788 | lr 2.00e-04 | 9.78 step/s | elapsed 1.49h
step  52600/200000 | loss 0.1776 | lr 2.00e-04 | 9.78 step/s | elapsed 1.49h
step  52700/200000 | loss 0.1775 | lr 2.00e-04 | 9.79 step/s | elapsed 1.50h
step  52800/200000 | loss 0.1792 | lr 2.00e-04 | 9.79 step/s | elapsed 1.50h
step  52900/200000 | loss 0.1774 | lr 2.00e-04 | 9.79 step/s | elapsed 1.50h
step  53000/200000 | loss 0.1785 | lr 2.00e-04 | 9.80 step/s | elapsed 1.50h
step  53100/200000 | loss 0.1777 | lr 2.00e-04 | 9.80 step/s | elapsed 1.50h
step  53200/200000 | loss 0.1797 | lr 2.00e-04 | 9.80 step/s | elapsed 1.51h
step  53300/200000 | loss 0.1770 | lr 2.00e-04 | 9.81 step/s | elapsed 1.51h
step  53400/200000 | loss 0.1777 | lr 2.00e-04 | 9.81 step/s | elapsed 1.51h
step  53500/200000 | loss 0.1761 | lr 2.00e-04 | 9.82 step/s | elapsed 1.51h
step  53600/200000 | loss 0.1753 | lr 2.00e-04 | 9.82 step/s | elapsed 1.52h
step  53700/200000 | loss 0.1780 | lr 2.00e-04 | 9.82 step/s | elapsed 1.52h
step  53800/200000 | loss 0.1750 | lr 2.00e-04 | 9.83 step/s | elapsed 1.52h
step  53900/200000 | loss 0.1771 | lr 2.00e-04 | 9.83 step/s | elapsed 1.52h
step  54000/200000 | loss 0.1778 | lr 2.00e-04 | 9.83 step/s | elapsed 1.53h
step  54100/200000 | loss 0.1795 | lr 2.00e-04 | 9.84 step/s | elapsed 1.53h
step  54200/200000 | loss 0.1793 | lr 2.00e-04 | 9.84 step/s | elapsed 1.53h
step  54300/200000 | loss 0.1766 | lr 2.00e-04 | 9.84 step/s | elapsed 1.53h
step  54400/200000 | loss 0.1793 | lr 2.00e-04 | 9.85 step/s | elapsed 1.53h
step  54500/200000 | loss 0.1783 | lr 2.00e-04 | 9.85 step/s | elapsed 1.54h
step  54600/200000 | loss 0.1760 | lr 2.00e-04 | 9.85 step/s | elapsed 1.54h
step  54700/200000 | loss 0.1784 | lr 2.00e-04 | 9.86 step/s | elapsed 1.54h
step  54800/200000 | loss 0.1800 | lr 2.00e-04 | 9.86 step/s | elapsed 1.54h
step  54900/200000 | loss 0.1801 | lr 2.00e-04 | 9.86 step/s | elapsed 1.55h
step  55000/200000 | loss 0.1753 | lr 2.00e-04 | 9.87 step/s | elapsed 1.55h
step  55100/200000 | loss 0.1778 | lr 2.00e-04 | 9.87 step/s | elapsed 1.55h
step  55200/200000 | loss 0.1762 | lr 2.00e-04 | 9.87 step/s | elapsed 1.55h
step  55300/200000 | loss 0.1781 | lr 2.00e-04 | 9.88 step/s | elapsed 1.56h
step  55400/200000 | loss 0.1764 | lr 2.00e-04 | 9.88 step/s | elapsed 1.56h
step  55500/200000 | loss 0.1774 | lr 2.00e-04 | 9.88 step/s | elapsed 1.56h
step  55600/200000 | loss 0.1777 | lr 2.00e-04 | 9.89 step/s | elapsed 1.56h
step  55700/200000 | loss 0.1786 | lr 2.00e-04 | 9.89 step/s | elapsed 1.56h
step  55800/200000 | loss 0.1778 | lr 2.00e-04 | 9.89 step/s | elapsed 1.57h
step  55900/200000 | loss 0.1785 | lr 2.00e-04 | 9.90 step/s | elapsed 1.57h
step  56000/200000 | loss 0.1770 | lr 2.00e-04 | 9.90 step/s | elapsed 1.57h
step  56100/200000 | loss 0.1767 | lr 2.00e-04 | 9.90 step/s | elapsed 1.57h
step  56200/200000 | loss 0.1785 | lr 2.00e-04 | 9.91 step/s | elapsed 1.58h
step  56300/200000 | loss 0.1766 | lr 2.00e-04 | 9.91 step/s | elapsed 1.58h
step  56400/200000 | loss 0.1784 | lr 2.00e-04 | 9.91 step/s | elapsed 1.58h
step  56500/200000 | loss 0.1769 | lr 2.00e-04 | 9.91 step/s | elapsed 1.58h
step  56600/200000 | loss 0.1745 | lr 2.00e-04 | 9.92 step/s | elapsed 1.59h
step  56700/200000 | loss 0.1777 | lr 2.00e-04 | 9.92 step/s | elapsed 1.59h
step  56800/200000 | loss 0.1779 | lr 2.00e-04 | 9.92 step/s | elapsed 1.59h
step  56900/200000 | loss 0.1793 | lr 2.00e-04 | 9.93 step/s | elapsed 1.59h
step  57000/200000 | loss 0.1781 | lr 2.00e-04 | 9.93 step/s | elapsed 1.59h
step  57100/200000 | loss 0.1768 | lr 2.00e-04 | 9.93 step/s | elapsed 1.60h
step  57200/200000 | loss 0.1785 | lr 2.00e-04 | 9.94 step/s | elapsed 1.60h
step  57300/200000 | loss 0.1787 | lr 2.00e-04 | 9.94 step/s | elapsed 1.60h
step  57400/200000 | loss 0.1787 | lr 2.00e-04 | 9.94 step/s | elapsed 1.60h
step  57500/200000 | loss 0.1794 | lr 2.00e-04 | 9.94 step/s | elapsed 1.61h
step  57600/200000 | loss 0.1792 | lr 2.00e-04 | 9.95 step/s | elapsed 1.61h
step  57700/200000 | loss 0.1764 | lr 2.00e-04 | 9.95 step/s | elapsed 1.61h
step  57800/200000 | loss 0.1802 | lr 2.00e-04 | 9.95 step/s | elapsed 1.61h
step  57900/200000 | loss 0.1759 | lr 2.00e-04 | 9.96 step/s | elapsed 1.62h
step  58000/200000 | loss 0.1801 | lr 2.00e-04 | 9.96 step/s | elapsed 1.62h
step  58100/200000 | loss 0.1789 | lr 2.00e-04 | 9.96 step/s | elapsed 1.62h
step  58200/200000 | loss 0.1779 | lr 2.00e-04 | 9.96 step/s | elapsed 1.62h
step  58300/200000 | loss 0.1781 | lr 2.00e-04 | 9.97 step/s | elapsed 1.62h
step  58400/200000 | loss 0.1759 | lr 2.00e-04 | 9.97 step/s | elapsed 1.63h
step  58500/200000 | loss 0.1746 | lr 2.00e-04 | 9.97 step/s | elapsed 1.63h
step  58600/200000 | loss 0.1775 | lr 2.00e-04 | 9.98 step/s | elapsed 1.63h
step  58700/200000 | loss 0.1750 | lr 2.00e-04 | 9.98 step/s | elapsed 1.63h
step  58800/200000 | loss 0.1787 | lr 2.00e-04 | 9.98 step/s | elapsed 1.64h
step  58900/200000 | loss 0.1781 | lr 2.00e-04 | 9.99 step/s | elapsed 1.64h
step  59000/200000 | loss 0.1757 | lr 2.00e-04 | 9.99 step/s | elapsed 1.64h
step  59100/200000 | loss 0.1783 | lr 2.00e-04 | 9.99 step/s | elapsed 1.64h
step  59200/200000 | loss 0.1779 | lr 2.00e-04 | 9.99 step/s | elapsed 1.65h
step  59300/200000 | loss 0.1764 | lr 2.00e-04 | 10.00 step/s | elapsed 1.65h
step  59400/200000 | loss 0.1773 | lr 2.00e-04 | 10.00 step/s | elapsed 1.65h
step  59500/200000 | loss 0.1758 | lr 2.00e-04 | 10.00 step/s | elapsed 1.65h
step  59600/200000 | loss 0.1795 | lr 2.00e-04 | 10.01 step/s | elapsed 1.65h
step  59700/200000 | loss 0.1777 | lr 2.00e-04 | 10.01 step/s | elapsed 1.66h
step  59800/200000 | loss 0.1763 | lr 2.00e-04 | 10.01 step/s | elapsed 1.66h
step  59900/200000 | loss 0.1767 | lr 2.00e-04 | 10.02 step/s | elapsed 1.66h
step  60000/200000 | loss 0.1792 | lr 2.00e-04 | 10.02 step/s | elapsed 1.66h
saved checkpoint at step 60000
step  60100/200000 | loss 0.1792 | lr 2.00e-04 | 10.02 step/s | elapsed 1.67h
step  60200/200000 | loss 0.1737 | lr 2.00e-04 | 10.02 step/s | elapsed 1.67h
step  60300/200000 | loss 0.1780 | lr 2.00e-04 | 10.03 step/s | elapsed 1.67h
step  60400/200000 | loss 0.1747 | lr 2.00e-04 | 10.03 step/s | elapsed 1.67h
step  60500/200000 | loss 0.1768 | lr 2.00e-04 | 10.03 step/s | elapsed 1.68h
step  60600/200000 | loss 0.1750 | lr 2.00e-04 | 10.03 step/s | elapsed 1.68h
step  60700/200000 | loss 0.1767 | lr 2.00e-04 | 10.04 step/s | elapsed 1.68h
step  60800/200000 | loss 0.1773 | lr 2.00e-04 | 10.04 step/s | elapsed 1.68h
step  60900/200000 | loss 0.1764 | lr 2.00e-04 | 10.04 step/s | elapsed 1.68h
step  61000/200000 | loss 0.1771 | lr 2.00e-04 | 10.05 step/s | elapsed 1.69h
step  61100/200000 | loss 0.1757 | lr 2.00e-04 | 10.05 step/s | elapsed 1.69h
step  61200/200000 | loss 0.1767 | lr 2.00e-04 | 10.05 step/s | elapsed 1.69h
step  61300/200000 | loss 0.1764 | lr 2.00e-04 | 10.05 step/s | elapsed 1.69h
step  61400/200000 | loss 0.1760 | lr 2.00e-04 | 10.06 step/s | elapsed 1.70h
step  61500/200000 | loss 0.1807 | lr 2.00e-04 | 10.06 step/s | elapsed 1.70h
step  61600/200000 | loss 0.1786 | lr 2.00e-04 | 10.06 step/s | elapsed 1.70h
step  61700/200000 | loss 0.1773 | lr 2.00e-04 | 10.07 step/s | elapsed 1.70h
step  61800/200000 | loss 0.1763 | lr 2.00e-04 | 10.07 step/s | elapsed 1.71h
step  61900/200000 | loss 0.1772 | lr 2.00e-04 | 10.07 step/s | elapsed 1.71h
step  62000/200000 | loss 0.1778 | lr 2.00e-04 | 10.07 step/s | elapsed 1.71h
step  62100/200000 | loss 0.1764 | lr 2.00e-04 | 10.08 step/s | elapsed 1.71h
step  62200/200000 | loss 0.1780 | lr 2.00e-04 | 10.08 step/s | elapsed 1.71h
step  62300/200000 | loss 0.1741 | lr 2.00e-04 | 10.08 step/s | elapsed 1.72h
step  62400/200000 | loss 0.1759 | lr 2.00e-04 | 10.08 step/s | elapsed 1.72h
step  62500/200000 | loss 0.1786 | lr 2.00e-04 | 10.09 step/s | elapsed 1.72h
step  62600/200000 | loss 0.1777 | lr 2.00e-04 | 10.09 step/s | elapsed 1.72h
step  62700/200000 | loss 0.1755 | lr 2.00e-04 | 10.09 step/s | elapsed 1.73h
step  62800/200000 | loss 0.1772 | lr 2.00e-04 | 10.09 step/s | elapsed 1.73h
step  62900/200000 | loss 0.1771 | lr 2.00e-04 | 10.10 step/s | elapsed 1.73h
step  63000/200000 | loss 0.1763 | lr 2.00e-04 | 10.10 step/s | elapsed 1.73h
step  63100/200000 | loss 0.1766 | lr 2.00e-04 | 10.10 step/s | elapsed 1.73h
step  63200/200000 | loss 0.1758 | lr 2.00e-04 | 10.11 step/s | elapsed 1.74h
step  63300/200000 | loss 0.1771 | lr 2.00e-04 | 10.11 step/s | elapsed 1.74h
step  63400/200000 | loss 0.1779 | lr 2.00e-04 | 10.11 step/s | elapsed 1.74h
step  63500/200000 | loss 0.1779 | lr 2.00e-04 | 10.11 step/s | elapsed 1.74h
step  63600/200000 | loss 0.1779 | lr 2.00e-04 | 10.12 step/s | elapsed 1.75h
step  63700/200000 | loss 0.1749 | lr 2.00e-04 | 10.12 step/s | elapsed 1.75h
step  63800/200000 | loss 0.1760 | lr 2.00e-04 | 10.12 step/s | elapsed 1.75h
step  63900/200000 | loss 0.1764 | lr 2.00e-04 | 10.12 step/s | elapsed 1.75h
step  64000/200000 | loss 0.1776 | lr 2.00e-04 | 10.13 step/s | elapsed 1.76h
step  64100/200000 | loss 0.1776 | lr 2.00e-04 | 10.13 step/s | elapsed 1.76h
step  64200/200000 | loss 0.1779 | lr 2.00e-04 | 10.13 step/s | elapsed 1.76h
step  64300/200000 | loss 0.1796 | lr 2.00e-04 | 10.13 step/s | elapsed 1.76h
step  64400/200000 | loss 0.1762 | lr 2.00e-04 | 10.14 step/s | elapsed 1.76h
step  64500/200000 | loss 0.1789 | lr 2.00e-04 | 10.14 step/s | elapsed 1.77h
step  64600/200000 | loss 0.1756 | lr 2.00e-04 | 10.14 step/s | elapsed 1.77h
step  64700/200000 | loss 0.1773 | lr 2.00e-04 | 10.15 step/s | elapsed 1.77h
step  64800/200000 | loss 0.1804 | lr 2.00e-04 | 10.15 step/s | elapsed 1.77h
step  64900/200000 | loss 0.1767 | lr 2.00e-04 | 10.15 step/s | elapsed 1.78h
step  65000/200000 | loss 0.1764 | lr 2.00e-04 | 10.15 step/s | elapsed 1.78h
step  65100/200000 | loss 0.1773 | lr 2.00e-04 | 10.15 step/s | elapsed 1.78h
step  65200/200000 | loss 0.1774 | lr 2.00e-04 | 10.16 step/s | elapsed 1.78h
step  65300/200000 | loss 0.1776 | lr 2.00e-04 | 10.16 step/s | elapsed 1.79h
step  65400/200000 | loss 0.1799 | lr 2.00e-04 | 10.16 step/s | elapsed 1.79h
step  65500/200000 | loss 0.1789 | lr 2.00e-04 | 10.16 step/s | elapsed 1.79h
step  65600/200000 | loss 0.1772 | lr 2.00e-04 | 10.17 step/s | elapsed 1.79h
step  65700/200000 | loss 0.1759 | lr 2.00e-04 | 10.17 step/s | elapsed 1.79h
step  65800/200000 | loss 0.1769 | lr 2.00e-04 | 10.17 step/s | elapsed 1.80h
step  65900/200000 | loss 0.1760 | lr 2.00e-04 | 10.17 step/s | elapsed 1.80h
step  66000/200000 | loss 0.1750 | lr 2.00e-04 | 10.18 step/s | elapsed 1.80h
step  66100/200000 | loss 0.1799 | lr 2.00e-04 | 10.18 step/s | elapsed 1.80h
step  66200/200000 | loss 0.1780 | lr 2.00e-04 | 10.18 step/s | elapsed 1.81h
step  66300/200000 | loss 0.1762 | lr 2.00e-04 | 10.18 step/s | elapsed 1.81h
step  66400/200000 | loss 0.1789 | lr 2.00e-04 | 10.19 step/s | elapsed 1.81h
step  66500/200000 | loss 0.1768 | lr 2.00e-04 | 10.19 step/s | elapsed 1.81h
step  66600/200000 | loss 0.1768 | lr 2.00e-04 | 10.19 step/s | elapsed 1.82h
step  66700/200000 | loss 0.1772 | lr 2.00e-04 | 10.19 step/s | elapsed 1.82h
step  66800/200000 | loss 0.1778 | lr 2.00e-04 | 10.19 step/s | elapsed 1.82h
step  66900/200000 | loss 0.1802 | lr 2.00e-04 | 10.20 step/s | elapsed 1.82h
step  67000/200000 | loss 0.1771 | lr 2.00e-04 | 10.20 step/s | elapsed 1.82h
step  67100/200000 | loss 0.1761 | lr 2.00e-04 | 10.20 step/s | elapsed 1.83h
step  67200/200000 | loss 0.1764 | lr 2.00e-04 | 10.20 step/s | elapsed 1.83h
step  67300/200000 | loss 0.1766 | lr 2.00e-04 | 10.21 step/s | elapsed 1.83h
step  67400/200000 | loss 0.1770 | lr 2.00e-04 | 10.21 step/s | elapsed 1.83h
step  67500/200000 | loss 0.1755 | lr 2.00e-04 | 10.21 step/s | elapsed 1.84h
step  67600/200000 | loss 0.1760 | lr 2.00e-04 | 10.21 step/s | elapsed 1.84h
step  67700/200000 | loss 0.1787 | lr 2.00e-04 | 10.22 step/s | elapsed 1.84h
step  67800/200000 | loss 0.1754 | lr 2.00e-04 | 10.22 step/s | elapsed 1.84h
step  67900/200000 | loss 0.1765 | lr 2.00e-04 | 10.22 step/s | elapsed 1.85h
step  68000/200000 | loss 0.1751 | lr 2.00e-04 | 10.22 step/s | elapsed 1.85h
step  68100/200000 | loss 0.1769 | lr 2.00e-04 | 10.23 step/s | elapsed 1.85h
step  68200/200000 | loss 0.1772 | lr 2.00e-04 | 10.23 step/s | elapsed 1.85h
step  68300/200000 | loss 0.1770 | lr 2.00e-04 | 10.23 step/s | elapsed 1.85h
step  68400/200000 | loss 0.1771 | lr 2.00e-04 | 10.23 step/s | elapsed 1.86h
step  68500/200000 | loss 0.1757 | lr 2.00e-04 | 10.24 step/s | elapsed 1.86h
step  68600/200000 | loss 0.1791 | lr 2.00e-04 | 10.24 step/s | elapsed 1.86h
step  68700/200000 | loss 0.1775 | lr 2.00e-04 | 10.24 step/s | elapsed 1.86h
step  68800/200000 | loss 0.1789 | lr 2.00e-04 | 10.24 step/s | elapsed 1.87h
step  68900/200000 | loss 0.1762 | lr 2.00e-04 | 10.25 step/s | elapsed 1.87h
step  69000/200000 | loss 0.1731 | lr 2.00e-04 | 10.25 step/s | elapsed 1.87h
step  69100/200000 | loss 0.1769 | lr 2.00e-04 | 10.25 step/s | elapsed 1.87h
step  69200/200000 | loss 0.1757 | lr 2.00e-04 | 10.25 step/s | elapsed 1.87h
step  69300/200000 | loss 0.1765 | lr 2.00e-04 | 10.26 step/s | elapsed 1.88h
step  69400/200000 | loss 0.1775 | lr 2.00e-04 | 10.26 step/s | elapsed 1.88h
step  69500/200000 | loss 0.1778 | lr 2.00e-04 | 10.26 step/s | elapsed 1.88h
step  69600/200000 | loss 0.1772 | lr 2.00e-04 | 10.26 step/s | elapsed 1.88h
step  69700/200000 | loss 0.1777 | lr 2.00e-04 | 10.26 step/s | elapsed 1.89h
step  69800/200000 | loss 0.1760 | lr 2.00e-04 | 10.27 step/s | elapsed 1.89h
step  69900/200000 | loss 0.1755 | lr 2.00e-04 | 10.27 step/s | elapsed 1.89h
step  70000/200000 | loss 0.1770 | lr 2.00e-04 | 10.27 step/s | elapsed 1.89h
saved checkpoint at step 70000
step  70100/200000 | loss 0.1751 | lr 2.00e-04 | 10.27 step/s | elapsed 1.90h
step  70200/200000 | loss 0.1786 | lr 2.00e-04 | 10.27 step/s | elapsed 1.90h
step  70300/200000 | loss 0.1786 | lr 2.00e-04 | 10.28 step/s | elapsed 1.90h
step  70400/200000 | loss 0.1765 | lr 2.00e-04 | 10.28 step/s | elapsed 1.90h
step  70500/200000 | loss 0.1782 | lr 2.00e-04 | 10.28 step/s | elapsed 1.90h
step  70600/200000 | loss 0.1751 | lr 2.00e-04 | 10.28 step/s | elapsed 1.91h
step  70700/200000 | loss 0.1773 | lr 2.00e-04 | 10.29 step/s | elapsed 1.91h
step  70800/200000 | loss 0.1768 | lr 2.00e-04 | 10.29 step/s | elapsed 1.91h
step  70900/200000 | loss 0.1737 | lr 2.00e-04 | 10.29 step/s | elapsed 1.91h
step  71000/200000 | loss 0.1788 | lr 2.00e-04 | 10.29 step/s | elapsed 1.92h
step  71100/200000 | loss 0.1778 | lr 2.00e-04 | 10.29 step/s | elapsed 1.92h
step  71200/200000 | loss 0.1767 | lr 2.00e-04 | 10.30 step/s | elapsed 1.92h
step  71300/200000 | loss 0.1765 | lr 2.00e-04 | 10.30 step/s | elapsed 1.92h
step  71400/200000 | loss 0.1777 | lr 2.00e-04 | 10.30 step/s | elapsed 1.93h
step  71500/200000 | loss 0.1764 | lr 2.00e-04 | 10.30 step/s | elapsed 1.93h
step  71600/200000 | loss 0.1788 | lr 2.00e-04 | 10.30 step/s | elapsed 1.93h
step  71700/200000 | loss 0.1750 | lr 2.00e-04 | 10.31 step/s | elapsed 1.93h
step  71800/200000 | loss 0.1797 | lr 2.00e-04 | 10.31 step/s | elapsed 1.93h
step  71900/200000 | loss 0.1747 | lr 2.00e-04 | 10.31 step/s | elapsed 1.94h
step  72000/200000 | loss 0.1752 | lr 2.00e-04 | 10.31 step/s | elapsed 1.94h
step  72100/200000 | loss 0.1777 | lr 2.00e-04 | 10.31 step/s | elapsed 1.94h
step  72200/200000 | loss 0.1762 | lr 2.00e-04 | 10.32 step/s | elapsed 1.94h
step  72300/200000 | loss 0.1795 | lr 2.00e-04 | 10.32 step/s | elapsed 1.95h
step  72400/200000 | loss 0.1763 | lr 2.00e-04 | 10.32 step/s | elapsed 1.95h
step  72500/200000 | loss 0.1731 | lr 2.00e-04 | 10.32 step/s | elapsed 1.95h
step  72600/200000 | loss 0.1779 | lr 2.00e-04 | 10.33 step/s | elapsed 1.95h
step  72700/200000 | loss 0.1760 | lr 2.00e-04 | 10.33 step/s | elapsed 1.96h
step  72800/200000 | loss 0.1799 | lr 2.00e-04 | 10.33 step/s | elapsed 1.96h
step  72900/200000 | loss 0.1759 | lr 2.00e-04 | 10.33 step/s | elapsed 1.96h
step  73000/200000 | loss 0.1750 | lr 2.00e-04 | 10.33 step/s | elapsed 1.96h
step  73100/200000 | loss 0.1771 | lr 2.00e-04 | 10.34 step/s | elapsed 1.96h
step  73200/200000 | loss 0.1813 | lr 2.00e-04 | 10.34 step/s | elapsed 1.97h
step  73300/200000 | loss 0.1769 | lr 2.00e-04 | 10.34 step/s | elapsed 1.97h
step  73400/200000 | loss 0.1757 | lr 2.00e-04 | 10.34 step/s | elapsed 1.97h
step  73500/200000 | loss 0.1761 | lr 2.00e-04 | 10.34 step/s | elapsed 1.97h
step  73600/200000 | loss 0.1750 | lr 2.00e-04 | 10.35 step/s | elapsed 1.98h
step  73700/200000 | loss 0.1769 | lr 2.00e-04 | 10.35 step/s | elapsed 1.98h
step  73800/200000 | loss 0.1771 | lr 2.00e-04 | 10.35 step/s | elapsed 1.98h
step  73900/200000 | loss 0.1758 | lr 2.00e-04 | 10.36 step/s | elapsed 1.98h
step  74000/200000 | loss 0.1778 | lr 2.00e-04 | 10.36 step/s | elapsed 1.98h
step  74100/200000 | loss 0.1778 | lr 2.00e-04 | 10.36 step/s | elapsed 1.99h
step  74200/200000 | loss 0.1760 | lr 2.00e-04 | 10.37 step/s | elapsed 1.99h
step  74300/200000 | loss 0.1741 | lr 2.00e-04 | 10.37 step/s | elapsed 1.99h
step  74400/200000 | loss 0.1728 | lr 2.00e-04 | 10.37 step/s | elapsed 1.99h
step  74500/200000 | loss 0.1785 | lr 2.00e-04 | 10.37 step/s | elapsed 2.00h
step  74600/200000 | loss 0.1743 | lr 2.00e-04 | 10.37 step/s | elapsed 2.00h
step  74700/200000 | loss 0.1789 | lr 2.00e-04 | 10.38 step/s | elapsed 2.00h
step  74800/200000 | loss 0.1757 | lr 2.00e-04 | 10.38 step/s | elapsed 2.00h
step  74900/200000 | loss 0.1769 | lr 2.00e-04 | 10.38 step/s | elapsed 2.00h
step  75000/200000 | loss 0.1754 | lr 2.00e-04 | 10.39 step/s | elapsed 2.01h
step  75100/200000 | loss 0.1766 | lr 2.00e-04 | 10.39 step/s | elapsed 2.01h
step  75200/200000 | loss 0.1762 | lr 2.00e-04 | 10.39 step/s | elapsed 2.01h
step  75300/200000 | loss 0.1773 | lr 2.00e-04 | 10.39 step/s | elapsed 2.01h
step  75400/200000 | loss 0.1754 | lr 2.00e-04 | 10.39 step/s | elapsed 2.02h
step  75500/200000 | loss 0.1759 | lr 2.00e-04 | 10.40 step/s | elapsed 2.02h
step  75600/200000 | loss 0.1759 | lr 2.00e-04 | 10.40 step/s | elapsed 2.02h
step  75700/200000 | loss 0.1788 | lr 2.00e-04 | 10.40 step/s | elapsed 2.02h
step  75800/200000 | loss 0.1752 | lr 2.00e-04 | 10.40 step/s | elapsed 2.02h
step  75900/200000 | loss 0.1749 | lr 2.00e-04 | 10.40 step/s | elapsed 2.03h
step  76000/200000 | loss 0.1767 | lr 2.00e-04 | 10.41 step/s | elapsed 2.03h
step  76100/200000 | loss 0.1737 | lr 2.00e-04 | 10.41 step/s | elapsed 2.03h
step  76200/200000 | loss 0.1738 | lr 2.00e-04 | 10.41 step/s | elapsed 2.03h
step  76300/200000 | loss 0.1773 | lr 2.00e-04 | 10.41 step/s | elapsed 2.04h
step  76400/200000 | loss 0.1741 | lr 2.00e-04 | 10.41 step/s | elapsed 2.04h
step  76500/200000 | loss 0.1761 | lr 2.00e-04 | 10.42 step/s | elapsed 2.04h
step  76600/200000 | loss 0.1782 | lr 2.00e-04 | 10.42 step/s | elapsed 2.04h
step  76700/200000 | loss 0.1785 | lr 2.00e-04 | 10.42 step/s | elapsed 2.04h
step  76800/200000 | loss 0.1762 | lr 2.00e-04 | 10.42 step/s | elapsed 2.05h
step  76900/200000 | loss 0.1736 | lr 2.00e-04 | 10.43 step/s | elapsed 2.05h
step  77000/200000 | loss 0.1771 | lr 2.00e-04 | 10.43 step/s | elapsed 2.05h
step  77100/200000 | loss 0.1771 | lr 2.00e-04 | 10.43 step/s | elapsed 2.05h
step  77200/200000 | loss 0.1801 | lr 2.00e-04 | 10.43 step/s | elapsed 2.06h
step  77300/200000 | loss 0.1766 | lr 2.00e-04 | 10.43 step/s | elapsed 2.06h
step  77400/200000 | loss 0.1744 | lr 2.00e-04 | 10.43 step/s | elapsed 2.06h
step  77500/200000 | loss 0.1757 | lr 2.00e-04 | 10.44 step/s | elapsed 2.06h
step  77600/200000 | loss 0.1751 | lr 2.00e-04 | 10.44 step/s | elapsed 2.06h
step  77700/200000 | loss 0.1758 | lr 2.00e-04 | 10.44 step/s | elapsed 2.07h
step  77800/200000 | loss 0.1767 | lr 2.00e-04 | 10.44 step/s | elapsed 2.07h
step  77900/200000 | loss 0.1782 | lr 2.00e-04 | 10.45 step/s | elapsed 2.07h
step  78000/200000 | loss 0.1784 | lr 2.00e-04 | 10.45 step/s | elapsed 2.07h
step  78100/200000 | loss 0.1767 | lr 2.00e-04 | 10.45 step/s | elapsed 2.08h
step  78200/200000 | loss 0.1772 | lr 2.00e-04 | 10.45 step/s | elapsed 2.08h
step  78300/200000 | loss 0.1765 | lr 2.00e-04 | 10.45 step/s | elapsed 2.08h
step  78400/200000 | loss 0.1746 | lr 2.00e-04 | 10.46 step/s | elapsed 2.08h
step  78500/200000 | loss 0.1757 | lr 2.00e-04 | 10.46 step/s | elapsed 2.09h
step  78600/200000 | loss 0.1776 | lr 2.00e-04 | 10.46 step/s | elapsed 2.09h
step  78700/200000 | loss 0.1770 | lr 2.00e-04 | 10.46 step/s | elapsed 2.09h
step  78800/200000 | loss 0.1766 | lr 2.00e-04 | 10.46 step/s | elapsed 2.09h
step  78900/200000 | loss 0.1763 | lr 2.00e-04 | 10.47 step/s | elapsed 2.09h
step  79000/200000 | loss 0.1746 | lr 2.00e-04 | 10.47 step/s | elapsed 2.10h
step  79100/200000 | loss 0.1764 | lr 2.00e-04 | 10.47 step/s | elapsed 2.10h
step  79200/200000 | loss 0.1765 | lr 2.00e-04 | 10.47 step/s | elapsed 2.10h
step  79300/200000 | loss 0.1769 | lr 2.00e-04 | 10.48 step/s | elapsed 2.10h
step  79400/200000 | loss 0.1758 | lr 2.00e-04 | 10.48 step/s | elapsed 2.10h
step  79500/200000 | loss 0.1774 | lr 2.00e-04 | 10.48 step/s | elapsed 2.11h
step  79600/200000 | loss 0.1776 | lr 2.00e-04 | 10.48 step/s | elapsed 2.11h
step  79700/200000 | loss 0.1772 | lr 2.00e-04 | 10.48 step/s | elapsed 2.11h
step  79800/200000 | loss 0.1765 | lr 2.00e-04 | 10.49 step/s | elapsed 2.11h
step  79900/200000 | loss 0.1756 | lr 2.00e-04 | 10.49 step/s | elapsed 2.12h
step  80000/200000 | loss 0.1749 | lr 2.00e-04 | 10.49 step/s | elapsed 2.12h
saved checkpoint at step 80000
step  80100/200000 | loss 0.1773 | lr 2.00e-04 | 10.49 step/s | elapsed 2.12h
step  80200/200000 | loss 0.1734 | lr 2.00e-04 | 10.49 step/s | elapsed 2.12h
step  80300/200000 | loss 0.1758 | lr 2.00e-04 | 10.50 step/s | elapsed 2.13h
step  80400/200000 | loss 0.1768 | lr 2.00e-04 | 10.50 step/s | elapsed 2.13h
step  80500/200000 | loss 0.1762 | lr 2.00e-04 | 10.50 step/s | elapsed 2.13h
step  80600/200000 | loss 0.1775 | lr 2.00e-04 | 10.50 step/s | elapsed 2.13h
step  80700/200000 | loss 0.1756 | lr 2.00e-04 | 10.50 step/s | elapsed 2.13h
step  80800/200000 | loss 0.1761 | lr 2.00e-04 | 10.51 step/s | elapsed 2.14h
step  80900/200000 | loss 0.1756 | lr 2.00e-04 | 10.51 step/s | elapsed 2.14h
step  81000/200000 | loss 0.1765 | lr 2.00e-04 | 10.51 step/s | elapsed 2.14h
step  81100/200000 | loss 0.1741 | lr 2.00e-04 | 10.51 step/s | elapsed 2.14h
step  81200/200000 | loss 0.1781 | lr 2.00e-04 | 10.51 step/s | elapsed 2.15h
step  81300/200000 | loss 0.1765 | lr 2.00e-04 | 10.52 step/s | elapsed 2.15h
step  81400/200000 | loss 0.1739 | lr 2.00e-04 | 10.52 step/s | elapsed 2.15h
step  81500/200000 | loss 0.1757 | lr 2.00e-04 | 10.52 step/s | elapsed 2.15h
step  81600/200000 | loss 0.1766 | lr 2.00e-04 | 10.52 step/s | elapsed 2.15h
step  81700/200000 | loss 0.1787 | lr 2.00e-04 | 10.52 step/s | elapsed 2.16h
step  81800/200000 | loss 0.1769 | lr 2.00e-04 | 10.53 step/s | elapsed 2.16h
step  81900/200000 | loss 0.1762 | lr 2.00e-04 | 10.53 step/s | elapsed 2.16h
step  82000/200000 | loss 0.1779 | lr 2.00e-04 | 10.53 step/s | elapsed 2.16h
step  82100/200000 | loss 0.1753 | lr 2.00e-04 | 10.53 step/s | elapsed 2.17h
step  82200/200000 | loss 0.1751 | lr 2.00e-04 | 10.53 step/s | elapsed 2.17h
step  82300/200000 | loss 0.1767 | lr 2.00e-04 | 10.54 step/s | elapsed 2.17h
step  82400/200000 | loss 0.1742 | lr 2.00e-04 | 10.54 step/s | elapsed 2.17h
step  82500/200000 | loss 0.1755 | lr 2.00e-04 | 10.54 step/s | elapsed 2.17h
step  82600/200000 | loss 0.1765 | lr 2.00e-04 | 10.54 step/s | elapsed 2.18h
step  82700/200000 | loss 0.1754 | lr 2.00e-04 | 10.54 step/s | elapsed 2.18h
step  82800/200000 | loss 0.1753 | lr 2.00e-04 | 10.55 step/s | elapsed 2.18h
step  82900/200000 | loss 0.1753 | lr 2.00e-04 | 10.55 step/s | elapsed 2.18h
step  83000/200000 | loss 0.1770 | lr 2.00e-04 | 10.55 step/s | elapsed 2.19h
step  83100/200000 | loss 0.1749 | lr 2.00e-04 | 10.55 step/s | elapsed 2.19h
step  83200/200000 | loss 0.1748 | lr 2.00e-04 | 10.55 step/s | elapsed 2.19h
step  83300/200000 | loss 0.1757 | lr 2.00e-04 | 10.56 step/s | elapsed 2.19h
step  83400/200000 | loss 0.1761 | lr 2.00e-04 | 10.56 step/s | elapsed 2.19h
step  83500/200000 | loss 0.1737 | lr 2.00e-04 | 10.56 step/s | elapsed 2.20h
step  83600/200000 | loss 0.1766 | lr 2.00e-04 | 10.56 step/s | elapsed 2.20h
step  83700/200000 | loss 0.1749 | lr 2.00e-04 | 10.56 step/s | elapsed 2.20h
step  83800/200000 | loss 0.1774 | lr 2.00e-04 | 10.57 step/s | elapsed 2.20h
step  83900/200000 | loss 0.1769 | lr 2.00e-04 | 10.57 step/s | elapsed 2.21h
step  84000/200000 | loss 0.1785 | lr 2.00e-04 | 10.57 step/s | elapsed 2.21h
step  84100/200000 | loss 0.1742 | lr 2.00e-04 | 10.57 step/s | elapsed 2.21h
step  84200/200000 | loss 0.1759 | lr 2.00e-04 | 10.58 step/s | elapsed 2.21h
step  84300/200000 | loss 0.1751 | lr 2.00e-04 | 10.58 step/s | elapsed 2.21h
step  84400/200000 | loss 0.1788 | lr 2.00e-04 | 10.58 step/s | elapsed 2.22h
step  84500/200000 | loss 0.1732 | lr 2.00e-04 | 10.58 step/s | elapsed 2.22h
step  84600/200000 | loss 0.1782 | lr 2.00e-04 | 10.58 step/s | elapsed 2.22h
step  84700/200000 | loss 0.1749 | lr 2.00e-04 | 10.59 step/s | elapsed 2.22h
step  84800/200000 | loss 0.1763 | lr 2.00e-04 | 10.59 step/s | elapsed 2.22h
step  84900/200000 | loss 0.1755 | lr 2.00e-04 | 10.59 step/s | elapsed 2.23h
step  85000/200000 | loss 0.1762 | lr 2.00e-04 | 10.59 step/s | elapsed 2.23h
step  85100/200000 | loss 0.1746 | lr 2.00e-04 | 10.59 step/s | elapsed 2.23h
step  85200/200000 | loss 0.1745 | lr 2.00e-04 | 10.60 step/s | elapsed 2.23h
step  85300/200000 | loss 0.1772 | lr 2.00e-04 | 10.60 step/s | elapsed 2.24h
step  85400/200000 | loss 0.1726 | lr 2.00e-04 | 10.60 step/s | elapsed 2.24h
step  85500/200000 | loss 0.1760 | lr 2.00e-04 | 10.60 step/s | elapsed 2.24h
step  85600/200000 | loss 0.1765 | lr 2.00e-04 | 10.60 step/s | elapsed 2.24h
step  85700/200000 | loss 0.1780 | lr 2.00e-04 | 10.61 step/s | elapsed 2.24h
step  85800/200000 | loss 0.1754 | lr 2.00e-04 | 10.61 step/s | elapsed 2.25h
step  85900/200000 | loss 0.1757 | lr 2.00e-04 | 10.61 step/s | elapsed 2.25h
step  86000/200000 | loss 0.1748 | lr 2.00e-04 | 10.61 step/s | elapsed 2.25h
step  86100/200000 | loss 0.1747 | lr 2.00e-04 | 10.61 step/s | elapsed 2.25h
step  86200/200000 | loss 0.1761 | lr 2.00e-04 | 10.62 step/s | elapsed 2.26h
step  86300/200000 | loss 0.1747 | lr 2.00e-04 | 10.62 step/s | elapsed 2.26h
step  86400/200000 | loss 0.1760 | lr 2.00e-04 | 10.62 step/s | elapsed 2.26h
step  86500/200000 | loss 0.1755 | lr 2.00e-04 | 10.62 step/s | elapsed 2.26h
step  86600/200000 | loss 0.1736 | lr 2.00e-04 | 10.62 step/s | elapsed 2.26h
step  86700/200000 | loss 0.1751 | lr 2.00e-04 | 10.63 step/s | elapsed 2.27h
step  86800/200000 | loss 0.1775 | lr 2.00e-04 | 10.63 step/s | elapsed 2.27h
step  86900/200000 | loss 0.1746 | lr 2.00e-04 | 10.63 step/s | elapsed 2.27h
step  87000/200000 | loss 0.1754 | lr 2.00e-04 | 10.63 step/s | elapsed 2.27h
step  87100/200000 | loss 0.1780 | lr 2.00e-04 | 10.63 step/s | elapsed 2.28h
step  87200/200000 | loss 0.1762 | lr 2.00e-04 | 10.63 step/s | elapsed 2.28h
step  87300/200000 | loss 0.1757 | lr 2.00e-04 | 10.64 step/s | elapsed 2.28h
step  87400/200000 | loss 0.1764 | lr 2.00e-04 | 10.64 step/s | elapsed 2.28h
step  87500/200000 | loss 0.1768 | lr 2.00e-04 | 10.64 step/s | elapsed 2.28h
step  87600/200000 | loss 0.1765 | lr 2.00e-04 | 10.64 step/s | elapsed 2.29h
step  87700/200000 | loss 0.1762 | lr 2.00e-04 | 10.64 step/s | elapsed 2.29h
step  87800/200000 | loss 0.1733 | lr 2.00e-04 | 10.65 step/s | elapsed 2.29h
step  87900/200000 | loss 0.1770 | lr 2.00e-04 | 10.65 step/s | elapsed 2.29h
step  88000/200000 | loss 0.1754 | lr 2.00e-04 | 10.65 step/s | elapsed 2.30h
step  88100/200000 | loss 0.1748 | lr 2.00e-04 | 10.65 step/s | elapsed 2.30h
step  88200/200000 | loss 0.1761 | lr 2.00e-04 | 10.65 step/s | elapsed 2.30h
step  88300/200000 | loss 0.1769 | lr 2.00e-04 | 10.65 step/s | elapsed 2.30h
step  88400/200000 | loss 0.1742 | lr 2.00e-04 | 10.66 step/s | elapsed 2.30h
step  88500/200000 | loss 0.1754 | lr 2.00e-04 | 10.66 step/s | elapsed 2.31h
step  88600/200000 | loss 0.1774 | lr 2.00e-04 | 10.66 step/s | elapsed 2.31h
step  88700/200000 | loss 0.1732 | lr 2.00e-04 | 10.66 step/s | elapsed 2.31h
step  88800/200000 | loss 0.1770 | lr 2.00e-04 | 10.66 step/s | elapsed 2.31h
step  88900/200000 | loss 0.1764 | lr 2.00e-04 | 10.67 step/s | elapsed 2.32h
step  89000/200000 | loss 0.1733 | lr 2.00e-04 | 10.67 step/s | elapsed 2.32h
step  89100/200000 | loss 0.1752 | lr 2.00e-04 | 10.67 step/s | elapsed 2.32h
step  89200/200000 | loss 0.1764 | lr 2.00e-04 | 10.67 step/s | elapsed 2.32h
step  89300/200000 | loss 0.1769 | lr 2.00e-04 | 10.67 step/s | elapsed 2.32h
step  89400/200000 | loss 0.1760 | lr 2.00e-04 | 10.67 step/s | elapsed 2.33h
step  89500/200000 | loss 0.1747 | lr 2.00e-04 | 10.67 step/s | elapsed 2.33h
step  89600/200000 | loss 0.1736 | lr 2.00e-04 | 10.68 step/s | elapsed 2.33h
step  89700/200000 | loss 0.1752 | lr 2.00e-04 | 10.68 step/s | elapsed 2.33h
step  89800/200000 | loss 0.1748 | lr 2.00e-04 | 10.68 step/s | elapsed 2.34h
step  89900/200000 | loss 0.1750 | lr 2.00e-04 | 10.68 step/s | elapsed 2.34h
step  90000/200000 | loss 0.1746 | lr 2.00e-04 | 10.68 step/s | elapsed 2.34h
saved checkpoint at step 90000
step  90100/200000 | loss 0.1742 | lr 2.00e-04 | 10.68 step/s | elapsed 2.34h
step  90200/200000 | loss 0.1779 | lr 2.00e-04 | 10.69 step/s | elapsed 2.34h
step  90300/200000 | loss 0.1768 | lr 2.00e-04 | 10.69 step/s | elapsed 2.35h
step  90400/200000 | loss 0.1746 | lr 2.00e-04 | 10.69 step/s | elapsed 2.35h
step  90500/200000 | loss 0.1747 | lr 2.00e-04 | 10.69 step/s | elapsed 2.35h
step  90600/200000 | loss 0.1780 | lr 2.00e-04 | 10.69 step/s | elapsed 2.35h
step  90700/200000 | loss 0.1737 | lr 2.00e-04 | 10.70 step/s | elapsed 2.36h
step  90800/200000 | loss 0.1762 | lr 2.00e-04 | 10.70 step/s | elapsed 2.36h
step  90900/200000 | loss 0.1778 | lr 2.00e-04 | 10.70 step/s | elapsed 2.36h
step  91000/200000 | loss 0.1745 | lr 2.00e-04 | 10.70 step/s | elapsed 2.36h
step  91100/200000 | loss 0.1772 | lr 2.00e-04 | 10.71 step/s | elapsed 2.36h
step  91200/200000 | loss 0.1730 | lr 2.00e-04 | 10.71 step/s | elapsed 2.37h
step  91300/200000 | loss 0.1751 | lr 2.00e-04 | 10.71 step/s | elapsed 2.37h
step  91400/200000 | loss 0.1764 | lr 2.00e-04 | 10.71 step/s | elapsed 2.37h
step  91500/200000 | loss 0.1755 | lr 2.00e-04 | 10.72 step/s | elapsed 2.37h
step  91600/200000 | loss 0.1751 | lr 2.00e-04 | 10.72 step/s | elapsed 2.37h
step  91700/200000 | loss 0.1778 | lr 2.00e-04 | 10.72 step/s | elapsed 2.38h
step  91800/200000 | loss 0.1736 | lr 2.00e-04 | 10.72 step/s | elapsed 2.38h
step  91900/200000 | loss 0.1764 | lr 2.00e-04 | 10.73 step/s | elapsed 2.38h
step  92000/200000 | loss 0.1765 | lr 2.00e-04 | 10.73 step/s | elapsed 2.38h
step  92100/200000 | loss 0.1773 | lr 2.00e-04 | 10.73 step/s | elapsed 2.38h
step  92200/200000 | loss 0.1749 | lr 2.00e-04 | 10.73 step/s | elapsed 2.39h
step  92300/200000 | loss 0.1731 | lr 2.00e-04 | 10.73 step/s | elapsed 2.39h
step  92400/200000 | loss 0.1759 | lr 2.00e-04 | 10.74 step/s | elapsed 2.39h
step  92500/200000 | loss 0.1750 | lr 2.00e-04 | 10.74 step/s | elapsed 2.39h
step  92600/200000 | loss 0.1726 | lr 2.00e-04 | 10.74 step/s | elapsed 2.39h
step  92700/200000 | loss 0.1735 | lr 2.00e-04 | 10.74 step/s | elapsed 2.40h
step  92800/200000 | loss 0.1751 | lr 2.00e-04 | 10.74 step/s | elapsed 2.40h
step  92900/200000 | loss 0.1733 | lr 2.00e-04 | 10.75 step/s | elapsed 2.40h
step  93000/200000 | loss 0.1743 | lr 2.00e-04 | 10.75 step/s | elapsed 2.40h
step  93100/200000 | loss 0.1761 | lr 2.00e-04 | 10.75 step/s | elapsed 2.41h
step  93200/200000 | loss 0.1763 | lr 2.00e-04 | 10.75 step/s | elapsed 2.41h
step  93300/200000 | loss 0.1729 | lr 2.00e-04 | 10.76 step/s | elapsed 2.41h
step  93400/200000 | loss 0.1739 | lr 2.00e-04 | 10.76 step/s | elapsed 2.41h
step  93500/200000 | loss 0.1760 | lr 2.00e-04 | 10.76 step/s | elapsed 2.41h
step  93600/200000 | loss 0.1751 | lr 2.00e-04 | 10.76 step/s | elapsed 2.42h
step  93700/200000 | loss 0.1758 | lr 2.00e-04 | 10.76 step/s | elapsed 2.42h
step  93800/200000 | loss 0.1772 | lr 2.00e-04 | 10.76 step/s | elapsed 2.42h
step  93900/200000 | loss 0.1740 | lr 2.00e-04 | 10.77 step/s | elapsed 2.42h
step  94000/200000 | loss 0.1740 | lr 2.00e-04 | 10.77 step/s | elapsed 2.43h
step  94100/200000 | loss 0.1754 | lr 2.00e-04 | 10.77 step/s | elapsed 2.43h
step  94200/200000 | loss 0.1764 | lr 2.00e-04 | 10.77 step/s | elapsed 2.43h
step  94300/200000 | loss 0.1761 | lr 2.00e-04 | 10.77 step/s | elapsed 2.43h
step  94400/200000 | loss 0.1729 | lr 2.00e-04 | 10.77 step/s | elapsed 2.43h
step  94500/200000 | loss 0.1740 | lr 2.00e-04 | 10.78 step/s | elapsed 2.44h
step  94600/200000 | loss 0.1761 | lr 2.00e-04 | 10.78 step/s | elapsed 2.44h
step  94700/200000 | loss 0.1771 | lr 2.00e-04 | 10.78 step/s | elapsed 2.44h
step  94800/200000 | loss 0.1757 | lr 2.00e-04 | 10.78 step/s | elapsed 2.44h
step  94900/200000 | loss 0.1759 | lr 2.00e-04 | 10.78 step/s | elapsed 2.45h
step  95000/200000 | loss 0.1736 | lr 2.00e-04 | 10.78 step/s | elapsed 2.45h
step  95100/200000 | loss 0.1763 | lr 2.00e-04 | 10.78 step/s | elapsed 2.45h
step  95200/200000 | loss 0.1765 | lr 2.00e-04 | 10.79 step/s | elapsed 2.45h
step  95300/200000 | loss 0.1769 | lr 2.00e-04 | 10.79 step/s | elapsed 2.45h
step  95400/200000 | loss 0.1753 | lr 2.00e-04 | 10.79 step/s | elapsed 2.46h
step  95500/200000 | loss 0.1742 | lr 2.00e-04 | 10.79 step/s | elapsed 2.46h
step  95600/200000 | loss 0.1748 | lr 2.00e-04 | 10.79 step/s | elapsed 2.46h
step  95700/200000 | loss 0.1768 | lr 2.00e-04 | 10.79 step/s | elapsed 2.46h
step  95800/200000 | loss 0.1748 | lr 2.00e-04 | 10.80 step/s | elapsed 2.46h
step  95900/200000 | loss 0.1764 | lr 2.00e-04 | 10.80 step/s | elapsed 2.47h
step  96000/200000 | loss 0.1740 | lr 2.00e-04 | 10.80 step/s | elapsed 2.47h
step  96100/200000 | loss 0.1776 | lr 2.00e-04 | 10.80 step/s | elapsed 2.47h
step  96200/200000 | loss 0.1756 | lr 2.00e-04 | 10.80 step/s | elapsed 2.47h
step  96300/200000 | loss 0.1750 | lr 2.00e-04 | 10.80 step/s | elapsed 2.48h
step  96400/200000 | loss 0.1762 | lr 2.00e-04 | 10.80 step/s | elapsed 2.48h
step  96500/200000 | loss 0.1748 | lr 2.00e-04 | 10.81 step/s | elapsed 2.48h
step  96600/200000 | loss 0.1769 | lr 2.00e-04 | 10.81 step/s | elapsed 2.48h
step  96700/200000 | loss 0.1720 | lr 2.00e-04 | 10.81 step/s | elapsed 2.48h
step  96800/200000 | loss 0.1771 | lr 2.00e-04 | 10.81 step/s | elapsed 2.49h
step  96900/200000 | loss 0.1754 | lr 2.00e-04 | 10.81 step/s | elapsed 2.49h
step  97000/200000 | loss 0.1741 | lr 2.00e-04 | 10.81 step/s | elapsed 2.49h
step  97100/200000 | loss 0.1747 | lr 2.00e-04 | 10.81 step/s | elapsed 2.49h
step  97200/200000 | loss 0.1754 | lr 2.00e-04 | 10.82 step/s | elapsed 2.50h
step  97300/200000 | loss 0.1756 | lr 2.00e-04 | 10.82 step/s | elapsed 2.50h
step  97400/200000 | loss 0.1746 | lr 2.00e-04 | 10.82 step/s | elapsed 2.50h
step  97500/200000 | loss 0.1770 | lr 2.00e-04 | 10.82 step/s | elapsed 2.50h
step  97600/200000 | loss 0.1772 | lr 2.00e-04 | 10.82 step/s | elapsed 2.51h
step  97700/200000 | loss 0.1761 | lr 2.00e-04 | 10.82 step/s | elapsed 2.51h
step  97800/200000 | loss 0.1762 | lr 2.00e-04 | 10.82 step/s | elapsed 2.51h
step  97900/200000 | loss 0.1768 | lr 2.00e-04 | 10.83 step/s | elapsed 2.51h
step  98000/200000 | loss 0.1765 | lr 2.00e-04 | 10.83 step/s | elapsed 2.51h
step  98100/200000 | loss 0.1759 | lr 2.00e-04 | 10.83 step/s | elapsed 2.52h
step  98200/200000 | loss 0.1736 | lr 2.00e-04 | 10.83 step/s | elapsed 2.52h
step  98300/200000 | loss 0.1738 | lr 2.00e-04 | 10.83 step/s | elapsed 2.52h
step  98400/200000 | loss 0.1739 | lr 2.00e-04 | 10.83 step/s | elapsed 2.52h
step  98500/200000 | loss 0.1764 | lr 2.00e-04 | 10.83 step/s | elapsed 2.53h
step  98600/200000 | loss 0.1755 | lr 2.00e-04 | 10.84 step/s | elapsed 2.53h
step  98700/200000 | loss 0.1779 | lr 2.00e-04 | 10.84 step/s | elapsed 2.53h
step  98800/200000 | loss 0.1768 | lr 2.00e-04 | 10.84 step/s | elapsed 2.53h
step  98900/200000 | loss 0.1751 | lr 2.00e-04 | 10.84 step/s | elapsed 2.53h
step  99000/200000 | loss 0.1754 | lr 2.00e-04 | 10.84 step/s | elapsed 2.54h
step  99100/200000 | loss 0.1739 | lr 2.00e-04 | 10.84 step/s | elapsed 2.54h
step  99200/200000 | loss 0.1741 | lr 2.00e-04 | 10.84 step/s | elapsed 2.54h
step  99300/200000 | loss 0.1756 | lr 2.00e-04 | 10.85 step/s | elapsed 2.54h
step  99400/200000 | loss 0.1736 | lr 2.00e-04 | 10.85 step/s | elapsed 2.55h
step  99500/200000 | loss 0.1761 | lr 2.00e-04 | 10.85 step/s | elapsed 2.55h
step  99600/200000 | loss 0.1751 | lr 2.00e-04 | 10.85 step/s | elapsed 2.55h
step  99700/200000 | loss 0.1792 | lr 2.00e-04 | 10.85 step/s | elapsed 2.55h
step  99800/200000 | loss 0.1764 | lr 2.00e-04 | 10.85 step/s | elapsed 2.55h
step  99900/200000 | loss 0.1740 | lr 2.00e-04 | 10.86 step/s | elapsed 2.56h
step 100000/200000 | loss 0.1749 | lr 2.00e-04 | 10.86 step/s | elapsed 2.56h
saved checkpoint at step 100000
step 100100/200000 | loss 0.1749 | lr 2.00e-04 | 10.86 step/s | elapsed 2.56h
step 100200/200000 | loss 0.1773 | lr 2.00e-04 | 10.86 step/s | elapsed 2.56h
step 100300/200000 | loss 0.1742 | lr 2.00e-04 | 10.86 step/s | elapsed 2.57h
step 100400/200000 | loss 0.1762 | lr 2.00e-04 | 10.86 step/s | elapsed 2.57h
step 100500/200000 | loss 0.1765 | lr 2.00e-04 | 10.86 step/s | elapsed 2.57h
step 100600/200000 | loss 0.1752 | lr 2.00e-04 | 10.86 step/s | elapsed 2.57h
step 100700/200000 | loss 0.1764 | lr 2.00e-04 | 10.86 step/s | elapsed 2.57h
step 100800/200000 | loss 0.1754 | lr 2.00e-04 | 10.87 step/s | elapsed 2.58h
step 100900/200000 | loss 0.1765 | lr 2.00e-04 | 10.87 step/s | elapsed 2.58h
step 101000/200000 | loss 0.1758 | lr 2.00e-04 | 10.87 step/s | elapsed 2.58h
step 101100/200000 | loss 0.1760 | lr 2.00e-04 | 10.87 step/s | elapsed 2.58h
step 101200/200000 | loss 0.1750 | lr 2.00e-04 | 10.87 step/s | elapsed 2.59h
step 101300/200000 | loss 0.1745 | lr 2.00e-04 | 10.87 step/s | elapsed 2.59h
step 101400/200000 | loss 0.1729 | lr 2.00e-04 | 10.87 step/s | elapsed 2.59h
step 101500/200000 | loss 0.1756 | lr 2.00e-04 | 10.88 step/s | elapsed 2.59h
step 101600/200000 | loss 0.1771 | lr 2.00e-04 | 10.88 step/s | elapsed 2.59h
step 101700/200000 | loss 0.1747 | lr 2.00e-04 | 10.88 step/s | elapsed 2.60h
step 101800/200000 | loss 0.1736 | lr 2.00e-04 | 10.88 step/s | elapsed 2.60h
step 101900/200000 | loss 0.1764 | lr 2.00e-04 | 10.88 step/s | elapsed 2.60h
step 102000/200000 | loss 0.1770 | lr 2.00e-04 | 10.88 step/s | elapsed 2.60h
step 102100/200000 | loss 0.1746 | lr 2.00e-04 | 10.88 step/s | elapsed 2.61h
step 102200/200000 | loss 0.1770 | lr 2.00e-04 | 10.88 step/s | elapsed 2.61h
step 102300/200000 | loss 0.1749 | lr 2.00e-04 | 10.89 step/s | elapsed 2.61h
step 102400/200000 | loss 0.1749 | lr 2.00e-04 | 10.89 step/s | elapsed 2.61h
step 102500/200000 | loss 0.1751 | lr 2.00e-04 | 10.89 step/s | elapsed 2.61h
step 102600/200000 | loss 0.1775 | lr 2.00e-04 | 10.89 step/s | elapsed 2.62h
step 102700/200000 | loss 0.1756 | lr 2.00e-04 | 10.89 step/s | elapsed 2.62h
step 102800/200000 | loss 0.1766 | lr 2.00e-04 | 10.89 step/s | elapsed 2.62h
step 102900/200000 | loss 0.1724 | lr 2.00e-04 | 10.89 step/s | elapsed 2.62h
step 103000/200000 | loss 0.1753 | lr 2.00e-04 | 10.90 step/s | elapsed 2.63h
step 103100/200000 | loss 0.1769 | lr 2.00e-04 | 10.90 step/s | elapsed 2.63h
step 103200/200000 | loss 0.1754 | lr 2.00e-04 | 10.90 step/s | elapsed 2.63h
step 103300/200000 | loss 0.1759 | lr 2.00e-04 | 10.90 step/s | elapsed 2.63h
step 103400/200000 | loss 0.1764 | lr 1.99e-04 | 10.90 step/s | elapsed 2.63h
step 103500/200000 | loss 0.1747 | lr 1.99e-04 | 10.90 step/s | elapsed 2.64h
step 103600/200000 | loss 0.1761 | lr 1.99e-04 | 10.90 step/s | elapsed 2.64h
step 103700/200000 | loss 0.1765 | lr 1.99e-04 | 10.91 step/s | elapsed 2.64h
step 103800/200000 | loss 0.1745 | lr 1.99e-04 | 10.91 step/s | elapsed 2.64h
step 103900/200000 | loss 0.1742 | lr 1.99e-04 | 10.91 step/s | elapsed 2.65h
step 104000/200000 | loss 0.1748 | lr 1.99e-04 | 10.91 step/s | elapsed 2.65h
step 104100/200000 | loss 0.1763 | lr 1.99e-04 | 10.91 step/s | elapsed 2.65h
step 104200/200000 | loss 0.1761 | lr 1.99e-04 | 10.91 step/s | elapsed 2.65h
step 104300/200000 | loss 0.1747 | lr 1.99e-04 | 10.91 step/s | elapsed 2.65h
step 104400/200000 | loss 0.1753 | lr 1.99e-04 | 10.91 step/s | elapsed 2.66h
step 104500/200000 | loss 0.1748 | lr 1.99e-04 | 10.92 step/s | elapsed 2.66h
step 104600/200000 | loss 0.1771 | lr 1.99e-04 | 10.92 step/s | elapsed 2.66h
step 104700/200000 | loss 0.1718 | lr 1.99e-04 | 10.92 step/s | elapsed 2.66h
step 104800/200000 | loss 0.1766 | lr 1.99e-04 | 10.92 step/s | elapsed 2.67h
step 104900/200000 | loss 0.1759 | lr 1.99e-04 | 10.92 step/s | elapsed 2.67h
step 105000/200000 | loss 0.1763 | lr 1.99e-04 | 10.92 step/s | elapsed 2.67h
step 105100/200000 | loss 0.1756 | lr 1.99e-04 | 10.92 step/s | elapsed 2.67h
step 105200/200000 | loss 0.1751 | lr 1.99e-04 | 10.93 step/s | elapsed 2.67h
step 105300/200000 | loss 0.1754 | lr 1.99e-04 | 10.93 step/s | elapsed 2.68h
step 105400/200000 | loss 0.1723 | lr 1.99e-04 | 10.93 step/s | elapsed 2.68h
step 105500/200000 | loss 0.1736 | lr 1.99e-04 | 10.93 step/s | elapsed 2.68h
step 105600/200000 | loss 0.1753 | lr 1.99e-04 | 10.93 step/s | elapsed 2.68h
step 105700/200000 | loss 0.1746 | lr 1.99e-04 | 10.93 step/s | elapsed 2.69h
step 105800/200000 | loss 0.1767 | lr 1.99e-04 | 10.93 step/s | elapsed 2.69h
step 105900/200000 | loss 0.1750 | lr 1.98e-04 | 10.94 step/s | elapsed 2.69h
step 106000/200000 | loss 0.1747 | lr 1.98e-04 | 10.94 step/s | elapsed 2.69h
step 106100/200000 | loss 0.1733 | lr 1.98e-04 | 10.94 step/s | elapsed 2.69h
step 106200/200000 | loss 0.1730 | lr 1.98e-04 | 10.94 step/s | elapsed 2.70h
step 106300/200000 | loss 0.1767 | lr 1.98e-04 | 10.94 step/s | elapsed 2.70h
step 106400/200000 | loss 0.1738 | lr 1.98e-04 | 10.94 step/s | elapsed 2.70h
step 106500/200000 | loss 0.1746 | lr 1.98e-04 | 10.94 step/s | elapsed 2.70h
step 106600/200000 | loss 0.1746 | lr 1.98e-04 | 10.95 step/s | elapsed 2.71h
step 106700/200000 | loss 0.1754 | lr 1.98e-04 | 10.95 step/s | elapsed 2.71h
step 106800/200000 | loss 0.1772 | lr 1.98e-04 | 10.95 step/s | elapsed 2.71h
step 106900/200000 | loss 0.1761 | lr 1.98e-04 | 10.95 step/s | elapsed 2.71h
step 107000/200000 | loss 0.1748 | lr 1.98e-04 | 10.95 step/s | elapsed 2.71h
step 107100/200000 | loss 0.1776 | lr 1.98e-04 | 10.95 step/s | elapsed 2.72h
step 107200/200000 | loss 0.1769 | lr 1.98e-04 | 10.95 step/s | elapsed 2.72h
step 107300/200000 | loss 0.1766 | lr 1.98e-04 | 10.95 step/s | elapsed 2.72h
step 107400/200000 | loss 0.1762 | lr 1.98e-04 | 10.96 step/s | elapsed 2.72h
step 107500/200000 | loss 0.1735 | lr 1.98e-04 | 10.96 step/s | elapsed 2.73h
step 107600/200000 | loss 0.1753 | lr 1.97e-04 | 10.96 step/s | elapsed 2.73h
step 107700/200000 | loss 0.1751 | lr 1.97e-04 | 10.96 step/s | elapsed 2.73h
step 107800/200000 | loss 0.1753 | lr 1.97e-04 | 10.96 step/s | elapsed 2.73h
step 107900/200000 | loss 0.1762 | lr 1.97e-04 | 10.96 step/s | elapsed 2.73h
step 108000/200000 | loss 0.1753 | lr 1.97e-04 | 10.96 step/s | elapsed 2.74h
step 108100/200000 | loss 0.1748 | lr 1.97e-04 | 10.96 step/s | elapsed 2.74h
step 108200/200000 | loss 0.1751 | lr 1.97e-04 | 10.97 step/s | elapsed 2.74h
step 108300/200000 | loss 0.1761 | lr 1.97e-04 | 10.97 step/s | elapsed 2.74h
step 108400/200000 | loss 0.1763 | lr 1.97e-04 | 10.97 step/s | elapsed 2.75h
step 108500/200000 | loss 0.1728 | lr 1.97e-04 | 10.97 step/s | elapsed 2.75h
step 108600/200000 | loss 0.1746 | lr 1.97e-04 | 10.97 step/s | elapsed 2.75h
step 108700/200000 | loss 0.1759 | lr 1.97e-04 | 10.97 step/s | elapsed 2.75h
step 108800/200000 | loss 0.1743 | lr 1.97e-04 | 10.97 step/s | elapsed 2.75h
step 108900/200000 | loss 0.1752 | lr 1.97e-04 | 10.98 step/s | elapsed 2.76h
step 109000/200000 | loss 0.1746 | lr 1.96e-04 | 10.98 step/s | elapsed 2.76h
step 109100/200000 | loss 0.1745 | lr 1.96e-04 | 10.98 step/s | elapsed 2.76h
step 109200/200000 | loss 0.1751 | lr 1.96e-04 | 10.98 step/s | elapsed 2.76h
step 109300/200000 | loss 0.1744 | lr 1.96e-04 | 10.98 step/s | elapsed 2.77h
step 109400/200000 | loss 0.1773 | lr 1.96e-04 | 10.98 step/s | elapsed 2.77h
step 109500/200000 | loss 0.1747 | lr 1.96e-04 | 10.98 step/s | elapsed 2.77h
step 109600/200000 | loss 0.1746 | lr 1.96e-04 | 10.98 step/s | elapsed 2.77h
step 109700/200000 | loss 0.1747 | lr 1.96e-04 | 10.99 step/s | elapsed 2.77h
step 109800/200000 | loss 0.1742 | lr 1.96e-04 | 10.99 step/s | elapsed 2.78h
step 109900/200000 | loss 0.1741 | lr 1.96e-04 | 10.99 step/s | elapsed 2.78h
step 110000/200000 | loss 0.1760 | lr 1.96e-04 | 10.99 step/s | elapsed 2.78h
saved checkpoint at step 110000
step 110100/200000 | loss 0.1750 | lr 1.96e-04 | 10.99 step/s | elapsed 2.78h
step 110200/200000 | loss 0.1736 | lr 1.95e-04 | 10.99 step/s | elapsed 2.79h
step 110300/200000 | loss 0.1763 | lr 1.95e-04 | 10.99 step/s | elapsed 2.79h
step 110400/200000 | loss 0.1732 | lr 1.95e-04 | 10.99 step/s | elapsed 2.79h
step 110500/200000 | loss 0.1734 | lr 1.95e-04 | 10.99 step/s | elapsed 2.79h
step 110600/200000 | loss 0.1759 | lr 1.95e-04 | 10.99 step/s | elapsed 2.79h
step 110700/200000 | loss 0.1755 | lr 1.95e-04 | 11.00 step/s | elapsed 2.80h
step 110800/200000 | loss 0.1747 | lr 1.95e-04 | 11.00 step/s | elapsed 2.80h
step 110900/200000 | loss 0.1758 | lr 1.95e-04 | 11.00 step/s | elapsed 2.80h
step 111000/200000 | loss 0.1744 | lr 1.95e-04 | 11.00 step/s | elapsed 2.80h
step 111100/200000 | loss 0.1747 | lr 1.95e-04 | 11.00 step/s | elapsed 2.81h
step 111200/200000 | loss 0.1742 | lr 1.94e-04 | 11.00 step/s | elapsed 2.81h
step 111300/200000 | loss 0.1747 | lr 1.94e-04 | 11.00 step/s | elapsed 2.81h
step 111400/200000 | loss 0.1763 | lr 1.94e-04 | 11.00 step/s | elapsed 2.81h
step 111500/200000 | loss 0.1756 | lr 1.94e-04 | 11.01 step/s | elapsed 2.81h
step 111600/200000 | loss 0.1737 | lr 1.94e-04 | 11.01 step/s | elapsed 2.82h
step 111700/200000 | loss 0.1761 | lr 1.94e-04 | 11.01 step/s | elapsed 2.82h
step 111800/200000 | loss 0.1755 | lr 1.94e-04 | 11.01 step/s | elapsed 2.82h
step 111900/200000 | loss 0.1763 | lr 1.94e-04 | 11.01 step/s | elapsed 2.82h
step 112000/200000 | loss 0.1755 | lr 1.94e-04 | 11.01 step/s | elapsed 2.83h
step 112100/200000 | loss 0.1779 | lr 1.94e-04 | 11.01 step/s | elapsed 2.83h
step 112200/200000 | loss 0.1749 | lr 1.93e-04 | 11.01 step/s | elapsed 2.83h
step 112300/200000 | loss 0.1762 | lr 1.93e-04 | 11.02 step/s | elapsed 2.83h
step 112400/200000 | loss 0.1738 | lr 1.93e-04 | 11.02 step/s | elapsed 2.83h
step 112500/200000 | loss 0.1713 | lr 1.93e-04 | 11.02 step/s | elapsed 2.84h
step 112600/200000 | loss 0.1751 | lr 1.93e-04 | 11.02 step/s | elapsed 2.84h
step 112700/200000 | loss 0.1770 | lr 1.93e-04 | 11.02 step/s | elapsed 2.84h
step 112800/200000 | loss 0.1775 | lr 1.93e-04 | 11.02 step/s | elapsed 2.84h
step 112900/200000 | loss 0.1784 | lr 1.93e-04 | 11.02 step/s | elapsed 2.85h
step 113000/200000 | loss 0.1714 | lr 1.93e-04 | 11.02 step/s | elapsed 2.85h
step 113100/200000 | loss 0.1738 | lr 1.92e-04 | 11.02 step/s | elapsed 2.85h
step 113200/200000 | loss 0.1734 | lr 1.92e-04 | 11.03 step/s | elapsed 2.85h
step 113300/200000 | loss 0.1733 | lr 1.92e-04 | 11.03 step/s | elapsed 2.85h
step 113400/200000 | loss 0.1755 | lr 1.92e-04 | 11.03 step/s | elapsed 2.86h
step 113500/200000 | loss 0.1762 | lr 1.92e-04 | 11.03 step/s | elapsed 2.86h
step 113600/200000 | loss 0.1750 | lr 1.92e-04 | 11.03 step/s | elapsed 2.86h
step 113700/200000 | loss 0.1725 | lr 1.92e-04 | 11.03 step/s | elapsed 2.86h
step 113800/200000 | loss 0.1732 | lr 1.92e-04 | 11.03 step/s | elapsed 2.87h
step 113900/200000 | loss 0.1753 | lr 1.92e-04 | 11.03 step/s | elapsed 2.87h
step 114000/200000 | loss 0.1769 | lr 1.91e-04 | 11.04 step/s | elapsed 2.87h
step 114100/200000 | loss 0.1749 | lr 1.91e-04 | 11.04 step/s | elapsed 2.87h
step 114200/200000 | loss 0.1738 | lr 1.91e-04 | 11.04 step/s | elapsed 2.87h
step 114300/200000 | loss 0.1758 | lr 1.91e-04 | 11.04 step/s | elapsed 2.88h
step 114400/200000 | loss 0.1753 | lr 1.91e-04 | 11.04 step/s | elapsed 2.88h
step 114500/200000 | loss 0.1747 | lr 1.91e-04 | 11.04 step/s | elapsed 2.88h
step 114600/200000 | loss 0.1727 | lr 1.91e-04 | 11.04 step/s | elapsed 2.88h
step 114700/200000 | loss 0.1763 | lr 1.91e-04 | 11.04 step/s | elapsed 2.88h
step 114800/200000 | loss 0.1751 | lr 1.90e-04 | 11.05 step/s | elapsed 2.89h
step 114900/200000 | loss 0.1719 | lr 1.90e-04 | 11.05 step/s | elapsed 2.89h
step 115000/200000 | loss 0.1725 | lr 1.90e-04 | 11.05 step/s | elapsed 2.89h
step 115100/200000 | loss 0.1775 | lr 1.90e-04 | 11.05 step/s | elapsed 2.89h
step 115200/200000 | loss 0.1763 | lr 1.90e-04 | 11.05 step/s | elapsed 2.90h
step 115300/200000 | loss 0.1766 | lr 1.90e-04 | 11.05 step/s | elapsed 2.90h
step 115400/200000 | loss 0.1737 | lr 1.90e-04 | 11.05 step/s | elapsed 2.90h
step 115500/200000 | loss 0.1744 | lr 1.90e-04 | 11.05 step/s | elapsed 2.90h
step 115600/200000 | loss 0.1739 | lr 1.89e-04 | 11.06 step/s | elapsed 2.90h
step 115700/200000 | loss 0.1736 | lr 1.89e-04 | 11.06 step/s | elapsed 2.91h
step 115800/200000 | loss 0.1756 | lr 1.89e-04 | 11.06 step/s | elapsed 2.91h
step 115900/200000 | loss 0.1725 | lr 1.89e-04 | 11.06 step/s | elapsed 2.91h
step 116000/200000 | loss 0.1748 | lr 1.89e-04 | 11.06 step/s | elapsed 2.91h
step 116100/200000 | loss 0.1753 | lr 1.89e-04 | 11.06 step/s | elapsed 2.92h
step 116200/200000 | loss 0.1757 | lr 1.89e-04 | 11.06 step/s | elapsed 2.92h
step 116300/200000 | loss 0.1748 | lr 1.88e-04 | 11.06 step/s | elapsed 2.92h
step 116400/200000 | loss 0.1747 | lr 1.88e-04 | 11.06 step/s | elapsed 2.92h
step 116500/200000 | loss 0.1746 | lr 1.88e-04 | 11.07 step/s | elapsed 2.92h
step 116600/200000 | loss 0.1730 | lr 1.88e-04 | 11.07 step/s | elapsed 2.93h
step 116700/200000 | loss 0.1740 | lr 1.88e-04 | 11.07 step/s | elapsed 2.93h
step 116800/200000 | loss 0.1753 | lr 1.88e-04 | 11.07 step/s | elapsed 2.93h
step 116900/200000 | loss 0.1756 | lr 1.88e-04 | 11.07 step/s | elapsed 2.93h
step 117000/200000 | loss 0.1742 | lr 1.87e-04 | 11.07 step/s | elapsed 2.94h
step 117100/200000 | loss 0.1747 | lr 1.87e-04 | 11.07 step/s | elapsed 2.94h
step 117200/200000 | loss 0.1738 | lr 1.87e-04 | 11.07 step/s | elapsed 2.94h
step 117300/200000 | loss 0.1754 | lr 1.87e-04 | 11.08 step/s | elapsed 2.94h
step 117400/200000 | loss 0.1735 | lr 1.87e-04 | 11.08 step/s | elapsed 2.94h
step 117500/200000 | loss 0.1730 | lr 1.87e-04 | 11.08 step/s | elapsed 2.95h
step 117600/200000 | loss 0.1735 | lr 1.87e-04 | 11.08 step/s | elapsed 2.95h
step 117700/200000 | loss 0.1749 | lr 1.86e-04 | 11.08 step/s | elapsed 2.95h
step 117800/200000 | loss 0.1758 | lr 1.86e-04 | 11.08 step/s | elapsed 2.95h
step 117900/200000 | loss 0.1736 | lr 1.86e-04 | 11.08 step/s | elapsed 2.95h
step 118000/200000 | loss 0.1752 | lr 1.86e-04 | 11.08 step/s | elapsed 2.96h
step 118100/200000 | loss 0.1755 | lr 1.86e-04 | 11.09 step/s | elapsed 2.96h
step 118200/200000 | loss 0.1750 | lr 1.86e-04 | 11.09 step/s | elapsed 2.96h
step 118300/200000 | loss 0.1724 | lr 1.86e-04 | 11.09 step/s | elapsed 2.96h
step 118400/200000 | loss 0.1728 | lr 1.85e-04 | 11.09 step/s | elapsed 2.97h
step 118500/200000 | loss 0.1730 | lr 1.85e-04 | 11.09 step/s | elapsed 2.97h
step 118600/200000 | loss 0.1763 | lr 1.85e-04 | 11.09 step/s | elapsed 2.97h
step 118700/200000 | loss 0.1753 | lr 1.85e-04 | 11.09 step/s | elapsed 2.97h
step 118800/200000 | loss 0.1743 | lr 1.85e-04 | 11.09 step/s | elapsed 2.97h
step 118900/200000 | loss 0.1747 | lr 1.85e-04 | 11.09 step/s | elapsed 2.98h
step 119000/200000 | loss 0.1751 | lr 1.84e-04 | 11.10 step/s | elapsed 2.98h
step 119100/200000 | loss 0.1737 | lr 1.84e-04 | 11.10 step/s | elapsed 2.98h
step 119200/200000 | loss 0.1741 | lr 1.84e-04 | 11.10 step/s | elapsed 2.98h
step 119300/200000 | loss 0.1736 | lr 1.84e-04 | 11.10 step/s | elapsed 2.99h
step 119400/200000 | loss 0.1735 | lr 1.84e-04 | 11.10 step/s | elapsed 2.99h
step 119500/200000 | loss 0.1785 | lr 1.84e-04 | 11.10 step/s | elapsed 2.99h
step 119600/200000 | loss 0.1747 | lr 1.83e-04 | 11.10 step/s | elapsed 2.99h
step 119700/200000 | loss 0.1745 | lr 1.83e-04 | 11.10 step/s | elapsed 2.99h
step 119800/200000 | loss 0.1773 | lr 1.83e-04 | 11.10 step/s | elapsed 3.00h
step 119900/200000 | loss 0.1732 | lr 1.83e-04 | 11.11 step/s | elapsed 3.00h
step 120000/200000 | loss 0.1755 | lr 1.83e-04 | 11.11 step/s | elapsed 3.00h
saved checkpoint at step 120000
step 120100/200000 | loss 0.1753 | lr 1.83e-04 | 11.11 step/s | elapsed 3.00h
step 120200/200000 | loss 0.1763 | lr 1.82e-04 | 11.11 step/s | elapsed 3.01h
step 120300/200000 | loss 0.1736 | lr 1.82e-04 | 11.11 step/s | elapsed 3.01h
step 120400/200000 | loss 0.1733 | lr 1.82e-04 | 11.11 step/s | elapsed 3.01h
step 120500/200000 | loss 0.1758 | lr 1.82e-04 | 11.11 step/s | elapsed 3.01h
step 120600/200000 | loss 0.1739 | lr 1.82e-04 | 11.11 step/s | elapsed 3.01h
step 120700/200000 | loss 0.1757 | lr 1.82e-04 | 11.11 step/s | elapsed 3.02h
step 120800/200000 | loss 0.1742 | lr 1.81e-04 | 11.11 step/s | elapsed 3.02h
step 120900/200000 | loss 0.1761 | lr 1.81e-04 | 11.11 step/s | elapsed 3.02h
step 121000/200000 | loss 0.1744 | lr 1.81e-04 | 11.12 step/s | elapsed 3.02h
step 121100/200000 | loss 0.1738 | lr 1.81e-04 | 11.12 step/s | elapsed 3.03h
step 121200/200000 | loss 0.1743 | lr 1.81e-04 | 11.12 step/s | elapsed 3.03h
step 121300/200000 | loss 0.1740 | lr 1.81e-04 | 11.12 step/s | elapsed 3.03h
step 121400/200000 | loss 0.1733 | lr 1.80e-04 | 11.12 step/s | elapsed 3.03h
step 121500/200000 | loss 0.1766 | lr 1.80e-04 | 11.12 step/s | elapsed 3.03h
step 121600/200000 | loss 0.1724 | lr 1.80e-04 | 11.12 step/s | elapsed 3.04h
step 121700/200000 | loss 0.1761 | lr 1.80e-04 | 11.12 step/s | elapsed 3.04h
step 121800/200000 | loss 0.1720 | lr 1.80e-04 | 11.12 step/s | elapsed 3.04h
step 121900/200000 | loss 0.1746 | lr 1.80e-04 | 11.12 step/s | elapsed 3.04h
step 122000/200000 | loss 0.1766 | lr 1.79e-04 | 11.13 step/s | elapsed 3.05h
step 122100/200000 | loss 0.1720 | lr 1.79e-04 | 11.13 step/s | elapsed 3.05h
step 122200/200000 | loss 0.1761 | lr 1.79e-04 | 11.13 step/s | elapsed 3.05h
step 122300/200000 | loss 0.1709 | lr 1.79e-04 | 11.13 step/s | elapsed 3.05h
step 122400/200000 | loss 0.1734 | lr 1.79e-04 | 11.13 step/s | elapsed 3.05h
step 122500/200000 | loss 0.1759 | lr 1.78e-04 | 11.13 step/s | elapsed 3.06h
step 122600/200000 | loss 0.1746 | lr 1.78e-04 | 11.13 step/s | elapsed 3.06h
step 122700/200000 | loss 0.1759 | lr 1.78e-04 | 11.13 step/s | elapsed 3.06h
step 122800/200000 | loss 0.1746 | lr 1.78e-04 | 11.13 step/s | elapsed 3.06h
step 122900/200000 | loss 0.1765 | lr 1.78e-04 | 11.14 step/s | elapsed 3.07h
step 123000/200000 | loss 0.1722 | lr 1.78e-04 | 11.14 step/s | elapsed 3.07h
step 123100/200000 | loss 0.1759 | lr 1.77e-04 | 11.14 step/s | elapsed 3.07h
step 123200/200000 | loss 0.1757 | lr 1.77e-04 | 11.14 step/s | elapsed 3.07h
step 123300/200000 | loss 0.1749 | lr 1.77e-04 | 11.14 step/s | elapsed 3.07h
step 123400/200000 | loss 0.1736 | lr 1.77e-04 | 11.14 step/s | elapsed 3.08h
step 123500/200000 | loss 0.1751 | lr 1.77e-04 | 11.14 step/s | elapsed 3.08h
step 123600/200000 | loss 0.1727 | lr 1.76e-04 | 11.14 step/s | elapsed 3.08h
step 123700/200000 | loss 0.1758 | lr 1.76e-04 | 11.14 step/s | elapsed 3.08h
step 123800/200000 | loss 0.1730 | lr 1.76e-04 | 11.14 step/s | elapsed 3.09h
step 123900/200000 | loss 0.1730 | lr 1.76e-04 | 11.15 step/s | elapsed 3.09h
step 124000/200000 | loss 0.1750 | lr 1.76e-04 | 11.15 step/s | elapsed 3.09h
step 124100/200000 | loss 0.1781 | lr 1.75e-04 | 11.15 step/s | elapsed 3.09h
step 124200/200000 | loss 0.1708 | lr 1.75e-04 | 11.15 step/s | elapsed 3.09h
step 124300/200000 | loss 0.1742 | lr 1.75e-04 | 11.15 step/s | elapsed 3.10h
step 124400/200000 | loss 0.1751 | lr 1.75e-04 | 11.15 step/s | elapsed 3.10h
step 124500/200000 | loss 0.1758 | lr 1.75e-04 | 11.15 step/s | elapsed 3.10h
step 124600/200000 | loss 0.1758 | lr 1.74e-04 | 11.15 step/s | elapsed 3.10h
step 124700/200000 | loss 0.1743 | lr 1.74e-04 | 11.15 step/s | elapsed 3.11h
step 124800/200000 | loss 0.1750 | lr 1.74e-04 | 11.15 step/s | elapsed 3.11h
step 124900/200000 | loss 0.1773 | lr 1.74e-04 | 11.16 step/s | elapsed 3.11h
step 125000/200000 | loss 0.1755 | lr 1.74e-04 | 11.16 step/s | elapsed 3.11h
step 125100/200000 | loss 0.1732 | lr 1.73e-04 | 11.16 step/s | elapsed 3.11h
step 125200/200000 | loss 0.1726 | lr 1.73e-04 | 11.16 step/s | elapsed 3.12h
step 125300/200000 | loss 0.1771 | lr 1.73e-04 | 11.16 step/s | elapsed 3.12h
step 125400/200000 | loss 0.1752 | lr 1.73e-04 | 11.16 step/s | elapsed 3.12h
step 125500/200000 | loss 0.1727 | lr 1.73e-04 | 11.16 step/s | elapsed 3.12h
step 125600/200000 | loss 0.1767 | lr 1.72e-04 | 11.16 step/s | elapsed 3.13h
step 125700/200000 | loss 0.1729 | lr 1.72e-04 | 11.16 step/s | elapsed 3.13h
step 125800/200000 | loss 0.1736 | lr 1.72e-04 | 11.16 step/s | elapsed 3.13h
step 125900/200000 | loss 0.1737 | lr 1.72e-04 | 11.17 step/s | elapsed 3.13h
step 126000/200000 | loss 0.1753 | lr 1.72e-04 | 11.17 step/s | elapsed 3.13h
step 126100/200000 | loss 0.1766 | lr 1.71e-04 | 11.17 step/s | elapsed 3.14h
step 126200/200000 | loss 0.1746 | lr 1.71e-04 | 11.17 step/s | elapsed 3.14h
step 126300/200000 | loss 0.1751 | lr 1.71e-04 | 11.17 step/s | elapsed 3.14h
step 126400/200000 | loss 0.1740 | lr 1.71e-04 | 11.17 step/s | elapsed 3.14h
step 126500/200000 | loss 0.1736 | lr 1.71e-04 | 11.17 step/s | elapsed 3.15h
step 126600/200000 | loss 0.1753 | lr 1.70e-04 | 11.17 step/s | elapsed 3.15h
step 126700/200000 | loss 0.1747 | lr 1.70e-04 | 11.17 step/s | elapsed 3.15h
step 126800/200000 | loss 0.1745 | lr 1.70e-04 | 11.18 step/s | elapsed 3.15h
step 126900/200000 | loss 0.1734 | lr 1.70e-04 | 11.18 step/s | elapsed 3.15h
step 127000/200000 | loss 0.1744 | lr 1.70e-04 | 11.18 step/s | elapsed 3.16h
step 127100/200000 | loss 0.1763 | lr 1.69e-04 | 11.18 step/s | elapsed 3.16h
step 127200/200000 | loss 0.1749 | lr 1.69e-04 | 11.18 step/s | elapsed 3.16h
step 127300/200000 | loss 0.1733 | lr 1.69e-04 | 11.18 step/s | elapsed 3.16h
step 127400/200000 | loss 0.1733 | lr 1.69e-04 | 11.18 step/s | elapsed 3.16h
step 127500/200000 | loss 0.1742 | lr 1.68e-04 | 11.18 step/s | elapsed 3.17h
step 127600/200000 | loss 0.1716 | lr 1.68e-04 | 11.18 step/s | elapsed 3.17h
step 127700/200000 | loss 0.1749 | lr 1.68e-04 | 11.18 step/s | elapsed 3.17h
step 127800/200000 | loss 0.1733 | lr 1.68e-04 | 11.19 step/s | elapsed 3.17h
step 127900/200000 | loss 0.1753 | lr 1.68e-04 | 11.19 step/s | elapsed 3.18h
step 128000/200000 | loss 0.1756 | lr 1.67e-04 | 11.19 step/s | elapsed 3.18h
step 128100/200000 | loss 0.1760 | lr 1.67e-04 | 11.19 step/s | elapsed 3.18h
step 128200/200000 | loss 0.1749 | lr 1.67e-04 | 11.19 step/s | elapsed 3.18h
step 128300/200000 | loss 0.1775 | lr 1.67e-04 | 11.19 step/s | elapsed 3.18h
step 128400/200000 | loss 0.1760 | lr 1.66e-04 | 11.19 step/s | elapsed 3.19h
step 128500/200000 | loss 0.1748 | lr 1.66e-04 | 11.19 step/s | elapsed 3.19h
step 128600/200000 | loss 0.1752 | lr 1.66e-04 | 11.19 step/s | elapsed 3.19h
step 128700/200000 | loss 0.1773 | lr 1.66e-04 | 11.19 step/s | elapsed 3.19h
step 128800/200000 | loss 0.1750 | lr 1.66e-04 | 11.20 step/s | elapsed 3.20h
step 128900/200000 | loss 0.1744 | lr 1.65e-04 | 11.20 step/s | elapsed 3.20h
step 129000/200000 | loss 0.1726 | lr 1.65e-04 | 11.20 step/s | elapsed 3.20h
step 129100/200000 | loss 0.1730 | lr 1.65e-04 | 11.20 step/s | elapsed 3.20h
step 129200/200000 | loss 0.1744 | lr 1.65e-04 | 11.20 step/s | elapsed 3.20h
step 129300/200000 | loss 0.1746 | lr 1.64e-04 | 11.20 step/s | elapsed 3.21h
step 129400/200000 | loss 0.1731 | lr 1.64e-04 | 11.20 step/s | elapsed 3.21h
step 129500/200000 | loss 0.1747 | lr 1.64e-04 | 11.20 step/s | elapsed 3.21h
step 129600/200000 | loss 0.1764 | lr 1.64e-04 | 11.20 step/s | elapsed 3.21h
step 129700/200000 | loss 0.1735 | lr 1.64e-04 | 11.20 step/s | elapsed 3.22h
step 129800/200000 | loss 0.1768 | lr 1.63e-04 | 11.20 step/s | elapsed 3.22h
step 129900/200000 | loss 0.1753 | lr 1.63e-04 | 11.20 step/s | elapsed 3.22h
step 130000/200000 | loss 0.1737 | lr 1.63e-04 | 11.21 step/s | elapsed 3.22h
saved checkpoint at step 130000
step 130100/200000 | loss 0.1731 | lr 1.63e-04 | 11.20 step/s | elapsed 3.23h
step 130200/200000 | loss 0.1763 | lr 1.62e-04 | 11.21 step/s | elapsed 3.23h
step 130300/200000 | loss 0.1734 | lr 1.62e-04 | 11.21 step/s | elapsed 3.23h
step 130400/200000 | loss 0.1749 | lr 1.62e-04 | 11.21 step/s | elapsed 3.23h
step 130500/200000 | loss 0.1773 | lr 1.62e-04 | 11.21 step/s | elapsed 3.23h
step 130600/200000 | loss 0.1773 | lr 1.62e-04 | 11.21 step/s | elapsed 3.24h
step 130700/200000 | loss 0.1738 | lr 1.61e-04 | 11.21 step/s | elapsed 3.24h
step 130800/200000 | loss 0.1756 | lr 1.61e-04 | 11.21 step/s | elapsed 3.24h
step 130900/200000 | loss 0.1727 | lr 1.61e-04 | 11.21 step/s | elapsed 3.24h
step 131000/200000 | loss 0.1756 | lr 1.61e-04 | 11.21 step/s | elapsed 3.25h
step 131100/200000 | loss 0.1750 | lr 1.60e-04 | 11.21 step/s | elapsed 3.25h
step 131200/200000 | loss 0.1763 | lr 1.60e-04 | 11.21 step/s | elapsed 3.25h
step 131300/200000 | loss 0.1758 | lr 1.60e-04 | 11.22 step/s | elapsed 3.25h
step 131400/200000 | loss 0.1747 | lr 1.60e-04 | 11.22 step/s | elapsed 3.25h
step 131500/200000 | loss 0.1725 | lr 1.59e-04 | 11.22 step/s | elapsed 3.26h
step 131600/200000 | loss 0.1753 | lr 1.59e-04 | 11.22 step/s | elapsed 3.26h
step 131700/200000 | loss 0.1722 | lr 1.59e-04 | 11.22 step/s | elapsed 3.26h
step 131800/200000 | loss 0.1747 | lr 1.59e-04 | 11.22 step/s | elapsed 3.26h
step 131900/200000 | loss 0.1735 | lr 1.58e-04 | 11.22 step/s | elapsed 3.27h
step 132000/200000 | loss 0.1737 | lr 1.58e-04 | 11.22 step/s | elapsed 3.27h
step 132100/200000 | loss 0.1744 | lr 1.58e-04 | 11.22 step/s | elapsed 3.27h
step 132200/200000 | loss 0.1740 | lr 1.58e-04 | 11.22 step/s | elapsed 3.27h
step 132300/200000 | loss 0.1737 | lr 1.58e-04 | 11.22 step/s | elapsed 3.27h
step 132400/200000 | loss 0.1746 | lr 1.57e-04 | 11.23 step/s | elapsed 3.28h
step 132500/200000 | loss 0.1737 | lr 1.57e-04 | 11.23 step/s | elapsed 3.28h
step 132600/200000 | loss 0.1744 | lr 1.57e-04 | 11.23 step/s | elapsed 3.28h
step 132700/200000 | loss 0.1756 | lr 1.57e-04 | 11.23 step/s | elapsed 3.28h
step 132800/200000 | loss 0.1768 | lr 1.56e-04 | 11.23 step/s | elapsed 3.28h
step 132900/200000 | loss 0.1739 | lr 1.56e-04 | 11.23 step/s | elapsed 3.29h
step 133000/200000 | loss 0.1757 | lr 1.56e-04 | 11.23 step/s | elapsed 3.29h
step 133100/200000 | loss 0.1732 | lr 1.56e-04 | 11.23 step/s | elapsed 3.29h
step 133200/200000 | loss 0.1727 | lr 1.55e-04 | 11.23 step/s | elapsed 3.29h
step 133300/200000 | loss 0.1737 | lr 1.55e-04 | 11.23 step/s | elapsed 3.30h
step 133400/200000 | loss 0.1765 | lr 1.55e-04 | 11.24 step/s | elapsed 3.30h
step 133500/200000 | loss 0.1742 | lr 1.55e-04 | 11.24 step/s | elapsed 3.30h
step 133600/200000 | loss 0.1748 | lr 1.54e-04 | 11.24 step/s | elapsed 3.30h
step 133700/200000 | loss 0.1763 | lr 1.54e-04 | 11.24 step/s | elapsed 3.30h
step 133800/200000 | loss 0.1725 | lr 1.54e-04 | 11.24 step/s | elapsed 3.31h
step 133900/200000 | loss 0.1741 | lr 1.54e-04 | 11.24 step/s | elapsed 3.31h
step 134000/200000 | loss 0.1762 | lr 1.53e-04 | 11.24 step/s | elapsed 3.31h
step 134100/200000 | loss 0.1763 | lr 1.53e-04 | 11.24 step/s | elapsed 3.31h
step 134200/200000 | loss 0.1738 | lr 1.53e-04 | 11.24 step/s | elapsed 3.32h
step 134300/200000 | loss 0.1738 | lr 1.53e-04 | 11.24 step/s | elapsed 3.32h
step 134400/200000 | loss 0.1745 | lr 1.52e-04 | 11.25 step/s | elapsed 3.32h
step 134500/200000 | loss 0.1704 | lr 1.52e-04 | 11.25 step/s | elapsed 3.32h
step 134600/200000 | loss 0.1727 | lr 1.52e-04 | 11.25 step/s | elapsed 3.32h
step 134700/200000 | loss 0.1744 | lr 1.52e-04 | 11.25 step/s | elapsed 3.33h
step 134800/200000 | loss 0.1749 | lr 1.51e-04 | 11.25 step/s | elapsed 3.33h
step 134900/200000 | loss 0.1740 | lr 1.51e-04 | 11.25 step/s | elapsed 3.33h
step 135000/200000 | loss 0.1741 | lr 1.51e-04 | 11.25 step/s | elapsed 3.33h
step 135100/200000 | loss 0.1754 | lr 1.51e-04 | 11.25 step/s | elapsed 3.33h
step 135200/200000 | loss 0.1728 | lr 1.50e-04 | 11.25 step/s | elapsed 3.34h
step 135300/200000 | loss 0.1749 | lr 1.50e-04 | 11.26 step/s | elapsed 3.34h
step 135400/200000 | loss 0.1736 | lr 1.50e-04 | 11.26 step/s | elapsed 3.34h
step 135500/200000 | loss 0.1740 | lr 1.50e-04 | 11.26 step/s | elapsed 3.34h
step 135600/200000 | loss 0.1739 | lr 1.49e-04 | 11.26 step/s | elapsed 3.35h
step 135700/200000 | loss 0.1788 | lr 1.49e-04 | 11.26 step/s | elapsed 3.35h
step 135800/200000 | loss 0.1748 | lr 1.49e-04 | 11.26 step/s | elapsed 3.35h
step 135900/200000 | loss 0.1725 | lr 1.49e-04 | 11.26 step/s | elapsed 3.35h
step 136000/200000 | loss 0.1729 | lr 1.48e-04 | 11.26 step/s | elapsed 3.35h
step 136100/200000 | loss 0.1757 | lr 1.48e-04 | 11.26 step/s | elapsed 3.36h
step 136200/200000 | loss 0.1735 | lr 1.48e-04 | 11.26 step/s | elapsed 3.36h
step 136300/200000 | loss 0.1732 | lr 1.48e-04 | 11.27 step/s | elapsed 3.36h
step 136400/200000 | loss 0.1728 | lr 1.47e-04 | 11.27 step/s | elapsed 3.36h
step 136500/200000 | loss 0.1753 | lr 1.47e-04 | 11.27 step/s | elapsed 3.36h
step 136600/200000 | loss 0.1734 | lr 1.47e-04 | 11.27 step/s | elapsed 3.37h
step 136700/200000 | loss 0.1754 | lr 1.47e-04 | 11.27 step/s | elapsed 3.37h
step 136800/200000 | loss 0.1724 | lr 1.46e-04 | 11.27 step/s | elapsed 3.37h
step 136900/200000 | loss 0.1720 | lr 1.46e-04 | 11.27 step/s | elapsed 3.37h
step 137000/200000 | loss 0.1727 | lr 1.46e-04 | 11.27 step/s | elapsed 3.38h
step 137100/200000 | loss 0.1770 | lr 1.45e-04 | 11.27 step/s | elapsed 3.38h
step 137200/200000 | loss 0.1745 | lr 1.45e-04 | 11.27 step/s | elapsed 3.38h
step 137300/200000 | loss 0.1740 | lr 1.45e-04 | 11.28 step/s | elapsed 3.38h
step 137400/200000 | loss 0.1750 | lr 1.45e-04 | 11.28 step/s | elapsed 3.38h
step 137500/200000 | loss 0.1729 | lr 1.44e-04 | 11.28 step/s | elapsed 3.39h
step 137600/200000 | loss 0.1752 | lr 1.44e-04 | 11.28 step/s | elapsed 3.39h
step 137700/200000 | loss 0.1734 | lr 1.44e-04 | 11.28 step/s | elapsed 3.39h
step 137800/200000 | loss 0.1724 | lr 1.44e-04 | 11.28 step/s | elapsed 3.39h
step 137900/200000 | loss 0.1729 | lr 1.43e-04 | 11.28 step/s | elapsed 3.40h
step 138000/200000 | loss 0.1751 | lr 1.43e-04 | 11.28 step/s | elapsed 3.40h
step 138100/200000 | loss 0.1735 | lr 1.43e-04 | 11.28 step/s | elapsed 3.40h
step 138200/200000 | loss 0.1750 | lr 1.43e-04 | 11.28 step/s | elapsed 3.40h
step 138300/200000 | loss 0.1741 | lr 1.42e-04 | 11.28 step/s | elapsed 3.40h
step 138400/200000 | loss 0.1747 | lr 1.42e-04 | 11.29 step/s | elapsed 3.41h
step 138500/200000 | loss 0.1755 | lr 1.42e-04 | 11.29 step/s | elapsed 3.41h
step 138600/200000 | loss 0.1733 | lr 1.42e-04 | 11.29 step/s | elapsed 3.41h
step 138700/200000 | loss 0.1732 | lr 1.41e-04 | 11.29 step/s | elapsed 3.41h
step 138800/200000 | loss 0.1733 | lr 1.41e-04 | 11.29 step/s | elapsed 3.42h
step 138900/200000 | loss 0.1759 | lr 1.41e-04 | 11.29 step/s | elapsed 3.42h
step 139000/200000 | loss 0.1702 | lr 1.40e-04 | 11.29 step/s | elapsed 3.42h
step 139100/200000 | loss 0.1733 | lr 1.40e-04 | 11.29 step/s | elapsed 3.42h
step 139200/200000 | loss 0.1720 | lr 1.40e-04 | 11.29 step/s | elapsed 3.42h
step 139300/200000 | loss 0.1725 | lr 1.40e-04 | 11.29 step/s | elapsed 3.43h
step 139400/200000 | loss 0.1740 | lr 1.39e-04 | 11.29 step/s | elapsed 3.43h
step 139500/200000 | loss 0.1728 | lr 1.39e-04 | 11.30 step/s | elapsed 3.43h
step 139600/200000 | loss 0.1737 | lr 1.39e-04 | 11.30 step/s | elapsed 3.43h
step 139700/200000 | loss 0.1737 | lr 1.39e-04 | 11.30 step/s | elapsed 3.43h
step 139800/200000 | loss 0.1724 | lr 1.38e-04 | 11.30 step/s | elapsed 3.44h
step 139900/200000 | loss 0.1703 | lr 1.38e-04 | 11.30 step/s | elapsed 3.44h
step 140000/200000 | loss 0.1748 | lr 1.38e-04 | 11.30 step/s | elapsed 3.44h
saved checkpoint at step 140000
step 140100/200000 | loss 0.1757 | lr 1.38e-04 | 11.30 step/s | elapsed 3.44h
step 140200/200000 | loss 0.1719 | lr 1.37e-04 | 11.30 step/s | elapsed 3.45h
step 140300/200000 | loss 0.1729 | lr 1.37e-04 | 11.30 step/s | elapsed 3.45h
step 140400/200000 | loss 0.1745 | lr 1.37e-04 | 11.30 step/s | elapsed 3.45h
step 140500/200000 | loss 0.1735 | lr 1.36e-04 | 11.30 step/s | elapsed 3.45h
step 140600/200000 | loss 0.1746 | lr 1.36e-04 | 11.31 step/s | elapsed 3.45h
step 140700/200000 | loss 0.1740 | lr 1.36e-04 | 11.31 step/s | elapsed 3.46h
step 140800/200000 | loss 0.1729 | lr 1.36e-04 | 11.31 step/s | elapsed 3.46h
step 140900/200000 | loss 0.1736 | lr 1.35e-04 | 11.31 step/s | elapsed 3.46h
step 141000/200000 | loss 0.1721 | lr 1.35e-04 | 11.31 step/s | elapsed 3.46h
step 141100/200000 | loss 0.1763 | lr 1.35e-04 | 11.31 step/s | elapsed 3.47h
step 141200/200000 | loss 0.1738 | lr 1.35e-04 | 11.31 step/s | elapsed 3.47h
step 141300/200000 | loss 0.1738 | lr 1.34e-04 | 11.31 step/s | elapsed 3.47h
step 141400/200000 | loss 0.1744 | lr 1.34e-04 | 11.31 step/s | elapsed 3.47h
step 141500/200000 | loss 0.1745 | lr 1.34e-04 | 11.31 step/s | elapsed 3.47h
step 141600/200000 | loss 0.1745 | lr 1.33e-04 | 11.31 step/s | elapsed 3.48h
step 141700/200000 | loss 0.1725 | lr 1.33e-04 | 11.31 step/s | elapsed 3.48h
step 141800/200000 | loss 0.1725 | lr 1.33e-04 | 11.31 step/s | elapsed 3.48h
step 141900/200000 | loss 0.1741 | lr 1.33e-04 | 11.32 step/s | elapsed 3.48h
step 142000/200000 | loss 0.1765 | lr 1.32e-04 | 11.32 step/s | elapsed 3.49h
step 142100/200000 | loss 0.1742 | lr 1.32e-04 | 11.32 step/s | elapsed 3.49h
step 142200/200000 | loss 0.1749 | lr 1.32e-04 | 11.32 step/s | elapsed 3.49h
step 142300/200000 | loss 0.1756 | lr 1.32e-04 | 11.32 step/s | elapsed 3.49h
step 142400/200000 | loss 0.1728 | lr 1.31e-04 | 11.32 step/s | elapsed 3.49h
step 142500/200000 | loss 0.1752 | lr 1.31e-04 | 11.32 step/s | elapsed 3.50h
step 142600/200000 | loss 0.1741 | lr 1.31e-04 | 11.32 step/s | elapsed 3.50h
step 142700/200000 | loss 0.1731 | lr 1.30e-04 | 11.32 step/s | elapsed 3.50h
step 142800/200000 | loss 0.1740 | lr 1.30e-04 | 11.32 step/s | elapsed 3.50h
step 142900/200000 | loss 0.1751 | lr 1.30e-04 | 11.32 step/s | elapsed 3.51h
step 143000/200000 | loss 0.1722 | lr 1.30e-04 | 11.32 step/s | elapsed 3.51h
step 143100/200000 | loss 0.1762 | lr 1.29e-04 | 11.32 step/s | elapsed 3.51h
step 143200/200000 | loss 0.1743 | lr 1.29e-04 | 11.33 step/s | elapsed 3.51h
step 143300/200000 | loss 0.1728 | lr 1.29e-04 | 11.33 step/s | elapsed 3.51h
step 143400/200000 | loss 0.1741 | lr 1.29e-04 | 11.33 step/s | elapsed 3.52h
step 143500/200000 | loss 0.1726 | lr 1.28e-04 | 11.33 step/s | elapsed 3.52h
step 143600/200000 | loss 0.1738 | lr 1.28e-04 | 11.33 step/s | elapsed 3.52h
step 143700/200000 | loss 0.1767 | lr 1.28e-04 | 11.33 step/s | elapsed 3.52h
step 143800/200000 | loss 0.1732 | lr 1.27e-04 | 11.33 step/s | elapsed 3.53h
step 143900/200000 | loss 0.1760 | lr 1.27e-04 | 11.33 step/s | elapsed 3.53h
step 144000/200000 | loss 0.1738 | lr 1.27e-04 | 11.33 step/s | elapsed 3.53h
step 144100/200000 | loss 0.1710 | lr 1.27e-04 | 11.33 step/s | elapsed 3.53h
step 144200/200000 | loss 0.1740 | lr 1.26e-04 | 11.34 step/s | elapsed 3.53h
step 144300/200000 | loss 0.1713 | lr 1.26e-04 | 11.34 step/s | elapsed 3.54h
step 144400/200000 | loss 0.1729 | lr 1.26e-04 | 11.34 step/s | elapsed 3.54h
step 144500/200000 | loss 0.1720 | lr 1.25e-04 | 11.34 step/s | elapsed 3.54h
step 144600/200000 | loss 0.1757 | lr 1.25e-04 | 11.34 step/s | elapsed 3.54h
step 144700/200000 | loss 0.1738 | lr 1.25e-04 | 11.34 step/s | elapsed 3.54h
step 144800/200000 | loss 0.1729 | lr 1.25e-04 | 11.34 step/s | elapsed 3.55h
step 144900/200000 | loss 0.1724 | lr 1.24e-04 | 11.34 step/s | elapsed 3.55h
step 145000/200000 | loss 0.1734 | lr 1.24e-04 | 11.34 step/s | elapsed 3.55h
step 145100/200000 | loss 0.1738 | lr 1.24e-04 | 11.34 step/s | elapsed 3.55h
step 145200/200000 | loss 0.1746 | lr 1.24e-04 | 11.34 step/s | elapsed 3.56h
step 145300/200000 | loss 0.1727 | lr 1.23e-04 | 11.34 step/s | elapsed 3.56h
step 145400/200000 | loss 0.1722 | lr 1.23e-04 | 11.35 step/s | elapsed 3.56h
step 145500/200000 | loss 0.1731 | lr 1.23e-04 | 11.35 step/s | elapsed 3.56h
step 145600/200000 | loss 0.1719 | lr 1.22e-04 | 11.35 step/s | elapsed 3.56h
step 145700/200000 | loss 0.1739 | lr 1.22e-04 | 11.35 step/s | elapsed 3.57h
step 145800/200000 | loss 0.1717 | lr 1.22e-04 | 11.35 step/s | elapsed 3.57h
step 145900/200000 | loss 0.1752 | lr 1.22e-04 | 11.35 step/s | elapsed 3.57h
step 146000/200000 | loss 0.1748 | lr 1.21e-04 | 11.35 step/s | elapsed 3.57h
step 146100/200000 | loss 0.1720 | lr 1.21e-04 | 11.35 step/s | elapsed 3.58h
step 146200/200000 | loss 0.1738 | lr 1.21e-04 | 11.35 step/s | elapsed 3.58h
step 146300/200000 | loss 0.1719 | lr 1.20e-04 | 11.35 step/s | elapsed 3.58h
step 146400/200000 | loss 0.1735 | lr 1.20e-04 | 11.35 step/s | elapsed 3.58h
step 146500/200000 | loss 0.1732 | lr 1.20e-04 | 11.35 step/s | elapsed 3.58h
step 146600/200000 | loss 0.1731 | lr 1.20e-04 | 11.35 step/s | elapsed 3.59h
step 146700/200000 | loss 0.1735 | lr 1.19e-04 | 11.35 step/s | elapsed 3.59h
step 146800/200000 | loss 0.1743 | lr 1.19e-04 | 11.35 step/s | elapsed 3.59h
step 146900/200000 | loss 0.1735 | lr 1.19e-04 | 11.35 step/s | elapsed 3.59h
step 147000/200000 | loss 0.1738 | lr 1.18e-04 | 11.35 step/s | elapsed 3.60h
step 147100/200000 | loss 0.1734 | lr 1.18e-04 | 11.35 step/s | elapsed 3.60h
step 147200/200000 | loss 0.1737 | lr 1.18e-04 | 11.35 step/s | elapsed 3.60h
step 147300/200000 | loss 0.1715 | lr 1.18e-04 | 11.35 step/s | elapsed 3.60h
step 147400/200000 | loss 0.1710 | lr 1.17e-04 | 11.35 step/s | elapsed 3.61h
step 147500/200000 | loss 0.1733 | lr 1.17e-04 | 11.35 step/s | elapsed 3.61h
step 147600/200000 | loss 0.1722 | lr 1.17e-04 | 11.35 step/s | elapsed 3.61h
step 147700/200000 | loss 0.1752 | lr 1.16e-04 | 11.35 step/s | elapsed 3.61h
step 147800/200000 | loss 0.1732 | lr 1.16e-04 | 11.35 step/s | elapsed 3.62h
step 147900/200000 | loss 0.1734 | lr 1.16e-04 | 11.35 step/s | elapsed 3.62h
step 148000/200000 | loss 0.1717 | lr 1.16e-04 | 11.35 step/s | elapsed 3.62h
step 148100/200000 | loss 0.1749 | lr 1.15e-04 | 11.35 step/s | elapsed 3.62h
step 148200/200000 | loss 0.1744 | lr 1.15e-04 | 11.35 step/s | elapsed 3.63h
step 148300/200000 | loss 0.1694 | lr 1.15e-04 | 11.35 step/s | elapsed 3.63h
step 148400/200000 | loss 0.1737 | lr 1.15e-04 | 11.35 step/s | elapsed 3.63h
step 148500/200000 | loss 0.1765 | lr 1.14e-04 | 11.35 step/s | elapsed 3.63h
step 148600/200000 | loss 0.1731 | lr 1.14e-04 | 11.35 step/s | elapsed 3.64h
step 148700/200000 | loss 0.1704 | lr 1.14e-04 | 11.35 step/s | elapsed 3.64h
step 148800/200000 | loss 0.1732 | lr 1.13e-04 | 11.36 step/s | elapsed 3.64h
step 148900/200000 | loss 0.1745 | lr 1.13e-04 | 11.36 step/s | elapsed 3.64h
step 149000/200000 | loss 0.1737 | lr 1.13e-04 | 11.36 step/s | elapsed 3.64h
step 149100/200000 | loss 0.1732 | lr 1.13e-04 | 11.36 step/s | elapsed 3.65h
step 149200/200000 | loss 0.1726 | lr 1.12e-04 | 11.36 step/s | elapsed 3.65h
step 149300/200000 | loss 0.1736 | lr 1.12e-04 | 11.36 step/s | elapsed 3.65h
step 149400/200000 | loss 0.1726 | lr 1.12e-04 | 11.36 step/s | elapsed 3.65h
step 149500/200000 | loss 0.1746 | lr 1.11e-04 | 11.36 step/s | elapsed 3.66h
step 149600/200000 | loss 0.1728 | lr 1.11e-04 | 11.36 step/s | elapsed 3.66h
step 149700/200000 | loss 0.1740 | lr 1.11e-04 | 11.36 step/s | elapsed 3.66h
step 149800/200000 | loss 0.1739 | lr 1.11e-04 | 11.36 step/s | elapsed 3.66h
step 149900/200000 | loss 0.1718 | lr 1.10e-04 | 11.36 step/s | elapsed 3.67h
step 150000/200000 | loss 0.1750 | lr 1.10e-04 | 11.36 step/s | elapsed 3.67h
saved checkpoint at step 150000
step 150100/200000 | loss 0.1722 | lr 1.10e-04 | 11.36 step/s | elapsed 3.67h
step 150200/200000 | loss 0.1726 | lr 1.09e-04 | 11.36 step/s | elapsed 3.67h
step 150300/200000 | loss 0.1738 | lr 1.09e-04 | 11.36 step/s | elapsed 3.68h
step 150400/200000 | loss 0.1721 | lr 1.09e-04 | 11.36 step/s | elapsed 3.68h
step 150500/200000 | loss 0.1714 | lr 1.09e-04 | 11.36 step/s | elapsed 3.68h
step 150600/200000 | loss 0.1744 | lr 1.08e-04 | 11.36 step/s | elapsed 3.68h
step 150700/200000 | loss 0.1735 | lr 1.08e-04 | 11.36 step/s | elapsed 3.69h
step 150800/200000 | loss 0.1713 | lr 1.08e-04 | 11.36 step/s | elapsed 3.69h
step 150900/200000 | loss 0.1729 | lr 1.07e-04 | 11.36 step/s | elapsed 3.69h
step 151000/200000 | loss 0.1739 | lr 1.07e-04 | 11.36 step/s | elapsed 3.69h
step 151100/200000 | loss 0.1757 | lr 1.07e-04 | 11.36 step/s | elapsed 3.69h
step 151200/200000 | loss 0.1734 | lr 1.07e-04 | 11.36 step/s | elapsed 3.70h
step 151300/200000 | loss 0.1717 | lr 1.06e-04 | 11.36 step/s | elapsed 3.70h
step 151400/200000 | loss 0.1737 | lr 1.06e-04 | 11.36 step/s | elapsed 3.70h
step 151500/200000 | loss 0.1731 | lr 1.06e-04 | 11.36 step/s | elapsed 3.70h
step 151600/200000 | loss 0.1736 | lr 1.05e-04 | 11.36 step/s | elapsed 3.71h
step 151700/200000 | loss 0.1715 | lr 1.05e-04 | 11.36 step/s | elapsed 3.71h
step 151800/200000 | loss 0.1738 | lr 1.05e-04 | 11.36 step/s | elapsed 3.71h
step 151900/200000 | loss 0.1703 | lr 1.05e-04 | 11.36 step/s | elapsed 3.71h
step 152000/200000 | loss 0.1740 | lr 1.04e-04 | 11.36 step/s | elapsed 3.72h
step 152100/200000 | loss 0.1722 | lr 1.04e-04 | 11.37 step/s | elapsed 3.72h
step 152200/200000 | loss 0.1716 | lr 1.04e-04 | 11.37 step/s | elapsed 3.72h
step 152300/200000 | loss 0.1729 | lr 1.04e-04 | 11.37 step/s | elapsed 3.72h
step 152400/200000 | loss 0.1716 | lr 1.03e-04 | 11.37 step/s | elapsed 3.72h
step 152500/200000 | loss 0.1717 | lr 1.03e-04 | 11.37 step/s | elapsed 3.73h
step 152600/200000 | loss 0.1740 | lr 1.03e-04 | 11.37 step/s | elapsed 3.73h
step 152700/200000 | loss 0.1745 | lr 1.02e-04 | 11.37 step/s | elapsed 3.73h
step 152800/200000 | loss 0.1741 | lr 1.02e-04 | 11.37 step/s | elapsed 3.73h
step 152900/200000 | loss 0.1750 | lr 1.02e-04 | 11.37 step/s | elapsed 3.74h
step 153000/200000 | loss 0.1715 | lr 1.02e-04 | 11.37 step/s | elapsed 3.74h
step 153100/200000 | loss 0.1719 | lr 1.01e-04 | 11.37 step/s | elapsed 3.74h
step 153200/200000 | loss 0.1726 | lr 1.01e-04 | 11.37 step/s | elapsed 3.74h
step 153300/200000 | loss 0.1734 | lr 1.01e-04 | 11.37 step/s | elapsed 3.75h
step 153400/200000 | loss 0.1710 | lr 1.00e-04 | 11.37 step/s | elapsed 3.75h
step 153500/200000 | loss 0.1747 | lr 1.00e-04 | 11.37 step/s | elapsed 3.75h
step 153600/200000 | loss 0.1735 | lr 9.98e-05 | 11.37 step/s | elapsed 3.75h
step 153700/200000 | loss 0.1754 | lr 9.96e-05 | 11.37 step/s | elapsed 3.75h
step 153800/200000 | loss 0.1720 | lr 9.93e-05 | 11.37 step/s | elapsed 3.76h
step 153900/200000 | loss 0.1715 | lr 9.90e-05 | 11.37 step/s | elapsed 3.76h
step 154000/200000 | loss 0.1723 | lr 9.87e-05 | 11.37 step/s | elapsed 3.76h
step 154100/200000 | loss 0.1734 | lr 9.84e-05 | 11.37 step/s | elapsed 3.76h
step 154200/200000 | loss 0.1728 | lr 9.82e-05 | 11.37 step/s | elapsed 3.77h
step 154300/200000 | loss 0.1757 | lr 9.79e-05 | 11.37 step/s | elapsed 3.77h
step 154400/200000 | loss 0.1744 | lr 9.76e-05 | 11.37 step/s | elapsed 3.77h
step 154500/200000 | loss 0.1731 | lr 9.73e-05 | 11.37 step/s | elapsed 3.77h
step 154600/200000 | loss 0.1741 | lr 9.70e-05 | 11.37 step/s | elapsed 3.78h
step 154700/200000 | loss 0.1721 | lr 9.68e-05 | 11.37 step/s | elapsed 3.78h
step 154800/200000 | loss 0.1730 | lr 9.65e-05 | 11.37 step/s | elapsed 3.78h
step 154900/200000 | loss 0.1725 | lr 9.62e-05 | 11.37 step/s | elapsed 3.78h
step 155000/200000 | loss 0.1697 | lr 9.59e-05 | 11.37 step/s | elapsed 3.79h
step 155100/200000 | loss 0.1712 | lr 9.56e-05 | 11.37 step/s | elapsed 3.79h
step 155200/200000 | loss 0.1711 | lr 9.54e-05 | 11.37 step/s | elapsed 3.79h
step 155300/200000 | loss 0.1737 | lr 9.51e-05 | 11.37 step/s | elapsed 3.79h
step 155400/200000 | loss 0.1735 | lr 9.48e-05 | 11.37 step/s | elapsed 3.80h
step 155500/200000 | loss 0.1734 | lr 9.45e-05 | 11.37 step/s | elapsed 3.80h
step 155600/200000 | loss 0.1736 | lr 9.42e-05 | 11.37 step/s | elapsed 3.80h
step 155700/200000 | loss 0.1755 | lr 9.40e-05 | 11.38 step/s | elapsed 3.80h
step 155800/200000 | loss 0.1731 | lr 9.37e-05 | 11.38 step/s | elapsed 3.80h
step 155900/200000 | loss 0.1741 | lr 9.34e-05 | 11.38 step/s | elapsed 3.81h
step 156000/200000 | loss 0.1735 | lr 9.31e-05 | 11.38 step/s | elapsed 3.81h
step 156100/200000 | loss 0.1705 | lr 9.29e-05 | 11.38 step/s | elapsed 3.81h
step 156200/200000 | loss 0.1720 | lr 9.26e-05 | 11.38 step/s | elapsed 3.81h
step 156300/200000 | loss 0.1730 | lr 9.23e-05 | 11.38 step/s | elapsed 3.82h
step 156400/200000 | loss 0.1723 | lr 9.20e-05 | 11.38 step/s | elapsed 3.82h
step 156500/200000 | loss 0.1732 | lr 9.17e-05 | 11.38 step/s | elapsed 3.82h
step 156600/200000 | loss 0.1728 | lr 9.15e-05 | 11.38 step/s | elapsed 3.82h
step 156700/200000 | loss 0.1731 | lr 9.12e-05 | 11.38 step/s | elapsed 3.83h
step 156800/200000 | loss 0.1742 | lr 9.09e-05 | 11.38 step/s | elapsed 3.83h
step 156900/200000 | loss 0.1744 | lr 9.06e-05 | 11.38 step/s | elapsed 3.83h
step 157000/200000 | loss 0.1703 | lr 9.04e-05 | 11.38 step/s | elapsed 3.83h
step 157100/200000 | loss 0.1716 | lr 9.01e-05 | 11.38 step/s | elapsed 3.83h
step 157200/200000 | loss 0.1741 | lr 8.98e-05 | 11.38 step/s | elapsed 3.84h
step 157300/200000 | loss 0.1738 | lr 8.95e-05 | 11.38 step/s | elapsed 3.84h
step 157400/200000 | loss 0.1711 | lr 8.93e-05 | 11.38 step/s | elapsed 3.84h
step 157500/200000 | loss 0.1728 | lr 8.90e-05 | 11.38 step/s | elapsed 3.84h
step 157600/200000 | loss 0.1734 | lr 8.87e-05 | 11.38 step/s | elapsed 3.85h
step 157700/200000 | loss 0.1735 | lr 8.84e-05 | 11.38 step/s | elapsed 3.85h
step 157800/200000 | loss 0.1732 | lr 8.82e-05 | 11.38 step/s | elapsed 3.85h
step 157900/200000 | loss 0.1706 | lr 8.79e-05 | 11.38 step/s | elapsed 3.85h
step 158000/200000 | loss 0.1735 | lr 8.76e-05 | 11.38 step/s | elapsed 3.86h
step 158100/200000 | loss 0.1734 | lr 8.73e-05 | 11.39 step/s | elapsed 3.86h
step 158200/200000 | loss 0.1739 | lr 8.71e-05 | 11.39 step/s | elapsed 3.86h
step 158300/200000 | loss 0.1738 | lr 8.68e-05 | 11.39 step/s | elapsed 3.86h
step 158400/200000 | loss 0.1743 | lr 8.65e-05 | 11.39 step/s | elapsed 3.86h
step 158500/200000 | loss 0.1729 | lr 8.63e-05 | 11.39 step/s | elapsed 3.87h
step 158600/200000 | loss 0.1722 | lr 8.60e-05 | 11.39 step/s | elapsed 3.87h
step 158700/200000 | loss 0.1727 | lr 8.57e-05 | 11.39 step/s | elapsed 3.87h
step 158800/200000 | loss 0.1752 | lr 8.54e-05 | 11.39 step/s | elapsed 3.87h
step 158900/200000 | loss 0.1730 | lr 8.52e-05 | 11.39 step/s | elapsed 3.88h
step 159000/200000 | loss 0.1714 | lr 8.49e-05 | 11.39 step/s | elapsed 3.88h
step 159100/200000 | loss 0.1729 | lr 8.46e-05 | 11.39 step/s | elapsed 3.88h
step 159200/200000 | loss 0.1725 | lr 8.43e-05 | 11.39 step/s | elapsed 3.88h
step 159300/200000 | loss 0.1750 | lr 8.41e-05 | 11.39 step/s | elapsed 3.88h
step 159400/200000 | loss 0.1744 | lr 8.38e-05 | 11.39 step/s | elapsed 3.89h
step 159500/200000 | loss 0.1710 | lr 8.35e-05 | 11.39 step/s | elapsed 3.89h
step 159600/200000 | loss 0.1739 | lr 8.33e-05 | 11.39 step/s | elapsed 3.89h
step 159700/200000 | loss 0.1746 | lr 8.30e-05 | 11.39 step/s | elapsed 3.89h
step 159800/200000 | loss 0.1722 | lr 8.27e-05 | 11.39 step/s | elapsed 3.90h
step 159900/200000 | loss 0.1745 | lr 8.25e-05 | 11.39 step/s | elapsed 3.90h
step 160000/200000 | loss 0.1740 | lr 8.22e-05 | 11.39 step/s | elapsed 3.90h
saved checkpoint at step 160000
step 160100/200000 | loss 0.1717 | lr 8.19e-05 | 11.39 step/s | elapsed 3.90h
step 160200/200000 | loss 0.1743 | lr 8.17e-05 | 11.39 step/s | elapsed 3.91h
step 160300/200000 | loss 0.1729 | lr 8.14e-05 | 11.39 step/s | elapsed 3.91h
step 160400/200000 | loss 0.1740 | lr 8.11e-05 | 11.39 step/s | elapsed 3.91h
step 160500/200000 | loss 0.1707 | lr 8.08e-05 | 11.39 step/s | elapsed 3.91h
step 160600/200000 | loss 0.1723 | lr 8.06e-05 | 11.39 step/s | elapsed 3.92h
step 160700/200000 | loss 0.1732 | lr 8.03e-05 | 11.39 step/s | elapsed 3.92h
step 160800/200000 | loss 0.1726 | lr 8.00e-05 | 11.39 step/s | elapsed 3.92h
step 160900/200000 | loss 0.1727 | lr 7.98e-05 | 11.39 step/s | elapsed 3.92h
step 161000/200000 | loss 0.1744 | lr 7.95e-05 | 11.39 step/s | elapsed 3.93h
step 161100/200000 | loss 0.1747 | lr 7.92e-05 | 11.39 step/s | elapsed 3.93h
step 161200/200000 | loss 0.1719 | lr 7.90e-05 | 11.39 step/s | elapsed 3.93h
step 161300/200000 | loss 0.1734 | lr 7.87e-05 | 11.39 step/s | elapsed 3.93h
step 161400/200000 | loss 0.1744 | lr 7.85e-05 | 11.39 step/s | elapsed 3.93h
step 161500/200000 | loss 0.1705 | lr 7.82e-05 | 11.39 step/s | elapsed 3.94h
step 161600/200000 | loss 0.1719 | lr 7.79e-05 | 11.39 step/s | elapsed 3.94h
step 161700/200000 | loss 0.1728 | lr 7.77e-05 | 11.40 step/s | elapsed 3.94h
step 161800/200000 | loss 0.1729 | lr 7.74e-05 | 11.40 step/s | elapsed 3.94h
step 161900/200000 | loss 0.1731 | lr 7.71e-05 | 11.40 step/s | elapsed 3.95h
step 162000/200000 | loss 0.1738 | lr 7.69e-05 | 11.40 step/s | elapsed 3.95h
step 162100/200000 | loss 0.1703 | lr 7.66e-05 | 11.40 step/s | elapsed 3.95h
step 162200/200000 | loss 0.1741 | lr 7.63e-05 | 11.40 step/s | elapsed 3.95h
step 162300/200000 | loss 0.1732 | lr 7.61e-05 | 11.40 step/s | elapsed 3.96h
step 162400/200000 | loss 0.1718 | lr 7.58e-05 | 11.40 step/s | elapsed 3.96h
step 162500/200000 | loss 0.1727 | lr 7.56e-05 | 11.40 step/s | elapsed 3.96h
step 162600/200000 | loss 0.1743 | lr 7.53e-05 | 11.40 step/s | elapsed 3.96h
step 162700/200000 | loss 0.1728 | lr 7.50e-05 | 11.40 step/s | elapsed 3.96h
step 162800/200000 | loss 0.1747 | lr 7.48e-05 | 11.40 step/s | elapsed 3.97h
step 162900/200000 | loss 0.1718 | lr 7.45e-05 | 11.40 step/s | elapsed 3.97h
step 163000/200000 | loss 0.1745 | lr 7.43e-05 | 11.40 step/s | elapsed 3.97h
step 163100/200000 | loss 0.1717 | lr 7.40e-05 | 11.40 step/s | elapsed 3.97h
step 163200/200000 | loss 0.1722 | lr 7.37e-05 | 11.40 step/s | elapsed 3.98h
step 163300/200000 | loss 0.1746 | lr 7.35e-05 | 11.40 step/s | elapsed 3.98h
step 163400/200000 | loss 0.1740 | lr 7.32e-05 | 11.40 step/s | elapsed 3.98h
step 163500/200000 | loss 0.1722 | lr 7.30e-05 | 11.40 step/s | elapsed 3.98h
step 163600/200000 | loss 0.1710 | lr 7.27e-05 | 11.40 step/s | elapsed 3.99h
step 163700/200000 | loss 0.1720 | lr 7.24e-05 | 11.40 step/s | elapsed 3.99h
step 163800/200000 | loss 0.1731 | lr 7.22e-05 | 11.40 step/s | elapsed 3.99h
step 163900/200000 | loss 0.1730 | lr 7.19e-05 | 11.40 step/s | elapsed 3.99h
step 164000/200000 | loss 0.1713 | lr 7.17e-05 | 11.40 step/s | elapsed 3.99h
step 164100/200000 | loss 0.1724 | lr 7.14e-05 | 11.40 step/s | elapsed 4.00h
step 164200/200000 | loss 0.1716 | lr 7.12e-05 | 11.40 step/s | elapsed 4.00h
step 164300/200000 | loss 0.1748 | lr 7.09e-05 | 11.41 step/s | elapsed 4.00h
step 164400/200000 | loss 0.1707 | lr 7.07e-05 | 11.41 step/s | elapsed 4.00h
step 164500/200000 | loss 0.1728 | lr 7.04e-05 | 11.41 step/s | elapsed 4.01h
step 164600/200000 | loss 0.1729 | lr 7.02e-05 | 11.41 step/s | elapsed 4.01h
step 164700/200000 | loss 0.1737 | lr 6.99e-05 | 11.41 step/s | elapsed 4.01h
step 164800/200000 | loss 0.1743 | lr 6.96e-05 | 11.41 step/s | elapsed 4.01h
step 164900/200000 | loss 0.1704 | lr 6.94e-05 | 11.41 step/s | elapsed 4.02h
step 165000/200000 | loss 0.1706 | lr 6.91e-05 | 11.41 step/s | elapsed 4.02h
step 165100/200000 | loss 0.1722 | lr 6.89e-05 | 11.41 step/s | elapsed 4.02h
step 165200/200000 | loss 0.1725 | lr 6.86e-05 | 11.41 step/s | elapsed 4.02h
step 165300/200000 | loss 0.1736 | lr 6.84e-05 | 11.41 step/s | elapsed 4.03h
step 165400/200000 | loss 0.1732 | lr 6.81e-05 | 11.41 step/s | elapsed 4.03h
step 165500/200000 | loss 0.1724 | lr 6.79e-05 | 11.41 step/s | elapsed 4.03h
step 165600/200000 | loss 0.1720 | lr 6.76e-05 | 11.41 step/s | elapsed 4.03h
step 165700/200000 | loss 0.1698 | lr 6.74e-05 | 11.41 step/s | elapsed 4.03h
step 165800/200000 | loss 0.1706 | lr 6.71e-05 | 11.41 step/s | elapsed 4.04h
step 165900/200000 | loss 0.1723 | lr 6.69e-05 | 11.41 step/s | elapsed 4.04h
step 166000/200000 | loss 0.1718 | lr 6.66e-05 | 11.41 step/s | elapsed 4.04h
step 166100/200000 | loss 0.1727 | lr 6.64e-05 | 11.41 step/s | elapsed 4.04h
step 166200/200000 | loss 0.1741 | lr 6.61e-05 | 11.41 step/s | elapsed 4.05h
step 166300/200000 | loss 0.1696 | lr 6.59e-05 | 11.41 step/s | elapsed 4.05h
step 166400/200000 | loss 0.1750 | lr 6.57e-05 | 11.41 step/s | elapsed 4.05h
step 166500/200000 | loss 0.1742 | lr 6.54e-05 | 11.41 step/s | elapsed 4.05h
step 166600/200000 | loss 0.1728 | lr 6.52e-05 | 11.41 step/s | elapsed 4.06h
step 166700/200000 | loss 0.1712 | lr 6.49e-05 | 11.41 step/s | elapsed 4.06h
step 166800/200000 | loss 0.1716 | lr 6.47e-05 | 11.41 step/s | elapsed 4.06h
step 166900/200000 | loss 0.1757 | lr 6.44e-05 | 11.41 step/s | elapsed 4.06h
step 167000/200000 | loss 0.1728 | lr 6.42e-05 | 11.41 step/s | elapsed 4.06h
step 167100/200000 | loss 0.1737 | lr 6.39e-05 | 11.41 step/s | elapsed 4.07h
step 167200/200000 | loss 0.1727 | lr 6.37e-05 | 11.41 step/s | elapsed 4.07h
step 167300/200000 | loss 0.1710 | lr 6.35e-05 | 11.41 step/s | elapsed 4.07h
step 167400/200000 | loss 0.1717 | lr 6.32e-05 | 11.41 step/s | elapsed 4.07h
step 167500/200000 | loss 0.1710 | lr 6.30e-05 | 11.41 step/s | elapsed 4.08h
step 167600/200000 | loss 0.1723 | lr 6.27e-05 | 11.41 step/s | elapsed 4.08h
step 167700/200000 | loss 0.1734 | lr 6.25e-05 | 11.42 step/s | elapsed 4.08h
step 167800/200000 | loss 0.1726 | lr 6.23e-05 | 11.42 step/s | elapsed 4.08h
step 167900/200000 | loss 0.1726 | lr 6.20e-05 | 11.42 step/s | elapsed 4.09h
step 168000/200000 | loss 0.1752 | lr 6.18e-05 | 11.42 step/s | elapsed 4.09h
step 168100/200000 | loss 0.1718 | lr 6.15e-05 | 11.42 step/s | elapsed 4.09h
step 168200/200000 | loss 0.1718 | lr 6.13e-05 | 11.42 step/s | elapsed 4.09h
step 168300/200000 | loss 0.1730 | lr 6.11e-05 | 11.42 step/s | elapsed 4.09h
step 168400/200000 | loss 0.1741 | lr 6.08e-05 | 11.42 step/s | elapsed 4.10h
step 168500/200000 | loss 0.1710 | lr 6.06e-05 | 11.42 step/s | elapsed 4.10h
step 168600/200000 | loss 0.1730 | lr 6.04e-05 | 11.42 step/s | elapsed 4.10h
step 168700/200000 | loss 0.1729 | lr 6.01e-05 | 11.42 step/s | elapsed 4.10h
step 168800/200000 | loss 0.1712 | lr 5.99e-05 | 11.42 step/s | elapsed 4.11h
step 168900/200000 | loss 0.1704 | lr 5.96e-05 | 11.42 step/s | elapsed 4.11h
step 169000/200000 | loss 0.1731 | lr 5.94e-05 | 11.42 step/s | elapsed 4.11h
step 169100/200000 | loss 0.1720 | lr 5.92e-05 | 11.42 step/s | elapsed 4.11h
step 169200/200000 | loss 0.1719 | lr 5.89e-05 | 11.42 step/s | elapsed 4.12h
step 169300/200000 | loss 0.1718 | lr 5.87e-05 | 11.42 step/s | elapsed 4.12h
step 169400/200000 | loss 0.1736 | lr 5.85e-05 | 11.42 step/s | elapsed 4.12h
step 169500/200000 | loss 0.1711 | lr 5.82e-05 | 11.42 step/s | elapsed 4.12h
step 169600/200000 | loss 0.1696 | lr 5.80e-05 | 11.42 step/s | elapsed 4.12h
step 169700/200000 | loss 0.1744 | lr 5.78e-05 | 11.42 step/s | elapsed 4.13h
step 169800/200000 | loss 0.1714 | lr 5.76e-05 | 11.42 step/s | elapsed 4.13h
step 169900/200000 | loss 0.1725 | lr 5.73e-05 | 11.42 step/s | elapsed 4.13h
step 170000/200000 | loss 0.1731 | lr 5.71e-05 | 11.42 step/s | elapsed 4.13h
saved checkpoint at step 170000
step 170100/200000 | loss 0.1727 | lr 5.69e-05 | 11.42 step/s | elapsed 4.14h
step 170200/200000 | loss 0.1714 | lr 5.66e-05 | 11.42 step/s | elapsed 4.14h
step 170300/200000 | loss 0.1723 | lr 5.64e-05 | 11.43 step/s | elapsed 4.14h
step 170400/200000 | loss 0.1739 | lr 5.62e-05 | 11.43 step/s | elapsed 4.14h
step 170500/200000 | loss 0.1719 | lr 5.60e-05 | 11.43 step/s | elapsed 4.15h
step 170600/200000 | loss 0.1728 | lr 5.57e-05 | 11.43 step/s | elapsed 4.15h
step 170700/200000 | loss 0.1749 | lr 5.55e-05 | 11.43 step/s | elapsed 4.15h
step 170800/200000 | loss 0.1724 | lr 5.53e-05 | 11.43 step/s | elapsed 4.15h
step 170900/200000 | loss 0.1715 | lr 5.51e-05 | 11.43 step/s | elapsed 4.15h
step 171000/200000 | loss 0.1739 | lr 5.48e-05 | 11.43 step/s | elapsed 4.16h
step 171100/200000 | loss 0.1728 | lr 5.46e-05 | 11.43 step/s | elapsed 4.16h
step 171200/200000 | loss 0.1731 | lr 5.44e-05 | 11.43 step/s | elapsed 4.16h
step 171300/200000 | loss 0.1741 | lr 5.42e-05 | 11.43 step/s | elapsed 4.16h
step 171400/200000 | loss 0.1738 | lr 5.39e-05 | 11.43 step/s | elapsed 4.17h
step 171500/200000 | loss 0.1715 | lr 5.37e-05 | 11.43 step/s | elapsed 4.17h
step 171600/200000 | loss 0.1713 | lr 5.35e-05 | 11.43 step/s | elapsed 4.17h
step 171700/200000 | loss 0.1719 | lr 5.33e-05 | 11.43 step/s | elapsed 4.17h
step 171800/200000 | loss 0.1718 | lr 5.31e-05 | 11.43 step/s | elapsed 4.17h
step 171900/200000 | loss 0.1727 | lr 5.28e-05 | 11.43 step/s | elapsed 4.18h
step 172000/200000 | loss 0.1718 | lr 5.26e-05 | 11.43 step/s | elapsed 4.18h
step 172100/200000 | loss 0.1741 | lr 5.24e-05 | 11.43 step/s | elapsed 4.18h
step 172200/200000 | loss 0.1738 | lr 5.22e-05 | 11.43 step/s | elapsed 4.18h
step 172300/200000 | loss 0.1721 | lr 5.20e-05 | 11.43 step/s | elapsed 4.19h
step 172400/200000 | loss 0.1726 | lr 5.18e-05 | 11.43 step/s | elapsed 4.19h
step 172500/200000 | loss 0.1717 | lr 5.15e-05 | 11.43 step/s | elapsed 4.19h
step 172600/200000 | loss 0.1736 | lr 5.13e-05 | 11.43 step/s | elapsed 4.19h
step 172700/200000 | loss 0.1708 | lr 5.11e-05 | 11.43 step/s | elapsed 4.20h
step 172800/200000 | loss 0.1721 | lr 5.09e-05 | 11.43 step/s | elapsed 4.20h
step 172900/200000 | loss 0.1723 | lr 5.07e-05 | 11.43 step/s | elapsed 4.20h
step 173000/200000 | loss 0.1733 | lr 5.05e-05 | 11.43 step/s | elapsed 4.20h
step 173100/200000 | loss 0.1732 | lr 5.03e-05 | 11.43 step/s | elapsed 4.21h
step 173200/200000 | loss 0.1734 | lr 5.01e-05 | 11.43 step/s | elapsed 4.21h
step 173300/200000 | loss 0.1714 | lr 4.98e-05 | 11.43 step/s | elapsed 4.21h
step 173400/200000 | loss 0.1703 | lr 4.96e-05 | 11.43 step/s | elapsed 4.21h
step 173500/200000 | loss 0.1721 | lr 4.94e-05 | 11.43 step/s | elapsed 4.21h
step 173600/200000 | loss 0.1726 | lr 4.92e-05 | 11.44 step/s | elapsed 4.22h
step 173700/200000 | loss 0.1725 | lr 4.90e-05 | 11.44 step/s | elapsed 4.22h
step 173800/200000 | loss 0.1728 | lr 4.88e-05 | 11.44 step/s | elapsed 4.22h
step 173900/200000 | loss 0.1765 | lr 4.86e-05 | 11.44 step/s | elapsed 4.22h
step 174000/200000 | loss 0.1710 | lr 4.84e-05 | 11.44 step/s | elapsed 4.23h
step 174100/200000 | loss 0.1718 | lr 4.82e-05 | 11.44 step/s | elapsed 4.23h
step 174200/200000 | loss 0.1729 | lr 4.80e-05 | 11.44 step/s | elapsed 4.23h
step 174300/200000 | loss 0.1709 | lr 4.78e-05 | 11.44 step/s | elapsed 4.23h
step 174400/200000 | loss 0.1737 | lr 4.76e-05 | 11.44 step/s | elapsed 4.24h
step 174500/200000 | loss 0.1698 | lr 4.74e-05 | 11.44 step/s | elapsed 4.24h
step 174600/200000 | loss 0.1720 | lr 4.72e-05 | 11.44 step/s | elapsed 4.24h
step 174700/200000 | loss 0.1714 | lr 4.70e-05 | 11.44 step/s | elapsed 4.24h
step 174800/200000 | loss 0.1742 | lr 4.68e-05 | 11.44 step/s | elapsed 4.25h
step 174900/200000 | loss 0.1741 | lr 4.66e-05 | 11.44 step/s | elapsed 4.25h
step 175000/200000 | loss 0.1701 | lr 4.64e-05 | 11.44 step/s | elapsed 4.25h
step 175100/200000 | loss 0.1713 | lr 4.62e-05 | 11.44 step/s | elapsed 4.25h
step 175200/200000 | loss 0.1737 | lr 4.60e-05 | 11.44 step/s | elapsed 4.25h
step 175300/200000 | loss 0.1721 | lr 4.58e-05 | 11.44 step/s | elapsed 4.26h
step 175400/200000 | loss 0.1741 | lr 4.56e-05 | 11.44 step/s | elapsed 4.26h
step 175500/200000 | loss 0.1708 | lr 4.54e-05 | 11.44 step/s | elapsed 4.26h
step 175600/200000 | loss 0.1736 | lr 4.52e-05 | 11.44 step/s | elapsed 4.26h
step 175700/200000 | loss 0.1728 | lr 4.50e-05 | 11.44 step/s | elapsed 4.27h
step 175800/200000 | loss 0.1735 | lr 4.48e-05 | 11.44 step/s | elapsed 4.27h
step 175900/200000 | loss 0.1715 | lr 4.46e-05 | 11.44 step/s | elapsed 4.27h
step 176000/200000 | loss 0.1719 | lr 4.44e-05 | 11.44 step/s | elapsed 4.27h
step 176100/200000 | loss 0.1719 | lr 4.42e-05 | 11.44 step/s | elapsed 4.28h
step 176200/200000 | loss 0.1729 | lr 4.40e-05 | 11.44 step/s | elapsed 4.28h
step 176300/200000 | loss 0.1721 | lr 4.38e-05 | 11.44 step/s | elapsed 4.28h
step 176400/200000 | loss 0.1714 | lr 4.36e-05 | 11.44 step/s | elapsed 4.28h
step 176500/200000 | loss 0.1741 | lr 4.34e-05 | 11.44 step/s | elapsed 4.29h
step 176600/200000 | loss 0.1716 | lr 4.32e-05 | 11.44 step/s | elapsed 4.29h
step 176700/200000 | loss 0.1719 | lr 4.31e-05 | 11.44 step/s | elapsed 4.29h
step 176800/200000 | loss 0.1742 | lr 4.29e-05 | 11.44 step/s | elapsed 4.29h
step 176900/200000 | loss 0.1746 | lr 4.27e-05 | 11.44 step/s | elapsed 4.29h
step 177000/200000 | loss 0.1700 | lr 4.25e-05 | 11.44 step/s | elapsed 4.30h
step 177100/200000 | loss 0.1726 | lr 4.23e-05 | 11.44 step/s | elapsed 4.30h
step 177200/200000 | loss 0.1722 | lr 4.21e-05 | 11.44 step/s | elapsed 4.30h
step 177300/200000 | loss 0.1732 | lr 4.19e-05 | 11.44 step/s | elapsed 4.30h
step 177400/200000 | loss 0.1731 | lr 4.17e-05 | 11.44 step/s | elapsed 4.31h
step 177500/200000 | loss 0.1702 | lr 4.16e-05 | 11.45 step/s | elapsed 4.31h
step 177600/200000 | loss 0.1721 | lr 4.14e-05 | 11.45 step/s | elapsed 4.31h
step 177700/200000 | loss 0.1691 | lr 4.12e-05 | 11.45 step/s | elapsed 4.31h
step 177800/200000 | loss 0.1708 | lr 4.10e-05 | 11.45 step/s | elapsed 4.31h
step 177900/200000 | loss 0.1749 | lr 4.08e-05 | 11.45 step/s | elapsed 4.32h
step 178000/200000 | loss 0.1726 | lr 4.07e-05 | 11.45 step/s | elapsed 4.32h
step 178100/200000 | loss 0.1702 | lr 4.05e-05 | 11.45 step/s | elapsed 4.32h
step 178200/200000 | loss 0.1722 | lr 4.03e-05 | 11.45 step/s | elapsed 4.32h
step 178300/200000 | loss 0.1716 | lr 4.01e-05 | 11.45 step/s | elapsed 4.33h
step 178400/200000 | loss 0.1761 | lr 3.99e-05 | 11.45 step/s | elapsed 4.33h
step 178500/200000 | loss 0.1725 | lr 3.98e-05 | 11.45 step/s | elapsed 4.33h
step 178600/200000 | loss 0.1730 | lr 3.96e-05 | 11.45 step/s | elapsed 4.33h
step 178700/200000 | loss 0.1712 | lr 3.94e-05 | 11.45 step/s | elapsed 4.33h
step 178800/200000 | loss 0.1738 | lr 3.92e-05 | 11.45 step/s | elapsed 4.34h
step 178900/200000 | loss 0.1729 | lr 3.91e-05 | 11.45 step/s | elapsed 4.34h
step 179000/200000 | loss 0.1759 | lr 3.89e-05 | 11.45 step/s | elapsed 4.34h
step 179100/200000 | loss 0.1744 | lr 3.87e-05 | 11.45 step/s | elapsed 4.34h
step 179200/200000 | loss 0.1724 | lr 3.85e-05 | 11.46 step/s | elapsed 4.35h
step 179300/200000 | loss 0.1704 | lr 3.84e-05 | 11.46 step/s | elapsed 4.35h
step 179400/200000 | loss 0.1731 | lr 3.82e-05 | 11.46 step/s | elapsed 4.35h
step 179500/200000 | loss 0.1695 | lr 3.80e-05 | 11.46 step/s | elapsed 4.35h
step 179600/200000 | loss 0.1742 | lr 3.79e-05 | 11.46 step/s | elapsed 4.35h
step 179700/200000 | loss 0.1712 | lr 3.77e-05 | 11.46 step/s | elapsed 4.36h
step 179800/200000 | loss 0.1711 | lr 3.75e-05 | 11.46 step/s | elapsed 4.36h
step 179900/200000 | loss 0.1703 | lr 3.74e-05 | 11.46 step/s | elapsed 4.36h
step 180000/200000 | loss 0.1737 | lr 3.72e-05 | 11.46 step/s | elapsed 4.36h
saved checkpoint at step 180000
step 180100/200000 | loss 0.1711 | lr 3.70e-05 | 11.46 step/s | elapsed 4.37h
step 180200/200000 | loss 0.1722 | lr 3.69e-05 | 11.46 step/s | elapsed 4.37h
step 180300/200000 | loss 0.1711 | lr 3.67e-05 | 11.46 step/s | elapsed 4.37h
step 180400/200000 | loss 0.1736 | lr 3.65e-05 | 11.46 step/s | elapsed 4.37h
step 180500/200000 | loss 0.1706 | lr 3.64e-05 | 11.46 step/s | elapsed 4.37h
step 180600/200000 | loss 0.1732 | lr 3.62e-05 | 11.46 step/s | elapsed 4.38h
step 180700/200000 | loss 0.1705 | lr 3.60e-05 | 11.46 step/s | elapsed 4.38h
step 180800/200000 | loss 0.1750 | lr 3.59e-05 | 11.46 step/s | elapsed 4.38h
step 180900/200000 | loss 0.1716 | lr 3.57e-05 | 11.46 step/s | elapsed 4.38h
step 181000/200000 | loss 0.1718 | lr 3.56e-05 | 11.46 step/s | elapsed 4.39h
step 181100/200000 | loss 0.1736 | lr 3.54e-05 | 11.46 step/s | elapsed 4.39h
step 181200/200000 | loss 0.1722 | lr 3.52e-05 | 11.46 step/s | elapsed 4.39h
step 181300/200000 | loss 0.1722 | lr 3.51e-05 | 11.46 step/s | elapsed 4.39h
step 181400/200000 | loss 0.1733 | lr 3.49e-05 | 11.46 step/s | elapsed 4.40h
step 181500/200000 | loss 0.1737 | lr 3.48e-05 | 11.46 step/s | elapsed 4.40h
step 181600/200000 | loss 0.1713 | lr 3.46e-05 | 11.46 step/s | elapsed 4.40h
step 181700/200000 | loss 0.1717 | lr 3.45e-05 | 11.46 step/s | elapsed 4.40h
step 181800/200000 | loss 0.1719 | lr 3.43e-05 | 11.46 step/s | elapsed 4.41h
step 181900/200000 | loss 0.1696 | lr 3.42e-05 | 11.46 step/s | elapsed 4.41h
step 182000/200000 | loss 0.1734 | lr 3.40e-05 | 11.46 step/s | elapsed 4.41h
step 182100/200000 | loss 0.1699 | lr 3.39e-05 | 11.46 step/s | elapsed 4.41h
step 182200/200000 | loss 0.1687 | lr 3.37e-05 | 11.46 step/s | elapsed 4.41h
step 182300/200000 | loss 0.1720 | lr 3.36e-05 | 11.46 step/s | elapsed 4.42h
step 182400/200000 | loss 0.1733 | lr 3.34e-05 | 11.46 step/s | elapsed 4.42h
step 182500/200000 | loss 0.1685 | lr 3.33e-05 | 11.46 step/s | elapsed 4.42h
step 182600/200000 | loss 0.1742 | lr 3.31e-05 | 11.46 step/s | elapsed 4.42h
step 182700/200000 | loss 0.1694 | lr 3.30e-05 | 11.47 step/s | elapsed 4.43h
step 182800/200000 | loss 0.1729 | lr 3.28e-05 | 11.47 step/s | elapsed 4.43h
step 182900/200000 | loss 0.1703 | lr 3.27e-05 | 11.47 step/s | elapsed 4.43h
step 183000/200000 | loss 0.1690 | lr 3.25e-05 | 11.47 step/s | elapsed 4.43h
step 183100/200000 | loss 0.1709 | lr 3.24e-05 | 11.47 step/s | elapsed 4.44h
step 183200/200000 | loss 0.1719 | lr 3.22e-05 | 11.47 step/s | elapsed 4.44h
step 183300/200000 | loss 0.1693 | lr 3.21e-05 | 11.47 step/s | elapsed 4.44h
step 183400/200000 | loss 0.1701 | lr 3.20e-05 | 11.47 step/s | elapsed 4.44h
step 183500/200000 | loss 0.1722 | lr 3.18e-05 | 11.47 step/s | elapsed 4.45h
step 183600/200000 | loss 0.1698 | lr 3.17e-05 | 11.47 step/s | elapsed 4.45h
step 183700/200000 | loss 0.1725 | lr 3.15e-05 | 11.47 step/s | elapsed 4.45h
step 183800/200000 | loss 0.1715 | lr 3.14e-05 | 11.47 step/s | elapsed 4.45h
step 183900/200000 | loss 0.1720 | lr 3.13e-05 | 11.47 step/s | elapsed 4.45h
step 184000/200000 | loss 0.1709 | lr 3.11e-05 | 11.47 step/s | elapsed 4.46h
step 184100/200000 | loss 0.1731 | lr 3.10e-05 | 11.47 step/s | elapsed 4.46h
step 184200/200000 | loss 0.1698 | lr 3.09e-05 | 11.47 step/s | elapsed 4.46h
step 184300/200000 | loss 0.1754 | lr 3.07e-05 | 11.47 step/s | elapsed 4.46h
step 184400/200000 | loss 0.1744 | lr 3.06e-05 | 11.47 step/s | elapsed 4.47h
step 184500/200000 | loss 0.1734 | lr 3.05e-05 | 11.47 step/s | elapsed 4.47h
step 184600/200000 | loss 0.1737 | lr 3.03e-05 | 11.47 step/s | elapsed 4.47h
step 184700/200000 | loss 0.1710 | lr 3.02e-05 | 11.47 step/s | elapsed 4.47h
step 184800/200000 | loss 0.1697 | lr 3.01e-05 | 11.47 step/s | elapsed 4.48h
step 184900/200000 | loss 0.1722 | lr 2.99e-05 | 11.47 step/s | elapsed 4.48h
step 185000/200000 | loss 0.1710 | lr 2.98e-05 | 11.47 step/s | elapsed 4.48h
step 185100/200000 | loss 0.1693 | lr 2.97e-05 | 11.47 step/s | elapsed 4.48h
step 185200/200000 | loss 0.1713 | lr 2.96e-05 | 11.47 step/s | elapsed 4.49h
step 185300/200000 | loss 0.1721 | lr 2.94e-05 | 11.47 step/s | elapsed 4.49h
step 185400/200000 | loss 0.1724 | lr 2.93e-05 | 11.47 step/s | elapsed 4.49h
step 185500/200000 | loss 0.1696 | lr 2.92e-05 | 11.47 step/s | elapsed 4.49h
step 185600/200000 | loss 0.1695 | lr 2.91e-05 | 11.47 step/s | elapsed 4.49h
step 185700/200000 | loss 0.1721 | lr 2.89e-05 | 11.47 step/s | elapsed 4.50h
step 185800/200000 | loss 0.1702 | lr 2.88e-05 | 11.47 step/s | elapsed 4.50h
step 185900/200000 | loss 0.1738 | lr 2.87e-05 | 11.47 step/s | elapsed 4.50h
step 186000/200000 | loss 0.1719 | lr 2.86e-05 | 11.47 step/s | elapsed 4.50h
step 186100/200000 | loss 0.1733 | lr 2.84e-05 | 11.47 step/s | elapsed 4.51h
step 186200/200000 | loss 0.1723 | lr 2.83e-05 | 11.47 step/s | elapsed 4.51h
step 186300/200000 | loss 0.1721 | lr 2.82e-05 | 11.47 step/s | elapsed 4.51h
step 186400/200000 | loss 0.1734 | lr 2.81e-05 | 11.47 step/s | elapsed 4.51h
step 186500/200000 | loss 0.1709 | lr 2.80e-05 | 11.47 step/s | elapsed 4.52h
step 186600/200000 | loss 0.1736 | lr 2.79e-05 | 11.47 step/s | elapsed 4.52h
step 186700/200000 | loss 0.1713 | lr 2.77e-05 | 11.47 step/s | elapsed 4.52h
step 186800/200000 | loss 0.1742 | lr 2.76e-05 | 11.47 step/s | elapsed 4.52h
step 186900/200000 | loss 0.1737 | lr 2.75e-05 | 11.47 step/s | elapsed 4.53h
step 187000/200000 | loss 0.1711 | lr 2.74e-05 | 11.47 step/s | elapsed 4.53h
step 187100/200000 | loss 0.1713 | lr 2.73e-05 | 11.47 step/s | elapsed 4.53h
step 187200/200000 | loss 0.1738 | lr 2.72e-05 | 11.47 step/s | elapsed 4.53h
step 187300/200000 | loss 0.1707 | lr 2.71e-05 | 11.47 step/s | elapsed 4.53h
step 187400/200000 | loss 0.1728 | lr 2.70e-05 | 11.47 step/s | elapsed 4.54h
step 187500/200000 | loss 0.1709 | lr 2.69e-05 | 11.47 step/s | elapsed 4.54h
step 187600/200000 | loss 0.1711 | lr 2.67e-05 | 11.47 step/s | elapsed 4.54h
step 187700/200000 | loss 0.1737 | lr 2.66e-05 | 11.47 step/s | elapsed 4.54h
step 187800/200000 | loss 0.1720 | lr 2.65e-05 | 11.47 step/s | elapsed 4.55h
step 187900/200000 | loss 0.1699 | lr 2.64e-05 | 11.47 step/s | elapsed 4.55h
step 188000/200000 | loss 0.1716 | lr 2.63e-05 | 11.47 step/s | elapsed 4.55h
step 188100/200000 | loss 0.1723 | lr 2.62e-05 | 11.47 step/s | elapsed 4.55h
step 188200/200000 | loss 0.1716 | lr 2.61e-05 | 11.47 step/s | elapsed 4.56h
step 188300/200000 | loss 0.1725 | lr 2.60e-05 | 11.47 step/s | elapsed 4.56h
step 188400/200000 | loss 0.1728 | lr 2.59e-05 | 11.47 step/s | elapsed 4.56h
step 188500/200000 | loss 0.1727 | lr 2.58e-05 | 11.47 step/s | elapsed 4.56h
step 188600/200000 | loss 0.1730 | lr 2.57e-05 | 11.47 step/s | elapsed 4.57h
step 188700/200000 | loss 0.1724 | lr 2.56e-05 | 11.47 step/s | elapsed 4.57h
step 188800/200000 | loss 0.1726 | lr 2.55e-05 | 11.47 step/s | elapsed 4.57h
step 188900/200000 | loss 0.1720 | lr 2.54e-05 | 11.48 step/s | elapsed 4.57h
step 189000/200000 | loss 0.1704 | lr 2.53e-05 | 11.48 step/s | elapsed 4.58h
step 189100/200000 | loss 0.1721 | lr 2.52e-05 | 11.48 step/s | elapsed 4.58h
step 189200/200000 | loss 0.1715 | lr 2.51e-05 | 11.48 step/s | elapsed 4.58h
step 189300/200000 | loss 0.1712 | lr 2.50e-05 | 11.48 step/s | elapsed 4.58h
step 189400/200000 | loss 0.1731 | lr 2.49e-05 | 11.48 step/s | elapsed 4.58h
step 189500/200000 | loss 0.1709 | lr 2.49e-05 | 11.48 step/s | elapsed 4.59h
step 189600/200000 | loss 0.1728 | lr 2.48e-05 | 11.48 step/s | elapsed 4.59h
step 189700/200000 | loss 0.1740 | lr 2.47e-05 | 11.48 step/s | elapsed 4.59h
step 189800/200000 | loss 0.1697 | lr 2.46e-05 | 11.48 step/s | elapsed 4.59h
step 189900/200000 | loss 0.1743 | lr 2.45e-05 | 11.48 step/s | elapsed 4.60h
step 190000/200000 | loss 0.1716 | lr 2.44e-05 | 11.48 step/s | elapsed 4.60h
saved checkpoint at step 190000
step 190100/200000 | loss 0.1721 | lr 2.43e-05 | 11.47 step/s | elapsed 4.60h
step 190200/200000 | loss 0.1664 | lr 2.42e-05 | 11.47 step/s | elapsed 4.60h
step 190300/200000 | loss 0.1711 | lr 2.41e-05 | 11.47 step/s | elapsed 4.61h
step 190400/200000 | loss 0.1735 | lr 2.41e-05 | 11.47 step/s | elapsed 4.61h
step 190500/200000 | loss 0.1742 | lr 2.40e-05 | 11.47 step/s | elapsed 4.61h
step 190600/200000 | loss 0.1723 | lr 2.39e-05 | 11.47 step/s | elapsed 4.61h
step 190700/200000 | loss 0.1721 | lr 2.38e-05 | 11.47 step/s | elapsed 4.62h
step 190800/200000 | loss 0.1726 | lr 2.37e-05 | 11.47 step/s | elapsed 4.62h
step 190900/200000 | loss 0.1722 | lr 2.37e-05 | 11.47 step/s | elapsed 4.62h
step 191000/200000 | loss 0.1720 | lr 2.36e-05 | 11.48 step/s | elapsed 4.62h
step 191100/200000 | loss 0.1708 | lr 2.35e-05 | 11.48 step/s | elapsed 4.63h
step 191200/200000 | loss 0.1726 | lr 2.34e-05 | 11.48 step/s | elapsed 4.63h
step 191300/200000 | loss 0.1733 | lr 2.33e-05 | 11.48 step/s | elapsed 4.63h
step 191400/200000 | loss 0.1732 | lr 2.33e-05 | 11.48 step/s | elapsed 4.63h
step 191500/200000 | loss 0.1726 | lr 2.32e-05 | 11.48 step/s | elapsed 4.64h
step 191600/200000 | loss 0.1724 | lr 2.31e-05 | 11.48 step/s | elapsed 4.64h
step 191700/200000 | loss 0.1741 | lr 2.30e-05 | 11.48 step/s | elapsed 4.64h
step 191800/200000 | loss 0.1725 | lr 2.30e-05 | 11.48 step/s | elapsed 4.64h
step 191900/200000 | loss 0.1697 | lr 2.29e-05 | 11.48 step/s | elapsed 4.64h
step 192000/200000 | loss 0.1693 | lr 2.28e-05 | 11.48 step/s | elapsed 4.65h
step 192100/200000 | loss 0.1732 | lr 2.28e-05 | 11.48 step/s | elapsed 4.65h
step 192200/200000 | loss 0.1717 | lr 2.27e-05 | 11.48 step/s | elapsed 4.65h
step 192300/200000 | loss 0.1713 | lr 2.26e-05 | 11.48 step/s | elapsed 4.65h
step 192400/200000 | loss 0.1698 | lr 2.26e-05 | 11.48 step/s | elapsed 4.66h
step 192500/200000 | loss 0.1698 | lr 2.25e-05 | 11.48 step/s | elapsed 4.66h
step 192600/200000 | loss 0.1746 | lr 2.24e-05 | 11.48 step/s | elapsed 4.66h
step 192700/200000 | loss 0.1723 | lr 2.24e-05 | 11.48 step/s | elapsed 4.66h
step 192800/200000 | loss 0.1719 | lr 2.23e-05 | 11.48 step/s | elapsed 4.67h
step 192900/200000 | loss 0.1725 | lr 2.22e-05 | 11.48 step/s | elapsed 4.67h
step 193000/200000 | loss 0.1728 | lr 2.22e-05 | 11.48 step/s | elapsed 4.67h
step 193100/200000 | loss 0.1728 | lr 2.21e-05 | 11.48 step/s | elapsed 4.67h
step 193200/200000 | loss 0.1726 | lr 2.20e-05 | 11.48 step/s | elapsed 4.68h
step 193300/200000 | loss 0.1694 | lr 2.20e-05 | 11.48 step/s | elapsed 4.68h
step 193400/200000 | loss 0.1720 | lr 2.19e-05 | 11.48 step/s | elapsed 4.68h
step 193500/200000 | loss 0.1728 | lr 2.19e-05 | 11.48 step/s | elapsed 4.68h
step 193600/200000 | loss 0.1695 | lr 2.18e-05 | 11.48 step/s | elapsed 4.68h
step 193700/200000 | loss 0.1734 | lr 2.18e-05 | 11.48 step/s | elapsed 4.69h
step 193800/200000 | loss 0.1717 | lr 2.17e-05 | 11.48 step/s | elapsed 4.69h
step 193900/200000 | loss 0.1718 | lr 2.16e-05 | 11.48 step/s | elapsed 4.69h
step 194000/200000 | loss 0.1705 | lr 2.16e-05 | 11.48 step/s | elapsed 4.69h
step 194100/200000 | loss 0.1722 | lr 2.15e-05 | 11.48 step/s | elapsed 4.70h
step 194200/200000 | loss 0.1724 | lr 2.15e-05 | 11.48 step/s | elapsed 4.70h
step 194300/200000 | loss 0.1728 | lr 2.14e-05 | 11.48 step/s | elapsed 4.70h
step 194400/200000 | loss 0.1716 | lr 2.14e-05 | 11.48 step/s | elapsed 4.70h
step 194500/200000 | loss 0.1729 | lr 2.13e-05 | 11.48 step/s | elapsed 4.70h
step 194600/200000 | loss 0.1704 | lr 2.13e-05 | 11.48 step/s | elapsed 4.71h
step 194700/200000 | loss 0.1741 | lr 2.12e-05 | 11.49 step/s | elapsed 4.71h
step 194800/200000 | loss 0.1734 | lr 2.12e-05 | 11.49 step/s | elapsed 4.71h
step 194900/200000 | loss 0.1727 | lr 2.12e-05 | 11.49 step/s | elapsed 4.71h
step 195000/200000 | loss 0.1711 | lr 2.11e-05 | 11.49 step/s | elapsed 4.72h
step 195100/200000 | loss 0.1711 | lr 2.11e-05 | 11.49 step/s | elapsed 4.72h
step 195200/200000 | loss 0.1708 | lr 2.10e-05 | 11.49 step/s | elapsed 4.72h
step 195300/200000 | loss 0.1691 | lr 2.10e-05 | 11.49 step/s | elapsed 4.72h
step 195400/200000 | loss 0.1712 | lr 2.09e-05 | 11.49 step/s | elapsed 4.73h
step 195500/200000 | loss 0.1721 | lr 2.09e-05 | 11.49 step/s | elapsed 4.73h
step 195600/200000 | loss 0.1715 | lr 2.09e-05 | 11.49 step/s | elapsed 4.73h
step 195700/200000 | loss 0.1709 | lr 2.08e-05 | 11.49 step/s | elapsed 4.73h
step 195800/200000 | loss 0.1731 | lr 2.08e-05 | 11.49 step/s | elapsed 4.73h
step 195900/200000 | loss 0.1726 | lr 2.07e-05 | 11.49 step/s | elapsed 4.74h
step 196000/200000 | loss 0.1719 | lr 2.07e-05 | 11.49 step/s | elapsed 4.74h
step 196100/200000 | loss 0.1703 | lr 2.07e-05 | 11.49 step/s | elapsed 4.74h
step 196200/200000 | loss 0.1708 | lr 2.06e-05 | 11.49 step/s | elapsed 4.74h
step 196300/200000 | loss 0.1701 | lr 2.06e-05 | 11.49 step/s | elapsed 4.75h
step 196400/200000 | loss 0.1732 | lr 2.06e-05 | 11.49 step/s | elapsed 4.75h
step 196500/200000 | loss 0.1744 | lr 2.05e-05 | 11.49 step/s | elapsed 4.75h
step 196600/200000 | loss 0.1731 | lr 2.05e-05 | 11.49 step/s | elapsed 4.75h
step 196700/200000 | loss 0.1720 | lr 2.05e-05 | 11.49 step/s | elapsed 4.76h
step 196800/200000 | loss 0.1723 | lr 2.05e-05 | 11.49 step/s | elapsed 4.76h
step 196900/200000 | loss 0.1713 | lr 2.04e-05 | 11.49 step/s | elapsed 4.76h
step 197000/200000 | loss 0.1705 | lr 2.04e-05 | 11.49 step/s | elapsed 4.76h
step 197100/200000 | loss 0.1719 | lr 2.04e-05 | 11.49 step/s | elapsed 4.76h
step 197200/200000 | loss 0.1716 | lr 2.03e-05 | 11.49 step/s | elapsed 4.77h
step 197300/200000 | loss 0.1717 | lr 2.03e-05 | 11.49 step/s | elapsed 4.77h
step 197400/200000 | loss 0.1740 | lr 2.03e-05 | 11.49 step/s | elapsed 4.77h
step 197500/200000 | loss 0.1710 | lr 2.03e-05 | 11.49 step/s | elapsed 4.77h
step 197600/200000 | loss 0.1749 | lr 2.03e-05 | 11.50 step/s | elapsed 4.77h
step 197700/200000 | loss 0.1726 | lr 2.02e-05 | 11.50 step/s | elapsed 4.78h
step 197800/200000 | loss 0.1742 | lr 2.02e-05 | 11.50 step/s | elapsed 4.78h
step 197900/200000 | loss 0.1732 | lr 2.02e-05 | 11.50 step/s | elapsed 4.78h
step 198000/200000 | loss 0.1726 | lr 2.02e-05 | 11.50 step/s | elapsed 4.78h
step 198100/200000 | loss 0.1750 | lr 2.02e-05 | 11.50 step/s | elapsed 4.79h
step 198200/200000 | loss 0.1769 | lr 2.01e-05 | 11.50 step/s | elapsed 4.79h
step 198300/200000 | loss 0.1764 | lr 2.01e-05 | 11.50 step/s | elapsed 4.79h
step 198400/200000 | loss 0.1745 | lr 2.01e-05 | 11.50 step/s | elapsed 4.79h
step 198500/200000 | loss 0.1754 | lr 2.01e-05 | 11.50 step/s | elapsed 4.79h
step 198600/200000 | loss 0.1748 | lr 2.01e-05 | 11.50 step/s | elapsed 4.80h
step 198700/200000 | loss 0.1764 | lr 2.01e-05 | 11.50 step/s | elapsed 4.80h
step 198800/200000 | loss 0.1807 | lr 2.01e-05 | 11.50 step/s | elapsed 4.80h
step 198900/200000 | loss 0.1817 | lr 2.01e-05 | 11.50 step/s | elapsed 4.80h
step 199000/200000 | loss 0.1852 | lr 2.00e-05 | 11.50 step/s | elapsed 4.81h
step 199100/200000 | loss 0.1865 | lr 2.00e-05 | 11.50 step/s | elapsed 4.81h
step 199200/200000 | loss 0.1832 | lr 2.00e-05 | 11.50 step/s | elapsed 4.81h
step 199300/200000 | loss 0.1839 | lr 2.00e-05 | 11.51 step/s | elapsed 4.81h
step 199400/200000 | loss 0.1907 | lr 2.00e-05 | 11.51 step/s | elapsed 4.81h
step 199500/200000 | loss 0.1902 | lr 2.00e-05 | 11.51 step/s | elapsed 4.82h
step 199600/200000 | loss 0.1942 | lr 2.00e-05 | 11.51 step/s | elapsed 4.82h
step 199700/200000 | loss 0.2045 | lr 2.00e-05 | 11.51 step/s | elapsed 4.82h
step 199800/200000 | loss 0.2244 | lr 2.00e-05 | 11.51 step/s | elapsed 4.82h
step 199900/200000 | loss 0.2025 | lr 2.00e-05 | 11.51 step/s | elapsed 4.83h
step 200000/200000 | loss 0.2013 | lr 2.00e-05 | 11.51 step/s | elapsed 4.83h
saved checkpoint at step 200000
