step,attempt_step,epoch,loss,lr,grad_norm,optimizer_step_skipped
1.0,1.0,0.0,1.070064902305603,1.2000000000000002e-07,5.298747539520264,0.0
2.0,2.0,0.0,1.0715529918670654,2.4000000000000003e-07,5.318901062011719,0.0
3.0,3.0,0.0,1.0720670223236084,3.6000000000000005e-07,5.293665409088135,0.0
4.0,4.0,0.0,1.0732864141464233,4.800000000000001e-07,5.270884037017822,0.0
5.0,5.0,0.0,1.0733120441436768,6.000000000000001e-07,5.282369136810303,0.0
6.0,6.0,0.0,1.0684082508087158,7.200000000000001e-07,5.254164218902588,0.0
7.0,7.0,0.0,1.0686607360839844,8.4e-07,5.259993553161621,0.0
8.0,8.0,0.0,1.0600504875183105,9.600000000000001e-07,5.240024566650391,0.0
9.0,9.0,0.0,1.0611920356750488,1.08e-06,5.265027046203613,0.0
10.0,10.0,0.0,1.0618700981140137,1.2000000000000002e-06,5.2188568115234375,0.0
11.0,11.0,0.0,1.0585052967071533,1.32e-06,5.276917934417725,0.0
12.0,12.0,0.0,1.0515140295028687,1.4400000000000002e-06,5.093860626220703,0.0
13.0,13.0,0.0,1.0482678413391113,1.5599999999999999e-06,5.097324371337891,0.0
14.0,14.0,0.0,1.0489749908447266,1.68e-06,5.1429443359375,0.0
15.0,15.0,0.0,1.0415277481079102,1.8e-06,4.983027458190918,0.0
16.0,16.0,0.0,1.038718342781067,1.9200000000000003e-06,4.923576354980469,0.0
17.0,17.0,0.0,1.036255121231079,2.04e-06,4.977806091308594,0.0
18.0,18.0,0.0,1.031449794769287,2.16e-06,5.0173869132995605,0.0
19.0,19.0,0.0,1.0258002281188965,2.2799999999999998e-06,4.901005744934082,0.0
20.0,20.0,0.0,1.0174086093902588,2.4000000000000003e-06,4.8414082527160645,0.0
21.0,21.0,0.0,1.0179814100265503,2.52e-06,4.8198041915893555,0.0
22.0,22.0,0.0,1.0093655586242676,2.64e-06,4.884171485900879,0.0
23.0,23.0,0.0,1.0046550035476685,2.76e-06,4.80085563659668,0.0
24.0,24.0,0.0,0.9996789693832397,2.8800000000000004e-06,4.615161418914795,0.0
25.0,25.0,0.0,0.9934723377227783,3e-06,4.772459030151367,0.0
26.0,26.0,0.0,0.9865135550498962,3.1199999999999998e-06,4.6860761642456055,0.0
27.0,27.0,0.0,0.9855384826660156,3.2400000000000003e-06,4.596953392028809,0.0
28.0,28.0,0.0,0.9756557941436768,3.36e-06,4.5780029296875,0.0
29.0,29.0,0.0,0.9607293605804443,3.48e-06,4.740561485290527,0.0
30.0,30.0,0.0,0.9607757329940796,3.6e-06,4.454135894775391,0.0
31.0,31.0,0.0,0.9560551643371582,3.7200000000000004e-06,4.369964599609375,0.0
32.0,32.0,0.0,0.9437642693519592,3.8400000000000005e-06,4.655368804931641,0.0
33.0,33.0,0.0,0.9355950355529785,3.96e-06,4.534361362457275,0.0
34.0,34.0,0.0,0.9303192496299744,4.08e-06,4.433847427368164,0.0
35.0,35.0,0.0,0.9275552034378052,4.2e-06,4.306423187255859,0.0
36.0,36.0,0.0,0.9188898801803589,4.32e-06,4.274900913238525,0.0
37.0,37.0,0.0,0.9131433963775635,4.440000000000001e-06,4.248040676116943,0.0
38.0,38.0,0.0,0.9052263498306274,4.5599999999999995e-06,4.191084861755371,0.0
39.0,39.0,0.0,0.8830304145812988,4.68e-06,4.4079694747924805,0.0
40.0,40.0,0.0,0.8834313154220581,4.800000000000001e-06,4.026917457580566,0.0
41.0,41.0,0.0,0.8762716054916382,4.9199999999999995e-06,4.167454242706299,0.0
42.0,42.0,0.0,0.8634290099143982,5.04e-06,4.200900077819824,0.0
43.0,43.0,0.0,0.8536853790283203,5.1600000000000006e-06,4.197760105133057,0.0
44.0,44.0,0.0,0.8426654934883118,5.28e-06,4.10933256149292,0.0
45.0,45.0,0.0,0.8275207281112671,5.4e-06,4.200632095336914,0.0
46.0,46.0,0.0,0.8122463226318359,5.52e-06,4.139193534851074,0.0
47.0,47.0,0.0,0.8093212246894836,5.64e-06,3.9743151664733887,0.0
48.0,48.0,0.0,0.8027503490447998,5.760000000000001e-06,4.002321720123291,0.0
49.0,49.0,0.0,0.7925620079040527,5.88e-06,3.8726515769958496,0.0
50.0,50.0,0.0,0.788108229637146,6e-06,3.6987178325653076,0.0
51.0,51.0,0.0,0.7650036811828613,6.120000000000001e-06,3.87802791595459,0.0
52.0,52.0,0.0,0.7622566223144531,6.2399999999999995e-06,3.7738773822784424,0.0
53.0,53.0,0.0,0.7470806241035461,6.36e-06,3.778425455093384,0.0
54.0,54.0,0.0,0.7444155216217041,6.480000000000001e-06,3.640840768814087,0.0
55.0,55.0,0.0,0.7295533418655396,6.6e-06,3.519885778427124,0.0
56.0,56.0,0.0,0.6991581320762634,6.72e-06,3.7575085163116455,0.0
57.0,57.0,0.0,0.6834537982940674,6.840000000000001e-06,3.7586424350738525,0.0
58.0,58.0,0.0,0.6809091567993164,6.96e-06,3.6028172969818115,0.0
59.0,59.0,0.0,0.6756104230880737,7.08e-06,3.450209856033325,0.0
60.0,60.0,0.0,0.654356062412262,7.2e-06,3.5081887245178223,0.0
61.0,61.0,0.0,0.6280215382575989,7.32e-06,3.52219557762146,0.0
62.0,62.0,0.0,0.6345499753952026,7.440000000000001e-06,3.365114450454712,0.0
63.0,63.0,0.0,0.6292362213134766,7.56e-06,3.2375268936157227,0.0
64.0,64.0,0.0,0.6008427739143372,7.680000000000001e-06,3.2811477184295654,0.0
65.0,65.0,0.0,0.593831479549408,7.8e-06,3.3844473361968994,0.0
66.0,66.0,0.0,0.5697309970855713,7.92e-06,3.263974666595459,0.0
67.0,67.0,0.0,0.5576740503311157,8.040000000000001e-06,3.1491305828094482,0.0
68.0,68.0,0.0,0.548292875289917,8.16e-06,3.136171340942383,0.0
69.0,69.0,0.0,0.5316038131713867,8.28e-06,3.1024301052093506,0.0
70.0,70.0,0.0,0.5207005143165588,8.4e-06,3.0358242988586426,0.0
71.0,71.0,0.0,0.5062883496284485,8.52e-06,2.9555819034576416,0.0
72.0,72.0,0.0,0.5218428373336792,8.64e-06,2.746927261352539,0.0
73.0,73.0,0.0,0.4773961901664734,8.76e-06,2.8459315299987793,0.0
74.0,74.0,0.0,0.452411949634552,8.880000000000001e-06,2.7919013500213623,0.0
75.0,75.0,0.0,0.43771716952323914,9e-06,2.7234373092651367,0.0
76.0,76.0,0.0,0.4506075978279114,9.119999999999999e-06,2.5459964275360107,0.0
77.0,77.0,0.0,0.4265930652618408,9.24e-06,2.4611663818359375,0.0
78.0,78.0,0.0,0.43493640422821045,9.36e-06,2.3961009979248047,0.0
79.0,79.0,0.0,0.4106810688972473,9.48e-06,2.3172662258148193,0.0
80.0,80.0,0.0,0.39709001779556274,9.600000000000001e-06,2.3097691535949707,0.0
81.0,81.0,0.0,0.3872104287147522,9.72e-06,2.2116289138793945,0.0
82.0,82.0,0.0,0.3710402846336365,9.839999999999999e-06,2.2133424282073975,0.0
83.0,83.0,0.0,0.3532007932662964,9.96e-06,2.0028903484344482,0.0
84.0,84.0,0.0,0.33546483516693115,1.008e-05,2.1166505813598633,0.0
85.0,85.0,0.0,0.34666895866394043,1.02e-05,1.8848769664764404,0.0
86.0,86.0,0.0,0.3228253126144409,1.0320000000000001e-05,1.8850313425064087,0.0
87.0,87.0,0.0,0.3163380026817322,1.044e-05,1.8272552490234375,0.0
88.0,88.0,0.0,0.3055521249771118,1.056e-05,1.7200621366500854,0.0
89.0,89.0,0.0,0.29691460728645325,1.0680000000000001e-05,1.6093262434005737,0.0
90.0,90.0,0.0,0.2884964346885681,1.08e-05,1.5266523361206055,0.0
91.0,91.0,0.0,0.28697437047958374,1.092e-05,1.4075984954833984,0.0
92.0,92.0,0.0,0.3063860237598419,1.104e-05,1.3390036821365356,0.0
93.0,93.0,0.0,0.2664128541946411,1.116e-05,1.3214529752731323,0.0
94.0,94.0,0.0,0.27193909883499146,1.128e-05,1.3973509073257446,0.0
95.0,95.0,0.0,0.25194820761680603,1.1400000000000001e-05,1.276431679725647,0.0
96.0,96.0,0.0,0.25513288378715515,1.1520000000000002e-05,1.0982807874679565,0.0
97.0,97.0,0.0,0.2454717457294464,1.164e-05,1.08622145652771,0.0
98.0,98.0,0.0,0.22709691524505615,1.176e-05,1.1280992031097412,0.0
99.0,99.0,0.0,0.21378329396247864,1.188e-05,0.9925339818000793,0.0
100.0,100.0,0.0,0.18631714582443237,1.2e-05,1.0223461389541626,0.0
101.0,101.0,0.0,0.21548599004745483,1.2120000000000001e-05,0.9041019082069397,0.0
102.0,102.0,0.0,0.19951963424682617,1.2240000000000001e-05,0.8986362218856812,0.0
103.0,103.0,0.0,0.20325031876564026,1.236e-05,0.7479400038719177,0.0
104.0,104.0,0.0,0.2086612582206726,1.2479999999999999e-05,0.8244118690490723,0.0
105.0,105.0,0.0,0.1695692241191864,1.26e-05,0.8266932368278503,0.0
106.0,106.0,0.0,0.18983817100524902,1.272e-05,0.9122019410133362,0.0
107.0,107.0,0.0,0.18725711107254028,1.284e-05,0.6058445572853088,0.0
108.0,108.0,0.0,0.1838369369506836,1.2960000000000001e-05,0.6674047112464905,0.0
109.0,109.0,0.0,0.17638826370239258,1.308e-05,0.63099604845047,0.0
110.0,110.0,0.0,0.1662588119506836,1.32e-05,0.496621698141098,0.0
111.0,111.0,0.0,0.1717466115951538,1.332e-05,0.517649233341217,0.0
112.0,112.0,0.0,0.1765669882297516,1.344e-05,0.4996934235095978,0.0
113.0,113.0,0.0,0.16982074081897736,1.356e-05,0.47097504138946533,0.0
114.0,114.0,0.0,0.18189916014671326,1.3680000000000001e-05,0.4919860064983368,0.0
115.0,115.0,0.0,0.18135598301887512,1.38e-05,0.4018363952636719,0.0
116.0,116.0,0.0,0.17069625854492188,1.392e-05,0.3888586461544037,0.0
117.0,117.0,0.0,0.14801570773124695,1.4040000000000001e-05,0.4478188753128052,0.0
118.0,118.0,0.0,0.14306636154651642,1.416e-05,0.39638590812683105,0.0
119.0,119.0,0.0,0.15043005347251892,1.428e-05,0.36720919609069824,0.0
120.0,120.0,0.0,0.14768435060977936,1.44e-05,0.39787277579307556,0.0
121.0,121.0,0.0,0.1666940450668335,1.452e-05,0.6514242887496948,0.0
122.0,122.0,0.0,0.15467451512813568,1.464e-05,0.3874061107635498,0.0
123.0,123.0,0.0,0.15710380673408508,1.4760000000000001e-05,0.5253963470458984,0.0
124.0,124.0,0.0,0.16486556828022003,1.4880000000000002e-05,0.3494766354560852,0.0
125.0,125.0,0.0,0.14448592066764832,1.5e-05,0.3558148741722107,0.0
126.0,126.0,0.0,0.16016823053359985,1.512e-05,0.3724609613418579,0.0
127.0,127.0,0.0,0.1353883296251297,1.524e-05,0.47447502613067627,0.0
128.0,128.0,0.0,0.1298145055770874,1.5360000000000002e-05,0.2834969758987427,0.0
129.0,129.0,0.0,0.14525695145130157,1.548e-05,0.3557901680469513,0.0
130.0,130.0,0.0,0.14316467940807343,1.56e-05,0.3403658866882324,0.0
131.0,131.0,0.0,0.14225536584854126,1.5720000000000002e-05,0.32261568307876587,0.0
132.0,132.0,0.0,0.14058905839920044,1.584e-05,0.28221961855888367,0.0
133.0,133.0,0.0,0.14210888743400574,1.5960000000000003e-05,0.29748207330703735,0.0
134.0,134.0,0.0,0.13845688104629517,1.6080000000000002e-05,0.5014988780021667,0.0
135.0,135.0,0.0,0.14082390069961548,1.62e-05,0.3690546452999115,0.0
136.0,136.0,0.0,0.1349351704120636,1.632e-05,0.462141752243042,0.0
137.0,137.0,0.0,0.1650487333536148,1.644e-05,0.3600926995277405,0.0
138.0,138.0,0.0,0.13512808084487915,1.656e-05,0.31371819972991943,0.0
139.0,139.0,0.0,0.12861056625843048,1.668e-05,0.2804715633392334,0.0
140.0,140.0,0.0,0.12628209590911865,1.68e-05,0.30755379796028137,0.0
141.0,141.0,0.0,0.12025772035121918,1.692e-05,0.2846265435218811,0.0
142.0,142.0,0.0,0.13317251205444336,1.704e-05,0.306932657957077,0.0
143.0,143.0,0.0,0.12457561492919922,1.7160000000000002e-05,0.285795658826828,0.0
144.0,144.0,0.0,0.1507023423910141,1.728e-05,0.34457680583000183,0.0
145.0,145.0,0.0,0.15365108847618103,1.74e-05,0.40349912643432617,0.0
146.0,146.0,0.0,0.12653833627700806,1.752e-05,0.3961527347564697,0.0
147.0,147.0,0.0,0.1149415671825409,1.764e-05,0.2916310429573059,0.0
148.0,148.0,0.0,0.11504127085208893,1.7760000000000003e-05,0.269389808177948,0.0
149.0,149.0,0.0,0.1492401659488678,1.788e-05,0.2925684452056885,0.0
150.0,150.0,0.0,0.13903145492076874,1.8e-05,0.3836507499217987,0.0
151.0,151.0,0.0,0.14251407980918884,1.812e-05,0.2960900068283081,0.0
152.0,152.0,0.0,0.13180957734584808,1.8239999999999998e-05,0.4800615906715393,0.0
153.0,153.0,0.0,0.15575088560581207,1.836e-05,0.35112619400024414,0.0
154.0,154.0,0.0,0.13415661454200745,1.848e-05,0.46921876072883606,0.0
155.0,155.0,0.0,0.14218494296073914,1.86e-05,0.33060359954833984,0.0
156.0,156.0,0.0,0.11615043133497238,1.872e-05,0.333003968000412,0.0
157.0,157.0,0.0,0.1369684338569641,1.884e-05,0.43473780155181885,0.0
158.0,158.0,0.0,0.14005661010742188,1.896e-05,0.2250806987285614,0.0
159.0,159.0,0.0,0.1381404995918274,1.908e-05,0.3418582081794739,0.0
160.0,160.0,0.0,0.1195206418633461,1.9200000000000003e-05,0.3048722445964813,0.0
161.0,161.0,0.0,0.14888882637023926,1.932e-05,0.5694707632064819,0.0
162.0,162.0,0.0,0.1178760975599289,1.944e-05,0.2680196762084961,0.0
163.0,163.0,0.0,0.12495478242635727,1.9560000000000002e-05,0.39955374598503113,0.0
164.0,164.0,0.0,0.1336272805929184,1.9679999999999998e-05,0.35604020953178406,0.0
165.0,165.0,0.0,0.12051412463188171,1.98e-05,0.2667287290096283,0.0
166.0,166.0,0.0,0.12167148292064667,1.992e-05,0.3904426395893097,0.0
167.0,167.0,0.0,0.14016905426979065,2.0039999999999998e-05,0.33581238985061646,0.0
168.0,168.0,0.0,0.14044001698493958,2.016e-05,0.32018619775772095,0.0
169.0,169.0,0.0,0.1114036962389946,2.028e-05,0.3846706449985504,0.0
170.0,170.0,0.0,0.1295795738697052,2.04e-05,0.3618010878562927,0.0
171.0,171.0,0.0,0.13027209043502808,2.052e-05,0.38560163974761963,0.0
172.0,172.0,0.0,0.13440807163715363,2.0640000000000002e-05,0.3412243723869324,0.0
173.0,173.0,0.0,0.12491113692522049,2.076e-05,0.4321414828300476,0.0
174.0,174.0,0.0,0.13823556900024414,2.088e-05,0.442359983921051,0.0
175.0,175.0,0.0,0.10802789032459259,2.1000000000000002e-05,0.3239515721797943,0.0
176.0,176.0,0.0,0.12191183865070343,2.112e-05,0.4513583183288574,0.0
177.0,177.0,0.0,0.09412148594856262,2.1240000000000003e-05,0.3028905987739563,0.0
178.0,178.0,0.0,0.100979283452034,2.1360000000000002e-05,0.3031218349933624,0.0
179.0,179.0,0.0,0.10699731111526489,2.1479999999999998e-05,0.33735308051109314,0.0
180.0,180.0,0.0,0.10543571412563324,2.16e-05,0.26939669251441956,0.0
181.0,181.0,0.0,0.11963826417922974,2.172e-05,0.2262391895055771,0.0
182.0,182.0,0.0,0.10543832182884216,2.184e-05,0.3245949149131775,0.0
183.0,183.0,0.0,0.11749972403049469,2.196e-05,0.3962233364582062,0.0
184.0,184.0,0.0,0.11251677572727203,2.208e-05,0.37192419171333313,0.0
185.0,185.0,0.0,0.1022973358631134,2.22e-05,0.2750687301158905,0.0
186.0,186.0,0.0,0.12335211038589478,2.232e-05,0.29193878173828125,0.0
187.0,187.0,0.0,0.12398535013198853,2.2440000000000002e-05,0.4084036350250244,0.0
188.0,188.0,0.0,0.10934370011091232,2.256e-05,0.2257256805896759,0.0
189.0,189.0,0.0,0.10567475855350494,2.2680000000000003e-05,0.344986230134964,0.0
190.0,190.0,0.0,0.10831114649772644,2.2800000000000002e-05,0.3428313136100769,0.0
191.0,191.0,0.0,0.12267257273197174,2.292e-05,0.3517770767211914,0.0
192.0,192.0,0.0,0.09937819838523865,2.3040000000000003e-05,0.21618612110614777,0.0
193.0,193.0,0.0,0.10454510152339935,2.316e-05,0.2758449614048004,0.0
194.0,194.0,0.0,0.09109905362129211,2.328e-05,0.3151618242263794,0.0
195.0,195.0,0.0,0.10673061013221741,2.34e-05,0.2689974904060364,0.0
196.0,196.0,0.0,0.1140889823436737,2.352e-05,0.2508743107318878,0.0
197.0,197.0,0.0,0.1184985414147377,2.364e-05,0.37559494376182556,0.0
198.0,198.0,0.0,0.09401075541973114,2.376e-05,0.3090726137161255,0.0
199.0,199.0,0.0,0.14092925190925598,2.3880000000000002e-05,0.48283851146698,0.0
200.0,200.0,0.0,0.10885944962501526,2.4e-05,0.26785439252853394,0.0
201.0,201.0,0.0,0.11293511092662811,2.412e-05,0.2860589623451233,0.0
202.0,202.0,0.0,0.1020188182592392,2.4240000000000002e-05,0.297725111246109,0.0
203.0,203.0,0.0,0.1268552541732788,2.436e-05,0.2657955288887024,0.0
204.0,204.0,0.0,0.11047478020191193,2.4480000000000003e-05,0.2880271077156067,0.0
205.0,205.0,0.0,0.11099188029766083,2.46e-05,0.21671655774116516,0.0
206.0,206.0,0.0,0.13307085633277893,2.472e-05,0.3274856507778168,0.0
207.0,207.0,0.0,0.10770028829574585,2.484e-05,0.27066880464553833,0.0
208.0,208.0,0.0,0.10926418006420135,2.4959999999999998e-05,0.2373429238796234,0.0
209.0,209.0,0.0,0.11550747603178024,2.508e-05,0.30524927377700806,0.0
210.0,210.0,0.0,0.12563523650169373,2.52e-05,0.3344927728176117,0.0
211.0,211.0,0.0,0.1038179099559784,2.532e-05,0.273383229970932,0.0
212.0,212.0,0.0,0.09718592464923859,2.544e-05,0.34807005524635315,0.0
213.0,213.0,0.0,0.10374012589454651,2.556e-05,0.2748640477657318,0.0
214.0,214.0,0.0,0.1198178231716156,2.568e-05,0.3433438539505005,0.0
215.0,215.0,0.0,0.11288414895534515,2.58e-05,0.28620415925979614,0.0
216.0,216.0,0.0,0.10243455320596695,2.5920000000000003e-05,0.3084445595741272,0.0
217.0,217.0,0.0,0.1010209321975708,2.604e-05,0.2572130560874939,0.0
218.0,218.0,0.0,0.10665033757686615,2.616e-05,0.3592926561832428,0.0
219.0,219.0,0.0,0.11283126473426819,2.6280000000000002e-05,0.43014058470726013,0.0
220.0,220.0,0.0,0.09585629403591156,2.64e-05,0.2777937352657318,0.0
221.0,221.0,0.0,0.11603987216949463,2.6520000000000004e-05,0.5233680605888367,0.0
222.0,222.0,0.0,0.08997581154108047,2.664e-05,0.3757171630859375,0.0
223.0,223.0,0.0,0.09498438239097595,2.6759999999999998e-05,0.3887161612510681,0.0
224.0,224.0,0.0,0.10573022812604904,2.688e-05,0.6455761194229126,0.0
225.0,225.0,0.0,0.08831840753555298,2.7e-05,0.23047396540641785,0.0
226.0,226.0,0.0,0.08531296253204346,2.712e-05,0.5001603364944458,0.0
227.0,227.0,0.0,0.10032878071069717,2.724e-05,0.3521668612957001,0.0
228.0,228.0,0.0,0.09040094912052155,2.7360000000000002e-05,0.2522166669368744,0.0
229.0,229.0,0.0,0.10125398635864258,2.748e-05,0.26270627975463867,0.0
230.0,230.0,0.0,0.11009983718395233,2.76e-05,0.3489416837692261,0.0
231.0,231.0,0.0,0.09284818917512894,2.7720000000000002e-05,0.2861593961715698,0.0
232.0,232.0,0.0,0.08716919273138046,2.784e-05,0.25475597381591797,0.0
233.0,233.0,0.0,0.10086098313331604,2.7960000000000003e-05,0.26227831840515137,0.0
234.0,234.0,0.0,0.10374283045530319,2.8080000000000002e-05,0.2846079468727112,0.0
235.0,235.0,0.0,0.10235334932804108,2.82e-05,0.36237165331840515,0.0
236.0,236.0,0.0,0.10090918838977814,2.832e-05,0.25928711891174316,0.0
237.0,237.0,0.0,0.09917401522397995,2.844e-05,0.31313878297805786,0.0
238.0,238.0,0.0,0.12306032329797745,2.856e-05,0.40332120656967163,0.0
239.0,239.0,0.0,0.10827493667602539,2.868e-05,0.3072349727153778,0.0
240.0,240.0,0.0,0.08091164380311966,2.88e-05,0.27757737040519714,0.0
241.0,241.0,0.0,0.08817914128303528,2.892e-05,0.3894093930721283,0.0
242.0,242.0,0.0,0.09493406862020493,2.904e-05,0.3900204598903656,0.0
243.0,243.0,0.0,0.08875808119773865,2.9160000000000002e-05,0.4084022045135498,0.0
244.0,244.0,0.0,0.08833083510398865,2.928e-05,0.40495508909225464,0.0
245.0,245.0,0.0,0.10135768353939056,2.94e-05,0.29068323969841003,0.0
246.0,246.0,0.0,0.076739102602005,2.9520000000000002e-05,0.3099389374256134,0.0
247.0,247.0,0.0,0.09521087259054184,2.964e-05,0.3721531629562378,0.0
248.0,248.0,0.0,0.11330847442150116,2.9760000000000003e-05,0.421448290348053,0.0
249.0,249.0,0.0,0.11203808337450027,2.9880000000000002e-05,0.4156133234500885,0.0
250.0,250.0,0.0,0.08962304145097733,3e-05,0.2381875216960907,0.0
251.0,251.0,0.0,0.09560643881559372,3.012e-05,0.4169071912765503,0.0
252.0,252.0,0.0,0.08460400253534317,3.024e-05,0.29453760385513306,0.0
253.0,253.0,0.0,0.0975649356842041,3.036e-05,0.37180596590042114,0.0
254.0,254.0,0.0,0.09233047813177109,3.048e-05,0.3795604407787323,0.0
255.0,255.0,0.0,0.09717866778373718,3.0600000000000005e-05,0.37652602791786194,0.0
256.0,256.0,0.0,0.0949447751045227,3.0720000000000004e-05,0.37347492575645447,0.0
257.0,257.0,0.0,0.09666454792022705,3.0839999999999996e-05,0.4125306308269501,0.0
258.0,258.0,0.0,0.08667681366205215,3.096e-05,0.2768321931362152,0.0
259.0,259.0,0.0,0.09363248199224472,3.108e-05,0.40903240442276,0.0
260.0,260.0,0.0,0.08898424357175827,3.12e-05,0.2626648545265198,0.0
261.0,261.0,0.0,0.09371814876794815,3.132e-05,0.2378702163696289,0.0
262.0,262.0,0.0,0.0919337198138237,3.1440000000000004e-05,0.3663972020149231,0.0
263.0,263.0,0.0,0.08793467283248901,3.1559999999999996e-05,0.22114035487174988,0.0
264.0,264.0,0.0,0.0811505913734436,3.168e-05,0.304159551858902,0.0
265.0,265.0,0.0,0.09035784006118774,3.18e-05,0.2807602286338806,0.0
266.0,266.0,0.0,0.094168521463871,3.1920000000000006e-05,0.2892058491706848,0.0
267.0,267.0,0.0,0.10197043418884277,3.204e-05,0.3052070438861847,0.0
268.0,268.0,0.0,0.09042102098464966,3.2160000000000004e-05,0.479804128408432,0.0
269.0,269.0,0.0,0.09430593252182007,3.228e-05,0.25151747465133667,0.0
270.0,270.0,0.0,0.08744323253631592,3.24e-05,0.3579716682434082,0.0
271.0,271.0,0.0,0.09240284562110901,3.252e-05,0.308628648519516,0.0
272.0,272.0,0.0,0.08878840506076813,3.264e-05,0.3790183663368225,0.0
273.0,273.0,0.0,0.10758408904075623,3.276e-05,0.3874691128730774,0.0
274.0,274.0,0.0,0.08719126880168915,3.288e-05,0.28612595796585083,0.0
275.0,275.0,0.0,0.10570098459720612,3.3e-05,0.2488686889410019,0.0
276.0,276.0,0.0,0.0850171446800232,3.312e-05,0.2843590974807739,0.0
277.0,277.0,0.0,0.10138319432735443,3.324e-05,0.3122500777244568,0.0
278.0,278.0,0.0,0.08967076241970062,3.336e-05,0.2632937729358673,0.0
279.0,279.0,0.0,0.09510410577058792,3.3480000000000005e-05,0.32670944929122925,0.0
280.0,280.0,0.0,0.08731676638126373,3.36e-05,0.26713091135025024,0.0
281.0,281.0,0.0,0.10404717922210693,3.372e-05,0.36278635263442993,0.0
282.0,282.0,0.0,0.0966622531414032,3.384e-05,0.27973946928977966,0.0
283.0,283.0,0.0,0.0849662721157074,3.396000000000001e-05,0.36035916209220886,0.0
284.0,284.0,0.0,0.08775702863931656,3.408e-05,0.5422171950340271,0.0
285.0,285.0,0.0,0.11255978047847748,3.4200000000000005e-05,0.5652701258659363,0.0
286.0,286.0,0.0,0.08028604835271835,3.4320000000000003e-05,0.3246431350708008,0.0
287.0,287.0,0.0,0.08696641772985458,3.4439999999999996e-05,0.3953734338283539,0.0
288.0,288.0,0.0,0.09486952424049377,3.456e-05,0.4369119703769684,0.0
289.0,289.0,0.0,0.09235026687383652,3.468e-05,0.35551753640174866,0.0
290.0,290.0,0.0,0.08884719014167786,3.48e-05,0.34736743569374084,0.0
291.0,291.0,0.0,0.10075648128986359,3.492e-05,0.27854830026626587,0.0
292.0,292.0,0.0,0.1071457788348198,3.504e-05,0.3970952332019806,0.0
293.0,293.0,0.0,0.08180856704711914,3.516e-05,0.3229522407054901,0.0
294.0,294.0,0.0,0.10378707945346832,3.528e-05,0.34470945596694946,0.0
295.0,295.0,0.0,0.08261719346046448,3.54e-05,0.2611026465892792,0.0
296.0,296.0,0.0,0.07722137123346329,3.5520000000000006e-05,0.4169851243495941,0.0
297.0,297.0,0.0,0.08854155242443085,3.564e-05,0.2909930348396301,0.0
298.0,298.0,0.0,0.08170758187770844,3.576e-05,0.34530168771743774,0.0
299.0,299.0,0.0,0.10040244460105896,3.588e-05,0.3725718557834625,0.0
300.0,300.0,0.0,0.07117195427417755,3.6e-05,0.26080775260925293,0.0
301.0,301.0,0.0,0.07783516496419907,3.612e-05,0.40003615617752075,0.0
302.0,302.0,0.0,0.09084843099117279,3.624e-05,0.3258378505706787,0.0
303.0,303.0,0.0,0.07950037717819214,3.6360000000000004e-05,0.2758878469467163,0.0
304.0,304.0,0.0,0.0853796899318695,3.6479999999999996e-05,0.4893350601196289,0.0
305.0,305.0,0.0,0.08913882076740265,3.66e-05,0.26889368891716003,0.0
306.0,306.0,0.0,0.0786016657948494,3.672e-05,0.3175705075263977,0.0
307.0,307.0,0.0,0.0819815844297409,3.684e-05,0.21937021613121033,0.0
308.0,308.0,0.0,0.08452223986387253,3.696e-05,0.25929635763168335,0.0
309.0,309.0,0.0,0.0804378092288971,3.7080000000000004e-05,0.258851557970047,0.0
310.0,310.0,0.0,0.07509712129831314,3.72e-05,0.23675844073295593,0.0
311.0,311.0,0.0,0.07553201913833618,3.732e-05,0.21972568333148956,0.0
312.0,312.0,0.0,0.09087023138999939,3.744e-05,0.25004997849464417,0.0
313.0,313.0,0.0,0.0917612835764885,3.7560000000000006e-05,0.2540351450443268,0.0
314.0,314.0,0.0,0.11406329274177551,3.768e-05,0.31950488686561584,0.0
315.0,315.0,0.0,0.09850160032510757,3.78e-05,0.30501577258110046,0.0
316.0,316.0,0.0,0.06999610364437103,3.792e-05,0.28490930795669556,0.0
317.0,317.0,0.0,0.07327775657176971,3.804e-05,0.3386327922344208,0.0
318.0,318.0,0.0,0.07376679033041,3.816e-05,0.25972557067871094,0.0
319.0,319.0,0.0,0.08577299118041992,3.828e-05,0.3443373739719391,0.0
320.0,320.0,0.0,0.08898088335990906,3.8400000000000005e-05,0.23905420303344727,0.0
321.0,321.0,0.0,0.09107479453086853,3.852e-05,0.3004927635192871,0.0
322.0,322.0,0.0,0.09070008993148804,3.864e-05,0.31602776050567627,0.0
323.0,323.0,0.0,0.08971096575260162,3.876e-05,0.20812426507472992,0.0
324.0,324.0,0.0,0.07834616303443909,3.888e-05,0.2794370651245117,0.0
325.0,325.0,0.0,0.07918144017457962,3.9e-05,0.257545530796051,0.0
326.0,326.0,0.0,0.0911373496055603,3.9120000000000005e-05,0.23715369403362274,0.0
327.0,327.0,0.0,0.06982262432575226,3.9240000000000004e-05,0.2783015966415405,0.0
328.0,328.0,0.0,0.08301572501659393,3.9359999999999996e-05,0.24696213006973267,0.0
329.0,329.0,0.0,0.0874379351735115,3.948e-05,0.27623558044433594,0.0
330.0,330.0,0.0,0.09615516662597656,3.96e-05,0.32454678416252136,0.0
331.0,331.0,0.0,0.09284785389900208,3.972e-05,0.25943097472190857,0.0
332.0,332.0,0.0,0.0774136409163475,3.984e-05,0.3157912492752075,0.0
333.0,333.0,0.0,0.06868694722652435,3.9960000000000004e-05,0.1823197901248932,0.0
334.0,334.0,0.0,0.07922893017530441,4.0079999999999996e-05,0.21766670048236847,0.0
335.0,335.0,0.0,0.07307153940200806,4.02e-05,0.2636239230632782,0.0
336.0,336.0,0.0,0.0826370045542717,4.032e-05,0.30189618468284607,0.0
337.0,337.0,0.0,0.09212980419397354,4.0440000000000006e-05,0.27637210488319397,0.0
338.0,338.0,0.0,0.0809556320309639,4.056e-05,0.2939292788505554,0.0
339.0,339.0,0.0,0.08641616255044937,4.0680000000000004e-05,0.3250695466995239,0.0
340.0,340.0,0.0,0.09420333802700043,4.08e-05,0.5397855639457703,0.0
341.0,341.0,0.0,0.0926612839102745,4.092e-05,0.3520767092704773,0.0
342.0,342.0,0.0,0.08726142346858978,4.104e-05,0.31752243638038635,0.0
343.0,343.0,0.0,0.09638584405183792,4.116e-05,0.33616745471954346,0.0
344.0,344.0,0.0,0.07870280742645264,4.1280000000000005e-05,0.2453669011592865,0.0
345.0,345.0,0.0,0.09079256653785706,4.14e-05,0.3152182996273041,0.0
346.0,346.0,0.0,0.09014905989170074,4.152e-05,0.2834722101688385,0.0
347.0,347.0,0.0,0.09428779780864716,4.164e-05,0.28736960887908936,0.0
348.0,348.0,0.0,0.10193467140197754,4.176e-05,0.3735229969024658,0.0
349.0,349.0,0.0,0.10448545962572098,4.188e-05,0.26441690325737,0.0
350.0,350.0,0.0,0.07787617295980453,4.2000000000000004e-05,0.3667094111442566,0.0
351.0,351.0,0.0,0.08265966922044754,4.2119999999999997e-05,0.2341669797897339,0.0
352.0,352.0,0.0,0.08000405132770538,4.224e-05,0.3368375897407532,0.0
353.0,353.0,0.0,0.06917007267475128,4.236e-05,0.21755561232566833,0.0
354.0,354.0,0.0,0.09396176785230637,4.248000000000001e-05,0.23084233701229095,0.0
355.0,355.0,0.0,0.0648089125752449,4.26e-05,0.25854364037513733,0.0
356.0,356.0,0.0,0.08511059731245041,4.2720000000000004e-05,0.19114097952842712,0.0
357.0,357.0,0.0,0.08044078201055527,4.284e-05,0.22368168830871582,0.0
358.0,358.0,0.0,0.07328728586435318,4.2959999999999995e-05,0.2053079903125763,0.0
359.0,359.0,0.0,0.08576085418462753,4.308e-05,0.45256829261779785,0.0
360.0,360.0,0.0,0.08050704747438431,4.32e-05,0.5978434681892395,0.0
361.0,361.0,0.0,0.08924157917499542,4.3320000000000005e-05,0.2985876500606537,0.0
362.0,362.0,0.0,0.08362404257059097,4.344e-05,0.3581320643424988,0.0
363.0,363.0,0.0,0.08819565922021866,4.356e-05,0.3405919671058655,0.0
364.0,364.0,0.0,0.10367275774478912,4.368e-05,0.32420122623443604,0.0
365.0,365.0,0.0,0.07736331224441528,4.38e-05,0.3395214378833771,0.0
366.0,366.0,0.0,0.08637695014476776,4.392e-05,0.28234362602233887,0.0
367.0,367.0,0.0,0.08884292095899582,4.4040000000000005e-05,0.35653749108314514,0.0
368.0,368.0,0.0,0.10156959295272827,4.416e-05,0.3784765899181366,0.0
369.0,369.0,0.0,0.0825280249118805,4.428e-05,0.6490243077278137,0.0
370.0,370.0,0.0,0.08202426135540009,4.44e-05,0.3119400143623352,0.0
371.0,371.0,0.0,0.08995246887207031,4.452e-05,0.5222471952438354,0.0
372.0,372.0,0.0,0.0887012630701065,4.464e-05,0.3700615167617798,0.0
373.0,373.0,0.0,0.12368527054786682,4.476e-05,0.7342054843902588,0.0
374.0,374.0,0.0,0.09295773506164551,4.4880000000000004e-05,0.3954746425151825,0.0
375.0,375.0,0.0,0.08188845962285995,4.4999999999999996e-05,0.4168095290660858,0.0
376.0,376.0,0.0,0.06507104635238647,4.512e-05,0.33672642707824707,0.0
377.0,377.0,0.0,0.08022504299879074,4.524e-05,0.3379213511943817,0.0
378.0,378.0,0.0,0.08068320155143738,4.5360000000000006e-05,0.3858470916748047,0.0
379.0,379.0,0.0,0.08426859974861145,4.548e-05,0.3357301950454712,0.0
380.0,380.0,0.0,0.08126284182071686,4.5600000000000004e-05,0.38355645537376404,0.0
381.0,381.0,0.0,0.08373347669839859,4.572e-05,0.2549416422843933,0.0
382.0,382.0,0.0,0.0948164239525795,4.584e-05,0.33779942989349365,0.0
383.0,383.0,0.0,0.06858696043491364,4.596e-05,0.2481425553560257,0.0
384.0,384.0,0.0,0.09079444408416748,4.6080000000000006e-05,0.43515273928642273,0.0
385.0,385.0,0.0,0.0664476603269577,4.62e-05,0.21339766681194305,0.0
386.0,386.0,0.0,0.06387912482023239,4.632e-05,0.2563968002796173,0.0
387.0,387.0,0.0,0.06343910098075867,4.644e-05,0.20315954089164734,0.0
388.0,388.0,0.0,0.09343637526035309,4.656e-05,0.28220632672309875,0.0
389.0,389.0,0.0,0.08768312633037567,4.668e-05,0.232615664601326,0.0
390.0,390.0,0.0,0.08081710338592529,4.68e-05,0.1903335303068161,0.0
391.0,391.0,1.0,0.09005232155323029,4.6920000000000005e-05,0.2982000708580017,0.0
392.0,392.0,1.0,0.10270300507545471,4.704e-05,0.46271470189094543,0.0
393.0,393.0,1.0,0.0732826218008995,4.716e-05,0.2882999777793884,0.0
394.0,394.0,1.0,0.07324052602052689,4.728e-05,0.3297383487224579,0.0
395.0,395.0,1.0,0.056021131575107574,4.740000000000001e-05,0.24698981642723083,0.0
396.0,396.0,1.0,0.08304795622825623,4.752e-05,0.4230179190635681,0.0
397.0,397.0,1.0,0.10090014338493347,4.7640000000000005e-05,0.3002975285053253,0.0
398.0,398.0,1.0,0.07834848761558533,4.7760000000000004e-05,0.4512646198272705,0.0
399.0,399.0,1.0,0.06629754602909088,4.7879999999999996e-05,0.20783422887325287,0.0
400.0,400.0,1.0,0.07408416271209717,4.8e-05,0.5041962265968323,0.0
401.0,401.0,1.0,0.07219576090574265,4.812e-05,0.31206387281417847,0.0
402.0,402.0,1.0,0.07611414790153503,4.824e-05,0.3169814944267273,0.0
403.0,403.0,1.0,0.0755859762430191,4.836e-05,0.43449074029922485,0.0
404.0,404.0,1.0,0.07593383640050888,4.8480000000000003e-05,0.24600763618946075,0.0
405.0,405.0,1.0,0.08339720964431763,4.86e-05,0.4336358904838562,0.0
406.0,406.0,1.0,0.08448435366153717,4.872e-05,0.3244420886039734,0.0
407.0,407.0,1.0,0.1059865728020668,4.884e-05,0.467445969581604,0.0
408.0,408.0,1.0,0.08008448779582977,4.8960000000000006e-05,0.385722279548645,0.0
409.0,409.0,1.0,0.07737154513597488,4.908e-05,0.47169947624206543,0.0
410.0,410.0,1.0,0.08397433161735535,4.92e-05,0.40501880645751953,0.0
411.0,411.0,1.0,0.08072850108146667,4.932e-05,0.36175063252449036,0.0
412.0,412.0,1.0,0.08217373490333557,4.944e-05,0.46473637223243713,0.0
413.0,413.0,1.0,0.08361051976680756,4.956e-05,0.3207020163536072,0.0
414.0,414.0,1.0,0.08565458655357361,4.968e-05,0.3652608394622803,0.0
415.0,415.0,1.0,0.08389005064964294,4.9800000000000004e-05,0.35381969809532166,0.0
416.0,416.0,1.0,0.10438351333141327,4.9919999999999996e-05,0.35192251205444336,0.0
417.0,417.0,1.0,0.08235038816928864,5.004e-05,0.2634340226650238,0.0
418.0,418.0,1.0,0.08744321763515472,5.016e-05,0.3714110851287842,0.0
419.0,419.0,1.0,0.09326323121786118,5.028e-05,0.3174932301044464,0.0
420.0,420.0,1.0,0.08252240717411041,5.04e-05,0.4247397482395172,0.0
421.0,421.0,1.0,0.08142183721065521,5.0520000000000004e-05,0.3463921546936035,0.0
422.0,422.0,1.0,0.07612595707178116,5.064e-05,0.346515029668808,0.0
423.0,423.0,1.0,0.07460036873817444,5.076e-05,0.33820754289627075,0.0
424.0,424.0,1.0,0.07388921082019806,5.088e-05,0.36355406045913696,0.0
425.0,425.0,1.0,0.0829254686832428,5.1000000000000006e-05,0.35502398014068604,0.0
426.0,426.0,1.0,0.07812675088644028,5.112e-05,0.2617079019546509,0.0
427.0,427.0,1.0,0.08147239685058594,5.1240000000000004e-05,0.41149821877479553,0.0
428.0,428.0,1.0,0.07569624483585358,5.136e-05,0.22874541580677032,0.0
429.0,429.0,1.0,0.0901314914226532,5.1479999999999995e-05,0.3841641843318939,0.0
430.0,430.0,1.0,0.07869073748588562,5.16e-05,0.27201181650161743,0.0
431.0,431.0,1.0,0.08131058514118195,5.172e-05,0.2954481244087219,0.0
432.0,432.0,1.0,0.09012147039175034,5.1840000000000005e-05,0.2783835828304291,0.0
433.0,433.0,1.0,0.07479602843523026,5.196e-05,0.31309404969215393,0.0
434.0,434.0,1.0,0.07132695615291595,5.208e-05,0.3504323363304138,0.0
435.0,435.0,1.0,0.06289719045162201,5.22e-05,0.24216142296791077,0.0
436.0,436.0,1.0,0.09396985173225403,5.232e-05,0.42592281103134155,0.0
437.0,437.0,1.0,0.09708195179700851,5.244e-05,0.35134151577949524,0.0
438.0,438.0,1.0,0.066683329641819,5.2560000000000005e-05,0.22172412276268005,0.0
439.0,439.0,1.0,0.07764924317598343,5.2680000000000004e-05,0.31997615098953247,0.0
440.0,440.0,1.0,0.0811513215303421,5.28e-05,0.2806633710861206,0.0
441.0,441.0,1.0,0.11379275470972061,5.292e-05,0.37339067459106445,0.0
442.0,442.0,1.0,0.0840766653418541,5.304000000000001e-05,0.3648141920566559,0.0
443.0,443.0,1.0,0.07624819129705429,5.316e-05,0.2585133910179138,0.0
444.0,444.0,1.0,0.07929949462413788,5.328e-05,0.3102530837059021,0.0
445.0,445.0,1.0,0.09712863713502884,5.3400000000000004e-05,0.3225850462913513,0.0
446.0,446.0,1.0,0.07554671168327332,5.3519999999999996e-05,0.3062528073787689,0.0
447.0,447.0,1.0,0.07356976717710495,5.364e-05,0.2202892005443573,0.0
448.0,448.0,1.0,0.08680836111307144,5.376e-05,0.39352118968963623,0.0
449.0,449.0,1.0,0.08632278442382812,5.3880000000000006e-05,0.1891748160123825,0.0
450.0,450.0,1.0,0.08827681839466095,5.4e-05,0.37364527583122253,0.0
451.0,451.0,1.0,0.07842139154672623,5.4120000000000004e-05,0.22384598851203918,0.0
452.0,452.0,1.0,0.08000275492668152,5.424e-05,0.34435561299324036,0.0
453.0,453.0,1.0,0.07933884114027023,5.436e-05,0.4288797676563263,0.0
454.0,454.0,1.0,0.08685046434402466,5.448e-05,0.29654520750045776,0.0
455.0,455.0,1.0,0.08735114336013794,5.4600000000000006e-05,0.49514925479888916,0.0
456.0,456.0,1.0,0.08434571325778961,5.4720000000000005e-05,0.21161258220672607,0.0
457.0,457.0,1.0,0.08437633514404297,5.484e-05,0.42076465487480164,0.0
458.0,458.0,1.0,0.08595841377973557,5.496e-05,0.23352688550949097,0.0
459.0,459.0,1.0,0.07160627096891403,5.508e-05,0.3137616217136383,0.0
460.0,460.0,1.0,0.052796654403209686,5.52e-05,0.29916465282440186,0.0
461.0,461.0,1.0,0.06719732284545898,5.532e-05,0.260712206363678,0.0
462.0,462.0,1.0,0.08274122327566147,5.5440000000000005e-05,0.23328657448291779,0.0
463.0,463.0,1.0,0.07154344022274017,5.5559999999999997e-05,0.18223407864570618,0.0
464.0,464.0,1.0,0.09194020181894302,5.568e-05,0.2863733470439911,0.0
465.0,465.0,1.0,0.0725821703672409,5.58e-05,0.22462302446365356,0.0
466.0,466.0,1.0,0.07319432497024536,5.592000000000001e-05,0.2683553099632263,0.0
467.0,467.0,1.0,0.07224830985069275,5.604e-05,0.21830028295516968,0.0
468.0,468.0,1.0,0.07241299003362656,5.6160000000000004e-05,0.23491743206977844,0.0
469.0,469.0,1.0,0.08376045525074005,5.628e-05,0.25408604741096497,0.0
470.0,470.0,1.0,0.0948682352900505,5.64e-05,0.3045629858970642,0.0
471.0,471.0,1.0,0.0958162248134613,5.652e-05,0.2722606062889099,0.0
472.0,472.0,1.0,0.07081865519285202,5.664e-05,0.2799169421195984,0.0
473.0,473.0,1.0,0.06800983846187592,5.6760000000000005e-05,0.19832806289196014,0.0
474.0,474.0,1.0,0.08726274222135544,5.688e-05,0.40297532081604004,0.0
475.0,475.0,1.0,0.08347448706626892,5.7e-05,0.2003023773431778,0.0
476.0,476.0,1.0,0.09108039736747742,5.712e-05,0.318533331155777,0.0
477.0,477.0,1.0,0.060172632336616516,5.724e-05,0.2986831068992615,0.0
478.0,478.0,1.0,0.09352211654186249,5.736e-05,0.2800680994987488,0.0
479.0,479.0,1.0,0.09883062541484833,5.7480000000000005e-05,0.3034548759460449,0.0
480.0,480.0,1.0,0.08314768224954605,5.76e-05,0.31656521558761597,0.0
481.0,481.0,1.0,0.07479427009820938,5.772e-05,0.23238517343997955,0.0
482.0,482.0,1.0,0.08168300241231918,5.784e-05,0.4339587688446045,0.0
483.0,483.0,1.0,0.0796210765838623,5.796000000000001e-05,0.36966264247894287,0.0
484.0,484.0,1.0,0.09748250991106033,5.808e-05,0.36648470163345337,0.0
485.0,485.0,1.0,0.07855686545372009,5.82e-05,0.28634113073349,0.0
486.0,486.0,1.0,0.07505543529987335,5.8320000000000004e-05,0.2535202205181122,0.0
487.0,487.0,1.0,0.08008997142314911,5.8439999999999996e-05,0.38241076469421387,0.0
488.0,488.0,1.0,0.07707691937685013,5.856e-05,0.33382999897003174,0.0
489.0,489.0,1.0,0.07869268953800201,5.868e-05,0.3259233236312866,0.0
490.0,490.0,1.0,0.07560071349143982,5.88e-05,0.3147711753845215,0.0
491.0,491.0,1.0,0.08326205611228943,5.892e-05,0.3536859452724457,0.0
492.0,492.0,1.0,0.07628108561038971,5.9040000000000004e-05,0.32245972752571106,0.0
493.0,493.0,1.0,0.07955102622509003,5.916e-05,0.34462523460388184,0.0
494.0,494.0,1.0,0.07983864843845367,5.928e-05,0.42150458693504333,0.0
495.0,495.0,1.0,0.07673341780900955,5.94e-05,0.27394458651542664,0.0
496.0,496.0,1.0,0.07677896320819855,5.9520000000000006e-05,0.4742804765701294,0.0
497.0,497.0,1.0,0.08023865520954132,5.964e-05,0.2706065773963928,0.0
498.0,498.0,1.0,0.08722700923681259,5.9760000000000004e-05,0.35816100239753723,0.0
499.0,499.0,1.0,0.06215906888246536,5.988e-05,0.22101689875125885,0.0
500.0,500.0,1.0,0.08180925995111465,6e-05,0.2906408905982971,0.0
501.0,501.0,1.0,0.07972632348537445,6.012e-05,0.19337494671344757,0.0
502.0,502.0,1.0,0.07169952243566513,6.024e-05,0.2508818507194519,0.0
503.0,503.0,1.0,0.06578385084867477,6.0360000000000005e-05,0.19752296805381775,0.0
504.0,504.0,1.0,0.07570444792509079,6.048e-05,0.20100684463977814,0.0
505.0,505.0,1.0,0.07980433106422424,6.06e-05,0.21511000394821167,0.0
506.0,506.0,1.0,0.08178085088729858,6.072e-05,0.24502763152122498,0.0
507.0,507.0,1.0,0.08277689665555954,6.084e-05,0.1981857270002365,0.0
508.0,508.0,1.0,0.0780785083770752,6.096e-05,0.2523917853832245,0.0
509.0,509.0,1.0,0.07023797929286957,6.108e-05,0.22936174273490906,0.0
510.0,510.0,1.0,0.07763560116291046,6.120000000000001e-05,0.36004194617271423,0.0
511.0,511.0,1.0,0.06441328674554825,6.132e-05,0.28489217162132263,0.0
512.0,512.0,1.0,0.07430163025856018,6.144000000000001e-05,0.2751389145851135,0.0
513.0,513.0,1.0,0.08811897784471512,6.156e-05,0.3097626268863678,0.0
514.0,514.0,1.0,0.08361595869064331,6.167999999999999e-05,0.27853938937187195,0.0
515.0,515.0,1.0,0.07635299861431122,6.18e-05,0.22990454733371735,0.0
516.0,516.0,1.0,0.07854050397872925,6.192e-05,0.26742181181907654,0.0
517.0,517.0,1.0,0.08660262078046799,6.204000000000001e-05,0.25761672854423523,0.0
518.0,518.0,1.0,0.0743652880191803,6.216e-05,0.27030348777770996,0.0
519.0,519.0,1.0,0.08164884150028229,6.228000000000001e-05,0.24180322885513306,0.0
520.0,520.0,1.0,0.0642889142036438,6.24e-05,0.26897045969963074,0.0
521.0,521.0,1.0,0.06529119610786438,6.252e-05,0.21503335237503052,0.0
522.0,522.0,1.0,0.07205064594745636,6.264e-05,0.24775582551956177,0.0
523.0,523.0,1.0,0.08138368278741837,6.276e-05,0.2843629717826843,0.0
524.0,524.0,1.0,0.06107581406831741,6.288000000000001e-05,0.22722874581813812,0.0
525.0,525.0,1.0,0.07788310945034027,6.3e-05,0.23419725894927979,0.0
526.0,526.0,1.0,0.07805486768484116,6.311999999999999e-05,0.3207092881202698,0.0
527.0,527.0,1.0,0.06842643022537231,6.324000000000001e-05,0.20198769867420197,0.0
528.0,528.0,1.0,0.07361811399459839,6.336e-05,0.222804993391037,0.0
529.0,529.0,1.0,0.06765098869800568,6.348e-05,0.2726723551750183,0.0
530.0,530.0,1.0,0.055436957627534866,6.36e-05,0.19234266877174377,0.0
531.0,531.0,1.0,0.06999852508306503,6.371999999999999e-05,0.3362085819244385,0.0
532.0,532.0,1.0,0.0932939350605011,6.384000000000001e-05,0.22906559705734253,0.0
533.0,533.0,1.0,0.06700286269187927,6.396e-05,0.40073826909065247,0.0
534.0,534.0,1.0,0.08736735582351685,6.408e-05,0.3802144229412079,0.0
535.0,535.0,1.0,0.09520106017589569,6.42e-05,0.26765957474708557,0.0
536.0,536.0,1.0,0.0852208137512207,6.432000000000001e-05,0.37178024649620056,0.0
537.0,537.0,1.0,0.08406481891870499,6.444e-05,0.27568772435188293,0.0
538.0,538.0,1.0,0.06847962737083435,6.456e-05,0.3415866196155548,0.0
539.0,539.0,1.0,0.07440796494483948,6.468e-05,0.30406004190444946,0.0
540.0,540.0,1.0,0.08629288524389267,6.48e-05,0.30631333589553833,0.0
541.0,541.0,1.0,0.05705860257148743,6.492000000000001e-05,0.29766708612442017,0.0
542.0,542.0,1.0,0.07182802259922028,6.504e-05,0.4549790322780609,0.0
543.0,543.0,1.0,0.06834001839160919,6.515999999999999e-05,0.23740200698375702,0.0
544.0,544.0,1.0,0.0729852169752121,6.528e-05,0.4957893490791321,0.0
545.0,545.0,1.0,0.07124356180429459,6.54e-05,0.2635604441165924,0.0
546.0,546.0,1.0,0.07061492651700974,6.552e-05,0.49309325218200684,0.0
547.0,547.0,1.0,0.07411563396453857,6.564e-05,0.29744023084640503,0.0
548.0,548.0,1.0,0.07172134518623352,6.576e-05,0.5324841737747192,0.0
549.0,549.0,1.0,0.08401545137166977,6.588000000000001e-05,0.25484567880630493,0.0
550.0,550.0,1.0,0.08905372768640518,6.6e-05,0.4614591598510742,0.0
551.0,551.0,1.0,0.07624414563179016,6.612e-05,0.31611737608909607,0.0
552.0,552.0,1.0,0.09472962468862534,6.624e-05,0.5251153707504272,0.0
553.0,553.0,1.0,0.07403963059186935,6.636000000000001e-05,0.2761237919330597,0.0
554.0,554.0,1.0,0.0721559226512909,6.648e-05,0.4973777234554291,0.0
555.0,555.0,1.0,0.07415278255939484,6.66e-05,0.21595017611980438,0.0
556.0,556.0,1.0,0.07206147909164429,6.672e-05,0.3576490581035614,0.0
557.0,557.0,1.0,0.07283236086368561,6.683999999999999e-05,0.27712535858154297,0.0
558.0,558.0,1.0,0.07176923751831055,6.696000000000001e-05,0.4282269775867462,0.0
559.0,559.0,1.0,0.1045127585530281,6.708e-05,0.3463101387023926,0.0
560.0,560.0,1.0,0.07076440751552582,6.72e-05,0.4197603762149811,0.0
561.0,561.0,1.0,0.08269821107387543,6.732e-05,0.4498494863510132,0.0
562.0,562.0,1.0,0.0815092921257019,6.744e-05,0.38037192821502686,0.0
563.0,563.0,1.0,0.0672147125005722,6.756e-05,0.27544838190078735,0.0
564.0,564.0,1.0,0.06281785666942596,6.768e-05,0.23164989054203033,0.0
565.0,565.0,1.0,0.08888214826583862,6.78e-05,0.3027397394180298,0.0
566.0,566.0,1.0,0.06423849612474442,6.792000000000001e-05,0.33282652497291565,0.0
567.0,567.0,1.0,0.060013532638549805,6.804e-05,0.2684285342693329,0.0
568.0,568.0,1.0,0.07652073353528976,6.816e-05,0.4072529375553131,0.0
569.0,569.0,1.0,0.09036463499069214,6.828e-05,0.35643064975738525,0.0
570.0,570.0,1.0,0.06951779127120972,6.840000000000001e-05,0.3542487919330597,0.0
571.0,571.0,1.0,0.06504572927951813,6.852e-05,0.29664695262908936,0.0
572.0,572.0,1.0,0.05660252645611763,6.864000000000001e-05,0.27783599495887756,0.0
573.0,573.0,1.0,0.08994504809379578,6.876e-05,0.3236752152442932,0.0
574.0,574.0,1.0,0.07892248034477234,6.887999999999999e-05,0.26889586448669434,0.0
575.0,575.0,1.0,0.06424587219953537,6.900000000000001e-05,0.2785545289516449,0.0
576.0,576.0,1.0,0.06625811010599136,6.912e-05,0.28878241777420044,0.0
577.0,577.0,1.0,0.08200593292713165,6.924e-05,0.28747156262397766,0.0
578.0,578.0,1.0,0.09487134218215942,6.936e-05,0.3593513071537018,0.0
579.0,579.0,1.0,0.06412357091903687,6.948e-05,0.27934008836746216,0.0
580.0,580.0,1.0,0.06552489846944809,6.96e-05,0.27653631567955017,0.0
581.0,581.0,1.0,0.07802924513816833,6.972e-05,0.28978267312049866,0.0
582.0,582.0,1.0,0.07745814323425293,6.984e-05,0.2637185752391815,0.0
583.0,583.0,1.0,0.06395354866981506,6.996000000000001e-05,0.3210977017879486,0.0
584.0,584.0,1.0,0.06986032426357269,7.008e-05,0.25285592675209045,0.0
585.0,585.0,1.0,0.06833604723215103,7.02e-05,0.28083932399749756,0.0
586.0,586.0,1.0,0.07960942387580872,7.032e-05,0.3116823732852936,0.0
587.0,587.0,1.0,0.06774413585662842,7.044e-05,0.28887730836868286,0.0
588.0,588.0,1.0,0.07534206658601761,7.056e-05,0.3082734942436218,0.0
589.0,589.0,1.0,0.07452656328678131,7.068000000000001e-05,0.17384327948093414,0.0
590.0,590.0,1.0,0.08190126717090607,7.08e-05,0.3337027430534363,0.0
591.0,591.0,1.0,0.06958676874637604,7.091999999999999e-05,0.21683110296726227,0.0
592.0,592.0,1.0,0.06908130645751953,7.104000000000001e-05,0.2671140134334564,0.0
593.0,593.0,1.0,0.08240829408168793,7.116e-05,0.2396840751171112,0.0
594.0,594.0,1.0,0.06358133256435394,7.128e-05,0.2694524824619293,0.0
595.0,595.0,1.0,0.06018294394016266,7.14e-05,0.24882495403289795,0.0
596.0,596.0,1.0,0.06617751717567444,7.152e-05,0.18800529837608337,0.0
597.0,597.0,1.0,0.07344259321689606,7.164e-05,0.2679278552532196,0.0
598.0,598.0,1.0,0.07062631100416183,7.176e-05,0.18460407853126526,0.0
599.0,599.0,1.0,0.09228801727294922,7.188e-05,0.3011751174926758,0.0
600.0,600.0,1.0,0.06934818625450134,7.2e-05,0.21961955726146698,0.0
601.0,601.0,1.0,0.05388689786195755,7.212000000000001e-05,0.2125118225812912,0.0
602.0,602.0,1.0,0.0818932056427002,7.224e-05,0.21659806370735168,0.0
603.0,603.0,1.0,0.05824581906199455,7.236e-05,0.2091199904680252,0.0
604.0,604.0,1.0,0.07960067689418793,7.248e-05,0.24535523355007172,0.0
605.0,605.0,1.0,0.0734240859746933,7.26e-05,0.2246285080909729,0.0
606.0,606.0,1.0,0.09281907975673676,7.272000000000001e-05,0.31523314118385315,0.0
607.0,607.0,1.0,0.06100928410887718,7.284e-05,0.23669110238552094,0.0
608.0,608.0,1.0,0.07226577401161194,7.295999999999999e-05,0.30699554085731506,0.0
609.0,609.0,1.0,0.0740964487195015,7.308000000000001e-05,0.4357440173625946,0.0
610.0,610.0,1.0,0.07202833890914917,7.32e-05,0.3199099004268646,0.0
611.0,611.0,1.0,0.08553510159254074,7.332e-05,0.35493573546409607,0.0
612.0,612.0,1.0,0.06749729812145233,7.344e-05,0.29447072744369507,0.0
613.0,613.0,1.0,0.0866934210062027,7.356e-05,0.4065730571746826,0.0
614.0,614.0,1.0,0.06795606017112732,7.368e-05,0.2690161466598511,0.0
615.0,615.0,1.0,0.06335797905921936,7.38e-05,0.3415324091911316,0.0
616.0,616.0,1.0,0.05865112692117691,7.392e-05,0.22443848848342896,0.0
617.0,617.0,1.0,0.07692942023277283,7.404e-05,0.31985244154930115,0.0
618.0,618.0,1.0,0.07997213304042816,7.416000000000001e-05,0.29186493158340454,0.0
619.0,619.0,1.0,0.07217368483543396,7.428e-05,0.2677753269672394,0.0
620.0,620.0,1.0,0.05672131106257439,7.44e-05,0.23626382648944855,0.0
621.0,621.0,1.0,0.06914269179105759,7.452e-05,0.2978803813457489,0.0
622.0,622.0,1.0,0.06558127701282501,7.464e-05,0.25333380699157715,0.0
623.0,623.0,1.0,0.07789731025695801,7.476000000000001e-05,0.32724303007125854,0.0
624.0,624.0,1.0,0.08596344292163849,7.488e-05,0.225037083029747,0.0
625.0,625.0,1.0,0.08016752451658249,7.5e-05,0.28216075897216797,0.0
626.0,626.0,1.0,0.08473169803619385,7.512000000000001e-05,0.2751045823097229,0.0
627.0,627.0,1.0,0.08537225425243378,7.524e-05,0.3543877601623535,0.0
628.0,628.0,1.0,0.08260336518287659,7.536e-05,0.34836238622665405,0.0
629.0,629.0,1.0,0.07851418107748032,7.548e-05,0.2175353467464447,0.0
630.0,630.0,1.0,0.08810118585824966,7.56e-05,0.4300782084465027,0.0
631.0,631.0,1.0,0.07228751480579376,7.572e-05,0.3875780403614044,0.0
632.0,632.0,1.0,0.06293676793575287,7.584e-05,0.3552365303039551,0.0
633.0,633.0,1.0,0.07851693034172058,7.596e-05,0.3631000518798828,0.0
634.0,634.0,1.0,0.08539758622646332,7.608e-05,0.21766957640647888,0.0
635.0,635.0,1.0,0.07956674695014954,7.620000000000001e-05,0.2988910973072052,0.0
636.0,636.0,1.0,0.06445541977882385,7.632e-05,0.19721932709217072,0.0
637.0,637.0,1.0,0.07772889733314514,7.644e-05,0.2993471324443817,0.0
638.0,638.0,1.0,0.07699227333068848,7.656e-05,0.25041595101356506,0.0
639.0,639.0,1.0,0.09273438155651093,7.668e-05,0.2560974061489105,0.0
640.0,640.0,1.0,0.08593306690454483,7.680000000000001e-05,0.2891557812690735,0.0
641.0,641.0,1.0,0.08526323735713959,7.692e-05,0.32208576798439026,0.0
642.0,642.0,1.0,0.07275023311376572,7.704e-05,0.3115042448043823,0.0
643.0,643.0,1.0,0.0720483660697937,7.716e-05,0.3017626702785492,0.0
644.0,644.0,1.0,0.07896384596824646,7.728e-05,0.2521909177303314,0.0
645.0,645.0,1.0,0.08140392601490021,7.74e-05,0.25264546275138855,0.0
646.0,646.0,1.0,0.0737757533788681,7.752e-05,0.30929815769195557,0.0
647.0,647.0,1.0,0.05701557919383049,7.764e-05,0.17232517898082733,0.0
648.0,648.0,1.0,0.0697626993060112,7.776e-05,0.32696154713630676,0.0
649.0,649.0,1.0,0.07894617319107056,7.788e-05,0.18735623359680176,0.0
650.0,650.0,1.0,0.07345812022686005,7.8e-05,0.2698126435279846,0.0
651.0,651.0,1.0,0.075972780585289,7.812e-05,0.1953265219926834,0.0
652.0,652.0,1.0,0.05864453315734863,7.824000000000001e-05,0.26100072264671326,0.0
653.0,653.0,1.0,0.06330093741416931,7.836e-05,0.21372853219509125,0.0
654.0,654.0,1.0,0.0711720809340477,7.848000000000001e-05,0.3168368339538574,0.0
655.0,655.0,1.0,0.06274613738059998,7.86e-05,0.17492367327213287,0.0
656.0,656.0,1.0,0.07495177537202835,7.871999999999999e-05,0.30819377303123474,0.0
657.0,657.0,1.0,0.08027804642915726,7.884000000000001e-05,0.2094736248254776,0.0
658.0,658.0,1.0,0.06672067940235138,7.896e-05,0.20466925203800201,0.0
659.0,659.0,1.0,0.0680728480219841,7.908e-05,0.19456805288791656,0.0
660.0,660.0,1.0,0.08245722949504852,7.92e-05,0.23694221675395966,0.0
661.0,661.0,1.0,0.09221400320529938,7.932e-05,0.2765099108219147,0.0
662.0,662.0,1.0,0.06678250432014465,7.944e-05,0.36846545338630676,0.0
663.0,663.0,1.0,0.09944069385528564,7.956e-05,0.274979829788208,0.0
664.0,664.0,1.0,0.07176463305950165,7.968e-05,0.2734486162662506,0.0
665.0,665.0,1.0,0.0744369849562645,7.98e-05,0.26418137550354004,0.0
666.0,666.0,1.0,0.07448536902666092,7.992000000000001e-05,0.21287204325199127,0.0
667.0,667.0,1.0,0.0731794685125351,8.004e-05,0.19002601504325867,0.0
668.0,668.0,1.0,0.06587089598178864,8.015999999999999e-05,0.18105754256248474,0.0
669.0,669.0,1.0,0.07193892449140549,8.028000000000001e-05,0.16244393587112427,0.0
670.0,670.0,1.0,0.07406894862651825,8.04e-05,0.24231521785259247,0.0
671.0,671.0,1.0,0.07276199012994766,8.052000000000001e-05,0.18045327067375183,0.0
672.0,672.0,1.0,0.07182483375072479,8.064e-05,0.26047390699386597,0.0
673.0,673.0,1.0,0.06452495604753494,8.075999999999999e-05,0.20589154958724976,0.0
674.0,674.0,1.0,0.06603652238845825,8.088000000000001e-05,0.23684649169445038,0.0
675.0,675.0,1.0,0.06598737835884094,8.1e-05,0.16071432828903198,0.0
676.0,676.0,1.0,0.06668177247047424,8.112e-05,0.15462706983089447,0.0
677.0,677.0,1.0,0.07315105199813843,8.124e-05,0.21558953821659088,0.0
678.0,678.0,1.0,0.07416139543056488,8.136000000000001e-05,0.16264976561069489,0.0
679.0,679.0,1.0,0.08044985681772232,8.148e-05,0.25405460596084595,0.0
680.0,680.0,1.0,0.08094988763332367,8.16e-05,0.25224125385284424,0.0
681.0,681.0,1.0,0.0880841314792633,8.172e-05,0.2755841612815857,0.0
682.0,682.0,1.0,0.0649086982011795,8.184e-05,0.16300790011882782,0.0
683.0,683.0,1.0,0.07234838604927063,8.196000000000001e-05,0.2326982617378235,0.0
684.0,684.0,1.0,0.0759829580783844,8.208e-05,0.25319427251815796,0.0
685.0,685.0,1.0,0.07762304693460464,8.219999999999999e-05,0.2278379201889038,0.0
686.0,686.0,1.0,0.05955253913998604,8.232e-05,0.26141682267189026,0.0
687.0,687.0,1.0,0.055012647062540054,8.244e-05,0.19386135041713715,0.0
688.0,688.0,1.0,0.07032594084739685,8.256000000000001e-05,0.19935402274131775,0.0
689.0,689.0,1.0,0.06373406946659088,8.268e-05,0.2361184060573578,0.0
690.0,690.0,1.0,0.08118920028209686,8.28e-05,0.28887560963630676,0.0
691.0,691.0,1.0,0.07019124925136566,8.292000000000001e-05,0.18564340472221375,0.0
692.0,692.0,1.0,0.05856246128678322,8.304e-05,0.2307279109954834,0.0
693.0,693.0,1.0,0.08619847148656845,8.316e-05,0.29518458247184753,0.0
694.0,694.0,1.0,0.0557464137673378,8.328e-05,0.23308968544006348,0.0
695.0,695.0,1.0,0.0694572776556015,8.340000000000001e-05,0.19980140030384064,0.0
696.0,696.0,1.0,0.06373033672571182,8.352e-05,0.24574103951454163,0.0
697.0,697.0,1.0,0.07703034579753876,8.364e-05,0.2080601006746292,0.0
698.0,698.0,1.0,0.06098276004195213,8.376e-05,0.2424832284450531,0.0
699.0,699.0,1.0,0.06709868460893631,8.387999999999999e-05,0.2311682403087616,0.0
700.0,700.0,1.0,0.080061174929142,8.400000000000001e-05,0.3087780177593231,0.0
701.0,701.0,1.0,0.06661461293697357,8.412e-05,0.2578795254230499,0.0
702.0,702.0,1.0,0.05545972287654877,8.423999999999999e-05,0.2219400554895401,0.0
703.0,703.0,1.0,0.055842943489551544,8.436e-05,0.3566855788230896,0.0
704.0,704.0,1.0,0.08438251912593842,8.448e-05,0.25731173157691956,0.0
705.0,705.0,1.0,0.06822208315134048,8.460000000000001e-05,0.2544080317020416,0.0
706.0,706.0,1.0,0.07711517810821533,8.472e-05,0.30417323112487793,0.0
707.0,707.0,1.0,0.08773115277290344,8.484e-05,0.3019218146800995,0.0
708.0,708.0,1.0,0.07250656187534332,8.496000000000001e-05,0.28390583395957947,0.0
709.0,709.0,1.0,0.06932926177978516,8.508e-05,0.24990233778953552,0.0
710.0,710.0,1.0,0.05957247316837311,8.52e-05,0.25467944145202637,0.0
711.0,711.0,1.0,0.05934150516986847,8.532e-05,0.20296494662761688,0.0
712.0,712.0,1.0,0.06382919102907181,8.544000000000001e-05,0.26866400241851807,0.0
713.0,713.0,1.0,0.062359049916267395,8.556e-05,0.2474629133939743,0.0
714.0,714.0,1.0,0.08541583269834518,8.568e-05,0.2825813889503479,0.0
715.0,715.0,1.0,0.07767437398433685,8.58e-05,0.2630581259727478,0.0
716.0,716.0,1.0,0.08598749339580536,8.591999999999999e-05,0.28781363368034363,0.0
717.0,717.0,1.0,0.07268472015857697,8.604000000000001e-05,0.30087313055992126,0.0
718.0,718.0,1.0,0.06559401750564575,8.616e-05,0.3114672601222992,0.0
719.0,719.0,1.0,0.07046471536159515,8.628e-05,0.26945945620536804,0.0
720.0,720.0,1.0,0.06887400150299072,8.64e-05,0.3498289883136749,0.0
721.0,721.0,1.0,0.07865083962678909,8.652e-05,0.27519822120666504,0.0
722.0,722.0,1.0,0.09369847178459167,8.664000000000001e-05,0.36812031269073486,0.0
723.0,723.0,1.0,0.07006677985191345,8.676e-05,0.2810530364513397,0.0
724.0,724.0,1.0,0.0734044760465622,8.688e-05,0.39702311158180237,0.0
725.0,725.0,1.0,0.08259753882884979,8.700000000000001e-05,0.2526778280735016,0.0
726.0,726.0,1.0,0.07465818524360657,8.712e-05,0.24279481172561646,0.0
727.0,727.0,1.0,0.08436372131109238,8.724e-05,0.34471768140792847,0.0
728.0,728.0,1.0,0.06281312555074692,8.736e-05,0.3565959632396698,0.0
729.0,729.0,1.0,0.06780030578374863,8.748e-05,0.27087169885635376,0.0
730.0,730.0,1.0,0.0747159868478775,8.76e-05,0.396704763174057,0.0
731.0,731.0,1.0,0.054935552179813385,8.772000000000001e-05,0.24176134169101715,0.0
732.0,732.0,1.0,0.07654022425413132,8.784e-05,0.484523743391037,0.0
733.0,733.0,1.0,0.07009875029325485,8.795999999999999e-05,0.2091394066810608,0.0
734.0,734.0,1.0,0.0537862703204155,8.808000000000001e-05,0.32118719816207886,0.0
735.0,735.0,1.0,0.06834511458873749,8.82e-05,0.23928304016590118,0.0
736.0,736.0,1.0,0.06352673470973969,8.832e-05,0.34149977564811707,0.0
737.0,737.0,1.0,0.0648486316204071,8.844e-05,0.2952836751937866,0.0
738.0,738.0,1.0,0.07835336774587631,8.856e-05,0.27572697401046753,0.0
739.0,739.0,1.0,0.06328613311052322,8.868000000000001e-05,0.3816309869289398,0.0
740.0,740.0,1.0,0.06323479861021042,8.88e-05,0.2148980349302292,0.0
741.0,741.0,1.0,0.07172249257564545,8.892e-05,0.424934983253479,0.0
742.0,742.0,1.0,0.05587366595864296,8.904e-05,0.2595282196998596,0.0
743.0,743.0,1.0,0.06454990804195404,8.916000000000001e-05,0.29092684388160706,0.0
744.0,744.0,1.0,0.0665821060538292,8.928e-05,0.2409583181142807,0.0
745.0,745.0,1.0,0.06821674108505249,8.94e-05,0.2373506724834442,0.0
746.0,746.0,1.0,0.07338711619377136,8.952e-05,0.21452932059764862,0.0
747.0,747.0,1.0,0.06196550279855728,8.964e-05,0.24779854714870453,0.0
748.0,748.0,1.0,0.06303855776786804,8.976000000000001e-05,0.20881080627441406,0.0
749.0,749.0,1.0,0.0751737505197525,8.988e-05,0.2826100289821625,0.0
750.0,750.0,1.0,0.07857614755630493,8.999999999999999e-05,0.23613481223583221,0.0
751.0,751.0,1.0,0.06548398733139038,9.012000000000001e-05,0.21184822916984558,0.0
752.0,752.0,1.0,0.07272760570049286,9.024e-05,0.22433511912822723,0.0
753.0,753.0,1.0,0.07349036633968353,9.036e-05,0.24370312690734863,0.0
754.0,754.0,1.0,0.07950359582901001,9.048e-05,0.27577292919158936,0.0
755.0,755.0,1.0,0.0701742097735405,9.06e-05,0.25385165214538574,0.0
756.0,756.0,1.0,0.06400184333324432,9.072000000000001e-05,0.25300708413124084,0.0
757.0,757.0,1.0,0.07776018232107162,9.084e-05,0.2636052966117859,0.0
758.0,758.0,1.0,0.07697556912899017,9.096e-05,0.3055572509765625,0.0
759.0,759.0,1.0,0.07622721791267395,9.108e-05,0.29597872495651245,0.0
760.0,760.0,1.0,0.06952972710132599,9.120000000000001e-05,0.33176782727241516,0.0
761.0,761.0,1.0,0.08032248914241791,9.132e-05,0.30890849232673645,0.0
762.0,762.0,1.0,0.06481315195560455,9.144e-05,0.2646671235561371,0.0
763.0,763.0,1.0,0.06595214456319809,9.156e-05,0.2732797861099243,0.0
764.0,764.0,1.0,0.08627960085868835,9.168e-05,0.27666693925857544,0.0
765.0,765.0,1.0,0.07592276483774185,9.180000000000001e-05,0.30890387296676636,0.0
766.0,766.0,1.0,0.07398887723684311,9.192e-05,0.23416802287101746,0.0
767.0,767.0,1.0,0.08111501485109329,9.203999999999999e-05,0.25225934386253357,0.0
768.0,768.0,1.0,0.06533452868461609,9.216000000000001e-05,0.21756333112716675,0.0
769.0,769.0,1.0,0.07279651612043381,9.228e-05,0.2754475474357605,0.0
770.0,770.0,1.0,0.08024916797876358,9.24e-05,0.27497419714927673,0.0
771.0,771.0,1.0,0.07847188413143158,9.252e-05,0.24000206589698792,0.0
772.0,772.0,1.0,0.08326555043458939,9.264e-05,0.27878618240356445,0.0
773.0,773.0,1.0,0.07537993788719177,9.276000000000001e-05,0.24989044666290283,0.0
774.0,774.0,1.0,0.07147523760795593,9.288e-05,0.21184863150119781,0.0
775.0,775.0,1.0,0.0627463087439537,9.3e-05,0.23002198338508606,0.0
776.0,776.0,1.0,0.0536472424864769,9.312e-05,0.3204537332057953,0.0
777.0,777.0,1.0,0.07028467953205109,9.324000000000001e-05,0.3236927092075348,0.0
778.0,778.0,1.0,0.07635118067264557,9.336e-05,0.26889127492904663,0.0
779.0,779.0,1.0,0.09823767840862274,9.348e-05,0.4026462435722351,0.0
780.0,780.0,1.0,0.07081746309995651,9.36e-05,0.26978251338005066,0.0
781.0,781.0,2.0,0.07760810106992722,9.372e-05,0.24365517497062683,0.0
782.0,782.0,2.0,0.06844240427017212,9.384000000000001e-05,0.2903330624103546,0.0
783.0,783.0,2.0,0.06564891338348389,9.396e-05,0.23295795917510986,0.0
784.0,784.0,2.0,0.07219012081623077,9.408e-05,0.26790013909339905,0.0
785.0,785.0,2.0,0.07382585853338242,9.42e-05,0.33177605271339417,0.0
786.0,786.0,2.0,0.07571649551391602,9.432e-05,0.18309587240219116,0.0
787.0,787.0,2.0,0.07039893418550491,9.444e-05,0.3827207684516907,0.0
788.0,788.0,2.0,0.06393668055534363,9.456e-05,0.4327375590801239,0.0
789.0,789.0,2.0,0.07012377679347992,9.468e-05,0.2096109390258789,0.0
790.0,790.0,2.0,0.06939280778169632,9.480000000000001e-05,0.43136313557624817,0.0
791.0,791.0,2.0,0.07167660444974899,9.492e-05,0.28718844056129456,0.0
792.0,792.0,2.0,0.09529799222946167,9.504e-05,0.28577888011932373,0.0
793.0,793.0,2.0,0.07632385939359665,9.516e-05,0.33319228887557983,0.0
794.0,794.0,2.0,0.058592990040779114,9.528000000000001e-05,0.13445010781288147,0.0
795.0,795.0,2.0,0.07526294887065887,9.54e-05,0.3189348876476288,0.0
796.0,796.0,2.0,0.07230651378631592,9.552000000000001e-05,0.1828148066997528,0.0
797.0,797.0,2.0,0.0906103327870369,9.564e-05,0.3224455416202545,0.0
798.0,798.0,2.0,0.08502420037984848,9.575999999999999e-05,0.1884293109178543,0.0
799.0,799.0,2.0,0.07476158440113068,9.588000000000001e-05,0.31299054622650146,0.0
800.0,800.0,2.0,0.05970807746052742,9.6e-05,0.35987958312034607,0.0
801.0,801.0,2.0,0.08171270787715912,9.612e-05,0.21695396304130554,0.0
802.0,802.0,2.0,0.06389725208282471,9.624e-05,0.2749326825141907,0.0
803.0,803.0,2.0,0.0823054313659668,9.636e-05,0.3189392387866974,0.0
804.0,804.0,2.0,0.06780195236206055,9.648e-05,0.19184686243534088,0.0
805.0,805.0,2.0,0.06692233681678772,9.66e-05,0.26995784044265747,0.0
806.0,806.0,2.0,0.07023325562477112,9.672e-05,0.26219481229782104,0.0
807.0,807.0,2.0,0.0701422393321991,9.684e-05,0.3952750265598297,0.0
808.0,808.0,2.0,0.05209382623434067,9.696000000000001e-05,0.3020612597465515,0.0
809.0,809.0,2.0,0.07266883552074432,9.708e-05,0.29106685519218445,0.0
810.0,810.0,2.0,0.07222060859203339,9.72e-05,0.3224450349807739,0.0
811.0,811.0,2.0,0.07161641120910645,9.732000000000001e-05,0.2203097641468048,0.0
812.0,812.0,2.0,0.06111437827348709,9.744e-05,0.30399203300476074,0.0
813.0,813.0,2.0,0.06446266174316406,9.756000000000001e-05,0.44492268562316895,0.0
814.0,814.0,2.0,0.06894194334745407,9.768e-05,0.37836918234825134,0.0
815.0,815.0,2.0,0.06485164910554886,9.779999999999999e-05,0.2391141951084137,0.0
816.0,816.0,2.0,0.07137219607830048,9.792000000000001e-05,0.4713175594806671,0.0
817.0,817.0,2.0,0.07120178639888763,9.804e-05,0.3404581844806671,0.0
818.0,818.0,2.0,0.081632599234581,9.816e-05,0.3976503014564514,0.0
819.0,819.0,2.0,0.04963347315788269,9.828e-05,0.37570399045944214,0.0
820.0,820.0,2.0,0.05936498939990997,9.84e-05,0.17159971594810486,0.0
821.0,821.0,2.0,0.06101588159799576,9.852e-05,0.3584842085838318,0.0
822.0,822.0,2.0,0.07322652637958527,9.864e-05,0.1540277749300003,0.0
823.0,823.0,2.0,0.07316837459802628,9.876e-05,0.4242824614048004,0.0
824.0,824.0,2.0,0.0596669465303421,9.888e-05,0.283492773771286,0.0
825.0,825.0,2.0,0.07358900457620621,9.900000000000001e-05,0.3933056890964508,0.0
826.0,826.0,2.0,0.0659976676106453,9.912e-05,0.3801310360431671,0.0
827.0,827.0,2.0,0.08502595126628876,9.924e-05,0.33874788880348206,0.0
828.0,828.0,2.0,0.05431457608938217,9.936e-05,0.46077701449394226,0.0
829.0,829.0,2.0,0.06326113641262054,9.948e-05,0.3257119357585907,0.0
830.0,830.0,2.0,0.0668870061635971,9.960000000000001e-05,0.5279680490493774,0.0
831.0,831.0,2.0,0.05411963909864426,9.972e-05,0.23498469591140747,0.0
832.0,832.0,2.0,0.08516084402799606,9.983999999999999e-05,0.6075711250305176,0.0
833.0,833.0,2.0,0.06966263800859451,9.996000000000001e-05,0.31276094913482666,0.0
834.0,834.0,2.0,0.08160176128149033,0.00010008,0.46262380480766296,0.0
835.0,835.0,2.0,0.07144544273614883,0.0001002,0.33852091431617737,0.0
836.0,836.0,2.0,0.07098695635795593,0.00010032,0.3702564239501953,0.0
837.0,837.0,2.0,0.05925578624010086,0.00010044000000000001,0.351807177066803,0.0
838.0,838.0,2.0,0.06248019263148308,0.00010056,0.189951092004776,0.0
839.0,839.0,2.0,0.06412817537784576,0.00010068,0.24759818613529205,0.0
840.0,840.0,2.0,0.08460880815982819,0.0001008,0.30362117290496826,0.0
841.0,841.0,2.0,0.06934607028961182,0.00010091999999999999,0.2929900884628296,0.0
842.0,842.0,2.0,0.06777974218130112,0.00010104000000000001,0.25594863295555115,0.0
843.0,843.0,2.0,0.060626592487096786,0.00010116,0.21679745614528656,0.0
844.0,844.0,2.0,0.07081297785043716,0.00010128,0.29169368743896484,0.0
845.0,845.0,2.0,0.06428958475589752,0.0001014,0.33566513657569885,0.0
846.0,846.0,2.0,0.08861741423606873,0.00010152,0.39245715737342834,0.0
847.0,847.0,2.0,0.07309084385633469,0.00010164000000000001,0.4032048285007477,0.0
848.0,848.0,2.0,0.07288411259651184,0.00010176,0.3064779043197632,0.0
849.0,849.0,2.0,0.07054801285266876,0.00010188,0.45662617683410645,0.0
850.0,850.0,2.0,0.0838015228509903,0.00010200000000000001,0.2947149872779846,0.0
851.0,851.0,2.0,0.06396357715129852,0.00010212,0.36453738808631897,0.0
852.0,852.0,2.0,0.07486163824796677,0.00010224,0.3083684742450714,0.0
853.0,853.0,2.0,0.06050899624824524,0.00010236,0.33955517411231995,0.0
854.0,854.0,2.0,0.06821310520172119,0.00010248000000000001,0.2899239957332611,0.0
855.0,855.0,2.0,0.07128281146287918,0.0001026,0.29419031739234924,0.0
856.0,856.0,2.0,0.07048583030700684,0.00010272,0.2862311899662018,0.0
857.0,857.0,2.0,0.05680380016565323,0.00010284,0.21759328246116638,0.0
858.0,858.0,2.0,0.07985655218362808,0.00010295999999999999,0.3656523525714874,0.0
859.0,859.0,2.0,0.07264240086078644,0.00010308000000000001,0.3137732446193695,0.0
860.0,860.0,2.0,0.09317262470722198,0.0001032,0.4277586042881012,0.0
861.0,861.0,2.0,0.07243172824382782,0.00010332000000000001,0.3862188458442688,0.0
862.0,862.0,2.0,0.07908938825130463,0.00010344,0.50882488489151,0.0
863.0,863.0,2.0,0.08506976068019867,0.00010356,0.3010309636592865,0.0
864.0,864.0,2.0,0.06111105531454086,0.00010368000000000001,0.4559991657733917,0.0
865.0,865.0,2.0,0.07120704650878906,0.0001038,0.2950896620750427,0.0
866.0,866.0,2.0,0.07187224924564362,0.00010392,0.5203991532325745,0.0
867.0,867.0,2.0,0.06094890087842941,0.00010404000000000001,0.3305492103099823,0.0
868.0,868.0,2.0,0.05796355381608009,0.00010416,0.39048418402671814,0.0
869.0,869.0,2.0,0.07934264093637466,0.00010428,0.3590383529663086,0.0
870.0,870.0,2.0,0.07540455460548401,0.0001044,0.33308279514312744,0.0
871.0,871.0,2.0,0.0779351145029068,0.00010452,0.3782913386821747,0.0
872.0,872.0,2.0,0.05571932718157768,0.00010464,0.21549178659915924,0.0
873.0,873.0,2.0,0.08172668516635895,0.00010476,0.33770084381103516,0.0
874.0,874.0,2.0,0.09495517611503601,0.00010488,0.21968643367290497,0.0
875.0,875.0,2.0,0.07057788968086243,0.00010499999999999999,0.2832006514072418,0.0
876.0,876.0,2.0,0.07033538818359375,0.00010512000000000001,0.22397707402706146,0.0
877.0,877.0,2.0,0.07930704206228256,0.00010524,0.27637979388237,0.0
878.0,878.0,2.0,0.07942062616348267,0.00010536000000000001,0.21654359996318817,0.0
879.0,879.0,2.0,0.050324637442827225,0.00010548,0.24552489817142487,0.0
880.0,880.0,2.0,0.08114378154277802,0.0001056,0.2038395255804062,0.0
881.0,881.0,2.0,0.04681003466248512,0.00010572000000000001,0.20025989413261414,0.0
882.0,882.0,2.0,0.06655886769294739,0.00010584,0.1816556304693222,0.0
883.0,883.0,2.0,0.06458897888660431,0.00010596,0.22492742538452148,0.0
884.0,884.0,2.0,0.0688832476735115,0.00010608000000000001,0.2050333321094513,0.0
885.0,885.0,2.0,0.08121268451213837,0.0001062,0.2615193724632263,0.0
886.0,886.0,2.0,0.06152811273932457,0.00010632,0.1603856384754181,0.0
887.0,887.0,2.0,0.07669764012098312,0.00010644,0.2178041636943817,0.0
888.0,888.0,2.0,0.06880022585391998,0.00010656,0.2913510799407959,0.0
889.0,889.0,2.0,0.05821596086025238,0.00010668,0.20786361396312714,0.0
890.0,890.0,2.0,0.06630100309848785,0.00010680000000000001,0.2097279131412506,0.0
891.0,891.0,2.0,0.07038402557373047,0.00010692,0.1641523540019989,0.0
892.0,892.0,2.0,0.04563342407345772,0.00010703999999999999,0.2694365084171295,0.0
893.0,893.0,2.0,0.05970997363328934,0.00010716000000000001,0.20542919635772705,0.0
894.0,894.0,2.0,0.07221674919128418,0.00010728,0.25055432319641113,0.0
895.0,895.0,2.0,0.07012231647968292,0.00010740000000000001,0.3883407711982727,0.0
896.0,896.0,2.0,0.06219994276762009,0.00010752,0.18371625244617462,0.0
897.0,897.0,2.0,0.06043969839811325,0.00010764,0.3027748167514801,0.0
898.0,898.0,2.0,0.06942029297351837,0.00010776000000000001,0.2501532733440399,0.0
899.0,899.0,2.0,0.06355366110801697,0.00010788,0.25641223788261414,0.0
900.0,900.0,2.0,0.08224815875291824,0.000108,0.24709638953208923,0.0
901.0,901.0,2.0,0.07638950645923615,0.00010812,0.29383742809295654,0.0
902.0,902.0,2.0,0.06431528925895691,0.00010824000000000001,0.25164830684661865,0.0
903.0,903.0,2.0,0.06451989710330963,0.00010836,0.2703706920146942,0.0
904.0,904.0,2.0,0.0669039636850357,0.00010848,0.3379179537296295,0.0
905.0,905.0,2.0,0.07041174918413162,0.0001086,0.32100430130958557,0.0
906.0,906.0,2.0,0.06973418593406677,0.00010872,0.18910159170627594,0.0
907.0,907.0,2.0,0.07591621577739716,0.00010884000000000001,0.2572576403617859,0.0
908.0,908.0,2.0,0.06851853430271149,0.00010896,0.30211642384529114,0.0
909.0,909.0,2.0,0.07565680146217346,0.00010907999999999999,0.15802225470542908,0.0
910.0,910.0,2.0,0.07496241480112076,0.00010920000000000001,0.3253708779811859,0.0
911.0,911.0,2.0,0.07544904947280884,0.00010932,0.2370784431695938,0.0
912.0,912.0,2.0,0.07217886298894882,0.00010944000000000001,0.23218274116516113,0.0
913.0,913.0,2.0,0.07155023515224457,0.00010956,0.24239929020404816,0.0
914.0,914.0,2.0,0.057891011238098145,0.00010968,0.21617941558361053,0.0
915.0,915.0,2.0,0.07989548146724701,0.00010980000000000001,0.34675711393356323,0.0
916.0,916.0,2.0,0.06385214626789093,0.00010992,0.27154362201690674,0.0
917.0,917.0,2.0,0.04806686192750931,0.00011004,0.2325117141008377,0.0
918.0,918.0,2.0,0.06553110480308533,0.00011016,0.33580148220062256,0.0
919.0,919.0,2.0,0.06923379004001617,0.00011028000000000001,0.19974610209465027,0.0
920.0,920.0,2.0,0.0789080262184143,0.0001104,0.34281057119369507,0.0
921.0,921.0,2.0,0.06928810477256775,0.00011052,0.18098603188991547,0.0
922.0,922.0,2.0,0.06465059518814087,0.00011064,0.34739506244659424,0.0
923.0,923.0,2.0,0.07978194952011108,0.00011076,0.20022262632846832,0.0
924.0,924.0,2.0,0.057824548333883286,0.00011088000000000001,0.2811405658721924,0.0
925.0,925.0,2.0,0.05779828876256943,0.000111,0.2620726227760315,0.0
926.0,926.0,2.0,0.07133356481790543,0.00011111999999999999,0.2138301581144333,0.0
927.0,927.0,2.0,0.06371065974235535,0.00011124,0.3072054386138916,0.0
928.0,928.0,2.0,0.054875344038009644,0.00011136,0.16017092764377594,0.0
929.0,929.0,2.0,0.07011735439300537,0.00011148000000000001,0.29157763719558716,0.0
930.0,930.0,2.0,0.04975090175867081,0.0001116,0.16752982139587402,0.0
931.0,931.0,2.0,0.06283027678728104,0.00011172,0.23216788470745087,0.0
932.0,932.0,2.0,0.08842746913433075,0.00011184000000000001,0.22564071416854858,0.0
933.0,933.0,2.0,0.0603557825088501,0.00011196,0.278328001499176,0.0
934.0,934.0,2.0,0.06367851048707962,0.00011208,0.2958855926990509,0.0
935.0,935.0,2.0,0.05773952975869179,0.0001122,0.1957981437444687,0.0
936.0,936.0,2.0,0.06636124849319458,0.00011232000000000001,0.23396044969558716,0.0
937.0,937.0,2.0,0.07245494425296783,0.00011244,0.2843417525291443,0.0
938.0,938.0,2.0,0.06522424519062042,0.00011256,0.1767570674419403,0.0
939.0,939.0,2.0,0.07769104093313217,0.00011268,0.40698790550231934,0.0
940.0,940.0,2.0,0.07397136092185974,0.0001128,0.27696090936660767,0.0
941.0,941.0,2.0,0.0663716271519661,0.00011292000000000001,0.34410393238067627,0.0
942.0,942.0,2.0,0.07335187494754791,0.00011304,0.2650933563709259,0.0
943.0,943.0,2.0,0.06900003552436829,0.00011316,0.3614034354686737,0.0
944.0,944.0,2.0,0.06133012846112251,0.00011328,0.2690623104572296,0.0
945.0,945.0,2.0,0.06559740006923676,0.0001134,0.2521912157535553,0.0
946.0,946.0,2.0,0.07685079425573349,0.00011352000000000001,0.259818971157074,0.0
947.0,947.0,2.0,0.0931764543056488,0.00011364,0.30648452043533325,0.0
948.0,948.0,2.0,0.05593881011009216,0.00011376,0.2404569685459137,0.0
949.0,949.0,2.0,0.07201467454433441,0.00011388000000000001,0.28151634335517883,0.0
950.0,950.0,2.0,0.06522376835346222,0.000114,0.26203206181526184,0.0
951.0,951.0,2.0,0.06343654543161392,0.00011412,0.22236613929271698,0.0
952.0,952.0,2.0,0.0667128786444664,0.00011424,0.3290596902370453,0.0
953.0,953.0,2.0,0.06844758987426758,0.00011436000000000001,0.2828454375267029,0.0
954.0,954.0,2.0,0.07086209207773209,0.00011448,0.36894914507865906,0.0
955.0,955.0,2.0,0.06262203305959702,0.00011460000000000001,0.4384017884731293,0.0
956.0,956.0,2.0,0.07801870256662369,0.00011472,0.25264981389045715,0.0
957.0,957.0,2.0,0.052308838814496994,0.00011483999999999999,0.39088234305381775,0.0
958.0,958.0,2.0,0.06983667612075806,0.00011496000000000001,0.22838546335697174,0.0
959.0,959.0,2.0,0.0788319855928421,0.00011508,0.27327823638916016,0.0
960.0,960.0,2.0,0.07222075015306473,0.0001152,0.21427032351493835,0.0
961.0,961.0,2.0,0.07564578950405121,0.00011532,0.2279704362154007,0.0
962.0,962.0,2.0,0.06655390560626984,0.00011544,0.1506568193435669,0.0
963.0,963.0,2.0,0.0703515112400055,0.00011556,0.22832749783992767,0.0
964.0,964.0,2.0,0.05672796070575714,0.00011568,0.11378743499517441,0.0
965.0,965.0,2.0,0.07484136521816254,0.0001158,0.25833263993263245,0.0
966.0,966.0,2.0,0.06961812824010849,0.00011592000000000001,0.19311164319515228,0.0
967.0,967.0,2.0,0.059653762727975845,0.00011604000000000001,0.2866588234901428,0.0
968.0,968.0,2.0,0.07860299944877625,0.00011616,0.2966398000717163,0.0
969.0,969.0,2.0,0.052040085196495056,0.00011628,0.2757241427898407,0.0
970.0,970.0,2.0,0.06467240303754807,0.0001164,0.2519645392894745,0.0
971.0,971.0,2.0,0.06062507629394531,0.00011652,0.24074268341064453,0.0
972.0,972.0,2.0,0.0756925567984581,0.00011664000000000001,0.3116750419139862,0.0
973.0,973.0,2.0,0.06988154351711273,0.00011676,0.34187594056129456,0.0
974.0,974.0,2.0,0.05347154662013054,0.00011687999999999999,0.32889339327812195,0.0
975.0,975.0,2.0,0.06270179152488708,0.00011700000000000001,0.3057064712047577,0.0
976.0,976.0,2.0,0.04924744367599487,0.00011712,0.30158478021621704,0.0
977.0,977.0,2.0,0.06743058562278748,0.00011724,0.35112306475639343,0.0
978.0,978.0,2.0,0.06320503354072571,0.00011736,0.42606762051582336,0.0
979.0,979.0,2.0,0.07406002283096313,0.00011748000000000001,0.2691061794757843,0.0
980.0,980.0,2.0,0.08230240643024445,0.0001176,0.33114898204803467,0.0
981.0,981.0,2.0,0.07795040309429169,0.00011772,0.31513670086860657,0.0
982.0,982.0,2.0,0.058775998651981354,0.00011784,0.3292160928249359,0.0
983.0,983.0,2.0,0.059243105351924896,0.00011796000000000002,0.3294350504875183,0.0
984.0,984.0,2.0,0.06656616926193237,0.00011808000000000001,0.22942514717578888,0.0
985.0,985.0,2.0,0.06531575322151184,0.0001182,0.28000250458717346,0.0
986.0,986.0,2.0,0.06551210582256317,0.00011832,0.29494336247444153,0.0
987.0,987.0,2.0,0.06730549037456512,0.00011844,0.27845585346221924,0.0
988.0,988.0,2.0,0.06749242544174194,0.00011856,0.29790645837783813,0.0
989.0,989.0,2.0,0.07152458280324936,0.00011868000000000001,0.32373300194740295,0.0
990.0,990.0,2.0,0.06792381405830383,0.0001188,0.2914179861545563,0.0
991.0,991.0,2.0,0.07472726702690125,0.00011891999999999999,0.2909328043460846,0.0
992.0,992.0,2.0,0.0649278536438942,0.00011904000000000001,0.24827076494693756,0.0
993.0,993.0,2.0,0.06286005675792694,0.00011916,0.2700108587741852,0.0
994.0,994.0,2.0,0.0641060620546341,0.00011928,0.24391375482082367,0.0
995.0,995.0,2.0,0.0625750795006752,0.0001194,0.23900732398033142,0.0
996.0,996.0,2.0,0.0669335126876831,0.00011952000000000001,0.19590909779071808,0.0
997.0,997.0,2.0,0.05402335152029991,0.00011964,0.34763601422309875,0.0
998.0,998.0,2.0,0.05702607333660126,0.00011976,0.2415105104446411,0.0
999.0,999.0,2.0,0.070845827460289,0.00011988,0.4449973404407501,0.0
1000.0,1000.0,2.0,0.0656886026263237,0.00012,0.30842816829681396,0.0
1001.0,1001.0,2.0,0.06989578902721405,0.00012,0.4054458737373352,0.0
1002.0,1002.0,2.0,0.06023609638214111,0.00012,0.3350974917411804,0.0
1003.0,1003.0,2.0,0.05867826193571091,0.00012,0.26087647676467896,0.0
1004.0,1004.0,2.0,0.07821238040924072,0.00012,0.5227501392364502,0.0
1005.0,1005.0,2.0,0.0694592073559761,0.00012,0.36522671580314636,0.0
1006.0,1006.0,2.0,0.08480463922023773,0.00012,0.43628424406051636,0.0
1007.0,1007.0,2.0,0.07535618543624878,0.00012,0.5643607974052429,0.0
1008.0,1008.0,2.0,0.07743437588214874,0.00012,0.3524567782878876,0.0
1009.0,1009.0,2.0,0.06914056837558746,0.00012,0.31511518359184265,0.0
1010.0,1010.0,2.0,0.06429411470890045,0.00012,0.29126426577568054,0.0
1011.0,1011.0,2.0,0.07414903491735458,0.00012,0.2588374614715576,0.0
1012.0,1012.0,2.0,0.05460304021835327,0.00012,0.19463828206062317,0.0
1013.0,1013.0,2.0,0.07502502202987671,0.00012,0.31964555382728577,0.0
1014.0,1014.0,2.0,0.07429882884025574,0.00012,0.23018878698349,0.0
1015.0,1015.0,2.0,0.0679531842470169,0.00012,0.32051318883895874,0.0
1016.0,1016.0,2.0,0.08003738522529602,0.00012,0.27028268575668335,0.0
1017.0,1017.0,2.0,0.05781586468219757,0.00012,0.242523655295372,0.0
1018.0,1018.0,2.0,0.06427863240242004,0.00012,0.26525670289993286,0.0
1019.0,1019.0,2.0,0.07409506291151047,0.00012,0.19773252308368683,0.0
1020.0,1020.0,2.0,0.05915233492851257,0.00012,0.3347281813621521,0.0
1021.0,1021.0,2.0,0.07487896829843521,0.00012,0.15343990921974182,0.0
1022.0,1022.0,2.0,0.0794016495347023,0.00012,0.25918227434158325,0.0
1023.0,1023.0,2.0,0.060312263667583466,0.00012,0.20781210064888,0.0
1024.0,1024.0,2.0,0.07096065580844879,0.00012,0.20136182010173798,0.0
1025.0,1025.0,2.0,0.06403243541717529,0.00012,0.18514859676361084,0.0
1026.0,1026.0,2.0,0.06853032857179642,0.00012,0.21683155000209808,0.0
1027.0,1027.0,2.0,0.05306853726506233,0.00012,0.2602972686290741,0.0
1028.0,1028.0,2.0,0.08305064588785172,0.00012,0.20621320605278015,0.0
1029.0,1029.0,2.0,0.08019290864467621,0.00012,0.2634797990322113,0.0
1030.0,1030.0,2.0,0.07003356516361237,0.00012,0.14304926991462708,0.0
1031.0,1031.0,2.0,0.09425194561481476,0.00012,0.2978048622608185,0.0
1032.0,1032.0,2.0,0.07011839002370834,0.00012,0.1945672631263733,0.0
1033.0,1033.0,2.0,0.061416514217853546,0.00012,0.21158263087272644,0.0
1034.0,1034.0,2.0,0.07147397100925446,0.00012,0.27314308285713196,0.0
1035.0,1035.0,2.0,0.05749576911330223,0.00012,0.2031273990869522,0.0
1036.0,1036.0,2.0,0.06305496394634247,0.00012,0.33330491185188293,0.0
1037.0,1037.0,2.0,0.049559712409973145,0.00012,0.15869176387786865,0.0
1038.0,1038.0,2.0,0.07458430528640747,0.00012,0.3796493709087372,0.0
1039.0,1039.0,2.0,0.06875897943973541,0.00012,0.2767324149608612,0.0
1040.0,1040.0,2.0,0.05621788650751114,0.00012,0.2983687222003937,0.0
1041.0,1041.0,2.0,0.06575712561607361,0.00012,0.27772000432014465,0.0
1042.0,1042.0,2.0,0.058118827641010284,0.00012,0.20307724177837372,0.0
1043.0,1043.0,2.0,0.0464826375246048,0.00012,0.2338559776544571,0.0
1044.0,1044.0,2.0,0.07943316549062729,0.00012,0.2779139280319214,0.0
1045.0,1045.0,2.0,0.061527520418167114,0.00012,0.365739643573761,0.0
1046.0,1046.0,2.0,0.08152931928634644,0.00012,0.16795580089092255,0.0
1047.0,1047.0,2.0,0.06042992323637009,0.00012,0.23123052716255188,0.0
1048.0,1048.0,2.0,0.07408425211906433,0.00012,0.279713898897171,0.0
1049.0,1049.0,2.0,0.07214401662349701,0.00012,0.29982975125312805,0.0
1050.0,1050.0,2.0,0.06371279805898666,0.00012,0.22269083559513092,0.0
1051.0,1051.0,2.0,0.06962756812572479,0.00012,0.21618537604808807,0.0
1052.0,1052.0,2.0,0.0677652359008789,0.00012,0.2610786557197571,0.0
1053.0,1053.0,2.0,0.0677858367562294,0.00012,0.2703647017478943,0.0
1054.0,1054.0,2.0,0.06934624910354614,0.00012,0.19484040141105652,0.0
1055.0,1055.0,2.0,0.07091066241264343,0.00012,0.29283180832862854,0.0
1056.0,1056.0,2.0,0.06527064740657806,0.00012,0.1670013815164566,0.0
1057.0,1057.0,2.0,0.06635645031929016,0.00012,0.32792332768440247,0.0
1058.0,1058.0,2.0,0.06208731234073639,0.00012,0.17516715824604034,0.0
1059.0,1059.0,2.0,0.07465066015720367,0.00012,0.32706379890441895,0.0
1060.0,1060.0,2.0,0.056265830993652344,0.00012,0.24204440414905548,0.0
1061.0,1061.0,2.0,0.0791240707039833,0.00012,0.24253986775875092,0.0
1062.0,1062.0,2.0,0.05565287172794342,0.00012,0.15016184747219086,0.0
1063.0,1063.0,2.0,0.064218670129776,0.00012,0.24938571453094482,0.0
1064.0,1064.0,2.0,0.07483697682619095,0.00012,0.19937270879745483,0.0
1065.0,1065.0,2.0,0.0876004546880722,0.00012,0.31274959444999695,0.0
1066.0,1066.0,2.0,0.06537549197673798,0.00012,0.2090279906988144,0.0
1067.0,1067.0,2.0,0.07336962223052979,0.00012,0.4335349202156067,0.0
1068.0,1068.0,2.0,0.06270323693752289,0.00012,0.2117159217596054,0.0
1069.0,1069.0,2.0,0.04704098403453827,0.00012,0.3405335545539856,0.0
1070.0,1070.0,2.0,0.06683327257633209,0.00012,0.19977864623069763,0.0
1071.0,1071.0,2.0,0.06955021619796753,0.00012,0.374482661485672,0.0
1072.0,1072.0,2.0,0.06486556679010391,0.00012,0.22066213190555573,0.0
1073.0,1073.0,2.0,0.08982089906930923,0.00012,0.3254587650299072,0.0
1074.0,1074.0,2.0,0.06075572967529297,0.00012,0.32412487268447876,0.0
1075.0,1075.0,2.0,0.06183330714702606,0.00012,0.20848359167575836,0.0
1076.0,1076.0,2.0,0.07681791484355927,0.00012,0.2078743577003479,0.0
1077.0,1077.0,2.0,0.0599454902112484,0.00012,0.21051928400993347,0.0
1078.0,1078.0,2.0,0.06510642170906067,0.00012,0.24832746386528015,0.0
1079.0,1079.0,2.0,0.0826340839266777,0.00012,0.37651771306991577,0.0
1080.0,1080.0,2.0,0.07416974753141403,0.00012,0.179796501994133,0.0
1081.0,1081.0,2.0,0.08404220640659332,0.00012,0.24492983520030975,0.0
1082.0,1082.0,2.0,0.06717157363891602,0.00012,0.19080929458141327,0.0
1083.0,1083.0,2.0,0.05849137902259827,0.00012,0.16728894412517548,0.0
1084.0,1084.0,2.0,0.05396605283021927,0.00012,0.18291524052619934,0.0
1085.0,1085.0,2.0,0.050443135201931,0.00012,0.13623426854610443,0.0
1086.0,1086.0,2.0,0.09599841386079788,0.00012,0.2417757362127304,0.0
1087.0,1087.0,2.0,0.0696258544921875,0.00012,0.1811434030532837,0.0
1088.0,1088.0,2.0,0.0648835301399231,0.00012,0.18526193499565125,0.0
1089.0,1089.0,2.0,0.05027977004647255,0.00012,0.14206115901470184,0.0
1090.0,1090.0,2.0,0.0665782243013382,0.00012,0.1659405529499054,0.0
1091.0,1091.0,2.0,0.06823932379484177,0.00012,0.2390885055065155,0.0
1092.0,1092.0,2.0,0.06637942045927048,0.00012,0.18930529057979584,0.0
1093.0,1093.0,2.0,0.061203375458717346,0.00012,0.16517767310142517,0.0
1094.0,1094.0,2.0,0.07067936658859253,0.00012,0.1891910433769226,0.0
1095.0,1095.0,2.0,0.0717734843492508,0.00012,0.2972877025604248,0.0
1096.0,1096.0,2.0,0.05546695739030838,0.00012,0.18563887476921082,0.0
1097.0,1097.0,2.0,0.06856686621904373,0.00012,0.27964863181114197,0.0
1098.0,1098.0,2.0,0.05090663582086563,0.00012,0.1888997107744217,0.0
1099.0,1099.0,2.0,0.06486065685749054,0.00012,0.2753083407878876,0.0
1100.0,1100.0,2.0,0.07459405064582825,0.00012,0.21145647764205933,0.0
1101.0,1101.0,2.0,0.05957377701997757,0.00012,0.25547555088996887,0.0
1102.0,1102.0,2.0,0.06804389506578445,0.00012,0.28210899233818054,0.0
1103.0,1103.0,2.0,0.06394298374652863,0.00012,0.22882679104804993,0.0
1104.0,1104.0,2.0,0.058878958225250244,0.00012,0.282527893781662,0.0
1105.0,1105.0,2.0,0.06965324282646179,0.00012,0.2664540112018585,0.0
1106.0,1106.0,2.0,0.06518132984638214,0.00012,0.3364078402519226,0.0
1107.0,1107.0,2.0,0.07059590518474579,0.00012,0.40605565905570984,0.0
1108.0,1108.0,2.0,0.06072310358285904,0.00012,0.14688175916671753,0.0
1109.0,1109.0,2.0,0.05931920185685158,0.00012,0.3230768144130707,0.0
1110.0,1110.0,2.0,0.06634450703859329,0.00012,0.18982121348381042,0.0
1111.0,1111.0,2.0,0.06946393102407455,0.00012,0.32920345664024353,0.0
1112.0,1112.0,2.0,0.07381539046764374,0.00012,0.34769922494888306,0.0
1113.0,1113.0,2.0,0.07075432687997818,0.00012,0.21359142661094666,0.0
1114.0,1114.0,2.0,0.06614629179239273,0.00012,0.3414665460586548,0.0
1115.0,1115.0,2.0,0.07170034945011139,0.00012,0.14996634423732758,0.0
1116.0,1116.0,2.0,0.07500442862510681,0.00012,0.25418621301651,0.0
1117.0,1117.0,2.0,0.06759621202945709,0.00012,0.21132875978946686,0.0
1118.0,1118.0,2.0,0.06559723615646362,0.00012,0.23155301809310913,0.0
1119.0,1119.0,2.0,0.07234658300876617,0.00012,0.19889916479587555,0.0
1120.0,1120.0,2.0,0.06342318654060364,0.00012,0.1843508630990982,0.0
1121.0,1121.0,2.0,0.07147222757339478,0.00012,0.19804804027080536,0.0
1122.0,1122.0,2.0,0.0684814602136612,0.00012,0.15665709972381592,0.0
1123.0,1123.0,2.0,0.06724746525287628,0.00012,0.1908705234527588,0.0
1124.0,1124.0,2.0,0.05536439269781113,0.00012,0.22166667878627777,0.0
1125.0,1125.0,2.0,0.04708799719810486,0.00012,0.16757261753082275,0.0
1126.0,1126.0,2.0,0.05855894461274147,0.00012,0.22281278669834137,0.0
1127.0,1127.0,2.0,0.061417292803525925,0.00012,0.28746598958969116,0.0
1128.0,1128.0,2.0,0.08315356820821762,0.00012,0.23929721117019653,0.0
1129.0,1129.0,2.0,0.05886542797088623,0.00012,0.2714925706386566,0.0
1130.0,1130.0,2.0,0.06508147716522217,0.00012,0.3128151297569275,0.0
1131.0,1131.0,2.0,0.06044674664735794,0.00012,0.17825549840927124,0.0
1132.0,1132.0,2.0,0.06740038841962814,0.00012,0.2527284324169159,0.0
1133.0,1133.0,2.0,0.05216021090745926,0.00012,0.20477701723575592,0.0
1134.0,1134.0,2.0,0.051264598965644836,0.00012,0.21684859693050385,0.0
1135.0,1135.0,2.0,0.07400331646203995,0.00012,0.32683151960372925,0.0
1136.0,1136.0,2.0,0.07488448917865753,0.00012,0.21744288504123688,0.0
1137.0,1137.0,2.0,0.0645887702703476,0.00012,0.1972741335630417,0.0
1138.0,1138.0,2.0,0.06706930696964264,0.00012,0.3154074549674988,0.0
1139.0,1139.0,2.0,0.06401041150093079,0.00012,0.20635882019996643,0.0
1140.0,1140.0,2.0,0.06872066855430603,0.00012,0.22746606171131134,0.0
1141.0,1141.0,2.0,0.08059334009885788,0.00012,0.2765583395957947,0.0
1142.0,1142.0,2.0,0.07387488335371017,0.00012,0.23751121759414673,0.0
1143.0,1143.0,2.0,0.07169962674379349,0.00012,0.180853009223938,0.0
1144.0,1144.0,2.0,0.06371133029460907,0.00012,0.2253900021314621,0.0
1145.0,1145.0,2.0,0.07168640196323395,0.00012,0.17743085324764252,0.0
1146.0,1146.0,2.0,0.0862128734588623,0.00012,0.2252347618341446,0.0
1147.0,1147.0,2.0,0.06344972550868988,0.00012,0.20983543992042542,0.0
1148.0,1148.0,2.0,0.06962643563747406,0.00012,0.225893035531044,0.0
1149.0,1149.0,2.0,0.05522184818983078,0.00012,0.2475949078798294,0.0
1150.0,1150.0,2.0,0.0712883472442627,0.00012,0.1350027471780777,0.0
1151.0,1151.0,2.0,0.0621994286775589,0.00012,0.2459142506122589,0.0
1152.0,1152.0,2.0,0.055425114929676056,0.00012,0.14575383067131042,0.0
1153.0,1153.0,2.0,0.06587833166122437,0.00012,0.1940424144268036,0.0
1154.0,1154.0,2.0,0.07143103331327438,0.00012,0.13957209885120392,0.0
1155.0,1155.0,2.0,0.06441722810268402,0.00012,0.19137588143348694,0.0
1156.0,1156.0,2.0,0.05537918955087662,0.00012,0.15822406113147736,0.0
1157.0,1157.0,2.0,0.06070113927125931,0.00012,0.2518000304698944,0.0
1158.0,1158.0,2.0,0.08456972241401672,0.00012,0.24445141851902008,0.0
1159.0,1159.0,2.0,0.06089670583605766,0.00012,0.24395029246807098,0.0
1160.0,1160.0,2.0,0.06933534145355225,0.00012,0.39213332533836365,0.0
1161.0,1161.0,2.0,0.0768069252371788,0.00012,0.3343825936317444,0.0
1162.0,1162.0,2.0,0.06736338138580322,0.00012,0.2304610013961792,0.0
1163.0,1163.0,2.0,0.057596173137426376,0.00012,0.32326340675354004,0.0
1164.0,1164.0,2.0,0.0731673464179039,0.00012,0.17487439513206482,0.0
1165.0,1165.0,2.0,0.08258068561553955,0.00012,0.39386436343193054,0.0
1166.0,1166.0,2.0,0.06233835592865944,0.00012,0.2706718444824219,0.0
1167.0,1167.0,2.0,0.0862625390291214,0.00012,0.2539847493171692,0.0
1168.0,1168.0,2.0,0.06645989418029785,0.00012,0.19810330867767334,0.0
1169.0,1169.0,2.0,0.08131207525730133,0.00012,0.3021407425403595,0.0
1170.0,1170.0,2.0,0.06356149911880493,0.00012,0.2258412092924118,0.0
1171.0,1171.0,3.0,0.07716482132673264,0.00012,0.28471639752388,0.0
1172.0,1172.0,3.0,0.06640862673521042,0.00012,0.25860100984573364,0.0
1173.0,1173.0,3.0,0.07989916205406189,0.00012,0.20406877994537354,0.0
1174.0,1174.0,3.0,0.067278653383255,0.00012,0.21377159655094147,0.0
1175.0,1175.0,3.0,0.06180134043097496,0.00012,0.22787009179592133,0.0
1176.0,1176.0,3.0,0.06284715235233307,0.00012,0.21128630638122559,0.0
1177.0,1177.0,3.0,0.08325421810150146,0.00012,0.35529881715774536,0.0
1178.0,1178.0,3.0,0.06555192172527313,0.00012,0.28174489736557007,0.0
1179.0,1179.0,3.0,0.0662989616394043,0.00012,0.26011064648628235,0.0
1180.0,1180.0,3.0,0.08799973875284195,0.00012,0.31499478220939636,0.0
1181.0,1181.0,3.0,0.058186642825603485,0.00012,0.2443632334470749,0.0
1182.0,1182.0,3.0,0.07179024815559387,0.00012,0.30041930079460144,0.0
1183.0,1183.0,3.0,0.05308104678988457,0.00012,0.1805376559495926,0.0
1184.0,1184.0,3.0,0.06269825994968414,0.00012,0.35799458622932434,0.0
1185.0,1185.0,3.0,0.06468084454536438,0.00012,0.24333959817886353,0.0
1186.0,1186.0,3.0,0.06347618252038956,0.00012,0.3076164722442627,0.0
1187.0,1187.0,3.0,0.05828912556171417,0.00012,0.21395401656627655,0.0
1188.0,1188.0,3.0,0.06223604828119278,0.00012,0.15291498601436615,0.0
1189.0,1189.0,3.0,0.06998775899410248,0.00012,0.26906320452690125,0.0
1190.0,1190.0,3.0,0.05722122639417648,0.00012,0.21700958907604218,0.0
1191.0,1191.0,3.0,0.05722016841173172,0.00012,0.1714625060558319,0.0
1192.0,1192.0,3.0,0.06236162409186363,0.00012,0.22452396154403687,0.0
1193.0,1193.0,3.0,0.06585422158241272,0.00012,0.20000068843364716,0.0
1194.0,1194.0,3.0,0.06277783215045929,0.00012,0.21554407477378845,0.0
1195.0,1195.0,3.0,0.052299439907073975,0.00012,0.23580126464366913,0.0
1196.0,1196.0,3.0,0.064174123108387,0.00012,0.3316003382205963,0.0
1197.0,1197.0,3.0,0.06793230772018433,0.00012,0.1680951714515686,0.0
1198.0,1198.0,3.0,0.06964008510112762,0.00012,0.23934520781040192,0.0
1199.0,1199.0,3.0,0.06498536467552185,0.00012,0.30392390489578247,0.0
1200.0,1200.0,3.0,0.07183694839477539,0.00012,0.20752769708633423,0.0
1201.0,1201.0,3.0,0.08473250269889832,0.00012,0.34187841415405273,0.0
1202.0,1202.0,3.0,0.0557359978556633,0.00012,0.1342639923095703,0.0
1203.0,1203.0,3.0,0.06188684701919556,0.00012,0.26652148365974426,0.0
1204.0,1204.0,3.0,0.06871265918016434,0.00012,0.17073552310466766,0.0
1205.0,1205.0,3.0,0.05484143644571304,0.00012,0.31915083527565,0.0
1206.0,1206.0,3.0,0.0676451176404953,0.00012,0.14178873598575592,0.0
1207.0,1207.0,3.0,0.07449944317340851,0.00012,0.3068453073501587,0.0
1208.0,1208.0,3.0,0.04943884536623955,0.00012,0.17175894975662231,0.0
1209.0,1209.0,3.0,0.05978428199887276,0.00012,0.30755317211151123,0.0
1210.0,1210.0,3.0,0.07637941092252731,0.00012,0.21730712056159973,0.0
1211.0,1211.0,3.0,0.06870719790458679,0.00012,0.3396608829498291,0.0
1212.0,1212.0,3.0,0.07502993196249008,0.00012,0.22561421990394592,0.0
1213.0,1213.0,3.0,0.06502550840377808,0.00012,0.38629236817359924,0.0
1214.0,1214.0,3.0,0.050162628293037415,0.00012,0.16730554401874542,0.0
1215.0,1215.0,3.0,0.06334097683429718,0.00012,0.29861947894096375,0.0
1216.0,1216.0,3.0,0.06920791417360306,0.00012,0.23421916365623474,0.0
1217.0,1217.0,3.0,0.05521129444241524,0.00012,0.18407849967479706,0.0
1218.0,1218.0,3.0,0.06521505862474442,0.00012,0.3008630871772766,0.0
1219.0,1219.0,3.0,0.0884917676448822,0.00012,0.23822394013404846,0.0
1220.0,1220.0,3.0,0.06799031794071198,0.00012,0.3434542417526245,0.0
1221.0,1221.0,3.0,0.058136235922575,0.00012,0.21599628031253815,0.0
1222.0,1222.0,3.0,0.0644979178905487,0.00012,0.3680158257484436,0.0
1223.0,1223.0,3.0,0.05762492120265961,0.00012,0.24356675148010254,0.0
1224.0,1224.0,3.0,0.048296041786670685,0.00012,0.2701435387134552,0.0
1225.0,1225.0,3.0,0.07584267854690552,0.00012,0.223509281873703,0.0
1226.0,1226.0,3.0,0.0548814982175827,0.00012,0.30777034163475037,0.0
1227.0,1227.0,3.0,0.06239280104637146,0.00012,0.2921815514564514,0.0
1228.0,1228.0,3.0,0.06530491262674332,0.00012,0.24137663841247559,0.0
1229.0,1229.0,3.0,0.057133421301841736,0.00012,0.2495371252298355,0.0
1230.0,1230.0,3.0,0.07645072788000107,0.00012,0.4151325225830078,0.0
1231.0,1231.0,3.0,0.057577963918447495,0.00012,0.29566434025764465,0.0
1232.0,1232.0,3.0,0.08157054334878922,0.00012,0.41333580017089844,0.0
1233.0,1233.0,3.0,0.07097134739160538,0.00012,0.4767675995826721,0.0
1234.0,1234.0,3.0,0.05232788622379303,0.00012,0.26892393827438354,0.0
1235.0,1235.0,3.0,0.06556938588619232,0.00012,0.3819226324558258,0.0
1236.0,1236.0,3.0,0.0675199031829834,0.00012,0.2503769099712372,0.0
1237.0,1237.0,3.0,0.05712869390845299,0.00012,0.403602659702301,0.0
1238.0,1238.0,3.0,0.06403790414333344,0.00012,0.321880966424942,0.0
1239.0,1239.0,3.0,0.08422911167144775,0.00012,0.25178489089012146,0.0
1240.0,1240.0,3.0,0.06674979627132416,0.00012,0.3021963834762573,0.0
1241.0,1241.0,3.0,0.0729105994105339,0.00012,0.2354455143213272,0.0
1242.0,1242.0,3.0,0.06223087012767792,0.00012,0.17921051383018494,0.0
1243.0,1243.0,3.0,0.06711719930171967,0.00012,0.18161635100841522,0.0
1244.0,1244.0,3.0,0.07244454324245453,0.00012,0.20758730173110962,0.0
1245.0,1245.0,3.0,0.05904563143849373,0.00012,0.17873543500900269,0.0
1246.0,1246.0,3.0,0.056637682020664215,0.00012,0.2039925456047058,0.0
1247.0,1247.0,3.0,0.06403589993715286,0.00012,0.22335077822208405,0.0
1248.0,1248.0,3.0,0.06291431933641434,0.00012,0.25696706771850586,0.0
1249.0,1249.0,3.0,0.06502753496170044,0.00012,0.18636327981948853,0.0
1250.0,1250.0,3.0,0.06697496771812439,0.00012,0.2211199551820755,0.0
1251.0,1251.0,3.0,0.06668955832719803,0.00012,0.1969381719827652,0.0
1252.0,1252.0,3.0,0.07373440265655518,0.00012,0.2564685642719269,0.0
1253.0,1253.0,3.0,0.06110113114118576,0.00012,0.272842675447464,0.0
1254.0,1254.0,3.0,0.058687251061201096,0.00012,0.19416701793670654,0.0
1255.0,1255.0,3.0,0.07608668506145477,0.00012,0.2876383364200592,0.0
1256.0,1256.0,3.0,0.06418520212173462,0.00012,0.16695404052734375,0.0
1257.0,1257.0,3.0,0.07368914783000946,0.00012,0.2620300352573395,0.0
1258.0,1258.0,3.0,0.05982183665037155,0.00012,0.2231959104537964,0.0
1259.0,1259.0,3.0,0.062271155416965485,0.00012,0.222815603017807,0.0
1260.0,1260.0,3.0,0.06688648462295532,0.00012,0.33494827151298523,0.0
1261.0,1261.0,3.0,0.050688013434410095,0.00012,0.24251721799373627,0.0
1262.0,1262.0,3.0,0.05635678768157959,0.00012,0.33856290578842163,0.0
1263.0,1263.0,3.0,0.06118706986308098,0.00012,0.3499753177165985,0.0
1264.0,1264.0,3.0,0.05127234756946564,0.00012,0.23993024230003357,0.0
1265.0,1265.0,3.0,0.0691598653793335,0.00012,0.3351282477378845,0.0
1266.0,1266.0,3.0,0.09115536510944366,0.00012,0.3566431701183319,0.0
1267.0,1267.0,3.0,0.06205407530069351,0.00012,0.374044805765152,0.0
1268.0,1268.0,3.0,0.06138559430837631,0.00012,0.35576677322387695,0.0
1269.0,1269.0,3.0,0.08321398496627808,0.00012,0.29236674308776855,0.0
1270.0,1270.0,3.0,0.07019436359405518,0.00012,0.47735369205474854,0.0
1271.0,1271.0,3.0,0.06706085801124573,0.00012,0.21731199324131012,0.0
1272.0,1272.0,3.0,0.0690840408205986,0.00012,0.30333802103996277,0.0
1273.0,1273.0,3.0,0.06239305064082146,0.00012,0.14319296181201935,0.0
1274.0,1274.0,3.0,0.06099946051836014,0.00012,0.25952813029289246,0.0
1275.0,1275.0,3.0,0.0582735650241375,0.00012,0.14675161242485046,0.0
1276.0,1276.0,3.0,0.06545094400644302,0.00012,0.27806317806243896,0.0
1277.0,1277.0,3.0,0.05828776955604553,0.00012,0.18787753582000732,0.0
1278.0,1278.0,3.0,0.061115432530641556,0.00012,0.2324036955833435,0.0
1279.0,1279.0,3.0,0.06220931559801102,0.00012,0.27823081612586975,0.0
1280.0,1280.0,3.0,0.06798213720321655,0.00012,0.27367258071899414,0.0
1281.0,1281.0,3.0,0.050291579216718674,0.00012,0.34118005633354187,0.0
1282.0,1282.0,3.0,0.062072381377220154,0.00012,0.19869884848594666,0.0
1283.0,1283.0,3.0,0.05928848683834076,0.00012,0.27220669388771057,0.0
1284.0,1284.0,3.0,0.05758529156446457,0.00012,0.19149506092071533,0.0
1285.0,1285.0,3.0,0.05680377036333084,0.00012,0.2273976057767868,0.0
1286.0,1286.0,3.0,0.060728177428245544,0.00012,0.17467354238033295,0.0
1287.0,1287.0,3.0,0.06727494299411774,0.00012,0.2194683700799942,0.0
1288.0,1288.0,3.0,0.06650009751319885,0.00012,0.19898301362991333,0.0
1289.0,1289.0,3.0,0.060826271772384644,0.00012,0.26686206459999084,0.0
1290.0,1290.0,3.0,0.05380609631538391,0.00012,0.15062417089939117,0.0
1291.0,1291.0,3.0,0.061097417026758194,0.00012,0.2581280767917633,0.0
1292.0,1292.0,3.0,0.060569312423467636,0.00012,0.20783644914627075,0.0
1293.0,1293.0,3.0,0.05226658657193184,0.00012,0.32437074184417725,0.0
1294.0,1294.0,3.0,0.07222684472799301,0.00012,0.1556054651737213,0.0
1295.0,1295.0,3.0,0.0666513592004776,0.00012,0.3306904137134552,0.0
1296.0,1296.0,3.0,0.06780776381492615,0.00012,0.24279066920280457,0.0
1297.0,1297.0,3.0,0.06338274478912354,0.00012,0.27827146649360657,0.0
1298.0,1298.0,3.0,0.0628751665353775,0.00012,0.26468798518180847,0.0
1299.0,1299.0,3.0,0.06009522080421448,0.00012,0.27127939462661743,0.0
1300.0,1300.0,3.0,0.058272212743759155,0.00012,0.2574027180671692,0.0
1301.0,1301.0,3.0,0.09020308405160904,0.00012,0.25391706824302673,0.0
1302.0,1302.0,3.0,0.06976424157619476,0.00012,0.2775405943393707,0.0
1303.0,1303.0,3.0,0.07947640120983124,0.00012,0.26213887333869934,0.0
1304.0,1304.0,3.0,0.07015193998813629,0.00012,0.3526906669139862,0.0
1305.0,1305.0,3.0,0.06926306337118149,0.00012,0.17327100038528442,0.0
1306.0,1306.0,3.0,0.04998697340488434,0.00012,0.265163779258728,0.0
1307.0,1307.0,3.0,0.047772474586963654,0.00012,0.16761699318885803,0.0
1308.0,1308.0,3.0,0.050720978528261185,0.00012,0.2337205857038498,0.0
1309.0,1309.0,3.0,0.06445999443531036,0.00012,0.21808794140815735,0.0
1310.0,1310.0,3.0,0.07300817966461182,0.00012,0.24996988475322723,0.0
1311.0,1311.0,3.0,0.06607778370380402,0.00012,0.2495739459991455,0.0
1312.0,1312.0,3.0,0.07149817794561386,0.00012,0.36181721091270447,0.0
1313.0,1313.0,3.0,0.05981192737817764,0.00012,0.3124905824661255,0.0
1314.0,1314.0,3.0,0.06002969294786453,0.00012,0.2690941393375397,0.0
1315.0,1315.0,3.0,0.06180683895945549,0.00012,0.3453686237335205,0.0
1316.0,1316.0,3.0,0.07012136280536652,0.00012,0.2545149624347687,0.0
1317.0,1317.0,3.0,0.06638355553150177,0.00012,0.3597337007522583,0.0
1318.0,1318.0,3.0,0.07102867215871811,0.00012,0.22863109409809113,0.0
1319.0,1319.0,3.0,0.07086829841136932,0.00012,0.31915155053138733,0.0
1320.0,1320.0,3.0,0.06321334838867188,0.00012,0.2444121539592743,0.0
1321.0,1321.0,3.0,0.05652337521314621,0.00012,0.27912405133247375,0.0
1322.0,1322.0,3.0,0.07919908314943314,0.00012,0.3471664488315582,0.0
1323.0,1323.0,3.0,0.05476052314043045,0.00012,0.48479339480400085,0.0
1324.0,1324.0,3.0,0.06955757737159729,0.00012,0.21537204086780548,0.0
1325.0,1325.0,3.0,0.05243130773305893,0.00012,0.4371919631958008,0.0
1326.0,1326.0,3.0,0.05971292033791542,0.00012,0.12113217264413834,0.0
1327.0,1327.0,3.0,0.06279105693101883,0.00012,0.3676205277442932,0.0
1328.0,1328.0,3.0,0.0628347098827362,0.00012,0.22646033763885498,0.0
1329.0,1329.0,3.0,0.06986558437347412,0.00012,0.3021637201309204,0.0
1330.0,1330.0,3.0,0.05006597936153412,0.00012,0.19865940511226654,0.0
1331.0,1331.0,3.0,0.06631922721862793,0.00012,0.19658230245113373,0.0
1332.0,1332.0,3.0,0.04920755326747894,0.00012,0.2043616771697998,0.0
1333.0,1333.0,3.0,0.07097497582435608,0.00012,0.2282266616821289,0.0
1334.0,1334.0,3.0,0.07164561748504639,0.00012,0.2232377529144287,0.0
1335.0,1335.0,3.0,0.07078070938587189,0.00012,0.34046557545661926,0.0
1336.0,1336.0,3.0,0.06316481530666351,0.00012,0.2060287594795227,0.0
1337.0,1337.0,3.0,0.059645794332027435,0.00012,0.31782999634742737,0.0
1338.0,1338.0,3.0,0.0634085163474083,0.00012,0.2826616168022156,0.0
1339.0,1339.0,3.0,0.07149577140808105,0.00012,0.3067147433757782,0.0
1340.0,1340.0,3.0,0.04597463458776474,0.00012,0.2917773723602295,0.0
1341.0,1341.0,3.0,0.058724164962768555,0.00012,0.2251337468624115,0.0
1342.0,1342.0,3.0,0.06333256512880325,0.00012,0.3464418947696686,0.0
1343.0,1343.0,3.0,0.0595092847943306,0.00012,0.21563448011875153,0.0
1344.0,1344.0,3.0,0.06686318665742874,0.00012,0.34537047147750854,0.0
1345.0,1345.0,3.0,0.05946751683950424,0.00012,0.2583213150501251,0.0
1346.0,1346.0,3.0,0.0617721825838089,0.00012,0.26241856813430786,0.0
1347.0,1347.0,3.0,0.058170586824417114,0.00012,0.24412137269973755,0.0
1348.0,1348.0,3.0,0.06951414793729782,0.00012,0.19194795191287994,0.0
1349.0,1349.0,3.0,0.07097097486257553,0.00012,0.3223193883895874,0.0
1350.0,1350.0,3.0,0.059168219566345215,0.00012,0.249612957239151,0.0
1351.0,1351.0,3.0,0.06304594874382019,0.00012,0.22843626141548157,0.0
1352.0,1352.0,3.0,0.07971154153347015,0.00012,0.36960723996162415,0.0
1353.0,1353.0,3.0,0.05872369930148125,0.00012,0.20985154807567596,0.0
1354.0,1354.0,3.0,0.07308555394411087,0.00012,0.43280142545700073,0.0
1355.0,1355.0,3.0,0.07543524354696274,0.00012,0.22319407761096954,0.0
1356.0,1356.0,3.0,0.06139634549617767,0.00012,0.22337304055690765,0.0
1357.0,1357.0,3.0,0.07021090388298035,0.00012,0.21107491850852966,0.0
1358.0,1358.0,3.0,0.0548035204410553,0.00012,0.2642820477485657,0.0
1359.0,1359.0,3.0,0.06197105348110199,0.00012,0.12148691713809967,0.0
1360.0,1360.0,3.0,0.06820063292980194,0.00012,0.29445940256118774,0.0
1361.0,1361.0,3.0,0.062486011534929276,0.00012,0.17859995365142822,0.0
1362.0,1362.0,3.0,0.06177990511059761,0.00012,0.22706007957458496,0.0
1363.0,1363.0,3.0,0.09202446043491364,0.00012,0.21705500781536102,0.0
1364.0,1364.0,3.0,0.05766640231013298,0.00012,0.21781815588474274,0.0
1365.0,1365.0,3.0,0.04948484152555466,0.00012,0.2216302901506424,0.0
1366.0,1366.0,3.0,0.05271032080054283,0.00012,0.20999637246131897,0.0
1367.0,1367.0,3.0,0.061316438019275665,0.00012,0.19301433861255646,0.0
1368.0,1368.0,3.0,0.07137960940599442,0.00012,0.2572556436061859,0.0
1369.0,1369.0,3.0,0.05688497796654701,0.00012,0.1617816686630249,0.0
1370.0,1370.0,3.0,0.06848602741956711,0.00012,0.28674548864364624,0.0
1371.0,1371.0,3.0,0.062278054654598236,0.00012,0.22765927016735077,0.0
1372.0,1372.0,3.0,0.06143753230571747,0.00012,0.351510614156723,0.0
1373.0,1373.0,3.0,0.05776344612240791,0.00012,0.15266798436641693,0.0
1374.0,1374.0,3.0,0.06491155922412872,0.00012,0.30446523427963257,0.0
1375.0,1375.0,3.0,0.05216173455119133,0.00012,0.26222214102745056,0.0
1376.0,1376.0,3.0,0.06276993453502655,0.00012,0.33373457193374634,0.0
1377.0,1377.0,3.0,0.06719206273555756,0.00012,0.282744437456131,0.0
1378.0,1378.0,3.0,0.0758054107427597,0.00012,0.28948214650154114,0.0
1379.0,1379.0,3.0,0.051898498088121414,0.00012,0.24851952493190765,0.0
1380.0,1380.0,3.0,0.06671780347824097,0.00012,0.31964564323425293,0.0
1381.0,1381.0,3.0,0.06688093394041061,0.00012,0.31693416833877563,0.0
1382.0,1382.0,3.0,0.07710927724838257,0.00012,0.26935580372810364,0.0
1383.0,1383.0,3.0,0.08457139134407043,0.00012,0.3329848349094391,0.0
1384.0,1384.0,3.0,0.07310401648283005,0.00012,0.14851932227611542,0.0
1385.0,1385.0,3.0,0.06354093551635742,0.00012,0.3336593508720398,0.0
1386.0,1386.0,3.0,0.05640854313969612,0.00012,0.19288675487041473,0.0
1387.0,1387.0,3.0,0.0674055814743042,0.00012,0.28147849440574646,0.0
1388.0,1388.0,3.0,0.0632123276591301,0.00012,0.25096091628074646,0.0
1389.0,1389.0,3.0,0.06756974756717682,0.00012,0.22079452872276306,0.0
1390.0,1390.0,3.0,0.07007020711898804,0.00012,0.26138392090797424,0.0
1391.0,1391.0,3.0,0.06247127056121826,0.00012,0.16218125820159912,0.0
1392.0,1392.0,3.0,0.06192954629659653,0.00012,0.2661074995994568,0.0
1393.0,1393.0,3.0,0.060279037803411484,0.00012,0.1775953322649002,0.0
1394.0,1394.0,3.0,0.07308519631624222,0.00012,0.22670407593250275,0.0
1395.0,1395.0,3.0,0.07542182505130768,0.00012,0.24130970239639282,0.0
1396.0,1396.0,3.0,0.07860582321882248,0.00012,0.22626273334026337,0.0
1397.0,1397.0,3.0,0.05425518751144409,0.00012,0.28674808144569397,0.0
1398.0,1398.0,3.0,0.06032797694206238,0.00012,0.14760935306549072,0.0
1399.0,1399.0,3.0,0.05672068148851395,0.00012,0.2515835464000702,0.0
1400.0,1400.0,3.0,0.05233076214790344,0.00012,0.1508873999118805,0.0
1401.0,1401.0,3.0,0.06266169250011444,0.00012,0.2997547686100006,0.0
1402.0,1402.0,3.0,0.06108084321022034,0.00012,0.16652898490428925,0.0
1403.0,1403.0,3.0,0.05197899043560028,0.00012,0.20808027684688568,0.0
1404.0,1404.0,3.0,0.05919690430164337,0.00012,0.17267367243766785,0.0
1405.0,1405.0,3.0,0.06504103541374207,0.00012,0.22711168229579926,0.0
1406.0,1406.0,3.0,0.06815646588802338,0.00012,0.19746197760105133,0.0
1407.0,1407.0,3.0,0.07604008167982101,0.00012,0.2486240714788437,0.0
1408.0,1408.0,3.0,0.05610975995659828,0.00012,0.22016620635986328,0.0
1409.0,1409.0,3.0,0.06214667111635208,0.00012,0.15394851565361023,0.0
1410.0,1410.0,3.0,0.07100561261177063,0.00012,0.1816101223230362,0.0
1411.0,1411.0,3.0,0.07273678481578827,0.00012,0.2017456740140915,0.0
1412.0,1412.0,3.0,0.0758083388209343,0.00012,0.19680137932300568,0.0
1413.0,1413.0,3.0,0.0666227638721466,0.00012,0.20137986540794373,0.0
1414.0,1414.0,3.0,0.05916959047317505,0.00012,0.1354994773864746,0.0
1415.0,1415.0,3.0,0.06298735737800598,0.00012,0.16579249501228333,0.0
1416.0,1416.0,3.0,0.08934274315834045,0.00012,0.2041681855916977,0.0
1417.0,1417.0,3.0,0.058343566954135895,0.00012,0.1754508763551712,0.0
1418.0,1418.0,3.0,0.06839200109243393,0.00012,0.16068243980407715,0.0
1419.0,1419.0,3.0,0.06911210715770721,0.00012,0.17565059661865234,0.0
1420.0,1420.0,3.0,0.06974801421165466,0.00012,0.2185690999031067,0.0
1421.0,1421.0,3.0,0.0673581063747406,0.00012,0.29289186000823975,0.0
1422.0,1422.0,3.0,0.05192772299051285,0.00012,0.2933197319507599,0.0
1423.0,1423.0,3.0,0.05505385994911194,0.00012,0.2964000999927521,0.0
1424.0,1424.0,3.0,0.06711883842945099,0.00012,0.32536813616752625,0.0
1425.0,1425.0,3.0,0.04858343303203583,0.00012,0.2550569474697113,0.0
1426.0,1426.0,3.0,0.05309036746621132,0.00012,0.34539905190467834,0.0
1427.0,1427.0,3.0,0.0694422796368599,0.00012,0.2520749270915985,0.0
1428.0,1428.0,3.0,0.06743205338716507,0.00012,0.37829333543777466,0.0
1429.0,1429.0,3.0,0.06561586260795593,0.00012,0.1660618633031845,0.0
1430.0,1430.0,3.0,0.06115559861063957,0.00012,0.3700951635837555,0.0
1431.0,1431.0,3.0,0.05320504307746887,0.00012,0.1592980921268463,0.0
1432.0,1432.0,3.0,0.06115218251943588,0.00012,0.4148727357387543,0.0
1433.0,1433.0,3.0,0.06534317135810852,0.00012,0.1667572557926178,0.0
1434.0,1434.0,3.0,0.05106423422694206,0.00012,0.28400641679763794,0.0
1435.0,1435.0,3.0,0.06122562661767006,0.00012,0.22841870784759521,0.0
1436.0,1436.0,3.0,0.05877091735601425,0.00012,0.22698968648910522,0.0
1437.0,1437.0,3.0,0.06950867176055908,0.00012,0.17167222499847412,0.0
1438.0,1438.0,3.0,0.07841293513774872,0.00012,0.2671370506286621,0.0
1439.0,1439.0,3.0,0.07913556694984436,0.00012,0.1846514642238617,0.0
1440.0,1440.0,3.0,0.05099182203412056,0.00012,0.35031986236572266,0.0
1441.0,1441.0,3.0,0.07258155196905136,0.00012,0.2555488646030426,0.0
1442.0,1442.0,3.0,0.0697551965713501,0.00012,0.2708488404750824,0.0
1443.0,1443.0,3.0,0.06004418805241585,0.00012,0.27508342266082764,0.0
1444.0,1444.0,3.0,0.06751038879156113,0.00012,0.18330705165863037,0.0
1445.0,1445.0,3.0,0.06437136977910995,0.00012,0.25238218903541565,0.0
1446.0,1446.0,3.0,0.06608933210372925,0.00012,0.2783781588077545,0.0
1447.0,1447.0,3.0,0.07817426323890686,0.00012,0.21394076943397522,0.0
1448.0,1448.0,3.0,0.0632333755493164,0.00012,0.24737884104251862,0.0
1449.0,1449.0,3.0,0.07511600106954575,0.00012,0.21303877234458923,0.0
1450.0,1450.0,3.0,0.06719471514225006,0.00012,0.24966610968112946,0.0
1451.0,1451.0,3.0,0.06108111888170242,0.00012,0.2976442575454712,0.0
1452.0,1452.0,3.0,0.06655268371105194,0.00012,0.13814128935337067,0.0
1453.0,1453.0,3.0,0.06970660388469696,0.00012,0.22993884980678558,0.0
1454.0,1454.0,3.0,0.07077580690383911,0.00012,0.2514072060585022,0.0
1455.0,1455.0,3.0,0.0634491965174675,0.00012,0.17393727600574493,0.0
1456.0,1456.0,3.0,0.06855186820030212,0.00012,0.23214879631996155,0.0
1457.0,1457.0,3.0,0.062467996031045914,0.00012,0.19156688451766968,0.0
1458.0,1458.0,3.0,0.05183029919862747,0.00012,0.2533620595932007,0.0
1459.0,1459.0,3.0,0.055881962180137634,0.00012,0.1934175342321396,0.0
1460.0,1460.0,3.0,0.06772328168153763,0.00012,0.1911299079656601,0.0
1461.0,1461.0,3.0,0.07268980145454407,0.00012,0.17550846934318542,0.0
1462.0,1462.0,3.0,0.055134668946266174,0.00012,0.17808349430561066,0.0
1463.0,1463.0,3.0,0.06466403603553772,0.00012,0.15825065970420837,0.0
1464.0,1464.0,3.0,0.06368331611156464,0.00012,0.2589373290538788,0.0
1465.0,1465.0,3.0,0.06263141334056854,0.00012,0.17820370197296143,0.0
1466.0,1466.0,3.0,0.06988632678985596,0.00012,0.21196728944778442,0.0
1467.0,1467.0,3.0,0.06107475981116295,0.00012,0.16107124090194702,0.0
1468.0,1468.0,3.0,0.07086453586816788,0.00012,0.1449703723192215,0.0
1469.0,1469.0,3.0,0.051900606602430344,0.00012,0.12321197241544724,0.0
1470.0,1470.0,3.0,0.06310970336198807,0.00012,0.14297902584075928,0.0
1471.0,1471.0,3.0,0.07533695548772812,0.00012,0.16188238561153412,0.0
1472.0,1472.0,3.0,0.05507688969373703,0.00012,0.18110142648220062,0.0
1473.0,1473.0,3.0,0.06917640566825867,0.00012,0.13716749846935272,0.0
1474.0,1474.0,3.0,0.06200896203517914,0.00012,0.24021832644939423,0.0
1475.0,1475.0,3.0,0.07973100244998932,0.00012,0.1764826625585556,0.0
1476.0,1476.0,3.0,0.0746268630027771,0.00012,0.22829268872737885,0.0
1477.0,1477.0,3.0,0.06792299449443817,0.00012,0.1424170583486557,0.0
1478.0,1478.0,3.0,0.06197946146130562,0.00012,0.12604007124900818,0.0
1479.0,1479.0,3.0,0.07884378731250763,0.00012,0.15965592861175537,0.0
1480.0,1480.0,3.0,0.0612228624522686,0.00012,0.1570562869310379,0.0
1481.0,1481.0,3.0,0.060528550297021866,0.00012,0.16873130202293396,0.0
1482.0,1482.0,3.0,0.05965309217572212,0.00012,0.14225466549396515,0.0
1483.0,1483.0,3.0,0.07033287733793259,0.00012,0.25607001781463623,0.0
1484.0,1484.0,3.0,0.0657835602760315,0.00012,0.1296899914741516,0.0
1485.0,1485.0,3.0,0.08126388490200043,0.00012,0.3011320233345032,0.0
1486.0,1486.0,3.0,0.06835032254457474,0.00012,0.21561847627162933,0.0
1487.0,1487.0,3.0,0.0616685152053833,0.00012,0.2686816155910492,0.0
1488.0,1488.0,3.0,0.06381072849035263,0.00012,0.16925518214702606,0.0
1489.0,1489.0,3.0,0.0694657415151596,0.00012,0.21944238245487213,0.0
1490.0,1490.0,3.0,0.05261460691690445,0.00012,0.2656679153442383,0.0
1491.0,1491.0,3.0,0.05904494225978851,0.00012,0.15995776653289795,0.0
1492.0,1492.0,3.0,0.0536159947514534,0.00012,0.20891599357128143,0.0
1493.0,1493.0,3.0,0.07654120028018951,0.00012,0.17701876163482666,0.0
1494.0,1494.0,3.0,0.06813721358776093,0.00012,0.19630882143974304,0.0
1495.0,1495.0,3.0,0.07384974509477615,0.00012,0.2464931756258011,0.0
1496.0,1496.0,3.0,0.06256261467933655,0.00012,0.26366886496543884,0.0
1497.0,1497.0,3.0,0.06875180453062057,0.00012,0.24088983237743378,0.0
1498.0,1498.0,3.0,0.05735575780272484,0.00012,0.29032474756240845,0.0
1499.0,1499.0,3.0,0.0602559931576252,0.00012,0.2162373661994934,0.0
1500.0,1500.0,3.0,0.06809230148792267,0.00012,0.3502945303916931,0.0
1501.0,1501.0,3.0,0.06481791287660599,0.00012,0.2530214488506317,0.0
1502.0,1502.0,3.0,0.07566221058368683,0.00012,0.27608487010002136,0.0
1503.0,1503.0,3.0,0.05425437539815903,0.00012,0.27388668060302734,0.0
1504.0,1504.0,3.0,0.05907221883535385,0.00012,0.20224204659461975,0.0
1505.0,1505.0,3.0,0.06499987840652466,0.00012,0.31162020564079285,0.0
1506.0,1506.0,3.0,0.06635528057813644,0.00012,0.2073815017938614,0.0
1507.0,1507.0,3.0,0.05533342808485031,0.00012,0.38534116744995117,0.0
1508.0,1508.0,3.0,0.08016937971115112,0.00012,0.2335391342639923,0.0
1509.0,1509.0,3.0,0.05087314173579216,0.00012,0.26907145977020264,0.0
1510.0,1510.0,3.0,0.06769714504480362,0.00012,0.2794936001300812,0.0
1511.0,1511.0,3.0,0.07224699854850769,0.00012,0.3708648085594177,0.0
1512.0,1512.0,3.0,0.060064248740673065,0.00012,0.30083757638931274,0.0
1513.0,1513.0,3.0,0.0720561295747757,0.00012,0.32932451367378235,0.0
1514.0,1514.0,3.0,0.058366380631923676,0.00012,0.4518813490867615,0.0
1515.0,1515.0,3.0,0.06319400668144226,0.00012,0.21659746766090393,0.0
1516.0,1516.0,3.0,0.062091682106256485,0.00012,0.348837286233902,0.0
1517.0,1517.0,3.0,0.05456303060054779,0.00012,0.3390105664730072,0.0
1518.0,1518.0,3.0,0.05406579747796059,0.00012,0.3235105872154236,0.0
1519.0,1519.0,3.0,0.05833648890256882,0.00012,0.40170812606811523,0.0
1520.0,1520.0,3.0,0.06306615471839905,0.00012,0.2704370617866516,0.0
1521.0,1521.0,3.0,0.06153571605682373,0.00012,0.37801799178123474,0.0
1522.0,1522.0,3.0,0.07780653238296509,0.00012,0.29537346959114075,0.0
1523.0,1523.0,3.0,0.06039680913090706,0.00012,0.3298162519931793,0.0
1524.0,1524.0,3.0,0.06917704641819,0.00012,0.34788572788238525,0.0
1525.0,1525.0,3.0,0.07099639624357224,0.00012,0.2831530272960663,0.0
1526.0,1526.0,3.0,0.05788429453969002,0.00012,0.3083524703979492,0.0
1527.0,1527.0,3.0,0.05802179127931595,0.00012,0.20238550007343292,0.0
1528.0,1528.0,3.0,0.07888740301132202,0.00012,0.30944547057151794,0.0
1529.0,1529.0,3.0,0.059587717056274414,0.00012,0.18202276527881622,0.0
1530.0,1530.0,3.0,0.06201457977294922,0.00012,0.25878262519836426,0.0
1531.0,1531.0,3.0,0.055154841393232346,0.00012,0.1843642294406891,0.0
1532.0,1532.0,3.0,0.07071608304977417,0.00012,0.26097238063812256,0.0
1533.0,1533.0,3.0,0.06841351091861725,0.00012,0.26352447271347046,0.0
1534.0,1534.0,3.0,0.06213374435901642,0.00012,0.2857189476490021,0.0
1535.0,1535.0,3.0,0.05529869720339775,0.00012,0.3079442083835602,0.0
1536.0,1536.0,3.0,0.06172025948762894,0.00012,0.2082020491361618,0.0
1537.0,1537.0,3.0,0.0606989711523056,0.00012,0.26046037673950195,0.0
1538.0,1538.0,3.0,0.07283240556716919,0.00012,0.18775226175785065,0.0
1539.0,1539.0,3.0,0.06597653776407242,0.00012,0.23033423721790314,0.0
1540.0,1540.0,3.0,0.06988216936588287,0.00012,0.13335353136062622,0.0
1541.0,1541.0,3.0,0.06113401800394058,0.00012,0.1828402280807495,0.0
1542.0,1542.0,3.0,0.07172958552837372,0.00012,0.18306870758533478,0.0
1543.0,1543.0,3.0,0.06774552911520004,0.00012,0.11796834319829941,0.0
1544.0,1544.0,3.0,0.0796775370836258,0.00012,0.22249317169189453,0.0
1545.0,1545.0,3.0,0.06820385158061981,0.00012,0.19240278005599976,0.0
1546.0,1546.0,3.0,0.05996499955654144,0.00012,0.16526909172534943,0.0
1547.0,1547.0,3.0,0.06013278663158417,0.00012,0.23907795548439026,0.0
1548.0,1548.0,3.0,0.06266357004642487,0.00012,0.15716178715229034,0.0
1549.0,1549.0,3.0,0.0725463405251503,0.00012,0.24743187427520752,0.0
1550.0,1550.0,3.0,0.06717129051685333,0.00012,0.20507366955280304,0.0
1551.0,1551.0,3.0,0.07945479452610016,0.00012,0.347790390253067,0.0
1552.0,1552.0,3.0,0.06929772347211838,0.00012,0.2882424592971802,0.0
1553.0,1553.0,3.0,0.07175005972385406,0.00012,0.37449681758880615,0.0
1554.0,1554.0,3.0,0.07470544427633286,0.00012,0.29413077235221863,0.0
1555.0,1555.0,3.0,0.0478799045085907,0.00012,0.2669132649898529,0.0
1556.0,1556.0,3.0,0.056835830211639404,0.00012,0.25630077719688416,0.0
1557.0,1557.0,3.0,0.05762271583080292,0.00012,0.2004459649324417,0.0
1558.0,1558.0,3.0,0.05207984149456024,0.00012,0.2337624579668045,0.0
1559.0,1559.0,3.0,0.06621803343296051,0.00012,0.17698319256305695,0.0
1560.0,1560.0,3.0,0.0685584545135498,0.00012,0.3145163357257843,0.0
1561.0,1561.0,4.0,0.05809304118156433,0.00012,0.17230305075645447,0.0
1562.0,1562.0,4.0,0.07939369231462479,0.00012,0.3294549882411957,0.0
1563.0,1563.0,4.0,0.07607459276914597,0.00012,0.17361558973789215,0.0
1564.0,1564.0,4.0,0.06183447316288948,0.00012,0.19124151766300201,0.0
1565.0,1565.0,4.0,0.06008923798799515,0.00012,0.23779144883155823,0.0
1566.0,1566.0,4.0,0.07212907075881958,0.00012,0.13207866251468658,0.0
1567.0,1567.0,4.0,0.07107406109571457,0.00012,0.262014240026474,0.0
1568.0,1568.0,4.0,0.06611703336238861,0.00012,0.1921863853931427,0.0
1569.0,1569.0,4.0,0.06130198389291763,0.00012,0.19919611513614655,0.0
1570.0,1570.0,4.0,0.0626952052116394,0.00012,0.1378970891237259,0.0
1571.0,1571.0,4.0,0.05159766972064972,0.00012,0.18154245615005493,0.0
1572.0,1572.0,4.0,0.06448148190975189,0.00012,0.16958113014698029,0.0
1573.0,1573.0,4.0,0.0600879043340683,0.00012,0.180913046002388,0.0
1574.0,1574.0,4.0,0.06745249778032303,0.00012,0.18960066139698029,0.0
1575.0,1575.0,4.0,0.06733943521976471,0.00012,0.21022522449493408,0.0
1576.0,1576.0,4.0,0.07342155277729034,0.00012,0.16935111582279205,0.0
1577.0,1577.0,4.0,0.07882478833198547,0.00012,0.2639888823032379,0.0
1578.0,1578.0,4.0,0.06928588449954987,0.00012,0.14625786244869232,0.0
1579.0,1579.0,4.0,0.0650748461484909,0.00012,0.2378482222557068,0.0
1580.0,1580.0,4.0,0.06133633852005005,0.00012,0.21398259699344635,0.0
1581.0,1581.0,4.0,0.05894947052001953,0.00012,0.2722933292388916,0.0
1582.0,1582.0,4.0,0.05905074626207352,0.00012,0.21430844068527222,0.0
1583.0,1583.0,4.0,0.07625659555196762,0.00012,0.2408563494682312,0.0
1584.0,1584.0,4.0,0.06092233210802078,0.00012,0.18776606023311615,0.0
1585.0,1585.0,4.0,0.06410300731658936,0.00012,0.21138960123062134,0.0
1586.0,1586.0,4.0,0.062494195997714996,0.00012,0.15767233073711395,0.0
1587.0,1587.0,4.0,0.05768395960330963,0.00012,0.17314419150352478,0.0
1588.0,1588.0,4.0,0.05891817808151245,0.00012,0.25811588764190674,0.0
1589.0,1589.0,4.0,0.07184816896915436,0.00012,0.20336733758449554,0.0
1590.0,1590.0,4.0,0.06894379109144211,0.00012,0.3078494071960449,0.0
1591.0,1591.0,4.0,0.06834039092063904,0.00012,0.1775197982788086,0.0
1592.0,1592.0,4.0,0.06480921804904938,0.00012,0.35812002420425415,0.0
1593.0,1593.0,4.0,0.06564725935459137,0.00012,0.17279639840126038,0.0
1594.0,1594.0,4.0,0.061256829649209976,0.00012,0.3375359773635864,0.0
1595.0,1595.0,4.0,0.057330235838890076,0.00012,0.1456378549337387,0.0
1596.0,1596.0,4.0,0.06631923466920853,0.00012,0.3301090896129608,0.0
1597.0,1597.0,4.0,0.0649421364068985,0.00012,0.14207544922828674,0.0
1598.0,1598.0,4.0,0.07014848291873932,0.00012,0.2678475081920624,0.0
1599.0,1599.0,4.0,0.059702418744564056,0.00012,0.14334633946418762,0.0
1600.0,1600.0,4.0,0.06604160368442535,0.00012,0.18382056057453156,0.0
1601.0,1601.0,4.0,0.05960545316338539,0.00012,0.2175680696964264,0.0
1602.0,1602.0,4.0,0.06547025591135025,0.00012,0.17277801036834717,0.0
1603.0,1603.0,4.0,0.051979973912239075,0.00012,0.22918924689292908,0.0
1604.0,1604.0,4.0,0.06555043160915375,0.00012,0.16416221857070923,0.0
1605.0,1605.0,4.0,0.05073707923293114,0.00012,0.2053009569644928,0.0
1606.0,1606.0,4.0,0.06020577624440193,0.00012,0.16976431012153625,0.0
1607.0,1607.0,4.0,0.0527222715318203,0.00012,0.11915773153305054,0.0
1608.0,1608.0,4.0,0.06607647240161896,0.00012,0.16372080147266388,0.0
1609.0,1609.0,4.0,0.0703701376914978,0.00012,0.14567551016807556,0.0
1610.0,1610.0,4.0,0.07080686092376709,0.00012,0.16505806148052216,0.0
1611.0,1611.0,4.0,0.055837422609329224,0.00012,0.13091225922107697,0.0
1612.0,1612.0,4.0,0.0640285387635231,0.00012,0.2231019139289856,0.0
1613.0,1613.0,4.0,0.06277935206890106,0.00012,0.18770091235637665,0.0
1614.0,1614.0,4.0,0.07217186689376831,0.00012,0.30440041422843933,0.0
1615.0,1615.0,4.0,0.06482760608196259,0.00012,0.2225060760974884,0.0
1616.0,1616.0,4.0,0.06416871398687363,0.00012,0.3204396069049835,0.0
1617.0,1617.0,4.0,0.06208387762308121,0.00012,0.23294095695018768,0.0
1618.0,1618.0,4.0,0.07236316800117493,0.00012,0.22659419476985931,0.0
1619.0,1619.0,4.0,0.06572854518890381,0.00012,0.26888081431388855,0.0
1620.0,1620.0,4.0,0.05998875945806503,0.00012,0.10576809197664261,0.0
1621.0,1621.0,4.0,0.07697460055351257,0.00012,0.25213101506233215,0.0
1622.0,1622.0,4.0,0.07496418058872223,0.00012,0.14158669114112854,0.0
1623.0,1623.0,4.0,0.06899157166481018,0.00012,0.31434401869773865,0.0
1624.0,1624.0,4.0,0.07023550570011139,0.00012,0.14570818841457367,0.0
1625.0,1625.0,4.0,0.05931689217686653,0.00012,0.3660135567188263,0.0
1626.0,1626.0,4.0,0.06589676439762115,0.00012,0.21131622791290283,0.0
1627.0,1627.0,4.0,0.06797344982624054,0.00012,0.2509644329547882,0.0
1628.0,1628.0,4.0,0.059681765735149384,0.00012,0.255593478679657,0.0
1629.0,1629.0,4.0,0.052387937903404236,0.00012,0.19285856187343597,0.0
1630.0,1630.0,4.0,0.057375404983758926,0.00012,0.27144569158554077,0.0
1631.0,1631.0,4.0,0.05972672253847122,0.00012,0.14181067049503326,0.0
1632.0,1632.0,4.0,0.05188312008976936,0.00012,0.2328934222459793,0.0
1633.0,1633.0,4.0,0.06668063998222351,0.00012,0.23212778568267822,0.0
1634.0,1634.0,4.0,0.053052887320518494,0.00012,0.299483060836792,0.0
1635.0,1635.0,4.0,0.04488531872630119,0.00012,0.18070636689662933,0.0
1636.0,1636.0,4.0,0.0657225102186203,0.00012,0.23332659900188446,0.0
1637.0,1637.0,4.0,0.057446274906396866,0.00012,0.22135117650032043,0.0
1638.0,1638.0,4.0,0.05598676949739456,0.00012,0.1655423641204834,0.0
1639.0,1639.0,4.0,0.07340875267982483,0.00012,0.26973217725753784,0.0
1640.0,1640.0,4.0,0.053453512489795685,0.00012,0.1917787492275238,0.0
1641.0,1641.0,4.0,0.0559527687728405,0.00012,0.22227944433689117,0.0
1642.0,1642.0,4.0,0.07182002067565918,0.00012,0.24492879211902618,0.0
1643.0,1643.0,4.0,0.06943803280591965,0.00012,0.28983911871910095,0.0
1644.0,1644.0,4.0,0.06621795892715454,0.00012,0.259571373462677,0.0
1645.0,1645.0,4.0,0.058923058211803436,0.00012,0.21918389201164246,0.0
1646.0,1646.0,4.0,0.06442715972661972,0.00012,0.25268107652664185,0.0
1647.0,1647.0,4.0,0.056965168565511703,0.00012,0.20554237067699432,0.0
1648.0,1648.0,4.0,0.06465522199869156,0.00012,0.20663173496723175,0.0
1649.0,1649.0,4.0,0.06310944259166718,0.00012,0.2000691145658493,0.0
1650.0,1650.0,4.0,0.05583736300468445,0.00012,0.18292874097824097,0.0
1651.0,1651.0,4.0,0.06411062926054001,0.00012,0.212957501411438,0.0
1652.0,1652.0,4.0,0.05757705867290497,0.00012,0.17604848742485046,0.0
1653.0,1653.0,4.0,0.06711406260728836,0.00012,0.2096673548221588,0.0
1654.0,1654.0,4.0,0.055486373603343964,0.00012,0.2430572360754013,0.0
1655.0,1655.0,4.0,0.07083776593208313,0.00012,0.17797783017158508,0.0
1656.0,1656.0,4.0,0.06598980724811554,0.00012,0.2451568841934204,0.0
1657.0,1657.0,4.0,0.0587010532617569,0.00012,0.17872501909732819,0.0
1658.0,1658.0,4.0,0.07205001264810562,0.00012,0.2308439165353775,0.0
1659.0,1659.0,4.0,0.07015654444694519,0.00012,0.22860471904277802,0.0
1660.0,1660.0,4.0,0.06936751306056976,0.00012,0.15385398268699646,0.0
1661.0,1661.0,4.0,0.06822718679904938,0.00012,0.21059350669384003,0.0
1662.0,1662.0,4.0,0.05748838931322098,0.00012,0.18688081204891205,0.0
1663.0,1663.0,4.0,0.07712974399328232,0.00012,0.29176899790763855,0.0
1664.0,1664.0,4.0,0.0516602024435997,0.00012,0.20953480899333954,0.0
1665.0,1665.0,4.0,0.05178166180849075,0.00012,0.13903753459453583,0.0
1666.0,1666.0,4.0,0.05721279978752136,0.00012,0.2716001272201538,0.0
1667.0,1667.0,4.0,0.05189044028520584,0.00012,0.1991002857685089,0.0
1668.0,1668.0,4.0,0.06515419483184814,0.00012,0.3026801645755768,0.0
1669.0,1669.0,4.0,0.06413617730140686,0.00012,0.22898033261299133,0.0
1670.0,1670.0,4.0,0.07020984590053558,0.00012,0.23116327822208405,0.0
1671.0,1671.0,4.0,0.07263819873332977,0.00012,0.22892522811889648,0.0
1672.0,1672.0,4.0,0.06952595710754395,0.00012,0.13732697069644928,0.0
1673.0,1673.0,4.0,0.0692005306482315,0.00012,0.20057804882526398,0.0
1674.0,1674.0,4.0,0.06610238552093506,0.00012,0.2685762643814087,0.0
1675.0,1675.0,4.0,0.059347089380025864,0.00012,0.21235881745815277,0.0
1676.0,1676.0,4.0,0.06612920761108398,0.00012,0.2711620330810547,0.0
1677.0,1677.0,4.0,0.0491030216217041,0.00012,0.22597379982471466,0.0
1678.0,1678.0,4.0,0.0659220814704895,0.00012,0.2476443499326706,0.0
1679.0,1679.0,4.0,0.06371006369590759,0.00012,0.34336674213409424,0.0
1680.0,1680.0,4.0,0.06241651996970177,0.00012,0.25793182849884033,0.0
1681.0,1681.0,4.0,0.06897803395986557,0.00012,0.26905322074890137,0.0
1682.0,1682.0,4.0,0.06706462800502777,0.00012,0.3525438606739044,0.0
1683.0,1683.0,4.0,0.07146710157394409,0.00012,0.3026343584060669,0.0
1684.0,1684.0,4.0,0.055090997368097305,0.00012,0.34891343116760254,0.0
1685.0,1685.0,4.0,0.062044259160757065,0.00012,0.277536004781723,0.0
1686.0,1686.0,4.0,0.06719010323286057,0.00012,0.3150816559791565,0.0
1687.0,1687.0,4.0,0.06317398697137833,0.00012,0.3350345492362976,0.0
1688.0,1688.0,4.0,0.059253379702568054,0.00012,0.2146110087633133,0.0
1689.0,1689.0,4.0,0.048072975128889084,0.00012,0.31747063994407654,0.0
1690.0,1690.0,4.0,0.06283643841743469,0.00012,0.26683199405670166,0.0
1691.0,1691.0,4.0,0.0721990093588829,0.00012,0.22112812101840973,0.0
1692.0,1692.0,4.0,0.07273939251899719,0.00012,0.3090415894985199,0.0
1693.0,1693.0,4.0,0.07662279903888702,0.00012,0.19523611664772034,0.0
1694.0,1694.0,4.0,0.05871801823377609,0.00012,0.2398645430803299,0.0
1695.0,1695.0,4.0,0.07581853866577148,0.00012,0.34308239817619324,0.0
1696.0,1696.0,4.0,0.06645765900611877,0.00012,0.27233922481536865,0.0
1697.0,1697.0,4.0,0.0718831717967987,0.00012,0.34591421484947205,0.0
1698.0,1698.0,4.0,0.06928641349077225,0.00012,0.23429277539253235,0.0
1699.0,1699.0,4.0,0.05122668296098709,0.00012,0.2303641438484192,0.0
1700.0,1700.0,4.0,0.07489343732595444,0.00012,0.3798012137413025,0.0
1701.0,1701.0,4.0,0.05364576727151871,0.00012,0.18659065663814545,0.0
1702.0,1702.0,4.0,0.06788250058889389,0.00012,0.3188011050224304,0.0
1703.0,1703.0,4.0,0.0801631435751915,0.00012,0.2623209059238434,0.0
1704.0,1704.0,4.0,0.06786582618951797,0.00012,0.23268599808216095,0.0
1705.0,1705.0,4.0,0.07334485650062561,0.00012,0.34310367703437805,0.0
1706.0,1706.0,4.0,0.060048580169677734,0.00012,0.3249983489513397,0.0
1707.0,1707.0,4.0,0.06482317298650742,0.00012,0.3052574694156647,0.0
1708.0,1708.0,4.0,0.06989750266075134,0.00012,0.3626575767993927,0.0
1709.0,1709.0,4.0,0.06647717952728271,0.00012,0.33802783489227295,0.0
1710.0,1710.0,4.0,0.0692528635263443,0.00012,0.18234756588935852,0.0
1711.0,1711.0,4.0,0.05774402990937233,0.00012,0.23158837854862213,0.0
1712.0,1712.0,4.0,0.0683588832616806,0.00012,0.19050949811935425,0.0
1713.0,1713.0,4.0,0.07932735979557037,0.00012,0.20096299052238464,0.0
1714.0,1714.0,4.0,0.06430525332689285,0.00012,0.23576520383358002,0.0
1715.0,1715.0,4.0,0.06893884390592575,0.00012,0.18729673326015472,0.0
1716.0,1716.0,4.0,0.07668004930019379,0.00012,0.13726511597633362,0.0
1717.0,1717.0,4.0,0.07884670794010162,0.00012,0.31042835116386414,0.0
1718.0,1718.0,4.0,0.06917518377304077,0.00012,0.14340858161449432,0.0
1719.0,1719.0,4.0,0.06746548414230347,0.00012,0.3148895502090454,0.0
1720.0,1720.0,4.0,0.059014126658439636,0.00012,0.20257969200611115,0.0
1721.0,1721.0,4.0,0.0611165426671505,0.00012,0.33938315510749817,0.0
1722.0,1722.0,4.0,0.0604117177426815,0.00012,0.2102883905172348,0.0
1723.0,1723.0,4.0,0.07556398212909698,0.00012,0.2923908233642578,0.0
1724.0,1724.0,4.0,0.06872869282960892,0.00012,0.2177770584821701,0.0
1725.0,1725.0,4.0,0.07396628707647324,0.00012,0.3359927237033844,0.0
1726.0,1726.0,4.0,0.0554063618183136,0.00012,0.16770969331264496,0.0
1727.0,1727.0,4.0,0.07069014012813568,0.00012,0.27513745427131653,0.0
1728.0,1728.0,4.0,0.0760519877076149,0.00012,0.18276363611221313,0.0
1729.0,1729.0,4.0,0.07136797159910202,0.00012,0.27713122963905334,0.0
1730.0,1730.0,4.0,0.06374351680278778,0.00012,0.17705406248569489,0.0
1731.0,1731.0,4.0,0.05245047062635422,0.00012,0.15663500130176544,0.0
1732.0,1732.0,4.0,0.058385707437992096,0.00012,0.22145859897136688,0.0
1733.0,1733.0,4.0,0.06107189506292343,0.00012,0.13263995945453644,0.0
1734.0,1734.0,4.0,0.06047023460268974,0.00012,0.24396075308322906,0.0
1735.0,1735.0,4.0,0.0533214807510376,0.00012,0.14716364443302155,0.0
1736.0,1736.0,4.0,0.08504866808652878,0.00012,0.2485274225473404,0.0
1737.0,1737.0,4.0,0.06568574905395508,0.00012,0.15569230914115906,0.0
1738.0,1738.0,4.0,0.06668615341186523,0.00012,0.21620213985443115,0.0
1739.0,1739.0,4.0,0.06739320605993271,0.00012,0.19873537123203278,0.0
1740.0,1740.0,4.0,0.06490880995988846,0.00012,0.26334112882614136,0.0
1741.0,1741.0,4.0,0.06667642295360565,0.00012,0.1755148321390152,0.0
1742.0,1742.0,4.0,0.0619073286652565,0.00012,0.18277239799499512,0.0
1743.0,1743.0,4.0,0.06086472421884537,0.00012,0.20425675809383392,0.0
1744.0,1744.0,4.0,0.05957140773534775,0.00012,0.19762484729290009,0.0
1745.0,1745.0,4.0,0.06480485200881958,0.00012,0.18429480493068695,0.0
1746.0,1746.0,4.0,0.05694512277841568,0.00012,0.18829107284545898,0.0
1747.0,1747.0,4.0,0.06937583535909653,0.00012,0.21873785555362701,0.0
1748.0,1748.0,4.0,0.0582861453294754,0.00012,0.18754388391971588,0.0
1749.0,1749.0,4.0,0.06017870455980301,0.00012,0.18633410334587097,0.0
1750.0,1750.0,4.0,0.06281082332134247,0.00012,0.14563046395778656,0.0
1751.0,1751.0,4.0,0.058393657207489014,0.00012,0.18801210820674896,0.0
1752.0,1752.0,4.0,0.08069604635238647,0.00012,0.18500123918056488,0.0
1753.0,1753.0,4.0,0.06289631873369217,0.00012,0.16428114473819733,0.0
1754.0,1754.0,4.0,0.06494113057851791,0.00012,0.24457600712776184,0.0
1755.0,1755.0,4.0,0.05232438072562218,0.00012,0.13842059671878815,0.0
1756.0,1756.0,4.0,0.06821700930595398,0.00012,0.29053613543510437,0.0
1757.0,1757.0,4.0,0.09712619334459305,0.00012,0.1615946888923645,0.0
1758.0,1758.0,4.0,0.0546407625079155,0.00012,0.261648029088974,0.0
1759.0,1759.0,4.0,0.0492914617061615,0.00012,0.1324344128370285,0.0
1760.0,1760.0,4.0,0.07654580473899841,0.00012,0.25992336869239807,0.0
1761.0,1761.0,4.0,0.09093104302883148,0.00012,0.25214684009552,0.0
1762.0,1762.0,4.0,0.06580885499715805,0.00012,0.24666304886341095,0.0
1763.0,1763.0,4.0,0.05839480459690094,0.00012,0.2629469335079193,0.0
1764.0,1764.0,4.0,0.08763238787651062,0.00012,0.253662109375,0.0
1765.0,1765.0,4.0,0.06916783004999161,0.00012,0.307966023683548,0.0
1766.0,1766.0,4.0,0.05738862603902817,0.00012,0.2435847669839859,0.0
1767.0,1767.0,4.0,0.05671531707048416,0.00012,0.246787428855896,0.0
1768.0,1768.0,4.0,0.06345932930707932,0.00012,0.17773035168647766,0.0
1769.0,1769.0,4.0,0.0666109099984169,0.00012,0.34713974595069885,0.0
1770.0,1770.0,4.0,0.05155656114220619,0.00012,0.138205423951149,0.0
1771.0,1771.0,4.0,0.06981538981199265,0.00012,0.33529427647590637,0.0
1772.0,1772.0,4.0,0.05820988118648529,0.00012,0.21636328101158142,0.0
1773.0,1773.0,4.0,0.06165068596601486,0.00012,0.307871550321579,0.0
1774.0,1774.0,4.0,0.06635503470897675,0.00012,0.22810424864292145,0.0
1775.0,1775.0,4.0,0.05030013248324394,0.00012,0.2408779114484787,0.0
1776.0,1776.0,4.0,0.07199519127607346,0.00012,0.3116682767868042,0.0
1777.0,1777.0,4.0,0.05794987082481384,0.00012,0.21004799008369446,0.0
1778.0,1778.0,4.0,0.056922875344753265,0.00012,0.2931990623474121,0.0
1779.0,1779.0,4.0,0.06627069413661957,0.00012,0.18659089505672455,0.0
1780.0,1780.0,4.0,0.07476240396499634,0.00012,0.3119720220565796,0.0
1781.0,1781.0,4.0,0.05204089730978012,0.00012,0.24957503378391266,0.0
1782.0,1782.0,4.0,0.06701599061489105,0.00012,0.20857161283493042,0.0
1783.0,1783.0,4.0,0.06567186117172241,0.00012,0.33328405022621155,0.0
1784.0,1784.0,4.0,0.05737622082233429,0.00012,0.21068301796913147,0.0
1785.0,1785.0,4.0,0.05952577665448189,0.00012,0.20756615698337555,0.0
1786.0,1786.0,4.0,0.05646241456270218,0.00012,0.22639857232570648,0.0
1787.0,1787.0,4.0,0.07950374484062195,0.00012,0.21020665764808655,0.0
1788.0,1788.0,4.0,0.08358704298734665,0.00012,0.27703070640563965,0.0
1789.0,1789.0,4.0,0.07356012612581253,0.00012,0.16986694931983948,0.0
1790.0,1790.0,4.0,0.05410020798444748,0.00012,0.18773134052753448,0.0
1791.0,1791.0,4.0,0.060887835919857025,0.00012,0.158390074968338,0.0
1792.0,1792.0,4.0,0.057826410979032516,0.00012,0.25529083609580994,0.0
1793.0,1793.0,4.0,0.05854027345776558,0.00012,0.15689782798290253,0.0
1794.0,1794.0,4.0,0.059109825640916824,0.00012,0.21540763974189758,0.0
1795.0,1795.0,4.0,0.04234425723552704,0.00012,0.2040972113609314,0.0
1796.0,1796.0,4.0,0.06579550355672836,0.00012,0.20233844220638275,0.0
1797.0,1797.0,4.0,0.059381451457738876,0.00012,0.160468190908432,0.0
1798.0,1798.0,4.0,0.051320455968379974,0.00012,0.20825286209583282,0.0
1799.0,1799.0,4.0,0.05191440135240555,0.00012,0.197439506649971,0.0
1800.0,1800.0,4.0,0.05342582240700722,0.00012,0.18964582681655884,0.0
1801.0,1801.0,4.0,0.07758241146802902,0.00012,0.2607930898666382,0.0
1802.0,1802.0,4.0,0.06653463840484619,0.00012,0.2315286248922348,0.0
1803.0,1803.0,4.0,0.05697760730981827,0.00012,0.29087990522384644,0.0
1804.0,1804.0,4.0,0.06340902298688889,0.00012,0.21781077980995178,0.0
1805.0,1805.0,4.0,0.05685797706246376,0.00012,0.2824596166610718,0.0
1806.0,1806.0,4.0,0.059689294546842575,0.00012,0.2243211567401886,0.0
1807.0,1807.0,4.0,0.06674781441688538,0.00012,0.2937906086444855,0.0
1808.0,1808.0,4.0,0.059747230261564255,0.00012,0.15303857624530792,0.0
1809.0,1809.0,4.0,0.06092525273561478,0.00012,0.2546645700931549,0.0
1810.0,1810.0,4.0,0.06799875199794769,0.00012,0.23081539571285248,0.0
1811.0,1811.0,4.0,0.06240421533584595,0.00012,0.3188627064228058,0.0
1812.0,1812.0,4.0,0.06122659891843796,0.00012,0.15594273805618286,0.0
1813.0,1813.0,4.0,0.06434079259634018,0.00012,0.3034043312072754,0.0
1814.0,1814.0,4.0,0.06975827366113663,0.00012,0.16450144350528717,0.0
1815.0,1815.0,4.0,0.06726573407649994,0.00012,0.2394668459892273,0.0
1816.0,1816.0,4.0,0.06658171862363815,0.00012,0.15381820499897003,0.0
1817.0,1817.0,4.0,0.0690620169043541,0.00012,0.2003943920135498,0.0
1818.0,1818.0,4.0,0.08842763304710388,0.00012,0.1855505406856537,0.0
1819.0,1819.0,4.0,0.06554519385099411,0.00012,0.20821301639080048,0.0
1820.0,1820.0,4.0,0.05042096972465515,0.00012,0.21479476988315582,0.0
1821.0,1821.0,4.0,0.06398710608482361,0.00012,0.25168317556381226,0.0
1822.0,1822.0,4.0,0.06370655447244644,0.00012,0.20112034678459167,0.0
1823.0,1823.0,4.0,0.057234954088926315,0.00012,0.2281276434659958,0.0
1824.0,1824.0,4.0,0.05475080758333206,0.00012,0.24867533147335052,0.0
1825.0,1825.0,4.0,0.06704811751842499,0.00012,0.24573776125907898,0.0
1826.0,1826.0,4.0,0.05355226993560791,0.00012,0.24059559404850006,0.0
1827.0,1827.0,4.0,0.07782536000013351,0.00012,0.2199588268995285,0.0
1828.0,1828.0,4.0,0.06721499562263489,0.00012,0.3557470142841339,0.0
1829.0,1829.0,4.0,0.06423945724964142,0.00012,0.1654425412416458,0.0
1830.0,1830.0,4.0,0.0698431134223938,0.00012,0.32443544268608093,0.0
1831.0,1831.0,4.0,0.05685057118535042,0.00012,0.15602843463420868,0.0
1832.0,1832.0,4.0,0.06506146490573883,0.00012,0.3394370675086975,0.0
1833.0,1833.0,4.0,0.08259613811969757,0.00012,0.22118569910526276,0.0
1834.0,1834.0,4.0,0.07739701122045517,0.00012,0.2320328950881958,0.0
1835.0,1835.0,4.0,0.07362216711044312,0.00012,0.16407762467861176,0.0
1836.0,1836.0,4.0,0.05695375055074692,0.00012,0.2826237380504608,0.0
1837.0,1837.0,4.0,0.057716816663742065,0.00012,0.18136154115200043,0.0
1838.0,1838.0,4.0,0.0683308094739914,0.00012,0.2322716861963272,0.0
1839.0,1839.0,4.0,0.0634959414601326,0.00012,0.14829102158546448,0.0
1840.0,1840.0,4.0,0.06208052486181259,0.00012,0.18482935428619385,0.0
1841.0,1841.0,4.0,0.06687188893556595,0.00012,0.13041318953037262,0.0
1842.0,1842.0,4.0,0.05936368182301521,0.00012,0.1559133231639862,0.0
1843.0,1843.0,4.0,0.05767285078763962,0.00012,0.15355555713176727,0.0
1844.0,1844.0,4.0,0.06472697108983994,0.00012,0.1537591516971588,0.0
1845.0,1845.0,4.0,0.06835299730300903,0.00012,0.2239224761724472,0.0
1846.0,1846.0,4.0,0.06370054930448532,0.00012,0.19658343493938446,0.0
1847.0,1847.0,4.0,0.07017330825328827,0.00012,0.22100962698459625,0.0
1848.0,1848.0,4.0,0.07528973370790482,0.00012,0.19371762871742249,0.0
1849.0,1849.0,4.0,0.05666102468967438,0.00012,0.17664740979671478,0.0
1850.0,1850.0,4.0,0.07861796021461487,0.00012,0.18797102570533752,0.0
1851.0,1851.0,4.0,0.07159654796123505,0.00012,0.23299920558929443,0.0
1852.0,1852.0,4.0,0.06219327077269554,0.00012,0.1254083216190338,0.0
1853.0,1853.0,4.0,0.05177326872944832,0.00012,0.30888068675994873,0.0
1854.0,1854.0,4.0,0.0842050164937973,0.00012,0.18714334070682526,0.0
1855.0,1855.0,4.0,0.06111246347427368,0.00012,0.22855763137340546,0.0
1856.0,1856.0,4.0,0.061576906591653824,0.00012,0.19865016639232635,0.0
1857.0,1857.0,4.0,0.05885656177997589,0.00012,0.24930116534233093,0.0
1858.0,1858.0,4.0,0.05740987882018089,0.00012,0.19760476052761078,0.0
1859.0,1859.0,4.0,0.06859523057937622,0.00012,0.34501972794532776,0.0
1860.0,1860.0,4.0,0.0659966841340065,0.00012,0.26763084530830383,0.0
1861.0,1861.0,4.0,0.05887313187122345,0.00012,0.2209435999393463,0.0
1862.0,1862.0,4.0,0.06893984973430634,0.00012,0.21963335573673248,0.0
1863.0,1863.0,4.0,0.05439935624599457,0.00012,0.20962508022785187,0.0
1864.0,1864.0,4.0,0.051054906100034714,0.00012,0.1549433022737503,0.0
1865.0,1865.0,4.0,0.059784047305583954,0.00012,0.21589498221874237,0.0
1866.0,1866.0,4.0,0.07429293543100357,0.00012,0.23055501282215118,0.0
1867.0,1867.0,4.0,0.0694865882396698,0.00012,0.2028190642595291,0.0
1868.0,1868.0,4.0,0.06679754704236984,0.00012,0.2509608268737793,0.0
1869.0,1869.0,4.0,0.05928757041692734,0.00012,0.15722785890102386,0.0
1870.0,1870.0,4.0,0.07011974602937698,0.00012,0.3030017614364624,0.0
1871.0,1871.0,4.0,0.056888237595558167,0.00012,0.21994756162166595,0.0
1872.0,1872.0,4.0,0.04489092528820038,0.00012,0.13954900205135345,0.0
1873.0,1873.0,4.0,0.06791798025369644,0.00012,0.18948662281036377,0.0
1874.0,1874.0,4.0,0.05973592400550842,0.00012,0.1738794893026352,0.0
1875.0,1875.0,4.0,0.061237722635269165,0.00012,0.17728938162326813,0.0
1876.0,1876.0,4.0,0.06177618354558945,0.00012,0.1868201047182083,0.0
1877.0,1877.0,4.0,0.07406389713287354,0.00012,0.2528383135795593,0.0
1878.0,1878.0,4.0,0.05305156856775284,0.00012,0.1831338256597519,0.0
1879.0,1879.0,4.0,0.06687365472316742,0.00012,0.2071417272090912,0.0
1880.0,1880.0,4.0,0.06627744436264038,0.00012,0.17096084356307983,0.0
1881.0,1881.0,4.0,0.06136096641421318,0.00012,0.1929694414138794,0.0
1882.0,1882.0,4.0,0.06228385120630264,0.00012,0.2125091552734375,0.0
1883.0,1883.0,4.0,0.06589265167713165,0.00012,0.22243821620941162,0.0
1884.0,1884.0,4.0,0.06547732651233673,0.00012,0.2098681777715683,0.0
1885.0,1885.0,4.0,0.06331101059913635,0.00012,0.20998460054397583,0.0
1886.0,1886.0,4.0,0.0670156255364418,0.00012,0.20304299890995026,0.0
1887.0,1887.0,4.0,0.06807553768157959,0.00012,0.19134370982646942,0.0
1888.0,1888.0,4.0,0.0649845078587532,0.00012,0.16945035755634308,0.0
1889.0,1889.0,4.0,0.05370647460222244,0.00012,0.22622708976268768,0.0
1890.0,1890.0,4.0,0.0705716460943222,0.00012,0.12731973826885223,0.0
1891.0,1891.0,4.0,0.07642750442028046,0.00012,0.21925599873065948,0.0
1892.0,1892.0,4.0,0.07889318466186523,0.00012,0.2253437340259552,0.0
1893.0,1893.0,4.0,0.07052936404943466,0.00012,0.18470720946788788,0.0
1894.0,1894.0,4.0,0.0673953965306282,0.00012,0.2548549473285675,0.0
1895.0,1895.0,4.0,0.06851311028003693,0.00012,0.13415655493736267,0.0
1896.0,1896.0,4.0,0.0618528351187706,0.00012,0.23576995730400085,0.0
1897.0,1897.0,4.0,0.06022985279560089,0.00012,0.15526489913463593,0.0
1898.0,1898.0,4.0,0.06330551207065582,0.00012,0.2587412893772125,0.0
1899.0,1899.0,4.0,0.05702880769968033,0.00012,0.12760737538337708,0.0
1900.0,1900.0,4.0,0.06214694678783417,0.00012,0.21516120433807373,0.0
1901.0,1901.0,4.0,0.06688953936100006,0.00012,0.1556854397058487,0.0
1902.0,1902.0,4.0,0.05946159362792969,0.00012,0.11866945773363113,0.0
1903.0,1903.0,4.0,0.0679108202457428,0.00012,0.26069948077201843,0.0
1904.0,1904.0,4.0,0.06657884269952774,0.00012,0.18087002635002136,0.0
1905.0,1905.0,4.0,0.06693974882364273,0.00012,0.2784724533557892,0.0
1906.0,1906.0,4.0,0.06483049690723419,0.00012,0.22283053398132324,0.0
1907.0,1907.0,4.0,0.059636879712343216,0.00012,0.163667231798172,0.0
1908.0,1908.0,4.0,0.06839834153652191,0.00012,0.2076377123594284,0.0
1909.0,1909.0,4.0,0.05478401854634285,0.00012,0.14563730359077454,0.0
1910.0,1910.0,4.0,0.07121288776397705,0.00012,0.18378491699695587,0.0
1911.0,1911.0,4.0,0.0777909904718399,0.00012,0.23097436130046844,0.0
1912.0,1912.0,4.0,0.0584399476647377,0.00012,0.2013968527317047,0.0
1913.0,1913.0,4.0,0.06493140012025833,0.00012,0.1743995100259781,0.0
1914.0,1914.0,4.0,0.07554721087217331,0.00012,0.2865014374256134,0.0
1915.0,1915.0,4.0,0.050112366676330566,0.00012,0.14350895583629608,0.0
1916.0,1916.0,4.0,0.06053983420133591,0.00012,0.2720929980278015,0.0
1917.0,1917.0,4.0,0.06881354749202728,0.00012,0.21735718846321106,0.0
1918.0,1918.0,4.0,0.07731756567955017,0.00012,0.3226930499076843,0.0
1919.0,1919.0,4.0,0.057444676756858826,0.00012,0.2610216438770294,0.0
1920.0,1920.0,4.0,0.07069456577301025,0.00012,0.2636200785636902,0.0
1921.0,1921.0,4.0,0.0586635060608387,0.00012,0.20631524920463562,0.0
1922.0,1922.0,4.0,0.06765429675579071,0.00012,0.2845385670661926,0.0
1923.0,1923.0,4.0,0.05222730338573456,0.00012,0.1992124319076538,0.0
1924.0,1924.0,4.0,0.06441054493188858,0.00012,0.2812177836894989,0.0
1925.0,1925.0,4.0,0.05209694430232048,0.00012,0.20015034079551697,0.0
1926.0,1926.0,4.0,0.0509321428835392,0.00012,0.2671540379524231,0.0
1927.0,1927.0,4.0,0.047208286821842194,0.00012,0.23511984944343567,0.0
1928.0,1928.0,4.0,0.06276638805866241,0.00012,0.22835618257522583,0.0
1929.0,1929.0,4.0,0.07947735488414764,0.00012,0.2642638683319092,0.0
1930.0,1930.0,4.0,0.06268179416656494,0.00012,0.19838303327560425,0.0
1931.0,1931.0,4.0,0.07245856523513794,0.00012,0.194012850522995,0.0
1932.0,1932.0,4.0,0.05693426728248596,0.00012,0.20947867631912231,0.0
1933.0,1933.0,4.0,0.06536202132701874,0.00012,0.1720234751701355,0.0
1934.0,1934.0,4.0,0.05512571334838867,0.00012,0.22001028060913086,0.0
1935.0,1935.0,4.0,0.057329773902893066,0.00012,0.14030872285366058,0.0
1936.0,1936.0,4.0,0.06439972668886185,0.00012,0.25407829880714417,0.0
1937.0,1937.0,4.0,0.07320498675107956,0.00012,0.16538232564926147,0.0
1938.0,1938.0,4.0,0.06493102759122849,0.00012,0.25843843817710876,0.0
1939.0,1939.0,4.0,0.06086717173457146,0.00012,0.21143296360969543,0.0
1940.0,1940.0,4.0,0.06456266343593597,0.00012,0.22369620203971863,0.0
1941.0,1941.0,4.0,0.068710096180439,0.00012,0.27168336510658264,0.0
1942.0,1942.0,4.0,0.06313890218734741,0.00012,0.3042232096195221,0.0
1943.0,1943.0,4.0,0.0858912393450737,0.00012,0.27416685223579407,0.0
1944.0,1944.0,4.0,0.07577654719352722,0.00012,0.3165804445743561,0.0
1945.0,1945.0,4.0,0.05911397933959961,0.00012,0.26128214597702026,0.0
1946.0,1946.0,4.0,0.05917910486459732,0.00012,0.3423178791999817,0.0
1947.0,1947.0,4.0,0.0835789293050766,0.00012,0.23542045056819916,0.0
1948.0,1948.0,4.0,0.055642612278461456,0.00012,0.24300417304039001,0.0
1949.0,1949.0,4.0,0.05905286222696304,0.00012,0.22324873507022858,0.0
1950.0,1950.0,4.0,0.08477973937988281,0.00012,0.1958286017179489,0.0
1951.0,1951.0,5.0,0.05567625164985657,0.00012,0.21571506559848785,0.0
1952.0,1952.0,5.0,0.05136692523956299,0.00012,0.17791372537612915,0.0
1953.0,1953.0,5.0,0.05609939619898796,0.00012,0.1904304474592209,0.0
1954.0,1954.0,5.0,0.06123219430446625,0.00012,0.22542084753513336,0.0
1955.0,1955.0,5.0,0.06035761535167694,0.00012,0.1383461058139801,0.0
1956.0,1956.0,5.0,0.06752427667379379,0.00012,0.2138247936964035,0.0
1957.0,1957.0,5.0,0.06859107315540314,0.00012,0.21056847274303436,0.0
1958.0,1958.0,5.0,0.047733865678310394,0.00012,0.16114917397499084,0.0
1959.0,1959.0,5.0,0.06965786963701248,0.00012,0.23902633786201477,0.0
1960.0,1960.0,5.0,0.06791924685239792,0.00012,0.22846977412700653,0.0
1961.0,1961.0,5.0,0.0789485052227974,0.00012,0.16554757952690125,0.0
1962.0,1962.0,5.0,0.05890987440943718,0.00012,0.21161328256130219,0.0
1963.0,1963.0,5.0,0.05367090925574303,0.00012,0.19309799373149872,0.0
1964.0,1964.0,5.0,0.056127652525901794,0.00012,0.2131790667772293,0.0
1965.0,1965.0,5.0,0.06210523471236229,0.00012,0.17467328906059265,0.0
1966.0,1966.0,5.0,0.07068696618080139,0.00012,0.26116129755973816,0.0
1967.0,1967.0,5.0,0.05383972451090813,0.00012,0.16782261431217194,0.0
1968.0,1968.0,5.0,0.07236556708812714,0.00012,0.2504274547100067,0.0
1969.0,1969.0,5.0,0.047106094658374786,0.00012,0.16059063374996185,0.0
1970.0,1970.0,5.0,0.07116007804870605,0.00012,0.21728886663913727,0.0
1971.0,1971.0,5.0,0.08100976049900055,0.00012,0.1730673611164093,0.0
1972.0,1972.0,5.0,0.05338805168867111,0.00012,0.15240706503391266,0.0
1973.0,1973.0,5.0,0.05688416212797165,0.00012,0.16769815981388092,0.0
1974.0,1974.0,5.0,0.0654832050204277,0.00012,0.17177197337150574,0.0
1975.0,1975.0,5.0,0.07124558091163635,0.00012,0.1621413677930832,0.0
1976.0,1976.0,5.0,0.05894935131072998,0.00012,0.1999729573726654,0.0
1977.0,1977.0,5.0,0.06508079916238785,0.00012,0.2548472285270691,0.0
1978.0,1978.0,5.0,0.07526694238185883,0.00012,0.17120803892612457,0.0
1979.0,1979.0,5.0,0.06716041266918182,0.00012,0.21908746659755707,0.0
1980.0,1980.0,5.0,0.059110771864652634,0.00012,0.20208680629730225,0.0
1981.0,1981.0,5.0,0.058988332748413086,0.00012,0.16416339576244354,0.0
1982.0,1982.0,5.0,0.05624794587492943,0.00012,0.2056030035018921,0.0
1983.0,1983.0,5.0,0.06483548879623413,0.00012,0.17410245537757874,0.0
1984.0,1984.0,5.0,0.05951584130525589,0.00012,0.17087802290916443,0.0
1985.0,1985.0,5.0,0.05905073881149292,0.00012,0.17121629416942596,0.0
1986.0,1986.0,5.0,0.055650413036346436,0.00012,0.11448142677545547,0.0
1987.0,1987.0,5.0,0.07406526058912277,0.00012,0.22998544573783875,0.0
1988.0,1988.0,5.0,0.06159619987010956,0.00012,0.12167077511548996,0.0
1989.0,1989.0,5.0,0.08241692185401917,0.00012,0.23720704019069672,0.0
1990.0,1990.0,5.0,0.06851336359977722,0.00012,0.15826019644737244,0.0
1991.0,1991.0,5.0,0.07757838070392609,0.00012,0.1469944715499878,0.0
1992.0,1992.0,5.0,0.05818615108728409,0.00012,0.2255910187959671,0.0
1993.0,1993.0,5.0,0.07259517163038254,0.00012,0.17152738571166992,0.0
1994.0,1994.0,5.0,0.05637460947036743,0.00012,0.22518432140350342,0.0
1995.0,1995.0,5.0,0.058682553470134735,0.00012,0.17610307037830353,0.0
1996.0,1996.0,5.0,0.05880555510520935,0.00012,0.16528697311878204,0.0
1997.0,1997.0,5.0,0.07035092264413834,0.00012,0.20585030317306519,0.0
1998.0,1998.0,5.0,0.057477597147226334,0.00012,0.22997437417507172,0.0
1999.0,1999.0,5.0,0.05740220844745636,0.00012,0.11174748837947845,0.0
2000.0,2000.0,5.0,0.061225369572639465,0.00012,0.2596922814846039,0.0
2001.0,2001.0,5.0,0.053951580077409744,0.00012,0.12970606982707977,0.0
2002.0,2002.0,5.0,0.0724615752696991,0.00012,0.156322181224823,0.0
2003.0,2003.0,5.0,0.07703331112861633,0.00012,0.27677425742149353,0.0
2004.0,2004.0,5.0,0.05568116903305054,0.00012,0.13681848347187042,0.0
2005.0,2005.0,5.0,0.0560690239071846,0.00012,0.20488852262496948,0.0
2006.0,2006.0,5.0,0.049535397440195084,0.00012,0.18884778022766113,0.0
2007.0,2007.0,5.0,0.058720994740724564,0.00012,0.09577282518148422,0.0
2008.0,2008.0,5.0,0.05580872669816017,0.00012,0.18940582871437073,0.0
2009.0,2009.0,5.0,0.06159146502614021,0.00012,0.176814466714859,0.0
2010.0,2010.0,5.0,0.07389964163303375,0.00012,0.12013784050941467,0.0
2011.0,2011.0,5.0,0.06286584585905075,0.00012,0.17825926840305328,0.0
2012.0,2012.0,5.0,0.062443383038043976,0.00012,0.12361843883991241,0.0
2013.0,2013.0,5.0,0.06912963837385178,0.00012,0.13151530921459198,0.0
2014.0,2014.0,5.0,0.06696101278066635,0.00012,0.16636735200881958,0.0
2015.0,2015.0,5.0,0.07060419023036957,0.00012,0.1883588284254074,0.0
2016.0,2016.0,5.0,0.07177291810512543,0.00012,0.17155663669109344,0.0
2017.0,2017.0,5.0,0.06115332990884781,0.00012,0.246707946062088,0.0
2018.0,2018.0,5.0,0.06068405881524086,0.00012,0.14582277834415436,0.0
2019.0,2019.0,5.0,0.08000582456588745,0.00012,0.2919453978538513,0.0
2020.0,2020.0,5.0,0.06013192608952522,0.00012,0.15616104006767273,0.0
2021.0,2021.0,5.0,0.0637899860739708,0.00012,0.29123061895370483,0.0
2022.0,2022.0,5.0,0.06346999108791351,0.00012,0.21529114246368408,0.0
2023.0,2023.0,5.0,0.05085717514157295,0.00012,0.24246488511562347,0.0
2024.0,2024.0,5.0,0.07683233916759491,0.00012,0.1959771364927292,0.0
2025.0,2025.0,5.0,0.061995215713977814,0.00012,0.29595205187797546,0.0
2026.0,2026.0,5.0,0.0726742222905159,0.00012,0.23011013865470886,0.0
2027.0,2027.0,5.0,0.06749366968870163,0.00012,0.2641475796699524,0.0
2028.0,2028.0,5.0,0.0576518177986145,0.00012,0.20765160024166107,0.0
2029.0,2029.0,5.0,0.07231125980615616,0.00012,0.23081034421920776,0.0
2030.0,2030.0,5.0,0.06881752610206604,0.00012,0.18215158581733704,0.0
2031.0,2031.0,5.0,0.061288006603717804,0.00012,0.2073797881603241,0.0
2032.0,2032.0,5.0,0.05774638056755066,0.00012,0.13417509198188782,0.0
2033.0,2033.0,5.0,0.06037551909685135,0.00012,0.21006661653518677,0.0
2034.0,2034.0,5.0,0.05909283459186554,0.00012,0.13988472521305084,0.0
2035.0,2035.0,5.0,0.057734109461307526,0.00012,0.15835942327976227,0.0
2036.0,2036.0,5.0,0.06684879213571548,0.00012,0.10843757539987564,0.0
2037.0,2037.0,5.0,0.06567741185426712,0.00012,0.17192718386650085,0.0
2038.0,2038.0,5.0,0.05473632365465164,0.00012,0.15468232333660126,0.0
2039.0,2039.0,5.0,0.05849991738796234,0.00012,0.14406894147396088,0.0
2040.0,2040.0,5.0,0.05108866095542908,0.00012,0.18040889501571655,0.0
2041.0,2041.0,5.0,0.05758458375930786,0.00012,0.13547098636627197,0.0
2042.0,2042.0,5.0,0.06420905888080597,0.00012,0.22318197786808014,0.0
2043.0,2043.0,5.0,0.05974172055721283,0.00012,0.1523318886756897,0.0
2044.0,2044.0,5.0,0.06191302090883255,0.00012,0.1556355059146881,0.0
2045.0,2045.0,5.0,0.07428979873657227,0.00012,0.18741442263126373,0.0
2046.0,2046.0,5.0,0.0661502555012703,0.00012,0.20072735846042633,0.0
2047.0,2047.0,5.0,0.05751214921474457,0.00012,0.18369144201278687,0.0
2048.0,2048.0,5.0,0.06230993568897247,0.00012,0.14297045767307281,0.0
2049.0,2049.0,5.0,0.06407127529382706,0.00012,0.25275975465774536,0.0
2050.0,2050.0,5.0,0.058723706752061844,0.00012,0.11968541145324707,0.0
2051.0,2051.0,5.0,0.043869152665138245,0.00012,0.32677575945854187,0.0
2052.0,2052.0,5.0,0.06417373567819595,0.00012,0.11758741736412048,0.0
2053.0,2053.0,5.0,0.07582608610391617,0.00012,0.20978856086730957,0.0
2054.0,2054.0,5.0,0.06044038012623787,0.00012,0.16681019961833954,0.0
2055.0,2055.0,5.0,0.06007882580161095,0.00012,0.17535026371479034,0.0
2056.0,2056.0,5.0,0.05679187923669815,0.00012,0.16380731761455536,0.0
2057.0,2057.0,5.0,0.04686291515827179,0.00012,0.15858495235443115,0.0
2058.0,2058.0,5.0,0.06841538846492767,0.00012,0.14554207026958466,0.0
2059.0,2059.0,5.0,0.06392160058021545,0.00012,0.1471596360206604,0.0
2060.0,2060.0,5.0,0.07797980308532715,0.00012,0.2217078059911728,0.0
2061.0,2061.0,5.0,0.05975259095430374,0.00012,0.1560942828655243,0.0
2062.0,2062.0,5.0,0.0670308992266655,0.00012,0.2389853298664093,0.0
2063.0,2063.0,5.0,0.06053093075752258,0.00012,0.09719329327344894,0.0
2064.0,2064.0,5.0,0.0679548978805542,0.00012,0.22231511771678925,0.0
2065.0,2065.0,5.0,0.06449124217033386,0.00012,0.16622820496559143,0.0
2066.0,2066.0,5.0,0.07412467151880264,0.00012,0.16900786757469177,0.0
2067.0,2067.0,5.0,0.060544453561306,0.00012,0.12359432131052017,0.0
2068.0,2068.0,5.0,0.062064193189144135,0.00012,0.19435298442840576,0.0
2069.0,2069.0,5.0,0.06295636296272278,0.00012,0.14604175090789795,0.0
2070.0,2070.0,5.0,0.06992722302675247,0.00012,0.15624624490737915,0.0
2071.0,2071.0,5.0,0.05165259912610054,0.00012,0.20544110238552094,0.0
2072.0,2072.0,5.0,0.060182373970746994,0.00012,0.11428660154342651,0.0
2073.0,2073.0,5.0,0.07029344141483307,0.00012,0.24284566938877106,0.0
2074.0,2074.0,5.0,0.05596388876438141,0.00012,0.12935881316661835,0.0
2075.0,2075.0,5.0,0.06490392982959747,0.00012,0.2017093151807785,0.0
2076.0,2076.0,5.0,0.051565174013376236,0.00012,0.13719534873962402,0.0
2077.0,2077.0,5.0,0.06188653036952019,0.00012,0.1714402288198471,0.0
2078.0,2078.0,5.0,0.058747123926877975,0.00012,0.1601371318101883,0.0
2079.0,2079.0,5.0,0.059460967779159546,0.00012,0.23708772659301758,0.0
2080.0,2080.0,5.0,0.0651475042104721,0.00012,0.12475832551717758,0.0
2081.0,2081.0,5.0,0.07455701380968094,0.00012,0.23669449985027313,0.0
2082.0,2082.0,5.0,0.04668000340461731,0.00012,0.10347126424312592,0.0
2083.0,2083.0,5.0,0.0639202892780304,0.00012,0.19311848282814026,0.0
2084.0,2084.0,5.0,0.059863556176424026,0.00012,0.12322808802127838,0.0
2085.0,2085.0,5.0,0.0614263080060482,0.00012,0.24013686180114746,0.0
2086.0,2086.0,5.0,0.06773974746465683,0.00012,0.1377531737089157,0.0
2087.0,2087.0,5.0,0.07181283086538315,0.00012,0.2484658658504486,0.0
2088.0,2088.0,5.0,0.08202925324440002,0.00012,0.1947859674692154,0.0
2089.0,2089.0,5.0,0.06619071960449219,0.00012,0.22683362662792206,0.0
2090.0,2090.0,5.0,0.050390854477882385,0.00012,0.16006483137607574,0.0
2091.0,2091.0,5.0,0.06224142014980316,0.00012,0.1658899486064911,0.0
2092.0,2092.0,5.0,0.07607567310333252,0.00012,0.23940405249595642,0.0
2093.0,2093.0,5.0,0.049231596291065216,0.00012,0.27965211868286133,0.0
2094.0,2094.0,5.0,0.0552203394472599,0.00012,0.2252047210931778,0.0
2095.0,2095.0,5.0,0.06310402601957321,0.00012,0.2520441710948944,0.0
2096.0,2096.0,5.0,0.05507536977529526,0.00012,0.18467339873313904,0.0
2097.0,2097.0,5.0,0.06209199130535126,0.00012,0.24306732416152954,0.0
2098.0,2098.0,5.0,0.0654282420873642,0.00012,0.31264615058898926,0.0
2099.0,2099.0,5.0,0.059429869055747986,0.00012,0.2358233481645584,0.0
2100.0,2100.0,5.0,0.057222917675971985,0.00012,0.35131198167800903,0.0
2101.0,2101.0,5.0,0.059251055121421814,0.00012,0.21686691045761108,0.0
2102.0,2102.0,5.0,0.052313320338726044,0.00012,0.2435353398323059,0.0
2103.0,2103.0,5.0,0.05061331391334534,0.00012,0.24142831563949585,0.0
2104.0,2104.0,5.0,0.08560968935489655,0.00012,0.2047937959432602,0.0
2105.0,2105.0,5.0,0.061955563724040985,0.00012,0.26082363724708557,0.0
2106.0,2106.0,5.0,0.05971930921077728,0.00012,0.11795632541179657,0.0
2107.0,2107.0,5.0,0.06903821974992752,0.00012,0.26267147064208984,0.0
2108.0,2108.0,5.0,0.06590047478675842,0.00012,0.16677483916282654,0.0
2109.0,2109.0,5.0,0.050927530974149704,0.00012,0.31950488686561584,0.0
2110.0,2110.0,5.0,0.0605912022292614,0.00012,0.19835928082466125,0.0
2111.0,2111.0,5.0,0.06355208158493042,0.00012,0.2533509135246277,0.0
2112.0,2112.0,5.0,0.05878429114818573,0.00012,0.30706652998924255,0.0
2113.0,2113.0,5.0,0.07266571372747421,0.00012,0.28099626302719116,0.0
2114.0,2114.0,5.0,0.06770148873329163,0.00012,0.2746642529964447,0.0
2115.0,2115.0,5.0,0.0635860413312912,0.00012,0.21319153904914856,0.0
2116.0,2116.0,5.0,0.0769675001502037,0.00012,0.31145134568214417,0.0
2117.0,2117.0,5.0,0.07030823081731796,0.00012,0.12771311402320862,0.0
2118.0,2118.0,5.0,0.06530335545539856,0.00012,0.23434779047966003,0.0
2119.0,2119.0,5.0,0.06083216890692711,0.00012,0.10191255807876587,0.0
2120.0,2120.0,5.0,0.05539344251155853,0.00012,0.12598690390586853,0.0
2121.0,2121.0,5.0,0.04889736324548721,0.00012,0.14741377532482147,0.0
2122.0,2122.0,5.0,0.06679093837738037,0.00012,0.1934303194284439,0.0
2123.0,2123.0,5.0,0.05644543468952179,0.00012,0.1172826811671257,0.0
2124.0,2124.0,5.0,0.07238541543483734,0.00012,0.18276286125183105,0.0
2125.0,2125.0,5.0,0.054171908646821976,0.00012,0.12566225230693817,0.0
2126.0,2126.0,5.0,0.07917717099189758,0.00012,0.19994135200977325,0.0
2127.0,2127.0,5.0,0.04700435698032379,0.00012,0.13232704997062683,0.0
2128.0,2128.0,5.0,0.05593094602227211,0.00012,0.17896904051303864,0.0
2129.0,2129.0,5.0,0.06058159098029137,0.00012,0.1657411754131317,0.0
2130.0,2130.0,5.0,0.0543157197535038,0.00012,0.21817608177661896,0.0
2131.0,2131.0,5.0,0.06019206345081329,0.00012,0.2246144413948059,0.0
2132.0,2132.0,5.0,0.06472890824079514,0.00012,0.17458148300647736,0.0
2133.0,2133.0,5.0,0.06160251051187515,0.00012,0.2317337542772293,0.0
2134.0,2134.0,5.0,0.05319073051214218,0.00012,0.21200743317604065,0.0
2135.0,2135.0,5.0,0.07708136737346649,0.00012,0.34135952591896057,0.0
2136.0,2136.0,5.0,0.054625216871500015,0.00012,0.18628866970539093,0.0
2137.0,2137.0,5.0,0.061962176114320755,0.00012,0.20188112556934357,0.0
2138.0,2138.0,5.0,0.05842715501785278,0.00012,0.1453053504228592,0.0
2139.0,2139.0,5.0,0.07004216313362122,0.00012,0.21140991151332855,0.0
2140.0,2140.0,5.0,0.05276281014084816,0.00012,0.17031271755695343,0.0
2141.0,2141.0,5.0,0.04882756620645523,0.00012,0.20433945953845978,0.0
2142.0,2142.0,5.0,0.059281736612319946,0.00012,0.1727694720029831,0.0
2143.0,2143.0,5.0,0.06187836825847626,0.00012,0.16036288440227509,0.0
2144.0,2144.0,5.0,0.08219903707504272,0.00012,0.17145007848739624,0.0
2145.0,2145.0,5.0,0.05811755359172821,0.00012,0.1482628583908081,0.0
2146.0,2146.0,5.0,0.07876380532979965,0.00012,0.24198313057422638,0.0
2147.0,2147.0,5.0,0.07258802652359009,0.00012,0.16096167266368866,0.0
2148.0,2148.0,5.0,0.060002513229846954,0.00012,0.1533777266740799,0.0
2149.0,2149.0,5.0,0.04953338950872421,0.00012,0.137332946062088,0.0
2150.0,2150.0,5.0,0.05693109706044197,0.00012,0.1700819730758667,0.0
2151.0,2151.0,5.0,0.058549392968416214,0.00012,0.13247883319854736,0.0
2152.0,2152.0,5.0,0.044690441340208054,0.00012,0.13707886636257172,0.0
2153.0,2153.0,5.0,0.06735637784004211,0.00012,0.189529687166214,0.0
2154.0,2154.0,5.0,0.05779214948415756,0.00012,0.178052619099617,0.0
2155.0,2155.0,5.0,0.056651726365089417,0.00012,0.15448996424674988,0.0
2156.0,2156.0,5.0,0.05176258087158203,0.00012,0.1415627896785736,0.0
2157.0,2157.0,5.0,0.04740935191512108,0.00012,0.23873066902160645,0.0
2158.0,2158.0,5.0,0.053114429116249084,0.00012,0.12801416218280792,0.0
2159.0,2159.0,5.0,0.05103401839733124,0.00012,0.27138665318489075,0.0
2160.0,2160.0,5.0,0.04492131620645523,0.00012,0.1884063333272934,0.0
2161.0,2161.0,5.0,0.04585013538599014,0.00012,0.18404345214366913,0.0
2162.0,2162.0,5.0,0.051643162965774536,0.00012,0.21781834959983826,0.0
2163.0,2163.0,5.0,0.0619979053735733,0.00012,0.15112675726413727,0.0
2164.0,2164.0,5.0,0.05515143275260925,0.00012,0.14229385554790497,0.0
2165.0,2165.0,5.0,0.06591964513063431,0.00012,0.17148113250732422,0.0
2166.0,2166.0,5.0,0.06352648138999939,0.00012,0.1288217306137085,0.0
2167.0,2167.0,5.0,0.06917963922023773,0.00012,0.14847058057785034,0.0
2168.0,2168.0,5.0,0.05814900994300842,0.00012,0.10356783121824265,0.0
2169.0,2169.0,5.0,0.06300918757915497,0.00012,0.12360627949237823,0.0
2170.0,2170.0,5.0,0.06698086857795715,0.00012,0.17314009368419647,0.0
2171.0,2171.0,5.0,0.06628993898630142,0.00012,0.17080719769001007,0.0
2172.0,2172.0,5.0,0.05470028519630432,0.00012,0.14564931392669678,0.0
2173.0,2173.0,5.0,0.05356449633836746,0.00012,0.11212365329265594,0.0
2174.0,2174.0,5.0,0.06388247013092041,0.00012,0.12373526394367218,0.0
2175.0,2175.0,5.0,0.06589435040950775,0.00012,0.11044856905937195,0.0
2176.0,2176.0,5.0,0.06708408892154694,0.00012,0.11582138389348984,0.0
2177.0,2177.0,5.0,0.060184039175510406,0.00012,0.10906239598989487,0.0
2178.0,2178.0,5.0,0.06344188749790192,0.00012,0.10411520302295685,0.0
2179.0,2179.0,5.0,0.05716899782419205,0.00012,0.0951453149318695,0.0
2180.0,2180.0,5.0,0.06873896718025208,0.00012,0.13029533624649048,0.0
2181.0,2181.0,5.0,0.05834841728210449,0.00012,0.13513056933879852,0.0
2182.0,2182.0,5.0,0.05466421693563461,0.00012,0.17589379847049713,0.0
2183.0,2183.0,5.0,0.06234236806631088,0.00012,0.11293898522853851,0.0
2184.0,2184.0,5.0,0.05671459063887596,0.00012,0.15159791707992554,0.0
2185.0,2185.0,5.0,0.06911639869213104,0.00012,0.11704283952713013,0.0
2186.0,2186.0,5.0,0.07144268602132797,0.00012,0.2085513323545456,0.0
2187.0,2187.0,5.0,0.06401538848876953,0.00012,0.16289310157299042,0.0
2188.0,2188.0,5.0,0.05898301675915718,0.00012,0.18029873073101044,0.0
2189.0,2189.0,5.0,0.06819275766611099,0.00012,0.18445569276809692,0.0
2190.0,2190.0,5.0,0.053675003349781036,0.00012,0.16500718891620636,0.0
2191.0,2191.0,5.0,0.05656425654888153,0.00012,0.11172666400671005,0.0
2192.0,2192.0,5.0,0.05308745801448822,0.00012,0.26898443698883057,0.0
2193.0,2193.0,5.0,0.07084541022777557,0.00012,0.11390293389558792,0.0
2194.0,2194.0,5.0,0.05401798337697983,0.00012,0.2900185286998749,0.0
2195.0,2195.0,5.0,0.05446527153253555,0.00012,0.09320108592510223,0.0
2196.0,2196.0,5.0,0.06479659676551819,0.00012,0.25375309586524963,0.0
2197.0,2197.0,5.0,0.06913676112890244,0.00012,0.21602602303028107,0.0
2198.0,2198.0,5.0,0.05900479853153229,0.00012,0.24723613262176514,0.0
2199.0,2199.0,5.0,0.05108409747481346,0.00012,0.21572673320770264,0.0
2200.0,2200.0,5.0,0.0619463250041008,0.00012,0.26632487773895264,0.0
2201.0,2201.0,5.0,0.04702651873230934,0.00012,0.21789786219596863,0.0
2202.0,2202.0,5.0,0.057066410779953,0.00012,0.25637561082839966,0.0
2203.0,2203.0,5.0,0.06602351367473602,0.00012,0.15203692018985748,0.0
2204.0,2204.0,5.0,0.051589298993349075,0.00012,0.18872332572937012,0.0
2205.0,2205.0,5.0,0.06359130144119263,0.00012,0.13223318755626678,0.0
2206.0,2206.0,5.0,0.05469425767660141,0.00012,0.17334145307540894,0.0
2207.0,2207.0,5.0,0.06427382677793503,0.00012,0.13017334043979645,0.0
2208.0,2208.0,5.0,0.0674939900636673,0.00012,0.1524478793144226,0.0
2209.0,2209.0,5.0,0.058245137333869934,0.00012,0.22527100145816803,0.0
2210.0,2210.0,5.0,0.05827964469790459,0.00012,0.16879068315029144,0.0
2211.0,2211.0,5.0,0.0684744268655777,0.00012,0.18848979473114014,0.0
2212.0,2212.0,5.0,0.053998399525880814,0.00012,0.14618715643882751,0.0
2213.0,2213.0,5.0,0.05701505392789841,0.00012,0.1567414551973343,0.0
2214.0,2214.0,5.0,0.06136511266231537,0.00012,0.17769752442836761,0.0
2215.0,2215.0,5.0,0.0667804479598999,0.00012,0.2123347520828247,0.0
2216.0,2216.0,5.0,0.0729459747672081,0.00012,0.18164943158626556,0.0
2217.0,2217.0,5.0,0.05367990583181381,0.00012,0.15363554656505585,0.0
2218.0,2218.0,5.0,0.0597400888800621,0.00012,0.182246133685112,0.0
2219.0,2219.0,5.0,0.05681748688220978,0.00012,0.19698645174503326,0.0
2220.0,2220.0,5.0,0.057153910398483276,0.00012,0.18633933365345,0.0
2221.0,2221.0,5.0,0.06960248947143555,0.00012,0.24918462336063385,0.0
2222.0,2222.0,5.0,0.05350276827812195,0.00012,0.1466284841299057,0.0
2223.0,2223.0,5.0,0.06794241070747375,0.00012,0.22947077453136444,0.0
2224.0,2224.0,5.0,0.08547961711883545,0.00012,0.24747107923030853,0.0
2225.0,2225.0,5.0,0.06275157630443573,0.00012,0.18382351100444794,0.0
2226.0,2226.0,5.0,0.06841099262237549,0.00012,0.24151372909545898,0.0
2227.0,2227.0,5.0,0.06254931539297104,0.00012,0.11718659102916718,0.0
2228.0,2228.0,5.0,0.06394286453723907,0.00012,0.09256669878959656,0.0
2229.0,2229.0,5.0,0.0692291110754013,0.00012,0.23994772136211395,0.0
2230.0,2230.0,5.0,0.04768112674355507,0.00012,0.08256790041923523,0.0
2231.0,2231.0,5.0,0.06325879693031311,0.00012,0.23425865173339844,0.0
2232.0,2232.0,5.0,0.0785365104675293,0.00012,0.19932308793067932,0.0
2233.0,2233.0,5.0,0.0557146891951561,0.00012,0.24652647972106934,0.0
2234.0,2234.0,5.0,0.057422079145908356,0.00012,0.1662316471338272,0.0
2235.0,2235.0,5.0,0.06048276275396347,0.00012,0.23489269614219666,0.0
2236.0,2236.0,5.0,0.06017637997865677,0.00012,0.23421742022037506,0.0
2237.0,2237.0,5.0,0.07367072999477386,0.00012,0.23500002920627594,0.0
2238.0,2238.0,5.0,0.060817401856184006,0.00012,0.16377218067646027,0.0
2239.0,2239.0,5.0,0.05692557618021965,0.00012,0.22736327350139618,0.0
2240.0,2240.0,5.0,0.053614094853401184,0.00012,0.20191912353038788,0.0
2241.0,2241.0,5.0,0.05509502440690994,0.00012,0.12289448082447052,0.0
2242.0,2242.0,5.0,0.07078967988491058,0.00012,0.22525346279144287,0.0
2243.0,2243.0,5.0,0.06264643371105194,0.00012,0.13276205956935883,0.0
2244.0,2244.0,5.0,0.05155625939369202,0.00012,0.2434847354888916,0.0
2245.0,2245.0,5.0,0.05529478192329407,0.00012,0.19853559136390686,0.0
2246.0,2246.0,5.0,0.06286975741386414,0.00012,0.1992816925048828,0.0
2247.0,2247.0,5.0,0.051871493458747864,0.00012,0.13681896030902863,0.0
2248.0,2248.0,5.0,0.06183728203177452,0.00012,0.2087670862674713,0.0
2249.0,2249.0,5.0,0.05753059685230255,0.00012,0.1612032651901245,0.0
2250.0,2250.0,5.0,0.0648665651679039,0.00012,0.16563650965690613,0.0
2251.0,2251.0,5.0,0.0547042079269886,0.00012,0.19737383723258972,0.0
2252.0,2252.0,5.0,0.0592150017619133,0.00012,0.1823829561471939,0.0
2253.0,2253.0,5.0,0.06355903297662735,0.00012,0.26060864329338074,0.0
2254.0,2254.0,5.0,0.07149237394332886,0.00012,0.22879596054553986,0.0
2255.0,2255.0,5.0,0.06048085540533066,0.00012,0.24607132375240326,0.0
2256.0,2256.0,5.0,0.054297760128974915,0.00012,0.12798890471458435,0.0
2257.0,2257.0,5.0,0.05620209872722626,0.00012,0.1988963931798935,0.0
2258.0,2258.0,5.0,0.070871502161026,0.00012,0.26826155185699463,0.0
2259.0,2259.0,5.0,0.056077830493450165,0.00012,0.29210856556892395,0.0
2260.0,2260.0,5.0,0.06356783956289291,0.00012,0.17637649178504944,0.0
2261.0,2261.0,5.0,0.06459803879261017,0.00012,0.25210249423980713,0.0
2262.0,2262.0,5.0,0.06272050738334656,0.00012,0.10999315232038498,0.0
2263.0,2263.0,5.0,0.05974019318819046,0.00012,0.22761285305023193,0.0
2264.0,2264.0,5.0,0.058776769787073135,0.00012,0.09501400589942932,0.0
2265.0,2265.0,5.0,0.04758477583527565,0.00012,0.22462812066078186,0.0
2266.0,2266.0,5.0,0.05937317758798599,0.00012,0.13653795421123505,0.0
2267.0,2267.0,5.0,0.06350214034318924,0.00012,0.19325391948223114,0.0
2268.0,2268.0,5.0,0.05491063743829727,0.00012,0.1774759441614151,0.0
2269.0,2269.0,5.0,0.05524173378944397,0.00012,0.21083883941173553,0.0
2270.0,2270.0,5.0,0.07000309973955154,0.00012,0.1467687338590622,0.0
2271.0,2271.0,5.0,0.056937262415885925,0.00012,0.1874045729637146,0.0
2272.0,2272.0,5.0,0.07977163046598434,0.00012,0.14900867640972137,0.0
2273.0,2273.0,5.0,0.061988718807697296,0.00012,0.21185554563999176,0.0
2274.0,2274.0,5.0,0.061778292059898376,0.00012,0.12324196845293045,0.0
2275.0,2275.0,5.0,0.07944941520690918,0.00012,0.16247519850730896,0.0
2276.0,2276.0,5.0,0.06472420692443848,0.00012,0.15894345939159393,0.0
2277.0,2277.0,5.0,0.04853072762489319,0.00012,0.22830261290073395,0.0
2278.0,2278.0,5.0,0.053093038499355316,0.00012,0.11989106982946396,0.0
2279.0,2279.0,5.0,0.07377996295690536,0.00012,0.1841413825750351,0.0
2280.0,2280.0,5.0,0.06007654592394829,0.00012,0.12766799330711365,0.0
2281.0,2281.0,5.0,0.0470067597925663,0.00012,0.17673912644386292,0.0
2282.0,2282.0,5.0,0.04813443124294281,0.00012,0.19146405160427094,0.0
2283.0,2283.0,5.0,0.07609450817108154,0.00012,0.2571367621421814,0.0
2284.0,2284.0,5.0,0.0607687383890152,0.00012,0.19410310685634613,0.0
2285.0,2285.0,5.0,0.06708986312150955,0.00012,0.2887938916683197,0.0
2286.0,2286.0,5.0,0.06952579319477081,0.00012,0.26316037774086,0.0
2287.0,2287.0,5.0,0.06558561325073242,0.00012,0.21325145661830902,0.0
2288.0,2288.0,5.0,0.06508379429578781,0.00012,0.2609040141105652,0.0
2289.0,2289.0,5.0,0.06786949932575226,0.00012,0.2061900794506073,0.0
2290.0,2290.0,5.0,0.06893353909254074,0.00012,0.24917536973953247,0.0
2291.0,2291.0,5.0,0.06422534584999084,0.00012,0.15673828125,0.0
2292.0,2292.0,5.0,0.059415921568870544,0.00012,0.20982638001441956,0.0
2293.0,2293.0,5.0,0.052272144705057144,0.00012,0.1647123098373413,0.0
2294.0,2294.0,5.0,0.051428280770778656,0.00012,0.23860225081443787,0.0
2295.0,2295.0,5.0,0.06979046016931534,0.00012,0.14031288027763367,0.0
2296.0,2296.0,5.0,0.06208343058824539,0.00012,0.20185473561286926,0.0
2297.0,2297.0,5.0,0.059369444847106934,0.00012,0.20795698463916779,0.0
2298.0,2298.0,5.0,0.05020136386156082,0.00012,0.16824296116828918,0.0
2299.0,2299.0,5.0,0.05832430720329285,0.00012,0.2676146626472473,0.0
2300.0,2300.0,5.0,0.05729251727461815,0.00012,0.1354125589132309,0.0
2301.0,2301.0,5.0,0.05583642050623894,0.00012,0.21956181526184082,0.0
2302.0,2302.0,5.0,0.0645287036895752,0.00012,0.26033395528793335,0.0
2303.0,2303.0,5.0,0.05339254438877106,0.00012,0.1292514204978943,0.0
2304.0,2304.0,5.0,0.061271071434020996,0.00012,0.2360733598470688,0.0
2305.0,2305.0,5.0,0.054490529000759125,0.00012,0.17705190181732178,0.0
2306.0,2306.0,5.0,0.04624585807323456,0.00012,0.19720016419887543,0.0
2307.0,2307.0,5.0,0.06910967081785202,0.00012,0.17046856880187988,0.0
2308.0,2308.0,5.0,0.05401912331581116,0.00012,0.2343701869249344,0.0
2309.0,2309.0,5.0,0.06264957040548325,0.00012,0.15872527658939362,0.0
2310.0,2310.0,5.0,0.07014477998018265,0.00012,0.17955847084522247,0.0
2311.0,2311.0,5.0,0.07442586869001389,0.00012,0.15059919655323029,0.0
2312.0,2312.0,5.0,0.0706176608800888,0.00012,0.15017080307006836,0.0
2313.0,2313.0,5.0,0.0570450983941555,0.00012,0.14064353704452515,0.0
2314.0,2314.0,5.0,0.056181490421295166,0.00012,0.19086159765720367,0.0
2315.0,2315.0,5.0,0.06222296878695488,0.00012,0.12474405765533447,0.0
2316.0,2316.0,5.0,0.05124134197831154,0.00012,0.19866034388542175,0.0
2317.0,2317.0,5.0,0.052372097969055176,0.00012,0.16863085329532623,0.0
2318.0,2318.0,5.0,0.05873708426952362,0.00012,0.19858145713806152,0.0
2319.0,2319.0,5.0,0.06694236397743225,0.00012,0.15966710448265076,0.0
2320.0,2320.0,5.0,0.0567811019718647,0.00012,0.24935144186019897,0.0
2321.0,2321.0,5.0,0.0747368112206459,0.00012,0.19403041899204254,0.0
2322.0,2322.0,5.0,0.048121340572834015,0.00012,0.1718820035457611,0.0
2323.0,2323.0,5.0,0.06503341346979141,0.00012,0.15345220267772675,0.0
2324.0,2324.0,5.0,0.05978578329086304,0.00012,0.2391989678144455,0.0
2325.0,2325.0,5.0,0.06039847061038017,0.00012,0.16770440340042114,0.0
2326.0,2326.0,5.0,0.04765423387289047,0.00012,0.16208858788013458,0.0
2327.0,2327.0,5.0,0.06504879891872406,0.00012,0.15510132908821106,0.0
2328.0,2328.0,5.0,0.05616132915019989,0.00012,0.1584271788597107,0.0
2329.0,2329.0,5.0,0.07043043524026871,0.00012,0.2344297617673874,0.0
2330.0,2330.0,5.0,0.05734921991825104,0.00012,0.22755931317806244,0.0
2331.0,2331.0,5.0,0.06492521613836288,0.00012,0.1514107882976532,0.0
2332.0,2332.0,5.0,0.05550988018512726,0.00012,0.19955672323703766,0.0
2333.0,2333.0,5.0,0.061352211982011795,0.00012,0.15265397727489471,0.0
2334.0,2334.0,5.0,0.06218350678682327,0.00012,0.20248718559741974,0.0
2335.0,2335.0,5.0,0.06547248363494873,0.00012,0.15436747670173645,0.0
2336.0,2336.0,5.0,0.050723254680633545,0.00012,0.15668745338916779,0.0
2337.0,2337.0,5.0,0.06596395373344421,0.00012,0.2054576277732849,0.0
2338.0,2338.0,5.0,0.057610299438238144,0.00012,0.2070959508419037,0.0
2339.0,2339.0,5.0,0.06868570297956467,0.00012,0.20386391878128052,0.0
2340.0,2340.0,5.0,0.05939195305109024,0.00012,0.2169099748134613,0.0
2341.0,2341.0,6.0,0.05456890910863876,0.00012,0.24260862171649933,0.0
2342.0,2342.0,6.0,0.05798593908548355,0.00012,0.19210447371006012,0.0
2343.0,2343.0,6.0,0.05819475278258324,0.00012,0.3278812766075134,0.0
2344.0,2344.0,6.0,0.05894763022661209,0.00012,0.214832603931427,0.0
2345.0,2345.0,6.0,0.06713028252124786,0.00012,0.3029978275299072,0.0
2346.0,2346.0,6.0,0.04785606637597084,0.00012,0.12866084277629852,0.0
2347.0,2347.0,6.0,0.06204230338335037,0.00012,0.26143449544906616,0.0
2348.0,2348.0,6.0,0.061505913734436035,0.00012,0.1752013862133026,0.0
2349.0,2349.0,6.0,0.05508265644311905,0.00012,0.2534763216972351,0.0
2350.0,2350.0,6.0,0.06850171089172363,0.00012,0.1785782128572464,0.0
2351.0,2351.0,6.0,0.06074349209666252,0.00012,0.2954224944114685,0.0
2352.0,2352.0,6.0,0.058188360184431076,0.00012,0.13707250356674194,0.0
2353.0,2353.0,6.0,0.06584815680980682,0.00012,0.2713136374950409,0.0
2354.0,2354.0,6.0,0.07170304656028748,0.00012,0.16887500882148743,0.0
2355.0,2355.0,6.0,0.05453001707792282,0.00012,0.20775660872459412,0.0
2356.0,2356.0,6.0,0.05606914684176445,0.00012,0.23363371193408966,0.0
2357.0,2357.0,6.0,0.07611540704965591,0.00012,0.15573452413082123,0.0
2358.0,2358.0,6.0,0.08257260918617249,0.00012,0.2548668682575226,0.0
2359.0,2359.0,6.0,0.06654570996761322,0.00012,0.20884715020656586,0.0
2360.0,2360.0,6.0,0.05931893736124039,0.00012,0.2378537356853485,0.0
2361.0,2361.0,6.0,0.06640979647636414,0.00012,0.2272258996963501,0.0
2362.0,2362.0,6.0,0.06977128982543945,0.00012,0.2191033959388733,0.0
2363.0,2363.0,6.0,0.0536772720515728,0.00012,0.23077744245529175,0.0
2364.0,2364.0,6.0,0.07558219134807587,0.00012,0.2084379494190216,0.0
2365.0,2365.0,6.0,0.049173228442668915,0.00012,0.21827250719070435,0.0
2366.0,2366.0,6.0,0.061189766973257065,0.00012,0.1390821486711502,0.0
2367.0,2367.0,6.0,0.0684986561536789,0.00012,0.20769362151622772,0.0
2368.0,2368.0,6.0,0.05162125825881958,0.00012,0.0772639587521553,0.0
2369.0,2369.0,6.0,0.058211516588926315,0.00012,0.1948363184928894,0.0
2370.0,2370.0,6.0,0.06508664041757584,0.00012,0.15149007737636566,0.0
2371.0,2371.0,6.0,0.05155978351831436,0.00012,0.09184679388999939,0.0
2372.0,2372.0,6.0,0.0501178503036499,0.00012,0.20315702259540558,0.0
2373.0,2373.0,6.0,0.06995605677366257,0.00012,0.1293831616640091,0.0
2374.0,2374.0,6.0,0.0691731795668602,0.00012,0.17393837869167328,0.0
2375.0,2375.0,6.0,0.04706069827079773,0.00012,0.09398403018712997,0.0
2376.0,2376.0,6.0,0.07339005172252655,0.00012,0.1652296483516693,0.0
2377.0,2377.0,6.0,0.07095590233802795,0.00012,0.12933745980262756,0.0
2378.0,2378.0,6.0,0.06395093351602554,0.00012,0.13660134375095367,0.0
2379.0,2379.0,6.0,0.0587005652487278,0.00012,0.1880759745836258,0.0
2380.0,2380.0,6.0,0.07238191366195679,0.00012,0.19309569895267487,0.0
2381.0,2381.0,6.0,0.06363795697689056,0.00012,0.22586683928966522,0.0
2382.0,2382.0,6.0,0.07238436490297318,0.00012,0.2513115704059601,0.0
2383.0,2383.0,6.0,0.06057550013065338,0.00012,0.21738524734973907,0.0
2384.0,2384.0,6.0,0.06844021379947662,0.00012,0.31036576628685,0.0
2385.0,2385.0,6.0,0.054538626223802567,0.00012,0.21014419198036194,0.0
2386.0,2386.0,6.0,0.06347298622131348,0.00012,0.19997255504131317,0.0
2387.0,2387.0,6.0,0.07407696545124054,0.00012,0.24902689456939697,0.0
2388.0,2388.0,6.0,0.07139568030834198,0.00012,0.25099775195121765,0.0
2389.0,2389.0,6.0,0.06954213231801987,0.00012,0.2581348419189453,0.0
2390.0,2390.0,6.0,0.05841825157403946,0.00012,0.2751104533672333,0.0
2391.0,2391.0,6.0,0.06039094924926758,0.00012,0.2003055214881897,0.0
2392.0,2392.0,6.0,0.06936623901128769,0.00012,0.20542676746845245,0.0
2393.0,2393.0,6.0,0.06377126276493073,0.00012,0.2165665179491043,0.0
2394.0,2394.0,6.0,0.053905632346868515,0.00012,0.11797191202640533,0.0
2395.0,2395.0,6.0,0.058021027594804764,0.00012,0.24097613990306854,0.0
2396.0,2396.0,6.0,0.06250137090682983,0.00012,0.10614064335823059,0.0
2397.0,2397.0,6.0,0.06172829866409302,0.00012,0.14764739573001862,0.0
2398.0,2398.0,6.0,0.05515637248754501,0.00012,0.13941381871700287,0.0
2399.0,2399.0,6.0,0.06266224384307861,0.00012,0.16216015815734863,0.0
2400.0,2400.0,6.0,0.0627647340297699,0.00012,0.10099803656339645,0.0
2401.0,2401.0,6.0,0.05570168048143387,0.00012,0.18573714792728424,0.0
2402.0,2402.0,6.0,0.06442900747060776,0.00012,0.13157570362091064,0.0
2403.0,2403.0,6.0,0.05735379457473755,0.00012,0.16249513626098633,0.0
2404.0,2404.0,6.0,0.05508919432759285,0.00012,0.1356673687696457,0.0
2405.0,2405.0,6.0,0.06402904540300369,0.00012,0.18078657984733582,0.0
2406.0,2406.0,6.0,0.054991744458675385,0.00012,0.13979260623455048,0.0
2407.0,2407.0,6.0,0.0676005631685257,0.00012,0.1760159283876419,0.0
2408.0,2408.0,6.0,0.06132180243730545,0.00012,0.2231062650680542,0.0
2409.0,2409.0,6.0,0.06779743731021881,0.00012,0.20261874794960022,0.0
2410.0,2410.0,6.0,0.05036740377545357,0.00012,0.13685709238052368,0.0
2411.0,2411.0,6.0,0.05583447217941284,0.00012,0.2062516063451767,0.0
2412.0,2412.0,6.0,0.0643136128783226,0.00012,0.1784433126449585,0.0
2413.0,2413.0,6.0,0.06788894534111023,0.00012,0.2223813682794571,0.0
2414.0,2414.0,6.0,0.0662059634923935,0.00012,0.2023894190788269,0.0
2415.0,2415.0,6.0,0.058029621839523315,0.00012,0.1695917695760727,0.0
2416.0,2416.0,6.0,0.07286882400512695,0.00012,0.19038066267967224,0.0
2417.0,2417.0,6.0,0.05282507836818695,0.00012,0.14791437983512878,0.0
2418.0,2418.0,6.0,0.056528277695178986,0.00012,0.1280188411474228,0.0
2419.0,2419.0,6.0,0.05829872936010361,0.00012,0.1199563592672348,0.0
2420.0,2420.0,6.0,0.057101860642433167,0.00012,0.1490938365459442,0.0
2421.0,2421.0,6.0,0.06280012428760529,0.00012,0.12321674078702927,0.0
2422.0,2422.0,6.0,0.061796098947525024,0.00012,0.13843894004821777,0.0
2423.0,2423.0,6.0,0.055302515625953674,0.00012,0.1113843098282814,0.0
2424.0,2424.0,6.0,0.06069118529558182,0.00012,0.22133655846118927,0.0
2425.0,2425.0,6.0,0.06805554777383804,0.00012,0.17055553197860718,0.0
2426.0,2426.0,6.0,0.0531916543841362,0.00012,0.1781151443719864,0.0
2427.0,2427.0,6.0,0.06886287778615952,0.00012,0.15476791560649872,0.0
2428.0,2428.0,6.0,0.057966943830251694,0.00012,0.16981759667396545,0.0
2429.0,2429.0,6.0,0.06432974338531494,0.00012,0.12481707334518433,0.0
2430.0,2430.0,6.0,0.06006232649087906,0.00012,0.2367791086435318,0.0
2431.0,2431.0,6.0,0.05251273512840271,0.00012,0.10128434747457504,0.0
2432.0,2432.0,6.0,0.0661650002002716,0.00012,0.21760782599449158,0.0
2433.0,2433.0,6.0,0.057110339403152466,0.00012,0.1474664956331253,0.0
2434.0,2434.0,6.0,0.05760384723544121,0.00012,0.1683814972639084,0.0
2435.0,2435.0,6.0,0.054068561643362045,0.00012,0.1431141346693039,0.0
2436.0,2436.0,6.0,0.07126794755458832,0.00012,0.14524661004543304,0.0
2437.0,2437.0,6.0,0.05921674892306328,0.00012,0.15511174499988556,0.0
2438.0,2438.0,6.0,0.07898885011672974,0.00012,0.14917628467082977,0.0
2439.0,2439.0,6.0,0.06239495426416397,0.00012,0.179397851228714,0.0
2440.0,2440.0,6.0,0.06532050669193268,0.00012,0.13078732788562775,0.0
2441.0,2441.0,6.0,0.0436210110783577,0.00012,0.21675679087638855,0.0
2442.0,2442.0,6.0,0.06729792803525925,0.00012,0.1999545693397522,0.0
2443.0,2443.0,6.0,0.06410705298185349,0.00012,0.16511620581150055,0.0
2444.0,2444.0,6.0,0.06230005621910095,0.00012,0.16012147068977356,0.0
2445.0,2445.0,6.0,0.06872215867042542,0.00012,0.17088685929775238,0.0
2446.0,2446.0,6.0,0.04690070450305939,0.00012,0.16648896038532257,0.0
2447.0,2447.0,6.0,0.06257419288158417,0.00012,0.17958557605743408,0.0
2448.0,2448.0,6.0,0.07373571395874023,0.00012,0.14146457612514496,0.0
2449.0,2449.0,6.0,0.06143520027399063,0.00012,0.18906773626804352,0.0
2450.0,2450.0,6.0,0.07466012239456177,0.00012,0.203933447599411,0.0
2451.0,2451.0,6.0,0.06966596841812134,0.00012,0.179893359541893,0.0
2452.0,2452.0,6.0,0.07114942371845245,0.00012,0.12362934648990631,0.0
2453.0,2453.0,6.0,0.06962975859642029,0.00012,0.16157746315002441,0.0
2454.0,2454.0,6.0,0.049366869032382965,0.00012,0.10427388548851013,0.0
2455.0,2455.0,6.0,0.061017826199531555,0.00012,0.21197469532489777,0.0
2456.0,2456.0,6.0,0.058499209582805634,0.00012,0.1575576215982437,0.0
2457.0,2457.0,6.0,0.06368307769298553,0.00012,0.16848087310791016,0.0
2458.0,2458.0,6.0,0.05391179770231247,0.00012,0.1324632614850998,0.0
2459.0,2459.0,6.0,0.055953383445739746,0.00012,0.20381571352481842,0.0
2460.0,2460.0,6.0,0.05610930174589157,0.00012,0.19905395805835724,0.0
2461.0,2461.0,6.0,0.05982998386025429,0.00012,0.26245012879371643,0.0
2462.0,2462.0,6.0,0.06119207292795181,0.00012,0.19913174211978912,0.0
2463.0,2463.0,6.0,0.045557860285043716,0.00012,0.24685491621494293,0.0
2464.0,2464.0,6.0,0.0672479122877121,0.00012,0.20894430577754974,0.0
2465.0,2465.0,6.0,0.05804172530770302,0.00012,0.20291288197040558,0.0
2466.0,2466.0,6.0,0.06692370027303696,0.00012,0.1937226802110672,0.0
2467.0,2467.0,6.0,0.06103864312171936,0.00012,0.13465100526809692,0.0
2468.0,2468.0,6.0,0.06644460558891296,0.00012,0.15503232181072235,0.0
2469.0,2469.0,6.0,0.06624148786067963,0.00012,0.17170266807079315,0.0
2470.0,2470.0,6.0,0.057961612939834595,0.00012,0.12581993639469147,0.0
2471.0,2471.0,6.0,0.073084756731987,0.00012,0.2058042734861374,0.0
2472.0,2472.0,6.0,0.058772012591362,0.00012,0.18361632525920868,0.0
2473.0,2473.0,6.0,0.0566520020365715,0.00012,0.2097993940114975,0.0
2474.0,2474.0,6.0,0.0665045976638794,0.00012,0.24004924297332764,0.0
2475.0,2475.0,6.0,0.04770025610923767,0.00012,0.09085147827863693,0.0
2476.0,2476.0,6.0,0.06048310548067093,0.00012,0.3225903809070587,0.0
2477.0,2477.0,6.0,0.06129077821969986,0.00012,0.16017988324165344,0.0
2478.0,2478.0,6.0,0.0568004846572876,0.00012,0.2453656643629074,0.0
2479.0,2479.0,6.0,0.052942968904972076,0.00012,0.16785120964050293,0.0
2480.0,2480.0,6.0,0.061787523329257965,0.00012,0.18581315875053406,0.0
2481.0,2481.0,6.0,0.05744868516921997,0.00012,0.1907232701778412,0.0
2482.0,2482.0,6.0,0.059477563947439194,0.00012,0.23779185116291046,0.0
2483.0,2483.0,6.0,0.06342814117670059,0.00012,0.1581054925918579,0.0
2484.0,2484.0,6.0,0.0543835312128067,0.00012,0.1935914009809494,0.0
2485.0,2485.0,6.0,0.06308499723672867,0.00012,0.15934693813323975,0.0
2486.0,2486.0,6.0,0.06917884200811386,0.00012,0.15447120368480682,0.0
2487.0,2487.0,6.0,0.05927553027868271,0.00012,0.15080802142620087,0.0
2488.0,2488.0,6.0,0.0653708279132843,0.00012,0.14727556705474854,0.0
2489.0,2489.0,6.0,0.05434693396091461,0.00012,0.17547209560871124,0.0
2490.0,2490.0,6.0,0.053976137191057205,0.00012,0.10990811884403229,0.0
2491.0,2491.0,6.0,0.060231633484363556,0.00012,0.1531420350074768,0.0
2492.0,2492.0,6.0,0.05968775600194931,0.00012,0.13670280575752258,0.0
2493.0,2493.0,6.0,0.060942430049180984,0.00012,0.14721205830574036,0.0
2494.0,2494.0,6.0,0.07095271348953247,0.00012,0.16006553173065186,0.0
2495.0,2495.0,6.0,0.06443025171756744,0.00012,0.10649862885475159,0.0
2496.0,2496.0,6.0,0.053554221987724304,0.00012,0.14686501026153564,0.0
2497.0,2497.0,6.0,0.0597168505191803,0.00012,0.1278279572725296,0.0
2498.0,2498.0,6.0,0.07777733355760574,0.00012,0.18354828655719757,0.0
2499.0,2499.0,6.0,0.05150872468948364,0.00012,0.15154099464416504,0.0
2500.0,2500.0,6.0,0.06809625029563904,0.00012,0.18549978733062744,0.0
2501.0,2501.0,6.0,0.06115974485874176,0.00012,0.18737812340259552,0.0
2502.0,2502.0,6.0,0.0672372579574585,0.00012,0.22184686362743378,0.0
2503.0,2503.0,6.0,0.06499309092760086,0.00012,0.20442280173301697,0.0
2504.0,2504.0,6.0,0.0447678379714489,0.00012,0.24195227026939392,0.0
2505.0,2505.0,6.0,0.05500466376543045,0.00012,0.15171848237514496,0.0
2506.0,2506.0,6.0,0.07731075584888458,0.00012,0.28453436493873596,0.0
2507.0,2507.0,6.0,0.07583123445510864,0.00012,0.1223718523979187,0.0
2508.0,2508.0,6.0,0.054966315627098083,0.00012,0.3211933672428131,0.0
2509.0,2509.0,6.0,0.05123325064778328,0.00012,0.14326782524585724,0.0
2510.0,2510.0,6.0,0.05588888004422188,0.00012,0.2827015221118927,0.0
2511.0,2511.0,6.0,0.06547598540782928,0.00012,0.2093147337436676,0.0
2512.0,2512.0,6.0,0.07253584265708923,0.00012,0.23642799258232117,0.0
2513.0,2513.0,6.0,0.055405519902706146,0.00012,0.1584778130054474,0.0
2514.0,2514.0,6.0,0.06353475898504257,0.00012,0.19881324470043182,0.0
2515.0,2515.0,6.0,0.06599811464548111,0.00012,0.20697246491909027,0.0
2516.0,2516.0,6.0,0.04787234961986542,0.00012,0.15990474820137024,0.0
2517.0,2517.0,6.0,0.06863057613372803,0.00012,0.23916150629520416,0.0
2518.0,2518.0,6.0,0.054689183831214905,0.00012,0.1668468713760376,0.0
2519.0,2519.0,6.0,0.05666627362370491,0.00012,0.21861466765403748,0.0
2520.0,2520.0,6.0,0.06582078337669373,0.00012,0.16584211587905884,0.0
2521.0,2521.0,6.0,0.06957350671291351,0.00012,0.16973969340324402,0.0
2522.0,2522.0,6.0,0.07137800008058548,0.00012,0.1298363357782364,0.0
2523.0,2523.0,6.0,0.05822687968611717,0.00012,0.1769610196352005,0.0
2524.0,2524.0,6.0,0.06430624425411224,0.00012,0.19001193344593048,0.0
2525.0,2525.0,6.0,0.06437589973211288,0.00012,0.21900303661823273,0.0
2526.0,2526.0,6.0,0.05784823000431061,0.00012,0.1621578186750412,0.0
2527.0,2527.0,6.0,0.059098489582538605,0.00012,0.2137775868177414,0.0
2528.0,2528.0,6.0,0.046535052359104156,0.00012,0.1461656391620636,0.0
2529.0,2529.0,6.0,0.06694000959396362,0.00012,0.20378878712654114,0.0
2530.0,2530.0,6.0,0.06453891098499298,0.00012,0.26720455288887024,0.0
2531.0,2531.0,6.0,0.05981732904911041,0.00012,0.16095440089702606,0.0
2532.0,2532.0,6.0,0.07215650379657745,0.00012,0.23197226226329803,0.0
2533.0,2533.0,6.0,0.0674823671579361,0.00012,0.1427406221628189,0.0
2534.0,2534.0,6.0,0.05286158621311188,0.00012,0.21721552312374115,0.0
2535.0,2535.0,6.0,0.05835342034697533,0.00012,0.2229028344154358,0.0
2536.0,2536.0,6.0,0.05976171791553497,0.00012,0.1799662709236145,0.0
2537.0,2537.0,6.0,0.0631035566329956,0.00012,0.3132736384868622,0.0
2538.0,2538.0,6.0,0.057505764067173004,0.00012,0.1452457159757614,0.0
2539.0,2539.0,6.0,0.07607109099626541,0.00012,0.26709625124931335,0.0
2540.0,2540.0,6.0,0.07301647216081619,0.00012,0.18103118240833282,0.0
2541.0,2541.0,6.0,0.045669298619031906,0.00012,0.24124106764793396,0.0
2542.0,2542.0,6.0,0.06282100081443787,0.00012,0.16462968289852142,0.0
2543.0,2543.0,6.0,0.05481860786676407,0.00012,0.20619043707847595,0.0
2544.0,2544.0,6.0,0.044843584299087524,0.00012,0.17858165502548218,0.0
2545.0,2545.0,6.0,0.05764753371477127,0.00012,0.19933629035949707,0.0
2546.0,2546.0,6.0,0.059704381972551346,0.00012,0.20549337565898895,0.0
2547.0,2547.0,6.0,0.05504653602838516,0.00012,0.16733570396900177,0.0
2548.0,2548.0,6.0,0.05655601620674133,0.00012,0.19706213474273682,0.0
2549.0,2549.0,6.0,0.06654664874076843,0.00012,0.16954462230205536,0.0
2550.0,2550.0,6.0,0.05787797272205353,0.00012,0.18435120582580566,0.0
2551.0,2551.0,6.0,0.05637602508068085,0.00012,0.21648664772510529,0.0
2552.0,2552.0,6.0,0.05703568458557129,0.00012,0.1294880360364914,0.0
2553.0,2553.0,6.0,0.05453111231327057,0.00012,0.20299461483955383,0.0
2554.0,2554.0,6.0,0.07662742584943771,0.00012,0.13251365721225739,0.0
2555.0,2555.0,6.0,0.07029515504837036,0.00012,0.21473786234855652,0.0
2556.0,2556.0,6.0,0.06228753179311752,0.00012,0.15969257056713104,0.0
2557.0,2557.0,6.0,0.05896230787038803,0.00012,0.18233062326908112,0.0
2558.0,2558.0,6.0,0.07494629919528961,0.00012,0.18365143239498138,0.0
2559.0,2559.0,6.0,0.0863417237997055,0.00012,0.14692112803459167,0.0
2560.0,2560.0,6.0,0.06696118414402008,0.00012,0.17618969082832336,0.0
2561.0,2561.0,6.0,0.06590385735034943,0.00012,0.11156783252954483,0.0
2562.0,2562.0,6.0,0.05921541154384613,0.00012,0.1618359237909317,0.0
2563.0,2563.0,6.0,0.05378003418445587,0.00012,0.09314899891614914,0.0
2564.0,2564.0,6.0,0.04766266793012619,0.00012,0.1442917138338089,0.0
2565.0,2565.0,6.0,0.061029329895973206,0.00012,0.1412084549665451,0.0
2566.0,2566.0,6.0,0.058974817395210266,0.00012,0.1247706413269043,0.0
2567.0,2567.0,6.0,0.06408898532390594,0.00012,0.1471935361623764,0.0
2568.0,2568.0,6.0,0.06629063189029694,0.00012,0.14931167662143707,0.0
2569.0,2569.0,6.0,0.05980907008051872,0.00012,0.12383956462144852,0.0
2570.0,2570.0,6.0,0.06115403026342392,0.00012,0.16003505885601044,0.0
2571.0,2571.0,6.0,0.060221679508686066,0.00012,0.13798277080059052,0.0
2572.0,2572.0,6.0,0.0496615432202816,0.00012,0.13475678861141205,0.0
2573.0,2573.0,6.0,0.05838008224964142,0.00012,0.10110122710466385,0.0
2574.0,2574.0,6.0,0.05549660697579384,0.00012,0.15110114216804504,0.0
2575.0,2575.0,6.0,0.06482109427452087,0.00012,0.10724937915802002,0.0
2576.0,2576.0,6.0,0.06289167702198029,0.00012,0.241372212767601,0.0
2577.0,2577.0,6.0,0.06724105030298233,0.00012,0.121233731508255,0.0
2578.0,2578.0,6.0,0.08050641417503357,0.00012,0.18924622237682343,0.0
2579.0,2579.0,6.0,0.053337253630161285,0.00012,0.13971200585365295,0.0
2580.0,2580.0,6.0,0.06030241400003433,0.00012,0.11856283247470856,0.0
2581.0,2581.0,6.0,0.06385893374681473,0.00012,0.15801595151424408,0.0
2582.0,2582.0,6.0,0.0675024464726448,0.00012,0.12493361532688141,0.0
2583.0,2583.0,6.0,0.0623110868036747,0.00012,0.14868998527526855,0.0
2584.0,2584.0,6.0,0.0629231333732605,0.00012,0.18530598282814026,0.0
2585.0,2585.0,6.0,0.05008314549922943,0.00012,0.20198039710521698,0.0
2586.0,2586.0,6.0,0.06014431267976761,0.00012,0.14260298013687134,0.0
2587.0,2587.0,6.0,0.06019856408238411,0.00012,0.19107170403003693,0.0
2588.0,2588.0,6.0,0.05833721533417702,0.00012,0.14589925110340118,0.0
2589.0,2589.0,6.0,0.06404879689216614,0.00012,0.12725858390331268,0.0
2590.0,2590.0,6.0,0.06398685276508331,0.00012,0.14311964809894562,0.0
2591.0,2591.0,6.0,0.05720766633749008,0.00012,0.13285766541957855,0.0
2592.0,2592.0,6.0,0.057895857840776443,0.00012,0.23004469275474548,0.0
2593.0,2593.0,6.0,0.05923539400100708,0.00012,0.1535661518573761,0.0
2594.0,2594.0,6.0,0.050928711891174316,0.00012,0.23799867928028107,0.0
2595.0,2595.0,6.0,0.05370074883103371,0.00012,0.20612770318984985,0.0
2596.0,2596.0,6.0,0.0524311438202858,0.00012,0.16384722292423248,0.0
2597.0,2597.0,6.0,0.046511054039001465,0.00012,0.3105739653110504,0.0
2598.0,2598.0,6.0,0.05459105968475342,0.00012,0.15135937929153442,0.0
2599.0,2599.0,6.0,0.058087725192308426,0.00012,0.23922576010227203,0.0
2600.0,2600.0,6.0,0.0774814635515213,0.00012,0.1970784217119217,0.0
2601.0,2601.0,6.0,0.05758356302976608,0.00012,0.2514669597148895,0.0
2602.0,2602.0,6.0,0.0764266699552536,0.00012,0.21946574747562408,0.0
2603.0,2603.0,6.0,0.05937151610851288,0.00012,0.26450812816619873,0.0
2604.0,2604.0,6.0,0.07164101302623749,0.00012,0.2005784511566162,0.0
2605.0,2605.0,6.0,0.05522263050079346,0.00012,0.1860918402671814,0.0
2606.0,2606.0,6.0,0.07022882997989655,0.00012,0.17902237176895142,0.0
2607.0,2607.0,6.0,0.06419485062360764,0.00012,0.13365274667739868,0.0
2608.0,2608.0,6.0,0.0599423423409462,0.00012,0.16841231286525726,0.0
2609.0,2609.0,6.0,0.0528494268655777,0.00012,0.14181087911128998,0.0
2610.0,2610.0,6.0,0.07756521552801132,0.00012,0.23969870805740356,0.0
2611.0,2611.0,6.0,0.06145593523979187,0.00012,0.16112755239009857,0.0
2612.0,2612.0,6.0,0.06761929392814636,0.00012,0.168206125497818,0.0
2613.0,2613.0,6.0,0.06127004697918892,0.00012,0.2536022365093231,0.0
2614.0,2614.0,6.0,0.06935927271842957,0.00012,0.1932692974805832,0.0
2615.0,2615.0,6.0,0.05549192428588867,0.00012,0.3179822266101837,0.0
2616.0,2616.0,6.0,0.06159781292080879,0.00012,0.1543608158826828,0.0
2617.0,2617.0,6.0,0.074446901679039,0.00012,0.25177717208862305,0.0
2618.0,2618.0,6.0,0.05536028370261192,0.00012,0.19014908373355865,0.0
2619.0,2619.0,6.0,0.0751483291387558,0.00012,0.24887973070144653,0.0
2620.0,2620.0,6.0,0.05796341598033905,0.00012,0.28234612941741943,0.0
2621.0,2621.0,6.0,0.05984848737716675,0.00012,0.19358433783054352,0.0
2622.0,2622.0,6.0,0.06100732833147049,0.00012,0.2716040313243866,0.0
2623.0,2623.0,6.0,0.050573647022247314,0.00012,0.1893095225095749,0.0
2624.0,2624.0,6.0,0.06622932106256485,0.00012,0.30274906754493713,0.0
2625.0,2625.0,6.0,0.05918652191758156,0.00012,0.16341166198253632,0.0
2626.0,2626.0,6.0,0.06287133693695068,0.00012,0.26315054297447205,0.0
2627.0,2627.0,6.0,0.05253775417804718,0.00012,0.19448888301849365,0.0
2628.0,2628.0,6.0,0.07107391208410263,0.00012,0.2534136176109314,0.0
2629.0,2629.0,6.0,0.05546090006828308,0.00012,0.2287227362394333,0.0
2630.0,2630.0,6.0,0.05092036724090576,0.00012,0.14011763036251068,0.0
2631.0,2631.0,6.0,0.06179063022136688,0.00012,0.2559538185596466,0.0
2632.0,2632.0,6.0,0.05599915236234665,0.00012,0.1767139583826065,0.0
2633.0,2633.0,6.0,0.04668914154171944,0.00012,0.16734851896762848,0.0
2634.0,2634.0,6.0,0.06812524795532227,0.00012,0.34844887256622314,0.0
2635.0,2635.0,6.0,0.06420746445655823,0.00012,0.20058102905750275,0.0
2636.0,2636.0,6.0,0.05681981146335602,0.00012,0.28643688559532166,0.0
2637.0,2637.0,6.0,0.0629352405667305,0.00012,0.1773897260427475,0.0
2638.0,2638.0,6.0,0.05643029510974884,0.00012,0.3145982325077057,0.0
2639.0,2639.0,6.0,0.06972402334213257,0.00012,0.21324029564857483,0.0
2640.0,2640.0,6.0,0.06375417858362198,0.00012,0.2911410927772522,0.0
2641.0,2641.0,6.0,0.06257204711437225,0.00012,0.4109163284301758,0.0
2642.0,2642.0,6.0,0.06599198281764984,0.00012,0.2538359463214874,0.0
2643.0,2643.0,6.0,0.07297379523515701,0.00012,0.3304338753223419,0.0
2644.0,2644.0,6.0,0.050002969801425934,0.00012,0.15775629878044128,0.0
2645.0,2645.0,6.0,0.05240863189101219,0.00012,0.37591394782066345,0.0
2646.0,2646.0,6.0,0.048484764993190765,0.00012,0.21534650027751923,0.0
2647.0,2647.0,6.0,0.07191916555166245,0.00012,0.34039315581321716,0.0
2648.0,2648.0,6.0,0.06122460961341858,0.00012,0.28269582986831665,0.0
2649.0,2649.0,6.0,0.05030784755945206,0.00012,0.21254433691501617,0.0
2650.0,2650.0,6.0,0.06397958844900131,0.00012,0.26633599400520325,0.0
2651.0,2651.0,6.0,0.0488126203417778,0.00012,0.2752121686935425,0.0
2652.0,2652.0,6.0,0.05216264724731445,0.00012,0.21917396783828735,0.0
2653.0,2653.0,6.0,0.05169200152158737,0.00012,0.20348021388053894,0.0
2654.0,2654.0,6.0,0.05981094017624855,0.00012,0.21460339426994324,0.0
2655.0,2655.0,6.0,0.052287038415670395,0.00012,0.19075024127960205,0.0
2656.0,2656.0,6.0,0.061269208788871765,0.00012,0.27204445004463196,0.0
2657.0,2657.0,6.0,0.05078563839197159,0.00012,0.2277161031961441,0.0
2658.0,2658.0,6.0,0.06184029579162598,0.00012,0.1717517077922821,0.0
2659.0,2659.0,6.0,0.06126193702220917,0.00012,0.3309136629104614,0.0
2660.0,2660.0,6.0,0.05645168200135231,0.00012,0.2227976769208908,0.0
2661.0,2661.0,6.0,0.048340924084186554,0.00012,0.3078034222126007,0.0
2662.0,2662.0,6.0,0.05152023583650589,0.00012,0.2569960355758667,0.0
2663.0,2663.0,6.0,0.0601302906870842,0.00012,0.2594066560268402,0.0
2664.0,2664.0,6.0,0.06513841450214386,0.00012,0.19569338858127594,0.0
2665.0,2665.0,6.0,0.0631292462348938,0.00012,0.25456011295318604,0.0
2666.0,2666.0,6.0,0.054115183651447296,0.00012,0.1689719259738922,0.0
2667.0,2667.0,6.0,0.07430693507194519,0.00012,0.23802229762077332,0.0
2668.0,2668.0,6.0,0.053516585379838943,0.00012,0.11020739376544952,0.0
2669.0,2669.0,6.0,0.06048441305756569,0.00012,0.23656640946865082,0.0
2670.0,2670.0,6.0,0.059008799493312836,0.00012,0.15240135788917542,0.0
2671.0,2671.0,6.0,0.0542520135641098,0.00012,0.2524222731590271,0.0
2672.0,2672.0,6.0,0.06745236366987228,0.00012,0.16711945831775665,0.0
2673.0,2673.0,6.0,0.0630456805229187,0.00012,0.19314709305763245,0.0
2674.0,2674.0,6.0,0.060066401958465576,0.00012,0.2657276690006256,0.0
2675.0,2675.0,6.0,0.0662958174943924,0.00012,0.13257737457752228,0.0
2676.0,2676.0,6.0,0.07185815274715424,0.00012,0.32354626059532166,0.0
2677.0,2677.0,6.0,0.05966684967279434,0.00012,0.14857807755470276,0.0
2678.0,2678.0,6.0,0.05651792883872986,0.00012,0.2530924379825592,0.0
2679.0,2679.0,6.0,0.07607501745223999,0.00012,0.26757004857063293,0.0
2680.0,2680.0,6.0,0.05261319875717163,0.00012,0.2449718415737152,0.0
2681.0,2681.0,6.0,0.055999912321567535,0.00012,0.14862455427646637,0.0
2682.0,2682.0,6.0,0.06786180287599564,0.00012,0.23353780806064606,0.0
2683.0,2683.0,6.0,0.07249534130096436,0.00012,0.15160101652145386,0.0
2684.0,2684.0,6.0,0.0625927597284317,0.00012,0.20671136677265167,0.0
2685.0,2685.0,6.0,0.06433694064617157,0.00012,0.22295470535755157,0.0
2686.0,2686.0,6.0,0.05330873280763626,0.00012,0.1795649379491806,0.0
2687.0,2687.0,6.0,0.06523311883211136,0.00012,0.15783743560314178,0.0
2688.0,2688.0,6.0,0.06193940341472626,0.00012,0.2366679310798645,0.0
2689.0,2689.0,6.0,0.062672920525074,0.00012,0.15907838940620422,0.0
2690.0,2690.0,6.0,0.056681934744119644,0.00012,0.2431381344795227,0.0
2691.0,2691.0,6.0,0.05203193798661232,0.00012,0.15131089091300964,0.0
2692.0,2692.0,6.0,0.06365244090557098,0.00012,0.14559103548526764,0.0
2693.0,2693.0,6.0,0.06069600582122803,0.00012,0.21297559142112732,0.0
2694.0,2694.0,6.0,0.057502955198287964,0.00012,0.09468454867601395,0.0
2695.0,2695.0,6.0,0.05806614086031914,0.00012,0.2446872442960739,0.0
2696.0,2696.0,6.0,0.0664348155260086,0.00012,0.14641065895557404,0.0
2697.0,2697.0,6.0,0.055713627487421036,0.00012,0.2884223759174347,0.0
2698.0,2698.0,6.0,0.059270501136779785,0.00012,0.15056182444095612,0.0
2699.0,2699.0,6.0,0.07237991690635681,0.00012,0.21655026078224182,0.0
2700.0,2700.0,6.0,0.06557360291481018,0.00012,0.13514523208141327,0.0
2701.0,2701.0,6.0,0.07689450681209564,0.00012,0.11192679405212402,0.0
2702.0,2702.0,6.0,0.05442411080002785,0.00012,0.1630428284406662,0.0
2703.0,2703.0,6.0,0.052993953227996826,0.00012,0.10927501320838928,0.0
2704.0,2704.0,6.0,0.0566377267241478,0.00012,0.15695081651210785,0.0
2705.0,2705.0,6.0,0.06775353848934174,0.00012,0.16063269972801208,0.0
2706.0,2706.0,6.0,0.06846298277378082,0.00012,0.17038075625896454,0.0
2707.0,2707.0,6.0,0.06865003705024719,0.00012,0.16573576629161835,0.0
2708.0,2708.0,6.0,0.05644376203417778,0.00012,0.12980754673480988,0.0
2709.0,2709.0,6.0,0.056965477764606476,0.00012,0.22806063294410706,0.0
2710.0,2710.0,6.0,0.061147190630435944,0.00012,0.14826297760009766,0.0
2711.0,2711.0,6.0,0.0716613307595253,0.00012,0.21224352717399597,0.0
2712.0,2712.0,6.0,0.05212777480483055,0.00012,0.08579784631729126,0.0
2713.0,2713.0,6.0,0.06527750194072723,0.00012,0.170208141207695,0.0
2714.0,2714.0,6.0,0.05839407071471214,0.00012,0.1130671352148056,0.0
2715.0,2715.0,6.0,0.04662621021270752,0.00012,0.1208011582493782,0.0
2716.0,2716.0,6.0,0.07046523690223694,0.00012,0.21678726375102997,0.0
2717.0,2717.0,6.0,0.05275402218103409,0.00012,0.10284887254238129,0.0
2718.0,2718.0,6.0,0.04741940274834633,0.00012,0.19325551390647888,0.0
2719.0,2719.0,6.0,0.06976856291294098,0.00012,0.1186479851603508,0.0
2720.0,2720.0,6.0,0.065447136759758,0.00012,0.18412992358207703,0.0
2721.0,2721.0,6.0,0.06078139692544937,0.00012,0.08794143050909042,0.0
2722.0,2722.0,6.0,0.06414417922496796,0.00012,0.165120467543602,0.0
2723.0,2723.0,6.0,0.06031835451722145,0.00012,0.12089783698320389,0.0
2724.0,2724.0,6.0,0.075797438621521,0.00012,0.1353716254234314,0.0
2725.0,2725.0,6.0,0.048377275466918945,0.00012,0.13453252613544464,0.0
2726.0,2726.0,6.0,0.06567174196243286,0.00012,0.11837676167488098,0.0
2727.0,2727.0,6.0,0.06084059923887253,0.00012,0.21651826798915863,0.0
2728.0,2728.0,6.0,0.061761319637298584,0.00012,0.1412668228149414,0.0
2729.0,2729.0,6.0,0.059804171323776245,0.00012,0.18610641360282898,0.0
2730.0,2730.0,6.0,0.05572284758090973,0.00012,0.21504124999046326,0.0
2731.0,2731.0,7.0,0.06239428371191025,0.00012,0.1744285672903061,0.0
2732.0,2732.0,7.0,0.06748703122138977,0.00012,0.16396036744117737,0.0
2733.0,2733.0,7.0,0.06250251084566116,0.00012,0.16158340871334076,0.0
2734.0,2734.0,7.0,0.07286112010478973,0.00012,0.11949881911277771,0.0
2735.0,2735.0,7.0,0.06596479564905167,0.00012,0.16003288328647614,0.0
2736.0,2736.0,7.0,0.061693500727415085,0.00012,0.11521369218826294,0.0
2737.0,2737.0,7.0,0.05592860281467438,0.00012,0.11450379341840744,0.0
2738.0,2738.0,7.0,0.06988786160945892,0.00012,0.1370694786310196,0.0
2739.0,2739.0,7.0,0.062026552855968475,0.00012,0.12169529497623444,0.0
2740.0,2740.0,7.0,0.054414477199316025,0.00012,0.17031502723693848,0.0
2741.0,2741.0,7.0,0.068515345454216,0.00012,0.17033913731575012,0.0
2742.0,2742.0,7.0,0.05698405206203461,0.00012,0.17175018787384033,0.0
2743.0,2743.0,7.0,0.04803324118256569,0.00012,0.11328650265932083,0.0
2744.0,2744.0,7.0,0.07228776812553406,0.00012,0.21752676367759705,0.0
2745.0,2745.0,7.0,0.0548706017434597,0.00012,0.13609422743320465,0.0
2746.0,2746.0,7.0,0.07311040163040161,0.00012,0.14816470444202423,0.0
2747.0,2747.0,7.0,0.058046311140060425,0.00012,0.2234780341386795,0.0
2748.0,2748.0,7.0,0.056081678718328476,0.00012,0.15002994239330292,0.0
2749.0,2749.0,7.0,0.04830881953239441,0.00012,0.18040266633033752,0.0
2750.0,2750.0,7.0,0.0778486356139183,0.00012,0.2255593240261078,0.0
2751.0,2751.0,7.0,0.06096711754798889,0.00012,0.14819595217704773,0.0
2752.0,2752.0,7.0,0.05977978557348251,0.00012,0.24360255897045135,0.0
2753.0,2753.0,7.0,0.06487392634153366,0.00012,0.1478821039199829,0.0
2754.0,2754.0,7.0,0.06488432735204697,0.00012,0.21439433097839355,0.0
2755.0,2755.0,7.0,0.05278533324599266,0.00012,0.2518004775047302,0.0
2756.0,2756.0,7.0,0.05276844650506973,0.00012,0.15195363759994507,0.0
2757.0,2757.0,7.0,0.053305283188819885,0.00012,0.27286699414253235,0.0
2758.0,2758.0,7.0,0.060855209827423096,0.00012,0.24406197667121887,0.0
2759.0,2759.0,7.0,0.06292085349559784,0.00012,0.2134261131286621,0.0
2760.0,2760.0,7.0,0.06135039031505585,0.00012,0.25196290016174316,0.0
2761.0,2761.0,7.0,0.05695764347910881,0.00012,0.16602621972560883,0.0
2762.0,2762.0,7.0,0.06947307288646698,0.00012,0.24619394540786743,0.0
2763.0,2763.0,7.0,0.07005371153354645,0.00012,0.19433355331420898,0.0
2764.0,2764.0,7.0,0.05499553680419922,0.00012,0.19012679159641266,0.0
2765.0,2765.0,7.0,0.051698267459869385,0.00012,0.26424992084503174,0.0
2766.0,2766.0,7.0,0.05645018815994263,0.00012,0.13109134137630463,0.0
2767.0,2767.0,7.0,0.060576021671295166,0.00012,0.23546752333641052,0.0
2768.0,2768.0,7.0,0.07170923054218292,0.00012,0.11524637043476105,0.0
2769.0,2769.0,7.0,0.05448612570762634,0.00012,0.16562999784946442,0.0
2770.0,2770.0,7.0,0.06678606569766998,0.00012,0.1301405429840088,0.0
2771.0,2771.0,7.0,0.06286546587944031,0.00012,0.195571169257164,0.0
2772.0,2772.0,7.0,0.07253021001815796,0.00012,0.14591923356056213,0.0
2773.0,2773.0,7.0,0.07328680902719498,0.00012,0.17837221920490265,0.0
2774.0,2774.0,7.0,0.05348784476518631,0.00012,0.10424814373254776,0.0
2775.0,2775.0,7.0,0.05929556488990784,0.00012,0.12789680063724518,0.0
2776.0,2776.0,7.0,0.06260158121585846,0.00012,0.19540120661258698,0.0
2777.0,2777.0,7.0,0.07188692688941956,0.00012,0.22011487185955048,0.0
2778.0,2778.0,7.0,0.058384209871292114,0.00012,0.1333657205104828,0.0
2779.0,2779.0,7.0,0.04962539300322533,0.00012,0.27318671345710754,0.0
2780.0,2780.0,7.0,0.04731596261262894,0.00012,0.11387605220079422,0.0
2781.0,2781.0,7.0,0.0645090639591217,0.00012,0.19818314909934998,0.0
2782.0,2782.0,7.0,0.05279294401407242,0.00012,0.1924533247947693,0.0
2783.0,2783.0,7.0,0.06829121708869934,0.00012,0.17841365933418274,0.0
2784.0,2784.0,7.0,0.06235748156905174,0.00012,0.18215815722942352,0.0
2785.0,2785.0,7.0,0.06653065979480743,0.00012,0.19829332828521729,0.0
2786.0,2786.0,7.0,0.05765794217586517,0.00012,0.18467432260513306,0.0
2787.0,2787.0,7.0,0.054710663855075836,0.00012,0.156863734126091,0.0
2788.0,2788.0,7.0,0.05790881812572479,0.00012,0.2020142525434494,0.0
2789.0,2789.0,7.0,0.06538383662700653,0.00012,0.11334537714719772,0.0
2790.0,2790.0,7.0,0.051130130887031555,0.00012,0.2049000859260559,0.0
2791.0,2791.0,7.0,0.04877667874097824,0.00012,0.11790644377470016,0.0
2792.0,2792.0,7.0,0.060799840837717056,0.00012,0.1801704615354538,0.0
2793.0,2793.0,7.0,0.06916974484920502,0.00012,0.13749803602695465,0.0
2794.0,2794.0,7.0,0.06315624713897705,0.00012,0.1805974841117859,0.0
2795.0,2795.0,7.0,0.05333549156785011,0.00012,0.11624450236558914,0.0
2796.0,2796.0,7.0,0.05984189361333847,0.00012,0.14384770393371582,0.0
2797.0,2797.0,7.0,0.058227457106113434,0.00012,0.16267284750938416,0.0
2798.0,2798.0,7.0,0.05740100145339966,0.00012,0.12035230547189713,0.0
2799.0,2799.0,7.0,0.04825093597173691,0.00012,0.19374459981918335,0.0
2800.0,2800.0,7.0,0.05984704941511154,0.00012,0.19625063240528107,0.0
2801.0,2801.0,7.0,0.07968907058238983,0.00012,0.17910203337669373,0.0
2802.0,2802.0,7.0,0.05417388305068016,0.00012,0.2641487717628479,0.0
2803.0,2803.0,7.0,0.06042338162660599,0.00012,0.13824810087680817,0.0
2804.0,2804.0,7.0,0.06159878894686699,0.00012,0.24537131190299988,0.0
2805.0,2805.0,7.0,0.06882808357477188,0.00012,0.18538862466812134,0.0
2806.0,2806.0,7.0,0.07782520353794098,0.00012,0.1979491114616394,0.0
2807.0,2807.0,7.0,0.06526400148868561,0.00012,0.17786318063735962,0.0
2808.0,2808.0,7.0,0.04706490784883499,0.00012,0.1537257730960846,0.0
2809.0,2809.0,7.0,0.05051866173744202,0.00012,0.17515842616558075,0.0
2810.0,2810.0,7.0,0.060202986001968384,0.00012,0.19438739120960236,0.0
2811.0,2811.0,7.0,0.06683593988418579,0.00012,0.13560912013053894,0.0
2812.0,2812.0,7.0,0.052311114966869354,0.00012,0.1815098524093628,0.0
2813.0,2813.0,7.0,0.056139975786209106,0.00012,0.18322080373764038,0.0
2814.0,2814.0,7.0,0.046099476516246796,0.00012,0.16828937828540802,0.0
2815.0,2815.0,7.0,0.05358611047267914,0.00012,0.1614699810743332,0.0
2816.0,2816.0,7.0,0.06638745963573456,0.00012,0.15790565311908722,0.0
2817.0,2817.0,7.0,0.05761963129043579,0.00012,0.18683503568172455,0.0
2818.0,2818.0,7.0,0.06418915092945099,0.00012,0.15676045417785645,0.0
2819.0,2819.0,7.0,0.04878830909729004,0.00012,0.20529700815677643,0.0
2820.0,2820.0,7.0,0.06795317679643631,0.00012,0.18398715555667877,0.0
2821.0,2821.0,7.0,0.06528566032648087,0.00012,0.1446199119091034,0.0
2822.0,2822.0,7.0,0.06848856061697006,0.00012,0.15218617022037506,0.0
2823.0,2823.0,7.0,0.0572139248251915,0.00012,0.16757310926914215,0.0
2824.0,2824.0,7.0,0.05313719063997269,0.00012,0.23811222612857819,0.0
2825.0,2825.0,7.0,0.06033037230372429,0.00012,0.15861496329307556,0.0
2826.0,2826.0,7.0,0.058487407863140106,0.00012,0.1734118014574051,0.0
2827.0,2827.0,7.0,0.0547093041241169,0.00012,0.1868801862001419,0.0
2828.0,2828.0,7.0,0.06327807158231735,0.00012,0.18717873096466064,0.0
2829.0,2829.0,7.0,0.05026215314865112,0.00012,0.14403408765792847,0.0
2830.0,2830.0,7.0,0.0540304034948349,0.00012,0.2598656713962555,0.0
2831.0,2831.0,7.0,0.06827642023563385,0.00012,0.15646015107631683,0.0
2832.0,2832.0,7.0,0.05932959169149399,0.00012,0.2591724991798401,0.0
2833.0,2833.0,7.0,0.08853466063737869,0.00012,0.18541331589221954,0.0
2834.0,2834.0,7.0,0.06153222918510437,0.00012,0.249784916639328,0.0
2835.0,2835.0,7.0,0.06163176894187927,0.00012,0.18973924219608307,0.0
2836.0,2836.0,7.0,0.06264866888523102,0.00012,0.20542940497398376,0.0
2837.0,2837.0,7.0,0.05186066776514053,0.00012,0.2385578453540802,0.0
2838.0,2838.0,7.0,0.05903177708387375,0.00012,0.17096638679504395,0.0
2839.0,2839.0,7.0,0.06606535613536835,0.00012,0.2551441788673401,0.0
2840.0,2840.0,7.0,0.07130800187587738,0.00012,0.15118509531021118,0.0
2841.0,2841.0,7.0,0.06205880269408226,0.00012,0.17586825788021088,0.0
2842.0,2842.0,7.0,0.057760171592235565,0.00012,0.11112119257450104,0.0
2843.0,2843.0,7.0,0.06424814462661743,0.00012,0.16961030662059784,0.0
2844.0,2844.0,7.0,0.0552336648106575,0.00012,0.08305572718381882,0.0
2845.0,2845.0,7.0,0.0625225156545639,0.00012,0.1258024275302887,0.0
2846.0,2846.0,7.0,0.058750979602336884,0.00012,0.09532959014177322,0.0
2847.0,2847.0,7.0,0.06482338160276413,0.00012,0.1452663540840149,0.0
2848.0,2848.0,7.0,0.07412251830101013,0.00012,0.16743268072605133,0.0
2849.0,2849.0,7.0,0.05095258355140686,0.00012,0.1636822670698166,0.0
2850.0,2850.0,7.0,0.06681742519140244,0.00012,0.1725849211215973,0.0
2851.0,2851.0,7.0,0.07530592381954193,0.00012,0.19379238784313202,0.0
2852.0,2852.0,7.0,0.05031673237681389,0.00012,0.17160744965076447,0.0
2853.0,2853.0,7.0,0.048673130571842194,0.00012,0.1663416177034378,0.0
2854.0,2854.0,7.0,0.0728619247674942,0.00012,0.19563698768615723,0.0
2855.0,2855.0,7.0,0.06096824258565903,0.00012,0.1578989326953888,0.0
2856.0,2856.0,7.0,0.06750942021608353,0.00012,0.1853608787059784,0.0
2857.0,2857.0,7.0,0.056312523782253265,0.00012,0.0920063853263855,0.0
2858.0,2858.0,7.0,0.07335000485181808,0.00012,0.2319294810295105,0.0
2859.0,2859.0,7.0,0.06749546527862549,0.00012,0.12809211015701294,0.0
2860.0,2860.0,7.0,0.055267591029405594,0.00012,0.1517104059457779,0.0
2861.0,2861.0,7.0,0.058968111872673035,0.00012,0.15659970045089722,0.0
2862.0,2862.0,7.0,0.07084150612354279,0.00012,0.1791701763868332,0.0
2863.0,2863.0,7.0,0.05686765909194946,0.00012,0.08762143552303314,0.0
2864.0,2864.0,7.0,0.06831194460391998,0.00012,0.13521221280097961,0.0
2865.0,2865.0,7.0,0.06027235835790634,0.00012,0.1366216391324997,0.0
2866.0,2866.0,7.0,0.05651349946856499,0.00012,0.11943881958723068,0.0
2867.0,2867.0,7.0,0.044353120028972626,0.00012,0.13738569617271423,0.0
2868.0,2868.0,7.0,0.04752771556377411,0.00012,0.12724857032299042,0.0
2869.0,2869.0,7.0,0.05479453504085541,0.00012,0.12701955437660217,0.0
2870.0,2870.0,7.0,0.059853486716747284,0.00012,0.11982802301645279,0.0
2871.0,2871.0,7.0,0.061466410756111145,0.00012,0.186125710606575,0.0
2872.0,2872.0,7.0,0.04683388024568558,0.00012,0.1538156121969223,0.0
2873.0,2873.0,7.0,0.062287744134664536,0.00012,0.22922834753990173,0.0
2874.0,2874.0,7.0,0.06446848809719086,0.00012,0.12805138528347015,0.0
2875.0,2875.0,7.0,0.06965237855911255,0.00012,0.2540666460990906,0.0
2876.0,2876.0,7.0,0.06646794080734253,0.00012,0.20783694088459015,0.0
2877.0,2877.0,7.0,0.05731678381562233,0.00012,0.19358739256858826,0.0
2878.0,2878.0,7.0,0.0502520427107811,0.00012,0.2673424184322357,0.0
2879.0,2879.0,7.0,0.06338809430599213,0.00012,0.18939374387264252,0.0
2880.0,2880.0,7.0,0.06347893178462982,0.00012,0.2640613913536072,0.0
2881.0,2881.0,7.0,0.07053150236606598,0.00012,0.18701498210430145,0.0
2882.0,2882.0,7.0,0.06223227083683014,0.00012,0.2520332634449005,0.0
2883.0,2883.0,7.0,0.06429586559534073,0.00012,0.19482694566249847,0.0
2884.0,2884.0,7.0,0.05540075898170471,0.00012,0.2081288844347,0.0
2885.0,2885.0,7.0,0.04449530690908432,0.00012,0.2146184891462326,0.0
2886.0,2886.0,7.0,0.05213738977909088,0.00012,0.24377664923667908,0.0
2887.0,2887.0,7.0,0.07552628219127655,0.00012,0.1474008858203888,0.0
2888.0,2888.0,7.0,0.05791392922401428,0.00012,0.18662136793136597,0.0
2889.0,2889.0,7.0,0.07168595492839813,0.00012,0.14627012610435486,0.0
2890.0,2890.0,7.0,0.07016505300998688,0.00012,0.14189191162586212,0.0
2891.0,2891.0,7.0,0.05349711701273918,0.00012,0.12072465568780899,0.0
2892.0,2892.0,7.0,0.07209175825119019,0.00012,0.17123793065547943,0.0
2893.0,2893.0,7.0,0.06384944170713425,0.00012,0.1532440483570099,0.0
2894.0,2894.0,7.0,0.06023843586444855,0.00012,0.20922763645648956,0.0
2895.0,2895.0,7.0,0.06657999753952026,0.00012,0.17894534766674042,0.0
2896.0,2896.0,7.0,0.0656578317284584,0.00012,0.25060954689979553,0.0
2897.0,2897.0,7.0,0.07574857771396637,0.00012,0.19898425042629242,0.0
2898.0,2898.0,7.0,0.056268010288476944,0.00012,0.2175569087266922,0.0
2899.0,2899.0,7.0,0.04894024133682251,0.00012,0.12433916330337524,0.0
2900.0,2900.0,7.0,0.062129873782396317,0.00012,0.24120697379112244,0.0
2901.0,2901.0,7.0,0.05811628699302673,0.00012,0.13654568791389465,0.0
2902.0,2902.0,7.0,0.05412042513489723,0.00012,0.25497663021087646,0.0
2903.0,2903.0,7.0,0.06302604079246521,0.00012,0.17436601221561432,0.0
2904.0,2904.0,7.0,0.06055670231580734,0.00012,0.14108774065971375,0.0
2905.0,2905.0,7.0,0.062189191579818726,0.00012,0.20386898517608643,0.0
2906.0,2906.0,7.0,0.05324206501245499,0.00012,0.1558619886636734,0.0
2907.0,2907.0,7.0,0.05819503590464592,0.00012,0.17947302758693695,0.0
2908.0,2908.0,7.0,0.07511574774980545,0.00012,0.13760623335838318,0.0
2909.0,2909.0,7.0,0.05889951437711716,0.00012,0.2514979839324951,0.0
2910.0,2910.0,7.0,0.05932343751192093,0.00012,0.15967324376106262,0.0
2911.0,2911.0,7.0,0.06922566145658493,0.00012,0.15791790187358856,0.0
2912.0,2912.0,7.0,0.05306278169155121,0.00012,0.29116836190223694,0.0
2913.0,2913.0,7.0,0.0601315051317215,0.00012,0.14955459535121918,0.0
2914.0,2914.0,7.0,0.05785354599356651,0.00012,0.3331485390663147,0.0
2915.0,2915.0,7.0,0.06375610828399658,0.00012,0.166351780295372,0.0
2916.0,2916.0,7.0,0.06242288276553154,0.00012,0.29717573523521423,0.0
2917.0,2917.0,7.0,0.06837064772844315,0.00012,0.22508767247200012,0.0
2918.0,2918.0,7.0,0.0561525896191597,0.00012,0.21663260459899902,0.0
2919.0,2919.0,7.0,0.06188591197133064,0.00012,0.17943912744522095,0.0
2920.0,2920.0,7.0,0.06961965560913086,0.00012,0.1591567099094391,0.0
2921.0,2921.0,7.0,0.05816388502717018,0.00012,0.15786679089069366,0.0
2922.0,2922.0,7.0,0.058010365813970566,0.00012,0.11902918666601181,0.0
2923.0,2923.0,7.0,0.04973561316728592,0.00012,0.17263635993003845,0.0
2924.0,2924.0,7.0,0.07663990557193756,0.00012,0.14503075182437897,0.0
2925.0,2925.0,7.0,0.06266488134860992,0.00012,0.14179621636867523,0.0
2926.0,2926.0,7.0,0.07557809352874756,0.00012,0.21751166880130768,0.0
2927.0,2927.0,7.0,0.0674225315451622,0.00012,0.12738710641860962,0.0
2928.0,2928.0,7.0,0.05068081617355347,0.00012,0.19405747950077057,0.0
2929.0,2929.0,7.0,0.05533575639128685,0.00012,0.1958809345960617,0.0
2930.0,2930.0,7.0,0.06786975264549255,0.00012,0.13380610942840576,0.0
2931.0,2931.0,7.0,0.05201515555381775,0.00012,0.22603899240493774,0.0
2932.0,2932.0,7.0,0.061742477118968964,0.00012,0.20049650967121124,0.0
2933.0,2933.0,7.0,0.06690698862075806,0.00012,0.21919909119606018,0.0
2934.0,2934.0,7.0,0.046833254396915436,0.00012,0.23047582805156708,0.0
2935.0,2935.0,7.0,0.04918748885393143,0.00012,0.17464469373226166,0.0
2936.0,2936.0,7.0,0.06014469265937805,0.00012,0.26940128207206726,0.0
2937.0,2937.0,7.0,0.05335628613829613,0.00012,0.1822742223739624,0.0
2938.0,2938.0,7.0,0.07127872109413147,0.00012,0.23685799539089203,0.0
2939.0,2939.0,7.0,0.05125159025192261,0.00012,0.25218114256858826,0.0
2940.0,2940.0,7.0,0.07750607281923294,0.00012,0.20612689852714539,0.0
2941.0,2941.0,7.0,0.06359133124351501,0.00012,0.2470395565032959,0.0
2942.0,2942.0,7.0,0.05642376095056534,0.00012,0.18240289390087128,0.0
2943.0,2943.0,7.0,0.05642447993159294,0.00012,0.21666640043258667,0.0
2944.0,2944.0,7.0,0.05307186022400856,0.00012,0.10240977257490158,0.0
2945.0,2945.0,7.0,0.05015925318002701,0.00012,0.2107384353876114,0.0
2946.0,2946.0,7.0,0.045924510806798935,0.00012,0.19457395374774933,0.0
2947.0,2947.0,7.0,0.06146763265132904,0.00012,0.16909344494342804,0.0
2948.0,2948.0,7.0,0.09136897325515747,0.00012,0.1802823543548584,0.0
2949.0,2949.0,7.0,0.05328502878546715,0.00012,0.15045218169689178,0.0
2950.0,2950.0,7.0,0.05548163503408432,0.00012,0.1748979687690735,0.0
2951.0,2951.0,7.0,0.059975311160087585,0.00012,0.1404615044593811,0.0
2952.0,2952.0,7.0,0.06462088227272034,0.00012,0.17063350975513458,0.0
2953.0,2953.0,7.0,0.06832382827997208,0.00012,0.13184727728366852,0.0
2954.0,2954.0,7.0,0.05358831584453583,0.00012,0.23789513111114502,0.0
2955.0,2955.0,7.0,0.05809028446674347,0.00012,0.13324685394763947,0.0
2956.0,2956.0,7.0,0.06431819498538971,0.00012,0.1239793673157692,0.0
2957.0,2957.0,7.0,0.06618811190128326,0.00012,0.23424774408340454,0.0
2958.0,2958.0,7.0,0.05353683978319168,0.00012,0.08376721292734146,0.0
2959.0,2959.0,7.0,0.05775799974799156,0.00012,0.19298399984836578,0.0
2960.0,2960.0,7.0,0.06596772372722626,0.00012,0.24145832657814026,0.0
2961.0,2961.0,7.0,0.06236699968576431,0.00012,0.17669637501239777,0.0
2962.0,2962.0,7.0,0.06581131368875504,0.00012,0.20123176276683807,0.0
2963.0,2963.0,7.0,0.07111920416355133,0.00012,0.18833474814891815,0.0
2964.0,2964.0,7.0,0.059916093945503235,0.00012,0.12997090816497803,0.0
2965.0,2965.0,7.0,0.052042700350284576,0.00012,0.19712316989898682,0.0
2966.0,2966.0,7.0,0.07616044580936432,0.00012,0.1124611645936966,0.0
2967.0,2967.0,7.0,0.06026707962155342,0.00012,0.14288756251335144,0.0
2968.0,2968.0,7.0,0.07778435945510864,0.00012,0.1656150072813034,0.0
2969.0,2969.0,7.0,0.05150600150227547,0.00012,0.0874919444322586,0.0
2970.0,2970.0,7.0,0.07266326993703842,0.00012,0.15139321982860565,0.0
2971.0,2971.0,7.0,0.061783693730831146,0.00012,0.09754402190446854,0.0
2972.0,2972.0,7.0,0.06154350936412811,0.00012,0.1373009830713272,0.0
2973.0,2973.0,7.0,0.05967799574136734,0.00012,0.1254206746816635,0.0
2974.0,2974.0,7.0,0.05923505127429962,0.00012,0.1738048791885376,0.0
2975.0,2975.0,7.0,0.05654639005661011,0.00012,0.1906278133392334,0.0
2976.0,2976.0,7.0,0.046809274703264236,0.00012,0.13797949254512787,0.0
2977.0,2977.0,7.0,0.06878885626792908,0.00012,0.17871876060962677,0.0
2978.0,2978.0,7.0,0.0754881352186203,0.00012,0.16905450820922852,0.0
2979.0,2979.0,7.0,0.06026507914066315,0.00012,0.15263999998569489,0.0
2980.0,2980.0,7.0,0.05327300727367401,0.00012,0.21600261330604553,0.0
2981.0,2981.0,7.0,0.05849596485495567,0.00012,0.15205764770507812,0.0
2982.0,2982.0,7.0,0.054687000811100006,0.00012,0.22237469255924225,0.0
2983.0,2983.0,7.0,0.07127112150192261,0.00012,0.18909962475299835,0.0
2984.0,2984.0,7.0,0.06018375977873802,0.00012,0.13515278697013855,0.0
2985.0,2985.0,7.0,0.07485091686248779,0.00012,0.19745919108390808,0.0
2986.0,2986.0,7.0,0.05982542783021927,0.00012,0.14000676572322845,0.0
2987.0,2987.0,7.0,0.06710954010486603,0.00012,0.12032757699489594,0.0
2988.0,2988.0,7.0,0.05645733326673508,0.00012,0.18459658324718475,0.0
2989.0,2989.0,7.0,0.06493598967790604,0.00012,0.13430361449718475,0.0
2990.0,2990.0,7.0,0.056320920586586,0.00012,0.14071834087371826,0.0
2991.0,2991.0,7.0,0.055558111518621445,0.00012,0.22529208660125732,0.0
2992.0,2992.0,7.0,0.05237139016389847,0.00012,0.17013782262802124,0.0
2993.0,2993.0,7.0,0.05391121655702591,0.00012,0.19152601063251495,0.0
2994.0,2994.0,7.0,0.06123655289411545,0.00012,0.16721679270267487,0.0
2995.0,2995.0,7.0,0.062099333852529526,0.00012,0.22462283074855804,0.0
2996.0,2996.0,7.0,0.07303955405950546,0.00012,0.1179249957203865,0.0
2997.0,2997.0,7.0,0.05085129290819168,0.00012,0.13483628630638123,0.0
2998.0,2998.0,7.0,0.05533201992511749,0.00012,0.1670781970024109,0.0
2999.0,2999.0,7.0,0.05109952762722969,0.00012,0.1937742531299591,0.0
3000.0,3000.0,7.0,0.06960698962211609,0.00012,0.1874258816242218,0.0
3001.0,3001.0,7.0,0.0576532781124115,0.00012,0.19853033125400543,0.0
3002.0,3002.0,7.0,0.06765693426132202,0.00012,0.09371989965438843,0.0
3003.0,3003.0,7.0,0.07600376009941101,0.00012,0.12929822504520416,0.0
3004.0,3004.0,7.0,0.058892350643873215,0.00012,0.10889728367328644,0.0
3005.0,3005.0,7.0,0.06575007736682892,0.00012,0.09808222949504852,0.0
3006.0,3006.0,7.0,0.07091167569160461,0.00012,0.18010945618152618,0.0
3007.0,3007.0,7.0,0.07767043262720108,0.00012,0.13920873403549194,0.0
3008.0,3008.0,7.0,0.05444951355457306,0.00012,0.14888527989387512,0.0
3009.0,3009.0,7.0,0.06469064950942993,0.00012,0.22497490048408508,0.0
3010.0,3010.0,7.0,0.07427467405796051,0.00012,0.19814243912696838,0.0
3011.0,3011.0,7.0,0.05068928748369217,0.00012,0.12998808920383453,0.0
3012.0,3012.0,7.0,0.055589236319065094,0.00012,0.14914901554584503,0.0
3013.0,3013.0,7.0,0.06405767798423767,0.00012,0.12746475636959076,0.0
3014.0,3014.0,7.0,0.051794447004795074,0.00012,0.17059552669525146,0.0
3015.0,3015.0,7.0,0.05886569991707802,0.00012,0.13640880584716797,0.0
3016.0,3016.0,7.0,0.06278610229492188,0.00012,0.11382820457220078,0.0
3017.0,3017.0,7.0,0.05938517674803734,0.00012,0.19484874606132507,0.0
3018.0,3018.0,7.0,0.07750611752271652,0.00012,0.16718104481697083,0.0
3019.0,3019.0,7.0,0.06009668856859207,0.00012,0.20971600711345673,0.0
3020.0,3020.0,7.0,0.060122452676296234,0.00012,0.17488710582256317,0.0
3021.0,3021.0,7.0,0.051584452390670776,0.00012,0.1636083871126175,0.0
3022.0,3022.0,7.0,0.06245967745780945,0.00012,0.24537065625190735,0.0
3023.0,3023.0,7.0,0.06332100182771683,0.00012,0.16361825168132782,0.0
3024.0,3024.0,7.0,0.06591585278511047,0.00012,0.1855134665966034,0.0
3025.0,3025.0,7.0,0.0542488768696785,0.00012,0.10628994554281235,0.0
3026.0,3026.0,7.0,0.058293431997299194,0.00012,0.17480990290641785,0.0
3027.0,3027.0,7.0,0.06209227442741394,0.00012,0.1350591778755188,0.0
3028.0,3028.0,7.0,0.07184493541717529,0.00012,0.23197294771671295,0.0
3029.0,3029.0,7.0,0.06106311082839966,0.00012,0.2085222601890564,0.0
3030.0,3030.0,7.0,0.05419907718896866,0.00012,0.1437857449054718,0.0
3031.0,3031.0,7.0,0.06715555489063263,0.00012,0.20197592675685883,0.0
3032.0,3032.0,7.0,0.0631251409649849,0.00012,0.10344167798757553,0.0
3033.0,3033.0,7.0,0.0663270354270935,0.00012,0.13999518752098083,0.0
3034.0,3034.0,7.0,0.06301514059305191,0.00012,0.16120284795761108,0.0
3035.0,3035.0,7.0,0.05821990221738815,0.00012,0.13994121551513672,0.0
3036.0,3036.0,7.0,0.06700729578733444,0.00012,0.21882173418998718,0.0
3037.0,3037.0,7.0,0.07277357578277588,0.00012,0.1620357185602188,0.0
3038.0,3038.0,7.0,0.060165420174598694,0.00012,0.2040107101202011,0.0
3039.0,3039.0,7.0,0.06540215760469437,0.00012,0.16493608057498932,0.0
3040.0,3040.0,7.0,0.049724031239748,0.00012,0.16478784382343292,0.0
3041.0,3041.0,7.0,0.04446081817150116,0.00012,0.194400355219841,0.0
3042.0,3042.0,7.0,0.07695171236991882,0.00012,0.14905329048633575,0.0
3043.0,3043.0,7.0,0.05404425784945488,0.00012,0.2494591772556305,0.0
3044.0,3044.0,7.0,0.0671209767460823,0.00012,0.1137821301817894,0.0
3045.0,3045.0,7.0,0.06934675574302673,0.00012,0.24853883683681488,0.0
3046.0,3046.0,7.0,0.057598456740379333,0.00012,0.1309732049703598,0.0
3047.0,3047.0,7.0,0.06610003113746643,0.00012,0.1672636717557907,0.0
3048.0,3048.0,7.0,0.0579102486371994,0.00012,0.10831428319215775,0.0
3049.0,3049.0,7.0,0.07286525517702103,0.00012,0.17501340806484222,0.0
3050.0,3050.0,7.0,0.047565851360559464,0.00012,0.0881410762667656,0.0
3051.0,3051.0,7.0,0.06445571780204773,0.00012,0.15682564675807953,0.0
3052.0,3052.0,7.0,0.05550406500697136,0.00012,0.13674874603748322,0.0
3053.0,3053.0,7.0,0.054883748292922974,0.00012,0.10194488614797592,0.0
3054.0,3054.0,7.0,0.06876224279403687,0.00012,0.12605823576450348,0.0
3055.0,3055.0,7.0,0.06919636577367783,0.00012,0.1709498167037964,0.0
3056.0,3056.0,7.0,0.06241786852478981,0.00012,0.12019406259059906,0.0
3057.0,3057.0,7.0,0.05490695685148239,0.00012,0.18278083205223083,0.0
3058.0,3058.0,7.0,0.07622779160737991,0.00012,0.1727941781282425,0.0
3059.0,3059.0,7.0,0.055616263300180435,0.00012,0.21803425252437592,0.0
3060.0,3060.0,7.0,0.06616109609603882,0.00012,0.20220482349395752,0.0
3061.0,3061.0,7.0,0.07181258499622345,0.00012,0.21365487575531006,0.0
3062.0,3062.0,7.0,0.07180634886026382,0.00012,0.2440749555826187,0.0
3063.0,3063.0,7.0,0.04766460508108139,0.00012,0.16626831889152527,0.0
3064.0,3064.0,7.0,0.05375437065958977,0.00012,0.2675771713256836,0.0
3065.0,3065.0,7.0,0.06148195266723633,0.00012,0.13172581791877747,0.0
3066.0,3066.0,7.0,0.06699284166097641,0.00012,0.31038886308670044,0.0
3067.0,3067.0,7.0,0.04832099750638008,0.00012,0.1904173195362091,0.0
3068.0,3068.0,7.0,0.06563103944063187,0.00012,0.2401953786611557,0.0
3069.0,3069.0,7.0,0.05910035967826843,0.00012,0.26582810282707214,0.0
3070.0,3070.0,7.0,0.07203973829746246,0.00012,0.16986419260501862,0.0
3071.0,3071.0,7.0,0.055832989513874054,0.00012,0.2891604006290436,0.0
3072.0,3072.0,7.0,0.05978411063551903,0.00012,0.1427668333053589,0.0
3073.0,3073.0,7.0,0.06363140046596527,0.00012,0.29333385825157166,0.0
3074.0,3074.0,7.0,0.0633048564195633,0.00012,0.14661234617233276,0.0
3075.0,3075.0,7.0,0.05330747738480568,0.00012,0.21503491699695587,0.0
3076.0,3076.0,7.0,0.06573255360126495,0.00012,0.20723572373390198,0.0
3077.0,3077.0,7.0,0.05701640248298645,0.00012,0.14378398656845093,0.0
3078.0,3078.0,7.0,0.0614815354347229,0.00012,0.19173552095890045,0.0
3079.0,3079.0,7.0,0.07032956928014755,0.00012,0.12995201349258423,0.0
3080.0,3080.0,7.0,0.0574953556060791,0.00012,0.23986095190048218,0.0
3081.0,3081.0,7.0,0.06502743065357208,0.00012,0.17369049787521362,0.0
3082.0,3082.0,7.0,0.04701802879571915,0.00012,0.302182674407959,0.0
3083.0,3083.0,7.0,0.07458047568798065,0.00012,0.20864237844944,0.0
3084.0,3084.0,7.0,0.06273142248392105,0.00012,0.24009984731674194,0.0
3085.0,3085.0,7.0,0.05576811730861664,0.00012,0.14402887225151062,0.0
3086.0,3086.0,7.0,0.05299922078847885,0.00012,0.228938028216362,0.0
3087.0,3087.0,7.0,0.05800293758511543,0.00012,0.11278870701789856,0.0
3088.0,3088.0,7.0,0.04829328507184982,0.00012,0.20800161361694336,0.0
3089.0,3089.0,7.0,0.06323323398828506,0.00012,0.17040251195430756,0.0
3090.0,3090.0,7.0,0.0681166797876358,0.00012,0.18595224618911743,0.0
3091.0,3091.0,7.0,0.06812644004821777,0.00012,0.13213767111301422,0.0
3092.0,3092.0,7.0,0.056627824902534485,0.00012,0.10857556760311127,0.0
3093.0,3093.0,7.0,0.05343247577548027,0.00012,0.1509701907634735,0.0
3094.0,3094.0,7.0,0.053854525089263916,0.00012,0.12732641398906708,0.0
3095.0,3095.0,7.0,0.06418193876743317,0.00012,0.17737795412540436,0.0
3096.0,3096.0,7.0,0.06879109144210815,0.00012,0.17260050773620605,0.0
3097.0,3097.0,7.0,0.07007864117622375,0.00012,0.13897818326950073,0.0
3098.0,3098.0,7.0,0.06324200332164764,0.00012,0.19987809658050537,0.0
3099.0,3099.0,7.0,0.04629884660243988,0.00012,0.07107550650835037,0.0
3100.0,3100.0,7.0,0.05821667239069939,0.00012,0.18113663792610168,0.0
3101.0,3101.0,7.0,0.06096230819821358,0.00012,0.1658175140619278,0.0
3102.0,3102.0,7.0,0.06117406487464905,0.00012,0.21457667648792267,0.0
3103.0,3103.0,7.0,0.06361926347017288,0.00012,0.19400128722190857,0.0
3104.0,3104.0,7.0,0.07167044281959534,0.00012,0.17249156534671783,0.0
3105.0,3105.0,7.0,0.08232548087835312,0.00012,0.19859489798545837,0.0
3106.0,3106.0,7.0,0.045699313282966614,0.00012,0.17659947276115417,0.0
3107.0,3107.0,7.0,0.049970563501119614,0.00012,0.13824303448200226,0.0
3108.0,3108.0,7.0,0.0672667846083641,0.00012,0.1546630859375,0.0
3109.0,3109.0,7.0,0.06178241968154907,0.00012,0.1989157795906067,0.0
3110.0,3110.0,7.0,0.04413711279630661,0.00012,0.1582721322774887,0.0
3111.0,3111.0,7.0,0.06649342179298401,0.00012,0.2182808220386505,0.0
3112.0,3112.0,7.0,0.056766778230667114,0.00012,0.12932829558849335,0.0
3113.0,3113.0,7.0,0.05112897604703903,0.00012,0.10423009842634201,0.0
3114.0,3114.0,7.0,0.06090698391199112,0.00012,0.1770821362733841,0.0
3115.0,3115.0,7.0,0.062267422676086426,0.00012,0.16788624227046967,0.0
3116.0,3116.0,7.0,0.05812329426407814,0.00012,0.21292969584465027,0.0
3117.0,3117.0,7.0,0.06001612916588783,0.00012,0.17986702919006348,0.0
3118.0,3118.0,7.0,0.0631260946393013,0.00012,0.21442221105098724,0.0
3119.0,3119.0,7.0,0.055876731872558594,0.00012,0.24457892775535583,0.0
3120.0,3120.0,7.0,0.062070950865745544,0.00012,0.19572657346725464,0.0
3121.0,3121.0,8.0,0.06209617853164673,0.00012,0.203314408659935,0.0
3122.0,3122.0,8.0,0.05464331805706024,0.00012,0.16771624982357025,0.0
3123.0,3123.0,8.0,0.0720648318529129,0.00012,0.25014597177505493,0.0
3124.0,3124.0,8.0,0.06699077039957047,0.00012,0.1584244966506958,0.0
3125.0,3125.0,8.0,0.06485548615455627,0.00012,0.21169893443584442,0.0
3126.0,3126.0,8.0,0.0598909854888916,0.00012,0.16231541335582733,0.0
3127.0,3127.0,8.0,0.06688718497753143,0.00012,0.15417926013469696,0.0
3128.0,3128.0,8.0,0.06655150651931763,0.00012,0.2173258364200592,0.0
3129.0,3129.0,8.0,0.059697896242141724,0.00012,0.15471461415290833,0.0
3130.0,3130.0,8.0,0.06394916027784348,0.00012,0.18109236657619476,0.0
3131.0,3131.0,8.0,0.08028244972229004,0.00012,0.19295689463615417,0.0
3132.0,3132.0,8.0,0.06507925689220428,0.00012,0.16194555163383484,0.0
3133.0,3133.0,8.0,0.05261337757110596,0.00012,0.12972117960453033,0.0
3134.0,3134.0,8.0,0.05709052085876465,0.00012,0.09310087561607361,0.0
3135.0,3135.0,8.0,0.0612221285700798,0.00012,0.25133395195007324,0.0
3136.0,3136.0,8.0,0.06322620809078217,0.00012,0.16754327714443207,0.0
3137.0,3137.0,8.0,0.05266806483268738,0.00012,0.16176897287368774,0.0
3138.0,3138.0,8.0,0.0680312067270279,0.00012,0.24023930728435516,0.0
3139.0,3139.0,8.0,0.051273003220558167,0.00012,0.1631123125553131,0.0
3140.0,3140.0,8.0,0.06315238773822784,0.00012,0.2544177174568176,0.0
3141.0,3141.0,8.0,0.05828586220741272,0.00012,0.13961508870124817,0.0
3142.0,3142.0,8.0,0.0745953768491745,0.00012,0.3205499053001404,0.0
3143.0,3143.0,8.0,0.053283676505088806,0.00012,0.18543767929077148,0.0
3144.0,3144.0,8.0,0.057554326951503754,0.00012,0.3354952931404114,0.0
3145.0,3145.0,8.0,0.06863455474376678,0.00012,0.24987824261188507,0.0
3146.0,3146.0,8.0,0.06893199682235718,0.00012,0.3090195655822754,0.0
3147.0,3147.0,8.0,0.06436967104673386,0.00012,0.2521616816520691,0.0
3148.0,3148.0,8.0,0.05908074975013733,0.00012,0.3211545944213867,0.0
3149.0,3149.0,8.0,0.07447458803653717,0.00012,0.16626150906085968,0.0
3150.0,3150.0,8.0,0.06967787444591522,0.00012,0.26233330368995667,0.0
3151.0,3151.0,8.0,0.06243225932121277,0.00012,0.14270347356796265,0.0
3152.0,3152.0,8.0,0.06917594373226166,0.00012,0.30447128415107727,0.0
3153.0,3153.0,8.0,0.05559925362467766,0.00012,0.19569216668605804,0.0
3154.0,3154.0,8.0,0.061557263135910034,0.00012,0.22579053044319153,0.0
3155.0,3155.0,8.0,0.05698129162192345,0.00012,0.19555456936359406,0.0
3156.0,3156.0,8.0,0.05117596313357353,0.00012,0.15272320806980133,0.0
3157.0,3157.0,8.0,0.05421803519129753,0.00012,0.24299940466880798,0.0
3158.0,3158.0,8.0,0.055494651198387146,0.00012,0.19513797760009766,0.0
3159.0,3159.0,8.0,0.07063783705234528,0.00012,0.23670433461666107,0.0
3160.0,3160.0,8.0,0.05992131680250168,0.00012,0.2482301890850067,0.0
3161.0,3161.0,8.0,0.06562831997871399,0.00012,0.25894755125045776,0.0
3162.0,3162.0,8.0,0.07332760095596313,0.00012,0.29290568828582764,0.0
3163.0,3163.0,8.0,0.07077327370643616,0.00012,0.23382924497127533,0.0
3164.0,3164.0,8.0,0.0628180205821991,0.00012,0.20593233406543732,0.0
3165.0,3165.0,8.0,0.0658067911863327,0.00012,0.20449350774288177,0.0
3166.0,3166.0,8.0,0.05576563999056816,0.00012,0.17079521715641022,0.0
3167.0,3167.0,8.0,0.0595158152282238,0.00012,0.2259828746318817,0.0
3168.0,3168.0,8.0,0.05701964721083641,0.00012,0.1589891016483307,0.0
3169.0,3169.0,8.0,0.05840848386287689,0.00012,0.14936013519763947,0.0
3170.0,3170.0,8.0,0.0577869787812233,0.00012,0.1690916121006012,0.0
3171.0,3171.0,8.0,0.06796623766422272,0.00012,0.18975120782852173,0.0
3172.0,3172.0,8.0,0.06642892956733704,0.00012,0.11936412006616592,0.0
3173.0,3173.0,8.0,0.055876925587654114,0.00012,0.1703561544418335,0.0
3174.0,3174.0,8.0,0.07394056767225266,0.00012,0.1877843588590622,0.0
3175.0,3175.0,8.0,0.07407939434051514,0.00012,0.18188203871250153,0.0
3176.0,3176.0,8.0,0.0756966769695282,0.00012,0.21441608667373657,0.0
3177.0,3177.0,8.0,0.06005575507879257,0.00012,0.16277024149894714,0.0
3178.0,3178.0,8.0,0.05140606686472893,0.00012,0.16712801158428192,0.0
3179.0,3179.0,8.0,0.08219210803508759,0.00012,0.21770916879177094,0.0
3180.0,3180.0,8.0,0.06192398816347122,0.00012,0.17274919152259827,0.0
3181.0,3181.0,8.0,0.0583711639046669,0.00012,0.20331071317195892,0.0
3182.0,3182.0,8.0,0.05852080136537552,0.00012,0.20892183482646942,0.0
3183.0,3183.0,8.0,0.06619927287101746,0.00012,0.1737869679927826,0.0
3184.0,3184.0,8.0,0.07808849960565567,0.00012,0.21081717312335968,0.0
3185.0,3185.0,8.0,0.0684499740600586,0.00012,0.18829812109470367,0.0
3186.0,3186.0,8.0,0.0523371621966362,0.00012,0.15294693410396576,0.0
3187.0,3187.0,8.0,0.06043192744255066,0.00012,0.1902559995651245,0.0
3188.0,3188.0,8.0,0.06402484327554703,0.00012,0.15950514376163483,0.0
3189.0,3189.0,8.0,0.06152898818254471,0.00012,0.2379908710718155,0.0
3190.0,3190.0,8.0,0.05620347335934639,0.00012,0.1258811205625534,0.0
3191.0,3191.0,8.0,0.07658345997333527,0.00012,0.2172253429889679,0.0
3192.0,3192.0,8.0,0.06515040993690491,0.00012,0.15684780478477478,0.0
3193.0,3193.0,8.0,0.06213304400444031,0.00012,0.15041550993919373,0.0
3194.0,3194.0,8.0,0.057497553527355194,0.00012,0.17593984305858612,0.0
3195.0,3195.0,8.0,0.06036491319537163,0.00012,0.17755822837352753,0.0
3196.0,3196.0,8.0,0.07606900483369827,0.00012,0.12682700157165527,0.0
3197.0,3197.0,8.0,0.052880991250276566,0.00012,0.15118493139743805,0.0
3198.0,3198.0,8.0,0.05219358950853348,0.00012,0.20077736675739288,0.0
3199.0,3199.0,8.0,0.05730783939361572,0.00012,0.14323659241199493,0.0
3200.0,3200.0,8.0,0.05116546154022217,0.00012,0.2382047027349472,0.0
3201.0,3201.0,8.0,0.05481802672147751,0.00012,0.1433737576007843,0.0
3202.0,3202.0,8.0,0.05655304342508316,0.00012,0.15880773961544037,0.0
3203.0,3203.0,8.0,0.057649195194244385,0.00012,0.1557484269142151,0.0
3204.0,3204.0,8.0,0.04744318500161171,0.00012,0.09151780605316162,0.0
3205.0,3205.0,8.0,0.06790821254253387,0.00012,0.16905753314495087,0.0
3206.0,3206.0,8.0,0.06803444027900696,0.00012,0.16301456093788147,0.0
3207.0,3207.0,8.0,0.06365657597780228,0.00012,0.11866895109415054,0.0
3208.0,3208.0,8.0,0.06711217015981674,0.00012,0.1363956183195114,0.0
3209.0,3209.0,8.0,0.07256826758384705,0.00012,0.1496594250202179,0.0
3210.0,3210.0,8.0,0.06404729187488556,0.00012,0.1123981848359108,0.0
3211.0,3211.0,8.0,0.05267046391963959,0.00012,0.15002836287021637,0.0
3212.0,3212.0,8.0,0.04949328303337097,0.00012,0.18915146589279175,0.0
3213.0,3213.0,8.0,0.06750384718179703,0.00012,0.17259564995765686,0.0
3214.0,3214.0,8.0,0.07028231024742126,0.00012,0.1621754765510559,0.0
3215.0,3215.0,8.0,0.0664665549993515,0.00012,0.24176214635372162,0.0
3216.0,3216.0,8.0,0.060033947229385376,0.00012,0.16295695304870605,0.0
3217.0,3217.0,8.0,0.050152488052845,0.00012,0.20339182019233704,0.0
3218.0,3218.0,8.0,0.06461076438426971,0.00012,0.12741775810718536,0.0
3219.0,3219.0,8.0,0.07192768156528473,0.00012,0.18168675899505615,0.0
3220.0,3220.0,8.0,0.050863202661275864,0.00012,0.20749600231647491,0.0
3221.0,3221.0,8.0,0.05059851333498955,0.00012,0.11525959521532059,0.0
3222.0,3222.0,8.0,0.07019219547510147,0.00012,0.19727377593517303,0.0
3223.0,3223.0,8.0,0.08750101178884506,0.00012,0.17025604844093323,0.0
3224.0,3224.0,8.0,0.05609511211514473,0.00012,0.14361128211021423,0.0
3225.0,3225.0,8.0,0.05015839636325836,0.00012,0.11289606243371964,0.0
3226.0,3226.0,8.0,0.0754489079117775,0.00012,0.1569986641407013,0.0
3227.0,3227.0,8.0,0.06871430575847626,0.00012,0.10730613768100739,0.0
3228.0,3228.0,8.0,0.045040469616651535,0.00012,0.1939908266067505,0.0
3229.0,3229.0,8.0,0.05854611098766327,0.00012,0.08603111654520035,0.0
3230.0,3230.0,8.0,0.07687314599752426,0.00012,0.11702997237443924,0.0
3231.0,3231.0,8.0,0.03951800987124443,0.00012,0.1022336408495903,0.0
3232.0,3232.0,8.0,0.0502503365278244,0.00012,0.12132906168699265,0.0
3233.0,3233.0,8.0,0.06548155844211578,0.00012,0.12403266131877899,0.0
3234.0,3234.0,8.0,0.0700908750295639,0.00012,0.15114159882068634,0.0
3235.0,3235.0,8.0,0.06490951031446457,0.00012,0.11032438278198242,0.0
3236.0,3236.0,8.0,0.054167039692401886,0.00012,0.12971599400043488,0.0
3237.0,3237.0,8.0,0.06628939509391785,0.00012,0.12987351417541504,0.0
3238.0,3238.0,8.0,0.0616287887096405,0.00012,0.10458823293447495,0.0
3239.0,3239.0,8.0,0.04970908910036087,0.00012,0.08358670771121979,0.0
3240.0,3240.0,8.0,0.05865158140659332,0.00012,0.11823652684688568,0.0
3241.0,3241.0,8.0,0.050870418548583984,0.00012,0.08629949390888214,0.0
3242.0,3242.0,8.0,0.05801637843251228,0.00012,0.09972329437732697,0.0
3243.0,3243.0,8.0,0.047194741666316986,0.00012,0.09911172091960907,0.0
3244.0,3244.0,8.0,0.06920886784791946,0.00012,0.14834477007389069,0.0
3245.0,3245.0,8.0,0.06463152915239334,0.00012,0.11029469221830368,0.0
3246.0,3246.0,8.0,0.05427174270153046,0.00012,0.2325308918952942,0.0
3247.0,3247.0,8.0,0.05210784822702408,0.00012,0.15783387422561646,0.0
3248.0,3248.0,8.0,0.05906672775745392,0.00012,0.15564346313476562,0.0
3249.0,3249.0,8.0,0.05674370005726814,0.00012,0.23065868020057678,0.0
3250.0,3250.0,8.0,0.04677562415599823,0.00012,0.10293013602495193,0.0
3251.0,3251.0,8.0,0.06976887583732605,0.00012,0.20252780616283417,0.0
3252.0,3252.0,8.0,0.06182430312037468,0.00012,0.19440734386444092,0.0
3253.0,3253.0,8.0,0.06431931257247925,0.00012,0.1324893832206726,0.0
3254.0,3254.0,8.0,0.06006753444671631,0.00012,0.21759168803691864,0.0
3255.0,3255.0,8.0,0.0636538490653038,0.00012,0.19598369300365448,0.0
3256.0,3256.0,8.0,0.0576322115957737,0.00012,0.13702191412448883,0.0
3257.0,3257.0,8.0,0.061367474496364594,0.00012,0.15579096972942352,0.0
3258.0,3258.0,8.0,0.06655945628881454,0.00012,0.2618696391582489,0.0
3259.0,3259.0,8.0,0.061806097626686096,0.00012,0.1388838291168213,0.0
3260.0,3260.0,8.0,0.06003137677907944,0.00012,0.2637511193752289,0.0
3261.0,3261.0,8.0,0.06580641865730286,0.00012,0.18684262037277222,0.0
3262.0,3262.0,8.0,0.059184521436691284,0.00012,0.15422141551971436,0.0
3263.0,3263.0,8.0,0.05660020560026169,0.00012,0.21064279973506927,0.0
3264.0,3264.0,8.0,0.05249670892953873,0.00012,0.13604943454265594,0.0
3265.0,3265.0,8.0,0.06454835087060928,0.00012,0.19555291533470154,0.0
3266.0,3266.0,8.0,0.06977841258049011,0.00012,0.17445845901966095,0.0
3267.0,3267.0,8.0,0.06719580292701721,0.00012,0.1356498897075653,0.0
3268.0,3268.0,8.0,0.06648004055023193,0.00012,0.19154183566570282,0.0
3269.0,3269.0,8.0,0.07661296427249908,0.00012,0.15841375291347504,0.0
3270.0,3270.0,8.0,0.05140546336770058,0.00012,0.10398328304290771,0.0
3271.0,3271.0,8.0,0.05625063180923462,0.00012,0.12324824929237366,0.0
3272.0,3272.0,8.0,0.062022946774959564,0.00012,0.15553778409957886,0.0
3273.0,3273.0,8.0,0.06500443816184998,0.00012,0.11527229845523834,0.0
3274.0,3274.0,8.0,0.0503791943192482,0.00012,0.1369595229625702,0.0
3275.0,3275.0,8.0,0.057092878967523575,0.00012,0.10670251399278641,0.0
3276.0,3276.0,8.0,0.07007384300231934,0.00012,0.10057365894317627,0.0
3277.0,3277.0,8.0,0.05552180856466293,0.00012,0.12832503020763397,0.0
3278.0,3278.0,8.0,0.06391512602567673,0.00012,0.15598924458026886,0.0
3279.0,3279.0,8.0,0.06433770060539246,0.00012,0.13787980377674103,0.0
3280.0,3280.0,8.0,0.05871377885341644,0.00012,0.1952710598707199,0.0
3281.0,3281.0,8.0,0.06351414322853088,0.00012,0.13600383698940277,0.0
3282.0,3282.0,8.0,0.06370879709720612,0.00012,0.15804803371429443,0.0
3283.0,3283.0,8.0,0.056959621608257294,0.00012,0.17023152112960815,0.0
3284.0,3284.0,8.0,0.05095841363072395,0.00012,0.10871323943138123,0.0
3285.0,3285.0,8.0,0.0721319243311882,0.00012,0.17856037616729736,0.0
3286.0,3286.0,8.0,0.06388992816209793,0.00012,0.12981553375720978,0.0
3287.0,3287.0,8.0,0.0612974688410759,0.00012,0.1276046186685562,0.0
3288.0,3288.0,8.0,0.057356297969818115,0.00012,0.14977477490901947,0.0
3289.0,3289.0,8.0,0.05847346782684326,0.00012,0.2045641839504242,0.0
3290.0,3290.0,8.0,0.06910975277423859,0.00012,0.11453551054000854,0.0
3291.0,3291.0,8.0,0.06290160864591599,0.00012,0.2110568732023239,0.0
3292.0,3292.0,8.0,0.054134517908096313,0.00012,0.08843512088060379,0.0
3293.0,3293.0,8.0,0.05599494278430939,0.00012,0.1520807147026062,0.0
3294.0,3294.0,8.0,0.06318020820617676,0.00012,0.10856073349714279,0.0
3295.0,3295.0,8.0,0.05519308149814606,0.00012,0.10919447988271713,0.0
3296.0,3296.0,8.0,0.07897746562957764,0.00012,0.16178761422634125,0.0
3297.0,3297.0,8.0,0.04771028831601143,0.00012,0.10829751938581467,0.0
3298.0,3298.0,8.0,0.06754308938980103,0.00012,0.12203411012887955,0.0
3299.0,3299.0,8.0,0.07749199867248535,0.00012,0.1359536200761795,0.0
3300.0,3300.0,8.0,0.04879867285490036,0.00012,0.10939322412014008,0.0
3301.0,3301.0,8.0,0.058925606310367584,0.00012,0.10275635868310928,0.0
3302.0,3302.0,8.0,0.06785295903682709,0.00012,0.10181664675474167,0.0
3303.0,3303.0,8.0,0.06637406349182129,0.00012,0.0960555374622345,0.0
3304.0,3304.0,8.0,0.056185875087976456,0.00012,0.1322864145040512,0.0
3305.0,3305.0,8.0,0.06682086735963821,0.00012,0.1929505318403244,0.0
3306.0,3306.0,8.0,0.06043219566345215,0.00012,0.08654922991991043,0.0
3307.0,3307.0,8.0,0.06529363989830017,0.00012,0.1725313365459442,0.0
3308.0,3308.0,8.0,0.059958577156066895,0.00012,0.12292370945215225,0.0
3309.0,3309.0,8.0,0.0585772842168808,0.00012,0.1560048907995224,0.0
3310.0,3310.0,8.0,0.05417362228035927,0.00012,0.15804637968540192,0.0
3311.0,3311.0,8.0,0.057874180376529694,0.00012,0.17465856671333313,0.0
3312.0,3312.0,8.0,0.05392150953412056,0.00012,0.21457454562187195,0.0
3313.0,3313.0,8.0,0.051085151731967926,0.00012,0.11515530943870544,0.0
3314.0,3314.0,8.0,0.06604228913784027,0.00012,0.30258676409721375,0.0
3315.0,3315.0,8.0,0.06351836025714874,0.00012,0.1818002611398697,0.0
3316.0,3316.0,8.0,0.057044219225645065,0.00012,0.20600759983062744,0.0
3317.0,3317.0,8.0,0.05962268263101578,0.00012,0.16214318573474884,0.0
3318.0,3318.0,8.0,0.05924566835165024,0.00012,0.14554204046726227,0.0
3319.0,3319.0,8.0,0.05122314393520355,0.00012,0.1009126603603363,0.0
3320.0,3320.0,8.0,0.07306285202503204,0.00012,0.12066904455423355,0.0
3321.0,3321.0,8.0,0.07128190994262695,0.00012,0.17302435636520386,0.0
3322.0,3322.0,8.0,0.06311237812042236,0.00012,0.1454179435968399,0.0
3323.0,3323.0,8.0,0.056572165340185165,0.00012,0.19550929963588715,0.0
3324.0,3324.0,8.0,0.07329972833395004,0.00012,0.13725678622722626,0.0
3325.0,3325.0,8.0,0.06515871733427048,0.00012,0.22563078999519348,0.0
3326.0,3326.0,8.0,0.055761341005563736,0.00012,0.15502160787582397,0.0
3327.0,3327.0,8.0,0.05813251808285713,0.00012,0.19392623007297516,0.0
3328.0,3328.0,8.0,0.05902373045682907,0.00012,0.1529916673898697,0.0
3329.0,3329.0,8.0,0.06048059090971947,0.00012,0.14891953766345978,0.0
3330.0,3330.0,8.0,0.051997750997543335,0.00012,0.16182327270507812,0.0
3331.0,3331.0,8.0,0.06066243350505829,0.00012,0.18065407872200012,0.0
3332.0,3332.0,8.0,0.04872613400220871,0.00012,0.13983505964279175,0.0
3333.0,3333.0,8.0,0.06016326695680618,0.00012,0.1681661754846573,0.0
3334.0,3334.0,8.0,0.07897995412349701,0.00012,0.1507791429758072,0.0
3335.0,3335.0,8.0,0.05849311128258705,0.00012,0.12487979978322983,0.0
3336.0,3336.0,8.0,0.051892414689064026,0.00012,0.08264501392841339,0.0
3337.0,3337.0,8.0,0.06821796298027039,0.00012,0.12497837841510773,0.0
3338.0,3338.0,8.0,0.057776667177677155,0.00012,0.08819524198770523,0.0
3339.0,3339.0,8.0,0.056696973741054535,0.00012,0.1367281824350357,0.0
3340.0,3340.0,8.0,0.05798749625682831,0.00012,0.0930773988366127,0.0
3341.0,3341.0,8.0,0.07867950201034546,0.00012,0.16488493978977203,0.0
3342.0,3342.0,8.0,0.054403819143772125,0.00012,0.12343587726354599,0.0
3343.0,3343.0,8.0,0.07045632600784302,0.00012,0.18690058588981628,0.0
3344.0,3344.0,8.0,0.05481134355068207,0.00012,0.15536125004291534,0.0
3345.0,3345.0,8.0,0.055764347314834595,0.00012,0.12148284167051315,0.0
3346.0,3346.0,8.0,0.06087428331375122,0.00012,0.14245717227458954,0.0
3347.0,3347.0,8.0,0.0538313090801239,0.00012,0.1676001399755478,0.0
3348.0,3348.0,8.0,0.05292221158742905,0.00012,0.12004557996988297,0.0
3349.0,3349.0,8.0,0.06517782062292099,0.00012,0.20031076669692993,0.0
3350.0,3350.0,8.0,0.054664261639118195,0.00012,0.12990392744541168,0.0
3351.0,3351.0,8.0,0.06401199847459793,0.00012,0.13158062100410461,0.0
3352.0,3352.0,8.0,0.056532252579927444,0.00012,0.18324872851371765,0.0
3353.0,3353.0,8.0,0.059493064880371094,0.00012,0.08858459442853928,0.0
3354.0,3354.0,8.0,0.05696982145309448,0.00012,0.20521262288093567,0.0
3355.0,3355.0,8.0,0.055828291922807693,0.00012,0.1606028825044632,0.0
3356.0,3356.0,8.0,0.06085146963596344,0.00012,0.09031939506530762,0.0
3357.0,3357.0,8.0,0.05756309628486633,0.00012,0.1519935578107834,0.0
3358.0,3358.0,8.0,0.0715029239654541,0.00012,0.15081383287906647,0.0
3359.0,3359.0,8.0,0.057567298412323,0.00012,0.11242944747209549,0.0
3360.0,3360.0,8.0,0.07079221308231354,0.00012,0.1347973346710205,0.0
3361.0,3361.0,8.0,0.04807570204138756,0.00012,0.10151734948158264,0.0
3362.0,3362.0,8.0,0.06044592708349228,0.00012,0.13210512697696686,0.0
3363.0,3363.0,8.0,0.054930418729782104,0.00012,0.15997618436813354,0.0
3364.0,3364.0,8.0,0.0616556778550148,0.00012,0.12358614802360535,0.0
3365.0,3365.0,8.0,0.04057854041457176,0.00012,0.08151745051145554,0.0
3366.0,3366.0,8.0,0.04730241000652313,0.00012,0.18336401879787445,0.0
3367.0,3367.0,8.0,0.06013075262308121,0.00012,0.19664251804351807,0.0
3368.0,3368.0,8.0,0.052545323967933655,0.00012,0.1297292560338974,0.0
3369.0,3369.0,8.0,0.05943436175584793,0.00012,0.1583653837442398,0.0
3370.0,3370.0,8.0,0.05626923590898514,0.00012,0.17462164163589478,0.0
3371.0,3371.0,8.0,0.05880456417798996,0.00012,0.12835979461669922,0.0
3372.0,3372.0,8.0,0.053892381489276886,0.00012,0.18575306236743927,0.0
3373.0,3373.0,8.0,0.05963869020342827,0.00012,0.13130730390548706,0.0
3374.0,3374.0,8.0,0.051288120448589325,0.00012,0.20345038175582886,0.0
3375.0,3375.0,8.0,0.05584373697638512,0.00012,0.12467747181653976,0.0
3376.0,3376.0,8.0,0.05466022714972496,0.00012,0.20097807049751282,0.0
3377.0,3377.0,8.0,0.06021969020366669,0.00012,0.17079220712184906,0.0
3378.0,3378.0,8.0,0.06131000816822052,0.00012,0.154312863945961,0.0
3379.0,3379.0,8.0,0.07803663611412048,0.00012,0.27664050459861755,0.0
3380.0,3380.0,8.0,0.07227317988872528,0.00012,0.14107288420200348,0.0
3381.0,3381.0,8.0,0.0719759613275528,0.00012,0.20176877081394196,0.0
3382.0,3382.0,8.0,0.05793073773384094,0.00012,0.15779681503772736,0.0
3383.0,3383.0,8.0,0.0705566257238388,0.00012,0.2178594172000885,0.0
3384.0,3384.0,8.0,0.057607367634773254,0.00012,0.21860778331756592,0.0
3385.0,3385.0,8.0,0.05431720241904259,0.00012,0.17387616634368896,0.0
3386.0,3386.0,8.0,0.06489690393209457,0.00012,0.25888487696647644,0.0
3387.0,3387.0,8.0,0.05642323940992355,0.00012,0.10329245775938034,0.0
3388.0,3388.0,8.0,0.05472468212246895,0.00012,0.2708304524421692,0.0
3389.0,3389.0,8.0,0.0590987391769886,0.00012,0.1471811980009079,0.0
3390.0,3390.0,8.0,0.06250409781932831,0.00012,0.22508341073989868,0.0
3391.0,3391.0,8.0,0.049694765359163284,0.00012,0.19916322827339172,0.0
3392.0,3392.0,8.0,0.056917883455753326,0.00012,0.2763079106807709,0.0
3393.0,3393.0,8.0,0.06643769145011902,0.00012,0.1098969578742981,0.0
3394.0,3394.0,8.0,0.05865265429019928,0.00012,0.25390562415122986,0.0
3395.0,3395.0,8.0,0.05343025177717209,0.00012,0.11171554028987885,0.0
3396.0,3396.0,8.0,0.0635203868150711,0.00012,0.15229906141757965,0.0
3397.0,3397.0,8.0,0.06957000494003296,0.00012,0.14060206711292267,0.0
3398.0,3398.0,8.0,0.0637957900762558,0.00012,0.10431727021932602,0.0
3399.0,3399.0,8.0,0.06968703866004944,0.00012,0.12203577160835266,0.0
3400.0,3400.0,8.0,0.059267278760671616,0.00012,0.09882780909538269,0.0
3401.0,3401.0,8.0,0.0583176352083683,0.00012,0.14365428686141968,0.0
3402.0,3402.0,8.0,0.06337586790323257,0.00012,0.1399882286787033,0.0
3403.0,3403.0,8.0,0.06251730769872665,0.00012,0.1358800232410431,0.0
3404.0,3404.0,8.0,0.06928622722625732,0.00012,0.12081912159919739,0.0
3405.0,3405.0,8.0,0.07107561826705933,0.00012,0.17334359884262085,0.0
3406.0,3406.0,8.0,0.056720614433288574,0.00012,0.16407166421413422,0.0
3407.0,3407.0,8.0,0.048084862530231476,0.00012,0.17034609615802765,0.0
3408.0,3408.0,8.0,0.05400606989860535,0.00012,0.20642749965190887,0.0
3409.0,3409.0,8.0,0.06330844014883041,0.00012,0.16273942589759827,0.0
3410.0,3410.0,8.0,0.055776383727788925,0.00012,0.19327718019485474,0.0
3411.0,3411.0,8.0,0.061833277344703674,0.00012,0.26469990611076355,0.0
3412.0,3412.0,8.0,0.06130436807870865,0.00012,0.18371692299842834,0.0
3413.0,3413.0,8.0,0.04509029909968376,0.00012,0.27071842551231384,0.0
3414.0,3414.0,8.0,0.057715240865945816,0.00012,0.3228336274623871,0.0
3415.0,3415.0,8.0,0.059043560177087784,0.00012,0.16702932119369507,0.0
3416.0,3416.0,8.0,0.06211647391319275,0.00012,0.27098917961120605,0.0
3417.0,3417.0,8.0,0.06331505626440048,0.00012,0.15267662703990936,0.0
3418.0,3418.0,8.0,0.05818072706460953,0.00012,0.2206525206565857,0.0
3419.0,3419.0,8.0,0.07115354388952255,0.00012,0.24134743213653564,0.0
3420.0,3420.0,8.0,0.0632852166891098,0.00012,0.1659684181213379,0.0
3421.0,3421.0,8.0,0.05146423727273941,0.00012,0.2587986886501312,0.0
3422.0,3422.0,8.0,0.06419137120246887,0.00012,0.08961261808872223,0.0
3423.0,3423.0,8.0,0.055841632187366486,0.00012,0.3171696066856384,0.0
3424.0,3424.0,8.0,0.04776429757475853,0.00012,0.0843813493847847,0.0
3425.0,3425.0,8.0,0.06447458267211914,0.00012,0.22986632585525513,0.0
3426.0,3426.0,8.0,0.07058653980493546,0.00012,0.18549172580242157,0.0
3427.0,3427.0,8.0,0.054038241505622864,0.00012,0.32045626640319824,0.0
3428.0,3428.0,8.0,0.06395022571086884,0.00012,0.13036133348941803,0.0
3429.0,3429.0,8.0,0.06963323056697845,0.00012,0.26755407452583313,0.0
3430.0,3430.0,8.0,0.06684135645627975,0.00012,0.20593126118183136,0.0
3431.0,3431.0,8.0,0.05655496567487717,0.00012,0.12772537767887115,0.0
3432.0,3432.0,8.0,0.07102733105421066,0.00012,0.34837010502815247,0.0
3433.0,3433.0,8.0,0.07673829048871994,0.00012,0.19482697546482086,0.0
3434.0,3434.0,8.0,0.07491099834442139,0.00012,0.2816188335418701,0.0
3435.0,3435.0,8.0,0.05601480230689049,0.00012,0.16524316370487213,0.0
3436.0,3436.0,8.0,0.055093489587306976,0.00012,0.2957043945789337,0.0
3437.0,3437.0,8.0,0.0713832676410675,0.00012,0.17865246534347534,0.0
3438.0,3438.0,8.0,0.07131044566631317,0.00012,0.2372702807188034,0.0
3439.0,3439.0,8.0,0.07038173079490662,0.00012,0.26687201857566833,0.0
3440.0,3440.0,8.0,0.04433852434158325,0.00012,0.23505976796150208,0.0
3441.0,3441.0,8.0,0.05769124999642372,0.00012,0.25361067056655884,0.0
3442.0,3442.0,8.0,0.06895948201417923,0.00012,0.1831992119550705,0.0
3443.0,3443.0,8.0,0.052272990345954895,0.00012,0.24286597967147827,0.0
3444.0,3444.0,8.0,0.043469756841659546,0.00012,0.23717176914215088,0.0
3445.0,3445.0,8.0,0.043357931077480316,0.00012,0.2003927379846573,0.0
3446.0,3446.0,8.0,0.06791353225708008,0.00012,0.19292551279067993,0.0
3447.0,3447.0,8.0,0.06503691524267197,0.00012,0.12320474535226822,0.0
3448.0,3448.0,8.0,0.0552094429731369,0.00012,0.2114444524049759,0.0
3449.0,3449.0,8.0,0.06206303462386131,0.00012,0.10369366407394409,0.0
3450.0,3450.0,8.0,0.056195151060819626,0.00012,0.14513826370239258,0.0
3451.0,3451.0,8.0,0.04806000739336014,0.00012,0.09731221944093704,0.0
3452.0,3452.0,8.0,0.051577791571617126,0.00012,0.09309705346822739,0.0
3453.0,3453.0,8.0,0.05872190371155739,0.00012,0.13648301362991333,0.0
3454.0,3454.0,8.0,0.06966923177242279,0.00012,0.13781744241714478,0.0
3455.0,3455.0,8.0,0.05838705226778984,0.00012,0.1209573969244957,0.0
3456.0,3456.0,8.0,0.05155700445175171,0.00012,0.14466895163059235,0.0
3457.0,3457.0,8.0,0.06007266789674759,0.00012,0.13247409462928772,0.0
3458.0,3458.0,8.0,0.0651451125741005,0.00012,0.17505089938640594,0.0
3459.0,3459.0,8.0,0.060032229870557785,0.00012,0.17872601747512817,0.0
3460.0,3460.0,8.0,0.06270189583301544,0.00012,0.21431100368499756,0.0
3461.0,3461.0,8.0,0.06798987835645676,0.00012,0.24761734902858734,0.0
3462.0,3462.0,8.0,0.07093705236911774,0.00012,0.14913931488990784,0.0
3463.0,3463.0,8.0,0.06137920916080475,0.00012,0.22129347920417786,0.0
3464.0,3464.0,8.0,0.06410157680511475,0.00012,0.15490803122520447,0.0
3465.0,3465.0,8.0,0.059336163103580475,0.00012,0.17210130393505096,0.0
3466.0,3466.0,8.0,0.06048612669110298,0.00012,0.18985477089881897,0.0
3467.0,3467.0,8.0,0.058345042169094086,0.00012,0.20702660083770752,0.0
3468.0,3468.0,8.0,0.07476302981376648,0.00012,0.23397895693778992,0.0
3469.0,3469.0,8.0,0.050157010555267334,0.00012,0.13978813588619232,0.0
3470.0,3470.0,8.0,0.06169339269399643,0.00012,0.2388993501663208,0.0
3471.0,3471.0,8.0,0.05199731886386871,0.00012,0.12467540055513382,0.0
3472.0,3472.0,8.0,0.05855449661612511,0.00012,0.2304951548576355,0.0
3473.0,3473.0,8.0,0.06621988117694855,0.00012,0.14288461208343506,0.0
3474.0,3474.0,8.0,0.055691737681627274,0.00012,0.26524618268013,0.0
3475.0,3475.0,8.0,0.067420594394207,0.00012,0.11125782877206802,0.0
3476.0,3476.0,8.0,0.0612969771027565,0.00012,0.20479731261730194,0.0
3477.0,3477.0,8.0,0.055295348167419434,0.00012,0.1567399799823761,0.0
3478.0,3478.0,8.0,0.0645827054977417,0.00012,0.2251720279455185,0.0
3479.0,3479.0,8.0,0.07441052049398422,0.00012,0.13324393332004547,0.0
3480.0,3480.0,8.0,0.056373048573732376,0.00012,0.15758147835731506,0.0
3481.0,3481.0,8.0,0.0685989260673523,0.00012,0.20013077557086945,0.0
3482.0,3482.0,8.0,0.06007090210914612,0.00012,0.14226162433624268,0.0
3483.0,3483.0,8.0,0.0633440837264061,0.00012,0.19746603071689606,0.0
3484.0,3484.0,8.0,0.07074644416570663,0.00012,0.12766507267951965,0.0
3485.0,3485.0,8.0,0.061981409788131714,0.00012,0.15611085295677185,0.0
3486.0,3486.0,8.0,0.05008060485124588,0.00012,0.14785248041152954,0.0
3487.0,3487.0,8.0,0.057884588837623596,0.00012,0.20271983742713928,0.0
3488.0,3488.0,8.0,0.05310326814651489,0.00012,0.12969033420085907,0.0
3489.0,3489.0,8.0,0.049176476895809174,0.00012,0.25939422845840454,0.0
3490.0,3490.0,8.0,0.05457136407494545,0.00012,0.1921803206205368,0.0
3491.0,3491.0,8.0,0.05448666214942932,0.00012,0.273436039686203,0.0
3492.0,3492.0,8.0,0.062477272003889084,0.00012,0.18233172595500946,0.0
3493.0,3493.0,8.0,0.059478916227817535,0.00012,0.2939625084400177,0.0
3494.0,3494.0,8.0,0.05620927736163139,0.00012,0.13735193014144897,0.0
3495.0,3495.0,8.0,0.06595145165920258,0.00012,0.20763994753360748,0.0
3496.0,3496.0,8.0,0.05041312426328659,0.00012,0.15107926726341248,0.0
3497.0,3497.0,8.0,0.06063827872276306,0.00012,0.16646341979503632,0.0
3498.0,3498.0,8.0,0.07163123786449432,0.00012,0.23136384785175323,0.0
3499.0,3499.0,8.0,0.06723124533891678,0.00012,0.13958720862865448,0.0
3500.0,3500.0,8.0,0.0667947381734848,0.00012,0.19303253293037415,0.0
3501.0,3501.0,8.0,0.06957735866308212,0.00012,0.16270096600055695,0.0
3502.0,3502.0,8.0,0.04219119995832443,0.00012,0.11093846708536148,0.0
3503.0,3503.0,8.0,0.06418824195861816,0.00012,0.16064870357513428,0.0
3504.0,3504.0,8.0,0.0625636875629425,0.00012,0.12492694705724716,0.0
3505.0,3505.0,8.0,0.06770958751440048,0.00012,0.14604295790195465,0.0
3506.0,3506.0,8.0,0.04602889344096184,0.00012,0.11439291387796402,0.0
3507.0,3507.0,8.0,0.053146302700042725,0.00012,0.11879821866750717,0.0
3508.0,3508.0,8.0,0.06757712364196777,0.00012,0.13556714355945587,0.0
3509.0,3509.0,8.0,0.06147114932537079,0.00012,0.14793641865253448,0.0
3510.0,3510.0,8.0,0.07865552604198456,0.00012,0.12763948738574982,0.0
3511.0,3511.0,9.0,0.06987018883228302,0.00012,0.1496536135673523,0.0
3512.0,3512.0,9.0,0.06008213013410568,0.00012,0.14456595480442047,0.0
3513.0,3513.0,9.0,0.06881777942180634,0.00012,0.2312048375606537,0.0
3514.0,3514.0,9.0,0.06581389904022217,0.00012,0.14029894769191742,0.0
3515.0,3515.0,9.0,0.05363459512591362,0.00012,0.17584750056266785,0.0
3516.0,3516.0,9.0,0.058307670056819916,0.00012,0.10240661352872849,0.0
3517.0,3517.0,9.0,0.061366479843854904,0.00012,0.14500530064105988,0.0
3518.0,3518.0,9.0,0.05100328102707863,0.00012,0.12139283120632172,0.0
3519.0,3519.0,9.0,0.04234635457396507,0.00012,0.07691842317581177,0.0
3520.0,3520.0,9.0,0.05838139355182648,0.00012,0.16607922315597534,0.0
3521.0,3521.0,9.0,0.05731957033276558,0.00012,0.11400385946035385,0.0
3522.0,3522.0,9.0,0.06753593683242798,0.00012,0.17941898107528687,0.0
3523.0,3523.0,9.0,0.06072559207677841,0.00012,0.16691440343856812,0.0
3524.0,3524.0,9.0,0.04944854974746704,0.00012,0.14267678558826447,0.0
3525.0,3525.0,9.0,0.06106829270720482,0.00012,0.2233155220746994,0.0
3526.0,3526.0,9.0,0.05966057628393173,0.00012,0.12703262269496918,0.0
3527.0,3527.0,9.0,0.0633208379149437,0.00012,0.17307083308696747,0.0
3528.0,3528.0,9.0,0.057992253452539444,0.00012,0.21950025856494904,0.0
3529.0,3529.0,9.0,0.05942731350660324,0.00012,0.21754245460033417,0.0
3530.0,3530.0,9.0,0.05458276718854904,0.00012,0.19348043203353882,0.0
3531.0,3531.0,9.0,0.0762212723493576,0.00012,0.1797259896993637,0.0
3532.0,3532.0,9.0,0.053055454045534134,0.00012,0.24456550180912018,0.0
3533.0,3533.0,9.0,0.05708741769194603,0.00012,0.19809897243976593,0.0
3534.0,3534.0,9.0,0.060296863317489624,0.00012,0.16850939393043518,0.0
3535.0,3535.0,9.0,0.06652121245861053,0.00012,0.2621193528175354,0.0
3536.0,3536.0,9.0,0.07992565631866455,0.00012,0.154584601521492,0.0
3537.0,3537.0,9.0,0.07317887246608734,0.00012,0.219712033867836,0.0
3538.0,3538.0,9.0,0.05819100886583328,0.00012,0.18978124856948853,0.0
3539.0,3539.0,9.0,0.048520952463150024,0.00012,0.1356683373451233,0.0
3540.0,3540.0,9.0,0.07126165181398392,0.00012,0.23008869588375092,0.0
3541.0,3541.0,9.0,0.07193702459335327,0.00012,0.1084456741809845,0.0
3542.0,3542.0,9.0,0.07411963492631912,0.00012,0.21328391134738922,0.0
3543.0,3543.0,9.0,0.06368232518434525,0.00012,0.10535319894552231,0.0
3544.0,3544.0,9.0,0.05833546817302704,0.00012,0.1747763752937317,0.0
3545.0,3545.0,9.0,0.06240098178386688,0.00012,0.14651338756084442,0.0
3546.0,3546.0,9.0,0.0809718444943428,0.00012,0.09980043768882751,0.0
3547.0,3547.0,9.0,0.05804052948951721,0.00012,0.20123451948165894,0.0
3548.0,3548.0,9.0,0.053431957960128784,0.00012,0.08234795182943344,0.0
3549.0,3549.0,9.0,0.06633736938238144,0.00012,0.27071908116340637,0.0
3550.0,3550.0,9.0,0.06519583612680435,0.00012,0.09235484898090363,0.0
3551.0,3551.0,9.0,0.06330181658267975,0.00012,0.17726239562034607,0.0
3552.0,3552.0,9.0,0.04924986883997917,0.00012,0.13263863325119019,0.0
3553.0,3553.0,9.0,0.06028694286942482,0.00012,0.17238463461399078,0.0
3554.0,3554.0,9.0,0.05791414901614189,0.00012,0.1535506695508957,0.0
3555.0,3555.0,9.0,0.06653702259063721,0.00012,0.14938277006149292,0.0
3556.0,3556.0,9.0,0.06272552907466888,0.00012,0.13932819664478302,0.0
3557.0,3557.0,9.0,0.06854675710201263,0.00012,0.15046438574790955,0.0
3558.0,3558.0,9.0,0.06708413362503052,0.00012,0.13677643239498138,0.0
3559.0,3559.0,9.0,0.04976601526141167,0.00012,0.19916744530200958,0.0
3560.0,3560.0,9.0,0.0614347830414772,0.00012,0.1489117443561554,0.0
3561.0,3561.0,9.0,0.07073958218097687,0.00012,0.19062092900276184,0.0
3562.0,3562.0,9.0,0.07827699184417725,0.00012,0.16349364817142487,0.0
3563.0,3563.0,9.0,0.07045631110668182,0.00012,0.11875082552433014,0.0
3564.0,3564.0,9.0,0.05978105962276459,0.00012,0.26177147030830383,0.0
3565.0,3565.0,9.0,0.05329553782939911,0.00012,0.08181888610124588,0.0
3566.0,3566.0,9.0,0.05450354516506195,0.00012,0.2243426889181137,0.0
3567.0,3567.0,9.0,0.058358509093523026,0.00012,0.11256985366344452,0.0
3568.0,3568.0,9.0,0.0636104941368103,0.00012,0.2255374640226364,0.0
3569.0,3569.0,9.0,0.059014078229665756,0.00012,0.1459004282951355,0.0
3570.0,3570.0,9.0,0.07529102265834808,0.00012,0.18595148622989655,0.0
3571.0,3571.0,9.0,0.0646178126335144,0.00012,0.1370650678873062,0.0
3572.0,3572.0,9.0,0.05669306218624115,0.00012,0.1291002333164215,0.0
3573.0,3573.0,9.0,0.057982802391052246,0.00012,0.10385776311159134,0.0
3574.0,3574.0,9.0,0.06476996839046478,0.00012,0.10355709493160248,0.0
3575.0,3575.0,9.0,0.05112496763467789,0.00012,0.2122655212879181,0.0
3576.0,3576.0,9.0,0.05267665907740593,0.00012,0.12177689373493195,0.0
3577.0,3577.0,9.0,0.05866597965359688,0.00012,0.20360568165779114,0.0
3578.0,3578.0,9.0,0.05750180780887604,0.00012,0.17077241837978363,0.0
3579.0,3579.0,9.0,0.06027916073799133,0.00012,0.13952891528606415,0.0
3580.0,3580.0,9.0,0.054892729967832565,0.00012,0.1834530532360077,0.0
3581.0,3581.0,9.0,0.0516936257481575,0.00012,0.1696101278066635,0.0
3582.0,3582.0,9.0,0.050567690283060074,0.00012,0.22475546598434448,0.0
3583.0,3583.0,9.0,0.05980934947729111,0.00012,0.18248510360717773,0.0
3584.0,3584.0,9.0,0.0691586509346962,0.00012,0.31192418932914734,0.0
3585.0,3585.0,9.0,0.08733291923999786,0.00012,0.12870490550994873,0.0
3586.0,3586.0,9.0,0.05184135586023331,0.00012,0.2536390423774719,0.0
3587.0,3587.0,9.0,0.06688284873962402,0.00012,0.212628573179245,0.0
3588.0,3588.0,9.0,0.051669977605342865,0.00012,0.27850472927093506,0.0
3589.0,3589.0,9.0,0.05499529466032982,0.00012,0.2071051448583603,0.0
3590.0,3590.0,9.0,0.08377308398485184,0.00012,0.25409963726997375,0.0
3591.0,3591.0,9.0,0.06905193626880646,0.00012,0.2059526890516281,0.0
3592.0,3592.0,9.0,0.060032088309526443,0.00012,0.28031685948371887,0.0
3593.0,3593.0,9.0,0.05986982583999634,0.00012,0.17634016275405884,0.0
3594.0,3594.0,9.0,0.054057590663433075,0.00012,0.18474557995796204,0.0
3595.0,3595.0,9.0,0.06239978224039078,0.00012,0.26987898349761963,0.0
3596.0,3596.0,9.0,0.061696797609329224,0.00012,0.11415288597345352,0.0
3597.0,3597.0,9.0,0.06343855708837509,0.00012,0.36737507581710815,0.0
3598.0,3598.0,9.0,0.06363023817539215,0.00012,0.19074483215808868,0.0
3599.0,3599.0,9.0,0.058520685881376266,0.00012,0.3264087736606598,0.0
3600.0,3600.0,9.0,0.054073482751846313,0.00012,0.1979203224182129,0.0
3601.0,3601.0,9.0,0.057959750294685364,0.00012,0.2511410117149353,0.0
3602.0,3602.0,9.0,0.05747082084417343,0.00012,0.20308779180049896,0.0
3603.0,3603.0,9.0,0.06368684768676758,0.00012,0.18965968489646912,0.0
3604.0,3604.0,9.0,0.06862214207649231,0.00012,0.23552116751670837,0.0
3605.0,3605.0,9.0,0.06698983162641525,0.00012,0.22757655382156372,0.0
3606.0,3606.0,9.0,0.07432389259338379,0.00012,0.22995756566524506,0.0
3607.0,3607.0,9.0,0.06351050734519958,0.00012,0.29257112741470337,0.0
3608.0,3608.0,9.0,0.06433869898319244,0.00012,0.18877026438713074,0.0
3609.0,3609.0,9.0,0.07146960496902466,0.00012,0.2946208119392395,0.0
3610.0,3610.0,9.0,0.06359539926052094,0.00012,0.17705298960208893,0.0
3611.0,3611.0,9.0,0.05978173017501831,0.00012,0.23197966814041138,0.0
3612.0,3612.0,9.0,0.06147700548171997,0.00012,0.20818562805652618,0.0
3613.0,3613.0,9.0,0.05986056104302406,0.00012,0.2009311020374298,0.0
3614.0,3614.0,9.0,0.051793210208415985,0.00012,0.234194815158844,0.0
3615.0,3615.0,9.0,0.05925004556775093,0.00012,0.1906924992799759,0.0
3616.0,3616.0,9.0,0.06415180116891861,0.00012,0.20188425481319427,0.0
3617.0,3617.0,9.0,0.06264083832502365,0.00012,0.1840711236000061,0.0
3618.0,3618.0,9.0,0.05091448500752449,0.00012,0.20471695065498352,0.0
3619.0,3619.0,9.0,0.0636649876832962,0.00012,0.2048446238040924,0.0
3620.0,3620.0,9.0,0.06950467824935913,0.00012,0.1590913087129593,0.0
3621.0,3621.0,9.0,0.05777113512158394,0.00012,0.19792386889457703,0.0
3622.0,3622.0,9.0,0.051891352981328964,0.00012,0.13803958892822266,0.0
3623.0,3623.0,9.0,0.05665169656276703,0.00012,0.24016720056533813,0.0
3624.0,3624.0,9.0,0.05653025582432747,0.00012,0.08518902212381363,0.0
3625.0,3625.0,9.0,0.054133959114551544,0.00012,0.08712633699178696,0.0
3626.0,3626.0,9.0,0.07007884979248047,0.00012,0.1746966391801834,0.0
3627.0,3627.0,9.0,0.06866881251335144,0.00012,0.13166296482086182,0.0
3628.0,3628.0,9.0,0.06407049298286438,0.00012,0.12058917433023453,0.0
3629.0,3629.0,9.0,0.061804115772247314,0.00012,0.1336544156074524,0.0
3630.0,3630.0,9.0,0.06350907683372498,0.00012,0.0929604023694992,0.0
3631.0,3631.0,9.0,0.05431852117180824,0.00012,0.17984290421009064,0.0
3632.0,3632.0,9.0,0.056508369743824005,0.00012,0.15725202858448029,0.0
3633.0,3633.0,9.0,0.06433592736721039,0.00012,0.11178506165742874,0.0
3634.0,3634.0,9.0,0.053242847323417664,0.00012,0.11868757754564285,0.0
3635.0,3635.0,9.0,0.05736386030912399,0.00012,0.09657862037420273,0.0
3636.0,3636.0,9.0,0.07026628404855728,0.00012,0.10098915547132492,0.0
3637.0,3637.0,9.0,0.06649014353752136,0.00012,0.13929036259651184,0.0
3638.0,3638.0,9.0,0.06294026225805283,0.00012,0.16025251150131226,0.0
3639.0,3639.0,9.0,0.050254225730895996,0.00012,0.11678373068571091,0.0
3640.0,3640.0,9.0,0.06221776083111763,0.00012,0.16309721767902374,0.0
3641.0,3641.0,9.0,0.06636758893728256,0.00012,0.19023121893405914,0.0
3642.0,3642.0,9.0,0.05159272253513336,0.00012,0.12844304740428925,0.0
3643.0,3643.0,9.0,0.07418197393417358,0.00012,0.1540650725364685,0.0
3644.0,3644.0,9.0,0.059162821620702744,0.00012,0.13673318922519684,0.0
3645.0,3645.0,9.0,0.06919141113758087,0.00012,0.16702598333358765,0.0
3646.0,3646.0,9.0,0.05384115129709244,0.00012,0.15857712924480438,0.0
3647.0,3647.0,9.0,0.060916416347026825,0.00012,0.13930244743824005,0.0
3648.0,3648.0,9.0,0.051456451416015625,0.00012,0.1121971607208252,0.0
3649.0,3649.0,9.0,0.07348976284265518,0.00012,0.18455922603607178,0.0
3650.0,3650.0,9.0,0.07317566871643066,0.00012,0.11626963317394257,0.0
3651.0,3651.0,9.0,0.07242137938737869,0.00012,0.19860713183879852,0.0
3652.0,3652.0,9.0,0.050564251840114594,0.00012,0.14405418932437897,0.0
3653.0,3653.0,9.0,0.05743943527340889,0.00012,0.20876982808113098,0.0
3654.0,3654.0,9.0,0.06081416457891464,0.00012,0.12817752361297607,0.0
3655.0,3655.0,9.0,0.06363515555858612,0.00012,0.19114866852760315,0.0
3656.0,3656.0,9.0,0.05390021204948425,0.00012,0.15185976028442383,0.0
3657.0,3657.0,9.0,0.07247783243656158,0.00012,0.13035833835601807,0.0
3658.0,3658.0,9.0,0.05767905339598656,0.00012,0.19863680005073547,0.0
3659.0,3659.0,9.0,0.06165590137243271,0.00012,0.0912633091211319,0.0
3660.0,3660.0,9.0,0.04943591356277466,0.00012,0.1612357497215271,0.0
3661.0,3661.0,9.0,0.050163328647613525,0.00012,0.10800372064113617,0.0
3662.0,3662.0,9.0,0.04612702876329422,0.00012,0.12654821574687958,0.0
3663.0,3663.0,9.0,0.05662243440747261,0.00012,0.0888022780418396,0.0
3664.0,3664.0,9.0,0.05141081660985947,0.00012,0.11104758828878403,0.0
3665.0,3665.0,9.0,0.0625777393579483,0.00012,0.16366435587406158,0.0
3666.0,3666.0,9.0,0.05235118791460991,0.00012,0.15496066212654114,0.0
3667.0,3667.0,9.0,0.0589112862944603,0.00012,0.13536441326141357,0.0
3668.0,3668.0,9.0,0.07146196067333221,0.00012,0.14538419246673584,0.0
3669.0,3669.0,9.0,0.05139515548944473,0.00012,0.16821828484535217,0.0
3670.0,3670.0,9.0,0.06638926267623901,0.00012,0.1354304403066635,0.0
3671.0,3671.0,9.0,0.06114310026168823,0.00012,0.15140138566493988,0.0
3672.0,3672.0,9.0,0.05878523737192154,0.00012,0.09757346659898758,0.0
3673.0,3673.0,9.0,0.060515373945236206,0.00012,0.14099635183811188,0.0
3674.0,3674.0,9.0,0.07563106715679169,0.00012,0.14584586024284363,0.0
3675.0,3675.0,9.0,0.05166672170162201,0.00012,0.13214129209518433,0.0
3676.0,3676.0,9.0,0.07093475759029388,0.00012,0.15044263005256653,0.0
3677.0,3677.0,9.0,0.050750430673360825,0.00012,0.12644526362419128,0.0
3678.0,3678.0,9.0,0.06264380365610123,0.00012,0.12244579195976257,0.0
3679.0,3679.0,9.0,0.057278670370578766,0.00012,0.21439208090305328,0.0
3680.0,3680.0,9.0,0.04974424093961716,0.00012,0.12581516802310944,0.0
3681.0,3681.0,9.0,0.06610538065433502,0.00012,0.18342433869838715,0.0
3682.0,3682.0,9.0,0.07167907059192657,0.00012,0.13177688419818878,0.0
3683.0,3683.0,9.0,0.055862028151750565,0.00012,0.16010639071464539,0.0
3684.0,3684.0,9.0,0.06325865536928177,0.00012,0.14096082746982574,0.0
3685.0,3685.0,9.0,0.06700924783945084,0.00012,0.19324634969234467,0.0
3686.0,3686.0,9.0,0.057841651141643524,0.00012,0.11896926164627075,0.0
3687.0,3687.0,9.0,0.05978939309716225,0.00012,0.18248233199119568,0.0
3688.0,3688.0,9.0,0.04913643002510071,0.00012,0.18058323860168457,0.0
3689.0,3689.0,9.0,0.04682440310716629,0.00012,0.1616140604019165,0.0
3690.0,3690.0,9.0,0.056820329278707504,0.00012,0.1895361989736557,0.0
3691.0,3691.0,9.0,0.05533265322446823,0.00012,0.17640413343906403,0.0
3692.0,3692.0,9.0,0.054444000124931335,0.00012,0.165317565202713,0.0
3693.0,3693.0,9.0,0.06260448694229126,0.00012,0.12867137789726257,0.0
3694.0,3694.0,9.0,0.060087770223617554,0.00012,0.21625861525535583,0.0
3695.0,3695.0,9.0,0.056384600698947906,0.00012,0.14829303324222565,0.0
3696.0,3696.0,9.0,0.057858873158693314,0.00012,0.10325226187705994,0.0
3697.0,3697.0,9.0,0.05942067131400108,0.00012,0.17046700417995453,0.0
3698.0,3698.0,9.0,0.05453093722462654,0.00012,0.21067816019058228,0.0
3699.0,3699.0,9.0,0.06396730244159698,0.00012,0.17413115501403809,0.0
3700.0,3700.0,9.0,0.05844435095787048,0.00012,0.23498399555683136,0.0
3701.0,3701.0,9.0,0.0567716583609581,0.00012,0.1779526323080063,0.0
3702.0,3702.0,9.0,0.04163568839430809,0.00012,0.09103277325630188,0.0
3703.0,3703.0,9.0,0.055012717843055725,0.00012,0.20139454305171967,0.0
3704.0,3704.0,9.0,0.05725540220737457,0.00012,0.22248591482639313,0.0
3705.0,3705.0,9.0,0.05808170139789581,0.00012,0.1277097910642624,0.0
3706.0,3706.0,9.0,0.05907608941197395,0.00012,0.22920101881027222,0.0
3707.0,3707.0,9.0,0.0590793713927269,0.00012,0.184926375746727,0.0
3708.0,3708.0,9.0,0.05158931389451027,0.00012,0.1621047556400299,0.0
3709.0,3709.0,9.0,0.05460044741630554,0.00012,0.27925804257392883,0.0
3710.0,3710.0,9.0,0.05666298419237137,0.00012,0.24338416755199432,0.0
3711.0,3711.0,9.0,0.05476562678813934,0.00012,0.16757264733314514,0.0
3712.0,3712.0,9.0,0.0516551211476326,0.00012,0.2699521780014038,0.0
3713.0,3713.0,9.0,0.04721947759389877,0.00012,0.24659867584705353,0.0
3714.0,3714.0,9.0,0.04747260361909866,0.00012,0.22217698395252228,0.0
3715.0,3715.0,9.0,0.06786856055259705,0.00012,0.2341369241476059,0.0
3716.0,3716.0,9.0,0.05257069319486618,0.00012,0.16854172945022583,0.0
3717.0,3717.0,9.0,0.049727290868759155,0.00012,0.23326264321804047,0.0
3718.0,3718.0,9.0,0.059440746903419495,0.00012,0.1507544368505478,0.0
3719.0,3719.0,9.0,0.06649264693260193,0.00012,0.16392597556114197,0.0
3720.0,3720.0,9.0,0.05182357877492905,0.00012,0.10821538418531418,0.0
3721.0,3721.0,9.0,0.06720194220542908,0.00012,0.17938098311424255,0.0
3722.0,3722.0,9.0,0.05715058743953705,0.00012,0.2156461477279663,0.0
3723.0,3723.0,9.0,0.06367684155702591,0.00012,0.21674926578998566,0.0
3724.0,3724.0,9.0,0.06121867895126343,0.00012,0.21336671710014343,0.0
3725.0,3725.0,9.0,0.05962824076414108,0.00012,0.1497202068567276,0.0
3726.0,3726.0,9.0,0.07470805943012238,0.00012,0.30740174651145935,0.0
3727.0,3727.0,9.0,0.054595913738012314,0.00012,0.10817202925682068,0.0
3728.0,3728.0,9.0,0.04562119394540787,0.00012,0.23910680413246155,0.0
3729.0,3729.0,9.0,0.04998493939638138,0.00012,0.091095469892025,0.0
3730.0,3730.0,9.0,0.06653010845184326,0.00012,0.20364683866500854,0.0
3731.0,3731.0,9.0,0.06490661203861237,0.00012,0.17501702904701233,0.0
3732.0,3732.0,9.0,0.07154704630374908,0.00012,0.21951134502887726,0.0
3733.0,3733.0,9.0,0.05914643406867981,0.00012,0.22534331679344177,0.0
3734.0,3734.0,9.0,0.06461998075246811,0.00012,0.2171064019203186,0.0
3735.0,3735.0,9.0,0.052434101700782776,0.00012,0.2500458061695099,0.0
3736.0,3736.0,9.0,0.07527625560760498,0.00012,0.21678104996681213,0.0
3737.0,3737.0,9.0,0.07004283368587494,0.00012,0.22209177911281586,0.0
3738.0,3738.0,9.0,0.05469422787427902,0.00012,0.16730573773384094,0.0
3739.0,3739.0,9.0,0.06058463826775551,0.00012,0.25508829951286316,0.0
3740.0,3740.0,9.0,0.06421665847301483,0.00012,0.18537357449531555,0.0
3741.0,3741.0,9.0,0.06240839883685112,0.00012,0.24048881232738495,0.0
3742.0,3742.0,9.0,0.05318126827478409,0.00012,0.1581825315952301,0.0
3743.0,3743.0,9.0,0.05284774303436279,0.00012,0.17762620747089386,0.0
3744.0,3744.0,9.0,0.06864269077777863,0.00012,0.23016825318336487,0.0
3745.0,3745.0,9.0,0.06634597480297089,0.00012,0.10610587894916534,0.0
3746.0,3746.0,9.0,0.0598578006029129,0.00012,0.25199833512306213,0.0
3747.0,3747.0,9.0,0.06175616756081581,0.00012,0.15763939917087555,0.0
3748.0,3748.0,9.0,0.05283522605895996,0.00012,0.11174474656581879,0.0
3749.0,3749.0,9.0,0.059159889817237854,0.00012,0.23948781192302704,0.0
3750.0,3750.0,9.0,0.0641762912273407,0.00012,0.1221587285399437,0.0
3751.0,3751.0,9.0,0.05063982307910919,0.00012,0.21806775033473969,0.0
3752.0,3752.0,9.0,0.056061483919620514,0.00012,0.16144287586212158,0.0
3753.0,3753.0,9.0,0.05629665032029152,0.00012,0.1701163947582245,0.0
3754.0,3754.0,9.0,0.05912495777010918,0.00012,0.1700468510389328,0.0
3755.0,3755.0,9.0,0.06687431782484055,0.00012,0.14881601929664612,0.0
3756.0,3756.0,9.0,0.07230664789676666,0.00012,0.2086443156003952,0.0
3757.0,3757.0,9.0,0.059921953827142715,0.00012,0.10545451939105988,0.0
3758.0,3758.0,9.0,0.04863288626074791,0.00012,0.16311360895633698,0.0
3759.0,3759.0,9.0,0.05935106799006462,0.00012,0.12863418459892273,0.0
3760.0,3760.0,9.0,0.07193952798843384,0.00012,0.1463279277086258,0.0
3761.0,3761.0,9.0,0.050189100205898285,0.00012,0.1714179664850235,0.0
3762.0,3762.0,9.0,0.04743301495909691,0.00012,0.118964284658432,0.0
3763.0,3763.0,9.0,0.05986550450325012,0.00012,0.23239780962467194,0.0
3764.0,3764.0,9.0,0.06439021229743958,0.00012,0.15164439380168915,0.0
3765.0,3765.0,9.0,0.06784392893314362,0.00012,0.22228100895881653,0.0
3766.0,3766.0,9.0,0.06716765463352203,0.00012,0.09917376935482025,0.0
3767.0,3767.0,9.0,0.051129017025232315,0.00012,0.20614559948444366,0.0
3768.0,3768.0,9.0,0.04704482853412628,0.00012,0.1036384329199791,0.0
3769.0,3769.0,9.0,0.04210389405488968,0.00012,0.14417116343975067,0.0
3770.0,3770.0,9.0,0.07104752212762833,0.00012,0.12005278468132019,0.0
3771.0,3771.0,9.0,0.056644558906555176,0.00012,0.17868512868881226,0.0
3772.0,3772.0,9.0,0.05350087210536003,0.00012,0.13561439514160156,0.0
3773.0,3773.0,9.0,0.06842821091413498,0.00012,0.1344209909439087,0.0
3774.0,3774.0,9.0,0.0613446980714798,0.00012,0.11607979983091354,0.0
3775.0,3775.0,9.0,0.057560887187719345,0.00012,0.13270695507526398,0.0
3776.0,3776.0,9.0,0.056716691702604294,0.00012,0.10622871667146683,0.0
3777.0,3777.0,9.0,0.058248523622751236,0.00012,0.1176789402961731,0.0
3778.0,3778.0,9.0,0.06900925189256668,0.00012,0.12676315009593964,0.0
3779.0,3779.0,9.0,0.06593514233827591,0.00012,0.12598055601119995,0.0
3780.0,3780.0,9.0,0.06631533801555634,0.00012,0.15530526638031006,0.0
3781.0,3781.0,9.0,0.06709198653697968,0.00012,0.12548799812793732,0.0
3782.0,3782.0,9.0,0.05928458273410797,0.00012,0.1554301530122757,0.0
3783.0,3783.0,9.0,0.05892816185951233,0.00012,0.11495991051197052,0.0
3784.0,3784.0,9.0,0.03963141515851021,0.00012,0.15748651325702667,0.0
3785.0,3785.0,9.0,0.06851126998662949,0.00012,0.15337394177913666,0.0
3786.0,3786.0,9.0,0.06487491726875305,0.00012,0.1526469737291336,0.0
3787.0,3787.0,9.0,0.0590331107378006,0.00012,0.14986130595207214,0.0
3788.0,3788.0,9.0,0.05667954683303833,0.00012,0.10879427939653397,0.0
3789.0,3789.0,9.0,0.06235583499073982,0.00012,0.10406386852264404,0.0
3790.0,3790.0,9.0,0.05846557021141052,0.00012,0.13230009377002716,0.0
3791.0,3791.0,9.0,0.06030675023794174,0.00012,0.13627660274505615,0.0
3792.0,3792.0,9.0,0.06203562021255493,0.00012,0.13682995736598969,0.0
3793.0,3793.0,9.0,0.0566052570939064,0.00012,0.16521893441677094,0.0
3794.0,3794.0,9.0,0.0572238564491272,0.00012,0.08565685153007507,0.0
3795.0,3795.0,9.0,0.06334655731916428,0.00012,0.13843807578086853,0.0
3796.0,3796.0,9.0,0.07103931903839111,0.00012,0.17763720452785492,0.0
3797.0,3797.0,9.0,0.06040443107485771,0.00012,0.0895237848162651,0.0
3798.0,3798.0,9.0,0.05590980499982834,0.00012,0.19173790514469147,0.0
3799.0,3799.0,9.0,0.06871123611927032,0.00012,0.11869345605373383,0.0
3800.0,3800.0,9.0,0.06762127578258514,0.00012,0.20710141956806183,0.0
3801.0,3801.0,9.0,0.06493176519870758,0.00012,0.1663983315229416,0.0
3802.0,3802.0,9.0,0.060921408236026764,0.00012,0.13706259429454803,0.0
3803.0,3803.0,9.0,0.06308048963546753,0.00012,0.21178899705410004,0.0
3804.0,3804.0,9.0,0.06523531675338745,0.00012,0.233191579580307,0.0
3805.0,3805.0,9.0,0.06469311565160751,0.00012,0.17821012437343597,0.0
3806.0,3806.0,9.0,0.07291362434625626,0.00012,0.21964295208454132,0.0
3807.0,3807.0,9.0,0.061163533478975296,0.00012,0.1483040601015091,0.0
3808.0,3808.0,9.0,0.052925772964954376,0.00012,0.20964936912059784,0.0
3809.0,3809.0,9.0,0.060712024569511414,0.00012,0.1995091438293457,0.0
3810.0,3810.0,9.0,0.055011264979839325,0.00012,0.2248145341873169,0.0
3811.0,3811.0,9.0,0.05150948464870453,0.00012,0.10250629484653473,0.0
3812.0,3812.0,9.0,0.0636666864156723,0.00012,0.2172551453113556,0.0
3813.0,3813.0,9.0,0.049546949565410614,0.00012,0.1407380849123001,0.0
3814.0,3814.0,9.0,0.07050502300262451,0.00012,0.17672768235206604,0.0
3815.0,3815.0,9.0,0.05764143913984299,0.00012,0.20107020437717438,0.0
3816.0,3816.0,9.0,0.06059630960226059,0.00012,0.16405527293682098,0.0
3817.0,3817.0,9.0,0.053298890590667725,0.00012,0.2522933781147003,0.0
3818.0,3818.0,9.0,0.05605493485927582,0.00012,0.10947355628013611,0.0
3819.0,3819.0,9.0,0.06752686202526093,0.00012,0.18488159775733948,0.0
3820.0,3820.0,9.0,0.06725209206342697,0.00012,0.1311987042427063,0.0
3821.0,3821.0,9.0,0.0720033049583435,0.00012,0.1386164128780365,0.0
3822.0,3822.0,9.0,0.054944925010204315,0.00012,0.14855296909809113,0.0
3823.0,3823.0,9.0,0.06226325407624245,0.00012,0.12097268551588058,0.0
3824.0,3824.0,9.0,0.05666164308786392,0.00012,0.13384848833084106,0.0
3825.0,3825.0,9.0,0.06883394718170166,0.00012,0.10045244544744492,0.0
3826.0,3826.0,9.0,0.0548429936170578,0.00012,0.1123025044798851,0.0
3827.0,3827.0,9.0,0.05084379017353058,0.00012,0.1090661957859993,0.0
3828.0,3828.0,9.0,0.044077903032302856,0.00012,0.10594313591718674,0.0
3829.0,3829.0,9.0,0.053666651248931885,0.00012,0.17610980570316315,0.0
3830.0,3830.0,9.0,0.05321478843688965,0.00012,0.13305817544460297,0.0
3831.0,3831.0,9.0,0.046453043818473816,0.00012,0.13348163664340973,0.0
3832.0,3832.0,9.0,0.05640076845884323,0.00012,0.11944010108709335,0.0
3833.0,3833.0,9.0,0.06167423725128174,0.00012,0.209334596991539,0.0
3834.0,3834.0,9.0,0.07809465378522873,0.00012,0.1574508249759674,0.0
3835.0,3835.0,9.0,0.05123598873615265,0.00012,0.1825266033411026,0.0
3836.0,3836.0,9.0,0.07891040295362473,0.00012,0.21858765184879303,0.0
3837.0,3837.0,9.0,0.05802900344133377,0.00012,0.17666250467300415,0.0
3838.0,3838.0,9.0,0.06199681758880615,0.00012,0.21642282605171204,0.0
3839.0,3839.0,9.0,0.06495440006256104,0.00012,0.1417088657617569,0.0
3840.0,3840.0,9.0,0.061217017471790314,0.00012,0.22644254565238953,0.0
3841.0,3841.0,9.0,0.054778292775154114,0.00012,0.14742501080036163,0.0
3842.0,3842.0,9.0,0.05560566484928131,0.00012,0.15924733877182007,0.0
3843.0,3843.0,9.0,0.0866013765335083,0.00012,0.19472740590572357,0.0
3844.0,3844.0,9.0,0.05745618790388107,0.00012,0.12095628678798676,0.0
3845.0,3845.0,9.0,0.061528995633125305,0.00012,0.15900729596614838,0.0
3846.0,3846.0,9.0,0.05015893653035164,0.00012,0.10567647218704224,0.0
3847.0,3847.0,9.0,0.0591791570186615,0.00012,0.1862158179283142,0.0
3848.0,3848.0,9.0,0.05868947133421898,0.00012,0.10600277781486511,0.0
3849.0,3849.0,9.0,0.06865300238132477,0.00012,0.13923075795173645,0.0
3850.0,3850.0,9.0,0.07927428185939789,0.00012,0.12360113859176636,0.0
3851.0,3851.0,9.0,0.0642743706703186,0.00012,0.11521994322538376,0.0
3852.0,3852.0,9.0,0.061903152614831924,0.00012,0.14792394638061523,0.0
3853.0,3853.0,9.0,0.059656597673892975,0.00012,0.12061943858861923,0.0
3854.0,3854.0,9.0,0.05117826908826828,0.00012,0.16164614260196686,0.0
3855.0,3855.0,9.0,0.06264404952526093,0.00012,0.12218444049358368,0.0
3856.0,3856.0,9.0,0.057033270597457886,0.00012,0.17712469398975372,0.0
3857.0,3857.0,9.0,0.064607635140419,0.00012,0.18994805216789246,0.0
3858.0,3858.0,9.0,0.05424129217863083,0.00012,0.13268402218818665,0.0
3859.0,3859.0,9.0,0.05947314202785492,0.00012,0.19249016046524048,0.0
3860.0,3860.0,9.0,0.06792692840099335,0.00012,0.12341851741075516,0.0
3861.0,3861.0,9.0,0.0651104599237442,0.00012,0.1747572124004364,0.0
3862.0,3862.0,9.0,0.05356202274560928,0.00012,0.1203518658876419,0.0
3863.0,3863.0,9.0,0.06792595982551575,0.00012,0.16916054487228394,0.0
3864.0,3864.0,9.0,0.060428373515605927,0.00012,0.16760577261447906,0.0
3865.0,3865.0,9.0,0.07393337786197662,0.00012,0.16568565368652344,0.0
3866.0,3866.0,9.0,0.05971912294626236,0.00012,0.10473223775625229,0.0
3867.0,3867.0,9.0,0.05684071034193039,0.00012,0.16798529028892517,0.0
3868.0,3868.0,9.0,0.07441413402557373,0.00012,0.14261692762374878,0.0
3869.0,3869.0,9.0,0.051505908370018005,0.00012,0.11471651494503021,0.0
3870.0,3870.0,9.0,0.07121041417121887,0.00012,0.15641508996486664,0.0
3871.0,3871.0,9.0,0.06217364966869354,0.00012,0.10503645241260529,0.0
3872.0,3872.0,9.0,0.0632239505648613,0.00012,0.1247783973813057,0.0
3873.0,3873.0,9.0,0.07990404963493347,0.00012,0.12322499603033066,0.0
3874.0,3874.0,9.0,0.06715834885835648,0.00012,0.09889615327119827,0.0
3875.0,3875.0,9.0,0.0630328506231308,0.00012,0.1334972083568573,0.0
3876.0,3876.0,9.0,0.05743736773729324,0.00012,0.0912674218416214,0.0
3877.0,3877.0,9.0,0.05457744747400284,0.00012,0.1646934300661087,0.0
3878.0,3878.0,9.0,0.05815717950463295,0.00012,0.11626001447439194,0.0
3879.0,3879.0,9.0,0.0615658238530159,0.00012,0.125790536403656,0.0
3880.0,3880.0,9.0,0.058179937303066254,0.00012,0.12286870926618576,0.0
3881.0,3881.0,9.0,0.06524108350276947,0.00012,0.12471159547567368,0.0
3882.0,3882.0,9.0,0.05880880355834961,0.00012,0.12145044654607773,0.0
3883.0,3883.0,9.0,0.05471919849514961,0.00012,0.14687548577785492,0.0
3884.0,3884.0,9.0,0.056222885847091675,0.00012,0.13287508487701416,0.0
3885.0,3885.0,9.0,0.06132219731807709,0.00012,0.12166383117437363,0.0
3886.0,3886.0,9.0,0.06819900870323181,0.00012,0.15891626477241516,0.0
3887.0,3887.0,9.0,0.06721282750368118,0.00012,0.15360653400421143,0.0
3888.0,3888.0,9.0,0.0769144743680954,0.00012,0.1910185068845749,0.0
3889.0,3889.0,9.0,0.0584108792245388,0.00012,0.1652803272008896,0.0
3890.0,3890.0,9.0,0.07271859794855118,0.00012,0.1831456571817398,0.0
3891.0,3891.0,9.0,0.06225856766104698,0.00012,0.17044158279895782,0.0
3892.0,3892.0,9.0,0.053605347871780396,0.00012,0.206519216299057,0.0
3893.0,3893.0,9.0,0.0681476965546608,0.00012,0.14086762070655823,0.0
3894.0,3894.0,9.0,0.0694904625415802,0.00012,0.1659546196460724,0.0
3895.0,3895.0,9.0,0.052156753838062286,0.00012,0.09851603955030441,0.0
3896.0,3896.0,9.0,0.05628271400928497,0.00012,0.11336741596460342,0.0
3897.0,3897.0,9.0,0.06857089698314667,0.00012,0.12275780737400055,0.0
3898.0,3898.0,9.0,0.04978743568062782,0.00012,0.10734280943870544,0.0
3899.0,3899.0,9.0,0.06145595759153366,0.00012,0.10975750535726547,0.0
3900.0,3900.0,9.0,0.05349944159388542,0.00012,0.12505711615085602,0.0
3901.0,3901.0,10.0,0.06376934796571732,0.00012,0.10819867998361588,0.0
3902.0,3902.0,10.0,0.04604090750217438,0.00012,0.18719841539859772,0.0
3903.0,3903.0,10.0,0.06640496104955673,0.00012,0.11872579902410507,0.0
3904.0,3904.0,10.0,0.05916813015937805,0.00012,0.1841152161359787,0.0
3905.0,3905.0,10.0,0.0501435324549675,0.00012,0.1072540432214737,0.0
3906.0,3906.0,10.0,0.060224492102861404,0.00012,0.16086354851722717,0.0
3907.0,3907.0,10.0,0.052005916833877563,0.00012,0.14851954579353333,0.0
3908.0,3908.0,10.0,0.051995404064655304,0.00012,0.25001662969589233,0.0
3909.0,3909.0,10.0,0.05458502471446991,0.00012,0.15368641912937164,0.0
3910.0,3910.0,10.0,0.05011948570609093,0.00012,0.1594577431678772,0.0
3911.0,3911.0,10.0,0.06381726264953613,0.00012,0.20239408314228058,0.0
3912.0,3912.0,10.0,0.06222279742360115,0.00012,0.13520649075508118,0.0
3913.0,3913.0,10.0,0.058316536247730255,0.00012,0.17805323004722595,0.0
3914.0,3914.0,10.0,0.05753698572516441,0.00012,0.18790854513645172,0.0
3915.0,3915.0,10.0,0.06064792722463608,0.00012,0.16317623853683472,0.0
3916.0,3916.0,10.0,0.06432840973138809,0.00012,0.14763638377189636,0.0
3917.0,3917.0,10.0,0.05120198428630829,0.00012,0.18028227984905243,0.0
3918.0,3918.0,10.0,0.05882655084133148,0.00012,0.1358938217163086,0.0
3919.0,3919.0,10.0,0.06814650446176529,0.00012,0.1675626039505005,0.0
3920.0,3920.0,10.0,0.04941089078783989,0.00012,0.10878586769104004,0.0
3921.0,3921.0,10.0,0.053989723324775696,0.00012,0.20103390514850616,0.0
3922.0,3922.0,10.0,0.05017165094614029,0.00012,0.09678918123245239,0.0
3923.0,3923.0,10.0,0.0637296512722969,0.00012,0.17027269303798676,0.0
3924.0,3924.0,10.0,0.06476534157991409,0.00012,0.08955267071723938,0.0
3925.0,3925.0,10.0,0.0630340427160263,0.00012,0.19617442786693573,0.0
3926.0,3926.0,10.0,0.06450489908456802,0.00012,0.11891649663448334,0.0
3927.0,3927.0,10.0,0.05529852956533432,0.00012,0.18092428147792816,0.0
3928.0,3928.0,10.0,0.059067316353321075,0.00012,0.2171243131160736,0.0
3929.0,3929.0,10.0,0.06293842196464539,0.00012,0.18835009634494781,0.0
3930.0,3930.0,10.0,0.05396463721990585,0.00012,0.21165069937705994,0.0
3931.0,3931.0,10.0,0.06763599812984467,0.00012,0.15766097605228424,0.0
3932.0,3932.0,10.0,0.07080550491809845,0.00012,0.1761534959077835,0.0
3933.0,3933.0,10.0,0.05620795115828514,0.00012,0.14113183319568634,0.0
3934.0,3934.0,10.0,0.060764625668525696,0.00012,0.22711272537708282,0.0
3935.0,3935.0,10.0,0.046809881925582886,0.00012,0.15077818930149078,0.0
3936.0,3936.0,10.0,0.07472679018974304,0.00012,0.18545782566070557,0.0
3937.0,3937.0,10.0,0.054871104657649994,0.00012,0.17650797963142395,0.0
3938.0,3938.0,10.0,0.059986621141433716,0.00012,0.07159920036792755,0.0
3939.0,3939.0,10.0,0.06292697787284851,0.00012,0.2558489739894867,0.0
3940.0,3940.0,10.0,0.04714114964008331,0.00012,0.0941067487001419,0.0
3941.0,3941.0,10.0,0.05708163231611252,0.00012,0.1601187288761139,0.0
3942.0,3942.0,10.0,0.07476423680782318,0.00012,0.12269660085439682,0.0
3943.0,3943.0,10.0,0.059601493179798126,0.00012,0.11835753917694092,0.0
3944.0,3944.0,10.0,0.06044381484389305,0.00012,0.19911445677280426,0.0
3945.0,3945.0,10.0,0.06512077152729034,0.00012,0.08316029608249664,0.0
3946.0,3946.0,10.0,0.07270032167434692,0.00012,0.25568822026252747,0.0
3947.0,3947.0,10.0,0.06539691984653473,0.00012,0.14736592769622803,0.0
3948.0,3948.0,10.0,0.057656429708004,0.00012,0.14402157068252563,0.0
3949.0,3949.0,10.0,0.047259800136089325,0.00012,0.14653298258781433,0.0
3950.0,3950.0,10.0,0.045571908354759216,0.00012,0.11802704632282257,0.0
3951.0,3951.0,10.0,0.06448519229888916,0.00012,0.14795157313346863,0.0
3952.0,3952.0,10.0,0.05479639768600464,0.00012,0.07951255887746811,0.0
3953.0,3953.0,10.0,0.05823579430580139,0.00012,0.1446978747844696,0.0
3954.0,3954.0,10.0,0.05214836448431015,0.00012,0.1716431826353073,0.0
3955.0,3955.0,10.0,0.053698137402534485,0.00012,0.09737436473369598,0.0
3956.0,3956.0,10.0,0.06996836513280869,0.00012,0.23220282793045044,0.0
3957.0,3957.0,10.0,0.05887428671121597,0.00012,0.10799909383058548,0.0
3958.0,3958.0,10.0,0.05391087383031845,0.00012,0.21813015639781952,0.0
3959.0,3959.0,10.0,0.053080517798662186,0.00012,0.15391607582569122,0.0
3960.0,3960.0,10.0,0.0660361498594284,0.00012,0.15925736725330353,0.0
3961.0,3961.0,10.0,0.06471450626850128,0.00012,0.10772571712732315,0.0
3962.0,3962.0,10.0,0.05673998221755028,0.00012,0.14348119497299194,0.0
3963.0,3963.0,10.0,0.06556486338376999,0.00012,0.10083571821451187,0.0
3964.0,3964.0,10.0,0.06300774216651917,0.00012,0.15450437366962433,0.0
3965.0,3965.0,10.0,0.06206889450550079,0.00012,0.13009525835514069,0.0
3966.0,3966.0,10.0,0.058765675872564316,0.00012,0.21271690726280212,0.0
3967.0,3967.0,10.0,0.08212941884994507,0.00012,0.13942675292491913,0.0
3968.0,3968.0,10.0,0.06042030453681946,0.00012,0.16512052714824677,0.0
3969.0,3969.0,10.0,0.06282751262187958,0.00012,0.18632669746875763,0.0
3970.0,3970.0,10.0,0.061901483684778214,0.00012,0.12456127256155014,0.0
3971.0,3971.0,10.0,0.05371624976396561,0.00012,0.2013937383890152,0.0
3972.0,3972.0,10.0,0.06609590351581573,0.00012,0.20817527174949646,0.0
3973.0,3973.0,10.0,0.0666704848408699,0.00012,0.3069019019603729,0.0
3974.0,3974.0,10.0,0.05736657232046127,0.00012,0.1950800120830536,0.0
3975.0,3975.0,10.0,0.07312650233507156,0.00012,0.19519028067588806,0.0
3976.0,3976.0,10.0,0.057950615882873535,0.00012,0.2411894053220749,0.0
3977.0,3977.0,10.0,0.06398260593414307,0.00012,0.1364576369524002,0.0
3978.0,3978.0,10.0,0.06150571256875992,0.00012,0.18836019933223724,0.0
3979.0,3979.0,10.0,0.05233506113290787,0.00012,0.09953141957521439,0.0
3980.0,3980.0,10.0,0.05855511873960495,0.00012,0.12056681513786316,0.0
3981.0,3981.0,10.0,0.06950259208679199,0.00012,0.1508435159921646,0.0
3982.0,3982.0,10.0,0.06551938503980637,0.00012,0.16549836099147797,0.0
3983.0,3983.0,10.0,0.05690257251262665,0.00012,0.12284670770168304,0.0
3984.0,3984.0,10.0,0.07532699406147003,0.00012,0.19795559346675873,0.0
3985.0,3985.0,10.0,0.06605138629674911,0.00012,0.09984974563121796,0.0
3986.0,3986.0,10.0,0.0618167519569397,0.00012,0.1724124699831009,0.0
3987.0,3987.0,10.0,0.0503687858581543,0.00012,0.09178853780031204,0.0
3988.0,3988.0,10.0,0.05398065969347954,0.00012,0.13433238863945007,0.0
3989.0,3989.0,10.0,0.07614250481128693,0.00012,0.08388089388608932,0.0
3990.0,3990.0,10.0,0.06291328370571136,0.00012,0.10578993707895279,0.0
3991.0,3991.0,10.0,0.06015763804316521,0.00012,0.10731060057878494,0.0
3992.0,3992.0,10.0,0.06550942361354828,0.00012,0.12792852520942688,0.0
3993.0,3993.0,10.0,0.060077913105487823,0.00012,0.11067312210798264,0.0
3994.0,3994.0,10.0,0.06807830929756165,0.00012,0.11866152286529541,0.0
3995.0,3995.0,10.0,0.06240573525428772,0.00012,0.15414388477802277,0.0
3996.0,3996.0,10.0,0.059690266847610474,0.00012,0.09092122316360474,0.0
3997.0,3997.0,10.0,0.04426006227731705,0.00012,0.14802218973636627,0.0
3998.0,3998.0,10.0,0.06976209580898285,0.00012,0.16109538078308105,0.0
3999.0,3999.0,10.0,0.06687959283590317,0.00012,0.14131338894367218,0.0
4000.0,4000.0,10.0,0.06802672147750854,0.00012,0.20732381939888,0.0
4001.0,4001.0,10.0,0.06020845100283623,0.00012,0.15602298080921173,0.0
4002.0,4002.0,10.0,0.05772290751338005,0.00012,0.1603955328464508,0.0
4003.0,4003.0,10.0,0.07496519386768341,0.00012,0.13133132457733154,0.0
4004.0,4004.0,10.0,0.050064194947481155,0.00012,0.1418115496635437,0.0
4005.0,4005.0,10.0,0.054347433149814606,0.00012,0.20710338652133942,0.0
4006.0,4006.0,10.0,0.051141854375600815,0.00012,0.15391302108764648,0.0
4007.0,4007.0,10.0,0.05852941796183586,0.00012,0.26447439193725586,0.0
4008.0,4008.0,10.0,0.06638083606958389,0.00012,0.17647254467010498,0.0
4009.0,4009.0,10.0,0.058908265084028244,0.00012,0.20164945721626282,0.0
4010.0,4010.0,10.0,0.06269051134586334,0.00012,0.2223903238773346,0.0
4011.0,4011.0,10.0,0.05720255523920059,0.00012,0.14768843352794647,0.0
4012.0,4012.0,10.0,0.06560220569372177,0.00012,0.17656074464321136,0.0
4013.0,4013.0,10.0,0.07751037180423737,0.00012,0.21659442782402039,0.0
4014.0,4014.0,10.0,0.06430056691169739,0.00012,0.11501677334308624,0.0
4015.0,4015.0,10.0,0.07058806717395782,0.00012,0.19063295423984528,0.0
4016.0,4016.0,10.0,0.06949199736118317,0.00012,0.1937323957681656,0.0
4017.0,4017.0,10.0,0.05541552975773811,0.00012,0.16944581270217896,0.0
4018.0,4018.0,10.0,0.060827888548374176,0.00012,0.1794489026069641,0.0
4019.0,4019.0,10.0,0.06120371073484421,0.00012,0.17892706394195557,0.0
4020.0,4020.0,10.0,0.07809196412563324,0.00012,0.11492625623941422,0.0
4021.0,4021.0,10.0,0.04780758172273636,0.00012,0.17866769433021545,0.0
4022.0,4022.0,10.0,0.05236416310071945,0.00012,0.1395096331834793,0.0
4023.0,4023.0,10.0,0.05540837347507477,0.00012,0.15278054773807526,0.0
4024.0,4024.0,10.0,0.05678698793053627,0.00012,0.16303351521492004,0.0
4025.0,4025.0,10.0,0.052898697555065155,0.00012,0.099629707634449,0.0
4026.0,4026.0,10.0,0.07103942334651947,0.00012,0.13716773688793182,0.0
4027.0,4027.0,10.0,0.052482470870018005,0.00012,0.15836314857006073,0.0
4028.0,4028.0,10.0,0.05496535450220108,0.00012,0.07652027159929276,0.0
4029.0,4029.0,10.0,0.05261741206049919,0.00012,0.11360421776771545,0.0
4030.0,4030.0,10.0,0.059270117431879044,0.00012,0.12442866712808609,0.0
4031.0,4031.0,10.0,0.05940656736493111,0.00012,0.10930096358060837,0.0
4032.0,4032.0,10.0,0.04852622002363205,0.00012,0.16625897586345673,0.0
4033.0,4033.0,10.0,0.04857619106769562,0.00012,0.15543657541275024,0.0
4034.0,4034.0,10.0,0.060434263199567795,0.00012,0.13452759385108948,0.0
4035.0,4035.0,10.0,0.04874527454376221,0.00012,0.16816140711307526,0.0
4036.0,4036.0,10.0,0.06016608327627182,0.00012,0.1798894852399826,0.0
4037.0,4037.0,10.0,0.061371803283691406,0.00012,0.14474013447761536,0.0
4038.0,4038.0,10.0,0.06052830070257187,0.00012,0.1402188390493393,0.0
4039.0,4039.0,10.0,0.05210962891578674,0.00012,0.1870422512292862,0.0
4040.0,4040.0,10.0,0.06476226449012756,0.00012,0.10693451762199402,0.0
4041.0,4041.0,10.0,0.04592834413051605,0.00012,0.20381759107112885,0.0
4042.0,4042.0,10.0,0.05101872980594635,0.00012,0.13058042526245117,0.0
4043.0,4043.0,10.0,0.06616879999637604,0.00012,0.11377716064453125,0.0
4044.0,4044.0,10.0,0.05740773677825928,0.00012,0.1419527381658554,0.0
4045.0,4045.0,10.0,0.06643728166818619,0.00012,0.15797562897205353,0.0
4046.0,4046.0,10.0,0.05214148014783859,0.00012,0.1418783962726593,0.0
4047.0,4047.0,10.0,0.07523776590824127,0.00012,0.19401629269123077,0.0
4048.0,4048.0,10.0,0.05215979740023613,0.00012,0.16670732200145721,0.0
4049.0,4049.0,10.0,0.07324540615081787,0.00012,0.13548961281776428,0.0
4050.0,4050.0,10.0,0.07480880618095398,0.00012,0.10604895651340485,0.0
4051.0,4051.0,10.0,0.06094590201973915,0.00012,0.14078271389007568,0.0
4052.0,4052.0,10.0,0.06577213853597641,0.00012,0.12071437388658524,0.0
4053.0,4053.0,10.0,0.0539737343788147,0.00012,0.12437783926725388,0.0
4054.0,4054.0,10.0,0.06423388421535492,0.00012,0.1350056380033493,0.0
4055.0,4055.0,10.0,0.07280050963163376,0.00012,0.10572359710931778,0.0
4056.0,4056.0,10.0,0.05580555647611618,0.00012,0.10768479108810425,0.0
4057.0,4057.0,10.0,0.06390395760536194,0.00012,0.15064552426338196,0.0
4058.0,4058.0,10.0,0.06437098234891891,0.00012,0.1625211089849472,0.0
4059.0,4059.0,10.0,0.06121444329619408,0.00012,0.14925244450569153,0.0
4060.0,4060.0,10.0,0.06224371865391731,0.00012,0.16398915648460388,0.0
4061.0,4061.0,10.0,0.05383798107504845,0.00012,0.1677209883928299,0.0
4062.0,4062.0,10.0,0.062049925327301025,0.00012,0.15253989398479462,0.0
4063.0,4063.0,10.0,0.06575824320316315,0.00012,0.18185698986053467,0.0
4064.0,4064.0,10.0,0.053417302668094635,0.00012,0.11166474968194962,0.0
4065.0,4065.0,10.0,0.06628759205341339,0.00012,0.2573605179786682,0.0
4066.0,4066.0,10.0,0.04905968904495239,0.00012,0.12346091866493225,0.0
4067.0,4067.0,10.0,0.06879023462533951,0.00012,0.23092103004455566,0.0
4068.0,4068.0,10.0,0.06268588453531265,0.00012,0.12322933971881866,0.0
4069.0,4069.0,10.0,0.06557706743478775,0.00012,0.19626246392726898,0.0
4070.0,4070.0,10.0,0.05343962088227272,0.00012,0.1442260891199112,0.0
4071.0,4071.0,10.0,0.05753868818283081,0.00012,0.14810767769813538,0.0
4072.0,4072.0,10.0,0.07034218311309814,0.00012,0.12308914959430695,0.0
4073.0,4073.0,10.0,0.06074444204568863,0.00012,0.13566210865974426,0.0
4074.0,4074.0,10.0,0.0731293112039566,0.00012,0.10509688407182693,0.0
4075.0,4075.0,10.0,0.07010798156261444,0.00012,0.20229394733905792,0.0
4076.0,4076.0,10.0,0.061038386076688766,0.00012,0.1277010142803192,0.0
4077.0,4077.0,10.0,0.04896283522248268,0.00012,0.18484064936637878,0.0
4078.0,4078.0,10.0,0.053082190454006195,0.00012,0.14757190644741058,0.0
4079.0,4079.0,10.0,0.059174440801143646,0.00012,0.14010807871818542,0.0
4080.0,4080.0,10.0,0.06951609253883362,0.00012,0.10255543887615204,0.0
4081.0,4081.0,10.0,0.06415051221847534,0.00012,0.20954853296279907,0.0
4082.0,4082.0,10.0,0.07596757262945175,0.00012,0.10569832473993301,0.0
4083.0,4083.0,10.0,0.05394405871629715,0.00012,0.1599772572517395,0.0
4084.0,4084.0,10.0,0.05138842761516571,0.00012,0.12048149853944778,0.0
4085.0,4085.0,10.0,0.06609869003295898,0.00012,0.176362544298172,0.0
4086.0,4086.0,10.0,0.0673883929848671,0.00012,0.0937008410692215,0.0
4087.0,4087.0,10.0,0.04772394895553589,0.00012,0.1471976339817047,0.0
4088.0,4088.0,10.0,0.0667041540145874,0.00012,0.10739155858755112,0.0
4089.0,4089.0,10.0,0.06476058065891266,0.00012,0.1486404985189438,0.0
4090.0,4090.0,10.0,0.08362428843975067,0.00012,0.12012168765068054,0.0
4091.0,4091.0,10.0,0.05267728120088577,0.00012,0.10193172097206116,0.0
4092.0,4092.0,10.0,0.059829071164131165,0.00012,0.11868449300527573,0.0
4093.0,4093.0,10.0,0.05590072274208069,0.00012,0.10998837649822235,0.0
4094.0,4094.0,10.0,0.058071840554475784,0.00012,0.13919255137443542,0.0
4095.0,4095.0,10.0,0.05661069601774216,0.00012,0.0845617949962616,0.0
4096.0,4096.0,10.0,0.05440802127122879,0.00012,0.09367413818836212,0.0
4097.0,4097.0,10.0,0.06540308892726898,0.00012,0.0871145948767662,0.0
4098.0,4098.0,10.0,0.08186850696802139,0.00012,0.1537046730518341,0.0
4099.0,4099.0,10.0,0.06015261262655258,0.00012,0.1268402487039566,0.0
4100.0,4100.0,10.0,0.05888235196471214,0.00012,0.13266940414905548,0.0
4101.0,4101.0,10.0,0.05575494095683098,0.00012,0.18584321439266205,0.0
4102.0,4102.0,10.0,0.0663982555270195,0.00012,0.0920616015791893,0.0
4103.0,4103.0,10.0,0.05675385147333145,0.00012,0.22591684758663177,0.0
4104.0,4104.0,10.0,0.06509086489677429,0.00012,0.13758154213428497,0.0
4105.0,4105.0,10.0,0.06027261167764664,0.00012,0.195363387465477,0.0
4106.0,4106.0,10.0,0.05688061565160751,0.00012,0.12265260517597198,0.0
4107.0,4107.0,10.0,0.04553984850645065,0.00012,0.11785155534744263,0.0
4108.0,4108.0,10.0,0.05367667227983475,0.00012,0.13040100038051605,0.0
4109.0,4109.0,10.0,0.05569411814212799,0.00012,0.14301644265651703,0.0
4110.0,4110.0,10.0,0.05410788208246231,0.00012,0.09938360750675201,0.0
4111.0,4111.0,10.0,0.06353141367435455,0.00012,0.1556609869003296,0.0
4112.0,4112.0,10.0,0.06062637269496918,0.00012,0.16272835433483124,0.0
4113.0,4113.0,10.0,0.059954382479190826,0.00012,0.17175179719924927,0.0
4114.0,4114.0,10.0,0.07093410938978195,0.00012,0.19060374796390533,0.0
4115.0,4115.0,10.0,0.05309947580099106,0.00012,0.14540208876132965,0.0
4116.0,4116.0,10.0,0.06562405824661255,0.00012,0.11788944900035858,0.0
4117.0,4117.0,10.0,0.05353545397520065,0.00012,0.17262716591358185,0.0
4118.0,4118.0,10.0,0.05673961713910103,0.00012,0.16990914940834045,0.0
4119.0,4119.0,10.0,0.06916309893131256,0.00012,0.18813075125217438,0.0
4120.0,4120.0,10.0,0.066067174077034,0.00012,0.17169126868247986,0.0
4121.0,4121.0,10.0,0.0573621466755867,0.00012,0.1748487800359726,0.0
4122.0,4122.0,10.0,0.05041893199086189,0.00012,0.24191391468048096,0.0
4123.0,4123.0,10.0,0.06112688407301903,0.00012,0.1542370766401291,0.0
4124.0,4124.0,10.0,0.06028946116566658,0.00012,0.32602763175964355,0.0
4125.0,4125.0,10.0,0.07403716444969177,0.00012,0.11544863879680634,0.0
4126.0,4126.0,10.0,0.05829312652349472,0.00012,0.2271728813648224,0.0
4127.0,4127.0,10.0,0.0523671954870224,0.00012,0.10459364205598831,0.0
4128.0,4128.0,10.0,0.06400981545448303,0.00012,0.16600413620471954,0.0
4129.0,4129.0,10.0,0.05803978815674782,0.00012,0.1913437396287918,0.0
4130.0,4130.0,10.0,0.05808299034833908,0.00012,0.13345050811767578,0.0
4131.0,4131.0,10.0,0.045161910355091095,0.00012,0.1678040772676468,0.0
4132.0,4132.0,10.0,0.05952691286802292,0.00012,0.14821863174438477,0.0
4133.0,4133.0,10.0,0.04891473799943924,0.00012,0.18723136186599731,0.0
4134.0,4134.0,10.0,0.061152830719947815,0.00012,0.15022559463977814,0.0
4135.0,4135.0,10.0,0.05701307952404022,0.00012,0.2213989645242691,0.0
4136.0,4136.0,10.0,0.05146278813481331,0.00012,0.1976112276315689,0.0
4137.0,4137.0,10.0,0.07162240147590637,0.00012,0.17128896713256836,0.0
4138.0,4138.0,10.0,0.06890201568603516,0.00012,0.2611536681652069,0.0
4139.0,4139.0,10.0,0.0581928975880146,0.00012,0.1700160652399063,0.0
4140.0,4140.0,10.0,0.06122937053442001,0.00012,0.1692165732383728,0.0
4141.0,4141.0,10.0,0.0749228298664093,0.00012,0.22130703926086426,0.0
4142.0,4142.0,10.0,0.04762064665555954,0.00012,0.2114185094833374,0.0
4143.0,4143.0,10.0,0.05757629871368408,0.00012,0.1397361010313034,0.0
4144.0,4144.0,10.0,0.057904839515686035,0.00012,0.2649337649345398,0.0
4145.0,4145.0,10.0,0.06780392676591873,0.00012,0.17709186673164368,0.0
4146.0,4146.0,10.0,0.07182025909423828,0.00012,0.19300013780593872,0.0
4147.0,4147.0,10.0,0.08075980842113495,0.00012,0.19856756925582886,0.0
4148.0,4148.0,10.0,0.07871964573860168,0.00012,0.12939345836639404,0.0
4149.0,4149.0,10.0,0.052921004593372345,0.00012,0.18051594495773315,0.0
4150.0,4150.0,10.0,0.06750552356243134,0.00012,0.17918455600738525,0.0
4151.0,4151.0,10.0,0.06327007710933685,0.00012,0.14711348712444305,0.0
4152.0,4152.0,10.0,0.06408289074897766,0.00012,0.21330688893795013,0.0
4153.0,4153.0,10.0,0.06956520676612854,0.00012,0.2100035399198532,0.0
4154.0,4154.0,10.0,0.059783123433589935,0.00012,0.17250360548496246,0.0
4155.0,4155.0,10.0,0.06888329237699509,0.00012,0.24112114310264587,0.0
4156.0,4156.0,10.0,0.05525985360145569,0.00012,0.14024925231933594,0.0
4157.0,4157.0,10.0,0.060242149978876114,0.00012,0.16077467799186707,0.0
4158.0,4158.0,10.0,0.05307051166892052,0.00012,0.17577220499515533,0.0
4159.0,4159.0,10.0,0.05786050111055374,0.00012,0.21621765196323395,0.0
4160.0,4160.0,10.0,0.054763589054346085,0.00012,0.15578338503837585,0.0
4161.0,4161.0,10.0,0.05994418263435364,0.00012,0.10149776935577393,0.0
4162.0,4162.0,10.0,0.06149616092443466,0.00012,0.10871624201536179,0.0
4163.0,4163.0,10.0,0.06473865360021591,0.00012,0.11542690545320511,0.0
4164.0,4164.0,10.0,0.05207300931215286,0.00012,0.18011009693145752,0.0
4165.0,4165.0,10.0,0.06087088957428932,0.00012,0.09303469955921173,0.0
4166.0,4166.0,10.0,0.06787768006324768,0.00012,0.1416957974433899,0.0
4167.0,4167.0,10.0,0.06173514574766159,0.00012,0.2019273191690445,0.0
4168.0,4168.0,10.0,0.061768803745508194,0.00012,0.15738093852996826,0.0
4169.0,4169.0,10.0,0.0637282133102417,0.00012,0.1544695496559143,0.0
4170.0,4170.0,10.0,0.05834458768367767,0.00012,0.13343580067157745,0.0
4171.0,4171.0,10.0,0.04220084473490715,0.00012,0.15851852297782898,0.0
4172.0,4172.0,10.0,0.07691547274589539,0.00012,0.15509679913520813,0.0
4173.0,4173.0,10.0,0.04017620533704758,0.00012,0.21201549470424652,0.0
4174.0,4174.0,10.0,0.07033687829971313,0.00012,0.1639193892478943,0.0
4175.0,4175.0,10.0,0.0679837316274643,0.00012,0.1804547905921936,0.0
4176.0,4176.0,10.0,0.05110333859920502,0.00012,0.24105104804039001,0.0
4177.0,4177.0,10.0,0.05974949896335602,0.00012,0.119705431163311,0.0
4178.0,4178.0,10.0,0.05563802272081375,0.00012,0.16996459662914276,0.0
4179.0,4179.0,10.0,0.05570531263947487,0.00012,0.1647910475730896,0.0
4180.0,4180.0,10.0,0.07302801311016083,0.00012,0.12509146332740784,0.0
4181.0,4181.0,10.0,0.054648883640766144,0.00012,0.19189603626728058,0.0
4182.0,4182.0,10.0,0.06975474208593369,0.00012,0.17835815250873566,0.0
4183.0,4183.0,10.0,0.05709467828273773,0.00012,0.1505660116672516,0.0
4184.0,4184.0,10.0,0.05093284323811531,0.00012,0.24569647014141083,0.0
4185.0,4185.0,10.0,0.05253966897726059,0.00012,0.12500043213367462,0.0
4186.0,4186.0,10.0,0.06639251112937927,0.00012,0.183939129114151,0.0
4187.0,4187.0,10.0,0.06487561017274857,0.00012,0.14752449095249176,0.0
4188.0,4188.0,10.0,0.06625265628099442,0.00012,0.13760611414909363,0.0
4189.0,4189.0,10.0,0.06025305017828941,0.00012,0.31114545464515686,0.0
4190.0,4190.0,10.0,0.046057917177677155,0.00012,0.10488957166671753,0.0
4191.0,4191.0,10.0,0.05872485041618347,0.00012,0.30520179867744446,0.0
4192.0,4192.0,10.0,0.07687093317508698,0.00012,0.12060008943080902,0.0
4193.0,4193.0,10.0,0.0736774206161499,0.00012,0.2172648161649704,0.0
4194.0,4194.0,10.0,0.06443987786769867,0.00012,0.2068157196044922,0.0
4195.0,4195.0,10.0,0.06752331554889679,0.00012,0.14956806600093842,0.0
4196.0,4196.0,10.0,0.0647839903831482,0.00012,0.2321251779794693,0.0
4197.0,4197.0,10.0,0.0528123639523983,0.00012,0.10574334859848022,0.0
4198.0,4198.0,10.0,0.060419388115406036,0.00012,0.12303505837917328,0.0
4199.0,4199.0,10.0,0.06007566675543785,0.00012,0.18175919353961945,0.0
4200.0,4200.0,10.0,0.061581939458847046,0.00012,0.11277639865875244,0.0
4201.0,4201.0,10.0,0.05442070960998535,0.00012,0.10595104843378067,0.0
4202.0,4202.0,10.0,0.05768595635890961,0.00012,0.154653400182724,0.0
4203.0,4203.0,10.0,0.0710790678858757,0.00012,0.14739558100700378,0.0
4204.0,4204.0,10.0,0.07481800019741058,0.00012,0.12722325325012207,0.0
4205.0,4205.0,10.0,0.04660944268107414,0.00012,0.10002736002206802,0.0
4206.0,4206.0,10.0,0.06303748488426208,0.00012,0.0860782340168953,0.0
4207.0,4207.0,10.0,0.05375178903341293,0.00012,0.09202180057764053,0.0
4208.0,4208.0,10.0,0.06194512918591499,0.00012,0.1131848618388176,0.0
4209.0,4209.0,10.0,0.051586639136075974,0.00012,0.1168917790055275,0.0
4210.0,4210.0,10.0,0.08088278025388718,0.00012,0.11218181252479553,0.0
4211.0,4211.0,10.0,0.05208427459001541,0.00012,0.07435965538024902,0.0
4212.0,4212.0,10.0,0.06257763504981995,0.00012,0.14617575705051422,0.0
4213.0,4213.0,10.0,0.059078630059957504,0.00012,0.1455853283405304,0.0
4214.0,4214.0,10.0,0.057537153363227844,0.00012,0.10069382190704346,0.0
4215.0,4215.0,10.0,0.054733648896217346,0.00012,0.09366775304079056,0.0
4216.0,4216.0,10.0,0.06049113720655441,0.00012,0.16677159070968628,0.0
4217.0,4217.0,10.0,0.059770386666059494,0.00012,0.13580834865570068,0.0
4218.0,4218.0,10.0,0.05705255642533302,0.00012,0.10355880111455917,0.0
4219.0,4219.0,10.0,0.066741444170475,0.00012,0.13655735552310944,0.0
4220.0,4220.0,10.0,0.04993755370378494,0.00012,0.19414255023002625,0.0
4221.0,4221.0,10.0,0.08032938838005066,0.00012,0.16775739192962646,0.0
4222.0,4222.0,10.0,0.0660257488489151,0.00012,0.15792778134346008,0.0
4223.0,4223.0,10.0,0.053970128297805786,0.00012,0.1562456339597702,0.0
4224.0,4224.0,10.0,0.06601201742887497,0.00012,0.20592358708381653,0.0
4225.0,4225.0,10.0,0.052466586232185364,0.00012,0.16449163854122162,0.0
4226.0,4226.0,10.0,0.06757353246212006,0.00012,0.22506462037563324,0.0
4227.0,4227.0,10.0,0.06809251010417938,0.00012,0.14145109057426453,0.0
4228.0,4228.0,10.0,0.05723276734352112,0.00012,0.17544446885585785,0.0
4229.0,4229.0,10.0,0.06892088055610657,0.00012,0.15085472166538239,0.0
4230.0,4230.0,10.0,0.05356960743665695,0.00012,0.14797034859657288,0.0
4231.0,4231.0,10.0,0.05969487503170967,0.00012,0.11941732466220856,0.0
4232.0,4232.0,10.0,0.05862921476364136,0.00012,0.16051918268203735,0.0
4233.0,4233.0,10.0,0.059862345457077026,0.00012,0.1360229104757309,0.0
4234.0,4234.0,10.0,0.05860280618071556,0.00012,0.11266331374645233,0.0
4235.0,4235.0,10.0,0.05396199971437454,0.00012,0.1809174120426178,0.0
4236.0,4236.0,10.0,0.06567823141813278,0.00012,0.18170683085918427,0.0
4237.0,4237.0,10.0,0.055714141577482224,0.00012,0.14211803674697876,0.0
4238.0,4238.0,10.0,0.07944954931735992,0.00012,0.18755413591861725,0.0
4239.0,4239.0,10.0,0.06384959816932678,0.00012,0.14386214315891266,0.0
4240.0,4240.0,10.0,0.05215604603290558,0.00012,0.1244741827249527,0.0
4241.0,4241.0,10.0,0.06528274714946747,0.00012,0.16729937493801117,0.0
4242.0,4242.0,10.0,0.05970342829823494,0.00012,0.13481976091861725,0.0
4243.0,4243.0,10.0,0.05685581639409065,0.00012,0.2183191031217575,0.0
4244.0,4244.0,10.0,0.05006133019924164,0.00012,0.18265728652477264,0.0
4245.0,4245.0,10.0,0.05282474309206009,0.00012,0.17626696825027466,0.0
4246.0,4246.0,10.0,0.060378868132829666,0.00012,0.11228140443563461,0.0
4247.0,4247.0,10.0,0.052921362221241,0.00012,0.22234979271888733,0.0
4248.0,4248.0,10.0,0.055112309753894806,0.00012,0.08033312857151031,0.0
4249.0,4249.0,10.0,0.06104007735848427,0.00012,0.1733095347881317,0.0
4250.0,4250.0,10.0,0.06930951029062271,0.00012,0.10073525458574295,0.0
4251.0,4251.0,10.0,0.05624353140592575,0.00012,0.08295301347970963,0.0
4252.0,4252.0,10.0,0.0675363838672638,0.00012,0.12235894054174423,0.0
4253.0,4253.0,10.0,0.0611681193113327,0.00012,0.08461622148752213,0.0
4254.0,4254.0,10.0,0.06299416720867157,0.00012,0.12298417091369629,0.0
4255.0,4255.0,10.0,0.057661205530166626,0.00012,0.13865967094898224,0.0
4256.0,4256.0,10.0,0.054009586572647095,0.00012,0.1092064306139946,0.0
4257.0,4257.0,10.0,0.0656493604183197,0.00012,0.08873631060123444,0.0
4258.0,4258.0,10.0,0.04966595768928528,0.00012,0.15542086958885193,0.0
4259.0,4259.0,10.0,0.057620711624622345,0.00012,0.14033368229866028,0.0
4260.0,4260.0,10.0,0.0559614896774292,0.00012,0.14293251931667328,0.0
4261.0,4261.0,10.0,0.0700608566403389,0.00012,0.1164386048913002,0.0
4262.0,4262.0,10.0,0.05846107006072998,0.00012,0.11363384872674942,0.0
4263.0,4263.0,10.0,0.05909891426563263,0.00012,0.10263829678297043,0.0
4264.0,4264.0,10.0,0.057084180414676666,0.00012,0.16719457507133484,0.0
4265.0,4265.0,10.0,0.043642520904541016,0.00012,0.10529918968677521,0.0
4266.0,4266.0,10.0,0.05729636549949646,0.00012,0.16312406957149506,0.0
4267.0,4267.0,10.0,0.059575967490673065,0.00012,0.09275159239768982,0.0
4268.0,4268.0,10.0,0.06721661984920502,0.00012,0.14370091259479523,0.0
4269.0,4269.0,10.0,0.055188972502946854,0.00012,0.1335417777299881,0.0
4270.0,4270.0,10.0,0.05296656861901283,0.00012,0.16126950085163116,0.0
4271.0,4271.0,10.0,0.06123127415776253,0.00012,0.12797242403030396,0.0
4272.0,4272.0,10.0,0.07440494000911713,0.00012,0.10417121648788452,0.0
4273.0,4273.0,10.0,0.06745333224534988,0.00012,0.14544495940208435,0.0
4274.0,4274.0,10.0,0.07346932590007782,0.00012,0.13516417145729065,0.0
4275.0,4275.0,10.0,0.05693097412586212,0.00012,0.1368880718946457,0.0
4276.0,4276.0,10.0,0.050338760018348694,0.00012,0.17868861556053162,0.0
4277.0,4277.0,10.0,0.06690117716789246,0.00012,0.08482952415943146,0.0
4278.0,4278.0,10.0,0.05606454610824585,0.00012,0.2576957046985626,0.0
4279.0,4279.0,10.0,0.06880155205726624,0.00012,0.1292569488286972,0.0
4280.0,4280.0,10.0,0.055242687463760376,0.00012,0.17691963911056519,0.0
4281.0,4281.0,10.0,0.06529289484024048,0.00012,0.18413493037223816,0.0
4282.0,4282.0,10.0,0.05963516980409622,0.00012,0.1103789433836937,0.0
4283.0,4283.0,10.0,0.06439973413944244,0.00012,0.18633681535720825,0.0
4284.0,4284.0,10.0,0.052103325724601746,0.00012,0.11106012761592865,0.0
4285.0,4285.0,10.0,0.05127035081386566,0.00012,0.13453863561153412,0.0
4286.0,4286.0,10.0,0.06465739011764526,0.00012,0.19039109349250793,0.0
4287.0,4287.0,10.0,0.06329390406608582,0.00012,0.0995447188615799,0.0
4288.0,4288.0,10.0,0.05785197764635086,0.00012,0.20413470268249512,0.0
4289.0,4289.0,10.0,0.054027773439884186,0.00012,0.10117543488740921,0.0
4290.0,4290.0,10.0,0.05376902595162392,0.00012,0.13479533791542053,0.0
4291.0,4291.0,11.0,0.08123555779457092,0.00012,0.1266888529062271,0.0
4292.0,4292.0,11.0,0.06242912635207176,0.00012,0.10611715167760849,0.0
4293.0,4293.0,11.0,0.0594310462474823,0.00012,0.08354931324720383,0.0
4294.0,4294.0,11.0,0.061246007680892944,0.00012,0.11567588895559311,0.0
4295.0,4295.0,11.0,0.06255583465099335,0.00012,0.11444918066263199,0.0
4296.0,4296.0,11.0,0.054626692086458206,0.00012,0.0853191390633583,0.0
4297.0,4297.0,11.0,0.06739946454763412,0.00012,0.12427301704883575,0.0
4298.0,4298.0,11.0,0.05330698937177658,0.00012,0.11303920298814774,0.0
4299.0,4299.0,11.0,0.06628873944282532,0.00012,0.14296066761016846,0.0
4300.0,4300.0,11.0,0.052615031599998474,0.00012,0.16113291680812836,0.0
4301.0,4301.0,11.0,0.0621684268116951,0.00012,0.12946106493473053,0.0
4302.0,4302.0,11.0,0.05349472910165787,0.00012,0.14936073124408722,0.0
4303.0,4303.0,11.0,0.060561709105968475,0.00012,0.14698565006256104,0.0
4304.0,4304.0,11.0,0.051692984998226166,0.00012,0.09232588112354279,0.0
4305.0,4305.0,11.0,0.05337841808795929,0.00012,0.14707301557064056,0.0
4306.0,4306.0,11.0,0.061165567487478256,0.00012,0.10787084698677063,0.0
4307.0,4307.0,11.0,0.05799070745706558,0.00012,0.13375124335289001,0.0
4308.0,4308.0,11.0,0.05476240813732147,0.00012,0.10299330204725266,0.0
4309.0,4309.0,11.0,0.05940606817603111,0.00012,0.0997438058257103,0.0
4310.0,4310.0,11.0,0.07118530571460724,0.00012,0.10667793452739716,0.0
4311.0,4311.0,11.0,0.05928012728691101,0.00012,0.1421760469675064,0.0
4312.0,4312.0,11.0,0.05908522009849548,0.00012,0.11040383577346802,0.0
4313.0,4313.0,11.0,0.044377461075782776,0.00012,0.12368784844875336,0.0
4314.0,4314.0,11.0,0.06409099698066711,0.00012,0.12102542817592621,0.0
4315.0,4315.0,11.0,0.0572228878736496,0.00012,0.14834730327129364,0.0
4316.0,4316.0,11.0,0.054662689566612244,0.00012,0.21358923614025116,0.0
4317.0,4317.0,11.0,0.05528707057237625,0.00012,0.07024017721414566,0.0
4318.0,4318.0,11.0,0.07401935756206512,0.00012,0.15821199119091034,0.0
4319.0,4319.0,11.0,0.05751371383666992,0.00012,0.14844202995300293,0.0
4320.0,4320.0,11.0,0.04788833484053612,0.00012,0.12146901339292526,0.0
4321.0,4321.0,11.0,0.06027018278837204,0.00012,0.18993273377418518,0.0
4322.0,4322.0,11.0,0.05742226913571358,0.00012,0.1226639673113823,0.0
4323.0,4323.0,11.0,0.05207305774092674,0.00012,0.14547041058540344,0.0
4324.0,4324.0,11.0,0.06612277776002884,0.00012,0.17729665338993073,0.0
4325.0,4325.0,11.0,0.06133930757641792,0.00012,0.11128117889165878,0.0
4326.0,4326.0,11.0,0.06298159062862396,0.00012,0.10368283838033676,0.0
4327.0,4327.0,11.0,0.056155357509851456,0.00012,0.16987071931362152,0.0
4328.0,4328.0,11.0,0.047709520906209946,0.00012,0.10076924413442612,0.0
4329.0,4329.0,11.0,0.051021263003349304,0.00012,0.20559841394424438,0.0
4330.0,4330.0,11.0,0.054218873381614685,0.00012,0.11840443313121796,0.0
4331.0,4331.0,11.0,0.06499804556369781,0.00012,0.17228858172893524,0.0
4332.0,4332.0,11.0,0.06252813339233398,0.00012,0.16107335686683655,0.0
4333.0,4333.0,11.0,0.06130285561084747,0.00012,0.16913187503814697,0.0
4334.0,4334.0,11.0,0.06702271103858948,0.00012,0.09687101095914841,0.0
4335.0,4335.0,11.0,0.0682431310415268,0.00012,0.19095535576343536,0.0
4336.0,4336.0,11.0,0.07173231244087219,0.00012,0.17107045650482178,0.0
4337.0,4337.0,11.0,0.05670686811208725,0.00012,0.18588081002235413,0.0
4338.0,4338.0,11.0,0.06338956952095032,0.00012,0.15227726101875305,0.0
4339.0,4339.0,11.0,0.0563010573387146,0.00012,0.11228083819150925,0.0
4340.0,4340.0,11.0,0.06327562034130096,0.00012,0.09629896283149719,0.0
4341.0,4341.0,11.0,0.05018429458141327,0.00012,0.1238088458776474,0.0
4342.0,4342.0,11.0,0.05328374356031418,0.00012,0.09815354645252228,0.0
4343.0,4343.0,11.0,0.052326664328575134,0.00012,0.16220952570438385,0.0
4344.0,4344.0,11.0,0.0559084415435791,0.00012,0.10107866674661636,0.0
4345.0,4345.0,11.0,0.064078189432621,0.00012,0.19734053313732147,0.0
4346.0,4346.0,11.0,0.05786999687552452,0.00012,0.17318110167980194,0.0
4347.0,4347.0,11.0,0.05991021543741226,0.00012,0.14246314764022827,0.0
4348.0,4348.0,11.0,0.06943443417549133,0.00012,0.17612938582897186,0.0
4349.0,4349.0,11.0,0.06166650727391243,0.00012,0.16998805105686188,0.0
4350.0,4350.0,11.0,0.05515442043542862,0.00012,0.1727091670036316,0.0
4351.0,4351.0,11.0,0.05613388866186142,0.00012,0.11360008269548416,0.0
4352.0,4352.0,11.0,0.06339442729949951,0.00012,0.2068764865398407,0.0
4353.0,4353.0,11.0,0.06182045862078667,0.00012,0.12544597685337067,0.0
4354.0,4354.0,11.0,0.06785276532173157,0.00012,0.15802140533924103,0.0
4355.0,4355.0,11.0,0.053840797394514084,0.00012,0.17112664878368378,0.0
4356.0,4356.0,11.0,0.05935356393456459,0.00012,0.20553383231163025,0.0
4357.0,4357.0,11.0,0.05901917442679405,0.00012,0.15951892733573914,0.0
4358.0,4358.0,11.0,0.046404097229242325,0.00012,0.24555841088294983,0.0
4359.0,4359.0,11.0,0.06076362729072571,0.00012,0.08957389742136002,0.0
4360.0,4360.0,11.0,0.0647008866071701,0.00012,0.19807900488376617,0.0
4361.0,4361.0,11.0,0.057712897658348083,0.00012,0.1880917102098465,0.0
4362.0,4362.0,11.0,0.059009116142988205,0.00012,0.17150866985321045,0.0
4363.0,4363.0,11.0,0.05364792421460152,0.00012,0.25625213980674744,0.0
4364.0,4364.0,11.0,0.042129985988140106,0.00012,0.08450924605131149,0.0
4365.0,4365.0,11.0,0.06124313920736313,0.00012,0.2034934014081955,0.0
4366.0,4366.0,11.0,0.05965888872742653,0.00012,0.09711357206106186,0.0
4367.0,4367.0,11.0,0.06885647773742676,0.00012,0.12594428658485413,0.0
4368.0,4368.0,11.0,0.053340669721364975,0.00012,0.10022424161434174,0.0
4369.0,4369.0,11.0,0.052831314504146576,0.00012,0.1263929158449173,0.0
4370.0,4370.0,11.0,0.067225381731987,0.00012,0.1172264814376831,0.0
4371.0,4371.0,11.0,0.051544852554798126,0.00012,0.12925344705581665,0.0
4372.0,4372.0,11.0,0.049023956060409546,0.00012,0.11708509922027588,0.0
4373.0,4373.0,11.0,0.060783036053180695,0.00012,0.16058854758739471,0.0
4374.0,4374.0,11.0,0.05099374055862427,0.00012,0.13309186697006226,0.0
4375.0,4375.0,11.0,0.055735331028699875,0.00012,0.12551657855510712,0.0
4376.0,4376.0,11.0,0.04959501326084137,0.00012,0.14506980776786804,0.0
4377.0,4377.0,11.0,0.07090556621551514,0.00012,0.20090530812740326,0.0
4378.0,4378.0,11.0,0.06100918725132942,0.00012,0.1457051783800125,0.0
4379.0,4379.0,11.0,0.05183316767215729,0.00012,0.17447607219219208,0.0
4380.0,4380.0,11.0,0.06791315972805023,0.00012,0.09928271174430847,0.0
4381.0,4381.0,11.0,0.05626519024372101,0.00012,0.18721497058868408,0.0
4382.0,4382.0,11.0,0.06134962663054466,0.00012,0.10078061372041702,0.0
4383.0,4383.0,11.0,0.06181209534406662,0.00012,0.14168158173561096,0.0
4384.0,4384.0,11.0,0.05513903498649597,0.00012,0.2300492376089096,0.0
4385.0,4385.0,11.0,0.069978728890419,0.00012,0.20202316343784332,0.0
4386.0,4386.0,11.0,0.05532260611653328,0.00012,0.23505888879299164,0.0
4387.0,4387.0,11.0,0.05057675018906593,0.00012,0.18586257100105286,0.0
4388.0,4388.0,11.0,0.06957471370697021,0.00012,0.21624843776226044,0.0
4389.0,4389.0,11.0,0.04753716289997101,0.00012,0.11463311314582825,0.0
4390.0,4390.0,11.0,0.056992027908563614,0.00012,0.183849036693573,0.0
4391.0,4391.0,11.0,0.04961976408958435,0.00012,0.08884133398532867,0.0
4392.0,4392.0,11.0,0.05955764651298523,0.00012,0.1337091624736786,0.0
4393.0,4393.0,11.0,0.076392263174057,0.00012,0.1292230635881424,0.0
4394.0,4394.0,11.0,0.05000805854797363,0.00012,0.09606343507766724,0.0
4395.0,4395.0,11.0,0.05783107876777649,0.00012,0.1743391454219818,0.0
4396.0,4396.0,11.0,0.05620459467172623,0.00012,0.11993459612131119,0.0
4397.0,4397.0,11.0,0.06816289573907852,0.00012,0.17092731595039368,0.0
4398.0,4398.0,11.0,0.05552029609680176,0.00012,0.10845068842172623,0.0
4399.0,4399.0,11.0,0.06413647532463074,0.00012,0.14778760075569153,0.0
4400.0,4400.0,11.0,0.060941893607378006,0.00012,0.07773950695991516,0.0
4401.0,4401.0,11.0,0.05820850282907486,0.00012,0.1693630963563919,0.0
4402.0,4402.0,11.0,0.05743821710348129,0.00012,0.11493860930204391,0.0
4403.0,4403.0,11.0,0.05794388800859451,0.00012,0.17101429402828217,0.0
4404.0,4404.0,11.0,0.05962873622775078,0.00012,0.10141928493976593,0.0
4405.0,4405.0,11.0,0.0872482880949974,0.00012,0.15079213678836823,0.0
4406.0,4406.0,11.0,0.059051670134067535,0.00012,0.1377154141664505,0.0
4407.0,4407.0,11.0,0.05689914524555206,0.00012,0.1675661951303482,0.0
4408.0,4408.0,11.0,0.0494043193757534,0.00012,0.07874921709299088,0.0
4409.0,4409.0,11.0,0.05505634471774101,0.00012,0.13583973050117493,0.0
4410.0,4410.0,11.0,0.06507563591003418,0.00012,0.14884790778160095,0.0
4411.0,4411.0,11.0,0.06656455248594284,0.00012,0.10487087815999985,0.0
4412.0,4412.0,11.0,0.05085867643356323,0.00012,0.14090973138809204,0.0
4413.0,4413.0,11.0,0.06378030776977539,0.00012,0.0909072682261467,0.0
4414.0,4414.0,11.0,0.06587323546409607,0.00012,0.16845083236694336,0.0
4415.0,4415.0,11.0,0.0683794915676117,0.00012,0.15619494020938873,0.0
4416.0,4416.0,11.0,0.0551895946264267,0.00012,0.07236545532941818,0.0
4417.0,4417.0,11.0,0.06461130082607269,0.00012,0.24381200969219208,0.0
4418.0,4418.0,11.0,0.049858227372169495,0.00012,0.115546315908432,0.0
4419.0,4419.0,11.0,0.06928978115320206,0.00012,0.2039673775434494,0.0
4420.0,4420.0,11.0,0.047388024628162384,0.00012,0.113046795129776,0.0
4421.0,4421.0,11.0,0.0635010302066803,0.00012,0.18539945781230927,0.0
4422.0,4422.0,11.0,0.051240578293800354,0.00012,0.09569353610277176,0.0
4423.0,4423.0,11.0,0.062113791704177856,0.00012,0.1691935956478119,0.0
4424.0,4424.0,11.0,0.06532475352287292,0.00012,0.14324599504470825,0.0
4425.0,4425.0,11.0,0.06764547526836395,0.00012,0.09661498665809631,0.0
4426.0,4426.0,11.0,0.06171707436442375,0.00012,0.18489359319210052,0.0
4427.0,4427.0,11.0,0.0481322705745697,0.00012,0.09331996738910675,0.0
4428.0,4428.0,11.0,0.04879804328083992,0.00012,0.20730192959308624,0.0
4429.0,4429.0,11.0,0.06078589707612991,0.00012,0.11463267356157303,0.0
4430.0,4430.0,11.0,0.08649682998657227,0.00012,0.2165943682193756,0.0
4431.0,4431.0,11.0,0.06413179636001587,0.00012,0.12756283581256866,0.0
4432.0,4432.0,11.0,0.051424697041511536,0.00012,0.17243292927742004,0.0
4433.0,4433.0,11.0,0.053642638027668,0.00012,0.10683324933052063,0.0
4434.0,4434.0,11.0,0.05676942691206932,0.00012,0.1515512466430664,0.0
4435.0,4435.0,11.0,0.0712852030992508,0.00012,0.11371272802352905,0.0
4436.0,4436.0,11.0,0.06381450593471527,0.00012,0.1827154904603958,0.0
4437.0,4437.0,11.0,0.059934452176094055,0.00012,0.1476849913597107,0.0
4438.0,4438.0,11.0,0.06101728603243828,0.00012,0.12757393717765808,0.0
4439.0,4439.0,11.0,0.04916579648852348,0.00012,0.13960544764995575,0.0
4440.0,4440.0,11.0,0.06630383431911469,0.00012,0.13162271678447723,0.0
4441.0,4441.0,11.0,0.05179063603281975,0.00012,0.1100185215473175,0.0
4442.0,4442.0,11.0,0.05968574434518814,0.00012,0.12582752108573914,0.0
4443.0,4443.0,11.0,0.06715753674507141,0.00012,0.11477896571159363,0.0
4444.0,4444.0,11.0,0.05353790894150734,0.00012,0.10105115920305252,0.0
4445.0,4445.0,11.0,0.06301305443048477,0.00012,0.11423998326063156,0.0
4446.0,4446.0,11.0,0.052502598613500595,0.00012,0.09222796559333801,0.0
4447.0,4447.0,11.0,0.050107039511203766,0.00012,0.08103162795305252,0.0
4448.0,4448.0,11.0,0.05325203388929367,0.00012,0.12424804270267487,0.0
4449.0,4449.0,11.0,0.07100605964660645,0.00012,0.08911032974720001,0.0
4450.0,4450.0,11.0,0.055541276931762695,0.00012,0.12711285054683685,0.0
4451.0,4451.0,11.0,0.05759287625551224,0.00012,0.08362080156803131,0.0
4452.0,4452.0,11.0,0.06897810101509094,0.00012,0.13577406108379364,0.0
4453.0,4453.0,11.0,0.055250994861125946,0.00012,0.11064868420362473,0.0
4454.0,4454.0,11.0,0.051343053579330444,0.00012,0.15442833304405212,0.0
4455.0,4455.0,11.0,0.05099501088261604,0.00012,0.1061759814620018,0.0
4456.0,4456.0,11.0,0.06511425971984863,0.00012,0.15532216429710388,0.0
4457.0,4457.0,11.0,0.048847220838069916,0.00012,0.11011005938053131,0.0
4458.0,4458.0,11.0,0.04675117880105972,0.00012,0.14332902431488037,0.0
4459.0,4459.0,11.0,0.05165345221757889,0.00012,0.17067062854766846,0.0
4460.0,4460.0,11.0,0.05086511746048927,0.00012,0.09055198729038239,0.0
4461.0,4461.0,11.0,0.05733183026313782,0.00012,0.1295718550682068,0.0
4462.0,4462.0,11.0,0.051141876727342606,0.00012,0.14736947417259216,0.0
4463.0,4463.0,11.0,0.05646783113479614,0.00012,0.1369738131761551,0.0
4464.0,4464.0,11.0,0.04943953827023506,0.00012,0.08049359172582626,0.0
4465.0,4465.0,11.0,0.06968039274215698,0.00012,0.1439458727836609,0.0
4466.0,4466.0,11.0,0.06517893075942993,0.00012,0.1251571774482727,0.0
4467.0,4467.0,11.0,0.058725327253341675,0.00012,0.14540980756282806,0.0
4468.0,4468.0,11.0,0.05589878186583519,0.00012,0.15034031867980957,0.0
4469.0,4469.0,11.0,0.07320599257946014,0.00012,0.10783399641513824,0.0
4470.0,4470.0,11.0,0.06628285348415375,0.00012,0.12517207860946655,0.0
4471.0,4471.0,11.0,0.06944183260202408,0.00012,0.1563122272491455,0.0
4472.0,4472.0,11.0,0.07019864022731781,0.00012,0.14802423119544983,0.0
4473.0,4473.0,11.0,0.05858980864286423,0.00012,0.17045895755290985,0.0
4474.0,4474.0,11.0,0.06335849314928055,0.00012,0.21365225315093994,0.0
4475.0,4475.0,11.0,0.06022122874855995,0.00012,0.1768396645784378,0.0
4476.0,4476.0,11.0,0.050550661981105804,0.00012,0.189439058303833,0.0
4477.0,4477.0,11.0,0.05711790546774864,0.00012,0.18020369112491608,0.0
4478.0,4478.0,11.0,0.06151190400123596,0.00012,0.19162720441818237,0.0
4479.0,4479.0,11.0,0.05299392715096474,0.00012,0.16984035074710846,0.0
4480.0,4480.0,11.0,0.08092815428972244,0.00012,0.22748877108097076,0.0
4481.0,4481.0,11.0,0.05193031206727028,0.00012,0.18668071925640106,0.0
4482.0,4482.0,11.0,0.049962468445301056,0.00012,0.21912279725074768,0.0
4483.0,4483.0,11.0,0.060721222311258316,0.00012,0.1275038868188858,0.0
4484.0,4484.0,11.0,0.0598113015294075,0.00012,0.315788596868515,0.0
4485.0,4485.0,11.0,0.06734675168991089,0.00012,0.17635804414749146,0.0
4486.0,4486.0,11.0,0.05994676426053047,0.00012,0.2771311104297638,0.0
4487.0,4487.0,11.0,0.04375706985592842,0.00012,0.10410591959953308,0.0
4488.0,4488.0,11.0,0.05925080552697182,0.00012,0.3054550886154175,0.0
4489.0,4489.0,11.0,0.054446786642074585,0.00012,0.18548628687858582,0.0
4490.0,4490.0,11.0,0.062052421271800995,0.00012,0.21275082230567932,0.0
4491.0,4491.0,11.0,0.044685058295726776,0.00012,0.18031813204288483,0.0
4492.0,4492.0,11.0,0.06479716300964355,0.00012,0.22333979606628418,0.0
4493.0,4493.0,11.0,0.0598815456032753,0.00012,0.12931260466575623,0.0
4494.0,4494.0,11.0,0.06053253263235092,0.00012,0.18571779131889343,0.0
4495.0,4495.0,11.0,0.05017228424549103,0.00012,0.21458011865615845,0.0
4496.0,4496.0,11.0,0.05877773463726044,0.00012,0.1264769434928894,0.0
4497.0,4497.0,11.0,0.053904175758361816,0.00012,0.20379942655563354,0.0
4498.0,4498.0,11.0,0.05720397084951401,0.00012,0.12401846796274185,0.0
4499.0,4499.0,11.0,0.05683469399809837,0.00012,0.19704513251781464,0.0
4500.0,4500.0,11.0,0.06845472753047943,0.00012,0.1519765555858612,0.0
4501.0,4501.0,11.0,0.07155942916870117,0.00012,0.16138802468776703,0.0
4502.0,4502.0,11.0,0.058016516268253326,0.00012,0.22291190922260284,0.0
4503.0,4503.0,11.0,0.07081683725118637,0.00012,0.15982697904109955,0.0
4504.0,4504.0,11.0,0.06359438598155975,0.00012,0.1399332582950592,0.0
4505.0,4505.0,11.0,0.05176836997270584,0.00012,0.13282662630081177,0.0
4506.0,4506.0,11.0,0.06989683210849762,0.00012,0.13487987220287323,0.0
4507.0,4507.0,11.0,0.07185797393321991,0.00012,0.1515105962753296,0.0
4508.0,4508.0,11.0,0.05195574462413788,0.00012,0.15097293257713318,0.0
4509.0,4509.0,11.0,0.0587439201772213,0.00012,0.11716299504041672,0.0
4510.0,4510.0,11.0,0.06467130780220032,0.00012,0.21074780821800232,0.0
4511.0,4511.0,11.0,0.05370183289051056,0.00012,0.07560023665428162,0.0
4512.0,4512.0,11.0,0.05578259378671646,0.00012,0.14706635475158691,0.0
4513.0,4513.0,11.0,0.05643477663397789,0.00012,0.15175485610961914,0.0
4514.0,4514.0,11.0,0.057350706309080124,0.00012,0.17738895118236542,0.0
4515.0,4515.0,11.0,0.06050938740372658,0.00012,0.12145531177520752,0.0
4516.0,4516.0,11.0,0.05821213498711586,0.00012,0.12944266200065613,0.0
4517.0,4517.0,11.0,0.054409608244895935,0.00012,0.09341125190258026,0.0
4518.0,4518.0,11.0,0.05530489981174469,0.00012,0.07965809851884842,0.0
4519.0,4519.0,11.0,0.054832953959703445,0.00012,0.12648214399814606,0.0
4520.0,4520.0,11.0,0.06679239869117737,0.00012,0.07898124307394028,0.0
4521.0,4521.0,11.0,0.059193458408117294,0.00012,0.14715522527694702,0.0
4522.0,4522.0,11.0,0.05168860778212547,0.00012,0.10107215493917465,0.0
4523.0,4523.0,11.0,0.0679694414138794,0.00012,0.1298447847366333,0.0
4524.0,4524.0,11.0,0.0664898231625557,0.00012,0.15631289780139923,0.0
4525.0,4525.0,11.0,0.05705830454826355,0.00012,0.17443792521953583,0.0
4526.0,4526.0,11.0,0.053299590945243835,0.00012,0.15540581941604614,0.0
4527.0,4527.0,11.0,0.05236208438873291,0.00012,0.10279545187950134,0.0
4528.0,4528.0,11.0,0.05133116617798805,0.00012,0.10864721238613129,0.0
4529.0,4529.0,11.0,0.05369541794061661,0.00012,0.1500493288040161,0.0
4530.0,4530.0,11.0,0.05860384553670883,0.00012,0.19000525772571564,0.0
4531.0,4531.0,11.0,0.06184045970439911,0.00012,0.1475674957036972,0.0
4532.0,4532.0,11.0,0.06283973157405853,0.00012,0.24894379079341888,0.0
4533.0,4533.0,11.0,0.04663444310426712,0.00012,0.16069398820400238,0.0
4534.0,4534.0,11.0,0.05791929364204407,0.00012,0.2061917930841446,0.0
4535.0,4535.0,11.0,0.055056050419807434,0.00012,0.1878661960363388,0.0
4536.0,4536.0,11.0,0.06576114892959595,0.00012,0.18529722094535828,0.0
4537.0,4537.0,11.0,0.056211475282907486,0.00012,0.19383585453033447,0.0
4538.0,4538.0,11.0,0.06868225336074829,0.00012,0.14683584868907928,0.0
4539.0,4539.0,11.0,0.05787572264671326,0.00012,0.2623319923877716,0.0
4540.0,4540.0,11.0,0.061585813760757446,0.00012,0.13417308032512665,0.0
4541.0,4541.0,11.0,0.06735333800315857,0.00012,0.2779828608036041,0.0
4542.0,4542.0,11.0,0.06871599704027176,0.00012,0.13472868502140045,0.0
4543.0,4543.0,11.0,0.058475106954574585,0.00012,0.19425293803215027,0.0
4544.0,4544.0,11.0,0.057933639734983444,0.00012,0.16818490624427795,0.0
4545.0,4545.0,11.0,0.07029636204242706,0.00012,0.11678778380155563,0.0
4546.0,4546.0,11.0,0.053220413625240326,0.00012,0.23016391694545746,0.0
4547.0,4547.0,11.0,0.05978134274482727,0.00012,0.10891780257225037,0.0
4548.0,4548.0,11.0,0.05669412761926651,0.00012,0.2142939418554306,0.0
4549.0,4549.0,11.0,0.04888499528169632,0.00012,0.10976823419332504,0.0
4550.0,4550.0,11.0,0.055813416838645935,0.00012,0.116551473736763,0.0
4551.0,4551.0,11.0,0.05201984941959381,0.00012,0.09788516908884048,0.0
4552.0,4552.0,11.0,0.04851214587688446,0.00012,0.09674857556819916,0.0
4553.0,4553.0,11.0,0.06471633911132812,0.00012,0.18679364025592804,0.0
4554.0,4554.0,11.0,0.047841448336839676,0.00012,0.07566879689693451,0.0
4555.0,4555.0,11.0,0.05968122184276581,0.00012,0.14209608733654022,0.0
4556.0,4556.0,11.0,0.054081276059150696,0.00012,0.09339434653520584,0.0
4557.0,4557.0,11.0,0.0658402219414711,0.00012,0.15720601379871368,0.0
4558.0,4558.0,11.0,0.05714132636785507,0.00012,0.12108772993087769,0.0
4559.0,4559.0,11.0,0.06380225718021393,0.00012,0.15962430834770203,0.0
4560.0,4560.0,11.0,0.07965724915266037,0.00012,0.19845826923847198,0.0
4561.0,4561.0,11.0,0.054618775844573975,0.00012,0.17040400207042694,0.0
4562.0,4562.0,11.0,0.057473450899124146,0.00012,0.1313919574022293,0.0
4563.0,4563.0,11.0,0.0693146288394928,0.00012,0.22831186652183533,0.0
4564.0,4564.0,11.0,0.05819985270500183,0.00012,0.17138029634952545,0.0
4565.0,4565.0,11.0,0.06239468231797218,0.00012,0.18568141758441925,0.0
4566.0,4566.0,11.0,0.05427291616797447,0.00012,0.16891859471797943,0.0
4567.0,4567.0,11.0,0.06469397246837616,0.00012,0.22091113030910492,0.0
4568.0,4568.0,11.0,0.06530007719993591,0.00012,0.12350060045719147,0.0
4569.0,4569.0,11.0,0.058634281158447266,0.00012,0.2398734986782074,0.0
4570.0,4570.0,11.0,0.08493141084909439,0.00012,0.2059657871723175,0.0
4571.0,4571.0,11.0,0.060416460037231445,0.00012,0.20000825822353363,0.0
4572.0,4572.0,11.0,0.05217696726322174,0.00012,0.25934842228889465,0.0
4573.0,4573.0,11.0,0.05483713001012802,0.00012,0.14641036093235016,0.0
4574.0,4574.0,11.0,0.057253461331129074,0.00012,0.2495221197605133,0.0
4575.0,4575.0,11.0,0.06547223031520844,0.00012,0.1692521721124649,0.0
4576.0,4576.0,11.0,0.07309209555387497,0.00012,0.18891489505767822,0.0
4577.0,4577.0,11.0,0.0516185387969017,0.00012,0.26083672046661377,0.0
4578.0,4578.0,11.0,0.056351158767938614,0.00012,0.17623139917850494,0.0
4579.0,4579.0,11.0,0.06236962974071503,0.00012,0.29705265164375305,0.0
4580.0,4580.0,11.0,0.06359180808067322,0.00012,0.16102182865142822,0.0
4581.0,4581.0,11.0,0.0671243667602539,0.00012,0.2249513864517212,0.0
4582.0,4582.0,11.0,0.07961536943912506,0.00012,0.15841855108737946,0.0
4583.0,4583.0,11.0,0.05481867492198944,0.00012,0.2550254464149475,0.0
4584.0,4584.0,11.0,0.06003544479608536,0.00012,0.1413830667734146,0.0
4585.0,4585.0,11.0,0.06453228741884232,0.00012,0.2321767359972,0.0
4586.0,4586.0,11.0,0.043048057705163956,0.00012,0.08875159919261932,0.0
4587.0,4587.0,11.0,0.0660807341337204,0.00012,0.19995784759521484,0.0
4588.0,4588.0,11.0,0.05818101763725281,0.00012,0.14593937993049622,0.0
4589.0,4589.0,11.0,0.06059141457080841,0.00012,0.16669368743896484,0.0
4590.0,4590.0,11.0,0.049591582268476486,0.00012,0.2607310712337494,0.0
4591.0,4591.0,11.0,0.0659574344754219,0.00012,0.14499935507774353,0.0
4592.0,4592.0,11.0,0.06183610484004021,0.00012,0.18194662034511566,0.0
4593.0,4593.0,11.0,0.05358385294675827,0.00012,0.09194276481866837,0.0
4594.0,4594.0,11.0,0.055176958441734314,0.00012,0.22803105413913727,0.0
4595.0,4595.0,11.0,0.06015678495168686,0.00012,0.11204303801059723,0.0
4596.0,4596.0,11.0,0.04337547719478607,0.00012,0.15987785160541534,0.0
4597.0,4597.0,11.0,0.058583155274391174,0.00012,0.1601429283618927,0.0
4598.0,4598.0,11.0,0.06552077829837799,0.00012,0.1519302874803543,0.0
4599.0,4599.0,11.0,0.057714417576789856,0.00012,0.10126014053821564,0.0
4600.0,4600.0,11.0,0.058035656809806824,0.00012,0.12460403144359589,0.0
4601.0,4601.0,11.0,0.05809572711586952,0.00012,0.10555162280797958,0.0
4602.0,4602.0,11.0,0.05702750012278557,0.00012,0.09294481575489044,0.0
4603.0,4603.0,11.0,0.0773182213306427,0.00012,0.14755651354789734,0.0
4604.0,4604.0,11.0,0.05613802745938301,0.00012,0.19074691832065582,0.0
4605.0,4605.0,11.0,0.05514316260814667,0.00012,0.14376425743103027,0.0
4606.0,4606.0,11.0,0.055855657905340195,0.00012,0.1980631947517395,0.0
4607.0,4607.0,11.0,0.0539650022983551,0.00012,0.1058347150683403,0.0
4608.0,4608.0,11.0,0.05162031948566437,0.00012,0.16395194828510284,0.0
4609.0,4609.0,11.0,0.05659366026520729,0.00012,0.1132262572646141,0.0
4610.0,4610.0,11.0,0.05202700197696686,0.00012,0.11646945029497147,0.0
4611.0,4611.0,11.0,0.05405355989933014,0.00012,0.15946194529533386,0.0
4612.0,4612.0,11.0,0.05875001847743988,0.00012,0.18143850564956665,0.0
4613.0,4613.0,11.0,0.06561580300331116,0.00012,0.14091922342777252,0.0
4614.0,4614.0,11.0,0.06306950002908707,0.00012,0.16772933304309845,0.0
4615.0,4615.0,11.0,0.053121574223041534,0.00012,0.1565294861793518,0.0
4616.0,4616.0,11.0,0.05734787881374359,0.00012,0.15342465043067932,0.0
4617.0,4617.0,11.0,0.05653918534517288,0.00012,0.18967565894126892,0.0
4618.0,4618.0,11.0,0.06484125554561615,0.00012,0.12119674682617188,0.0
4619.0,4619.0,11.0,0.05025801062583923,0.00012,0.1767035275697708,0.0
4620.0,4620.0,11.0,0.0524129644036293,0.00012,0.09166237711906433,0.0
4621.0,4621.0,11.0,0.0485541895031929,0.00012,0.1054287925362587,0.0
4622.0,4622.0,11.0,0.06136598438024521,0.00012,0.12338093668222427,0.0
4623.0,4623.0,11.0,0.05875182896852493,0.00012,0.10128441452980042,0.0
4624.0,4624.0,11.0,0.0531429722905159,0.00012,0.08796825259923935,0.0
4625.0,4625.0,11.0,0.07446365058422089,0.00012,0.11706617474555969,0.0
4626.0,4626.0,11.0,0.05278800055384636,0.00012,0.0876348465681076,0.0
4627.0,4627.0,11.0,0.061256419867277145,0.00012,0.12119215726852417,0.0
4628.0,4628.0,11.0,0.06726428121328354,0.00012,0.08823500573635101,0.0
4629.0,4629.0,11.0,0.055025745183229446,0.00012,0.08652892708778381,0.0
4630.0,4630.0,11.0,0.059213798493146896,0.00012,0.11056675016880035,0.0
4631.0,4631.0,11.0,0.06469432264566422,0.00012,0.09162107110023499,0.0
4632.0,4632.0,11.0,0.053355149924755096,0.00012,0.10777005553245544,0.0
4633.0,4633.0,11.0,0.062467314302921295,0.00012,0.08545374870300293,0.0
4634.0,4634.0,11.0,0.049691226333379745,0.00012,0.08412104845046997,0.0
4635.0,4635.0,11.0,0.0657360777258873,0.00012,0.10735781490802765,0.0
4636.0,4636.0,11.0,0.0671139657497406,0.00012,0.09955897927284241,0.0
4637.0,4637.0,11.0,0.0588916540145874,0.00012,0.13747814297676086,0.0
4638.0,4638.0,11.0,0.06674958765506744,0.00012,0.09834162890911102,0.0
4639.0,4639.0,11.0,0.06350962817668915,0.00012,0.1729867160320282,0.0
4640.0,4640.0,11.0,0.06360121816396713,0.00012,0.16586542129516602,0.0
4641.0,4641.0,11.0,0.06439793109893799,0.00012,0.10323067009449005,0.0
4642.0,4642.0,11.0,0.05974134802818298,0.00012,0.11170675605535507,0.0
4643.0,4643.0,11.0,0.047084201127290726,0.00012,0.09763938933610916,0.0
4644.0,4644.0,11.0,0.06911258399486542,0.00012,0.11389201134443283,0.0
4645.0,4645.0,11.0,0.04730144515633583,0.00012,0.12026691436767578,0.0
4646.0,4646.0,11.0,0.06731206178665161,0.00012,0.09389765560626984,0.0
4647.0,4647.0,11.0,0.054455168545246124,0.00012,0.12709160149097443,0.0
4648.0,4648.0,11.0,0.07234267145395279,0.00012,0.11501029878854752,0.0
4649.0,4649.0,11.0,0.06693483889102936,0.00012,0.08433141559362411,0.0
4650.0,4650.0,11.0,0.061099033802747726,0.00012,0.14698532223701477,0.0
4651.0,4651.0,11.0,0.0592515766620636,0.00012,0.1053132563829422,0.0
4652.0,4652.0,11.0,0.06326235830783844,0.00012,0.12828746438026428,0.0
4653.0,4653.0,11.0,0.04271116480231285,0.00012,0.15421147644519806,0.0
4654.0,4654.0,11.0,0.04132768511772156,0.00012,0.11548440158367157,0.0
4655.0,4655.0,11.0,0.06288275867700577,0.00012,0.1576264202594757,0.0
4656.0,4656.0,11.0,0.05999572575092316,0.00012,0.11292212456464767,0.0
4657.0,4657.0,11.0,0.055028583854436874,0.00012,0.15394850075244904,0.0
4658.0,4658.0,11.0,0.05026562884449959,0.00012,0.11630057543516159,0.0
4659.0,4659.0,11.0,0.06009472906589508,0.00012,0.22643056511878967,0.0
4660.0,4660.0,11.0,0.05480501800775528,0.00012,0.13743653893470764,0.0
4661.0,4661.0,11.0,0.053763363510370255,0.00012,0.17587311565876007,0.0
4662.0,4662.0,11.0,0.05724296718835831,0.00012,0.14772115647792816,0.0
4663.0,4663.0,11.0,0.07051896303892136,0.00012,0.15032672882080078,0.0
4664.0,4664.0,11.0,0.05142655968666077,0.00012,0.11739979684352875,0.0
4665.0,4665.0,11.0,0.06041138619184494,0.00012,0.1067887395620346,0.0
4666.0,4666.0,11.0,0.057298701256513596,0.00012,0.12360827624797821,0.0
4667.0,4667.0,11.0,0.06461034715175629,0.00012,0.12607252597808838,0.0
4668.0,4668.0,11.0,0.05250411480665207,0.00012,0.13228940963745117,0.0
4669.0,4669.0,11.0,0.05717187374830246,0.00012,0.08808186650276184,0.0
4670.0,4670.0,11.0,0.06464556604623795,0.00012,0.147450253367424,0.0
4671.0,4671.0,11.0,0.059894900768995285,0.00012,0.09438386559486389,0.0
4672.0,4672.0,11.0,0.047904450446367264,0.00012,0.17190100252628326,0.0
4673.0,4673.0,11.0,0.04621944576501846,0.00012,0.09654802083969116,0.0
4674.0,4674.0,11.0,0.06373196840286255,0.00012,0.1766645461320877,0.0
4675.0,4675.0,11.0,0.058241214603185654,0.00012,0.11324954777956009,0.0
4676.0,4676.0,11.0,0.056059785187244415,0.00012,0.15591397881507874,0.0
4677.0,4677.0,11.0,0.06708720326423645,0.00012,0.17905622720718384,0.0
4678.0,4678.0,11.0,0.06319351494312286,0.00012,0.10216401517391205,0.0
4679.0,4679.0,11.0,0.061187028884887695,0.00012,0.13922826945781708,0.0
4680.0,4680.0,11.0,0.06277984380722046,0.00012,0.14928503334522247,0.0
4681.0,4681.0,12.0,0.05301637202501297,0.00012,0.18222437798976898,0.0
4682.0,4682.0,12.0,0.061636608093976974,0.00012,0.09472399950027466,0.0
4683.0,4683.0,12.0,0.0643247738480568,0.00012,0.1266380250453949,0.0
4684.0,4684.0,12.0,0.04654065892100334,0.00012,0.18737924098968506,0.0
4685.0,4685.0,12.0,0.057534828782081604,0.00012,0.13003753125667572,0.0
4686.0,4686.0,12.0,0.05466790497303009,0.00012,0.18485106527805328,0.0
4687.0,4687.0,12.0,0.07323475182056427,0.00012,0.19304367899894714,0.0
4688.0,4688.0,12.0,0.05222436785697937,0.00012,0.21552756428718567,0.0
4689.0,4689.0,12.0,0.06485634297132492,0.00012,0.1757507622241974,0.0
4690.0,4690.0,12.0,0.05550190433859825,0.00012,0.1915474832057953,0.0
4691.0,4691.0,12.0,0.06525193154811859,0.00012,0.1491965651512146,0.0
4692.0,4692.0,12.0,0.04859451949596405,0.00012,0.1152883768081665,0.0
4693.0,4693.0,12.0,0.05487991124391556,0.00012,0.17274370789527893,0.0
4694.0,4694.0,12.0,0.04975174367427826,0.00012,0.09015696495771408,0.0
4695.0,4695.0,12.0,0.048138029873371124,0.00012,0.1360483318567276,0.0
4696.0,4696.0,12.0,0.07249397039413452,0.00012,0.16323627531528473,0.0
4697.0,4697.0,12.0,0.044431865215301514,0.00012,0.0746021568775177,0.0
4698.0,4698.0,12.0,0.06919357925653458,0.00012,0.22153282165527344,0.0
4699.0,4699.0,12.0,0.05063432455062866,0.00012,0.16113512217998505,0.0
4700.0,4700.0,12.0,0.05096917226910591,0.00012,0.24421560764312744,0.0
4701.0,4701.0,12.0,0.0670594871044159,0.00012,0.17917245626449585,0.0
4702.0,4702.0,12.0,0.06472201645374298,0.00012,0.21916094422340393,0.0
4703.0,4703.0,12.0,0.06526552140712738,0.00012,0.19939056038856506,0.0
4704.0,4704.0,12.0,0.061678774654865265,0.00012,0.2204349935054779,0.0
4705.0,4705.0,12.0,0.06050784885883331,0.00012,0.18871745467185974,0.0
4706.0,4706.0,12.0,0.049511827528476715,0.00012,0.2041330635547638,0.0
4707.0,4707.0,12.0,0.0709555596113205,0.00012,0.21509042382240295,0.0
4708.0,4708.0,12.0,0.05722085013985634,0.00012,0.29599353671073914,0.0
4709.0,4709.0,12.0,0.06186143308877945,0.00012,0.13512223958969116,0.0
4710.0,4710.0,12.0,0.05203711986541748,0.00012,0.2815920412540436,0.0
4711.0,4711.0,12.0,0.05269460380077362,0.00012,0.13415397703647614,0.0
4712.0,4712.0,12.0,0.0539032444357872,0.00012,0.2715909481048584,0.0
4713.0,4713.0,12.0,0.05185266584157944,0.00012,0.19094902276992798,0.0
4714.0,4714.0,12.0,0.05482397973537445,0.00012,0.15579956769943237,0.0
4715.0,4715.0,12.0,0.06785843521356583,0.00012,0.2601897418498993,0.0
4716.0,4716.0,12.0,0.06075482815504074,0.00012,0.10381540656089783,0.0
4717.0,4717.0,12.0,0.05554826557636261,0.00012,0.25112786889076233,0.0
4718.0,4718.0,12.0,0.05836019292473793,0.00012,0.24653133749961853,0.0
4719.0,4719.0,12.0,0.06694704294204712,0.00012,0.25235748291015625,0.0
4720.0,4720.0,12.0,0.058502379804849625,0.00012,0.2672049403190613,0.0
4721.0,4721.0,12.0,0.04752149432897568,0.00012,0.2005814015865326,0.0
4722.0,4722.0,12.0,0.08744095265865326,0.00012,0.1906980574131012,0.0
4723.0,4723.0,12.0,0.049174193292856216,0.00012,0.15985967218875885,0.0
4724.0,4724.0,12.0,0.05518915504217148,0.00012,0.2576025128364563,0.0
4725.0,4725.0,12.0,0.06208407133817673,0.00012,0.11067020148038864,0.0
4726.0,4726.0,12.0,0.05526820570230484,0.00012,0.1618727445602417,0.0
4727.0,4727.0,12.0,0.05855477973818779,0.00012,0.2140841782093048,0.0
4728.0,4728.0,12.0,0.07675352692604065,0.00012,0.17583249509334564,0.0
4729.0,4729.0,12.0,0.05915123224258423,0.00012,0.1972300261259079,0.0
4730.0,4730.0,12.0,0.05580858513712883,0.00012,0.1799580603837967,0.0
4731.0,4731.0,12.0,0.0740620344877243,0.00012,0.1628207415342331,0.0
4732.0,4732.0,12.0,0.06684046983718872,0.00012,0.12453290075063705,0.0
4733.0,4733.0,12.0,0.05271201580762863,0.00012,0.1837599128484726,0.0
4734.0,4734.0,12.0,0.05426894873380661,0.00012,0.140227809548378,0.0
4735.0,4735.0,12.0,0.05918934941291809,0.00012,0.1903906613588333,0.0
4736.0,4736.0,12.0,0.04952701926231384,0.00012,0.18554046750068665,0.0
4737.0,4737.0,12.0,0.059908173978328705,0.00012,0.1349048912525177,0.0
4738.0,4738.0,12.0,0.053560059517621994,0.00012,0.19606877863407135,0.0
4739.0,4739.0,12.0,0.06256664544343948,0.00012,0.135213240981102,0.0
4740.0,4740.0,12.0,0.04590076953172684,0.00012,0.08909003436565399,0.0
4741.0,4741.0,12.0,0.06992413103580475,0.00012,0.17995783686637878,0.0
4742.0,4742.0,12.0,0.04915810003876686,0.00012,0.11042381078004837,0.0
4743.0,4743.0,12.0,0.052526287734508514,0.00012,0.11676643788814545,0.0
4744.0,4744.0,12.0,0.0492781400680542,0.00012,0.12137710303068161,0.0
4745.0,4745.0,12.0,0.06342683732509613,0.00012,0.11998815834522247,0.0
4746.0,4746.0,12.0,0.050279829651117325,0.00012,0.14236310124397278,0.0
4747.0,4747.0,12.0,0.049168072640895844,0.00012,0.06407845765352249,0.0
4748.0,4748.0,12.0,0.06384070217609406,0.00012,0.12560950219631195,0.0
4749.0,4749.0,12.0,0.05111665278673172,0.00012,0.07399596273899078,0.0
4750.0,4750.0,12.0,0.054359070956707,0.00012,0.11081735789775848,0.0
4751.0,4751.0,12.0,0.059949394315481186,0.00012,0.09897251427173615,0.0
4752.0,4752.0,12.0,0.05827367678284645,0.00012,0.13596491515636444,0.0
4753.0,4753.0,12.0,0.07211044430732727,0.00012,0.14198090136051178,0.0
4754.0,4754.0,12.0,0.05439470708370209,0.00012,0.10221755504608154,0.0
4755.0,4755.0,12.0,0.06419152766466141,0.00012,0.1596202552318573,0.0
4756.0,4756.0,12.0,0.057554326951503754,0.00012,0.10193751007318497,0.0
4757.0,4757.0,12.0,0.06456590443849564,0.00012,0.10660771280527115,0.0
4758.0,4758.0,12.0,0.04915659874677658,0.00012,0.15933947265148163,0.0
4759.0,4759.0,12.0,0.05411423742771149,0.00012,0.12711164355278015,0.0
4760.0,4760.0,12.0,0.055840395390987396,0.00012,0.09860868752002716,0.0
4761.0,4761.0,12.0,0.05454082041978836,0.00012,0.19577358663082123,0.0
4762.0,4762.0,12.0,0.05427863821387291,0.00012,0.1648351401090622,0.0
4763.0,4763.0,12.0,0.05389201641082764,0.00012,0.13943248987197876,0.0
4764.0,4764.0,12.0,0.06346048414707184,0.00012,0.22112613916397095,0.0
4765.0,4765.0,12.0,0.04790937155485153,0.00012,0.14406539499759674,0.0
4766.0,4766.0,12.0,0.0515037439763546,0.00012,0.18214483559131622,0.0
4767.0,4767.0,12.0,0.0513819083571434,0.00012,0.19441960752010345,0.0
4768.0,4768.0,12.0,0.07071938365697861,0.00012,0.12705571949481964,0.0
4769.0,4769.0,12.0,0.06692354381084442,0.00012,0.13015617430210114,0.0
4770.0,4770.0,12.0,0.054942596703767776,0.00012,0.24628734588623047,0.0
4771.0,4771.0,12.0,0.060779135674238205,0.00012,0.16240739822387695,0.0
4772.0,4772.0,12.0,0.06962491571903229,0.00012,0.12483657151460648,0.0
4773.0,4773.0,12.0,0.05345657095313072,0.00012,0.13661742210388184,0.0
4774.0,4774.0,12.0,0.06957449018955231,0.00012,0.12883172929286957,0.0
4775.0,4775.0,12.0,0.0571773499250412,0.00012,0.09617844969034195,0.0
4776.0,4776.0,12.0,0.055619776248931885,0.00012,0.19555796682834625,0.0
4777.0,4777.0,12.0,0.04969716817140579,0.00012,0.10754408687353134,0.0
4778.0,4778.0,12.0,0.06609111279249191,0.00012,0.19799421727657318,0.0
4779.0,4779.0,12.0,0.06202266365289688,0.00012,0.1581842452287674,0.0
4780.0,4780.0,12.0,0.05692998692393303,0.00012,0.17718079686164856,0.0
4781.0,4781.0,12.0,0.07621990144252777,0.00012,0.17204579710960388,0.0
4782.0,4782.0,12.0,0.08904293924570084,0.00012,0.1476936787366867,0.0
4783.0,4783.0,12.0,0.054817911237478256,0.00012,0.15381158888339996,0.0
4784.0,4784.0,12.0,0.06380944699048996,0.00012,0.0951177254319191,0.0
4785.0,4785.0,12.0,0.06626878678798676,0.00012,0.13764768838882446,0.0
4786.0,4786.0,12.0,0.06141691654920578,0.00012,0.11224013566970825,0.0
4787.0,4787.0,12.0,0.05576024949550629,0.00012,0.09494546055793762,0.0
4788.0,4788.0,12.0,0.05732551962137222,0.00012,0.1851353794336319,0.0
4789.0,4789.0,12.0,0.06370775401592255,0.00012,0.14321446418762207,0.0
4790.0,4790.0,12.0,0.06148112565279007,0.00012,0.16897347569465637,0.0
4791.0,4791.0,12.0,0.055723968893289566,0.00012,0.10725577175617218,0.0
4792.0,4792.0,12.0,0.051045678555965424,0.00012,0.1304042488336563,0.0
4793.0,4793.0,12.0,0.05537373572587967,0.00012,0.1275545209646225,0.0
4794.0,4794.0,12.0,0.055034976452589035,0.00012,0.10989760607481003,0.0
4795.0,4795.0,12.0,0.06079556420445442,0.00012,0.1022522896528244,0.0
4796.0,4796.0,12.0,0.05822454020380974,0.00012,0.12826360762119293,0.0
4797.0,4797.0,12.0,0.05955543369054794,0.00012,0.11592080444097519,0.0
4798.0,4798.0,12.0,0.05056992918252945,0.00012,0.102154940366745,0.0
4799.0,4799.0,12.0,0.06274858117103577,0.00012,0.20207396149635315,0.0
4800.0,4800.0,12.0,0.0708668902516365,0.00012,0.1251605898141861,0.0
4801.0,4801.0,12.0,0.0517115518450737,0.00012,0.19078999757766724,0.0
4802.0,4802.0,12.0,0.07034070044755936,0.00012,0.11721464991569519,0.0
4803.0,4803.0,12.0,0.06699690222740173,0.00012,0.120034359395504,0.0
4804.0,4804.0,12.0,0.04644463211297989,0.00012,0.20301112532615662,0.0
4805.0,4805.0,12.0,0.05713929980993271,0.00012,0.1497720181941986,0.0
4806.0,4806.0,12.0,0.047834232449531555,0.00012,0.1975993514060974,0.0
4807.0,4807.0,12.0,0.06012527272105217,0.00012,0.1165473684668541,0.0
4808.0,4808.0,12.0,0.05683101713657379,0.00012,0.2531997561454773,0.0
4809.0,4809.0,12.0,0.06315972656011581,0.00012,0.1253247708082199,0.0
4810.0,4810.0,12.0,0.053606946021318436,0.00012,0.17562907934188843,0.0
4811.0,4811.0,12.0,0.05594741925597191,0.00012,0.09128190577030182,0.0
4812.0,4812.0,12.0,0.05356660112738609,0.00012,0.09266816079616547,0.0
4813.0,4813.0,12.0,0.07393375039100647,0.00012,0.12963798642158508,0.0
4814.0,4814.0,12.0,0.077650286257267,0.00012,0.16207225620746613,0.0
4815.0,4815.0,12.0,0.05893375352025032,0.00012,0.14537453651428223,0.0
4816.0,4816.0,12.0,0.052810702472925186,0.00012,0.1302434653043747,0.0
4817.0,4817.0,12.0,0.06499028950929642,0.00012,0.12508349120616913,0.0
4818.0,4818.0,12.0,0.05198796093463898,0.00012,0.10514094680547714,0.0
4819.0,4819.0,12.0,0.06067908927798271,0.00012,0.11297079175710678,0.0
4820.0,4820.0,12.0,0.0529269278049469,0.00012,0.11756589263677597,0.0
4821.0,4821.0,12.0,0.049886804074048996,0.00012,0.12471363693475723,0.0
4822.0,4822.0,12.0,0.05284954607486725,0.00012,0.18223842978477478,0.0
4823.0,4823.0,12.0,0.06617867946624756,0.00012,0.11410901695489883,0.0
4824.0,4824.0,12.0,0.046239353716373444,0.00012,0.14125896990299225,0.0
4825.0,4825.0,12.0,0.05516017973423004,0.00012,0.15287192165851593,0.0
4826.0,4826.0,12.0,0.0758499950170517,0.00012,0.10931859165430069,0.0
4827.0,4827.0,12.0,0.06643814593553543,0.00012,0.12872794270515442,0.0
4828.0,4828.0,12.0,0.048433221876621246,0.00012,0.05529051274061203,0.0
4829.0,4829.0,12.0,0.06909926235675812,0.00012,0.17982415854930878,0.0
4830.0,4830.0,12.0,0.049042709171772,0.00012,0.11272719502449036,0.0
4831.0,4831.0,12.0,0.05704115331172943,0.00012,0.10640803724527359,0.0
4832.0,4832.0,12.0,0.06356815993785858,0.00012,0.07820837944746017,0.0
4833.0,4833.0,12.0,0.04640400782227516,0.00012,0.10812817513942719,0.0
4834.0,4834.0,12.0,0.05437728762626648,0.00012,0.11262593418359756,0.0
4835.0,4835.0,12.0,0.055640045553445816,0.00012,0.15208248794078827,0.0
4836.0,4836.0,12.0,0.04643659293651581,0.00012,0.10438092052936554,0.0
4837.0,4837.0,12.0,0.07111480087041855,0.00012,0.17516744136810303,0.0
4838.0,4838.0,12.0,0.05106580629944801,0.00012,0.09079808741807938,0.0
4839.0,4839.0,12.0,0.056622013449668884,0.00012,0.16706524789333344,0.0
4840.0,4840.0,12.0,0.059002939611673355,0.00012,0.16381852328777313,0.0
4841.0,4841.0,12.0,0.06781632453203201,0.00012,0.12077470123767853,0.0
4842.0,4842.0,12.0,0.05732050538063049,0.00012,0.19543172419071198,0.0
4843.0,4843.0,12.0,0.06299789994955063,0.00012,0.1254390925168991,0.0
4844.0,4844.0,12.0,0.06191433593630791,0.00012,0.11463611572980881,0.0
4845.0,4845.0,12.0,0.05815613269805908,0.00012,0.16140545904636383,0.0
4846.0,4846.0,12.0,0.06411329656839371,0.00012,0.1489424854516983,0.0
4847.0,4847.0,12.0,0.04693565517663956,0.00012,0.07761330157518387,0.0
4848.0,4848.0,12.0,0.06519171595573425,0.00012,0.18430392444133759,0.0
4849.0,4849.0,12.0,0.047820691019296646,0.00012,0.07314174622297287,0.0
4850.0,4850.0,12.0,0.060267042368650436,0.00012,0.1355191171169281,0.0
4851.0,4851.0,12.0,0.0588749423623085,0.00012,0.08480685204267502,0.0
4852.0,4852.0,12.0,0.049790650606155396,0.00012,0.08558519929647446,0.0
4853.0,4853.0,12.0,0.07458298653364182,0.00012,0.1093304306268692,0.0
4854.0,4854.0,12.0,0.05102485790848732,0.00012,0.15263594686985016,0.0
4855.0,4855.0,12.0,0.07041831314563751,0.00012,0.16241994500160217,0.0
4856.0,4856.0,12.0,0.06556520611047745,0.00012,0.13447807729244232,0.0
4857.0,4857.0,12.0,0.050089575350284576,0.00012,0.1355673223733902,0.0
4858.0,4858.0,12.0,0.06303238868713379,0.00012,0.12950824201107025,0.0
4859.0,4859.0,12.0,0.06088238209486008,0.00012,0.14392675459384918,0.0
4860.0,4860.0,12.0,0.061418548226356506,0.00012,0.09038586169481277,0.0
4861.0,4861.0,12.0,0.07702621072530746,0.00012,0.14270800352096558,0.0
4862.0,4862.0,12.0,0.050501443445682526,0.00012,0.10935142636299133,0.0
4863.0,4863.0,12.0,0.062032945454120636,0.00012,0.11215174943208694,0.0
4864.0,4864.0,12.0,0.05397807061672211,0.00012,0.17489877343177795,0.0
4865.0,4865.0,12.0,0.06339994072914124,0.00012,0.1643075793981552,0.0
4866.0,4866.0,12.0,0.05577908083796501,0.00012,0.13474398851394653,0.0
4867.0,4867.0,12.0,0.05870532989501953,0.00012,0.10485780984163284,0.0
4868.0,4868.0,12.0,0.048771146684885025,0.00012,0.12041880935430527,0.0
4869.0,4869.0,12.0,0.05502818524837494,0.00012,0.07965739071369171,0.0
4870.0,4870.0,12.0,0.051530394703149796,0.00012,0.10979205369949341,0.0
4871.0,4871.0,12.0,0.04458601027727127,0.00012,0.10293048620223999,0.0
4872.0,4872.0,12.0,0.06734712421894073,0.00012,0.15437501668930054,0.0
4873.0,4873.0,12.0,0.049740470945835114,0.00012,0.11266263574361801,0.0
4874.0,4874.0,12.0,0.051835544407367706,0.00012,0.13914938271045685,0.0
4875.0,4875.0,12.0,0.06139129400253296,0.00012,0.14473587274551392,0.0
4876.0,4876.0,12.0,0.06645988672971725,0.00012,0.2177278995513916,0.0
4877.0,4877.0,12.0,0.06516469269990921,0.00012,0.15853305160999298,0.0
4878.0,4878.0,12.0,0.055261194705963135,0.00012,0.20957155525684357,0.0
4879.0,4879.0,12.0,0.05609270930290222,0.00012,0.12686775624752045,0.0
4880.0,4880.0,12.0,0.05702764168381691,0.00012,0.13441665470600128,0.0
4881.0,4881.0,12.0,0.06390924751758575,0.00012,0.11005406081676483,0.0
4882.0,4882.0,12.0,0.04745767265558243,0.00012,0.1280621737241745,0.0
4883.0,4883.0,12.0,0.057997554540634155,0.00012,0.13189716637134552,0.0
4884.0,4884.0,12.0,0.05970541015267372,0.00012,0.16006699204444885,0.0
4885.0,4885.0,12.0,0.06736724078655243,0.00012,0.10616183280944824,0.0
4886.0,4886.0,12.0,0.07268992066383362,0.00012,0.12016021460294724,0.0
4887.0,4887.0,12.0,0.05983556807041168,0.00012,0.1982589066028595,0.0
4888.0,4888.0,12.0,0.059360384941101074,0.00012,0.10243692249059677,0.0
4889.0,4889.0,12.0,0.05597350001335144,0.00012,0.18523891270160675,0.0
4890.0,4890.0,12.0,0.05450080335140228,0.00012,0.13052459061145782,0.0
4891.0,4891.0,12.0,0.06109020113945007,0.00012,0.14361853897571564,0.0
4892.0,4892.0,12.0,0.0662926733493805,0.00012,0.1705392748117447,0.0
4893.0,4893.0,12.0,0.06525320559740067,0.00012,0.1846281737089157,0.0
4894.0,4894.0,12.0,0.06650026142597198,0.00012,0.09622333943843842,0.0
4895.0,4895.0,12.0,0.04786752909421921,0.00012,0.1157379150390625,0.0
4896.0,4896.0,12.0,0.08086976408958435,0.00012,0.1437043994665146,0.0
4897.0,4897.0,12.0,0.07496647536754608,0.00012,0.10359615087509155,0.0
4898.0,4898.0,12.0,0.060998305678367615,0.00012,0.12635013461112976,0.0
4899.0,4899.0,12.0,0.07954315841197968,0.00012,0.18582364916801453,0.0
4900.0,4900.0,12.0,0.05479886382818222,0.00012,0.10718828439712524,0.0
4901.0,4901.0,12.0,0.05131034553050995,0.00012,0.18723899126052856,0.0
4902.0,4902.0,12.0,0.053031280636787415,0.00012,0.11556048691272736,0.0
4903.0,4903.0,12.0,0.0483233705163002,0.00012,0.1252366155385971,0.0
4904.0,4904.0,12.0,0.058519262820482254,0.00012,0.09276928752660751,0.0
4905.0,4905.0,12.0,0.06171885132789612,0.00012,0.1564548909664154,0.0
4906.0,4906.0,12.0,0.050117455422878265,0.00012,0.13453251123428345,0.0
4907.0,4907.0,12.0,0.05688740685582161,0.00012,0.10213761776685715,0.0
4908.0,4908.0,12.0,0.06382723897695541,0.00012,0.21175122261047363,0.0
4909.0,4909.0,12.0,0.051321402192115784,0.00012,0.10378824919462204,0.0
4910.0,4910.0,12.0,0.05690929293632507,0.00012,0.17529307305812836,0.0
4911.0,4911.0,12.0,0.04238514229655266,0.00012,0.12725360691547394,0.0
4912.0,4912.0,12.0,0.06771636009216309,0.00012,0.13828864693641663,0.0
4913.0,4913.0,12.0,0.05553290247917175,0.00012,0.15588179230690002,0.0
4914.0,4914.0,12.0,0.05608140677213669,0.00012,0.1501726359128952,0.0
4915.0,4915.0,12.0,0.06671793013811111,0.00012,0.10445818305015564,0.0
4916.0,4916.0,12.0,0.0705946534872055,0.00012,0.10633054375648499,0.0
4917.0,4917.0,12.0,0.049994733184576035,0.00012,0.10621757060289383,0.0
4918.0,4918.0,12.0,0.05246954783797264,0.00012,0.11278899759054184,0.0
4919.0,4919.0,12.0,0.06870558857917786,0.00012,0.21181192994117737,0.0
4920.0,4920.0,12.0,0.05839118734002113,0.00012,0.12371493130922318,0.0
4921.0,4921.0,12.0,0.058955393731594086,0.00012,0.2034895271062851,0.0
4922.0,4922.0,12.0,0.06262334436178207,0.00012,0.09054521471261978,0.0
4923.0,4923.0,12.0,0.061877522617578506,0.00012,0.2461201399564743,0.0
4924.0,4924.0,12.0,0.05852801352739334,0.00012,0.128463476896286,0.0
4925.0,4925.0,12.0,0.05607838183641434,0.00012,0.16308610141277313,0.0
4926.0,4926.0,12.0,0.06358858942985535,0.00012,0.13559754192829132,0.0
4927.0,4927.0,12.0,0.07428313791751862,0.00012,0.13507060706615448,0.0
4928.0,4928.0,12.0,0.05744193494319916,0.00012,0.1354067474603653,0.0
4929.0,4929.0,12.0,0.06313885748386383,0.00012,0.11424479633569717,0.0
4930.0,4930.0,12.0,0.05437220633029938,0.00012,0.1505637913942337,0.0
4931.0,4931.0,12.0,0.05928521603345871,0.00012,0.11677934229373932,0.0
4932.0,4932.0,12.0,0.05822686478495598,0.00012,0.11946029216051102,0.0
4933.0,4933.0,12.0,0.054049260914325714,0.00012,0.14201979339122772,0.0
4934.0,4934.0,12.0,0.05159543454647064,0.00012,0.16085185110569,0.0
4935.0,4935.0,12.0,0.05362098291516304,0.00012,0.15830887854099274,0.0
4936.0,4936.0,12.0,0.08119060099124908,0.00012,0.15245409309864044,0.0
4937.0,4937.0,12.0,0.05631565302610397,0.00012,0.11816301941871643,0.0
4938.0,4938.0,12.0,0.07147752493619919,0.00012,0.19910983741283417,0.0
4939.0,4939.0,12.0,0.06708032637834549,0.00012,0.08696931600570679,0.0
4940.0,4940.0,12.0,0.05554157868027687,0.00012,0.16704849898815155,0.0
4941.0,4941.0,12.0,0.05519372597336769,0.00012,0.14160194993019104,0.0
4942.0,4942.0,12.0,0.06869472563266754,0.00012,0.12375452369451523,0.0
4943.0,4943.0,12.0,0.04839712753891945,0.00012,0.06972385942935944,0.0
4944.0,4944.0,12.0,0.053089506924152374,0.00012,0.19495946168899536,0.0
4945.0,4945.0,12.0,0.08786430954933167,0.00012,0.11037691682577133,0.0
4946.0,4946.0,12.0,0.055119194090366364,0.00012,0.13501007854938507,0.0
4947.0,4947.0,12.0,0.061917729675769806,0.00012,0.1420508772134781,0.0
4948.0,4948.0,12.0,0.058535076677799225,0.00012,0.1609567254781723,0.0
4949.0,4949.0,12.0,0.056766852736473083,0.00012,0.17352013289928436,0.0
4950.0,4950.0,12.0,0.05483468249440193,0.00012,0.13174094259738922,0.0
4951.0,4951.0,12.0,0.06083428114652634,0.00012,0.12213990092277527,0.0
4952.0,4952.0,12.0,0.05551804229617119,0.00012,0.1599685251712799,0.0
4953.0,4953.0,12.0,0.06767316907644272,0.00012,0.13352440297603607,0.0
4954.0,4954.0,12.0,0.05954119190573692,0.00012,0.16293445229530334,0.0
4955.0,4955.0,12.0,0.06921735405921936,0.00012,0.13601917028427124,0.0
4956.0,4956.0,12.0,0.06974229216575623,0.00012,0.153196319937706,0.0
4957.0,4957.0,12.0,0.05625218152999878,0.00012,0.07387050986289978,0.0
4958.0,4958.0,12.0,0.0677235946059227,0.00012,0.13283100724220276,0.0
4959.0,4959.0,12.0,0.0655624121427536,0.00012,0.11214583367109299,0.0
4960.0,4960.0,12.0,0.07004593312740326,0.00012,0.1826820820569992,0.0
4961.0,4961.0,12.0,0.04787925258278847,0.00012,0.07918252795934677,0.0
4962.0,4962.0,12.0,0.05695631355047226,0.00012,0.2253459244966507,0.0
4963.0,4963.0,12.0,0.057536572217941284,0.00012,0.10976453125476837,0.0
4964.0,4964.0,12.0,0.06171618402004242,0.00012,0.18138134479522705,0.0
4965.0,4965.0,12.0,0.05838370323181152,0.00012,0.12721166014671326,0.0
4966.0,4966.0,12.0,0.05702456086874008,0.00012,0.15239639580249786,0.0
4967.0,4967.0,12.0,0.04793548211455345,0.00012,0.11864962428808212,0.0
4968.0,4968.0,12.0,0.05216788873076439,0.00012,0.11961274594068527,0.0
4969.0,4969.0,12.0,0.05333709344267845,0.00012,0.09523890912532806,0.0
4970.0,4970.0,12.0,0.06599068641662598,0.00012,0.20720411837100983,0.0
4971.0,4971.0,12.0,0.0692915990948677,0.00012,0.09764406830072403,0.0
4972.0,4972.0,12.0,0.06386720389127731,0.00012,0.16302965581417084,0.0
4973.0,4973.0,12.0,0.056455500423908234,0.00012,0.1296449899673462,0.0
4974.0,4974.0,12.0,0.0539499893784523,0.00012,0.10991599410772324,0.0
4975.0,4975.0,12.0,0.06447074562311172,0.00012,0.13601239025592804,0.0
4976.0,4976.0,12.0,0.055443037301301956,0.00012,0.12749217450618744,0.0
4977.0,4977.0,12.0,0.05194073170423508,0.00012,0.14091309905052185,0.0
4978.0,4978.0,12.0,0.05434083938598633,0.00012,0.12488868087530136,0.0
4979.0,4979.0,12.0,0.05050170049071312,0.00012,0.09969212859869003,0.0
4980.0,4980.0,12.0,0.04799947142601013,0.00012,0.06220501288771629,0.0
4981.0,4981.0,12.0,0.06281495094299316,0.00012,0.1005316823720932,0.0
4982.0,4982.0,12.0,0.06496468186378479,0.00012,0.1032099649310112,0.0
4983.0,4983.0,12.0,0.0498199500143528,0.00012,0.08511032164096832,0.0
4984.0,4984.0,12.0,0.05247107148170471,0.00012,0.1269402951002121,0.0
4985.0,4985.0,12.0,0.04535382241010666,0.00012,0.12481483072042465,0.0
4986.0,4986.0,12.0,0.05424705520272255,0.00012,0.0771019384264946,0.0
4987.0,4987.0,12.0,0.06335234642028809,0.00012,0.10209069401025772,0.0
4988.0,4988.0,12.0,0.059260930866003036,0.00012,0.13017594814300537,0.0
4989.0,4989.0,12.0,0.051206715404987335,0.00012,0.12445063889026642,0.0
4990.0,4990.0,12.0,0.056084007024765015,0.00012,0.11606026440858841,0.0
4991.0,4991.0,12.0,0.07455345243215561,0.00012,0.1344461590051651,0.0
4992.0,4992.0,12.0,0.05099864304065704,0.00012,0.14821788668632507,0.0
4993.0,4993.0,12.0,0.06304538249969482,0.00012,0.10691367089748383,0.0
4994.0,4994.0,12.0,0.06309357285499573,0.00012,0.18739162385463715,0.0
4995.0,4995.0,12.0,0.06116887554526329,0.00012,0.12442886084318161,0.0
4996.0,4996.0,12.0,0.05074021592736244,0.00012,0.10446766763925552,0.0
4997.0,4997.0,12.0,0.0638975203037262,0.00012,0.1435963660478592,0.0
4998.0,4998.0,12.0,0.05777310952544212,0.00012,0.11647898703813553,0.0
4999.0,4999.0,12.0,0.05780375376343727,0.00012,0.11668581515550613,0.0
5000.0,5000.0,12.0,0.053515780717134476,0.00012,0.09137027710676193,0.0
5001.0,5001.0,12.0,0.06409277021884918,0.00012,0.20136423408985138,0.0
5002.0,5002.0,12.0,0.055311523377895355,0.00012,0.07882823050022125,0.0
5003.0,5003.0,12.0,0.0661541149020195,0.00012,0.2215454876422882,0.0
5004.0,5004.0,12.0,0.054584864526987076,0.00012,0.09038437157869339,0.0
5005.0,5005.0,12.0,0.05216173827648163,0.00012,0.14119760692119598,0.0
5006.0,5006.0,12.0,0.0673057809472084,0.00012,0.16162024438381195,0.0
5007.0,5007.0,12.0,0.07017704844474792,0.00012,0.12460126727819443,0.0
5008.0,5008.0,12.0,0.0555485337972641,0.00012,0.1742313802242279,0.0
5009.0,5009.0,12.0,0.068362757563591,0.00012,0.10832676291465759,0.0
5010.0,5010.0,12.0,0.07319939136505127,0.00012,0.1824246495962143,0.0
5011.0,5011.0,12.0,0.06697545945644379,0.00012,0.24429449439048767,0.0
5012.0,5012.0,12.0,0.0507146418094635,0.00012,0.183199942111969,0.0
5013.0,5013.0,12.0,0.05425354093313217,0.00012,0.20219452679157257,0.0
5014.0,5014.0,12.0,0.062215808779001236,0.00012,0.21882854402065277,0.0
5015.0,5015.0,12.0,0.05878060311079025,0.00012,0.16951988637447357,0.0
5016.0,5016.0,12.0,0.05375447869300842,0.00012,0.140715092420578,0.0
5017.0,5017.0,12.0,0.06836199760437012,0.00012,0.18498235940933228,0.0
5018.0,5018.0,12.0,0.039987266063690186,0.00012,0.1817227303981781,0.0
5019.0,5019.0,12.0,0.056182969361543655,0.00012,0.13262897729873657,0.0
5020.0,5020.0,12.0,0.07433341443538666,0.00012,0.21753144264221191,0.0
5021.0,5021.0,12.0,0.04956032335758209,0.00012,0.10986130684614182,0.0
5022.0,5022.0,12.0,0.06632130593061447,0.00012,0.12229558825492859,0.0
5023.0,5023.0,12.0,0.06208924576640129,0.00012,0.1600441038608551,0.0
5024.0,5024.0,12.0,0.05563361942768097,0.00012,0.10828440636396408,0.0
5025.0,5025.0,12.0,0.056384287774562836,0.00012,0.13884727656841278,0.0
5026.0,5026.0,12.0,0.0730995237827301,0.00012,0.09374270588159561,0.0
5027.0,5027.0,12.0,0.060064028948545456,0.00012,0.13974232971668243,0.0
5028.0,5028.0,12.0,0.06571877002716064,0.00012,0.1113046407699585,0.0
5029.0,5029.0,12.0,0.06510742753744125,0.00012,0.1767730861902237,0.0
5030.0,5030.0,12.0,0.06162044778466225,0.00012,0.11727025359869003,0.0
5031.0,5031.0,12.0,0.05438420549035072,0.00012,0.20155911147594452,0.0
5032.0,5032.0,12.0,0.06325943768024445,0.00012,0.13427050411701202,0.0
5033.0,5033.0,12.0,0.06961987912654877,0.00012,0.14090199768543243,0.0
5034.0,5034.0,12.0,0.07145299762487411,0.00012,0.11548018455505371,0.0
5035.0,5035.0,12.0,0.06542453169822693,0.00012,0.1315939873456955,0.0
5036.0,5036.0,12.0,0.061430737376213074,0.00012,0.16464589536190033,0.0
5037.0,5037.0,12.0,0.0530824288725853,0.00012,0.14009737968444824,0.0
5038.0,5038.0,12.0,0.05495964735746384,0.00012,0.15202805399894714,0.0
5039.0,5039.0,12.0,0.05876658484339714,0.00012,0.2134389579296112,0.0
5040.0,5040.0,12.0,0.05864745378494263,0.00012,0.13611669838428497,0.0
5041.0,5041.0,12.0,0.050841085612773895,0.00012,0.19599252939224243,0.0
5042.0,5042.0,12.0,0.0716283991932869,0.00012,0.14595909416675568,0.0
5043.0,5043.0,12.0,0.05557043105363846,0.00012,0.11632416397333145,0.0
5044.0,5044.0,12.0,0.06554725766181946,0.00012,0.20742550492286682,0.0
5045.0,5045.0,12.0,0.053348854184150696,0.00012,0.15123412013053894,0.0
5046.0,5046.0,12.0,0.05844853073358536,0.00012,0.13567079603672028,0.0
5047.0,5047.0,12.0,0.07201783359050751,0.00012,0.12388035655021667,0.0
5048.0,5048.0,12.0,0.07157394289970398,0.00012,0.17213082313537598,0.0
5049.0,5049.0,12.0,0.06328172981739044,0.00012,0.11887484043836594,0.0
5050.0,5050.0,12.0,0.05903846397995949,0.00012,0.14700132608413696,0.0
5051.0,5051.0,12.0,0.05796678364276886,0.00012,0.09591486304998398,0.0
5052.0,5052.0,12.0,0.06388430297374725,0.00012,0.10181540250778198,0.0
5053.0,5053.0,12.0,0.06307762116193771,0.00012,0.14334149658679962,0.0
5054.0,5054.0,12.0,0.055945731699466705,0.00012,0.079585500061512,0.0
5055.0,5055.0,12.0,0.04674915224313736,0.00012,0.09050429612398148,0.0
5056.0,5056.0,12.0,0.05682888999581337,0.00012,0.12122855335474014,0.0
5057.0,5057.0,12.0,0.08511464297771454,0.00012,0.11680477112531662,0.0
5058.0,5058.0,12.0,0.04931120574474335,0.00012,0.091496042907238,0.0
5059.0,5059.0,12.0,0.06205908954143524,0.00012,0.13475514948368073,0.0
5060.0,5060.0,12.0,0.06055983155965805,0.00012,0.13620547950267792,0.0
5061.0,5061.0,12.0,0.06033526360988617,0.00012,0.1294693797826767,0.0
5062.0,5062.0,12.0,0.0515315942466259,0.00012,0.16765165328979492,0.0
5063.0,5063.0,12.0,0.06418956071138382,0.00012,0.10958968102931976,0.0
5064.0,5064.0,12.0,0.06823309510946274,0.00012,0.21866261959075928,0.0
5065.0,5065.0,12.0,0.051532745361328125,0.00012,0.20216380059719086,0.0
5066.0,5066.0,12.0,0.058307819068431854,0.00012,0.13042804598808289,0.0
5067.0,5067.0,12.0,0.0691942647099495,0.00012,0.15451660752296448,0.0
5068.0,5068.0,12.0,0.052330464124679565,0.00012,0.10976775735616684,0.0
5069.0,5069.0,12.0,0.06369349360466003,0.00012,0.10057427734136581,0.0
5070.0,5070.0,12.0,0.053031809628009796,0.00012,0.1294141262769699,0.0
5071.0,5071.0,13.0,0.06652737408876419,0.00012,0.1731337010860443,0.0
5072.0,5072.0,13.0,0.062001824378967285,0.00012,0.11860863864421844,0.0
5073.0,5073.0,13.0,0.05877155065536499,0.00012,0.1786937415599823,0.0
5074.0,5074.0,13.0,0.05573294311761856,0.00012,0.15420317649841309,0.0
5075.0,5075.0,13.0,0.04769916832447052,0.00012,0.16206541657447815,0.0
5076.0,5076.0,13.0,0.05624200031161308,0.00012,0.08787407726049423,0.0
5077.0,5077.0,13.0,0.062519870698452,0.00012,0.13749781250953674,0.0
5078.0,5078.0,13.0,0.060643695294857025,0.00012,0.13173970580101013,0.0
5079.0,5079.0,13.0,0.05552523955702782,0.00012,0.13325275480747223,0.0
5080.0,5080.0,13.0,0.06019014120101929,0.00012,0.09585433453321457,0.0
5081.0,5081.0,13.0,0.05980989336967468,0.00012,0.22019967436790466,0.0
5082.0,5082.0,13.0,0.0697014331817627,0.00012,0.14355961978435516,0.0
5083.0,5083.0,13.0,0.05176699906587601,0.00012,0.18487966060638428,0.0
5084.0,5084.0,13.0,0.05597156286239624,0.00012,0.21250291168689728,0.0
5085.0,5085.0,13.0,0.059713367372751236,0.00012,0.1481194794178009,0.0
5086.0,5086.0,13.0,0.06531922519207001,0.00012,0.18453750014305115,0.0
5087.0,5087.0,13.0,0.04356912523508072,0.00012,0.23056431114673615,0.0
5088.0,5088.0,13.0,0.05612555146217346,0.00012,0.13305312395095825,0.0
5089.0,5089.0,13.0,0.06050831079483032,0.00012,0.2876484990119934,0.0
5090.0,5090.0,13.0,0.06700141727924347,0.00012,0.14412523806095123,0.0
5091.0,5091.0,13.0,0.05895205959677696,0.00012,0.22020597755908966,0.0
5092.0,5092.0,13.0,0.06076668202877045,0.00012,0.22820480167865753,0.0
5093.0,5093.0,13.0,0.06341361999511719,0.00012,0.1874542236328125,0.0
5094.0,5094.0,13.0,0.05201248824596405,0.00012,0.1909419447183609,0.0
5095.0,5095.0,13.0,0.07245604693889618,0.00012,0.1962605118751526,0.0
5096.0,5096.0,13.0,0.07585160434246063,0.00012,0.12038074433803558,0.0
5097.0,5097.0,13.0,0.05912917107343674,0.00012,0.1731191873550415,0.0
5098.0,5098.0,13.0,0.05972401797771454,0.00012,0.1733340322971344,0.0
5099.0,5099.0,13.0,0.06226601451635361,0.00012,0.12797324359416962,0.0
5100.0,5100.0,13.0,0.056514985859394073,0.00012,0.13856787979602814,0.0
5101.0,5101.0,13.0,0.04556747525930405,0.00012,0.11583776772022247,0.0
5102.0,5102.0,13.0,0.0584542453289032,0.00012,0.10623998939990997,0.0
5103.0,5103.0,13.0,0.05675271898508072,0.00012,0.11608311533927917,0.0
5104.0,5104.0,13.0,0.06401409208774567,0.00012,0.19896240532398224,0.0
5105.0,5105.0,13.0,0.05599105358123779,0.00012,0.11264947056770325,0.0
5106.0,5106.0,13.0,0.04471787437796593,0.00012,0.1637648046016693,0.0
5107.0,5107.0,13.0,0.07130832970142365,0.00012,0.13061140477657318,0.0
5108.0,5108.0,13.0,0.07501998543739319,0.00012,0.16113503277301788,0.0
5109.0,5109.0,13.0,0.0738348662853241,0.00012,0.1582074910402298,0.0
5110.0,5110.0,13.0,0.053300436586141586,0.00012,0.13226526975631714,0.0
5111.0,5111.0,13.0,0.06558550894260406,0.00012,0.108263298869133,0.0
5112.0,5112.0,13.0,0.04769774526357651,0.00012,0.2034599632024765,0.0
5113.0,5113.0,13.0,0.061320409178733826,0.00012,0.13960665464401245,0.0
5114.0,5114.0,13.0,0.06437671929597855,0.00012,0.16881895065307617,0.0
5115.0,5115.0,13.0,0.052998125553131104,0.00012,0.19276244938373566,0.0
5116.0,5116.0,13.0,0.059318676590919495,0.00012,0.14555980265140533,0.0
5117.0,5117.0,13.0,0.05433221533894539,0.00012,0.13930906355381012,0.0
5118.0,5118.0,13.0,0.06125214695930481,0.00012,0.11064380407333374,0.0
5119.0,5119.0,13.0,0.06874056160449982,0.00012,0.17311841249465942,0.0
5120.0,5120.0,13.0,0.06324918568134308,0.00012,0.13309645652770996,0.0
5121.0,5121.0,13.0,0.048571646213531494,0.00012,0.20211519300937653,0.0
5122.0,5122.0,13.0,0.045979470014572144,0.00012,0.16390405595302582,0.0
5123.0,5123.0,13.0,0.06208732724189758,0.00012,0.18719640374183655,0.0
5124.0,5124.0,13.0,0.05623582378029823,0.00012,0.12554632127285004,0.0
5125.0,5125.0,13.0,0.06148872524499893,0.00012,0.11991842836141586,0.0
5126.0,5126.0,13.0,0.06753271818161011,0.00012,0.15173611044883728,0.0
5127.0,5127.0,13.0,0.051238566637039185,0.00012,0.12401188910007477,0.0
5128.0,5128.0,13.0,0.06192055717110634,0.00012,0.1333162933588028,0.0
5129.0,5129.0,13.0,0.0643928200006485,0.00012,0.17649129033088684,0.0
5130.0,5130.0,13.0,0.05128408968448639,0.00012,0.06550005823373795,0.0
5131.0,5131.0,13.0,0.04719003289937973,0.00012,0.22579917311668396,0.0
5132.0,5132.0,13.0,0.0656638815999031,0.00012,0.11417506635189056,0.0
5133.0,5133.0,13.0,0.06412775814533234,0.00012,0.19047781825065613,0.0
5134.0,5134.0,13.0,0.055146969854831696,0.00012,0.20759543776512146,0.0
5135.0,5135.0,13.0,0.05828693136572838,0.00012,0.11945363134145737,0.0
5136.0,5136.0,13.0,0.057754263281822205,0.00012,0.2845984697341919,0.0
5137.0,5137.0,13.0,0.053090181201696396,0.00012,0.1523706465959549,0.0
5138.0,5138.0,13.0,0.059928447008132935,0.00012,0.13919565081596375,0.0
5139.0,5139.0,13.0,0.06394656747579575,0.00012,0.210069477558136,0.0
5140.0,5140.0,13.0,0.05370347946882248,0.00012,0.08956179022789001,0.0
5141.0,5141.0,13.0,0.0546613484621048,0.00012,0.12008006125688553,0.0
5142.0,5142.0,13.0,0.05845964699983597,0.00012,0.08851084113121033,0.0
5143.0,5143.0,13.0,0.059098877012729645,0.00012,0.12668749690055847,0.0
5144.0,5144.0,13.0,0.05872877687215805,0.00012,0.10738822817802429,0.0
5145.0,5145.0,13.0,0.06440253555774689,0.00012,0.17260079085826874,0.0
5146.0,5146.0,13.0,0.04517209529876709,0.00012,0.13494743406772614,0.0
5147.0,5147.0,13.0,0.05579011142253876,0.00012,0.0784258171916008,0.0
5148.0,5148.0,13.0,0.060785070061683655,0.00012,0.13451702892780304,0.0
5149.0,5149.0,13.0,0.059201788157224655,0.00012,0.11869368702173233,0.0
5150.0,5150.0,13.0,0.060859277844429016,0.00012,0.09572530537843704,0.0
5151.0,5151.0,13.0,0.059643685817718506,0.00012,0.21433226764202118,0.0
5152.0,5152.0,13.0,0.05968581140041351,0.00012,0.1454346477985382,0.0
5153.0,5153.0,13.0,0.045213669538497925,0.00012,0.17280647158622742,0.0
5154.0,5154.0,13.0,0.04702041298151016,0.00012,0.13274241983890533,0.0
5155.0,5155.0,13.0,0.06131604313850403,0.00012,0.1477275937795639,0.0
5156.0,5156.0,13.0,0.056486375629901886,0.00012,0.1859222799539566,0.0
5157.0,5157.0,13.0,0.06229593604803085,0.00012,0.20343400537967682,0.0
5158.0,5158.0,13.0,0.0588378831744194,0.00012,0.1260954588651657,0.0
5159.0,5159.0,13.0,0.062201566994190216,0.00012,0.1842002123594284,0.0
5160.0,5160.0,13.0,0.057360656559467316,0.00012,0.1447826623916626,0.0
5161.0,5161.0,13.0,0.0579056516289711,0.00012,0.17076176404953003,0.0
5162.0,5162.0,13.0,0.05444192886352539,0.00012,0.08436453342437744,0.0
5163.0,5163.0,13.0,0.06282010674476624,0.00012,0.16654376685619354,0.0
5164.0,5164.0,13.0,0.056172095239162445,0.00012,0.11359646171331406,0.0
5165.0,5165.0,13.0,0.06600350886583328,0.00012,0.10784030705690384,0.0
5166.0,5166.0,13.0,0.050325073301792145,0.00012,0.10160456597805023,0.0
5167.0,5167.0,13.0,0.0643906220793724,0.00012,0.11585866659879684,0.0
5168.0,5168.0,13.0,0.06182107701897621,0.00012,0.09090801328420639,0.0
5169.0,5169.0,13.0,0.05715329945087433,0.00012,0.09963676333427429,0.0
5170.0,5170.0,13.0,0.06239740923047066,0.00012,0.13180193305015564,0.0
5171.0,5171.0,13.0,0.044819217175245285,0.00012,0.1327066570520401,0.0
5172.0,5172.0,13.0,0.04183713346719742,0.00012,0.16098839044570923,0.0
5173.0,5173.0,13.0,0.08261100947856903,0.00012,0.1865248829126358,0.0
5174.0,5174.0,13.0,0.05352756008505821,0.00012,0.18488307297229767,0.0
5175.0,5175.0,13.0,0.07166783511638641,0.00012,0.17150448262691498,0.0
5176.0,5176.0,13.0,0.0539296418428421,0.00012,0.23724016547203064,0.0
5177.0,5177.0,13.0,0.05471242591738701,0.00012,0.08932825177907944,0.0
5178.0,5178.0,13.0,0.050277743488550186,0.00012,0.1836969554424286,0.0
5179.0,5179.0,13.0,0.061935216188430786,0.00012,0.20982734858989716,0.0
5180.0,5180.0,13.0,0.06068215146660805,0.00012,0.2480340301990509,0.0
5181.0,5181.0,13.0,0.06239103525876999,0.00012,0.2445802539587021,0.0
5182.0,5182.0,13.0,0.053117815405130386,0.00012,0.2585299015045166,0.0
5183.0,5183.0,13.0,0.06516069173812866,0.00012,0.17913414537906647,0.0
5184.0,5184.0,13.0,0.05435464531183243,0.00012,0.15242211520671844,0.0
5185.0,5185.0,13.0,0.06184425204992294,0.00012,0.20920342206954956,0.0
5186.0,5186.0,13.0,0.06102529168128967,0.00012,0.16610676050186157,0.0
5187.0,5187.0,13.0,0.059247713536024094,0.00012,0.1285967379808426,0.0
5188.0,5188.0,13.0,0.06176267936825752,0.00012,0.08727121353149414,0.0
5189.0,5189.0,13.0,0.04813891276717186,0.00012,0.11462488025426865,0.0
5190.0,5190.0,13.0,0.05800599604845047,0.00012,0.09987861663103104,0.0
5191.0,5191.0,13.0,0.04768028110265732,0.00012,0.15002448856830597,0.0
5192.0,5192.0,13.0,0.061053529381752014,0.00012,0.098150335252285,0.0
5193.0,5193.0,13.0,0.056485746055841446,0.00012,0.12850970029830933,0.0
5194.0,5194.0,13.0,0.062241081148386,0.00012,0.07503778487443924,0.0
5195.0,5195.0,13.0,0.06052982062101364,0.00012,0.11319693922996521,0.0
5196.0,5196.0,13.0,0.051948949694633484,0.00012,0.09254485368728638,0.0
5197.0,5197.0,13.0,0.07244279235601425,0.00012,0.17568306624889374,0.0
5198.0,5198.0,13.0,0.05522990599274635,0.00012,0.07156886905431747,0.0
5199.0,5199.0,13.0,0.06271743029356003,0.00012,0.10562669485807419,0.0
5200.0,5200.0,13.0,0.07817554473876953,0.00012,0.13695654273033142,0.0
5201.0,5201.0,13.0,0.05891254544258118,0.00012,0.21070531010627747,0.0
5202.0,5202.0,13.0,0.06825929135084152,0.00012,0.07228939235210419,0.0
5203.0,5203.0,13.0,0.0648229569196701,0.00012,0.16067440807819366,0.0
5204.0,5204.0,13.0,0.07621493935585022,0.00012,0.11787459999322891,0.0
5205.0,5205.0,13.0,0.06196749210357666,0.00012,0.1649944931268692,0.0
5206.0,5206.0,13.0,0.07606774568557739,0.00012,0.13359884917736053,0.0
5207.0,5207.0,13.0,0.05370626598596573,0.00012,0.16399265825748444,0.0
5208.0,5208.0,13.0,0.0506165586411953,0.00012,0.15529222786426544,0.0
5209.0,5209.0,13.0,0.05986226722598076,0.00012,0.19340991973876953,0.0
5210.0,5210.0,13.0,0.048040471971035004,0.00012,0.14361675083637238,0.0
5211.0,5211.0,13.0,0.059695880860090256,0.00012,0.17851793766021729,0.0
5212.0,5212.0,13.0,0.07235226780176163,0.00012,0.17622758448123932,0.0
5213.0,5213.0,13.0,0.05234039947390556,0.00012,0.14203044772148132,0.0
5214.0,5214.0,13.0,0.058825165033340454,0.00012,0.22441180050373077,0.0
5215.0,5215.0,13.0,0.05099014565348625,0.00012,0.12138072401285172,0.0
5216.0,5216.0,13.0,0.06516286730766296,0.00012,0.14627139270305634,0.0
5217.0,5217.0,13.0,0.04637027531862259,0.00012,0.14183714985847473,0.0
5218.0,5218.0,13.0,0.052343953400850296,0.00012,0.15205413103103638,0.0
5219.0,5219.0,13.0,0.04940461739897728,0.00012,0.14707684516906738,0.0
5220.0,5220.0,13.0,0.05969727411866188,0.00012,0.12787050008773804,0.0
5221.0,5221.0,13.0,0.055549681186676025,0.00012,0.15437376499176025,0.0
5222.0,5222.0,13.0,0.05767034739255905,0.00012,0.11935967206954956,0.0
5223.0,5223.0,13.0,0.06257312744855881,0.00012,0.15642429888248444,0.0
5224.0,5224.0,13.0,0.06795641779899597,0.00012,0.12488733977079391,0.0
5225.0,5225.0,13.0,0.06137843802571297,0.00012,0.19892685115337372,0.0
5226.0,5226.0,13.0,0.058595236390829086,0.00012,0.08081154525279999,0.0
5227.0,5227.0,13.0,0.05071103572845459,0.00012,0.1855674684047699,0.0
5228.0,5228.0,13.0,0.06618848443031311,0.00012,0.14152905344963074,0.0
5229.0,5229.0,13.0,0.04976009204983711,0.00012,0.20251239836215973,0.0
5230.0,5230.0,13.0,0.05809827893972397,0.00012,0.14630617201328278,0.0
5231.0,5231.0,13.0,0.059974368661642075,0.00012,0.275147944688797,0.0
5232.0,5232.0,13.0,0.05378019064664841,0.00012,0.12820862233638763,0.0
5233.0,5233.0,13.0,0.06371885538101196,0.00012,0.17913730442523956,0.0
5234.0,5234.0,13.0,0.06755946576595306,0.00012,0.15878166258335114,0.0
5235.0,5235.0,13.0,0.06072835624217987,0.00012,0.10926080495119095,0.0
5236.0,5236.0,13.0,0.05408927798271179,0.00012,0.14959530532360077,0.0
5237.0,5237.0,13.0,0.054037854075431824,0.00012,0.10056369751691818,0.0
5238.0,5238.0,13.0,0.05947761610150337,0.00012,0.1235189437866211,0.0
5239.0,5239.0,13.0,0.0541984885931015,0.00012,0.12228652834892273,0.0
5240.0,5240.0,13.0,0.06444504112005234,0.00012,0.17094412446022034,0.0
5241.0,5241.0,13.0,0.0597398579120636,0.00012,0.08971709758043289,0.0
5242.0,5242.0,13.0,0.04954739660024643,0.00012,0.09702860563993454,0.0
5243.0,5243.0,13.0,0.060037314891815186,0.00012,0.09816700220108032,0.0
5244.0,5244.0,13.0,0.06271281838417053,0.00012,0.09630877524614334,0.0
5245.0,5245.0,13.0,0.05075664445757866,0.00012,0.10373555123806,0.0
5246.0,5246.0,13.0,0.07233313471078873,0.00012,0.0932881087064743,0.0
5247.0,5247.0,13.0,0.05480671674013138,0.00012,0.15352128446102142,0.0
5248.0,5248.0,13.0,0.06005758047103882,0.00012,0.11698916554450989,0.0
5249.0,5249.0,13.0,0.06305095553398132,0.00012,0.14373448491096497,0.0
5250.0,5250.0,13.0,0.06327661871910095,0.00012,0.11261695623397827,0.0
5251.0,5251.0,13.0,0.056083016097545624,0.00012,0.14516568183898926,0.0
5252.0,5252.0,13.0,0.0620369017124176,0.00012,0.08279575407505035,0.0
5253.0,5253.0,13.0,0.04445945471525192,0.00012,0.0921042412519455,0.0
5254.0,5254.0,13.0,0.06331909447908401,0.00012,0.09903715550899506,0.0
5255.0,5255.0,13.0,0.05928180366754532,0.00012,0.08033225685358047,0.0
5256.0,5256.0,13.0,0.06763754785060883,0.00012,0.16679993271827698,0.0
5257.0,5257.0,13.0,0.057646505534648895,0.00012,0.15778785943984985,0.0
5258.0,5258.0,13.0,0.05547502636909485,0.00012,0.16171137988567352,0.0
5259.0,5259.0,13.0,0.05097198486328125,0.00012,0.18488900363445282,0.0
5260.0,5260.0,13.0,0.05777954310178757,0.00012,0.14002418518066406,0.0
5261.0,5261.0,13.0,0.046977847814559937,0.00012,0.10177410393953323,0.0
5262.0,5262.0,13.0,0.0625905990600586,0.00012,0.15708081424236298,0.0
5263.0,5263.0,13.0,0.05186020955443382,0.00012,0.07833538204431534,0.0
5264.0,5264.0,13.0,0.06923894584178925,0.00012,0.13461634516716003,0.0
5265.0,5265.0,13.0,0.054027777165174484,0.00012,0.10078123211860657,0.0
5266.0,5266.0,13.0,0.057760387659072876,0.00012,0.08873382210731506,0.0
5267.0,5267.0,13.0,0.06976190954446793,0.00012,0.16512177884578705,0.0
5268.0,5268.0,13.0,0.06336243450641632,0.00012,0.08671734482049942,0.0
5269.0,5269.0,13.0,0.045697182416915894,0.00012,0.16065511107444763,0.0
5270.0,5270.0,13.0,0.060398608446121216,0.00012,0.11028730124235153,0.0
5271.0,5271.0,13.0,0.062184762209653854,0.00012,0.11756715923547745,0.0
5272.0,5272.0,13.0,0.0626472532749176,0.00012,0.1667168289422989,0.0
5273.0,5273.0,13.0,0.07110216468572617,0.00012,0.15344449877738953,0.0
5274.0,5274.0,13.0,0.05933455005288124,0.00012,0.2887755036354065,0.0
5275.0,5275.0,13.0,0.05297436565160751,0.00012,0.11341957747936249,0.0
5276.0,5276.0,13.0,0.04596896842122078,0.00012,0.20976820588111877,0.0
5277.0,5277.0,13.0,0.0664895623922348,0.00012,0.18867173790931702,0.0
5278.0,5278.0,13.0,0.06522050499916077,0.00012,0.14336253702640533,0.0
5279.0,5279.0,13.0,0.05902048200368881,0.00012,0.13986819982528687,0.0
5280.0,5280.0,13.0,0.07355894148349762,0.00012,0.20386052131652832,0.0
5281.0,5281.0,13.0,0.06097167730331421,0.00012,0.12144160270690918,0.0
5282.0,5282.0,13.0,0.060282956808805466,0.00012,0.14925649762153625,0.0
5283.0,5283.0,13.0,0.059613898396492004,0.00012,0.14114437997341156,0.0
5284.0,5284.0,13.0,0.06471682339906693,0.00012,0.16115646064281464,0.0
5285.0,5285.0,13.0,0.06643626093864441,0.00012,0.10703480243682861,0.0
5286.0,5286.0,13.0,0.054151564836502075,0.00012,0.17580066621303558,0.0
5287.0,5287.0,13.0,0.049844492226839066,0.00012,0.13190078735351562,0.0
5288.0,5288.0,13.0,0.05040670931339264,0.00012,0.1350456178188324,0.0
5289.0,5289.0,13.0,0.0701887384057045,0.00012,0.1241823062300682,0.0
5290.0,5290.0,13.0,0.05053229629993439,0.00012,0.12154609709978104,0.0
5291.0,5291.0,13.0,0.05662616342306137,0.00012,0.13104400038719177,0.0
5292.0,5292.0,13.0,0.057991161942481995,0.00012,0.1624794900417328,0.0
5293.0,5293.0,13.0,0.057869479060173035,0.00012,0.1408228874206543,0.0
5294.0,5294.0,13.0,0.06118779256939888,0.00012,0.0928998738527298,0.0
5295.0,5295.0,13.0,0.05485222116112709,0.00012,0.08964482694864273,0.0
5296.0,5296.0,13.0,0.06389182806015015,0.00012,0.16001442074775696,0.0
5297.0,5297.0,13.0,0.05231929570436478,0.00012,0.1330745816230774,0.0
5298.0,5298.0,13.0,0.06125492975115776,0.00012,0.08690699189901352,0.0
5299.0,5299.0,13.0,0.043604493141174316,0.00012,0.19439919292926788,0.0
5300.0,5300.0,13.0,0.06746070086956024,0.00012,0.09150104969739914,0.0
5301.0,5301.0,13.0,0.053968869149684906,0.00012,0.1909407526254654,0.0
5302.0,5302.0,13.0,0.05252320319414139,0.00012,0.08932986855506897,0.0
5303.0,5303.0,13.0,0.05113203078508377,0.00012,0.14198315143585205,0.0
5304.0,5304.0,13.0,0.06283971667289734,0.00012,0.11132180690765381,0.0
5305.0,5305.0,13.0,0.058568790555000305,0.00012,0.11852416396141052,0.0
5306.0,5306.0,13.0,0.05836149677634239,0.00012,0.09392635524272919,0.0
5307.0,5307.0,13.0,0.0540015771985054,0.00012,0.16862429678440094,0.0
5308.0,5308.0,13.0,0.05895725265145302,0.00012,0.11655083298683167,0.0
5309.0,5309.0,13.0,0.05259455367922783,0.00012,0.10335009545087814,0.0
5310.0,5310.0,13.0,0.06467517465353012,0.00012,0.1597047597169876,0.0
5311.0,5311.0,13.0,0.05559348687529564,0.00012,0.13261504471302032,0.0
5312.0,5312.0,13.0,0.051665157079696655,0.00012,0.08915363252162933,0.0
5313.0,5313.0,13.0,0.05454390496015549,0.00012,0.14536872506141663,0.0
5314.0,5314.0,13.0,0.05937429890036583,0.00012,0.15238387882709503,0.0
5315.0,5315.0,13.0,0.061311379075050354,0.00012,0.07017723470926285,0.0
5316.0,5316.0,13.0,0.057011451572179794,0.00012,0.1847725361585617,0.0
5317.0,5317.0,13.0,0.06232517585158348,0.00012,0.13568362593650818,0.0
5318.0,5318.0,13.0,0.05912371724843979,0.00012,0.09663517028093338,0.0
5319.0,5319.0,13.0,0.05079469457268715,0.00012,0.11592584103345871,0.0
5320.0,5320.0,13.0,0.056831248104572296,0.00012,0.16220328211784363,0.0
5321.0,5321.0,13.0,0.06717409193515778,0.00012,0.10859548300504684,0.0
5322.0,5322.0,13.0,0.06317086517810822,0.00012,0.20880916714668274,0.0
5323.0,5323.0,13.0,0.05942373722791672,0.00012,0.1412869691848755,0.0
5324.0,5324.0,13.0,0.0544382780790329,0.00012,0.07782119512557983,0.0
5325.0,5325.0,13.0,0.0628582239151001,0.00012,0.13171188533306122,0.0
5326.0,5326.0,13.0,0.05042964965105057,0.00012,0.13299192488193512,0.0
5327.0,5327.0,13.0,0.06575831025838852,0.00012,0.13401781022548676,0.0
5328.0,5328.0,13.0,0.05861321836709976,0.00012,0.13693688809871674,0.0
5329.0,5329.0,13.0,0.04227153956890106,0.00012,0.08681289851665497,0.0
5330.0,5330.0,13.0,0.06515539437532425,0.00012,0.1390543282032013,0.0
5331.0,5331.0,13.0,0.062211573123931885,0.00012,0.1479557603597641,0.0
5332.0,5332.0,13.0,0.06302950531244278,0.00012,0.13848289847373962,0.0
5333.0,5333.0,13.0,0.05622759461402893,0.00012,0.18832489848136902,0.0
5334.0,5334.0,13.0,0.054956238716840744,0.00012,0.16273199021816254,0.0
5335.0,5335.0,13.0,0.06751447916030884,0.00012,0.1893816590309143,0.0
5336.0,5336.0,13.0,0.0566578209400177,0.00012,0.07414457947015762,0.0
5337.0,5337.0,13.0,0.06062626093626022,0.00012,0.23254278302192688,0.0
5338.0,5338.0,13.0,0.0791986733675003,0.00012,0.1643805205821991,0.0
5339.0,5339.0,13.0,0.06710023432970047,0.00012,0.19100381433963776,0.0
5340.0,5340.0,13.0,0.0631459504365921,0.00012,0.1854623556137085,0.0
5341.0,5341.0,13.0,0.04732441157102585,0.00012,0.11788851022720337,0.0
5342.0,5342.0,13.0,0.06140265613794327,0.00012,0.19829508662223816,0.0
5343.0,5343.0,13.0,0.056654684245586395,0.00012,0.11999793350696564,0.0
5344.0,5344.0,13.0,0.06776385009288788,0.00012,0.219228595495224,0.0
5345.0,5345.0,13.0,0.05973374471068382,0.00012,0.1475217193365097,0.0
5346.0,5346.0,13.0,0.049682073295116425,0.00012,0.13455311954021454,0.0
5347.0,5347.0,13.0,0.06275805085897446,0.00012,0.11120851337909698,0.0
5348.0,5348.0,13.0,0.0639113336801529,0.00012,0.17740438878536224,0.0
5349.0,5349.0,13.0,0.07134388387203217,0.00012,0.1255783587694168,0.0
5350.0,5350.0,13.0,0.058894380927085876,0.00012,0.1339568942785263,0.0
5351.0,5351.0,13.0,0.05920474976301193,0.00012,0.12946276366710663,0.0
5352.0,5352.0,13.0,0.06308270245790482,0.00012,0.1672562211751938,0.0
5353.0,5353.0,13.0,0.0584464892745018,0.00012,0.12582223117351532,0.0
5354.0,5354.0,13.0,0.05435241013765335,0.00012,0.1694427877664566,0.0
5355.0,5355.0,13.0,0.06287629902362823,0.00012,0.10722608864307404,0.0
5356.0,5356.0,13.0,0.05957042798399925,0.00012,0.08607999235391617,0.0
5357.0,5357.0,13.0,0.06283244490623474,0.00012,0.11460194736719131,0.0
5358.0,5358.0,13.0,0.06083769351243973,0.00012,0.13416309654712677,0.0
5359.0,5359.0,13.0,0.06071183457970619,0.00012,0.08512970805168152,0.0
5360.0,5360.0,13.0,0.06933914124965668,0.00012,0.10674537718296051,0.0
5361.0,5361.0,13.0,0.06639279425144196,0.00012,0.1276702880859375,0.0
5362.0,5362.0,13.0,0.06330856680870056,0.00012,0.08310449123382568,0.0
5363.0,5363.0,13.0,0.05439729243516922,0.00012,0.12443400174379349,0.0
5364.0,5364.0,13.0,0.06071885675191879,0.00012,0.0988122969865799,0.0
5365.0,5365.0,13.0,0.05047424137592316,0.00012,0.135025292634964,0.0
5366.0,5366.0,13.0,0.058488160371780396,0.00012,0.07118962705135345,0.0
5367.0,5367.0,13.0,0.05498293787240982,0.00012,0.09626348316669464,0.0
5368.0,5368.0,13.0,0.07314936816692352,0.00012,0.08801436424255371,0.0
5369.0,5369.0,13.0,0.06548115611076355,0.00012,0.08055602759122849,0.0
5370.0,5370.0,13.0,0.0642029345035553,0.00012,0.09249476343393326,0.0
5371.0,5371.0,13.0,0.056368838995695114,0.00012,0.14443932473659515,0.0
5372.0,5372.0,13.0,0.05746220052242279,0.00012,0.10579046607017517,0.0
5373.0,5373.0,13.0,0.05210527405142784,0.00012,0.1343347728252411,0.0
5374.0,5374.0,13.0,0.05550392344594002,0.00012,0.10709702968597412,0.0
5375.0,5375.0,13.0,0.061452314257621765,0.00012,0.14383068680763245,0.0
5376.0,5376.0,13.0,0.05870935693383217,0.00012,0.08071187883615494,0.0
5377.0,5377.0,13.0,0.056258417665958405,0.00012,0.18210697174072266,0.0
5378.0,5378.0,13.0,0.04690048098564148,0.00012,0.10702961683273315,0.0
5379.0,5379.0,13.0,0.06173163279891014,0.00012,0.14750446379184723,0.0
5380.0,5380.0,13.0,0.05190861225128174,0.00012,0.16907267272472382,0.0
5381.0,5381.0,13.0,0.0677739679813385,0.00012,0.1000516340136528,0.0
5382.0,5382.0,13.0,0.05108853429555893,0.00012,0.1893109381198883,0.0
5383.0,5383.0,13.0,0.05224795639514923,0.00012,0.09796999394893646,0.0
5384.0,5384.0,13.0,0.05995047464966774,0.00012,0.20109128952026367,0.0
5385.0,5385.0,13.0,0.06802982836961746,0.00012,0.10678800940513611,0.0
5386.0,5386.0,13.0,0.05634444206953049,0.00012,0.13828930258750916,0.0
5387.0,5387.0,13.0,0.05812079831957817,0.00012,0.10705719888210297,0.0
5388.0,5388.0,13.0,0.06066233664751053,0.00012,0.16617627441883087,0.0
5389.0,5389.0,13.0,0.06864254176616669,0.00012,0.15799306333065033,0.0
5390.0,5390.0,13.0,0.07678969949483871,0.00012,0.1048114150762558,0.0
5391.0,5391.0,13.0,0.058475203812122345,0.00012,0.11418934166431427,0.0
5392.0,5392.0,13.0,0.06797301769256592,0.00012,0.10907851904630661,0.0
5393.0,5393.0,13.0,0.05926940590143204,0.00012,0.11085867881774902,0.0
5394.0,5394.0,13.0,0.0543985590338707,0.00012,0.08851621299982071,0.0
5395.0,5395.0,13.0,0.05198228359222412,0.00012,0.13837435841560364,0.0
5396.0,5396.0,13.0,0.07041405141353607,0.00012,0.1672874093055725,0.0
5397.0,5397.0,13.0,0.052119262516498566,0.00012,0.12982730567455292,0.0
5398.0,5398.0,13.0,0.054897479712963104,0.00012,0.12390393763780594,0.0
5399.0,5399.0,13.0,0.05590277910232544,0.00012,0.14810611307621002,0.0
5400.0,5400.0,13.0,0.047028377652168274,0.00012,0.09347569197416306,0.0
5401.0,5401.0,13.0,0.04885957017540932,0.00012,0.12478634715080261,0.0
5402.0,5402.0,13.0,0.05318078771233559,0.00012,0.08651740849018097,0.0
5403.0,5403.0,13.0,0.08040829002857208,0.00012,0.1463334560394287,0.0
5404.0,5404.0,13.0,0.06748495995998383,0.00012,0.204579159617424,0.0
5405.0,5405.0,13.0,0.06782376766204834,0.00012,0.12138235569000244,0.0
5406.0,5406.0,13.0,0.04547537490725517,0.00012,0.15825551748275757,0.0
5407.0,5407.0,13.0,0.053699664771556854,0.00012,0.07243703305721283,0.0
5408.0,5408.0,13.0,0.062455445528030396,0.00012,0.1266450583934784,0.0
5409.0,5409.0,13.0,0.06728339195251465,0.00012,0.1877506524324417,0.0
5410.0,5410.0,13.0,0.06149175763130188,0.00012,0.11828388273715973,0.0
5411.0,5411.0,13.0,0.0566006638109684,0.00012,0.22960084676742554,0.0
5412.0,5412.0,13.0,0.057764507830142975,0.00012,0.08754795044660568,0.0
5413.0,5413.0,13.0,0.04998631775379181,0.00012,0.2134111523628235,0.0
5414.0,5414.0,13.0,0.0688479095697403,0.00012,0.10308089852333069,0.0
5415.0,5415.0,13.0,0.046712055802345276,0.00012,0.15295451879501343,0.0
5416.0,5416.0,13.0,0.05074365809559822,0.00012,0.11584828048944473,0.0
5417.0,5417.0,13.0,0.049481265246868134,0.00012,0.1826375275850296,0.0
5418.0,5418.0,13.0,0.05965983495116234,0.00012,0.109123095870018,0.0
5419.0,5419.0,13.0,0.062152571976184845,0.00012,0.12505115568637848,0.0
5420.0,5420.0,13.0,0.05321993678808212,0.00012,0.12602858245372772,0.0
5421.0,5421.0,13.0,0.06898371130228043,0.00012,0.08821549266576767,0.0
5422.0,5422.0,13.0,0.06042856723070145,0.00012,0.10040365904569626,0.0
5423.0,5423.0,13.0,0.06316760927438736,0.00012,0.18211358785629272,0.0
5424.0,5424.0,13.0,0.05679577589035034,0.00012,0.12468034774065018,0.0
5425.0,5425.0,13.0,0.05615052953362465,0.00012,0.13656701147556305,0.0
5426.0,5426.0,13.0,0.06459977477788925,0.00012,0.12234499305486679,0.0
5427.0,5427.0,13.0,0.07223524153232574,0.00012,0.18704091012477875,0.0
5428.0,5428.0,13.0,0.05264689773321152,0.00012,0.1467992514371872,0.0
5429.0,5429.0,13.0,0.06025475263595581,0.00012,0.18566781282424927,0.0
5430.0,5430.0,13.0,0.06065937876701355,0.00012,0.1498214304447174,0.0
5431.0,5431.0,13.0,0.05619681626558304,0.00012,0.09563496708869934,0.0
5432.0,5432.0,13.0,0.06184738501906395,0.00012,0.10406357049942017,0.0
5433.0,5433.0,13.0,0.06032133847475052,0.00012,0.09456542134284973,0.0
5434.0,5434.0,13.0,0.056764017790555954,0.00012,0.12608341872692108,0.0
5435.0,5435.0,13.0,0.06330788135528564,0.00012,0.14366813004016876,0.0
5436.0,5436.0,13.0,0.05920827388763428,0.00012,0.1445389688014984,0.0
5437.0,5437.0,13.0,0.045685168355703354,0.00012,0.16948813199996948,0.0
5438.0,5438.0,13.0,0.07436636090278625,0.00012,0.1409197747707367,0.0
5439.0,5439.0,13.0,0.06698060035705566,0.00012,0.1788339465856552,0.0
5440.0,5440.0,13.0,0.04780864715576172,0.00012,0.10826757550239563,0.0
5441.0,5441.0,13.0,0.055325888097286224,0.00012,0.08701566606760025,0.0
5442.0,5442.0,13.0,0.04298115521669388,0.00012,0.14737282693386078,0.0
5443.0,5443.0,13.0,0.05291400104761124,0.00012,0.08742637932300568,0.0
5444.0,5444.0,13.0,0.04838692396879196,0.00012,0.11769410967826843,0.0
5445.0,5445.0,13.0,0.05825890973210335,0.00012,0.10876942425966263,0.0
5446.0,5446.0,13.0,0.059794895350933075,0.00012,0.11039905995130539,0.0
5447.0,5447.0,13.0,0.0470973365008831,0.00012,0.11958792805671692,0.0
5448.0,5448.0,13.0,0.05826665461063385,0.00012,0.18354125320911407,0.0
5449.0,5449.0,13.0,0.07609434425830841,0.00012,0.16480876505374908,0.0
5450.0,5450.0,13.0,0.06094655394554138,0.00012,0.21982009708881378,0.0
5451.0,5451.0,13.0,0.06512446701526642,0.00012,0.1265745311975479,0.0
5452.0,5452.0,13.0,0.05764278396964073,0.00012,0.18059854209423065,0.0
5453.0,5453.0,13.0,0.05127778649330139,0.00012,0.10497158020734787,0.0
5454.0,5454.0,13.0,0.05485648661851883,0.00012,0.0889820083975792,0.0
5455.0,5455.0,13.0,0.0722731500864029,0.00012,0.08785555511713028,0.0
5456.0,5456.0,13.0,0.050998568534851074,0.00012,0.13678470253944397,0.0
5457.0,5457.0,13.0,0.0576854906976223,0.00012,0.09357627481222153,0.0
5458.0,5458.0,13.0,0.061971087008714676,0.00012,0.14100582897663116,0.0
5459.0,5459.0,13.0,0.0482499822974205,0.00012,0.08384818583726883,0.0
5460.0,5460.0,13.0,0.06555876135826111,0.00012,0.17282770574092865,0.0
5461.0,5461.0,14.0,0.07439987361431122,0.00012,0.11165040731430054,0.0
5462.0,5462.0,14.0,0.06786811351776123,0.00012,0.152675062417984,0.0
5463.0,5463.0,14.0,0.06950594484806061,0.00012,0.08773668855428696,0.0
5464.0,5464.0,14.0,0.05548823997378349,0.00012,0.10885495692491531,0.0
5465.0,5465.0,14.0,0.05571530759334564,0.00012,0.09099724888801575,0.0
5466.0,5466.0,14.0,0.05746505409479141,0.00012,0.0990835651755333,0.0
5467.0,5467.0,14.0,0.046746619045734406,0.00012,0.14965328574180603,0.0
5468.0,5468.0,14.0,0.06754384189844131,0.00012,0.08831319212913513,0.0
5469.0,5469.0,14.0,0.055229444056749344,0.00012,0.15783299505710602,0.0
5470.0,5470.0,14.0,0.0710592120885849,0.00012,0.08397720754146576,0.0
5471.0,5471.0,14.0,0.06073562055826187,0.00012,0.20348745584487915,0.0
5472.0,5472.0,14.0,0.06671225279569626,0.00012,0.09635040163993835,0.0
5473.0,5473.0,14.0,0.05846315622329712,0.00012,0.16981297731399536,0.0
5474.0,5474.0,14.0,0.0494999885559082,0.00012,0.10755705833435059,0.0
5475.0,5475.0,14.0,0.058243490755558014,0.00012,0.1748266965150833,0.0
5476.0,5476.0,14.0,0.05514373630285263,0.00012,0.1417442113161087,0.0
5477.0,5477.0,14.0,0.055134065449237823,0.00012,0.11493585258722305,0.0
5478.0,5478.0,14.0,0.052084386348724365,0.00012,0.13604708015918732,0.0
5479.0,5479.0,14.0,0.0558239184319973,0.00012,0.1110692247748375,0.0
5480.0,5480.0,14.0,0.06357462704181671,0.00012,0.14496615529060364,0.0
5481.0,5481.0,14.0,0.0630207508802414,0.00012,0.10515541583299637,0.0
5482.0,5482.0,14.0,0.062445513904094696,0.00012,0.16794081032276154,0.0
5483.0,5483.0,14.0,0.07054921984672546,0.00012,0.06792792677879333,0.0
5484.0,5484.0,14.0,0.053241532295942307,0.00012,0.10328733921051025,0.0
5485.0,5485.0,14.0,0.06481432914733887,0.00012,0.0937114804983139,0.0
5486.0,5486.0,14.0,0.06848597526550293,0.00012,0.133945032954216,0.0
5487.0,5487.0,14.0,0.05339358374476433,0.00012,0.11303822696208954,0.0
5488.0,5488.0,14.0,0.07261557877063751,0.00012,0.17054083943367004,0.0
5489.0,5489.0,14.0,0.060783229768276215,0.00012,0.1468048393726349,0.0
5490.0,5490.0,14.0,0.05922742187976837,0.00012,0.10073105990886688,0.0
5491.0,5491.0,14.0,0.06850631535053253,0.00012,0.1695001721382141,0.0
5492.0,5492.0,14.0,0.06832463294267654,0.00012,0.13971295952796936,0.0
5493.0,5493.0,14.0,0.054879821836948395,0.00012,0.12142262607812881,0.0
5494.0,5494.0,14.0,0.07835868746042252,0.00012,0.211287721991539,0.0
5495.0,5495.0,14.0,0.0661175325512886,0.00012,0.16152724623680115,0.0
5496.0,5496.0,14.0,0.06282762438058853,0.00012,0.14109034836292267,0.0
5497.0,5497.0,14.0,0.0530545674264431,0.00012,0.23172242939472198,0.0
5498.0,5498.0,14.0,0.05277365818619728,0.00012,0.15800702571868896,0.0
5499.0,5499.0,14.0,0.05131443962454796,0.00012,0.16754433512687683,0.0
5500.0,5500.0,14.0,0.057832714170217514,0.00012,0.1316165030002594,0.0
5501.0,5501.0,14.0,0.06354465335607529,0.00012,0.12698912620544434,0.0
5502.0,5502.0,14.0,0.06838366389274597,0.00012,0.10180088132619858,0.0
5503.0,5503.0,14.0,0.052913159132003784,0.00012,0.148078054189682,0.0
5504.0,5504.0,14.0,0.05815884470939636,0.00012,0.10120553523302078,0.0
5505.0,5505.0,14.0,0.04970400780439377,0.00012,0.09069287776947021,0.0
5506.0,5506.0,14.0,0.057344622910022736,0.00012,0.10535837709903717,0.0
5507.0,5507.0,14.0,0.05916161090135574,0.00012,0.1148749589920044,0.0
5508.0,5508.0,14.0,0.05594637617468834,0.00012,0.1356094777584076,0.0
5509.0,5509.0,14.0,0.07129024714231491,0.00012,0.11084523051977158,0.0
5510.0,5510.0,14.0,0.062354207038879395,0.00012,0.20345571637153625,0.0
5511.0,5511.0,14.0,0.0600125752389431,0.00012,0.11865979433059692,0.0
5512.0,5512.0,14.0,0.05356190726161003,0.00012,0.10708419233560562,0.0
5513.0,5513.0,14.0,0.0590205043554306,0.00012,0.1525130271911621,0.0
5514.0,5514.0,14.0,0.05977209657430649,0.00012,0.10446012020111084,0.0
5515.0,5515.0,14.0,0.062090806663036346,0.00012,0.12348400056362152,0.0
5516.0,5516.0,14.0,0.04909913241863251,0.00012,0.09146252274513245,0.0
5517.0,5517.0,14.0,0.04287651926279068,0.00012,0.09417025744915009,0.0
5518.0,5518.0,14.0,0.06966617703437805,0.00012,0.07845665514469147,0.0
5519.0,5519.0,14.0,0.07157133519649506,0.00012,0.15967921912670135,0.0
5520.0,5520.0,14.0,0.05603630468249321,0.00012,0.10518648475408554,0.0
5521.0,5521.0,14.0,0.06497682631015778,0.00012,0.1075761616230011,0.0
5522.0,5522.0,14.0,0.06544649600982666,0.00012,0.09427531808614731,0.0
5523.0,5523.0,14.0,0.05206761136651039,0.00012,0.09071452170610428,0.0
5524.0,5524.0,14.0,0.054743196815252304,0.00012,0.10958067327737808,0.0
5525.0,5525.0,14.0,0.05342159420251846,0.00012,0.09981836378574371,0.0
5526.0,5526.0,14.0,0.05524768307805061,0.00012,0.17412273585796356,0.0
5527.0,5527.0,14.0,0.06699319183826447,0.00012,0.1428840160369873,0.0
5528.0,5528.0,14.0,0.05591420829296112,0.00012,0.13261936604976654,0.0
5529.0,5529.0,14.0,0.053215302526950836,0.00012,0.08132260292768478,0.0
5530.0,5530.0,14.0,0.06137746945023537,0.00012,0.12324599921703339,0.0
5531.0,5531.0,14.0,0.051031582057476044,0.00012,0.10340431332588196,0.0
5532.0,5532.0,14.0,0.04925679415464401,0.00012,0.09133873134851456,0.0
5533.0,5533.0,14.0,0.05702419951558113,0.00012,0.08895455300807953,0.0
5534.0,5534.0,14.0,0.06177061051130295,0.00012,0.10353005677461624,0.0
5535.0,5535.0,14.0,0.059963300824165344,0.00012,0.0862412303686142,0.0
5536.0,5536.0,14.0,0.05708971992135048,0.00012,0.08914011716842651,0.0
5537.0,5537.0,14.0,0.04878249764442444,0.00012,0.11706523597240448,0.0
5538.0,5538.0,14.0,0.06517993658781052,0.00012,0.07511885464191437,0.0
5539.0,5539.0,14.0,0.07035484910011292,0.00012,0.10911568999290466,0.0
5540.0,5540.0,14.0,0.05645439773797989,0.00012,0.1315690129995346,0.0
5541.0,5541.0,14.0,0.05220142751932144,0.00012,0.17905491590499878,0.0
5542.0,5542.0,14.0,0.059524230659008026,0.00012,0.11772238463163376,0.0
5543.0,5543.0,14.0,0.06329453736543655,0.00012,0.2058177888393402,0.0
5544.0,5544.0,14.0,0.055917926132678986,0.00012,0.14206984639167786,0.0
5545.0,5545.0,14.0,0.07041680812835693,0.00012,0.16806302964687347,0.0
5546.0,5546.0,14.0,0.05802299827337265,0.00012,0.1685863882303238,0.0
5547.0,5547.0,14.0,0.056488942354917526,0.00012,0.13102680444717407,0.0
5548.0,5548.0,14.0,0.06349001079797745,0.00012,0.10674022138118744,0.0
5549.0,5549.0,14.0,0.06711164116859436,0.00012,0.16783836483955383,0.0
5550.0,5550.0,14.0,0.055058084428310394,0.00012,0.10662055760622025,0.0
5551.0,5551.0,14.0,0.06853152811527252,0.00012,0.156645268201828,0.0
5552.0,5552.0,14.0,0.04584508389234543,0.00012,0.11931535601615906,0.0
5553.0,5553.0,14.0,0.05384747311472893,0.00012,0.09478979557752609,0.0
5554.0,5554.0,14.0,0.050531551241874695,0.00012,0.14401358366012573,0.0
5555.0,5555.0,14.0,0.06348311901092529,0.00012,0.1304759979248047,0.0
5556.0,5556.0,14.0,0.05493028089404106,0.00012,0.15024694800376892,0.0
5557.0,5557.0,14.0,0.05539124086499214,0.00012,0.14564643800258636,0.0
5558.0,5558.0,14.0,0.0662006363272667,0.00012,0.20299188792705536,0.0
5559.0,5559.0,14.0,0.0621945820748806,0.00012,0.09834985435009003,0.0
5560.0,5560.0,14.0,0.060125965625047684,0.00012,0.17762789130210876,0.0
5561.0,5561.0,14.0,0.05035783722996712,0.00012,0.15335127711296082,0.0
5562.0,5562.0,14.0,0.06362967193126678,0.00012,0.17070229351520538,0.0
5563.0,5563.0,14.0,0.06496724486351013,0.00012,0.1651023030281067,0.0
5564.0,5564.0,14.0,0.05892352759838104,0.00012,0.16676190495491028,0.0
5565.0,5565.0,14.0,0.06799481064081192,0.00012,0.14076043665409088,0.0
5566.0,5566.0,14.0,0.053673747926950455,0.00012,0.12979188561439514,0.0
5567.0,5567.0,14.0,0.06410765647888184,0.00012,0.08004303276538849,0.0
5568.0,5568.0,14.0,0.053486041724681854,0.00012,0.10878568887710571,0.0
5569.0,5569.0,14.0,0.06593307852745056,0.00012,0.13482579588890076,0.0
5570.0,5570.0,14.0,0.06623581796884537,0.00012,0.08437250554561615,0.0
5571.0,5571.0,14.0,0.05023115128278732,0.00012,0.20463664829730988,0.0
5572.0,5572.0,14.0,0.056827038526535034,0.00012,0.174148827791214,0.0
5573.0,5573.0,14.0,0.05285726487636566,0.00012,0.1554219275712967,0.0
5574.0,5574.0,14.0,0.07392227649688721,0.00012,0.2638024687767029,0.0
5575.0,5575.0,14.0,0.05826937407255173,0.00012,0.08315719664096832,0.0
5576.0,5576.0,14.0,0.051500752568244934,0.00012,0.15990716218948364,0.0
5577.0,5577.0,14.0,0.05354445427656174,0.00012,0.21491652727127075,0.0
5578.0,5578.0,14.0,0.0630035251379013,0.00012,0.1306220144033432,0.0
5579.0,5579.0,14.0,0.05255961790680885,0.00012,0.26814326643943787,0.0
5580.0,5580.0,14.0,0.05665326863527298,0.00012,0.18209771811962128,0.0
5581.0,5581.0,14.0,0.06309661269187927,0.00012,0.2233497053384781,0.0
5582.0,5582.0,14.0,0.065495066344738,0.00012,0.21946091949939728,0.0
5583.0,5583.0,14.0,0.05617120862007141,0.00012,0.09927218407392502,0.0
5584.0,5584.0,14.0,0.04616398364305496,0.00012,0.1406962126493454,0.0
5585.0,5585.0,14.0,0.06709278374910355,0.00012,0.20829832553863525,0.0
5586.0,5586.0,14.0,0.054366931319236755,0.00012,0.1472448855638504,0.0
5587.0,5587.0,14.0,0.051965825259685516,0.00012,0.13722820580005646,0.0
5588.0,5588.0,14.0,0.060916781425476074,0.00012,0.24103601276874542,0.0
5589.0,5589.0,14.0,0.07203307002782822,0.00012,0.09774801880121231,0.0
5590.0,5590.0,14.0,0.06415454298257828,0.00012,0.17106032371520996,0.0
5591.0,5591.0,14.0,0.0823020190000534,0.00012,0.12386375665664673,0.0
5592.0,5592.0,14.0,0.06936522573232651,0.00012,0.09974594414234161,0.0
5593.0,5593.0,14.0,0.0818212479352951,0.00012,0.1781502068042755,0.0
5594.0,5594.0,14.0,0.04999289661645889,0.00012,0.11421192437410355,0.0
5595.0,5595.0,14.0,0.06573189049959183,0.00012,0.12921454012393951,0.0
5596.0,5596.0,14.0,0.06634841114282608,0.00012,0.14561523497104645,0.0
5597.0,5597.0,14.0,0.056224994361400604,0.00012,0.19171284139156342,0.0
5598.0,5598.0,14.0,0.05051052197813988,0.00012,0.1350373774766922,0.0
5599.0,5599.0,14.0,0.06173214316368103,0.00012,0.13795816898345947,0.0
5600.0,5600.0,14.0,0.04932517185807228,0.00012,0.1339351385831833,0.0
5601.0,5601.0,14.0,0.06462179124355316,0.00012,0.09529104083776474,0.0
5602.0,5602.0,14.0,0.06434298306703568,0.00012,0.1677868366241455,0.0
5603.0,5603.0,14.0,0.06874980032444,0.00012,0.14348843693733215,0.0
5604.0,5604.0,14.0,0.06255446374416351,0.00012,0.15920884907245636,0.0
5605.0,5605.0,14.0,0.04941287636756897,0.00012,0.13743999600410461,0.0
5606.0,5606.0,14.0,0.05525488033890724,0.00012,0.1507604420185089,0.0
5607.0,5607.0,14.0,0.060551054775714874,0.00012,0.12321767956018448,0.0
5608.0,5608.0,14.0,0.06238236650824547,0.00012,0.19453224539756775,0.0
5609.0,5609.0,14.0,0.059051647782325745,0.00012,0.11950244009494781,0.0
5610.0,5610.0,14.0,0.05973123013973236,0.00012,0.2093450278043747,0.0
5611.0,5611.0,14.0,0.06661533564329147,0.00012,0.15858328342437744,0.0
5612.0,5612.0,14.0,0.052564024925231934,0.00012,0.17239806056022644,0.0
5613.0,5613.0,14.0,0.05027418211102486,0.00012,0.07285670191049576,0.0
5614.0,5614.0,14.0,0.06006470322608948,0.00012,0.1330326944589615,0.0
5615.0,5615.0,14.0,0.06349505484104156,0.00012,0.11302387714385986,0.0
5616.0,5616.0,14.0,0.05680058151483536,0.00012,0.13064393401145935,0.0
5617.0,5617.0,14.0,0.06458458304405212,0.00012,0.0871831551194191,0.0
5618.0,5618.0,14.0,0.06671488285064697,0.00012,0.12228459119796753,0.0
5619.0,5619.0,14.0,0.0561811737716198,0.00012,0.12292894721031189,0.0
5620.0,5620.0,14.0,0.06582683324813843,0.00012,0.10472625494003296,0.0
5621.0,5621.0,14.0,0.054363105446100235,0.00012,0.13714151084423065,0.0
5622.0,5622.0,14.0,0.0620403066277504,0.00012,0.15664513409137726,0.0
5623.0,5623.0,14.0,0.05655578523874283,0.00012,0.11585556715726852,0.0
5624.0,5624.0,14.0,0.06474494189023972,0.00012,0.13655716180801392,0.0
5625.0,5625.0,14.0,0.05617179721593857,0.00012,0.12594598531723022,0.0
5626.0,5626.0,14.0,0.05728111416101456,0.00012,0.10163301229476929,0.0
5627.0,5627.0,14.0,0.06514520943164825,0.00012,0.15645284950733185,0.0
5628.0,5628.0,14.0,0.056651994585990906,0.00012,0.12217386066913605,0.0
5629.0,5629.0,14.0,0.0640885978937149,0.00012,0.16606108844280243,0.0
5630.0,5630.0,14.0,0.05073731392621994,0.00012,0.12820196151733398,0.0
5631.0,5631.0,14.0,0.05743870884180069,0.00012,0.18346990644931793,0.0
5632.0,5632.0,14.0,0.05033627524971962,0.00012,0.056906722486019135,0.0
5633.0,5633.0,14.0,0.06486805528402328,0.00012,0.21010719239711761,0.0
5634.0,5634.0,14.0,0.04929284751415253,0.00012,0.07497119158506393,0.0
5635.0,5635.0,14.0,0.05657598748803139,0.00012,0.20473754405975342,0.0
5636.0,5636.0,14.0,0.04966609179973602,0.00012,0.17641279101371765,0.0
5637.0,5637.0,14.0,0.06145137920975685,0.00012,0.12383557856082916,0.0
5638.0,5638.0,14.0,0.06213289499282837,0.00012,0.09164012223482132,0.0
5639.0,5639.0,14.0,0.06155196204781532,0.00012,0.10226690769195557,0.0
5640.0,5640.0,14.0,0.04552387073636055,0.00012,0.06570695340633392,0.0
5641.0,5641.0,14.0,0.053490981459617615,0.00012,0.13642743229866028,0.0
5642.0,5642.0,14.0,0.05950412154197693,0.00012,0.11799156665802002,0.0
5643.0,5643.0,14.0,0.05603703856468201,0.00012,0.104994997382164,0.0
5644.0,5644.0,14.0,0.058378592133522034,0.00012,0.11002470552921295,0.0
5645.0,5645.0,14.0,0.05486443638801575,0.00012,0.11660850793123245,0.0
5646.0,5646.0,14.0,0.05872494354844093,0.00012,0.13795451819896698,0.0
5647.0,5647.0,14.0,0.048856090754270554,0.00012,0.16987727582454681,0.0
5648.0,5648.0,14.0,0.056858643889427185,0.00012,0.0804668515920639,0.0
5649.0,5649.0,14.0,0.05089423805475235,0.00012,0.1669187992811203,0.0
5650.0,5650.0,14.0,0.04184578359127045,0.00012,0.08267295360565186,0.0
5651.0,5651.0,14.0,0.041392549872398376,0.00012,0.1619468331336975,0.0
5652.0,5652.0,14.0,0.052344419062137604,0.00012,0.08728914707899094,0.0
5653.0,5653.0,14.0,0.06677253544330597,0.00012,0.1551506221294403,0.0
5654.0,5654.0,14.0,0.05186740309000015,0.00012,0.06590422242879868,0.0
5655.0,5655.0,14.0,0.06136177480220795,0.00012,0.11437223106622696,0.0
5656.0,5656.0,14.0,0.06631486117839813,0.00012,0.08932456374168396,0.0
5657.0,5657.0,14.0,0.06324559450149536,0.00012,0.1312049776315689,0.0
5658.0,5658.0,14.0,0.061719514429569244,0.00012,0.0717647448182106,0.0
5659.0,5659.0,14.0,0.059762194752693176,0.00012,0.08721286803483963,0.0
5660.0,5660.0,14.0,0.07294974476099014,0.00012,0.12911146879196167,0.0
5661.0,5661.0,14.0,0.043485239148139954,0.00012,0.10071153938770294,0.0
5662.0,5662.0,14.0,0.06926415860652924,0.00012,0.1741132289171219,0.0
5663.0,5663.0,14.0,0.05846822261810303,0.00012,0.1318671703338623,0.0
5664.0,5664.0,14.0,0.05655687302350998,0.00012,0.15050554275512695,0.0
5665.0,5665.0,14.0,0.06486369669437408,0.00012,0.1798504889011383,0.0
5666.0,5666.0,14.0,0.0597936175763607,0.00012,0.2240765243768692,0.0
5667.0,5667.0,14.0,0.0640345960855484,0.00012,0.1763605922460556,0.0
5668.0,5668.0,14.0,0.056231096386909485,0.00012,0.22348983585834503,0.0
5669.0,5669.0,14.0,0.06331942230463028,0.00012,0.16271401941776276,0.0
5670.0,5670.0,14.0,0.05065470561385155,0.00012,0.16315744817256927,0.0
5671.0,5671.0,14.0,0.07153429090976715,0.00012,0.15226945281028748,0.0
5672.0,5672.0,14.0,0.0702928975224495,0.00012,0.18276694416999817,0.0
5673.0,5673.0,14.0,0.05890477076172829,0.00012,0.14216502010822296,0.0
5674.0,5674.0,14.0,0.06621623784303665,0.00012,0.24833759665489197,0.0
5675.0,5675.0,14.0,0.05385049432516098,0.00012,0.1576317697763443,0.0
5676.0,5676.0,14.0,0.05496429279446602,0.00012,0.2155095636844635,0.0
5677.0,5677.0,14.0,0.06821244955062866,0.00012,0.11334358900785446,0.0
5678.0,5678.0,14.0,0.05872313678264618,0.00012,0.2009185552597046,0.0
5679.0,5679.0,14.0,0.0635971948504448,0.00012,0.1221141368150711,0.0
5680.0,5680.0,14.0,0.05897906422615051,0.00012,0.1839374601840973,0.0
5681.0,5681.0,14.0,0.06482407450675964,0.00012,0.07898420840501785,0.0
5682.0,5682.0,14.0,0.05321213975548744,0.00012,0.12267252057790756,0.0
5683.0,5683.0,14.0,0.054290927946567535,0.00012,0.1349896341562271,0.0
5684.0,5684.0,14.0,0.05179235711693764,0.00012,0.0984649583697319,0.0
5685.0,5685.0,14.0,0.05654899775981903,0.00012,0.16781170666217804,0.0
5686.0,5686.0,14.0,0.06773167848587036,0.00012,0.11211929470300674,0.0
5687.0,5687.0,14.0,0.0698469802737236,0.00012,0.1054748147726059,0.0
5688.0,5688.0,14.0,0.055491723120212555,0.00012,0.1441064327955246,0.0
5689.0,5689.0,14.0,0.062001075595617294,0.00012,0.12830299139022827,0.0
5690.0,5690.0,14.0,0.05759179964661598,0.00012,0.1349678337574005,0.0
5691.0,5691.0,14.0,0.07281223684549332,0.00012,0.12795111536979675,0.0
5692.0,5692.0,14.0,0.05658823251724243,0.00012,0.12793542444705963,0.0
5693.0,5693.0,14.0,0.06039171665906906,0.00012,0.14041432738304138,0.0
5694.0,5694.0,14.0,0.05748036876320839,0.00012,0.1893681436777115,0.0
5695.0,5695.0,14.0,0.05406340956687927,0.00012,0.1007823497056961,0.0
5696.0,5696.0,14.0,0.06227000802755356,0.00012,0.17938950657844543,0.0
5697.0,5697.0,14.0,0.059945009648799896,0.00012,0.15798921883106232,0.0
5698.0,5698.0,14.0,0.05705992132425308,0.00012,0.13469086587429047,0.0
5699.0,5699.0,14.0,0.0612126961350441,0.00012,0.2558020055294037,0.0
5700.0,5700.0,14.0,0.06466458737850189,0.00012,0.15867257118225098,0.0
5701.0,5701.0,14.0,0.06502194702625275,0.00012,0.18331485986709595,0.0
5702.0,5702.0,14.0,0.054826170206069946,0.00012,0.15516087412834167,0.0
5703.0,5703.0,14.0,0.06307822465896606,0.00012,0.10437952727079391,0.0
5704.0,5704.0,14.0,0.04370639845728874,0.00012,0.13574349880218506,0.0
5705.0,5705.0,14.0,0.05269160121679306,0.00012,0.13839608430862427,0.0
5706.0,5706.0,14.0,0.05308745428919792,0.00012,0.11097416281700134,0.0
5707.0,5707.0,14.0,0.06534713506698608,0.00012,0.1342218965291977,0.0
5708.0,5708.0,14.0,0.06207522004842758,0.00012,0.13553938269615173,0.0
5709.0,5709.0,14.0,0.07052379846572876,0.00012,0.14878489077091217,0.0
5710.0,5710.0,14.0,0.06383682042360306,0.00012,0.1734907478094101,0.0
5711.0,5711.0,14.0,0.05310959368944168,0.00012,0.16559496521949768,0.0
5712.0,5712.0,14.0,0.06532439589500427,0.00012,0.0994170680642128,0.0
5713.0,5713.0,14.0,0.05619467422366142,0.00012,0.1490768939256668,0.0
5714.0,5714.0,14.0,0.06065459921956062,0.00012,0.0839356780052185,0.0
5715.0,5715.0,14.0,0.05974458158016205,0.00012,0.09933041036128998,0.0
5716.0,5716.0,14.0,0.057471659034490585,0.00012,0.09468141198158264,0.0
5717.0,5717.0,14.0,0.056299157440662384,0.00012,0.12758071720600128,0.0
5718.0,5718.0,14.0,0.06725628674030304,0.00012,0.14286398887634277,0.0
5719.0,5719.0,14.0,0.04578762874007225,0.00012,0.0671163946390152,0.0
5720.0,5720.0,14.0,0.053576432168483734,0.00012,0.14479400217533112,0.0
5721.0,5721.0,14.0,0.055012594908475876,0.00012,0.1324806958436966,0.0
5722.0,5722.0,14.0,0.05905534699559212,0.00012,0.09281628578901291,0.0
5723.0,5723.0,14.0,0.06733158975839615,0.00012,0.1294941008090973,0.0
5724.0,5724.0,14.0,0.05890108272433281,0.00012,0.18018507957458496,0.0
5725.0,5725.0,14.0,0.06570272147655487,0.00012,0.12511566281318665,0.0
5726.0,5726.0,14.0,0.06290672719478607,0.00012,0.12880216538906097,0.0
5727.0,5727.0,14.0,0.0551455020904541,0.00012,0.1277022361755371,0.0
5728.0,5728.0,14.0,0.05797255039215088,0.00012,0.2217508852481842,0.0
5729.0,5729.0,14.0,0.06766046583652496,0.00012,0.13823498785495758,0.0
5730.0,5730.0,14.0,0.06425689160823822,0.00012,0.1513586789369583,0.0
5731.0,5731.0,14.0,0.06774187088012695,0.00012,0.17048519849777222,0.0
5732.0,5732.0,14.0,0.05324983224272728,0.00012,0.09138721227645874,0.0
5733.0,5733.0,14.0,0.05815994739532471,0.00012,0.20420077443122864,0.0
5734.0,5734.0,14.0,0.06466969847679138,0.00012,0.07293125987052917,0.0
5735.0,5735.0,14.0,0.07380874454975128,0.00012,0.2261451631784439,0.0
5736.0,5736.0,14.0,0.05701679363846779,0.00012,0.13440334796905518,0.0
5737.0,5737.0,14.0,0.057666219770908356,0.00012,0.21851131319999695,0.0
5738.0,5738.0,14.0,0.07301181554794312,0.00012,0.24824871122837067,0.0
5739.0,5739.0,14.0,0.06130796670913696,0.00012,0.16572405397891998,0.0
5740.0,5740.0,14.0,0.06790617853403091,0.00012,0.23062764108181,0.0
5741.0,5741.0,14.0,0.06248434633016586,0.00012,0.15636540949344635,0.0
5742.0,5742.0,14.0,0.05639141425490379,0.00012,0.13010992109775543,0.0
5743.0,5743.0,14.0,0.054784275591373444,0.00012,0.09898961335420609,0.0
5744.0,5744.0,14.0,0.060621872544288635,0.00012,0.20362365245819092,0.0
5745.0,5745.0,14.0,0.06053762882947922,0.00012,0.08905977755784988,0.0
5746.0,5746.0,14.0,0.06693106144666672,0.00012,0.1458543837070465,0.0
5747.0,5747.0,14.0,0.05441964790225029,0.00012,0.08973335474729538,0.0
5748.0,5748.0,14.0,0.05498085916042328,0.00012,0.13137169182300568,0.0
5749.0,5749.0,14.0,0.0570315346121788,0.00012,0.09613119810819626,0.0
5750.0,5750.0,14.0,0.07147755473852158,0.00012,0.16108974814414978,0.0
5751.0,5751.0,14.0,0.06439055502414703,0.00012,0.15082210302352905,0.0
5752.0,5752.0,14.0,0.045138366520404816,0.00012,0.13686881959438324,0.0
5753.0,5753.0,14.0,0.05067358911037445,0.00012,0.13298089802265167,0.0
5754.0,5754.0,14.0,0.04779762774705887,0.00012,0.13101013004779816,0.0
5755.0,5755.0,14.0,0.06587807834148407,0.00012,0.15619699656963348,0.0
5756.0,5756.0,14.0,0.06326477229595184,0.00012,0.13207316398620605,0.0
5757.0,5757.0,14.0,0.05833201855421066,0.00012,0.1295887678861618,0.0
5758.0,5758.0,14.0,0.06833051145076752,0.00012,0.09929578006267548,0.0
5759.0,5759.0,14.0,0.05147828906774521,0.00012,0.10169003903865814,0.0
5760.0,5760.0,14.0,0.05727385729551315,0.00012,0.08372928202152252,0.0
5761.0,5761.0,14.0,0.06279399991035461,0.00012,0.14486856758594513,0.0
5762.0,5762.0,14.0,0.0546189546585083,0.00012,0.18047866225242615,0.0
5763.0,5763.0,14.0,0.0638989508152008,0.00012,0.14718639850616455,0.0
5764.0,5764.0,14.0,0.05208313465118408,0.00012,0.2098362147808075,0.0
5765.0,5765.0,14.0,0.05690513551235199,0.00012,0.19667059183120728,0.0
5766.0,5766.0,14.0,0.054234828799963,0.00012,0.14465013146400452,0.0
5767.0,5767.0,14.0,0.056210700422525406,0.00012,0.2541373670101166,0.0
5768.0,5768.0,14.0,0.059168338775634766,0.00012,0.08889393508434296,0.0
5769.0,5769.0,14.0,0.05962711572647095,0.00012,0.24562355875968933,0.0
5770.0,5770.0,14.0,0.05967342481017113,0.00012,0.1536773145198822,0.0
5771.0,5771.0,14.0,0.05490351468324661,0.00012,0.22474482655525208,0.0
5772.0,5772.0,14.0,0.046885136514902115,0.00012,0.26428747177124023,0.0
5773.0,5773.0,14.0,0.057765893638134,0.00012,0.1640697568655014,0.0
5774.0,5774.0,14.0,0.059872739017009735,0.00012,0.2616577446460724,0.0
5775.0,5775.0,14.0,0.06349638849496841,0.00012,0.1099967211484909,0.0
5776.0,5776.0,14.0,0.056016720831394196,0.00012,0.15822534263134003,0.0
5777.0,5777.0,14.0,0.05416746065020561,0.00012,0.10553563386201859,0.0
5778.0,5778.0,14.0,0.05434175208210945,0.00012,0.09097778052091599,0.0
5779.0,5779.0,14.0,0.055627621710300446,0.00012,0.12782737612724304,0.0
5780.0,5780.0,14.0,0.05262002348899841,0.00012,0.17354139685630798,0.0
5781.0,5781.0,14.0,0.06423585116863251,0.00012,0.1747163087129593,0.0
5782.0,5782.0,14.0,0.06365244090557098,0.00012,0.2026398479938507,0.0
5783.0,5783.0,14.0,0.06109004467725754,0.00012,0.11434698104858398,0.0
5784.0,5784.0,14.0,0.06506133079528809,0.00012,0.2380949854850769,0.0
5785.0,5785.0,14.0,0.06865829974412918,0.00012,0.08970547467470169,0.0
5786.0,5786.0,14.0,0.05876144766807556,0.00012,0.16377179324626923,0.0
5787.0,5787.0,14.0,0.05771161988377571,0.00012,0.16797414422035217,0.0
5788.0,5788.0,14.0,0.05278737097978592,0.00012,0.1638353019952774,0.0
5789.0,5789.0,14.0,0.06654582172632217,0.00012,0.2470739483833313,0.0
5790.0,5790.0,14.0,0.06444907188415527,0.00012,0.2944456934928894,0.0
5791.0,5791.0,14.0,0.054974377155303955,0.00012,0.22280840575695038,0.0
5792.0,5792.0,14.0,0.05917646363377571,0.00012,0.19066523015499115,0.0
5793.0,5793.0,14.0,0.05728522688150406,0.00012,0.09496235847473145,0.0
5794.0,5794.0,14.0,0.049578793346881866,0.00012,0.18640932440757751,0.0
5795.0,5795.0,14.0,0.048090510070323944,0.00012,0.11755028367042542,0.0
5796.0,5796.0,14.0,0.06575974076986313,0.00012,0.16635169088840485,0.0
5797.0,5797.0,14.0,0.054822489619255066,0.00012,0.09714404493570328,0.0
5798.0,5798.0,14.0,0.06295154988765717,0.00012,0.11544036865234375,0.0
5799.0,5799.0,14.0,0.0507768951356411,0.00012,0.0920289158821106,0.0
5800.0,5800.0,14.0,0.04911516606807709,0.00012,0.11308853328227997,0.0
5801.0,5801.0,14.0,0.047427281737327576,0.00012,0.061127860099077225,0.0
5802.0,5802.0,14.0,0.06379799544811249,0.00012,0.15395914018154144,0.0
5803.0,5803.0,14.0,0.055239394307136536,0.00012,0.09006565809249878,0.0
5804.0,5804.0,14.0,0.057778194546699524,0.00012,0.10378418862819672,0.0
5805.0,5805.0,14.0,0.0454699769616127,0.00012,0.10047484934329987,0.0
5806.0,5806.0,14.0,0.06304101645946503,0.00012,0.1412302553653717,0.0
5807.0,5807.0,14.0,0.05700422450900078,0.00012,0.12535454332828522,0.0
5808.0,5808.0,14.0,0.0634920671582222,0.00012,0.1607147753238678,0.0
5809.0,5809.0,14.0,0.0625954419374466,0.00012,0.1493912786245346,0.0
5810.0,5810.0,14.0,0.046653300523757935,0.00012,0.126713827252388,0.0
5811.0,5811.0,14.0,0.056914858520030975,0.00012,0.16073235869407654,0.0
5812.0,5812.0,14.0,0.057102836668491364,0.00012,0.1068229079246521,0.0
5813.0,5813.0,14.0,0.06087230145931244,0.00012,0.14312812685966492,0.0
5814.0,5814.0,14.0,0.05382750928401947,0.00012,0.11441842466592789,0.0
5815.0,5815.0,14.0,0.06251213699579239,0.00012,0.1231011152267456,0.0
5816.0,5816.0,14.0,0.06270738691091537,0.00012,0.07986459136009216,0.0
5817.0,5817.0,14.0,0.05925382301211357,0.00012,0.13628794252872467,0.0
5818.0,5818.0,14.0,0.0598842091858387,0.00012,0.10195225477218628,0.0
5819.0,5819.0,14.0,0.07474644482135773,0.00012,0.12039773911237717,0.0
5820.0,5820.0,14.0,0.06293869018554688,0.00012,0.12669061124324799,0.0
5821.0,5821.0,14.0,0.047212909907102585,0.00012,0.0707591325044632,0.0
5822.0,5822.0,14.0,0.06423979252576828,0.00012,0.1114594042301178,0.0
5823.0,5823.0,14.0,0.05686689168214798,0.00012,0.1024448350071907,0.0
5824.0,5824.0,14.0,0.05584733560681343,0.00012,0.08867578208446503,0.0
5825.0,5825.0,14.0,0.0580618754029274,0.00012,0.09523534029722214,0.0
5826.0,5826.0,14.0,0.05237054079771042,0.00012,0.09397067129611969,0.0
5827.0,5827.0,14.0,0.0597732812166214,0.00012,0.08582833409309387,0.0
5828.0,5828.0,14.0,0.06159523129463196,0.00012,0.07792413979768753,0.0
5829.0,5829.0,14.0,0.04929930716753006,0.00012,0.12963330745697021,0.0
5830.0,5830.0,14.0,0.0537605807185173,0.00012,0.10803286731243134,0.0
5831.0,5831.0,14.0,0.06669464707374573,0.00012,0.18786947429180145,0.0
5832.0,5832.0,14.0,0.06406532227993011,0.00012,0.13950690627098083,0.0
5833.0,5833.0,14.0,0.061927519738674164,0.00012,0.1346386820077896,0.0
5834.0,5834.0,14.0,0.06109660118818283,0.00012,0.1139681413769722,0.0
5835.0,5835.0,14.0,0.060447968542575836,0.00012,0.13168416917324066,0.0
5836.0,5836.0,14.0,0.05713990330696106,0.00012,0.0917181596159935,0.0
5837.0,5837.0,14.0,0.06037616729736328,0.00012,0.11716439574956894,0.0
5838.0,5838.0,14.0,0.05033623427152634,0.00012,0.10130993276834488,0.0
5839.0,5839.0,14.0,0.05878583341836929,0.00012,0.15551307797431946,0.0
5840.0,5840.0,14.0,0.064846470952034,0.00012,0.13898329436779022,0.0
5841.0,5841.0,14.0,0.06421174108982086,0.00012,0.13442033529281616,0.0
5842.0,5842.0,14.0,0.05267345905303955,0.00012,0.15684695541858673,0.0
5843.0,5843.0,14.0,0.0568399541079998,0.00012,0.09678640961647034,0.0
5844.0,5844.0,14.0,0.06729128956794739,0.00012,0.11697006225585938,0.0
5845.0,5845.0,14.0,0.05459500104188919,0.00012,0.1622074991464615,0.0
5846.0,5846.0,14.0,0.07095993310213089,0.00012,0.07247858494520187,0.0
5847.0,5847.0,14.0,0.04917513579130173,0.00012,0.10348755866289139,0.0
5848.0,5848.0,14.0,0.0542905330657959,0.00012,0.11801493912935257,0.0
5849.0,5849.0,14.0,0.040607549250125885,0.00012,0.12973229587078094,0.0
5850.0,5850.0,14.0,0.06129828095436096,0.00012,0.14423151314258575,0.0
5851.0,5851.0,15.0,0.0792195051908493,0.00012,0.12542317807674408,0.0
5852.0,5852.0,15.0,0.0659455880522728,0.00012,0.14415277540683746,0.0
5853.0,5853.0,15.0,0.06291691958904266,0.00012,0.12659507989883423,0.0
5854.0,5854.0,15.0,0.05228501558303833,0.00012,0.10080596059560776,0.0
5855.0,5855.0,15.0,0.07005660235881805,0.00012,0.23376166820526123,0.0
5856.0,5856.0,15.0,0.05523935705423355,0.00012,0.1040271744132042,0.0
5857.0,5857.0,15.0,0.058282673358917236,0.00012,0.2690019905567169,0.0
5858.0,5858.0,15.0,0.0648970752954483,0.00012,0.24120481312274933,0.0
5859.0,5859.0,15.0,0.057351335883140564,0.00012,0.15017986297607422,0.0
5860.0,5860.0,15.0,0.06046981364488602,0.00012,0.27042001485824585,0.0
5861.0,5861.0,15.0,0.05975044146180153,0.00012,0.0824536681175232,0.0
5862.0,5862.0,15.0,0.07102257013320923,0.00012,0.19345328211784363,0.0
5863.0,5863.0,15.0,0.07080190628767014,0.00012,0.21883781254291534,0.0
5864.0,5864.0,15.0,0.04214125871658325,0.00012,0.12386966496706009,0.0
5865.0,5865.0,15.0,0.05460850149393082,0.00012,0.2140897959470749,0.0
5866.0,5866.0,15.0,0.06322424113750458,0.00012,0.11317332834005356,0.0
5867.0,5867.0,15.0,0.05140054225921631,0.00012,0.20286668837070465,0.0
5868.0,5868.0,15.0,0.0655805841088295,0.00012,0.18405133485794067,0.0
5869.0,5869.0,15.0,0.05973311513662338,0.00012,0.09061130881309509,0.0
5870.0,5870.0,15.0,0.057844020426273346,0.00012,0.21456456184387207,0.0
5871.0,5871.0,15.0,0.056091006845235825,0.00012,0.11794544756412506,0.0
5872.0,5872.0,15.0,0.060703426599502563,0.00012,0.13868476450443268,0.0
5873.0,5873.0,15.0,0.052910953760147095,0.00012,0.22299766540527344,0.0
5874.0,5874.0,15.0,0.06734340637922287,0.00012,0.11793629080057144,0.0
5875.0,5875.0,15.0,0.06855544447898865,0.00012,0.2384447604417801,0.0
5876.0,5876.0,15.0,0.0741388201713562,0.00012,0.13877852261066437,0.0
5877.0,5877.0,15.0,0.06445926427841187,0.00012,0.20495446026325226,0.0
5878.0,5878.0,15.0,0.050102025270462036,0.00012,0.13210515677928925,0.0
5879.0,5879.0,15.0,0.06240891292691231,0.00012,0.13063064217567444,0.0
5880.0,5880.0,15.0,0.06375547498464584,0.00012,0.18918749690055847,0.0
5881.0,5881.0,15.0,0.0716215968132019,0.00012,0.1221131682395935,0.0
5882.0,5882.0,15.0,0.05970713496208191,0.00012,0.18594247102737427,0.0
5883.0,5883.0,15.0,0.0680219903588295,0.00012,0.17677514255046844,0.0
5884.0,5884.0,15.0,0.05386802554130554,0.00012,0.12077155709266663,0.0
5885.0,5885.0,15.0,0.08317086845636368,0.00012,0.2364491969347,0.0
5886.0,5886.0,15.0,0.07035999000072479,0.00012,0.15703196823596954,0.0
5887.0,5887.0,15.0,0.05353127047419548,0.00012,0.16253165900707245,0.0
5888.0,5888.0,15.0,0.06001976132392883,0.00012,0.21264198422431946,0.0
5889.0,5889.0,15.0,0.057026516646146774,0.00012,0.15409445762634277,0.0
5890.0,5890.0,15.0,0.06066033989191055,0.00012,0.17900604009628296,0.0
5891.0,5891.0,15.0,0.056857284158468246,0.00012,0.16732853651046753,0.0
5892.0,5892.0,15.0,0.05547352507710457,0.00012,0.09400992095470428,0.0
5893.0,5893.0,15.0,0.043891243636608124,0.00012,0.17061981558799744,0.0
5894.0,5894.0,15.0,0.05517005920410156,0.00012,0.14598438143730164,0.0
5895.0,5895.0,15.0,0.06135009229183197,0.00012,0.17070849239826202,0.0
5896.0,5896.0,15.0,0.062423862516880035,0.00012,0.1799941509962082,0.0
5897.0,5897.0,15.0,0.05423945188522339,0.00012,0.10805559158325195,0.0
5898.0,5898.0,15.0,0.05186939239501953,0.00012,0.12728151679039001,0.0
5899.0,5899.0,15.0,0.06393808126449585,0.00012,0.15169408917427063,0.0
5900.0,5900.0,15.0,0.04956800490617752,0.00012,0.11207366734743118,0.0
5901.0,5901.0,15.0,0.06345133483409882,0.00012,0.12389465421438217,0.0
5902.0,5902.0,15.0,0.04922262206673622,0.00012,0.14872756600379944,0.0
5903.0,5903.0,15.0,0.0701180025935173,0.00012,0.09447567164897919,0.0
5904.0,5904.0,15.0,0.059827059507369995,0.00012,0.10255846381187439,0.0
5905.0,5905.0,15.0,0.06743423640727997,0.00012,0.10684535652399063,0.0
5906.0,5906.0,15.0,0.058369871228933334,0.00012,0.0934024453163147,0.0
5907.0,5907.0,15.0,0.04165427386760712,0.00012,0.06556013226509094,0.0
5908.0,5908.0,15.0,0.052103154361248016,0.00012,0.13045047223567963,0.0
5909.0,5909.0,15.0,0.051628097891807556,0.00012,0.1193012073636055,0.0
5910.0,5910.0,15.0,0.057817570865154266,0.00012,0.1275729238986969,0.0
5911.0,5911.0,15.0,0.058890990912914276,0.00012,0.12094247341156006,0.0
5912.0,5912.0,15.0,0.06338103860616684,0.00012,0.16597509384155273,0.0
5913.0,5913.0,15.0,0.05411503463983536,0.00012,0.14749403297901154,0.0
5914.0,5914.0,15.0,0.07968922704458237,0.00012,0.1814594715833664,0.0
5915.0,5915.0,15.0,0.056722044944763184,0.00012,0.1572822779417038,0.0
5916.0,5916.0,15.0,0.06085164472460747,0.00012,0.1290028691291809,0.0
5917.0,5917.0,15.0,0.05966522544622421,0.00012,0.09811107069253922,0.0
5918.0,5918.0,15.0,0.06464968621730804,0.00012,0.15527455508708954,0.0
5919.0,5919.0,15.0,0.06534114480018616,0.00012,0.15382106602191925,0.0
5920.0,5920.0,15.0,0.07092708349227905,0.00012,0.18999962508678436,0.0
5921.0,5921.0,15.0,0.06677761673927307,0.00012,0.16083592176437378,0.0
5922.0,5922.0,15.0,0.06760294735431671,0.00012,0.15390408039093018,0.0
5923.0,5923.0,15.0,0.05857325345277786,0.00012,0.15328721702098846,0.0
5924.0,5924.0,15.0,0.05890165641903877,0.00012,0.08556713163852692,0.0
5925.0,5925.0,15.0,0.07235398888587952,0.00012,0.15855830907821655,0.0
5926.0,5926.0,15.0,0.07286831736564636,0.00012,0.12337689846754074,0.0
5927.0,5927.0,15.0,0.07386559247970581,0.00012,0.07589082419872284,0.0
5928.0,5928.0,15.0,0.0657329112291336,0.00012,0.18716536462306976,0.0
5929.0,5929.0,15.0,0.06472045183181763,0.00012,0.10642623156309128,0.0
5930.0,5930.0,15.0,0.06229720637202263,0.00012,0.18543457984924316,0.0
5931.0,5931.0,15.0,0.056377775967121124,0.00012,0.17271766066551208,0.0
5932.0,5932.0,15.0,0.0650600790977478,0.00012,0.13892854750156403,0.0
5933.0,5933.0,15.0,0.07960399985313416,0.00012,0.1790626347064972,0.0
5934.0,5934.0,15.0,0.058534443378448486,0.00012,0.1329105943441391,0.0
5935.0,5935.0,15.0,0.053934719413518906,0.00012,0.12398949265480042,0.0
5936.0,5936.0,15.0,0.06253708153963089,0.00012,0.07924363762140274,0.0
5937.0,5937.0,15.0,0.0589122399687767,0.00012,0.14087973535060883,0.0
5938.0,5938.0,15.0,0.05530495569109917,0.00012,0.0959467738866806,0.0
5939.0,5939.0,15.0,0.059816669672727585,0.00012,0.13379643857479095,0.0
5940.0,5940.0,15.0,0.0456584170460701,0.00012,0.13183686137199402,0.0
5941.0,5941.0,15.0,0.0488571897149086,0.00012,0.08455785363912582,0.0
5942.0,5942.0,15.0,0.05110478401184082,0.00012,0.09742530435323715,0.0
5943.0,5943.0,15.0,0.04380181059241295,0.00012,0.1111590564250946,0.0
5944.0,5944.0,15.0,0.06469811499118805,0.00012,0.10198847949504852,0.0
5945.0,5945.0,15.0,0.05064505338668823,0.00012,0.15663933753967285,0.0
5946.0,5946.0,15.0,0.05623879283666611,0.00012,0.1290002465248108,0.0
5947.0,5947.0,15.0,0.0455784909427166,0.00012,0.08582114428281784,0.0
5948.0,5948.0,15.0,0.05258213356137276,0.00012,0.14484985172748566,0.0
5949.0,5949.0,15.0,0.06250987946987152,0.00012,0.12539497017860413,0.0
5950.0,5950.0,15.0,0.05384078621864319,0.00012,0.10202978551387787,0.0
5951.0,5951.0,15.0,0.054454460740089417,0.00012,0.13150948286056519,0.0
5952.0,5952.0,15.0,0.06177312135696411,0.00012,0.11699731647968292,0.0
5953.0,5953.0,15.0,0.05009087920188904,0.00012,0.10602178424596786,0.0
5954.0,5954.0,15.0,0.05201304703950882,0.00012,0.08921713382005692,0.0
5955.0,5955.0,15.0,0.06136927008628845,0.00012,0.12699782848358154,0.0
5956.0,5956.0,15.0,0.058038339018821716,0.00012,0.09132546931505203,0.0
5957.0,5957.0,15.0,0.05786808580160141,0.00012,0.18589182198047638,0.0
5958.0,5958.0,15.0,0.06369859725236893,0.00012,0.08973420411348343,0.0
5959.0,5959.0,15.0,0.047616321593523026,0.00012,0.16515323519706726,0.0
5960.0,5960.0,15.0,0.06375539302825928,0.00012,0.10635285824537277,0.0
5961.0,5961.0,15.0,0.06549938023090363,0.00012,0.09806180745363235,0.0
5962.0,5962.0,15.0,0.050728004425764084,0.00012,0.11292995512485504,0.0
5963.0,5963.0,15.0,0.061402127146720886,0.00012,0.11702414602041245,0.0
5964.0,5964.0,15.0,0.0585227832198143,0.00012,0.060162268579006195,0.0
5965.0,5965.0,15.0,0.06914304941892624,0.00012,0.15971896052360535,0.0
5966.0,5966.0,15.0,0.06020227074623108,0.00012,0.1214001402258873,0.0
5967.0,5967.0,15.0,0.06681600958108902,0.00012,0.15018360316753387,0.0
5968.0,5968.0,15.0,0.06969423592090607,0.00012,0.12931588292121887,0.0
5969.0,5969.0,15.0,0.046271082013845444,0.00012,0.14850331842899323,0.0
5970.0,5970.0,15.0,0.06445921212434769,0.00012,0.18303190171718597,0.0
5971.0,5971.0,15.0,0.06464256346225739,0.00012,0.09066154807806015,0.0
5972.0,5972.0,15.0,0.056022223085165024,0.00012,0.22802439332008362,0.0
5973.0,5973.0,15.0,0.05303824320435524,0.00012,0.09703037142753601,0.0
5974.0,5974.0,15.0,0.04725814610719681,0.00012,0.1604222059249878,0.0
5975.0,5975.0,15.0,0.06111512333154678,0.00012,0.256207674741745,0.0
5976.0,5976.0,15.0,0.058666083961725235,0.00012,0.13940972089767456,0.0
5977.0,5977.0,15.0,0.060457177460193634,0.00012,0.21003876626491547,0.0
5978.0,5978.0,15.0,0.055856186896562576,0.00012,0.1421065628528595,0.0
5979.0,5979.0,15.0,0.05101657286286354,0.00012,0.1776161789894104,0.0
5980.0,5980.0,15.0,0.07330460101366043,0.00012,0.15887108445167542,0.0
5981.0,5981.0,15.0,0.045852698385715485,0.00012,0.1519278883934021,0.0
5982.0,5982.0,15.0,0.058903299272060394,0.00012,0.13894619047641754,0.0
5983.0,5983.0,15.0,0.053880151361227036,0.00012,0.11548402905464172,0.0
5984.0,5984.0,15.0,0.05689244717359543,0.00012,0.13999290764331818,0.0
5985.0,5985.0,15.0,0.050358667969703674,0.00012,0.12319618463516235,0.0
5986.0,5986.0,15.0,0.05695350468158722,0.00012,0.13617201149463654,0.0
5987.0,5987.0,15.0,0.059749752283096313,0.00012,0.08142191916704178,0.0
5988.0,5988.0,15.0,0.06021369248628616,0.00012,0.1926901489496231,0.0
5989.0,5989.0,15.0,0.042909178882837296,0.00012,0.13551509380340576,0.0
5990.0,5990.0,15.0,0.052418336272239685,0.00012,0.16405798494815826,0.0
5991.0,5991.0,15.0,0.04679148644208908,0.00012,0.10955332219600677,0.0
5992.0,5992.0,15.0,0.05797116830945015,0.00012,0.1890287697315216,0.0
5993.0,5993.0,15.0,0.06583276391029358,0.00012,0.08774351328611374,0.0
5994.0,5994.0,15.0,0.056927986443042755,0.00012,0.11658889055252075,0.0
5995.0,5995.0,15.0,0.05094030871987343,0.00012,0.14380156993865967,0.0
5996.0,5996.0,15.0,0.057689912617206573,0.00012,0.09879402816295624,0.0
5997.0,5997.0,15.0,0.05694188177585602,0.00012,0.13509929180145264,0.0
5998.0,5998.0,15.0,0.053441621363162994,0.00012,0.07543677091598511,0.0
5999.0,5999.0,15.0,0.05969306081533432,0.00012,0.09942272305488586,0.0
6000.0,6000.0,15.0,0.06464845687150955,0.00012,0.12287864834070206,0.0
6001.0,6001.0,15.0,0.056893520057201385,0.00012,0.08814404159784317,0.0
6002.0,6002.0,15.0,0.04581295698881149,0.00012,0.17070458829402924,0.0
6003.0,6003.0,15.0,0.05798475816845894,0.00012,0.10943014174699783,0.0
6004.0,6004.0,15.0,0.0665898248553276,0.00012,0.0740949809551239,0.0
6005.0,6005.0,15.0,0.04406288266181946,0.00012,0.11242878437042236,0.0
6006.0,6006.0,15.0,0.051554422825574875,0.00012,0.09079763293266296,0.0
6007.0,6007.0,15.0,0.06917009502649307,0.00012,0.156983882188797,0.0
6008.0,6008.0,15.0,0.052324242889881134,0.00012,0.08773720264434814,0.0
6009.0,6009.0,15.0,0.06349323689937592,0.00012,0.13629017770290375,0.0
6010.0,6010.0,15.0,0.05043124407529831,0.00012,0.10710002481937408,0.0
6011.0,6011.0,15.0,0.04373956471681595,0.00012,0.08636339008808136,0.0
6012.0,6012.0,15.0,0.05555514618754387,0.00012,0.13902394473552704,0.0
6013.0,6013.0,15.0,0.0625690370798111,0.00012,0.11617401987314224,0.0
6014.0,6014.0,15.0,0.06753148883581161,0.00012,0.13719575107097626,0.0
6015.0,6015.0,15.0,0.06778482347726822,0.00012,0.1137358769774437,0.0
6016.0,6016.0,15.0,0.06224752590060234,0.00012,0.06612134724855423,0.0
6017.0,6017.0,15.0,0.054741792380809784,0.00012,0.09884313493967056,0.0
6018.0,6018.0,15.0,0.07634583115577698,0.00012,0.11818000674247742,0.0
6019.0,6019.0,15.0,0.04821675270795822,0.00012,0.08539052307605743,0.0
6020.0,6020.0,15.0,0.056906506419181824,0.00012,0.1701497882604599,0.0
6021.0,6021.0,15.0,0.051767684519290924,0.00012,0.09083503484725952,0.0
6022.0,6022.0,15.0,0.05708847939968109,0.00012,0.1504146158695221,0.0
6023.0,6023.0,15.0,0.0705326646566391,0.00012,0.09878849238157272,0.0
6024.0,6024.0,15.0,0.07593744993209839,0.00012,0.09579887986183167,0.0
6025.0,6025.0,15.0,0.04831743240356445,0.00012,0.17459116876125336,0.0
6026.0,6026.0,15.0,0.06432437151670456,0.00012,0.12731634080410004,0.0
6027.0,6027.0,15.0,0.0712658017873764,0.00012,0.1318410485982895,0.0
6028.0,6028.0,15.0,0.071596160531044,0.00012,0.1232285127043724,0.0
6029.0,6029.0,15.0,0.055774565786123276,0.00012,0.12459221482276917,0.0
6030.0,6030.0,15.0,0.0625862404704094,0.00012,0.16454735398292542,0.0
6031.0,6031.0,15.0,0.06051386147737503,0.00012,0.08456029742956161,0.0
6032.0,6032.0,15.0,0.06844586879014969,0.00012,0.11754894256591797,0.0
6033.0,6033.0,15.0,0.049508556723594666,0.00012,0.12744168937206268,0.0
6034.0,6034.0,15.0,0.052820246666669846,0.00012,0.10813004523515701,0.0
6035.0,6035.0,15.0,0.0548783540725708,0.00012,0.09021957963705063,0.0
6036.0,6036.0,15.0,0.05684173107147217,0.00012,0.12873750925064087,0.0
6037.0,6037.0,15.0,0.0552828386425972,0.00012,0.10089875757694244,0.0
6038.0,6038.0,15.0,0.059741850942373276,0.00012,0.0821654424071312,0.0
6039.0,6039.0,15.0,0.06472073495388031,0.00012,0.15266212821006775,0.0
6040.0,6040.0,15.0,0.06170380115509033,0.00012,0.12709622085094452,0.0
6041.0,6041.0,15.0,0.06050291657447815,0.00012,0.0968930572271347,0.0
6042.0,6042.0,15.0,0.06711149215698242,0.00012,0.18237580358982086,0.0
6043.0,6043.0,15.0,0.048604801297187805,0.00012,0.1333438605070114,0.0
6044.0,6044.0,15.0,0.04784882068634033,0.00012,0.1061776876449585,0.0
6045.0,6045.0,15.0,0.06936150789260864,0.00012,0.18210792541503906,0.0
6046.0,6046.0,15.0,0.06235950067639351,0.00012,0.16741526126861572,0.0
6047.0,6047.0,15.0,0.05742190033197403,0.00012,0.10538938641548157,0.0
6048.0,6048.0,15.0,0.05905919894576073,0.00012,0.14541125297546387,0.0
6049.0,6049.0,15.0,0.062100399285554886,0.00012,0.1354539841413498,0.0
6050.0,6050.0,15.0,0.05878857523202896,0.00012,0.16727444529533386,0.0
6051.0,6051.0,15.0,0.06608165800571442,0.00012,0.18133489787578583,0.0
6052.0,6052.0,15.0,0.06277408450841904,0.00012,0.14022594690322876,0.0
6053.0,6053.0,15.0,0.06872020661830902,0.00012,0.12992781400680542,0.0
6054.0,6054.0,15.0,0.0779191106557846,0.00012,0.19999046623706818,0.0
6055.0,6055.0,15.0,0.05767837539315224,0.00012,0.14769607782363892,0.0
6056.0,6056.0,15.0,0.06638295203447342,0.00012,0.16283462941646576,0.0
6057.0,6057.0,15.0,0.061690837144851685,0.00012,0.21219086647033691,0.0
6058.0,6058.0,15.0,0.05783010274171829,0.00012,0.1191728264093399,0.0
6059.0,6059.0,15.0,0.05920100212097168,0.00012,0.2416449636220932,0.0
6060.0,6060.0,15.0,0.05371291935443878,0.00012,0.1495097428560257,0.0
6061.0,6061.0,15.0,0.06500287353992462,0.00012,0.21132323145866394,0.0
6062.0,6062.0,15.0,0.06456299126148224,0.00012,0.16290278732776642,0.0
6063.0,6063.0,15.0,0.061089687049388885,0.00012,0.1587267518043518,0.0
6064.0,6064.0,15.0,0.07074256241321564,0.00012,0.14738880097866058,0.0
6065.0,6065.0,15.0,0.04775312542915344,0.00012,0.1578591763973236,0.0
6066.0,6066.0,15.0,0.05060359090566635,0.00012,0.17331723868846893,0.0
6067.0,6067.0,15.0,0.04224170371890068,0.00012,0.1660691201686859,0.0
6068.0,6068.0,15.0,0.0447152704000473,0.00012,0.2495681792497635,0.0
6069.0,6069.0,15.0,0.06482010334730148,0.00012,0.13751065731048584,0.0
6070.0,6070.0,15.0,0.06311936676502228,0.00012,0.14486010372638702,0.0
6071.0,6071.0,15.0,0.06005179136991501,0.00012,0.18399479985237122,0.0
6072.0,6072.0,15.0,0.04949013516306877,0.00012,0.16189229488372803,0.0
6073.0,6073.0,15.0,0.052907317876815796,0.00012,0.17623983323574066,0.0
6074.0,6074.0,15.0,0.06487409770488739,0.00012,0.16578978300094604,0.0
6075.0,6075.0,15.0,0.061338771134614944,0.00012,0.15854862332344055,0.0
6076.0,6076.0,15.0,0.05424604192376137,0.00012,0.11158745735883713,0.0
6077.0,6077.0,15.0,0.06688117980957031,0.00012,0.1162944808602333,0.0
6078.0,6078.0,15.0,0.06056688725948334,0.00012,0.09857022762298584,0.0
6079.0,6079.0,15.0,0.06845855712890625,0.00012,0.1803819239139557,0.0
6080.0,6080.0,15.0,0.04983571916818619,0.00012,0.14971743524074554,0.0
6081.0,6081.0,15.0,0.05122717469930649,0.00012,0.17531035840511322,0.0
6082.0,6082.0,15.0,0.05005742982029915,0.00012,0.10167241841554642,0.0
6083.0,6083.0,15.0,0.0713338553905487,0.00012,0.15305715799331665,0.0
6084.0,6084.0,15.0,0.05852074176073074,0.00012,0.13011226058006287,0.0
6085.0,6085.0,15.0,0.0853743702173233,0.00012,0.14423690736293793,0.0
6086.0,6086.0,15.0,0.05652714893221855,0.00012,0.18772420287132263,0.0
6087.0,6087.0,15.0,0.06898719072341919,0.00012,0.10860361158847809,0.0
6088.0,6088.0,15.0,0.04841209203004837,0.00012,0.13862691819667816,0.0
6089.0,6089.0,15.0,0.06405296921730042,0.00012,0.0892435684800148,0.0
6090.0,6090.0,15.0,0.06083034351468086,0.00012,0.08782055228948593,0.0
6091.0,6091.0,15.0,0.06730757653713226,0.00012,0.11464305967092514,0.0
6092.0,6092.0,15.0,0.060460902750492096,0.00012,0.1215168759226799,0.0
6093.0,6093.0,15.0,0.051039937883615494,0.00012,0.08692282438278198,0.0
6094.0,6094.0,15.0,0.0713430643081665,0.00012,0.12146575003862381,0.0
6095.0,6095.0,15.0,0.06087011843919754,0.00012,0.11623666435480118,0.0
6096.0,6096.0,15.0,0.05499338358640671,0.00012,0.10364843159914017,0.0
6097.0,6097.0,15.0,0.06385757029056549,0.00012,0.1648755967617035,0.0
6098.0,6098.0,15.0,0.07161158323287964,0.00012,0.11295326054096222,0.0
6099.0,6099.0,15.0,0.07148417830467224,0.00012,0.11913548409938812,0.0
6100.0,6100.0,15.0,0.07393178343772888,0.00012,0.12052256613969803,0.0
6101.0,6101.0,15.0,0.05471277981996536,0.00012,0.11290368437767029,0.0
6102.0,6102.0,15.0,0.0483185276389122,0.00012,0.07939159125089645,0.0
6103.0,6103.0,15.0,0.06759198009967804,0.00012,0.07855191081762314,0.0
6104.0,6104.0,15.0,0.05928916484117508,0.00012,0.1505572646856308,0.0
6105.0,6105.0,15.0,0.060459718108177185,0.00012,0.14097583293914795,0.0
6106.0,6106.0,15.0,0.05181441828608513,0.00012,0.12403405457735062,0.0
6107.0,6107.0,15.0,0.056906282901763916,0.00012,0.1166711300611496,0.0
6108.0,6108.0,15.0,0.05679643154144287,0.00012,0.16147665679454803,0.0
6109.0,6109.0,15.0,0.0710386335849762,0.00012,0.1428687423467636,0.0
6110.0,6110.0,15.0,0.05514533817768097,0.00012,0.15955013036727905,0.0
6111.0,6111.0,15.0,0.057418614625930786,0.00012,0.21470269560813904,0.0
6112.0,6112.0,15.0,0.06518037617206573,0.00012,0.10016130656003952,0.0
6113.0,6113.0,15.0,0.07191788405179977,0.00012,0.08339765667915344,0.0
6114.0,6114.0,15.0,0.0506536141037941,0.00012,0.2178945690393448,0.0
6115.0,6115.0,15.0,0.050054095685482025,0.00012,0.08307696878910065,0.0
6116.0,6116.0,15.0,0.04742717742919922,0.00012,0.10713575780391693,0.0
6117.0,6117.0,15.0,0.055273693054914474,0.00012,0.1655823439359665,0.0
6118.0,6118.0,15.0,0.043936409056186676,0.00012,0.08398662507534027,0.0
6119.0,6119.0,15.0,0.07692133635282516,0.00012,0.20684261620044708,0.0
6120.0,6120.0,15.0,0.06116846203804016,0.00012,0.11832789331674576,0.0
6121.0,6121.0,15.0,0.05527424439787865,0.00012,0.12735560536384583,0.0
6122.0,6122.0,15.0,0.061484549194574356,0.00012,0.16593600809574127,0.0
6123.0,6123.0,15.0,0.05582374334335327,0.00012,0.20765994489192963,0.0
6124.0,6124.0,15.0,0.05710344761610031,0.00012,0.15777698159217834,0.0
6125.0,6125.0,15.0,0.06601650267839432,0.00012,0.25097227096557617,0.0
6126.0,6126.0,15.0,0.05644194036722183,0.00012,0.17182473838329315,0.0
6127.0,6127.0,15.0,0.04887058585882187,0.00012,0.16150183975696564,0.0
6128.0,6128.0,15.0,0.05935792997479439,0.00012,0.1697661578655243,0.0
6129.0,6129.0,15.0,0.0644632875919342,0.00012,0.15506860613822937,0.0
6130.0,6130.0,15.0,0.059479594230651855,0.00012,0.14661233127117157,0.0
6131.0,6131.0,15.0,0.07736466825008392,0.00012,0.18178263306617737,0.0
6132.0,6132.0,15.0,0.060442619025707245,0.00012,0.2651841342449188,0.0
6133.0,6133.0,15.0,0.05236843228340149,0.00012,0.0947803407907486,0.0
6134.0,6134.0,15.0,0.07651009410619736,0.00012,0.23778286576271057,0.0
6135.0,6135.0,15.0,0.06585899740457535,0.00012,0.16098704934120178,0.0
6136.0,6136.0,15.0,0.05617045238614082,0.00012,0.17006926238536835,0.0
6137.0,6137.0,15.0,0.05304941162467003,0.00012,0.21572253108024597,0.0
6138.0,6138.0,15.0,0.06498639285564423,0.00012,0.18633343279361725,0.0
6139.0,6139.0,15.0,0.04735306277871132,0.00012,0.19034041464328766,0.0
6140.0,6140.0,15.0,0.06851378083229065,0.00012,0.18887145817279816,0.0
6141.0,6141.0,15.0,0.07015509903430939,0.00012,0.18352095782756805,0.0
6142.0,6142.0,15.0,0.05884004384279251,0.00012,0.10329997539520264,0.0
6143.0,6143.0,15.0,0.04739197716116905,0.00012,0.20769940316677094,0.0
6144.0,6144.0,15.0,0.05297291278839111,0.00012,0.1817856878042221,0.0
6145.0,6145.0,15.0,0.05730801075696945,0.00012,0.13033293187618256,0.0
6146.0,6146.0,15.0,0.05371594429016113,0.00012,0.13179762661457062,0.0
6147.0,6147.0,15.0,0.050011031329631805,0.00012,0.1196502149105072,0.0
6148.0,6148.0,15.0,0.0533122718334198,0.00012,0.11193762719631195,0.0
6149.0,6149.0,15.0,0.060271330177783966,0.00012,0.19699382781982422,0.0
6150.0,6150.0,15.0,0.0684266984462738,0.00012,0.14675772190093994,0.0
6151.0,6151.0,15.0,0.05822015553712845,0.00012,0.10245554149150848,0.0
6152.0,6152.0,15.0,0.05677022039890289,0.00012,0.17955468595027924,0.0
6153.0,6153.0,15.0,0.05666322261095047,0.00012,0.10974720865488052,0.0
6154.0,6154.0,15.0,0.058375805616378784,0.00012,0.1565413475036621,0.0
6155.0,6155.0,15.0,0.06515900790691376,0.00012,0.12443159520626068,0.0
6156.0,6156.0,15.0,0.06777877360582352,0.00012,0.14785638451576233,0.0
6157.0,6157.0,15.0,0.06601029634475708,0.00012,0.12770138680934906,0.0
6158.0,6158.0,15.0,0.0664067417383194,0.00012,0.1162821426987648,0.0
6159.0,6159.0,15.0,0.056480735540390015,0.00012,0.11694159358739853,0.0
6160.0,6160.0,15.0,0.05083228647708893,0.00012,0.1514909863471985,0.0
6161.0,6161.0,15.0,0.05037875100970268,0.00012,0.12018977105617523,0.0
6162.0,6162.0,15.0,0.06531229615211487,0.00012,0.12968793511390686,0.0
6163.0,6163.0,15.0,0.05216541886329651,0.00012,0.13048578798770905,0.0
6164.0,6164.0,15.0,0.058043330907821655,0.00012,0.09376201778650284,0.0
6165.0,6165.0,15.0,0.05874260514974594,0.00012,0.10367496311664581,0.0
6166.0,6166.0,15.0,0.039720650762319565,0.00012,0.08246521651744843,0.0
6167.0,6167.0,15.0,0.06882379949092865,0.00012,0.18072979152202606,0.0
6168.0,6168.0,15.0,0.06926211714744568,0.00012,0.08403411507606506,0.0
6169.0,6169.0,15.0,0.05947653949260712,0.00012,0.12463627010583878,0.0
6170.0,6170.0,15.0,0.061484817415475845,0.00012,0.14838549494743347,0.0
6171.0,6171.0,15.0,0.06020466983318329,0.00012,0.09806007146835327,0.0
6172.0,6172.0,15.0,0.07138419151306152,0.00012,0.09131406247615814,0.0
6173.0,6173.0,15.0,0.0592012032866478,0.00012,0.1255289614200592,0.0
6174.0,6174.0,15.0,0.05406944453716278,0.00012,0.10084020346403122,0.0
6175.0,6175.0,15.0,0.06926368921995163,0.00012,0.19042526185512543,0.0
6176.0,6176.0,15.0,0.06547458469867706,0.00012,0.15789693593978882,0.0
6177.0,6177.0,15.0,0.054169975221157074,0.00012,0.14521706104278564,0.0
6178.0,6178.0,15.0,0.04771881550550461,0.00012,0.15339763462543488,0.0
6179.0,6179.0,15.0,0.0683121532201767,0.00012,0.1364472359418869,0.0
6180.0,6180.0,15.0,0.06517241895198822,0.00012,0.13833114504814148,0.0
6181.0,6181.0,15.0,0.052107930183410645,0.00012,0.17677360773086548,0.0
6182.0,6182.0,15.0,0.06446443498134613,0.00012,0.09253208339214325,0.0
6183.0,6183.0,15.0,0.05723998323082924,0.00012,0.1847730576992035,0.0
6184.0,6184.0,15.0,0.06161624938249588,0.00012,0.17204515635967255,0.0
6185.0,6185.0,15.0,0.05942805856466293,0.00012,0.21270766854286194,0.0
6186.0,6186.0,15.0,0.0642591118812561,0.00012,0.1677408069372177,0.0
6187.0,6187.0,15.0,0.06203759089112282,0.00012,0.2007753849029541,0.0
6188.0,6188.0,15.0,0.05583929270505905,0.00012,0.1541563868522644,0.0
6189.0,6189.0,15.0,0.05539365112781525,0.00012,0.15097108483314514,0.0
6190.0,6190.0,15.0,0.06255143880844116,0.00012,0.17256879806518555,0.0
6191.0,6191.0,15.0,0.054857466369867325,0.00012,0.20467370748519897,0.0
6192.0,6192.0,15.0,0.05663419887423515,0.00012,0.12433858960866928,0.0
6193.0,6193.0,15.0,0.06336811184883118,0.00012,0.24628615379333496,0.0
6194.0,6194.0,15.0,0.06276208162307739,0.00012,0.16550399363040924,0.0
6195.0,6195.0,15.0,0.055953070521354675,0.00012,0.15972957015037537,0.0
6196.0,6196.0,15.0,0.054746974259614944,0.00012,0.2444523572921753,0.0
6197.0,6197.0,15.0,0.052579015493392944,0.00012,0.08080839365720749,0.0
6198.0,6198.0,15.0,0.06494256854057312,0.00012,0.22157134115695953,0.0
6199.0,6199.0,15.0,0.05506249517202377,0.00012,0.22162766754627228,0.0
6200.0,6200.0,15.0,0.05906722694635391,0.00012,0.16723021864891052,0.0
6201.0,6201.0,15.0,0.05824098736047745,0.00012,0.2838332951068878,0.0
6202.0,6202.0,15.0,0.05692952498793602,0.00012,0.1066613420844078,0.0
6203.0,6203.0,15.0,0.06432893872261047,0.00012,0.168100506067276,0.0
6204.0,6204.0,15.0,0.06774355471134186,0.00012,0.19228437542915344,0.0
6205.0,6205.0,15.0,0.061152901500463486,0.00012,0.13812319934368134,0.0
6206.0,6206.0,15.0,0.06709736585617065,0.00012,0.3026893138885498,0.0
6207.0,6207.0,15.0,0.05118362605571747,0.00012,0.10641990602016449,0.0
6208.0,6208.0,15.0,0.05540018528699875,0.00012,0.2619323134422302,0.0
6209.0,6209.0,15.0,0.04937588796019554,0.00012,0.2170911580324173,0.0
6210.0,6210.0,15.0,0.06299591809511185,0.00012,0.14022685587406158,0.0
6211.0,6211.0,15.0,0.045599572360515594,0.00012,0.22871002554893494,0.0
6212.0,6212.0,15.0,0.05286375433206558,0.00012,0.10549154877662659,0.0
6213.0,6213.0,15.0,0.05663838982582092,0.00012,0.18506863713264465,0.0
6214.0,6214.0,15.0,0.05807112902402878,0.00012,0.1940959393978119,0.0
6215.0,6215.0,15.0,0.058473892509937286,0.00012,0.11381400376558304,0.0
6216.0,6216.0,15.0,0.045173484832048416,0.00012,0.19780267775058746,0.0
6217.0,6217.0,15.0,0.07199831306934357,0.00012,0.15550929307937622,0.0
6218.0,6218.0,15.0,0.05101007968187332,0.00012,0.13628020882606506,0.0
6219.0,6219.0,15.0,0.061303675174713135,0.00012,0.1904900223016739,0.0
6220.0,6220.0,15.0,0.06097257882356644,0.00012,0.09092529863119125,0.0
6221.0,6221.0,15.0,0.049631014466285706,0.00012,0.1649920493364334,0.0
6222.0,6222.0,15.0,0.05592077970504761,0.00012,0.09258978813886642,0.0
6223.0,6223.0,15.0,0.06345926970243454,0.00012,0.1296158730983734,0.0
6224.0,6224.0,15.0,0.04860147833824158,0.00012,0.10568539053201675,0.0
6225.0,6225.0,15.0,0.053846489638090134,0.00012,0.09355277568101883,0.0
6226.0,6226.0,15.0,0.05184091627597809,0.00012,0.1135711669921875,0.0
6227.0,6227.0,15.0,0.05830220505595207,0.00012,0.08953136950731277,0.0
6228.0,6228.0,15.0,0.0679464191198349,0.00012,0.14349336922168732,0.0
6229.0,6229.0,15.0,0.05480305105447769,0.00012,0.06832752376794815,0.0
6230.0,6230.0,15.0,0.05878749489784241,0.00012,0.1741759479045868,0.0
6231.0,6231.0,15.0,0.049114204943180084,0.00012,0.07919752597808838,0.0
6232.0,6232.0,15.0,0.07803965359926224,0.00012,0.14862437546253204,0.0
6233.0,6233.0,15.0,0.057903677225112915,0.00012,0.11719980835914612,0.0
6234.0,6234.0,15.0,0.050209999084472656,0.00012,0.199114590883255,0.0
6235.0,6235.0,15.0,0.056394610553979874,0.00012,0.10688064247369766,0.0
6236.0,6236.0,15.0,0.059411872178316116,0.00012,0.16148462891578674,0.0
6237.0,6237.0,15.0,0.06629820913076401,0.00012,0.12399929016828537,0.0
6238.0,6238.0,15.0,0.0594576820731163,0.00012,0.14241711795330048,0.0
6239.0,6239.0,15.0,0.06206616014242172,0.00012,0.1007707491517067,0.0
6240.0,6240.0,15.0,0.058117497712373734,0.00012,0.20513536036014557,0.0
6241.0,6241.0,16.0,0.05027329921722412,0.00012,0.07548889517784119,0.0
6242.0,6242.0,16.0,0.06361288577318192,0.00012,0.12290441989898682,0.0
6243.0,6243.0,16.0,0.06233163923025131,0.00012,0.15022079646587372,0.0
6244.0,6244.0,16.0,0.07599758356809616,0.00012,0.1683160960674286,0.0
6245.0,6245.0,16.0,0.05334504693746567,0.00012,0.15834416449069977,0.0
6246.0,6246.0,16.0,0.06234905123710632,0.00012,0.17949968576431274,0.0
6247.0,6247.0,16.0,0.0544135645031929,0.00012,0.139035165309906,0.0
6248.0,6248.0,16.0,0.07244960218667984,0.00012,0.12750163674354553,0.0
6249.0,6249.0,16.0,0.06623664498329163,0.00012,0.13347478210926056,0.0
6250.0,6250.0,16.0,0.057043202221393585,0.00012,0.10384463518857956,0.0
6251.0,6251.0,16.0,0.06440829485654831,0.00012,0.14836247265338898,0.0
6252.0,6252.0,16.0,0.05666439235210419,0.00012,0.16191458702087402,0.0
6253.0,6253.0,16.0,0.07596844434738159,0.00012,0.22281189262866974,0.0
6254.0,6254.0,16.0,0.07050911337137222,0.00012,0.13737717270851135,0.0
6255.0,6255.0,16.0,0.059445448219776154,0.00012,0.10712546110153198,0.0
6256.0,6256.0,16.0,0.06721188127994537,0.00012,0.10285681486129761,0.0
6257.0,6257.0,16.0,0.05664389580488205,0.00012,0.09402032196521759,0.0
6258.0,6258.0,16.0,0.057613469660282135,0.00012,0.08571551740169525,0.0
6259.0,6259.0,16.0,0.05144815146923065,0.00012,0.09930691123008728,0.0
6260.0,6260.0,16.0,0.048647452145814896,0.00012,0.09431273490190506,0.0
6261.0,6261.0,16.0,0.0658511072397232,0.00012,0.11424900591373444,0.0
6262.0,6262.0,16.0,0.07010577619075775,0.00012,0.10787840932607651,0.0
6263.0,6263.0,16.0,0.054393257945775986,0.00012,0.0836777538061142,0.0
6264.0,6264.0,16.0,0.057810939848423004,0.00012,0.16639181971549988,0.0
6265.0,6265.0,16.0,0.06580329686403275,0.00012,0.1298997402191162,0.0
6266.0,6266.0,16.0,0.05905366688966751,0.00012,0.1900532990694046,0.0
6267.0,6267.0,16.0,0.05105729401111603,0.00012,0.13793298602104187,0.0
6268.0,6268.0,16.0,0.05627874284982681,0.00012,0.12792178988456726,0.0
6269.0,6269.0,16.0,0.061404675245285034,0.00012,0.14022524654865265,0.0
6270.0,6270.0,16.0,0.06339811533689499,0.00012,0.11972527951002121,0.0
6271.0,6271.0,16.0,0.06547492742538452,0.00012,0.14155563712120056,0.0
6272.0,6272.0,16.0,0.05048980936408043,0.00012,0.11159134656190872,0.0
6273.0,6273.0,16.0,0.05170498043298721,0.00012,0.15404725074768066,0.0
6274.0,6274.0,16.0,0.06415635347366333,0.00012,0.11528696864843369,0.0
6275.0,6275.0,16.0,0.042571812868118286,0.00012,0.16027842462062836,0.0
6276.0,6276.0,16.0,0.05513434112071991,0.00012,0.14477568864822388,0.0
6277.0,6277.0,16.0,0.05024402588605881,0.00012,0.08694121241569519,0.0
6278.0,6278.0,16.0,0.04487742856144905,0.00012,0.2535632252693176,0.0
6279.0,6279.0,16.0,0.06933587789535522,0.00012,0.12056438624858856,0.0
6280.0,6280.0,16.0,0.051272712647914886,0.00012,0.1774396300315857,0.0
6281.0,6281.0,16.0,0.056363388895988464,0.00012,0.1219533309340477,0.0
6282.0,6282.0,16.0,0.06062978133559227,0.00012,0.06569361686706543,0.0
6283.0,6283.0,16.0,0.06112836301326752,0.00012,0.1259276419878006,0.0
6284.0,6284.0,16.0,0.05465111881494522,0.00012,0.11503220349550247,0.0
6285.0,6285.0,16.0,0.05721694976091385,0.00012,0.14849260449409485,0.0
6286.0,6286.0,16.0,0.06649869680404663,0.00012,0.12108632922172546,0.0
6287.0,6287.0,16.0,0.06121549755334854,0.00012,0.07385861128568649,0.0
6288.0,6288.0,16.0,0.05066714808344841,0.00012,0.16032811999320984,0.0
6289.0,6289.0,16.0,0.059253085404634476,0.00012,0.08089634031057358,0.0
6290.0,6290.0,16.0,0.0709584504365921,0.00012,0.1711948662996292,0.0
6291.0,6291.0,16.0,0.0505225844681263,0.00012,0.11318987607955933,0.0
6292.0,6292.0,16.0,0.062397550791502,0.00012,0.1040055975317955,0.0
6293.0,6293.0,16.0,0.056153640151023865,0.00012,0.1630266159772873,0.0
6294.0,6294.0,16.0,0.04940684884786606,0.00012,0.15479591488838196,0.0
6295.0,6295.0,16.0,0.05720800906419754,0.00012,0.09276442974805832,0.0
6296.0,6296.0,16.0,0.05746055394411087,0.00012,0.16038377583026886,0.0
6297.0,6297.0,16.0,0.04656269773840904,0.00012,0.12786473333835602,0.0
6298.0,6298.0,16.0,0.05396591126918793,0.00012,0.09881774336099625,0.0
6299.0,6299.0,16.0,0.05393476039171219,0.00012,0.12468481808900833,0.0
6300.0,6300.0,16.0,0.058266833424568176,0.00012,0.09821315109729767,0.0
6301.0,6301.0,16.0,0.05655883625149727,0.00012,0.12783142924308777,0.0
6302.0,6302.0,16.0,0.055374182760715485,0.00012,0.0543975755572319,0.0
6303.0,6303.0,16.0,0.04519721865653992,0.00012,0.08806072175502777,0.0
6304.0,6304.0,16.0,0.06467918306589127,0.00012,0.11960293352603912,0.0
6305.0,6305.0,16.0,0.055808454751968384,0.00012,0.17287249863147736,0.0
6306.0,6306.0,16.0,0.06550672650337219,0.00012,0.10715294629335403,0.0
6307.0,6307.0,16.0,0.05668191611766815,0.00012,0.1537952870130539,0.0
6308.0,6308.0,16.0,0.07056331634521484,0.00012,0.07417266815900803,0.0
6309.0,6309.0,16.0,0.06083747744560242,0.00012,0.11154340207576752,0.0
6310.0,6310.0,16.0,0.052292242646217346,0.00012,0.07834713906049728,0.0
6311.0,6311.0,16.0,0.050980448722839355,0.00012,0.10848524421453476,0.0
6312.0,6312.0,16.0,0.06044771522283554,0.00012,0.12736450135707855,0.0
6313.0,6313.0,16.0,0.05229590833187103,0.00012,0.13241392374038696,0.0
6314.0,6314.0,16.0,0.056249722838401794,0.00012,0.0685630738735199,0.0
6315.0,6315.0,16.0,0.04853355139493942,0.00012,0.11453016847372055,0.0
6316.0,6316.0,16.0,0.06600064039230347,0.00012,0.08269783109426498,0.0
6317.0,6317.0,16.0,0.05235297977924347,0.00012,0.07782309502363205,0.0
6318.0,6318.0,16.0,0.06749475002288818,0.00012,0.14855235815048218,0.0
6319.0,6319.0,16.0,0.05612069368362427,0.00012,0.06480339914560318,0.0
6320.0,6320.0,16.0,0.052769310772418976,0.00012,0.14216570556163788,0.0
6321.0,6321.0,16.0,0.05394493043422699,0.00012,0.0963427871465683,0.0
6322.0,6322.0,16.0,0.06132833659648895,0.00012,0.12119963020086288,0.0
6323.0,6323.0,16.0,0.05697165057063103,0.00012,0.10679690539836884,0.0
6324.0,6324.0,16.0,0.048025473952293396,0.00012,0.11503519117832184,0.0
6325.0,6325.0,16.0,0.05537796765565872,0.00012,0.1421201080083847,0.0
6326.0,6326.0,16.0,0.062344495207071304,0.00012,0.19939160346984863,0.0
6327.0,6327.0,16.0,0.05770831182599068,0.00012,0.12110146135091782,0.0
6328.0,6328.0,16.0,0.066097691655159,0.00012,0.22888816893100739,0.0
6329.0,6329.0,16.0,0.05985908582806587,0.00012,0.16031935811042786,0.0
6330.0,6330.0,16.0,0.05395757034420967,0.00012,0.21584267914295197,0.0
6331.0,6331.0,16.0,0.048884883522987366,0.00012,0.14650216698646545,0.0
6332.0,6332.0,16.0,0.054985202848911285,0.00012,0.23458686470985413,0.0
6333.0,6333.0,16.0,0.05779982730746269,0.00012,0.1995983123779297,0.0
6334.0,6334.0,16.0,0.05427516996860504,0.00012,0.20063883066177368,0.0
6335.0,6335.0,16.0,0.04693544656038284,0.00012,0.19462713599205017,0.0
6336.0,6336.0,16.0,0.0714484453201294,0.00012,0.19889037311077118,0.0
6337.0,6337.0,16.0,0.053216852247714996,0.00012,0.07694637775421143,0.0
6338.0,6338.0,16.0,0.04601483792066574,0.00012,0.1572989821434021,0.0
6339.0,6339.0,16.0,0.06419508159160614,0.00012,0.1299765706062317,0.0
6340.0,6340.0,16.0,0.05905800312757492,0.00012,0.16639551520347595,0.0
6341.0,6341.0,16.0,0.053964823484420776,0.00012,0.14636163413524628,0.0
6342.0,6342.0,16.0,0.05932692065834999,0.00012,0.21348604559898376,0.0
6343.0,6343.0,16.0,0.05775465443730354,0.00012,0.1353275328874588,0.0
6344.0,6344.0,16.0,0.06201551482081413,0.00012,0.15225958824157715,0.0
6345.0,6345.0,16.0,0.051778391003608704,0.00012,0.20203545689582825,0.0
6346.0,6346.0,16.0,0.04858183488249779,0.00012,0.1586962789297104,0.0
6347.0,6347.0,16.0,0.0592317171394825,0.00012,0.17702844738960266,0.0
6348.0,6348.0,16.0,0.06806537508964539,0.00012,0.14513207972049713,0.0
6349.0,6349.0,16.0,0.04672950878739357,0.00012,0.1622183918952942,0.0
6350.0,6350.0,16.0,0.0590779148042202,0.00012,0.08175230771303177,0.0
6351.0,6351.0,16.0,0.06602193415164948,0.00012,0.16246220469474792,0.0
6352.0,6352.0,16.0,0.05784234404563904,0.00012,0.13643012940883636,0.0
6353.0,6353.0,16.0,0.05593104660511017,0.00012,0.14926369488239288,0.0
6354.0,6354.0,16.0,0.053050458431243896,0.00012,0.17399251461029053,0.0
6355.0,6355.0,16.0,0.056851647794246674,0.00012,0.13829746842384338,0.0
6356.0,6356.0,16.0,0.06488259136676788,0.00012,0.13055075705051422,0.0
6357.0,6357.0,16.0,0.06030348688364029,0.00012,0.09430309385061264,0.0
6358.0,6358.0,16.0,0.07214802503585815,0.00012,0.12788821756839752,0.0
6359.0,6359.0,16.0,0.05384431034326553,0.00012,0.09910827875137329,0.0
6360.0,6360.0,16.0,0.058549389243125916,0.00012,0.17710009217262268,0.0
6361.0,6361.0,16.0,0.051016487181186676,0.00012,0.122564397752285,0.0
6362.0,6362.0,16.0,0.06231561675667763,0.00012,0.0786588042974472,0.0
6363.0,6363.0,16.0,0.0530637726187706,0.00012,0.10478571802377701,0.0
6364.0,6364.0,16.0,0.0597643218934536,0.00012,0.11698326468467712,0.0
6365.0,6365.0,16.0,0.07122737169265747,0.00012,0.08315575122833252,0.0
6366.0,6366.0,16.0,0.05587471276521683,0.00012,0.12187772244215012,0.0
6367.0,6367.0,16.0,0.05262868106365204,0.00012,0.07846328616142273,0.0
6368.0,6368.0,16.0,0.06153009459376335,0.00012,0.11397338658571243,0.0
6369.0,6369.0,16.0,0.06479509174823761,0.00012,0.08562806993722916,0.0
6370.0,6370.0,16.0,0.05726289004087448,0.00012,0.08271106332540512,0.0
6371.0,6371.0,16.0,0.06392360478639603,0.00012,0.07941537350416183,0.0
6372.0,6372.0,16.0,0.0518997423350811,0.00012,0.1007571816444397,0.0
6373.0,6373.0,16.0,0.06176794320344925,0.00012,0.10188154131174088,0.0
6374.0,6374.0,16.0,0.044124629348516464,0.00012,0.11112502962350845,0.0
6375.0,6375.0,16.0,0.053833551704883575,0.00012,0.11515051126480103,0.0
6376.0,6376.0,16.0,0.05324184149503708,0.00012,0.10051710903644562,0.0
6377.0,6377.0,16.0,0.057489462196826935,0.00012,0.15409500896930695,0.0
6378.0,6378.0,16.0,0.061650216579437256,0.00012,0.1790950447320938,0.0
6379.0,6379.0,16.0,0.057212136685848236,0.00012,0.09828490018844604,0.0
6380.0,6380.0,16.0,0.05736077204346657,0.00012,0.12883733212947845,0.0
6381.0,6381.0,16.0,0.06512954086065292,0.00012,0.15970002114772797,0.0
6382.0,6382.0,16.0,0.05053965747356415,0.00012,0.13587550818920135,0.0
6383.0,6383.0,16.0,0.0679970383644104,0.00012,0.14867068827152252,0.0
6384.0,6384.0,16.0,0.06421966850757599,0.00012,0.1381429135799408,0.0
6385.0,6385.0,16.0,0.04446288198232651,0.00012,0.1551821231842041,0.0
6386.0,6386.0,16.0,0.05553571507334709,0.00012,0.08959240466356277,0.0
6387.0,6387.0,16.0,0.046715736389160156,0.00012,0.1324547827243805,0.0
6388.0,6388.0,16.0,0.05717668682336807,0.00012,0.140580952167511,0.0
6389.0,6389.0,16.0,0.050551705062389374,0.00012,0.0915406197309494,0.0
6390.0,6390.0,16.0,0.056424982845783234,0.00012,0.0969259962439537,0.0
6391.0,6391.0,16.0,0.05043317377567291,0.00012,0.12109881639480591,0.0
6392.0,6392.0,16.0,0.06750902533531189,0.00012,0.09972522407770157,0.0
6393.0,6393.0,16.0,0.05493330955505371,0.00012,0.15372921526432037,0.0
6394.0,6394.0,16.0,0.05577847734093666,0.00012,0.18170136213302612,0.0
6395.0,6395.0,16.0,0.05390241742134094,0.00012,0.15237903594970703,0.0
6396.0,6396.0,16.0,0.05430645868182182,0.00012,0.16560310125350952,0.0
6397.0,6397.0,16.0,0.0480913445353508,0.00012,0.0947861596941948,0.0
6398.0,6398.0,16.0,0.06235672906041145,0.00012,0.16272546350955963,0.0
6399.0,6399.0,16.0,0.0714411735534668,0.00012,0.17700225114822388,0.0
6400.0,6400.0,16.0,0.04532581940293312,0.00012,0.1027456596493721,0.0
6401.0,6401.0,16.0,0.045732103288173676,0.00012,0.1777661293745041,0.0
6402.0,6402.0,16.0,0.06470948457717896,0.00012,0.12686841189861298,0.0
6403.0,6403.0,16.0,0.05331399291753769,0.00012,0.18345728516578674,0.0
6404.0,6404.0,16.0,0.04380795732140541,0.00012,0.10819116979837418,0.0
6405.0,6405.0,16.0,0.06377048790454865,0.00012,0.12267358601093292,0.0
6406.0,6406.0,16.0,0.06054196134209633,0.00012,0.1886252909898758,0.0
6407.0,6407.0,16.0,0.07244295626878738,0.00012,0.08518777042627335,0.0
6408.0,6408.0,16.0,0.06149815022945404,0.00012,0.20094329118728638,0.0
6409.0,6409.0,16.0,0.05917663499712944,0.00012,0.11258392035961151,0.0
6410.0,6410.0,16.0,0.07184800505638123,0.00012,0.18868756294250488,0.0
6411.0,6411.0,16.0,0.058415405452251434,0.00012,0.183405339717865,0.0
6412.0,6412.0,16.0,0.05049677565693855,0.00012,0.08329307287931442,0.0
6413.0,6413.0,16.0,0.06078139692544937,0.00012,0.24846713244915009,0.0
6414.0,6414.0,16.0,0.058661088347435,0.00012,0.20266012847423553,0.0
6415.0,6415.0,16.0,0.06257188320159912,0.00012,0.1977558583021164,0.0
6416.0,6416.0,16.0,0.03795241564512253,0.00012,0.23179417848587036,0.0
6417.0,6417.0,16.0,0.06191357970237732,0.00012,0.09479731321334839,0.0
6418.0,6418.0,16.0,0.060871414840221405,0.00012,0.24258457124233246,0.0
6419.0,6419.0,16.0,0.06578515470027924,0.00012,0.1362481415271759,0.0
6420.0,6420.0,16.0,0.05522766709327698,0.00012,0.22647970914840698,0.0
6421.0,6421.0,16.0,0.05439838021993637,0.00012,0.1587827503681183,0.0
6422.0,6422.0,16.0,0.05286310240626335,0.00012,0.10746397823095322,0.0
6423.0,6423.0,16.0,0.04686141759157181,0.00012,0.15703456103801727,0.0
6424.0,6424.0,16.0,0.0507071316242218,0.00012,0.12481062859296799,0.0
6425.0,6425.0,16.0,0.0627138540148735,0.00012,0.1922096610069275,0.0
6426.0,6426.0,16.0,0.05932241305708885,0.00012,0.2077324241399765,0.0
6427.0,6427.0,16.0,0.05813039466738701,0.00012,0.10976559668779373,0.0
6428.0,6428.0,16.0,0.04847177863121033,0.00012,0.20562709867954254,0.0
6429.0,6429.0,16.0,0.049394428730010986,0.00012,0.0876488983631134,0.0
6430.0,6430.0,16.0,0.049040913581848145,0.00012,0.08629754930734634,0.0
6431.0,6431.0,16.0,0.06488505005836487,0.00012,0.14761529862880707,0.0
6432.0,6432.0,16.0,0.05711762607097626,0.00012,0.11339080333709717,0.0
6433.0,6433.0,16.0,0.0638316422700882,0.00012,0.1179017573595047,0.0
6434.0,6434.0,16.0,0.06574811041355133,0.00012,0.1626221388578415,0.0
6435.0,6435.0,16.0,0.05398926883935928,0.00012,0.13624238967895508,0.0
6436.0,6436.0,16.0,0.055397726595401764,0.00012,0.13658681511878967,0.0
6437.0,6437.0,16.0,0.04742784798145294,0.00012,0.15678457915782928,0.0
6438.0,6438.0,16.0,0.058228179812431335,0.00012,0.12431793659925461,0.0
6439.0,6439.0,16.0,0.050594497472047806,0.00012,0.11646123230457306,0.0
6440.0,6440.0,16.0,0.05138669162988663,0.00012,0.18285676836967468,0.0
6441.0,6441.0,16.0,0.07121475040912628,0.00012,0.09441883116960526,0.0
6442.0,6442.0,16.0,0.06314630061388016,0.00012,0.14653447270393372,0.0
6443.0,6443.0,16.0,0.05700499564409256,0.00012,0.1888580173254013,0.0
6444.0,6444.0,16.0,0.06027136743068695,0.00012,0.10872397571802139,0.0
6445.0,6445.0,16.0,0.06648127734661102,0.00012,0.11459647864103317,0.0
6446.0,6446.0,16.0,0.0744289979338646,0.00012,0.17615848779678345,0.0
6447.0,6447.0,16.0,0.061364054679870605,0.00012,0.12732282280921936,0.0
6448.0,6448.0,16.0,0.06009235233068466,0.00012,0.1759594827890396,0.0
6449.0,6449.0,16.0,0.055772557854652405,0.00012,0.15702857077121735,0.0
6450.0,6450.0,16.0,0.048945095390081406,0.00012,0.15498721599578857,0.0
6451.0,6451.0,16.0,0.0668412372469902,0.00012,0.12633512914180756,0.0
6452.0,6452.0,16.0,0.05617719888687134,0.00012,0.22782696783542633,0.0
6453.0,6453.0,16.0,0.06762200593948364,0.00012,0.1245095431804657,0.0
6454.0,6454.0,16.0,0.06265269964933395,0.00012,0.13999982178211212,0.0
6455.0,6455.0,16.0,0.06511154770851135,0.00012,0.2252780795097351,0.0
6456.0,6456.0,16.0,0.0720280185341835,0.00012,0.1206141784787178,0.0
6457.0,6457.0,16.0,0.05735842511057854,0.00012,0.18045660853385925,0.0
6458.0,6458.0,16.0,0.08280515670776367,0.00012,0.21336737275123596,0.0
6459.0,6459.0,16.0,0.05843108147382736,0.00012,0.08782443404197693,0.0
6460.0,6460.0,16.0,0.05334434658288956,0.00012,0.13664890825748444,0.0
6461.0,6461.0,16.0,0.06651689112186432,0.00012,0.1808326244354248,0.0
6462.0,6462.0,16.0,0.05682948976755142,0.00012,0.13418051600456238,0.0
6463.0,6463.0,16.0,0.05464892089366913,0.00012,0.09108275920152664,0.0
6464.0,6464.0,16.0,0.06512440741062164,0.00012,0.19685132801532745,0.0
6465.0,6465.0,16.0,0.07448351383209229,0.00012,0.10224870592355728,0.0
6466.0,6466.0,16.0,0.0578557550907135,0.00012,0.09579414874315262,0.0
6467.0,6467.0,16.0,0.05437139794230461,0.00012,0.25055357813835144,0.0
6468.0,6468.0,16.0,0.05670107901096344,0.00012,0.1247357726097107,0.0
6469.0,6469.0,16.0,0.06368640810251236,0.00012,0.14351418614387512,0.0
6470.0,6470.0,16.0,0.058157168328762054,0.00012,0.16077955067157745,0.0
6471.0,6471.0,16.0,0.05444277077913284,0.00012,0.14197589457035065,0.0
6472.0,6472.0,16.0,0.051527637988328934,0.00012,0.11379306763410568,0.0
6473.0,6473.0,16.0,0.05456613376736641,0.00012,0.15239785611629486,0.0
6474.0,6474.0,16.0,0.05365341901779175,0.00012,0.15967926383018494,0.0
6475.0,6475.0,16.0,0.06640638411045074,0.00012,0.07172580808401108,0.0
6476.0,6476.0,16.0,0.07147612422704697,0.00012,0.20662058889865875,0.0
6477.0,6477.0,16.0,0.06241866946220398,0.00012,0.1352294385433197,0.0
6478.0,6478.0,16.0,0.06382417678833008,0.00012,0.13176438212394714,0.0
6479.0,6479.0,16.0,0.05511754751205444,0.00012,0.16571621596813202,0.0
6480.0,6480.0,16.0,0.06326906383037567,0.00012,0.1307680457830429,0.0
6481.0,6481.0,16.0,0.051528796553611755,0.00012,0.13704295456409454,0.0
6482.0,6482.0,16.0,0.07103431224822998,0.00012,0.20072467625141144,0.0
6483.0,6483.0,16.0,0.053069524466991425,0.00012,0.12153440713882446,0.0
6484.0,6484.0,16.0,0.049391914159059525,0.00012,0.21494221687316895,0.0
6485.0,6485.0,16.0,0.04158429801464081,0.00012,0.1561376005411148,0.0
6486.0,6486.0,16.0,0.059576332569122314,0.00012,0.18120653927326202,0.0
6487.0,6487.0,16.0,0.07115773111581802,0.00012,0.10075993835926056,0.0
6488.0,6488.0,16.0,0.06207389384508133,0.00012,0.1627863496541977,0.0
6489.0,6489.0,16.0,0.053440116345882416,0.00012,0.05955374985933304,0.0
6490.0,6490.0,16.0,0.05269661545753479,0.00012,0.09910305589437485,0.0
6491.0,6491.0,16.0,0.05355443060398102,0.00012,0.1492450088262558,0.0
6492.0,6492.0,16.0,0.06115507334470749,0.00012,0.0916132852435112,0.0
6493.0,6493.0,16.0,0.06310045719146729,0.00012,0.13480228185653687,0.0
6494.0,6494.0,16.0,0.05798988416790962,0.00012,0.13897556066513062,0.0
6495.0,6495.0,16.0,0.08262932300567627,0.00012,0.08930161595344543,0.0
6496.0,6496.0,16.0,0.04903151094913483,0.00012,0.11087553203105927,0.0
6497.0,6497.0,16.0,0.05144766718149185,0.00012,0.10217272490262985,0.0
6498.0,6498.0,16.0,0.045597076416015625,0.00012,0.0862002968788147,0.0
6499.0,6499.0,16.0,0.0583186149597168,0.00012,0.09500617533922195,0.0
6500.0,6500.0,16.0,0.05963656306266785,0.00012,0.09145339578390121,0.0
6501.0,6501.0,16.0,0.06094347685575485,0.00012,0.11314157396554947,0.0
6502.0,6502.0,16.0,0.06491459906101227,0.00012,0.10755520313978195,0.0
6503.0,6503.0,16.0,0.06023303046822548,0.00012,0.07937183231115341,0.0
6504.0,6504.0,16.0,0.058015309274196625,0.00012,0.10729921609163284,0.0
6505.0,6505.0,16.0,0.046005912125110626,0.00012,0.16027505695819855,0.0
6506.0,6506.0,16.0,0.06485377252101898,0.00012,0.12745346128940582,0.0
6507.0,6507.0,16.0,0.05044335499405861,0.00012,0.2169201821088791,0.0
6508.0,6508.0,16.0,0.05145908147096634,0.00012,0.13682295382022858,0.0
6509.0,6509.0,16.0,0.05716187134385109,0.00012,0.23215825855731964,0.0
6510.0,6510.0,16.0,0.07114595919847488,0.00012,0.15584637224674225,0.0
6511.0,6511.0,16.0,0.06470970064401627,0.00012,0.22276490926742554,0.0
6512.0,6512.0,16.0,0.05623457953333855,0.00012,0.1913345754146576,0.0
6513.0,6513.0,16.0,0.05963235720992088,0.00012,0.2563135623931885,0.0
6514.0,6514.0,16.0,0.061084240674972534,0.00012,0.21348880231380463,0.0
6515.0,6515.0,16.0,0.04478482902050018,0.00012,0.23241251707077026,0.0
6516.0,6516.0,16.0,0.05855313315987587,0.00012,0.19499070942401886,0.0
6517.0,6517.0,16.0,0.05883181840181351,0.00012,0.13779251277446747,0.0
6518.0,6518.0,16.0,0.04965631291270256,0.00012,0.1670914590358734,0.0
6519.0,6519.0,16.0,0.06143288314342499,0.00012,0.1797259896993637,0.0
6520.0,6520.0,16.0,0.06481334567070007,0.00012,0.1146463006734848,0.0
6521.0,6521.0,16.0,0.07213793694972992,0.00012,0.14729945361614227,0.0
6522.0,6522.0,16.0,0.06502506136894226,0.00012,0.128970205783844,0.0
6523.0,6523.0,16.0,0.06402602046728134,0.00012,0.12167318910360336,0.0
6524.0,6524.0,16.0,0.06001392379403114,0.00012,0.1532658338546753,0.0
6525.0,6525.0,16.0,0.03777705132961273,0.00012,0.08339779078960419,0.0
6526.0,6526.0,16.0,0.06575307250022888,0.00012,0.09285050630569458,0.0
6527.0,6527.0,16.0,0.05103900283575058,0.00012,0.06824728846549988,0.0
6528.0,6528.0,16.0,0.06385402381420135,0.00012,0.09872925281524658,0.0
6529.0,6529.0,16.0,0.07049772143363953,0.00012,0.08189801126718521,0.0
6530.0,6530.0,16.0,0.0638182982802391,0.00012,0.12016627192497253,0.0
6531.0,6531.0,16.0,0.049096398055553436,0.00012,0.11154131591320038,0.0
6532.0,6532.0,16.0,0.051540084183216095,0.00012,0.10053688287734985,0.0
6533.0,6533.0,16.0,0.04491649195551872,0.00012,0.12303923815488815,0.0
6534.0,6534.0,16.0,0.05029651150107384,0.00012,0.08537477254867554,0.0
6535.0,6535.0,16.0,0.07573874294757843,0.00012,0.10949179530143738,0.0
6536.0,6536.0,16.0,0.05490611493587494,0.00012,0.10702534019947052,0.0
6537.0,6537.0,16.0,0.07550831884145737,0.00012,0.1252354383468628,0.0
6538.0,6538.0,16.0,0.05722840875387192,0.00012,0.18231506645679474,0.0
6539.0,6539.0,16.0,0.05742208659648895,0.00012,0.0719432458281517,0.0
6540.0,6540.0,16.0,0.05656559392809868,0.00012,0.19151754677295685,0.0
6541.0,6541.0,16.0,0.0476500540971756,0.00012,0.08342041820287704,0.0
6542.0,6542.0,16.0,0.061151400208473206,0.00012,0.142343208193779,0.0
6543.0,6543.0,16.0,0.05782783031463623,0.00012,0.1104445606470108,0.0
6544.0,6544.0,16.0,0.06279632449150085,0.00012,0.08631742000579834,0.0
6545.0,6545.0,16.0,0.055183228105306625,0.00012,0.09277249872684479,0.0
6546.0,6546.0,16.0,0.061303772032260895,0.00012,0.10903880000114441,0.0
6547.0,6547.0,16.0,0.057152342051267624,0.00012,0.08771885186433792,0.0
6548.0,6548.0,16.0,0.05961921811103821,0.00012,0.0839875340461731,0.0
6549.0,6549.0,16.0,0.07299356162548065,0.00012,0.12758930027484894,0.0
6550.0,6550.0,16.0,0.06381795555353165,0.00012,0.08463675528764725,0.0
6551.0,6551.0,16.0,0.05296138674020767,0.00012,0.06441133469343185,0.0
6552.0,6552.0,16.0,0.05630473792552948,0.00012,0.11211773753166199,0.0
6553.0,6553.0,16.0,0.04776168614625931,0.00012,0.07646304368972778,0.0
6554.0,6554.0,16.0,0.06015987694263458,0.00012,0.09223122149705887,0.0
6555.0,6555.0,16.0,0.06431086361408234,0.00012,0.11190106719732285,0.0
6556.0,6556.0,16.0,0.07178285717964172,0.00012,0.14995241165161133,0.0
6557.0,6557.0,16.0,0.05485265702009201,0.00012,0.11425062268972397,0.0
6558.0,6558.0,16.0,0.05800239369273186,0.00012,0.17681638896465302,0.0
6559.0,6559.0,16.0,0.061493903398513794,0.00012,0.10780760645866394,0.0
6560.0,6560.0,16.0,0.0688898041844368,0.00012,0.13641561567783356,0.0
6561.0,6561.0,16.0,0.054904237389564514,0.00012,0.1423652619123459,0.0
6562.0,6562.0,16.0,0.06039804220199585,0.00012,0.14632591605186462,0.0
6563.0,6563.0,16.0,0.06930840015411377,0.00012,0.1485772430896759,0.0
6564.0,6564.0,16.0,0.0472804494202137,0.00012,0.1473885029554367,0.0
6565.0,6565.0,16.0,0.06964501738548279,0.00012,0.13435456156730652,0.0
6566.0,6566.0,16.0,0.05693678557872772,0.00012,0.12615962326526642,0.0
6567.0,6567.0,16.0,0.06526195257902145,0.00012,0.14745967090129852,0.0
6568.0,6568.0,16.0,0.052106812596321106,0.00012,0.18449531495571136,0.0
6569.0,6569.0,16.0,0.04795360937714577,0.00012,0.11350647360086441,0.0
6570.0,6570.0,16.0,0.07493963092565536,0.00012,0.11839641630649567,0.0
6571.0,6571.0,16.0,0.05879369378089905,0.00012,0.14466261863708496,0.0
6572.0,6572.0,16.0,0.054309599101543427,0.00012,0.13833530247211456,0.0
6573.0,6573.0,16.0,0.05790155753493309,0.00012,0.1698632389307022,0.0
6574.0,6574.0,16.0,0.0684056282043457,0.00012,0.130325049161911,0.0
6575.0,6575.0,16.0,0.05111081153154373,0.00012,0.10480067878961563,0.0
6576.0,6576.0,16.0,0.06337656080722809,0.00012,0.13416723906993866,0.0
6577.0,6577.0,16.0,0.06418120115995407,0.00012,0.11460497975349426,0.0
6578.0,6578.0,16.0,0.0643673688173294,0.00012,0.10248642414808273,0.0
6579.0,6579.0,16.0,0.06388511508703232,0.00012,0.10666580498218536,0.0
6580.0,6580.0,16.0,0.055967651307582855,0.00012,0.1190752312541008,0.0
6581.0,6581.0,16.0,0.05311691015958786,0.00012,0.08542156219482422,0.0
6582.0,6582.0,16.0,0.06766371428966522,0.00012,0.15908384323120117,0.0
6583.0,6583.0,16.0,0.0598306842148304,0.00012,0.10981470346450806,0.0
6584.0,6584.0,16.0,0.045184407383203506,0.00012,0.08121935278177261,0.0
6585.0,6585.0,16.0,0.05242074280977249,0.00012,0.10749662667512894,0.0
6586.0,6586.0,16.0,0.057373978197574615,0.00012,0.12764877080917358,0.0
6587.0,6587.0,16.0,0.06726909428834915,0.00012,0.08596213907003403,0.0
6588.0,6588.0,16.0,0.05654086917638779,0.00012,0.11965910345315933,0.0
6589.0,6589.0,16.0,0.05666597932577133,0.00012,0.11042462289333344,0.0
6590.0,6590.0,16.0,0.054033756256103516,0.00012,0.14551562070846558,0.0
6591.0,6591.0,16.0,0.0620126873254776,0.00012,0.16723261773586273,0.0
6592.0,6592.0,16.0,0.07083156704902649,0.00012,0.12605004012584686,0.0
6593.0,6593.0,16.0,0.05356808379292488,0.00012,0.132088765501976,0.0
6594.0,6594.0,16.0,0.06343953311443329,0.00012,0.14781519770622253,0.0
6595.0,6595.0,16.0,0.05670708045363426,0.00012,0.17674604058265686,0.0
6596.0,6596.0,16.0,0.057193487882614136,0.00012,0.12924553453922272,0.0
6597.0,6597.0,16.0,0.05898944288492203,0.00012,0.12360340356826782,0.0
6598.0,6598.0,16.0,0.0689985454082489,0.00012,0.14337462186813354,0.0
6599.0,6599.0,16.0,0.06288252025842667,0.00012,0.14438124001026154,0.0
6600.0,6600.0,16.0,0.04697921872138977,0.00012,0.08463089913129807,0.0
6601.0,6601.0,16.0,0.05836278945207596,0.00012,0.10377344489097595,0.0
6602.0,6602.0,16.0,0.054253656417131424,0.00012,0.1027754619717598,0.0
6603.0,6603.0,16.0,0.050274454057216644,0.00012,0.1408008635044098,0.0
6604.0,6604.0,16.0,0.07106325030326843,0.00012,0.09767745435237885,0.0
6605.0,6605.0,16.0,0.06764057278633118,0.00012,0.13765214383602142,0.0
6606.0,6606.0,16.0,0.07497543096542358,0.00012,0.13652481138706207,0.0
6607.0,6607.0,16.0,0.05396125465631485,0.00012,0.10993577539920807,0.0
6608.0,6608.0,16.0,0.05760011076927185,0.00012,0.08522915840148926,0.0
6609.0,6609.0,16.0,0.06156003847718239,0.00012,0.1674911379814148,0.0
6610.0,6610.0,16.0,0.06132218986749649,0.00012,0.07458297163248062,0.0
6611.0,6611.0,16.0,0.058195196092128754,0.00012,0.14353471994400024,0.0
6612.0,6612.0,16.0,0.04662073776125908,0.00012,0.11142808943986893,0.0
6613.0,6613.0,16.0,0.06098201498389244,0.00012,0.0803677886724472,0.0
6614.0,6614.0,16.0,0.05149485170841217,0.00012,0.11108990758657455,0.0
6615.0,6615.0,16.0,0.06726120412349701,0.00012,0.14070914685726166,0.0
6616.0,6616.0,16.0,0.05818543955683708,0.00012,0.11716273427009583,0.0
6617.0,6617.0,16.0,0.06551525741815567,0.00012,0.12182849645614624,0.0
6618.0,6618.0,16.0,0.05286308377981186,0.00012,0.20034319162368774,0.0
6619.0,6619.0,16.0,0.060411810874938965,0.00012,0.14280803501605988,0.0
6620.0,6620.0,16.0,0.05851165950298309,0.00012,0.1913709044456482,0.0
6621.0,6621.0,16.0,0.07104168087244034,0.00012,0.13468565046787262,0.0
6622.0,6622.0,16.0,0.0586344376206398,0.00012,0.124503493309021,0.0
6623.0,6623.0,16.0,0.04546940699219704,0.00012,0.08002366870641708,0.0
6624.0,6624.0,16.0,0.07110470533370972,0.00012,0.11521782726049423,0.0
6625.0,6625.0,16.0,0.06901012361049652,0.00012,0.07030531764030457,0.0
6626.0,6626.0,16.0,0.04603682458400726,0.00012,0.1221657544374466,0.0
6627.0,6627.0,16.0,0.06809020787477493,0.00012,0.14343895018100739,0.0
6628.0,6628.0,16.0,0.05798254534602165,0.00012,0.15776093304157257,0.0
6629.0,6629.0,16.0,0.05085817724466324,0.00012,0.13659033179283142,0.0
6630.0,6630.0,16.0,0.06840500980615616,0.00012,0.12453232705593109,0.0
6631.0,6631.0,17.0,0.0779598280787468,0.00012,0.08767916262149811,0.0
6632.0,6632.0,17.0,0.06133243441581726,0.00012,0.12890851497650146,0.0
6633.0,6633.0,17.0,0.067726269364357,0.00012,0.17337235808372498,0.0
6634.0,6634.0,17.0,0.06664712727069855,0.00012,0.07492873072624207,0.0
6635.0,6635.0,17.0,0.061188213527202606,0.00012,0.21390357613563538,0.0
6636.0,6636.0,17.0,0.050748080015182495,0.00012,0.0800703912973404,0.0
6637.0,6637.0,17.0,0.055836889892816544,0.00012,0.14334338903427124,0.0
6638.0,6638.0,17.0,0.07312273234128952,0.00012,0.1556873321533203,0.0
6639.0,6639.0,17.0,0.060607243329286575,0.00012,0.1344708353281021,0.0
6640.0,6640.0,17.0,0.057606957852840424,0.00012,0.12412718683481216,0.0
6641.0,6641.0,17.0,0.05511844530701637,0.00012,0.19112323224544525,0.0
6642.0,6642.0,17.0,0.047233954071998596,0.00012,0.09035377949476242,0.0
6643.0,6643.0,17.0,0.06337004899978638,0.00012,0.20053169131278992,0.0
6644.0,6644.0,17.0,0.05665988475084305,0.00012,0.2177990823984146,0.0
6645.0,6645.0,17.0,0.0662635862827301,0.00012,0.1331518292427063,0.0
6646.0,6646.0,17.0,0.05116712301969528,0.00012,0.168731689453125,0.0
6647.0,6647.0,17.0,0.05802198126912117,0.00012,0.16520236432552338,0.0
6648.0,6648.0,17.0,0.05531174689531326,0.00012,0.13816168904304504,0.0
6649.0,6649.0,17.0,0.05982103571295738,0.00012,0.23598423600196838,0.0
6650.0,6650.0,17.0,0.05871018394827843,0.00012,0.14289721846580505,0.0
6651.0,6651.0,17.0,0.052723683416843414,0.00012,0.18093803524971008,0.0
6652.0,6652.0,17.0,0.06215735152363777,0.00012,0.1875617951154709,0.0
6653.0,6653.0,17.0,0.06222835183143616,0.00012,0.18074630200862885,0.0
6654.0,6654.0,17.0,0.05091289430856705,0.00012,0.17659106850624084,0.0
6655.0,6655.0,17.0,0.05367431789636612,0.00012,0.2501142919063568,0.0
6656.0,6656.0,17.0,0.05265796557068825,0.00012,0.14168556034564972,0.0
6657.0,6657.0,17.0,0.06300055980682373,0.00012,0.09990093111991882,0.0
6658.0,6658.0,17.0,0.04642309248447418,0.00012,0.22485186159610748,0.0
6659.0,6659.0,17.0,0.054312389343976974,0.00012,0.08107493072748184,0.0
6660.0,6660.0,17.0,0.05072800815105438,0.00012,0.11471592634916306,0.0
6661.0,6661.0,17.0,0.04631001502275467,0.00012,0.16416271030902863,0.0
6662.0,6662.0,17.0,0.06665061414241791,0.00012,0.07840783149003983,0.0
6663.0,6663.0,17.0,0.07009601593017578,0.00012,0.1130116656422615,0.0
6664.0,6664.0,17.0,0.05782965570688248,0.00012,0.18900276720523834,0.0
6665.0,6665.0,17.0,0.05929240584373474,0.00012,0.06888095289468765,0.0
6666.0,6666.0,17.0,0.06265944242477417,0.00012,0.16516231000423431,0.0
6667.0,6667.0,17.0,0.05354107916355133,0.00012,0.1530573070049286,0.0
6668.0,6668.0,17.0,0.06307637691497803,0.00012,0.12871228158473969,0.0
6669.0,6669.0,17.0,0.054244302213191986,0.00012,0.17738890647888184,0.0
6670.0,6670.0,17.0,0.055827558040618896,0.00012,0.10806068778038025,0.0
6671.0,6671.0,17.0,0.0515398271381855,0.00012,0.14811955392360687,0.0
6672.0,6672.0,17.0,0.05618080496788025,0.00012,0.08753196150064468,0.0
6673.0,6673.0,17.0,0.0510869100689888,0.00012,0.17496146261692047,0.0
6674.0,6674.0,17.0,0.05186785012483597,0.00012,0.1507045328617096,0.0
6675.0,6675.0,17.0,0.05962812900543213,0.00012,0.19943125545978546,0.0
6676.0,6676.0,17.0,0.054908063262701035,0.00012,0.17388424277305603,0.0
6677.0,6677.0,17.0,0.076138935983181,0.00012,0.1481168419122696,0.0
6678.0,6678.0,17.0,0.07668518275022507,0.00012,0.23762036859989166,0.0
6679.0,6679.0,17.0,0.06814436614513397,0.00012,0.14216607809066772,0.0
6680.0,6680.0,17.0,0.0494825504720211,0.00012,0.2094314843416214,0.0
6681.0,6681.0,17.0,0.05709986388683319,0.00012,0.13988244533538818,0.0
6682.0,6682.0,17.0,0.05963025987148285,0.00012,0.12530408799648285,0.0
6683.0,6683.0,17.0,0.061280883848667145,0.00012,0.13343356549739838,0.0
6684.0,6684.0,17.0,0.056771956384181976,0.00012,0.11546439677476883,0.0
6685.0,6685.0,17.0,0.053260236978530884,0.00012,0.1220412626862526,0.0
6686.0,6686.0,17.0,0.06262709200382233,0.00012,0.12422342598438263,0.0
6687.0,6687.0,17.0,0.0552622526884079,0.00012,0.1611286997795105,0.0
6688.0,6688.0,17.0,0.06202410161495209,0.00012,0.15285132825374603,0.0
6689.0,6689.0,17.0,0.052304234355688095,0.00012,0.0993933454155922,0.0
6690.0,6690.0,17.0,0.07093138992786407,0.00012,0.14399828016757965,0.0
6691.0,6691.0,17.0,0.060906969010829926,0.00012,0.13554894924163818,0.0
6692.0,6692.0,17.0,0.05372673273086548,0.00012,0.2162834107875824,0.0
6693.0,6693.0,17.0,0.05392367020249367,0.00012,0.08943503350019455,0.0
6694.0,6694.0,17.0,0.04874005541205406,0.00012,0.14985564351081848,0.0
6695.0,6695.0,17.0,0.060081709176301956,0.00012,0.11355876922607422,0.0
6696.0,6696.0,17.0,0.07585623860359192,0.00012,0.15136517584323883,0.0
6697.0,6697.0,17.0,0.04642365127801895,0.00012,0.10918998718261719,0.0
6698.0,6698.0,17.0,0.05075817555189133,0.00012,0.10529524087905884,0.0
6699.0,6699.0,17.0,0.0751616433262825,0.00012,0.1270911693572998,0.0
6700.0,6700.0,17.0,0.047940146178007126,0.00012,0.11651109158992767,0.0
6701.0,6701.0,17.0,0.06808923184871674,0.00012,0.1231137290596962,0.0
6702.0,6702.0,17.0,0.06499747931957245,0.00012,0.11293110996484756,0.0
6703.0,6703.0,17.0,0.05195510387420654,0.00012,0.05401584506034851,0.0
6704.0,6704.0,17.0,0.050942350178956985,0.00012,0.1493244767189026,0.0
6705.0,6705.0,17.0,0.05615033954381943,0.00012,0.0699976310133934,0.0
6706.0,6706.0,17.0,0.04988311976194382,0.00012,0.14134399592876434,0.0
6707.0,6707.0,17.0,0.08234333992004395,0.00012,0.10686130076646805,0.0
6708.0,6708.0,17.0,0.055325232446193695,0.00012,0.09942483901977539,0.0
6709.0,6709.0,17.0,0.049433186650276184,0.00012,0.15372902154922485,0.0
6710.0,6710.0,17.0,0.07156354188919067,0.00012,0.1563147008419037,0.0
6711.0,6711.0,17.0,0.05572856590151787,0.00012,0.13202862441539764,0.0
6712.0,6712.0,17.0,0.0654849112033844,0.00012,0.13580355048179626,0.0
6713.0,6713.0,17.0,0.05738003924489021,0.00012,0.1582922637462616,0.0
6714.0,6714.0,17.0,0.060697123408317566,0.00012,0.15006542205810547,0.0
6715.0,6715.0,17.0,0.06940595805644989,0.00012,0.12063281983137131,0.0
6716.0,6716.0,17.0,0.061094559729099274,0.00012,0.12804673612117767,0.0
6717.0,6717.0,17.0,0.05968952924013138,0.00012,0.16848677396774292,0.0
6718.0,6718.0,17.0,0.05661323666572571,0.00012,0.06551030278205872,0.0
6719.0,6719.0,17.0,0.07614530622959137,0.00012,0.17421644926071167,0.0
6720.0,6720.0,17.0,0.05100018531084061,0.00012,0.10113146156072617,0.0
6721.0,6721.0,17.0,0.057227663695812225,0.00012,0.0827355906367302,0.0
6722.0,6722.0,17.0,0.05173102021217346,0.00012,0.1406881958246231,0.0
6723.0,6723.0,17.0,0.046664249151945114,0.00012,0.08689610660076141,0.0
6724.0,6724.0,17.0,0.05820118635892868,0.00012,0.15250183641910553,0.0
6725.0,6725.0,17.0,0.057688310742378235,0.00012,0.06694920361042023,0.0
6726.0,6726.0,17.0,0.07292589545249939,0.00012,0.10085640102624893,0.0
6727.0,6727.0,17.0,0.04664485901594162,0.00012,0.11595074832439423,0.0
6728.0,6728.0,17.0,0.058730755001306534,0.00012,0.1338537633419037,0.0
6729.0,6729.0,17.0,0.05068222060799599,0.00012,0.10523832589387894,0.0
6730.0,6730.0,17.0,0.05735158175230026,0.00012,0.13388675451278687,0.0
6731.0,6731.0,17.0,0.07358820736408234,0.00012,0.06761657446622849,0.0
6732.0,6732.0,17.0,0.06352545320987701,0.00012,0.07369407266378403,0.0
6733.0,6733.0,17.0,0.05833231285214424,0.00012,0.14686541259288788,0.0
6734.0,6734.0,17.0,0.06974205374717712,0.00012,0.09025318920612335,0.0
6735.0,6735.0,17.0,0.05316861718893051,0.00012,0.11727895587682724,0.0
6736.0,6736.0,17.0,0.05023842304944992,0.00012,0.08076444268226624,0.0
6737.0,6737.0,17.0,0.05549325793981552,0.00012,0.1250418871641159,0.0
6738.0,6738.0,17.0,0.051698219031095505,0.00012,0.10377499461174011,0.0
6739.0,6739.0,17.0,0.05036211013793945,0.00012,0.1580183357000351,0.0
6740.0,6740.0,17.0,0.05192765220999718,0.00012,0.09731964021921158,0.0
6741.0,6741.0,17.0,0.05351829528808594,0.00012,0.054134223610162735,0.0
6742.0,6742.0,17.0,0.05818894878029823,0.00012,0.12267947942018509,0.0
6743.0,6743.0,17.0,0.042236242443323135,0.00012,0.09374085068702698,0.0
6744.0,6744.0,17.0,0.052799202501773834,0.00012,0.10030657052993774,0.0
6745.0,6745.0,17.0,0.052278198301792145,0.00012,0.14947283267974854,0.0
6746.0,6746.0,17.0,0.05605728551745415,0.00012,0.09274547547101974,0.0
6747.0,6747.0,17.0,0.05711657553911209,0.00012,0.17393212020397186,0.0
6748.0,6748.0,17.0,0.05126533657312393,0.00012,0.14226698875427246,0.0
6749.0,6749.0,17.0,0.06316005438566208,0.00012,0.17259299755096436,0.0
6750.0,6750.0,17.0,0.05264060199260712,0.00012,0.12346906960010529,0.0
6751.0,6751.0,17.0,0.05610085278749466,0.00012,0.14873161911964417,0.0
6752.0,6752.0,17.0,0.06828226149082184,0.00012,0.22211016714572906,0.0
6753.0,6753.0,17.0,0.048169929534196854,0.00012,0.22001713514328003,0.0
6754.0,6754.0,17.0,0.05852117761969566,0.00012,0.14432388544082642,0.0
6755.0,6755.0,17.0,0.06398805975914001,0.00012,0.13487717509269714,0.0
6756.0,6756.0,17.0,0.052104294300079346,0.00012,0.2157263457775116,0.0
6757.0,6757.0,17.0,0.055929139256477356,0.00012,0.11525464802980423,0.0
6758.0,6758.0,17.0,0.06559248268604279,0.00012,0.2070506066083908,0.0
6759.0,6759.0,17.0,0.054165564477443695,0.00012,0.110405333340168,0.0
6760.0,6760.0,17.0,0.05458483844995499,0.00012,0.08528734743595123,0.0
6761.0,6761.0,17.0,0.05826982855796814,0.00012,0.163890078663826,0.0
6762.0,6762.0,17.0,0.05153297260403633,0.00012,0.13087794184684753,0.0
6763.0,6763.0,17.0,0.04809300974011421,0.00012,0.11802296340465546,0.0
6764.0,6764.0,17.0,0.06775078177452087,0.00012,0.08454250544309616,0.0
6765.0,6765.0,17.0,0.06539934873580933,0.00012,0.0843610167503357,0.0
6766.0,6766.0,17.0,0.052064672112464905,0.00012,0.1063847616314888,0.0
6767.0,6767.0,17.0,0.05990966781973839,0.00012,0.07731857150793076,0.0
6768.0,6768.0,17.0,0.06324250996112823,0.00012,0.15251804888248444,0.0
6769.0,6769.0,17.0,0.07272206246852875,0.00012,0.08115854859352112,0.0
6770.0,6770.0,17.0,0.052735473960638046,0.00012,0.12426812201738358,0.0
6771.0,6771.0,17.0,0.06232786923646927,0.00012,0.12932424247264862,0.0
6772.0,6772.0,17.0,0.06705184280872345,0.00012,0.10342250764369965,0.0
6773.0,6773.0,17.0,0.06504140794277191,0.00012,0.1641087383031845,0.0
6774.0,6774.0,17.0,0.05430009216070175,0.00012,0.07974151521921158,0.0
6775.0,6775.0,17.0,0.06484483182430267,0.00012,0.11141905188560486,0.0
6776.0,6776.0,17.0,0.06364497542381287,0.00012,0.12299256026744843,0.0
6777.0,6777.0,17.0,0.073025181889534,0.00012,0.14009378850460052,0.0
6778.0,6778.0,17.0,0.04637686908245087,0.00012,0.1587228775024414,0.0
6779.0,6779.0,17.0,0.054274071007966995,0.00012,0.13818395137786865,0.0
6780.0,6780.0,17.0,0.06453056633472443,0.00012,0.13195660710334778,0.0
6781.0,6781.0,17.0,0.06265340000391006,0.00012,0.14308248460292816,0.0
6782.0,6782.0,17.0,0.05111020803451538,0.00012,0.11801212280988693,0.0
6783.0,6783.0,17.0,0.062374260276556015,0.00012,0.11172793060541153,0.0
6784.0,6784.0,17.0,0.06736885011196136,0.00012,0.0776357650756836,0.0
6785.0,6785.0,17.0,0.05298187583684921,0.00012,0.07538022845983505,0.0
6786.0,6786.0,17.0,0.06066356599330902,0.00012,0.07426992803812027,0.0
6787.0,6787.0,17.0,0.06431066989898682,0.00012,0.11514198780059814,0.0
6788.0,6788.0,17.0,0.06140252947807312,0.00012,0.067564956843853,0.0
6789.0,6789.0,17.0,0.05756920576095581,0.00012,0.15922503173351288,0.0
6790.0,6790.0,17.0,0.051476407796144485,0.00012,0.07268162071704865,0.0
6791.0,6791.0,17.0,0.06297685205936432,0.00012,0.11324711889028549,0.0
6792.0,6792.0,17.0,0.06420037895441055,0.00012,0.14993344247341156,0.0
6793.0,6793.0,17.0,0.06247057020664215,0.00012,0.15785299241542816,0.0
6794.0,6794.0,17.0,0.055627211928367615,0.00012,0.10404359549283981,0.0
6795.0,6795.0,17.0,0.04842722415924072,0.00012,0.12703289091587067,0.0
6796.0,6796.0,17.0,0.05968490242958069,0.00012,0.10791181027889252,0.0
6797.0,6797.0,17.0,0.05517147481441498,0.00012,0.24231579899787903,0.0
6798.0,6798.0,17.0,0.05832309275865555,0.00012,0.09172136336565018,0.0
6799.0,6799.0,17.0,0.0680222138762474,0.00012,0.18914954364299774,0.0
6800.0,6800.0,17.0,0.07228473573923111,0.00012,0.17805562913417816,0.0
6801.0,6801.0,17.0,0.07445783913135529,0.00012,0.1930224597454071,0.0
6802.0,6802.0,17.0,0.05824991315603256,0.00012,0.17610175907611847,0.0
6803.0,6803.0,17.0,0.06256009638309479,0.00012,0.0898456797003746,0.0
6804.0,6804.0,17.0,0.05754677206277847,0.00012,0.14765925705432892,0.0
6805.0,6805.0,17.0,0.07482393085956573,0.00012,0.11997362971305847,0.0
6806.0,6806.0,17.0,0.06569629907608032,0.00012,0.14949358999729156,0.0
6807.0,6807.0,17.0,0.05893397331237793,0.00012,0.1857888251543045,0.0
6808.0,6808.0,17.0,0.05516467243432999,0.00012,0.16384069621562958,0.0
6809.0,6809.0,17.0,0.0641011968255043,0.00012,0.13294193148612976,0.0
6810.0,6810.0,17.0,0.056989721953868866,0.00012,0.10549996793270111,0.0
6811.0,6811.0,17.0,0.0767095535993576,0.00012,0.15432323515415192,0.0
6812.0,6812.0,17.0,0.05996354669332504,0.00012,0.1159219741821289,0.0
6813.0,6813.0,17.0,0.053193025290966034,0.00012,0.14730127155780792,0.0
6814.0,6814.0,17.0,0.05735123157501221,0.00012,0.1295291781425476,0.0
6815.0,6815.0,17.0,0.05645493045449257,0.00012,0.18586258590221405,0.0
6816.0,6816.0,17.0,0.06313268095254898,0.00012,0.14527545869350433,0.0
6817.0,6817.0,17.0,0.05483286827802658,0.00012,0.15734849870204926,0.0
6818.0,6818.0,17.0,0.06653901934623718,0.00012,0.18377617001533508,0.0
6819.0,6819.0,17.0,0.06060352176427841,0.00012,0.1407364010810852,0.0
6820.0,6820.0,17.0,0.05281641334295273,0.00012,0.10250482708215714,0.0
6821.0,6821.0,17.0,0.04662316292524338,0.00012,0.20897911489009857,0.0
6822.0,6822.0,17.0,0.06594746559858322,0.00012,0.08725260198116302,0.0
6823.0,6823.0,17.0,0.07607963681221008,0.00012,0.1180049329996109,0.0
6824.0,6824.0,17.0,0.06362491846084595,0.00012,0.18687736988067627,0.0
6825.0,6825.0,17.0,0.06796223670244217,0.00012,0.06253650039434433,0.0
6826.0,6826.0,17.0,0.056598588824272156,0.00012,0.14363275468349457,0.0
6827.0,6827.0,17.0,0.056656770408153534,0.00012,0.07906889170408249,0.0
6828.0,6828.0,17.0,0.0577998012304306,0.00012,0.12121350318193436,0.0
6829.0,6829.0,17.0,0.050374068319797516,0.00012,0.11192896962165833,0.0
6830.0,6830.0,17.0,0.06823252886533737,0.00012,0.125952810049057,0.0
6831.0,6831.0,17.0,0.04619930684566498,0.00012,0.12610730528831482,0.0
6832.0,6832.0,17.0,0.051910653710365295,0.00012,0.07855815440416336,0.0
6833.0,6833.0,17.0,0.05616885423660278,0.00012,0.21629513800144196,0.0
6834.0,6834.0,17.0,0.05425669252872467,0.00012,0.08692557364702225,0.0
6835.0,6835.0,17.0,0.05199296027421951,0.00012,0.1182064563035965,0.0
6836.0,6836.0,17.0,0.06942769885063171,0.00012,0.14846715331077576,0.0
6837.0,6837.0,17.0,0.053339239209890366,0.00012,0.1522354930639267,0.0
6838.0,6838.0,17.0,0.07601386308670044,0.00012,0.10893338173627853,0.0
6839.0,6839.0,17.0,0.06727556139230728,0.00012,0.15645484626293182,0.0
6840.0,6840.0,17.0,0.057104215025901794,0.00012,0.07047972828149796,0.0
6841.0,6841.0,17.0,0.05926881730556488,0.00012,0.1355070173740387,0.0
6842.0,6842.0,17.0,0.06033835932612419,0.00012,0.09182257950305939,0.0
6843.0,6843.0,17.0,0.06429882347583771,0.00012,0.12085162848234177,0.0
6844.0,6844.0,17.0,0.051905836910009384,0.00012,0.0916542261838913,0.0
6845.0,6845.0,17.0,0.05734899640083313,0.00012,0.10367224365472794,0.0
6846.0,6846.0,17.0,0.063630111515522,0.00012,0.10522816330194473,0.0
6847.0,6847.0,17.0,0.05797247216105461,0.00012,0.10151666402816772,0.0
6848.0,6848.0,17.0,0.06005626544356346,0.00012,0.1542060375213623,0.0
6849.0,6849.0,17.0,0.052744895219802856,0.00012,0.09948527067899704,0.0
6850.0,6850.0,17.0,0.07263011485338211,0.00012,0.14885097742080688,0.0
6851.0,6851.0,17.0,0.04895968735218048,0.00012,0.17379450798034668,0.0
6852.0,6852.0,17.0,0.08084379881620407,0.00012,0.10164837539196014,0.0
6853.0,6853.0,17.0,0.05720296874642372,0.00012,0.17019380629062653,0.0
6854.0,6854.0,17.0,0.055259913206100464,0.00012,0.10324281454086304,0.0
6855.0,6855.0,17.0,0.03965942561626434,0.00012,0.13823693990707397,0.0
6856.0,6856.0,17.0,0.05806930363178253,0.00012,0.08800298720598221,0.0
6857.0,6857.0,17.0,0.07594860345125198,0.00012,0.0761466771364212,0.0
6858.0,6858.0,17.0,0.05653204396367073,0.00012,0.15557463467121124,0.0
6859.0,6859.0,17.0,0.06435692310333252,0.00012,0.07763727754354477,0.0
6860.0,6860.0,17.0,0.0741470530629158,0.00012,0.12342211604118347,0.0
6861.0,6861.0,17.0,0.06818633526563644,0.00012,0.08921270072460175,0.0
6862.0,6862.0,17.0,0.06346677243709564,0.00012,0.08722939342260361,0.0
6863.0,6863.0,17.0,0.07817750424146652,0.00012,0.12920014560222626,0.0
6864.0,6864.0,17.0,0.05897034704685211,0.00012,0.1101292297244072,0.0
6865.0,6865.0,17.0,0.04873514175415039,0.00012,0.1073099747300148,0.0
6866.0,6866.0,17.0,0.06744343042373657,0.00012,0.08358217030763626,0.0
6867.0,6867.0,17.0,0.05500338226556778,0.00012,0.11889742314815521,0.0
6868.0,6868.0,17.0,0.057581204921007156,0.00012,0.11754512786865234,0.0
6869.0,6869.0,17.0,0.06098116189241409,0.00012,0.06863731890916824,0.0
6870.0,6870.0,17.0,0.04816819727420807,0.00012,0.12291494011878967,0.0
6871.0,6871.0,17.0,0.05585550516843796,0.00012,0.08270955085754395,0.0
6872.0,6872.0,17.0,0.06393364071846008,0.00012,0.12503978610038757,0.0
6873.0,6873.0,17.0,0.06637951731681824,0.00012,0.14696261286735535,0.0
6874.0,6874.0,17.0,0.06831371784210205,0.00012,0.13304072618484497,0.0
6875.0,6875.0,17.0,0.06328190863132477,0.00012,0.08292991667985916,0.0
6876.0,6876.0,17.0,0.06648249924182892,0.00012,0.14071550965309143,0.0
6877.0,6877.0,17.0,0.06674448400735855,0.00012,0.10863450169563293,0.0
6878.0,6878.0,17.0,0.05731190741062164,0.00012,0.1197563111782074,0.0
6879.0,6879.0,17.0,0.05621470510959625,0.00012,0.168529212474823,0.0
6880.0,6880.0,17.0,0.059186119586229324,0.00012,0.1252368539571762,0.0
6881.0,6881.0,17.0,0.06417417526245117,0.00012,0.21879629790782928,0.0
6882.0,6882.0,17.0,0.059263795614242554,0.00012,0.09565434604883194,0.0
6883.0,6883.0,17.0,0.06862344592809677,0.00012,0.2851264476776123,0.0
6884.0,6884.0,17.0,0.0664166510105133,0.00012,0.0905037373304367,0.0
6885.0,6885.0,17.0,0.052852779626846313,0.00012,0.26579758524894714,0.0
6886.0,6886.0,17.0,0.0658193975687027,0.00012,0.1320286989212036,0.0
6887.0,6887.0,17.0,0.0688529759645462,0.00012,0.19313408434391022,0.0
6888.0,6888.0,17.0,0.05371680110692978,0.00012,0.10404685884714127,0.0
6889.0,6889.0,17.0,0.05328253656625748,0.00012,0.131632998585701,0.0
6890.0,6890.0,17.0,0.047149304300546646,0.00012,0.06614246219396591,0.0
6891.0,6891.0,17.0,0.055521659553050995,0.00012,0.10825030505657196,0.0
6892.0,6892.0,17.0,0.05522867664694786,0.00012,0.08549844473600388,0.0
6893.0,6893.0,17.0,0.05687907710671425,0.00012,0.14696769416332245,0.0
6894.0,6894.0,17.0,0.07313166558742523,0.00012,0.08785025030374527,0.0
6895.0,6895.0,17.0,0.06377007067203522,0.00012,0.08104507625102997,0.0
6896.0,6896.0,17.0,0.04955703020095825,0.00012,0.09230653941631317,0.0
6897.0,6897.0,17.0,0.05537528172135353,0.00012,0.13830943405628204,0.0
6898.0,6898.0,17.0,0.0658276379108429,0.00012,0.09539496898651123,0.0
6899.0,6899.0,17.0,0.06592763215303421,0.00012,0.17847542464733124,0.0
6900.0,6900.0,17.0,0.07041913270950317,0.00012,0.1570899784564972,0.0
6901.0,6901.0,17.0,0.052322275936603546,0.00012,0.16823184490203857,0.0
6902.0,6902.0,17.0,0.06473910808563232,0.00012,0.14361633360385895,0.0
6903.0,6903.0,17.0,0.050352808088064194,0.00012,0.13546326756477356,0.0
6904.0,6904.0,17.0,0.049093976616859436,0.00012,0.0908208042383194,0.0
6905.0,6905.0,17.0,0.04537303000688553,0.00012,0.1586439162492752,0.0
6906.0,6906.0,17.0,0.06442871689796448,0.00012,0.05936385318636894,0.0
6907.0,6907.0,17.0,0.06665688008069992,0.00012,0.1484273076057434,0.0
6908.0,6908.0,17.0,0.050416722893714905,0.00012,0.08959951251745224,0.0
6909.0,6909.0,17.0,0.06091482937335968,0.00012,0.1517016738653183,0.0
6910.0,6910.0,17.0,0.05757930129766464,0.00012,0.08614511042833328,0.0
6911.0,6911.0,17.0,0.06378045678138733,0.00012,0.1522812694311142,0.0
6912.0,6912.0,17.0,0.06528301537036896,0.00012,0.10842099785804749,0.0
6913.0,6913.0,17.0,0.054395221173763275,0.00012,0.0765787735581398,0.0
6914.0,6914.0,17.0,0.0570577047765255,0.00012,0.10524129867553711,0.0
6915.0,6915.0,17.0,0.06173872947692871,0.00012,0.17148606479167938,0.0
6916.0,6916.0,17.0,0.06111544370651245,0.00012,0.10408700257539749,0.0
6917.0,6917.0,17.0,0.048308730125427246,0.00012,0.20711703598499298,0.0
6918.0,6918.0,17.0,0.06115817278623581,0.00012,0.14654827117919922,0.0
6919.0,6919.0,17.0,0.06223450228571892,0.00012,0.19154343008995056,0.0
6920.0,6920.0,17.0,0.0729595422744751,0.00012,0.14711080491542816,0.0
6921.0,6921.0,17.0,0.0747067779302597,0.00012,0.12867695093154907,0.0
6922.0,6922.0,17.0,0.05522261559963226,0.00012,0.14974945783615112,0.0
6923.0,6923.0,17.0,0.05527728423476219,0.00012,0.10022289305925369,0.0
6924.0,6924.0,17.0,0.06288401037454605,0.00012,0.1035429984331131,0.0
6925.0,6925.0,17.0,0.050387896597385406,0.00012,0.1135386973619461,0.0
6926.0,6926.0,17.0,0.05027848854660988,0.00012,0.19107958674430847,0.0
6927.0,6927.0,17.0,0.047856561839580536,0.00012,0.11076140403747559,0.0
6928.0,6928.0,17.0,0.06023144721984863,0.00012,0.17422284185886383,0.0
6929.0,6929.0,17.0,0.06708434969186783,0.00012,0.09604766219854355,0.0
6930.0,6930.0,17.0,0.05959053710103035,0.00012,0.09248162806034088,0.0
6931.0,6931.0,17.0,0.06708754599094391,0.00012,0.16386164724826813,0.0
6932.0,6932.0,17.0,0.04562215507030487,0.00012,0.1311856359243393,0.0
6933.0,6933.0,17.0,0.058747559785842896,0.00012,0.14992716908454895,0.0
6934.0,6934.0,17.0,0.06726259738206863,0.00012,0.11332354694604874,0.0
6935.0,6935.0,17.0,0.0557527169585228,0.00012,0.15926140546798706,0.0
6936.0,6936.0,17.0,0.07153204083442688,0.00012,0.11807090044021606,0.0
6937.0,6937.0,17.0,0.06343746185302734,0.00012,0.16731184720993042,0.0
6938.0,6938.0,17.0,0.06859191507101059,0.00012,0.13554337620735168,0.0
6939.0,6939.0,17.0,0.059510763734579086,0.00012,0.1481361836194992,0.0
6940.0,6940.0,17.0,0.07177034020423889,0.00012,0.13493523001670837,0.0
6941.0,6941.0,17.0,0.05552192032337189,0.00012,0.09426518529653549,0.0
6942.0,6942.0,17.0,0.06212180107831955,0.00012,0.12305405735969543,0.0
6943.0,6943.0,17.0,0.053256064653396606,0.00012,0.07714997977018356,0.0
6944.0,6944.0,17.0,0.06971687078475952,0.00012,0.14598527550697327,0.0
6945.0,6945.0,17.0,0.06944514811038971,0.00012,0.09495479613542557,0.0
6946.0,6946.0,17.0,0.06349834054708481,0.00012,0.1272759884595871,0.0
6947.0,6947.0,17.0,0.05557779595255852,0.00012,0.06988576054573059,0.0
6948.0,6948.0,17.0,0.047409117221832275,0.00012,0.1215469017624855,0.0
6949.0,6949.0,17.0,0.0561119019985199,0.00012,0.11914452165365219,0.0
6950.0,6950.0,17.0,0.06445082277059555,0.00012,0.10059746354818344,0.0
6951.0,6951.0,17.0,0.05323813855648041,0.00012,0.08919508010149002,0.0
6952.0,6952.0,17.0,0.06879674643278122,0.00012,0.11508883535861969,0.0
6953.0,6953.0,17.0,0.0577470064163208,0.00012,0.07099023461341858,0.0
6954.0,6954.0,17.0,0.053946249186992645,0.00012,0.10747191309928894,0.0
6955.0,6955.0,17.0,0.06914021074771881,0.00012,0.08147529512643814,0.0
6956.0,6956.0,17.0,0.046641744673252106,0.00012,0.08435288071632385,0.0
6957.0,6957.0,17.0,0.04342632740736008,0.00012,0.08123433589935303,0.0
6958.0,6958.0,17.0,0.057529084384441376,0.00012,0.08930165320634842,0.0
6959.0,6959.0,17.0,0.059916913509368896,0.00012,0.12240125983953476,0.0
6960.0,6960.0,17.0,0.06705737113952637,0.00012,0.18144212663173676,0.0
6961.0,6961.0,17.0,0.05804028734564781,0.00012,0.05378720536828041,0.0
6962.0,6962.0,17.0,0.05058456212282181,0.00012,0.20922304689884186,0.0
6963.0,6963.0,17.0,0.054843805730342865,0.00012,0.08498931676149368,0.0
6964.0,6964.0,17.0,0.05824308842420578,0.00012,0.14649561047554016,0.0
6965.0,6965.0,17.0,0.06130240112543106,0.00012,0.11550728976726532,0.0
6966.0,6966.0,17.0,0.06384412944316864,0.00012,0.08211398124694824,0.0
6967.0,6967.0,17.0,0.06459331512451172,0.00012,0.10594700276851654,0.0
6968.0,6968.0,17.0,0.05138067901134491,0.00012,0.14723490178585052,0.0
6969.0,6969.0,17.0,0.04898931831121445,0.00012,0.1297527253627777,0.0
6970.0,6970.0,17.0,0.05826403200626373,0.00012,0.1883554607629776,0.0
6971.0,6971.0,17.0,0.06422124058008194,0.00012,0.11074934154748917,0.0
6972.0,6972.0,17.0,0.06388982385396957,0.00012,0.09592703729867935,0.0
6973.0,6973.0,17.0,0.04597356915473938,0.00012,0.11641547083854675,0.0
6974.0,6974.0,17.0,0.05408138409256935,0.00012,0.1253495216369629,0.0
6975.0,6975.0,17.0,0.05511689931154251,0.00012,0.10157378017902374,0.0
6976.0,6976.0,17.0,0.05892481654882431,0.00012,0.09314130246639252,0.0
6977.0,6977.0,17.0,0.058133307844400406,0.00012,0.09506624937057495,0.0
6978.0,6978.0,17.0,0.053113438189029694,0.00012,0.1313837766647339,0.0
6979.0,6979.0,17.0,0.056451231241226196,0.00012,0.1191069558262825,0.0
6980.0,6980.0,17.0,0.06799975037574768,0.00012,0.10892097651958466,0.0
6981.0,6981.0,17.0,0.06161046028137207,0.00012,0.17371147871017456,0.0
6982.0,6982.0,17.0,0.055718276649713516,0.00012,0.1258843094110489,0.0
6983.0,6983.0,17.0,0.04789956659078598,0.00012,0.13097262382507324,0.0
6984.0,6984.0,17.0,0.059086766093969345,0.00012,0.12084116041660309,0.0
6985.0,6985.0,17.0,0.055740173906087875,0.00012,0.10385294258594513,0.0
6986.0,6986.0,17.0,0.07533325254917145,0.00012,0.12658971548080444,0.0
6987.0,6987.0,17.0,0.051844194531440735,0.00012,0.0756000503897667,0.0
6988.0,6988.0,17.0,0.06387380510568619,0.00012,0.11238272488117218,0.0
6989.0,6989.0,17.0,0.06100919470191002,0.00012,0.08776683360338211,0.0
6990.0,6990.0,17.0,0.06830419600009918,0.00012,0.07152274996042252,0.0
6991.0,6991.0,17.0,0.04548697546124458,0.00012,0.12240729480981827,0.0
6992.0,6992.0,17.0,0.06745833158493042,0.00012,0.06847403943538666,0.0
6993.0,6993.0,17.0,0.05909474939107895,0.00012,0.10126029700040817,0.0
6994.0,6994.0,17.0,0.05991009622812271,0.00012,0.0599929541349411,0.0
6995.0,6995.0,17.0,0.058432117104530334,0.00012,0.076171875,0.0
6996.0,6996.0,17.0,0.05363164842128754,0.00012,0.05796245113015175,0.0
6997.0,6997.0,17.0,0.05592920631170273,0.00012,0.05928349867463112,0.0
6998.0,6998.0,17.0,0.05510522425174713,0.00012,0.06933923065662384,0.0
6999.0,6999.0,17.0,0.06787218153476715,0.00012,0.06934407353401184,0.0
7000.0,7000.0,17.0,0.058116041123867035,0.00012,0.11011300981044769,0.0
7001.0,7001.0,17.0,0.06004859507083893,0.00012,0.1105826124548912,0.0
7002.0,7002.0,17.0,0.04759158939123154,0.00012,0.05808883160352707,0.0
7003.0,7003.0,17.0,0.05713380128145218,0.00012,0.09856946766376495,0.0
7004.0,7004.0,17.0,0.049727171659469604,0.00012,0.07294096052646637,0.0
7005.0,7005.0,17.0,0.06237713247537613,0.00012,0.08868042379617691,0.0
7006.0,7006.0,17.0,0.04948766529560089,0.00012,0.14072857797145844,0.0
7007.0,7007.0,17.0,0.05638989061117172,0.00012,0.1324295699596405,0.0
7008.0,7008.0,17.0,0.06190423294901848,0.00012,0.16007034480571747,0.0
7009.0,7009.0,17.0,0.05255573242902756,0.00012,0.18437296152114868,0.0
7010.0,7010.0,17.0,0.056152962148189545,0.00012,0.08332745730876923,0.0
7011.0,7011.0,17.0,0.06005966663360596,0.00012,0.0949123278260231,0.0
7012.0,7012.0,17.0,0.05448882281780243,0.00012,0.10913734138011932,0.0
7013.0,7013.0,17.0,0.05496106669306755,0.00012,0.10169179737567902,0.0
7014.0,7014.0,17.0,0.06138337776064873,0.00012,0.0783417671918869,0.0
7015.0,7015.0,17.0,0.050284311175346375,0.00012,0.09548449516296387,0.0
7016.0,7016.0,17.0,0.05822885036468506,0.00012,0.14685073494911194,0.0
7017.0,7017.0,17.0,0.055624499917030334,0.00012,0.09582871198654175,0.0
7018.0,7018.0,17.0,0.05804817005991936,0.00012,0.1067606508731842,0.0
7019.0,7019.0,17.0,0.05755606293678284,0.00012,0.10121289640665054,0.0
7020.0,7020.0,17.0,0.07167638838291168,0.00012,0.06353853642940521,0.0
7021.0,7021.0,18.0,0.051728129386901855,0.00012,0.1422656774520874,0.0
7022.0,7022.0,18.0,0.04849948734045029,0.00012,0.07344498485326767,0.0
7023.0,7023.0,18.0,0.0635291039943695,0.00012,0.15316009521484375,0.0
7024.0,7024.0,18.0,0.050569646060466766,0.00012,0.10701987892389297,0.0
7025.0,7025.0,18.0,0.055086567997932434,0.00012,0.1452515870332718,0.0
7026.0,7026.0,18.0,0.054987527430057526,0.00012,0.11808541417121887,0.0
7027.0,7027.0,18.0,0.05165519192814827,0.00012,0.08101696521043777,0.0
7028.0,7028.0,18.0,0.05434238910675049,0.00012,0.09732726216316223,0.0
7029.0,7029.0,18.0,0.05553222820162773,0.00012,0.1330166608095169,0.0
7030.0,7030.0,18.0,0.0472976379096508,0.00012,0.08523772656917572,0.0
7031.0,7031.0,18.0,0.05358436703681946,0.00012,0.10582327097654343,0.0
7032.0,7032.0,18.0,0.06763923168182373,0.00012,0.1519777923822403,0.0
7033.0,7033.0,18.0,0.0720660611987114,0.00012,0.06267503648996353,0.0
7034.0,7034.0,18.0,0.060319844633340836,0.00012,0.17248491942882538,0.0
7035.0,7035.0,18.0,0.0523793026804924,0.00012,0.10439877212047577,0.0
7036.0,7036.0,18.0,0.07150889933109283,0.00012,0.14928951859474182,0.0
7037.0,7037.0,18.0,0.05379095673561096,0.00012,0.11253737658262253,0.0
7038.0,7038.0,18.0,0.05522545427083969,0.00012,0.18724758923053741,0.0
7039.0,7039.0,18.0,0.06814941763877869,0.00012,0.11793681979179382,0.0
7040.0,7040.0,18.0,0.0655277818441391,0.00012,0.15386806428432465,0.0
7041.0,7041.0,18.0,0.06896372139453888,0.00012,0.1285688728094101,0.0
7042.0,7042.0,18.0,0.05662272870540619,0.00012,0.1139187216758728,0.0
7043.0,7043.0,18.0,0.05733485147356987,0.00012,0.09089264273643494,0.0
7044.0,7044.0,18.0,0.059296391904354095,0.00012,0.11921008676290512,0.0
7045.0,7045.0,18.0,0.04786244407296181,0.00012,0.07400175929069519,0.0
7046.0,7046.0,18.0,0.07666061818599701,0.00012,0.1365901231765747,0.0
7047.0,7047.0,18.0,0.06844029575586319,0.00012,0.11572329699993134,0.0
7048.0,7048.0,18.0,0.08487081527709961,0.00012,0.1174711063504219,0.0
7049.0,7049.0,18.0,0.05097757652401924,0.00012,0.1512700617313385,0.0
7050.0,7050.0,18.0,0.06629426777362823,0.00012,0.12036918848752975,0.0
7051.0,7051.0,18.0,0.044738881289958954,0.00012,0.15071354806423187,0.0
7052.0,7052.0,18.0,0.0582747682929039,0.00012,0.1275414675474167,0.0
7053.0,7053.0,18.0,0.07012177258729935,0.00012,0.13129208981990814,0.0
7054.0,7054.0,18.0,0.050122134387493134,0.00012,0.08580511808395386,0.0
7055.0,7055.0,18.0,0.07503011077642441,0.00012,0.13436861336231232,0.0
7056.0,7056.0,18.0,0.060665030032396317,0.00012,0.1215999647974968,0.0
7057.0,7057.0,18.0,0.05665761977434158,0.00012,0.1274968385696411,0.0
7058.0,7058.0,18.0,0.0618223212659359,0.00012,0.18251624703407288,0.0
7059.0,7059.0,18.0,0.05782159045338631,0.00012,0.11564254760742188,0.0
7060.0,7060.0,18.0,0.06685985624790192,0.00012,0.17431223392486572,0.0
7061.0,7061.0,18.0,0.06312289834022522,0.00012,0.08915136009454727,0.0
7062.0,7062.0,18.0,0.057921987026929855,0.00012,0.18519705533981323,0.0
7063.0,7063.0,18.0,0.05208838731050491,0.00012,0.06729547679424286,0.0
7064.0,7064.0,18.0,0.05898251011967659,0.00012,0.20489099621772766,0.0
7065.0,7065.0,18.0,0.05243521183729172,0.00012,0.06195651367306709,0.0
7066.0,7066.0,18.0,0.05648010969161987,0.00012,0.20848597586154938,0.0
7067.0,7067.0,18.0,0.05460759252309799,0.00012,0.13184019923210144,0.0
7068.0,7068.0,18.0,0.0589689165353775,0.00012,0.13087144494056702,0.0
7069.0,7069.0,18.0,0.0545046329498291,0.00012,0.14466729760169983,0.0
7070.0,7070.0,18.0,0.04290630295872688,0.00012,0.13007986545562744,0.0
7071.0,7071.0,18.0,0.05166910961270332,0.00012,0.060569364577531815,0.0
7072.0,7072.0,18.0,0.07471781969070435,0.00012,0.1557181179523468,0.0
7073.0,7073.0,18.0,0.06388013064861298,0.00012,0.06051430106163025,0.0
7074.0,7074.0,18.0,0.0676790177822113,0.00012,0.17131038010120392,0.0
7075.0,7075.0,18.0,0.06063259392976761,0.00012,0.09775824099779129,0.0
7076.0,7076.0,18.0,0.04874798655509949,0.00012,0.1395092010498047,0.0
7077.0,7077.0,18.0,0.06270506978034973,0.00012,0.20416250824928284,0.0
7078.0,7078.0,18.0,0.061252202838659286,0.00012,0.098612479865551,0.0
7079.0,7079.0,18.0,0.05852449685335159,0.00012,0.21783114969730377,0.0
7080.0,7080.0,18.0,0.056840550154447556,0.00012,0.10670359432697296,0.0
7081.0,7081.0,18.0,0.06271164119243622,0.00012,0.2030583620071411,0.0
7082.0,7082.0,18.0,0.048716407269239426,0.00012,0.09281805902719498,0.0
7083.0,7083.0,18.0,0.057515423744916916,0.00012,0.20841367542743683,0.0
7084.0,7084.0,18.0,0.0487096793949604,0.00012,0.13559149205684662,0.0
7085.0,7085.0,18.0,0.04180038720369339,0.00012,0.21378260850906372,0.0
7086.0,7086.0,18.0,0.05050336569547653,0.00012,0.07243739813566208,0.0
7087.0,7087.0,18.0,0.05562176555395126,0.00012,0.1805216670036316,0.0
7088.0,7088.0,18.0,0.05521182715892792,0.00012,0.11304140836000443,0.0
7089.0,7089.0,18.0,0.05853329971432686,0.00012,0.22434154152870178,0.0
7090.0,7090.0,18.0,0.05385591834783554,0.00012,0.14055794477462769,0.0
7091.0,7091.0,18.0,0.05406397953629494,0.00012,0.21301321685314178,0.0
7092.0,7092.0,18.0,0.05804860591888428,0.00012,0.23422187566757202,0.0
7093.0,7093.0,18.0,0.0539027601480484,0.00012,0.227552130818367,0.0
7094.0,7094.0,18.0,0.07270337641239166,0.00012,0.15445415675640106,0.0
7095.0,7095.0,18.0,0.05148033797740936,0.00012,0.17154660820960999,0.0
7096.0,7096.0,18.0,0.05108597129583359,0.00012,0.18355633318424225,0.0
7097.0,7097.0,18.0,0.06502863764762878,0.00012,0.09884047508239746,0.0
7098.0,7098.0,18.0,0.06185096874833107,0.00012,0.2935281991958618,0.0
7099.0,7099.0,18.0,0.05375761166214943,0.00012,0.11025622487068176,0.0
7100.0,7100.0,18.0,0.05972747504711151,0.00012,0.2369067519903183,0.0
7101.0,7101.0,18.0,0.06468594074249268,0.00012,0.07741447538137436,0.0
7102.0,7102.0,18.0,0.06827420741319656,0.00012,0.2433619201183319,0.0
7103.0,7103.0,18.0,0.05234716087579727,0.00012,0.12929204106330872,0.0
7104.0,7104.0,18.0,0.04982971400022507,0.00012,0.20992273092269897,0.0
7105.0,7105.0,18.0,0.06014135479927063,0.00012,0.16813741624355316,0.0
7106.0,7106.0,18.0,0.04762318730354309,0.00012,0.17695407569408417,0.0
7107.0,7107.0,18.0,0.05941155552864075,0.00012,0.13695639371871948,0.0
7108.0,7108.0,18.0,0.054848745465278625,0.00012,0.13158102333545685,0.0
7109.0,7109.0,18.0,0.05524463951587677,0.00012,0.09802883863449097,0.0
7110.0,7110.0,18.0,0.04739212989807129,0.00012,0.10574792325496674,0.0
7111.0,7111.0,18.0,0.06650766730308533,0.00012,0.07292020320892334,0.0
7112.0,7112.0,18.0,0.04989469423890114,0.00012,0.08637945353984833,0.0
7113.0,7113.0,18.0,0.052084654569625854,0.00012,0.0865829661488533,0.0
7114.0,7114.0,18.0,0.04497259482741356,0.00012,0.05941884219646454,0.0
7115.0,7115.0,18.0,0.05876816436648369,0.00012,0.10690305382013321,0.0
7116.0,7116.0,18.0,0.04861408472061157,0.00012,0.07005709409713745,0.0
7117.0,7117.0,18.0,0.047277048230171204,0.00012,0.09905009716749191,0.0
7118.0,7118.0,18.0,0.060192007571458817,0.00012,0.0800340548157692,0.0
7119.0,7119.0,18.0,0.05610855296254158,0.00012,0.12216327339410782,0.0
7120.0,7120.0,18.0,0.04790108650922775,0.00012,0.07742883265018463,0.0
7121.0,7121.0,18.0,0.053649380803108215,0.00012,0.10304568707942963,0.0
7122.0,7122.0,18.0,0.05486977472901344,0.00012,0.1870766580104828,0.0
7123.0,7123.0,18.0,0.04454249143600464,0.00012,0.0767047107219696,0.0
7124.0,7124.0,18.0,0.06773511320352554,0.00012,0.22070132195949554,0.0
7125.0,7125.0,18.0,0.06323784589767456,0.00012,0.07617220282554626,0.0
7126.0,7126.0,18.0,0.05683448910713196,0.00012,0.09087368100881577,0.0
7127.0,7127.0,18.0,0.05013299733400345,0.00012,0.09765560925006866,0.0
7128.0,7128.0,18.0,0.05847527086734772,0.00012,0.07738596946001053,0.0
7129.0,7129.0,18.0,0.05770100653171539,0.00012,0.07093449681997299,0.0
7130.0,7130.0,18.0,0.06880271434783936,0.00012,0.12129363417625427,0.0
7131.0,7131.0,18.0,0.05510691553354263,0.00012,0.10156597197055817,0.0
7132.0,7132.0,18.0,0.052833087742328644,0.00012,0.09734498709440231,0.0
7133.0,7133.0,18.0,0.05295049399137497,0.00012,0.11532440036535263,0.0
7134.0,7134.0,18.0,0.0775560811161995,0.00012,0.16089844703674316,0.0
7135.0,7135.0,18.0,0.04761921241879463,0.00012,0.10437531769275665,0.0
7136.0,7136.0,18.0,0.05870426818728447,0.00012,0.19349920749664307,0.0
7137.0,7137.0,18.0,0.056197389960289,0.00012,0.1349988579750061,0.0
7138.0,7138.0,18.0,0.06456047296524048,0.00012,0.1344207227230072,0.0
7139.0,7139.0,18.0,0.06210843101143837,0.00012,0.22958485782146454,0.0
7140.0,7140.0,18.0,0.07776492834091187,0.00012,0.18360501527786255,0.0
7141.0,7141.0,18.0,0.06319427490234375,0.00012,0.20851850509643555,0.0
7142.0,7142.0,18.0,0.059244632720947266,0.00012,0.22610914707183838,0.0
7143.0,7143.0,18.0,0.05955692380666733,0.00012,0.1644335240125656,0.0
7144.0,7144.0,18.0,0.06625276803970337,0.00012,0.1486024260520935,0.0
7145.0,7145.0,18.0,0.04852054640650749,0.00012,0.1093740463256836,0.0
7146.0,7146.0,18.0,0.06088670715689659,0.00012,0.1734638512134552,0.0
7147.0,7147.0,18.0,0.055981285870075226,0.00012,0.12325186282396317,0.0
7148.0,7148.0,18.0,0.06159517914056778,0.00012,0.15889164805412292,0.0
7149.0,7149.0,18.0,0.05722157657146454,0.00012,0.1121375784277916,0.0
7150.0,7150.0,18.0,0.05659658461809158,0.00012,0.12956592440605164,0.0
7151.0,7151.0,18.0,0.045724984258413315,0.00012,0.11890706419944763,0.0
7152.0,7152.0,18.0,0.06708265841007233,0.00012,0.147059366106987,0.0
7153.0,7153.0,18.0,0.050558559596538544,0.00012,0.14230188727378845,0.0
7154.0,7154.0,18.0,0.05815115571022034,0.00012,0.15769661962985992,0.0
7155.0,7155.0,18.0,0.0665324330329895,0.00012,0.08666671812534332,0.0
7156.0,7156.0,18.0,0.05870494619011879,0.00012,0.16874945163726807,0.0
7157.0,7157.0,18.0,0.05419035255908966,0.00012,0.10644873976707458,0.0
7158.0,7158.0,18.0,0.07192656397819519,0.00012,0.17107892036437988,0.0
7159.0,7159.0,18.0,0.04478965327143669,0.00012,0.17048634588718414,0.0
7160.0,7160.0,18.0,0.054624270647764206,0.00012,0.182473823428154,0.0
7161.0,7161.0,18.0,0.06139282137155533,0.00012,0.10563385486602783,0.0
7162.0,7162.0,18.0,0.0562550351023674,0.00012,0.16532063484191895,0.0
7163.0,7163.0,18.0,0.05669235438108444,0.00012,0.15544633567333221,0.0
7164.0,7164.0,18.0,0.060282379388809204,0.00012,0.14040696620941162,0.0
7165.0,7165.0,18.0,0.05366423726081848,0.00012,0.15576817095279694,0.0
7166.0,7166.0,18.0,0.0666186735033989,0.00012,0.09359057992696762,0.0
7167.0,7167.0,18.0,0.06470201909542084,0.00012,0.16333068907260895,0.0
7168.0,7168.0,18.0,0.05402635037899017,0.00012,0.05120455473661423,0.0
7169.0,7169.0,18.0,0.06086830794811249,0.00012,0.1866711676120758,0.0
7170.0,7170.0,18.0,0.06416116654872894,0.00012,0.12236565351486206,0.0
7171.0,7171.0,18.0,0.06175077706575394,0.00012,0.14994265139102936,0.0
7172.0,7172.0,18.0,0.05052654445171356,0.00012,0.13308793306350708,0.0
7173.0,7173.0,18.0,0.05345078930258751,0.00012,0.08972661197185516,0.0
7174.0,7174.0,18.0,0.0745324045419693,0.00012,0.1221601814031601,0.0
7175.0,7175.0,18.0,0.04984510689973831,0.00012,0.09038645029067993,0.0
7176.0,7176.0,18.0,0.06429408490657806,0.00012,0.12385457009077072,0.0
7177.0,7177.0,18.0,0.06576189398765564,0.00012,0.07413627952337265,0.0
7178.0,7178.0,18.0,0.0659823939204216,0.00012,0.09320342540740967,0.0
7179.0,7179.0,18.0,0.0578392930328846,0.00012,0.08124243468046188,0.0
7180.0,7180.0,18.0,0.05701813846826553,0.00012,0.12959586083889008,0.0
7181.0,7181.0,18.0,0.057278186082839966,0.00012,0.07591181993484497,0.0
7182.0,7182.0,18.0,0.05607431009411812,0.00012,0.07876653969287872,0.0
7183.0,7183.0,18.0,0.05882900580763817,0.00012,0.08589935302734375,0.0
7184.0,7184.0,18.0,0.06411491334438324,0.00012,0.07640406489372253,0.0
7185.0,7185.0,18.0,0.06276436895132065,0.00012,0.07565750926733017,0.0
7186.0,7186.0,18.0,0.05787995830178261,0.00012,0.10196004807949066,0.0
7187.0,7187.0,18.0,0.06978148967027664,0.00012,0.07632946968078613,0.0
7188.0,7188.0,18.0,0.0679096132516861,0.00012,0.10413243621587753,0.0
7189.0,7189.0,18.0,0.0746137797832489,0.00012,0.14962804317474365,0.0
7190.0,7190.0,18.0,0.07139863073825836,0.00012,0.09128321707248688,0.0
7191.0,7191.0,18.0,0.05765388533473015,0.00012,0.09273084253072739,0.0
7192.0,7192.0,18.0,0.057935941964387894,0.00012,0.08907440304756165,0.0
7193.0,7193.0,18.0,0.05659860372543335,0.00012,0.14741037786006927,0.0
7194.0,7194.0,18.0,0.05946284905076027,0.00012,0.08678954839706421,0.0
7195.0,7195.0,18.0,0.06324947625398636,0.00012,0.1304079294204712,0.0
7196.0,7196.0,18.0,0.05103997886180878,0.00012,0.10753577202558517,0.0
7197.0,7197.0,18.0,0.0532771497964859,0.00012,0.09355296194553375,0.0
7198.0,7198.0,18.0,0.044994011521339417,0.00012,0.12056706100702286,0.0
7199.0,7199.0,18.0,0.04656710475683212,0.00012,0.11254271119832993,0.0
7200.0,7200.0,18.0,0.05414091423153877,0.00012,0.08918453752994537,0.0
7201.0,7201.0,18.0,0.06307582557201385,0.00012,0.12690550088882446,0.0
7202.0,7202.0,18.0,0.06442238390445709,0.00012,0.08269008249044418,0.0
7203.0,7203.0,18.0,0.060254037380218506,0.00012,0.10179971903562546,0.0
7204.0,7204.0,18.0,0.05634590610861778,0.00012,0.16442056000232697,0.0
7205.0,7205.0,18.0,0.05168309807777405,0.00012,0.1023755595088005,0.0
7206.0,7206.0,18.0,0.06183170527219772,0.00012,0.09013539552688599,0.0
7207.0,7207.0,18.0,0.05599989369511604,0.00012,0.1474357545375824,0.0
7208.0,7208.0,18.0,0.059835292398929596,0.00012,0.0899420976638794,0.0
7209.0,7209.0,18.0,0.06538929045200348,0.00012,0.08091139793395996,0.0
7210.0,7210.0,18.0,0.0584028922021389,0.00012,0.172652930021286,0.0
7211.0,7211.0,18.0,0.059751905500888824,0.00012,0.18326202034950256,0.0
7212.0,7212.0,18.0,0.054092537611722946,0.00012,0.1334695965051651,0.0
7213.0,7213.0,18.0,0.05604375898838043,0.00012,0.2700468599796295,0.0
7214.0,7214.0,18.0,0.06077127903699875,0.00012,0.11483952403068542,0.0
7215.0,7215.0,18.0,0.053337447345256805,0.00012,0.16609063744544983,0.0
7216.0,7216.0,18.0,0.0619685985147953,0.00012,0.2216649055480957,0.0
7217.0,7217.0,18.0,0.05510547384619713,0.00012,0.08945098519325256,0.0
7218.0,7218.0,18.0,0.05715236812829971,0.00012,0.17714759707450867,0.0
7219.0,7219.0,18.0,0.06252625584602356,0.00012,0.13062992691993713,0.0
7220.0,7220.0,18.0,0.06870123744010925,0.00012,0.14196129143238068,0.0
7221.0,7221.0,18.0,0.0550713911652565,0.00012,0.1320006102323532,0.0
7222.0,7222.0,18.0,0.05152534693479538,0.00012,0.10549164563417435,0.0
7223.0,7223.0,18.0,0.05064079165458679,0.00012,0.1118607446551323,0.0
7224.0,7224.0,18.0,0.07368458807468414,0.00012,0.13978566229343414,0.0
7225.0,7225.0,18.0,0.06391948461532593,0.00012,0.18982818722724915,0.0
7226.0,7226.0,18.0,0.052765462547540665,0.00012,0.1703498661518097,0.0
7227.0,7227.0,18.0,0.05997450277209282,0.00012,0.15292195975780487,0.0
7228.0,7228.0,18.0,0.061650216579437256,0.00012,0.1306689977645874,0.0
7229.0,7229.0,18.0,0.0665585994720459,0.00012,0.12001673132181168,0.0
7230.0,7230.0,18.0,0.07075868546962738,0.00012,0.12483461201190948,0.0
7231.0,7231.0,18.0,0.05936739593744278,0.00012,0.17296256124973297,0.0
7232.0,7232.0,18.0,0.06056578457355499,0.00012,0.12599234282970428,0.0
7233.0,7233.0,18.0,0.05878009274601936,0.00012,0.13882309198379517,0.0
7234.0,7234.0,18.0,0.06794217228889465,0.00012,0.10133333504199982,0.0
7235.0,7235.0,18.0,0.05102694779634476,0.00012,0.0932026207447052,0.0
7236.0,7236.0,18.0,0.05341964215040207,0.00012,0.11639674752950668,0.0
7237.0,7237.0,18.0,0.051502786576747894,0.00012,0.11829359084367752,0.0
7238.0,7238.0,18.0,0.04992863908410072,0.00012,0.1278088241815567,0.0
7239.0,7239.0,18.0,0.04925823211669922,0.00012,0.12610189616680145,0.0
7240.0,7240.0,18.0,0.04415414109826088,0.00012,0.11795549094676971,0.0
7241.0,7241.0,18.0,0.060691721737384796,0.00012,0.1052216961979866,0.0
7242.0,7242.0,18.0,0.05189415067434311,0.00012,0.2035088986158371,0.0
7243.0,7243.0,18.0,0.041103146970272064,0.00012,0.12407317757606506,0.0
7244.0,7244.0,18.0,0.053524136543273926,0.00012,0.20338046550750732,0.0
7245.0,7245.0,18.0,0.06258304417133331,0.00012,0.13512665033340454,0.0
7246.0,7246.0,18.0,0.05410376936197281,0.00012,0.1336289793252945,0.0
7247.0,7247.0,18.0,0.048480357974767685,0.00012,0.17827072739601135,0.0
7248.0,7248.0,18.0,0.05764368921518326,0.00012,0.10704778879880905,0.0
7249.0,7249.0,18.0,0.05656516179442406,0.00012,0.08555105328559875,0.0
7250.0,7250.0,18.0,0.05888991430401802,0.00012,0.1998799592256546,0.0
7251.0,7251.0,18.0,0.055063702166080475,0.00012,0.08700227737426758,0.0
7252.0,7252.0,18.0,0.0650700032711029,0.00012,0.13803233206272125,0.0
7253.0,7253.0,18.0,0.06571665406227112,0.00012,0.17516455054283142,0.0
7254.0,7254.0,18.0,0.05899235978722572,0.00012,0.09015388786792755,0.0
7255.0,7255.0,18.0,0.061977680772542953,0.00012,0.13054195046424866,0.0
7256.0,7256.0,18.0,0.05356534942984581,0.00012,0.24627411365509033,0.0
7257.0,7257.0,18.0,0.05061517655849457,0.00012,0.09617850184440613,0.0
7258.0,7258.0,18.0,0.07183462381362915,0.00012,0.12550902366638184,0.0
7259.0,7259.0,18.0,0.055098243057727814,0.00012,0.1391378939151764,0.0
7260.0,7260.0,18.0,0.05203821882605553,0.00012,0.0944734588265419,0.0
7261.0,7261.0,18.0,0.05239970237016678,0.00012,0.10765670984983444,0.0
7262.0,7262.0,18.0,0.06790514290332794,0.00012,0.09872446209192276,0.0
7263.0,7263.0,18.0,0.0611475333571434,0.00012,0.073038250207901,0.0
7264.0,7264.0,18.0,0.0528251975774765,0.00012,0.11274715512990952,0.0
7265.0,7265.0,18.0,0.0597214512526989,0.00012,0.09856899082660675,0.0
7266.0,7266.0,18.0,0.05199166387319565,0.00012,0.08071523159742355,0.0
7267.0,7267.0,18.0,0.04949987307190895,0.00012,0.12677672505378723,0.0
7268.0,7268.0,18.0,0.04992186278104782,0.00012,0.08095621317625046,0.0
7269.0,7269.0,18.0,0.06731361150741577,0.00012,0.12094148993492126,0.0
7270.0,7270.0,18.0,0.057840704917907715,0.00012,0.0922691598534584,0.0
7271.0,7271.0,18.0,0.06001611426472664,0.00012,0.07950447499752045,0.0
7272.0,7272.0,18.0,0.059305813163518906,0.00012,0.09765119850635529,0.0
7273.0,7273.0,18.0,0.046470072120428085,0.00012,0.1436299979686737,0.0
7274.0,7274.0,18.0,0.06040513515472412,0.00012,0.0857308954000473,0.0
7275.0,7275.0,18.0,0.056477997452020645,0.00012,0.09726765751838684,0.0
7276.0,7276.0,18.0,0.06218590587377548,0.00012,0.13381728529930115,0.0
7277.0,7277.0,18.0,0.04796982556581497,0.00012,0.1139693632721901,0.0
7278.0,7278.0,18.0,0.05816803127527237,0.00012,0.07954355329275131,0.0
7279.0,7279.0,18.0,0.06094963848590851,0.00012,0.08599971979856491,0.0
7280.0,7280.0,18.0,0.06375740468502045,0.00012,0.08843092620372772,0.0
7281.0,7281.0,18.0,0.04775417223572731,0.00012,0.06876042485237122,0.0
7282.0,7282.0,18.0,0.07182285189628601,0.00012,0.06776462495326996,0.0
7283.0,7283.0,18.0,0.05954083800315857,0.00012,0.10742606967687607,0.0
7284.0,7284.0,18.0,0.06279762834310532,0.00012,0.1291986107826233,0.0
7285.0,7285.0,18.0,0.06064283102750778,0.00012,0.10398884862661362,0.0
7286.0,7286.0,18.0,0.049361713230609894,0.00012,0.12035344541072845,0.0
7287.0,7287.0,18.0,0.06384234130382538,0.00012,0.13710258901119232,0.0
7288.0,7288.0,18.0,0.04631950706243515,0.00012,0.1394287794828415,0.0
7289.0,7289.0,18.0,0.07687358558177948,0.00012,0.14044420421123505,0.0
7290.0,7290.0,18.0,0.0500524528324604,0.00012,0.11713757365942001,0.0
7291.0,7291.0,18.0,0.041275933384895325,0.00012,0.13280946016311646,0.0
7292.0,7292.0,18.0,0.06845033913850784,0.00012,0.17780572175979614,0.0
7293.0,7293.0,18.0,0.05903379246592522,0.00012,0.15714135766029358,0.0
7294.0,7294.0,18.0,0.06358262896537781,0.00012,0.118320994079113,0.0
7295.0,7295.0,18.0,0.06816920638084412,0.00012,0.14538082480430603,0.0
7296.0,7296.0,18.0,0.05885179340839386,0.00012,0.13941055536270142,0.0
7297.0,7297.0,18.0,0.0613570474088192,0.00012,0.1335044801235199,0.0
7298.0,7298.0,18.0,0.07707495242357254,0.00012,0.13094958662986755,0.0
7299.0,7299.0,18.0,0.08258657902479172,0.00012,0.14751696586608887,0.0
7300.0,7300.0,18.0,0.05305144563317299,0.00012,0.14259092509746552,0.0
7301.0,7301.0,18.0,0.05307260528206825,0.00012,0.1019049882888794,0.0
7302.0,7302.0,18.0,0.06382367014884949,0.00012,0.20824600756168365,0.0
7303.0,7303.0,18.0,0.06320780515670776,0.00012,0.1267986297607422,0.0
7304.0,7304.0,18.0,0.05204417183995247,0.00012,0.20183590054512024,0.0
7305.0,7305.0,18.0,0.05689115822315216,0.00012,0.07439917325973511,0.0
7306.0,7306.0,18.0,0.05928569659590721,0.00012,0.13097839057445526,0.0
7307.0,7307.0,18.0,0.053156785666942596,0.00012,0.17565958201885223,0.0
7308.0,7308.0,18.0,0.06016391143202782,0.00012,0.13281886279582977,0.0
7309.0,7309.0,18.0,0.06516310572624207,0.00012,0.14858506619930267,0.0
7310.0,7310.0,18.0,0.06384062767028809,0.00012,0.10002874583005905,0.0
7311.0,7311.0,18.0,0.06073841080069542,0.00012,0.11288326233625412,0.0
7312.0,7312.0,18.0,0.05497270077466965,0.00012,0.08810379356145859,0.0
7313.0,7313.0,18.0,0.06157230585813522,0.00012,0.1391412615776062,0.0
7314.0,7314.0,18.0,0.053538426756858826,0.00012,0.11783742904663086,0.0
7315.0,7315.0,18.0,0.06040474772453308,0.00012,0.14980512857437134,0.0
7316.0,7316.0,18.0,0.05690813809633255,0.00012,0.09744708240032196,0.0
7317.0,7317.0,18.0,0.05251948535442352,0.00012,0.21912957727909088,0.0
7318.0,7318.0,18.0,0.06758736073970795,0.00012,0.12406238913536072,0.0
7319.0,7319.0,18.0,0.06763860583305359,0.00012,0.18072842061519623,0.0
7320.0,7320.0,18.0,0.047237567603588104,0.00012,0.1551084816455841,0.0
7321.0,7321.0,18.0,0.058370597660541534,0.00012,0.23892982304096222,0.0
7322.0,7322.0,18.0,0.06020437553524971,0.00012,0.10489214956760406,0.0
7323.0,7323.0,18.0,0.05907905846834183,0.00012,0.196824848651886,0.0
7324.0,7324.0,18.0,0.057560212910175323,0.00012,0.16172823309898376,0.0
7325.0,7325.0,18.0,0.05737896263599396,0.00012,0.13405248522758484,0.0
7326.0,7326.0,18.0,0.055121589452028275,0.00012,0.1114661693572998,0.0
7327.0,7327.0,18.0,0.0615089014172554,0.00012,0.17991767823696136,0.0
7328.0,7328.0,18.0,0.057262517511844635,0.00012,0.08332947641611099,0.0
7329.0,7329.0,18.0,0.06617891788482666,0.00012,0.15585114061832428,0.0
7330.0,7330.0,18.0,0.0716884583234787,0.00012,0.11716305464506149,0.0
7331.0,7331.0,18.0,0.04860471934080124,0.00012,0.14432527124881744,0.0
7332.0,7332.0,18.0,0.056708358228206635,0.00012,0.08430198580026627,0.0
7333.0,7333.0,18.0,0.053481392562389374,0.00012,0.15024976432323456,0.0
7334.0,7334.0,18.0,0.045578837394714355,0.00012,0.0808834657073021,0.0
7335.0,7335.0,18.0,0.058860763907432556,0.00012,0.148734450340271,0.0
7336.0,7336.0,18.0,0.059535667300224304,0.00012,0.10712949931621552,0.0
7337.0,7337.0,18.0,0.052001915872097015,0.00012,0.12902075052261353,0.0
7338.0,7338.0,18.0,0.060550954192876816,0.00012,0.12681496143341064,0.0
7339.0,7339.0,18.0,0.05391700565814972,0.00012,0.1679239124059677,0.0
7340.0,7340.0,18.0,0.0584229975938797,0.00012,0.08204719424247742,0.0
7341.0,7341.0,18.0,0.05239123851060867,0.00012,0.12193901091814041,0.0
7342.0,7342.0,18.0,0.06358090043067932,0.00012,0.135978564620018,0.0
7343.0,7343.0,18.0,0.0543278232216835,0.00012,0.15917126834392548,0.0
7344.0,7344.0,18.0,0.05265308916568756,0.00012,0.13911721110343933,0.0
7345.0,7345.0,18.0,0.04758966714143753,0.00012,0.08490124344825745,0.0
7346.0,7346.0,18.0,0.05397553741931915,0.00012,0.10689829289913177,0.0
7347.0,7347.0,18.0,0.04991040751338005,0.00012,0.11144869029521942,0.0
7348.0,7348.0,18.0,0.06662143766880035,0.00012,0.08086581528186798,0.0
7349.0,7349.0,18.0,0.05629608780145645,0.00012,0.07277276366949081,0.0
7350.0,7350.0,18.0,0.06190165877342224,0.00012,0.12597495317459106,0.0
7351.0,7351.0,18.0,0.06896629929542542,0.00012,0.06894101947546005,0.0
7352.0,7352.0,18.0,0.05135802552103996,0.00012,0.09759967774152756,0.0
7353.0,7353.0,18.0,0.06034890189766884,0.00012,0.08482873439788818,0.0
7354.0,7354.0,18.0,0.04940899834036827,0.00012,0.06951787322759628,0.0
7355.0,7355.0,18.0,0.07702354341745377,0.00012,0.12463556975126266,0.0
7356.0,7356.0,18.0,0.06226734817028046,0.00012,0.0842655822634697,0.0
7357.0,7357.0,18.0,0.05132794380187988,0.00012,0.08559732884168625,0.0
7358.0,7358.0,18.0,0.04428716003894806,0.00012,0.07502365857362747,0.0
7359.0,7359.0,18.0,0.06285618990659714,0.00012,0.07017366588115692,0.0
7360.0,7360.0,18.0,0.0533144548535347,0.00012,0.0878399908542633,0.0
7361.0,7361.0,18.0,0.053346045315265656,0.00012,0.06392373889684677,0.0
7362.0,7362.0,18.0,0.06366458535194397,0.00012,0.07098717987537384,0.0
7363.0,7363.0,18.0,0.0684923529624939,0.00012,0.15341472625732422,0.0
7364.0,7364.0,18.0,0.05699903517961502,0.00012,0.07948379218578339,0.0
7365.0,7365.0,18.0,0.06487888097763062,0.00012,0.1316474974155426,0.0
7366.0,7366.0,18.0,0.05145448446273804,0.00012,0.0744398832321167,0.0
7367.0,7367.0,18.0,0.04530918970704079,0.00012,0.13686122000217438,0.0
7368.0,7368.0,18.0,0.059451110661029816,0.00012,0.10909133404493332,0.0
7369.0,7369.0,18.0,0.056796953082084656,0.00012,0.13282524049282074,0.0
7370.0,7370.0,18.0,0.04944170266389847,0.00012,0.12803781032562256,0.0
7371.0,7371.0,18.0,0.06778033077716827,0.00012,0.1328609585762024,0.0
7372.0,7372.0,18.0,0.06426379829645157,0.00012,0.11023928225040436,0.0
7373.0,7373.0,18.0,0.05611158907413483,0.00012,0.12172306329011917,0.0
7374.0,7374.0,18.0,0.06721770018339157,0.00012,0.13854168355464935,0.0
7375.0,7375.0,18.0,0.0538305789232254,0.00012,0.09951642900705338,0.0
7376.0,7376.0,18.0,0.06605701148509979,0.00012,0.1180872917175293,0.0
7377.0,7377.0,18.0,0.05533728748559952,0.00012,0.11504951119422913,0.0
7378.0,7378.0,18.0,0.05324483662843704,0.00012,0.12442798912525177,0.0
7379.0,7379.0,18.0,0.04686656594276428,0.00012,0.15593349933624268,0.0
7380.0,7380.0,18.0,0.07681211084127426,0.00012,0.11860504746437073,0.0
7381.0,7381.0,18.0,0.05157248675823212,0.00012,0.21174049377441406,0.0
7382.0,7382.0,18.0,0.05431874096393585,0.00012,0.1655675321817398,0.0
7383.0,7383.0,18.0,0.05146944150328636,0.00012,0.1418255865573883,0.0
7384.0,7384.0,18.0,0.06314589083194733,0.00012,0.17629387974739075,0.0
7385.0,7385.0,18.0,0.05871769040822983,0.00012,0.2151845544576645,0.0
7386.0,7386.0,18.0,0.06715558469295502,0.00012,0.13390381634235382,0.0
7387.0,7387.0,18.0,0.05943240225315094,0.00012,0.1571594774723053,0.0
7388.0,7388.0,18.0,0.0655159205198288,0.00012,0.16530509293079376,0.0
7389.0,7389.0,18.0,0.048111751675605774,0.00012,0.1273670494556427,0.0
7390.0,7390.0,18.0,0.07046754658222198,0.00012,0.2055676281452179,0.0
7391.0,7391.0,18.0,0.06746909767389297,0.00012,0.09800572693347931,0.0
7392.0,7392.0,18.0,0.05379379168152809,0.00012,0.17302295565605164,0.0
7393.0,7393.0,18.0,0.0604870580136776,0.00012,0.13511838018894196,0.0
7394.0,7394.0,18.0,0.05756554752588272,0.00012,0.15996849536895752,0.0
7395.0,7395.0,18.0,0.06339991092681885,0.00012,0.08600757271051407,0.0
7396.0,7396.0,18.0,0.06079477071762085,0.00012,0.1617102026939392,0.0
7397.0,7397.0,18.0,0.04789813607931137,0.00012,0.09630655497312546,0.0
7398.0,7398.0,18.0,0.06225492060184479,0.00012,0.1308939903974533,0.0
7399.0,7399.0,18.0,0.0723172202706337,0.00012,0.10595008730888367,0.0
7400.0,7400.0,18.0,0.05988604575395584,0.00012,0.140932098031044,0.0
7401.0,7401.0,18.0,0.06214246526360512,0.00012,0.12018537521362305,0.0
7402.0,7402.0,18.0,0.06354345381259918,0.00012,0.1128835454583168,0.0
7403.0,7403.0,18.0,0.06800747662782669,0.00012,0.14703266322612762,0.0
7404.0,7404.0,18.0,0.055620599538087845,0.00012,0.11369264125823975,0.0
7405.0,7405.0,18.0,0.04932865872979164,0.00012,0.1818295568227768,0.0
7406.0,7406.0,18.0,0.06298723071813583,0.00012,0.1717861443758011,0.0
7407.0,7407.0,18.0,0.06530236452817917,0.00012,0.09147472679615021,0.0
7408.0,7408.0,18.0,0.056543514132499695,0.00012,0.19015398621559143,0.0
7409.0,7409.0,18.0,0.0528118833899498,0.00012,0.09205087274312973,0.0
7410.0,7410.0,18.0,0.07427826523780823,0.00012,0.129296213388443,0.0
7411.0,7411.0,19.0,0.05311444401741028,0.00012,0.07179100066423416,0.0
7412.0,7412.0,19.0,0.05946788936853409,0.00012,0.11999356001615524,0.0
7413.0,7413.0,19.0,0.06933468580245972,0.00012,0.09992390871047974,0.0
7414.0,7414.0,19.0,0.054938819259405136,0.00012,0.09341459721326828,0.0
7415.0,7415.0,19.0,0.055578120052814484,0.00012,0.11071179062128067,0.0
7416.0,7416.0,19.0,0.05886312946677208,0.00012,0.09606588631868362,0.0
7417.0,7417.0,19.0,0.05527681112289429,0.00012,0.06800400465726852,0.0
7418.0,7418.0,19.0,0.05200457200407982,0.00012,0.14031003415584564,0.0
7419.0,7419.0,19.0,0.06009992957115173,0.00012,0.09505419433116913,0.0
7420.0,7420.0,19.0,0.046919792890548706,0.00012,0.13474375009536743,0.0
7421.0,7421.0,19.0,0.05613161623477936,0.00012,0.10190443694591522,0.0
7422.0,7422.0,19.0,0.055985573679208755,0.00012,0.18859492242336273,0.0
7423.0,7423.0,19.0,0.05917157977819443,0.00012,0.07694584131240845,0.0
7424.0,7424.0,19.0,0.0641540139913559,0.00012,0.15254321694374084,0.0
7425.0,7425.0,19.0,0.07189148664474487,0.00012,0.08093062788248062,0.0
7426.0,7426.0,19.0,0.04780469089746475,0.00012,0.13816684484481812,0.0
7427.0,7427.0,19.0,0.046575769782066345,0.00012,0.08926734328269958,0.0
7428.0,7428.0,19.0,0.05023416876792908,0.00012,0.13728144764900208,0.0
7429.0,7429.0,19.0,0.05726335570216179,0.00012,0.10907262563705444,0.0
7430.0,7430.0,19.0,0.04678031802177429,0.00012,0.1338341236114502,0.0
7431.0,7431.0,19.0,0.0787927508354187,0.00012,0.17647041380405426,0.0
7432.0,7432.0,19.0,0.057063084095716476,0.00012,0.1334475874900818,0.0
7433.0,7433.0,19.0,0.05082949995994568,0.00012,0.16902926564216614,0.0
7434.0,7434.0,19.0,0.060268618166446686,0.00012,0.16230614483356476,0.0
7435.0,7435.0,19.0,0.049627818167209625,0.00012,0.09469366818666458,0.0
7436.0,7436.0,19.0,0.060213737189769745,0.00012,0.14509408175945282,0.0
7437.0,7437.0,19.0,0.05288049578666687,0.00012,0.09488913416862488,0.0
7438.0,7438.0,19.0,0.053629301488399506,0.00012,0.12883275747299194,0.0
7439.0,7439.0,19.0,0.06323179602622986,0.00012,0.09633710235357285,0.0
7440.0,7440.0,19.0,0.056856200098991394,0.00012,0.11382212489843369,0.0
7441.0,7441.0,19.0,0.056628718972206116,0.00012,0.08937586098909378,0.0
7442.0,7442.0,19.0,0.062027618288993835,0.00012,0.11476223915815353,0.0
7443.0,7443.0,19.0,0.0485818088054657,0.00012,0.10905943810939789,0.0
7444.0,7444.0,19.0,0.06705965846776962,0.00012,0.13454024493694305,0.0
7445.0,7445.0,19.0,0.04466626048088074,0.00012,0.11300338059663773,0.0
7446.0,7446.0,19.0,0.06023498624563217,0.00012,0.11570857465267181,0.0
7447.0,7447.0,19.0,0.06519363820552826,0.00012,0.09689109772443771,0.0
7448.0,7448.0,19.0,0.04768938571214676,0.00012,0.09134408831596375,0.0
7449.0,7449.0,19.0,0.043329425156116486,0.00012,0.10977477580308914,0.0
7450.0,7450.0,19.0,0.05380238592624664,0.00012,0.1585254818201065,0.0
7451.0,7451.0,19.0,0.06359066069126129,0.00012,0.14906920492649078,0.0
7452.0,7452.0,19.0,0.061422403901815414,0.00012,0.10791101306676865,0.0
7453.0,7453.0,19.0,0.06589943915605545,0.00012,0.12632514536380768,0.0
7454.0,7454.0,19.0,0.05616889148950577,0.00012,0.16684255003929138,0.0
7455.0,7455.0,19.0,0.06525588780641556,0.00012,0.0911453515291214,0.0
7456.0,7456.0,19.0,0.06831234693527222,0.00012,0.19695694744586945,0.0
7457.0,7457.0,19.0,0.04917818307876587,0.00012,0.11528019607067108,0.0
7458.0,7458.0,19.0,0.06686410307884216,0.00012,0.1561349481344223,0.0
7459.0,7459.0,19.0,0.07910279929637909,0.00012,0.11199437826871872,0.0
7460.0,7460.0,19.0,0.04987449198961258,0.00012,0.0951387956738472,0.0
7461.0,7461.0,19.0,0.054428793489933014,0.00012,0.09220096468925476,0.0
7462.0,7462.0,19.0,0.049766164273023605,0.00012,0.10039183497428894,0.0
7463.0,7463.0,19.0,0.06306863576173782,0.00012,0.14210031926631927,0.0
7464.0,7464.0,19.0,0.057960256934165955,0.00012,0.10951918363571167,0.0
7465.0,7465.0,19.0,0.0625171810388565,0.00012,0.11945883929729462,0.0
7466.0,7466.0,19.0,0.05379045382142067,0.00012,0.11609220504760742,0.0
7467.0,7467.0,19.0,0.06816907227039337,0.00012,0.16359499096870422,0.0
7468.0,7468.0,19.0,0.06356842815876007,0.00012,0.13577935099601746,0.0
7469.0,7469.0,19.0,0.05274869501590729,0.00012,0.10472565144300461,0.0
7470.0,7470.0,19.0,0.05278484523296356,0.00012,0.13173329830169678,0.0
7471.0,7471.0,19.0,0.058374688029289246,0.00012,0.13712497055530548,0.0
7472.0,7472.0,19.0,0.05514895170927048,0.00012,0.14137712121009827,0.0
7473.0,7473.0,19.0,0.06087049841880798,0.00012,0.09043116122484207,0.0
7474.0,7474.0,19.0,0.046747952699661255,0.00012,0.1695764809846878,0.0
7475.0,7475.0,19.0,0.05615973472595215,0.00012,0.15269283950328827,0.0
7476.0,7476.0,19.0,0.04940197616815567,0.00012,0.14743144810199738,0.0
7477.0,7477.0,19.0,0.06048842892050743,0.00012,0.21117642521858215,0.0
7478.0,7478.0,19.0,0.049961257725954056,0.00012,0.1644914299249649,0.0
7479.0,7479.0,19.0,0.06284938007593155,0.00012,0.19903036952018738,0.0
7480.0,7480.0,19.0,0.05400470644235611,0.00012,0.16051562130451202,0.0
7481.0,7481.0,19.0,0.05296947807073593,0.00012,0.1988668292760849,0.0
7482.0,7482.0,19.0,0.05176146328449249,0.00012,0.16304941475391388,0.0
7483.0,7483.0,19.0,0.06668132543563843,0.00012,0.19130933284759521,0.0
7484.0,7484.0,19.0,0.058379072695970535,0.00012,0.1980867236852646,0.0
7485.0,7485.0,19.0,0.06559650599956512,0.00012,0.13563138246536255,0.0
7486.0,7486.0,19.0,0.07834745198488235,0.00012,0.17313265800476074,0.0
7487.0,7487.0,19.0,0.060604795813560486,0.00012,0.12121917307376862,0.0
7488.0,7488.0,19.0,0.061818987131118774,0.00012,0.13935139775276184,0.0
7489.0,7489.0,19.0,0.05552474781870842,0.00012,0.18505209684371948,0.0
7490.0,7490.0,19.0,0.05344109237194061,0.00012,0.16409184038639069,0.0
7491.0,7491.0,19.0,0.06363408267498016,0.00012,0.187085822224617,0.0
7492.0,7492.0,19.0,0.05578743666410446,0.00012,0.10413192957639694,0.0
7493.0,7493.0,19.0,0.06006501987576485,0.00012,0.23945845663547516,0.0
7494.0,7494.0,19.0,0.056629057973623276,0.00012,0.15377217531204224,0.0
7495.0,7495.0,19.0,0.05487882345914841,0.00012,0.15814366936683655,0.0
7496.0,7496.0,19.0,0.06402259320020676,0.00012,0.16671912372112274,0.0
7497.0,7497.0,19.0,0.060496024787425995,0.00012,0.11084416508674622,0.0
7498.0,7498.0,19.0,0.05806095525622368,0.00012,0.07150145620107651,0.0
7499.0,7499.0,19.0,0.05608638375997543,0.00012,0.10381510108709335,0.0
7500.0,7500.0,19.0,0.05011417716741562,0.00012,0.1086963638663292,0.0
7501.0,7501.0,19.0,0.05729265511035919,0.00012,0.13071177899837494,0.0
7502.0,7502.0,19.0,0.055470388382673264,0.00012,0.10962314158678055,0.0
7503.0,7503.0,19.0,0.06179391220211983,0.00012,0.1313846856355667,0.0
7504.0,7504.0,19.0,0.0667327269911766,0.00012,0.07751098275184631,0.0
7505.0,7505.0,19.0,0.054868511855602264,0.00012,0.15456445515155792,0.0
7506.0,7506.0,19.0,0.07092420756816864,0.00012,0.09000962227582932,0.0
7507.0,7507.0,19.0,0.06691747903823853,0.00012,0.10798735171556473,0.0
7508.0,7508.0,19.0,0.05596916005015373,0.00012,0.11324302852153778,0.0
7509.0,7509.0,19.0,0.05747503787279129,0.00012,0.12466718256473541,0.0
7510.0,7510.0,19.0,0.0637955367565155,0.00012,0.0702991932630539,0.0
7511.0,7511.0,19.0,0.04857572168111801,0.00012,0.10391027480363846,0.0
7512.0,7512.0,19.0,0.06428549438714981,0.00012,0.091363325715065,0.0
7513.0,7513.0,19.0,0.05986684560775757,0.00012,0.07683825492858887,0.0
7514.0,7514.0,19.0,0.05819280073046684,0.00012,0.09868770092725754,0.0
7515.0,7515.0,19.0,0.05487415939569473,0.00012,0.06977785378694534,0.0
7516.0,7516.0,19.0,0.06151331961154938,0.00012,0.060676343739032745,0.0
7517.0,7517.0,19.0,0.051361776888370514,0.00012,0.1223003938794136,0.0
7518.0,7518.0,19.0,0.07125082612037659,0.00012,0.09374640882015228,0.0
7519.0,7519.0,19.0,0.06026787683367729,0.00012,0.0948810949921608,0.0
7520.0,7520.0,19.0,0.0668962150812149,0.00012,0.09966527670621872,0.0
7521.0,7521.0,19.0,0.06857060641050339,0.00012,0.09778442978858948,0.0
7522.0,7522.0,19.0,0.07285800576210022,0.00012,0.11025526374578476,0.0
7523.0,7523.0,19.0,0.048387616872787476,0.00012,0.06616663932800293,0.0
7524.0,7524.0,19.0,0.061258092522621155,0.00012,0.08293096721172333,0.0
7525.0,7525.0,19.0,0.06980784982442856,0.00012,0.0644136369228363,0.0
7526.0,7526.0,19.0,0.05218619108200073,0.00012,0.08295180648565292,0.0
7527.0,7527.0,19.0,0.05774635821580887,0.00012,0.09238981455564499,0.0
7528.0,7528.0,19.0,0.05582663416862488,0.00012,0.071459099650383,0.0
7529.0,7529.0,19.0,0.05730395019054413,0.00012,0.07146863639354706,0.0
7530.0,7530.0,19.0,0.05271824449300766,0.00012,0.09860508143901825,0.0
7531.0,7531.0,19.0,0.05792650580406189,0.00012,0.08874370157718658,0.0
7532.0,7532.0,19.0,0.06305122375488281,0.00012,0.11995970457792282,0.0
7533.0,7533.0,19.0,0.0461246557533741,0.00012,0.054875992238521576,0.0
7534.0,7534.0,19.0,0.043559230864048004,0.00012,0.13363084197044373,0.0
7535.0,7535.0,19.0,0.06455367803573608,0.00012,0.0866779312491417,0.0
7536.0,7536.0,19.0,0.07790151238441467,0.00012,0.11562567949295044,0.0
7537.0,7537.0,19.0,0.07166288793087006,0.00012,0.07594425231218338,0.0
7538.0,7538.0,19.0,0.056849006563425064,0.00012,0.0999080091714859,0.0
7539.0,7539.0,19.0,0.05995519086718559,0.00012,0.10261476784944534,0.0
7540.0,7540.0,19.0,0.061102334409952164,0.00012,0.09204239398241043,0.0
7541.0,7541.0,19.0,0.050992175936698914,0.00012,0.09400307387113571,0.0
7542.0,7542.0,19.0,0.070092111825943,0.00012,0.09687071293592453,0.0
7543.0,7543.0,19.0,0.05509551614522934,0.00012,0.06993870437145233,0.0
7544.0,7544.0,19.0,0.06107066571712494,0.00012,0.14602869749069214,0.0
7545.0,7545.0,19.0,0.04952568560838699,0.00012,0.10255798697471619,0.0
7546.0,7546.0,19.0,0.06798567622900009,0.00012,0.16014398634433746,0.0
7547.0,7547.0,19.0,0.06426772475242615,0.00012,0.1375725120306015,0.0
7548.0,7548.0,19.0,0.05497680604457855,0.00012,0.1929692029953003,0.0
7549.0,7549.0,19.0,0.062182679772377014,0.00012,0.16224640607833862,0.0
7550.0,7550.0,19.0,0.05309855192899704,0.00012,0.20788368582725525,0.0
7551.0,7551.0,19.0,0.05179215967655182,0.00012,0.10081426054239273,0.0
7552.0,7552.0,19.0,0.0582585446536541,0.00012,0.20404605567455292,0.0
7553.0,7553.0,19.0,0.058813098818063736,0.00012,0.10678713023662567,0.0
7554.0,7554.0,19.0,0.05289522558450699,0.00012,0.11867683380842209,0.0
7555.0,7555.0,19.0,0.04677518084645271,0.00012,0.11102770268917084,0.0
7556.0,7556.0,19.0,0.057095736265182495,0.00012,0.08966680616140366,0.0
7557.0,7557.0,19.0,0.05385975539684296,0.00012,0.0668422132730484,0.0
7558.0,7558.0,19.0,0.04778409004211426,0.00012,0.12715966999530792,0.0
7559.0,7559.0,19.0,0.06391236186027527,0.00012,0.06858083605766296,0.0
7560.0,7560.0,19.0,0.06104280427098274,0.00012,0.1414853185415268,0.0
7561.0,7561.0,19.0,0.05573389679193497,0.00012,0.07268869876861572,0.0
7562.0,7562.0,19.0,0.07168269157409668,0.00012,0.11546674370765686,0.0
7563.0,7563.0,19.0,0.05476965010166168,0.00012,0.10134173184633255,0.0
7564.0,7564.0,19.0,0.059232842177152634,0.00012,0.1472194343805313,0.0
7565.0,7565.0,19.0,0.05420919507741928,0.00012,0.14541910588741302,0.0
7566.0,7566.0,19.0,0.05772702768445015,0.00012,0.06403565406799316,0.0
7567.0,7567.0,19.0,0.06387252360582352,0.00012,0.12042228877544403,0.0
7568.0,7568.0,19.0,0.05037161707878113,0.00012,0.0808887705206871,0.0
7569.0,7569.0,19.0,0.04553353041410446,0.00012,0.19979485869407654,0.0
7570.0,7570.0,19.0,0.056340254843235016,0.00012,0.09750480949878693,0.0
7571.0,7571.0,19.0,0.0663461685180664,0.00012,0.12258899211883545,0.0
7572.0,7572.0,19.0,0.053053900599479675,0.00012,0.14810878038406372,0.0
7573.0,7573.0,19.0,0.06287547945976257,0.00012,0.1170724555850029,0.0
7574.0,7574.0,19.0,0.060835570096969604,0.00012,0.15420424938201904,0.0
7575.0,7575.0,19.0,0.06856164336204529,0.00012,0.0838247761130333,0.0
7576.0,7576.0,19.0,0.05600263923406601,0.00012,0.16290289163589478,0.0
7577.0,7577.0,19.0,0.0670764148235321,0.00012,0.13907049596309662,0.0
7578.0,7578.0,19.0,0.04967384412884712,0.00012,0.15508303046226501,0.0
7579.0,7579.0,19.0,0.06365756690502167,0.00012,0.1411338746547699,0.0
7580.0,7580.0,19.0,0.0595523901283741,0.00012,0.1275857537984848,0.0
7581.0,7581.0,19.0,0.04715828597545624,0.00012,0.0914267748594284,0.0
7582.0,7582.0,19.0,0.055541496723890305,0.00012,0.17903226613998413,0.0
7583.0,7583.0,19.0,0.06854619830846786,0.00012,0.12535831332206726,0.0
7584.0,7584.0,19.0,0.067154161632061,0.00012,0.2164183109998703,0.0
7585.0,7585.0,19.0,0.059721171855926514,0.00012,0.14997893571853638,0.0
7586.0,7586.0,19.0,0.05777275562286377,0.00012,0.13736383616924286,0.0
7587.0,7587.0,19.0,0.07606633007526398,0.00012,0.20998628437519073,0.0
7588.0,7588.0,19.0,0.06973548978567123,0.00012,0.12365761399269104,0.0
7589.0,7589.0,19.0,0.05795542150735855,0.00012,0.18697872757911682,0.0
7590.0,7590.0,19.0,0.05121626704931259,0.00012,0.1483113169670105,0.0
7591.0,7591.0,19.0,0.0673067569732666,0.00012,0.08977566659450531,0.0
7592.0,7592.0,19.0,0.06427069753408432,0.00012,0.15119658410549164,0.0
7593.0,7593.0,19.0,0.06312014162540436,0.00012,0.13410966098308563,0.0
7594.0,7594.0,19.0,0.06246603652834892,0.00012,0.09874989092350006,0.0
7595.0,7595.0,19.0,0.05617828294634819,0.00012,0.109302818775177,0.0
7596.0,7596.0,19.0,0.04535635933279991,0.00012,0.17584837973117828,0.0
7597.0,7597.0,19.0,0.0469055101275444,0.00012,0.14667277038097382,0.0
7598.0,7598.0,19.0,0.08104003965854645,0.00012,0.18750879168510437,0.0
7599.0,7599.0,19.0,0.058465998619794846,0.00012,0.15131531655788422,0.0
7600.0,7600.0,19.0,0.057479728013277054,0.00012,0.09616231918334961,0.0
7601.0,7601.0,19.0,0.0512184202671051,0.00012,0.24593470990657806,0.0
7602.0,7602.0,19.0,0.07540348917245865,0.00012,0.08133185654878616,0.0
7603.0,7603.0,19.0,0.06531599164009094,0.00012,0.15876802802085876,0.0
7604.0,7604.0,19.0,0.05544820427894592,0.00012,0.1579544097185135,0.0
7605.0,7605.0,19.0,0.045613814145326614,0.00012,0.09653105586767197,0.0
7606.0,7606.0,19.0,0.057340968400239944,0.00012,0.16863113641738892,0.0
7607.0,7607.0,19.0,0.06603797525167465,0.00012,0.12466900050640106,0.0
7608.0,7608.0,19.0,0.05019707605242729,0.00012,0.1271962821483612,0.0
7609.0,7609.0,19.0,0.06287543475627899,0.00012,0.13150708377361298,0.0
7610.0,7610.0,19.0,0.0609920434653759,0.00012,0.14306893944740295,0.0
7611.0,7611.0,19.0,0.0677281841635704,0.00012,0.0968351811170578,0.0
7612.0,7612.0,19.0,0.06634655594825745,0.00012,0.09010986238718033,0.0
7613.0,7613.0,19.0,0.056891582906246185,0.00012,0.09562701731920242,0.0
7614.0,7614.0,19.0,0.0598205141723156,0.00012,0.10117779672145844,0.0
7615.0,7615.0,19.0,0.05060720443725586,0.00012,0.13335102796554565,0.0
7616.0,7616.0,19.0,0.06849949061870575,0.00012,0.12253156304359436,0.0
7617.0,7617.0,19.0,0.05582541227340698,0.00012,0.12424807250499725,0.0
7618.0,7618.0,19.0,0.06551225483417511,0.00012,0.08747678995132446,0.0
7619.0,7619.0,19.0,0.04910801351070404,0.00012,0.1242641806602478,0.0
7620.0,7620.0,19.0,0.06171256676316261,0.00012,0.13354992866516113,0.0
7621.0,7621.0,19.0,0.05476560443639755,0.00012,0.09682263433933258,0.0
7622.0,7622.0,19.0,0.039766743779182434,0.00012,0.18385645747184753,0.0
7623.0,7623.0,19.0,0.05843380093574524,0.00012,0.12597166001796722,0.0
7624.0,7624.0,19.0,0.06030895560979843,0.00012,0.10336720198392868,0.0
7625.0,7625.0,19.0,0.0598481111228466,0.00012,0.13047663867473602,0.0
7626.0,7626.0,19.0,0.06441070139408112,0.00012,0.1542617380619049,0.0
7627.0,7627.0,19.0,0.05715194344520569,0.00012,0.0954408347606659,0.0
7628.0,7628.0,19.0,0.052897997200489044,0.00012,0.06486856192350388,0.0
7629.0,7629.0,19.0,0.06664779782295227,0.00012,0.18297794461250305,0.0
7630.0,7630.0,19.0,0.05625785142183304,0.00012,0.13750623166561127,0.0
7631.0,7631.0,19.0,0.05512185022234917,0.00012,0.14684820175170898,0.0
7632.0,7632.0,19.0,0.06555377691984177,0.00012,0.17208348214626312,0.0
7633.0,7633.0,19.0,0.04702507704496384,0.00012,0.13443715870380402,0.0
7634.0,7634.0,19.0,0.05302136763930321,0.00012,0.08957814425230026,0.0
7635.0,7635.0,19.0,0.056508250534534454,0.00012,0.1460302323102951,0.0
7636.0,7636.0,19.0,0.06066900119185448,0.00012,0.1339608132839203,0.0
7637.0,7637.0,19.0,0.06334248185157776,0.00012,0.12018834799528122,0.0
7638.0,7638.0,19.0,0.049868144094944,0.00012,0.1548222303390503,0.0
7639.0,7639.0,19.0,0.05000464618206024,0.00012,0.15758943557739258,0.0
7640.0,7640.0,19.0,0.05164670571684837,0.00012,0.17975088953971863,0.0
7641.0,7641.0,19.0,0.060999054461717606,0.00012,0.1823149472475052,0.0
7642.0,7642.0,19.0,0.05362178757786751,0.00012,0.09697232395410538,0.0
7643.0,7643.0,19.0,0.05836547166109085,0.00012,0.11287644505500793,0.0
7644.0,7644.0,19.0,0.05494997650384903,0.00012,0.16097360849380493,0.0
7645.0,7645.0,19.0,0.06300530582666397,0.00012,0.1531771421432495,0.0
7646.0,7646.0,19.0,0.07791750133037567,0.00012,0.1528298556804657,0.0
7647.0,7647.0,19.0,0.07956255972385406,0.00012,0.259212464094162,0.0
7648.0,7648.0,19.0,0.060180701315402985,0.00012,0.10478856414556503,0.0
7649.0,7649.0,19.0,0.06989572942256927,0.00012,0.22473543882369995,0.0
7650.0,7650.0,19.0,0.0437469482421875,0.00012,0.11503539234399796,0.0
7651.0,7651.0,19.0,0.06144946068525314,0.00012,0.196071594953537,0.0
7652.0,7652.0,19.0,0.04566635191440582,0.00012,0.16198265552520752,0.0
7653.0,7653.0,19.0,0.052213557064533234,0.00012,0.17665457725524902,0.0
7654.0,7654.0,19.0,0.06232418119907379,0.00012,0.11341702938079834,0.0
7655.0,7655.0,19.0,0.05186651647090912,0.00012,0.17786525189876556,0.0
7656.0,7656.0,19.0,0.07628408819437027,0.00012,0.08881980925798416,0.0
7657.0,7657.0,19.0,0.05055792257189751,0.00012,0.1684686690568924,0.0
7658.0,7658.0,19.0,0.04968888685107231,0.00012,0.13033385574817657,0.0
7659.0,7659.0,19.0,0.05105048045516014,0.00012,0.13176366686820984,0.0
7660.0,7660.0,19.0,0.06056196242570877,0.00012,0.17789018154144287,0.0
7661.0,7661.0,19.0,0.04729151725769043,0.00012,0.16509483754634857,0.0
7662.0,7662.0,19.0,0.05166319012641907,0.00012,0.14055992662906647,0.0
7663.0,7663.0,19.0,0.050784848630428314,0.00012,0.14860688149929047,0.0
7664.0,7664.0,19.0,0.05763948708772659,0.00012,0.12760384380817413,0.0
7665.0,7665.0,19.0,0.05932192876935005,0.00012,0.17513291537761688,0.0
7666.0,7666.0,19.0,0.060559071600437164,0.00012,0.13068655133247375,0.0
7667.0,7667.0,19.0,0.07345280051231384,0.00012,0.2324259728193283,0.0
7668.0,7668.0,19.0,0.0581173449754715,0.00012,0.09200875461101532,0.0
7669.0,7669.0,19.0,0.06055855378508568,0.00012,0.22191672027111053,0.0
7670.0,7670.0,19.0,0.0619446337223053,0.00012,0.0835389792919159,0.0
7671.0,7671.0,19.0,0.061856746673583984,0.00012,0.19224724173545837,0.0
7672.0,7672.0,19.0,0.061155810952186584,0.00012,0.09950705617666245,0.0
7673.0,7673.0,19.0,0.056663379073143005,0.00012,0.1400381475687027,0.0
7674.0,7674.0,19.0,0.06190941110253334,0.00012,0.15464623272418976,0.0
7675.0,7675.0,19.0,0.057318903505802155,0.00012,0.10750197619199753,0.0
7676.0,7676.0,19.0,0.0649077445268631,0.00012,0.1321573108434677,0.0
7677.0,7677.0,19.0,0.05757956579327583,0.00012,0.1250835508108139,0.0
7678.0,7678.0,19.0,0.051596499979496,0.00012,0.11161195486783981,0.0
7679.0,7679.0,19.0,0.07007135450839996,0.00012,0.10562437772750854,0.0
7680.0,7680.0,19.0,0.050064243376255035,0.00012,0.10819970071315765,0.0
7681.0,7681.0,19.0,0.053900234401226044,0.00012,0.14745640754699707,0.0
7682.0,7682.0,19.0,0.05689258873462677,0.00012,0.14099650084972382,0.0
7683.0,7683.0,19.0,0.06575414538383484,0.00012,0.19743959605693817,0.0
7684.0,7684.0,19.0,0.07235439121723175,0.00012,0.11200639605522156,0.0
7685.0,7685.0,19.0,0.07729198038578033,0.00012,0.12014714628458023,0.0
7686.0,7686.0,19.0,0.06114575266838074,0.00012,0.08476416021585464,0.0
7687.0,7687.0,19.0,0.04453052580356598,0.00012,0.11608270555734634,0.0
7688.0,7688.0,19.0,0.046825140714645386,0.00012,0.11033768206834793,0.0
7689.0,7689.0,19.0,0.04601295292377472,0.00012,0.1355516016483307,0.0
7690.0,7690.0,19.0,0.05414588004350662,0.00012,0.09689348191022873,0.0
7691.0,7691.0,19.0,0.052398838102817535,0.00012,0.06498418003320694,0.0
7692.0,7692.0,19.0,0.05800987780094147,0.00012,0.1370842605829239,0.0
7693.0,7693.0,19.0,0.05778801068663597,0.00012,0.06394710391759872,0.0
7694.0,7694.0,19.0,0.06150828301906586,0.00012,0.12993676960468292,0.0
7695.0,7695.0,19.0,0.05960262566804886,0.00012,0.12274003028869629,0.0
7696.0,7696.0,19.0,0.05594585835933685,0.00012,0.13877500593662262,0.0
7697.0,7697.0,19.0,0.05829228460788727,0.00012,0.1170540377497673,0.0
7698.0,7698.0,19.0,0.06974653899669647,0.00012,0.1292574107646942,0.0
7699.0,7699.0,19.0,0.052814289927482605,0.00012,0.12968315184116364,0.0
7700.0,7700.0,19.0,0.05558686703443527,0.00012,0.13632537424564362,0.0
7701.0,7701.0,19.0,0.0659148171544075,0.00012,0.11502879858016968,0.0
7702.0,7702.0,19.0,0.06064814329147339,0.00012,0.1856139749288559,0.0
7703.0,7703.0,19.0,0.07205446064472198,0.00012,0.10212548822164536,0.0
7704.0,7704.0,19.0,0.04920884966850281,0.00012,0.17937330901622772,0.0
7705.0,7705.0,19.0,0.04688618332147598,0.00012,0.13827216625213623,0.0
7706.0,7706.0,19.0,0.052963219583034515,0.00012,0.16700047254562378,0.0
7707.0,7707.0,19.0,0.06091281399130821,0.00012,0.1460597664117813,0.0
7708.0,7708.0,19.0,0.047212839126586914,0.00012,0.12633275985717773,0.0
7709.0,7709.0,19.0,0.07631582021713257,0.00012,0.19757944345474243,0.0
7710.0,7710.0,19.0,0.056684743613004684,0.00012,0.09420769661664963,0.0
7711.0,7711.0,19.0,0.06613380461931229,0.00012,0.2050665318965912,0.0
7712.0,7712.0,19.0,0.055221620947122574,0.00012,0.22437430918216705,0.0
7713.0,7713.0,19.0,0.05886996537446976,0.00012,0.178780660033226,0.0
7714.0,7714.0,19.0,0.056491877883672714,0.00012,0.1768433302640915,0.0
7715.0,7715.0,19.0,0.05670548975467682,0.00012,0.1705862283706665,0.0
7716.0,7716.0,19.0,0.0547492653131485,0.00012,0.1618202179670334,0.0
7717.0,7717.0,19.0,0.052683353424072266,0.00012,0.20899413526058197,0.0
7718.0,7718.0,19.0,0.053150519728660583,0.00012,0.10426872968673706,0.0
7719.0,7719.0,19.0,0.066698357462883,0.00012,0.125357523560524,0.0
7720.0,7720.0,19.0,0.05636785179376602,0.00012,0.12919428944587708,0.0
7721.0,7721.0,19.0,0.06086567044258118,0.00012,0.1833445429801941,0.0
7722.0,7722.0,19.0,0.06391379982233047,0.00012,0.14081519842147827,0.0
7723.0,7723.0,19.0,0.05772703140974045,0.00012,0.13471078872680664,0.0
7724.0,7724.0,19.0,0.05800950154662132,0.00012,0.09663912653923035,0.0
7725.0,7725.0,19.0,0.053297996520996094,0.00012,0.15533772110939026,0.0
7726.0,7726.0,19.0,0.0578966848552227,0.00012,0.14074179530143738,0.0
7727.0,7727.0,19.0,0.056393906474113464,0.00012,0.1276029348373413,0.0
7728.0,7728.0,19.0,0.04842266067862511,0.00012,0.1699637621641159,0.0
7729.0,7729.0,19.0,0.07137791067361832,0.00012,0.20139043033123016,0.0
7730.0,7730.0,19.0,0.05444127321243286,0.00012,0.13232053816318512,0.0
7731.0,7731.0,19.0,0.06085346266627312,0.00012,0.1671937108039856,0.0
7732.0,7732.0,19.0,0.05552215874195099,0.00012,0.16395333409309387,0.0
7733.0,7733.0,19.0,0.06285245716571808,0.00012,0.242653489112854,0.0
7734.0,7734.0,19.0,0.06757918000221252,0.00012,0.1458919644355774,0.0
7735.0,7735.0,19.0,0.05403195321559906,0.00012,0.19492968916893005,0.0
7736.0,7736.0,19.0,0.06959939748048782,0.00012,0.1860436201095581,0.0
7737.0,7737.0,19.0,0.04952268302440643,0.00012,0.15037532150745392,0.0
7738.0,7738.0,19.0,0.05583513528108597,0.00012,0.21555748581886292,0.0
7739.0,7739.0,19.0,0.05601397156715393,0.00012,0.0818740725517273,0.0
7740.0,7740.0,19.0,0.041788533329963684,0.00012,0.13083717226982117,0.0
7741.0,7741.0,19.0,0.06165854632854462,0.00012,0.09007719159126282,0.0
7742.0,7742.0,19.0,0.05457422882318497,0.00012,0.08741477876901627,0.0
7743.0,7743.0,19.0,0.05288800969719887,0.00012,0.05793521925806999,0.0
7744.0,7744.0,19.0,0.05729226768016815,0.00012,0.08988496661186218,0.0
7745.0,7745.0,19.0,0.05858636647462845,0.00012,0.09153871983289719,0.0
7746.0,7746.0,19.0,0.06244523078203201,0.00012,0.09007038921117783,0.0
7747.0,7747.0,19.0,0.056813500821590424,0.00012,0.10279297083616257,0.0
7748.0,7748.0,19.0,0.05737416446208954,0.00012,0.07336129248142242,0.0
7749.0,7749.0,19.0,0.042295072227716446,0.00012,0.08128900080919266,0.0
7750.0,7750.0,19.0,0.0664072036743164,0.00012,0.09278136491775513,0.0
7751.0,7751.0,19.0,0.05105455964803696,0.00012,0.15779101848602295,0.0
7752.0,7752.0,19.0,0.04788058251142502,0.00012,0.07396062463521957,0.0
7753.0,7753.0,19.0,0.059954747557640076,0.00012,0.11679960787296295,0.0
7754.0,7754.0,19.0,0.04825519397854805,0.00012,0.14582255482673645,0.0
7755.0,7755.0,19.0,0.05323430895805359,0.00012,0.09637949615716934,0.0
7756.0,7756.0,19.0,0.05127215012907982,0.00012,0.09273071587085724,0.0
7757.0,7757.0,19.0,0.06078606843948364,0.00012,0.10020441561937332,0.0
7758.0,7758.0,19.0,0.04648967459797859,0.00012,0.11730420589447021,0.0
7759.0,7759.0,19.0,0.048935841768980026,0.00012,0.13111713528633118,0.0
7760.0,7760.0,19.0,0.06383760273456573,0.00012,0.15757298469543457,0.0
7761.0,7761.0,19.0,0.06016503646969795,0.00012,0.12341231852769852,0.0
7762.0,7762.0,19.0,0.06723284721374512,0.00012,0.1399213969707489,0.0
7763.0,7763.0,19.0,0.06019527465105057,0.00012,0.14906181395053864,0.0
7764.0,7764.0,19.0,0.059162892401218414,0.00012,0.13510552048683167,0.0
7765.0,7765.0,19.0,0.05971476808190346,0.00012,0.12445042282342911,0.0
7766.0,7766.0,19.0,0.04937196522951126,0.00012,0.09695069491863251,0.0
7767.0,7767.0,19.0,0.0660509467124939,0.00012,0.1782159060239792,0.0
7768.0,7768.0,19.0,0.055340107530355453,0.00012,0.07318637520074844,0.0
7769.0,7769.0,19.0,0.06326034665107727,0.00012,0.17702044546604156,0.0
7770.0,7770.0,19.0,0.05875145643949509,0.00012,0.11706773936748505,0.0
7771.0,7771.0,19.0,0.06011917069554329,0.00012,0.116097092628479,0.0
7772.0,7772.0,19.0,0.05042380839586258,0.00012,0.10473468154668808,0.0
7773.0,7773.0,19.0,0.055124640464782715,0.00012,0.11564120650291443,0.0
7774.0,7774.0,19.0,0.055122703313827515,0.00012,0.07395186275243759,0.0
7775.0,7775.0,19.0,0.058317024260759354,0.00012,0.06889259070158005,0.0
7776.0,7776.0,19.0,0.060464538633823395,0.00012,0.06464171409606934,0.0
7777.0,7777.0,19.0,0.05806034058332443,0.00012,0.11698038130998611,0.0
7778.0,7778.0,19.0,0.0521005243062973,0.00012,0.07800190895795822,0.0
7779.0,7779.0,19.0,0.06167277321219444,0.00012,0.11829435080289841,0.0
7780.0,7780.0,19.0,0.05119224265217781,0.00012,0.10932247340679169,0.0
7781.0,7781.0,19.0,0.06094152480363846,0.00012,0.12428934127092361,0.0
7782.0,7782.0,19.0,0.07329612225294113,0.00012,0.11433678865432739,0.0
7783.0,7783.0,19.0,0.054942380636930466,0.00012,0.06372275948524475,0.0
7784.0,7784.0,19.0,0.06691591441631317,0.00012,0.13101772964000702,0.0
7785.0,7785.0,19.0,0.04513368755578995,0.00012,0.14725668728351593,0.0
7786.0,7786.0,19.0,0.0529441311955452,0.00012,0.18267332017421722,0.0
7787.0,7787.0,19.0,0.05016128346323967,0.00012,0.1068432405591011,0.0
7788.0,7788.0,19.0,0.05628756433725357,0.00012,0.20631100237369537,0.0
7789.0,7789.0,19.0,0.055370740592479706,0.00012,0.12022988498210907,0.0
7790.0,7790.0,19.0,0.06261496990919113,0.00012,0.21668612957000732,0.0
7791.0,7791.0,19.0,0.07174521684646606,0.00012,0.12153773754835129,0.0
7792.0,7792.0,19.0,0.07133227586746216,0.00012,0.20155535638332367,0.0
7793.0,7793.0,19.0,0.049792855978012085,0.00012,0.08803890645503998,0.0
7794.0,7794.0,19.0,0.05978518724441528,0.00012,0.149900421500206,0.0
7795.0,7795.0,19.0,0.057019107043743134,0.00012,0.19558106362819672,0.0
7796.0,7796.0,19.0,0.05279863625764847,0.00012,0.12197587639093399,0.0
7797.0,7797.0,19.0,0.06921248137950897,0.00012,0.15773577988147736,0.0
7798.0,7798.0,19.0,0.06042012572288513,0.00012,0.09082138538360596,0.0
7799.0,7799.0,19.0,0.06912872940301895,0.00012,0.1115003377199173,0.0
7800.0,7800.0,19.0,0.0550994873046875,0.00012,0.11557584255933762,0.0
7801.0,7801.0,20.0,0.05292798578739166,0.00012,0.08571211993694305,0.0
7802.0,7802.0,20.0,0.05615368112921715,0.00012,0.13685689866542816,0.0
7803.0,7803.0,20.0,0.058791108429431915,0.00012,0.10555814206600189,0.0
7804.0,7804.0,20.0,0.05729524418711662,0.00012,0.09532234072685242,0.0
7805.0,7805.0,20.0,0.06288940459489822,0.00012,0.11830504983663559,0.0
7806.0,7806.0,20.0,0.05197254568338394,0.00012,0.10053122788667679,0.0
7807.0,7807.0,20.0,0.05380658060312271,0.00012,0.11973229795694351,0.0
7808.0,7808.0,20.0,0.06046350300312042,0.00012,0.07701973617076874,0.0
7809.0,7809.0,20.0,0.06305587291717529,0.00012,0.09429652988910675,0.0
7810.0,7810.0,20.0,0.05326274037361145,0.00012,0.057567793875932693,0.0
7811.0,7811.0,20.0,0.04944627359509468,0.00012,0.12253831326961517,0.0
7812.0,7812.0,20.0,0.06122918426990509,0.00012,0.11750879138708115,0.0
7813.0,7813.0,20.0,0.05098529905080795,0.00012,0.07320812344551086,0.0
7814.0,7814.0,20.0,0.06771443784236908,0.00012,0.08065591007471085,0.0
7815.0,7815.0,20.0,0.055449165403842926,0.00012,0.16699466109275818,0.0
7816.0,7816.0,20.0,0.05977433919906616,0.00012,0.0833575427532196,0.0
7817.0,7817.0,20.0,0.05980340391397476,0.00012,0.17618055641651154,0.0
7818.0,7818.0,20.0,0.059604398906230927,0.00012,0.1000957041978836,0.0
7819.0,7819.0,20.0,0.05512595176696777,0.00012,0.21654608845710754,0.0
7820.0,7820.0,20.0,0.05974132940173149,0.00012,0.075400710105896,0.0
7821.0,7821.0,20.0,0.04226294904947281,0.00012,0.11946704238653183,0.0
7822.0,7822.0,20.0,0.04486214369535446,0.00012,0.1296699345111847,0.0
7823.0,7823.0,20.0,0.052063845098018646,0.00012,0.11185774207115173,0.0
7824.0,7824.0,20.0,0.05423741787672043,0.00012,0.2062646448612213,0.0
7825.0,7825.0,20.0,0.05938504636287689,0.00012,0.06059660390019417,0.0
7826.0,7826.0,20.0,0.04338380694389343,0.00012,0.2146393358707428,0.0
7827.0,7827.0,20.0,0.060158342123031616,0.00012,0.07189061492681503,0.0
7828.0,7828.0,20.0,0.05716599524021149,0.00012,0.1456233412027359,0.0
7829.0,7829.0,20.0,0.05919797718524933,0.00012,0.13525652885437012,0.0
7830.0,7830.0,20.0,0.07397016882896423,0.00012,0.07376336306333542,0.0
7831.0,7831.0,20.0,0.05657355487346649,0.00012,0.1571284830570221,0.0
7832.0,7832.0,20.0,0.05447739362716675,0.00012,0.11943749338388443,0.0
7833.0,7833.0,20.0,0.05457185208797455,0.00012,0.14871543645858765,0.0
7834.0,7834.0,20.0,0.062120817601680756,0.00012,0.14130835235118866,0.0
7835.0,7835.0,20.0,0.05364072322845459,0.00012,0.06807572394609451,0.0
7836.0,7836.0,20.0,0.05405959486961365,0.00012,0.14948289096355438,0.0
7837.0,7837.0,20.0,0.06065324693918228,0.00012,0.06302914023399353,0.0
7838.0,7838.0,20.0,0.06077580899000168,0.00012,0.12456616759300232,0.0
7839.0,7839.0,20.0,0.04371469095349312,0.00012,0.07039270550012589,0.0
7840.0,7840.0,20.0,0.06374669075012207,0.00012,0.07707148790359497,0.0
7841.0,7841.0,20.0,0.06407442688941956,0.00012,0.16033674776554108,0.0
7842.0,7842.0,20.0,0.05367594212293625,0.00012,0.14432981610298157,0.0
7843.0,7843.0,20.0,0.0625452846288681,0.00012,0.14776906371116638,0.0
7844.0,7844.0,20.0,0.0591568797826767,0.00012,0.16348104178905487,0.0
7845.0,7845.0,20.0,0.053383708000183105,0.00012,0.13036814332008362,0.0
7846.0,7846.0,20.0,0.05781516805291176,0.00012,0.12807044386863708,0.0
7847.0,7847.0,20.0,0.05721261352300644,0.00012,0.1832265853881836,0.0
7848.0,7848.0,20.0,0.05031337961554527,0.00012,0.09654099494218826,0.0
7849.0,7849.0,20.0,0.05690217763185501,0.00012,0.14464232325553894,0.0
7850.0,7850.0,20.0,0.06576133519411087,0.00012,0.10862350463867188,0.0
7851.0,7851.0,20.0,0.05721713975071907,0.00012,0.16197596490383148,0.0
7852.0,7852.0,20.0,0.06500078737735748,0.00012,0.09123010188341141,0.0
7853.0,7853.0,20.0,0.05316609889268875,0.00012,0.12014101445674896,0.0
7854.0,7854.0,20.0,0.057843536138534546,0.00012,0.11706671118736267,0.0
7855.0,7855.0,20.0,0.04717664420604706,0.00012,0.08258256316184998,0.0
7856.0,7856.0,20.0,0.05281247943639755,0.00012,0.14762593805789948,0.0
7857.0,7857.0,20.0,0.06763062626123428,0.00012,0.1319008618593216,0.0
7858.0,7858.0,20.0,0.05622163787484169,0.00012,0.10672212392091751,0.0
7859.0,7859.0,20.0,0.05300462990999222,0.00012,0.09040158987045288,0.0
7860.0,7860.0,20.0,0.07136274874210358,0.00012,0.11286970973014832,0.0
7861.0,7861.0,20.0,0.06415820866823196,0.00012,0.1343860924243927,0.0
7862.0,7862.0,20.0,0.047729723155498505,0.00012,0.11327045410871506,0.0
7863.0,7863.0,20.0,0.05646979808807373,0.00012,0.12091363221406937,0.0
7864.0,7864.0,20.0,0.07259741425514221,0.00012,0.12043803930282593,0.0
7865.0,7865.0,20.0,0.06574608385562897,0.00012,0.10884825140237808,0.0
7866.0,7866.0,20.0,0.05036643147468567,0.00012,0.1463613361120224,0.0
7867.0,7867.0,20.0,0.044676635414361954,0.00012,0.12340739369392395,0.0
7868.0,7868.0,20.0,0.05530489981174469,0.00012,0.1074691191315651,0.0
7869.0,7869.0,20.0,0.06342630088329315,0.00012,0.11435311287641525,0.0
7870.0,7870.0,20.0,0.05220069736242294,0.00012,0.11103293299674988,0.0
7871.0,7871.0,20.0,0.056537799537181854,0.00012,0.13077488541603088,0.0
7872.0,7872.0,20.0,0.05923735350370407,0.00012,0.10557655245065689,0.0
7873.0,7873.0,20.0,0.05751161277294159,0.00012,0.06071215122938156,0.0
7874.0,7874.0,20.0,0.061559610068798065,0.00012,0.14635026454925537,0.0
7875.0,7875.0,20.0,0.05414082854986191,0.00012,0.07861166447401047,0.0
7876.0,7876.0,20.0,0.06139785051345825,0.00012,0.11349610239267349,0.0
7877.0,7877.0,20.0,0.06895279884338379,0.00012,0.07765702158212662,0.0
7878.0,7878.0,20.0,0.05181547999382019,0.00012,0.12617696821689606,0.0
7879.0,7879.0,20.0,0.062134839594364166,0.00012,0.16183175146579742,0.0
7880.0,7880.0,20.0,0.04549632966518402,0.00012,0.1150769367814064,0.0
7881.0,7881.0,20.0,0.05358371511101723,0.00012,0.14192508161067963,0.0
7882.0,7882.0,20.0,0.04662877321243286,0.00012,0.11219050735235214,0.0
7883.0,7883.0,20.0,0.06416106969118118,0.00012,0.08110363036394119,0.0
7884.0,7884.0,20.0,0.0669698566198349,0.00012,0.14517152309417725,0.0
7885.0,7885.0,20.0,0.04723368585109711,0.00012,0.09945537894964218,0.0
7886.0,7886.0,20.0,0.07288820296525955,0.00012,0.09364484995603561,0.0
7887.0,7887.0,20.0,0.0438704676926136,0.00012,0.1416681408882141,0.0
7888.0,7888.0,20.0,0.06012476980686188,0.00012,0.11196883022785187,0.0
7889.0,7889.0,20.0,0.07027527689933777,0.00012,0.12848669290542603,0.0
7890.0,7890.0,20.0,0.05259250849485397,0.00012,0.1297481507062912,0.0
7891.0,7891.0,20.0,0.055514365434646606,0.00012,0.12369432300329208,0.0
7892.0,7892.0,20.0,0.07074852287769318,0.00012,0.14297343790531158,0.0
7893.0,7893.0,20.0,0.054625652730464935,0.00012,0.13287709653377533,0.0
7894.0,7894.0,20.0,0.05128379911184311,0.00012,0.12076348066329956,0.0
7895.0,7895.0,20.0,0.04548908397555351,0.00012,0.10958241671323776,0.0
7896.0,7896.0,20.0,0.042526725679636,0.00012,0.10065818578004837,0.0
7897.0,7897.0,20.0,0.047049589455127716,0.00012,0.05705156922340393,0.0
7898.0,7898.0,20.0,0.06017644703388214,0.00012,0.08795548975467682,0.0
7899.0,7899.0,20.0,0.06505656242370605,0.00012,0.09428054839372635,0.0
7900.0,7900.0,20.0,0.05771099030971527,0.00012,0.08849078416824341,0.0
7901.0,7901.0,20.0,0.06290571391582489,0.00012,0.12339238077402115,0.0
7902.0,7902.0,20.0,0.041169218719005585,0.00012,0.15158377587795258,0.0
7903.0,7903.0,20.0,0.06417884677648544,0.00012,0.07191312313079834,0.0
7904.0,7904.0,20.0,0.056863933801651,0.00012,0.10571644455194473,0.0
7905.0,7905.0,20.0,0.07278837263584137,0.00012,0.10942165553569794,0.0
7906.0,7906.0,20.0,0.05715767666697502,0.00012,0.08938528597354889,0.0
7907.0,7907.0,20.0,0.042863115668296814,0.00012,0.05275847762823105,0.0
7908.0,7908.0,20.0,0.05016618221998215,0.00012,0.21082711219787598,0.0
7909.0,7909.0,20.0,0.05304567888379097,0.00012,0.08846703171730042,0.0
7910.0,7910.0,20.0,0.07081583142280579,0.00012,0.17449721693992615,0.0
7911.0,7911.0,20.0,0.07490259408950806,0.00012,0.17523044347763062,0.0
7912.0,7912.0,20.0,0.05043136328458786,0.00012,0.1312076896429062,0.0
7913.0,7913.0,20.0,0.049751073122024536,0.00012,0.11718179285526276,0.0
7914.0,7914.0,20.0,0.06154243275523186,0.00012,0.22586260735988617,0.0
7915.0,7915.0,20.0,0.06459113955497742,0.00012,0.12298998236656189,0.0
7916.0,7916.0,20.0,0.045706555247306824,0.00012,0.23704198002815247,0.0
7917.0,7917.0,20.0,0.06533636152744293,0.00012,0.14924073219299316,0.0
7918.0,7918.0,20.0,0.062149882316589355,0.00012,0.14035578072071075,0.0
7919.0,7919.0,20.0,0.06678049266338348,0.00012,0.22793595492839813,0.0
7920.0,7920.0,20.0,0.05414581298828125,0.00012,0.08216746151447296,0.0
7921.0,7921.0,20.0,0.05283404141664505,0.00012,0.218144953250885,0.0
7922.0,7922.0,20.0,0.05049657076597214,0.00012,0.16252054274082184,0.0
7923.0,7923.0,20.0,0.05472010001540184,0.00012,0.2109432816505432,0.0
7924.0,7924.0,20.0,0.048603642731904984,0.00012,0.16554471850395203,0.0
7925.0,7925.0,20.0,0.05388989299535751,0.00012,0.19040147960186005,0.0
7926.0,7926.0,20.0,0.07478979229927063,0.00012,0.14663566648960114,0.0
7927.0,7927.0,20.0,0.04895094037055969,0.00012,0.15433911979198456,0.0
7928.0,7928.0,20.0,0.050627585500478745,0.00012,0.2318427562713623,0.0
7929.0,7929.0,20.0,0.0519067645072937,0.00012,0.10002560913562775,0.0
7930.0,7930.0,20.0,0.07740937173366547,0.00012,0.24256807565689087,0.0
7931.0,7931.0,20.0,0.053432341665029526,0.00012,0.22842741012573242,0.0
7932.0,7932.0,20.0,0.050665974617004395,0.00012,0.11705546826124191,0.0
7933.0,7933.0,20.0,0.05436921492218971,0.00012,0.18890763819217682,0.0
7934.0,7934.0,20.0,0.06024442985653877,0.00012,0.25067779421806335,0.0
7935.0,7935.0,20.0,0.06656186282634735,0.00012,0.14195381104946136,0.0
7936.0,7936.0,20.0,0.062044307589530945,0.00012,0.1877431720495224,0.0
7937.0,7937.0,20.0,0.06128423288464546,0.00012,0.1833549588918686,0.0
7938.0,7938.0,20.0,0.05863542854785919,0.00012,0.10546264797449112,0.0
7939.0,7939.0,20.0,0.06298024207353592,0.00012,0.1596096158027649,0.0
7940.0,7940.0,20.0,0.06119314581155777,0.00012,0.1654306799173355,0.0
7941.0,7941.0,20.0,0.056131407618522644,0.00012,0.10251351445913315,0.0
7942.0,7942.0,20.0,0.057460229843854904,0.00012,0.11926299333572388,0.0
7943.0,7943.0,20.0,0.06204603612422943,0.00012,0.07394804060459137,0.0
7944.0,7944.0,20.0,0.06090788543224335,0.00012,0.15259450674057007,0.0
7945.0,7945.0,20.0,0.04894760251045227,0.00012,0.1073339581489563,0.0
7946.0,7946.0,20.0,0.0539151169359684,0.00012,0.10835105925798416,0.0
7947.0,7947.0,20.0,0.043574921786785126,0.00012,0.07086952775716782,0.0
7948.0,7948.0,20.0,0.04864152893424034,0.00012,0.09573215246200562,0.0
7949.0,7949.0,20.0,0.06743825972080231,0.00012,0.10318678617477417,0.0
7950.0,7950.0,20.0,0.05784852057695389,0.00012,0.08050064742565155,0.0
7951.0,7951.0,20.0,0.06263193488121033,0.00012,0.1313970535993576,0.0
7952.0,7952.0,20.0,0.05995786562561989,0.00012,0.05909236893057823,0.0
7953.0,7953.0,20.0,0.047984302043914795,0.00012,0.1331789195537567,0.0
7954.0,7954.0,20.0,0.06265421211719513,0.00012,0.1009942889213562,0.0
7955.0,7955.0,20.0,0.04511398449540138,0.00012,0.06619960069656372,0.0
7956.0,7956.0,20.0,0.04854649677872658,0.00012,0.13366544246673584,0.0
7957.0,7957.0,20.0,0.05121544748544693,0.00012,0.061210326850414276,0.0
7958.0,7958.0,20.0,0.07267225533723831,0.00012,0.09688417613506317,0.0
7959.0,7959.0,20.0,0.0439610630273819,0.00012,0.10745517909526825,0.0
7960.0,7960.0,20.0,0.061513446271419525,0.00012,0.13868312537670135,0.0
7961.0,7961.0,20.0,0.057523541152477264,0.00012,0.08952955901622772,0.0
7962.0,7962.0,20.0,0.06584753096103668,0.00012,0.15782974660396576,0.0
7963.0,7963.0,20.0,0.06099787354469299,0.00012,0.10402623564004898,0.0
7964.0,7964.0,20.0,0.05200443044304848,0.00012,0.11281581968069077,0.0
7965.0,7965.0,20.0,0.05196850001811981,0.00012,0.1125703975558281,0.0
7966.0,7966.0,20.0,0.05867466330528259,0.00012,0.10796481370925903,0.0
7967.0,7967.0,20.0,0.05492544174194336,0.00012,0.060871317982673645,0.0
7968.0,7968.0,20.0,0.05362968146800995,0.00012,0.13387778401374817,0.0
7969.0,7969.0,20.0,0.054090097546577454,0.00012,0.08906736224889755,0.0
7970.0,7970.0,20.0,0.061505891382694244,0.00012,0.21953900158405304,0.0
7971.0,7971.0,20.0,0.052718386054039,0.00012,0.15183302760124207,0.0
7972.0,7972.0,20.0,0.05615495145320892,0.00012,0.13310092687606812,0.0
7973.0,7973.0,20.0,0.06583996117115021,0.00012,0.0763041228055954,0.0
7974.0,7974.0,20.0,0.049432143568992615,0.00012,0.1528555303812027,0.0
7975.0,7975.0,20.0,0.05252473056316376,0.00012,0.12190058082342148,0.0
7976.0,7976.0,20.0,0.05487365275621414,0.00012,0.18218182027339935,0.0
7977.0,7977.0,20.0,0.05162220075726509,0.00012,0.15381337702274323,0.0
7978.0,7978.0,20.0,0.05915416032075882,0.00012,0.15967077016830444,0.0
7979.0,7979.0,20.0,0.054939787834882736,0.00012,0.20685791969299316,0.0
7980.0,7980.0,20.0,0.05556740611791611,0.00012,0.07715590298175812,0.0
7981.0,7981.0,20.0,0.060463450849056244,0.00012,0.1756661832332611,0.0
7982.0,7982.0,20.0,0.0572611466050148,0.00012,0.1306140422821045,0.0
7983.0,7983.0,20.0,0.04970166087150574,0.00012,0.08478309959173203,0.0
7984.0,7984.0,20.0,0.07820650935173035,0.00012,0.14557620882987976,0.0
7985.0,7985.0,20.0,0.05912848189473152,0.00012,0.1269359588623047,0.0
7986.0,7986.0,20.0,0.06567289680242538,0.00012,0.10396059602499008,0.0
7987.0,7987.0,20.0,0.04746382683515549,0.00012,0.1553778201341629,0.0
7988.0,7988.0,20.0,0.050723686814308167,0.00012,0.08197328448295593,0.0
7989.0,7989.0,20.0,0.05438457801938057,0.00012,0.08056338131427765,0.0
7990.0,7990.0,20.0,0.06695818901062012,0.00012,0.08819423615932465,0.0
7991.0,7991.0,20.0,0.056920673698186874,0.00012,0.14885474741458893,0.0
7992.0,7992.0,20.0,0.06266184151172638,0.00012,0.0764457955956459,0.0
7993.0,7993.0,20.0,0.05394976586103439,0.00012,0.15675660967826843,0.0
7994.0,7994.0,20.0,0.05565918982028961,0.00012,0.08002059906721115,0.0
7995.0,7995.0,20.0,0.055460959672927856,0.00012,0.1432306468486786,0.0
7996.0,7996.0,20.0,0.04187074303627014,0.00012,0.07162570208311081,0.0
7997.0,7997.0,20.0,0.06716076284646988,0.00012,0.10879037529230118,0.0
7998.0,7998.0,20.0,0.061491165310144424,0.00012,0.07267365604639053,0.0
7999.0,7999.0,20.0,0.06240324303507805,0.00012,0.12106762081384659,0.0
8000.0,8000.0,20.0,0.05289459973573685,0.00012,0.12749071419239044,0.0
8001.0,8001.0,20.0,0.054349202662706375,0.00012,0.0696016177535057,0.0
8002.0,8002.0,20.0,0.049824267625808716,0.00012,0.15940946340560913,0.0
8003.0,8003.0,20.0,0.05740421265363693,0.00012,0.06588169187307358,0.0
8004.0,8004.0,20.0,0.06959038972854614,0.00012,0.11101450026035309,0.0
8005.0,8005.0,20.0,0.0530230738222599,0.00012,0.15855199098587036,0.0
8006.0,8006.0,20.0,0.06726287305355072,0.00012,0.0834512859582901,0.0
8007.0,8007.0,20.0,0.05767541006207466,0.00012,0.19445224106311798,0.0
8008.0,8008.0,20.0,0.0641155019402504,0.00012,0.09400820732116699,0.0
8009.0,8009.0,20.0,0.05991107225418091,0.00012,0.17773771286010742,0.0
8010.0,8010.0,20.0,0.059894416481256485,0.00012,0.16222433745861053,0.0
8011.0,8011.0,20.0,0.06187564879655838,0.00012,0.1062774509191513,0.0
8012.0,8012.0,20.0,0.05662088096141815,0.00012,0.19228602945804596,0.0
8013.0,8013.0,20.0,0.05563715845346451,0.00012,0.10108049213886261,0.0
8014.0,8014.0,20.0,0.07066065073013306,0.00012,0.17141953110694885,0.0
8015.0,8015.0,20.0,0.06068834289908409,0.00012,0.09285013377666473,0.0
8016.0,8016.0,20.0,0.04412978142499924,0.00012,0.1408693790435791,0.0
8017.0,8017.0,20.0,0.05711009353399277,0.00012,0.18886317312717438,0.0
8018.0,8018.0,20.0,0.07124781608581543,0.00012,0.1015361100435257,0.0
8019.0,8019.0,20.0,0.0515599362552166,0.00012,0.18993639945983887,0.0
8020.0,8020.0,20.0,0.04701375216245651,0.00012,0.05213954299688339,0.0
8021.0,8021.0,20.0,0.05887766182422638,0.00012,0.10185003280639648,0.0
8022.0,8022.0,20.0,0.05768775939941406,0.00012,0.11928648501634598,0.0
8023.0,8023.0,20.0,0.05938516557216644,0.00012,0.07420258224010468,0.0
8024.0,8024.0,20.0,0.052080489695072174,0.00012,0.07050134241580963,0.0
8025.0,8025.0,20.0,0.05227062851190567,0.00012,0.11788001656532288,0.0
8026.0,8026.0,20.0,0.0519251711666584,0.00012,0.13114196062088013,0.0
8027.0,8027.0,20.0,0.07389932870864868,0.00012,0.08183670789003372,0.0
8028.0,8028.0,20.0,0.04687252640724182,0.00012,0.058620937168598175,0.0
8029.0,8029.0,20.0,0.07292897999286652,0.00012,0.14062295854091644,0.0
8030.0,8030.0,20.0,0.05490954965353012,0.00012,0.0606992244720459,0.0
8031.0,8031.0,20.0,0.058092862367630005,0.00012,0.07637245953083038,0.0
8032.0,8032.0,20.0,0.03894303739070892,0.00012,0.08624851703643799,0.0
8033.0,8033.0,20.0,0.05015099048614502,0.00012,0.05803067609667778,0.0
8034.0,8034.0,20.0,0.05355008319020271,0.00012,0.05725935846567154,0.0
8035.0,8035.0,20.0,0.05181445926427841,0.00012,0.05855827033519745,0.0
8036.0,8036.0,20.0,0.06467249989509583,0.00012,0.12764284014701843,0.0
8037.0,8037.0,20.0,0.054104745388031006,0.00012,0.08825211971998215,0.0
8038.0,8038.0,20.0,0.05385102704167366,0.00012,0.11568394303321838,0.0
8039.0,8039.0,20.0,0.06400978565216064,0.00012,0.07460009306669235,0.0
8040.0,8040.0,20.0,0.06355449557304382,0.00012,0.06407272815704346,0.0
8041.0,8041.0,20.0,0.039642732590436935,0.00012,0.1608705371618271,0.0
8042.0,8042.0,20.0,0.06354714930057526,0.00012,0.09636329859495163,0.0
8043.0,8043.0,20.0,0.057291846722364426,0.00012,0.18046770989894867,0.0
8044.0,8044.0,20.0,0.06016453728079796,0.00012,0.07649709284305573,0.0
8045.0,8045.0,20.0,0.07166095823049545,0.00012,0.15646885335445404,0.0
8046.0,8046.0,20.0,0.045096781104803085,0.00012,0.17089971899986267,0.0
8047.0,8047.0,20.0,0.058206211775541306,0.00012,0.17966534197330475,0.0
8048.0,8048.0,20.0,0.05173620954155922,0.00012,0.15067926049232483,0.0
8049.0,8049.0,20.0,0.05746481567621231,0.00012,0.23644433915615082,0.0
8050.0,8050.0,20.0,0.06260713189840317,0.00012,0.09704327583312988,0.0
8051.0,8051.0,20.0,0.057914845645427704,0.00012,0.15332527458667755,0.0
8052.0,8052.0,20.0,0.06531230360269547,0.00012,0.11751071363687515,0.0
8053.0,8053.0,20.0,0.05357300490140915,0.00012,0.08444631844758987,0.0
8054.0,8054.0,20.0,0.05269651114940643,0.00012,0.17686648666858673,0.0
8055.0,8055.0,20.0,0.06384746730327606,0.00012,0.10788403451442719,0.0
8056.0,8056.0,20.0,0.060294341295957565,0.00012,0.10676509886980057,0.0
8057.0,8057.0,20.0,0.05239756405353546,0.00012,0.0974126011133194,0.0
8058.0,8058.0,20.0,0.06755396723747253,0.00012,0.11336418986320496,0.0
8059.0,8059.0,20.0,0.05854189395904541,0.00012,0.15212728083133698,0.0
8060.0,8060.0,20.0,0.058423057198524475,0.00012,0.12067317217588425,0.0
8061.0,8061.0,20.0,0.0635756328701973,0.00012,0.17564000189304352,0.0
8062.0,8062.0,20.0,0.06417383998632431,0.00012,0.10402882844209671,0.0
8063.0,8063.0,20.0,0.07333145290613174,0.00012,0.16518273949623108,0.0
8064.0,8064.0,20.0,0.05310917645692825,0.00012,0.09436505287885666,0.0
8065.0,8065.0,20.0,0.052126117050647736,0.00012,0.1431639939546585,0.0
8066.0,8066.0,20.0,0.06879021227359772,0.00012,0.09086118638515472,0.0
8067.0,8067.0,20.0,0.065941721200943,0.00012,0.14886024594306946,0.0
8068.0,8068.0,20.0,0.05865316838026047,0.00012,0.08673898130655289,0.0
8069.0,8069.0,20.0,0.055754080414772034,0.00012,0.08827153593301773,0.0
8070.0,8070.0,20.0,0.06027838587760925,0.00012,0.07958569377660751,0.0
8071.0,8071.0,20.0,0.07595480233430862,0.00012,0.08547971397638321,0.0
8072.0,8072.0,20.0,0.049875106662511826,0.00012,0.07686425000429153,0.0
8073.0,8073.0,20.0,0.0658913105726242,0.00012,0.10056235641241074,0.0
8074.0,8074.0,20.0,0.06256037205457687,0.00012,0.09685485810041428,0.0
8075.0,8075.0,20.0,0.06137334927916527,0.00012,0.08755100518465042,0.0
8076.0,8076.0,20.0,0.06540226936340332,0.00012,0.08622211962938309,0.0
8077.0,8077.0,20.0,0.05550138279795647,0.00012,0.1416136771440506,0.0
8078.0,8078.0,20.0,0.06861920654773712,0.00012,0.09110041707754135,0.0
8079.0,8079.0,20.0,0.06258848309516907,0.00012,0.11763251572847366,0.0
8080.0,8080.0,20.0,0.055348485708236694,0.00012,0.1066853478550911,0.0
8081.0,8081.0,20.0,0.05809624865651131,0.00012,0.10909155756235123,0.0
8082.0,8082.0,20.0,0.08035728335380554,0.00012,0.14899691939353943,0.0
8083.0,8083.0,20.0,0.057066261768341064,0.00012,0.15280874073505402,0.0
8084.0,8084.0,20.0,0.06780729442834854,0.00012,0.08287159353494644,0.0
8085.0,8085.0,20.0,0.0593288354575634,0.00012,0.14122067391872406,0.0
8086.0,8086.0,20.0,0.06838555634021759,0.00012,0.11114954948425293,0.0
8087.0,8087.0,20.0,0.061947740614414215,0.00012,0.11330445110797882,0.0
8088.0,8088.0,20.0,0.049806997179985046,0.00012,0.1292332261800766,0.0
8089.0,8089.0,20.0,0.06991689652204514,0.00012,0.15727178752422333,0.0
8090.0,8090.0,20.0,0.05080917477607727,0.00012,0.08604121953248978,0.0
8091.0,8091.0,20.0,0.06525647640228271,0.00012,0.1805775761604309,0.0
8092.0,8092.0,20.0,0.05991310998797417,0.00012,0.13672862946987152,0.0
8093.0,8093.0,20.0,0.0485873743891716,0.00012,0.15124580264091492,0.0
8094.0,8094.0,20.0,0.0531059205532074,0.00012,0.09762018918991089,0.0
8095.0,8095.0,20.0,0.05743720754981041,0.00012,0.15642134845256805,0.0
8096.0,8096.0,20.0,0.07000462710857391,0.00012,0.13518768548965454,0.0
8097.0,8097.0,20.0,0.06835117191076279,0.00012,0.198753222823143,0.0
8098.0,8098.0,20.0,0.0666409581899643,0.00012,0.19704584777355194,0.0
8099.0,8099.0,20.0,0.0616907924413681,0.00012,0.11444206535816193,0.0
8100.0,8100.0,20.0,0.06609420478343964,0.00012,0.20507067441940308,0.0
8101.0,8101.0,20.0,0.059319041669368744,0.00012,0.05280345305800438,0.0
8102.0,8102.0,20.0,0.06653416901826859,0.00012,0.16573606431484222,0.0
8103.0,8103.0,20.0,0.0658082589507103,0.00012,0.12970547378063202,0.0
8104.0,8104.0,20.0,0.05559764429926872,0.00012,0.1677296757698059,0.0
8105.0,8105.0,20.0,0.07498674094676971,0.00012,0.19540062546730042,0.0
8106.0,8106.0,20.0,0.052964694797992706,0.00012,0.1268523782491684,0.0
8107.0,8107.0,20.0,0.04623846337199211,0.00012,0.15215224027633667,0.0
8108.0,8108.0,20.0,0.06523027271032333,0.00012,0.14873948693275452,0.0
8109.0,8109.0,20.0,0.05766613781452179,0.00012,0.11690521240234375,0.0
8110.0,8110.0,20.0,0.05314800143241882,0.00012,0.14336587488651276,0.0
8111.0,8111.0,20.0,0.057647306472063065,0.00012,0.0844474732875824,0.0
8112.0,8112.0,20.0,0.049705252051353455,0.00012,0.09245094656944275,0.0
8113.0,8113.0,20.0,0.05791175737977028,0.00012,0.10255401581525803,0.0
8114.0,8114.0,20.0,0.06720244884490967,0.00012,0.09716904908418655,0.0
8115.0,8115.0,20.0,0.05076704919338226,0.00012,0.15581338107585907,0.0
8116.0,8116.0,20.0,0.061789482831954956,0.00012,0.12034551799297333,0.0
8117.0,8117.0,20.0,0.06636802852153778,0.00012,0.1512598842382431,0.0
8118.0,8118.0,20.0,0.06064162403345108,0.00012,0.14748583734035492,0.0
8119.0,8119.0,20.0,0.05640288442373276,0.00012,0.12578539550304413,0.0
8120.0,8120.0,20.0,0.04763224348425865,0.00012,0.14650790393352509,0.0
8121.0,8121.0,20.0,0.05209622532129288,0.00012,0.13161633908748627,0.0
8122.0,8122.0,20.0,0.05832171440124512,0.00012,0.18708816170692444,0.0
8123.0,8123.0,20.0,0.05791667103767395,0.00012,0.09154610335826874,0.0
8124.0,8124.0,20.0,0.06471236795186996,0.00012,0.16129787266254425,0.0
8125.0,8125.0,20.0,0.05533546954393387,0.00012,0.10401614755392075,0.0
8126.0,8126.0,20.0,0.07293710112571716,0.00012,0.0722273513674736,0.0
8127.0,8127.0,20.0,0.0646502897143364,0.00012,0.07907461374998093,0.0
8128.0,8128.0,20.0,0.068193219602108,0.00012,0.14202825725078583,0.0
8129.0,8129.0,20.0,0.07284125685691833,0.00012,0.08004040271043777,0.0
8130.0,8130.0,20.0,0.04427623376250267,0.00012,0.14935757219791412,0.0
8131.0,8131.0,20.0,0.05224316567182541,0.00012,0.08303122222423553,0.0
8132.0,8132.0,20.0,0.05719837173819542,0.00012,0.1004883274435997,0.0
8133.0,8133.0,20.0,0.053996700793504715,0.00012,0.13865521550178528,0.0
8134.0,8134.0,20.0,0.06197933480143547,0.00012,0.08234666287899017,0.0
8135.0,8135.0,20.0,0.06896620988845825,0.00012,0.1311464160680771,0.0
8136.0,8136.0,20.0,0.05247647315263748,0.00012,0.12318959087133408,0.0
8137.0,8137.0,20.0,0.05937874689698219,0.00012,0.10147105902433395,0.0
8138.0,8138.0,20.0,0.05842582508921623,0.00012,0.08441860228776932,0.0
8139.0,8139.0,20.0,0.06165364384651184,0.00012,0.11484365910291672,0.0
8140.0,8140.0,20.0,0.06404027342796326,0.00012,0.1386657953262329,0.0
8141.0,8141.0,20.0,0.05019566789269447,0.00012,0.05567841976881027,0.0
8142.0,8142.0,20.0,0.05037817358970642,0.00012,0.1284761130809784,0.0
8143.0,8143.0,20.0,0.05825874209403992,0.00012,0.13146908581256866,0.0
8144.0,8144.0,20.0,0.05139325559139252,0.00012,0.07540614902973175,0.0
8145.0,8145.0,20.0,0.05293155834078789,0.00012,0.11170663684606552,0.0
8146.0,8146.0,20.0,0.05431018024682999,0.00012,0.06067910045385361,0.0
8147.0,8147.0,20.0,0.0591094046831131,0.00012,0.10485954582691193,0.0
8148.0,8148.0,20.0,0.055289048701524734,0.00012,0.11679884046316147,0.0
8149.0,8149.0,20.0,0.052261561155319214,0.00012,0.08892949670553207,0.0
8150.0,8150.0,20.0,0.06315039843320847,0.00012,0.0927928015589714,0.0
8151.0,8151.0,20.0,0.04489167034626007,0.00012,0.09521698951721191,0.0
8152.0,8152.0,20.0,0.05812392383813858,0.00012,0.06763003766536713,0.0
8153.0,8153.0,20.0,0.05587761476635933,0.00012,0.07791287451982498,0.0
8154.0,8154.0,20.0,0.057721205055713654,0.00012,0.06049179285764694,0.0
8155.0,8155.0,20.0,0.06103459373116493,0.00012,0.06015189737081528,0.0
8156.0,8156.0,20.0,0.045168790966272354,0.00012,0.09154202789068222,0.0
8157.0,8157.0,20.0,0.04983026906847954,0.00012,0.09700440615415573,0.0
8158.0,8158.0,20.0,0.049804747104644775,0.00012,0.14991778135299683,0.0
8159.0,8159.0,20.0,0.06072969734668732,0.00012,0.10266610234975815,0.0
8160.0,8160.0,20.0,0.08241504430770874,0.00012,0.129863440990448,0.0
8161.0,8161.0,20.0,0.056129198521375656,0.00012,0.15541647374629974,0.0
8162.0,8162.0,20.0,0.05378367379307747,0.00012,0.09036773443222046,0.0
8163.0,8163.0,20.0,0.059970393776893616,0.00012,0.2237205058336258,0.0
8164.0,8164.0,20.0,0.06187380105257034,0.00012,0.11483639478683472,0.0
8165.0,8165.0,20.0,0.051432713866233826,0.00012,0.18276065587997437,0.0
8166.0,8166.0,20.0,0.06932628154754639,0.00012,0.07100450992584229,0.0
8167.0,8167.0,20.0,0.060310669243335724,0.00012,0.16768282651901245,0.0
8168.0,8168.0,20.0,0.05737913399934769,0.00012,0.0723114088177681,0.0
8169.0,8169.0,20.0,0.06354478001594543,0.00012,0.1707393378019333,0.0
8170.0,8170.0,20.0,0.05749230831861496,0.00012,0.11415743827819824,0.0
8171.0,8171.0,20.0,0.05046633630990982,0.00012,0.14661163091659546,0.0
8172.0,8172.0,20.0,0.06937681138515472,0.00012,0.12387637048959732,0.0
8173.0,8173.0,20.0,0.046899449080228806,0.00012,0.0744931772351265,0.0
8174.0,8174.0,20.0,0.05938023701310158,0.00012,0.15312260389328003,0.0
8175.0,8175.0,20.0,0.05459561198949814,0.00012,0.04731808975338936,0.0
8176.0,8176.0,20.0,0.0638255923986435,0.00012,0.13092558085918427,0.0
8177.0,8177.0,20.0,0.05469107627868652,0.00012,0.0900506004691124,0.0
8178.0,8178.0,20.0,0.06481799483299255,0.00012,0.11971431225538254,0.0
8179.0,8179.0,20.0,0.06402178108692169,0.00012,0.1529848426580429,0.0
8180.0,8180.0,20.0,0.050407540053129196,0.00012,0.1141551062464714,0.0
8181.0,8181.0,20.0,0.0661032646894455,0.00012,0.1499660611152649,0.0
8182.0,8182.0,20.0,0.04608439654111862,0.00012,0.08550962805747986,0.0
8183.0,8183.0,20.0,0.07256284356117249,0.00012,0.14949393272399902,0.0
8184.0,8184.0,20.0,0.07349300384521484,0.00012,0.1580766886472702,0.0
8185.0,8185.0,20.0,0.0541282556951046,0.00012,0.20159804821014404,0.0
8186.0,8186.0,20.0,0.0595259815454483,0.00012,0.05971922725439072,0.0
8187.0,8187.0,20.0,0.055141352117061615,0.00012,0.19982168078422546,0.0
8188.0,8188.0,20.0,0.07132923603057861,0.00012,0.17819134891033173,0.0
8189.0,8189.0,20.0,0.05738271027803421,0.00012,0.17338068783283234,0.0
8190.0,8190.0,20.0,0.056313857436180115,0.00012,0.1537313610315323,0.0
8191.0,8191.0,21.0,0.05334050953388214,0.00012,0.20288658142089844,0.0
8192.0,8192.0,21.0,0.06331715732812881,0.00012,0.13219748437404633,0.0
8193.0,8193.0,21.0,0.05013829469680786,0.00012,0.2276066392660141,0.0
8194.0,8194.0,21.0,0.05072005093097687,0.00012,0.06390658020973206,0.0
8195.0,8195.0,21.0,0.05879214033484459,0.00012,0.14812277257442474,0.0
8196.0,8196.0,21.0,0.051637597382068634,0.00012,0.11916355043649673,0.0
8197.0,8197.0,21.0,0.04042751342058182,0.00012,0.18664799630641937,0.0
8198.0,8198.0,21.0,0.05603130906820297,0.00012,0.09765642136335373,0.0
8199.0,8199.0,21.0,0.04932014271616936,0.00012,0.08962640166282654,0.0
8200.0,8200.0,21.0,0.055151764303445816,0.00012,0.12026504427194595,0.0
8201.0,8201.0,21.0,0.04655248299241066,0.00012,0.10735975950956345,0.0
8202.0,8202.0,21.0,0.06274542212486267,0.00012,0.15348991751670837,0.0
8203.0,8203.0,21.0,0.06451520323753357,0.00012,0.11576399952173233,0.0
8204.0,8204.0,21.0,0.05401865765452385,0.00012,0.09012190997600555,0.0
8205.0,8205.0,21.0,0.0700165331363678,0.00012,0.17376574873924255,0.0
8206.0,8206.0,21.0,0.048731543123722076,0.00012,0.12467150390148163,0.0
8207.0,8207.0,21.0,0.050791893154382706,0.00012,0.17711907625198364,0.0
8208.0,8208.0,21.0,0.05691004544496536,0.00012,0.14678330719470978,0.0
8209.0,8209.0,21.0,0.05249479413032532,0.00012,0.14731277525424957,0.0
8210.0,8210.0,21.0,0.06340275704860687,0.00012,0.06563620269298553,0.0
8211.0,8211.0,21.0,0.06437722593545914,0.00012,0.08985795825719833,0.0
8212.0,8212.0,21.0,0.05785953253507614,0.00012,0.13210275769233704,0.0
8213.0,8213.0,21.0,0.06586869806051254,0.00012,0.10701651871204376,0.0
8214.0,8214.0,21.0,0.05381487309932709,0.00012,0.0601959228515625,0.0
8215.0,8215.0,21.0,0.07370276004076004,0.00012,0.20434312522411346,0.0
8216.0,8216.0,21.0,0.05747561901807785,0.00012,0.08252256363630295,0.0
8217.0,8217.0,21.0,0.05631161481142044,0.00012,0.1731092780828476,0.0
8218.0,8218.0,21.0,0.05318837612867355,0.00012,0.1476966142654419,0.0
8219.0,8219.0,21.0,0.05651970952749252,0.00012,0.1734706312417984,0.0
8220.0,8220.0,21.0,0.049160175025463104,0.00012,0.09293476492166519,0.0
8221.0,8221.0,21.0,0.054091330617666245,0.00012,0.10521600395441055,0.0
8222.0,8222.0,21.0,0.052512481808662415,0.00012,0.0936068519949913,0.0
8223.0,8223.0,21.0,0.06677383929491043,0.00012,0.15449784696102142,0.0
8224.0,8224.0,21.0,0.06349121034145355,0.00012,0.10832159221172333,0.0
8225.0,8225.0,21.0,0.044021591544151306,0.00012,0.09975630789995193,0.0
8226.0,8226.0,21.0,0.05902467295527458,0.00012,0.12801845371723175,0.0
8227.0,8227.0,21.0,0.05923421308398247,0.00012,0.08314060419797897,0.0
8228.0,8228.0,21.0,0.054233454167842865,0.00012,0.12297852337360382,0.0
8229.0,8229.0,21.0,0.06650439649820328,0.00012,0.14502228796482086,0.0
8230.0,8230.0,21.0,0.05710099637508392,0.00012,0.148020938038826,0.0
8231.0,8231.0,21.0,0.05005791410803795,0.00012,0.058076564222574234,0.0
8232.0,8232.0,21.0,0.08239567279815674,0.00012,0.18882381916046143,0.0
8233.0,8233.0,21.0,0.05673791095614433,0.00012,0.07500003278255463,0.0
8234.0,8234.0,21.0,0.059918154031038284,0.00012,0.1859923154115677,0.0
8235.0,8235.0,21.0,0.06947162002325058,0.00012,0.10334751754999161,0.0
8236.0,8236.0,21.0,0.054709769785404205,0.00012,0.15745176374912262,0.0
8237.0,8237.0,21.0,0.058000918477773666,0.00012,0.09506329149007797,0.0
8238.0,8238.0,21.0,0.05378486216068268,0.00012,0.12611259520053864,0.0
8239.0,8239.0,21.0,0.06780703365802765,0.00012,0.12949131429195404,0.0
8240.0,8240.0,21.0,0.06453506648540497,0.00012,0.18463565409183502,0.0
8241.0,8241.0,21.0,0.05869928374886513,0.00012,0.11812404543161392,0.0
8242.0,8242.0,21.0,0.06478670239448547,0.00012,0.16306614875793457,0.0
8243.0,8243.0,21.0,0.04678543657064438,0.00012,0.14605993032455444,0.0
8244.0,8244.0,21.0,0.04752490296959877,0.00012,0.2021772861480713,0.0
8245.0,8245.0,21.0,0.05381331592798233,0.00012,0.1170506477355957,0.0
8246.0,8246.0,21.0,0.0595976896584034,0.00012,0.16490179300308228,0.0
8247.0,8247.0,21.0,0.06199057027697563,0.00012,0.13767124712467194,0.0
8248.0,8248.0,21.0,0.0497027188539505,0.00012,0.12435479462146759,0.0
8249.0,8249.0,21.0,0.06064595654606819,0.00012,0.1640201359987259,0.0
8250.0,8250.0,21.0,0.04216254502534866,0.00012,0.10772588104009628,0.0
8251.0,8251.0,21.0,0.054313164204359055,0.00012,0.20140323042869568,0.0
8252.0,8252.0,21.0,0.06702529639005661,0.00012,0.15766987204551697,0.0
8253.0,8253.0,21.0,0.0572953037917614,0.00012,0.1534404456615448,0.0
8254.0,8254.0,21.0,0.052330132573843,0.00012,0.2050599306821823,0.0
8255.0,8255.0,21.0,0.053251758217811584,0.00012,0.06713443994522095,0.0
8256.0,8256.0,21.0,0.06691254675388336,0.00012,0.18669168651103973,0.0
8257.0,8257.0,21.0,0.05520865321159363,0.00012,0.10163380205631256,0.0
8258.0,8258.0,21.0,0.055183202028274536,0.00012,0.07536499202251434,0.0
8259.0,8259.0,21.0,0.05356433987617493,0.00012,0.18279270827770233,0.0
8260.0,8260.0,21.0,0.052117254585027695,0.00012,0.09833981841802597,0.0
8261.0,8261.0,21.0,0.053070954978466034,0.00012,0.12456678599119186,0.0
8262.0,8262.0,21.0,0.07953795790672302,0.00012,0.23468944430351257,0.0
8263.0,8263.0,21.0,0.058135710656642914,0.00012,0.06012140214443207,0.0
8264.0,8264.0,21.0,0.044751062989234924,0.00012,0.2009936422109604,0.0
8265.0,8265.0,21.0,0.05035480856895447,0.00012,0.17178508639335632,0.0
8266.0,8266.0,21.0,0.05807427316904068,0.00012,0.10394733399152756,0.0
8267.0,8267.0,21.0,0.0642942488193512,0.00012,0.10445726662874222,0.0
8268.0,8268.0,21.0,0.06176895648241043,0.00012,0.12095257639884949,0.0
8269.0,8269.0,21.0,0.04895348846912384,0.00012,0.08227916061878204,0.0
8270.0,8270.0,21.0,0.06499232351779938,0.00012,0.13274209201335907,0.0
8271.0,8271.0,21.0,0.06870816648006439,0.00012,0.09007728099822998,0.0
8272.0,8272.0,21.0,0.06561055779457092,0.00012,0.08368220925331116,0.0
8273.0,8273.0,21.0,0.0659709945321083,0.00012,0.14167553186416626,0.0
8274.0,8274.0,21.0,0.05577411502599716,0.00012,0.11909830570220947,0.0
8275.0,8275.0,21.0,0.051921382546424866,0.00012,0.08006034791469574,0.0
8276.0,8276.0,21.0,0.0624387264251709,0.00012,0.15946421027183533,0.0
8277.0,8277.0,21.0,0.06007279083132744,0.00012,0.12210503220558167,0.0
8278.0,8278.0,21.0,0.05069738253951073,0.00012,0.11828386783599854,0.0
8279.0,8279.0,21.0,0.05105825141072273,0.00012,0.16532960534095764,0.0
8280.0,8280.0,21.0,0.05944126844406128,0.00012,0.09480492770671844,0.0
8281.0,8281.0,21.0,0.0687432661652565,0.00012,0.16378170251846313,0.0
8282.0,8282.0,21.0,0.06028226017951965,0.00012,0.13162550330162048,0.0
8283.0,8283.0,21.0,0.06152753531932831,0.00012,0.09540843963623047,0.0
8284.0,8284.0,21.0,0.04596395418047905,0.00012,0.15823188424110413,0.0
8285.0,8285.0,21.0,0.07339683175086975,0.00012,0.12544400990009308,0.0
8286.0,8286.0,21.0,0.05881953611969948,0.00012,0.18193086981773376,0.0
8287.0,8287.0,21.0,0.043535590171813965,0.00012,0.11488932371139526,0.0
8288.0,8288.0,21.0,0.07745691388845444,0.00012,0.1963062435388565,0.0
8289.0,8289.0,21.0,0.050506919622421265,0.00012,0.09977160394191742,0.0
8290.0,8290.0,21.0,0.057627663016319275,0.00012,0.1552826166152954,0.0
8291.0,8291.0,21.0,0.0676737129688263,0.00012,0.198196679353714,0.0
8292.0,8292.0,21.0,0.05791322886943817,0.00012,0.13952596485614777,0.0
8293.0,8293.0,21.0,0.05997612327337265,0.00012,0.1659357249736786,0.0
8294.0,8294.0,21.0,0.05849451944231987,0.00012,0.07060234248638153,0.0
8295.0,8295.0,21.0,0.05645052343606949,0.00012,0.18921074271202087,0.0
8296.0,8296.0,21.0,0.060124170035123825,0.00012,0.18441206216812134,0.0
8297.0,8297.0,21.0,0.052120719105005264,0.00012,0.1580216884613037,0.0
8298.0,8298.0,21.0,0.0582192987203598,0.00012,0.19202789664268494,0.0
8299.0,8299.0,21.0,0.0668046623468399,0.00012,0.1354461908340454,0.0
8300.0,8300.0,21.0,0.054963696748018265,0.00012,0.10741673409938812,0.0
8301.0,8301.0,21.0,0.07473953068256378,0.00012,0.23346608877182007,0.0
8302.0,8302.0,21.0,0.06876110285520554,0.00012,0.09058858454227448,0.0
8303.0,8303.0,21.0,0.052323661744594574,0.00012,0.19303379952907562,0.0
8304.0,8304.0,21.0,0.06824053078889847,0.00012,0.09763768315315247,0.0
8305.0,8305.0,21.0,0.05856718868017197,0.00012,0.18373985588550568,0.0
8306.0,8306.0,21.0,0.05878261476755142,0.00012,0.0933673158288002,0.0
8307.0,8307.0,21.0,0.05416690558195114,0.00012,0.13761068880558014,0.0
8308.0,8308.0,21.0,0.05162961781024933,0.00012,0.11804236471652985,0.0
8309.0,8309.0,21.0,0.05921053886413574,0.00012,0.10864896327257156,0.0
8310.0,8310.0,21.0,0.06459280103445053,0.00012,0.15162000060081482,0.0
8311.0,8311.0,21.0,0.052708353847265244,0.00012,0.10112923383712769,0.0
8312.0,8312.0,21.0,0.0707072764635086,0.00012,0.14977183938026428,0.0
8313.0,8313.0,21.0,0.04912089556455612,0.00012,0.09883458912372589,0.0
8314.0,8314.0,21.0,0.07065394520759583,0.00012,0.15362176299095154,0.0
8315.0,8315.0,21.0,0.04818620905280113,0.00012,0.15829290449619293,0.0
8316.0,8316.0,21.0,0.05239776521921158,0.00012,0.19967450201511383,0.0
8317.0,8317.0,21.0,0.07381651550531387,0.00012,0.1842208206653595,0.0
8318.0,8318.0,21.0,0.050610240548849106,0.00012,0.1308077573776245,0.0
8319.0,8319.0,21.0,0.06083059683442116,0.00012,0.16061441600322723,0.0
8320.0,8320.0,21.0,0.05632881820201874,0.00012,0.12410227954387665,0.0
8321.0,8321.0,21.0,0.06986499577760696,0.00012,0.13670958578586578,0.0
8322.0,8322.0,21.0,0.05825931578874588,0.00012,0.07578461617231369,0.0
8323.0,8323.0,21.0,0.05849102884531021,0.00012,0.11530853807926178,0.0
8324.0,8324.0,21.0,0.06382635235786438,0.00012,0.07667382806539536,0.0
8325.0,8325.0,21.0,0.049658723175525665,0.00012,0.05734750255942345,0.0
8326.0,8326.0,21.0,0.05383511632680893,0.00012,0.13334131240844727,0.0
8327.0,8327.0,21.0,0.050586048513650894,0.00012,0.11244560033082962,0.0
8328.0,8328.0,21.0,0.05771063268184662,0.00012,0.07954786717891693,0.0
8329.0,8329.0,21.0,0.05913323909044266,0.00012,0.10885918885469437,0.0
8330.0,8330.0,21.0,0.05643485486507416,0.00012,0.052526816725730896,0.0
8331.0,8331.0,21.0,0.056880250573158264,0.00012,0.08233735710382462,0.0
8332.0,8332.0,21.0,0.05440054088830948,0.00012,0.06213517114520073,0.0
8333.0,8333.0,21.0,0.05000344663858414,0.00012,0.09585309773683548,0.0
8334.0,8334.0,21.0,0.058858804404735565,0.00012,0.07861165702342987,0.0
8335.0,8335.0,21.0,0.04942973703145981,0.00012,0.1041732206940651,0.0
8336.0,8336.0,21.0,0.049676667898893356,0.00012,0.05227828398346901,0.0
8337.0,8337.0,21.0,0.057186901569366455,0.00012,0.09545891731977463,0.0
8338.0,8338.0,21.0,0.060625333338975906,0.00012,0.09933783859014511,0.0
8339.0,8339.0,21.0,0.05571998655796051,0.00012,0.08712298423051834,0.0
8340.0,8340.0,21.0,0.044504981487989426,0.00012,0.1467864215373993,0.0
8341.0,8341.0,21.0,0.051923271268606186,0.00012,0.08962450921535492,0.0
8342.0,8342.0,21.0,0.06688468903303146,0.00012,0.14278732240200043,0.0
8343.0,8343.0,21.0,0.06302818655967712,0.00012,0.10661628097295761,0.0
8344.0,8344.0,21.0,0.06029360368847847,0.00012,0.1066114529967308,0.0
8345.0,8345.0,21.0,0.055931661278009415,0.00012,0.15815193951129913,0.0
8346.0,8346.0,21.0,0.060693249106407166,0.00012,0.07471103966236115,0.0
8347.0,8347.0,21.0,0.05241220444440842,0.00012,0.16382209956645966,0.0
8348.0,8348.0,21.0,0.0590471588075161,0.00012,0.10324244946241379,0.0
8349.0,8349.0,21.0,0.05215650796890259,0.00012,0.1065714880824089,0.0
8350.0,8350.0,21.0,0.05508986860513687,0.00012,0.08253708481788635,0.0
8351.0,8351.0,21.0,0.05917578190565109,0.00012,0.12137462198734283,0.0
8352.0,8352.0,21.0,0.06334753334522247,0.00012,0.09225417673587799,0.0
8353.0,8353.0,21.0,0.07977335900068283,0.00012,0.09535535424947739,0.0
8354.0,8354.0,21.0,0.0702480897307396,0.00012,0.12734363973140717,0.0
8355.0,8355.0,21.0,0.0727236419916153,0.00012,0.15806224942207336,0.0
8356.0,8356.0,21.0,0.07049927115440369,0.00012,0.13124312460422516,0.0
8357.0,8357.0,21.0,0.056779395788908005,0.00012,0.08859644830226898,0.0
8358.0,8358.0,21.0,0.0626249685883522,0.00012,0.17187581956386566,0.0
8359.0,8359.0,21.0,0.06278588622808456,0.00012,0.16102206707000732,0.0
8360.0,8360.0,21.0,0.050185952335596085,0.00012,0.08805248886346817,0.0
8361.0,8361.0,21.0,0.05469759553670883,0.00012,0.13783465325832367,0.0
8362.0,8362.0,21.0,0.05605871602892876,0.00012,0.10392127186059952,0.0
8363.0,8363.0,21.0,0.05180598795413971,0.00012,0.0639142394065857,0.0
8364.0,8364.0,21.0,0.06014721468091011,0.00012,0.09768733382225037,0.0
8365.0,8365.0,21.0,0.056390732526779175,0.00012,0.08765200525522232,0.0
8366.0,8366.0,21.0,0.047040872275829315,0.00012,0.12484180182218552,0.0
8367.0,8367.0,21.0,0.05873400717973709,0.00012,0.052035700529813766,0.0
8368.0,8368.0,21.0,0.07070125639438629,0.00012,0.10795947164297104,0.0
8369.0,8369.0,21.0,0.0641326904296875,0.00012,0.14469312131404877,0.0
8370.0,8370.0,21.0,0.051396191120147705,0.00012,0.12314890325069427,0.0
8371.0,8371.0,21.0,0.03720027580857277,0.00012,0.11845668405294418,0.0
8372.0,8372.0,21.0,0.04513952508568764,0.00012,0.09421512484550476,0.0
8373.0,8373.0,21.0,0.05839524045586586,0.00012,0.13664022088050842,0.0
8374.0,8374.0,21.0,0.0596008375287056,0.00012,0.07637769728899002,0.0
8375.0,8375.0,21.0,0.057262878865003586,0.00012,0.18557853996753693,0.0
8376.0,8376.0,21.0,0.05674353986978531,0.00012,0.08509903401136398,0.0
8377.0,8377.0,21.0,0.040936700999736786,0.00012,0.16139854490756989,0.0
8378.0,8378.0,21.0,0.055966611951589584,0.00012,0.11196653544902802,0.0
8379.0,8379.0,21.0,0.058228813111782074,0.00012,0.1805477738380432,0.0
8380.0,8380.0,21.0,0.060932569205760956,0.00012,0.0736084133386612,0.0
8381.0,8381.0,21.0,0.05871114507317543,0.00012,0.16788147389888763,0.0
8382.0,8382.0,21.0,0.06756963580846786,0.00012,0.08376117050647736,0.0
8383.0,8383.0,21.0,0.05393105745315552,0.00012,0.11119776219129562,0.0
8384.0,8384.0,21.0,0.06262622028589249,0.00012,0.07109276205301285,0.0
8385.0,8385.0,21.0,0.059104327112436295,0.00012,0.06388915330171585,0.0
8386.0,8386.0,21.0,0.050219111144542694,0.00012,0.08921460062265396,0.0
8387.0,8387.0,21.0,0.0438065379858017,0.00012,0.0750068947672844,0.0
8388.0,8388.0,21.0,0.06359615921974182,0.00012,0.09146782755851746,0.0
8389.0,8389.0,21.0,0.05778709426522255,0.00012,0.07416615635156631,0.0
8390.0,8390.0,21.0,0.07275424897670746,0.00012,0.11540620028972626,0.0
8391.0,8391.0,21.0,0.05888402462005615,0.00012,0.08708776533603668,0.0
8392.0,8392.0,21.0,0.059738583862781525,0.00012,0.15923187136650085,0.0
8393.0,8393.0,21.0,0.050595492124557495,0.00012,0.10076752305030823,0.0
8394.0,8394.0,21.0,0.06038569286465645,0.00012,0.11852425336837769,0.0
8395.0,8395.0,21.0,0.05663454905152321,0.00012,0.08712472021579742,0.0
8396.0,8396.0,21.0,0.058414287865161896,0.00012,0.1291791796684265,0.0
8397.0,8397.0,21.0,0.06918418407440186,0.00012,0.08923079073429108,0.0
8398.0,8398.0,21.0,0.056562215089797974,0.00012,0.19149363040924072,0.0
8399.0,8399.0,21.0,0.05495791509747505,0.00012,0.0974232405424118,0.0
8400.0,8400.0,21.0,0.053275905549526215,0.00012,0.08679132908582687,0.0
8401.0,8401.0,21.0,0.058330535888671875,0.00012,0.135438933968544,0.0
8402.0,8402.0,21.0,0.06309989094734192,0.00012,0.09350088238716125,0.0
8403.0,8403.0,21.0,0.05507780611515045,0.00012,0.12673452496528625,0.0
8404.0,8404.0,21.0,0.06443778425455093,0.00012,0.12144404649734497,0.0
8405.0,8405.0,21.0,0.054566726088523865,0.00012,0.12088057398796082,0.0
8406.0,8406.0,21.0,0.06307290494441986,0.00012,0.16332918405532837,0.0
8407.0,8407.0,21.0,0.056198589503765106,0.00012,0.07490601390600204,0.0
8408.0,8408.0,21.0,0.06378026306629181,0.00012,0.15042966604232788,0.0
8409.0,8409.0,21.0,0.06171654909849167,0.00012,0.07712166011333466,0.0
8410.0,8410.0,21.0,0.04939454048871994,0.00012,0.16413326561450958,0.0
8411.0,8411.0,21.0,0.0560062900185585,0.00012,0.06948482245206833,0.0
8412.0,8412.0,21.0,0.05820487439632416,0.00012,0.204275444149971,0.0
8413.0,8413.0,21.0,0.05579289793968201,0.00012,0.06524182111024857,0.0
8414.0,8414.0,21.0,0.04759664833545685,0.00012,0.14915256202220917,0.0
8415.0,8415.0,21.0,0.043697357177734375,0.00012,0.12651167809963226,0.0
8416.0,8416.0,21.0,0.055439867079257965,0.00012,0.08812189847230911,0.0
8417.0,8417.0,21.0,0.049999482929706573,0.00012,0.10541973263025284,0.0
8418.0,8418.0,21.0,0.049864523112773895,0.00012,0.0817655399441719,0.0
8419.0,8419.0,21.0,0.06423786282539368,0.00012,0.14121973514556885,0.0
8420.0,8420.0,21.0,0.05814973637461662,0.00012,0.12407083064317703,0.0
8421.0,8421.0,21.0,0.05205584317445755,0.00012,0.19312790036201477,0.0
8422.0,8422.0,21.0,0.05461250990629196,0.00012,0.09838941693305969,0.0
8423.0,8423.0,21.0,0.06352616101503372,0.00012,0.1354731172323227,0.0
8424.0,8424.0,21.0,0.05679976940155029,0.00012,0.08706610649824142,0.0
8425.0,8425.0,21.0,0.052388858050107956,0.00012,0.19631822407245636,0.0
8426.0,8426.0,21.0,0.06443514674901962,0.00012,0.06741468608379364,0.0
8427.0,8427.0,21.0,0.04926947131752968,0.00012,0.17356166243553162,0.0
8428.0,8428.0,21.0,0.06178273260593414,0.00012,0.059746794402599335,0.0
8429.0,8429.0,21.0,0.056388892233371735,0.00012,0.15528321266174316,0.0
8430.0,8430.0,21.0,0.06252124160528183,0.00012,0.10742232948541641,0.0
8431.0,8431.0,21.0,0.0638246238231659,0.00012,0.09181670099496841,0.0
8432.0,8432.0,21.0,0.053182944655418396,0.00012,0.1368657648563385,0.0
8433.0,8433.0,21.0,0.07036080956459045,0.00012,0.07739575207233429,0.0
8434.0,8434.0,21.0,0.07003574818372726,0.00012,0.20959220826625824,0.0
8435.0,8435.0,21.0,0.052864834666252136,0.00012,0.11806242913007736,0.0
8436.0,8436.0,21.0,0.05146132782101631,0.00012,0.0862230658531189,0.0
8437.0,8437.0,21.0,0.07271210849285126,0.00012,0.1420184224843979,0.0
8438.0,8438.0,21.0,0.05448008328676224,0.00012,0.09200155735015869,0.0
8439.0,8439.0,21.0,0.07312770932912827,0.00012,0.10767306387424469,0.0
8440.0,8440.0,21.0,0.05566945672035217,0.00012,0.11117921024560928,0.0
8441.0,8441.0,21.0,0.04966660961508751,0.00012,0.08033964782953262,0.0
8442.0,8442.0,21.0,0.04892943054437637,0.00012,0.11291486024856567,0.0
8443.0,8443.0,21.0,0.05511273816227913,0.00012,0.12331417202949524,0.0
8444.0,8444.0,21.0,0.06199575960636139,0.00012,0.07760322093963623,0.0
8445.0,8445.0,21.0,0.060884781181812286,0.00012,0.15890051424503326,0.0
8446.0,8446.0,21.0,0.05807008594274521,0.00012,0.0695897787809372,0.0
8447.0,8447.0,21.0,0.04756743460893631,0.00012,0.11014442145824432,0.0
8448.0,8448.0,21.0,0.05687113478779793,0.00012,0.17252257466316223,0.0
8449.0,8449.0,21.0,0.04423804581165314,0.00012,0.1296146661043167,0.0
8450.0,8450.0,21.0,0.06156540662050247,0.00012,0.20755013823509216,0.0
8451.0,8451.0,21.0,0.05927831679582596,0.00012,0.11191118508577347,0.0
8452.0,8452.0,21.0,0.04718225449323654,0.00012,0.17121544480323792,0.0
8453.0,8453.0,21.0,0.0536670982837677,0.00012,0.17577780783176422,0.0
8454.0,8454.0,21.0,0.05183140188455582,0.00012,0.09563641995191574,0.0
8455.0,8455.0,21.0,0.05710937827825546,0.00012,0.15265826880931854,0.0
8456.0,8456.0,21.0,0.06144794449210167,0.00012,0.13569395244121552,0.0
8457.0,8457.0,21.0,0.06257907301187515,0.00012,0.1314384490251541,0.0
8458.0,8458.0,21.0,0.056983523070812225,0.00012,0.16305582225322723,0.0
8459.0,8459.0,21.0,0.05955072492361069,0.00012,0.19751843810081482,0.0
8460.0,8460.0,21.0,0.05361919850111008,0.00012,0.0820988342165947,0.0
8461.0,8461.0,21.0,0.06324933469295502,0.00012,0.2625367343425751,0.0
8462.0,8462.0,21.0,0.061676643788814545,0.00012,0.15132562816143036,0.0
8463.0,8463.0,21.0,0.06334743648767471,0.00012,0.22708074748516083,0.0
8464.0,8464.0,21.0,0.04997202008962631,0.00012,0.14765045046806335,0.0
8465.0,8465.0,21.0,0.05911415442824364,0.00012,0.24129897356033325,0.0
8466.0,8466.0,21.0,0.05410587042570114,0.00012,0.13227856159210205,0.0
8467.0,8467.0,21.0,0.06555110216140747,0.00012,0.23366449773311615,0.0
8468.0,8468.0,21.0,0.049339666962623596,0.00012,0.14813175797462463,0.0
8469.0,8469.0,21.0,0.07534918189048767,0.00012,0.12230303883552551,0.0
8470.0,8470.0,21.0,0.057031553238630295,0.00012,0.16519516706466675,0.0
8471.0,8471.0,21.0,0.054395295679569244,0.00012,0.13530021905899048,0.0
8472.0,8472.0,21.0,0.047198787331581116,0.00012,0.1355026811361313,0.0
8473.0,8473.0,21.0,0.051201388239860535,0.00012,0.14611540734767914,0.0
8474.0,8474.0,21.0,0.06505609303712845,0.00012,0.1976798176765442,0.0
8475.0,8475.0,21.0,0.06208687648177147,0.00012,0.0901694968342781,0.0
8476.0,8476.0,21.0,0.07035038620233536,0.00012,0.18359211087226868,0.0
8477.0,8477.0,21.0,0.06853187084197998,0.00012,0.09394572675228119,0.0
8478.0,8478.0,21.0,0.05688118189573288,0.00012,0.13140104711055756,0.0
8479.0,8479.0,21.0,0.06407870352268219,0.00012,0.20110847055912018,0.0
8480.0,8480.0,21.0,0.06120409816503525,0.00012,0.14239396154880524,0.0
8481.0,8481.0,21.0,0.06677357852458954,0.00012,0.2185775339603424,0.0
8482.0,8482.0,21.0,0.06309595704078674,0.00012,0.14825956523418427,0.0
8483.0,8483.0,21.0,0.04937940835952759,0.00012,0.2139849215745926,0.0
8484.0,8484.0,21.0,0.055063746869564056,0.00012,0.1617811918258667,0.0
8485.0,8485.0,21.0,0.052767299115657806,0.00012,0.22562716901302338,0.0
8486.0,8486.0,21.0,0.06783075630664825,0.00012,0.10392504185438156,0.0
8487.0,8487.0,21.0,0.05287738889455795,0.00012,0.0740482285618782,0.0
8488.0,8488.0,21.0,0.0582723394036293,0.00012,0.19202734529972076,0.0
8489.0,8489.0,21.0,0.05165538191795349,0.00012,0.1434655636548996,0.0
8490.0,8490.0,21.0,0.04792959243059158,0.00012,0.20718751847743988,0.0
8491.0,8491.0,21.0,0.06376853585243225,0.00012,0.16341184079647064,0.0
8492.0,8492.0,21.0,0.06569065153598785,0.00012,0.10678590089082718,0.0
8493.0,8493.0,21.0,0.07549608498811722,0.00012,0.1144794374704361,0.0
8494.0,8494.0,21.0,0.05601443722844124,0.00012,0.13507051765918732,0.0
8495.0,8495.0,21.0,0.052852366119623184,0.00012,0.21887332201004028,0.0
8496.0,8496.0,21.0,0.048988454043865204,0.00012,0.08811233937740326,0.0
8497.0,8497.0,21.0,0.05516298860311508,0.00012,0.15105986595153809,0.0
8498.0,8498.0,21.0,0.06112164631485939,0.00012,0.13795609772205353,0.0
8499.0,8499.0,21.0,0.06447853893041611,0.00012,0.0862298235297203,0.0
8500.0,8500.0,21.0,0.049790963530540466,0.00012,0.15905895829200745,0.0
8501.0,8501.0,21.0,0.052578192204236984,0.00012,0.048256948590278625,0.0
8502.0,8502.0,21.0,0.05063717067241669,0.00012,0.13677145540714264,0.0
8503.0,8503.0,21.0,0.06397019326686859,0.00012,0.09577655047178268,0.0
8504.0,8504.0,21.0,0.06553293764591217,0.00012,0.08969596773386002,0.0
8505.0,8505.0,21.0,0.05293833091855049,0.00012,0.05441996455192566,0.0
8506.0,8506.0,21.0,0.06335829198360443,0.00012,0.09471812844276428,0.0
8507.0,8507.0,21.0,0.051646292209625244,0.00012,0.05260908976197243,0.0
8508.0,8508.0,21.0,0.047290146350860596,0.00012,0.05623320862650871,0.0
8509.0,8509.0,21.0,0.057993173599243164,0.00012,0.05618410184979439,0.0
8510.0,8510.0,21.0,0.05878555029630661,0.00012,0.10258781164884567,0.0
8511.0,8511.0,21.0,0.055931393057107925,0.00012,0.0656580775976181,0.0
8512.0,8512.0,21.0,0.04691362753510475,0.00012,0.11960826069116592,0.0
8513.0,8513.0,21.0,0.05101465433835983,0.00012,0.08282697945833206,0.0
8514.0,8514.0,21.0,0.04762600362300873,0.00012,0.06186076998710632,0.0
8515.0,8515.0,21.0,0.06460224092006683,0.00012,0.16837206482887268,0.0
8516.0,8516.0,21.0,0.05063707381486893,0.00012,0.09230978041887283,0.0
8517.0,8517.0,21.0,0.06955159455537796,0.00012,0.18868094682693481,0.0
8518.0,8518.0,21.0,0.06242349371314049,0.00012,0.13619567453861237,0.0
8519.0,8519.0,21.0,0.05387156829237938,0.00012,0.15145577490329742,0.0
8520.0,8520.0,21.0,0.05144280940294266,0.00012,0.11189394444227219,0.0
8521.0,8521.0,21.0,0.06464873254299164,0.00012,0.13622815907001495,0.0
8522.0,8522.0,21.0,0.053433164954185486,0.00012,0.12063339352607727,0.0
8523.0,8523.0,21.0,0.06746003031730652,0.00012,0.08488130569458008,0.0
8524.0,8524.0,21.0,0.05885856971144676,0.00012,0.09032074362039566,0.0
8525.0,8525.0,21.0,0.06315839290618896,0.00012,0.054603997617959976,0.0
8526.0,8526.0,21.0,0.06134428828954697,0.00012,0.07950977236032486,0.0
8527.0,8527.0,21.0,0.05511220172047615,0.00012,0.06779260188341141,0.0
8528.0,8528.0,21.0,0.06322407722473145,0.00012,0.0995950773358345,0.0
8529.0,8529.0,21.0,0.056121766567230225,0.00012,0.09288287907838821,0.0
8530.0,8530.0,21.0,0.06281575560569763,0.00012,0.10047025978565216,0.0
8531.0,8531.0,21.0,0.06578963994979858,0.00012,0.1251169741153717,0.0
8532.0,8532.0,21.0,0.06338545680046082,0.00012,0.0698559358716011,0.0
8533.0,8533.0,21.0,0.06609607487916946,0.00012,0.06934422999620438,0.0
8534.0,8534.0,21.0,0.06600135564804077,0.00012,0.14975281059741974,0.0
8535.0,8535.0,21.0,0.0629991739988327,0.00012,0.10197392106056213,0.0
8536.0,8536.0,21.0,0.0660521388053894,0.00012,0.1281483769416809,0.0
8537.0,8537.0,21.0,0.07162673026323318,0.00012,0.10921293497085571,0.0
8538.0,8538.0,21.0,0.058610156178474426,0.00012,0.10501904040575027,0.0
8539.0,8539.0,21.0,0.046392615884542465,0.00012,0.10271963477134705,0.0
8540.0,8540.0,21.0,0.061151646077632904,0.00012,0.0998135507106781,0.0
8541.0,8541.0,21.0,0.053869910538196564,0.00012,0.13872717320919037,0.0
8542.0,8542.0,21.0,0.07098564505577087,0.00012,0.0924810916185379,0.0
8543.0,8543.0,21.0,0.06446099281311035,0.00012,0.13330820202827454,0.0
8544.0,8544.0,21.0,0.06951524317264557,0.00012,0.08237030357122421,0.0
8545.0,8545.0,21.0,0.06846577674150467,0.00012,0.11724148690700531,0.0
8546.0,8546.0,21.0,0.06790588796138763,0.00012,0.12153735011816025,0.0
8547.0,8547.0,21.0,0.05124054104089737,0.00012,0.06752555072307587,0.0
8548.0,8548.0,21.0,0.054920051246881485,0.00012,0.07828494906425476,0.0
8549.0,8549.0,21.0,0.061039216816425323,0.00012,0.11183785647153854,0.0
8550.0,8550.0,21.0,0.06301213055849075,0.00012,0.10864973068237305,0.0
8551.0,8551.0,21.0,0.05729980021715164,0.00012,0.13260354101657867,0.0
8552.0,8552.0,21.0,0.05589144676923752,0.00012,0.08250601589679718,0.0
8553.0,8553.0,21.0,0.06780263036489487,0.00012,0.21789145469665527,0.0
8554.0,8554.0,21.0,0.059429749846458435,0.00012,0.08311676234006882,0.0
8555.0,8555.0,21.0,0.05609176307916641,0.00012,0.21433383226394653,0.0
8556.0,8556.0,21.0,0.05914003774523735,0.00012,0.09024529159069061,0.0
8557.0,8557.0,21.0,0.06575492769479752,0.00012,0.10056684166193008,0.0
8558.0,8558.0,21.0,0.0564468652009964,0.00012,0.13962779939174652,0.0
8559.0,8559.0,21.0,0.04698196426033974,0.00012,0.06787109375,0.0
8560.0,8560.0,21.0,0.06411981582641602,0.00012,0.1155625432729721,0.0
8561.0,8561.0,21.0,0.06686539947986603,0.00012,0.07851614058017731,0.0
8562.0,8562.0,21.0,0.05671729892492294,0.00012,0.11164243519306183,0.0
8563.0,8563.0,21.0,0.051004935055971146,0.00012,0.07353002578020096,0.0
8564.0,8564.0,21.0,0.0628671795129776,0.00012,0.10137425363063812,0.0
8565.0,8565.0,21.0,0.0452340692281723,0.00012,0.07648791372776031,0.0
8566.0,8566.0,21.0,0.053726255893707275,0.00012,0.13691221177577972,0.0
8567.0,8567.0,21.0,0.07020072638988495,0.00012,0.12586867809295654,0.0
8568.0,8568.0,21.0,0.0674455314874649,0.00012,0.11449657380580902,0.0
8569.0,8569.0,21.0,0.06044510751962662,0.00012,0.1291903704404831,0.0
8570.0,8570.0,21.0,0.04995402321219444,0.00012,0.09013368934392929,0.0
8571.0,8571.0,21.0,0.05958082526922226,0.00012,0.10515887290239334,0.0
8572.0,8572.0,21.0,0.056242626160383224,0.00012,0.06440971791744232,0.0
8573.0,8573.0,21.0,0.06574678421020508,0.00012,0.13310235738754272,0.0
8574.0,8574.0,21.0,0.06838850677013397,0.00012,0.13602563738822937,0.0
8575.0,8575.0,21.0,0.07055222988128662,0.00012,0.11180224269628525,0.0
8576.0,8576.0,21.0,0.05979074537754059,0.00012,0.1500074863433838,0.0
8577.0,8577.0,21.0,0.05394576117396355,0.00012,0.10953100025653839,0.0
8578.0,8578.0,21.0,0.07163698226213455,0.00012,0.13860072195529938,0.0
8579.0,8579.0,21.0,0.04764849692583084,0.00012,0.2121136635541916,0.0
8580.0,8580.0,21.0,0.05898503214120865,0.00012,0.1437273770570755,0.0
8581.0,8581.0,22.0,0.05332380533218384,0.00012,0.1817941516637802,0.0
8582.0,8582.0,22.0,0.05060417205095291,0.00012,0.20595020055770874,0.0
8583.0,8583.0,22.0,0.04886491596698761,0.00012,0.14247101545333862,0.0
8584.0,8584.0,22.0,0.06151281297206879,0.00012,0.11544482409954071,0.0
8585.0,8585.0,22.0,0.06257259845733643,0.00012,0.24218052625656128,0.0
8586.0,8586.0,22.0,0.060620442032814026,0.00012,0.13622453808784485,0.0
8587.0,8587.0,22.0,0.05204534903168678,0.00012,0.1409500539302826,0.0
8588.0,8588.0,22.0,0.07388505339622498,0.00012,0.2473742663860321,0.0
8589.0,8589.0,22.0,0.0532635822892189,0.00012,0.05570707470178604,0.0
8590.0,8590.0,22.0,0.0530276745557785,0.00012,0.21527467668056488,0.0
8591.0,8591.0,22.0,0.05664176493883133,0.00012,0.1523521989583969,0.0
8592.0,8592.0,22.0,0.06431954354047775,0.00012,0.1441906988620758,0.0
8593.0,8593.0,22.0,0.04850650578737259,0.00012,0.19891312718391418,0.0
8594.0,8594.0,22.0,0.06678426265716553,0.00012,0.20681549608707428,0.0
8595.0,8595.0,22.0,0.04971998184919357,0.00012,0.12700769305229187,0.0
8596.0,8596.0,22.0,0.05962725728750229,0.00012,0.20359720289707184,0.0
8597.0,8597.0,22.0,0.05622938275337219,0.00012,0.1120433658361435,0.0
8598.0,8598.0,22.0,0.05332162231206894,0.00012,0.13265986740589142,0.0
8599.0,8599.0,22.0,0.04768647253513336,0.00012,0.2033226191997528,0.0
8600.0,8600.0,22.0,0.06546410918235779,0.00012,0.0831497460603714,0.0
8601.0,8601.0,22.0,0.05704951658844948,0.00012,0.1663712114095688,0.0
8602.0,8602.0,22.0,0.062119752168655396,0.00012,0.08858675509691238,0.0
8603.0,8603.0,22.0,0.0732329785823822,0.00012,0.2017330378293991,0.0
8604.0,8604.0,22.0,0.05702194571495056,0.00012,0.09006480872631073,0.0
8605.0,8605.0,22.0,0.048182353377342224,0.00012,0.14421789348125458,0.0
8606.0,8606.0,22.0,0.05985880643129349,0.00012,0.1385195553302765,0.0
8607.0,8607.0,22.0,0.06924295425415039,0.00012,0.18866348266601562,0.0
8608.0,8608.0,22.0,0.05937282368540764,0.00012,0.11186334490776062,0.0
8609.0,8609.0,22.0,0.054125577211380005,0.00012,0.10802058130502701,0.0
8610.0,8610.0,22.0,0.0735994428396225,0.00012,0.17963534593582153,0.0
8611.0,8611.0,22.0,0.058788001537323,0.00012,0.13011567294597626,0.0
8612.0,8612.0,22.0,0.050223156809806824,0.00012,0.15344615280628204,0.0
8613.0,8613.0,22.0,0.058865729719400406,0.00012,0.17000025510787964,0.0
8614.0,8614.0,22.0,0.06710305064916611,0.00012,0.14153997600078583,0.0
8615.0,8615.0,22.0,0.05872819945216179,0.00012,0.17661680281162262,0.0
8616.0,8616.0,22.0,0.06388735771179199,0.00012,0.1366540789604187,0.0
8617.0,8617.0,22.0,0.05274995416402817,0.00012,0.12433849275112152,0.0
8618.0,8618.0,22.0,0.06688573956489563,0.00012,0.15474382042884827,0.0
8619.0,8619.0,22.0,0.045961976051330566,0.00012,0.05604007467627525,0.0
8620.0,8620.0,22.0,0.05084659904241562,0.00012,0.1597444862127304,0.0
8621.0,8621.0,22.0,0.06304576247930527,0.00012,0.15745404362678528,0.0
8622.0,8622.0,22.0,0.04902909696102142,0.00012,0.1638132780790329,0.0
8623.0,8623.0,22.0,0.05497971177101135,0.00012,0.14369814097881317,0.0
8624.0,8624.0,22.0,0.06916972994804382,0.00012,0.07845443487167358,0.0
8625.0,8625.0,22.0,0.07367813587188721,0.00012,0.1674068123102188,0.0
8626.0,8626.0,22.0,0.048573076725006104,0.00012,0.06208288297057152,0.0
8627.0,8627.0,22.0,0.06316164135932922,0.00012,0.09885602444410324,0.0
8628.0,8628.0,22.0,0.05501532927155495,0.00012,0.14126259088516235,0.0
8629.0,8629.0,22.0,0.042794011533260345,0.00012,0.08160746842622757,0.0
8630.0,8630.0,22.0,0.05518022179603577,0.00012,0.16091282665729523,0.0
8631.0,8631.0,22.0,0.07022154331207275,0.00012,0.0909896045923233,0.0
8632.0,8632.0,22.0,0.06031033769249916,0.00012,0.0679943636059761,0.0
8633.0,8633.0,22.0,0.043766990303993225,0.00012,0.128042533993721,0.0
8634.0,8634.0,22.0,0.04560033604502678,0.00012,0.06827162206172943,0.0
8635.0,8635.0,22.0,0.04699793457984924,0.00012,0.13487327098846436,0.0
8636.0,8636.0,22.0,0.051684558391571045,0.00012,0.1258048564195633,0.0
8637.0,8637.0,22.0,0.06311292946338654,0.00012,0.10364370048046112,0.0
8638.0,8638.0,22.0,0.06249767914414406,0.00012,0.14380204677581787,0.0
8639.0,8639.0,22.0,0.05946126580238342,0.00012,0.08296703547239304,0.0
8640.0,8640.0,22.0,0.058575332164764404,0.00012,0.16495206952095032,0.0
8641.0,8641.0,22.0,0.05938073247671127,0.00012,0.07204899191856384,0.0
8642.0,8642.0,22.0,0.06273667514324188,0.00012,0.20967687666416168,0.0
8643.0,8643.0,22.0,0.047771014273166656,0.00012,0.11532577872276306,0.0
8644.0,8644.0,22.0,0.04665572568774223,0.00012,0.17739225924015045,0.0
8645.0,8645.0,22.0,0.053567856550216675,0.00012,0.14786288142204285,0.0
8646.0,8646.0,22.0,0.04849858209490776,0.00012,0.1356753557920456,0.0
8647.0,8647.0,22.0,0.06716372072696686,0.00012,0.09474723786115646,0.0
8648.0,8648.0,22.0,0.05836140364408493,0.00012,0.18222302198410034,0.0
8649.0,8649.0,22.0,0.05448136851191521,0.00012,0.09249653667211533,0.0
8650.0,8650.0,22.0,0.05643221363425255,0.00012,0.1236872747540474,0.0
8651.0,8651.0,22.0,0.06274573504924774,0.00012,0.09318920969963074,0.0
8652.0,8652.0,22.0,0.05055103451013565,0.00012,0.09182165563106537,0.0
8653.0,8653.0,22.0,0.06382560729980469,0.00012,0.11806601285934448,0.0
8654.0,8654.0,22.0,0.05662514269351959,0.00012,0.13200192153453827,0.0
8655.0,8655.0,22.0,0.058839909732341766,0.00012,0.15308214724063873,0.0
8656.0,8656.0,22.0,0.0523308590054512,0.00012,0.086850605905056,0.0
8657.0,8657.0,22.0,0.06819674372673035,0.00012,0.1610204130411148,0.0
8658.0,8658.0,22.0,0.05082155764102936,0.00012,0.054507769644260406,0.0
8659.0,8659.0,22.0,0.04681701213121414,0.00012,0.123567596077919,0.0
8660.0,8660.0,22.0,0.07893919944763184,0.00012,0.12435536831617355,0.0
8661.0,8661.0,22.0,0.046544209122657776,0.00012,0.12165237218141556,0.0
8662.0,8662.0,22.0,0.0491301491856575,0.00012,0.09174323081970215,0.0
8663.0,8663.0,22.0,0.06995256245136261,0.00012,0.07877156883478165,0.0
8664.0,8664.0,22.0,0.05830661579966545,0.00012,0.10319492220878601,0.0
8665.0,8665.0,22.0,0.05878959223628044,0.00012,0.08501435071229935,0.0
8666.0,8666.0,22.0,0.05261475592851639,0.00012,0.132337749004364,0.0
8667.0,8667.0,22.0,0.06005693972110748,0.00012,0.1343405842781067,0.0
8668.0,8668.0,22.0,0.0652632862329483,0.00012,0.13095006346702576,0.0
8669.0,8669.0,22.0,0.05229111760854721,0.00012,0.09591017663478851,0.0
8670.0,8670.0,22.0,0.045177772641181946,0.00012,0.13941290974617004,0.0
8671.0,8671.0,22.0,0.057800259441137314,0.00012,0.06768479943275452,0.0
8672.0,8672.0,22.0,0.07370585203170776,0.00012,0.0669393464922905,0.0
8673.0,8673.0,22.0,0.06555316597223282,0.00012,0.09875930845737457,0.0
8674.0,8674.0,22.0,0.051052071154117584,0.00012,0.06298841536045074,0.0
8675.0,8675.0,22.0,0.06659302115440369,0.00012,0.11733665317296982,0.0
8676.0,8676.0,22.0,0.05629661679267883,0.00012,0.058692533522844315,0.0
8677.0,8677.0,22.0,0.06284558773040771,0.00012,0.1375921219587326,0.0
8678.0,8678.0,22.0,0.06495344638824463,0.00012,0.07727454602718353,0.0
8679.0,8679.0,22.0,0.04577431455254555,0.00012,0.11595819145441055,0.0
8680.0,8680.0,22.0,0.04719845950603485,0.00012,0.10375421494245529,0.0
8681.0,8681.0,22.0,0.04855116456747055,0.00012,0.07273939996957779,0.0
8682.0,8682.0,22.0,0.07165922224521637,0.00012,0.11175335943698883,0.0
8683.0,8683.0,22.0,0.05349130183458328,0.00012,0.10759852081537247,0.0
8684.0,8684.0,22.0,0.06086341664195061,0.00012,0.06091144308447838,0.0
8685.0,8685.0,22.0,0.05943072959780693,0.00012,0.14311355352401733,0.0
8686.0,8686.0,22.0,0.05928895249962807,0.00012,0.12465076893568039,0.0
8687.0,8687.0,22.0,0.05699453502893448,0.00012,0.07761026173830032,0.0
8688.0,8688.0,22.0,0.04755256325006485,0.00012,0.13693203032016754,0.0
8689.0,8689.0,22.0,0.059353314340114594,0.00012,0.0865149050951004,0.0
8690.0,8690.0,22.0,0.061629991978406906,0.00012,0.10989362001419067,0.0
8691.0,8691.0,22.0,0.04494490474462509,0.00012,0.1460535079240799,0.0
8692.0,8692.0,22.0,0.04203646257519722,0.00012,0.07966942340135574,0.0
8693.0,8693.0,22.0,0.07274278998374939,0.00012,0.10742051154375076,0.0
8694.0,8694.0,22.0,0.06037624552845955,0.00012,0.13333958387374878,0.0
8695.0,8695.0,22.0,0.050986144691705704,0.00012,0.10757271945476532,0.0
8696.0,8696.0,22.0,0.04888712242245674,0.00012,0.10089070349931717,0.0
8697.0,8697.0,22.0,0.07147707790136337,0.00012,0.14092117547988892,0.0
8698.0,8698.0,22.0,0.053874097764492035,0.00012,0.0920398086309433,0.0
8699.0,8699.0,22.0,0.04444305598735809,0.00012,0.10786893218755722,0.0
8700.0,8700.0,22.0,0.04583257436752319,0.00012,0.12522563338279724,0.0
8701.0,8701.0,22.0,0.05530530959367752,0.00012,0.09728825092315674,0.0
8702.0,8702.0,22.0,0.05892178788781166,0.00012,0.10690885782241821,0.0
8703.0,8703.0,22.0,0.05138039216399193,0.00012,0.1300680786371231,0.0
8704.0,8704.0,22.0,0.04622090607881546,0.00012,0.04715048894286156,0.0
8705.0,8705.0,22.0,0.06408936530351639,0.00012,0.12770377099514008,0.0
8706.0,8706.0,22.0,0.05353233963251114,0.00012,0.08894931524991989,0.0
8707.0,8707.0,22.0,0.06333892047405243,0.00012,0.10396935790777206,0.0
8708.0,8708.0,22.0,0.05334224924445152,0.00012,0.09653403609991074,0.0
8709.0,8709.0,22.0,0.0600382462143898,0.00012,0.07308171689510345,0.0
8710.0,8710.0,22.0,0.06244470924139023,0.00012,0.06776674836874008,0.0
8711.0,8711.0,22.0,0.060291588306427,0.00012,0.09862454235553741,0.0
8712.0,8712.0,22.0,0.05877527594566345,0.00012,0.09711594879627228,0.0
8713.0,8713.0,22.0,0.057957425713539124,0.00012,0.09618683904409409,0.0
8714.0,8714.0,22.0,0.062304459512233734,0.00012,0.14907406270503998,0.0
8715.0,8715.0,22.0,0.05647936463356018,0.00012,0.0773342028260231,0.0
8716.0,8716.0,22.0,0.052746884524822235,0.00012,0.08627036213874817,0.0
8717.0,8717.0,22.0,0.057674653828144073,0.00012,0.11487890034914017,0.0
8718.0,8718.0,22.0,0.04975657910108566,0.00012,0.11814913898706436,0.0
8719.0,8719.0,22.0,0.056342631578445435,0.00012,0.11371311545372009,0.0
8720.0,8720.0,22.0,0.056090984493494034,0.00012,0.10104333609342575,0.0
8721.0,8721.0,22.0,0.0628693699836731,0.00012,0.08604945242404938,0.0
8722.0,8722.0,22.0,0.06962041556835175,0.00012,0.09521505981683731,0.0
8723.0,8723.0,22.0,0.05947265774011612,0.00012,0.14053530991077423,0.0
8724.0,8724.0,22.0,0.06598451733589172,0.00012,0.06041055545210838,0.0
8725.0,8725.0,22.0,0.06535977125167847,0.00012,0.09542761743068695,0.0
8726.0,8726.0,22.0,0.0605287067592144,0.00012,0.12497128546237946,0.0
8727.0,8727.0,22.0,0.06769920140504837,0.00012,0.11446692794561386,0.0
8728.0,8728.0,22.0,0.05602174624800682,0.00012,0.1912536770105362,0.0
8729.0,8729.0,22.0,0.056442782282829285,0.00012,0.10154374688863754,0.0
8730.0,8730.0,22.0,0.05735171586275101,0.00012,0.13549025356769562,0.0
8731.0,8731.0,22.0,0.06864888966083527,0.00012,0.1489786058664322,0.0
8732.0,8732.0,22.0,0.04325947165489197,0.00012,0.14017635583877563,0.0
8733.0,8733.0,22.0,0.06553998589515686,0.00012,0.12595434486865997,0.0
8734.0,8734.0,22.0,0.06838425248861313,0.00012,0.12899832427501678,0.0
8735.0,8735.0,22.0,0.06280960142612457,0.00012,0.07101578265428543,0.0
8736.0,8736.0,22.0,0.05946643650531769,0.00012,0.12302055954933167,0.0
8737.0,8737.0,22.0,0.05615364760160446,0.00012,0.13494496047496796,0.0
8738.0,8738.0,22.0,0.05857639014720917,0.00012,0.10334428399801254,0.0
8739.0,8739.0,22.0,0.051813483238220215,0.00012,0.1628042310476303,0.0
8740.0,8740.0,22.0,0.06696298718452454,0.00012,0.1278695911169052,0.0
8741.0,8741.0,22.0,0.05848252773284912,0.00012,0.13085117936134338,0.0
8742.0,8742.0,22.0,0.053963664919137955,0.00012,0.08974160999059677,0.0
8743.0,8743.0,22.0,0.055452026426792145,0.00012,0.17684589326381683,0.0
8744.0,8744.0,22.0,0.04897784814238548,0.00012,0.10545720905065536,0.0
8745.0,8745.0,22.0,0.0606803335249424,0.00012,0.12388840317726135,0.0
8746.0,8746.0,22.0,0.061273716390132904,0.00012,0.1348419040441513,0.0
8747.0,8747.0,22.0,0.050777897238731384,0.00012,0.12215492874383926,0.0
8748.0,8748.0,22.0,0.06836912035942078,0.00012,0.06991272419691086,0.0
8749.0,8749.0,22.0,0.05890744552016258,0.00012,0.11027669161558151,0.0
8750.0,8750.0,22.0,0.04791028052568436,0.00012,0.09917687624692917,0.0
8751.0,8751.0,22.0,0.06989821791648865,0.00012,0.09817753732204437,0.0
8752.0,8752.0,22.0,0.04530676081776619,0.00012,0.13628315925598145,0.0
8753.0,8753.0,22.0,0.06075361371040344,0.00012,0.10181427747011185,0.0
8754.0,8754.0,22.0,0.04610782861709595,0.00012,0.08332134783267975,0.0
8755.0,8755.0,22.0,0.058611445128917694,0.00012,0.1280948370695114,0.0
8756.0,8756.0,22.0,0.051141805946826935,0.00012,0.09283681958913803,0.0
8757.0,8757.0,22.0,0.0730515792965889,0.00012,0.11011006683111191,0.0
8758.0,8758.0,22.0,0.04757697880268097,0.00012,0.1795697808265686,0.0
8759.0,8759.0,22.0,0.056104354560375214,0.00012,0.11942866444587708,0.0
8760.0,8760.0,22.0,0.06268081814050674,0.00012,0.11644911020994186,0.0
8761.0,8761.0,22.0,0.058321788907051086,0.00012,0.1750178337097168,0.0
8762.0,8762.0,22.0,0.06137099489569664,0.00012,0.07923617213964462,0.0
8763.0,8763.0,22.0,0.058550454676151276,0.00012,0.17471016943454742,0.0
8764.0,8764.0,22.0,0.07495860755443573,0.00012,0.12675316631793976,0.0
8765.0,8765.0,22.0,0.07950429618358612,0.00012,0.19556598365306854,0.0
8766.0,8766.0,22.0,0.05242297053337097,0.00012,0.08177801221609116,0.0
8767.0,8767.0,22.0,0.049159228801727295,0.00012,0.19684088230133057,0.0
8768.0,8768.0,22.0,0.06120637431740761,0.00012,0.11161565780639648,0.0
8769.0,8769.0,22.0,0.058210380375385284,0.00012,0.17672063410282135,0.0
8770.0,8770.0,22.0,0.05295490473508835,0.00012,0.12320515513420105,0.0
8771.0,8771.0,22.0,0.07010394334793091,0.00012,0.11172174662351608,0.0
8772.0,8772.0,22.0,0.056848302483558655,0.00012,0.0798797458410263,0.0
8773.0,8773.0,22.0,0.07248882949352264,0.00012,0.14086656272411346,0.0
8774.0,8774.0,22.0,0.04099752753973007,0.00012,0.15626126527786255,0.0
8775.0,8775.0,22.0,0.049265410751104355,0.00012,0.13141101598739624,0.0
8776.0,8776.0,22.0,0.05970701575279236,0.00012,0.12431399524211884,0.0
8777.0,8777.0,22.0,0.06464169919490814,0.00012,0.07742325216531754,0.0
8778.0,8778.0,22.0,0.05947861447930336,0.00012,0.11831140518188477,0.0
8779.0,8779.0,22.0,0.05017085373401642,0.00012,0.0862482562661171,0.0
8780.0,8780.0,22.0,0.05972174555063248,0.00012,0.12173520773649216,0.0
8781.0,8781.0,22.0,0.053924381732940674,0.00012,0.07310128211975098,0.0
8782.0,8782.0,22.0,0.058976657688617706,0.00012,0.14036251604557037,0.0
8783.0,8783.0,22.0,0.0600755475461483,0.00012,0.10167304426431656,0.0
8784.0,8784.0,22.0,0.05270199477672577,0.00012,0.13661158084869385,0.0
8785.0,8785.0,22.0,0.05816027522087097,0.00012,0.10395079851150513,0.0
8786.0,8786.0,22.0,0.0541546568274498,0.00012,0.14621102809906006,0.0
8787.0,8787.0,22.0,0.05518893897533417,0.00012,0.08056613057851791,0.0
8788.0,8788.0,22.0,0.05541437119245529,0.00012,0.1631946712732315,0.0
8789.0,8789.0,22.0,0.06620269268751144,0.00012,0.08176165074110031,0.0
8790.0,8790.0,22.0,0.06806280463933945,0.00012,0.10326648503541946,0.0
8791.0,8791.0,22.0,0.05629158020019531,0.00012,0.1375991255044937,0.0
8792.0,8792.0,22.0,0.06818033754825592,0.00012,0.09715619683265686,0.0
8793.0,8793.0,22.0,0.05155976116657257,0.00012,0.15069791674613953,0.0
8794.0,8794.0,22.0,0.045196518301963806,0.00012,0.09376205503940582,0.0
8795.0,8795.0,22.0,0.06034594029188156,0.00012,0.08873528987169266,0.0
8796.0,8796.0,22.0,0.05025767162442207,0.00012,0.06156667694449425,0.0
8797.0,8797.0,22.0,0.0572618804872036,0.00012,0.13306279480457306,0.0
8798.0,8798.0,22.0,0.05288590490818024,0.00012,0.06884296983480453,0.0
8799.0,8799.0,22.0,0.06356724351644516,0.00012,0.09618104249238968,0.0
8800.0,8800.0,22.0,0.06049574539065361,0.00012,0.06825324892997742,0.0
8801.0,8801.0,22.0,0.07378749549388885,0.00012,0.12751224637031555,0.0
8802.0,8802.0,22.0,0.059407830238342285,0.00012,0.06454666703939438,0.0
8803.0,8803.0,22.0,0.05213680863380432,0.00012,0.08270850777626038,0.0
8804.0,8804.0,22.0,0.05942602455615997,0.00012,0.06825239956378937,0.0
8805.0,8805.0,22.0,0.05332997068762779,0.00012,0.10629741847515106,0.0
8806.0,8806.0,22.0,0.05138460546731949,0.00012,0.12214343249797821,0.0
8807.0,8807.0,22.0,0.06124371662735939,0.00012,0.07577268034219742,0.0
8808.0,8808.0,22.0,0.05832019820809364,0.00012,0.08647729456424713,0.0
8809.0,8809.0,22.0,0.061468228697776794,0.00012,0.06604275107383728,0.0
8810.0,8810.0,22.0,0.06030699238181114,0.00012,0.09817430377006531,0.0
8811.0,8811.0,22.0,0.06200064718723297,0.00012,0.0945366621017456,0.0
8812.0,8812.0,22.0,0.04425645247101784,0.00012,0.06758461147546768,0.0
8813.0,8813.0,22.0,0.06135775148868561,0.00012,0.09862120449542999,0.0
8814.0,8814.0,22.0,0.04578331857919693,0.00012,0.10732944309711456,0.0
8815.0,8815.0,22.0,0.06482003629207611,0.00012,0.12766185402870178,0.0
8816.0,8816.0,22.0,0.057798951864242554,0.00012,0.06208047643303871,0.0
8817.0,8817.0,22.0,0.05933324247598648,0.00012,0.08219519257545471,0.0
8818.0,8818.0,22.0,0.04623480141162872,0.00012,0.060329191386699677,0.0
8819.0,8819.0,22.0,0.06245388835668564,0.00012,0.14038415253162384,0.0
8820.0,8820.0,22.0,0.07997886836528778,0.00012,0.07281390577554703,0.0
8821.0,8821.0,22.0,0.04966810718178749,0.00012,0.10618112981319427,0.0
8822.0,8822.0,22.0,0.04637172073125839,0.00012,0.05822133645415306,0.0
8823.0,8823.0,22.0,0.04405835643410683,0.00012,0.08235298097133636,0.0
8824.0,8824.0,22.0,0.048701513558626175,0.00012,0.0833209753036499,0.0
8825.0,8825.0,22.0,0.0596725158393383,0.00012,0.0894751250743866,0.0
8826.0,8826.0,22.0,0.05640832707285881,0.00012,0.11691352725028992,0.0
8827.0,8827.0,22.0,0.05385603755712509,0.00012,0.12098520249128342,0.0
8828.0,8828.0,22.0,0.04850120097398758,0.00012,0.0906858816742897,0.0
8829.0,8829.0,22.0,0.051248058676719666,0.00012,0.12273374944925308,0.0
8830.0,8830.0,22.0,0.060460858047008514,0.00012,0.07584688812494278,0.0
8831.0,8831.0,22.0,0.05841492861509323,0.00012,0.08102086931467056,0.0
8832.0,8832.0,22.0,0.07662397623062134,0.00012,0.11530370265245438,0.0
8833.0,8833.0,22.0,0.054634422063827515,0.00012,0.13680069148540497,0.0
8834.0,8834.0,22.0,0.05356230586767197,0.00012,0.10121150314807892,0.0
8835.0,8835.0,22.0,0.05719093233346939,0.00012,0.1582411378622055,0.0
8836.0,8836.0,22.0,0.05200585350394249,0.00012,0.07917561382055283,0.0
8837.0,8837.0,22.0,0.07124634087085724,0.00012,0.12635858356952667,0.0
8838.0,8838.0,22.0,0.05083645135164261,0.00012,0.1378006488084793,0.0
8839.0,8839.0,22.0,0.05271083116531372,0.00012,0.10711658000946045,0.0
8840.0,8840.0,22.0,0.04941358044743538,0.00012,0.12946607172489166,0.0
8841.0,8841.0,22.0,0.044892407953739166,0.00012,0.10584156960248947,0.0
8842.0,8842.0,22.0,0.05554089695215225,0.00012,0.08553563803434372,0.0
8843.0,8843.0,22.0,0.06418435275554657,0.00012,0.11452710628509521,0.0
8844.0,8844.0,22.0,0.06029593199491501,0.00012,0.12854529917240143,0.0
8845.0,8845.0,22.0,0.04281006380915642,0.00012,0.12248358130455017,0.0
8846.0,8846.0,22.0,0.05939115211367607,0.00012,0.12184879183769226,0.0
8847.0,8847.0,22.0,0.054445892572402954,0.00012,0.152968168258667,0.0
8848.0,8848.0,22.0,0.05133325234055519,0.00012,0.12878990173339844,0.0
8849.0,8849.0,22.0,0.04791181907057762,0.00012,0.20200088620185852,0.0
8850.0,8850.0,22.0,0.05902349576354027,0.00012,0.10581298917531967,0.0
8851.0,8851.0,22.0,0.06804381310939789,0.00012,0.1351195126771927,0.0
8852.0,8852.0,22.0,0.0610894113779068,0.00012,0.12090861052274704,0.0
8853.0,8853.0,22.0,0.0525280125439167,0.00012,0.09047842025756836,0.0
8854.0,8854.0,22.0,0.05471310019493103,0.00012,0.10762406140565872,0.0
8855.0,8855.0,22.0,0.046086691319942474,0.00012,0.11056114733219147,0.0
8856.0,8856.0,22.0,0.06068768352270126,0.00012,0.1408696472644806,0.0
8857.0,8857.0,22.0,0.05676742643117905,0.00012,0.08469154685735703,0.0
8858.0,8858.0,22.0,0.052814193069934845,0.00012,0.13896936178207397,0.0
8859.0,8859.0,22.0,0.05077964812517166,0.00012,0.0992291122674942,0.0
8860.0,8860.0,22.0,0.06241103261709213,0.00012,0.09360538423061371,0.0
8861.0,8861.0,22.0,0.05190924555063248,0.00012,0.09523572772741318,0.0
8862.0,8862.0,22.0,0.05859106034040451,0.00012,0.22533996403217316,0.0
8863.0,8863.0,22.0,0.05655486136674881,0.00012,0.15993912518024445,0.0
8864.0,8864.0,22.0,0.04789334163069725,0.00012,0.18087032437324524,0.0
8865.0,8865.0,22.0,0.05176527053117752,0.00012,0.28616806864738464,0.0
8866.0,8866.0,22.0,0.05602024123072624,0.00012,0.22553087770938873,0.0
8867.0,8867.0,22.0,0.05696792155504227,0.00012,0.27904197573661804,0.0
8868.0,8868.0,22.0,0.04602576047182083,0.00012,0.13975481688976288,0.0
8869.0,8869.0,22.0,0.057263512164354324,0.00012,0.23269063234329224,0.0
8870.0,8870.0,22.0,0.058550357818603516,0.00012,0.21946312487125397,0.0
8871.0,8871.0,22.0,0.060258034616708755,0.00012,0.16837801039218903,0.0
8872.0,8872.0,22.0,0.07079105824232101,0.00012,0.21065251529216766,0.0
8873.0,8873.0,22.0,0.057784371078014374,0.00012,0.12837879359722137,0.0
8874.0,8874.0,22.0,0.05611824244260788,0.00012,0.135615736246109,0.0
8875.0,8875.0,22.0,0.0550299733877182,0.00012,0.1085747480392456,0.0
8876.0,8876.0,22.0,0.06929606944322586,0.00012,0.1321367472410202,0.0
8877.0,8877.0,22.0,0.04257550835609436,0.00012,0.07036584615707397,0.0
8878.0,8878.0,22.0,0.06851497292518616,0.00012,0.07702856510877609,0.0
8879.0,8879.0,22.0,0.06342139095067978,0.00012,0.11662249267101288,0.0
8880.0,8880.0,22.0,0.0637604221701622,0.00012,0.0737924799323082,0.0
8881.0,8881.0,22.0,0.055023275315761566,0.00012,0.0907164067029953,0.0
8882.0,8882.0,22.0,0.05136779323220253,0.00012,0.16396528482437134,0.0
8883.0,8883.0,22.0,0.07476452738046646,0.00012,0.06933905184268951,0.0
8884.0,8884.0,22.0,0.0704084187746048,0.00012,0.12121544033288956,0.0
8885.0,8885.0,22.0,0.06370410323143005,0.00012,0.11405777931213379,0.0
8886.0,8886.0,22.0,0.05302761495113373,0.00012,0.06650195270776749,0.0
8887.0,8887.0,22.0,0.056304141879081726,0.00012,0.1448848992586136,0.0
8888.0,8888.0,22.0,0.05949347838759422,0.00012,0.12329618632793427,0.0
8889.0,8889.0,22.0,0.05250214412808418,0.00012,0.13159511983394623,0.0
8890.0,8890.0,22.0,0.05847756192088127,0.00012,0.09775631874799728,0.0
8891.0,8891.0,22.0,0.054792601615190506,0.00012,0.167477086186409,0.0
8892.0,8892.0,22.0,0.050780557096004486,0.00012,0.04926354065537453,0.0
8893.0,8893.0,22.0,0.05200304836034775,0.00012,0.15827137231826782,0.0
8894.0,8894.0,22.0,0.064839206635952,0.00012,0.12224205583333969,0.0
8895.0,8895.0,22.0,0.06275156140327454,0.00012,0.12165011465549469,0.0
8896.0,8896.0,22.0,0.06593133509159088,0.00012,0.11457458138465881,0.0
8897.0,8897.0,22.0,0.05733130872249603,0.00012,0.09347238391637802,0.0
8898.0,8898.0,22.0,0.06134219840168953,0.00012,0.18365336954593658,0.0
8899.0,8899.0,22.0,0.05510495603084564,0.00012,0.10457110404968262,0.0
8900.0,8900.0,22.0,0.06039807200431824,0.00012,0.10323340445756912,0.0
8901.0,8901.0,22.0,0.055863648653030396,0.00012,0.13537722826004028,0.0
8902.0,8902.0,22.0,0.05621971935033798,0.00012,0.11801691353321075,0.0
8903.0,8903.0,22.0,0.06178262457251549,0.00012,0.13341142237186432,0.0
8904.0,8904.0,22.0,0.04827604442834854,0.00012,0.1142488494515419,0.0
8905.0,8905.0,22.0,0.06056302785873413,0.00012,0.11838731169700623,0.0
8906.0,8906.0,22.0,0.04685899615287781,0.00012,0.131622314453125,0.0
8907.0,8907.0,22.0,0.05410502478480339,0.00012,0.17886948585510254,0.0
8908.0,8908.0,22.0,0.05969215929508209,0.00012,0.08869177103042603,0.0
8909.0,8909.0,22.0,0.05869317799806595,0.00012,0.1613420844078064,0.0
8910.0,8910.0,22.0,0.04849402606487274,0.00012,0.17291942238807678,0.0
8911.0,8911.0,22.0,0.059036388993263245,0.00012,0.10467386990785599,0.0
8912.0,8912.0,22.0,0.06023170426487923,0.00012,0.16411848366260529,0.0
8913.0,8913.0,22.0,0.061073221266269684,0.00012,0.10249031335115433,0.0
8914.0,8914.0,22.0,0.048128560185432434,0.00012,0.17354314029216766,0.0
8915.0,8915.0,22.0,0.054710835218429565,0.00012,0.10127050429582596,0.0
8916.0,8916.0,22.0,0.07075996696949005,0.00012,0.09832742065191269,0.0
8917.0,8917.0,22.0,0.06006082147359848,0.00012,0.09506342560052872,0.0
8918.0,8918.0,22.0,0.06371525675058365,0.00012,0.10565030574798584,0.0
8919.0,8919.0,22.0,0.06443583965301514,0.00012,0.14201141893863678,0.0
8920.0,8920.0,22.0,0.05475737154483795,0.00012,0.10442996770143509,0.0
8921.0,8921.0,22.0,0.0567140057682991,0.00012,0.12385854870080948,0.0
8922.0,8922.0,22.0,0.0771249532699585,0.00012,0.09031384438276291,0.0
8923.0,8923.0,22.0,0.07849887013435364,0.00012,0.12063000351190567,0.0
8924.0,8924.0,22.0,0.0567091703414917,0.00012,0.130152627825737,0.0
8925.0,8925.0,22.0,0.06224154680967331,0.00012,0.06765028834342957,0.0
8926.0,8926.0,22.0,0.04804056137800217,0.00012,0.06278037279844284,0.0
8927.0,8927.0,22.0,0.0609232634305954,0.00012,0.14816312491893768,0.0
8928.0,8928.0,22.0,0.04537176713347435,0.00012,0.07033052295446396,0.0
8929.0,8929.0,22.0,0.05431617423892021,0.00012,0.13242875039577484,0.0
8930.0,8930.0,22.0,0.05746595934033394,0.00012,0.06049644201993942,0.0
8931.0,8931.0,22.0,0.06850147992372513,0.00012,0.12015725672245026,0.0
8932.0,8932.0,22.0,0.05928076431155205,0.00012,0.08729355037212372,0.0
8933.0,8933.0,22.0,0.08292743563652039,0.00012,0.12160154432058334,0.0
8934.0,8934.0,22.0,0.052278053015470505,0.00012,0.10246530175209045,0.0
8935.0,8935.0,22.0,0.05336935818195343,0.00012,0.09088645875453949,0.0
8936.0,8936.0,22.0,0.04823620617389679,0.00012,0.11958009749650955,0.0
8937.0,8937.0,22.0,0.05238983780145645,0.00012,0.11596452444791794,0.0
8938.0,8938.0,22.0,0.06222844123840332,0.00012,0.09947749972343445,0.0
8939.0,8939.0,22.0,0.06807126849889755,0.00012,0.14209435880184174,0.0
8940.0,8940.0,22.0,0.057241618633270264,0.00012,0.10816323757171631,0.0
8941.0,8941.0,22.0,0.047215186059474945,0.00012,0.1088884100317955,0.0
8942.0,8942.0,22.0,0.06030686944723129,0.00012,0.1254088282585144,0.0
8943.0,8943.0,22.0,0.05505504459142685,0.00012,0.08548283576965332,0.0
8944.0,8944.0,22.0,0.071664959192276,0.00012,0.16739457845687866,0.0
8945.0,8945.0,22.0,0.059840019792318344,0.00012,0.14899200201034546,0.0
8946.0,8946.0,22.0,0.056408077478408813,0.00012,0.11062860488891602,0.0
8947.0,8947.0,22.0,0.06279417872428894,0.00012,0.16920068860054016,0.0
8948.0,8948.0,22.0,0.0744440108537674,0.00012,0.12306497246026993,0.0
8949.0,8949.0,22.0,0.06006336212158203,0.00012,0.07347206771373749,0.0
8950.0,8950.0,22.0,0.04946380481123924,0.00012,0.16618019342422485,0.0
8951.0,8951.0,22.0,0.07001599669456482,0.00012,0.0769800916314125,0.0
8952.0,8952.0,22.0,0.06560914218425751,0.00012,0.07660744339227676,0.0
8953.0,8953.0,22.0,0.06005432829260826,0.00012,0.11036817729473114,0.0
8954.0,8954.0,22.0,0.059813931584358215,0.00012,0.07321049273014069,0.0
8955.0,8955.0,22.0,0.0638231486082077,0.00012,0.1064121350646019,0.0
8956.0,8956.0,22.0,0.0634700357913971,0.00012,0.08328285068273544,0.0
8957.0,8957.0,22.0,0.05591762810945511,0.00012,0.14047151803970337,0.0
8958.0,8958.0,22.0,0.06694243848323822,0.00012,0.08978810161352158,0.0
8959.0,8959.0,22.0,0.0539371594786644,0.00012,0.04669543355703354,0.0
8960.0,8960.0,22.0,0.05419635400176048,0.00012,0.0867513045668602,0.0
8961.0,8961.0,22.0,0.05509515106678009,0.00012,0.08479819446802139,0.0
8962.0,8962.0,22.0,0.06154971197247505,0.00012,0.09477908164262772,0.0
8963.0,8963.0,22.0,0.060695942491292953,0.00012,0.07742645591497421,0.0
8964.0,8964.0,22.0,0.05892939865589142,0.00012,0.09472545981407166,0.0
8965.0,8965.0,22.0,0.06100853532552719,0.00012,0.1031574010848999,0.0
8966.0,8966.0,22.0,0.0466717965900898,0.00012,0.15547634661197662,0.0
8967.0,8967.0,22.0,0.054128602147102356,0.00012,0.12411965429782867,0.0
8968.0,8968.0,22.0,0.05990823358297348,0.00012,0.139938086271286,0.0
8969.0,8969.0,22.0,0.059377431869506836,0.00012,0.18776273727416992,0.0
8970.0,8970.0,22.0,0.04950664937496185,0.00012,0.15337501466274261,0.0
8971.0,8971.0,23.0,0.05833853781223297,0.00012,0.20981934666633606,0.0
8972.0,8972.0,23.0,0.05162443965673447,0.00012,0.20152921974658966,0.0
8973.0,8973.0,23.0,0.06361192464828491,0.00012,0.07853757590055466,0.0
8974.0,8974.0,23.0,0.056954070925712585,0.00012,0.2167663276195526,0.0
8975.0,8975.0,23.0,0.060550346970558167,0.00012,0.16658945381641388,0.0
8976.0,8976.0,23.0,0.05835775285959244,0.00012,0.19941280782222748,0.0
8977.0,8977.0,23.0,0.06395868211984634,0.00012,0.15879042446613312,0.0
8978.0,8978.0,23.0,0.04954604059457779,0.00012,0.1410728245973587,0.0
8979.0,8979.0,23.0,0.059311240911483765,0.00012,0.10992275923490524,0.0
8980.0,8980.0,23.0,0.057322464883327484,0.00012,0.15448817610740662,0.0
8981.0,8981.0,23.0,0.05639364570379257,0.00012,0.11269085854291916,0.0
8982.0,8982.0,23.0,0.04635936766862869,0.00012,0.12424027174711227,0.0
8983.0,8983.0,23.0,0.05122049152851105,0.00012,0.15054893493652344,0.0
8984.0,8984.0,23.0,0.06023040786385536,0.00012,0.08408218622207642,0.0
8985.0,8985.0,23.0,0.06026773899793625,0.00012,0.20142023265361786,0.0
8986.0,8986.0,23.0,0.05887366086244583,0.00012,0.16583895683288574,0.0
8987.0,8987.0,23.0,0.05541389063000679,0.00012,0.167085200548172,0.0
8988.0,8988.0,23.0,0.06467564404010773,0.00012,0.2083723247051239,0.0
8989.0,8989.0,23.0,0.04908460006117821,0.00012,0.060638073831796646,0.0
8990.0,8990.0,23.0,0.05009905621409416,0.00012,0.10539983958005905,0.0
8991.0,8991.0,23.0,0.059423334896564484,0.00012,0.12120344489812851,0.0
8992.0,8992.0,23.0,0.051693640649318695,0.00012,0.12018152326345444,0.0
8993.0,8993.0,23.0,0.055026739835739136,0.00012,0.10139990597963333,0.0
8994.0,8994.0,23.0,0.06743974983692169,0.00012,0.12607116997241974,0.0
8995.0,8995.0,23.0,0.05275868624448776,0.00012,0.08200038969516754,0.0
8996.0,8996.0,23.0,0.05310434848070145,0.00012,0.060721006244421005,0.0
8997.0,8997.0,23.0,0.059990305453538895,0.00012,0.11739472299814224,0.0
8998.0,8998.0,23.0,0.06514596939086914,0.00012,0.07176721841096878,0.0
8999.0,8999.0,23.0,0.049214884638786316,0.00012,0.14143191277980804,0.0
9000.0,9000.0,23.0,0.0630536749958992,0.00012,0.07859478145837784,0.0
9001.0,9001.0,23.0,0.058380622416734695,0.00012,0.15097220242023468,0.0
9002.0,9002.0,23.0,0.06035251170396805,0.00012,0.1317148506641388,0.0
9003.0,9003.0,23.0,0.06788446009159088,0.00012,0.15010245144367218,0.0
9004.0,9004.0,23.0,0.06076168268918991,0.00012,0.17613843083381653,0.0
9005.0,9005.0,23.0,0.07406379282474518,0.00012,0.14668048918247223,0.0
9006.0,9006.0,23.0,0.057999517768621445,0.00012,0.20524662733078003,0.0
9007.0,9007.0,23.0,0.07427658140659332,0.00012,0.1210678368806839,0.0
9008.0,9008.0,23.0,0.05755472928285599,0.00012,0.1836773157119751,0.0
9009.0,9009.0,23.0,0.05340030789375305,0.00012,0.1397576481103897,0.0
9010.0,9010.0,23.0,0.051443494856357574,0.00012,0.12549762427806854,0.0
9011.0,9011.0,23.0,0.05946338176727295,0.00012,0.1673906147480011,0.0
9012.0,9012.0,23.0,0.0745064988732338,0.00012,0.08435283601284027,0.0
9013.0,9013.0,23.0,0.040691133588552475,0.00012,0.15715229511260986,0.0
9014.0,9014.0,23.0,0.06386752426624298,0.00012,0.12325961142778397,0.0
9015.0,9015.0,23.0,0.057112935930490494,0.00012,0.15283814072608948,0.0
9016.0,9016.0,23.0,0.07150097191333771,0.00012,0.11765078455209732,0.0
9017.0,9017.0,23.0,0.055688634514808655,0.00012,0.06846996396780014,0.0
9018.0,9018.0,23.0,0.05065719783306122,0.00012,0.12740324437618256,0.0
9019.0,9019.0,23.0,0.06079072505235672,0.00012,0.15299823880195618,0.0
9020.0,9020.0,23.0,0.056040484458208084,0.00012,0.14809086918830872,0.0
9021.0,9021.0,23.0,0.06000787764787674,0.00012,0.2015840709209442,0.0
9022.0,9022.0,23.0,0.05721025541424751,0.00012,0.11936832219362259,0.0
9023.0,9023.0,23.0,0.05991097167134285,0.00012,0.18590109050273895,0.0
9024.0,9024.0,23.0,0.052563875913619995,0.00012,0.13160094618797302,0.0
9025.0,9025.0,23.0,0.05319465324282646,0.00012,0.1341729313135147,0.0
9026.0,9026.0,23.0,0.06286982446908951,0.00012,0.11974552273750305,0.0
9027.0,9027.0,23.0,0.06390742212533951,0.00012,0.2163536250591278,0.0
9028.0,9028.0,23.0,0.0704074576497078,0.00012,0.10021913796663284,0.0
9029.0,9029.0,23.0,0.06002390384674072,0.00012,0.13754573464393616,0.0
9030.0,9030.0,23.0,0.05415359139442444,0.00012,0.13968710601329803,0.0
9031.0,9031.0,23.0,0.04792790114879608,0.00012,0.10793875902891159,0.0
9032.0,9032.0,23.0,0.05570199713110924,0.00012,0.1224793940782547,0.0
9033.0,9033.0,23.0,0.0534106120467186,0.00012,0.07498350739479065,0.0
9034.0,9034.0,23.0,0.053560130298137665,0.00012,0.05793076008558273,0.0
9035.0,9035.0,23.0,0.05866575613617897,0.00012,0.07255934178829193,0.0
9036.0,9036.0,23.0,0.04694625735282898,0.00012,0.07807919383049011,0.0
9037.0,9037.0,23.0,0.05129818990826607,0.00012,0.050247397273778915,0.0
9038.0,9038.0,23.0,0.061016909778118134,0.00012,0.09521044045686722,0.0
9039.0,9039.0,23.0,0.06518630683422089,0.00012,0.1203240305185318,0.0
9040.0,9040.0,23.0,0.06642338633537292,0.00012,0.07381035387516022,0.0
9041.0,9041.0,23.0,0.05792386829853058,0.00012,0.1536155641078949,0.0
9042.0,9042.0,23.0,0.05013537406921387,0.00012,0.11205149441957474,0.0
9043.0,9043.0,23.0,0.0632060319185257,0.00012,0.08623795956373215,0.0
9044.0,9044.0,23.0,0.0682009607553482,0.00012,0.11949845403432846,0.0
9045.0,9045.0,23.0,0.05656178295612335,0.00012,0.12113825976848602,0.0
9046.0,9046.0,23.0,0.053668513894081116,0.00012,0.14005494117736816,0.0
9047.0,9047.0,23.0,0.050571732223033905,0.00012,0.20509058237075806,0.0
9048.0,9048.0,23.0,0.06492990255355835,0.00012,0.09051341563463211,0.0
9049.0,9049.0,23.0,0.045250535011291504,0.00012,0.29121842980384827,0.0
9050.0,9050.0,23.0,0.05660577863454819,0.00012,0.13600784540176392,0.0
9051.0,9051.0,23.0,0.05380707606673241,0.00012,0.23195910453796387,0.0
9052.0,9052.0,23.0,0.046962711960077286,0.00012,0.16024048626422882,0.0
9053.0,9053.0,23.0,0.06617847084999084,0.00012,0.1888744980096817,0.0
9054.0,9054.0,23.0,0.05400586128234863,0.00012,0.12256297469139099,0.0
9055.0,9055.0,23.0,0.061992816627025604,0.00012,0.16036196053028107,0.0
9056.0,9056.0,23.0,0.05176897346973419,0.00012,0.1907084584236145,0.0
9057.0,9057.0,23.0,0.05478044971823692,0.00012,0.10773544758558273,0.0
9058.0,9058.0,23.0,0.0654500424861908,0.00012,0.20671427249908447,0.0
9059.0,9059.0,23.0,0.06682288646697998,0.00012,0.13132016360759735,0.0
9060.0,9060.0,23.0,0.05409734696149826,0.00012,0.1501975655555725,0.0
9061.0,9061.0,23.0,0.06801366806030273,0.00012,0.14231061935424805,0.0
9062.0,9062.0,23.0,0.06269212812185287,0.00012,0.17015200853347778,0.0
9063.0,9063.0,23.0,0.05191033333539963,0.00012,0.12038186192512512,0.0
9064.0,9064.0,23.0,0.06745047122240067,0.00012,0.12010985612869263,0.0
9065.0,9065.0,23.0,0.0574621818959713,0.00012,0.18882401287555695,0.0
9066.0,9066.0,23.0,0.05435803905129433,0.00012,0.1245759055018425,0.0
9067.0,9067.0,23.0,0.05264406278729439,0.00012,0.14080414175987244,0.0
9068.0,9068.0,23.0,0.049985893070697784,0.00012,0.09778718650341034,0.0
9069.0,9069.0,23.0,0.06804223358631134,0.00012,0.11136822402477264,0.0
9070.0,9070.0,23.0,0.04721599444746971,0.00012,0.1330988109111786,0.0
9071.0,9071.0,23.0,0.04992526397109032,0.00012,0.09574323147535324,0.0
9072.0,9072.0,23.0,0.05373720824718475,0.00012,0.17027704417705536,0.0
9073.0,9073.0,23.0,0.061687275767326355,0.00012,0.10088401287794113,0.0
9074.0,9074.0,23.0,0.060740627348423004,0.00012,0.21108591556549072,0.0
9075.0,9075.0,23.0,0.06488922238349915,0.00012,0.10852295905351639,0.0
9076.0,9076.0,23.0,0.05512543395161629,0.00012,0.08523643016815186,0.0
9077.0,9077.0,23.0,0.04615689441561699,0.00012,0.16083402931690216,0.0
9078.0,9078.0,23.0,0.05168414115905762,0.00012,0.06689364463090897,0.0
9079.0,9079.0,23.0,0.05517292767763138,0.00012,0.15895040333271027,0.0
9080.0,9080.0,23.0,0.05455971509218216,0.00012,0.10293158888816833,0.0
9081.0,9081.0,23.0,0.049735814332962036,0.00012,0.21863502264022827,0.0
9082.0,9082.0,23.0,0.04282933846116066,0.00012,0.0805744081735611,0.0
9083.0,9083.0,23.0,0.0606333464384079,0.00012,0.2074117213487625,0.0
9084.0,9084.0,23.0,0.05391116067767143,0.00012,0.14456532895565033,0.0
9085.0,9085.0,23.0,0.06335334479808807,0.00012,0.10192226618528366,0.0
9086.0,9086.0,23.0,0.05251166969537735,0.00012,0.14423014223575592,0.0
9087.0,9087.0,23.0,0.07525093108415604,0.00012,0.09006909281015396,0.0
9088.0,9088.0,23.0,0.04791947454214096,0.00012,0.18850521743297577,0.0
9089.0,9089.0,23.0,0.05717918276786804,0.00012,0.15748298168182373,0.0
9090.0,9090.0,23.0,0.063138946890831,0.00012,0.07529299706220627,0.0
9091.0,9091.0,23.0,0.06802471727132797,0.00012,0.12012039870023727,0.0
9092.0,9092.0,23.0,0.05903761833906174,0.00012,0.12650099396705627,0.0
9093.0,9093.0,23.0,0.06254032999277115,0.00012,0.11298882216215134,0.0
9094.0,9094.0,23.0,0.054737430065870285,0.00012,0.09690622240304947,0.0
9095.0,9095.0,23.0,0.0649777203798294,0.00012,0.11078464984893799,0.0
9096.0,9096.0,23.0,0.05011190474033356,0.00012,0.05413437262177467,0.0
9097.0,9097.0,23.0,0.0596792958676815,0.00012,0.11816980689764023,0.0
9098.0,9098.0,23.0,0.055254898965358734,0.00012,0.09061963111162186,0.0
9099.0,9099.0,23.0,0.05994424596428871,0.00012,0.1826733648777008,0.0
9100.0,9100.0,23.0,0.05933775380253792,0.00012,0.05211846902966499,0.0
9101.0,9101.0,23.0,0.06419815123081207,0.00012,0.10857317596673965,0.0
9102.0,9102.0,23.0,0.045997388660907745,0.00012,0.09762980788946152,0.0
9103.0,9103.0,23.0,0.058584220707416534,0.00012,0.07165896892547607,0.0
9104.0,9104.0,23.0,0.0463484525680542,0.00012,0.17808105051517487,0.0
9105.0,9105.0,23.0,0.052845925092697144,0.00012,0.15124496817588806,0.0
9106.0,9106.0,23.0,0.05447549372911453,0.00012,0.13611163198947906,0.0
9107.0,9107.0,23.0,0.07057629525661469,0.00012,0.09998900443315506,0.0
9108.0,9108.0,23.0,0.058403488248586655,0.00012,0.11955857276916504,0.0
9109.0,9109.0,23.0,0.046326152980327606,0.00012,0.06870722025632858,0.0
9110.0,9110.0,23.0,0.05223298817873001,0.00012,0.10379500687122345,0.0
9111.0,9111.0,23.0,0.05200823396444321,0.00012,0.12590906023979187,0.0
9112.0,9112.0,23.0,0.04339906945824623,0.00012,0.142857626080513,0.0
9113.0,9113.0,23.0,0.0642383024096489,0.00012,0.10048837959766388,0.0
9114.0,9114.0,23.0,0.046185508370399475,0.00012,0.2090550661087036,0.0
9115.0,9115.0,23.0,0.05980689078569412,0.00012,0.10266614705324173,0.0
9116.0,9116.0,23.0,0.06658202409744263,0.00012,0.14419934153556824,0.0
9117.0,9117.0,23.0,0.048613790422677994,0.00012,0.14760757982730865,0.0
9118.0,9118.0,23.0,0.05543084070086479,0.00012,0.12312635779380798,0.0
9119.0,9119.0,23.0,0.07680319249629974,0.00012,0.16716109216213226,0.0
9120.0,9120.0,23.0,0.06305418163537979,0.00012,0.17639268934726715,0.0
9121.0,9121.0,23.0,0.04383142292499542,0.00012,0.11400207877159119,0.0
9122.0,9122.0,23.0,0.055276576429605484,0.00012,0.2023221105337143,0.0
9123.0,9123.0,23.0,0.05012225732207298,0.00012,0.12832677364349365,0.0
9124.0,9124.0,23.0,0.04687933996319771,0.00012,0.07391681522130966,0.0
9125.0,9125.0,23.0,0.05122701823711395,0.00012,0.18202714622020721,0.0
9126.0,9126.0,23.0,0.05243226885795593,0.00012,0.08259578794240952,0.0
9127.0,9127.0,23.0,0.04942479357123375,0.00012,0.05844927206635475,0.0
9128.0,9128.0,23.0,0.051679372787475586,0.00012,0.18150584399700165,0.0
9129.0,9129.0,23.0,0.06301681697368622,0.00012,0.1257023960351944,0.0
9130.0,9130.0,23.0,0.06184161826968193,0.00012,0.19625025987625122,0.0
9131.0,9131.0,23.0,0.06400415301322937,0.00012,0.1422780305147171,0.0
9132.0,9132.0,23.0,0.057072192430496216,0.00012,0.08838637918233871,0.0
9133.0,9133.0,23.0,0.05913108214735985,0.00012,0.14736032485961914,0.0
9134.0,9134.0,23.0,0.06465011835098267,0.00012,0.09639184176921844,0.0
9135.0,9135.0,23.0,0.05897387117147446,0.00012,0.14180611073970795,0.0
9136.0,9136.0,23.0,0.04451620951294899,0.00012,0.0893867164850235,0.0
9137.0,9137.0,23.0,0.07116028666496277,0.00012,0.1325482428073883,0.0
9138.0,9138.0,23.0,0.06390351802110672,0.00012,0.17145158350467682,0.0
9139.0,9139.0,23.0,0.053339626640081406,0.00012,0.09949718415737152,0.0
9140.0,9140.0,23.0,0.0601373091340065,0.00012,0.18399475514888763,0.0
9141.0,9141.0,23.0,0.056154847145080566,0.00012,0.18850162625312805,0.0
9142.0,9142.0,23.0,0.062080930918455124,0.00012,0.12019151449203491,0.0
9143.0,9143.0,23.0,0.05124754086136818,0.00012,0.20607279241085052,0.0
9144.0,9144.0,23.0,0.06084531545639038,0.00012,0.08671151846647263,0.0
9145.0,9145.0,23.0,0.051122844219207764,0.00012,0.1248929500579834,0.0
9146.0,9146.0,23.0,0.047094300389289856,0.00012,0.18806330859661102,0.0
9147.0,9147.0,23.0,0.05695074051618576,0.00012,0.08420414477586746,0.0
9148.0,9148.0,23.0,0.055773235857486725,0.00012,0.1307683289051056,0.0
9149.0,9149.0,23.0,0.059466686099767685,0.00012,0.08023320883512497,0.0
9150.0,9150.0,23.0,0.04300491884350777,0.00012,0.08781234174966812,0.0
9151.0,9151.0,23.0,0.055241748690605164,0.00012,0.08313073962926865,0.0
9152.0,9152.0,23.0,0.0613722950220108,0.00012,0.07463537901639938,0.0
9153.0,9153.0,23.0,0.049788717180490494,0.00012,0.08793342858552933,0.0
9154.0,9154.0,23.0,0.058958206325769424,0.00012,0.06860938668251038,0.0
9155.0,9155.0,23.0,0.05121656507253647,0.00012,0.11721973121166229,0.0
9156.0,9156.0,23.0,0.06048445776104927,0.00012,0.10144194960594177,0.0
9157.0,9157.0,23.0,0.06361545622348785,0.00012,0.1372099369764328,0.0
9158.0,9158.0,23.0,0.05024237930774689,0.00012,0.12744221091270447,0.0
9159.0,9159.0,23.0,0.055559828877449036,0.00012,0.1655774712562561,0.0
9160.0,9160.0,23.0,0.06310142576694489,0.00012,0.11293019354343414,0.0
9161.0,9161.0,23.0,0.04761338233947754,0.00012,0.11153405159711838,0.0
9162.0,9162.0,23.0,0.05827346816658974,0.00012,0.16113154590129852,0.0
9163.0,9163.0,23.0,0.04377499967813492,0.00012,0.10687287896871567,0.0
9164.0,9164.0,23.0,0.06336262822151184,0.00012,0.18644501268863678,0.0
9165.0,9165.0,23.0,0.05788402259349823,0.00012,0.14307382702827454,0.0
9166.0,9166.0,23.0,0.050732020288705826,0.00012,0.142426997423172,0.0
9167.0,9167.0,23.0,0.058331198990345,0.00012,0.16914613544940948,0.0
9168.0,9168.0,23.0,0.052463412284851074,0.00012,0.11523087322711945,0.0
9169.0,9169.0,23.0,0.059168580919504166,0.00012,0.12292066961526871,0.0
9170.0,9170.0,23.0,0.06428518891334534,0.00012,0.11403212696313858,0.0
9171.0,9171.0,23.0,0.05358368903398514,0.00012,0.08592507243156433,0.0
9172.0,9172.0,23.0,0.04802091419696808,0.00012,0.12029075622558594,0.0
9173.0,9173.0,23.0,0.04805051162838936,0.00012,0.10508453100919724,0.0
9174.0,9174.0,23.0,0.06727936863899231,0.00012,0.18782822787761688,0.0
9175.0,9175.0,23.0,0.07477369904518127,0.00012,0.15387621521949768,0.0
9176.0,9176.0,23.0,0.05139981955289841,0.00012,0.15390467643737793,0.0
9177.0,9177.0,23.0,0.05565415322780609,0.00012,0.15685208141803741,0.0
9178.0,9178.0,23.0,0.0661020576953888,0.00012,0.22695577144622803,0.0
9179.0,9179.0,23.0,0.05159829556941986,0.00012,0.07498257607221603,0.0
9180.0,9180.0,23.0,0.0634002685546875,0.00012,0.15150950849056244,0.0
9181.0,9181.0,23.0,0.049992289394140244,0.00012,0.1562986820936203,0.0
9182.0,9182.0,23.0,0.06299000978469849,0.00012,0.12934023141860962,0.0
9183.0,9183.0,23.0,0.06852344423532486,0.00012,0.1762925088405609,0.0
9184.0,9184.0,23.0,0.055279213935136795,0.00012,0.10794763267040253,0.0
9185.0,9185.0,23.0,0.06349901109933853,0.00012,0.19140474498271942,0.0
9186.0,9186.0,23.0,0.05357462167739868,0.00012,0.1657188981771469,0.0
9187.0,9187.0,23.0,0.06249692291021347,0.00012,0.20179611444473267,0.0
9188.0,9188.0,23.0,0.07310010492801666,0.00012,0.1972734034061432,0.0
9189.0,9189.0,23.0,0.04822739213705063,0.00012,0.18757128715515137,0.0
9190.0,9190.0,23.0,0.06043315678834915,0.00012,0.1813468039035797,0.0
9191.0,9191.0,23.0,0.06335024535655975,0.00012,0.15387818217277527,0.0
9192.0,9192.0,23.0,0.05139875411987305,0.00012,0.17705053091049194,0.0
9193.0,9193.0,23.0,0.05977364256978035,0.00012,0.16667133569717407,0.0
9194.0,9194.0,23.0,0.05010921508073807,0.00012,0.15978312492370605,0.0
9195.0,9195.0,23.0,0.057921797037124634,0.00012,0.09325408190488815,0.0
9196.0,9196.0,23.0,0.06479664146900177,0.00012,0.13797779381275177,0.0
9197.0,9197.0,23.0,0.043335042893886566,0.00012,0.11026950925588608,0.0
9198.0,9198.0,23.0,0.06422679126262665,0.00012,0.1470106691122055,0.0
9199.0,9199.0,23.0,0.05370628088712692,0.00012,0.13505099713802338,0.0
9200.0,9200.0,23.0,0.05432447791099548,0.00012,0.16275106370449066,0.0
9201.0,9201.0,23.0,0.0671621561050415,0.00012,0.17688941955566406,0.0
9202.0,9202.0,23.0,0.061025142669677734,0.00012,0.13261768221855164,0.0
9203.0,9203.0,23.0,0.06186123937368393,0.00012,0.19392019510269165,0.0
9204.0,9204.0,23.0,0.05164303630590439,0.00012,0.07055311650037766,0.0
9205.0,9205.0,23.0,0.05668054521083832,0.00012,0.13728855550289154,0.0
9206.0,9206.0,23.0,0.04541967436671257,0.00012,0.07352808117866516,0.0
9207.0,9207.0,23.0,0.05753837525844574,0.00012,0.08202643692493439,0.0
9208.0,9208.0,23.0,0.05614716187119484,0.00012,0.1508701890707016,0.0
9209.0,9209.0,23.0,0.040095988661050797,0.00012,0.10620289295911789,0.0
9210.0,9210.0,23.0,0.056482285261154175,0.00012,0.11489829421043396,0.0
9211.0,9211.0,23.0,0.05109540373086929,0.00012,0.0789918303489685,0.0
9212.0,9212.0,23.0,0.059495653957128525,0.00012,0.1119178980588913,0.0
9213.0,9213.0,23.0,0.07626178860664368,0.00012,0.08429770916700363,0.0
9214.0,9214.0,23.0,0.05247380584478378,0.00012,0.10854844748973846,0.0
9215.0,9215.0,23.0,0.05290386080741882,0.00012,0.09433949738740921,0.0
9216.0,9216.0,23.0,0.0661928802728653,0.00012,0.1403064876794815,0.0
9217.0,9217.0,23.0,0.05937957018613815,0.00012,0.10969953238964081,0.0
9218.0,9218.0,23.0,0.06367290765047073,0.00012,0.13601189851760864,0.0
9219.0,9219.0,23.0,0.0516672357916832,0.00012,0.14558960497379303,0.0
9220.0,9220.0,23.0,0.06026840955018997,0.00012,0.11806219071149826,0.0
9221.0,9221.0,23.0,0.054471466690301895,0.00012,0.17004399001598358,0.0
9222.0,9222.0,23.0,0.06338909268379211,0.00012,0.09800944477319717,0.0
9223.0,9223.0,23.0,0.06816662847995758,0.00012,0.11167562007904053,0.0
9224.0,9224.0,23.0,0.0685431957244873,0.00012,0.06129073724150658,0.0
9225.0,9225.0,23.0,0.048334866762161255,0.00012,0.1686408370733261,0.0
9226.0,9226.0,23.0,0.05312548205256462,0.00012,0.0968756377696991,0.0
9227.0,9227.0,23.0,0.0649966150522232,0.00012,0.1250632405281067,0.0
9228.0,9228.0,23.0,0.05333251506090164,0.00012,0.14510618150234222,0.0
9229.0,9229.0,23.0,0.05674750357866287,0.00012,0.06555268168449402,0.0
9230.0,9230.0,23.0,0.063845194876194,0.00012,0.16157811880111694,0.0
9231.0,9231.0,23.0,0.06078184023499489,0.00012,0.1417534351348877,0.0
9232.0,9232.0,23.0,0.05114942044019699,0.00012,0.08695656061172485,0.0
9233.0,9233.0,23.0,0.06583988666534424,0.00012,0.1459757685661316,0.0
9234.0,9234.0,23.0,0.0510994978249073,0.00012,0.14351299405097961,0.0
9235.0,9235.0,23.0,0.05404627323150635,0.00012,0.08278046548366547,0.0
9236.0,9236.0,23.0,0.06248052790760994,0.00012,0.11853162199258804,0.0
9237.0,9237.0,23.0,0.0624188631772995,0.00012,0.08155125379562378,0.0
9238.0,9238.0,23.0,0.0464484803378582,0.00012,0.1395268738269806,0.0
9239.0,9239.0,23.0,0.05290587246417999,0.00012,0.09084571152925491,0.0
9240.0,9240.0,23.0,0.058094847947359085,0.00012,0.15428747236728668,0.0
9241.0,9241.0,23.0,0.052422523498535156,0.00012,0.09747980535030365,0.0
9242.0,9242.0,23.0,0.05141393467783928,0.00012,0.0896332859992981,0.0
9243.0,9243.0,23.0,0.06437845528125763,0.00012,0.14374713599681854,0.0
9244.0,9244.0,23.0,0.053484030067920685,0.00012,0.07051076740026474,0.0
9245.0,9245.0,23.0,0.05206633359193802,0.00012,0.12195321917533875,0.0
9246.0,9246.0,23.0,0.05554224178195,0.00012,0.12804566323757172,0.0
9247.0,9247.0,23.0,0.03818061947822571,0.00012,0.08692616969347,0.0
9248.0,9248.0,23.0,0.05958764627575874,0.00012,0.12433893233537674,0.0
9249.0,9249.0,23.0,0.05701543018221855,0.00012,0.05924057215452194,0.0
9250.0,9250.0,23.0,0.06631463766098022,0.00012,0.16338305175304413,0.0
9251.0,9251.0,23.0,0.05286603420972824,0.00012,0.07484636455774307,0.0
9252.0,9252.0,23.0,0.054413821548223495,0.00012,0.09717816859483719,0.0
9253.0,9253.0,23.0,0.0611959770321846,0.00012,0.08265770226716995,0.0
9254.0,9254.0,23.0,0.054040051996707916,0.00012,0.10232065618038177,0.0
9255.0,9255.0,23.0,0.05191457271575928,0.00012,0.0678349956870079,0.0
9256.0,9256.0,23.0,0.060870517045259476,0.00012,0.11625313013792038,0.0
9257.0,9257.0,23.0,0.06346944719552994,0.00012,0.11435731500387192,0.0
9258.0,9258.0,23.0,0.05391264334321022,0.00012,0.11399845778942108,0.0
9259.0,9259.0,23.0,0.05642060190439224,0.00012,0.16795584559440613,0.0
9260.0,9260.0,23.0,0.06159088388085365,0.00012,0.11044928431510925,0.0
9261.0,9261.0,23.0,0.05388996750116348,0.00012,0.16805626451969147,0.0
9262.0,9262.0,23.0,0.04825597256422043,0.00012,0.13916806876659393,0.0
9263.0,9263.0,23.0,0.0603402815759182,0.00012,0.06536059081554413,0.0
9264.0,9264.0,23.0,0.04733087867498398,0.00012,0.14913013577461243,0.0
9265.0,9265.0,23.0,0.055515989661216736,0.00012,0.14118707180023193,0.0
9266.0,9266.0,23.0,0.051018208265304565,0.00012,0.07419411092996597,0.0
9267.0,9267.0,23.0,0.06253893673419952,0.00012,0.16840054094791412,0.0
9268.0,9268.0,23.0,0.061563000082969666,0.00012,0.17507722973823547,0.0
9269.0,9269.0,23.0,0.05599425733089447,0.00012,0.12413132935762405,0.0
9270.0,9270.0,23.0,0.05190730839967728,0.00012,0.16355644166469574,0.0
9271.0,9271.0,23.0,0.05716904252767563,0.00012,0.12892122566699982,0.0
9272.0,9272.0,23.0,0.05474122613668442,0.00012,0.13117113709449768,0.0
9273.0,9273.0,23.0,0.053068265318870544,0.00012,0.10532139986753464,0.0
9274.0,9274.0,23.0,0.06273952126502991,0.00012,0.10347377508878708,0.0
9275.0,9275.0,23.0,0.06160033866763115,0.00012,0.12224995344877243,0.0
9276.0,9276.0,23.0,0.06107635051012039,0.00012,0.08967515081167221,0.0
9277.0,9277.0,23.0,0.05004031956195831,0.00012,0.1735232174396515,0.0
9278.0,9278.0,23.0,0.051256872713565826,0.00012,0.0694594532251358,0.0
9279.0,9279.0,23.0,0.054289575666189194,0.00012,0.1540914922952652,0.0
9280.0,9280.0,23.0,0.07415495812892914,0.00012,0.1362077295780182,0.0
9281.0,9281.0,23.0,0.04153990000486374,0.00012,0.07251553982496262,0.0
9282.0,9282.0,23.0,0.05447084829211235,0.00012,0.1760324239730835,0.0
9283.0,9283.0,23.0,0.08992524445056915,0.00012,0.15227046608924866,0.0
9284.0,9284.0,23.0,0.04802928864955902,0.00012,0.11573097109794617,0.0
9285.0,9285.0,23.0,0.04797977954149246,0.00012,0.19045257568359375,0.0
9286.0,9286.0,23.0,0.058536648750305176,0.00012,0.06989218294620514,0.0
9287.0,9287.0,23.0,0.06618290394544601,0.00012,0.208319291472435,0.0
9288.0,9288.0,23.0,0.06594342738389969,0.00012,0.10340172052383423,0.0
9289.0,9289.0,23.0,0.06801497936248779,0.00012,0.14446265995502472,0.0
9290.0,9290.0,23.0,0.057437822222709656,0.00012,0.16138499975204468,0.0
9291.0,9291.0,23.0,0.0667727142572403,0.00012,0.07124900817871094,0.0
9292.0,9292.0,23.0,0.05245228111743927,0.00012,0.15732598304748535,0.0
9293.0,9293.0,23.0,0.05958208441734314,0.00012,0.1651233732700348,0.0
9294.0,9294.0,23.0,0.07232025265693665,0.00012,0.1697920560836792,0.0
9295.0,9295.0,23.0,0.052066776901483536,0.00012,0.1827559471130371,0.0
9296.0,9296.0,23.0,0.06175058335065842,0.00012,0.09108608961105347,0.0
9297.0,9297.0,23.0,0.057257041335105896,0.00012,0.1369883418083191,0.0
9298.0,9298.0,23.0,0.05119623243808746,0.00012,0.09010118246078491,0.0
9299.0,9299.0,23.0,0.04876121133565903,0.00012,0.125703826546669,0.0
9300.0,9300.0,23.0,0.05180433392524719,0.00012,0.1339794099330902,0.0
9301.0,9301.0,23.0,0.06079551577568054,0.00012,0.09933064877986908,0.0
9302.0,9302.0,23.0,0.05514474958181381,0.00012,0.16596320271492004,0.0
9303.0,9303.0,23.0,0.05265241861343384,0.00012,0.11707527190446854,0.0
9304.0,9304.0,23.0,0.07436385750770569,0.00012,0.13877224922180176,0.0
9305.0,9305.0,23.0,0.05012902989983559,0.00012,0.08513464778661728,0.0
9306.0,9306.0,23.0,0.06495589017868042,0.00012,0.10143475979566574,0.0
9307.0,9307.0,23.0,0.06629806011915207,0.00012,0.10545908659696579,0.0
9308.0,9308.0,23.0,0.07022172957658768,0.00012,0.06373991817235947,0.0
9309.0,9309.0,23.0,0.04827139526605606,0.00012,0.08146332949399948,0.0
9310.0,9310.0,23.0,0.057880133390426636,0.00012,0.0879361480474472,0.0
9311.0,9311.0,23.0,0.05914267152547836,0.00012,0.10071897506713867,0.0
9312.0,9312.0,23.0,0.06328913569450378,0.00012,0.09657180309295654,0.0
9313.0,9313.0,23.0,0.05730536952614784,0.00012,0.08718564361333847,0.0
9314.0,9314.0,23.0,0.05552079528570175,0.00012,0.08757255971431732,0.0
9315.0,9315.0,23.0,0.04897414520382881,0.00012,0.061521146446466446,0.0
9316.0,9316.0,23.0,0.06978609412908554,0.00012,0.087904192507267,0.0
9317.0,9317.0,23.0,0.05297889560461044,0.00012,0.07773169875144958,0.0
9318.0,9318.0,23.0,0.05868184193968773,0.00012,0.06836313754320145,0.0
9319.0,9319.0,23.0,0.0598677396774292,0.00012,0.055917274206876755,0.0
9320.0,9320.0,23.0,0.06524806469678879,0.00012,0.06231161579489708,0.0
9321.0,9321.0,23.0,0.056168828159570694,0.00012,0.11474552750587463,0.0
9322.0,9322.0,23.0,0.06210331991314888,0.00012,0.07647743821144104,0.0
9323.0,9323.0,23.0,0.05830729007720947,0.00012,0.09038233757019043,0.0
9324.0,9324.0,23.0,0.05629740655422211,0.00012,0.08130805194377899,0.0
9325.0,9325.0,23.0,0.05307351052761078,0.00012,0.10235847532749176,0.0
9326.0,9326.0,23.0,0.06573175638914108,0.00012,0.0941053032875061,0.0
9327.0,9327.0,23.0,0.07069198042154312,0.00012,0.04425463452935219,0.0
9328.0,9328.0,23.0,0.05752193555235863,0.00012,0.19838359951972961,0.0
9329.0,9329.0,23.0,0.04797223210334778,0.00012,0.05923881754279137,0.0
9330.0,9330.0,23.0,0.044239070266485214,0.00012,0.1898687481880188,0.0
9331.0,9331.0,23.0,0.05436619371175766,0.00012,0.07309716939926147,0.0
9332.0,9332.0,23.0,0.057305801659822464,0.00012,0.09809049218893051,0.0
9333.0,9333.0,23.0,0.055943071842193604,0.00012,0.07403310388326645,0.0
9334.0,9334.0,23.0,0.0528775155544281,0.00012,0.07627014070749283,0.0
9335.0,9335.0,23.0,0.044908881187438965,0.00012,0.10011471062898636,0.0
9336.0,9336.0,23.0,0.06636754423379898,0.00012,0.10161173343658447,0.0
9337.0,9337.0,23.0,0.05604852735996246,0.00012,0.07218196988105774,0.0
9338.0,9338.0,23.0,0.05993475019931793,0.00012,0.10350676625967026,0.0
9339.0,9339.0,23.0,0.05831326171755791,0.00012,0.07826436311006546,0.0
9340.0,9340.0,23.0,0.05035676434636116,0.00012,0.08863149583339691,0.0
9341.0,9341.0,23.0,0.04935776814818382,0.00012,0.09304071217775345,0.0
9342.0,9342.0,23.0,0.06575416773557663,0.00012,0.08335518836975098,0.0
9343.0,9343.0,23.0,0.05408263951539993,0.00012,0.12122131884098053,0.0
9344.0,9344.0,23.0,0.059059545397758484,0.00012,0.09473181515932083,0.0
9345.0,9345.0,23.0,0.05161907523870468,0.00012,0.1407606452703476,0.0
9346.0,9346.0,23.0,0.05328625440597534,0.00012,0.20490087568759918,0.0
9347.0,9347.0,23.0,0.07104945927858353,0.00012,0.08086550235748291,0.0
9348.0,9348.0,23.0,0.07896313071250916,0.00012,0.16462989151477814,0.0
9349.0,9349.0,23.0,0.060400575399398804,0.00012,0.12085821479558945,0.0
9350.0,9350.0,23.0,0.0715620294213295,0.00012,0.11476898938417435,0.0
9351.0,9351.0,23.0,0.06248360872268677,0.00012,0.16199670732021332,0.0
9352.0,9352.0,23.0,0.06337404996156693,0.00012,0.10436300188302994,0.0
9353.0,9353.0,23.0,0.0494801290333271,0.00012,0.16601309180259705,0.0
9354.0,9354.0,23.0,0.057106584310531616,0.00012,0.22045597434043884,0.0
9355.0,9355.0,23.0,0.06718852370977402,0.00012,0.1472519487142563,0.0
9356.0,9356.0,23.0,0.06201919913291931,0.00012,0.1586189568042755,0.0
9357.0,9357.0,23.0,0.06179002299904823,0.00012,0.0852787047624588,0.0
9358.0,9358.0,23.0,0.05854567885398865,0.00012,0.14550594985485077,0.0
9359.0,9359.0,23.0,0.06256449967622757,0.00012,0.08731234818696976,0.0
9360.0,9360.0,23.0,0.06100211292505264,0.00012,0.14829768240451813,0.0
9361.0,9361.0,24.0,0.07064428925514221,0.00012,0.10498182475566864,0.0
9362.0,9362.0,24.0,0.07146947085857391,0.00012,0.07644075900316238,0.0
9363.0,9363.0,24.0,0.05848340317606926,0.00012,0.12691724300384521,0.0
9364.0,9364.0,24.0,0.04465572163462639,0.00012,0.07094401866197586,0.0
9365.0,9365.0,24.0,0.06932958215475082,0.00012,0.13395440578460693,0.0
9366.0,9366.0,24.0,0.054102130234241486,0.00012,0.059562526643276215,0.0
9367.0,9367.0,24.0,0.052807047963142395,0.00012,0.09932804852724075,0.0
9368.0,9368.0,24.0,0.05833069980144501,0.00012,0.12120021879673004,0.0
9369.0,9369.0,24.0,0.05981263890862465,0.00012,0.15292493999004364,0.0
9370.0,9370.0,24.0,0.05602267384529114,0.00012,0.16804127395153046,0.0
9371.0,9371.0,24.0,0.051519475877285004,0.00012,0.07501618564128876,0.0
9372.0,9372.0,24.0,0.0602027028799057,0.00012,0.17052718997001648,0.0
9373.0,9373.0,24.0,0.06097419559955597,0.00012,0.0772545114159584,0.0
9374.0,9374.0,24.0,0.05269642919301987,0.00012,0.09116888046264648,0.0
9375.0,9375.0,24.0,0.06975022703409195,0.00012,0.14076505601406097,0.0
9376.0,9376.0,24.0,0.04667634144425392,0.00012,0.051954757422208786,0.0
9377.0,9377.0,24.0,0.05862338840961456,0.00012,0.09125624597072601,0.0
9378.0,9378.0,24.0,0.049894802272319794,0.00012,0.1336144655942917,0.0
9379.0,9379.0,24.0,0.07532119750976562,0.00012,0.11033365875482559,0.0
9380.0,9380.0,24.0,0.05358374863862991,0.00012,0.1413869857788086,0.0
9381.0,9381.0,24.0,0.05504004657268524,0.00012,0.0731000080704689,0.0
9382.0,9382.0,24.0,0.06640542298555374,0.00012,0.14475107192993164,0.0
9383.0,9383.0,24.0,0.053619805723428726,0.00012,0.12219663709402084,0.0
9384.0,9384.0,24.0,0.05013430863618851,0.00012,0.13586251437664032,0.0
9385.0,9385.0,24.0,0.05466512590646744,0.00012,0.1462753862142563,0.0
9386.0,9386.0,24.0,0.06819109618663788,0.00012,0.07333482801914215,0.0
9387.0,9387.0,24.0,0.053934115916490555,0.00012,0.1362745612859726,0.0
9388.0,9388.0,24.0,0.06530233472585678,0.00012,0.10585079342126846,0.0
9389.0,9389.0,24.0,0.06704504787921906,0.00012,0.09769541770219803,0.0
9390.0,9390.0,24.0,0.04992307722568512,0.00012,0.09112751483917236,0.0
9391.0,9391.0,24.0,0.05773155391216278,0.00012,0.13135002553462982,0.0
9392.0,9392.0,24.0,0.04676182568073273,0.00012,0.11130373179912567,0.0
9393.0,9393.0,24.0,0.047144968062639236,0.00012,0.0634123831987381,0.0
9394.0,9394.0,24.0,0.059391364455223083,0.00012,0.12201029062271118,0.0
9395.0,9395.0,24.0,0.0598977655172348,0.00012,0.0480181910097599,0.0
9396.0,9396.0,24.0,0.0557992085814476,0.00012,0.08996599167585373,0.0
9397.0,9397.0,24.0,0.07032894343137741,0.00012,0.11991919577121735,0.0
9398.0,9398.0,24.0,0.056321144104003906,0.00012,0.05606590583920479,0.0
9399.0,9399.0,24.0,0.049501076340675354,0.00012,0.14973366260528564,0.0
9400.0,9400.0,24.0,0.059807874262332916,0.00012,0.0842171311378479,0.0
9401.0,9401.0,24.0,0.04841192066669464,0.00012,0.1377314180135727,0.0
9402.0,9402.0,24.0,0.06719888746738434,0.00012,0.08097907900810242,0.0
9403.0,9403.0,24.0,0.05810098722577095,0.00012,0.09590047597885132,0.0
9404.0,9404.0,24.0,0.059131428599357605,0.00012,0.07567489892244339,0.0
9405.0,9405.0,24.0,0.04857589304447174,0.00012,0.1353958696126938,0.0
9406.0,9406.0,24.0,0.053215865045785904,0.00012,0.10929345339536667,0.0
9407.0,9407.0,24.0,0.07258004695177078,0.00012,0.08998291194438934,0.0
9408.0,9408.0,24.0,0.06468802690505981,0.00012,0.13363705575466156,0.0
9409.0,9409.0,24.0,0.059859499335289,0.00012,0.13932731747627258,0.0
9410.0,9410.0,24.0,0.059450678527355194,0.00012,0.11303757131099701,0.0
9411.0,9411.0,24.0,0.06121465936303139,0.00012,0.059841569513082504,0.0
9412.0,9412.0,24.0,0.051762163639068604,0.00012,0.09385024011135101,0.0
9413.0,9413.0,24.0,0.06177719682455063,0.00012,0.061248309910297394,0.0
9414.0,9414.0,24.0,0.04857155308127403,0.00012,0.06847914308309555,0.0
9415.0,9415.0,24.0,0.06804051250219345,0.00012,0.12894773483276367,0.0
9416.0,9416.0,24.0,0.060757506638765335,0.00012,0.06830251216888428,0.0
9417.0,9417.0,24.0,0.06512103974819183,0.00012,0.08356600254774094,0.0
9418.0,9418.0,24.0,0.04902578890323639,0.00012,0.15345466136932373,0.0
9419.0,9419.0,24.0,0.06681765615940094,0.00012,0.109869584441185,0.0
9420.0,9420.0,24.0,0.045571088790893555,0.00012,0.13658739626407623,0.0
9421.0,9421.0,24.0,0.07033775746822357,0.00012,0.12355408817529678,0.0
9422.0,9422.0,24.0,0.053040601313114166,0.00012,0.1091463714838028,0.0
9423.0,9423.0,24.0,0.06740094721317291,0.00012,0.08408984541893005,0.0
9424.0,9424.0,24.0,0.05875501409173012,0.00012,0.08266794681549072,0.0
9425.0,9425.0,24.0,0.05935755744576454,0.00012,0.10317643731832504,0.0
9426.0,9426.0,24.0,0.052284277975559235,0.00012,0.13487128913402557,0.0
9427.0,9427.0,24.0,0.06416476517915726,0.00012,0.07291091978549957,0.0
9428.0,9428.0,24.0,0.060535043478012085,0.00012,0.13378174602985382,0.0
9429.0,9429.0,24.0,0.06057082116603851,0.00012,0.10854049026966095,0.0
9430.0,9430.0,24.0,0.06634041666984558,0.00012,0.19309717416763306,0.0
9431.0,9431.0,24.0,0.06488573551177979,0.00012,0.10919445753097534,0.0
9432.0,9432.0,24.0,0.057417094707489014,0.00012,0.10992585122585297,0.0
9433.0,9433.0,24.0,0.05348899960517883,0.00012,0.11100143194198608,0.0
9434.0,9434.0,24.0,0.04590970650315285,0.00012,0.13295389711856842,0.0
9435.0,9435.0,24.0,0.0729932114481926,0.00012,0.1009024977684021,0.0
9436.0,9436.0,24.0,0.04732340946793556,0.00012,0.14381465315818787,0.0
9437.0,9437.0,24.0,0.052250392735004425,0.00012,0.16804759204387665,0.0
9438.0,9438.0,24.0,0.07755875587463379,0.00012,0.1061561331152916,0.0
9439.0,9439.0,24.0,0.05418245121836662,0.00012,0.07244979590177536,0.0
9440.0,9440.0,24.0,0.05577888712286949,0.00012,0.13241226971149445,0.0
9441.0,9441.0,24.0,0.056558676064014435,0.00012,0.0784762054681778,0.0
9442.0,9442.0,24.0,0.04933927208185196,0.00012,0.10651496797800064,0.0
9443.0,9443.0,24.0,0.0551399365067482,0.00012,0.05485978722572327,0.0
9444.0,9444.0,24.0,0.07148796319961548,0.00012,0.12799488008022308,0.0
9445.0,9445.0,24.0,0.05917872488498688,0.00012,0.08647915720939636,0.0
9446.0,9446.0,24.0,0.06042848527431488,0.00012,0.1504608392715454,0.0
9447.0,9447.0,24.0,0.05423799157142639,0.00012,0.13112306594848633,0.0
9448.0,9448.0,24.0,0.057089049369096756,0.00012,0.08901585638523102,0.0
9449.0,9449.0,24.0,0.05006680637598038,0.00012,0.18039970099925995,0.0
9450.0,9450.0,24.0,0.04729331284761429,0.00012,0.14950871467590332,0.0
9451.0,9451.0,24.0,0.0706089437007904,0.00012,0.08560612797737122,0.0
9452.0,9452.0,24.0,0.06276830285787582,0.00012,0.09731070697307587,0.0
9453.0,9453.0,24.0,0.06964565068483353,0.00012,0.17923928797245026,0.0
9454.0,9454.0,24.0,0.05402499809861183,0.00012,0.07656107097864151,0.0
9455.0,9455.0,24.0,0.07310985773801804,0.00012,0.1765075922012329,0.0
9456.0,9456.0,24.0,0.0499056875705719,0.00012,0.10544107854366302,0.0
9457.0,9457.0,24.0,0.05664282292127609,0.00012,0.12282004207372665,0.0
9458.0,9458.0,24.0,0.05915439873933792,0.00012,0.1299232840538025,0.0
9459.0,9459.0,24.0,0.06108858436346054,0.00012,0.1175011694431305,0.0
9460.0,9460.0,24.0,0.05735335126519203,0.00012,0.08202794194221497,0.0
9461.0,9461.0,24.0,0.05411780625581741,0.00012,0.0952577069401741,0.0
9462.0,9462.0,24.0,0.04060856252908707,0.00012,0.06829092651605606,0.0
9463.0,9463.0,24.0,0.06612127274274826,0.00012,0.06555718928575516,0.0
9464.0,9464.0,24.0,0.053719017654657364,0.00012,0.06495495140552521,0.0
9465.0,9465.0,24.0,0.06358223408460617,0.00012,0.08421941846609116,0.0
9466.0,9466.0,24.0,0.07283100485801697,0.00012,0.06816644221544266,0.0
9467.0,9467.0,24.0,0.06064099073410034,0.00012,0.10720904171466827,0.0
9468.0,9468.0,24.0,0.05015748739242554,0.00012,0.07716285437345505,0.0
9469.0,9469.0,24.0,0.059341344982385635,0.00012,0.09780696779489517,0.0
9470.0,9470.0,24.0,0.060967568308115005,0.00012,0.09417474269866943,0.0
9471.0,9471.0,24.0,0.05751071870326996,0.00012,0.07725507766008377,0.0
9472.0,9472.0,24.0,0.06572092324495316,0.00012,0.11926760524511337,0.0
9473.0,9473.0,24.0,0.050887562334537506,0.00012,0.07930006086826324,0.0
9474.0,9474.0,24.0,0.062365178018808365,0.00012,0.08997678011655807,0.0
9475.0,9475.0,24.0,0.05205649882555008,0.00012,0.07557911425828934,0.0
9476.0,9476.0,24.0,0.058762721717357635,0.00012,0.07245521247386932,0.0
9477.0,9477.0,24.0,0.05797835439443588,0.00012,0.12727263569831848,0.0
9478.0,9478.0,24.0,0.05920708179473877,0.00012,0.09715049713850021,0.0
9479.0,9479.0,24.0,0.060540445148944855,0.00012,0.15813006460666656,0.0
9480.0,9480.0,24.0,0.05723531171679497,0.00012,0.1152832880616188,0.0
9481.0,9481.0,24.0,0.05446058139204979,0.00012,0.1560899317264557,0.0
9482.0,9482.0,24.0,0.05104447156190872,0.00012,0.10335692018270493,0.0
9483.0,9483.0,24.0,0.05970993638038635,0.00012,0.1841708868741989,0.0
9484.0,9484.0,24.0,0.05412422865629196,0.00012,0.09412677586078644,0.0
9485.0,9485.0,24.0,0.06654104590415955,0.00012,0.15201887488365173,0.0
9486.0,9486.0,24.0,0.05719197541475296,0.00012,0.17083822190761566,0.0
9487.0,9487.0,24.0,0.061295341700315475,0.00012,0.12382370233535767,0.0
9488.0,9488.0,24.0,0.05236878991127014,0.00012,0.17979474365711212,0.0
9489.0,9489.0,24.0,0.05988859385251999,0.00012,0.15079063177108765,0.0
9490.0,9490.0,24.0,0.058173827826976776,0.00012,0.11725402623414993,0.0
9491.0,9491.0,24.0,0.058746904134750366,0.00012,0.20177997648715973,0.0
9492.0,9492.0,24.0,0.06338228285312653,0.00012,0.1277422308921814,0.0
9493.0,9493.0,24.0,0.05290122330188751,0.00012,0.11203324049711227,0.0
9494.0,9494.0,24.0,0.0510389469563961,0.00012,0.12103372067213058,0.0
9495.0,9495.0,24.0,0.053771309554576874,0.00012,0.14476647973060608,0.0
9496.0,9496.0,24.0,0.06141582876443863,0.00012,0.11709579825401306,0.0
9497.0,9497.0,24.0,0.04615803435444832,0.00012,0.10684756934642792,0.0
9498.0,9498.0,24.0,0.052846454083919525,0.00012,0.10348434001207352,0.0
9499.0,9499.0,24.0,0.05273478478193283,0.00012,0.08489122986793518,0.0
9500.0,9500.0,24.0,0.05671914666891098,0.00012,0.17338070273399353,0.0
9501.0,9501.0,24.0,0.06457730382680893,0.00012,0.11252591758966446,0.0
9502.0,9502.0,24.0,0.04930073022842407,0.00012,0.19769127666950226,0.0
9503.0,9503.0,24.0,0.05573973059654236,0.00012,0.13752120733261108,0.0
9504.0,9504.0,24.0,0.056201741099357605,0.00012,0.147443950176239,0.0
9505.0,9505.0,24.0,0.05377607420086861,0.00012,0.15384994447231293,0.0
9506.0,9506.0,24.0,0.04439741373062134,0.00012,0.05979812890291214,0.0
9507.0,9507.0,24.0,0.05411780998110771,0.00012,0.19882695376873016,0.0
9508.0,9508.0,24.0,0.04967859387397766,0.00012,0.08734815567731857,0.0
9509.0,9509.0,24.0,0.05805697292089462,0.00012,0.17984408140182495,0.0
9510.0,9510.0,24.0,0.05656101182103157,0.00012,0.08972038328647614,0.0
9511.0,9511.0,24.0,0.05182082578539848,0.00012,0.08410034328699112,0.0
9512.0,9512.0,24.0,0.06432520598173141,0.00012,0.08696119487285614,0.0
9513.0,9513.0,24.0,0.05842018872499466,0.00012,0.0906696617603302,0.0
9514.0,9514.0,24.0,0.06881996989250183,0.00012,0.14134006202220917,0.0
9515.0,9515.0,24.0,0.06655969470739365,0.00012,0.14290465414524078,0.0
9516.0,9516.0,24.0,0.053476907312870026,0.00012,0.10433418303728104,0.0
9517.0,9517.0,24.0,0.05020173639059067,0.00012,0.14366011321544647,0.0
9518.0,9518.0,24.0,0.06603759527206421,0.00012,0.14411672949790955,0.0
9519.0,9519.0,24.0,0.04666537791490555,0.00012,0.07677007466554642,0.0
9520.0,9520.0,24.0,0.06146584078669548,0.00012,0.08985355496406555,0.0
9521.0,9521.0,24.0,0.06170186772942543,0.00012,0.1272893100976944,0.0
9522.0,9522.0,24.0,0.05288539454340935,0.00012,0.10766085982322693,0.0
9523.0,9523.0,24.0,0.05103810131549835,0.00012,0.15043602883815765,0.0
9524.0,9524.0,24.0,0.053708769381046295,0.00012,0.21478265523910522,0.0
9525.0,9525.0,24.0,0.0636734813451767,0.00012,0.13627517223358154,0.0
9526.0,9526.0,24.0,0.05254629999399185,0.00012,0.11901190131902695,0.0
9527.0,9527.0,24.0,0.05502178519964218,0.00012,0.10097653418779373,0.0
9528.0,9528.0,24.0,0.06188541650772095,0.00012,0.14468535780906677,0.0
9529.0,9529.0,24.0,0.05178529769182205,0.00012,0.07318183034658432,0.0
9530.0,9530.0,24.0,0.04329948127269745,0.00012,0.1015726625919342,0.0
9531.0,9531.0,24.0,0.061935555189847946,0.00012,0.11701468378305435,0.0
9532.0,9532.0,24.0,0.04434953257441521,0.00012,0.1172277107834816,0.0
9533.0,9533.0,24.0,0.049374401569366455,0.00012,0.10942037403583527,0.0
9534.0,9534.0,24.0,0.04293905943632126,0.00012,0.10350371152162552,0.0
9535.0,9535.0,24.0,0.053731005638837814,0.00012,0.10539785772562027,0.0
9536.0,9536.0,24.0,0.07825923711061478,0.00012,0.08055761456489563,0.0
9537.0,9537.0,24.0,0.05665121227502823,0.00012,0.11557811498641968,0.0
9538.0,9538.0,24.0,0.04394674673676491,0.00012,0.08780087530612946,0.0
9539.0,9539.0,24.0,0.048025503754615784,0.00012,0.12725715339183807,0.0
9540.0,9540.0,24.0,0.05105948448181152,0.00012,0.11518018692731857,0.0
9541.0,9541.0,24.0,0.04583560302853584,0.00012,0.14334718883037567,0.0
9542.0,9542.0,24.0,0.04830889403820038,0.00012,0.1279250979423523,0.0
9543.0,9543.0,24.0,0.07040897011756897,0.00012,0.1453351527452469,0.0
9544.0,9544.0,24.0,0.04853438213467598,0.00012,0.08215431123971939,0.0
9545.0,9545.0,24.0,0.04943843558430672,0.00012,0.132721409201622,0.0
9546.0,9546.0,24.0,0.06623223423957825,0.00012,0.09665795415639877,0.0
9547.0,9547.0,24.0,0.05273258686065674,0.00012,0.07971986383199692,0.0
9548.0,9548.0,24.0,0.055678557604551315,0.00012,0.13931460678577423,0.0
9549.0,9549.0,24.0,0.05817393213510513,0.00012,0.09035580605268478,0.0
9550.0,9550.0,24.0,0.04877719283103943,0.00012,0.13822680711746216,0.0
9551.0,9551.0,24.0,0.04605623707175255,0.00012,0.10858602076768875,0.0
9552.0,9552.0,24.0,0.06493520736694336,0.00012,0.12436367571353912,0.0
9553.0,9553.0,24.0,0.06882411986589432,0.00012,0.08926304429769516,0.0
9554.0,9554.0,24.0,0.04773411899805069,0.00012,0.1633717566728592,0.0
9555.0,9555.0,24.0,0.051463186740875244,0.00012,0.1315595805644989,0.0
9556.0,9556.0,24.0,0.05989576131105423,0.00012,0.11014940589666367,0.0
9557.0,9557.0,24.0,0.07640685886144638,0.00012,0.15032897889614105,0.0
9558.0,9558.0,24.0,0.06188198924064636,0.00012,0.066547691822052,0.0
9559.0,9559.0,24.0,0.05265585333108902,0.00012,0.08974750339984894,0.0
9560.0,9560.0,24.0,0.05970526486635208,0.00012,0.10864697396755219,0.0
9561.0,9561.0,24.0,0.052544064819812775,0.00012,0.10386337339878082,0.0
9562.0,9562.0,24.0,0.05712173134088516,0.00012,0.07043096423149109,0.0
9563.0,9563.0,24.0,0.057228438556194305,0.00012,0.20398829877376556,0.0
9564.0,9564.0,24.0,0.05655232071876526,0.00012,0.11875184625387192,0.0
9565.0,9565.0,24.0,0.07649018615484238,0.00012,0.20091362297534943,0.0
9566.0,9566.0,24.0,0.05322825163602829,0.00012,0.1253974586725235,0.0
9567.0,9567.0,24.0,0.05544370785355568,0.00012,0.18054208159446716,0.0
9568.0,9568.0,24.0,0.06504499167203903,0.00012,0.137552410364151,0.0
9569.0,9569.0,24.0,0.054158151149749756,0.00012,0.1410338133573532,0.0
9570.0,9570.0,24.0,0.06050172448158264,0.00012,0.18629901111125946,0.0
9571.0,9571.0,24.0,0.0548640638589859,0.00012,0.09418253600597382,0.0
9572.0,9572.0,24.0,0.06480541825294495,0.00012,0.2049059420824051,0.0
9573.0,9573.0,24.0,0.06004222854971886,0.00012,0.17873792350292206,0.0
9574.0,9574.0,24.0,0.06550252437591553,0.00012,0.1843680888414383,0.0
9575.0,9575.0,24.0,0.05651422590017319,0.00012,0.1300770491361618,0.0
9576.0,9576.0,24.0,0.05402720347046852,0.00012,0.19832798838615417,0.0
9577.0,9577.0,24.0,0.054379355162382126,0.00012,0.1328778713941574,0.0
9578.0,9578.0,24.0,0.07512500882148743,0.00012,0.20014876127243042,0.0
9579.0,9579.0,24.0,0.048137299716472626,0.00012,0.18543480336666107,0.0
9580.0,9580.0,24.0,0.05771434307098389,0.00012,0.12498463690280914,0.0
9581.0,9581.0,24.0,0.03989846631884575,0.00012,0.16347669064998627,0.0
9582.0,9582.0,24.0,0.06215021386742592,0.00012,0.15140873193740845,0.0
9583.0,9583.0,24.0,0.053837355226278305,0.00012,0.155647411942482,0.0
9584.0,9584.0,24.0,0.060744334012269974,0.00012,0.1480831503868103,0.0
9585.0,9585.0,24.0,0.05022057890892029,0.00012,0.14349573850631714,0.0
9586.0,9586.0,24.0,0.049539923667907715,0.00012,0.14367994666099548,0.0
9587.0,9587.0,24.0,0.06623107939958572,0.00012,0.12176437675952911,0.0
9588.0,9588.0,24.0,0.05694720894098282,0.00012,0.10732390731573105,0.0
9589.0,9589.0,24.0,0.06771136820316315,0.00012,0.07659253478050232,0.0
9590.0,9590.0,24.0,0.07295331358909607,0.00012,0.08126142621040344,0.0
9591.0,9591.0,24.0,0.04866594821214676,0.00012,0.14325356483459473,0.0
9592.0,9592.0,24.0,0.06390903890132904,0.00012,0.08600880205631256,0.0
9593.0,9593.0,24.0,0.05065751075744629,0.00012,0.18706610798835754,0.0
9594.0,9594.0,24.0,0.05349275469779968,0.00012,0.1384635716676712,0.0
9595.0,9595.0,24.0,0.05054948851466179,0.00012,0.1362355500459671,0.0
9596.0,9596.0,24.0,0.06886036694049835,0.00012,0.12204533815383911,0.0
9597.0,9597.0,24.0,0.06670883297920227,0.00012,0.09132421016693115,0.0
9598.0,9598.0,24.0,0.059125617146492004,0.00012,0.1019078716635704,0.0
9599.0,9599.0,24.0,0.05508514121174812,0.00012,0.1072598323225975,0.0
9600.0,9600.0,24.0,0.05489959940314293,0.00012,0.10621219128370285,0.0
9601.0,9601.0,24.0,0.06299465894699097,0.00012,0.18008822202682495,0.0
9602.0,9602.0,24.0,0.0491364561021328,0.00012,0.11234835535287857,0.0
9603.0,9603.0,24.0,0.05685403198003769,0.00012,0.11491169780492783,0.0
9604.0,9604.0,24.0,0.0595998615026474,0.00012,0.11126486212015152,0.0
9605.0,9605.0,24.0,0.0477248840034008,0.00012,0.1154809221625328,0.0
9606.0,9606.0,24.0,0.0843609869480133,0.00012,0.13967306911945343,0.0
9607.0,9607.0,24.0,0.046672429889440536,0.00012,0.11356575787067413,0.0
9608.0,9608.0,24.0,0.04921054095029831,0.00012,0.12624748051166534,0.0
9609.0,9609.0,24.0,0.06420303881168365,0.00012,0.07364606857299805,0.0
9610.0,9610.0,24.0,0.0558660626411438,0.00012,0.17491573095321655,0.0
9611.0,9611.0,24.0,0.05898840352892876,0.00012,0.0769951269030571,0.0
9612.0,9612.0,24.0,0.058708835393190384,0.00012,0.23718571662902832,0.0
9613.0,9613.0,24.0,0.051288336515426636,0.00012,0.05861745774745941,0.0
9614.0,9614.0,24.0,0.0657489001750946,0.00012,0.18256425857543945,0.0
9615.0,9615.0,24.0,0.05431528016924858,0.00012,0.08936676383018494,0.0
9616.0,9616.0,24.0,0.057064712047576904,0.00012,0.1769113838672638,0.0
9617.0,9617.0,24.0,0.05500757321715355,0.00012,0.11323941498994827,0.0
9618.0,9618.0,24.0,0.04930243268609047,0.00012,0.17135430872440338,0.0
9619.0,9619.0,24.0,0.062009550631046295,0.00012,0.12202063202857971,0.0
9620.0,9620.0,24.0,0.0650634914636612,0.00012,0.17774389684200287,0.0
9621.0,9621.0,24.0,0.07138536870479584,0.00012,0.08659783005714417,0.0
9622.0,9622.0,24.0,0.0551808625459671,0.00012,0.17515075206756592,0.0
9623.0,9623.0,24.0,0.06452508270740509,0.00012,0.08645135164260864,0.0
9624.0,9624.0,24.0,0.04875143617391586,0.00012,0.1100330725312233,0.0
9625.0,9625.0,24.0,0.04864963889122009,0.00012,0.19732633233070374,0.0
9626.0,9626.0,24.0,0.060155849903821945,0.00012,0.14871586859226227,0.0
9627.0,9627.0,24.0,0.06382417678833008,0.00012,0.15629033744335175,0.0
9628.0,9628.0,24.0,0.06127554550766945,0.00012,0.1305672824382782,0.0
9629.0,9629.0,24.0,0.06026718392968178,0.00012,0.1920473873615265,0.0
9630.0,9630.0,24.0,0.04044482111930847,0.00012,0.06600038707256317,0.0
9631.0,9631.0,24.0,0.05382191762328148,0.00012,0.1718825250864029,0.0
9632.0,9632.0,24.0,0.07094654440879822,0.00012,0.14127115905284882,0.0
9633.0,9633.0,24.0,0.05750737339258194,0.00012,0.1796463429927826,0.0
9634.0,9634.0,24.0,0.06586721539497375,0.00012,0.18246003985404968,0.0
9635.0,9635.0,24.0,0.057920053601264954,0.00012,0.17703835666179657,0.0
9636.0,9636.0,24.0,0.04346831887960434,0.00012,0.1782716065645218,0.0
9637.0,9637.0,24.0,0.05194704979658127,0.00012,0.11811930686235428,0.0
9638.0,9638.0,24.0,0.06088399514555931,0.00012,0.24246133863925934,0.0
9639.0,9639.0,24.0,0.0534367598593235,0.00012,0.06125377118587494,0.0
9640.0,9640.0,24.0,0.060909807682037354,0.00012,0.23012225329875946,0.0
9641.0,9641.0,24.0,0.05069638043642044,0.00012,0.22054724395275116,0.0
9642.0,9642.0,24.0,0.06566824018955231,0.00012,0.15029223263263702,0.0
9643.0,9643.0,24.0,0.06237354874610901,0.00012,0.247627392411232,0.0
9644.0,9644.0,24.0,0.047327760607004166,0.00012,0.16526028513908386,0.0
9645.0,9645.0,24.0,0.06845208257436752,0.00012,0.1892448514699936,0.0
9646.0,9646.0,24.0,0.061099059879779816,0.00012,0.21291454136371613,0.0
9647.0,9647.0,24.0,0.05684819445014,0.00012,0.21234221756458282,0.0
9648.0,9648.0,24.0,0.06347929686307907,0.00012,0.24313634634017944,0.0
9649.0,9649.0,24.0,0.07052268832921982,0.00012,0.1881321221590042,0.0
9650.0,9650.0,24.0,0.05885884165763855,0.00012,0.20549635589122772,0.0
9651.0,9651.0,24.0,0.06039924547076225,0.00012,0.2084082067012787,0.0
9652.0,9652.0,24.0,0.04978939890861511,0.00012,0.20504087209701538,0.0
9653.0,9653.0,24.0,0.04658930003643036,0.00012,0.22313997149467468,0.0
9654.0,9654.0,24.0,0.06301691383123398,0.00012,0.13962242007255554,0.0
9655.0,9655.0,24.0,0.05110117793083191,0.00012,0.18941707909107208,0.0
9656.0,9656.0,24.0,0.0614919438958168,0.00012,0.11841441690921783,0.0
9657.0,9657.0,24.0,0.058428410440683365,0.00012,0.12953004240989685,0.0
9658.0,9658.0,24.0,0.062155649065971375,0.00012,0.16262522339820862,0.0
9659.0,9659.0,24.0,0.0551462396979332,0.00012,0.08680988103151321,0.0
9660.0,9660.0,24.0,0.06139823794364929,0.00012,0.12269726395606995,0.0
9661.0,9661.0,24.0,0.06703048944473267,0.00012,0.12471731752157211,0.0
9662.0,9662.0,24.0,0.053314387798309326,0.00012,0.06477056443691254,0.0
9663.0,9663.0,24.0,0.0524669885635376,0.00012,0.12260833382606506,0.0
9664.0,9664.0,24.0,0.05913791432976723,0.00012,0.13297916948795319,0.0
9665.0,9665.0,24.0,0.05752634257078171,0.00012,0.06887219101190567,0.0
9666.0,9666.0,24.0,0.05473930761218071,0.00012,0.1793617457151413,0.0
9667.0,9667.0,24.0,0.058437466621398926,0.00012,0.10688411444425583,0.0
9668.0,9668.0,24.0,0.053936682641506195,0.00012,0.05584760755300522,0.0
9669.0,9669.0,24.0,0.05838242173194885,0.00012,0.19850924611091614,0.0
9670.0,9670.0,24.0,0.0537848137319088,0.00012,0.1290881484746933,0.0
9671.0,9671.0,24.0,0.0754152238368988,0.00012,0.15291960537433624,0.0
9672.0,9672.0,24.0,0.06252124160528183,0.00012,0.1825697273015976,0.0
9673.0,9673.0,24.0,0.054141271859407425,0.00012,0.09476440399885178,0.0
9674.0,9674.0,24.0,0.05849393829703331,0.00012,0.09721492975950241,0.0
9675.0,9675.0,24.0,0.07059543579816818,0.00012,0.10293164849281311,0.0
9676.0,9676.0,24.0,0.05724980682134628,0.00012,0.06702274084091187,0.0
9677.0,9677.0,24.0,0.045242518186569214,0.00012,0.09175970405340195,0.0
9678.0,9678.0,24.0,0.05341210961341858,0.00012,0.09698732942342758,0.0
9679.0,9679.0,24.0,0.05396995320916176,0.00012,0.1547771394252777,0.0
9680.0,9680.0,24.0,0.06522788852453232,0.00012,0.11823900043964386,0.0
9681.0,9681.0,24.0,0.06937120854854584,0.00012,0.21991795301437378,0.0
9682.0,9682.0,24.0,0.06885315477848053,0.00012,0.12418101727962494,0.0
9683.0,9683.0,24.0,0.05067579820752144,0.00012,0.08999460190534592,0.0
9684.0,9684.0,24.0,0.05068565905094147,0.00012,0.12353216856718063,0.0
9685.0,9685.0,24.0,0.05617775768041611,0.00012,0.09588129818439484,0.0
9686.0,9686.0,24.0,0.06353029608726501,0.00012,0.05273409187793732,0.0
9687.0,9687.0,24.0,0.052562322467565536,0.00012,0.1257280707359314,0.0
9688.0,9688.0,24.0,0.05660465732216835,0.00012,0.0516493134200573,0.0
9689.0,9689.0,24.0,0.050608277320861816,0.00012,0.11632437258958817,0.0
9690.0,9690.0,24.0,0.05618450045585632,0.00012,0.06685255467891693,0.0
9691.0,9691.0,24.0,0.05573129653930664,0.00012,0.08742731064558029,0.0
9692.0,9692.0,24.0,0.07859499752521515,0.00012,0.06340409815311432,0.0
9693.0,9693.0,24.0,0.0727875754237175,0.00012,0.08770306408405304,0.0
9694.0,9694.0,24.0,0.06843871623277664,0.00012,0.08910979330539703,0.0
9695.0,9695.0,24.0,0.05037115514278412,0.00012,0.06351374834775925,0.0
9696.0,9696.0,24.0,0.05143628641963005,0.00012,0.09298056364059448,0.0
9697.0,9697.0,24.0,0.05489501357078552,0.00012,0.06544853746891022,0.0
9698.0,9698.0,24.0,0.06449081003665924,0.00012,0.08198583871126175,0.0
9699.0,9699.0,24.0,0.04975813627243042,0.00012,0.07811760157346725,0.0
9700.0,9700.0,24.0,0.0463717058300972,0.00012,0.10610289871692657,0.0
9701.0,9701.0,24.0,0.06028326600790024,0.00012,0.09323906898498535,0.0
9702.0,9702.0,24.0,0.044833846390247345,0.00012,0.08276668190956116,0.0
9703.0,9703.0,24.0,0.05982975661754608,0.00012,0.0748395249247551,0.0
9704.0,9704.0,24.0,0.04921771585941315,0.00012,0.11933806538581848,0.0
9705.0,9705.0,24.0,0.051717810332775116,0.00012,0.1256314516067505,0.0
9706.0,9706.0,24.0,0.06280220299959183,0.00012,0.07527995854616165,0.0
9707.0,9707.0,24.0,0.06668415665626526,0.00012,0.1291985809803009,0.0
9708.0,9708.0,24.0,0.07306931167840958,0.00012,0.1280374526977539,0.0
9709.0,9709.0,24.0,0.04661089926958084,0.00012,0.10711075365543365,0.0
9710.0,9710.0,24.0,0.07007281482219696,0.00012,0.15280431509017944,0.0
9711.0,9711.0,24.0,0.08296345919370651,0.00012,0.1764393150806427,0.0
9712.0,9712.0,24.0,0.062401361763477325,0.00012,0.17446759343147278,0.0
9713.0,9713.0,24.0,0.04506570100784302,0.00012,0.17326290905475616,0.0
9714.0,9714.0,24.0,0.06422154605388641,0.00012,0.19992850720882416,0.0
9715.0,9715.0,24.0,0.06077944114804268,0.00012,0.1657860279083252,0.0
9716.0,9716.0,24.0,0.05689948424696922,0.00012,0.11193163692951202,0.0
9717.0,9717.0,24.0,0.05744693800806999,0.00012,0.16205844283103943,0.0
9718.0,9718.0,24.0,0.0466436967253685,0.00012,0.1250251680612564,0.0
9719.0,9719.0,24.0,0.05874981731176376,0.00012,0.13103513419628143,0.0
9720.0,9720.0,24.0,0.05845698341727257,0.00012,0.18810102343559265,0.0
9721.0,9721.0,24.0,0.06048176437616348,0.00012,0.1133834719657898,0.0
9722.0,9722.0,24.0,0.048062071204185486,0.00012,0.11801323294639587,0.0
9723.0,9723.0,24.0,0.07073378562927246,0.00012,0.08504316955804825,0.0
9724.0,9724.0,24.0,0.05666164308786392,0.00012,0.1581672877073288,0.0
9725.0,9725.0,24.0,0.0560799166560173,0.00012,0.14094644784927368,0.0
9726.0,9726.0,24.0,0.051230788230895996,0.00012,0.15074488520622253,0.0
9727.0,9727.0,24.0,0.04389866068959236,0.00012,0.21128317713737488,0.0
9728.0,9728.0,24.0,0.05185588449239731,0.00012,0.07618770003318787,0.0
9729.0,9729.0,24.0,0.05130113661289215,0.00012,0.1489475667476654,0.0
9730.0,9730.0,24.0,0.058473385870456696,0.00012,0.17649412155151367,0.0
9731.0,9731.0,24.0,0.06872648745775223,0.00012,0.09430940449237823,0.0
9732.0,9732.0,24.0,0.053445037454366684,0.00012,0.12054931372404099,0.0
9733.0,9733.0,24.0,0.0474143885076046,0.00012,0.13112516701221466,0.0
9734.0,9734.0,24.0,0.07226869463920593,0.00012,0.0802491158246994,0.0
9735.0,9735.0,24.0,0.0530310682952404,0.00012,0.08664890378713608,0.0
9736.0,9736.0,24.0,0.06026093661785126,0.00012,0.12793396413326263,0.0
9737.0,9737.0,24.0,0.050964679569005966,0.00012,0.07142577320337296,0.0
9738.0,9738.0,24.0,0.05763392150402069,0.00012,0.054594483226537704,0.0
9739.0,9739.0,24.0,0.06813111901283264,0.00012,0.08867406100034714,0.0
9740.0,9740.0,24.0,0.05943175405263901,0.00012,0.04944569990038872,0.0
9741.0,9741.0,24.0,0.06120026856660843,0.00012,0.06131674721837044,0.0
9742.0,9742.0,24.0,0.05006207898259163,0.00012,0.07170222699642181,0.0
9743.0,9743.0,24.0,0.06238601356744766,0.00012,0.0555129311978817,0.0
9744.0,9744.0,24.0,0.08063484728336334,0.00012,0.07398419082164764,0.0
9745.0,9745.0,24.0,0.060344815254211426,0.00012,0.10216829180717468,0.0
9746.0,9746.0,24.0,0.041776105761528015,0.00012,0.06596897542476654,0.0
9747.0,9747.0,24.0,0.0691758245229721,0.00012,0.07624319940805435,0.0
9748.0,9748.0,24.0,0.05431974306702614,0.00012,0.07602908462285995,0.0
9749.0,9749.0,24.0,0.06678380817174911,0.00012,0.07627300918102264,0.0
9750.0,9750.0,24.0,0.056990958750247955,0.00012,0.10497498512268066,0.0
9751.0,9751.0,25.0,0.05681698024272919,0.00012,0.09572357684373856,0.0
9752.0,9752.0,25.0,0.05279209837317467,0.00012,0.09979289770126343,0.0
9753.0,9753.0,25.0,0.04552508890628815,0.00012,0.12772423028945923,0.0
9754.0,9754.0,25.0,0.06926558166742325,0.00012,0.07543333619832993,0.0
9755.0,9755.0,25.0,0.05397123843431473,0.00012,0.06290876120328903,0.0
9756.0,9756.0,25.0,0.05917485058307648,0.00012,0.1386042684316635,0.0
9757.0,9757.0,25.0,0.06910102069377899,0.00012,0.11108531802892685,0.0
9758.0,9758.0,25.0,0.06801505386829376,0.00012,0.11090102046728134,0.0
9759.0,9759.0,25.0,0.04812469333410263,0.00012,0.08938119560480118,0.0
9760.0,9760.0,25.0,0.06424396485090256,0.00012,0.13135911524295807,0.0
9761.0,9761.0,25.0,0.06287732720375061,0.00012,0.08399038016796112,0.0
9762.0,9762.0,25.0,0.04779825359582901,0.00012,0.09046326577663422,0.0
9763.0,9763.0,25.0,0.05179315805435181,0.00012,0.07825417071580887,0.0
9764.0,9764.0,25.0,0.06264699250459671,0.00012,0.08847411721944809,0.0
9765.0,9765.0,25.0,0.05691099166870117,0.00012,0.1054530143737793,0.0
9766.0,9766.0,25.0,0.0561242550611496,0.00012,0.11791485548019409,0.0
9767.0,9767.0,25.0,0.05889907479286194,0.00012,0.09171722084283829,0.0
9768.0,9768.0,25.0,0.05819834768772125,0.00012,0.060835953801870346,0.0
9769.0,9769.0,25.0,0.06763023138046265,0.00012,0.07125099748373032,0.0
9770.0,9770.0,25.0,0.0628194659948349,0.00012,0.1362312138080597,0.0
9771.0,9771.0,25.0,0.04862962290644646,0.00012,0.0811784639954567,0.0
9772.0,9772.0,25.0,0.05493061989545822,0.00012,0.16122762858867645,0.0
9773.0,9773.0,25.0,0.06172499433159828,0.00012,0.13032972812652588,0.0
9774.0,9774.0,25.0,0.0502617210149765,0.00012,0.12178713828325272,0.0
9775.0,9775.0,25.0,0.06077272444963455,0.00012,0.13386426866054535,0.0
9776.0,9776.0,25.0,0.06506259739398956,0.00012,0.10379981994628906,0.0
9777.0,9777.0,25.0,0.046269215643405914,0.00012,0.05907471105456352,0.0
9778.0,9778.0,25.0,0.05052940547466278,0.00012,0.09041622281074524,0.0
9779.0,9779.0,25.0,0.07379679381847382,0.00012,0.08470509201288223,0.0
9780.0,9780.0,25.0,0.06310586631298065,0.00012,0.06939343363046646,0.0
9781.0,9781.0,25.0,0.06139308214187622,0.00012,0.09568988531827927,0.0
9782.0,9782.0,25.0,0.04999862238764763,0.00012,0.07988861948251724,0.0
9783.0,9783.0,25.0,0.06753461062908173,0.00012,0.15848886966705322,0.0
9784.0,9784.0,25.0,0.05375600606203079,0.00012,0.05333747714757919,0.0
9785.0,9785.0,25.0,0.05856197327375412,0.00012,0.11188381910324097,0.0
9786.0,9786.0,25.0,0.046945780515670776,0.00012,0.07665003836154938,0.0
9787.0,9787.0,25.0,0.05315640568733215,0.00012,0.09129936993122101,0.0
9788.0,9788.0,25.0,0.06396718323230743,0.00012,0.06720316410064697,0.0
9789.0,9789.0,25.0,0.06105881184339523,0.00012,0.13532842695713043,0.0
9790.0,9790.0,25.0,0.06145840138196945,0.00012,0.07635611295700073,0.0
9791.0,9791.0,25.0,0.04703405126929283,0.00012,0.16848653554916382,0.0
9792.0,9792.0,25.0,0.048303402960300446,0.00012,0.1185077428817749,0.0
9793.0,9793.0,25.0,0.05581096187233925,0.00012,0.07159994542598724,0.0
9794.0,9794.0,25.0,0.05066008120775223,0.00012,0.13287723064422607,0.0
9795.0,9795.0,25.0,0.05077052488923073,0.00012,0.09385054558515549,0.0
9796.0,9796.0,25.0,0.045435480773448944,0.00012,0.08358647674322128,0.0
9797.0,9797.0,25.0,0.05040651559829712,0.00012,0.060647595673799515,0.0
9798.0,9798.0,25.0,0.06656675785779953,0.00012,0.06764616072177887,0.0
9799.0,9799.0,25.0,0.06596101820468903,0.00012,0.0654686689376831,0.0
9800.0,9800.0,25.0,0.057805635035037994,0.00012,0.11810499429702759,0.0
9801.0,9801.0,25.0,0.05805353820323944,0.00012,0.07050482928752899,0.0
9802.0,9802.0,25.0,0.05079297348856926,0.00012,0.07040027529001236,0.0
9803.0,9803.0,25.0,0.052805278450250626,0.00012,0.08749881386756897,0.0
9804.0,9804.0,25.0,0.04636390507221222,0.00012,0.0576106496155262,0.0
9805.0,9805.0,25.0,0.06472048163414001,0.00012,0.05380811542272568,0.0
9806.0,9806.0,25.0,0.04538900405168533,0.00012,0.12066416442394257,0.0
9807.0,9807.0,25.0,0.05322558805346489,0.00012,0.06736349314451218,0.0
9808.0,9808.0,25.0,0.07072912156581879,0.00012,0.1579275280237198,0.0
9809.0,9809.0,25.0,0.06003935635089874,0.00012,0.10604361444711685,0.0
9810.0,9810.0,25.0,0.05531815439462662,0.00012,0.10922219604253769,0.0
9811.0,9811.0,25.0,0.053252413868904114,0.00012,0.1489684283733368,0.0
9812.0,9812.0,25.0,0.06497259438037872,0.00012,0.0730428546667099,0.0
9813.0,9813.0,25.0,0.058336291462183,0.00012,0.16285456717014313,0.0
9814.0,9814.0,25.0,0.04150235652923584,0.00012,0.09444182366132736,0.0
9815.0,9815.0,25.0,0.06875605881214142,0.00012,0.13306760787963867,0.0
9816.0,9816.0,25.0,0.060126349329948425,0.00012,0.12831361591815948,0.0
9817.0,9817.0,25.0,0.05988290160894394,0.00012,0.13898542523384094,0.0
9818.0,9818.0,25.0,0.06842760741710663,0.00012,0.14996829628944397,0.0
9819.0,9819.0,25.0,0.07004638016223907,0.00012,0.15882079303264618,0.0
9820.0,9820.0,25.0,0.051411017775535583,0.00012,0.106310173869133,0.0
9821.0,9821.0,25.0,0.05473385751247406,0.00012,0.11260680109262466,0.0
9822.0,9822.0,25.0,0.055978935211896896,0.00012,0.1505759209394455,0.0
9823.0,9823.0,25.0,0.05296684056520462,0.00012,0.12505139410495758,0.0
9824.0,9824.0,25.0,0.055887628346681595,0.00012,0.10557358711957932,0.0
9825.0,9825.0,25.0,0.0452459380030632,0.00012,0.19659723341464996,0.0
9826.0,9826.0,25.0,0.061038777232170105,0.00012,0.11442176252603531,0.0
9827.0,9827.0,25.0,0.06654519587755203,0.00012,0.14983318746089935,0.0
9828.0,9828.0,25.0,0.055342234671115875,0.00012,0.1917552351951599,0.0
9829.0,9829.0,25.0,0.05102982372045517,0.00012,0.17967337369918823,0.0
9830.0,9830.0,25.0,0.053273893892765045,0.00012,0.14637507498264313,0.0
9831.0,9831.0,25.0,0.04834495484828949,0.00012,0.18132266402244568,0.0
9832.0,9832.0,25.0,0.05434576794505119,0.00012,0.14129620790481567,0.0
9833.0,9833.0,25.0,0.07475905120372772,0.00012,0.17890843749046326,0.0
9834.0,9834.0,25.0,0.057891085743904114,0.00012,0.14052742719650269,0.0
9835.0,9835.0,25.0,0.06218595802783966,0.00012,0.15164168179035187,0.0
9836.0,9836.0,25.0,0.05804101377725601,0.00012,0.1894954890012741,0.0
9837.0,9837.0,25.0,0.05585029721260071,0.00012,0.10942832380533218,0.0
9838.0,9838.0,25.0,0.04987243562936783,0.00012,0.2075692117214203,0.0
9839.0,9839.0,25.0,0.057596705853939056,0.00012,0.17713706195354462,0.0
9840.0,9840.0,25.0,0.06517897546291351,0.00012,0.20766524970531464,0.0
9841.0,9841.0,25.0,0.04875496029853821,0.00012,0.19029371440410614,0.0
9842.0,9842.0,25.0,0.05120549350976944,0.00012,0.09829092025756836,0.0
9843.0,9843.0,25.0,0.05935079604387283,0.00012,0.23402881622314453,0.0
9844.0,9844.0,25.0,0.05651835352182388,0.00012,0.09289144724607468,0.0
9845.0,9845.0,25.0,0.05769329518079758,0.00012,0.2125232070684433,0.0
9846.0,9846.0,25.0,0.060578327625989914,0.00012,0.1604497879743576,0.0
9847.0,9847.0,25.0,0.05959175527095795,0.00012,0.16083183884620667,0.0
9848.0,9848.0,25.0,0.05909660831093788,0.00012,0.22683238983154297,0.0
9849.0,9849.0,25.0,0.06764371693134308,0.00012,0.21468770503997803,0.0
9850.0,9850.0,25.0,0.0504235103726387,0.00012,0.17386674880981445,0.0
9851.0,9851.0,25.0,0.06048842519521713,0.00012,0.11765383183956146,0.0
9852.0,9852.0,25.0,0.05896661803126335,0.00012,0.17069828510284424,0.0
9853.0,9853.0,25.0,0.055665675550699234,0.00012,0.10528136789798737,0.0
9854.0,9854.0,25.0,0.05102524161338806,0.00012,0.25624561309814453,0.0
9855.0,9855.0,25.0,0.06596804410219193,0.00012,0.06755194813013077,0.0
9856.0,9856.0,25.0,0.05180039256811142,0.00012,0.20354361832141876,0.0
9857.0,9857.0,25.0,0.05007319897413254,0.00012,0.11049915850162506,0.0
9858.0,9858.0,25.0,0.0587802417576313,0.00012,0.15956240892410278,0.0
9859.0,9859.0,25.0,0.045743271708488464,0.00012,0.10930602252483368,0.0
9860.0,9860.0,25.0,0.0638226717710495,0.00012,0.13704876601696014,0.0
9861.0,9861.0,25.0,0.05703838914632797,0.00012,0.1254129260778427,0.0
9862.0,9862.0,25.0,0.06382401287555695,0.00012,0.11585473269224167,0.0
9863.0,9863.0,25.0,0.06872937828302383,0.00012,0.18643474578857422,0.0
9864.0,9864.0,25.0,0.05055966228246689,0.00012,0.07478775084018707,0.0
9865.0,9865.0,25.0,0.05935807153582573,0.00012,0.18306410312652588,0.0
9866.0,9866.0,25.0,0.057894665747880936,0.00012,0.17353977262973785,0.0
9867.0,9867.0,25.0,0.06433632969856262,0.00012,0.12771476805210114,0.0
9868.0,9868.0,25.0,0.05587197467684746,0.00012,0.15372073650360107,0.0
9869.0,9869.0,25.0,0.05682462453842163,0.00012,0.08240783959627151,0.0
9870.0,9870.0,25.0,0.056752726435661316,0.00012,0.13923974335193634,0.0
9871.0,9871.0,25.0,0.05665947496891022,0.00012,0.07283616065979004,0.0
9872.0,9872.0,25.0,0.05805496126413345,0.00012,0.1438581794500351,0.0
9873.0,9873.0,25.0,0.053760774433612823,0.00012,0.07635091245174408,0.0
9874.0,9874.0,25.0,0.05585640296339989,0.00012,0.14820575714111328,0.0
9875.0,9875.0,25.0,0.06595990061759949,0.00012,0.11329109966754913,0.0
9876.0,9876.0,25.0,0.05119088292121887,0.00012,0.18024660646915436,0.0
9877.0,9877.0,25.0,0.0612163171172142,0.00012,0.12150869518518448,0.0
9878.0,9878.0,25.0,0.05446527525782585,0.00012,0.07765480875968933,0.0
9879.0,9879.0,25.0,0.05634023994207382,0.00012,0.09930308908224106,0.0
9880.0,9880.0,25.0,0.05311993509531021,0.00012,0.1335950344800949,0.0
9881.0,9881.0,25.0,0.05895819514989853,0.00012,0.07406090945005417,0.0
9882.0,9882.0,25.0,0.03979741781949997,0.00012,0.07254734635353088,0.0
9883.0,9883.0,25.0,0.06189773231744766,0.00012,0.08732091635465622,0.0
9884.0,9884.0,25.0,0.06514906883239746,0.00012,0.05314397066831589,0.0
9885.0,9885.0,25.0,0.05164971202611923,0.00012,0.062430236488580704,0.0
9886.0,9886.0,25.0,0.05212482810020447,0.00012,0.057195745408535004,0.0
9887.0,9887.0,25.0,0.06901636719703674,0.00012,0.07593654841184616,0.0
9888.0,9888.0,25.0,0.06644167006015778,0.00012,0.11992795020341873,0.0
9889.0,9889.0,25.0,0.060139015316963196,0.00012,0.07715757191181183,0.0
9890.0,9890.0,25.0,0.050588227808475494,0.00012,0.10963436216115952,0.0
9891.0,9891.0,25.0,0.0489940419793129,0.00012,0.041912153363227844,0.0
9892.0,9892.0,25.0,0.06807805597782135,0.00012,0.0706416517496109,0.0
9893.0,9893.0,25.0,0.05510431155562401,0.00012,0.060392871499061584,0.0
9894.0,9894.0,25.0,0.072504922747612,0.00012,0.0928584486246109,0.0
9895.0,9895.0,25.0,0.043537817895412445,0.00012,0.10560835152864456,0.0
9896.0,9896.0,25.0,0.042770225554704666,0.00012,0.09124653786420822,0.0
9897.0,9897.0,25.0,0.05898098275065422,0.00012,0.11657234281301498,0.0
9898.0,9898.0,25.0,0.07008469849824905,0.00012,0.09963765740394592,0.0
9899.0,9899.0,25.0,0.06514274328947067,0.00012,0.07599727064371109,0.0
9900.0,9900.0,25.0,0.0572405569255352,0.00012,0.07267171889543533,0.0
9901.0,9901.0,25.0,0.05317408964037895,0.00012,0.05916682630777359,0.0
9902.0,9902.0,25.0,0.046484947204589844,0.00012,0.10649120807647705,0.0
9903.0,9903.0,25.0,0.05895882472395897,0.00012,0.0688185915350914,0.0
9904.0,9904.0,25.0,0.057021625339984894,0.00012,0.10198064893484116,0.0
9905.0,9905.0,25.0,0.060158390551805496,0.00012,0.10808353871107101,0.0
9906.0,9906.0,25.0,0.06293436884880066,0.00012,0.09728951752185822,0.0
9907.0,9907.0,25.0,0.06269177794456482,0.00012,0.10133644193410873,0.0
9908.0,9908.0,25.0,0.05046901851892471,0.00012,0.05461856350302696,0.0
9909.0,9909.0,25.0,0.04590214416384697,0.00012,0.1671924889087677,0.0
9910.0,9910.0,25.0,0.06179876625537872,0.00012,0.10424355417490005,0.0
9911.0,9911.0,25.0,0.06043371558189392,0.00012,0.13665182888507843,0.0
9912.0,9912.0,25.0,0.054371047765016556,0.00012,0.11572948098182678,0.0
9913.0,9913.0,25.0,0.054244741797447205,0.00012,0.133027121424675,0.0
9914.0,9914.0,25.0,0.057681117206811905,0.00012,0.08233509957790375,0.0
9915.0,9915.0,25.0,0.04545580595731735,0.00012,0.06629672646522522,0.0
9916.0,9916.0,25.0,0.047989726066589355,0.00012,0.149067223072052,0.0
9917.0,9917.0,25.0,0.06871549785137177,0.00012,0.08725252002477646,0.0
9918.0,9918.0,25.0,0.05643841624259949,0.00012,0.10334982722997665,0.0
9919.0,9919.0,25.0,0.05191337317228317,0.00012,0.07219284772872925,0.0
9920.0,9920.0,25.0,0.05014301836490631,0.00012,0.1176706850528717,0.0
9921.0,9921.0,25.0,0.05890887230634689,0.00012,0.09286736696958542,0.0
9922.0,9922.0,25.0,0.06701819598674774,0.00012,0.08497485518455505,0.0
9923.0,9923.0,25.0,0.06242366507649422,0.00012,0.08777803927659988,0.0
9924.0,9924.0,25.0,0.055035024881362915,0.00012,0.11546261608600616,0.0
9925.0,9925.0,25.0,0.04882008582353592,0.00012,0.07704967260360718,0.0
9926.0,9926.0,25.0,0.050407253205776215,0.00012,0.15522785484790802,0.0
9927.0,9927.0,25.0,0.05498598888516426,0.00012,0.09215690940618515,0.0
9928.0,9928.0,25.0,0.05310083553195,0.00012,0.11398013681173325,0.0
9929.0,9929.0,25.0,0.058202944695949554,0.00012,0.18059061467647552,0.0
9930.0,9930.0,25.0,0.04882627725601196,0.00012,0.12785106897354126,0.0
9931.0,9931.0,25.0,0.05348442494869232,0.00012,0.12588773667812347,0.0
9932.0,9932.0,25.0,0.05976788327097893,0.00012,0.16083568334579468,0.0
9933.0,9933.0,25.0,0.07069657742977142,0.00012,0.12298327684402466,0.0
9934.0,9934.0,25.0,0.0490848645567894,0.00012,0.15013380348682404,0.0
9935.0,9935.0,25.0,0.07314522564411163,0.00012,0.12394560128450394,0.0
9936.0,9936.0,25.0,0.07305839657783508,0.00012,0.16306325793266296,0.0
9937.0,9937.0,25.0,0.056748777627944946,0.00012,0.11382689327001572,0.0
9938.0,9938.0,25.0,0.06605018675327301,0.00012,0.19065220654010773,0.0
9939.0,9939.0,25.0,0.06744600832462311,0.00012,0.11043461412191391,0.0
9940.0,9940.0,25.0,0.04919690638780594,0.00012,0.14035502076148987,0.0
9941.0,9941.0,25.0,0.05449388176202774,0.00012,0.1725407838821411,0.0
9942.0,9942.0,25.0,0.0708564966917038,0.00012,0.0967542827129364,0.0
9943.0,9943.0,25.0,0.0451333224773407,0.00012,0.08619152754545212,0.0
9944.0,9944.0,25.0,0.06409099698066711,0.00012,0.1997867375612259,0.0
9945.0,9945.0,25.0,0.04936373978853226,0.00012,0.11739902943372726,0.0
9946.0,9946.0,25.0,0.055204570293426514,0.00012,0.13483108580112457,0.0
9947.0,9947.0,25.0,0.05352296680212021,0.00012,0.12054279446601868,0.0
9948.0,9948.0,25.0,0.05258619785308838,0.00012,0.13059002161026,0.0
9949.0,9949.0,25.0,0.05381045490503311,0.00012,0.14728675782680511,0.0
9950.0,9950.0,25.0,0.06580586731433868,0.00012,0.13413585722446442,0.0
9951.0,9951.0,25.0,0.05289090424776077,0.00012,0.1341218501329422,0.0
9952.0,9952.0,25.0,0.04797250032424927,0.00012,0.10344453155994415,0.0
9953.0,9953.0,25.0,0.05097120255231857,0.00012,0.15169091522693634,0.0
9954.0,9954.0,25.0,0.07914780080318451,0.00012,0.13764317333698273,0.0
9955.0,9955.0,25.0,0.06551674008369446,0.00012,0.14489039778709412,0.0
9956.0,9956.0,25.0,0.07241561263799667,0.00012,0.15347501635551453,0.0
9957.0,9957.0,25.0,0.0775921568274498,0.00012,0.09772084653377533,0.0
9958.0,9958.0,25.0,0.05257013440132141,0.00012,0.0886944830417633,0.0
9959.0,9959.0,25.0,0.05428624898195267,0.00012,0.15141218900680542,0.0
9960.0,9960.0,25.0,0.05379246920347214,0.00012,0.08926407992839813,0.0
9961.0,9961.0,25.0,0.05266721546649933,0.00012,0.15954913198947906,0.0
9962.0,9962.0,25.0,0.04997726529836655,0.00012,0.06102632358670235,0.0
9963.0,9963.0,25.0,0.06711313873529434,0.00012,0.12597832083702087,0.0
9964.0,9964.0,25.0,0.05409027263522148,0.00012,0.1075144037604332,0.0
9965.0,9965.0,25.0,0.056383680552244186,0.00012,0.1366148591041565,0.0
9966.0,9966.0,25.0,0.044700950384140015,0.00012,0.10144419968128204,0.0
9967.0,9967.0,25.0,0.05988479033112526,0.00012,0.14397478103637695,0.0
9968.0,9968.0,25.0,0.07850982248783112,0.00012,0.12667644023895264,0.0
9969.0,9969.0,25.0,0.058290623128414154,0.00012,0.14221929013729095,0.0
9970.0,9970.0,25.0,0.06127672269940376,0.00012,0.12073738127946854,0.0
9971.0,9971.0,25.0,0.0667974054813385,0.00012,0.1373782753944397,0.0
9972.0,9972.0,25.0,0.0651499405503273,0.00012,0.09103085845708847,0.0
9973.0,9973.0,25.0,0.051961012184619904,0.00012,0.10805508494377136,0.0
9974.0,9974.0,25.0,0.0627649798989296,0.00012,0.13555291295051575,0.0
9975.0,9975.0,25.0,0.04568680375814438,0.00012,0.08838949352502823,0.0
9976.0,9976.0,25.0,0.05384446680545807,0.00012,0.17856577038764954,0.0
9977.0,9977.0,25.0,0.05471978336572647,0.00012,0.1382274180650711,0.0
9978.0,9978.0,25.0,0.055599089711904526,0.00012,0.236129030585289,0.0
9979.0,9979.0,25.0,0.05915255844593048,0.00012,0.09602474421262741,0.0
9980.0,9980.0,25.0,0.061801791191101074,0.00012,0.1868736445903778,0.0
9981.0,9981.0,25.0,0.05791866034269333,0.00012,0.07350087910890579,0.0
9982.0,9982.0,25.0,0.05455192178487778,0.00012,0.1153840497136116,0.0
9983.0,9983.0,25.0,0.07484567910432816,0.00012,0.13060882687568665,0.0
9984.0,9984.0,25.0,0.05671940743923187,0.00012,0.15313495695590973,0.0
9985.0,9985.0,25.0,0.06133362278342247,0.00012,0.11754761636257172,0.0
9986.0,9986.0,25.0,0.06651736795902252,0.00012,0.2308315932750702,0.0
9987.0,9987.0,25.0,0.053468942642211914,0.00012,0.1163414865732193,0.0
9988.0,9988.0,25.0,0.05077090486884117,0.00012,0.1896115094423294,0.0
9989.0,9989.0,25.0,0.052045732736587524,0.00012,0.17773853242397308,0.0
9990.0,9990.0,25.0,0.05578263849020004,0.00012,0.13906407356262207,0.0
9991.0,9991.0,25.0,0.0671231746673584,0.00012,0.20073410868644714,0.0
9992.0,9992.0,25.0,0.05722571164369583,0.00012,0.13580048084259033,0.0
9993.0,9993.0,25.0,0.051298677921295166,0.00012,0.0970463752746582,0.0
9994.0,9994.0,25.0,0.046883463859558105,0.00012,0.10875759273767471,0.0
9995.0,9995.0,25.0,0.045985959470272064,0.00012,0.15857380628585815,0.0
9996.0,9996.0,25.0,0.06137038767337799,0.00012,0.09843700379133224,0.0
9997.0,9997.0,25.0,0.057523272931575775,0.00012,0.16520673036575317,0.0
9998.0,9998.0,25.0,0.043108757585287094,0.00012,0.0968899056315422,0.0
9999.0,9999.0,25.0,0.06057118996977806,0.00012,0.10816821455955505,0.0
10000.0,10000.0,25.0,0.0724436342716217,0.00012,0.07340588420629501,0.0
10001.0,10001.0,25.0,0.06383398175239563,0.00012,0.17323075234889984,0.0
10002.0,10002.0,25.0,0.05357836186885834,0.00012,0.08577708899974823,0.0
10003.0,10003.0,25.0,0.04949188604950905,0.00012,0.1122150868177414,0.0
10004.0,10004.0,25.0,0.05842074006795883,0.00012,0.14680278301239014,0.0
10005.0,10005.0,25.0,0.06693047285079956,0.00012,0.08844172954559326,0.0
10006.0,10006.0,25.0,0.06041932478547096,0.00012,0.10565773397684097,0.0
10007.0,10007.0,25.0,0.05004918947815895,0.00012,0.12503781914710999,0.0
10008.0,10008.0,25.0,0.061516858637332916,0.00012,0.09898719936609268,0.0
10009.0,10009.0,25.0,0.051134053617715836,0.00012,0.12533755600452423,0.0
10010.0,10010.0,25.0,0.05549298971891403,0.00012,0.16751645505428314,0.0
10011.0,10011.0,25.0,0.047205667942762375,0.00012,0.1641370952129364,0.0
10012.0,10012.0,25.0,0.06701570004224777,0.00012,0.10106490552425385,0.0
10013.0,10013.0,25.0,0.04863917827606201,0.00012,0.16785341501235962,0.0
10014.0,10014.0,25.0,0.05709114670753479,0.00012,0.1288878172636032,0.0
10015.0,10015.0,25.0,0.07730959355831146,0.00012,0.15957143902778625,0.0
10016.0,10016.0,25.0,0.05321192741394043,0.00012,0.11350632458925247,0.0
10017.0,10017.0,25.0,0.04815363883972168,0.00012,0.15716925263404846,0.0
10018.0,10018.0,25.0,0.0668628066778183,0.00012,0.12218231707811356,0.0
10019.0,10019.0,25.0,0.07059641182422638,0.00012,0.08427727222442627,0.0
10020.0,10020.0,25.0,0.060864679515361786,0.00012,0.11470293253660202,0.0
10021.0,10021.0,25.0,0.049450457096099854,0.00012,0.07778605818748474,0.0
10022.0,10022.0,25.0,0.06453460454940796,0.00012,0.13829386234283447,0.0
10023.0,10023.0,25.0,0.04794289171695709,0.00012,0.06464076042175293,0.0
10024.0,10024.0,25.0,0.07021884620189667,0.00012,0.11388899385929108,0.0
10025.0,10025.0,25.0,0.04801597446203232,0.00012,0.13756337761878967,0.0
10026.0,10026.0,25.0,0.05865319445729256,0.00012,0.07832975685596466,0.0
10027.0,10027.0,25.0,0.05420779436826706,0.00012,0.1085268184542656,0.0
10028.0,10028.0,25.0,0.06289885193109512,0.00012,0.16304679214954376,0.0
10029.0,10029.0,25.0,0.04693204164505005,0.00012,0.10893259942531586,0.0
10030.0,10030.0,25.0,0.049889832735061646,0.00012,0.10618026554584503,0.0
10031.0,10031.0,25.0,0.04572382941842079,0.00012,0.06556162983179092,0.0
10032.0,10032.0,25.0,0.06481295824050903,0.00012,0.10717500001192093,0.0
10033.0,10033.0,25.0,0.05499524995684624,0.00012,0.10229669511318207,0.0
10034.0,10034.0,25.0,0.05245457589626312,0.00012,0.16695186495780945,0.0
10035.0,10035.0,25.0,0.050088800489902496,0.00012,0.06522732228040695,0.0
10036.0,10036.0,25.0,0.05889416113495827,0.00012,0.1012071743607521,0.0
10037.0,10037.0,25.0,0.06295021623373032,0.00012,0.14268739521503448,0.0
10038.0,10038.0,25.0,0.046174921095371246,0.00012,0.08359511941671371,0.0
10039.0,10039.0,25.0,0.057378191500902176,0.00012,0.14979898929595947,0.0
10040.0,10040.0,25.0,0.047028832137584686,0.00012,0.07711901515722275,0.0
10041.0,10041.0,25.0,0.06532875448465347,0.00012,0.12834258377552032,0.0
10042.0,10042.0,25.0,0.056055840104818344,0.00012,0.13638921082019806,0.0
10043.0,10043.0,25.0,0.05922465771436691,0.00012,0.07691579312086105,0.0
10044.0,10044.0,25.0,0.06074440851807594,0.00012,0.0976056233048439,0.0
10045.0,10045.0,25.0,0.05574055761098862,0.00012,0.13970375061035156,0.0
10046.0,10046.0,25.0,0.06275175511837006,0.00012,0.11530935019254684,0.0
10047.0,10047.0,25.0,0.053673647344112396,0.00012,0.18294715881347656,0.0
10048.0,10048.0,25.0,0.05103260278701782,0.00012,0.08574170619249344,0.0
10049.0,10049.0,25.0,0.04285218194127083,0.00012,0.25121450424194336,0.0
10050.0,10050.0,25.0,0.06518571078777313,0.00012,0.08563100546598434,0.0
10051.0,10051.0,25.0,0.05317998677492142,0.00012,0.1608380675315857,0.0
10052.0,10052.0,25.0,0.052093878388404846,0.00012,0.15705206990242004,0.0
10053.0,10053.0,25.0,0.05435588210821152,0.00012,0.11759950965642929,0.0
10054.0,10054.0,25.0,0.051896341145038605,0.00012,0.14907819032669067,0.0
10055.0,10055.0,25.0,0.05518956109881401,0.00012,0.05653746798634529,0.0
10056.0,10056.0,25.0,0.054634347558021545,0.00012,0.13030412793159485,0.0
10057.0,10057.0,25.0,0.04914822429418564,0.00012,0.0745735839009285,0.0
10058.0,10058.0,25.0,0.06312403827905655,0.00012,0.06834499537944794,0.0
10059.0,10059.0,25.0,0.0618186891078949,0.00012,0.11612351983785629,0.0
10060.0,10060.0,25.0,0.06444071978330612,0.00012,0.10929213464260101,0.0
10061.0,10061.0,25.0,0.05189187452197075,0.00012,0.06678767502307892,0.0
10062.0,10062.0,25.0,0.056368160992860794,0.00012,0.06307613849639893,0.0
10063.0,10063.0,25.0,0.05608934164047241,0.00012,0.0516996905207634,0.0
10064.0,10064.0,25.0,0.05282142013311386,0.00012,0.09567873179912567,0.0
10065.0,10065.0,25.0,0.04943779855966568,0.00012,0.0617334358394146,0.0
10066.0,10066.0,25.0,0.05384470522403717,0.00012,0.07471358776092529,0.0
10067.0,10067.0,25.0,0.06064596027135849,0.00012,0.0915188267827034,0.0
10068.0,10068.0,25.0,0.05237937718629837,0.00012,0.05626707896590233,0.0
10069.0,10069.0,25.0,0.0612151063978672,0.00012,0.07654387503862381,0.0
10070.0,10070.0,25.0,0.0540868379175663,0.00012,0.10897268354892731,0.0
10071.0,10071.0,25.0,0.06728580594062805,0.00012,0.11990135163068771,0.0
10072.0,10072.0,25.0,0.04681126028299332,0.00012,0.10819325596094131,0.0
10073.0,10073.0,25.0,0.05668095126748085,0.00012,0.1395440399646759,0.0
10074.0,10074.0,25.0,0.062199629843235016,0.00012,0.09127133339643478,0.0
10075.0,10075.0,25.0,0.051490314304828644,0.00012,0.08923237770795822,0.0
10076.0,10076.0,25.0,0.04524271935224533,0.00012,0.08252570778131485,0.0
10077.0,10077.0,25.0,0.06303305923938751,0.00012,0.05780889093875885,0.0
10078.0,10078.0,25.0,0.05477234721183777,0.00012,0.07454854995012283,0.0
10079.0,10079.0,25.0,0.051928792148828506,0.00012,0.07489532232284546,0.0
10080.0,10080.0,25.0,0.05205004662275314,0.00012,0.0559530183672905,0.0
10081.0,10081.0,25.0,0.06601575762033463,0.00012,0.10718920081853867,0.0
10082.0,10082.0,25.0,0.05177058279514313,0.00012,0.10432733595371246,0.0
10083.0,10083.0,25.0,0.04855509474873543,0.00012,0.07081198692321777,0.0
10084.0,10084.0,25.0,0.06720633059740067,0.00012,0.07573267072439194,0.0
10085.0,10085.0,25.0,0.043713293969631195,0.00012,0.13174347579479218,0.0
10086.0,10086.0,25.0,0.052418798208236694,0.00012,0.12333314120769501,0.0
10087.0,10087.0,25.0,0.0645563006401062,0.00012,0.131154865026474,0.0
10088.0,10088.0,25.0,0.05387912690639496,0.00012,0.12079422920942307,0.0
10089.0,10089.0,25.0,0.060240086168050766,0.00012,0.059280987828969955,0.0
10090.0,10090.0,25.0,0.05613543093204498,0.00012,0.07895545661449432,0.0
10091.0,10091.0,25.0,0.06282275170087814,0.00012,0.06984276324510574,0.0
10092.0,10092.0,25.0,0.07979501038789749,0.00012,0.09211569279432297,0.0
10093.0,10093.0,25.0,0.06377671658992767,0.00012,0.1084907129406929,0.0
10094.0,10094.0,25.0,0.05233053117990494,0.00012,0.07827112078666687,0.0
10095.0,10095.0,25.0,0.056655846536159515,0.00012,0.07236064225435257,0.0
10096.0,10096.0,25.0,0.0524740107357502,0.00012,0.07991722971200943,0.0
10097.0,10097.0,25.0,0.07189582288265228,0.00012,0.0699111744761467,0.0
10098.0,10098.0,25.0,0.05767076835036278,0.00012,0.06310955435037613,0.0
10099.0,10099.0,25.0,0.06759172677993774,0.00012,0.06914272159337997,0.0
10100.0,10100.0,25.0,0.05766218900680542,0.00012,0.06657057255506516,0.0
10101.0,10101.0,25.0,0.07135776430368423,0.00012,0.08369729667901993,0.0
10102.0,10102.0,25.0,0.04841597378253937,0.00012,0.07867902517318726,0.0
10103.0,10103.0,25.0,0.0593641921877861,0.00012,0.1105450838804245,0.0
10104.0,10104.0,25.0,0.05171559751033783,0.00012,0.06903126835823059,0.0
10105.0,10105.0,25.0,0.05135055258870125,0.00012,0.12479904294013977,0.0
10106.0,10106.0,25.0,0.06513185054063797,0.00012,0.1645379662513733,0.0
10107.0,10107.0,25.0,0.05329476296901703,0.00012,0.07024302333593369,0.0
10108.0,10108.0,25.0,0.056564558297395706,0.00012,0.16511142253875732,0.0
10109.0,10109.0,25.0,0.05003007501363754,0.00012,0.0702652782201767,0.0
10110.0,10110.0,25.0,0.060627542436122894,0.00012,0.11576677113771439,0.0
10111.0,10111.0,25.0,0.049432963132858276,0.00012,0.12030989676713943,0.0
10112.0,10112.0,25.0,0.05670415237545967,0.00012,0.15766620635986328,0.0
10113.0,10113.0,25.0,0.06061814725399017,0.00012,0.12212216854095459,0.0
10114.0,10114.0,25.0,0.0565655417740345,0.00012,0.112132728099823,0.0
10115.0,10115.0,25.0,0.05324934422969818,0.00012,0.22215211391448975,0.0
10116.0,10116.0,25.0,0.05615124851465225,0.00012,0.06331544369459152,0.0
10117.0,10117.0,25.0,0.060583844780921936,0.00012,0.17112962901592255,0.0
10118.0,10118.0,25.0,0.06125734746456146,0.00012,0.07352761924266815,0.0
10119.0,10119.0,25.0,0.06776800006628036,0.00012,0.120914988219738,0.0
10120.0,10120.0,25.0,0.04159373790025711,0.00012,0.047877464443445206,0.0
10121.0,10121.0,25.0,0.055132873356342316,0.00012,0.1411568969488144,0.0
10122.0,10122.0,25.0,0.052197568118572235,0.00012,0.07534068077802658,0.0
10123.0,10123.0,25.0,0.05453106015920639,0.00012,0.1254827380180359,0.0
10124.0,10124.0,25.0,0.0694236159324646,0.00012,0.1583915650844574,0.0
10125.0,10125.0,25.0,0.04917546734213829,0.00012,0.07707780599594116,0.0
10126.0,10126.0,25.0,0.04861028492450714,0.00012,0.18063679337501526,0.0
10127.0,10127.0,25.0,0.06711695343255997,0.00012,0.11175167560577393,0.0
10128.0,10128.0,25.0,0.06894218921661377,0.00012,0.1564539670944214,0.0
10129.0,10129.0,25.0,0.05924846976995468,0.00012,0.1566445678472519,0.0
10130.0,10130.0,25.0,0.05709649622440338,0.00012,0.1423214077949524,0.0
10131.0,10131.0,25.0,0.05373814329504967,0.00012,0.1749555468559265,0.0
10132.0,10132.0,25.0,0.04871489107608795,0.00012,0.1074477806687355,0.0
10133.0,10133.0,25.0,0.05865560844540596,0.00012,0.19138340651988983,0.0
10134.0,10134.0,25.0,0.05709962174296379,0.00012,0.149356409907341,0.0
10135.0,10135.0,25.0,0.0652059018611908,0.00012,0.17552156746387482,0.0
10136.0,10136.0,25.0,0.07202255725860596,0.00012,0.13449040055274963,0.0
10137.0,10137.0,25.0,0.04114830866456032,0.00012,0.13343726098537445,0.0
10138.0,10138.0,25.0,0.04953087121248245,0.00012,0.13669045269489288,0.0
10139.0,10139.0,25.0,0.06550765037536621,0.00012,0.1529863029718399,0.0
10140.0,10140.0,25.0,0.052252769470214844,0.00012,0.16029572486877441,0.0
10141.0,10141.0,26.0,0.05565742030739784,0.00012,0.12813575565814972,0.0
10142.0,10142.0,26.0,0.04663752764463425,0.00012,0.18996582925319672,0.0
10143.0,10143.0,26.0,0.058317724615335464,0.00012,0.09179659932851791,0.0
10144.0,10144.0,26.0,0.05634894222021103,0.00012,0.11311642825603485,0.0
10145.0,10145.0,26.0,0.05190812796354294,0.00012,0.11163945496082306,0.0
10146.0,10146.0,26.0,0.061308763921260834,0.00012,0.14377473294734955,0.0
10147.0,10147.0,26.0,0.06434184312820435,0.00012,0.07969442754983902,0.0
10148.0,10148.0,26.0,0.063908651471138,0.00012,0.09920980781316757,0.0
10149.0,10149.0,26.0,0.0620250441133976,0.00012,0.12770028412342072,0.0
10150.0,10150.0,26.0,0.05785544961690903,0.00012,0.09540329873561859,0.0
10151.0,10151.0,26.0,0.049614448100328445,0.00012,0.09469863772392273,0.0
10152.0,10152.0,26.0,0.057312317192554474,0.00012,0.06287948042154312,0.0
10153.0,10153.0,26.0,0.04602290689945221,0.00012,0.19441799819469452,0.0
10154.0,10154.0,26.0,0.05988094583153725,0.00012,0.08879005908966064,0.0
10155.0,10155.0,26.0,0.0557643324136734,0.00012,0.1679762601852417,0.0
10156.0,10156.0,26.0,0.06258636713027954,0.00012,0.08304568380117416,0.0
10157.0,10157.0,26.0,0.056727420538663864,0.00012,0.1284269094467163,0.0
10158.0,10158.0,26.0,0.0679633617401123,0.00012,0.13312801718711853,0.0
10159.0,10159.0,26.0,0.05298648029565811,0.00012,0.13444417715072632,0.0
10160.0,10160.0,26.0,0.060594964772462845,0.00012,0.09120018035173416,0.0
10161.0,10161.0,26.0,0.04918317496776581,0.00012,0.1507473886013031,0.0
10162.0,10162.0,26.0,0.06736606359481812,0.00012,0.09274765104055405,0.0
10163.0,10163.0,26.0,0.06454095244407654,0.00012,0.06630110740661621,0.0
10164.0,10164.0,26.0,0.055188193917274475,0.00012,0.16113531589508057,0.0
10165.0,10165.0,26.0,0.05628358572721481,0.00012,0.050170738250017166,0.0
10166.0,10166.0,26.0,0.0563371405005455,0.00012,0.12208148092031479,0.0
10167.0,10167.0,26.0,0.06027473509311676,0.00012,0.11460418254137039,0.0
10168.0,10168.0,26.0,0.06072794646024704,0.00012,0.1158798336982727,0.0
10169.0,10169.0,26.0,0.05594406649470329,0.00012,0.22561843693256378,0.0
10170.0,10170.0,26.0,0.06107399985194206,0.00012,0.10513455420732498,0.0
10171.0,10171.0,26.0,0.05669926851987839,0.00012,0.10886101424694061,0.0
10172.0,10172.0,26.0,0.062055837363004684,0.00012,0.16532215476036072,0.0
10173.0,10173.0,26.0,0.05082523077726364,0.00012,0.11853282898664474,0.0
10174.0,10174.0,26.0,0.05257745087146759,0.00012,0.09924092143774033,0.0
10175.0,10175.0,26.0,0.06655234098434448,0.00012,0.14388613402843475,0.0
10176.0,10176.0,26.0,0.05557651072740555,0.00012,0.09301470220088959,0.0
10177.0,10177.0,26.0,0.07640703022480011,0.00012,0.19254910945892334,0.0
10178.0,10178.0,26.0,0.055765118449926376,0.00012,0.10096223652362823,0.0
10179.0,10179.0,26.0,0.05147886276245117,0.00012,0.13210761547088623,0.0
10180.0,10180.0,26.0,0.04590893164277077,0.00012,0.14787638187408447,0.0
10181.0,10181.0,26.0,0.04763446003198624,0.00012,0.12881895899772644,0.0
10182.0,10182.0,26.0,0.05444381758570671,0.00012,0.13915368914604187,0.0
10183.0,10183.0,26.0,0.06855412572622299,0.00012,0.12101289629936218,0.0
10184.0,10184.0,26.0,0.049968332052230835,0.00012,0.08432073146104813,0.0
10185.0,10185.0,26.0,0.05880323797464371,0.00012,0.1471518725156784,0.0
10186.0,10186.0,26.0,0.05907684937119484,0.00012,0.1276487559080124,0.0
10187.0,10187.0,26.0,0.055427342653274536,0.00012,0.15546536445617676,0.0
10188.0,10188.0,26.0,0.07154873013496399,0.00012,0.08846955001354218,0.0
10189.0,10189.0,26.0,0.04993438720703125,0.00012,0.08360104262828827,0.0
10190.0,10190.0,26.0,0.05181358754634857,0.00012,0.07805941998958588,0.0
10191.0,10191.0,26.0,0.0608057975769043,0.00012,0.0839872732758522,0.0
10192.0,10192.0,26.0,0.059121616184711456,0.00012,0.0643136203289032,0.0
10193.0,10193.0,26.0,0.05485646426677704,0.00012,0.1137353852391243,0.0
10194.0,10194.0,26.0,0.0693536251783371,0.00012,0.10926604270935059,0.0
10195.0,10195.0,26.0,0.05609927326440811,0.00012,0.08038687705993652,0.0
10196.0,10196.0,26.0,0.04600893333554268,0.00012,0.059021010994911194,0.0
10197.0,10197.0,26.0,0.06382088363170624,0.00012,0.08661124110221863,0.0
10198.0,10198.0,26.0,0.060831133276224136,0.00012,0.07388550043106079,0.0
10199.0,10199.0,26.0,0.04611993208527565,0.00012,0.0612526461482048,0.0
10200.0,10200.0,26.0,0.0721750408411026,0.00012,0.06104235723614693,0.0
10201.0,10201.0,26.0,0.05396509915590286,0.00012,0.0739193856716156,0.0
10202.0,10202.0,26.0,0.06130713224411011,0.00012,0.06728994846343994,0.0
10203.0,10203.0,26.0,0.060970887541770935,0.00012,0.09471963346004486,0.0
10204.0,10204.0,26.0,0.04941811412572861,0.00012,0.07629477232694626,0.0
10205.0,10205.0,26.0,0.0638604462146759,0.00012,0.07668676227331161,0.0
10206.0,10206.0,26.0,0.07662618160247803,0.00012,0.09400445222854614,0.0
10207.0,10207.0,26.0,0.05328516662120819,0.00012,0.10502942651510239,0.0
10208.0,10208.0,26.0,0.059465162456035614,0.00012,0.0904843658208847,0.0
10209.0,10209.0,26.0,0.05981888249516487,0.00012,0.12188731878995895,0.0
10210.0,10210.0,26.0,0.05927418917417526,0.00012,0.08528085798025131,0.0
10211.0,10211.0,26.0,0.05773051083087921,0.00012,0.08666869252920151,0.0
10212.0,10212.0,26.0,0.06789304316043854,0.00012,0.11087047308683395,0.0
10213.0,10213.0,26.0,0.05276559293270111,0.00012,0.0758870467543602,0.0
10214.0,10214.0,26.0,0.08057776838541031,0.00012,0.10449276864528656,0.0
10215.0,10215.0,26.0,0.05016009509563446,0.00012,0.07742376625537872,0.0
10216.0,10216.0,26.0,0.06325051933526993,0.00012,0.1007205992937088,0.0
10217.0,10217.0,26.0,0.04784844443202019,0.00012,0.07122793048620224,0.0
10218.0,10218.0,26.0,0.05605042725801468,0.00012,0.08254095166921616,0.0
10219.0,10219.0,26.0,0.04492337256669998,0.00012,0.05719344690442085,0.0
10220.0,10220.0,26.0,0.05806465446949005,0.00012,0.10745124518871307,0.0
10221.0,10221.0,26.0,0.05979922413825989,0.00012,0.09091246873140335,0.0
10222.0,10222.0,26.0,0.07317318022251129,0.00012,0.08084061741828918,0.0
10223.0,10223.0,26.0,0.06742700934410095,0.00012,0.09318943321704865,0.0
10224.0,10224.0,26.0,0.05493678152561188,0.00012,0.07905852794647217,0.0
10225.0,10225.0,26.0,0.05897880345582962,0.00012,0.0508502833545208,0.0
10226.0,10226.0,26.0,0.06019130349159241,0.00012,0.07668919861316681,0.0
10227.0,10227.0,26.0,0.04696650803089142,0.00012,0.05938602238893509,0.0
10228.0,10228.0,26.0,0.04750784486532211,0.00012,0.051218412816524506,0.0
10229.0,10229.0,26.0,0.0635642558336258,0.00012,0.13197258114814758,0.0
10230.0,10230.0,26.0,0.057356685400009155,0.00012,0.08280917257070541,0.0
10231.0,10231.0,26.0,0.048931725323200226,0.00012,0.10846337676048279,0.0
10232.0,10232.0,26.0,0.05330000817775726,0.00012,0.11039619147777557,0.0
10233.0,10233.0,26.0,0.046023737639188766,0.00012,0.07205092161893845,0.0
10234.0,10234.0,26.0,0.046010203659534454,0.00012,0.12853026390075684,0.0
10235.0,10235.0,26.0,0.055297836661338806,0.00012,0.07651147246360779,0.0
10236.0,10236.0,26.0,0.05411622300744057,0.00012,0.11057203263044357,0.0
10237.0,10237.0,26.0,0.049305953085422516,0.00012,0.09494146704673767,0.0
10238.0,10238.0,26.0,0.05466996878385544,0.00012,0.20684470236301422,0.0
10239.0,10239.0,26.0,0.061376623809337616,0.00012,0.06024351343512535,0.0
10240.0,10240.0,26.0,0.07010100781917572,0.00012,0.17574885487556458,0.0
10241.0,10241.0,26.0,0.0692409947514534,0.00012,0.10241866856813431,0.0
10242.0,10242.0,26.0,0.06523886322975159,0.00012,0.09075196832418442,0.0
10243.0,10243.0,26.0,0.05290947109460831,0.00012,0.11568286269903183,0.0
10244.0,10244.0,26.0,0.06562617421150208,0.00012,0.09078046679496765,0.0
10245.0,10245.0,26.0,0.054276976734399796,0.00012,0.11865992099046707,0.0
10246.0,10246.0,26.0,0.06408270448446274,0.00012,0.10384777933359146,0.0
10247.0,10247.0,26.0,0.06556741893291473,0.00012,0.1090775653719902,0.0
10248.0,10248.0,26.0,0.05426410213112831,0.00012,0.08069491386413574,0.0
10249.0,10249.0,26.0,0.05068657919764519,0.00012,0.07201610505580902,0.0
10250.0,10250.0,26.0,0.057360999286174774,0.00012,0.13849559426307678,0.0
10251.0,10251.0,26.0,0.05474960803985596,0.00012,0.11649220436811447,0.0
10252.0,10252.0,26.0,0.058291956782341,0.00012,0.06363490968942642,0.0
10253.0,10253.0,26.0,0.0573144257068634,0.00012,0.13265009224414825,0.0
10254.0,10254.0,26.0,0.05235515534877777,0.00012,0.12869073450565338,0.0
10255.0,10255.0,26.0,0.05477260798215866,0.00012,0.1479378491640091,0.0
10256.0,10256.0,26.0,0.05829276517033577,0.00012,0.0783456563949585,0.0
10257.0,10257.0,26.0,0.046452902257442474,0.00012,0.20558056235313416,0.0
10258.0,10258.0,26.0,0.05030914396047592,0.00012,0.08855564147233963,0.0
10259.0,10259.0,26.0,0.05149063467979431,0.00012,0.23331911861896515,0.0
10260.0,10260.0,26.0,0.056893326342105865,0.00012,0.0996871069073677,0.0
10261.0,10261.0,26.0,0.06352144479751587,0.00012,0.12114670127630234,0.0
10262.0,10262.0,26.0,0.052349090576171875,0.00012,0.12603846192359924,0.0
10263.0,10263.0,26.0,0.05611366778612137,0.00012,0.05803832411766052,0.0
10264.0,10264.0,26.0,0.05197542905807495,0.00012,0.16383513808250427,0.0
10265.0,10265.0,26.0,0.06304734945297241,0.00012,0.12852109968662262,0.0
10266.0,10266.0,26.0,0.05955960974097252,0.00012,0.08976638317108154,0.0
10267.0,10267.0,26.0,0.0594010129570961,0.00012,0.1541285216808319,0.0
10268.0,10268.0,26.0,0.05788036808371544,0.00012,0.10281237959861755,0.0
10269.0,10269.0,26.0,0.05366295203566551,0.00012,0.1644405573606491,0.0
10270.0,10270.0,26.0,0.0482202023267746,0.00012,0.1233103796839714,0.0
10271.0,10271.0,26.0,0.05338146537542343,0.00012,0.2505173683166504,0.0
10272.0,10272.0,26.0,0.04313182085752487,0.00012,0.09295467287302017,0.0
10273.0,10273.0,26.0,0.050846897065639496,0.00012,0.16668273508548737,0.0
10274.0,10274.0,26.0,0.06255707144737244,0.00012,0.18509159982204437,0.0
10275.0,10275.0,26.0,0.05654279142618179,0.00012,0.10795006155967712,0.0
10276.0,10276.0,26.0,0.05964462831616402,0.00012,0.18425515294075012,0.0
10277.0,10277.0,26.0,0.05090929940342903,0.00012,0.1237410381436348,0.0
10278.0,10278.0,26.0,0.05808107182383537,0.00012,0.17039291560649872,0.0
10279.0,10279.0,26.0,0.04233749210834503,0.00012,0.13463255763053894,0.0
10280.0,10280.0,26.0,0.062300652265548706,0.00012,0.13944774866104126,0.0
10281.0,10281.0,26.0,0.05300740897655487,0.00012,0.14540494978427887,0.0
10282.0,10282.0,26.0,0.05502449721097946,0.00012,0.12010729312896729,0.0
10283.0,10283.0,26.0,0.0620044469833374,0.00012,0.1611722707748413,0.0
10284.0,10284.0,26.0,0.06940733641386032,0.00012,0.11218643933534622,0.0
10285.0,10285.0,26.0,0.05725136399269104,0.00012,0.14839963614940643,0.0
10286.0,10286.0,26.0,0.052891869097948074,0.00012,0.09950391948223114,0.0
10287.0,10287.0,26.0,0.04609788954257965,0.00012,0.11937402188777924,0.0
10288.0,10288.0,26.0,0.044027477502822876,0.00012,0.07285092771053314,0.0
10289.0,10289.0,26.0,0.06036271154880524,0.00012,0.10277514904737473,0.0
10290.0,10290.0,26.0,0.04689247906208038,0.00012,0.13902297616004944,0.0
10291.0,10291.0,26.0,0.05500391125679016,0.00012,0.05632587894797325,0.0
10292.0,10292.0,26.0,0.060490600764751434,0.00012,0.13215486705303192,0.0
10293.0,10293.0,26.0,0.04831581562757492,0.00012,0.08319178223609924,0.0
10294.0,10294.0,26.0,0.061953313648700714,0.00012,0.07751702517271042,0.0
10295.0,10295.0,26.0,0.05264895409345627,0.00012,0.11817583441734314,0.0
10296.0,10296.0,26.0,0.0659404918551445,0.00012,0.10997709631919861,0.0
10297.0,10297.0,26.0,0.062200840562582016,0.00012,0.1366255134344101,0.0
10298.0,10298.0,26.0,0.0483323410153389,0.00012,0.13289441168308258,0.0
10299.0,10299.0,26.0,0.05531563609838486,0.00012,0.1361570507287979,0.0
10300.0,10300.0,26.0,0.07018585503101349,0.00012,0.15030044317245483,0.0
10301.0,10301.0,26.0,0.06310810148715973,0.00012,0.15626740455627441,0.0
10302.0,10302.0,26.0,0.06995841860771179,0.00012,0.09657644480466843,0.0
10303.0,10303.0,26.0,0.05156484618782997,0.00012,0.07771534472703934,0.0
10304.0,10304.0,26.0,0.047175124287605286,0.00012,0.09272683411836624,0.0
10305.0,10305.0,26.0,0.050049781799316406,0.00012,0.1236107349395752,0.0
10306.0,10306.0,26.0,0.051522329449653625,0.00012,0.09228171408176422,0.0
10307.0,10307.0,26.0,0.08647678792476654,0.00012,0.12291117757558823,0.0
10308.0,10308.0,26.0,0.06392567604780197,0.00012,0.054653625935316086,0.0
10309.0,10309.0,26.0,0.046150922775268555,0.00012,0.05443696305155754,0.0
10310.0,10310.0,26.0,0.057977095246315,0.00012,0.13867925107479095,0.0
10311.0,10311.0,26.0,0.052105873823165894,0.00012,0.05725651606917381,0.0
10312.0,10312.0,26.0,0.05303894728422165,0.00012,0.11530039459466934,0.0
10313.0,10313.0,26.0,0.06953185051679611,0.00012,0.057060278952121735,0.0
10314.0,10314.0,26.0,0.05617053061723709,0.00012,0.07022949308156967,0.0
10315.0,10315.0,26.0,0.0610363706946373,0.00012,0.06175388768315315,0.0
10316.0,10316.0,26.0,0.06794331967830658,0.00012,0.09137158840894699,0.0
10317.0,10317.0,26.0,0.0661294162273407,0.00012,0.09867098182439804,0.0
10318.0,10318.0,26.0,0.0589180514216423,0.00012,0.0849350094795227,0.0
10319.0,10319.0,26.0,0.0557832345366478,0.00012,0.1559450626373291,0.0
10320.0,10320.0,26.0,0.05416113883256912,0.00012,0.10027813911437988,0.0
10321.0,10321.0,26.0,0.06835643947124481,0.00012,0.12578678131103516,0.0
10322.0,10322.0,26.0,0.053951289504766464,0.00012,0.08920590579509735,0.0
10323.0,10323.0,26.0,0.055367909371852875,0.00012,0.07151607424020767,0.0
10324.0,10324.0,26.0,0.052548665553331375,0.00012,0.049410365521907806,0.0
10325.0,10325.0,26.0,0.05795052647590637,0.00012,0.13527344167232513,0.0
10326.0,10326.0,26.0,0.073685422539711,0.00012,0.08793243765830994,0.0
10327.0,10327.0,26.0,0.04810936376452446,0.00012,0.12662002444267273,0.0
10328.0,10328.0,26.0,0.055860601365566254,0.00012,0.15318696200847626,0.0
10329.0,10329.0,26.0,0.05818194895982742,0.00012,0.08629117906093597,0.0
10330.0,10330.0,26.0,0.06231065094470978,0.00012,0.17147570848464966,0.0
10331.0,10331.0,26.0,0.05611734092235565,0.00012,0.08596571534872055,0.0
10332.0,10332.0,26.0,0.04669984057545662,0.00012,0.15462297201156616,0.0
10333.0,10333.0,26.0,0.049257583916187286,0.00012,0.20175667107105255,0.0
10334.0,10334.0,26.0,0.050073109567165375,0.00012,0.10486920177936554,0.0
10335.0,10335.0,26.0,0.060485538095235825,0.00012,0.14543168246746063,0.0
10336.0,10336.0,26.0,0.050579704344272614,0.00012,0.16188877820968628,0.0
10337.0,10337.0,26.0,0.056939586997032166,0.00012,0.08040142804384232,0.0
10338.0,10338.0,26.0,0.05804206430912018,0.00012,0.18122051656246185,0.0
10339.0,10339.0,26.0,0.06132461875677109,0.00012,0.17466288805007935,0.0
10340.0,10340.0,26.0,0.06342817097902298,0.00012,0.1124250516295433,0.0
10341.0,10341.0,26.0,0.04545878246426582,0.00012,0.20491400361061096,0.0
10342.0,10342.0,26.0,0.06936472654342651,0.00012,0.13712914288043976,0.0
10343.0,10343.0,26.0,0.06283659487962723,0.00012,0.1169794350862503,0.0
10344.0,10344.0,26.0,0.07246105372905731,0.00012,0.15281903743743896,0.0
10345.0,10345.0,26.0,0.0659530982375145,0.00012,0.12125539034605026,0.0
10346.0,10346.0,26.0,0.056745659559965134,0.00012,0.12604421377182007,0.0
10347.0,10347.0,26.0,0.05240599438548088,0.00012,0.1495058238506317,0.0
10348.0,10348.0,26.0,0.051629625260829926,0.00012,0.1334541141986847,0.0
10349.0,10349.0,26.0,0.05299177020788193,0.00012,0.07645152509212494,0.0
10350.0,10350.0,26.0,0.04814497381448746,0.00012,0.21256065368652344,0.0
10351.0,10351.0,26.0,0.06374400854110718,0.00012,0.07489465922117233,0.0
10352.0,10352.0,26.0,0.052099041640758514,0.00012,0.09572190046310425,0.0
10353.0,10353.0,26.0,0.06521909683942795,0.00012,0.104799784719944,0.0
10354.0,10354.0,26.0,0.05610070005059242,0.00012,0.09249643236398697,0.0
10355.0,10355.0,26.0,0.052974846214056015,0.00012,0.10541141033172607,0.0
10356.0,10356.0,26.0,0.04527004808187485,0.00012,0.046195223927497864,0.0
10357.0,10357.0,26.0,0.056509897112846375,0.00012,0.1431879997253418,0.0
10358.0,10358.0,26.0,0.057481154799461365,0.00012,0.07584954798221588,0.0
10359.0,10359.0,26.0,0.06530940532684326,0.00012,0.10485602170228958,0.0
10360.0,10360.0,26.0,0.06820633262395859,0.00012,0.12461298704147339,0.0
10361.0,10361.0,26.0,0.05055173486471176,0.00012,0.12677107751369476,0.0
10362.0,10362.0,26.0,0.04564559459686279,0.00012,0.2070503830909729,0.0
10363.0,10363.0,26.0,0.06910980492830276,0.00012,0.12083910405635834,0.0
10364.0,10364.0,26.0,0.060755837708711624,0.00012,0.152126744389534,0.0
10365.0,10365.0,26.0,0.054709382355213165,0.00012,0.19623392820358276,0.0
10366.0,10366.0,26.0,0.057139795273542404,0.00012,0.09066523611545563,0.0
10367.0,10367.0,26.0,0.05541613698005676,0.00012,0.17618514597415924,0.0
10368.0,10368.0,26.0,0.062306296080350876,0.00012,0.09270839393138885,0.0
10369.0,10369.0,26.0,0.0673598051071167,0.00012,0.18286240100860596,0.0
10370.0,10370.0,26.0,0.0714622363448143,0.00012,0.07164789736270905,0.0
10371.0,10371.0,26.0,0.05341584235429764,0.00012,0.10733920335769653,0.0
10372.0,10372.0,26.0,0.058809176087379456,0.00012,0.0711551308631897,0.0
10373.0,10373.0,26.0,0.0737212598323822,0.00012,0.08502162247896194,0.0
10374.0,10374.0,26.0,0.06441190838813782,0.00012,0.08099333196878433,0.0
10375.0,10375.0,26.0,0.06216452643275261,0.00012,0.10356515645980835,0.0
10376.0,10376.0,26.0,0.045968882739543915,0.00012,0.09010030329227448,0.0
10377.0,10377.0,26.0,0.04553620517253876,0.00012,0.14223189651966095,0.0
10378.0,10378.0,26.0,0.055477648973464966,0.00012,0.07478509843349457,0.0
10379.0,10379.0,26.0,0.055752940475940704,0.00012,0.10954295843839645,0.0
10380.0,10380.0,26.0,0.04679102450609207,0.00012,0.10368224233388901,0.0
10381.0,10381.0,26.0,0.055850617587566376,0.00012,0.05230886861681938,0.0
10382.0,10382.0,26.0,0.05654072016477585,0.00012,0.13366031646728516,0.0
10383.0,10383.0,26.0,0.06635597348213196,0.00012,0.07126709818840027,0.0
10384.0,10384.0,26.0,0.06753233075141907,0.00012,0.07331021875143051,0.0
10385.0,10385.0,26.0,0.0576266348361969,0.00012,0.06415589898824692,0.0
10386.0,10386.0,26.0,0.058673374354839325,0.00012,0.05448745936155319,0.0
10387.0,10387.0,26.0,0.059172142297029495,0.00012,0.07886620610952377,0.0
10388.0,10388.0,26.0,0.04945884644985199,0.00012,0.06542135030031204,0.0
10389.0,10389.0,26.0,0.059669800102710724,0.00012,0.07768227905035019,0.0
10390.0,10390.0,26.0,0.058973535895347595,0.00012,0.06230955570936203,0.0
10391.0,10391.0,26.0,0.06430908292531967,0.00012,0.09387928247451782,0.0
10392.0,10392.0,26.0,0.06979770213365555,0.00012,0.07129170745611191,0.0
10393.0,10393.0,26.0,0.06442819535732269,0.00012,0.09680994600057602,0.0
10394.0,10394.0,26.0,0.06681536138057709,0.00012,0.0944867879152298,0.0
10395.0,10395.0,26.0,0.05387666076421738,0.00012,0.13728368282318115,0.0
10396.0,10396.0,26.0,0.05948192998766899,0.00012,0.07261303067207336,0.0
10397.0,10397.0,26.0,0.05891468748450279,0.00012,0.12125957757234573,0.0
10398.0,10398.0,26.0,0.05144893378019333,0.00012,0.08479227870702744,0.0
10399.0,10399.0,26.0,0.0657661110162735,0.00012,0.07132784277200699,0.0
10400.0,10400.0,26.0,0.07189537584781647,0.00012,0.11204960942268372,0.0
10401.0,10401.0,26.0,0.08192458748817444,0.00012,0.09353891760110855,0.0
10402.0,10402.0,26.0,0.059533827006816864,0.00012,0.14239677786827087,0.0
10403.0,10403.0,26.0,0.06238139793276787,0.00012,0.07487387210130692,0.0
10404.0,10404.0,26.0,0.05623583495616913,0.00012,0.11418246477842331,0.0
10405.0,10405.0,26.0,0.049446336925029755,0.00012,0.12184283882379532,0.0
10406.0,10406.0,26.0,0.04295135289430618,0.00012,0.11093632131814957,0.0
10407.0,10407.0,26.0,0.06078414246439934,0.00012,0.12289445847272873,0.0
10408.0,10408.0,26.0,0.06545351445674896,0.00012,0.09732404351234436,0.0
10409.0,10409.0,26.0,0.07421161234378815,0.00012,0.10986194014549255,0.0
10410.0,10410.0,26.0,0.04340735450387001,0.00012,0.11973097175359726,0.0
10411.0,10411.0,26.0,0.0554533414542675,0.00012,0.08925113081932068,0.0
10412.0,10412.0,26.0,0.05428106337785721,0.00012,0.11631488800048828,0.0
10413.0,10413.0,26.0,0.05478978902101517,0.00012,0.0802183598279953,0.0
10414.0,10414.0,26.0,0.05253233760595322,0.00012,0.14859139919281006,0.0
10415.0,10415.0,26.0,0.0426664799451828,0.00012,0.10342326760292053,0.0
10416.0,10416.0,26.0,0.05447448045015335,0.00012,0.14202231168746948,0.0
10417.0,10417.0,26.0,0.04702579602599144,0.00012,0.09589562565088272,0.0
10418.0,10418.0,26.0,0.06681407988071442,0.00012,0.15071584284305573,0.0
10419.0,10419.0,26.0,0.05906699225306511,0.00012,0.10151854902505875,0.0
10420.0,10420.0,26.0,0.05160519480705261,0.00012,0.12111516296863556,0.0
10421.0,10421.0,26.0,0.06221701577305794,0.00012,0.13610225915908813,0.0
10422.0,10422.0,26.0,0.06263995170593262,0.00012,0.10378832370042801,0.0
10423.0,10423.0,26.0,0.07648423314094543,0.00012,0.1364513784646988,0.0
10424.0,10424.0,26.0,0.06112738698720932,0.00012,0.11154455691576004,0.0
10425.0,10425.0,26.0,0.060297951102256775,0.00012,0.12143266201019287,0.0
10426.0,10426.0,26.0,0.04895010590553284,0.00012,0.11387040466070175,0.0
10427.0,10427.0,26.0,0.05393826216459274,0.00012,0.09117956459522247,0.0
10428.0,10428.0,26.0,0.057347171008586884,0.00012,0.10380332916975021,0.0
10429.0,10429.0,26.0,0.0680755153298378,0.00012,0.11127560585737228,0.0
10430.0,10430.0,26.0,0.05935601890087128,0.00012,0.17708797752857208,0.0
10431.0,10431.0,26.0,0.04574145749211311,0.00012,0.09111069142818451,0.0
10432.0,10432.0,26.0,0.05499057099223137,0.00012,0.16237837076187134,0.0
10433.0,10433.0,26.0,0.05127178132534027,0.00012,0.11992213875055313,0.0
10434.0,10434.0,26.0,0.051622118800878525,0.00012,0.14101798832416534,0.0
10435.0,10435.0,26.0,0.055757924914360046,0.00012,0.14328937232494354,0.0
10436.0,10436.0,26.0,0.05412297323346138,0.00012,0.05706494674086571,0.0
10437.0,10437.0,26.0,0.05965563654899597,0.00012,0.11354520171880722,0.0
10438.0,10438.0,26.0,0.0522710382938385,0.00012,0.12700949609279633,0.0
10439.0,10439.0,26.0,0.05856628715991974,0.00012,0.0968909040093422,0.0
10440.0,10440.0,26.0,0.05429039150476456,0.00012,0.09909510612487793,0.0
10441.0,10441.0,26.0,0.06802204251289368,0.00012,0.09371357411146164,0.0
10442.0,10442.0,26.0,0.0656394362449646,0.00012,0.10472063720226288,0.0
10443.0,10443.0,26.0,0.05602607876062393,0.00012,0.18413791060447693,0.0
10444.0,10444.0,26.0,0.06904146820306778,0.00012,0.061045706272125244,0.0
10445.0,10445.0,26.0,0.06374496221542358,0.00012,0.12507663667201996,0.0
10446.0,10446.0,26.0,0.050932615995407104,0.00012,0.06733293831348419,0.0
10447.0,10447.0,26.0,0.05685305595397949,0.00012,0.08513868600130081,0.0
10448.0,10448.0,26.0,0.062103718519210815,0.00012,0.07516298443078995,0.0
10449.0,10449.0,26.0,0.05448516458272934,0.00012,0.10001024603843689,0.0
10450.0,10450.0,26.0,0.06112901121377945,0.00012,0.06899526715278625,0.0
10451.0,10451.0,26.0,0.04967593029141426,0.00012,0.11359504610300064,0.0
10452.0,10452.0,26.0,0.053479455411434174,0.00012,0.08116406947374344,0.0
10453.0,10453.0,26.0,0.048831455409526825,0.00012,0.07333511859178543,0.0
10454.0,10454.0,26.0,0.07241356372833252,0.00012,0.10412508249282837,0.0
10455.0,10455.0,26.0,0.061531178653240204,0.00012,0.12718641757965088,0.0
10456.0,10456.0,26.0,0.05767526850104332,0.00012,0.08650272339582443,0.0
10457.0,10457.0,26.0,0.05962468683719635,0.00012,0.14789652824401855,0.0
10458.0,10458.0,26.0,0.05263987556099892,0.00012,0.08412899821996689,0.0
10459.0,10459.0,26.0,0.05503956601023674,0.00012,0.07825027406215668,0.0
10460.0,10460.0,26.0,0.05561414361000061,0.00012,0.057043202221393585,0.0
10461.0,10461.0,26.0,0.06128127500414848,0.00012,0.1117238998413086,0.0
10462.0,10462.0,26.0,0.06351223587989807,0.00012,0.09972428530454636,0.0
10463.0,10463.0,26.0,0.05352041870355606,0.00012,0.12820729613304138,0.0
10464.0,10464.0,26.0,0.0461721308529377,0.00012,0.10051246732473373,0.0
10465.0,10465.0,26.0,0.04967047646641731,0.00012,0.05397624522447586,0.0
10466.0,10466.0,26.0,0.04194731265306473,0.00012,0.13256648182868958,0.0
10467.0,10467.0,26.0,0.05285811424255371,0.00012,0.06362911313772202,0.0
10468.0,10468.0,26.0,0.06118582934141159,0.00012,0.1555820107460022,0.0
10469.0,10469.0,26.0,0.05607223883271217,0.00012,0.10446546971797943,0.0
10470.0,10470.0,26.0,0.054839495569467545,0.00012,0.08134540170431137,0.0
10471.0,10471.0,26.0,0.04813537001609802,0.00012,0.11581769585609436,0.0
10472.0,10472.0,26.0,0.05291955545544624,0.00012,0.11503895372152328,0.0
10473.0,10473.0,26.0,0.06252884864807129,0.00012,0.08019169420003891,0.0
10474.0,10474.0,26.0,0.06213214248418808,0.00012,0.12774062156677246,0.0
10475.0,10475.0,26.0,0.05484724044799805,0.00012,0.14147689938545227,0.0
10476.0,10476.0,26.0,0.0612381212413311,0.00012,0.10245924443006516,0.0
10477.0,10477.0,26.0,0.06568898260593414,0.00012,0.06735464185476303,0.0
10478.0,10478.0,26.0,0.05627072602510452,0.00012,0.042371705174446106,0.0
10479.0,10479.0,26.0,0.05992621183395386,0.00012,0.15974122285842896,0.0
10480.0,10480.0,26.0,0.06672796607017517,0.00012,0.1419883519411087,0.0
10481.0,10481.0,26.0,0.05220923572778702,0.00012,0.1287696659564972,0.0
10482.0,10482.0,26.0,0.06777854263782501,0.00012,0.10218694061040878,0.0
10483.0,10483.0,26.0,0.05217977613210678,0.00012,0.1376439481973648,0.0
10484.0,10484.0,26.0,0.059764035046100616,0.00012,0.16887028515338898,0.0
10485.0,10485.0,26.0,0.0787573754787445,0.00012,0.16568247973918915,0.0
10486.0,10486.0,26.0,0.05804172903299332,0.00012,0.14816395938396454,0.0
10487.0,10487.0,26.0,0.07850050926208496,0.00012,0.16987097263336182,0.0
10488.0,10488.0,26.0,0.0665988177061081,0.00012,0.11065531522035599,0.0
10489.0,10489.0,26.0,0.05609462782740593,0.00012,0.1811143457889557,0.0
10490.0,10490.0,26.0,0.06277865171432495,0.00012,0.18010051548480988,0.0
10491.0,10491.0,26.0,0.05731638893485069,0.00012,0.1308949589729309,0.0
10492.0,10492.0,26.0,0.059529077261686325,0.00012,0.15890954434871674,0.0
10493.0,10493.0,26.0,0.05759713053703308,0.00012,0.06001407280564308,0.0
10494.0,10494.0,26.0,0.053983695805072784,0.00012,0.12550321221351624,0.0
10495.0,10495.0,26.0,0.04966384917497635,0.00012,0.1695588231086731,0.0
10496.0,10496.0,26.0,0.05811773240566254,0.00012,0.10972801595926285,0.0
10497.0,10497.0,26.0,0.049395084381103516,0.00012,0.1184733510017395,0.0
10498.0,10498.0,26.0,0.048841215670108795,0.00012,0.20050905644893646,0.0
10499.0,10499.0,26.0,0.059714846312999725,0.00012,0.08555417507886887,0.0
10500.0,10500.0,26.0,0.0577084943652153,0.00012,0.1351543366909027,0.0
10501.0,10501.0,26.0,0.0472417026758194,0.00012,0.22482310235500336,0.0
10502.0,10502.0,26.0,0.04602871835231781,0.00012,0.13688285648822784,0.0
10503.0,10503.0,26.0,0.07055095583200455,0.00012,0.1480816900730133,0.0
10504.0,10504.0,26.0,0.061940692365169525,0.00012,0.15223601460456848,0.0
10505.0,10505.0,26.0,0.0635271891951561,0.00012,0.11419471353292465,0.0
10506.0,10506.0,26.0,0.06322506070137024,0.00012,0.0955294519662857,0.0
10507.0,10507.0,26.0,0.05515383183956146,0.00012,0.15928606688976288,0.0
10508.0,10508.0,26.0,0.050194308161735535,0.00012,0.0890783816576004,0.0
10509.0,10509.0,26.0,0.0480756051838398,0.00012,0.16523334383964539,0.0
10510.0,10510.0,26.0,0.0504273921251297,0.00012,0.1760602742433548,0.0
10511.0,10511.0,26.0,0.05329074710607529,0.00012,0.13873493671417236,0.0
10512.0,10512.0,26.0,0.05419069528579712,0.00012,0.13575966656208038,0.0
10513.0,10513.0,26.0,0.07431790977716446,0.00012,0.12112431228160858,0.0
10514.0,10514.0,26.0,0.05276580899953842,0.00012,0.09677030891180038,0.0
10515.0,10515.0,26.0,0.06469172984361649,0.00012,0.06493297964334488,0.0
10516.0,10516.0,26.0,0.063812755048275,0.00012,0.050139229744672775,0.0
10517.0,10517.0,26.0,0.054958976805210114,0.00012,0.11767584830522537,0.0
10518.0,10518.0,26.0,0.05995187908411026,0.00012,0.06334313750267029,0.0
10519.0,10519.0,26.0,0.050859689712524414,0.00012,0.08018039911985397,0.0
10520.0,10520.0,26.0,0.0682392418384552,0.00012,0.09243523329496384,0.0
10521.0,10521.0,26.0,0.05170644819736481,0.00012,0.09906807541847229,0.0
10522.0,10522.0,26.0,0.06044048070907593,0.00012,0.07019761949777603,0.0
10523.0,10523.0,26.0,0.04528117924928665,0.00012,0.1068657785654068,0.0
10524.0,10524.0,26.0,0.06046726927161217,0.00012,0.08137687295675278,0.0
10525.0,10525.0,26.0,0.0671573206782341,0.00012,0.07676903903484344,0.0
10526.0,10526.0,26.0,0.050646185874938965,0.00012,0.07259883731603622,0.0
10527.0,10527.0,26.0,0.049203671514987946,0.00012,0.07969798892736435,0.0
10528.0,10528.0,26.0,0.05790016055107117,0.00012,0.12835504114627838,0.0
10529.0,10529.0,26.0,0.06029939651489258,0.00012,0.09920322149991989,0.0
10530.0,10530.0,26.0,0.053428199142217636,0.00012,0.11604433506727219,0.0
10531.0,10531.0,27.0,0.050235796719789505,0.00012,0.10432519018650055,0.0
10532.0,10532.0,27.0,0.06679585576057434,0.00012,0.09062927961349487,0.0
10533.0,10533.0,27.0,0.06521224975585938,0.00012,0.060123562812805176,0.0
10534.0,10534.0,27.0,0.05284261703491211,0.00012,0.07008561491966248,0.0
10535.0,10535.0,27.0,0.06009421497583389,0.00012,0.07096812129020691,0.0
10536.0,10536.0,27.0,0.05641759932041168,0.00012,0.1103927344083786,0.0
10537.0,10537.0,27.0,0.059192150831222534,0.00012,0.058602724224328995,0.0
10538.0,10538.0,27.0,0.055530644953250885,0.00012,0.11748037487268448,0.0
10539.0,10539.0,27.0,0.06112910807132721,0.00012,0.10670021921396255,0.0
10540.0,10540.0,27.0,0.05941291153430939,0.00012,0.09915474057197571,0.0
10541.0,10541.0,27.0,0.04892401397228241,0.00012,0.16232900321483612,0.0
10542.0,10542.0,27.0,0.058458179235458374,0.00012,0.11544884741306305,0.0
10543.0,10543.0,27.0,0.05683588981628418,0.00012,0.1307024508714676,0.0
10544.0,10544.0,27.0,0.06200428679585457,0.00012,0.07616233825683594,0.0
10545.0,10545.0,27.0,0.053501635789871216,0.00012,0.1322915107011795,0.0
10546.0,10546.0,27.0,0.049529146403074265,0.00012,0.08985274285078049,0.0
10547.0,10547.0,27.0,0.06110238656401634,0.00012,0.09920015186071396,0.0
10548.0,10548.0,27.0,0.06713786721229553,0.00012,0.07612182199954987,0.0
10549.0,10549.0,27.0,0.05177505686879158,0.00012,0.10775382071733475,0.0
10550.0,10550.0,27.0,0.0535927452147007,0.00012,0.13402652740478516,0.0
10551.0,10551.0,27.0,0.05212121829390526,0.00012,0.08804474771022797,0.0
10552.0,10552.0,27.0,0.059260375797748566,0.00012,0.12296849489212036,0.0
10553.0,10553.0,27.0,0.04160396009683609,0.00012,0.13226322829723358,0.0
10554.0,10554.0,27.0,0.06353987008333206,0.00012,0.06675677001476288,0.0
10555.0,10555.0,27.0,0.05234586447477341,0.00012,0.12928661704063416,0.0
10556.0,10556.0,27.0,0.058545198291540146,0.00012,0.13710905611515045,0.0
10557.0,10557.0,27.0,0.05577652528882027,0.00012,0.04348315671086311,0.0
10558.0,10558.0,27.0,0.057289913296699524,0.00012,0.1493915468454361,0.0
10559.0,10559.0,27.0,0.0477849505841732,0.00012,0.09285935014486313,0.0
10560.0,10560.0,27.0,0.05257183313369751,0.00012,0.11571838706731796,0.0
10561.0,10561.0,27.0,0.051098451018333435,0.00012,0.14666777849197388,0.0
10562.0,10562.0,27.0,0.061020493507385254,0.00012,0.1353960633277893,0.0
10563.0,10563.0,27.0,0.05041586607694626,0.00012,0.09401653707027435,0.0
10564.0,10564.0,27.0,0.064015693962574,0.00012,0.15620757639408112,0.0
10565.0,10565.0,27.0,0.059035658836364746,0.00012,0.11268079280853271,0.0
10566.0,10566.0,27.0,0.05682352930307388,0.00012,0.1747976392507553,0.0
10567.0,10567.0,27.0,0.05908190831542015,0.00012,0.13500918447971344,0.0
10568.0,10568.0,27.0,0.07311153411865234,0.00012,0.04845605790615082,0.0
10569.0,10569.0,27.0,0.06582069396972656,0.00012,0.11824837327003479,0.0
10570.0,10570.0,27.0,0.06293664872646332,0.00012,0.11791980266571045,0.0
10571.0,10571.0,27.0,0.0468297079205513,0.00012,0.09770682454109192,0.0
10572.0,10572.0,27.0,0.04340534284710884,0.00012,0.12169694900512695,0.0
10573.0,10573.0,27.0,0.0672270655632019,0.00012,0.1258212774991989,0.0
10574.0,10574.0,27.0,0.06185181438922882,0.00012,0.1572844535112381,0.0
10575.0,10575.0,27.0,0.054883480072021484,0.00012,0.07505389302968979,0.0
10576.0,10576.0,27.0,0.048017315566539764,0.00012,0.16887672245502472,0.0
10577.0,10577.0,27.0,0.058941517025232315,0.00012,0.17604410648345947,0.0
10578.0,10578.0,27.0,0.05906875059008598,0.00012,0.1515335887670517,0.0
10579.0,10579.0,27.0,0.058629609644412994,0.00012,0.10224646329879761,0.0
10580.0,10580.0,27.0,0.04856614023447037,0.00012,0.0755133256316185,0.0
10581.0,10581.0,27.0,0.06442317366600037,0.00012,0.10613872110843658,0.0
10582.0,10582.0,27.0,0.045112330466508865,0.00012,0.11135502904653549,0.0
10583.0,10583.0,27.0,0.06338994950056076,0.00012,0.098638616502285,0.0
10584.0,10584.0,27.0,0.05162961035966873,0.00012,0.13879165053367615,0.0
10585.0,10585.0,27.0,0.04545259475708008,0.00012,0.11180873215198517,0.0
10586.0,10586.0,27.0,0.04737710952758789,0.00012,0.10039367526769638,0.0
10587.0,10587.0,27.0,0.06567560136318207,0.00012,0.07550199329853058,0.0
10588.0,10588.0,27.0,0.0654904842376709,0.00012,0.12519128620624542,0.0
10589.0,10589.0,27.0,0.048159435391426086,0.00012,0.14305329322814941,0.0
10590.0,10590.0,27.0,0.05535402521491051,0.00012,0.11248297244310379,0.0
10591.0,10591.0,27.0,0.07299921661615372,0.00012,0.17109845578670502,0.0
10592.0,10592.0,27.0,0.06348615884780884,0.00012,0.20646218955516815,0.0
10593.0,10593.0,27.0,0.057882413268089294,0.00012,0.09516201168298721,0.0
10594.0,10594.0,27.0,0.05742698162794113,0.00012,0.08287285268306732,0.0
10595.0,10595.0,27.0,0.0490301176905632,0.00012,0.21870571374893188,0.0
10596.0,10596.0,27.0,0.04309643432497978,0.00012,0.08949761837720871,0.0
10597.0,10597.0,27.0,0.06790247559547424,0.00012,0.1292283535003662,0.0
10598.0,10598.0,27.0,0.05421218276023865,0.00012,0.16118279099464417,0.0
10599.0,10599.0,27.0,0.05409125238656998,0.00012,0.06497439742088318,0.0
10600.0,10600.0,27.0,0.0855528712272644,0.00012,0.14783994853496552,0.0
10601.0,10601.0,27.0,0.0625186562538147,0.00012,0.14680220186710358,0.0
10602.0,10602.0,27.0,0.07529865205287933,0.00012,0.09794501215219498,0.0
10603.0,10603.0,27.0,0.06634651869535446,0.00012,0.13449759781360626,0.0
10604.0,10604.0,27.0,0.051645491272211075,0.00012,0.11526210606098175,0.0
10605.0,10605.0,27.0,0.06583411991596222,0.00012,0.08358782529830933,0.0
10606.0,10606.0,27.0,0.046330247074365616,0.00012,0.15230080485343933,0.0
10607.0,10607.0,27.0,0.06637729704380035,0.00012,0.08820151537656784,0.0
10608.0,10608.0,27.0,0.059933289885520935,0.00012,0.09805101901292801,0.0
10609.0,10609.0,27.0,0.05395064130425453,0.00012,0.16927766799926758,0.0
10610.0,10610.0,27.0,0.05210738629102707,0.00012,0.10864275693893433,0.0
10611.0,10611.0,27.0,0.06425043195486069,0.00012,0.09977555274963379,0.0
10612.0,10612.0,27.0,0.059118349105119705,0.00012,0.12853682041168213,0.0
10613.0,10613.0,27.0,0.06380516290664673,0.00012,0.10261484235525131,0.0
10614.0,10614.0,27.0,0.06193525344133377,0.00012,0.07324769347906113,0.0
10615.0,10615.0,27.0,0.04288844019174576,0.00012,0.13811179995536804,0.0
10616.0,10616.0,27.0,0.0528654083609581,0.00012,0.11390786617994308,0.0
10617.0,10617.0,27.0,0.05091043561697006,0.00012,0.06841374933719635,0.0
10618.0,10618.0,27.0,0.05861420929431915,0.00012,0.12730969488620758,0.0
10619.0,10619.0,27.0,0.05613630637526512,0.00012,0.15608778595924377,0.0
10620.0,10620.0,27.0,0.06786148995161057,0.00012,0.16403387486934662,0.0
10621.0,10621.0,27.0,0.06075385957956314,0.00012,0.15807285904884338,0.0
10622.0,10622.0,27.0,0.052584849298000336,0.00012,0.13326077163219452,0.0
10623.0,10623.0,27.0,0.06194572150707245,0.00012,0.1618041694164276,0.0
10624.0,10624.0,27.0,0.05738421529531479,0.00012,0.17964191734790802,0.0
10625.0,10625.0,27.0,0.04932335391640663,0.00012,0.10864300280809402,0.0
10626.0,10626.0,27.0,0.07084070146083832,0.00012,0.09753815084695816,0.0
10627.0,10627.0,27.0,0.06157328188419342,0.00012,0.1270764023065567,0.0
10628.0,10628.0,27.0,0.04726678878068924,0.00012,0.11115007102489471,0.0
10629.0,10629.0,27.0,0.06003203243017197,0.00012,0.09328537434339523,0.0
10630.0,10630.0,27.0,0.05998855084180832,0.00012,0.09093189984560013,0.0
10631.0,10631.0,27.0,0.0657547116279602,0.00012,0.08808670938014984,0.0
10632.0,10632.0,27.0,0.05112167447805405,0.00012,0.058401498943567276,0.0
10633.0,10633.0,27.0,0.05052168294787407,0.00012,0.1330660730600357,0.0
10634.0,10634.0,27.0,0.05661311745643616,0.00012,0.09816478192806244,0.0
10635.0,10635.0,27.0,0.042277365922927856,0.00012,0.10374490171670914,0.0
10636.0,10636.0,27.0,0.05819576606154442,0.00012,0.12371653318405151,0.0
10637.0,10637.0,27.0,0.06031344085931778,0.00012,0.16374613344669342,0.0
10638.0,10638.0,27.0,0.05415252596139908,0.00012,0.10157796740531921,0.0
10639.0,10639.0,27.0,0.05611029267311096,0.00012,0.17605286836624146,0.0
10640.0,10640.0,27.0,0.06296741962432861,0.00012,0.0736040398478508,0.0
10641.0,10641.0,27.0,0.054696403443813324,0.00012,0.15584209561347961,0.0
10642.0,10642.0,27.0,0.051482491195201874,0.00012,0.1348944455385208,0.0
10643.0,10643.0,27.0,0.05898945406079292,0.00012,0.09774951636791229,0.0
10644.0,10644.0,27.0,0.054993849247694016,0.00012,0.1864885836839676,0.0
10645.0,10645.0,27.0,0.060771699994802475,0.00012,0.09425351768732071,0.0
10646.0,10646.0,27.0,0.06747491657733917,0.00012,0.14655576646327972,0.0
10647.0,10647.0,27.0,0.056696731597185135,0.00012,0.11418357491493225,0.0
10648.0,10648.0,27.0,0.0697709172964096,0.00012,0.1559363603591919,0.0
10649.0,10649.0,27.0,0.07073266804218292,0.00012,0.15840652585029602,0.0
10650.0,10650.0,27.0,0.06701043248176575,0.00012,0.2087886482477188,0.0
10651.0,10651.0,27.0,0.05665099620819092,0.00012,0.21290196478366852,0.0
10652.0,10652.0,27.0,0.05335094779729843,0.00012,0.097791388630867,0.0
10653.0,10653.0,27.0,0.056521251797676086,0.00012,0.23051908612251282,0.0
10654.0,10654.0,27.0,0.0662975013256073,0.00012,0.13025707006454468,0.0
10655.0,10655.0,27.0,0.06195199117064476,0.00012,0.19271087646484375,0.0
10656.0,10656.0,27.0,0.07388819009065628,0.00012,0.22404195368289948,0.0
10657.0,10657.0,27.0,0.05496539920568466,0.00012,0.11658728122711182,0.0
10658.0,10658.0,27.0,0.0773487389087677,0.00012,0.1495889574289322,0.0
10659.0,10659.0,27.0,0.06380018591880798,0.00012,0.21225950121879578,0.0
10660.0,10660.0,27.0,0.0698411613702774,0.00012,0.10498367249965668,0.0
10661.0,10661.0,27.0,0.061675138771533966,0.00012,0.19037069380283356,0.0
10662.0,10662.0,27.0,0.06614140421152115,0.00012,0.1939874291419983,0.0
10663.0,10663.0,27.0,0.06712085008621216,0.00012,0.1327075958251953,0.0
10664.0,10664.0,27.0,0.051077909767627716,0.00012,0.10885362327098846,0.0
10665.0,10665.0,27.0,0.055438172072172165,0.00012,0.193077951669693,0.0
10666.0,10666.0,27.0,0.05909612774848938,0.00012,0.1228371188044548,0.0
10667.0,10667.0,27.0,0.06193842738866806,0.00012,0.12749069929122925,0.0
10668.0,10668.0,27.0,0.06470175087451935,0.00012,0.1285947859287262,0.0
10669.0,10669.0,27.0,0.0619589127600193,0.00012,0.12356247752904892,0.0
10670.0,10670.0,27.0,0.06124202162027359,0.00012,0.10502665489912033,0.0
10671.0,10671.0,27.0,0.053752630949020386,0.00012,0.17726556956768036,0.0
10672.0,10672.0,27.0,0.06408307701349258,0.00012,0.13415874540805817,0.0
10673.0,10673.0,27.0,0.050818853080272675,0.00012,0.05181090533733368,0.0
10674.0,10674.0,27.0,0.06542396545410156,0.00012,0.1860872060060501,0.0
10675.0,10675.0,27.0,0.06646028161048889,0.00012,0.13154874742031097,0.0
10676.0,10676.0,27.0,0.0696282610297203,0.00012,0.11720054596662521,0.0
10677.0,10677.0,27.0,0.05013570189476013,0.00012,0.1589667648077011,0.0
10678.0,10678.0,27.0,0.05716702342033386,0.00012,0.1111719161272049,0.0
10679.0,10679.0,27.0,0.06524652987718582,0.00012,0.131834477186203,0.0
10680.0,10680.0,27.0,0.07121646404266357,0.00012,0.15165291726589203,0.0
10681.0,10681.0,27.0,0.05155094712972641,0.00012,0.13437828421592712,0.0
10682.0,10682.0,27.0,0.05604037642478943,0.00012,0.10281496495008469,0.0
10683.0,10683.0,27.0,0.05122487246990204,0.00012,0.10041842609643936,0.0
10684.0,10684.0,27.0,0.06215006858110428,0.00012,0.12662005424499512,0.0
10685.0,10685.0,27.0,0.05594438314437866,0.00012,0.10838006436824799,0.0
10686.0,10686.0,27.0,0.0730564221739769,0.00012,0.13262856006622314,0.0
10687.0,10687.0,27.0,0.06122230365872383,0.00012,0.14874325692653656,0.0
10688.0,10688.0,27.0,0.05881228297948837,0.00012,0.07130696624517441,0.0
10689.0,10689.0,27.0,0.05445580929517746,0.00012,0.2038707137107849,0.0
10690.0,10690.0,27.0,0.05702407285571098,0.00012,0.057959336787462234,0.0
10691.0,10691.0,27.0,0.05814548581838608,0.00012,0.16268256306648254,0.0
10692.0,10692.0,27.0,0.052202239632606506,0.00012,0.13232384622097015,0.0
10693.0,10693.0,27.0,0.0494614839553833,0.00012,0.20811007916927338,0.0
10694.0,10694.0,27.0,0.05518818646669388,0.00012,0.1833435297012329,0.0
10695.0,10695.0,27.0,0.04468265175819397,0.00012,0.134583979845047,0.0
10696.0,10696.0,27.0,0.07527237385511398,0.00012,0.22968360781669617,0.0
10697.0,10697.0,27.0,0.05257013440132141,0.00012,0.141527459025383,0.0
10698.0,10698.0,27.0,0.044613152742385864,0.00012,0.19193114340305328,0.0
10699.0,10699.0,27.0,0.046782150864601135,0.00012,0.18281075358390808,0.0
10700.0,10700.0,27.0,0.05541955679655075,0.00012,0.0826314389705658,0.0
10701.0,10701.0,27.0,0.04738610237836838,0.00012,0.2015504390001297,0.0
10702.0,10702.0,27.0,0.05362039804458618,0.00012,0.07605665922164917,0.0
10703.0,10703.0,27.0,0.06303469836711884,0.00012,0.208283931016922,0.0
10704.0,10704.0,27.0,0.05782715231180191,0.00012,0.1358439028263092,0.0
10705.0,10705.0,27.0,0.06268691271543503,0.00012,0.1380876749753952,0.0
10706.0,10706.0,27.0,0.04678750038146973,0.00012,0.13357266783714294,0.0
10707.0,10707.0,27.0,0.06413513422012329,0.00012,0.1025766134262085,0.0
10708.0,10708.0,27.0,0.06626098603010178,0.00012,0.09235221892595291,0.0
10709.0,10709.0,27.0,0.05042438209056854,0.00012,0.09039407968521118,0.0
10710.0,10710.0,27.0,0.053957484662532806,0.00012,0.10354018956422806,0.0
10711.0,10711.0,27.0,0.04670163616538048,0.00012,0.07427599281072617,0.0
10712.0,10712.0,27.0,0.053292129188776016,0.00012,0.1197672188282013,0.0
10713.0,10713.0,27.0,0.051665376871824265,0.00012,0.06652972847223282,0.0
10714.0,10714.0,27.0,0.04883056879043579,0.00012,0.12597469985485077,0.0
10715.0,10715.0,27.0,0.04995732754468918,0.00012,0.11828325688838959,0.0
10716.0,10716.0,27.0,0.05419519916176796,0.00012,0.1000622808933258,0.0
10717.0,10717.0,27.0,0.05540537089109421,0.00012,0.10882023721933365,0.0
10718.0,10718.0,27.0,0.05406874045729637,0.00012,0.11287974566221237,0.0
10719.0,10719.0,27.0,0.0564555786550045,0.00012,0.12461047619581223,0.0
10720.0,10720.0,27.0,0.06394452601671219,0.00012,0.05113234743475914,0.0
10721.0,10721.0,27.0,0.06344623863697052,0.00012,0.16578923165798187,0.0
10722.0,10722.0,27.0,0.05839584022760391,0.00012,0.07852768152952194,0.0
10723.0,10723.0,27.0,0.06346560269594193,0.00012,0.12518122792243958,0.0
10724.0,10724.0,27.0,0.05756227672100067,0.00012,0.10358120501041412,0.0
10725.0,10725.0,27.0,0.056684721261262894,0.00012,0.1440833956003189,0.0
10726.0,10726.0,27.0,0.05153927206993103,0.00012,0.07153462618589401,0.0
10727.0,10727.0,27.0,0.054684534668922424,0.00012,0.0965084508061409,0.0
10728.0,10728.0,27.0,0.051310889422893524,0.00012,0.09603586047887802,0.0
10729.0,10729.0,27.0,0.05957159772515297,0.00012,0.08450504392385483,0.0
10730.0,10730.0,27.0,0.050502751022577286,0.00012,0.1311233639717102,0.0
10731.0,10731.0,27.0,0.060123905539512634,0.00012,0.09723842144012451,0.0
10732.0,10732.0,27.0,0.05196940898895264,0.00012,0.10406068712472916,0.0
10733.0,10733.0,27.0,0.04300279542803764,0.00012,0.0890367329120636,0.0
10734.0,10734.0,27.0,0.04503209888935089,0.00012,0.050635334104299545,0.0
10735.0,10735.0,27.0,0.052863553166389465,0.00012,0.09631942957639694,0.0
10736.0,10736.0,27.0,0.05461836978793144,0.00012,0.08123883605003357,0.0
10737.0,10737.0,27.0,0.06973454356193542,0.00012,0.12561221420764923,0.0
10738.0,10738.0,27.0,0.05866347998380661,0.00012,0.04701915383338928,0.0
10739.0,10739.0,27.0,0.05204041302204132,0.00012,0.06735756993293762,0.0
10740.0,10740.0,27.0,0.06614357978105545,0.00012,0.07228383421897888,0.0
10741.0,10741.0,27.0,0.058284033089876175,0.00012,0.054948609322309494,0.0
10742.0,10742.0,27.0,0.057573623955249786,0.00012,0.08655980229377747,0.0
10743.0,10743.0,27.0,0.05281362310051918,0.00012,0.07862412184476852,0.0
10744.0,10744.0,27.0,0.05611693114042282,0.00012,0.08204862475395203,0.0
10745.0,10745.0,27.0,0.05527840554714203,0.00012,0.06173742190003395,0.0
10746.0,10746.0,27.0,0.0735836774110794,0.00012,0.06727355718612671,0.0
10747.0,10747.0,27.0,0.05044044181704521,0.00012,0.03899739310145378,0.0
10748.0,10748.0,27.0,0.05943206697702408,0.00012,0.10782983154058456,0.0
10749.0,10749.0,27.0,0.04971262812614441,0.00012,0.07445091009140015,0.0
10750.0,10750.0,27.0,0.05690154433250427,0.00012,0.06245025247335434,0.0
10751.0,10751.0,27.0,0.06559420377016068,0.00012,0.13246184587478638,0.0
10752.0,10752.0,27.0,0.05442149564623833,0.00012,0.09103485196828842,0.0
10753.0,10753.0,27.0,0.06607840210199356,0.00012,0.08768447488546371,0.0
10754.0,10754.0,27.0,0.05874287709593773,0.00012,0.09185192734003067,0.0
10755.0,10755.0,27.0,0.06016884371638298,0.00012,0.18835510313510895,0.0
10756.0,10756.0,27.0,0.05774173140525818,0.00012,0.06864768266677856,0.0
10757.0,10757.0,27.0,0.059477850794792175,0.00012,0.13134481012821198,0.0
10758.0,10758.0,27.0,0.07357178628444672,0.00012,0.10521955788135529,0.0
10759.0,10759.0,27.0,0.05709897354245186,0.00012,0.05430346354842186,0.0
10760.0,10760.0,27.0,0.05375567823648453,0.00012,0.10520002990961075,0.0
10761.0,10761.0,27.0,0.059727177023887634,0.00012,0.1225377768278122,0.0
10762.0,10762.0,27.0,0.04939897358417511,0.00012,0.0939856767654419,0.0
10763.0,10763.0,27.0,0.05544610321521759,0.00012,0.12239117920398712,0.0
10764.0,10764.0,27.0,0.04355432093143463,0.00012,0.09974417090415955,0.0
10765.0,10765.0,27.0,0.05390126258134842,0.00012,0.09748058766126633,0.0
10766.0,10766.0,27.0,0.06290211528539658,0.00012,0.11329349130392075,0.0
10767.0,10767.0,27.0,0.06604734808206558,0.00012,0.10379965603351593,0.0
10768.0,10768.0,27.0,0.06182297319173813,0.00012,0.0714503675699234,0.0
10769.0,10769.0,27.0,0.05034692585468292,0.00012,0.15013977885246277,0.0
10770.0,10770.0,27.0,0.06547564268112183,0.00012,0.12439248710870743,0.0
10771.0,10771.0,27.0,0.05875431373715401,0.00012,0.0647595152258873,0.0
10772.0,10772.0,27.0,0.04367440938949585,0.00012,0.13319562375545502,0.0
10773.0,10773.0,27.0,0.058756209909915924,0.00012,0.1431625485420227,0.0
10774.0,10774.0,27.0,0.06573890149593353,0.00012,0.08868365734815598,0.0
10775.0,10775.0,27.0,0.04775509238243103,0.00012,0.13082648813724518,0.0
10776.0,10776.0,27.0,0.05307202786207199,0.00012,0.146259605884552,0.0
10777.0,10777.0,27.0,0.05357949063181877,0.00012,0.08220843225717545,0.0
10778.0,10778.0,27.0,0.04612765461206436,0.00012,0.15500971674919128,0.0
10779.0,10779.0,27.0,0.0576457604765892,0.00012,0.16963069140911102,0.0
10780.0,10780.0,27.0,0.04992896318435669,0.00012,0.19111084938049316,0.0
10781.0,10781.0,27.0,0.04643090441823006,0.00012,0.18839211761951447,0.0
10782.0,10782.0,27.0,0.059127673506736755,0.00012,0.17840133607387543,0.0
10783.0,10783.0,27.0,0.06274735182523727,0.00012,0.14148220419883728,0.0
10784.0,10784.0,27.0,0.06465747952461243,0.00012,0.1318436861038208,0.0
10785.0,10785.0,27.0,0.05774295702576637,0.00012,0.12725217640399933,0.0
10786.0,10786.0,27.0,0.06003564968705177,0.00012,0.15705673396587372,0.0
10787.0,10787.0,27.0,0.06170110031962395,0.00012,0.11443901062011719,0.0
10788.0,10788.0,27.0,0.04511615261435509,0.00012,0.054897744208574295,0.0
10789.0,10789.0,27.0,0.0508829802274704,0.00012,0.14906887710094452,0.0
10790.0,10790.0,27.0,0.06230570748448372,0.00012,0.12549103796482086,0.0
10791.0,10791.0,27.0,0.07141425460577011,0.00012,0.09209971129894257,0.0
10792.0,10792.0,27.0,0.047937147319316864,0.00012,0.15279972553253174,0.0
10793.0,10793.0,27.0,0.06269502639770508,0.00012,0.10470409691333771,0.0
10794.0,10794.0,27.0,0.07489055395126343,0.00012,0.1282968372106552,0.0
10795.0,10795.0,27.0,0.05120261386036873,0.00012,0.09934722632169724,0.0
10796.0,10796.0,27.0,0.056870345026254654,0.00012,0.09454673528671265,0.0
10797.0,10797.0,27.0,0.04341929405927658,0.00012,0.04248505458235741,0.0
10798.0,10798.0,27.0,0.06153835356235504,0.00012,0.13061019778251648,0.0
10799.0,10799.0,27.0,0.062008336186409,0.00012,0.07735538482666016,0.0
10800.0,10800.0,27.0,0.06545141339302063,0.00012,0.09312872588634491,0.0
10801.0,10801.0,27.0,0.06022249907255173,0.00012,0.1329665631055832,0.0
10802.0,10802.0,27.0,0.06613913178443909,0.00012,0.07066918909549713,0.0
10803.0,10803.0,27.0,0.06821367889642715,0.00012,0.051853910088539124,0.0
10804.0,10804.0,27.0,0.049877919256687164,0.00012,0.12406624853610992,0.0
10805.0,10805.0,27.0,0.05013072118163109,0.00012,0.1489381492137909,0.0
10806.0,10806.0,27.0,0.04937787353992462,0.00012,0.12395574897527695,0.0
10807.0,10807.0,27.0,0.07016168534755707,0.00012,0.0744830071926117,0.0
10808.0,10808.0,27.0,0.06002284586429596,0.00012,0.09512422978878021,0.0
10809.0,10809.0,27.0,0.04881933331489563,0.00012,0.0994776114821434,0.0
10810.0,10810.0,27.0,0.06593520939350128,0.00012,0.09725306928157806,0.0
10811.0,10811.0,27.0,0.046603694558143616,0.00012,0.09889795631170273,0.0
10812.0,10812.0,27.0,0.05473636835813522,0.00012,0.0638284906744957,0.0
10813.0,10813.0,27.0,0.048048440366983414,0.00012,0.08724359422922134,0.0
10814.0,10814.0,27.0,0.059065185487270355,0.00012,0.08302906900644302,0.0
10815.0,10815.0,27.0,0.04382716864347458,0.00012,0.08653760701417923,0.0
10816.0,10816.0,27.0,0.046553127467632294,0.00012,0.10683697462081909,0.0
10817.0,10817.0,27.0,0.05578429996967316,0.00012,0.11492033302783966,0.0
10818.0,10818.0,27.0,0.05445222556591034,0.00012,0.07144219428300858,0.0
10819.0,10819.0,27.0,0.04608897119760513,0.00012,0.04460465535521507,0.0
10820.0,10820.0,27.0,0.06247576326131821,0.00012,0.11305592954158783,0.0
10821.0,10821.0,27.0,0.06547878682613373,0.00012,0.052068501710891724,0.0
10822.0,10822.0,27.0,0.07629305124282837,0.00012,0.07016153633594513,0.0
10823.0,10823.0,27.0,0.05272160843014717,0.00012,0.13982275128364563,0.0
10824.0,10824.0,27.0,0.057008448988199234,0.00012,0.05543505400419235,0.0
10825.0,10825.0,27.0,0.05569551885128021,0.00012,0.15677092969417572,0.0
10826.0,10826.0,27.0,0.06077350303530693,0.00012,0.06702367216348648,0.0
10827.0,10827.0,27.0,0.05803997069597244,0.00012,0.14440511167049408,0.0
10828.0,10828.0,27.0,0.044843558222055435,0.00012,0.07466303557157516,0.0
10829.0,10829.0,27.0,0.0583130419254303,0.00012,0.09906773269176483,0.0
10830.0,10830.0,27.0,0.06924393028020859,0.00012,0.1049211323261261,0.0
10831.0,10831.0,27.0,0.054208800196647644,0.00012,0.09690708667039871,0.0
10832.0,10832.0,27.0,0.0635344386100769,0.00012,0.1603935807943344,0.0
10833.0,10833.0,27.0,0.05388614535331726,0.00012,0.11113287508487701,0.0
10834.0,10834.0,27.0,0.05021492764353752,0.00012,0.046542584896087646,0.0
10835.0,10835.0,27.0,0.04923923313617706,0.00012,0.0762922391295433,0.0
10836.0,10836.0,27.0,0.05382733792066574,0.00012,0.06197791174054146,0.0
10837.0,10837.0,27.0,0.04847615212202072,0.00012,0.08612114191055298,0.0
10838.0,10838.0,27.0,0.05342058092355728,0.00012,0.07877275347709656,0.0
10839.0,10839.0,27.0,0.04031481221318245,0.00012,0.1426478922367096,0.0
10840.0,10840.0,27.0,0.054711323231458664,0.00012,0.09592153877019882,0.0
10841.0,10841.0,27.0,0.05424521863460541,0.00012,0.07907336205244064,0.0
10842.0,10842.0,27.0,0.057593151926994324,0.00012,0.1052614375948906,0.0
10843.0,10843.0,27.0,0.05254138261079788,0.00012,0.08257032185792923,0.0
10844.0,10844.0,27.0,0.057985447347164154,0.00012,0.17831774055957794,0.0
10845.0,10845.0,27.0,0.061578597873449326,0.00012,0.05472176522016525,0.0
10846.0,10846.0,27.0,0.07476234436035156,0.00012,0.1481071412563324,0.0
10847.0,10847.0,27.0,0.057568468153476715,0.00012,0.13546274602413177,0.0
10848.0,10848.0,27.0,0.05075053498148918,0.00012,0.1655627340078354,0.0
10849.0,10849.0,27.0,0.059779152274131775,0.00012,0.12133831530809402,0.0
10850.0,10850.0,27.0,0.04845721274614334,0.00012,0.10453992336988449,0.0
10851.0,10851.0,27.0,0.05615639686584473,0.00012,0.11964500695466995,0.0
10852.0,10852.0,27.0,0.05020006000995636,0.00012,0.10478202998638153,0.0
10853.0,10853.0,27.0,0.06549809128046036,0.00012,0.08039944618940353,0.0
10854.0,10854.0,27.0,0.05321625620126724,0.00012,0.1351536512374878,0.0
10855.0,10855.0,27.0,0.056552644819021225,0.00012,0.10037657618522644,0.0
10856.0,10856.0,27.0,0.05710063502192497,0.00012,0.10227303206920624,0.0
10857.0,10857.0,27.0,0.052415963262319565,0.00012,0.07631003856658936,0.0
10858.0,10858.0,27.0,0.0651874840259552,0.00012,0.08637072890996933,0.0
10859.0,10859.0,27.0,0.05744999647140503,0.00012,0.10303716361522675,0.0
10860.0,10860.0,27.0,0.06854061782360077,0.00012,0.05655331537127495,0.0
10861.0,10861.0,27.0,0.05285383760929108,0.00012,0.11076603084802628,0.0
10862.0,10862.0,27.0,0.04581809788942337,0.00012,0.12000078707933426,0.0
10863.0,10863.0,27.0,0.06072230637073517,0.00012,0.05336914584040642,0.0
10864.0,10864.0,27.0,0.05838225409388542,0.00012,0.11913913488388062,0.0
10865.0,10865.0,27.0,0.06563438475131989,0.00012,0.09692946076393127,0.0
10866.0,10866.0,27.0,0.06296418607234955,0.00012,0.13432390987873077,0.0
10867.0,10867.0,27.0,0.05970146507024765,0.00012,0.10035700350999832,0.0
10868.0,10868.0,27.0,0.043355993926525116,0.00012,0.10384014993906021,0.0
10869.0,10869.0,27.0,0.06602097302675247,0.00012,0.08462899178266525,0.0
10870.0,10870.0,27.0,0.06042667478322983,0.00012,0.15424352884292603,0.0
10871.0,10871.0,27.0,0.05525006353855133,0.00012,0.08830228447914124,0.0
10872.0,10872.0,27.0,0.04675786942243576,0.00012,0.06125061213970184,0.0
10873.0,10873.0,27.0,0.05447542294859886,0.00012,0.13412973284721375,0.0
10874.0,10874.0,27.0,0.06067322567105293,0.00012,0.10841360688209534,0.0
10875.0,10875.0,27.0,0.057120710611343384,0.00012,0.10478731244802475,0.0
10876.0,10876.0,27.0,0.06401314586400986,0.00012,0.10181434452533722,0.0
10877.0,10877.0,27.0,0.06440461426973343,0.00012,0.08295252174139023,0.0
10878.0,10878.0,27.0,0.05449521541595459,0.00012,0.0984257236123085,0.0
10879.0,10879.0,27.0,0.060702480375766754,0.00012,0.114458829164505,0.0
10880.0,10880.0,27.0,0.05965053662657738,0.00012,0.08998102694749832,0.0
10881.0,10881.0,27.0,0.06039544939994812,0.00012,0.11799515783786774,0.0
10882.0,10882.0,27.0,0.05381065234541893,0.00012,0.15036222338676453,0.0
10883.0,10883.0,27.0,0.0523105263710022,0.00012,0.06494497507810593,0.0
10884.0,10884.0,27.0,0.05348207801580429,0.00012,0.17299388349056244,0.0
10885.0,10885.0,27.0,0.06728750467300415,0.00012,0.1267288625240326,0.0
10886.0,10886.0,27.0,0.062225230038166046,0.00012,0.1223456934094429,0.0
10887.0,10887.0,27.0,0.06101224198937416,0.00012,0.09332698583602905,0.0
10888.0,10888.0,27.0,0.058501772582530975,0.00012,0.14791889488697052,0.0
10889.0,10889.0,27.0,0.062002599239349365,0.00012,0.11969706416130066,0.0
10890.0,10890.0,27.0,0.0527658574283123,0.00012,0.16872915625572205,0.0
10891.0,10891.0,27.0,0.05888787657022476,0.00012,0.12229426205158234,0.0
10892.0,10892.0,27.0,0.04697990417480469,0.00012,0.14160501956939697,0.0
10893.0,10893.0,27.0,0.055384036153554916,0.00012,0.09249218553304672,0.0
10894.0,10894.0,27.0,0.060464948415756226,0.00012,0.21132129430770874,0.0
10895.0,10895.0,27.0,0.036032721400260925,0.00012,0.11622804403305054,0.0
10896.0,10896.0,27.0,0.04883212596178055,0.00012,0.22682209312915802,0.0
10897.0,10897.0,27.0,0.05968621373176575,0.00012,0.10689225047826767,0.0
10898.0,10898.0,27.0,0.07603739202022552,0.00012,0.2066514790058136,0.0
10899.0,10899.0,27.0,0.062385208904743195,0.00012,0.16166570782661438,0.0
10900.0,10900.0,27.0,0.05360545217990875,0.00012,0.1642034947872162,0.0
10901.0,10901.0,27.0,0.05767473578453064,0.00012,0.15846766531467438,0.0
10902.0,10902.0,27.0,0.041106101125478745,0.00012,0.1051253229379654,0.0
10903.0,10903.0,27.0,0.050527408719062805,0.00012,0.12293843179941177,0.0
10904.0,10904.0,27.0,0.0584564134478569,0.00012,0.08400031179189682,0.0
10905.0,10905.0,27.0,0.0482582226395607,0.00012,0.11838435381650925,0.0
10906.0,10906.0,27.0,0.05686144903302193,0.00012,0.12832067906856537,0.0
10907.0,10907.0,27.0,0.06403784453868866,0.00012,0.07430458068847656,0.0
10908.0,10908.0,27.0,0.06307545304298401,0.00012,0.1478879302740097,0.0
10909.0,10909.0,27.0,0.058297861367464066,0.00012,0.11599811911582947,0.0
10910.0,10910.0,27.0,0.07274565100669861,0.00012,0.1320982575416565,0.0
10911.0,10911.0,27.0,0.06071895360946655,0.00012,0.12134793400764465,0.0
10912.0,10912.0,27.0,0.06155887991189957,0.00012,0.1870930939912796,0.0
10913.0,10913.0,27.0,0.04604406654834747,0.00012,0.10371730476617813,0.0
10914.0,10914.0,27.0,0.04924316704273224,0.00012,0.2161315232515335,0.0
10915.0,10915.0,27.0,0.05307302623987198,0.00012,0.12417780607938766,0.0
10916.0,10916.0,27.0,0.051576219499111176,0.00012,0.1219400092959404,0.0
10917.0,10917.0,27.0,0.04989838972687721,0.00012,0.11385248601436615,0.0
10918.0,10918.0,27.0,0.06500597298145294,0.00012,0.1271335929632187,0.0
10919.0,10919.0,27.0,0.0489579476416111,0.00012,0.11810436099767685,0.0
10920.0,10920.0,27.0,0.05832173675298691,0.00012,0.14179271459579468,0.0
10921.0,10921.0,28.0,0.07016478478908539,0.00012,0.15475894510746002,0.0
10922.0,10922.0,28.0,0.04990175738930702,0.00012,0.13517354428768158,0.0
10923.0,10923.0,28.0,0.06796573102474213,0.00012,0.11480310559272766,0.0
10924.0,10924.0,28.0,0.06887391209602356,0.00012,0.23415525257587433,0.0
10925.0,10925.0,28.0,0.05594141036272049,0.00012,0.09729532897472382,0.0
10926.0,10926.0,28.0,0.058455295860767365,0.00012,0.18457326292991638,0.0
10927.0,10927.0,28.0,0.053390707820653915,0.00012,0.15391603112220764,0.0
10928.0,10928.0,28.0,0.061178386211395264,0.00012,0.054552435874938965,0.0
10929.0,10929.0,28.0,0.05413617938756943,0.00012,0.16130337119102478,0.0
10930.0,10930.0,28.0,0.05886295437812805,0.00012,0.07763169705867767,0.0
10931.0,10931.0,28.0,0.06526248157024384,0.00012,0.14420384168624878,0.0
10932.0,10932.0,28.0,0.056504376232624054,0.00012,0.1104009672999382,0.0
10933.0,10933.0,28.0,0.05426262691617012,0.00012,0.09650026261806488,0.0
10934.0,10934.0,28.0,0.05107448250055313,0.00012,0.15868695080280304,0.0
10935.0,10935.0,28.0,0.050186753273010254,0.00012,0.08569125086069107,0.0
10936.0,10936.0,28.0,0.05266185849905014,0.00012,0.12427762150764465,0.0
10937.0,10937.0,28.0,0.06246770918369293,0.00012,0.10154972225427628,0.0
10938.0,10938.0,28.0,0.045517850667238235,0.00012,0.09953144192695618,0.0
10939.0,10939.0,28.0,0.04687347635626793,0.00012,0.09670644998550415,0.0
10940.0,10940.0,28.0,0.07093411684036255,0.00012,0.09058850258588791,0.0
10941.0,10941.0,28.0,0.057070042937994,0.00012,0.0637839287519455,0.0
10942.0,10942.0,28.0,0.06371010839939117,0.00012,0.12956266105175018,0.0
10943.0,10943.0,28.0,0.06444896757602692,0.00012,0.0932168960571289,0.0
10944.0,10944.0,28.0,0.05234382301568985,0.00012,0.061831288039684296,0.0
10945.0,10945.0,28.0,0.04485703259706497,0.00012,0.12089303880929947,0.0
10946.0,10946.0,28.0,0.06120987609028816,0.00012,0.07679017633199692,0.0
10947.0,10947.0,28.0,0.06205139309167862,0.00012,0.1240089014172554,0.0
10948.0,10948.0,28.0,0.056666240096092224,0.00012,0.057918425649404526,0.0
10949.0,10949.0,28.0,0.05719780921936035,0.00012,0.1099558025598526,0.0
10950.0,10950.0,28.0,0.061611562967300415,0.00012,0.09732628613710403,0.0
10951.0,10951.0,28.0,0.044418275356292725,0.00012,0.06512279063463211,0.0
10952.0,10952.0,28.0,0.045313745737075806,0.00012,0.14443397521972656,0.0
10953.0,10953.0,28.0,0.05653170123696327,0.00012,0.09721821546554565,0.0
10954.0,10954.0,28.0,0.04990386962890625,0.00012,0.1254381239414215,0.0
10955.0,10955.0,28.0,0.06036124378442764,0.00012,0.1027817502617836,0.0
10956.0,10956.0,28.0,0.06401647627353668,0.00012,0.09788677096366882,0.0
10957.0,10957.0,28.0,0.051745470613241196,0.00012,0.11437144875526428,0.0
10958.0,10958.0,28.0,0.06036446616053581,0.00012,0.11518647521734238,0.0
10959.0,10959.0,28.0,0.06921231001615524,0.00012,0.062465913593769073,0.0
10960.0,10960.0,28.0,0.05314251407980919,0.00012,0.08800043165683746,0.0
10961.0,10961.0,28.0,0.05909179151058197,0.00012,0.08286797255277634,0.0
10962.0,10962.0,28.0,0.06259359419345856,0.00012,0.08903423696756363,0.0
10963.0,10963.0,28.0,0.06283406913280487,0.00012,0.07462305575609207,0.0
10964.0,10964.0,28.0,0.06365140527486801,0.00012,0.10521501302719116,0.0
10965.0,10965.0,28.0,0.04638022929430008,0.00012,0.06684911996126175,0.0
10966.0,10966.0,28.0,0.04832925274968147,0.00012,0.08171623945236206,0.0
10967.0,10967.0,28.0,0.049323420971632004,0.00012,0.05743545666337013,0.0
10968.0,10968.0,28.0,0.0511094331741333,0.00012,0.07616131007671356,0.0
10969.0,10969.0,28.0,0.0608663335442543,0.00012,0.11139855533838272,0.0
10970.0,10970.0,28.0,0.05317762866616249,0.00012,0.06809619069099426,0.0
10971.0,10971.0,28.0,0.06660304963588715,0.00012,0.10639488697052002,0.0
10972.0,10972.0,28.0,0.06396779417991638,0.00012,0.08975707739591599,0.0
10973.0,10973.0,28.0,0.04551485925912857,0.00012,0.061198268085718155,0.0
10974.0,10974.0,28.0,0.05909865349531174,0.00012,0.10338711738586426,0.0
10975.0,10975.0,28.0,0.06037053465843201,0.00012,0.18352283537387848,0.0
10976.0,10976.0,28.0,0.060700882226228714,0.00012,0.11567437648773193,0.0
10977.0,10977.0,28.0,0.07066749036312103,0.00012,0.12117345631122589,0.0
10978.0,10978.0,28.0,0.0467737652361393,0.00012,0.16156649589538574,0.0
10979.0,10979.0,28.0,0.06546607613563538,0.00012,0.09767309576272964,0.0
10980.0,10980.0,28.0,0.07196104526519775,0.00012,0.09484459459781647,0.0
10981.0,10981.0,28.0,0.056926287710666656,0.00012,0.19782978296279907,0.0
10982.0,10982.0,28.0,0.05970228090882301,0.00012,0.08238548040390015,0.0
10983.0,10983.0,28.0,0.055322419852018356,0.00012,0.08802638947963715,0.0
10984.0,10984.0,28.0,0.04959932342171669,0.00012,0.17704293131828308,0.0
10985.0,10985.0,28.0,0.06110534816980362,0.00012,0.12782149016857147,0.0
10986.0,10986.0,28.0,0.05449584871530533,0.00012,0.10630175471305847,0.0
10987.0,10987.0,28.0,0.06430992484092712,0.00012,0.21168926358222961,0.0
10988.0,10988.0,28.0,0.052729833871126175,0.00012,0.13046829402446747,0.0
10989.0,10989.0,28.0,0.0535195954144001,0.00012,0.16978906095027924,0.0
10990.0,10990.0,28.0,0.059424109756946564,0.00012,0.1621159017086029,0.0
10991.0,10991.0,28.0,0.061160609126091,0.00012,0.14284798502922058,0.0
10992.0,10992.0,28.0,0.04818262159824371,0.00012,0.12292172014713287,0.0
10993.0,10993.0,28.0,0.04828565567731857,0.00012,0.1551208347082138,0.0
10994.0,10994.0,28.0,0.04974376782774925,0.00012,0.10818573832511902,0.0
10995.0,10995.0,28.0,0.060486119240522385,0.00012,0.13352560997009277,0.0
10996.0,10996.0,28.0,0.057673484086990356,0.00012,0.15404509007930756,0.0
10997.0,10997.0,28.0,0.05737609788775444,0.00012,0.11797550320625305,0.0
10998.0,10998.0,28.0,0.05103020370006561,0.00012,0.14608845114707947,0.0
10999.0,10999.0,28.0,0.0666702389717102,0.00012,0.18382322788238525,0.0
11000.0,11000.0,28.0,0.05488070100545883,0.00012,0.1672939509153366,0.0
11001.0,11001.0,28.0,0.059064723551273346,0.00012,0.14421291649341583,0.0
11002.0,11002.0,28.0,0.06187111884355545,0.00012,0.1576205939054489,0.0
11003.0,11003.0,28.0,0.058078765869140625,0.00012,0.05530000850558281,0.0
11004.0,11004.0,28.0,0.056571006774902344,0.00012,0.09380847215652466,0.0
11005.0,11005.0,28.0,0.05898205563426018,0.00012,0.06102636829018593,0.0
11006.0,11006.0,28.0,0.048333752900362015,0.00012,0.13944898545742035,0.0
11007.0,11007.0,28.0,0.06151365116238594,0.00012,0.11282245069742203,0.0
11008.0,11008.0,28.0,0.05588611587882042,0.00012,0.10297118127346039,0.0
11009.0,11009.0,28.0,0.04524354636669159,0.00012,0.09848944842815399,0.0
11010.0,11010.0,28.0,0.06222968548536301,0.00012,0.06808938086032867,0.0
11011.0,11011.0,28.0,0.05093386024236679,0.00012,0.13251911103725433,0.0
11012.0,11012.0,28.0,0.06493914127349854,0.00012,0.1115083396434784,0.0
11013.0,11013.0,28.0,0.057653121650218964,0.00012,0.10811758041381836,0.0
11014.0,11014.0,28.0,0.0473327711224556,0.00012,0.049205247312784195,0.0
11015.0,11015.0,28.0,0.06388701498508453,0.00012,0.10936910659074783,0.0
11016.0,11016.0,28.0,0.0601663738489151,0.00012,0.053192950785160065,0.0
11017.0,11017.0,28.0,0.058456145226955414,0.00012,0.11502689123153687,0.0
11018.0,11018.0,28.0,0.06411658227443695,0.00012,0.06141413748264313,0.0
11019.0,11019.0,28.0,0.06946322321891785,0.00012,0.09672152996063232,0.0
11020.0,11020.0,28.0,0.05845588445663452,0.00012,0.0999564379453659,0.0
11021.0,11021.0,28.0,0.06066499650478363,0.00012,0.09449192881584167,0.0
11022.0,11022.0,28.0,0.044033847749233246,0.00012,0.11697767674922943,0.0
11023.0,11023.0,28.0,0.059971533715724945,0.00012,0.11518562585115433,0.0
11024.0,11024.0,28.0,0.0556679405272007,0.00012,0.12404734641313553,0.0
11025.0,11025.0,28.0,0.058140575885772705,0.00012,0.06642752885818481,0.0
11026.0,11026.0,28.0,0.06028617173433304,0.00012,0.10716079920530319,0.0
11027.0,11027.0,28.0,0.06074660271406174,0.00012,0.09400415420532227,0.0
11028.0,11028.0,28.0,0.05457111820578575,0.00012,0.10881506651639938,0.0
11029.0,11029.0,28.0,0.05155295506119728,0.00012,0.14431853592395782,0.0
11030.0,11030.0,28.0,0.06313420832157135,0.00012,0.1428590565919876,0.0
11031.0,11031.0,28.0,0.05479506403207779,0.00012,0.07066129148006439,0.0
11032.0,11032.0,28.0,0.057507939636707306,0.00012,0.1221184954047203,0.0
11033.0,11033.0,28.0,0.05566345900297165,0.00012,0.06142673268914223,0.0
11034.0,11034.0,28.0,0.06501001119613647,0.00012,0.09714490920305252,0.0
11035.0,11035.0,28.0,0.050029948353767395,0.00012,0.1093449518084526,0.0
11036.0,11036.0,28.0,0.05145789310336113,0.00012,0.09840010851621628,0.0
11037.0,11037.0,28.0,0.05787095054984093,0.00012,0.09917899966239929,0.0
11038.0,11038.0,28.0,0.05230594053864479,0.00012,0.14173664152622223,0.0
11039.0,11039.0,28.0,0.052805542945861816,0.00012,0.061315540224313736,0.0
11040.0,11040.0,28.0,0.053056687116622925,0.00012,0.06775455176830292,0.0
11041.0,11041.0,28.0,0.0492502823472023,0.00012,0.07450040429830551,0.0
11042.0,11042.0,28.0,0.05747714638710022,0.00012,0.1324889212846756,0.0
11043.0,11043.0,28.0,0.046380940824747086,0.00012,0.08584655076265335,0.0
11044.0,11044.0,28.0,0.056385938078165054,0.00012,0.12450817972421646,0.0
11045.0,11045.0,28.0,0.0499676838517189,0.00012,0.16547973453998566,0.0
11046.0,11046.0,28.0,0.04185877740383148,0.00012,0.0882783830165863,0.0
11047.0,11047.0,28.0,0.045138366520404816,0.00012,0.12808148562908173,0.0
11048.0,11048.0,28.0,0.05081559345126152,0.00012,0.08213166147470474,0.0
11049.0,11049.0,28.0,0.0593208447098732,0.00012,0.11122934520244598,0.0
11050.0,11050.0,28.0,0.06578744947910309,0.00012,0.1240367740392685,0.0
11051.0,11051.0,28.0,0.046665966510772705,0.00012,0.05760260298848152,0.0
11052.0,11052.0,28.0,0.050202853977680206,0.00012,0.16219249367713928,0.0
11053.0,11053.0,28.0,0.06642496585845947,0.00012,0.07003247737884521,0.0
11054.0,11054.0,28.0,0.051451176404953,0.00012,0.12268490344285965,0.0
11055.0,11055.0,28.0,0.06275065988302231,0.00012,0.11941318958997726,0.0
11056.0,11056.0,28.0,0.06121969223022461,0.00012,0.14345018565654755,0.0
11057.0,11057.0,28.0,0.0571698360145092,0.00012,0.16590021550655365,0.0
11058.0,11058.0,28.0,0.05735044553875923,0.00012,0.15811096131801605,0.0
11059.0,11059.0,28.0,0.053934719413518906,0.00012,0.15671534836292267,0.0
11060.0,11060.0,28.0,0.05537347123026848,0.00012,0.1899394392967224,0.0
11061.0,11061.0,28.0,0.051988840103149414,0.00012,0.12277767062187195,0.0
11062.0,11062.0,28.0,0.057911116629838943,0.00012,0.135711207985878,0.0
11063.0,11063.0,28.0,0.05010053515434265,0.00012,0.16638077795505524,0.0
11064.0,11064.0,28.0,0.06208544597029686,0.00012,0.12013322114944458,0.0
11065.0,11065.0,28.0,0.04605928435921669,0.00012,0.15199796855449677,0.0
11066.0,11066.0,28.0,0.07306015491485596,0.00012,0.07151800394058228,0.0
11067.0,11067.0,28.0,0.05235936492681503,0.00012,0.10931076109409332,0.0
11068.0,11068.0,28.0,0.056103818118572235,0.00012,0.10458928346633911,0.0
11069.0,11069.0,28.0,0.061291202902793884,0.00012,0.172968327999115,0.0
11070.0,11070.0,28.0,0.05212494730949402,0.00012,0.09915529936552048,0.0
11071.0,11071.0,28.0,0.06403146684169769,0.00012,0.1432509869337082,0.0
11072.0,11072.0,28.0,0.050454333424568176,0.00012,0.1523965448141098,0.0
11073.0,11073.0,28.0,0.05591460317373276,0.00012,0.08507503569126129,0.0
11074.0,11074.0,28.0,0.06166917085647583,0.00012,0.1757844239473343,0.0
11075.0,11075.0,28.0,0.05054006353020668,0.00012,0.07159344851970673,0.0
11076.0,11076.0,28.0,0.045000240206718445,0.00012,0.11184714734554291,0.0
11077.0,11077.0,28.0,0.048015668988227844,0.00012,0.1253364086151123,0.0
11078.0,11078.0,28.0,0.05348561704158783,0.00012,0.08770184218883514,0.0
11079.0,11079.0,28.0,0.052450548857450485,0.00012,0.14405618607997894,0.0
11080.0,11080.0,28.0,0.05992695689201355,0.00012,0.11218992620706558,0.0
11081.0,11081.0,28.0,0.04658398777246475,0.00012,0.11711990833282471,0.0
11082.0,11082.0,28.0,0.04904768243432045,0.00012,0.14898069202899933,0.0
11083.0,11083.0,28.0,0.05957651883363724,0.00012,0.1281946301460266,0.0
11084.0,11084.0,28.0,0.06134360283613205,0.00012,0.10277552157640457,0.0
11085.0,11085.0,28.0,0.058993153274059296,0.00012,0.10031256824731827,0.0
11086.0,11086.0,28.0,0.053486619144678116,0.00012,0.10709957778453827,0.0
11087.0,11087.0,28.0,0.04738619178533554,0.00012,0.07970591634511948,0.0
11088.0,11088.0,28.0,0.06012161821126938,0.00012,0.1125335842370987,0.0
11089.0,11089.0,28.0,0.06526175141334534,0.00012,0.07083955407142639,0.0
11090.0,11090.0,28.0,0.04960975423455238,0.00012,0.12947556376457214,0.0
11091.0,11091.0,28.0,0.06198504567146301,0.00012,0.096636101603508,0.0
11092.0,11092.0,28.0,0.06300957500934601,0.00012,0.13388650119304657,0.0
11093.0,11093.0,28.0,0.05367114022374153,0.00012,0.12093159556388855,0.0
11094.0,11094.0,28.0,0.061220165342092514,0.00012,0.0950571596622467,0.0
11095.0,11095.0,28.0,0.07132080942392349,0.00012,0.06608232855796814,0.0
11096.0,11096.0,28.0,0.05235033854842186,0.00012,0.11790507286787033,0.0
11097.0,11097.0,28.0,0.075441375374794,0.00012,0.06988741457462311,0.0
11098.0,11098.0,28.0,0.06176253780722618,0.00012,0.09875590354204178,0.0
11099.0,11099.0,28.0,0.05206036940217018,0.00012,0.07644286006689072,0.0
11100.0,11100.0,28.0,0.06274416297674179,0.00012,0.0874195322394371,0.0
11101.0,11101.0,28.0,0.0716342180967331,0.00012,0.11272937804460526,0.0
11102.0,11102.0,28.0,0.0520562082529068,0.00012,0.06634120643138885,0.0
11103.0,11103.0,28.0,0.06529749929904938,0.00012,0.10141843557357788,0.0
11104.0,11104.0,28.0,0.045959047973155975,0.00012,0.08648005872964859,0.0
11105.0,11105.0,28.0,0.06452713161706924,0.00012,0.08084623515605927,0.0
11106.0,11106.0,28.0,0.05672011524438858,0.00012,0.127640038728714,0.0
11107.0,11107.0,28.0,0.05159710720181465,0.00012,0.08623288571834564,0.0
11108.0,11108.0,28.0,0.05080500245094299,0.00012,0.10452062636613846,0.0
11109.0,11109.0,28.0,0.05053158476948738,0.00012,0.1193888783454895,0.0
11110.0,11110.0,28.0,0.06652580201625824,0.00012,0.09083940088748932,0.0
11111.0,11111.0,28.0,0.06550802290439606,0.00012,0.06042690575122833,0.0
11112.0,11112.0,28.0,0.05450339615345001,0.00012,0.14173224568367004,0.0
11113.0,11113.0,28.0,0.05562971904873848,0.00012,0.09916087985038757,0.0
11114.0,11114.0,28.0,0.05497274547815323,0.00012,0.1444520652294159,0.0
11115.0,11115.0,28.0,0.07698460668325424,0.00012,0.06059617921710014,0.0
11116.0,11116.0,28.0,0.05446631461381912,0.00012,0.17978759109973907,0.0
11117.0,11117.0,28.0,0.05130232870578766,0.00012,0.08629508316516876,0.0
11118.0,11118.0,28.0,0.06239546090364456,0.00012,0.1981879323720932,0.0
11119.0,11119.0,28.0,0.053813111037015915,0.00012,0.16316939890384674,0.0
11120.0,11120.0,28.0,0.04302816092967987,0.00012,0.1865164339542389,0.0
11121.0,11121.0,28.0,0.06085493788123131,0.00012,0.16335879266262054,0.0
11122.0,11122.0,28.0,0.05406801775097847,0.00012,0.11619427055120468,0.0
11123.0,11123.0,28.0,0.049585722386837006,0.00012,0.15248732268810272,0.0
11124.0,11124.0,28.0,0.052914224565029144,0.00012,0.05870547145605087,0.0
11125.0,11125.0,28.0,0.06887863576412201,0.00012,0.13060910999774933,0.0
11126.0,11126.0,28.0,0.052209459245204926,0.00012,0.09157232940196991,0.0
11127.0,11127.0,28.0,0.05670342966914177,0.00012,0.13744768500328064,0.0
11128.0,11128.0,28.0,0.054945796728134155,0.00012,0.12768840789794922,0.0
11129.0,11129.0,28.0,0.056022223085165024,0.00012,0.17980815470218658,0.0
11130.0,11130.0,28.0,0.06125142052769661,0.00012,0.15490221977233887,0.0
11131.0,11131.0,28.0,0.0535714291036129,0.00012,0.07228082418441772,0.0
11132.0,11132.0,28.0,0.06536541879177094,0.00012,0.22679416835308075,0.0
11133.0,11133.0,28.0,0.04751543328166008,0.00012,0.09887606650590897,0.0
11134.0,11134.0,28.0,0.04649103432893753,0.00012,0.19136346876621246,0.0
11135.0,11135.0,28.0,0.06451334804296494,0.00012,0.09984473139047623,0.0
11136.0,11136.0,28.0,0.06269145011901855,0.00012,0.0625235065817833,0.0
11137.0,11137.0,28.0,0.07334762811660767,0.00012,0.10437561571598053,0.0
11138.0,11138.0,28.0,0.06390207260847092,0.00012,0.11199380457401276,0.0
11139.0,11139.0,28.0,0.06186093017458916,0.00012,0.07869373261928558,0.0
11140.0,11140.0,28.0,0.04923958703875542,0.00012,0.04001447930932045,0.0
11141.0,11141.0,28.0,0.05016535520553589,0.00012,0.07784584164619446,0.0
11142.0,11142.0,28.0,0.04449717700481415,0.00012,0.07899647951126099,0.0
11143.0,11143.0,28.0,0.06279827654361725,0.00012,0.08854927122592926,0.0
11144.0,11144.0,28.0,0.06739453971385956,0.00012,0.09908413141965866,0.0
11145.0,11145.0,28.0,0.05894862115383148,0.00012,0.05456170812249184,0.0
11146.0,11146.0,28.0,0.07125484943389893,0.00012,0.1640681028366089,0.0
11147.0,11147.0,28.0,0.06176692992448807,0.00012,0.10508068650960922,0.0
11148.0,11148.0,28.0,0.06822293251752853,0.00012,0.14288808405399323,0.0
11149.0,11149.0,28.0,0.0624639168381691,0.00012,0.07060560584068298,0.0
11150.0,11150.0,28.0,0.05151925981044769,0.00012,0.11555536836385727,0.0
11151.0,11151.0,28.0,0.048403386026620865,0.00012,0.06737516075372696,0.0
11152.0,11152.0,28.0,0.05649511516094208,0.00012,0.10347073525190353,0.0
11153.0,11153.0,28.0,0.04649733006954193,0.00012,0.08110262453556061,0.0
11154.0,11154.0,28.0,0.06084602326154709,0.00012,0.08186029642820358,0.0
11155.0,11155.0,28.0,0.06036093458533287,0.00012,0.18757660686969757,0.0
11156.0,11156.0,28.0,0.06691233813762665,0.00012,0.07755649089813232,0.0
11157.0,11157.0,28.0,0.053165558725595474,0.00012,0.19492806494235992,0.0
11158.0,11158.0,28.0,0.0580921471118927,0.00012,0.11438857764005661,0.0
11159.0,11159.0,28.0,0.05832017958164215,0.00012,0.08429526537656784,0.0
11160.0,11160.0,28.0,0.0580153688788414,0.00012,0.16245728731155396,0.0
11161.0,11161.0,28.0,0.06175851821899414,0.00012,0.05960812419652939,0.0
11162.0,11162.0,28.0,0.06320545077323914,0.00012,0.13702958822250366,0.0
11163.0,11163.0,28.0,0.06975146383047104,0.00012,0.07264749705791473,0.0
11164.0,11164.0,28.0,0.06964077800512314,0.00012,0.11076703667640686,0.0
11165.0,11165.0,28.0,0.05603707954287529,0.00012,0.059136781841516495,0.0
11166.0,11166.0,28.0,0.05354689806699753,0.00012,0.091282919049263,0.0
11167.0,11167.0,28.0,0.05445549264550209,0.00012,0.0897466391324997,0.0
11168.0,11168.0,28.0,0.053954362869262695,0.00012,0.08449925482273102,0.0
11169.0,11169.0,28.0,0.06393111497163773,0.00012,0.10486665368080139,0.0
11170.0,11170.0,28.0,0.05434056371450424,0.00012,0.17432352900505066,0.0
11171.0,11171.0,28.0,0.059475403279066086,0.00012,0.05292443931102753,0.0
11172.0,11172.0,28.0,0.0585838183760643,0.00012,0.14773063361644745,0.0
11173.0,11173.0,28.0,0.05342315509915352,0.00012,0.06706184148788452,0.0
11174.0,11174.0,28.0,0.05863269418478012,0.00012,0.07761552929878235,0.0
11175.0,11175.0,28.0,0.05312185361981392,0.00012,0.14167197048664093,0.0
11176.0,11176.0,28.0,0.05517076700925827,0.00012,0.06905290484428406,0.0
11177.0,11177.0,28.0,0.048780474811792374,0.00012,0.051494110375642776,0.0
11178.0,11178.0,28.0,0.05940413847565651,0.00012,0.0523776039481163,0.0
11179.0,11179.0,28.0,0.05350695922970772,0.00012,0.07280844449996948,0.0
11180.0,11180.0,28.0,0.05093453824520111,0.00012,0.07461494207382202,0.0
11181.0,11181.0,28.0,0.06556124985218048,0.00012,0.051035068929195404,0.0
11182.0,11182.0,28.0,0.06071982905268669,0.00012,0.07075357437133789,0.0
11183.0,11183.0,28.0,0.0700877457857132,0.00012,0.10972023755311966,0.0
11184.0,11184.0,28.0,0.06873025000095367,0.00012,0.11281439661979675,0.0
11185.0,11185.0,28.0,0.057684704661369324,0.00012,0.16777274012565613,0.0
11186.0,11186.0,28.0,0.048635318875312805,0.00012,0.051227789372205734,0.0
11187.0,11187.0,28.0,0.05696753412485123,0.00012,0.10330434143543243,0.0
11188.0,11188.0,28.0,0.060907695442438126,0.00012,0.060354191809892654,0.0
11189.0,11189.0,28.0,0.06024756282567978,0.00012,0.06897293776273727,0.0
11190.0,11190.0,28.0,0.060933008790016174,0.00012,0.07196952402591705,0.0
11191.0,11191.0,28.0,0.04850882664322853,0.00012,0.16025497019290924,0.0
11192.0,11192.0,28.0,0.05302635580301285,0.00012,0.061129938811063766,0.0
11193.0,11193.0,28.0,0.056196510791778564,0.00012,0.09448248147964478,0.0
11194.0,11194.0,28.0,0.04765821248292923,0.00012,0.05495833605527878,0.0
11195.0,11195.0,28.0,0.06203519180417061,0.00012,0.05738762393593788,0.0
11196.0,11196.0,28.0,0.056264881044626236,0.00012,0.08860589563846588,0.0
11197.0,11197.0,28.0,0.04905550926923752,0.00012,0.10101933777332306,0.0
11198.0,11198.0,28.0,0.06851766258478165,0.00012,0.07715552300214767,0.0
11199.0,11199.0,28.0,0.06680408120155334,0.00012,0.06110859289765358,0.0
11200.0,11200.0,28.0,0.048652827739715576,0.00012,0.12465095520019531,0.0
11201.0,11201.0,28.0,0.04782063141465187,0.00012,0.11103955656290054,0.0
11202.0,11202.0,28.0,0.07878552377223969,0.00012,0.10622899979352951,0.0
11203.0,11203.0,28.0,0.04612370580434799,0.00012,0.17924481630325317,0.0
11204.0,11204.0,28.0,0.054322920739650726,0.00012,0.17952260375022888,0.0
11205.0,11205.0,28.0,0.051239024847745895,0.00012,0.059106968343257904,0.0
11206.0,11206.0,28.0,0.06536862254142761,0.00012,0.23154515027999878,0.0
11207.0,11207.0,28.0,0.05451394245028496,0.00012,0.1256297081708908,0.0
11208.0,11208.0,28.0,0.05172579735517502,0.00012,0.11649879068136215,0.0
11209.0,11209.0,28.0,0.05591771379113197,0.00012,0.1546386033296585,0.0
11210.0,11210.0,28.0,0.0681854858994484,0.00012,0.15960638225078583,0.0
11211.0,11211.0,28.0,0.05673626437783241,0.00012,0.07089772820472717,0.0
11212.0,11212.0,28.0,0.05196113511919975,0.00012,0.16272743046283722,0.0
11213.0,11213.0,28.0,0.044966477900743484,0.00012,0.09024305641651154,0.0
11214.0,11214.0,28.0,0.05912042036652565,0.00012,0.08928783982992172,0.0
11215.0,11215.0,28.0,0.053222738206386566,0.00012,0.18905869126319885,0.0
11216.0,11216.0,28.0,0.05302516371011734,0.00012,0.06834200024604797,0.0
11217.0,11217.0,28.0,0.05909942090511322,0.00012,0.12136615812778473,0.0
11218.0,11218.0,28.0,0.05424907058477402,0.00012,0.08078009635210037,0.0
11219.0,11219.0,28.0,0.07951553910970688,0.00012,0.11433818191289902,0.0
11220.0,11220.0,28.0,0.04748153313994408,0.00012,0.09509659558534622,0.0
11221.0,11221.0,28.0,0.047990065068006516,0.00012,0.21219590306282043,0.0
11222.0,11222.0,28.0,0.05480944365262985,0.00012,0.08306058496236801,0.0
11223.0,11223.0,28.0,0.056766215711832047,0.00012,0.1470089554786682,0.0
11224.0,11224.0,28.0,0.07947765290737152,0.00012,0.09950394183397293,0.0
11225.0,11225.0,28.0,0.06159443408250809,0.00012,0.11736886948347092,0.0
11226.0,11226.0,28.0,0.0637018233537674,0.00012,0.12292207032442093,0.0
11227.0,11227.0,28.0,0.054838187992572784,0.00012,0.16195185482501984,0.0
11228.0,11228.0,28.0,0.05117930471897125,0.00012,0.13340264558792114,0.0
11229.0,11229.0,28.0,0.06701976805925369,0.00012,0.17601704597473145,0.0
11230.0,11230.0,28.0,0.0572296604514122,0.00012,0.10924501717090607,0.0
11231.0,11231.0,28.0,0.053348079323768616,0.00012,0.11670272052288055,0.0
11232.0,11232.0,28.0,0.04702246934175491,0.00012,0.1752651482820511,0.0
11233.0,11233.0,28.0,0.05126310512423515,0.00012,0.11312444508075714,0.0
11234.0,11234.0,28.0,0.07813383638858795,0.00012,0.190715491771698,0.0
11235.0,11235.0,28.0,0.05018245428800583,0.00012,0.16887514293193817,0.0
11236.0,11236.0,28.0,0.04927928373217583,0.00012,0.16470544040203094,0.0
11237.0,11237.0,28.0,0.061872731894254684,0.00012,0.18604445457458496,0.0
11238.0,11238.0,28.0,0.05867249518632889,0.00012,0.15463723242282867,0.0
11239.0,11239.0,28.0,0.061095986515283585,0.00012,0.18495577573776245,0.0
11240.0,11240.0,28.0,0.05251738056540489,0.00012,0.10998211801052094,0.0
11241.0,11241.0,28.0,0.0559905469417572,0.00012,0.16795358061790466,0.0
11242.0,11242.0,28.0,0.06704279035329819,0.00012,0.07816044241189957,0.0
11243.0,11243.0,28.0,0.06390927731990814,0.00012,0.14056849479675293,0.0
11244.0,11244.0,28.0,0.057379528880119324,0.00012,0.07136154919862747,0.0
11245.0,11245.0,28.0,0.060172807425260544,0.00012,0.11762714385986328,0.0
11246.0,11246.0,28.0,0.06464521586894989,0.00012,0.06214136257767677,0.0
11247.0,11247.0,28.0,0.05669046938419342,0.00012,0.06431462615728378,0.0
11248.0,11248.0,28.0,0.05430428683757782,0.00012,0.14122967422008514,0.0
11249.0,11249.0,28.0,0.05467294156551361,0.00012,0.07476916909217834,0.0
11250.0,11250.0,28.0,0.04902471601963043,0.00012,0.113645538687706,0.0
11251.0,11251.0,28.0,0.056168332695961,0.00012,0.10227704048156738,0.0
11252.0,11252.0,28.0,0.0707387626171112,0.00012,0.13167914748191833,0.0
11253.0,11253.0,28.0,0.0508764274418354,0.00012,0.13699395954608917,0.0
11254.0,11254.0,28.0,0.05789601430296898,0.00012,0.1389804631471634,0.0
11255.0,11255.0,28.0,0.058683089911937714,0.00012,0.08405674248933792,0.0
11256.0,11256.0,28.0,0.04762781783938408,0.00012,0.1574724167585373,0.0
11257.0,11257.0,28.0,0.05339507386088371,0.00012,0.08559263497591019,0.0
11258.0,11258.0,28.0,0.06571052968502045,0.00012,0.10237681120634079,0.0
11259.0,11259.0,28.0,0.07983223348855972,0.00012,0.09823144972324371,0.0
11260.0,11260.0,28.0,0.05988049507141113,0.00012,0.08133051544427872,0.0
11261.0,11261.0,28.0,0.05113816261291504,0.00012,0.17330428957939148,0.0
11262.0,11262.0,28.0,0.05258193612098694,0.00012,0.1408490687608719,0.0
11263.0,11263.0,28.0,0.04880392923951149,0.00012,0.14045241475105286,0.0
11264.0,11264.0,28.0,0.0734502449631691,0.00012,0.14397966861724854,0.0
11265.0,11265.0,28.0,0.05153704434633255,0.00012,0.08325888961553574,0.0
11266.0,11266.0,28.0,0.05272659659385681,0.00012,0.10087709873914719,0.0
11267.0,11267.0,28.0,0.06002357602119446,0.00012,0.0884290263056755,0.0
11268.0,11268.0,28.0,0.0596415214240551,0.00012,0.12209643423557281,0.0
11269.0,11269.0,28.0,0.04088791459798813,0.00012,0.0917605608701706,0.0
11270.0,11270.0,28.0,0.05266959220170975,0.00012,0.1651848703622818,0.0
11271.0,11271.0,28.0,0.05203070491552353,0.00012,0.07867304980754852,0.0
11272.0,11272.0,28.0,0.051378775388002396,0.00012,0.12714549899101257,0.0
11273.0,11273.0,28.0,0.05411259084939957,0.00012,0.12939384579658508,0.0
11274.0,11274.0,28.0,0.05160301923751831,0.00012,0.07350122928619385,0.0
11275.0,11275.0,28.0,0.05983860790729523,0.00012,0.16361010074615479,0.0
11276.0,11276.0,28.0,0.05322137475013733,0.00012,0.08815090358257294,0.0
11277.0,11277.0,28.0,0.0581410676240921,0.00012,0.11820269376039505,0.0
11278.0,11278.0,28.0,0.06028290465474129,0.00012,0.12705405056476593,0.0
11279.0,11279.0,28.0,0.05368242412805557,0.00012,0.09638971090316772,0.0
11280.0,11280.0,28.0,0.06186550855636597,0.00012,0.0988239273428917,0.0
11281.0,11281.0,28.0,0.05271809548139572,0.00012,0.04982399195432663,0.0
11282.0,11282.0,28.0,0.04680673032999039,0.00012,0.1151571050286293,0.0
11283.0,11283.0,28.0,0.04841761663556099,0.00012,0.09960690140724182,0.0
11284.0,11284.0,28.0,0.0636202022433281,0.00012,0.09783586859703064,0.0
11285.0,11285.0,28.0,0.06208683177828789,0.00012,0.13325180113315582,0.0
11286.0,11286.0,28.0,0.05532617121934891,0.00012,0.15540969371795654,0.0
11287.0,11287.0,28.0,0.05367692932486534,0.00012,0.12360412627458572,0.0
11288.0,11288.0,28.0,0.051674697548151016,0.00012,0.07255325466394424,0.0
11289.0,11289.0,28.0,0.05385836586356163,0.00012,0.13959799706935883,0.0
11290.0,11290.0,28.0,0.06015690416097641,0.00012,0.1341308206319809,0.0
11291.0,11291.0,28.0,0.04409361258149147,0.00012,0.1075153797864914,0.0
11292.0,11292.0,28.0,0.06082284450531006,0.00012,0.056743502616882324,0.0
11293.0,11293.0,28.0,0.05618111416697502,0.00012,0.11137733608484268,0.0
11294.0,11294.0,28.0,0.04788278043270111,0.00012,0.05095813050866127,0.0
11295.0,11295.0,28.0,0.04914689064025879,0.00012,0.04513809457421303,0.0
11296.0,11296.0,28.0,0.04939749836921692,0.00012,0.09502756595611572,0.0
11297.0,11297.0,28.0,0.06014929711818695,0.00012,0.11436668783426285,0.0
11298.0,11298.0,28.0,0.06335756182670593,0.00012,0.08557158708572388,0.0
11299.0,11299.0,28.0,0.05942249670624733,0.00012,0.07716221362352371,0.0
11300.0,11300.0,28.0,0.06685622036457062,0.00012,0.07571528106927872,0.0
11301.0,11301.0,28.0,0.061302971094846725,0.00012,0.07267927378416061,0.0
11302.0,11302.0,28.0,0.04955516755580902,0.00012,0.11890831589698792,0.0
11303.0,11303.0,28.0,0.0687178522348404,0.00012,0.05327000096440315,0.0
11304.0,11304.0,28.0,0.048671163618564606,0.00012,0.056892286986112595,0.0
11305.0,11305.0,28.0,0.05362792685627937,0.00012,0.1163412481546402,0.0
11306.0,11306.0,28.0,0.056635260581970215,0.00012,0.09340250492095947,0.0
11307.0,11307.0,28.0,0.06560889631509781,0.00012,0.10588927567005157,0.0
11308.0,11308.0,28.0,0.06594371795654297,0.00012,0.18583939969539642,0.0
11309.0,11309.0,28.0,0.05984852463006973,0.00012,0.071002297103405,0.0
11310.0,11310.0,28.0,0.0484020821750164,0.00012,0.1261754184961319,0.0
11311.0,11311.0,29.0,0.05102323740720749,0.00012,0.09321652352809906,0.0
11312.0,11312.0,29.0,0.04688279330730438,0.00012,0.06380140036344528,0.0
11313.0,11313.0,29.0,0.061341293156147,0.00012,0.11345945298671722,0.0
11314.0,11314.0,29.0,0.06520211696624756,0.00012,0.05071071907877922,0.0
11315.0,11315.0,29.0,0.04944785684347153,0.00012,0.09432452917098999,0.0
11316.0,11316.0,29.0,0.05408863350749016,0.00012,0.07515866309404373,0.0
11317.0,11317.0,29.0,0.050884783267974854,0.00012,0.10995110124349594,0.0
11318.0,11318.0,29.0,0.05283777415752411,0.00012,0.051560088992118835,0.0
11319.0,11319.0,29.0,0.05931253731250763,0.00012,0.09738739579916,0.0
11320.0,11320.0,29.0,0.048913612961769104,0.00012,0.0438900887966156,0.0
11321.0,11321.0,29.0,0.06584437936544418,0.00012,0.13789698481559753,0.0
11322.0,11322.0,29.0,0.05589829012751579,0.00012,0.08231960982084274,0.0
11323.0,11323.0,29.0,0.05317245423793793,0.00012,0.18686485290527344,0.0
11324.0,11324.0,29.0,0.05156216025352478,0.00012,0.09471354633569717,0.0
11325.0,11325.0,29.0,0.04992784187197685,0.00012,0.16106781363487244,0.0
11326.0,11326.0,29.0,0.05100766569375992,0.00012,0.15210291743278503,0.0
11327.0,11327.0,29.0,0.05492197722196579,0.00012,0.0987231582403183,0.0
11328.0,11328.0,29.0,0.060826029628515244,0.00012,0.1662903130054474,0.0
11329.0,11329.0,29.0,0.05896922945976257,0.00012,0.1847061961889267,0.0
11330.0,11330.0,29.0,0.060429126024246216,0.00012,0.1265864372253418,0.0
11331.0,11331.0,29.0,0.05402347818017006,0.00012,0.21069718897342682,0.0
11332.0,11332.0,29.0,0.05578961223363876,0.00012,0.09570939838886261,0.0
11333.0,11333.0,29.0,0.061697449535131454,0.00012,0.1941349357366562,0.0
11334.0,11334.0,29.0,0.054669853299856186,0.00012,0.08991673588752747,0.0
11335.0,11335.0,29.0,0.06708267331123352,0.00012,0.07345890253782272,0.0
11336.0,11336.0,29.0,0.043555375188589096,0.00012,0.1837833821773529,0.0
11337.0,11337.0,29.0,0.06075182557106018,0.00012,0.07342392951250076,0.0
11338.0,11338.0,29.0,0.06154652684926987,0.00012,0.15187862515449524,0.0
11339.0,11339.0,29.0,0.056930385529994965,0.00012,0.11248404532670975,0.0
11340.0,11340.0,29.0,0.06535284221172333,0.00012,0.14143021404743195,0.0
11341.0,11341.0,29.0,0.05673505365848541,0.00012,0.13483071327209473,0.0
11342.0,11342.0,29.0,0.05917588621377945,0.00012,0.157780259847641,0.0
11343.0,11343.0,29.0,0.05490551143884659,0.00012,0.12198738753795624,0.0
11344.0,11344.0,29.0,0.0530141144990921,0.00012,0.13249221444129944,0.0
11345.0,11345.0,29.0,0.05915272235870361,0.00012,0.07435102760791779,0.0
11346.0,11346.0,29.0,0.05361860990524292,0.00012,0.1964961588382721,0.0
11347.0,11347.0,29.0,0.057167746126651764,0.00012,0.0608363077044487,0.0
11348.0,11348.0,29.0,0.06183473765850067,0.00012,0.19499805569648743,0.0
11349.0,11349.0,29.0,0.05339161306619644,0.00012,0.10504136979579926,0.0
11350.0,11350.0,29.0,0.051005467772483826,0.00012,0.13603593409061432,0.0
11351.0,11351.0,29.0,0.053680770099163055,0.00012,0.1411048024892807,0.0
11352.0,11352.0,29.0,0.06970915198326111,0.00012,0.1409682333469391,0.0
11353.0,11353.0,29.0,0.04527585580945015,0.00012,0.17309287190437317,0.0
11354.0,11354.0,29.0,0.050267498940229416,0.00012,0.16166077554225922,0.0
11355.0,11355.0,29.0,0.05234220251441002,0.00012,0.16893167793750763,0.0
11356.0,11356.0,29.0,0.05906986445188522,0.00012,0.09944496303796768,0.0
11357.0,11357.0,29.0,0.05716252326965332,0.00012,0.15655824542045593,0.0
11358.0,11358.0,29.0,0.06099637970328331,0.00012,0.06897321343421936,0.0
11359.0,11359.0,29.0,0.04898500815033913,0.00012,0.1675812005996704,0.0
11360.0,11360.0,29.0,0.05796056240797043,0.00012,0.14826253056526184,0.0
11361.0,11361.0,29.0,0.06693769246339798,0.00012,0.19064104557037354,0.0
11362.0,11362.0,29.0,0.06149797886610031,0.00012,0.13299323618412018,0.0
11363.0,11363.0,29.0,0.051010847091674805,0.00012,0.14037618041038513,0.0
11364.0,11364.0,29.0,0.04415211081504822,0.00012,0.1576334834098816,0.0
11365.0,11365.0,29.0,0.06014958769083023,0.00012,0.10003785789012909,0.0
11366.0,11366.0,29.0,0.06535551697015762,0.00012,0.09509232640266418,0.0
11367.0,11367.0,29.0,0.05865735560655594,0.00012,0.05961112305521965,0.0
11368.0,11368.0,29.0,0.05936608463525772,0.00012,0.08647753298282623,0.0
11369.0,11369.0,29.0,0.05588395893573761,0.00012,0.04607881233096123,0.0
11370.0,11370.0,29.0,0.05247773230075836,0.00012,0.10867346078157425,0.0
11371.0,11371.0,29.0,0.061108432710170746,0.00012,0.09061329811811447,0.0
11372.0,11372.0,29.0,0.07242028415203094,0.00012,0.08206488937139511,0.0
11373.0,11373.0,29.0,0.05715474858880043,0.00012,0.1667456328868866,0.0
11374.0,11374.0,29.0,0.056061986833810806,0.00012,0.05002613365650177,0.0
11375.0,11375.0,29.0,0.060326725244522095,0.00012,0.13637752830982208,0.0
11376.0,11376.0,29.0,0.05669410526752472,0.00012,0.07177631556987762,0.0
11377.0,11377.0,29.0,0.06134892627596855,0.00012,0.06584936380386353,0.0
11378.0,11378.0,29.0,0.0653400719165802,0.00012,0.15384775400161743,0.0
11379.0,11379.0,29.0,0.07366688549518585,0.00012,0.12932007014751434,0.0
11380.0,11380.0,29.0,0.06545080244541168,0.00012,0.10281149297952652,0.0
11381.0,11381.0,29.0,0.050095781683921814,0.00012,0.1381067931652069,0.0
11382.0,11382.0,29.0,0.06881461292505264,0.00012,0.07420255243778229,0.0
11383.0,11383.0,29.0,0.05513165146112442,0.00012,0.09605066478252411,0.0
11384.0,11384.0,29.0,0.06414887309074402,0.00012,0.0543234758079052,0.0
11385.0,11385.0,29.0,0.05209816247224808,0.00012,0.07744273543357849,0.0
11386.0,11386.0,29.0,0.05042269080877304,0.00012,0.044891439378261566,0.0
11387.0,11387.0,29.0,0.06587081402540207,0.00012,0.0564282163977623,0.0
11388.0,11388.0,29.0,0.05056280270218849,0.00012,0.07721015810966492,0.0
11389.0,11389.0,29.0,0.04492012411355972,0.00012,0.07117333263158798,0.0
11390.0,11390.0,29.0,0.06887540221214294,0.00012,0.09457188844680786,0.0
11391.0,11391.0,29.0,0.05278189480304718,0.00012,0.07277226448059082,0.0
11392.0,11392.0,29.0,0.044782280921936035,0.00012,0.12069781869649887,0.0
11393.0,11393.0,29.0,0.0687367171049118,0.00012,0.06817261129617691,0.0
11394.0,11394.0,29.0,0.0662650614976883,0.00012,0.05345190316438675,0.0
11395.0,11395.0,29.0,0.05155801400542259,0.00012,0.12866263091564178,0.0
11396.0,11396.0,29.0,0.04118891432881355,0.00012,0.057543154805898666,0.0
11397.0,11397.0,29.0,0.06197117269039154,0.00012,0.09075843542814255,0.0
11398.0,11398.0,29.0,0.06341838836669922,0.00012,0.08263798803091049,0.0
11399.0,11399.0,29.0,0.050843495875597,0.00012,0.06529688835144043,0.0
11400.0,11400.0,29.0,0.05451409891247749,0.00012,0.09103235602378845,0.0
11401.0,11401.0,29.0,0.07489478588104248,0.00012,0.13791608810424805,0.0
11402.0,11402.0,29.0,0.0580793172121048,0.00012,0.10324875265359879,0.0
11403.0,11403.0,29.0,0.05849675089120865,0.00012,0.0680413544178009,0.0
11404.0,11404.0,29.0,0.06008373200893402,0.00012,0.10030542314052582,0.0
11405.0,11405.0,29.0,0.07719230651855469,0.00012,0.1300523728132248,0.0
11406.0,11406.0,29.0,0.06362617015838623,0.00012,0.12522509694099426,0.0
11407.0,11407.0,29.0,0.05684255063533783,0.00012,0.18042299151420593,0.0
11408.0,11408.0,29.0,0.06342262774705887,0.00012,0.10113956034183502,0.0
11409.0,11409.0,29.0,0.04354016110301018,0.00012,0.08538338541984558,0.0
11410.0,11410.0,29.0,0.0443582609295845,0.00012,0.10044924914836884,0.0
11411.0,11411.0,29.0,0.055572107434272766,0.00012,0.09407562762498856,0.0
11412.0,11412.0,29.0,0.07562713325023651,0.00012,0.12301938980817795,0.0
11413.0,11413.0,29.0,0.06244710087776184,0.00012,0.12217218428850174,0.0
11414.0,11414.0,29.0,0.06022365391254425,0.00012,0.09971402585506439,0.0
11415.0,11415.0,29.0,0.054361492395401,0.00012,0.16323044896125793,0.0
11416.0,11416.0,29.0,0.0413968600332737,0.00012,0.05420335382223129,0.0
11417.0,11417.0,29.0,0.052188195288181305,0.00012,0.14294445514678955,0.0
11418.0,11418.0,29.0,0.05506221204996109,0.00012,0.08120457828044891,0.0
11419.0,11419.0,29.0,0.05131154507398605,0.00012,0.06928090006113052,0.0
11420.0,11420.0,29.0,0.06860050559043884,0.00012,0.15491217374801636,0.0
11421.0,11421.0,29.0,0.05743899941444397,0.00012,0.08614065498113632,0.0
11422.0,11422.0,29.0,0.05975065380334854,0.00012,0.08276058733463287,0.0
11423.0,11423.0,29.0,0.049909964203834534,0.00012,0.09609337151050568,0.0
11424.0,11424.0,29.0,0.0735122486948967,0.00012,0.07233669608831406,0.0
11425.0,11425.0,29.0,0.05937308445572853,0.00012,0.12846705317497253,0.0
11426.0,11426.0,29.0,0.041164133697748184,0.00012,0.08547918498516083,0.0
11427.0,11427.0,29.0,0.05041564255952835,0.00012,0.09821944683790207,0.0
11428.0,11428.0,29.0,0.07581830769777298,0.00012,0.07029182463884354,0.0
11429.0,11429.0,29.0,0.06063064560294151,0.00012,0.12973575294017792,0.0
11430.0,11430.0,29.0,0.05912823602557182,0.00012,0.08079545944929123,0.0
11431.0,11431.0,29.0,0.08217687904834747,0.00012,0.06946539878845215,0.0
11432.0,11432.0,29.0,0.06608898937702179,0.00012,0.07782311737537384,0.0
11433.0,11433.0,29.0,0.0629827156662941,0.00012,0.06446947157382965,0.0
11434.0,11434.0,29.0,0.046153388917446136,0.00012,0.11744900792837143,0.0
11435.0,11435.0,29.0,0.06078299880027771,0.00012,0.05814960226416588,0.0
11436.0,11436.0,29.0,0.055761463940143585,0.00012,0.11468305438756943,0.0
11437.0,11437.0,29.0,0.04604668542742729,0.00012,0.05194198340177536,0.0
11438.0,11438.0,29.0,0.05334880203008652,0.00012,0.1730920821428299,0.0
11439.0,11439.0,29.0,0.054300323128700256,0.00012,0.09308652579784393,0.0
11440.0,11440.0,29.0,0.04645144194364548,0.00012,0.16149386763572693,0.0
11441.0,11441.0,29.0,0.04977261275053024,0.00012,0.08267524093389511,0.0
11442.0,11442.0,29.0,0.06238948181271553,0.00012,0.10554353147745132,0.0
11443.0,11443.0,29.0,0.05504891276359558,0.00012,0.13275736570358276,0.0
11444.0,11444.0,29.0,0.05965544655919075,0.00012,0.11648520827293396,0.0
11445.0,11445.0,29.0,0.058540116995573044,0.00012,0.10850910097360611,0.0
11446.0,11446.0,29.0,0.05415119230747223,0.00012,0.0887623205780983,0.0
11447.0,11447.0,29.0,0.04381956532597542,0.00012,0.09866073727607727,0.0
11448.0,11448.0,29.0,0.06207758188247681,0.00012,0.12238297611474991,0.0
11449.0,11449.0,29.0,0.06623954325914383,0.00012,0.13378220796585083,0.0
11450.0,11450.0,29.0,0.05248316749930382,0.00012,0.10915347933769226,0.0
11451.0,11451.0,29.0,0.039551712572574615,0.00012,0.14986556768417358,0.0
11452.0,11452.0,29.0,0.048338908702135086,0.00012,0.12115581333637238,0.0
11453.0,11453.0,29.0,0.03841027617454529,0.00012,0.1118762195110321,0.0
11454.0,11454.0,29.0,0.07656212151050568,0.00012,0.08501041680574417,0.0
11455.0,11455.0,29.0,0.047580886632204056,0.00012,0.1439727395772934,0.0
11456.0,11456.0,29.0,0.05649352818727493,0.00012,0.0843566358089447,0.0
11457.0,11457.0,29.0,0.05425403639674187,0.00012,0.14704996347427368,0.0
11458.0,11458.0,29.0,0.05002368241548538,0.00012,0.12425485253334045,0.0
11459.0,11459.0,29.0,0.06102348119020462,0.00012,0.184798926115036,0.0
11460.0,11460.0,29.0,0.054311204701662064,0.00012,0.08147379755973816,0.0
11461.0,11461.0,29.0,0.05367039516568184,0.00012,0.15991920232772827,0.0
11462.0,11462.0,29.0,0.058557137846946716,0.00012,0.07922422140836716,0.0
11463.0,11463.0,29.0,0.04928325489163399,0.00012,0.07756665349006653,0.0
11464.0,11464.0,29.0,0.04614006355404854,0.00012,0.08853380382061005,0.0
11465.0,11465.0,29.0,0.039698440581560135,0.00012,0.10328295826911926,0.0
11466.0,11466.0,29.0,0.052532028406858444,0.00012,0.1357625275850296,0.0
11467.0,11467.0,29.0,0.05536292493343353,0.00012,0.07729315012693405,0.0
11468.0,11468.0,29.0,0.05961911007761955,0.00012,0.10664962232112885,0.0
11469.0,11469.0,29.0,0.05705472081899643,0.00012,0.1324746459722519,0.0
11470.0,11470.0,29.0,0.05998065695166588,0.00012,0.07944907993078232,0.0
11471.0,11471.0,29.0,0.0545399971306324,0.00012,0.12686191499233246,0.0
11472.0,11472.0,29.0,0.058730803430080414,0.00012,0.11986269801855087,0.0
11473.0,11473.0,29.0,0.04981469735503197,0.00012,0.0891631469130516,0.0
11474.0,11474.0,29.0,0.0509226992726326,0.00012,0.2591104805469513,0.0
11475.0,11475.0,29.0,0.04538237303495407,0.00012,0.13101200759410858,0.0
11476.0,11476.0,29.0,0.0606248639523983,0.00012,0.10548859089612961,0.0
11477.0,11477.0,29.0,0.06157902628183365,0.00012,0.1931019276380539,0.0
11478.0,11478.0,29.0,0.05769170820713043,0.00012,0.1331203132867813,0.0
11479.0,11479.0,29.0,0.054700806736946106,0.00012,0.10332415997982025,0.0
11480.0,11480.0,29.0,0.05461984500288963,0.00012,0.190907821059227,0.0
11481.0,11481.0,29.0,0.05686856806278229,0.00012,0.21389877796173096,0.0
11482.0,11482.0,29.0,0.04908692091703415,0.00012,0.14785167574882507,0.0
11483.0,11483.0,29.0,0.053474076092243195,0.00012,0.1553880274295807,0.0
11484.0,11484.0,29.0,0.06185100972652435,0.00012,0.20451140403747559,0.0
11485.0,11485.0,29.0,0.060004692524671555,0.00012,0.13214047253131866,0.0
11486.0,11486.0,29.0,0.055825307965278625,0.00012,0.22058793902397156,0.0
11487.0,11487.0,29.0,0.05021899938583374,0.00012,0.1259882152080536,0.0
11488.0,11488.0,29.0,0.0536569207906723,0.00012,0.13507796823978424,0.0
11489.0,11489.0,29.0,0.050225354731082916,0.00012,0.23017725348472595,0.0
11490.0,11490.0,29.0,0.06453616172075272,0.00012,0.07709864526987076,0.0
11491.0,11491.0,29.0,0.05734345316886902,0.00012,0.08436520397663116,0.0
11492.0,11492.0,29.0,0.054709095507860184,0.00012,0.2036975473165512,0.0
11493.0,11493.0,29.0,0.0599234476685524,0.00012,0.07298322767019272,0.0
11494.0,11494.0,29.0,0.05063188076019287,0.00012,0.13183745741844177,0.0
11495.0,11495.0,29.0,0.049849867820739746,0.00012,0.16712966561317444,0.0
11496.0,11496.0,29.0,0.04563107341527939,0.00012,0.13217245042324066,0.0
11497.0,11497.0,29.0,0.0466633066534996,0.00012,0.15681129693984985,0.0
11498.0,11498.0,29.0,0.06849692761898041,0.00012,0.16188637912273407,0.0
11499.0,11499.0,29.0,0.056790802627801895,0.00012,0.08151379227638245,0.0
11500.0,11500.0,29.0,0.0644051805138588,0.00012,0.28750747442245483,0.0
11501.0,11501.0,29.0,0.061569005250930786,0.00012,0.09785428643226624,0.0
11502.0,11502.0,29.0,0.045493438839912415,0.00012,0.11715885996818542,0.0
11503.0,11503.0,29.0,0.054396044462919235,0.00012,0.26371821761131287,0.0
11504.0,11504.0,29.0,0.05890610069036484,0.00012,0.10764052718877792,0.0
11505.0,11505.0,29.0,0.06250974535942078,0.00012,0.13831500709056854,0.0
11506.0,11506.0,29.0,0.062418133020401,0.00012,0.22430109977722168,0.0
11507.0,11507.0,29.0,0.05542100965976715,0.00012,0.07590167224407196,0.0
11508.0,11508.0,29.0,0.05119689553976059,0.00012,0.18601925671100616,0.0
11509.0,11509.0,29.0,0.04801056534051895,0.00012,0.13365797698497772,0.0
11510.0,11510.0,29.0,0.060862138867378235,0.00012,0.12892267107963562,0.0
11511.0,11511.0,29.0,0.0503874309360981,0.00012,0.11549621820449829,0.0
11512.0,11512.0,29.0,0.05627346783876419,0.00012,0.23839396238327026,0.0
11513.0,11513.0,29.0,0.0502028614282608,0.00012,0.08225081861019135,0.0
11514.0,11514.0,29.0,0.06300241500139236,0.00012,0.1193561851978302,0.0
11515.0,11515.0,29.0,0.06374673545360565,0.00012,0.1305684596300125,0.0
11516.0,11516.0,29.0,0.056312087923288345,0.00012,0.10915908962488174,0.0
11517.0,11517.0,29.0,0.058990176767110825,0.00012,0.12594521045684814,0.0
11518.0,11518.0,29.0,0.05026090145111084,0.00012,0.16546136140823364,0.0
11519.0,11519.0,29.0,0.045293040573596954,0.00012,0.19727009534835815,0.0
11520.0,11520.0,29.0,0.06974422931671143,0.00012,0.11590111255645752,0.0
11521.0,11521.0,29.0,0.05226513743400574,0.00012,0.1046019122004509,0.0
11522.0,11522.0,29.0,0.055310409516096115,0.00012,0.21715757250785828,0.0
11523.0,11523.0,29.0,0.0530315637588501,0.00012,0.13471272587776184,0.0
11524.0,11524.0,29.0,0.04781820625066757,0.00012,0.19755695760250092,0.0
11525.0,11525.0,29.0,0.04700234532356262,0.00012,0.168151393532753,0.0
11526.0,11526.0,29.0,0.0602966845035553,0.00012,0.11686200648546219,0.0
11527.0,11527.0,29.0,0.061111945658922195,0.00012,0.1522526741027832,0.0
11528.0,11528.0,29.0,0.05360593646764755,0.00012,0.1290932595729828,0.0
11529.0,11529.0,29.0,0.05655401572585106,0.00012,0.12032108008861542,0.0
11530.0,11530.0,29.0,0.06654380261898041,0.00012,0.17730461061000824,0.0
11531.0,11531.0,29.0,0.05947493761777878,0.00012,0.12106144428253174,0.0
11532.0,11532.0,29.0,0.07108774036169052,0.00012,0.07187975943088531,0.0
11533.0,11533.0,29.0,0.06339576840400696,0.00012,0.1809350848197937,0.0
11534.0,11534.0,29.0,0.05657275766134262,0.00012,0.0909365862607956,0.0
11535.0,11535.0,29.0,0.05045723915100098,0.00012,0.07954104244709015,0.0
11536.0,11536.0,29.0,0.04554397612810135,0.00012,0.14678844809532166,0.0
11537.0,11537.0,29.0,0.053401920944452286,0.00012,0.1248842403292656,0.0
11538.0,11538.0,29.0,0.060391396284103394,0.00012,0.1683236062526703,0.0
11539.0,11539.0,29.0,0.06576235592365265,0.00012,0.08739332854747772,0.0
11540.0,11540.0,29.0,0.06617915630340576,0.00012,0.2101554274559021,0.0
11541.0,11541.0,29.0,0.052824608981609344,0.00012,0.18083515763282776,0.0
11542.0,11542.0,29.0,0.07865360379219055,0.00012,0.1890580952167511,0.0
11543.0,11543.0,29.0,0.05211104452610016,0.00012,0.2438768446445465,0.0
11544.0,11544.0,29.0,0.06370087713003159,0.00012,0.0636981725692749,0.0
11545.0,11545.0,29.0,0.05874849110841751,0.00012,0.252198189496994,0.0
11546.0,11546.0,29.0,0.051983967423439026,0.00012,0.10658732056617737,0.0
11547.0,11547.0,29.0,0.06997363269329071,0.00012,0.1826700121164322,0.0
11548.0,11548.0,29.0,0.0644608736038208,0.00012,0.11353204399347305,0.0
11549.0,11549.0,29.0,0.06630796194076538,0.00012,0.10594243556261063,0.0
11550.0,11550.0,29.0,0.06269247829914093,0.00012,0.10463135689496994,0.0
11551.0,11551.0,29.0,0.06084224209189415,0.00012,0.08443644642829895,0.0
11552.0,11552.0,29.0,0.054804496467113495,0.00012,0.11792349070310593,0.0
11553.0,11553.0,29.0,0.06849640607833862,0.00012,0.10374805331230164,0.0
11554.0,11554.0,29.0,0.07964128255844116,0.00012,0.07739951461553574,0.0
11555.0,11555.0,29.0,0.06497009843587875,0.00012,0.12091664224863052,0.0
11556.0,11556.0,29.0,0.0724770575761795,0.00012,0.10348930209875107,0.0
11557.0,11557.0,29.0,0.05883418768644333,0.00012,0.10514698922634125,0.0
11558.0,11558.0,29.0,0.06941339373588562,0.00012,0.09542898088693619,0.0
11559.0,11559.0,29.0,0.05215549096465111,0.00012,0.1286422610282898,0.0
11560.0,11560.0,29.0,0.06702069193124771,0.00012,0.10991501808166504,0.0
11561.0,11561.0,29.0,0.05250140652060509,0.00012,0.11435962468385696,0.0
11562.0,11562.0,29.0,0.06016584113240242,0.00012,0.12625373899936676,0.0
11563.0,11563.0,29.0,0.07214006036520004,0.00012,0.06377685815095901,0.0
11564.0,11564.0,29.0,0.06449928879737854,0.00012,0.12860532104969025,0.0
11565.0,11565.0,29.0,0.04700136184692383,0.00012,0.08468550443649292,0.0
11566.0,11566.0,29.0,0.052833616733551025,0.00012,0.08697140216827393,0.0
11567.0,11567.0,29.0,0.05239497125148773,0.00012,0.14502300322055817,0.0
11568.0,11568.0,29.0,0.07221189886331558,0.00012,0.05149877816438675,0.0
11569.0,11569.0,29.0,0.0559442937374115,0.00012,0.1562628448009491,0.0
11570.0,11570.0,29.0,0.04549660533666611,0.00012,0.07103393226861954,0.0
11571.0,11571.0,29.0,0.06186506897211075,0.00012,0.13730600476264954,0.0
11572.0,11572.0,29.0,0.06463944911956787,0.00012,0.07315761595964432,0.0
11573.0,11573.0,29.0,0.062188953161239624,0.00012,0.09409668296575546,0.0
11574.0,11574.0,29.0,0.05324145406484604,0.00012,0.08809879422187805,0.0
11575.0,11575.0,29.0,0.04917724430561066,0.00012,0.07474075257778168,0.0
11576.0,11576.0,29.0,0.04488571733236313,0.00012,0.05341274291276932,0.0
11577.0,11577.0,29.0,0.0520043782889843,0.00012,0.08991991728544235,0.0
11578.0,11578.0,29.0,0.06122777611017227,0.00012,0.07334825396537781,0.0
11579.0,11579.0,29.0,0.05768392235040665,0.00012,0.0711330845952034,0.0
11580.0,11580.0,29.0,0.05919003114104271,0.00012,0.06717583537101746,0.0
11581.0,11581.0,29.0,0.05673776939511299,0.00012,0.1162450835108757,0.0
11582.0,11582.0,29.0,0.0517539419233799,0.00012,0.1205325648188591,0.0
11583.0,11583.0,29.0,0.053124044090509415,0.00012,0.10573659092187881,0.0
11584.0,11584.0,29.0,0.05333460867404938,0.00012,0.12103158235549927,0.0
11585.0,11585.0,29.0,0.056820131838321686,0.00012,0.07932902127504349,0.0
11586.0,11586.0,29.0,0.05990811064839363,0.00012,0.1133929044008255,0.0
11587.0,11587.0,29.0,0.06513417512178421,0.00012,0.13525989651679993,0.0
11588.0,11588.0,29.0,0.055053047835826874,0.00012,0.10514901578426361,0.0
11589.0,11589.0,29.0,0.06926308572292328,0.00012,0.05497927591204643,0.0
11590.0,11590.0,29.0,0.0573323555290699,0.00012,0.11492052674293518,0.0
11591.0,11591.0,29.0,0.07181230187416077,0.00012,0.1106686219573021,0.0
11592.0,11592.0,29.0,0.0483931228518486,0.00012,0.058269474655389786,0.0
11593.0,11593.0,29.0,0.05148693919181824,0.00012,0.06331459432840347,0.0
11594.0,11594.0,29.0,0.0546540804207325,0.00012,0.09774420410394669,0.0
11595.0,11595.0,29.0,0.049223653972148895,0.00012,0.09085831046104431,0.0
11596.0,11596.0,29.0,0.06498260796070099,0.00012,0.1704098880290985,0.0
11597.0,11597.0,29.0,0.047075361013412476,0.00012,0.053560156375169754,0.0
11598.0,11598.0,29.0,0.06187071278691292,0.00012,0.07365443557500839,0.0
11599.0,11599.0,29.0,0.07676973193883896,0.00012,0.1418570578098297,0.0
11600.0,11600.0,29.0,0.04833221808075905,0.00012,0.10621782392263412,0.0
11601.0,11601.0,29.0,0.05593224614858627,0.00012,0.1407538205385208,0.0
11602.0,11602.0,29.0,0.0560314878821373,0.00012,0.059414830058813095,0.0
11603.0,11603.0,29.0,0.06179002672433853,0.00012,0.17322926223278046,0.0
11604.0,11604.0,29.0,0.04057924449443817,0.00012,0.11518571525812149,0.0
11605.0,11605.0,29.0,0.04981384053826332,0.00012,0.13369305431842804,0.0
11606.0,11606.0,29.0,0.054417677223682404,0.00012,0.1946733146905899,0.0
11607.0,11607.0,29.0,0.05599274858832359,0.00012,0.08191411197185516,0.0
11608.0,11608.0,29.0,0.05150926113128662,0.00012,0.11766234785318375,0.0
11609.0,11609.0,29.0,0.05411529913544655,0.00012,0.17680667340755463,0.0
11610.0,11610.0,29.0,0.04824576899409294,0.00012,0.05233818665146828,0.0
11611.0,11611.0,29.0,0.05154627561569214,0.00012,0.17916692793369293,0.0
11612.0,11612.0,29.0,0.05545296147465706,0.00012,0.13574834167957306,0.0
11613.0,11613.0,29.0,0.057413630187511444,0.00012,0.06096925958991051,0.0
11614.0,11614.0,29.0,0.062073275446891785,0.00012,0.14659340679645538,0.0
11615.0,11615.0,29.0,0.05847578123211861,0.00012,0.10952823609113693,0.0
11616.0,11616.0,29.0,0.060456499457359314,0.00012,0.07283663004636765,0.0
11617.0,11617.0,29.0,0.06600575894117355,0.00012,0.09243758022785187,0.0
11618.0,11618.0,29.0,0.0602838471531868,0.00012,0.15723209083080292,0.0
11619.0,11619.0,29.0,0.05592454597353935,0.00012,0.0700778216123581,0.0
11620.0,11620.0,29.0,0.06155892461538315,0.00012,0.19281983375549316,0.0
11621.0,11621.0,29.0,0.07233291864395142,0.00012,0.1627502590417862,0.0
11622.0,11622.0,29.0,0.07656236737966537,0.00012,0.0819564014673233,0.0
11623.0,11623.0,29.0,0.05484497547149658,0.00012,0.18312935531139374,0.0
11624.0,11624.0,29.0,0.05500112473964691,0.00012,0.15481607615947723,0.0
11625.0,11625.0,29.0,0.05790926516056061,0.00012,0.05781294405460358,0.0
11626.0,11626.0,29.0,0.053536318242549896,0.00012,0.1979941576719284,0.0
11627.0,11627.0,29.0,0.047363124787807465,0.00012,0.189665749669075,0.0
11628.0,11628.0,29.0,0.05227680504322052,0.00012,0.13863781094551086,0.0
11629.0,11629.0,29.0,0.04963131248950958,0.00012,0.24505570530891418,0.0
11630.0,11630.0,29.0,0.05693216621875763,0.00012,0.18853026628494263,0.0
11631.0,11631.0,29.0,0.058552518486976624,0.00012,0.17482136189937592,0.0
11632.0,11632.0,29.0,0.06492045521736145,0.00012,0.17713066935539246,0.0
11633.0,11633.0,29.0,0.05662979930639267,0.00012,0.1060333326458931,0.0
11634.0,11634.0,29.0,0.07440398633480072,0.00012,0.12313902378082275,0.0
11635.0,11635.0,29.0,0.06507322192192078,0.00012,0.1489919275045395,0.0
11636.0,11636.0,29.0,0.05545547604560852,0.00012,0.13526658713817596,0.0
11637.0,11637.0,29.0,0.07089868187904358,0.00012,0.1324722319841385,0.0
11638.0,11638.0,29.0,0.058410510420799255,0.00012,0.10168716311454773,0.0
11639.0,11639.0,29.0,0.05210307613015175,0.00012,0.08229952305555344,0.0
11640.0,11640.0,29.0,0.05672738701105118,0.00012,0.0926983430981636,0.0
11641.0,11641.0,29.0,0.05042903870344162,0.00012,0.08158598840236664,0.0
11642.0,11642.0,29.0,0.06706199049949646,0.00012,0.16933809220790863,0.0
11643.0,11643.0,29.0,0.05700978636741638,0.00012,0.05763576552271843,0.0
11644.0,11644.0,29.0,0.05447059124708176,0.00012,0.15318474173545837,0.0
11645.0,11645.0,29.0,0.063956618309021,0.00012,0.07344040274620056,0.0
11646.0,11646.0,29.0,0.059459611773490906,0.00012,0.1116914227604866,0.0
11647.0,11647.0,29.0,0.06568820029497147,0.00012,0.1405722200870514,0.0
11648.0,11648.0,29.0,0.05369652435183525,0.00012,0.08222253620624542,0.0
11649.0,11649.0,29.0,0.06336073577404022,0.00012,0.06749071180820465,0.0
11650.0,11650.0,29.0,0.05343928933143616,0.00012,0.05700571835041046,0.0
11651.0,11651.0,29.0,0.054910629987716675,0.00012,0.07422343641519547,0.0
11652.0,11652.0,29.0,0.05034065246582031,0.00012,0.05485086888074875,0.0
11653.0,11653.0,29.0,0.06987219303846359,0.00012,0.06856238096952438,0.0
11654.0,11654.0,29.0,0.060410916805267334,0.00012,0.08375897258520126,0.0
11655.0,11655.0,29.0,0.05359042063355446,0.00012,0.04610888659954071,0.0
11656.0,11656.0,29.0,0.0655459612607956,0.00012,0.06187692657113075,0.0
11657.0,11657.0,29.0,0.047198586165905,0.00012,0.07204660028219223,0.0
11658.0,11658.0,29.0,0.067402184009552,0.00012,0.0558912456035614,0.0
11659.0,11659.0,29.0,0.06618690490722656,0.00012,0.08314216881990433,0.0
11660.0,11660.0,29.0,0.05307384952902794,0.00012,0.1071673259139061,0.0
11661.0,11661.0,29.0,0.06680949032306671,0.00012,0.11675532162189484,0.0
11662.0,11662.0,29.0,0.05605393648147583,0.00012,0.11072643101215363,0.0
11663.0,11663.0,29.0,0.0609268918633461,0.00012,0.05685635656118393,0.0
11664.0,11664.0,29.0,0.06891080737113953,0.00012,0.08072703331708908,0.0
11665.0,11665.0,29.0,0.0506136454641819,0.00012,0.14008909463882446,0.0
11666.0,11666.0,29.0,0.05269215255975723,0.00012,0.07755931466817856,0.0
11667.0,11667.0,29.0,0.06026775762438774,0.00012,0.12490729242563248,0.0
11668.0,11668.0,29.0,0.05328524112701416,0.00012,0.054491862654685974,0.0
11669.0,11669.0,29.0,0.05756609886884689,0.00012,0.11979956179857254,0.0
11670.0,11670.0,29.0,0.06787613779306412,0.00012,0.08393899351358414,0.0
11671.0,11671.0,29.0,0.048752352595329285,0.00012,0.08616585284471512,0.0
11672.0,11672.0,29.0,0.05935703217983246,0.00012,0.08703260123729706,0.0
11673.0,11673.0,29.0,0.062459733337163925,0.00012,0.10658939927816391,0.0
11674.0,11674.0,29.0,0.05750224366784096,0.00012,0.06837175786495209,0.0
11675.0,11675.0,29.0,0.052336275577545166,0.00012,0.08383023738861084,0.0
11676.0,11676.0,29.0,0.0578623041510582,0.00012,0.07380686700344086,0.0
11677.0,11677.0,29.0,0.05071059241890907,0.00012,0.048839546740055084,0.0
11678.0,11678.0,29.0,0.06495492905378342,0.00012,0.0580231174826622,0.0
11679.0,11679.0,29.0,0.05511034280061722,0.00012,0.07299888879060745,0.0
11680.0,11680.0,29.0,0.06065589189529419,0.00012,0.08719739317893982,0.0
11681.0,11681.0,29.0,0.0677015632390976,0.00012,0.05618121847510338,0.0
11682.0,11682.0,29.0,0.06162039190530777,0.00012,0.12092724442481995,0.0
11683.0,11683.0,29.0,0.050825633108615875,0.00012,0.1008165255188942,0.0
11684.0,11684.0,29.0,0.06446270644664764,0.00012,0.1027914360165596,0.0
11685.0,11685.0,29.0,0.04176044836640358,0.00012,0.06219283863902092,0.0
11686.0,11686.0,29.0,0.05382838100194931,0.00012,0.054625511169433594,0.0
11687.0,11687.0,29.0,0.05483824014663696,0.00012,0.06487572193145752,0.0
11688.0,11688.0,29.0,0.04365385323762894,0.00012,0.09465798735618591,0.0
11689.0,11689.0,29.0,0.05323464795947075,0.00012,0.08977722376585007,0.0
11690.0,11690.0,29.0,0.06986965984106064,0.00012,0.06262502819299698,0.0
11691.0,11691.0,29.0,0.05403874069452286,0.00012,0.06476804614067078,0.0
11692.0,11692.0,29.0,0.05118650197982788,0.00012,0.08844359964132309,0.0
11693.0,11693.0,29.0,0.05976790189743042,0.00012,0.05671638995409012,0.0
11694.0,11694.0,29.0,0.06585478782653809,0.00012,0.1364930272102356,0.0
11695.0,11695.0,29.0,0.0587175190448761,0.00012,0.07469894737005234,0.0
11696.0,11696.0,29.0,0.042395297437906265,0.00012,0.11191465705633163,0.0
11697.0,11697.0,29.0,0.05969355255365372,0.00012,0.13990658521652222,0.0
11698.0,11698.0,29.0,0.04850112274289131,0.00012,0.16056989133358002,0.0
11699.0,11699.0,29.0,0.06053142994642258,0.00012,0.17171327769756317,0.0
11700.0,11700.0,29.0,0.0521409809589386,0.00012,0.0765131264925003,0.0
