step,attempt_step,epoch,loss,lr,grad_norm,optimizer_step_skipped
1.0,1.0,0.0,1.070064902305603,8e-08,5.298747539520264,0.0
2.0,2.0,0.0,1.071624755859375,1.6e-07,5.319894313812256,0.0
3.0,3.0,0.0,1.0723543167114258,2.4000000000000003e-07,5.29642915725708,0.0
4.0,4.0,0.0,1.0738881826400757,3.2e-07,5.276432514190674,0.0
5.0,5.0,0.0,1.074265956878662,4.0000000000000003e-07,5.291284084320068,0.0
6.0,6.0,0.0,1.0697698593139648,4.800000000000001e-07,5.268970012664795,0.0
7.0,7.0,0.0,1.070530652999878,5.6e-07,5.277281284332275,0.0
8.0,8.0,0.0,1.062512755393982,6.4e-07,5.261752128601074,0.0
9.0,9.0,0.0,1.0644372701644897,7.200000000000001e-07,5.2921013832092285,0.0
10.0,10.0,0.0,1.0658926963806152,8.000000000000001e-07,5.25995397567749,0.0
11.0,11.0,0.0,1.0634701251983643,8.8e-07,5.327855110168457,0.0
12.0,12.0,0.0,1.057176113128662,9.600000000000001e-07,5.137179374694824,0.0
13.0,13.0,0.0,1.0550241470336914,1.0400000000000002e-06,5.155196189880371,0.0
14.0,14.0,0.0,1.0570218563079834,1.12e-06,5.213959693908691,0.0
15.0,15.0,0.0,1.0505056381225586,1.2000000000000002e-06,5.064561367034912,0.0
16.0,16.0,0.0,1.0489583015441895,1.28e-06,5.025175094604492,0.0
17.0,17.0,0.0,1.0478301048278809,1.3600000000000001e-06,5.072498798370361,0.0
18.0,18.0,0.0,1.0446898937225342,1.4400000000000002e-06,5.11292839050293,0.0
19.0,19.0,0.0,1.0402987003326416,1.52e-06,5.017310619354248,0.0
20.0,20.0,0.0,1.0332084894180298,1.6000000000000001e-06,4.961944103240967,0.0
21.0,21.0,0.0,1.0352809429168701,1.68e-06,4.947451591491699,0.0
22.0,22.0,0.0,1.0287322998046875,1.76e-06,5.011617660522461,0.0
23.0,23.0,0.0,1.0260579586029053,1.84e-06,4.974313735961914,0.0
24.0,24.0,0.0,1.0217384099960327,1.9200000000000003e-06,4.785001754760742,0.0
25.0,25.0,0.0,1.0185469388961792,2e-06,4.946759223937988,0.0
26.0,26.0,0.0,1.0135257244110107,2.0800000000000004e-06,4.891476154327393,0.0
27.0,27.0,0.0,1.0137344598770142,2.16e-06,4.786382675170898,0.0
28.0,28.0,0.0,1.0059831142425537,2.24e-06,4.7642011642456055,0.0
29.0,29.0,0.0,0.9942307472229004,2.32e-06,4.905538558959961,0.0
30.0,30.0,0.0,0.9954347610473633,2.4000000000000003e-06,4.666934013366699,0.0
31.0,31.0,0.0,0.9927545785903931,2.48e-06,4.604447364807129,0.0
32.0,32.0,0.0,0.9844334125518799,2.56e-06,4.835244655609131,0.0
33.0,33.0,0.0,0.977813720703125,2.6400000000000006e-06,4.725096702575684,0.0
34.0,34.0,0.0,0.975419819355011,2.7200000000000002e-06,4.652604579925537,0.0
35.0,35.0,0.0,0.9740332365036011,2.8000000000000003e-06,4.533437728881836,0.0
36.0,36.0,0.0,0.9672925472259521,2.8800000000000004e-06,4.48047399520874,0.0
37.0,37.0,0.0,0.963857114315033,2.9600000000000005e-06,4.460129737854004,0.0
38.0,38.0,0.0,0.9583221673965454,3.04e-06,4.40339994430542,0.0
39.0,39.0,0.0,0.942936897277832,3.12e-06,4.627532958984375,0.0
40.0,40.0,0.0,0.9419620037078857,3.2000000000000003e-06,4.270995140075684,0.0
41.0,41.0,0.0,0.9395613670349121,3.2800000000000004e-06,4.395504951477051,0.0
42.0,42.0,0.0,0.9297841787338257,3.36e-06,4.43686056137085,0.0
43.0,43.0,0.0,0.9231874346733093,3.4400000000000005e-06,4.426929950714111,0.0
44.0,44.0,0.0,0.9149661064147949,3.52e-06,4.350467681884766,0.0
45.0,45.0,0.0,0.9048260450363159,3.6000000000000003e-06,4.452658653259277,0.0
46.0,46.0,0.0,0.8941566348075867,3.68e-06,4.4119415283203125,0.0
47.0,47.0,0.0,0.8913748860359192,3.7600000000000004e-06,4.248940467834473,0.0
48.0,48.0,0.0,0.8881174921989441,3.8400000000000005e-06,4.289731979370117,0.0
49.0,49.0,0.0,0.881020188331604,3.920000000000001e-06,4.162344455718994,0.0
50.0,50.0,0.0,0.8758095502853394,4e-06,3.982006072998047,0.0
51.0,51.0,0.0,0.8601439595222473,4.08e-06,4.180639266967773,0.0
52.0,52.0,0.0,0.8589522838592529,4.160000000000001e-06,4.074753284454346,0.0
53.0,53.0,0.0,0.8496589660644531,4.240000000000001e-06,4.110134601593018,0.0
54.0,54.0,0.0,0.846204400062561,4.32e-06,3.9620091915130615,0.0
55.0,55.0,0.0,0.8353702425956726,4.4e-06,3.886993408203125,0.0
56.0,56.0,0.0,0.8153358697891235,4.48e-06,4.151782035827637,0.0
57.0,57.0,0.0,0.8045856356620789,4.56e-06,4.165970802307129,0.0
58.0,58.0,0.0,0.8034847974777222,4.64e-06,3.9994115829467773,0.0
59.0,59.0,0.0,0.7979427576065063,4.7200000000000005e-06,3.861351490020752,0.0
60.0,60.0,0.0,0.7831592559814453,4.800000000000001e-06,3.95475697517395,0.0
61.0,61.0,0.0,0.7636250257492065,4.880000000000001e-06,4.001535892486572,0.0
62.0,62.0,0.0,0.7674006223678589,4.96e-06,3.828301191329956,0.0
63.0,63.0,0.0,0.7648802399635315,5.04e-06,3.722795248031616,0.0
64.0,64.0,0.0,0.7442654371261597,5.12e-06,3.7977688312530518,0.0
65.0,65.0,0.0,0.7408350706100464,5.200000000000001e-06,3.88997745513916,0.0
66.0,66.0,0.0,0.7215663194656372,5.280000000000001e-06,3.8255114555358887,0.0
67.0,67.0,0.0,0.7113807797431946,5.36e-06,3.737684726715088,0.0
68.0,68.0,0.0,0.706236720085144,5.4400000000000004e-06,3.7432429790496826,0.0
69.0,69.0,0.0,0.692806601524353,5.5200000000000005e-06,3.708757162094116,0.0
70.0,70.0,0.0,0.6851868629455566,5.600000000000001e-06,3.67213773727417,0.0
71.0,71.0,0.0,0.6727467179298401,5.68e-06,3.6500072479248047,0.0
72.0,72.0,0.0,0.681603193283081,5.760000000000001e-06,3.430800437927246,0.0
73.0,73.0,0.0,0.6476328372955322,5.840000000000001e-06,3.590278148651123,0.0
74.0,74.0,0.0,0.6294730305671692,5.920000000000001e-06,3.57438588142395,0.0
75.0,75.0,0.0,0.6184028387069702,6e-06,3.5465800762176514,0.0
76.0,76.0,0.0,0.6238391399383545,6.08e-06,3.3694283962249756,0.0
77.0,77.0,0.0,0.6039494276046753,6.16e-06,3.337113857269287,0.0
78.0,78.0,0.0,0.6098458170890808,6.24e-06,3.2528634071350098,0.0
79.0,79.0,0.0,0.5858113765716553,6.3200000000000005e-06,3.2367570400238037,0.0
80.0,80.0,0.0,0.5767162442207336,6.4000000000000006e-06,3.2291412353515625,0.0
81.0,81.0,0.0,0.5664035081863403,6.480000000000001e-06,3.196380615234375,0.0
82.0,82.0,0.0,0.5533189177513123,6.560000000000001e-06,3.1902501583099365,0.0
83.0,83.0,0.0,0.5362102389335632,6.640000000000001e-06,3.049065589904785,0.0
84.0,84.0,0.0,0.5210441946983337,6.72e-06,3.153836965560913,0.0
85.0,85.0,0.0,0.5265910029411316,6.8e-06,2.9406991004943848,0.0
86.0,86.0,0.0,0.5046659708023071,6.880000000000001e-06,2.991220712661743,0.0
87.0,87.0,0.0,0.49629437923431396,6.960000000000001e-06,2.921166181564331,0.0
88.0,88.0,0.0,0.4841586947441101,7.04e-06,2.814729928970337,0.0
89.0,89.0,0.0,0.4720346927642822,7.1200000000000004e-06,2.7799770832061768,0.0
90.0,90.0,0.0,0.4633811116218567,7.2000000000000005e-06,2.698838233947754,0.0
91.0,91.0,0.0,0.4568771421909332,7.280000000000001e-06,2.584639310836792,0.0
92.0,92.0,0.0,0.4698725938796997,7.36e-06,2.4345905780792236,0.0
93.0,93.0,0.0,0.43401384353637695,7.440000000000001e-06,2.5315592288970947,0.0
94.0,94.0,0.0,0.43956783413887024,7.520000000000001e-06,2.5347890853881836,0.0
95.0,95.0,0.0,0.4116722643375397,7.600000000000001e-06,2.4092519283294678,0.0
96.0,96.0,0.0,0.40938758850097656,7.680000000000001e-06,2.2804503440856934,0.0
97.0,97.0,0.0,0.3996076285839081,7.76e-06,2.2976152896881104,0.0
98.0,98.0,0.0,0.3818432688713074,7.840000000000001e-06,2.2725613117218018,0.0
99.0,99.0,0.0,0.36348599195480347,7.92e-06,2.1993613243103027,0.0
100.0,100.0,0.0,0.3367919921875,8e-06,2.2639224529266357,0.0
101.0,101.0,0.0,0.3572083115577698,8.08e-06,2.048438310623169,0.0
102.0,102.0,0.0,0.33401012420654297,8.16e-06,1.976112723350525,0.0
103.0,103.0,0.0,0.3350420892238617,8.24e-06,1.8848509788513184,0.0
104.0,104.0,0.0,0.3342213034629822,8.320000000000002e-06,1.8593467473983765,0.0
105.0,105.0,0.0,0.30124765634536743,8.400000000000001e-06,1.957464575767517,0.0
106.0,106.0,0.0,0.31513679027557373,8.480000000000002e-06,1.823530912399292,0.0
107.0,107.0,0.0,0.30087488889694214,8.56e-06,1.6354717016220093,0.0
108.0,108.0,0.0,0.29274189472198486,8.64e-06,1.6482748985290527,0.0
109.0,109.0,0.0,0.28552132844924927,8.72e-06,1.5929911136627197,0.0
110.0,110.0,0.0,0.2693920135498047,8.8e-06,1.4779671430587769,0.0
111.0,111.0,0.0,0.27182602882385254,8.880000000000001e-06,1.441005825996399,0.0
112.0,112.0,0.0,0.27054542303085327,8.96e-06,1.3946678638458252,0.0
113.0,113.0,0.0,0.2575736939907074,9.040000000000002e-06,1.2511705160140991,0.0
114.0,114.0,0.0,0.2721102237701416,9.12e-06,1.2740809917449951,0.0
115.0,115.0,0.0,0.2600212097167969,9.200000000000002e-06,1.2239071130752563,0.0
116.0,116.0,0.0,0.24604959785938263,9.28e-06,1.1289453506469727,0.0
117.0,117.0,0.0,0.22703295946121216,9.36e-06,1.2161109447479248,0.0
118.0,118.0,0.0,0.2201250195503235,9.440000000000001e-06,1.1291838884353638,0.0
119.0,119.0,0.0,0.22108407318592072,9.52e-06,1.1055822372436523,0.0
120.0,120.0,0.0,0.21194353699684143,9.600000000000001e-06,1.1068941354751587,0.0
121.0,121.0,0.0,0.2279103696346283,9.68e-06,0.9059879183769226,0.0
122.0,122.0,0.0,0.21386995911598206,9.760000000000001e-06,0.8788468837738037,0.0
123.0,123.0,0.0,0.21435540914535522,9.840000000000002e-06,0.8816669583320618,0.0
124.0,124.0,0.0,0.2177373766899109,9.92e-06,0.8831645846366882,0.0
125.0,125.0,0.0,0.18835026025772095,1e-05,0.710179328918457,0.0
126.0,126.0,0.0,0.20967672765254974,1.008e-05,0.8115397095680237,0.0
127.0,127.0,0.0,0.1837904155254364,1.0160000000000001e-05,0.798269510269165,0.0
128.0,128.0,0.0,0.17377972602844238,1.024e-05,0.6896422505378723,0.0
129.0,129.0,0.0,0.18573012948036194,1.0320000000000001e-05,0.630273163318634,0.0
130.0,130.0,0.0,0.18291540443897247,1.0400000000000002e-05,0.6357859373092651,0.0
131.0,131.0,0.0,0.1781044602394104,1.0480000000000001e-05,0.6010097861289978,0.0
132.0,132.0,0.0,0.17627914249897003,1.0560000000000002e-05,0.5649991035461426,0.0
133.0,133.0,0.0,0.17774136364459991,1.064e-05,0.5683156847953796,0.0
134.0,134.0,0.0,0.16902850568294525,1.072e-05,0.4945366680622101,0.0
135.0,135.0,0.0,0.17154663801193237,1.08e-05,0.5913037061691284,0.0
136.0,136.0,0.0,0.16416612267494202,1.0880000000000001e-05,0.5383376479148865,0.0
137.0,137.0,0.0,0.19590988755226135,1.0960000000000002e-05,0.894267737865448,0.0
138.0,138.0,0.0,0.15987741947174072,1.1040000000000001e-05,0.5051723718643188,0.0
139.0,139.0,0.0,0.15720593929290771,1.1120000000000002e-05,0.6519044041633606,0.0
140.0,140.0,0.0,0.1522391438484192,1.1200000000000001e-05,0.4425358772277832,0.0
141.0,141.0,0.0,0.1463705450296402,1.128e-05,0.47690093517303467,0.0
142.0,142.0,0.0,0.156215101480484,1.136e-05,0.4019545018672943,0.0
143.0,143.0,0.0,0.14652912318706512,1.144e-05,0.37391242384910583,0.0
144.0,144.0,0.0,0.17291708290576935,1.1520000000000002e-05,0.36763569712638855,0.0
145.0,145.0,0.0,0.1761048436164856,1.16e-05,0.4483642280101776,0.0
146.0,146.0,0.0,0.14785918593406677,1.1680000000000002e-05,0.4641045331954956,0.0
147.0,147.0,0.0,0.13601556420326233,1.1760000000000001e-05,0.34940677881240845,0.0
148.0,148.0,0.0,0.13583695888519287,1.1840000000000002e-05,0.3452921211719513,0.0
149.0,149.0,0.0,0.17053714394569397,1.1920000000000001e-05,0.3699681758880615,0.0
150.0,150.0,0.0,0.1589033007621765,1.2e-05,0.3656965494155884,0.0
151.0,151.0,0.0,0.16384290158748627,1.2080000000000001e-05,0.41278883814811707,0.0
152.0,152.0,0.0,0.15182793140411377,1.216e-05,0.46393290162086487,0.0
153.0,153.0,0.0,0.17745734751224518,1.2240000000000001e-05,0.5398505330085754,0.0
154.0,154.0,0.0,0.15433034300804138,1.232e-05,0.6865336894989014,0.0
155.0,155.0,0.0,0.16160261631011963,1.2400000000000002e-05,0.4958110749721527,0.0
156.0,156.0,0.0,0.1344909369945526,1.248e-05,0.38328516483306885,0.0
157.0,157.0,0.0,0.15648570656776428,1.2560000000000002e-05,0.44040340185165405,0.0
158.0,158.0,0.0,0.15849870443344116,1.2640000000000001e-05,0.32246607542037964,0.0
159.0,159.0,0.0,0.15667644143104553,1.272e-05,0.37507763504981995,0.0
160.0,160.0,0.0,0.13761216402053833,1.2800000000000001e-05,0.41558024287223816,0.0
161.0,161.0,0.0,0.16579610109329224,1.288e-05,0.3385568857192993,0.0
162.0,162.0,0.0,0.1350136250257492,1.2960000000000001e-05,0.28384894132614136,0.0
163.0,163.0,0.0,0.14115837216377258,1.304e-05,0.34963253140449524,0.0
164.0,164.0,0.0,0.14839157462120056,1.3120000000000001e-05,0.2694794237613678,0.0
165.0,165.0,0.0,0.13876627385616302,1.3200000000000002e-05,0.3207130432128906,0.0
166.0,166.0,0.0,0.13848844170570374,1.3280000000000002e-05,0.33301842212677,0.0
167.0,167.0,0.0,0.15620654821395874,1.336e-05,0.32860589027404785,0.0
168.0,168.0,0.0,0.15821704268455505,1.344e-05,0.34789571166038513,0.0
169.0,169.0,0.0,0.12711688876152039,1.3520000000000001e-05,0.32130154967308044,0.0
170.0,170.0,0.0,0.14643821120262146,1.36e-05,0.3108407258987427,0.0
171.0,171.0,0.0,0.14692597091197968,1.3680000000000001e-05,0.35815250873565674,0.0
172.0,172.0,0.0,0.15063154697418213,1.3760000000000002e-05,0.27626654505729675,0.0
173.0,173.0,0.0,0.13999512791633606,1.3840000000000001e-05,0.31624627113342285,0.0
174.0,174.0,0.0,0.1541774868965149,1.3920000000000002e-05,0.35610464215278625,0.0
175.0,175.0,0.0,0.12320742756128311,1.4e-05,0.2659432888031006,0.0
176.0,176.0,0.0,0.13539966940879822,1.408e-05,0.30642184615135193,0.0
177.0,177.0,0.0,0.10735385119915009,1.416e-05,0.3180006742477417,0.0
178.0,178.0,0.0,0.11452235281467438,1.4240000000000001e-05,0.29073473811149597,0.0
179.0,179.0,0.0,0.12120607495307922,1.4320000000000002e-05,0.27461332082748413,0.0
180.0,180.0,0.0,0.12003279477357864,1.4400000000000001e-05,0.2853171229362488,0.0
181.0,181.0,0.0,0.1349145770072937,1.4480000000000002e-05,0.27627813816070557,0.0
182.0,182.0,0.0,0.11975354701280594,1.4560000000000001e-05,0.3330684304237366,0.0
183.0,183.0,0.0,0.13242122530937195,1.4640000000000002e-05,0.30006852746009827,0.0
184.0,184.0,0.0,0.12674033641815186,1.472e-05,0.2680600881576538,0.0
185.0,185.0,0.0,0.1162506565451622,1.48e-05,0.2830961048603058,0.0
186.0,186.0,0.0,0.13740460574626923,1.4880000000000002e-05,0.307748407125473,0.0
187.0,187.0,0.0,0.13915371894836426,1.496e-05,0.3308142423629761,0.0
188.0,188.0,0.0,0.12400757521390915,1.5040000000000002e-05,0.2412761151790619,0.0
189.0,189.0,0.0,0.12014959752559662,1.5120000000000001e-05,0.347625195980072,0.0
190.0,190.0,0.0,0.12334246933460236,1.5200000000000002e-05,0.2765797972679138,0.0
191.0,191.0,0.0,0.13836252689361572,1.5280000000000003e-05,0.347997784614563,0.0
192.0,192.0,0.0,0.11413869261741638,1.5360000000000002e-05,0.24495528638362885,0.0
193.0,193.0,0.0,0.11833459138870239,1.544e-05,0.23034624755382538,0.0
194.0,194.0,0.0,0.10423979163169861,1.552e-05,0.27297651767730713,0.0
195.0,195.0,0.0,0.12022815644741058,1.56e-05,0.2825411558151245,0.0
196.0,196.0,0.0,0.12800079584121704,1.5680000000000002e-05,0.31777146458625793,0.0
197.0,197.0,0.0,0.1331688016653061,1.5759999999999998e-05,0.3281685709953308,0.0
198.0,198.0,0.0,0.10862260311841965,1.584e-05,0.2667044699192047,0.0
199.0,199.0,0.0,0.15449514985084534,1.592e-05,0.25664377212524414,0.0
200.0,200.0,0.0,0.12413349747657776,1.6e-05,0.30094286799430847,0.0
201.0,201.0,0.0,0.12638208270072937,1.6080000000000002e-05,0.23248203098773956,0.0
202.0,202.0,0.0,0.11656032502651215,1.616e-05,0.2082308828830719,0.0
203.0,203.0,0.0,0.14165586233139038,1.624e-05,0.31662341952323914,0.0
204.0,204.0,0.0,0.12497873604297638,1.632e-05,0.20642642676830292,0.0
205.0,205.0,0.0,0.12427350878715515,1.6400000000000002e-05,0.30335575342178345,0.0
206.0,206.0,0.0,0.14873480796813965,1.648e-05,0.3601934611797333,0.0
207.0,207.0,0.0,0.1203819215297699,1.656e-05,0.3005964159965515,0.0
208.0,208.0,0.0,0.1225622221827507,1.6640000000000003e-05,0.216439887881279,0.0
209.0,209.0,0.0,0.12898346781730652,1.6720000000000003e-05,0.24948105216026306,0.0
210.0,210.0,0.0,0.14084434509277344,1.6800000000000002e-05,0.3250465393066406,0.0
211.0,211.0,0.0,0.11719860136508942,1.688e-05,0.37900030612945557,0.0
212.0,212.0,0.0,0.11025090515613556,1.6960000000000004e-05,0.2258627712726593,0.0
213.0,213.0,0.0,0.1178307980298996,1.7040000000000003e-05,0.3218909204006195,0.0
214.0,214.0,0.0,0.1338401883840561,1.712e-05,0.3185115456581116,0.0
215.0,215.0,0.0,0.12742403149604797,1.72e-05,0.34348514676094055,0.0
216.0,216.0,0.0,0.11690136790275574,1.728e-05,0.24837112426757812,0.0
217.0,217.0,0.0,0.11496230959892273,1.736e-05,0.3548065423965454,0.0
218.0,218.0,0.0,0.1191115453839302,1.744e-05,0.3019179105758667,0.0
219.0,219.0,0.0,0.12727324664592743,1.752e-05,0.3554840087890625,0.0
220.0,220.0,0.0,0.10876874625682831,1.76e-05,0.26759660243988037,0.0
221.0,221.0,0.0,0.12878194451332092,1.768e-05,0.3483711779117584,0.0
222.0,222.0,0.0,0.10224972665309906,1.7760000000000003e-05,0.2863205075263977,0.0
223.0,223.0,0.0,0.10722465813159943,1.7840000000000002e-05,0.3170444667339325,0.0
224.0,224.0,0.0,0.11756528168916702,1.792e-05,0.5825464129447937,0.0
225.0,225.0,0.0,0.1007126122713089,1.8e-05,0.34151899814605713,0.0
226.0,226.0,0.0,0.09627342224121094,1.8080000000000003e-05,0.3637062609195709,0.0
227.0,227.0,0.0,0.11352238059043884,1.8160000000000002e-05,0.5205214023590088,0.0
228.0,228.0,0.0,0.10150401294231415,1.824e-05,0.23187914490699768,0.0
229.0,229.0,0.0,0.1138683632016182,1.8320000000000004e-05,0.5056275129318237,0.0
230.0,230.0,0.0,0.12160465866327286,1.8400000000000003e-05,0.25850188732147217,0.0
231.0,231.0,0.0,0.10545468330383301,1.848e-05,0.5679531693458557,0.0
232.0,232.0,0.0,0.09837023168802261,1.856e-05,0.35020628571510315,0.0
233.0,233.0,0.0,0.11246617883443832,1.864e-05,0.3437632620334625,0.0
234.0,234.0,0.0,0.11687667667865753,1.872e-05,0.3951071500778198,0.0
235.0,235.0,0.0,0.11379699409008026,1.88e-05,0.34886834025382996,0.0
236.0,236.0,0.0,0.11397786438465118,1.8880000000000002e-05,0.34535810351371765,0.0
237.0,237.0,0.0,0.11026527732610703,1.896e-05,0.2590501308441162,0.0
238.0,238.0,0.0,0.13497066497802734,1.904e-05,0.40568864345550537,0.0
239.0,239.0,0.0,0.11994177103042603,1.912e-05,0.2971644103527069,0.0
240.0,240.0,0.0,0.09102705866098404,1.9200000000000003e-05,0.189039409160614,0.0
241.0,241.0,0.0,0.0981762558221817,1.9280000000000002e-05,0.2795042097568512,0.0
242.0,242.0,0.0,0.10550527274608612,1.936e-05,0.3341807425022125,0.0
243.0,243.0,0.0,0.09861932694911957,1.9440000000000004e-05,0.3487946391105652,0.0
244.0,244.0,0.0,0.09871428459882736,1.9520000000000003e-05,0.31442907452583313,0.0
245.0,245.0,0.0,0.1124836727976799,1.9600000000000002e-05,0.4198978543281555,0.0
246.0,246.0,0.0,0.08635470271110535,1.9680000000000005e-05,0.2688051164150238,0.0
247.0,247.0,0.0,0.1056734174489975,1.9760000000000004e-05,0.4181221127510071,0.0
248.0,248.0,0.0,0.12391243129968643,1.984e-05,0.28878697752952576,0.0
249.0,249.0,0.0,0.1233188658952713,1.992e-05,0.35268184542655945,0.0
250.0,250.0,0.0,0.09966389089822769,2e-05,0.22456242144107819,0.0
251.0,251.0,0.0,0.10573379695415497,2.008e-05,0.26397550106048584,0.0
252.0,252.0,0.0,0.09392856806516647,2.016e-05,0.3763984739780426,0.0
253.0,253.0,0.0,0.10808449983596802,2.0240000000000003e-05,0.44032999873161316,0.0
254.0,254.0,0.0,0.10174120962619781,2.0320000000000002e-05,0.30495214462280273,0.0
255.0,255.0,0.0,0.10849814116954803,2.04e-05,0.6471249461174011,0.0
256.0,256.0,0.0,0.1053304523229599,2.048e-05,0.3314056992530823,0.0
257.0,257.0,0.0,0.10662706196308136,2.0560000000000003e-05,0.5540269017219543,0.0
258.0,258.0,0.0,0.09590964019298553,2.0640000000000002e-05,0.40406984090805054,0.0
259.0,259.0,0.0,0.10319316387176514,2.072e-05,0.3955049216747284,0.0
260.0,260.0,0.0,0.0986245721578598,2.0800000000000004e-05,0.31661513447761536,0.0
261.0,261.0,0.0,0.10283446311950684,2.0880000000000003e-05,0.40965786576271057,0.0
262.0,262.0,0.0,0.10073837637901306,2.0960000000000003e-05,0.25205832719802856,0.0
263.0,263.0,0.0,0.09775618463754654,2.1040000000000002e-05,0.40406203269958496,0.0
264.0,264.0,0.0,0.08915875852108002,2.1120000000000004e-05,0.2998938262462616,0.0
265.0,265.0,0.0,0.09978596121072769,2.12e-05,0.28984832763671875,0.0
266.0,266.0,0.0,0.10246110707521439,2.128e-05,0.35709431767463684,0.0
267.0,267.0,0.0,0.11061124503612518,2.1360000000000002e-05,0.3030867576599121,0.0
268.0,268.0,0.0,0.09918155521154404,2.144e-05,0.5306934118270874,0.0
269.0,269.0,0.0,0.10281960666179657,2.152e-05,0.20680612325668335,0.0
270.0,270.0,0.0,0.09593388438224792,2.16e-05,0.4185287356376648,0.0
271.0,271.0,0.0,0.10077635943889618,2.1680000000000002e-05,0.34687966108322144,0.0
272.0,272.0,0.0,0.0968298465013504,2.1760000000000002e-05,0.4457864463329315,0.0
273.0,273.0,0.0,0.11617119610309601,2.184e-05,0.3148355484008789,0.0
274.0,274.0,0.0,0.09528902918100357,2.1920000000000004e-05,0.4059732258319855,0.0
275.0,275.0,0.0,0.11407198011875153,2.2000000000000003e-05,0.44585347175598145,0.0
276.0,276.0,0.0,0.0927349328994751,2.2080000000000002e-05,0.3078206181526184,0.0
277.0,277.0,0.0,0.1099771037697792,2.216e-05,0.4301072955131531,0.0
278.0,278.0,0.0,0.09791405498981476,2.2240000000000004e-05,0.34171584248542786,0.0
279.0,279.0,0.0,0.10198040306568146,2.2320000000000003e-05,0.2695032060146332,0.0
280.0,280.0,0.0,0.09448108077049255,2.2400000000000002e-05,0.24481630325317383,0.0
281.0,281.0,0.0,0.11245711147785187,2.2480000000000005e-05,0.47380173206329346,0.0
282.0,282.0,0.0,0.10507194697856903,2.256e-05,0.33993709087371826,0.0
283.0,283.0,0.0,0.0920836478471756,2.264e-05,0.4210870862007141,0.0
284.0,284.0,0.0,0.09337923675775528,2.272e-05,0.3381688594818115,0.0
285.0,285.0,0.0,0.11963686347007751,2.2800000000000002e-05,0.46875184774398804,0.0
286.0,286.0,0.0,0.0863027274608612,2.288e-05,0.26635462045669556,0.0
287.0,287.0,0.0,0.09384012222290039,2.296e-05,0.3589949607849121,0.0
288.0,288.0,0.0,0.10150159150362015,2.3040000000000003e-05,0.3936784565448761,0.0
289.0,289.0,0.0,0.09835999459028244,2.3120000000000002e-05,0.2722788453102112,0.0
290.0,290.0,0.0,0.09595154225826263,2.32e-05,0.3405715823173523,0.0
291.0,291.0,0.0,0.10835307836532593,2.328e-05,0.2857285737991333,0.0
292.0,292.0,0.0,0.11417809873819351,2.3360000000000003e-05,0.3430287837982178,0.0
293.0,293.0,0.0,0.08824710547924042,2.3440000000000003e-05,0.25758638978004456,0.0
294.0,294.0,0.0,0.10936995595693588,2.3520000000000002e-05,0.4005146920681,0.0
295.0,295.0,0.0,0.08893021196126938,2.3600000000000004e-05,0.40730613470077515,0.0
296.0,296.0,0.0,0.0828394740819931,2.3680000000000004e-05,0.29160037636756897,0.0
297.0,297.0,0.0,0.0951818972826004,2.3760000000000003e-05,0.40624144673347473,0.0
298.0,298.0,0.0,0.08756722509860992,2.3840000000000002e-05,0.2871582508087158,0.0
299.0,299.0,0.0,0.10698780417442322,2.392e-05,0.47002550959587097,0.0
300.0,300.0,0.0,0.0765509158372879,2.4e-05,0.2375393807888031,0.0
301.0,301.0,0.0,0.08502466976642609,2.408e-05,0.5203993320465088,0.0
302.0,302.0,0.0,0.09738320112228394,2.4160000000000002e-05,0.39193183183670044,0.0
303.0,303.0,0.0,0.08708790689706802,2.4240000000000002e-05,0.44926878809928894,0.0
304.0,304.0,0.0,0.09105423092842102,2.432e-05,0.3454948961734772,0.0
305.0,305.0,0.0,0.09667851030826569,2.44e-05,0.5642405152320862,0.0
306.0,306.0,0.0,0.08360166102647781,2.4480000000000003e-05,0.2838560938835144,0.0
307.0,307.0,0.0,0.0885094404220581,2.4560000000000002e-05,0.36713317036628723,0.0
308.0,308.0,0.0,0.09114859998226166,2.464e-05,0.4423219561576843,0.0
309.0,309.0,0.0,0.08653506636619568,2.4720000000000004e-05,0.33004477620124817,0.0
310.0,310.0,0.0,0.08111107349395752,2.4800000000000003e-05,0.4368917942047119,0.0
311.0,311.0,0.0,0.08138224482536316,2.4880000000000002e-05,0.20962774753570557,0.0
312.0,312.0,0.0,0.0976436585187912,2.496e-05,0.5103397369384766,0.0
313.0,313.0,0.0,0.09795314073562622,2.5040000000000004e-05,0.338103711605072,0.0
314.0,314.0,0.0,0.12140946090221405,2.5120000000000003e-05,0.4854263663291931,0.0
315.0,315.0,0.0,0.10471156984567642,2.5200000000000003e-05,0.28965187072753906,0.0
316.0,316.0,0.0,0.07536450028419495,2.5280000000000002e-05,0.34752127528190613,0.0
317.0,317.0,0.0,0.07810980081558228,2.536e-05,0.35478097200393677,0.0
318.0,318.0,0.0,0.07960923761129379,2.544e-05,0.27301159501075745,0.0
319.0,319.0,0.0,0.09197455644607544,2.552e-05,0.462886780500412,0.0
320.0,320.0,0.0,0.09462235867977142,2.5600000000000002e-05,0.2518356144428253,0.0
321.0,321.0,0.0,0.09740723669528961,2.568e-05,0.4197789132595062,0.0
322.0,322.0,0.0,0.09656482934951782,2.576e-05,0.31392836570739746,0.0
323.0,323.0,0.0,0.09632392227649689,2.5840000000000003e-05,0.43971017003059387,0.0
324.0,324.0,0.0,0.08301202207803726,2.5920000000000003e-05,0.21535053849220276,0.0
325.0,325.0,0.0,0.08515401184558868,2.6000000000000002e-05,0.4102170765399933,0.0
326.0,326.0,0.0,0.09624619781970978,2.608e-05,0.2582584321498871,0.0
327.0,327.0,0.0,0.07452718168497086,2.6160000000000004e-05,0.30685654282569885,0.0
328.0,328.0,0.0,0.08862747251987457,2.6240000000000003e-05,0.3430261015892029,0.0
329.0,329.0,0.0,0.09263395518064499,2.6320000000000002e-05,0.2616736888885498,0.0
330.0,330.0,0.0,0.10209568589925766,2.6400000000000005e-05,0.3950671851634979,0.0
331.0,331.0,0.0,0.09827218949794769,2.6480000000000004e-05,0.22509446740150452,0.0
332.0,332.0,0.0,0.08187570422887802,2.6560000000000003e-05,0.3272090554237366,0.0
333.0,333.0,0.0,0.07344803214073181,2.664e-05,0.21818657219409943,0.0
334.0,334.0,0.0,0.08467411994934082,2.672e-05,0.2478361427783966,0.0
335.0,335.0,0.0,0.07734750956296921,2.68e-05,0.24725669622421265,0.0
336.0,336.0,0.0,0.08687719702720642,2.688e-05,0.2501857280731201,0.0
337.0,337.0,0.0,0.0972955971956253,2.6960000000000003e-05,0.3003307580947876,0.0
338.0,338.0,0.0,0.085225909948349,2.7040000000000002e-05,0.27304545044898987,0.0
339.0,339.0,0.0,0.09079659730195999,2.712e-05,0.3210257887840271,0.0
340.0,340.0,0.0,0.09749362617731094,2.72e-05,0.2668532133102417,0.0
341.0,341.0,0.0,0.09779985249042511,2.7280000000000003e-05,0.2795852720737457,0.0
342.0,342.0,0.0,0.09189072996377945,2.7360000000000002e-05,0.26397383213043213,0.0
343.0,343.0,0.0,0.10094738006591797,2.744e-05,0.3265526294708252,0.0
344.0,344.0,0.0,0.08311782777309418,2.7520000000000004e-05,0.22395136952400208,0.0
345.0,345.0,0.0,0.09607458114624023,2.7600000000000003e-05,0.41600972414016724,0.0
346.0,346.0,0.0,0.09479615837335587,2.7680000000000003e-05,0.25225985050201416,0.0
347.0,347.0,0.0,0.09935557842254639,2.7760000000000002e-05,0.37652477622032166,0.0
348.0,348.0,0.0,0.10704782605171204,2.7840000000000005e-05,0.331493079662323,0.0
349.0,349.0,0.0,0.11027835309505463,2.7920000000000004e-05,0.41635221242904663,0.0
350.0,350.0,0.0,0.08211222290992737,2.8e-05,0.34522122144699097,0.0
351.0,351.0,0.0,0.08860853314399719,2.8080000000000002e-05,0.4711272418498993,0.0
352.0,352.0,0.0,0.0845160260796547,2.816e-05,0.3348253071308136,0.0
353.0,353.0,0.0,0.07341022789478302,2.824e-05,0.2923634946346283,0.0
354.0,354.0,0.0,0.09943837672472,2.832e-05,0.3501850366592407,0.0
355.0,355.0,0.0,0.06911104917526245,2.8400000000000003e-05,0.3517425060272217,0.0
356.0,356.0,0.0,0.09047245979309082,2.8480000000000002e-05,0.3763170838356018,0.0
357.0,357.0,0.0,0.08682385832071304,2.856e-05,0.43652772903442383,0.0
358.0,358.0,0.0,0.0784023255109787,2.8640000000000004e-05,0.4115152657032013,0.0
359.0,359.0,0.0,0.08957907557487488,2.8720000000000003e-05,0.43451541662216187,0.0
360.0,360.0,0.0,0.08409301936626434,2.8800000000000002e-05,0.3683510720729828,0.0
361.0,361.0,0.0,0.09352821856737137,2.888e-05,0.4166603684425354,0.0
362.0,362.0,0.0,0.08782494813203812,2.8960000000000004e-05,0.2914849817752838,0.0
363.0,363.0,0.0,0.09216902405023575,2.9040000000000003e-05,0.3720717430114746,0.0
364.0,364.0,0.0,0.10951147973537445,2.9120000000000002e-05,0.48682400584220886,0.0
365.0,365.0,0.0,0.08100625872612,2.9200000000000005e-05,0.2542926073074341,0.0
366.0,366.0,0.0,0.09197424352169037,2.9280000000000004e-05,0.3998575806617737,0.0
367.0,367.0,0.0,0.09260386228561401,2.936e-05,0.3125705420970917,0.0
368.0,368.0,0.0,0.10575950145721436,2.944e-05,0.26949840784072876,0.0
369.0,369.0,0.0,0.08404664695262909,2.9520000000000002e-05,0.295840859413147,0.0
370.0,370.0,0.0,0.08546588569879532,2.96e-05,0.24289736151695251,0.0
371.0,371.0,0.0,0.0924484059214592,2.968e-05,0.265496164560318,0.0
372.0,372.0,0.0,0.09154961258172989,2.9760000000000003e-05,0.22143509984016418,0.0
373.0,373.0,0.0,0.12631985545158386,2.9840000000000002e-05,0.3818213939666748,0.0
374.0,374.0,0.0,0.09627734869718552,2.992e-05,0.2692197561264038,0.0
375.0,375.0,0.0,0.08419299125671387,3e-05,0.3341051936149597,0.0
376.0,376.0,0.0,0.06701648235321045,3.0080000000000003e-05,0.17811895906925201,0.0
377.0,377.0,0.0,0.08321018517017365,3.0160000000000003e-05,0.28588616847991943,0.0
378.0,378.0,0.0,0.08397284150123596,3.0240000000000002e-05,0.2559349536895752,0.0
379.0,379.0,0.0,0.08734355866909027,3.0320000000000004e-05,0.29188162088394165,0.0
380.0,380.0,0.0,0.084983229637146,3.0400000000000004e-05,0.35347020626068115,0.0
381.0,381.0,0.0,0.08710947632789612,3.0480000000000003e-05,0.21174757182598114,0.0
382.0,382.0,0.0,0.09823154658079147,3.0560000000000006e-05,0.31737273931503296,0.0
383.0,383.0,0.0,0.07139784842729568,3.0640000000000005e-05,0.2375742793083191,0.0
384.0,384.0,0.0,0.09346049278974533,3.0720000000000004e-05,0.40124183893203735,0.0
385.0,385.0,0.0,0.06944558769464493,3.08e-05,0.3150990307331085,0.0
386.0,386.0,0.0,0.06631442904472351,3.088e-05,0.20087933540344238,0.0
387.0,387.0,0.0,0.06644488871097565,3.096e-05,0.26361221075057983,0.0
388.0,388.0,0.0,0.09716828912496567,3.104e-05,0.25758880376815796,0.0
389.0,389.0,0.0,0.0911620482802391,3.112e-05,0.268196165561676,0.0
390.0,390.0,0.0,0.08399950712919235,3.12e-05,0.26050981879234314,0.0
391.0,391.0,1.0,0.09320362657308578,3.1280000000000005e-05,0.2695794105529785,0.0
392.0,392.0,1.0,0.10539158433675766,3.1360000000000005e-05,0.4404333829879761,0.0
393.0,393.0,1.0,0.07699558883905411,3.1440000000000004e-05,0.34142476320266724,0.0
394.0,394.0,1.0,0.0754486545920372,3.1519999999999996e-05,0.20755842328071594,0.0
395.0,395.0,1.0,0.05863988399505615,3.16e-05,0.2826104164123535,0.0
396.0,396.0,1.0,0.0857437327504158,3.168e-05,0.4134725034236908,0.0
397.0,397.0,1.0,0.10437329113483429,3.176e-05,0.44330310821533203,0.0
398.0,398.0,1.0,0.08025045692920685,3.184e-05,0.3223996162414551,0.0
399.0,399.0,1.0,0.06995854526758194,3.1920000000000006e-05,0.3906593322753906,0.0
400.0,400.0,1.0,0.07522314786911011,3.2e-05,0.27431511878967285,0.0
401.0,401.0,1.0,0.07545112073421478,3.2080000000000005e-05,0.4452129602432251,0.0
402.0,402.0,1.0,0.07849565148353577,3.2160000000000004e-05,0.2513231039047241,0.0
403.0,403.0,1.0,0.0781552642583847,3.224e-05,0.39461106061935425,0.0
404.0,404.0,1.0,0.07921595871448517,3.232e-05,0.3016848564147949,0.0
405.0,405.0,1.0,0.08627565950155258,3.240000000000001e-05,0.2391013652086258,0.0
406.0,406.0,1.0,0.08752862364053726,3.248e-05,0.3773455321788788,0.0
407.0,407.0,1.0,0.10897768288850784,3.256000000000001e-05,0.2639698088169098,0.0
408.0,408.0,1.0,0.08302190899848938,3.264e-05,0.4141480624675751,0.0
409.0,409.0,1.0,0.07948587089776993,3.2720000000000005e-05,0.2268742173910141,0.0
410.0,410.0,1.0,0.08677390217781067,3.2800000000000004e-05,0.29646047949790955,0.0
411.0,411.0,1.0,0.08339717984199524,3.288e-05,0.32197272777557373,0.0
412.0,412.0,1.0,0.08495163917541504,3.296e-05,0.32642805576324463,0.0
413.0,413.0,1.0,0.08662736415863037,3.304e-05,0.3037026524543762,0.0
414.0,414.0,1.0,0.08873540908098221,3.312e-05,0.3292728662490845,0.0
415.0,415.0,1.0,0.08696142584085464,3.32e-05,0.3844478726387024,0.0
416.0,416.0,1.0,0.10761620104312897,3.328000000000001e-05,0.3221323788166046,0.0
417.0,417.0,1.0,0.08642476052045822,3.336e-05,0.40152233839035034,0.0
418.0,418.0,1.0,0.0900147333741188,3.3440000000000005e-05,0.32966339588165283,0.0
419.0,419.0,1.0,0.0972440093755722,3.3520000000000004e-05,0.44776979088783264,0.0
420.0,420.0,1.0,0.08540347218513489,3.3600000000000004e-05,0.3910942077636719,0.0
421.0,421.0,1.0,0.08524660766124725,3.368e-05,0.383695513010025,0.0
422.0,422.0,1.0,0.07933726161718369,3.376e-05,0.3218810260295868,0.0
423.0,423.0,1.0,0.0779765397310257,3.384e-05,0.44742780923843384,0.0
424.0,424.0,1.0,0.07664534449577332,3.392000000000001e-05,0.27061980962753296,0.0
425.0,425.0,1.0,0.08628277480602264,3.4e-05,0.43551120162010193,0.0
426.0,426.0,1.0,0.08100347220897675,3.4080000000000006e-05,0.28452515602111816,0.0
427.0,427.0,1.0,0.0853867381811142,3.4160000000000005e-05,0.47854188084602356,0.0
428.0,428.0,1.0,0.07910820096731186,3.424e-05,0.36306917667388916,0.0
429.0,429.0,1.0,0.09349752217531204,3.4320000000000003e-05,0.43475890159606934,0.0
430.0,430.0,1.0,0.08238555490970612,3.44e-05,0.35507732629776,0.0
431.0,431.0,1.0,0.08457523584365845,3.448e-05,0.2811211049556732,0.0
432.0,432.0,1.0,0.09321875125169754,3.456e-05,0.2737257778644562,0.0
433.0,433.0,1.0,0.07770205289125443,3.464000000000001e-05,0.31337055563926697,0.0
434.0,434.0,1.0,0.07507733255624771,3.472e-05,0.38414275646209717,0.0
435.0,435.0,1.0,0.06572231650352478,3.4800000000000006e-05,0.23000101745128632,0.0
436.0,436.0,1.0,0.09734655916690826,3.488e-05,0.3382013142108917,0.0
437.0,437.0,1.0,0.1004386693239212,3.4960000000000004e-05,0.34494155645370483,0.0
438.0,438.0,1.0,0.06992319226264954,3.504e-05,0.2196822464466095,0.0
439.0,439.0,1.0,0.08135801553726196,3.512e-05,0.41598188877105713,0.0
440.0,440.0,1.0,0.08388501405715942,3.52e-05,0.2809086740016937,0.0
441.0,441.0,1.0,0.11883818358182907,3.528000000000001e-05,0.4924434721469879,0.0
442.0,442.0,1.0,0.08717294782400131,3.536e-05,0.3186144232749939,0.0
443.0,443.0,1.0,0.07962126284837723,3.5440000000000006e-05,0.21813823282718658,0.0
444.0,444.0,1.0,0.0822882205247879,3.5520000000000006e-05,0.38799235224723816,0.0
445.0,445.0,1.0,0.0999712124466896,3.56e-05,0.266400545835495,0.0
446.0,446.0,1.0,0.07836921513080597,3.5680000000000004e-05,0.22654415667057037,0.0
447.0,447.0,1.0,0.07645237445831299,3.576e-05,0.24206127226352692,0.0
448.0,448.0,1.0,0.0901341363787651,3.584e-05,0.3542121350765228,0.0
449.0,449.0,1.0,0.08960861712694168,3.592e-05,0.27521246671676636,0.0
450.0,450.0,1.0,0.09132451564073563,3.6e-05,0.2570992410182953,0.0
451.0,451.0,1.0,0.08169111609458923,3.608e-05,0.2644712030887604,0.0
452.0,452.0,1.0,0.08328413963317871,3.6160000000000006e-05,0.307110071182251,0.0
453.0,453.0,1.0,0.08267708122730255,3.624e-05,0.4164818227291107,0.0
454.0,454.0,1.0,0.09049226343631744,3.6320000000000005e-05,0.4140803813934326,0.0
455.0,455.0,1.0,0.09004880487918854,3.6400000000000004e-05,0.34325751662254333,0.0
456.0,456.0,1.0,0.08778929710388184,3.648e-05,0.37575793266296387,0.0
457.0,457.0,1.0,0.0866883397102356,3.656e-05,0.2576952874660492,0.0
458.0,458.0,1.0,0.08936513215303421,3.664000000000001e-05,0.31219783425331116,0.0
459.0,459.0,1.0,0.0740332156419754,3.672e-05,0.26380544900894165,0.0
460.0,460.0,1.0,0.054949503391981125,3.680000000000001e-05,0.22660177946090698,0.0
461.0,461.0,1.0,0.06970173120498657,3.6880000000000006e-05,0.2332450896501541,0.0
462.0,462.0,1.0,0.08594468981027603,3.696e-05,0.28422215580940247,0.0
463.0,463.0,1.0,0.07458014786243439,3.7040000000000005e-05,0.30353477597236633,0.0
464.0,464.0,1.0,0.09522388875484467,3.712e-05,0.3082413375377655,0.0
465.0,465.0,1.0,0.07511752843856812,3.72e-05,0.3333175778388977,0.0
466.0,466.0,1.0,0.07571575045585632,3.728e-05,0.27759698033332825,0.0
467.0,467.0,1.0,0.07531881332397461,3.736e-05,0.24857765436172485,0.0
468.0,468.0,1.0,0.07528988271951675,3.744e-05,0.2709621787071228,0.0
469.0,469.0,1.0,0.0869314968585968,3.752000000000001e-05,0.3027264177799225,0.0
470.0,470.0,1.0,0.09805361926555634,3.76e-05,0.3346311151981354,0.0
471.0,471.0,1.0,0.09947933256626129,3.7680000000000005e-05,0.3435882031917572,0.0
472.0,472.0,1.0,0.07352311909198761,3.7760000000000004e-05,0.2835732400417328,0.0
473.0,473.0,1.0,0.07069558650255203,3.7840000000000004e-05,0.24029673635959625,0.0
474.0,474.0,1.0,0.09035858511924744,3.792e-05,0.3372872769832611,0.0
475.0,475.0,1.0,0.0872398093342781,3.800000000000001e-05,0.2454153299331665,0.0
476.0,476.0,1.0,0.09486730396747589,3.808e-05,0.39421921968460083,0.0
477.0,477.0,1.0,0.062369611114263535,3.816000000000001e-05,0.29634177684783936,0.0
478.0,478.0,1.0,0.09661803394556046,3.824e-05,0.28489208221435547,0.0
479.0,479.0,1.0,0.10243318974971771,3.832e-05,0.40304145216941833,0.0
480.0,480.0,1.0,0.08573375642299652,3.8400000000000005e-05,0.24262811243534088,0.0
481.0,481.0,1.0,0.0776490569114685,3.848e-05,0.3019212484359741,0.0
482.0,482.0,1.0,0.08392553776502609,3.8560000000000004e-05,0.33287665247917175,0.0
483.0,483.0,1.0,0.0819745659828186,3.864e-05,0.3094666004180908,0.0
484.0,484.0,1.0,0.10056738555431366,3.872e-05,0.35343945026397705,0.0
485.0,485.0,1.0,0.08085239678621292,3.88e-05,0.29253116250038147,0.0
486.0,486.0,1.0,0.0776052251458168,3.888000000000001e-05,0.2679612636566162,0.0
487.0,487.0,1.0,0.08242806047201157,3.896e-05,0.4229888916015625,0.0
488.0,488.0,1.0,0.07974529266357422,3.9040000000000006e-05,0.3657248914241791,0.0
489.0,489.0,1.0,0.08127890527248383,3.9120000000000005e-05,0.3042197823524475,0.0
490.0,490.0,1.0,0.07789001613855362,3.9200000000000004e-05,0.4089002311229706,0.0
491.0,491.0,1.0,0.08576543629169464,3.9280000000000003e-05,0.28904762864112854,0.0
492.0,492.0,1.0,0.07906980812549591,3.936000000000001e-05,0.37456631660461426,0.0
493.0,493.0,1.0,0.0825251042842865,3.944e-05,0.4047437012195587,0.0
494.0,494.0,1.0,0.08209621161222458,3.952000000000001e-05,0.36947721242904663,0.0
495.0,495.0,1.0,0.07923941314220428,3.96e-05,0.3590722382068634,0.0
496.0,496.0,1.0,0.07922729849815369,3.968e-05,0.35107049345970154,0.0
497.0,497.0,1.0,0.08326313644647598,3.9760000000000006e-05,0.3061545193195343,0.0
498.0,498.0,1.0,0.09017670899629593,3.984e-05,0.33962711691856384,0.0
499.0,499.0,1.0,0.06445827335119247,3.9920000000000004e-05,0.24455012381076813,0.0
500.0,500.0,1.0,0.08420750498771667,4e-05,0.22045913338661194,0.0
501.0,501.0,1.0,0.08236302435398102,4.008e-05,0.22983568906784058,0.0
502.0,502.0,1.0,0.07444147765636444,4.016e-05,0.2546427249908447,0.0
503.0,503.0,1.0,0.06777139008045197,4.024000000000001e-05,0.15880432724952698,0.0
504.0,504.0,1.0,0.07845142483711243,4.032e-05,0.27550008893013,0.0
505.0,505.0,1.0,0.0824645459651947,4.0400000000000006e-05,0.2997417151927948,0.0
506.0,506.0,1.0,0.08459159731864929,4.0480000000000005e-05,0.2452922910451889,0.0
507.0,507.0,1.0,0.08600819110870361,4.0560000000000005e-05,0.31239575147628784,0.0
508.0,508.0,1.0,0.08066163957118988,4.0640000000000004e-05,0.19022409617900848,0.0
509.0,509.0,1.0,0.07248172163963318,4.072e-05,0.30018967390060425,0.0
510.0,510.0,1.0,0.08011352270841599,4.08e-05,0.32093048095703125,0.0
511.0,511.0,1.0,0.06628857553005219,4.088000000000001e-05,0.3508523404598236,0.0
512.0,512.0,1.0,0.0769771933555603,4.096e-05,0.30707287788391113,0.0
513.0,513.0,1.0,0.09124733507633209,4.104e-05,0.3954537808895111,0.0
514.0,514.0,1.0,0.08623261749744415,4.1120000000000006e-05,0.32810676097869873,0.0
515.0,515.0,1.0,0.07931636273860931,4.12e-05,0.313394695520401,0.0
516.0,516.0,1.0,0.08182547986507416,4.1280000000000005e-05,0.43514350056648254,0.0
517.0,517.0,1.0,0.08909712731838226,4.1360000000000004e-05,0.22396588325500488,0.0
518.0,518.0,1.0,0.07769889384508133,4.144e-05,0.44261595606803894,0.0
519.0,519.0,1.0,0.08429219573736191,4.152e-05,0.34235408902168274,0.0
520.0,520.0,1.0,0.06703001260757446,4.160000000000001e-05,0.3616050183773041,0.0
521.0,521.0,1.0,0.06880888342857361,4.168e-05,0.40119388699531555,0.0
522.0,522.0,1.0,0.07424186170101166,4.176000000000001e-05,0.28450778126716614,0.0
523.0,523.0,1.0,0.08433572202920914,4.184e-05,0.3163648843765259,0.0
524.0,524.0,1.0,0.06394939124584198,4.1920000000000005e-05,0.3531108498573303,0.0
525.0,525.0,1.0,0.08030951023101807,4.2000000000000004e-05,0.2875452935695648,0.0
526.0,526.0,1.0,0.08058581501245499,4.2080000000000004e-05,0.3011414110660553,0.0
527.0,527.0,1.0,0.07126310467720032,4.216e-05,0.41831621527671814,0.0
528.0,528.0,1.0,0.07582467794418335,4.224000000000001e-05,0.25254684686660767,0.0
529.0,529.0,1.0,0.07043783366680145,4.232e-05,0.4094748795032501,0.0
530.0,530.0,1.0,0.05812939256429672,4.24e-05,0.2965393364429474,0.0
531.0,531.0,1.0,0.07223661988973618,4.248000000000001e-05,0.30957505106925964,0.0
532.0,532.0,1.0,0.09712911397218704,4.256e-05,0.3742557466030121,0.0
533.0,533.0,1.0,0.06902092695236206,4.2640000000000005e-05,0.4131886065006256,0.0
534.0,534.0,1.0,0.09027644991874695,4.2720000000000004e-05,0.35225024819374084,0.0
535.0,535.0,1.0,0.09868690371513367,4.2800000000000004e-05,0.41361182928085327,0.0
536.0,536.0,1.0,0.08679112792015076,4.288e-05,0.3827246129512787,0.0
537.0,537.0,1.0,0.08705150336027145,4.296e-05,0.28730905055999756,0.0
538.0,538.0,1.0,0.07003829628229141,4.304e-05,0.2662533223628998,0.0
539.0,539.0,1.0,0.07679314911365509,4.312000000000001e-05,0.21344433724880219,0.0
540.0,540.0,1.0,0.08864323794841766,4.32e-05,0.24041928350925446,0.0
541.0,541.0,1.0,0.058606114238500595,4.3280000000000006e-05,0.21518966555595398,0.0
542.0,542.0,1.0,0.07363933324813843,4.3360000000000005e-05,0.2978750169277191,0.0
543.0,543.0,1.0,0.07027516514062881,4.3440000000000004e-05,0.2320280522108078,0.0
544.0,544.0,1.0,0.07412002980709076,4.3520000000000003e-05,0.2021733820438385,0.0
545.0,545.0,1.0,0.07333483546972275,4.360000000000001e-05,0.3163226246833801,0.0
546.0,546.0,1.0,0.07222498208284378,4.368e-05,0.20757460594177246,0.0
547.0,547.0,1.0,0.07667425274848938,4.376e-05,0.39601632952690125,0.0
548.0,548.0,1.0,0.07350333780050278,4.384000000000001e-05,0.21925316751003265,0.0
549.0,549.0,1.0,0.08614806830883026,4.392e-05,0.2894029915332794,0.0
550.0,550.0,1.0,0.09150418639183044,4.4000000000000006e-05,0.27546370029449463,0.0
551.0,551.0,1.0,0.07840223610401154,4.408e-05,0.2841717004776001,0.0
552.0,552.0,1.0,0.09754427522420883,4.4160000000000004e-05,0.4536292552947998,0.0
553.0,553.0,1.0,0.07700394839048386,4.424e-05,0.37731531262397766,0.0
554.0,554.0,1.0,0.07388255000114441,4.432e-05,0.2802533209323883,0.0
555.0,555.0,1.0,0.07700018584728241,4.44e-05,0.4035255014896393,0.0
556.0,556.0,1.0,0.07410772144794464,4.448000000000001e-05,0.23672112822532654,0.0
557.0,557.0,1.0,0.07511574774980545,4.456e-05,0.2546045780181885,0.0
558.0,558.0,1.0,0.07404804974794388,4.4640000000000006e-05,0.23932640254497528,0.0
559.0,559.0,1.0,0.10774821043014526,4.4720000000000006e-05,0.3929903209209442,0.0
560.0,560.0,1.0,0.0729137659072876,4.4800000000000005e-05,0.3667469322681427,0.0
561.0,561.0,1.0,0.08464929461479187,4.4880000000000004e-05,0.26971060037612915,0.0
562.0,562.0,1.0,0.08468221127986908,4.496000000000001e-05,0.3634360134601593,0.0
563.0,563.0,1.0,0.06924073398113251,4.504e-05,0.22246915102005005,0.0
564.0,564.0,1.0,0.06509581208229065,4.512e-05,0.3072151243686676,0.0
565.0,565.0,1.0,0.09165783226490021,4.52e-05,0.23072832822799683,0.0
566.0,566.0,1.0,0.06652434170246124,4.528e-05,0.3239317536354065,0.0
567.0,567.0,1.0,0.06187077611684799,4.5360000000000006e-05,0.19029544293880463,0.0
568.0,568.0,1.0,0.0788378044962883,4.544e-05,0.30979984998703003,0.0
569.0,569.0,1.0,0.09271058440208435,4.5520000000000005e-05,0.3056586980819702,0.0
570.0,570.0,1.0,0.07151570916175842,4.5600000000000004e-05,0.22989386320114136,0.0
571.0,571.0,1.0,0.06679538637399673,4.568e-05,0.189128577709198,0.0
572.0,572.0,1.0,0.05822044610977173,4.576e-05,0.18974168598651886,0.0
573.0,573.0,1.0,0.09223265945911407,4.584000000000001e-05,0.24191825091838837,0.0
574.0,574.0,1.0,0.08116418123245239,4.592e-05,0.23215597867965698,0.0
575.0,575.0,1.0,0.0660044401884079,4.600000000000001e-05,0.19184841215610504,0.0
576.0,576.0,1.0,0.06828540563583374,4.6080000000000006e-05,0.19813105463981628,0.0
577.0,577.0,1.0,0.08416670560836792,4.6160000000000005e-05,0.2847444713115692,0.0
578.0,578.0,1.0,0.09727217257022858,4.6240000000000005e-05,0.29233449697494507,0.0
579.0,579.0,1.0,0.06594651937484741,4.6320000000000004e-05,0.2872617542743683,0.0
580.0,580.0,1.0,0.06772169470787048,4.64e-05,0.2251615822315216,0.0
581.0,581.0,1.0,0.08012636005878448,4.648e-05,0.2202054113149643,0.0
582.0,582.0,1.0,0.07996802777051926,4.656e-05,0.3539822995662689,0.0
583.0,583.0,1.0,0.0653192326426506,4.664e-05,0.24521532654762268,0.0
584.0,584.0,1.0,0.07231420278549194,4.672000000000001e-05,0.3359318971633911,0.0
585.0,585.0,1.0,0.0699058324098587,4.68e-05,0.21747753024101257,0.0
586.0,586.0,1.0,0.08234533667564392,4.6880000000000005e-05,0.3549501895904541,0.0
587.0,587.0,1.0,0.06947031617164612,4.6960000000000004e-05,0.27180203795433044,0.0
588.0,588.0,1.0,0.07777529954910278,4.7040000000000004e-05,0.324542373418808,0.0
589.0,589.0,1.0,0.07664097845554352,4.712e-05,0.2159694880247116,0.0
590.0,590.0,1.0,0.08443727344274521,4.720000000000001e-05,0.30836543440818787,0.0
591.0,591.0,1.0,0.07220430672168732,4.728e-05,0.2835518717765808,0.0
592.0,592.0,1.0,0.07116284966468811,4.736000000000001e-05,0.23307937383651733,0.0
593.0,593.0,1.0,0.08526071906089783,4.744e-05,0.28103503584861755,0.0
594.0,594.0,1.0,0.06535857915878296,4.7520000000000006e-05,0.2301492542028427,0.0
595.0,595.0,1.0,0.06236663833260536,4.7600000000000005e-05,0.2404720038175583,0.0
596.0,596.0,1.0,0.06841974705457687,4.7680000000000004e-05,0.218770369887352,0.0
597.0,597.0,1.0,0.07521351426839828,4.7760000000000004e-05,0.23626938462257385,0.0
598.0,598.0,1.0,0.07287957519292831,4.784e-05,0.22888807952404022,0.0
599.0,599.0,1.0,0.0949421226978302,4.792e-05,0.2798822820186615,0.0
600.0,600.0,1.0,0.0713411197066307,4.8e-05,0.20287659764289856,0.0
601.0,601.0,1.0,0.05592632293701172,4.808000000000001e-05,0.17889325320720673,0.0
602.0,602.0,1.0,0.08417536318302155,4.816e-05,0.23981352150440216,0.0
603.0,603.0,1.0,0.05997903272509575,4.8240000000000006e-05,0.19730794429779053,0.0
604.0,604.0,1.0,0.08184661716222763,4.8320000000000005e-05,0.24089571833610535,0.0
605.0,605.0,1.0,0.07595768570899963,4.8400000000000004e-05,0.24846969544887543,0.0
606.0,606.0,1.0,0.09529897570610046,4.8480000000000003e-05,0.29212045669555664,0.0
607.0,607.0,1.0,0.06274505704641342,4.856e-05,0.23983760178089142,0.0
608.0,608.0,1.0,0.07396450638771057,4.864e-05,0.2699350416660309,0.0
609.0,609.0,1.0,0.07505989074707031,4.872000000000001e-05,0.42862558364868164,0.0
610.0,610.0,1.0,0.0741276666522026,4.88e-05,0.36353346705436707,0.0
611.0,611.0,1.0,0.08735857903957367,4.8880000000000006e-05,0.3115095794200897,0.0
612.0,612.0,1.0,0.06880827248096466,4.8960000000000006e-05,0.32075226306915283,0.0
613.0,613.0,1.0,0.08749997615814209,4.9040000000000005e-05,0.264816015958786,0.0
614.0,614.0,1.0,0.07014384865760803,4.9120000000000004e-05,0.38622522354125977,0.0
615.0,615.0,1.0,0.06410080939531326,4.92e-05,0.3026300072669983,0.0
616.0,616.0,1.0,0.06085013598203659,4.928e-05,0.33638671040534973,0.0
617.0,617.0,1.0,0.07851065695285797,4.936e-05,0.2668206989765167,0.0
618.0,618.0,1.0,0.08229675889015198,4.944000000000001e-05,0.2997349202632904,0.0
619.0,619.0,1.0,0.07369925826787949,4.952e-05,0.2161720246076584,0.0
620.0,620.0,1.0,0.058298200368881226,4.9600000000000006e-05,0.2709105610847473,0.0
621.0,621.0,1.0,0.07105723023414612,4.968e-05,0.2554105818271637,0.0
622.0,622.0,1.0,0.06707128137350082,4.9760000000000005e-05,0.22889509797096252,0.0
623.0,623.0,1.0,0.07936854660511017,4.9840000000000004e-05,0.28180062770843506,0.0
624.0,624.0,1.0,0.08824508637189865,4.992e-05,0.251677542924881,0.0
625.0,625.0,1.0,0.08174818754196167,5e-05,0.2270333170890808,0.0
626.0,626.0,1.0,0.0867895632982254,5.008000000000001e-05,0.24350549280643463,0.0
627.0,627.0,1.0,0.08710227161645889,5.016e-05,0.3423212170600891,0.0
628.0,628.0,1.0,0.08507087826728821,5.024000000000001e-05,0.366355836391449,0.0
629.0,629.0,1.0,0.08034700155258179,5.0320000000000006e-05,0.19475550949573517,0.0
630.0,630.0,1.0,0.08996447920799255,5.0400000000000005e-05,0.385711133480072,0.0
631.0,631.0,1.0,0.07388141006231308,5.0480000000000005e-05,0.32720670104026794,0.0
632.0,632.0,1.0,0.06409212946891785,5.0560000000000004e-05,0.2627793252468109,0.0
633.0,633.0,1.0,0.08016323298215866,5.064e-05,0.29446443915367126,0.0
634.0,634.0,1.0,0.08772028982639313,5.072e-05,0.2787854075431824,0.0
635.0,635.0,1.0,0.08167695999145508,5.08e-05,0.38690340518951416,0.0
636.0,636.0,1.0,0.06579513102769852,5.088e-05,0.24977083504199982,0.0
637.0,637.0,1.0,0.07994133234024048,5.096000000000001e-05,0.40475553274154663,0.0
638.0,638.0,1.0,0.0788586437702179,5.104e-05,0.32474464178085327,0.0
639.0,639.0,1.0,0.09516550600528717,5.1120000000000005e-05,0.338583767414093,0.0
640.0,640.0,1.0,0.08821852505207062,5.1200000000000004e-05,0.3675219714641571,0.0
641.0,641.0,1.0,0.0876302421092987,5.1280000000000004e-05,0.37735381722450256,0.0
642.0,642.0,1.0,0.07476608455181122,5.136e-05,0.3135841488838196,0.0
643.0,643.0,1.0,0.07433687150478363,5.144000000000001e-05,0.3913896977901459,0.0
644.0,644.0,1.0,0.08119207620620728,5.152e-05,0.287392258644104,0.0
645.0,645.0,1.0,0.0835733413696289,5.160000000000001e-05,0.2971251308917999,0.0
646.0,646.0,1.0,0.07627254724502563,5.168000000000001e-05,0.3610832095146179,0.0
647.0,647.0,1.0,0.05889730527997017,5.1760000000000006e-05,0.23303824663162231,0.0
648.0,648.0,1.0,0.07153120636940002,5.1840000000000005e-05,0.30553925037384033,0.0
649.0,649.0,1.0,0.0813860222697258,5.192e-05,0.2621626853942871,0.0
650.0,650.0,1.0,0.07582010328769684,5.2000000000000004e-05,0.2906681001186371,0.0
651.0,651.0,1.0,0.07854275405406952,5.208e-05,0.36319035291671753,0.0
652.0,652.0,1.0,0.06008289009332657,5.216e-05,0.15890449285507202,0.0
653.0,653.0,1.0,0.06518598645925522,5.224e-05,0.24340732395648956,0.0
654.0,654.0,1.0,0.07286045700311661,5.232000000000001e-05,0.28973841667175293,0.0
655.0,655.0,1.0,0.06504367291927338,5.24e-05,0.2861604392528534,0.0
656.0,656.0,1.0,0.07658010721206665,5.2480000000000006e-05,0.24222838878631592,0.0
657.0,657.0,1.0,0.08311056345701218,5.2560000000000005e-05,0.3682648241519928,0.0
658.0,658.0,1.0,0.06864942610263824,5.2640000000000004e-05,0.208566352725029,0.0
659.0,659.0,1.0,0.07058229297399521,5.2720000000000003e-05,0.31823134422302246,0.0
660.0,660.0,1.0,0.08480540663003922,5.280000000000001e-05,0.297274112701416,0.0
661.0,661.0,1.0,0.09494677186012268,5.288e-05,0.37341248989105225,0.0
662.0,662.0,1.0,0.06891509890556335,5.296000000000001e-05,0.19961264729499817,0.0
663.0,663.0,1.0,0.102328360080719,5.304000000000001e-05,0.3375318646430969,0.0
664.0,664.0,1.0,0.07460883259773254,5.3120000000000006e-05,0.27915820479393005,0.0
665.0,665.0,1.0,0.07672825455665588,5.3200000000000006e-05,0.2397785484790802,0.0
666.0,666.0,1.0,0.07715417444705963,5.328e-05,0.30623120069503784,0.0
667.0,667.0,1.0,0.07553429901599884,5.3360000000000004e-05,0.22938895225524902,0.0
668.0,668.0,1.0,0.06805264949798584,5.344e-05,0.2522391080856323,0.0
669.0,669.0,1.0,0.07422785460948944,5.352e-05,0.2644495964050293,0.0
670.0,670.0,1.0,0.07637226581573486,5.36e-05,0.24984128773212433,0.0
671.0,671.0,1.0,0.07541727274656296,5.368000000000001e-05,0.25332343578338623,0.0
672.0,672.0,1.0,0.07391777634620667,5.376e-05,0.2108163684606552,0.0
673.0,673.0,1.0,0.06671717762947083,5.3840000000000006e-05,0.25387415289878845,0.0
674.0,674.0,1.0,0.06789278984069824,5.3920000000000006e-05,0.2515539824962616,0.0
675.0,675.0,1.0,0.06845112144947052,5.4000000000000005e-05,0.20640018582344055,0.0
676.0,676.0,1.0,0.06863575428724289,5.4080000000000004e-05,0.24672764539718628,0.0
677.0,677.0,1.0,0.07559298723936081,5.416000000000001e-05,0.2816034257411957,0.0
678.0,678.0,1.0,0.07663379609584808,5.424e-05,0.2522982656955719,0.0
679.0,679.0,1.0,0.08263790607452393,5.432000000000001e-05,0.25946712493896484,0.0
680.0,680.0,1.0,0.08318275213241577,5.44e-05,0.2702538073062897,0.0
681.0,681.0,1.0,0.0909300148487091,5.448000000000001e-05,0.3039867877960205,0.0
682.0,682.0,1.0,0.06673197448253632,5.4560000000000006e-05,0.18826277554035187,0.0
683.0,683.0,1.0,0.07446394860744476,5.464e-05,0.21779443323612213,0.0
684.0,684.0,1.0,0.07797693461179733,5.4720000000000005e-05,0.3491066098213196,0.0
685.0,685.0,1.0,0.07980798184871674,5.4800000000000004e-05,0.2644575238227844,0.0
686.0,686.0,1.0,0.06135271117091179,5.488e-05,0.33058300614356995,0.0
687.0,687.0,1.0,0.05688047409057617,5.496e-05,0.22986359894275665,0.0
688.0,688.0,1.0,0.07249857485294342,5.504000000000001e-05,0.2345115691423416,0.0
689.0,689.0,1.0,0.0658537745475769,5.512e-05,0.233873188495636,0.0
690.0,690.0,1.0,0.08356204628944397,5.520000000000001e-05,0.3071385324001312,0.0
691.0,691.0,1.0,0.07259064167737961,5.5280000000000006e-05,0.28436940908432007,0.0
692.0,692.0,1.0,0.06047632545232773,5.5360000000000005e-05,0.1732017546892166,0.0
693.0,693.0,1.0,0.08878229558467865,5.5440000000000005e-05,0.2803611159324646,0.0
694.0,694.0,1.0,0.057527728378772736,5.5520000000000004e-05,0.2221694141626358,0.0
695.0,695.0,1.0,0.0715828463435173,5.56e-05,0.22493204474449158,0.0
696.0,696.0,1.0,0.06557098031044006,5.568000000000001e-05,0.2644531726837158,0.0
697.0,697.0,1.0,0.07937155663967133,5.576e-05,0.24752771854400635,0.0
698.0,698.0,1.0,0.06279204785823822,5.584000000000001e-05,0.24522417783737183,0.0
699.0,699.0,1.0,0.06889638304710388,5.592000000000001e-05,0.21706503629684448,0.0
700.0,700.0,1.0,0.08214562386274338,5.6e-05,0.27765944600105286,0.0
701.0,701.0,1.0,0.06878674030303955,5.6080000000000005e-05,0.20963481068611145,0.0
702.0,702.0,1.0,0.05713604390621185,5.6160000000000004e-05,0.2536569833755493,0.0
703.0,703.0,1.0,0.057246133685112,5.6240000000000004e-05,0.3333689272403717,0.0
704.0,704.0,1.0,0.08727595210075378,5.632e-05,0.31536948680877686,0.0
705.0,705.0,1.0,0.07047677040100098,5.640000000000001e-05,0.25790995359420776,0.0
706.0,706.0,1.0,0.07938113808631897,5.648e-05,0.26300859451293945,0.0
707.0,707.0,1.0,0.09025215357542038,5.656000000000001e-05,0.34110283851623535,0.0
708.0,708.0,1.0,0.07478982210159302,5.664e-05,0.2954937517642975,0.0
709.0,709.0,1.0,0.07132294774055481,5.6720000000000006e-05,0.23047199845314026,0.0
710.0,710.0,1.0,0.06180589646100998,5.6800000000000005e-05,0.32717594504356384,0.0
711.0,711.0,1.0,0.061382174491882324,5.6880000000000004e-05,0.23025499284267426,0.0
712.0,712.0,1.0,0.06646126508712769,5.6960000000000004e-05,0.3545130789279938,0.0
713.0,713.0,1.0,0.0643359124660492,5.704000000000001e-05,0.2502923905849457,0.0
714.0,714.0,1.0,0.08856642246246338,5.712e-05,0.3484615385532379,0.0
715.0,715.0,1.0,0.08026551455259323,5.720000000000001e-05,0.3544039726257324,0.0
716.0,716.0,1.0,0.0889572724699974,5.728000000000001e-05,0.35840046405792236,0.0
717.0,717.0,1.0,0.07511824369430542,5.736e-05,0.39020851254463196,0.0
718.0,718.0,1.0,0.06797148287296295,5.7440000000000006e-05,0.3335949182510376,0.0
719.0,719.0,1.0,0.07319016754627228,5.7520000000000005e-05,0.3197475075721741,0.0
720.0,720.0,1.0,0.07102447748184204,5.7600000000000004e-05,0.3644599914550781,0.0
721.0,721.0,1.0,0.08121828734874725,5.7680000000000003e-05,0.32691019773483276,0.0
722.0,722.0,1.0,0.09650185704231262,5.776e-05,0.37853652238845825,0.0
723.0,723.0,1.0,0.07276050746440887,5.784e-05,0.3749315142631531,0.0
724.0,724.0,1.0,0.0756387785077095,5.792000000000001e-05,0.4085797965526581,0.0
725.0,725.0,1.0,0.08494657278060913,5.8e-05,0.29023507237434387,0.0
726.0,726.0,1.0,0.07750635594129562,5.8080000000000006e-05,0.3650240898132324,0.0
727.0,727.0,1.0,0.08720295131206512,5.8160000000000006e-05,0.4213164746761322,0.0
728.0,728.0,1.0,0.0649016946554184,5.8240000000000005e-05,0.464208722114563,0.0
729.0,729.0,1.0,0.07012859731912613,5.8320000000000004e-05,0.2872450649738312,0.0
730.0,730.0,1.0,0.077605701982975,5.840000000000001e-05,0.42145684361457825,0.0
731.0,731.0,1.0,0.056882549077272415,5.848e-05,0.3521801829338074,0.0
732.0,732.0,1.0,0.07881107181310654,5.856000000000001e-05,0.42520833015441895,0.0
733.0,733.0,1.0,0.07349332422018051,5.864000000000001e-05,0.3808530569076538,0.0
734.0,734.0,1.0,0.05561264976859093,5.872e-05,0.24077749252319336,0.0
735.0,735.0,1.0,0.07094037532806396,5.8800000000000006e-05,0.39930230379104614,0.0
736.0,736.0,1.0,0.06556530296802521,5.888e-05,0.2620725929737091,0.0
737.0,737.0,1.0,0.06681722402572632,5.8960000000000005e-05,0.2671535313129425,0.0
738.0,738.0,1.0,0.08104574680328369,5.9040000000000004e-05,0.30763134360313416,0.0
739.0,739.0,1.0,0.06485147774219513,5.912e-05,0.17163974046707153,0.0
740.0,740.0,1.0,0.0654602199792862,5.92e-05,0.27010878920555115,0.0
741.0,741.0,1.0,0.07393310964107513,5.928000000000001e-05,0.2804691195487976,0.0
742.0,742.0,1.0,0.05739001929759979,5.936e-05,0.14741213619709015,0.0
743.0,743.0,1.0,0.0664399266242981,5.944000000000001e-05,0.2971278429031372,0.0
744.0,744.0,1.0,0.06850261986255646,5.9520000000000006e-05,0.2502252161502838,0.0
745.0,745.0,1.0,0.07003965973854065,5.9600000000000005e-05,0.26913732290267944,0.0
746.0,746.0,1.0,0.07565005123615265,5.9680000000000005e-05,0.27842238545417786,0.0
747.0,747.0,1.0,0.06406870484352112,5.976000000000001e-05,0.24836544692516327,0.0
748.0,748.0,1.0,0.06462278962135315,5.984e-05,0.23854663968086243,0.0
749.0,749.0,1.0,0.07748153805732727,5.992000000000001e-05,0.32708975672721863,0.0
750.0,750.0,1.0,0.08118420839309692,6e-05,0.29781296849250793,0.0
751.0,751.0,1.0,0.06754092127084732,6.008e-05,0.3216823637485504,0.0
752.0,752.0,1.0,0.07539646327495575,6.016000000000001e-05,0.29939404129981995,0.0
753.0,753.0,1.0,0.07611613720655441,6.024e-05,0.33118724822998047,0.0
754.0,754.0,1.0,0.08152319490909576,6.0320000000000005e-05,0.2442179173231125,0.0
755.0,755.0,1.0,0.07299840450286865,6.0400000000000004e-05,0.317198246717453,0.0
756.0,756.0,1.0,0.06592433154582977,6.0480000000000004e-05,0.2530261278152466,0.0
757.0,757.0,1.0,0.07997424900531769,6.056e-05,0.24450108408927917,0.0
758.0,758.0,1.0,0.07931384444236755,6.064000000000001e-05,0.3116128444671631,0.0
759.0,759.0,1.0,0.07799665629863739,6.072e-05,0.23438256978988647,0.0
760.0,760.0,1.0,0.0720425397157669,6.080000000000001e-05,0.3418932855129242,0.0
761.0,761.0,1.0,0.08253862708806992,6.088000000000001e-05,0.2724072337150574,0.0
762.0,762.0,1.0,0.06736165285110474,6.0960000000000006e-05,0.2876330316066742,0.0
763.0,763.0,1.0,0.06812174618244171,6.104e-05,0.22786806523799896,0.0
764.0,764.0,1.0,0.0883566290140152,6.112000000000001e-05,0.2772057354450226,0.0
765.0,765.0,1.0,0.07790522277355194,6.120000000000001e-05,0.21924462914466858,0.0
766.0,766.0,1.0,0.07664364576339722,6.128000000000001e-05,0.30305203795433044,0.0
767.0,767.0,1.0,0.08322151005268097,6.136000000000001e-05,0.23285126686096191,0.0
768.0,768.0,1.0,0.06712406873703003,6.144000000000001e-05,0.2741653621196747,0.0
769.0,769.0,1.0,0.07526098191738129,6.152000000000001e-05,0.2379891276359558,0.0
770.0,770.0,1.0,0.08287988603115082,6.16e-05,0.33943432569503784,0.0
771.0,771.0,1.0,0.08117364346981049,6.168e-05,0.24631254374980927,0.0
772.0,772.0,1.0,0.08548850566148758,6.176e-05,0.287405788898468,0.0
773.0,773.0,1.0,0.07759813219308853,6.184e-05,0.31150153279304504,0.0
774.0,774.0,1.0,0.07356755435466766,6.192e-05,0.3252585828304291,0.0
775.0,775.0,1.0,0.0649571642279625,6.2e-05,0.2784804701805115,0.0
776.0,776.0,1.0,0.0556492879986763,6.208e-05,0.48918962478637695,0.0
777.0,777.0,1.0,0.07224402576684952,6.216e-05,0.2615848481655121,0.0
778.0,778.0,1.0,0.07851419597864151,6.224e-05,0.4985789358615875,0.0
779.0,779.0,1.0,0.10143588483333588,6.232000000000001e-05,0.4710577726364136,0.0
780.0,780.0,1.0,0.07303166389465332,6.24e-05,0.26857900619506836,0.0
781.0,781.0,2.0,0.07987619191408157,6.248000000000001e-05,0.3659578561782837,0.0
782.0,782.0,2.0,0.07052260637283325,6.256000000000001e-05,0.23185865581035614,0.0
783.0,783.0,2.0,0.0679541528224945,6.264e-05,0.28364863991737366,0.0
784.0,784.0,2.0,0.07449518144130707,6.272000000000001e-05,0.21000546216964722,0.0
785.0,785.0,2.0,0.07535795867443085,6.280000000000001e-05,0.18564310669898987,0.0
786.0,786.0,2.0,0.07855068892240524,6.288000000000001e-05,0.2704602777957916,0.0
787.0,787.0,2.0,0.07257595658302307,6.296000000000001e-05,0.22564931213855743,0.0
788.0,788.0,2.0,0.06576286256313324,6.303999999999999e-05,0.3625027537345886,0.0
789.0,789.0,2.0,0.07223436236381531,6.312e-05,0.3215027153491974,0.0
790.0,790.0,2.0,0.07127068936824799,6.32e-05,0.4211011230945587,0.0
791.0,791.0,2.0,0.0734291821718216,6.328e-05,0.26176339387893677,0.0
792.0,792.0,2.0,0.09858092665672302,6.336e-05,0.4306928515434265,0.0
793.0,793.0,2.0,0.07851054519414902,6.344000000000002e-05,0.31223374605178833,0.0
794.0,794.0,2.0,0.060765333473682404,6.352e-05,0.35380932688713074,0.0
795.0,795.0,2.0,0.07737535238265991,6.36e-05,0.25065481662750244,0.0
796.0,796.0,2.0,0.0747561901807785,6.368e-05,0.48243609070777893,0.0
797.0,797.0,2.0,0.09301693737506866,6.376000000000001e-05,0.2297990769147873,0.0
798.0,798.0,2.0,0.08795385807752609,6.384000000000001e-05,0.5219933390617371,0.0
799.0,799.0,2.0,0.0769994854927063,6.392e-05,0.2547917664051056,0.0
800.0,800.0,2.0,0.061765603721141815,6.4e-05,0.42198318243026733,0.0
801.0,801.0,2.0,0.08343326300382614,6.408000000000001e-05,0.2538171410560608,0.0
802.0,802.0,2.0,0.06586237251758575,6.416000000000001e-05,0.3821261525154114,0.0
803.0,803.0,2.0,0.08448830991983414,6.424000000000001e-05,0.2712409794330597,0.0
804.0,804.0,2.0,0.06994697451591492,6.432000000000001e-05,0.33255279064178467,0.0
805.0,805.0,2.0,0.06869013607501984,6.44e-05,0.2888490557670593,0.0
806.0,806.0,2.0,0.07170210778713226,6.448e-05,0.2611762583255768,0.0
807.0,807.0,2.0,0.07139533758163452,6.456e-05,0.38046297430992126,0.0
808.0,808.0,2.0,0.053388722240924835,6.464e-05,0.24767851829528809,0.0
809.0,809.0,2.0,0.07391590625047684,6.472e-05,0.27002769708633423,0.0
810.0,810.0,2.0,0.07344594597816467,6.480000000000002e-05,0.2388153374195099,0.0
811.0,811.0,2.0,0.07368142902851105,6.488e-05,0.2749294638633728,0.0
812.0,812.0,2.0,0.06187709793448448,6.496e-05,0.28184470534324646,0.0
813.0,813.0,2.0,0.0656597912311554,6.504e-05,0.3953720033168793,0.0
814.0,814.0,2.0,0.07043622434139252,6.512000000000001e-05,0.19683602452278137,0.0
815.0,815.0,2.0,0.0663355365395546,6.520000000000001e-05,0.39741963148117065,0.0
816.0,816.0,2.0,0.07253924012184143,6.528e-05,0.23174090683460236,0.0
817.0,817.0,2.0,0.07274144887924194,6.536e-05,0.24794171750545502,0.0
818.0,818.0,2.0,0.08320090174674988,6.544000000000001e-05,0.24827703833580017,0.0
819.0,819.0,2.0,0.05109972506761551,6.552000000000001e-05,0.2555759847164154,0.0
820.0,820.0,2.0,0.06145920604467392,6.560000000000001e-05,0.278628945350647,0.0
821.0,821.0,2.0,0.06254401803016663,6.568000000000001e-05,0.1881793886423111,0.0
822.0,822.0,2.0,0.07586308568716049,6.576e-05,0.2925013601779938,0.0
823.0,823.0,2.0,0.07457390427589417,6.584e-05,0.21936552226543427,0.0
824.0,824.0,2.0,0.061170145869255066,6.592e-05,0.20269560813903809,0.0
825.0,825.0,2.0,0.0749111995100975,6.6e-05,0.22242261469364166,0.0
826.0,826.0,2.0,0.06746302545070648,6.608e-05,0.23293215036392212,0.0
827.0,827.0,2.0,0.08674032986164093,6.616000000000002e-05,0.22542448341846466,0.0
828.0,828.0,2.0,0.0553567111492157,6.624e-05,0.17831921577453613,0.0
829.0,829.0,2.0,0.06420406699180603,6.632e-05,0.24549217522144318,0.0
830.0,830.0,2.0,0.06795109808444977,6.64e-05,0.21613873541355133,0.0
831.0,831.0,2.0,0.0555889829993248,6.648000000000001e-05,0.22365181148052216,0.0
832.0,832.0,2.0,0.08592934161424637,6.656000000000001e-05,0.37661609053611755,0.0
833.0,833.0,2.0,0.07194866240024567,6.664e-05,0.3067128658294678,0.0
834.0,834.0,2.0,0.08326466381549835,6.672e-05,0.34981241822242737,0.0
835.0,835.0,2.0,0.0729847103357315,6.680000000000001e-05,0.2575649321079254,0.0
836.0,836.0,2.0,0.0722188949584961,6.688000000000001e-05,0.3057459890842438,0.0
837.0,837.0,2.0,0.06037072464823723,6.696000000000001e-05,0.18530496954917908,0.0
838.0,838.0,2.0,0.06413917243480682,6.704000000000001e-05,0.21043573319911957,0.0
839.0,839.0,2.0,0.06551462411880493,6.712e-05,0.3144175410270691,0.0
840.0,840.0,2.0,0.08655309677124023,6.720000000000001e-05,0.30229058861732483,0.0
841.0,841.0,2.0,0.07097582519054413,6.728e-05,0.20578736066818237,0.0
842.0,842.0,2.0,0.0691952332854271,6.736e-05,0.29368889331817627,0.0
843.0,843.0,2.0,0.06212889403104782,6.744e-05,0.242958664894104,0.0
844.0,844.0,2.0,0.07244624197483063,6.752e-05,0.32207050919532776,0.0
845.0,845.0,2.0,0.06577589362859726,6.76e-05,0.25218743085861206,0.0
846.0,846.0,2.0,0.09028325974941254,6.768e-05,0.35621580481529236,0.0
847.0,847.0,2.0,0.07452601939439774,6.776e-05,0.34418895840644836,0.0
848.0,848.0,2.0,0.07443985342979431,6.784000000000001e-05,0.2654593586921692,0.0
849.0,849.0,2.0,0.07186058163642883,6.792000000000001e-05,0.41844791173934937,0.0
850.0,850.0,2.0,0.08514061570167542,6.8e-05,0.28828519582748413,0.0
851.0,851.0,2.0,0.06636665761470795,6.808e-05,0.44142505526542664,0.0
852.0,852.0,2.0,0.07531583309173584,6.816000000000001e-05,0.2579958736896515,0.0
853.0,853.0,2.0,0.0627589076757431,6.824000000000001e-05,0.3964540958404541,0.0
854.0,854.0,2.0,0.06942487508058548,6.832000000000001e-05,0.2260666787624359,0.0
855.0,855.0,2.0,0.07378263771533966,6.840000000000001e-05,0.35907241702079773,0.0
856.0,856.0,2.0,0.07227368652820587,6.848e-05,0.2993576228618622,0.0
857.0,857.0,2.0,0.05816708505153656,6.856000000000001e-05,0.23288093507289886,0.0
858.0,858.0,2.0,0.08129635453224182,6.864000000000001e-05,0.3965417742729187,0.0
859.0,859.0,2.0,0.07492145895957947,6.872e-05,0.32181891798973083,0.0
860.0,860.0,2.0,0.09541580826044083,6.88e-05,0.47994881868362427,0.0
861.0,861.0,2.0,0.07347416877746582,6.888e-05,0.3197747468948364,0.0
862.0,862.0,2.0,0.0801670178771019,6.896e-05,0.4266676902770996,0.0
863.0,863.0,2.0,0.08679559826850891,6.904e-05,0.3151044249534607,0.0
864.0,864.0,2.0,0.06255768984556198,6.912e-05,0.4059116840362549,0.0
865.0,865.0,2.0,0.07276083528995514,6.920000000000002e-05,0.25692006945610046,0.0
866.0,866.0,2.0,0.07340991497039795,6.928000000000001e-05,0.423942893743515,0.0
867.0,867.0,2.0,0.062284741550683975,6.936e-05,0.17660515010356903,0.0
868.0,868.0,2.0,0.05989242345094681,6.944e-05,0.3664812445640564,0.0
869.0,869.0,2.0,0.08118964731693268,6.952000000000001e-05,0.24568824470043182,0.0
870.0,870.0,2.0,0.07722772657871246,6.960000000000001e-05,0.33231744170188904,0.0
871.0,871.0,2.0,0.07931511849164963,6.968000000000001e-05,0.2275284379720688,0.0
872.0,872.0,2.0,0.05728224664926529,6.976e-05,0.19405597448349,0.0
873.0,873.0,2.0,0.08384344726800919,6.984e-05,0.23702265322208405,0.0
874.0,874.0,2.0,0.09705512225627899,6.992000000000001e-05,0.25549688935279846,0.0
875.0,875.0,2.0,0.07271740585565567,7.000000000000001e-05,0.2739575505256653,0.0
876.0,876.0,2.0,0.07176084071397781,7.008e-05,0.199724942445755,0.0
877.0,877.0,2.0,0.08082491159439087,7.016e-05,0.21737205982208252,0.0
878.0,878.0,2.0,0.08137311041355133,7.024e-05,0.2057986855506897,0.0
879.0,879.0,2.0,0.05161894112825394,7.032e-05,0.15108062326908112,0.0
880.0,880.0,2.0,0.08244017511606216,7.04e-05,0.17921754717826843,0.0
881.0,881.0,2.0,0.048043686896562576,7.048e-05,0.16088253259658813,0.0
882.0,882.0,2.0,0.06831430643796921,7.056000000000002e-05,0.2186766415834427,0.0
883.0,883.0,2.0,0.06627128273248672,7.064000000000001e-05,0.20795376598834991,0.0
884.0,884.0,2.0,0.07061391323804855,7.072e-05,0.25573617219924927,0.0
885.0,885.0,2.0,0.08266213536262512,7.08e-05,0.2260212004184723,0.0
886.0,886.0,2.0,0.0634579211473465,7.088000000000001e-05,0.24764101207256317,0.0
887.0,887.0,2.0,0.07859666645526886,7.096000000000001e-05,0.22585831582546234,0.0
888.0,888.0,2.0,0.07049672305583954,7.104000000000001e-05,0.28425320982933044,0.0
889.0,889.0,2.0,0.06000698730349541,7.112e-05,0.27292782068252563,0.0
890.0,890.0,2.0,0.06810213625431061,7.12e-05,0.2391539216041565,0.0
891.0,891.0,2.0,0.07198463380336761,7.128000000000001e-05,0.17955058813095093,0.0
892.0,892.0,2.0,0.04707791283726692,7.136000000000001e-05,0.3123186230659485,0.0
893.0,893.0,2.0,0.06150571629405022,7.144000000000001e-05,0.261290967464447,0.0
894.0,894.0,2.0,0.0747872069478035,7.152e-05,0.3437046408653259,0.0
895.0,895.0,2.0,0.0718981921672821,7.16e-05,0.358166366815567,0.0
896.0,896.0,2.0,0.06355806440114975,7.168e-05,0.22482995688915253,0.0
897.0,897.0,2.0,0.061833497136831284,7.176e-05,0.2930305004119873,0.0
898.0,898.0,2.0,0.0707840546965599,7.184e-05,0.21771880984306335,0.0
899.0,899.0,2.0,0.06505481898784637,7.192000000000002e-05,0.31357255578041077,0.0
900.0,900.0,2.0,0.08408503979444504,7.2e-05,0.22848030924797058,0.0
901.0,901.0,2.0,0.07821670174598694,7.208e-05,0.36699989438056946,0.0
902.0,902.0,2.0,0.06577521562576294,7.216e-05,0.19361931085586548,0.0
903.0,903.0,2.0,0.06607022881507874,7.224000000000001e-05,0.32105666399002075,0.0
904.0,904.0,2.0,0.06812359392642975,7.232000000000001e-05,0.3242082893848419,0.0
905.0,905.0,2.0,0.07155401259660721,7.240000000000001e-05,0.25508517026901245,0.0
906.0,906.0,2.0,0.07153041660785675,7.248e-05,0.29441434144973755,0.0
907.0,907.0,2.0,0.07723044604063034,7.256e-05,0.33015865087509155,0.0
908.0,908.0,2.0,0.0698036402463913,7.264000000000001e-05,0.3067426085472107,0.0
909.0,909.0,2.0,0.07794412970542908,7.272000000000001e-05,0.379102498292923,0.0
910.0,910.0,2.0,0.0762515664100647,7.280000000000001e-05,0.24674579501152039,0.0
911.0,911.0,2.0,0.07743184268474579,7.288000000000001e-05,0.37791940569877625,0.0
912.0,912.0,2.0,0.07420345395803452,7.296e-05,0.2736985683441162,0.0
913.0,913.0,2.0,0.07287999987602234,7.304e-05,0.23648513853549957,0.0
914.0,914.0,2.0,0.05988917499780655,7.312e-05,0.42084622383117676,0.0
915.0,915.0,2.0,0.08097274601459503,7.32e-05,0.20935197174549103,0.0
916.0,916.0,2.0,0.06592142581939697,7.328000000000002e-05,0.414843887090683,0.0
917.0,917.0,2.0,0.04917722940444946,7.336e-05,0.1693093329668045,0.0
918.0,918.0,2.0,0.06705594062805176,7.344e-05,0.3398568630218506,0.0
919.0,919.0,2.0,0.07132622599601746,7.352e-05,0.29629409313201904,0.0
920.0,920.0,2.0,0.08039100468158722,7.360000000000001e-05,0.22448401153087616,0.0
921.0,921.0,2.0,0.07122261822223663,7.368000000000001e-05,0.33760160207748413,0.0
922.0,922.0,2.0,0.06591853499412537,7.376000000000001e-05,0.24337726831436157,0.0
923.0,923.0,2.0,0.0817408561706543,7.384e-05,0.24999858438968658,0.0
924.0,924.0,2.0,0.05971132591366768,7.392e-05,0.2904072105884552,0.0
925.0,925.0,2.0,0.059226296842098236,7.400000000000001e-05,0.1868150383234024,0.0
926.0,926.0,2.0,0.07331611216068268,7.408000000000001e-05,0.3088647723197937,0.0
927.0,927.0,2.0,0.0649498701095581,7.416000000000001e-05,0.30256617069244385,0.0
928.0,928.0,2.0,0.05625324696302414,7.424e-05,0.16830259561538696,0.0
929.0,929.0,2.0,0.07151658833026886,7.432e-05,0.21830199658870697,0.0
930.0,930.0,2.0,0.05096137523651123,7.44e-05,0.16748547554016113,0.0
931.0,931.0,2.0,0.06404757499694824,7.448e-05,0.18872524797916412,0.0
932.0,932.0,2.0,0.08991856873035431,7.456e-05,0.20582520961761475,0.0
933.0,933.0,2.0,0.062149252742528915,7.464000000000002e-05,0.24672329425811768,0.0
934.0,934.0,2.0,0.06535110622644424,7.472e-05,0.21654295921325684,0.0
935.0,935.0,2.0,0.05887030437588692,7.48e-05,0.17852267622947693,0.0
936.0,936.0,2.0,0.06776910275220871,7.488e-05,0.181878000497818,0.0
937.0,937.0,2.0,0.07401732355356216,7.496000000000001e-05,0.24854104220867157,0.0
938.0,938.0,2.0,0.06696141511201859,7.504000000000001e-05,0.20714427530765533,0.0
939.0,939.0,2.0,0.07931527495384216,7.512000000000001e-05,0.3851761817932129,0.0
940.0,940.0,2.0,0.07545706629753113,7.52e-05,0.2141370177268982,0.0
941.0,941.0,2.0,0.06782371550798416,7.528e-05,0.3834986984729767,0.0
942.0,942.0,2.0,0.0741267204284668,7.536000000000001e-05,0.2045840471982956,0.0
943.0,943.0,2.0,0.07052072882652283,7.544000000000001e-05,0.40450966358184814,0.0
944.0,944.0,2.0,0.06281711161136627,7.552000000000001e-05,0.18332046270370483,0.0
945.0,945.0,2.0,0.06682117283344269,7.56e-05,0.30363020300865173,0.0
946.0,946.0,2.0,0.07834793627262115,7.568000000000001e-05,0.23433561623096466,0.0
947.0,947.0,2.0,0.09545804560184479,7.576e-05,0.4112255871295929,0.0
948.0,948.0,2.0,0.056748710572719574,7.584e-05,0.1396973729133606,0.0
949.0,949.0,2.0,0.07399022579193115,7.592e-05,0.38890424370765686,0.0
950.0,950.0,2.0,0.06641410291194916,7.600000000000002e-05,0.2240677922964096,0.0
951.0,951.0,2.0,0.06470824033021927,7.608e-05,0.2562635540962219,0.0
952.0,952.0,2.0,0.0679556280374527,7.616e-05,0.24257802963256836,0.0
953.0,953.0,2.0,0.06984101235866547,7.624e-05,0.19402936100959778,0.0
954.0,954.0,2.0,0.07213132828474045,7.632000000000001e-05,0.2617770731449127,0.0
955.0,955.0,2.0,0.06330029666423798,7.640000000000001e-05,0.2444852739572525,0.0
956.0,956.0,2.0,0.07941295206546783,7.648e-05,0.20579646527767181,0.0
957.0,957.0,2.0,0.05283438786864281,7.656e-05,0.21875271201133728,0.0
958.0,958.0,2.0,0.07108674943447113,7.664e-05,0.21328206360340118,0.0
959.0,959.0,2.0,0.0807105228304863,7.672000000000001e-05,0.2565881907939911,0.0
960.0,960.0,2.0,0.07347101718187332,7.680000000000001e-05,0.251828670501709,0.0
961.0,961.0,2.0,0.07746346294879913,7.688000000000001e-05,0.2013511210680008,0.0
962.0,962.0,2.0,0.06783318519592285,7.696e-05,0.18928728997707367,0.0
963.0,963.0,2.0,0.0718689039349556,7.704000000000001e-05,0.24928170442581177,0.0
964.0,964.0,2.0,0.05783651024103165,7.712000000000001e-05,0.14367981255054474,0.0
965.0,965.0,2.0,0.07616762071847916,7.72e-05,0.2853776216506958,0.0
966.0,966.0,2.0,0.07086287438869476,7.728e-05,0.1761685013771057,0.0
967.0,967.0,2.0,0.06080335006117821,7.736000000000002e-05,0.25006377696990967,0.0
968.0,968.0,2.0,0.07993487268686295,7.744e-05,0.27507585287094116,0.0
969.0,969.0,2.0,0.05324631556868553,7.752e-05,0.21814480423927307,0.0
970.0,970.0,2.0,0.06609008461236954,7.76e-05,0.24182221293449402,0.0
971.0,971.0,2.0,0.06212036311626434,7.768000000000002e-05,0.18729063868522644,0.0
972.0,972.0,2.0,0.07735247910022736,7.776000000000001e-05,0.2953687012195587,0.0
973.0,973.0,2.0,0.07127171754837036,7.784e-05,0.30857834219932556,0.0
974.0,974.0,2.0,0.05474869906902313,7.792e-05,0.2727885842323303,0.0
975.0,975.0,2.0,0.06383142620325089,7.8e-05,0.2619186043739319,0.0
976.0,976.0,2.0,0.05048154294490814,7.808000000000001e-05,0.2862075865268707,0.0
977.0,977.0,2.0,0.06900154054164886,7.816000000000001e-05,0.3719189465045929,0.0
978.0,978.0,2.0,0.06454326957464218,7.824000000000001e-05,0.3900494873523712,0.0
979.0,979.0,2.0,0.07536575198173523,7.832e-05,0.3378043472766876,0.0
980.0,980.0,2.0,0.08411037176847458,7.840000000000001e-05,0.40337440371513367,0.0
981.0,981.0,2.0,0.07922451198101044,7.848000000000001e-05,0.3071005344390869,0.0
982.0,982.0,2.0,0.060245029628276825,7.856000000000001e-05,0.43935489654541016,0.0
983.0,983.0,2.0,0.06018488109111786,7.864e-05,0.14834339916706085,0.0
984.0,984.0,2.0,0.0681157112121582,7.872000000000002e-05,0.3627336025238037,0.0
985.0,985.0,2.0,0.06646504998207092,7.88e-05,0.2180262953042984,0.0
986.0,986.0,2.0,0.06699372828006744,7.888e-05,0.23363815248012543,0.0
987.0,987.0,2.0,0.06850188225507736,7.896e-05,0.21965143084526062,0.0
988.0,988.0,2.0,0.06911727786064148,7.904000000000002e-05,0.24084816873073578,0.0
989.0,989.0,2.0,0.07286016643047333,7.912000000000001e-05,0.2846929430961609,0.0
990.0,990.0,2.0,0.06932592391967773,7.92e-05,0.22112850844860077,0.0
991.0,991.0,2.0,0.07644598931074142,7.928e-05,0.23185795545578003,0.0
992.0,992.0,2.0,0.06586601585149765,7.936e-05,0.17188121378421783,0.0
993.0,993.0,2.0,0.06427045166492462,7.944000000000001e-05,0.2366434931755066,0.0
994.0,994.0,2.0,0.06572981923818588,7.952000000000001e-05,0.18657541275024414,0.0
995.0,995.0,2.0,0.06394212692975998,7.960000000000001e-05,0.18389493227005005,0.0
996.0,996.0,2.0,0.06839362531900406,7.968e-05,0.20822542905807495,0.0
997.0,997.0,2.0,0.05475284159183502,7.976000000000001e-05,0.19758975505828857,0.0
998.0,998.0,2.0,0.05828974023461342,7.984000000000001e-05,0.27580371499061584,0.0
999.0,999.0,2.0,0.07226378470659256,7.992000000000001e-05,0.3475963771343231,0.0
1000.0,1000.0,2.0,0.06703536212444305,8e-05,0.28220534324645996,0.0
1001.0,1001.0,2.0,0.07111294567584991,8e-05,0.3598197102546692,0.0
1002.0,1002.0,2.0,0.061166971921920776,8e-05,0.211042582988739,0.0
1003.0,1003.0,2.0,0.05998176336288452,8e-05,0.3059447705745697,0.0
1004.0,1004.0,2.0,0.07989682257175446,8e-05,0.45659536123275757,0.0
1005.0,1005.0,2.0,0.07072100043296814,8e-05,0.35487762093544006,0.0
1006.0,1006.0,2.0,0.08647097647190094,8e-05,0.3677351474761963,0.0
1007.0,1007.0,2.0,0.07637179642915726,8e-05,0.4799187183380127,0.0
1008.0,1008.0,2.0,0.0787484347820282,8e-05,0.23064130544662476,0.0
1009.0,1009.0,2.0,0.07027699798345566,8e-05,0.2975991368293762,0.0
1010.0,1010.0,2.0,0.06575287133455276,8e-05,0.22982370853424072,0.0
1011.0,1011.0,2.0,0.07568911463022232,8e-05,0.23793381452560425,0.0
1012.0,1012.0,2.0,0.05577488988637924,8e-05,0.18532387912273407,0.0
1013.0,1013.0,2.0,0.07644487917423248,8e-05,0.28835001587867737,0.0
1014.0,1014.0,2.0,0.07581038773059845,8e-05,0.3028005361557007,0.0
1015.0,1015.0,2.0,0.06917290389537811,8e-05,0.27935153245925903,0.0
1016.0,1016.0,2.0,0.08181385695934296,8e-05,0.30748140811920166,0.0
1017.0,1017.0,2.0,0.0589231438934803,8e-05,0.15962979197502136,0.0
1018.0,1018.0,2.0,0.06537317484617233,8e-05,0.24104198813438416,0.0
1019.0,1019.0,2.0,0.07565075159072876,8e-05,0.18495328724384308,0.0
1020.0,1020.0,2.0,0.06011199951171875,8e-05,0.27311503887176514,0.0
1021.0,1021.0,2.0,0.07666590064764023,8e-05,0.22838591039180756,0.0
1022.0,1022.0,2.0,0.08103376626968384,8e-05,0.22236895561218262,0.0
1023.0,1023.0,2.0,0.06156753748655319,8e-05,0.22760577499866486,0.0
1024.0,1024.0,2.0,0.07244881987571716,8e-05,0.19497282803058624,0.0
1025.0,1025.0,2.0,0.06571082770824432,8e-05,0.21766415238380432,0.0
1026.0,1026.0,2.0,0.07027555257081985,8e-05,0.25322389602661133,0.0
1027.0,1027.0,2.0,0.054151732474565506,8e-05,0.20609931647777557,0.0
1028.0,1028.0,2.0,0.08461715281009674,8e-05,0.24198630452156067,0.0
1029.0,1029.0,2.0,0.08171814680099487,8e-05,0.2325381636619568,0.0
1030.0,1030.0,2.0,0.0717335119843483,8e-05,0.2140076607465744,0.0
1031.0,1031.0,2.0,0.09607341885566711,8e-05,0.3038964569568634,0.0
1032.0,1032.0,2.0,0.07168301939964294,8e-05,0.19205503165721893,0.0
1033.0,1033.0,2.0,0.06313348561525345,8e-05,0.2696048319339752,0.0
1034.0,1034.0,2.0,0.07264930009841919,8e-05,0.23482035100460052,0.0
1035.0,1035.0,2.0,0.05896378308534622,8e-05,0.28229883313179016,0.0
1036.0,1036.0,2.0,0.06420066952705383,8e-05,0.31049007177352905,0.0
1037.0,1037.0,2.0,0.05073964223265648,8e-05,0.2089318037033081,0.0
1038.0,1038.0,2.0,0.07589749991893768,8e-05,0.39489468932151794,0.0
1039.0,1039.0,2.0,0.07011064141988754,8e-05,0.2430398315191269,0.0
1040.0,1040.0,2.0,0.05763555318117142,8e-05,0.3230227530002594,0.0
1041.0,1041.0,2.0,0.06665950268507004,8e-05,0.2540794610977173,0.0
1042.0,1042.0,2.0,0.05940922722220421,8e-05,0.21322844922542572,0.0
1043.0,1043.0,2.0,0.047618985176086426,8e-05,0.22986437380313873,0.0
1044.0,1044.0,2.0,0.08082583546638489,8e-05,0.27488529682159424,0.0
1045.0,1045.0,2.0,0.06263193488121033,8e-05,0.3695327341556549,0.0
1046.0,1046.0,2.0,0.08320987224578857,8e-05,0.17552348971366882,0.0
1047.0,1047.0,2.0,0.06158232316374779,8e-05,0.23931200802326202,0.0
1048.0,1048.0,2.0,0.0753343254327774,8e-05,0.25114765763282776,0.0
1049.0,1049.0,2.0,0.07364469766616821,8e-05,0.29592421650886536,0.0
1050.0,1050.0,2.0,0.06472006440162659,8e-05,0.18436774611473083,0.0
1051.0,1051.0,2.0,0.07102477550506592,8e-05,0.293637752532959,0.0
1052.0,1052.0,2.0,0.06921824812889099,8e-05,0.2208758443593979,0.0
1053.0,1053.0,2.0,0.06852653622627258,8e-05,0.2715250253677368,0.0
1054.0,1054.0,2.0,0.07069152593612671,8e-05,0.18905150890350342,0.0
1055.0,1055.0,2.0,0.07170625030994415,8e-05,0.27667954564094543,0.0
1056.0,1056.0,2.0,0.06666249781847,8e-05,0.2206730991601944,0.0
1057.0,1057.0,2.0,0.06763198971748352,8e-05,0.2604312300682068,0.0
1058.0,1058.0,2.0,0.0632682740688324,8e-05,0.19348619878292084,0.0
1059.0,1059.0,2.0,0.07618723809719086,8e-05,0.3228377401828766,0.0
1060.0,1060.0,2.0,0.05727130174636841,8e-05,0.23979754745960236,0.0
1061.0,1061.0,2.0,0.08059610426425934,8e-05,0.26912036538124084,0.0
1062.0,1062.0,2.0,0.05699177086353302,8e-05,0.25527575612068176,0.0
1063.0,1063.0,2.0,0.06534981727600098,8e-05,0.27893051505088806,0.0
1064.0,1064.0,2.0,0.07658395171165466,8e-05,0.3687518537044525,0.0
1065.0,1065.0,2.0,0.08910007029771805,8e-05,0.40765270590782166,0.0
1066.0,1066.0,2.0,0.06685513257980347,8e-05,0.3252303898334503,0.0
1067.0,1067.0,2.0,0.07524875551462173,8e-05,0.5736246705055237,0.0
1068.0,1068.0,2.0,0.06382442265748978,8e-05,0.18056617677211761,0.0
1069.0,1069.0,2.0,0.04833948239684105,8e-05,0.49377667903900146,0.0
1070.0,1070.0,2.0,0.06788042932748795,8e-05,0.2157852053642273,0.0
1071.0,1071.0,2.0,0.07127596437931061,8e-05,0.5759673714637756,0.0
1072.0,1072.0,2.0,0.06615054607391357,8e-05,0.17731694877147675,0.0
1073.0,1073.0,2.0,0.09165453910827637,8e-05,0.5356304049491882,0.0
1074.0,1074.0,2.0,0.061873652040958405,8e-05,0.21055851876735687,0.0
1075.0,1075.0,2.0,0.06348786503076553,8e-05,0.406491219997406,0.0
1076.0,1076.0,2.0,0.07844457775354385,8e-05,0.2730671465396881,0.0
1077.0,1077.0,2.0,0.06133556738495827,8e-05,0.3741839826107025,0.0
1078.0,1078.0,2.0,0.06625674664974213,8e-05,0.3433615267276764,0.0
1079.0,1079.0,2.0,0.08416748046875,8e-05,0.2819492816925049,0.0
1080.0,1080.0,2.0,0.07563792169094086,8e-05,0.2567145824432373,0.0
1081.0,1081.0,2.0,0.08536827564239502,8e-05,0.2386844903230667,0.0
1082.0,1082.0,2.0,0.06870587915182114,8e-05,0.2542911767959595,0.0
1083.0,1083.0,2.0,0.059603527188301086,8e-05,0.21225538849830627,0.0
1084.0,1084.0,2.0,0.0550806000828743,8e-05,0.2421451359987259,0.0
1085.0,1085.0,2.0,0.0515194833278656,8e-05,0.19192251563072205,0.0
1086.0,1086.0,2.0,0.09742999076843262,8e-05,0.2911694347858429,0.0
1087.0,1087.0,2.0,0.07103289663791656,8e-05,0.2448585480451584,0.0
1088.0,1088.0,2.0,0.06605491042137146,8e-05,0.29404178261756897,0.0
1089.0,1089.0,2.0,0.0514354333281517,8e-05,0.2061328887939453,0.0
1090.0,1090.0,2.0,0.0677979588508606,8e-05,0.2651389241218567,0.0
1091.0,1091.0,2.0,0.06955812871456146,8e-05,0.27588483691215515,0.0
1092.0,1092.0,2.0,0.06789864599704742,8e-05,0.2651130259037018,0.0
1093.0,1093.0,2.0,0.06223296374082565,8e-05,0.20638622343540192,0.0
1094.0,1094.0,2.0,0.07195144891738892,8e-05,0.3097573220729828,0.0
1095.0,1095.0,2.0,0.07291645556688309,8e-05,0.3138469159603119,0.0
1096.0,1096.0,2.0,0.05655411258339882,8e-05,0.2968868315219879,0.0
1097.0,1097.0,2.0,0.0698886439204216,8e-05,0.27766451239585876,0.0
1098.0,1098.0,2.0,0.05181258171796799,8e-05,0.23364241421222687,0.0
1099.0,1099.0,2.0,0.06595274806022644,8e-05,0.22520077228546143,0.0
1100.0,1100.0,2.0,0.0759388878941536,8e-05,0.30657604336738586,0.0
1101.0,1101.0,2.0,0.06059877946972847,8e-05,0.285980224609375,0.0
1102.0,1102.0,2.0,0.06920433789491653,8e-05,0.2540147304534912,0.0
1103.0,1103.0,2.0,0.06532475352287292,8e-05,0.26985177397727966,0.0
1104.0,1104.0,2.0,0.05974142253398895,8e-05,0.2090270072221756,0.0
1105.0,1105.0,2.0,0.07101131975650787,8e-05,0.3627084791660309,0.0
1106.0,1106.0,2.0,0.06642277538776398,8e-05,0.2492392361164093,0.0
1107.0,1107.0,2.0,0.07154145836830139,8e-05,0.2679586410522461,0.0
1108.0,1108.0,2.0,0.06165669858455658,8e-05,0.1466570347547531,0.0
1109.0,1109.0,2.0,0.06055076792836189,8e-05,0.24902045726776123,0.0
1110.0,1110.0,2.0,0.06782709807157516,8e-05,0.2950320839881897,0.0
1111.0,1111.0,2.0,0.07064906507730484,8e-05,0.19877175986766815,0.0
1112.0,1112.0,2.0,0.07536445558071136,8e-05,0.31357672810554504,0.0
1113.0,1113.0,2.0,0.07212194800376892,8e-05,0.2625668942928314,0.0
1114.0,1114.0,2.0,0.06712795048952103,8e-05,0.27157020568847656,0.0
1115.0,1115.0,2.0,0.07340580224990845,8e-05,0.23573264479637146,0.0
1116.0,1116.0,2.0,0.07623463869094849,8e-05,0.2606624960899353,0.0
1117.0,1117.0,2.0,0.06929342448711395,8e-05,0.22531776130199432,0.0
1118.0,1118.0,2.0,0.06703673303127289,8e-05,0.3619489371776581,0.0
1119.0,1119.0,2.0,0.07336877286434174,8e-05,0.20563413202762604,0.0
1120.0,1120.0,2.0,0.06492628157138824,8e-05,0.3178785443305969,0.0
1121.0,1121.0,2.0,0.07271944731473923,8e-05,0.21662524342536926,0.0
1122.0,1122.0,2.0,0.07019656896591187,8e-05,0.22708386182785034,0.0
1123.0,1123.0,2.0,0.06842206418514252,8e-05,0.23462940752506256,0.0
1124.0,1124.0,2.0,0.056708693504333496,8e-05,0.28317326307296753,0.0
1125.0,1125.0,2.0,0.048111118376255035,8e-05,0.15788190066814423,0.0
1126.0,1126.0,2.0,0.05998658388853073,8e-05,0.261181503534317,0.0
1127.0,1127.0,2.0,0.06243457645177841,8e-05,0.2495555281639099,0.0
1128.0,1128.0,2.0,0.08467680960893631,8e-05,0.2591027021408081,0.0
1129.0,1129.0,2.0,0.06047302857041359,8e-05,0.34579798579216003,0.0
1130.0,1130.0,2.0,0.06610248982906342,8e-05,0.2750536799430847,0.0
1131.0,1131.0,2.0,0.06190195307135582,8e-05,0.24869440495967865,0.0
1132.0,1132.0,2.0,0.06856299936771393,8e-05,0.24241577088832855,0.0
1133.0,1133.0,2.0,0.053435809910297394,8e-05,0.24720777571201324,0.0
1134.0,1134.0,2.0,0.05194392055273056,8e-05,0.28142961859703064,0.0
1135.0,1135.0,2.0,0.0755590945482254,8e-05,0.2615374028682709,0.0
1136.0,1136.0,2.0,0.07631076872348785,8e-05,0.21905815601348877,0.0
1137.0,1137.0,2.0,0.06577804684638977,8e-05,0.25382745265960693,0.0
1138.0,1138.0,2.0,0.06848779320716858,8e-05,0.235521137714386,0.0
1139.0,1139.0,2.0,0.06531917303800583,8e-05,0.24560678005218506,0.0
1140.0,1140.0,2.0,0.06986544281244278,8e-05,0.19510982930660248,0.0
1141.0,1141.0,2.0,0.08177341520786285,8e-05,0.23714686930179596,0.0
1142.0,1142.0,2.0,0.0748649314045906,8e-05,0.26400381326675415,0.0
1143.0,1143.0,2.0,0.07345250248908997,8e-05,0.23075073957443237,0.0
1144.0,1144.0,2.0,0.06474392861127853,8e-05,0.27855193614959717,0.0
1145.0,1145.0,2.0,0.07280789315700531,8e-05,0.1944463551044464,0.0
1146.0,1146.0,2.0,0.08760322630405426,8e-05,0.25908273458480835,0.0
1147.0,1147.0,2.0,0.06497187167406082,8e-05,0.2439507246017456,0.0
1148.0,1148.0,2.0,0.07067298889160156,8e-05,0.2318679839372635,0.0
1149.0,1149.0,2.0,0.05610441789031029,8e-05,0.23692747950553894,0.0
1150.0,1150.0,2.0,0.07285600900650024,8e-05,0.21588142216205597,0.0
1151.0,1151.0,2.0,0.06288094818592072,8e-05,0.21989545226097107,0.0
1152.0,1152.0,2.0,0.05674226954579353,8e-05,0.2246677130460739,0.0
1153.0,1153.0,2.0,0.06709352135658264,8e-05,0.18369373679161072,0.0
1154.0,1154.0,2.0,0.07294899225234985,8e-05,0.24223008751869202,0.0
1155.0,1155.0,2.0,0.06561021506786346,8e-05,0.22782431542873383,0.0
1156.0,1156.0,2.0,0.05690712109208107,8e-05,0.18997296690940857,0.0
1157.0,1157.0,2.0,0.061819229274988174,8e-05,0.3530007004737854,0.0
1158.0,1158.0,2.0,0.08670689165592194,8e-05,0.3533366620540619,0.0
1159.0,1159.0,2.0,0.062104836106300354,8e-05,0.3777167797088623,0.0
1160.0,1160.0,2.0,0.07102742046117783,8e-05,0.41130733489990234,0.0
1161.0,1161.0,2.0,0.07853017747402191,8e-05,0.32916656136512756,0.0
1162.0,1162.0,2.0,0.06891180574893951,8e-05,0.2538357377052307,0.0
1163.0,1163.0,2.0,0.05868937075138092,8e-05,0.33336520195007324,0.0
1164.0,1164.0,2.0,0.0749359279870987,8e-05,0.23340380191802979,0.0
1165.0,1165.0,2.0,0.08401389420032501,8e-05,0.42857515811920166,0.0
1166.0,1166.0,2.0,0.06322847306728363,8e-05,0.1926378756761551,0.0
1167.0,1167.0,2.0,0.08798088133335114,8e-05,0.3840276598930359,0.0
1168.0,1168.0,2.0,0.06768818199634552,8e-05,0.22027140855789185,0.0
1169.0,1169.0,2.0,0.08334705233573914,8e-05,0.4674733281135559,0.0
1170.0,1170.0,2.0,0.06536302715539932,8e-05,0.25608864426612854,0.0
1171.0,1171.0,3.0,0.07843783497810364,8e-05,0.4316916763782501,0.0
1172.0,1172.0,3.0,0.0680219978094101,8e-05,0.27325472235679626,0.0
1173.0,1173.0,3.0,0.08215661346912384,8e-05,0.3519565165042877,0.0
1174.0,1174.0,3.0,0.06857103109359741,8e-05,0.29317882657051086,0.0
1175.0,1175.0,3.0,0.06318144500255585,8e-05,0.31231504678726196,0.0
1176.0,1176.0,3.0,0.06455230712890625,8e-05,0.42560985684394836,0.0
1177.0,1177.0,3.0,0.08465326577425003,8e-05,0.32379165291786194,0.0
1178.0,1178.0,3.0,0.06789898127317429,8e-05,0.49716219305992126,0.0
1179.0,1179.0,3.0,0.06776218116283417,8e-05,0.2320629209280014,0.0
1180.0,1180.0,3.0,0.09009109437465668,8e-05,0.4033786952495575,0.0
1181.0,1181.0,3.0,0.05951020121574402,8e-05,0.33004069328308105,0.0
1182.0,1182.0,3.0,0.0737881064414978,8e-05,0.2828638255596161,0.0
1183.0,1183.0,3.0,0.05458522588014603,8e-05,0.355482816696167,0.0
1184.0,1184.0,3.0,0.06375591456890106,8e-05,0.23031523823738098,0.0
1185.0,1185.0,3.0,0.066205695271492,8e-05,0.25662970542907715,0.0
1186.0,1186.0,3.0,0.0644860565662384,8e-05,0.22617055475711823,0.0
1187.0,1187.0,3.0,0.059350647032260895,8e-05,0.2064003199338913,0.0
1188.0,1188.0,3.0,0.06388548016548157,8e-05,0.2527565062046051,0.0
1189.0,1189.0,3.0,0.07119908928871155,8e-05,0.2132042497396469,0.0
1190.0,1190.0,3.0,0.058271948248147964,8e-05,0.24130120873451233,0.0
1191.0,1191.0,3.0,0.05820944160223007,8e-05,0.20007020235061646,0.0
1192.0,1192.0,3.0,0.06381171941757202,8e-05,0.20471017062664032,0.0
1193.0,1193.0,3.0,0.06690603494644165,8e-05,0.18290910124778748,0.0
1194.0,1194.0,3.0,0.06424746662378311,8e-05,0.2276078164577484,0.0
1195.0,1195.0,3.0,0.05346832424402237,8e-05,0.2645018398761749,0.0
1196.0,1196.0,3.0,0.06524641811847687,8e-05,0.20032793283462524,0.0
1197.0,1197.0,3.0,0.06938274949789047,8e-05,0.2603675425052643,0.0
1198.0,1198.0,3.0,0.07117210328578949,8e-05,0.18857990205287933,0.0
1199.0,1199.0,3.0,0.06619635969400406,8e-05,0.3124549686908722,0.0
1200.0,1200.0,3.0,0.07292081415653229,8e-05,0.21797297894954681,0.0
1201.0,1201.0,3.0,0.0864877700805664,8e-05,0.2871951162815094,0.0
1202.0,1202.0,3.0,0.057066671550273895,8e-05,0.198135644197464,0.0
1203.0,1203.0,3.0,0.06301241368055344,8e-05,0.27556830644607544,0.0
1204.0,1204.0,3.0,0.0703863650560379,8e-05,0.25252553820610046,0.0
1205.0,1205.0,3.0,0.05600856989622116,8e-05,0.253450870513916,0.0
1206.0,1206.0,3.0,0.06913145631551743,8e-05,0.27104470133781433,0.0
1207.0,1207.0,3.0,0.07582763582468033,8e-05,0.25500738620758057,0.0
1208.0,1208.0,3.0,0.05052702873945236,8e-05,0.2954258322715759,0.0
1209.0,1209.0,3.0,0.06080850213766098,8e-05,0.21104784309864044,0.0
1210.0,1210.0,3.0,0.07775486260652542,8e-05,0.37112486362457275,0.0
1211.0,1211.0,3.0,0.06962841749191284,8e-05,0.20515784621238708,0.0
1212.0,1212.0,3.0,0.0764995887875557,8e-05,0.4846179783344269,0.0
1213.0,1213.0,3.0,0.06624960899353027,8e-05,0.2500283420085907,0.0
1214.0,1214.0,3.0,0.05128864198923111,8e-05,0.38919129967689514,0.0
1215.0,1215.0,3.0,0.06496166437864304,8e-05,0.2946532368659973,0.0
1216.0,1216.0,3.0,0.07099401950836182,8e-05,0.33992913365364075,0.0
1217.0,1217.0,3.0,0.056556396186351776,8e-05,0.40924519300460815,0.0
1218.0,1218.0,3.0,0.06635479629039764,8e-05,0.25150424242019653,0.0
1219.0,1219.0,3.0,0.09077277779579163,8e-05,0.5921787619590759,0.0
1220.0,1220.0,3.0,0.06916249543428421,8e-05,0.22617025673389435,0.0
1221.0,1221.0,3.0,0.06005120277404785,8e-05,0.5270341038703918,0.0
1222.0,1222.0,3.0,0.06547657400369644,8e-05,0.19383621215820312,0.0
1223.0,1223.0,3.0,0.059145648032426834,8e-05,0.4197746515274048,0.0
1224.0,1224.0,3.0,0.049002181738615036,8e-05,0.19091856479644775,0.0
1225.0,1225.0,3.0,0.07723911851644516,8e-05,0.33745038509368896,0.0
1226.0,1226.0,3.0,0.055419500917196274,8e-05,0.19556374847888947,0.0
1227.0,1227.0,3.0,0.06352059543132782,8e-05,0.30485567450523376,0.0
1228.0,1228.0,3.0,0.0665765032172203,8e-05,0.18146024644374847,0.0
1229.0,1229.0,3.0,0.05855738744139671,8e-05,0.385784387588501,0.0
1230.0,1230.0,3.0,0.07712501287460327,8e-05,0.19428493082523346,0.0
1231.0,1231.0,3.0,0.058374349027872086,8e-05,0.25444427132606506,0.0
1232.0,1232.0,3.0,0.08292429149150848,8e-05,0.21200524270534515,0.0
1233.0,1233.0,3.0,0.07105446606874466,8e-05,0.1529960185289383,0.0
1234.0,1234.0,3.0,0.05332304909825325,8e-05,0.13229413330554962,0.0
1235.0,1235.0,3.0,0.06570252031087875,8e-05,0.1866612285375595,0.0
1236.0,1236.0,3.0,0.06817509233951569,8e-05,0.19028042256832123,0.0
1237.0,1237.0,3.0,0.05774547904729843,8e-05,0.19339945912361145,0.0
1238.0,1238.0,3.0,0.06444527208805084,8e-05,0.20036470890045166,0.0
1239.0,1239.0,3.0,0.08567962050437927,8e-05,0.2725985050201416,0.0
1240.0,1240.0,3.0,0.06794189661741257,8e-05,0.17062754929065704,0.0
1241.0,1241.0,3.0,0.0735543966293335,8e-05,0.21986828744411469,0.0
1242.0,1242.0,3.0,0.06334760785102844,8e-05,0.20964185893535614,0.0
1243.0,1243.0,3.0,0.06818227469921112,8e-05,0.18018515408039093,0.0
1244.0,1244.0,3.0,0.07315260171890259,8e-05,0.20036260783672333,0.0
1245.0,1245.0,3.0,0.05999237671494484,8e-05,0.20975880324840546,0.0
1246.0,1246.0,3.0,0.057269684970378876,8e-05,0.23153333365917206,0.0
1247.0,1247.0,3.0,0.06496558338403702,8e-05,0.21560153365135193,0.0
1248.0,1248.0,3.0,0.06376993656158447,8e-05,0.19470183551311493,0.0
1249.0,1249.0,3.0,0.06596435606479645,8e-05,0.20840846002101898,0.0
1250.0,1250.0,3.0,0.0680961087346077,8e-05,0.24615012109279633,0.0
1251.0,1251.0,3.0,0.06774123013019562,8e-05,0.27112632989883423,0.0
1252.0,1252.0,3.0,0.0750897079706192,8e-05,0.18640334904193878,0.0
1253.0,1253.0,3.0,0.06196387857198715,8e-05,0.28530335426330566,0.0
1254.0,1254.0,3.0,0.05964477360248566,8e-05,0.19543388485908508,0.0
1255.0,1255.0,3.0,0.07717891782522202,8e-05,0.24172425270080566,0.0
1256.0,1256.0,3.0,0.06532841920852661,8e-05,0.2761012017726898,0.0
1257.0,1257.0,3.0,0.0746934711933136,8e-05,0.21358586847782135,0.0
1258.0,1258.0,3.0,0.060882046818733215,8e-05,0.31909966468811035,0.0
1259.0,1259.0,3.0,0.06328052282333374,8e-05,0.2348247915506363,0.0
1260.0,1260.0,3.0,0.06832380592823029,8e-05,0.5028494596481323,0.0
1261.0,1261.0,3.0,0.05151250585913658,8e-05,0.1734500378370285,0.0
1262.0,1262.0,3.0,0.0573166161775589,8e-05,0.4564261734485626,0.0
1263.0,1263.0,3.0,0.062055252492427826,8e-05,0.25362077355384827,0.0
1264.0,1264.0,3.0,0.05221591144800186,8e-05,0.31369292736053467,0.0
1265.0,1265.0,3.0,0.07054775953292847,8e-05,0.3849029839038849,0.0
1266.0,1266.0,3.0,0.09212550520896912,8e-05,0.32846590876579285,0.0
1267.0,1267.0,3.0,0.06274300813674927,8e-05,0.31968948245048523,0.0
1268.0,1268.0,3.0,0.06215584650635719,8e-05,0.1806085705757141,0.0
1269.0,1269.0,3.0,0.0844898670911789,8e-05,0.32754677534103394,0.0
1270.0,1270.0,3.0,0.07080335170030594,8e-05,0.1940784454345703,0.0
1271.0,1271.0,3.0,0.06793908774852753,8e-05,0.2121085524559021,0.0
1272.0,1272.0,3.0,0.07017483562231064,8e-05,0.22244928777217865,0.0
1273.0,1273.0,3.0,0.063284732401371,8e-05,0.20581777393817902,0.0
1274.0,1274.0,3.0,0.06189225986599922,8e-05,0.17630431056022644,0.0
1275.0,1275.0,3.0,0.05943967401981354,8e-05,0.21447819471359253,0.0
1276.0,1276.0,3.0,0.06638287007808685,8e-05,0.18219074606895447,0.0
1277.0,1277.0,3.0,0.05936363339424133,8e-05,0.1651376336812973,0.0
1278.0,1278.0,3.0,0.062302008271217346,8e-05,0.2522359788417816,0.0
1279.0,1279.0,3.0,0.06294935196638107,8e-05,0.20308075845241547,0.0
1280.0,1280.0,3.0,0.06913390755653381,8e-05,0.2898872494697571,0.0
1281.0,1281.0,3.0,0.05075382813811302,8e-05,0.1493108570575714,0.0
1282.0,1282.0,3.0,0.06299123167991638,8e-05,0.22037050127983093,0.0
1283.0,1283.0,3.0,0.060145191848278046,8e-05,0.15256765484809875,0.0
1284.0,1284.0,3.0,0.05822537839412689,8e-05,0.1675286740064621,0.0
1285.0,1285.0,3.0,0.05759558454155922,8e-05,0.1535487174987793,0.0
1286.0,1286.0,3.0,0.06185116618871689,8e-05,0.19028080999851227,0.0
1287.0,1287.0,3.0,0.0683332234621048,8e-05,0.1831463724374771,0.0
1288.0,1288.0,3.0,0.06721047312021255,8e-05,0.24048098921775818,0.0
1289.0,1289.0,3.0,0.061645910143852234,8e-05,0.18111485242843628,0.0
1290.0,1290.0,3.0,0.054642051458358765,8e-05,0.21735580265522003,0.0
1291.0,1291.0,3.0,0.06190110743045807,8e-05,0.25947195291519165,0.0
1292.0,1292.0,3.0,0.06156234070658684,8e-05,0.2750515043735504,0.0
1293.0,1293.0,3.0,0.053061746060848236,8e-05,0.3021396994590759,0.0
1294.0,1294.0,3.0,0.07325838506221771,8e-05,0.23198099434375763,0.0
1295.0,1295.0,3.0,0.06769397854804993,8e-05,0.28986379504203796,0.0
1296.0,1296.0,3.0,0.06887799501419067,8e-05,0.3033873438835144,0.0
1297.0,1297.0,3.0,0.0642799586057663,8e-05,0.24835094809532166,0.0
1298.0,1298.0,3.0,0.06363990157842636,8e-05,0.24591484665870667,0.0
1299.0,1299.0,3.0,0.06101217120885849,8e-05,0.2762630879878998,0.0
1300.0,1300.0,3.0,0.05914878845214844,8e-05,0.21696558594703674,0.0
1301.0,1301.0,3.0,0.09164531528949738,8e-05,0.3358975350856781,0.0
1302.0,1302.0,3.0,0.07086074352264404,8e-05,0.23652894794940948,0.0
1303.0,1303.0,3.0,0.08097991347312927,8e-05,0.3903144299983978,0.0
1304.0,1304.0,3.0,0.07099942862987518,8e-05,0.3795383870601654,0.0
1305.0,1305.0,3.0,0.07086485624313354,8e-05,0.28408801555633545,0.0
1306.0,1306.0,3.0,0.05088646709918976,8e-05,0.30840277671813965,0.0
1307.0,1307.0,3.0,0.04870753735303879,8e-05,0.27767759561538696,0.0
1308.0,1308.0,3.0,0.05157659202814102,8e-05,0.2563914954662323,0.0
1309.0,1309.0,3.0,0.06582536548376083,8e-05,0.32513508200645447,0.0
1310.0,1310.0,3.0,0.07408149540424347,8e-05,0.24585340917110443,0.0
1311.0,1311.0,3.0,0.06738092750310898,8e-05,0.3128896653652191,0.0
1312.0,1312.0,3.0,0.07274988293647766,8e-05,0.37493985891342163,0.0
1313.0,1313.0,3.0,0.060463856905698776,8e-05,0.29600274562835693,0.0
1314.0,1314.0,3.0,0.06100786477327347,8e-05,0.256266325712204,0.0
1315.0,1315.0,3.0,0.06256120651960373,8e-05,0.3450096845626831,0.0
1316.0,1316.0,3.0,0.071306012570858,8e-05,0.24200594425201416,0.0
1317.0,1317.0,3.0,0.06711390614509583,8e-05,0.28951025009155273,0.0
1318.0,1318.0,3.0,0.07216134667396545,8e-05,0.3366270363330841,0.0
1319.0,1319.0,3.0,0.07180182635784149,8e-05,0.17166033387184143,0.0
1320.0,1320.0,3.0,0.06432884931564331,8e-05,0.3667372763156891,0.0
1321.0,1321.0,3.0,0.057155855000019073,8e-05,0.17675156891345978,0.0
1322.0,1322.0,3.0,0.08037354052066803,8e-05,0.41921600699424744,0.0
1323.0,1323.0,3.0,0.05558856576681137,8e-05,0.42351019382476807,0.0
1324.0,1324.0,3.0,0.07059420645236969,8e-05,0.21180835366249084,0.0
1325.0,1325.0,3.0,0.05298493057489395,8e-05,0.35118597745895386,0.0
1326.0,1326.0,3.0,0.060741931200027466,8e-05,0.24340246617794037,0.0
1327.0,1327.0,3.0,0.06338735669851303,8e-05,0.24480658769607544,0.0
1328.0,1328.0,3.0,0.06403617560863495,8e-05,0.34222671389579773,0.0
1329.0,1329.0,3.0,0.07074439525604248,8e-05,0.25678741931915283,0.0
1330.0,1330.0,3.0,0.05081968009471893,8e-05,0.21446530520915985,0.0
1331.0,1331.0,3.0,0.06711194664239883,8e-05,0.23218709230422974,0.0
1332.0,1332.0,3.0,0.049843087792396545,8e-05,0.1823437213897705,0.0
1333.0,1333.0,3.0,0.07210630178451538,8e-05,0.292865514755249,0.0
1334.0,1334.0,3.0,0.07289735972881317,8e-05,0.33787962794303894,0.0
1335.0,1335.0,3.0,0.07159022241830826,8e-05,0.2773519456386566,0.0
1336.0,1336.0,3.0,0.06470343470573425,8e-05,0.32471349835395813,0.0
1337.0,1337.0,3.0,0.060282208025455475,8e-05,0.26855146884918213,0.0
1338.0,1338.0,3.0,0.06453387439250946,8e-05,0.3179529905319214,0.0
1339.0,1339.0,3.0,0.07271738350391388,8e-05,0.300732284784317,0.0
1340.0,1340.0,3.0,0.04675102233886719,8e-05,0.16839341819286346,0.0
1341.0,1341.0,3.0,0.05991638824343681,8e-05,0.31564268469810486,0.0
1342.0,1342.0,3.0,0.0640270784497261,8e-05,0.16442790627479553,0.0
1343.0,1343.0,3.0,0.06073722243309021,8e-05,0.3204202651977539,0.0
1344.0,1344.0,3.0,0.06774086505174637,8e-05,0.263937383890152,0.0
1345.0,1345.0,3.0,0.06051016226410866,8e-05,0.25287577509880066,0.0
1346.0,1346.0,3.0,0.06267605721950531,8e-05,0.19803084433078766,0.0
1347.0,1347.0,3.0,0.05924909561872482,8e-05,0.15518583357334137,0.0
1348.0,1348.0,3.0,0.07083353400230408,8e-05,0.22321800887584686,0.0
1349.0,1349.0,3.0,0.07204015552997589,8e-05,0.23529548943042755,0.0
1350.0,1350.0,3.0,0.060071587562561035,8e-05,0.21812613308429718,0.0
1351.0,1351.0,3.0,0.06427998095750809,8e-05,0.20428000390529633,0.0
1352.0,1352.0,3.0,0.08068405091762543,8e-05,0.32505303621292114,0.0
1353.0,1353.0,3.0,0.059650592505931854,8e-05,0.17640653252601624,0.0
1354.0,1354.0,3.0,0.07431288808584213,8e-05,0.38396602869033813,0.0
1355.0,1355.0,3.0,0.07643987238407135,8e-05,0.1652163416147232,0.0
1356.0,1356.0,3.0,0.062343016266822815,8e-05,0.24886691570281982,0.0
1357.0,1357.0,3.0,0.07091869413852692,8e-05,0.16601918637752533,0.0
1358.0,1358.0,3.0,0.055559247732162476,8e-05,0.2823822498321533,0.0
1359.0,1359.0,3.0,0.06265696883201599,8e-05,0.15669991075992584,0.0
1360.0,1360.0,3.0,0.06897924095392227,8e-05,0.28852948546409607,0.0
1361.0,1361.0,3.0,0.06355167180299759,8e-05,0.2500155568122864,0.0
1362.0,1362.0,3.0,0.06284057348966599,8e-05,0.23567835986614227,0.0
1363.0,1363.0,3.0,0.09330976009368896,8e-05,0.21246235072612762,0.0
1364.0,1364.0,3.0,0.05877801775932312,8e-05,0.3056791126728058,0.0
1365.0,1365.0,3.0,0.050363682210445404,8e-05,0.2179497927427292,0.0
1366.0,1366.0,3.0,0.05349160358309746,8e-05,0.2618744969367981,0.0
1367.0,1367.0,3.0,0.06222936511039734,8e-05,0.22360216081142426,0.0
1368.0,1368.0,3.0,0.07251514494419098,8e-05,0.3020133674144745,0.0
1369.0,1369.0,3.0,0.057827744632959366,8e-05,0.1648203432559967,0.0
1370.0,1370.0,3.0,0.06923941522836685,8e-05,0.3448309600353241,0.0
1371.0,1371.0,3.0,0.06340858340263367,8e-05,0.29631614685058594,0.0
1372.0,1372.0,3.0,0.062185030430555344,8e-05,0.31710848212242126,0.0
1373.0,1373.0,3.0,0.058851681649684906,8e-05,0.3402964174747467,0.0
1374.0,1374.0,3.0,0.0658111646771431,8e-05,0.21397273242473602,0.0
1375.0,1375.0,3.0,0.05313758924603462,8e-05,0.4286889135837555,0.0
1376.0,1376.0,3.0,0.06355182081460953,8e-05,0.26865318417549133,0.0
1377.0,1377.0,3.0,0.06848575174808502,8e-05,0.3820394277572632,0.0
1378.0,1378.0,3.0,0.076830193400383,8e-05,0.33118799328804016,0.0
1379.0,1379.0,3.0,0.05287538096308708,8e-05,0.3005950450897217,0.0
1380.0,1380.0,3.0,0.0678882747888565,8e-05,0.3978475034236908,0.0
1381.0,1381.0,3.0,0.06782270967960358,8e-05,0.3207821249961853,0.0
1382.0,1382.0,3.0,0.07835626602172852,8e-05,0.3514176905155182,0.0
1383.0,1383.0,3.0,0.0859372615814209,8e-05,0.30514270067214966,0.0
1384.0,1384.0,3.0,0.0746006965637207,8e-05,0.3132331073284149,0.0
1385.0,1385.0,3.0,0.06433048844337463,8e-05,0.2630644142627716,0.0
1386.0,1386.0,3.0,0.05729559808969498,8e-05,0.27638131380081177,0.0
1387.0,1387.0,3.0,0.06878574192523956,8e-05,0.3495061695575714,0.0
1388.0,1388.0,3.0,0.06400002539157867,8e-05,0.2200842648744583,0.0
1389.0,1389.0,3.0,0.0685897246003151,8e-05,0.2861952781677246,0.0
1390.0,1390.0,3.0,0.07104568183422089,8e-05,0.2291942834854126,0.0
1391.0,1391.0,3.0,0.06339970976114273,8e-05,0.20403695106506348,0.0
1392.0,1392.0,3.0,0.06295378506183624,8e-05,0.286772757768631,0.0
1393.0,1393.0,3.0,0.06123267114162445,8e-05,0.2197161763906479,0.0
1394.0,1394.0,3.0,0.0741051733493805,8e-05,0.20812883973121643,0.0
1395.0,1395.0,3.0,0.07638300210237503,8e-05,0.2355847954750061,0.0
1396.0,1396.0,3.0,0.08003264665603638,8e-05,0.2628728747367859,0.0
1397.0,1397.0,3.0,0.05493819713592529,8e-05,0.25533461570739746,0.0
1398.0,1398.0,3.0,0.061302077025175095,8e-05,0.20326340198516846,0.0
1399.0,1399.0,3.0,0.057682257145643234,8e-05,0.25376492738723755,0.0
1400.0,1400.0,3.0,0.05327858030796051,8e-05,0.20614248514175415,0.0
1401.0,1401.0,3.0,0.06331193447113037,8e-05,0.2903949022293091,0.0
1402.0,1402.0,3.0,0.06212610751390457,8e-05,0.15190301835536957,0.0
1403.0,1403.0,3.0,0.05305289477109909,8e-05,0.21264678239822388,0.0
1404.0,1404.0,3.0,0.060190409421920776,8e-05,0.1977258324623108,0.0
1405.0,1405.0,3.0,0.06588513404130936,8e-05,0.21389035880565643,0.0
1406.0,1406.0,3.0,0.06894844770431519,8e-05,0.19155853986740112,0.0
1407.0,1407.0,3.0,0.07719039171934128,8e-05,0.22410501539707184,0.0
1408.0,1408.0,3.0,0.056817710399627686,8e-05,0.2110171765089035,0.0
1409.0,1409.0,3.0,0.06322015821933746,8e-05,0.18740908801555634,0.0
1410.0,1410.0,3.0,0.07190681248903275,8e-05,0.21566875278949738,0.0
1411.0,1411.0,3.0,0.0738491341471672,8e-05,0.23091572523117065,0.0
1412.0,1412.0,3.0,0.07714969664812088,8e-05,0.24975942075252533,0.0
1413.0,1413.0,3.0,0.0676422119140625,8e-05,0.24010463058948517,0.0
1414.0,1414.0,3.0,0.060342416167259216,8e-05,0.1626119315624237,0.0
1415.0,1415.0,3.0,0.06413884460926056,8e-05,0.1842525601387024,0.0
1416.0,1416.0,3.0,0.09075921773910522,8e-05,0.26502227783203125,0.0
1417.0,1417.0,3.0,0.05901094526052475,8e-05,0.12863485515117645,0.0
1418.0,1418.0,3.0,0.06976823508739471,8e-05,0.21304495632648468,0.0
1419.0,1419.0,3.0,0.0703546553850174,8e-05,0.19172808527946472,0.0
1420.0,1420.0,3.0,0.07088080048561096,8e-05,0.2400474101305008,0.0
1421.0,1421.0,3.0,0.06862399727106094,8e-05,0.2999953031539917,0.0
1422.0,1422.0,3.0,0.052899766713380814,8e-05,0.32610762119293213,0.0
1423.0,1423.0,3.0,0.05596207454800606,8e-05,0.31641480326652527,0.0
1424.0,1424.0,3.0,0.06845171749591827,8e-05,0.35376614332199097,0.0
1425.0,1425.0,3.0,0.04951287806034088,8e-05,0.34348684549331665,0.0
1426.0,1426.0,3.0,0.053641438484191895,8e-05,0.290841281414032,0.0
1427.0,1427.0,3.0,0.07074886560440063,8e-05,0.33015722036361694,0.0
1428.0,1428.0,3.0,0.06851889193058014,8e-05,0.33854660391807556,0.0
1429.0,1429.0,3.0,0.06663133203983307,8e-05,0.22945557534694672,0.0
1430.0,1430.0,3.0,0.06227089464664459,8e-05,0.33072346448898315,0.0
1431.0,1431.0,3.0,0.05412386357784271,8e-05,0.2546234130859375,0.0
1432.0,1432.0,3.0,0.062108710408210754,8e-05,0.3509030342102051,0.0
1433.0,1433.0,3.0,0.06642533838748932,8e-05,0.25117963552474976,0.0
1434.0,1434.0,3.0,0.05183930695056915,8e-05,0.25410568714141846,0.0
1435.0,1435.0,3.0,0.06214813143014908,8e-05,0.2524518370628357,0.0
1436.0,1436.0,3.0,0.05992823466658592,8e-05,0.25259724259376526,0.0
1437.0,1437.0,3.0,0.07076819986104965,8e-05,0.19890780746936798,0.0
1438.0,1438.0,3.0,0.07951422035694122,8e-05,0.29878032207489014,0.0
1439.0,1439.0,3.0,0.08041967451572418,8e-05,0.23374511301517487,0.0
1440.0,1440.0,3.0,0.05172815918922424,8e-05,0.3311927020549774,0.0
1441.0,1441.0,3.0,0.07334216684103012,8e-05,0.2879396080970764,0.0
1442.0,1442.0,3.0,0.07071691751480103,8e-05,0.23789918422698975,0.0
1443.0,1443.0,3.0,0.06101182475686073,8e-05,0.2950965166091919,0.0
1444.0,1444.0,3.0,0.06841683387756348,8e-05,0.21695281565189362,0.0
1445.0,1445.0,3.0,0.06529681384563446,8e-05,0.23328758776187897,0.0
1446.0,1446.0,3.0,0.06693051755428314,8e-05,0.3546229302883148,0.0
1447.0,1447.0,3.0,0.07906141877174377,8e-05,0.17066502571105957,0.0
1448.0,1448.0,3.0,0.06401874125003815,8e-05,0.25285103917121887,0.0
1449.0,1449.0,3.0,0.0763031467795372,8e-05,0.3295023739337921,0.0
1450.0,1450.0,3.0,0.0680665373802185,8e-05,0.24225853383541107,0.0
1451.0,1451.0,3.0,0.06204640865325928,8e-05,0.3415926694869995,0.0
1452.0,1452.0,3.0,0.06736376881599426,8e-05,0.23010315001010895,0.0
1453.0,1453.0,3.0,0.07060030102729797,8e-05,0.2343023419380188,0.0
1454.0,1454.0,3.0,0.07198428362607956,8e-05,0.34955406188964844,0.0
1455.0,1455.0,3.0,0.0642765685915947,8e-05,0.22269628942012787,0.0
1456.0,1456.0,3.0,0.06965307891368866,8e-05,0.2487930804491043,0.0
1457.0,1457.0,3.0,0.06365528702735901,8e-05,0.36743035912513733,0.0
1458.0,1458.0,3.0,0.05256947875022888,8e-05,0.26074257493019104,0.0
1459.0,1459.0,3.0,0.05699356645345688,8e-05,0.3077625632286072,0.0
1460.0,1460.0,3.0,0.06836839020252228,8e-05,0.17098525166511536,0.0
1461.0,1461.0,3.0,0.07369737327098846,8e-05,0.25523513555526733,0.0
1462.0,1462.0,3.0,0.05601877719163895,8e-05,0.182152658700943,0.0
1463.0,1463.0,3.0,0.06573227047920227,8e-05,0.2672022879123688,0.0
1464.0,1464.0,3.0,0.06462655961513519,8e-05,0.1826021820306778,0.0
1465.0,1465.0,3.0,0.06363154202699661,8e-05,0.1860315352678299,0.0
1466.0,1466.0,3.0,0.07062898576259613,8e-05,0.1899755448102951,0.0
1467.0,1467.0,3.0,0.061851389706134796,8e-05,0.1659005880355835,0.0
1468.0,1468.0,3.0,0.07217501103878021,8e-05,0.20764422416687012,0.0
1469.0,1469.0,3.0,0.052631575614213943,8e-05,0.1867392361164093,0.0
1470.0,1470.0,3.0,0.0640755146741867,8e-05,0.19087301194667816,0.0
1471.0,1471.0,3.0,0.07631544768810272,8e-05,0.21664442121982574,0.0
1472.0,1472.0,3.0,0.05599915236234665,8e-05,0.21992214024066925,0.0
1473.0,1473.0,3.0,0.07039285451173782,8e-05,0.17399784922599792,0.0
1474.0,1474.0,3.0,0.06300146877765656,8e-05,0.2915809750556946,0.0
1475.0,1475.0,3.0,0.08091304451227188,8e-05,0.1757204383611679,0.0
1476.0,1476.0,3.0,0.0756707489490509,8e-05,0.25432124733924866,0.0
1477.0,1477.0,3.0,0.06915898621082306,8e-05,0.18817657232284546,0.0
1478.0,1478.0,3.0,0.06291797757148743,8e-05,0.13137651979923248,0.0
1479.0,1479.0,3.0,0.08028654009103775,8e-05,0.24358966946601868,0.0
1480.0,1480.0,3.0,0.06240714341402054,8e-05,0.24812673032283783,0.0
1481.0,1481.0,3.0,0.06172528490424156,8e-05,0.21708214282989502,0.0
1482.0,1482.0,3.0,0.060554444789886475,8e-05,0.20806941390037537,0.0
1483.0,1483.0,3.0,0.07165108621120453,8e-05,0.2882125973701477,0.0
1484.0,1484.0,3.0,0.06700694561004639,8e-05,0.1731882393360138,0.0
1485.0,1485.0,3.0,0.08232435584068298,8e-05,0.3231048583984375,0.0
1486.0,1486.0,3.0,0.06961065530776978,8e-05,0.25819554924964905,0.0
1487.0,1487.0,3.0,0.062424685806035995,8e-05,0.2372976690530777,0.0
1488.0,1488.0,3.0,0.06482142955064774,8e-05,0.21033434569835663,0.0
1489.0,1489.0,3.0,0.07060886919498444,8e-05,0.18174801766872406,0.0
1490.0,1490.0,3.0,0.05324174463748932,8e-05,0.21480050683021545,0.0
1491.0,1491.0,3.0,0.05971762537956238,8e-05,0.1506798416376114,0.0
1492.0,1492.0,3.0,0.054519135504961014,8e-05,0.17658664286136627,0.0
1493.0,1493.0,3.0,0.07766067981719971,8e-05,0.19124877452850342,0.0
1494.0,1494.0,3.0,0.06939627230167389,8e-05,0.27755460143089294,0.0
1495.0,1495.0,3.0,0.07493776828050613,8e-05,0.20305044949054718,0.0
1496.0,1496.0,3.0,0.06352663785219193,8e-05,0.29234468936920166,0.0
1497.0,1497.0,3.0,0.0696207582950592,8e-05,0.17090697586536407,0.0
1498.0,1498.0,3.0,0.05815655365586281,8e-05,0.3096761107444763,0.0
1499.0,1499.0,3.0,0.06075536832213402,8e-05,0.16702313721179962,0.0
1500.0,1500.0,3.0,0.0689142495393753,8e-05,0.3140185475349426,0.0
1501.0,1501.0,3.0,0.06567864865064621,8e-05,0.17633888125419617,0.0
1502.0,1502.0,3.0,0.07675179839134216,8e-05,0.2771703898906708,0.0
1503.0,1503.0,3.0,0.05501310154795647,8e-05,0.17742282152175903,0.0
1504.0,1504.0,3.0,0.060114212334156036,8e-05,0.25459063053131104,0.0
1505.0,1505.0,3.0,0.06584058701992035,8e-05,0.19057713449001312,0.0
1506.0,1506.0,3.0,0.06736351549625397,8e-05,0.29388952255249023,0.0
1507.0,1507.0,3.0,0.05600196123123169,8e-05,0.2523171901702881,0.0
1508.0,1508.0,3.0,0.08141970634460449,8e-05,0.23176932334899902,0.0
1509.0,1509.0,3.0,0.051760777831077576,8e-05,0.22394855320453644,0.0
1510.0,1510.0,3.0,0.06823290884494781,8e-05,0.2509552538394928,0.0
1511.0,1511.0,3.0,0.07336296886205673,8e-05,0.3240397870540619,0.0
1512.0,1512.0,3.0,0.06085045635700226,8e-05,0.22458015382289886,0.0
1513.0,1513.0,3.0,0.07321289926767349,8e-05,0.2997715473175049,0.0
1514.0,1514.0,3.0,0.058944664895534515,8e-05,0.3523648977279663,0.0
1515.0,1515.0,3.0,0.06419378519058228,8e-05,0.2098769098520279,0.0
1516.0,1516.0,3.0,0.0626310259103775,8e-05,0.26096630096435547,0.0
1517.0,1517.0,3.0,0.05521617457270622,8e-05,0.3503693640232086,0.0
1518.0,1518.0,3.0,0.05499958246946335,8e-05,0.23496286571025848,0.0
1519.0,1519.0,3.0,0.05877801775932312,8e-05,0.4209418296813965,0.0
1520.0,1520.0,3.0,0.06412018090486526,8e-05,0.2400849610567093,0.0
1521.0,1521.0,3.0,0.062171708792448044,8e-05,0.32568827271461487,0.0
1522.0,1522.0,3.0,0.0791635662317276,8e-05,0.3772035241127014,0.0
1523.0,1523.0,3.0,0.060733772814273834,8e-05,0.257701575756073,0.0
1524.0,1524.0,3.0,0.07063232362270355,8e-05,0.3934995234012604,0.0
1525.0,1525.0,3.0,0.07186610996723175,8e-05,0.2622831165790558,0.0
1526.0,1526.0,3.0,0.0591006800532341,8e-05,0.2913764417171478,0.0
1527.0,1527.0,3.0,0.05877601355314255,8e-05,0.21408088505268097,0.0
1528.0,1528.0,3.0,0.08005321025848389,8e-05,0.28361815214157104,0.0
1529.0,1529.0,3.0,0.06052607670426369,8e-05,0.19529204070568085,0.0
1530.0,1530.0,3.0,0.06257054209709167,8e-05,0.18766994774341583,0.0
1531.0,1531.0,3.0,0.055963460355997086,8e-05,0.2203783094882965,0.0
1532.0,1532.0,3.0,0.07141119241714478,8e-05,0.22309663891792297,0.0
1533.0,1533.0,3.0,0.06953363120555878,8e-05,0.2596926689147949,0.0
1534.0,1534.0,3.0,0.06304025650024414,8e-05,0.2942122220993042,0.0
1535.0,1535.0,3.0,0.05600889399647713,8e-05,0.27261751890182495,0.0
1536.0,1536.0,3.0,0.06278397142887115,8e-05,0.22956712543964386,0.0
1537.0,1537.0,3.0,0.0614922009408474,8e-05,0.21561871469020844,0.0
1538.0,1538.0,3.0,0.07364407926797867,8e-05,0.2301282435655594,0.0
1539.0,1539.0,3.0,0.06679204851388931,8e-05,0.2953632175922394,0.0
1540.0,1540.0,3.0,0.07108521461486816,8e-05,0.20971068739891052,0.0
1541.0,1541.0,3.0,0.06213104724884033,8e-05,0.271554172039032,0.0
1542.0,1542.0,3.0,0.07272613048553467,8e-05,0.17888276278972626,0.0
1543.0,1543.0,3.0,0.06879135966300964,8e-05,0.24393722414970398,0.0
1544.0,1544.0,3.0,0.08060630410909653,8e-05,0.2391316294670105,0.0
1545.0,1545.0,3.0,0.069475457072258,8e-05,0.3010905385017395,0.0
1546.0,1546.0,3.0,0.06098479777574539,8e-05,0.20879392325878143,0.0
1547.0,1547.0,3.0,0.06081928312778473,8e-05,0.2825615108013153,0.0
1548.0,1548.0,3.0,0.06388290226459503,8e-05,0.25260287523269653,0.0
1549.0,1549.0,3.0,0.07355203479528427,8e-05,0.265935480594635,0.0
1550.0,1550.0,3.0,0.06873628497123718,8e-05,0.3328980505466461,0.0
1551.0,1551.0,3.0,0.08056073635816574,8e-05,0.31958478689193726,0.0
1552.0,1552.0,3.0,0.07042102515697479,8e-05,0.36447155475616455,0.0
1553.0,1553.0,3.0,0.07292309403419495,8e-05,0.2890740633010864,0.0
1554.0,1554.0,3.0,0.07586517930030823,8e-05,0.3734668493270874,0.0
1555.0,1555.0,3.0,0.048689983785152435,8e-05,0.19789300858974457,0.0
1556.0,1556.0,3.0,0.058141689747571945,8e-05,0.3202250003814697,0.0
1557.0,1557.0,3.0,0.05845147371292114,8e-05,0.29089924693107605,0.0
1558.0,1558.0,3.0,0.05306036025285721,8e-05,0.21896381676197052,0.0
1559.0,1559.0,3.0,0.067513108253479,8e-05,0.3791179060935974,0.0
1560.0,1560.0,3.0,0.06960119307041168,8e-05,0.24806058406829834,0.0
1561.0,1561.0,4.0,0.05939538776874542,8e-05,0.37004032731056213,0.0
1562.0,1562.0,4.0,0.08047543466091156,8e-05,0.2458171248435974,0.0
1563.0,1563.0,4.0,0.07750001549720764,8e-05,0.29978469014167786,0.0
1564.0,1564.0,4.0,0.06296763569116592,8e-05,0.28085237741470337,0.0
1565.0,1565.0,4.0,0.06103360652923584,8e-05,0.2275802493095398,0.0
1566.0,1566.0,4.0,0.07355460524559021,8e-05,0.3540339767932892,0.0
1567.0,1567.0,4.0,0.07200491428375244,8e-05,0.16651752591133118,0.0
1568.0,1568.0,4.0,0.06761087477207184,8e-05,0.3784581124782562,0.0
1569.0,1569.0,4.0,0.06222909688949585,8e-05,0.16088499128818512,0.0
1570.0,1570.0,4.0,0.06364990025758743,8e-05,0.28626400232315063,0.0
1571.0,1571.0,4.0,0.05221642553806305,8e-05,0.1605978012084961,0.0
1572.0,1572.0,4.0,0.0655210018157959,8e-05,0.22999544441699982,0.0
1573.0,1573.0,4.0,0.06105734407901764,8e-05,0.24825340509414673,0.0
1574.0,1574.0,4.0,0.06823350489139557,8e-05,0.19755499064922333,0.0
1575.0,1575.0,4.0,0.06844617426395416,8e-05,0.30405792593955994,0.0
1576.0,1576.0,4.0,0.07470601797103882,8e-05,0.22509178519248962,0.0
1577.0,1577.0,4.0,0.08038899302482605,8e-05,0.4309272766113281,0.0
1578.0,1578.0,4.0,0.07042129337787628,8e-05,0.19832536578178406,0.0
1579.0,1579.0,4.0,0.06649862229824066,8e-05,0.38286423683166504,0.0
1580.0,1580.0,4.0,0.06232404708862305,8e-05,0.2895318567752838,0.0
1581.0,1581.0,4.0,0.05983539670705795,8e-05,0.341213583946228,0.0
1582.0,1582.0,4.0,0.06029340624809265,8e-05,0.2536904811859131,0.0
1583.0,1583.0,4.0,0.0773087665438652,8e-05,0.29072651267051697,0.0
1584.0,1584.0,4.0,0.06189057230949402,8e-05,0.24226777255535126,0.0
1585.0,1585.0,4.0,0.06497899442911148,8e-05,0.24733051657676697,0.0
1586.0,1586.0,4.0,0.06387296319007874,8e-05,0.21639063954353333,0.0
1587.0,1587.0,4.0,0.058849409222602844,8e-05,0.3006190359592438,0.0
1588.0,1588.0,4.0,0.059535764157772064,8e-05,0.19911107420921326,0.0
1589.0,1589.0,4.0,0.07328878343105316,8e-05,0.33280646800994873,0.0
1590.0,1590.0,4.0,0.06986656039953232,8e-05,0.26404109597206116,0.0
1591.0,1591.0,4.0,0.06964579969644547,8e-05,0.3128339350223541,0.0
1592.0,1592.0,4.0,0.06612744927406311,8e-05,0.32555022835731506,0.0
1593.0,1593.0,4.0,0.06657027453184128,8e-05,0.1923423707485199,0.0
1594.0,1594.0,4.0,0.06208096444606781,8e-05,0.3774181306362152,0.0
1595.0,1595.0,4.0,0.05804184824228287,8e-05,0.13980776071548462,0.0
1596.0,1596.0,4.0,0.06704328209161758,8e-05,0.2910716235637665,0.0
1597.0,1597.0,4.0,0.06596722453832626,8e-05,0.23406653106212616,0.0
1598.0,1598.0,4.0,0.0710592269897461,8e-05,0.23228956758975983,0.0
1599.0,1599.0,4.0,0.06058988720178604,8e-05,0.1921820491552353,0.0
1600.0,1600.0,4.0,0.06708118319511414,8e-05,0.17307522892951965,0.0
1601.0,1601.0,4.0,0.060424864292144775,8e-05,0.18192775547504425,0.0
1602.0,1602.0,4.0,0.06652776151895523,8e-05,0.17763911187648773,0.0
1603.0,1603.0,4.0,0.05250145494937897,8e-05,0.11914528161287308,0.0
1604.0,1604.0,4.0,0.06648938357830048,8e-05,0.178354412317276,0.0
1605.0,1605.0,4.0,0.0512775219976902,8e-05,0.12418986856937408,0.0
1606.0,1606.0,4.0,0.06086811050772667,8e-05,0.16961811482906342,0.0
1607.0,1607.0,4.0,0.05356205999851227,8e-05,0.17063313722610474,0.0
1608.0,1608.0,4.0,0.06696748733520508,8e-05,0.1800159066915512,0.0
1609.0,1609.0,4.0,0.07109701633453369,8e-05,0.18388468027114868,0.0
1610.0,1610.0,4.0,0.0715588927268982,8e-05,0.1875823587179184,0.0
1611.0,1611.0,4.0,0.056672826409339905,8e-05,0.12731069326400757,0.0
1612.0,1612.0,4.0,0.06493563950061798,8e-05,0.2815745770931244,0.0
1613.0,1613.0,4.0,0.06322866678237915,8e-05,0.18934836983680725,0.0
1614.0,1614.0,4.0,0.07327476888895035,8e-05,0.3725587725639343,0.0
1615.0,1615.0,4.0,0.06511880457401276,8e-05,0.17795856297016144,0.0
1616.0,1616.0,4.0,0.06514206528663635,8e-05,0.38152608275413513,0.0
1617.0,1617.0,4.0,0.06287145614624023,8e-05,0.17984488606452942,0.0
1618.0,1618.0,4.0,0.07324729859828949,8e-05,0.2858685851097107,0.0
1619.0,1619.0,4.0,0.0664873719215393,8e-05,0.28664690256118774,0.0
1620.0,1620.0,4.0,0.06076492369174957,8e-05,0.1446475088596344,0.0
1621.0,1621.0,4.0,0.07780754566192627,8e-05,0.2631179392337799,0.0
1622.0,1622.0,4.0,0.07606489211320877,8e-05,0.212713360786438,0.0
1623.0,1623.0,4.0,0.06970330327749252,8e-05,0.267820805311203,0.0
1624.0,1624.0,4.0,0.07114893198013306,8e-05,0.15092827379703522,0.0
1625.0,1625.0,4.0,0.0600372850894928,8e-05,0.2942805290222168,0.0
1626.0,1626.0,4.0,0.06660369038581848,8e-05,0.18463310599327087,0.0
1627.0,1627.0,4.0,0.06891605257987976,8e-05,0.22527438402175903,0.0
1628.0,1628.0,4.0,0.06054341048002243,8e-05,0.20004352927207947,0.0
1629.0,1629.0,4.0,0.053172580897808075,8e-05,0.1866120994091034,0.0
1630.0,1630.0,4.0,0.058421917259693146,8e-05,0.2083820104598999,0.0
1631.0,1631.0,4.0,0.0604407899081707,8e-05,0.13796690106391907,0.0
1632.0,1632.0,4.0,0.05255459249019623,8e-05,0.20459727942943573,0.0
1633.0,1633.0,4.0,0.06756389141082764,8e-05,0.2404371201992035,0.0
1634.0,1634.0,4.0,0.053788989782333374,8e-05,0.28218403458595276,0.0
1635.0,1635.0,4.0,0.04549282789230347,8e-05,0.17559348046779633,0.0
1636.0,1636.0,4.0,0.06652757525444031,8e-05,0.22612203657627106,0.0
1637.0,1637.0,4.0,0.05842430889606476,8e-05,0.21404244005680084,0.0
1638.0,1638.0,4.0,0.056811850517988205,8e-05,0.1827918291091919,0.0
1639.0,1639.0,4.0,0.07469144463539124,8e-05,0.2944614887237549,0.0
1640.0,1640.0,4.0,0.05410534143447876,8e-05,0.1685551404953003,0.0
1641.0,1641.0,4.0,0.05663159489631653,8e-05,0.23097074031829834,0.0
1642.0,1642.0,4.0,0.07271325588226318,8e-05,0.21368350088596344,0.0
1643.0,1643.0,4.0,0.07050097733736038,8e-05,0.25205275416374207,0.0
1644.0,1644.0,4.0,0.06694403290748596,8e-05,0.24744974076747894,0.0
1645.0,1645.0,4.0,0.059714995324611664,8e-05,0.17988650500774384,0.0
1646.0,1646.0,4.0,0.06507617235183716,8e-05,0.19103771448135376,0.0
1647.0,1647.0,4.0,0.057811349630355835,8e-05,0.18110291659832,0.0
1648.0,1648.0,4.0,0.06527183949947357,8e-05,0.182572603225708,0.0
1649.0,1649.0,4.0,0.06377029418945312,8e-05,0.15216155350208282,0.0
1650.0,1650.0,4.0,0.056582409888505936,8e-05,0.21563571691513062,0.0
1651.0,1651.0,4.0,0.06485451757907867,8e-05,0.18763013184070587,0.0
1652.0,1652.0,4.0,0.0583072230219841,8e-05,0.21763662993907928,0.0
1653.0,1653.0,4.0,0.06790673732757568,8e-05,0.1840449869632721,0.0
1654.0,1654.0,4.0,0.056352369487285614,8e-05,0.22748638689517975,0.0
1655.0,1655.0,4.0,0.07145584374666214,8e-05,0.1344512701034546,0.0
1656.0,1656.0,4.0,0.06724832952022552,8e-05,0.26862862706184387,0.0
1657.0,1657.0,4.0,0.05938198044896126,8e-05,0.15220016241073608,0.0
1658.0,1658.0,4.0,0.07334475964307785,8e-05,0.26893898844718933,0.0
1659.0,1659.0,4.0,0.07051275670528412,8e-05,0.17199255526065826,0.0
1660.0,1660.0,4.0,0.07041844725608826,8e-05,0.2011846899986267,0.0
1661.0,1661.0,4.0,0.06898532062768936,8e-05,0.20696868002414703,0.0
1662.0,1662.0,4.0,0.058614227920770645,8e-05,0.2350861132144928,0.0
1663.0,1663.0,4.0,0.07786662876605988,8e-05,0.28317996859550476,0.0
1664.0,1664.0,4.0,0.05224398523569107,8e-05,0.19681335985660553,0.0
1665.0,1665.0,4.0,0.05250588431954384,8e-05,0.18969698250293732,0.0
1666.0,1666.0,4.0,0.05777285248041153,8e-05,0.2303238958120346,0.0
1667.0,1667.0,4.0,0.05272383615374565,8e-05,0.24030566215515137,0.0
1668.0,1668.0,4.0,0.06571844220161438,8e-05,0.23482711613178253,0.0
1669.0,1669.0,4.0,0.06497327983379364,8e-05,0.22795769572257996,0.0
1670.0,1670.0,4.0,0.07102501392364502,8e-05,0.15675538778305054,0.0
1671.0,1671.0,4.0,0.07361377775669098,8e-05,0.21098552644252777,0.0
1672.0,1672.0,4.0,0.07068362832069397,8e-05,0.24958643317222595,0.0
1673.0,1673.0,4.0,0.06993722170591354,8e-05,0.1511174589395523,0.0
1674.0,1674.0,4.0,0.0673878863453865,8e-05,0.3573273718357086,0.0
1675.0,1675.0,4.0,0.06016572564840317,8e-05,0.23463653028011322,0.0
1676.0,1676.0,4.0,0.0671766996383667,8e-05,0.33464112877845764,0.0
1677.0,1677.0,4.0,0.049858786165714264,8e-05,0.2759372591972351,0.0
1678.0,1678.0,4.0,0.06703140586614609,8e-05,0.34491199254989624,0.0
1679.0,1679.0,4.0,0.06438583135604858,8e-05,0.3582931160926819,0.0
1680.0,1680.0,4.0,0.0635247677564621,8e-05,0.355643630027771,0.0
1681.0,1681.0,4.0,0.06974497437477112,8e-05,0.2321281135082245,0.0
1682.0,1682.0,4.0,0.067964106798172,8e-05,0.4222637712955475,0.0
1683.0,1683.0,4.0,0.07251043617725372,8e-05,0.3110502362251282,0.0
1684.0,1684.0,4.0,0.05568616837263107,8e-05,0.3442089259624481,0.0
1685.0,1685.0,4.0,0.0624644011259079,8e-05,0.29633626341819763,0.0
1686.0,1686.0,4.0,0.06753244996070862,8e-05,0.3309987485408783,0.0
1687.0,1687.0,4.0,0.06394803524017334,8e-05,0.32170748710632324,0.0
1688.0,1688.0,4.0,0.06026958301663399,8e-05,0.3159318268299103,0.0
1689.0,1689.0,4.0,0.04852127283811569,8e-05,0.20757225155830383,0.0
1690.0,1690.0,4.0,0.06355942040681839,8e-05,0.37325769662857056,0.0
1691.0,1691.0,4.0,0.07264359295368195,8e-05,0.14283166825771332,0.0
1692.0,1692.0,4.0,0.07364806532859802,8e-05,0.3232176899909973,0.0
1693.0,1693.0,4.0,0.07726537436246872,8e-05,0.23758140206336975,0.0
1694.0,1694.0,4.0,0.05927771329879761,8e-05,0.20027637481689453,0.0
1695.0,1695.0,4.0,0.0768672451376915,8e-05,0.40224960446357727,0.0
1696.0,1696.0,4.0,0.06728106737136841,8e-05,0.2953184247016907,0.0
1697.0,1697.0,4.0,0.07230152934789658,8e-05,0.24675346910953522,0.0
1698.0,1698.0,4.0,0.0701635330915451,8e-05,0.285122811794281,0.0
1699.0,1699.0,4.0,0.051749758422374725,8e-05,0.21263302862644196,0.0
1700.0,1700.0,4.0,0.07555040717124939,8e-05,0.29868650436401367,0.0
1701.0,1701.0,4.0,0.05422595143318176,8e-05,0.20297576487064362,0.0
1702.0,1702.0,4.0,0.06845168769359589,8e-05,0.1874094009399414,0.0
1703.0,1703.0,4.0,0.08063003420829773,8e-05,0.2584055960178375,0.0
1704.0,1704.0,4.0,0.06834053993225098,8e-05,0.2040395736694336,0.0
1705.0,1705.0,4.0,0.07382351160049438,8e-05,0.2784082293510437,0.0
1706.0,1706.0,4.0,0.060416292399168015,8e-05,0.26795199513435364,0.0
1707.0,1707.0,4.0,0.06537307798862457,8e-05,0.23900040984153748,0.0
1708.0,1708.0,4.0,0.07040011137723923,8e-05,0.24578160047531128,0.0
1709.0,1709.0,4.0,0.06701567769050598,8e-05,0.2407454550266266,0.0
1710.0,1710.0,4.0,0.07001011073589325,8e-05,0.18726572394371033,0.0
1711.0,1711.0,4.0,0.058428600430488586,8e-05,0.1646021008491516,0.0
1712.0,1712.0,4.0,0.0692150890827179,8e-05,0.2914195656776428,0.0
1713.0,1713.0,4.0,0.08036502450704575,8e-05,0.20051056146621704,0.0
1714.0,1714.0,4.0,0.06500904262065887,8e-05,0.27270811796188354,0.0
1715.0,1715.0,4.0,0.07002124935388565,8e-05,0.3044523596763611,0.0
1716.0,1716.0,4.0,0.07773005962371826,8e-05,0.16338461637496948,0.0
1717.0,1717.0,4.0,0.08010469377040863,8e-05,0.4203841984272003,0.0
1718.0,1718.0,4.0,0.06988022476434708,8e-05,0.2088899165391922,0.0
1719.0,1719.0,4.0,0.06856220960617065,8e-05,0.3641321361064911,0.0
1720.0,1720.0,4.0,0.05972865968942642,8e-05,0.3222167491912842,0.0
1721.0,1721.0,4.0,0.06185881793498993,8e-05,0.31607961654663086,0.0
1722.0,1722.0,4.0,0.06137663498520851,8e-05,0.31841087341308594,0.0
1723.0,1723.0,4.0,0.07652616500854492,8e-05,0.25327393412590027,0.0
1724.0,1724.0,4.0,0.06990069150924683,8e-05,0.3663610816001892,0.0
1725.0,1725.0,4.0,0.07437793910503387,8e-05,0.248161181807518,0.0
1726.0,1726.0,4.0,0.05621706321835518,8e-05,0.25588852167129517,0.0
1727.0,1727.0,4.0,0.07161268591880798,8e-05,0.22493791580200195,0.0
1728.0,1728.0,4.0,0.07691775262355804,8e-05,0.19866669178009033,0.0
1729.0,1729.0,4.0,0.07195674628019333,8e-05,0.2870764136314392,0.0
1730.0,1730.0,4.0,0.06453581899404526,8e-05,0.16093342006206512,0.0
1731.0,1731.0,4.0,0.05325939506292343,8e-05,0.2698115110397339,0.0
1732.0,1732.0,4.0,0.058980830013751984,8e-05,0.14426736533641815,0.0
1733.0,1733.0,4.0,0.061795368790626526,8e-05,0.266743540763855,0.0
1734.0,1734.0,4.0,0.060946546494960785,8e-05,0.15898016095161438,0.0
1735.0,1735.0,4.0,0.053901780396699905,8e-05,0.1957152783870697,0.0
1736.0,1736.0,4.0,0.08594535291194916,8e-05,0.20621182024478912,0.0
1737.0,1737.0,4.0,0.06664407253265381,8e-05,0.21579070389270782,0.0
1738.0,1738.0,4.0,0.06717973947525024,8e-05,0.202985942363739,0.0
1739.0,1739.0,4.0,0.06865303218364716,8e-05,0.23250412940979004,0.0
1740.0,1740.0,4.0,0.06565023958683014,8e-05,0.18671688437461853,0.0
1741.0,1741.0,4.0,0.06742298603057861,8e-05,0.1895783245563507,0.0
1742.0,1742.0,4.0,0.06251589953899384,8e-05,0.14760923385620117,0.0
1743.0,1743.0,4.0,0.06149257719516754,8e-05,0.1643552929162979,0.0
1744.0,1744.0,4.0,0.06046121567487717,8e-05,0.2290927618741989,0.0
1745.0,1745.0,4.0,0.06563685834407806,8e-05,0.17875438928604126,0.0
1746.0,1746.0,4.0,0.057440921664237976,8e-05,0.18059158325195312,0.0
1747.0,1747.0,4.0,0.07058882713317871,8e-05,0.2370886653661728,0.0
1748.0,1748.0,4.0,0.05881749466061592,8e-05,0.14954452216625214,0.0
1749.0,1749.0,4.0,0.0611526221036911,8e-05,0.21411211788654327,0.0
1750.0,1750.0,4.0,0.06348882615566254,8e-05,0.13889139890670776,0.0
1751.0,1751.0,4.0,0.05906957387924194,8e-05,0.2148757427930832,0.0
1752.0,1752.0,4.0,0.08162866532802582,8e-05,0.21565863490104675,0.0
1753.0,1753.0,4.0,0.06391263008117676,8e-05,0.22855384647846222,0.0
1754.0,1754.0,4.0,0.06540992856025696,8e-05,0.2373494952917099,0.0
1755.0,1755.0,4.0,0.05311643332242966,8e-05,0.18893718719482422,0.0
1756.0,1756.0,4.0,0.06862275302410126,8e-05,0.24956658482551575,0.0
1757.0,1757.0,4.0,0.09829643368721008,8e-05,0.20287367701530457,0.0
1758.0,1758.0,4.0,0.055201202630996704,8e-05,0.2043512761592865,0.0
1759.0,1759.0,4.0,0.04994107782840729,8e-05,0.18708676099777222,0.0
1760.0,1760.0,4.0,0.07698558270931244,8e-05,0.20299190282821655,0.0
1761.0,1761.0,4.0,0.09232981503009796,8e-05,0.33297526836395264,0.0
1762.0,1762.0,4.0,0.06660829484462738,8e-05,0.16693025827407837,0.0
1763.0,1763.0,4.0,0.059173472225666046,8e-05,0.2998971939086914,0.0
1764.0,1764.0,4.0,0.0883025974035263,8e-05,0.2408452183008194,0.0
1765.0,1765.0,4.0,0.07036488503217697,8e-05,0.30206939578056335,0.0
1766.0,1766.0,4.0,0.058254554867744446,8e-05,0.23211850225925446,0.0
1767.0,1767.0,4.0,0.057254478335380554,8e-05,0.19161956012248993,0.0
1768.0,1768.0,4.0,0.06429500877857208,8e-05,0.264047771692276,0.0
1769.0,1769.0,4.0,0.06719332933425903,8e-05,0.2966492176055908,0.0
1770.0,1770.0,4.0,0.05213906615972519,8e-05,0.19708098471164703,0.0
1771.0,1771.0,4.0,0.0707666277885437,8e-05,0.29857301712036133,0.0
1772.0,1772.0,4.0,0.05870738625526428,8e-05,0.26227429509162903,0.0
1773.0,1773.0,4.0,0.06215608865022659,8e-05,0.21617978811264038,0.0
1774.0,1774.0,4.0,0.06747341901063919,8e-05,0.2313673496246338,0.0
1775.0,1775.0,4.0,0.05101007968187332,8e-05,0.21734195947647095,0.0
1776.0,1776.0,4.0,0.07268473505973816,8e-05,0.23986604809761047,0.0
1777.0,1777.0,4.0,0.05874728783965111,8e-05,0.24243764579296112,0.0
1778.0,1778.0,4.0,0.05768069252371788,8e-05,0.23243756592273712,0.0
1779.0,1779.0,4.0,0.06720569729804993,8e-05,0.25721368193626404,0.0
1780.0,1780.0,4.0,0.07589580118656158,8e-05,0.3243916630744934,0.0
1781.0,1781.0,4.0,0.05261286720633507,8e-05,0.2688770890235901,0.0
1782.0,1782.0,4.0,0.06776352226734161,8e-05,0.2696499824523926,0.0
1783.0,1783.0,4.0,0.06637448817491531,8e-05,0.3110509514808655,0.0
1784.0,1784.0,4.0,0.057883426547050476,8e-05,0.2365908920764923,0.0
1785.0,1785.0,4.0,0.06022248789668083,8e-05,0.1703321635723114,0.0
1786.0,1786.0,4.0,0.057134486734867096,8e-05,0.2926119267940521,0.0
1787.0,1787.0,4.0,0.08057831972837448,8e-05,0.18572299182415009,0.0
1788.0,1788.0,4.0,0.08437936007976532,8e-05,0.28906744718551636,0.0
1789.0,1789.0,4.0,0.07463261485099792,8e-05,0.22066059708595276,0.0
1790.0,1790.0,4.0,0.054533038288354874,8e-05,0.1378370076417923,0.0
1791.0,1791.0,4.0,0.061801306903362274,8e-05,0.2290540188550949,0.0
1792.0,1792.0,4.0,0.05846058577299118,8e-05,0.23813822865486145,0.0
1793.0,1793.0,4.0,0.0593082532286644,8e-05,0.19054004549980164,0.0
1794.0,1794.0,4.0,0.05969388782978058,8e-05,0.18520131707191467,0.0
1795.0,1795.0,4.0,0.04277260601520538,8e-05,0.16082175076007843,0.0
1796.0,1796.0,4.0,0.06663162261247635,8e-05,0.16114774346351624,0.0
1797.0,1797.0,4.0,0.06000734120607376,8e-05,0.14736822247505188,0.0
1798.0,1798.0,4.0,0.05195474624633789,8e-05,0.15968167781829834,0.0
1799.0,1799.0,4.0,0.052386265248060226,8e-05,0.16588787734508514,0.0
1800.0,1800.0,4.0,0.0540379136800766,8e-05,0.18766073882579803,0.0
1801.0,1801.0,4.0,0.07834556698799133,8e-05,0.18248072266578674,0.0
1802.0,1802.0,4.0,0.06744861602783203,8e-05,0.21048298478126526,0.0
1803.0,1803.0,4.0,0.057564277201890945,8e-05,0.20745855569839478,0.0
1804.0,1804.0,4.0,0.06433607637882233,8e-05,0.1704256683588028,0.0
1805.0,1805.0,4.0,0.05745580047369003,8e-05,0.21372178196907043,0.0
1806.0,1806.0,4.0,0.060361333191394806,8e-05,0.20942898094654083,0.0
1807.0,1807.0,4.0,0.06755150854587555,8e-05,0.2780282497406006,0.0
1808.0,1808.0,4.0,0.060644254088401794,8e-05,0.180730402469635,0.0
1809.0,1809.0,4.0,0.0615968219935894,8e-05,0.2458386868238449,0.0
1810.0,1810.0,4.0,0.06878575682640076,8e-05,0.22910448908805847,0.0
1811.0,1811.0,4.0,0.063117116689682,8e-05,0.34533780813217163,0.0
1812.0,1812.0,4.0,0.06189298629760742,8e-05,0.1734863966703415,0.0
1813.0,1813.0,4.0,0.06505687534809113,8e-05,0.3052525520324707,0.0
1814.0,1814.0,4.0,0.07066613435745239,8e-05,0.24060563743114471,0.0
1815.0,1815.0,4.0,0.06790037453174591,8e-05,0.22451895475387573,0.0
1816.0,1816.0,4.0,0.06748348474502563,8e-05,0.24689871072769165,0.0
1817.0,1817.0,4.0,0.07008150219917297,8e-05,0.19684892892837524,0.0
1818.0,1818.0,4.0,0.08942866325378418,8e-05,0.2667047381401062,0.0
1819.0,1819.0,4.0,0.06629517674446106,8e-05,0.1764945536851883,0.0
1820.0,1820.0,4.0,0.05116322636604309,8e-05,0.2422604113817215,0.0
1821.0,1821.0,4.0,0.06480153650045395,8e-05,0.16319327056407928,0.0
1822.0,1822.0,4.0,0.06470827758312225,8e-05,0.2432062029838562,0.0
1823.0,1823.0,4.0,0.057697445154190063,8e-05,0.12142223864793777,0.0
1824.0,1824.0,4.0,0.05561419203877449,8e-05,0.2917538583278656,0.0
1825.0,1825.0,4.0,0.06771426647901535,8e-05,0.15275922417640686,0.0
1826.0,1826.0,4.0,0.05432985723018646,8e-05,0.2637118697166443,0.0
1827.0,1827.0,4.0,0.07906831055879593,8e-05,0.31573304533958435,0.0
1828.0,1828.0,4.0,0.06776147335767746,8e-05,0.33006975054740906,0.0
1829.0,1829.0,4.0,0.06514453887939453,8e-05,0.2529502511024475,0.0
1830.0,1830.0,4.0,0.07085336744785309,8e-05,0.30848294496536255,0.0
1831.0,1831.0,4.0,0.05775091052055359,8e-05,0.2985791862010956,0.0
1832.0,1832.0,4.0,0.0655585527420044,8e-05,0.2692194879055023,0.0
1833.0,1833.0,4.0,0.08372527360916138,8e-05,0.27295762300491333,0.0
1834.0,1834.0,4.0,0.07836642861366272,8e-05,0.1764068305492401,0.0
1835.0,1835.0,4.0,0.0746472030878067,8e-05,0.2966029644012451,0.0
1836.0,1836.0,4.0,0.05747544765472412,8e-05,0.2313666194677353,0.0
1837.0,1837.0,4.0,0.05843226611614227,8e-05,0.18129123747348785,0.0
1838.0,1838.0,4.0,0.06900320947170258,8e-05,0.2025640606880188,0.0
1839.0,1839.0,4.0,0.064409539103508,8e-05,0.20462696254253387,0.0
1840.0,1840.0,4.0,0.06306084990501404,8e-05,0.24430277943611145,0.0
1841.0,1841.0,4.0,0.0678461492061615,8e-05,0.28596988320350647,0.0
1842.0,1842.0,4.0,0.06004082411527634,8e-05,0.17942312359809875,0.0
1843.0,1843.0,4.0,0.05861169844865799,8e-05,0.3473649322986603,0.0
1844.0,1844.0,4.0,0.06577025353908539,8e-05,0.2116994559764862,0.0
1845.0,1845.0,4.0,0.06970547139644623,8e-05,0.4165104031562805,0.0
1846.0,1846.0,4.0,0.06466291844844818,8e-05,0.2842886745929718,0.0
1847.0,1847.0,4.0,0.07102344185113907,8e-05,0.35587695240974426,0.0
1848.0,1848.0,4.0,0.07647764682769775,8e-05,0.29073721170425415,0.0
1849.0,1849.0,4.0,0.05750694125890732,8e-05,0.18755194544792175,0.0
1850.0,1850.0,4.0,0.07947105169296265,8e-05,0.24805580079555511,0.0
1851.0,1851.0,4.0,0.07235817611217499,8e-05,0.17914846539497375,0.0
1852.0,1852.0,4.0,0.06312994658946991,8e-05,0.2135886400938034,0.0
1853.0,1853.0,4.0,0.05233877897262573,8e-05,0.2050805389881134,0.0
1854.0,1854.0,4.0,0.08539465069770813,8e-05,0.24148522317409515,0.0
1855.0,1855.0,4.0,0.06174788251519203,8e-05,0.19455158710479736,0.0
1856.0,1856.0,4.0,0.062129758298397064,8e-05,0.188548281788826,0.0
1857.0,1857.0,4.0,0.05964148789644241,8e-05,0.3170664310455322,0.0
1858.0,1858.0,4.0,0.058094967156648636,8e-05,0.15277507901191711,0.0
1859.0,1859.0,4.0,0.06951575726270676,8e-05,0.4029226005077362,0.0
1860.0,1860.0,4.0,0.06678622961044312,8e-05,0.2240825742483139,0.0
1861.0,1861.0,4.0,0.05943100154399872,8e-05,0.2284499853849411,0.0
1862.0,1862.0,4.0,0.06985293328762054,8e-05,0.17830179631710052,0.0
1863.0,1863.0,4.0,0.05511782690882683,8e-05,0.2351064383983612,0.0
1864.0,1864.0,4.0,0.05173421651124954,8e-05,0.19662901759147644,0.0
1865.0,1865.0,4.0,0.06074507534503937,8e-05,0.26771292090415955,0.0
1866.0,1866.0,4.0,0.07537686824798584,8e-05,0.23005610704421997,0.0
1867.0,1867.0,4.0,0.07055118680000305,8e-05,0.2865341305732727,0.0
1868.0,1868.0,4.0,0.06768505275249481,8e-05,0.2692405581474304,0.0
1869.0,1869.0,4.0,0.059996288269758224,8e-05,0.20482784509658813,0.0
1870.0,1870.0,4.0,0.07124748826026917,8e-05,0.33015763759613037,0.0
1871.0,1871.0,4.0,0.05781349912285805,8e-05,0.37859275937080383,0.0
1872.0,1872.0,4.0,0.045619480311870575,8e-05,0.20782102644443512,0.0
1873.0,1873.0,4.0,0.06863170862197876,8e-05,0.28708723187446594,0.0
1874.0,1874.0,4.0,0.06052456796169281,8e-05,0.27602827548980713,0.0
1875.0,1875.0,4.0,0.06177879124879837,8e-05,0.2195156216621399,0.0
1876.0,1876.0,4.0,0.06259077787399292,8e-05,0.2591620683670044,0.0
1877.0,1877.0,4.0,0.07517014443874359,8e-05,0.32919758558273315,0.0
1878.0,1878.0,4.0,0.05357867851853371,8e-05,0.19251325726509094,0.0
1879.0,1879.0,4.0,0.06749230623245239,8e-05,0.23317904770374298,0.0
1880.0,1880.0,4.0,0.06702636182308197,8e-05,0.2415955364704132,0.0
1881.0,1881.0,4.0,0.06211695820093155,8e-05,0.21034230291843414,0.0
1882.0,1882.0,4.0,0.06315839290618896,8e-05,0.32746437191963196,0.0
1883.0,1883.0,4.0,0.06647652387619019,8e-05,0.1951238363981247,0.0
1884.0,1884.0,4.0,0.06638683378696442,8e-05,0.3304502069950104,0.0
1885.0,1885.0,4.0,0.06404223293066025,8e-05,0.1654558777809143,0.0
1886.0,1886.0,4.0,0.06798110902309418,8e-05,0.32777267694473267,0.0
1887.0,1887.0,4.0,0.06891603767871857,8e-05,0.1440763622522354,0.0
1888.0,1888.0,4.0,0.06604163348674774,8e-05,0.23523476719856262,0.0
1889.0,1889.0,4.0,0.05427215248346329,8e-05,0.16021397709846497,0.0
1890.0,1890.0,4.0,0.0713944211602211,8e-05,0.15400037169456482,0.0
1891.0,1891.0,4.0,0.07746545225381851,8e-05,0.2583828568458557,0.0
1892.0,1892.0,4.0,0.08004223555326462,8e-05,0.3116869032382965,0.0
1893.0,1893.0,4.0,0.07139140367507935,8e-05,0.19264563918113708,0.0
1894.0,1894.0,4.0,0.06831753253936768,8e-05,0.2009526640176773,0.0
1895.0,1895.0,4.0,0.06938125193119049,8e-05,0.15963152050971985,0.0
1896.0,1896.0,4.0,0.06265103816986084,8e-05,0.15783697366714478,0.0
1897.0,1897.0,4.0,0.06105495244264603,8e-05,0.2051038295030594,0.0
1898.0,1898.0,4.0,0.06428581476211548,8e-05,0.22538311779499054,0.0
1899.0,1899.0,4.0,0.057674262672662735,8e-05,0.18673886358737946,0.0
1900.0,1900.0,4.0,0.06331700831651688,8e-05,0.24575170874595642,0.0
1901.0,1901.0,4.0,0.0678282231092453,8e-05,0.19859500229358673,0.0
1902.0,1902.0,4.0,0.06035555899143219,8e-05,0.15144115686416626,0.0
1903.0,1903.0,4.0,0.06886322796344757,8e-05,0.24023012816905975,0.0
1904.0,1904.0,4.0,0.06760364770889282,8e-05,0.21418751776218414,0.0
1905.0,1905.0,4.0,0.06762908399105072,8e-05,0.22830437123775482,0.0
1906.0,1906.0,4.0,0.0656830370426178,8e-05,0.2605525851249695,0.0
1907.0,1907.0,4.0,0.060225412249565125,8e-05,0.13723498582839966,0.0
1908.0,1908.0,4.0,0.06933727860450745,8e-05,0.2160721719264984,0.0
1909.0,1909.0,4.0,0.055518727749586105,8e-05,0.16956178843975067,0.0
1910.0,1910.0,4.0,0.07242085039615631,8e-05,0.24746373295783997,0.0
1911.0,1911.0,4.0,0.07891600579023361,8e-05,0.23384405672550201,0.0
1912.0,1912.0,4.0,0.059280168265104294,8e-05,0.26203176379203796,0.0
1913.0,1913.0,4.0,0.06597426533699036,8e-05,0.16367939114570618,0.0
1914.0,1914.0,4.0,0.07660725712776184,8e-05,0.3410530388355255,0.0
1915.0,1915.0,4.0,0.05069289356470108,8e-05,0.1007186621427536,0.0
1916.0,1916.0,4.0,0.061376139521598816,8e-05,0.3119647800922394,0.0
1917.0,1917.0,4.0,0.06973415613174438,8e-05,0.19617590308189392,0.0
1918.0,1918.0,4.0,0.07852828502655029,8e-05,0.4041827917098999,0.0
1919.0,1919.0,4.0,0.05791996791958809,8e-05,0.21155978739261627,0.0
1920.0,1920.0,4.0,0.07183202356100082,8e-05,0.36237627267837524,0.0
1921.0,1921.0,4.0,0.059205297380685806,8e-05,0.16858774423599243,0.0
1922.0,1922.0,4.0,0.06852643936872482,8e-05,0.36293989419937134,0.0
1923.0,1923.0,4.0,0.05285285785794258,8e-05,0.21495385468006134,0.0
1924.0,1924.0,4.0,0.06541658937931061,8e-05,0.32402291893959045,0.0
1925.0,1925.0,4.0,0.05282155051827431,8e-05,0.2380094677209854,0.0
1926.0,1926.0,4.0,0.05143826827406883,8e-05,0.29176855087280273,0.0
1927.0,1927.0,4.0,0.04792260006070137,8e-05,0.2582909166812897,0.0
1928.0,1928.0,4.0,0.06380314379930496,8e-05,0.327860951423645,0.0
1929.0,1929.0,4.0,0.08027846366167068,8e-05,0.26125288009643555,0.0
1930.0,1930.0,4.0,0.06351175904273987,8e-05,0.27383825182914734,0.0
1931.0,1931.0,4.0,0.07360699772834778,8e-05,0.21449622511863708,0.0
1932.0,1932.0,4.0,0.05777738243341446,8e-05,0.23142586648464203,0.0
1933.0,1933.0,4.0,0.06608894467353821,8e-05,0.18362398445606232,0.0
1934.0,1934.0,4.0,0.05588221549987793,8e-05,0.23212456703186035,0.0
1935.0,1935.0,4.0,0.05789313465356827,8e-05,0.12106351554393768,0.0
1936.0,1936.0,4.0,0.06518791615962982,8e-05,0.2866746783256531,0.0
1937.0,1937.0,4.0,0.07397148758172989,8e-05,0.16769705712795258,0.0
1938.0,1938.0,4.0,0.06556320935487747,8e-05,0.29758232831954956,0.0
1939.0,1939.0,4.0,0.06175263971090317,8e-05,0.2529613673686981,0.0
1940.0,1940.0,4.0,0.06533924490213394,8e-05,0.2589477002620697,0.0
1941.0,1941.0,4.0,0.06945203244686127,8e-05,0.30138295888900757,0.0
1942.0,1942.0,4.0,0.06394235044717789,8e-05,0.3394847512245178,0.0
1943.0,1943.0,4.0,0.08712968230247498,8e-05,0.3276561498641968,0.0
1944.0,1944.0,4.0,0.07680398225784302,8e-05,0.34492671489715576,0.0
1945.0,1945.0,4.0,0.05990234762430191,8e-05,0.2883298099040985,0.0
1946.0,1946.0,4.0,0.05977124720811844,8e-05,0.2781333029270172,0.0
1947.0,1947.0,4.0,0.08449746668338776,8e-05,0.23257271945476532,0.0
1948.0,1948.0,4.0,0.05643616244196892,8e-05,0.2583070993423462,0.0
1949.0,1949.0,4.0,0.059614911675453186,8e-05,0.17521941661834717,0.0
1950.0,1950.0,4.0,0.08590871095657349,8e-05,0.315339058637619,0.0
1951.0,1951.0,5.0,0.0559302493929863,8e-05,0.11925867199897766,0.0
1952.0,1952.0,5.0,0.05200357735157013,8e-05,0.3138314485549927,0.0
1953.0,1953.0,5.0,0.0566350482404232,8e-05,0.17630687355995178,0.0
1954.0,1954.0,5.0,0.06199143826961517,8e-05,0.2658258080482483,0.0
1955.0,1955.0,5.0,0.06096187233924866,8e-05,0.2841714918613434,0.0
1956.0,1956.0,5.0,0.0682588666677475,8e-05,0.29373934864997864,0.0
1957.0,1957.0,5.0,0.06925253570079803,8e-05,0.2955584228038788,0.0
1958.0,1958.0,5.0,0.0481962151825428,8e-05,0.26495277881622314,0.0
1959.0,1959.0,5.0,0.070603147149086,8e-05,0.39698824286460876,0.0
1960.0,1960.0,5.0,0.06837247312068939,8e-05,0.25339868664741516,0.0
1961.0,1961.0,5.0,0.07974651455879211,8e-05,0.3038383722305298,0.0
1962.0,1962.0,5.0,0.05942978709936142,8e-05,0.1940038502216339,0.0
1963.0,1963.0,5.0,0.0542314387857914,8e-05,0.2943011522293091,0.0
1964.0,1964.0,5.0,0.05653627961874008,8e-05,0.18964454531669617,0.0
1965.0,1965.0,5.0,0.06259991228580475,8e-05,0.22381490468978882,0.0
1966.0,1966.0,5.0,0.07163096964359283,8e-05,0.2439158409833908,0.0
1967.0,1967.0,5.0,0.054321639239788055,8e-05,0.16430789232254028,0.0
1968.0,1968.0,5.0,0.07310841977596283,8e-05,0.2991524636745453,0.0
1969.0,1969.0,5.0,0.04759465903043747,8e-05,0.2583884000778198,0.0
1970.0,1970.0,5.0,0.0717691034078598,8e-05,0.30600568652153015,0.0
1971.0,1971.0,5.0,0.08183912187814713,8e-05,0.23195403814315796,0.0
1972.0,1972.0,5.0,0.05381818115711212,8e-05,0.23154863715171814,0.0
1973.0,1973.0,5.0,0.05759789049625397,8e-05,0.21232140064239502,0.0
1974.0,1974.0,5.0,0.06609010696411133,8e-05,0.21786506474018097,0.0
1975.0,1975.0,5.0,0.07224732637405396,8e-05,0.212016299366951,0.0
1976.0,1976.0,5.0,0.0596463568508625,8e-05,0.1823047697544098,0.0
1977.0,1977.0,5.0,0.06579120457172394,8e-05,0.30982330441474915,0.0
1978.0,1978.0,5.0,0.07616478204727173,8e-05,0.1810453087091446,0.0
1979.0,1979.0,5.0,0.06815299391746521,8e-05,0.2810206413269043,0.0
1980.0,1980.0,5.0,0.05966261774301529,8e-05,0.16834506392478943,0.0
1981.0,1981.0,5.0,0.059588100761175156,8e-05,0.24685266613960266,0.0
1982.0,1982.0,5.0,0.05675113573670387,8e-05,0.16123943030834198,0.0
1983.0,1983.0,5.0,0.06563957035541534,8e-05,0.2915865480899811,0.0
1984.0,1984.0,5.0,0.060289327055215836,8e-05,0.1297737956047058,0.0
1985.0,1985.0,5.0,0.05987604334950447,8e-05,0.19839534163475037,0.0
1986.0,1986.0,5.0,0.05656830221414566,8e-05,0.14861568808555603,0.0
1987.0,1987.0,5.0,0.07508096098899841,8e-05,0.21645715832710266,0.0
1988.0,1988.0,5.0,0.06252148747444153,8e-05,0.20317420363426208,0.0
1989.0,1989.0,5.0,0.08344797044992447,8e-05,0.19878317415714264,0.0
1990.0,1990.0,5.0,0.06926608085632324,8e-05,0.20566299557685852,0.0
1991.0,1991.0,5.0,0.07847052067518234,8e-05,0.17037953436374664,0.0
1992.0,1992.0,5.0,0.058834921568632126,8e-05,0.26014232635498047,0.0
1993.0,1993.0,5.0,0.07355470210313797,8e-05,0.1783549040555954,0.0
1994.0,1994.0,5.0,0.05703437328338623,8e-05,0.23618640005588531,0.0
1995.0,1995.0,5.0,0.059183232486248016,8e-05,0.16817009449005127,0.0
1996.0,1996.0,5.0,0.05951441824436188,8e-05,0.1886788010597229,0.0
1997.0,1997.0,5.0,0.0713280737400055,8e-05,0.21883048117160797,0.0
1998.0,1998.0,5.0,0.05807102844119072,8e-05,0.21321511268615723,0.0
1999.0,1999.0,5.0,0.05809132382273674,8e-05,0.14227260649204254,0.0
2000.0,2000.0,5.0,0.06192201375961304,8e-05,0.21679964661598206,0.0
2001.0,2001.0,5.0,0.054693885147571564,8e-05,0.14728553593158722,0.0
2002.0,2002.0,5.0,0.07333201915025711,8e-05,0.14984279870986938,0.0
2003.0,2003.0,5.0,0.07763798534870148,8e-05,0.2679770290851593,0.0
2004.0,2004.0,5.0,0.05618993192911148,8e-05,0.15735840797424316,0.0
2005.0,2005.0,5.0,0.05701307952404022,8e-05,0.2253073751926422,0.0
2006.0,2006.0,5.0,0.05032001808285713,8e-05,0.1383739560842514,0.0
2007.0,2007.0,5.0,0.059467822313308716,8e-05,0.18331250548362732,0.0
2008.0,2008.0,5.0,0.05646536499261856,8e-05,0.17105871438980103,0.0
2009.0,2009.0,5.0,0.062048330903053284,8e-05,0.19418129324913025,0.0
2010.0,2010.0,5.0,0.0748540461063385,8e-05,0.1866789609193802,0.0
2011.0,2011.0,5.0,0.06380842626094818,8e-05,0.21210883557796478,0.0
2012.0,2012.0,5.0,0.06350544095039368,8e-05,0.17796334624290466,0.0
2013.0,2013.0,5.0,0.06981480866670609,8e-05,0.15485021471977234,0.0
2014.0,2014.0,5.0,0.06793172657489777,8e-05,0.22892260551452637,0.0
2015.0,2015.0,5.0,0.07141578197479248,8e-05,0.23245219886302948,0.0
2016.0,2016.0,5.0,0.07284414023160934,8e-05,0.19729380309581757,0.0
2017.0,2017.0,5.0,0.06185898557305336,8e-05,0.23427094519138336,0.0
2018.0,2018.0,5.0,0.06172763556241989,8e-05,0.24241501092910767,0.0
2019.0,2019.0,5.0,0.08060568571090698,8e-05,0.29478132724761963,0.0
2020.0,2020.0,5.0,0.06091880798339844,8e-05,0.16798841953277588,0.0
2021.0,2021.0,5.0,0.06442034244537354,8e-05,0.31020668148994446,0.0
2022.0,2022.0,5.0,0.0644489973783493,8e-05,0.14948897063732147,0.0
2023.0,2023.0,5.0,0.0514814518392086,8e-05,0.2836354374885559,0.0
2024.0,2024.0,5.0,0.07789289951324463,8e-05,0.17404653131961823,0.0
2025.0,2025.0,5.0,0.06258395314216614,8e-05,0.3487221896648407,0.0
2026.0,2026.0,5.0,0.07373528927564621,8e-05,0.21290144324302673,0.0
2027.0,2027.0,5.0,0.06825403869152069,8e-05,0.2741657495498657,0.0
2028.0,2028.0,5.0,0.05840478464961052,8e-05,0.19174402952194214,0.0
2029.0,2029.0,5.0,0.07309339940547943,8e-05,0.2537582218647003,0.0
2030.0,2030.0,5.0,0.06971383094787598,8e-05,0.20358185470104218,0.0
2031.0,2031.0,5.0,0.06184209883213043,8e-05,0.18064674735069275,0.0
2032.0,2032.0,5.0,0.05854811519384384,8e-05,0.16378290951251984,0.0
2033.0,2033.0,5.0,0.06081411615014076,8e-05,0.20286628603935242,0.0
2034.0,2034.0,5.0,0.060084663331508636,8e-05,0.18376456201076508,0.0
2035.0,2035.0,5.0,0.05817686393857002,8e-05,0.17580175399780273,0.0
2036.0,2036.0,5.0,0.06804858148097992,8e-05,0.20955833792686462,0.0
2037.0,2037.0,5.0,0.06617896258831024,8e-05,0.1605873554944992,0.0
2038.0,2038.0,5.0,0.05576465651392937,8e-05,0.19412651658058167,0.0
2039.0,2039.0,5.0,0.05902566388249397,8e-05,0.16254915297031403,0.0
2040.0,2040.0,5.0,0.05175165832042694,8e-05,0.17954577505588531,0.0
2041.0,2041.0,5.0,0.05805633217096329,8e-05,0.1820490062236786,0.0
2042.0,2042.0,5.0,0.0649547129869461,8e-05,0.21558475494384766,0.0
2043.0,2043.0,5.0,0.06057020276784897,8e-05,0.21088731288909912,0.0
2044.0,2044.0,5.0,0.06261028349399567,8e-05,0.15008039772510529,0.0
2045.0,2045.0,5.0,0.07519200444221497,8e-05,0.2111613154411316,0.0
2046.0,2046.0,5.0,0.06699739396572113,8e-05,0.19245485961437225,0.0
2047.0,2047.0,5.0,0.0583697110414505,8e-05,0.2119295597076416,0.0
2048.0,2048.0,5.0,0.06293119490146637,8e-05,0.1651374250650406,0.0
2049.0,2049.0,5.0,0.06476274132728577,8e-05,0.24868838489055634,0.0
2050.0,2050.0,5.0,0.0592736080288887,8e-05,0.1907435804605484,0.0
2051.0,2051.0,5.0,0.04423431307077408,8e-05,0.2710413634777069,0.0
2052.0,2052.0,5.0,0.06509466469287872,8e-05,0.22062738239765167,0.0
2053.0,2053.0,5.0,0.0765371024608612,8e-05,0.16464589536190033,0.0
2054.0,2054.0,5.0,0.061223000288009644,8e-05,0.2733657658100128,0.0
2055.0,2055.0,5.0,0.0604775995016098,8e-05,0.15421538054943085,0.0
2056.0,2056.0,5.0,0.05759629234671593,8e-05,0.23727047443389893,0.0
2057.0,2057.0,5.0,0.04756144806742668,8e-05,0.18855701386928558,0.0
2058.0,2058.0,5.0,0.06901097297668457,8e-05,0.1763944774866104,0.0
2059.0,2059.0,5.0,0.06492219120264053,8e-05,0.23424676060676575,0.0
2060.0,2060.0,5.0,0.07876542210578918,8e-05,0.19320796430110931,0.0
2061.0,2061.0,5.0,0.060513727366924286,8e-05,0.2304527908563614,0.0
2062.0,2062.0,5.0,0.06792144477367401,8e-05,0.2754058241844177,0.0
2063.0,2063.0,5.0,0.06132535636425018,8e-05,0.14888958632946014,0.0
2064.0,2064.0,5.0,0.0688287690281868,8e-05,0.20374564826488495,0.0
2065.0,2065.0,5.0,0.06532221287488937,8e-05,0.1708921194076538,0.0
2066.0,2066.0,5.0,0.07514320313930511,8e-05,0.27241960167884827,0.0
2067.0,2067.0,5.0,0.06104510650038719,8e-05,0.13922251760959625,0.0
2068.0,2068.0,5.0,0.0629601702094078,8e-05,0.23819610476493835,0.0
2069.0,2069.0,5.0,0.0633624717593193,8e-05,0.1281244158744812,0.0
2070.0,2070.0,5.0,0.0707855373620987,8e-05,0.21577395498752594,0.0
2071.0,2071.0,5.0,0.05222271382808685,8e-05,0.14836740493774414,0.0
2072.0,2072.0,5.0,0.06102731078863144,8e-05,0.1640082746744156,0.0
2073.0,2073.0,5.0,0.07090546190738678,8e-05,0.17714527249336243,0.0
2074.0,2074.0,5.0,0.05699533969163895,8e-05,0.18117016553878784,0.0
2075.0,2075.0,5.0,0.06547452509403229,8e-05,0.181857168674469,0.0
2076.0,2076.0,5.0,0.05220768600702286,8e-05,0.18834644556045532,0.0
2077.0,2077.0,5.0,0.06258860230445862,8e-05,0.16231606900691986,0.0
2078.0,2078.0,5.0,0.05970536172389984,8e-05,0.2430986613035202,0.0
2079.0,2079.0,5.0,0.05998101085424423,8e-05,0.19665978848934174,0.0
2080.0,2080.0,5.0,0.0657159760594368,8e-05,0.19215331971645355,0.0
2081.0,2081.0,5.0,0.07520976662635803,8e-05,0.22213630378246307,0.0
2082.0,2082.0,5.0,0.0474570170044899,8e-05,0.16812953352928162,0.0
2083.0,2083.0,5.0,0.06470200419425964,8e-05,0.19910334050655365,0.0
2084.0,2084.0,5.0,0.0605996698141098,8e-05,0.20730994641780853,0.0
2085.0,2085.0,5.0,0.06190754100680351,8e-05,0.22136807441711426,0.0
2086.0,2086.0,5.0,0.06858734786510468,8e-05,0.17656464874744415,0.0
2087.0,2087.0,5.0,0.0721254050731659,8e-05,0.20524868369102478,0.0
2088.0,2088.0,5.0,0.08318459987640381,8e-05,0.2287685126066208,0.0
2089.0,2089.0,5.0,0.06684078276157379,8e-05,0.1868172436952591,0.0
2090.0,2090.0,5.0,0.05089953541755676,8e-05,0.18455711007118225,0.0
2091.0,2091.0,5.0,0.06281144917011261,8e-05,0.14283524453639984,0.0
2092.0,2092.0,5.0,0.07685926556587219,8e-05,0.30927878618240356,0.0
2093.0,2093.0,5.0,0.04987083375453949,8e-05,0.23363430798053741,0.0
2094.0,2094.0,5.0,0.055831849575042725,8e-05,0.2366134226322174,0.0
2095.0,2095.0,5.0,0.06372387707233429,8e-05,0.20741286873817444,0.0
2096.0,2096.0,5.0,0.05601847916841507,8e-05,0.29090797901153564,0.0
2097.0,2097.0,5.0,0.06270650029182434,8e-05,0.1878940463066101,0.0
2098.0,2098.0,5.0,0.06655655801296234,8e-05,0.41120555996894836,0.0
2099.0,2099.0,5.0,0.06005452573299408,8e-05,0.15081612765789032,0.0
2100.0,2100.0,5.0,0.0582529678940773,8e-05,0.42125076055526733,0.0
2101.0,2101.0,5.0,0.059871673583984375,8e-05,0.16632691025733948,0.0
2102.0,2102.0,5.0,0.05311350151896477,8e-05,0.2968199551105499,0.0
2103.0,2103.0,5.0,0.05105055868625641,8e-05,0.18426012992858887,0.0
2104.0,2104.0,5.0,0.08679705858230591,8e-05,0.26463615894317627,0.0
2105.0,2105.0,5.0,0.06255006045103073,8e-05,0.24952612817287445,0.0
2106.0,2106.0,5.0,0.06053328514099121,8e-05,0.14904750883579254,0.0
2107.0,2107.0,5.0,0.0698356032371521,8e-05,0.23037567734718323,0.0
2108.0,2108.0,5.0,0.06670205295085907,8e-05,0.2534070909023285,0.0
2109.0,2109.0,5.0,0.051435790956020355,8e-05,0.24943238496780396,0.0
2110.0,2110.0,5.0,0.061379365622997284,8e-05,0.2511243224143982,0.0
2111.0,2111.0,5.0,0.06396470963954926,8e-05,0.1492575705051422,0.0
2112.0,2112.0,5.0,0.05991996452212334,8e-05,0.3991105556488037,0.0
2113.0,2113.0,5.0,0.07329282909631729,8e-05,0.16768816113471985,0.0
2114.0,2114.0,5.0,0.0686124861240387,8e-05,0.3622269630432129,0.0
2115.0,2115.0,5.0,0.06423772871494293,8e-05,0.12778155505657196,0.0
2116.0,2116.0,5.0,0.0780184343457222,8e-05,0.33276355266571045,0.0
2117.0,2117.0,5.0,0.07124735414981842,8e-05,0.22781690955162048,0.0
2118.0,2118.0,5.0,0.06612851470708847,8e-05,0.1980285793542862,0.0
2119.0,2119.0,5.0,0.061647169291973114,8e-05,0.21235257387161255,0.0
2120.0,2120.0,5.0,0.056197188794612885,8e-05,0.1654575765132904,0.0
2121.0,2121.0,5.0,0.04952230304479599,8e-05,0.20850330591201782,0.0
2122.0,2122.0,5.0,0.06768452376127243,8e-05,0.25416800379753113,0.0
2123.0,2123.0,5.0,0.05733989179134369,8e-05,0.19124378263950348,0.0
2124.0,2124.0,5.0,0.0733850747346878,8e-05,0.2612345218658447,0.0
2125.0,2125.0,5.0,0.054770611226558685,8e-05,0.14106395840644836,0.0
2126.0,2126.0,5.0,0.08023515343666077,8e-05,0.323617547750473,0.0
2127.0,2127.0,5.0,0.04747680574655533,8e-05,0.12865014374256134,0.0
2128.0,2128.0,5.0,0.056728214025497437,8e-05,0.24528126418590546,0.0
2129.0,2129.0,5.0,0.061463363468647,8e-05,0.21760588884353638,0.0
2130.0,2130.0,5.0,0.05503183603286743,8e-05,0.2504695951938629,0.0
2131.0,2131.0,5.0,0.06097802147269249,8e-05,0.22851912677288055,0.0
2132.0,2132.0,5.0,0.06542109698057175,8e-05,0.1863156259059906,0.0
2133.0,2133.0,5.0,0.062470175325870514,8e-05,0.2648397982120514,0.0
2134.0,2134.0,5.0,0.05379246175289154,8e-05,0.19865016639232635,0.0
2135.0,2135.0,5.0,0.0779268890619278,8e-05,0.36813241243362427,0.0
2136.0,2136.0,5.0,0.055310994386672974,8e-05,0.10919901728630066,0.0
2137.0,2137.0,5.0,0.06268815696239471,8e-05,0.21105709671974182,0.0
2138.0,2138.0,5.0,0.059039607644081116,8e-05,0.13852767646312714,0.0
2139.0,2139.0,5.0,0.07095779478549957,8e-05,0.21914492547512054,0.0
2140.0,2140.0,5.0,0.05322037637233734,8e-05,0.12318263202905655,0.0
2141.0,2141.0,5.0,0.049324847757816315,8e-05,0.1572451889514923,0.0
2142.0,2142.0,5.0,0.05992110073566437,8e-05,0.13029423356056213,0.0
2143.0,2143.0,5.0,0.06251096725463867,8e-05,0.16653674840927124,0.0
2144.0,2144.0,5.0,0.08302842080593109,8e-05,0.16299749910831451,0.0
2145.0,2145.0,5.0,0.05869380012154579,8e-05,0.15481825172901154,0.0
2146.0,2146.0,5.0,0.07906274497509003,8e-05,0.22143495082855225,0.0
2147.0,2147.0,5.0,0.07316328585147858,8e-05,0.1536574363708496,0.0
2148.0,2148.0,5.0,0.06046174839138985,8e-05,0.1822725087404251,0.0
2149.0,2149.0,5.0,0.049706414341926575,8e-05,0.16899524629116058,0.0
2150.0,2150.0,5.0,0.05745711922645569,8e-05,0.1926816999912262,0.0
2151.0,2151.0,5.0,0.05929785221815109,8e-05,0.19355203211307526,0.0
2152.0,2152.0,5.0,0.04485460743308067,8e-05,0.13864651322364807,0.0
2153.0,2153.0,5.0,0.06793847680091858,8e-05,0.2572760283946991,0.0
2154.0,2154.0,5.0,0.0582532100379467,8e-05,0.19523464143276215,0.0
2155.0,2155.0,5.0,0.05739343911409378,8e-05,0.1932203769683838,0.0
2156.0,2156.0,5.0,0.05211041122674942,8e-05,0.13782858848571777,0.0
2157.0,2157.0,5.0,0.04786611348390579,8e-05,0.26916465163230896,0.0
2158.0,2158.0,5.0,0.05351981520652771,8e-05,0.18312403559684753,0.0
2159.0,2159.0,5.0,0.051588136702775955,8e-05,0.26210206747055054,0.0
2160.0,2160.0,5.0,0.04537971317768097,8e-05,0.237320676445961,0.0
2161.0,2161.0,5.0,0.04617809131741524,8e-05,0.163285031914711,0.0
2162.0,2162.0,5.0,0.05203082785010338,8e-05,0.20637045800685883,0.0
2163.0,2163.0,5.0,0.0626244992017746,8e-05,0.1796092987060547,0.0
2164.0,2164.0,5.0,0.05587809532880783,8e-05,0.11444181203842163,0.0
2165.0,2165.0,5.0,0.06653538346290588,8e-05,0.19494888186454773,0.0
2166.0,2166.0,5.0,0.0641455203294754,8e-05,0.1248708963394165,0.0
2167.0,2167.0,5.0,0.07008069008588791,8e-05,0.16099855303764343,0.0
2168.0,2168.0,5.0,0.058975979685783386,8e-05,0.17448794841766357,0.0
2169.0,2169.0,5.0,0.06379324197769165,8e-05,0.14467613399028778,0.0
2170.0,2170.0,5.0,0.06766801327466965,8e-05,0.22036369144916534,0.0
2171.0,2171.0,5.0,0.0669068992137909,8e-05,0.1645880937576294,0.0
2172.0,2172.0,5.0,0.05522271990776062,8e-05,0.1513376533985138,0.0
2173.0,2173.0,5.0,0.05423104763031006,8e-05,0.1214975118637085,0.0
2174.0,2174.0,5.0,0.06473594903945923,8e-05,0.14467109739780426,0.0
2175.0,2175.0,5.0,0.06677493453025818,8e-05,0.17885366082191467,0.0
2176.0,2176.0,5.0,0.06784963607788086,8e-05,0.14955666661262512,0.0
2177.0,2177.0,5.0,0.060906924307346344,8e-05,0.14641781151294708,0.0
2178.0,2178.0,5.0,0.06420629471540451,8e-05,0.1287422776222229,0.0
2179.0,2179.0,5.0,0.057931628078222275,8e-05,0.134974867105484,0.0
2180.0,2180.0,5.0,0.0694371908903122,8e-05,0.14494377374649048,0.0
2181.0,2181.0,5.0,0.05902621150016785,8e-05,0.15462401509284973,0.0
2182.0,2182.0,5.0,0.055209316313266754,8e-05,0.19893737137317657,0.0
2183.0,2183.0,5.0,0.06305447220802307,8e-05,0.15074217319488525,0.0
2184.0,2184.0,5.0,0.05748236924409866,8e-05,0.19346638023853302,0.0
2185.0,2185.0,5.0,0.06997981667518616,8e-05,0.15862488746643066,0.0
2186.0,2186.0,5.0,0.07237046957015991,8e-05,0.24162472784519196,0.0
2187.0,2187.0,5.0,0.06477634608745575,8e-05,0.19553621113300323,0.0
2188.0,2188.0,5.0,0.059582874178886414,8e-05,0.1952291876077652,0.0
2189.0,2189.0,5.0,0.06903144717216492,8e-05,0.20535877346992493,0.0
2190.0,2190.0,5.0,0.05428082495927811,8e-05,0.21240657567977905,0.0
2191.0,2191.0,5.0,0.05719173327088356,8e-05,0.12733188271522522,0.0
2192.0,2192.0,5.0,0.05382279306650162,8e-05,0.2999098300933838,0.0
2193.0,2193.0,5.0,0.07173404842615128,8e-05,0.141651913523674,0.0
2194.0,2194.0,5.0,0.05460335686802864,8e-05,0.29932138323783875,0.0
2195.0,2195.0,5.0,0.055046889930963516,8e-05,0.17304059863090515,0.0
2196.0,2196.0,5.0,0.06540106981992722,8e-05,0.242372527718544,0.0
2197.0,2197.0,5.0,0.07000478357076645,8e-05,0.29482224583625793,0.0
2198.0,2198.0,5.0,0.05953029915690422,8e-05,0.22307844460010529,0.0
2199.0,2199.0,5.0,0.05174814537167549,8e-05,0.3132301867008209,0.0
2200.0,2200.0,5.0,0.06263570487499237,8e-05,0.24634963274002075,0.0
2201.0,2201.0,5.0,0.04754561930894852,8e-05,0.2977916896343231,0.0
2202.0,2202.0,5.0,0.05758845433592796,8e-05,0.19608914852142334,0.0
2203.0,2203.0,5.0,0.06672027707099915,8e-05,0.1751246154308319,0.0
2204.0,2204.0,5.0,0.05222854018211365,8e-05,0.19310301542282104,0.0
2205.0,2205.0,5.0,0.06421275436878204,8e-05,0.12293704599142075,0.0
2206.0,2206.0,5.0,0.055332429707050323,8e-05,0.2367919385433197,0.0
2207.0,2207.0,5.0,0.06508076936006546,8e-05,0.16208314895629883,0.0
2208.0,2208.0,5.0,0.06815393269062042,8e-05,0.20320066809654236,0.0
2209.0,2209.0,5.0,0.0589476153254509,8e-05,0.21651598811149597,0.0
2210.0,2210.0,5.0,0.059136658906936646,8e-05,0.17260544002056122,0.0
2211.0,2211.0,5.0,0.0692005455493927,8e-05,0.19086256623268127,0.0
2212.0,2212.0,5.0,0.05460088700056076,8e-05,0.16081710159778595,0.0
2213.0,2213.0,5.0,0.05768576264381409,8e-05,0.1871490627527237,0.0
2214.0,2214.0,5.0,0.061953943222761154,8e-05,0.18335725367069244,0.0
2215.0,2215.0,5.0,0.06773629039525986,8e-05,0.2775803804397583,0.0
2216.0,2216.0,5.0,0.07382515072822571,8e-05,0.1937880665063858,0.0
2217.0,2217.0,5.0,0.054374828934669495,8e-05,0.219888836145401,0.0
2218.0,2218.0,5.0,0.060428135097026825,8e-05,0.2205372005701065,0.0
2219.0,2219.0,5.0,0.05747891589999199,8e-05,0.24083225429058075,0.0
2220.0,2220.0,5.0,0.057806141674518585,8e-05,0.2543538510799408,0.0
2221.0,2221.0,5.0,0.0702906996011734,8e-05,0.2940501272678375,0.0
2222.0,2222.0,5.0,0.05417933315038681,8e-05,0.17470835149288177,0.0
2223.0,2223.0,5.0,0.06883348524570465,8e-05,0.2978239059448242,0.0
2224.0,2224.0,5.0,0.08633479475975037,8e-05,0.25713303685188293,0.0
2225.0,2225.0,5.0,0.06369434297084808,8e-05,0.24922703206539154,0.0
2226.0,2226.0,5.0,0.06906093657016754,8e-05,0.25746241211891174,0.0
2227.0,2227.0,5.0,0.06345468014478683,8e-05,0.1625986248254776,0.0
2228.0,2228.0,5.0,0.0646037757396698,8e-05,0.1182953342795372,0.0
2229.0,2229.0,5.0,0.07001523673534393,8e-05,0.30187559127807617,0.0
2230.0,2230.0,5.0,0.04824644699692726,8e-05,0.09777145832777023,0.0
2231.0,2231.0,5.0,0.06406667083501816,8e-05,0.29145288467407227,0.0
2232.0,2232.0,5.0,0.07965793460607529,8e-05,0.27660849690437317,0.0
2233.0,2233.0,5.0,0.05656789243221283,8e-05,0.26671430468559265,0.0
2234.0,2234.0,5.0,0.05829663947224617,8e-05,0.2376115620136261,0.0
2235.0,2235.0,5.0,0.06130132079124451,8e-05,0.26077941060066223,0.0
2236.0,2236.0,5.0,0.06078323721885681,8e-05,0.30315786600112915,0.0
2237.0,2237.0,5.0,0.07456496357917786,8e-05,0.2505287528038025,0.0
2238.0,2238.0,5.0,0.06150222569704056,8e-05,0.1800476312637329,0.0
2239.0,2239.0,5.0,0.05786183848977089,8e-05,0.33507412672042847,0.0
2240.0,2240.0,5.0,0.05401760712265968,8e-05,0.14490906894207,0.0
2241.0,2241.0,5.0,0.05575729161500931,8e-05,0.2512628734111786,0.0
2242.0,2242.0,5.0,0.07146597653627396,8e-05,0.18198662996292114,0.0
2243.0,2243.0,5.0,0.06336338818073273,8e-05,0.24187642335891724,0.0
2244.0,2244.0,5.0,0.051936715841293335,8e-05,0.15557493269443512,0.0
2245.0,2245.0,5.0,0.0559147410094738,8e-05,0.22327347099781036,0.0
2246.0,2246.0,5.0,0.06351938843727112,8e-05,0.18528233468532562,0.0
2247.0,2247.0,5.0,0.05262400209903717,8e-05,0.18825572729110718,0.0
2248.0,2248.0,5.0,0.06255321204662323,8e-05,0.2359238564968109,0.0
2249.0,2249.0,5.0,0.05830255523324013,8e-05,0.1723964512348175,0.0
2250.0,2250.0,5.0,0.06544976681470871,8e-05,0.24712906777858734,0.0
2251.0,2251.0,5.0,0.05516817420721054,8e-05,0.1565772444009781,0.0
2252.0,2252.0,5.0,0.0600188747048378,8e-05,0.2213485836982727,0.0
2253.0,2253.0,5.0,0.06411868333816528,8e-05,0.20960372686386108,0.0
2254.0,2254.0,5.0,0.07240848243236542,8e-05,0.31197497248649597,0.0
2255.0,2255.0,5.0,0.06085715815424919,8e-05,0.16429129242897034,0.0
2256.0,2256.0,5.0,0.05504532530903816,8e-05,0.21593521535396576,0.0
2257.0,2257.0,5.0,0.05676900967955589,8e-05,0.19490188360214233,0.0
2258.0,2258.0,5.0,0.07166092097759247,8e-05,0.35284629464149475,0.0
2259.0,2259.0,5.0,0.05647104233503342,8e-05,0.12564998865127563,0.0
2260.0,2260.0,5.0,0.06415294855833054,8e-05,0.2530357241630554,0.0
2261.0,2261.0,5.0,0.06515723466873169,8e-05,0.14951293170452118,0.0
2262.0,2262.0,5.0,0.06324613094329834,8e-05,0.16858088970184326,0.0
2263.0,2263.0,5.0,0.06026286259293556,8e-05,0.15263468027114868,0.0
2264.0,2264.0,5.0,0.05953620374202728,8e-05,0.13422943651676178,0.0
2265.0,2265.0,5.0,0.048113711178302765,8e-05,0.25656858086586,0.0
2266.0,2266.0,5.0,0.05997929349541664,8e-05,0.15200185775756836,0.0
2267.0,2267.0,5.0,0.06421110033988953,8e-05,0.27257204055786133,0.0
2268.0,2268.0,5.0,0.05546043813228607,8e-05,0.19269625842571259,0.0
2269.0,2269.0,5.0,0.05581654608249664,8e-05,0.223314568400383,0.0
2270.0,2270.0,5.0,0.07095523923635483,8e-05,0.16982394456863403,0.0
2271.0,2271.0,5.0,0.057658419013023376,8e-05,0.23454205691814423,0.0
2272.0,2272.0,5.0,0.08052337169647217,8e-05,0.18042320013046265,0.0
2273.0,2273.0,5.0,0.062640480697155,8e-05,0.18538889288902283,0.0
2274.0,2274.0,5.0,0.06258426606655121,8e-05,0.18045495450496674,0.0
2275.0,2275.0,5.0,0.0802646353840828,8e-05,0.1495484709739685,0.0
2276.0,2276.0,5.0,0.06548053026199341,8e-05,0.18728159368038177,0.0
2277.0,2277.0,5.0,0.048948660492897034,8e-05,0.21179693937301636,0.0
2278.0,2278.0,5.0,0.0536515973508358,8e-05,0.14097686111927032,0.0
2279.0,2279.0,5.0,0.07421240955591202,8e-05,0.21446701884269714,0.0
2280.0,2280.0,5.0,0.06080620735883713,8e-05,0.1298084408044815,0.0
2281.0,2281.0,5.0,0.047456223517656326,8e-05,0.17510895431041718,0.0
2282.0,2282.0,5.0,0.04853400960564613,8e-05,0.16214734315872192,0.0
2283.0,2283.0,5.0,0.07675104588270187,8e-05,0.23790962994098663,0.0
2284.0,2284.0,5.0,0.06141529604792595,8e-05,0.18713326752185822,0.0
2285.0,2285.0,5.0,0.06772325187921524,8e-05,0.2778002917766571,0.0
2286.0,2286.0,5.0,0.06996875256299973,8e-05,0.2489263415336609,0.0
2287.0,2287.0,5.0,0.06625096499919891,8e-05,0.18015719950199127,0.0
2288.0,2288.0,5.0,0.06545980274677277,8e-05,0.23002398014068604,0.0
2289.0,2289.0,5.0,0.0684475302696228,8e-05,0.20118211209774017,0.0
2290.0,2290.0,5.0,0.06965921074151993,8e-05,0.23069922626018524,0.0
2291.0,2291.0,5.0,0.06478700041770935,8e-05,0.15875829756259918,0.0
2292.0,2292.0,5.0,0.06006313115358353,8e-05,0.19098791480064392,0.0
2293.0,2293.0,5.0,0.05275655537843704,8e-05,0.1572502851486206,0.0
2294.0,2294.0,5.0,0.0517413355410099,8e-05,0.20827902853488922,0.0
2295.0,2295.0,5.0,0.07054590433835983,8e-05,0.1854877918958664,0.0
2296.0,2296.0,5.0,0.06247123330831528,8e-05,0.20386964082717896,0.0
2297.0,2297.0,5.0,0.06010231003165245,8e-05,0.24233156442642212,0.0
2298.0,2298.0,5.0,0.05062061548233032,8e-05,0.13966061174869537,0.0
2299.0,2299.0,5.0,0.0588267557322979,8e-05,0.2800123691558838,0.0
2300.0,2300.0,5.0,0.057986825704574585,8e-05,0.1485849767923355,0.0
2301.0,2301.0,5.0,0.056416988372802734,8e-05,0.2340828776359558,0.0
2302.0,2302.0,5.0,0.06498240679502487,8e-05,0.2784658670425415,0.0
2303.0,2303.0,5.0,0.05397913232445717,8e-05,0.1346975415945053,0.0
2304.0,2304.0,5.0,0.06180895119905472,8e-05,0.21332983672618866,0.0
2305.0,2305.0,5.0,0.05489364266395569,8e-05,0.177020862698555,0.0
2306.0,2306.0,5.0,0.0467253178358078,8e-05,0.16884763538837433,0.0
2307.0,2307.0,5.0,0.06953608244657516,8e-05,0.1537165492773056,0.0
2308.0,2308.0,5.0,0.05451943725347519,8e-05,0.21004581451416016,0.0
2309.0,2309.0,5.0,0.06327620148658752,8e-05,0.16350038349628448,0.0
2310.0,2310.0,5.0,0.07080432027578354,8e-05,0.18816158175468445,0.0
2311.0,2311.0,5.0,0.07508724182844162,8e-05,0.18774686753749847,0.0
2312.0,2312.0,5.0,0.07145534455776215,8e-05,0.1611810326576233,0.0
2313.0,2313.0,5.0,0.057622089982032776,8e-05,0.1797305792570114,0.0
2314.0,2314.0,5.0,0.05673389509320259,8e-05,0.20316818356513977,0.0
2315.0,2315.0,5.0,0.0628955140709877,8e-05,0.14880676567554474,0.0
2316.0,2316.0,5.0,0.0518498420715332,8e-05,0.1887976974248886,0.0
2317.0,2317.0,5.0,0.05292897671461105,8e-05,0.18793971836566925,0.0
2318.0,2318.0,5.0,0.05938839912414551,8e-05,0.1796732097864151,0.0
2319.0,2319.0,5.0,0.06780160963535309,8e-05,0.20668435096740723,0.0
2320.0,2320.0,5.0,0.05738284811377525,8e-05,0.2606145143508911,0.0
2321.0,2321.0,5.0,0.07554584741592407,8e-05,0.21295562386512756,0.0
2322.0,2322.0,5.0,0.048767514526844025,8e-05,0.2184179574251175,0.0
2323.0,2323.0,5.0,0.06594613194465637,8e-05,0.21975696086883545,0.0
2324.0,2324.0,5.0,0.06028521806001663,8e-05,0.25497809052467346,0.0
2325.0,2325.0,5.0,0.060999151319265366,8e-05,0.16797581315040588,0.0
2326.0,2326.0,5.0,0.048271819949150085,8e-05,0.19403709471225739,0.0
2327.0,2327.0,5.0,0.06587027758359909,8e-05,0.20749689638614655,0.0
2328.0,2328.0,5.0,0.05687987804412842,8e-05,0.2112301141023636,0.0
2329.0,2329.0,5.0,0.07104994356632233,8e-05,0.315105140209198,0.0
2330.0,2330.0,5.0,0.05813784524798393,8e-05,0.27857866883277893,0.0
2331.0,2331.0,5.0,0.06553419679403305,8e-05,0.21281398832798004,0.0
2332.0,2332.0,5.0,0.05638986453413963,8e-05,0.24037721753120422,0.0
2333.0,2333.0,5.0,0.06215794011950493,8e-05,0.24790608882904053,0.0
2334.0,2334.0,5.0,0.06308478116989136,8e-05,0.24662935733795166,0.0
2335.0,2335.0,5.0,0.06603699922561646,8e-05,0.2535424530506134,0.0
2336.0,2336.0,5.0,0.05132893845438957,8e-05,0.20249301195144653,0.0
2337.0,2337.0,5.0,0.0668090283870697,8e-05,0.35702696442604065,0.0
2338.0,2338.0,5.0,0.05841781944036484,8e-05,0.24856451153755188,0.0
2339.0,2339.0,5.0,0.06955283880233765,8e-05,0.3630116283893585,0.0
2340.0,2340.0,5.0,0.06007106602191925,8e-05,0.21252965927124023,0.0
2341.0,2341.0,6.0,0.05555117130279541,8e-05,0.40466994047164917,0.0
2342.0,2342.0,6.0,0.05868244916200638,8e-05,0.16820751130580902,0.0
2343.0,2343.0,6.0,0.0592147633433342,8e-05,0.4810681939125061,0.0
2344.0,2344.0,6.0,0.059496380388736725,8e-05,0.1753385066986084,0.0
2345.0,2345.0,6.0,0.06804049015045166,8e-05,0.39907100796699524,0.0
2346.0,2346.0,6.0,0.04859701916575432,8e-05,0.1763676106929779,0.0
2347.0,2347.0,6.0,0.06296154856681824,8e-05,0.34135156869888306,0.0
2348.0,2348.0,6.0,0.062303654849529266,8e-05,0.24441136419773102,0.0
2349.0,2349.0,6.0,0.0556153729557991,8e-05,0.2729733884334564,0.0
2350.0,2350.0,6.0,0.06918814778327942,8e-05,0.305467426776886,0.0
2351.0,2351.0,6.0,0.06131596490740776,8e-05,0.26084285974502563,0.0
2352.0,2352.0,6.0,0.058970510959625244,8e-05,0.2926498055458069,0.0
2353.0,2353.0,6.0,0.06615808606147766,8e-05,0.20380927622318268,0.0
2354.0,2354.0,6.0,0.07275744527578354,8e-05,0.29874324798583984,0.0
2355.0,2355.0,6.0,0.055158548057079315,8e-05,0.14721709489822388,0.0
2356.0,2356.0,6.0,0.056797340512275696,8e-05,0.27927806973457336,0.0
2357.0,2357.0,6.0,0.07691671699285507,8e-05,0.17891307175159454,0.0
2358.0,2358.0,6.0,0.0833113044500351,8e-05,0.27812880277633667,0.0
2359.0,2359.0,6.0,0.06727692484855652,8e-05,0.21655568480491638,0.0
2360.0,2360.0,6.0,0.05970422923564911,8e-05,0.2122272253036499,0.0
2361.0,2361.0,6.0,0.06715364754199982,8e-05,0.26004722714424133,0.0
2362.0,2362.0,6.0,0.07038659602403641,8e-05,0.16804933547973633,0.0
2363.0,2363.0,6.0,0.05451754480600357,8e-05,0.2679905593395233,0.0
2364.0,2364.0,6.0,0.07637762278318405,8e-05,0.20493115484714508,0.0
2365.0,2365.0,6.0,0.04989553987979889,8e-05,0.2766333222389221,0.0
2366.0,2366.0,6.0,0.06186798959970474,8e-05,0.19179561734199524,0.0
2367.0,2367.0,6.0,0.06912116706371307,8e-05,0.21750116348266602,0.0
2368.0,2368.0,6.0,0.052200693637132645,8e-05,0.22529347240924835,0.0
2369.0,2369.0,6.0,0.058800987899303436,8e-05,0.21472813189029694,0.0
2370.0,2370.0,6.0,0.06588234007358551,8e-05,0.17505419254302979,0.0
2371.0,2371.0,6.0,0.052061088383197784,8e-05,0.2781411111354828,0.0
2372.0,2372.0,6.0,0.05071749910712242,8e-05,0.1618259996175766,0.0
2373.0,2373.0,6.0,0.07102560997009277,8e-05,0.2610926330089569,0.0
2374.0,2374.0,6.0,0.06968457996845245,8e-05,0.17095936834812164,0.0
2375.0,2375.0,6.0,0.047738779336214066,8e-05,0.21356149017810822,0.0
2376.0,2376.0,6.0,0.07395344972610474,8e-05,0.21836134791374207,0.0
2377.0,2377.0,6.0,0.07170481979846954,8e-05,0.16481666266918182,0.0
2378.0,2378.0,6.0,0.06461122632026672,8e-05,0.27161896228790283,0.0
2379.0,2379.0,6.0,0.05942681431770325,8e-05,0.21670596301555634,0.0
2380.0,2380.0,6.0,0.07321154326200485,8e-05,0.3016253709793091,0.0
2381.0,2381.0,6.0,0.06438882648944855,8e-05,0.30481889843940735,0.0
2382.0,2382.0,6.0,0.07326705753803253,8e-05,0.28255248069763184,0.0
2383.0,2383.0,6.0,0.06134050711989403,8e-05,0.3796864449977875,0.0
2384.0,2384.0,6.0,0.06953521817922592,8e-05,0.33320194482803345,0.0
2385.0,2385.0,6.0,0.0551057904958725,8e-05,0.3396355211734772,0.0
2386.0,2386.0,6.0,0.06386401504278183,8e-05,0.20706424117088318,0.0
2387.0,2387.0,6.0,0.07493163645267487,8e-05,0.36729562282562256,0.0
2388.0,2388.0,6.0,0.07233315706253052,8e-05,0.31510353088378906,0.0
2389.0,2389.0,6.0,0.07025609910488129,8e-05,0.33183664083480835,0.0
2390.0,2390.0,6.0,0.059370316565036774,8e-05,0.31962600350379944,0.0
2391.0,2391.0,6.0,0.06100732833147049,8e-05,0.15608346462249756,0.0
2392.0,2392.0,6.0,0.07026998698711395,8e-05,0.2719481289386749,0.0
2393.0,2393.0,6.0,0.06445832550525665,8e-05,0.21284155547618866,0.0
2394.0,2394.0,6.0,0.05463708937168121,8e-05,0.18017403781414032,0.0
2395.0,2395.0,6.0,0.058656416833400726,8e-05,0.22054557502269745,0.0
2396.0,2396.0,6.0,0.06320622563362122,8e-05,0.15395088493824005,0.0
2397.0,2397.0,6.0,0.06233286112546921,8e-05,0.19696921110153198,0.0
2398.0,2398.0,6.0,0.055827412754297256,8e-05,0.1622093915939331,0.0
2399.0,2399.0,6.0,0.06324540078639984,8e-05,0.1646028310060501,0.0
2400.0,2400.0,6.0,0.06348083168268204,8e-05,0.16958610713481903,0.0
2401.0,2401.0,6.0,0.05622413754463196,8e-05,0.14690396189689636,0.0
2402.0,2402.0,6.0,0.06480959057807922,8e-05,0.15547803044319153,0.0
2403.0,2403.0,6.0,0.05780301243066788,8e-05,0.16581103205680847,0.0
2404.0,2404.0,6.0,0.05536361411213875,8e-05,0.13651056587696075,0.0
2405.0,2405.0,6.0,0.06449361145496368,8e-05,0.17564353346824646,0.0
2406.0,2406.0,6.0,0.05555068701505661,8e-05,0.1540793776512146,0.0
2407.0,2407.0,6.0,0.06839542090892792,8e-05,0.2040480375289917,0.0
2408.0,2408.0,6.0,0.06155265122652054,8e-05,0.18201850354671478,0.0
2409.0,2409.0,6.0,0.06823356449604034,8e-05,0.18432047963142395,0.0
2410.0,2410.0,6.0,0.050843387842178345,8e-05,0.12836889922618866,0.0
2411.0,2411.0,6.0,0.056005217134952545,8e-05,0.19288678467273712,0.0
2412.0,2412.0,6.0,0.06461481004953384,8e-05,0.1385931670665741,0.0
2413.0,2413.0,6.0,0.0683605968952179,8e-05,0.2299816757440567,0.0
2414.0,2414.0,6.0,0.0668141096830368,8e-05,0.1685742437839508,0.0
2415.0,2415.0,6.0,0.058349788188934326,8e-05,0.16080477833747864,0.0
2416.0,2416.0,6.0,0.0735245943069458,8e-05,0.18807873129844666,0.0
2417.0,2417.0,6.0,0.05341215804219246,8e-05,0.19722554087638855,0.0
2418.0,2418.0,6.0,0.0570061132311821,8e-05,0.15093183517456055,0.0
2419.0,2419.0,6.0,0.05892408639192581,8e-05,0.1786346137523651,0.0
2420.0,2420.0,6.0,0.05777126923203468,8e-05,0.159941628575325,0.0
2421.0,2421.0,6.0,0.06337346881628036,8e-05,0.16693390905857086,0.0
2422.0,2422.0,6.0,0.06220557913184166,8e-05,0.1595412939786911,0.0
2423.0,2423.0,6.0,0.055888548493385315,8e-05,0.16486918926239014,0.0
2424.0,2424.0,6.0,0.061423409730196,8e-05,0.21098071336746216,0.0
2425.0,2425.0,6.0,0.06875215470790863,8e-05,0.13148152828216553,0.0
2426.0,2426.0,6.0,0.053714051842689514,8e-05,0.11867039650678635,0.0
2427.0,2427.0,6.0,0.06958301365375519,8e-05,0.1716863214969635,0.0
2428.0,2428.0,6.0,0.058702513575553894,8e-05,0.14330929517745972,0.0
2429.0,2429.0,6.0,0.06504226475954056,8e-05,0.1932034194469452,0.0
2430.0,2430.0,6.0,0.06043825298547745,8e-05,0.20095475018024445,0.0
2431.0,2431.0,6.0,0.05303472280502319,8e-05,0.17104454338550568,0.0
2432.0,2432.0,6.0,0.06691031903028488,8e-05,0.16763898730278015,0.0
2433.0,2433.0,6.0,0.05760539323091507,8e-05,0.18776030838489532,0.0
2434.0,2434.0,6.0,0.05819271504878998,8e-05,0.16695408523082733,0.0
2435.0,2435.0,6.0,0.05477932468056679,8e-05,0.14923490583896637,0.0
2436.0,2436.0,6.0,0.07211905717849731,8e-05,0.21916720271110535,0.0
2437.0,2437.0,6.0,0.059497155249118805,8e-05,0.13360603153705597,0.0
2438.0,2438.0,6.0,0.08000770211219788,8e-05,0.18343102931976318,0.0
2439.0,2439.0,6.0,0.06291291862726212,8e-05,0.23951977491378784,0.0
2440.0,2440.0,6.0,0.06594911962747574,8e-05,0.13588210940361023,0.0
2441.0,2441.0,6.0,0.04408523812890053,8e-05,0.25274765491485596,0.0
2442.0,2442.0,6.0,0.06798967719078064,8e-05,0.1901976466178894,0.0
2443.0,2443.0,6.0,0.06458311527967453,8e-05,0.17266122996807098,0.0
2444.0,2444.0,6.0,0.06334591656923294,8e-05,0.2022721916437149,0.0
2445.0,2445.0,6.0,0.06925608217716217,8e-05,0.17998605966567993,0.0
2446.0,2446.0,6.0,0.047351010143756866,8e-05,0.13109949231147766,0.0
2447.0,2447.0,6.0,0.06337032467126846,8e-05,0.22521647810935974,0.0
2448.0,2448.0,6.0,0.07449641823768616,8e-05,0.17530012130737305,0.0
2449.0,2449.0,6.0,0.06221912056207657,8e-05,0.2273670732975006,0.0
2450.0,2450.0,6.0,0.0752636045217514,8e-05,0.19387419521808624,0.0
2451.0,2451.0,6.0,0.07021531462669373,8e-05,0.2313220053911209,0.0
2452.0,2452.0,6.0,0.07193222641944885,8e-05,0.21516257524490356,0.0
2453.0,2453.0,6.0,0.07053281366825104,8e-05,0.24693728983402252,0.0
2454.0,2454.0,6.0,0.04981989413499832,8e-05,0.16601568460464478,0.0
2455.0,2455.0,6.0,0.06186704337596893,8e-05,0.3199935555458069,0.0
2456.0,2456.0,6.0,0.05913230776786804,8e-05,0.22728334367275238,0.0
2457.0,2457.0,6.0,0.06424961984157562,8e-05,0.25861021876335144,0.0
2458.0,2458.0,6.0,0.054538168013095856,8e-05,0.17335504293441772,0.0
2459.0,2459.0,6.0,0.05681397020816803,8e-05,0.3402641713619232,0.0
2460.0,2460.0,6.0,0.0566822811961174,8e-05,0.2104010432958603,0.0
2461.0,2461.0,6.0,0.06065884232521057,8e-05,0.39290568232536316,0.0
2462.0,2462.0,6.0,0.06182962656021118,8e-05,0.15952615439891815,0.0
2463.0,2463.0,6.0,0.046183254569768906,8e-05,0.36785757541656494,0.0
2464.0,2464.0,6.0,0.0678432434797287,8e-05,0.16614319384098053,0.0
2465.0,2465.0,6.0,0.05860888212919235,8e-05,0.28860607743263245,0.0
2466.0,2466.0,6.0,0.06733483076095581,8e-05,0.1728978157043457,0.0
2467.0,2467.0,6.0,0.06165336072444916,8e-05,0.19379614293575287,0.0
2468.0,2468.0,6.0,0.0669814795255661,8e-05,0.2335234135389328,0.0
2469.0,2469.0,6.0,0.06682377308607101,8e-05,0.19007250666618347,0.0
2470.0,2470.0,6.0,0.058755435049533844,8e-05,0.2815205454826355,0.0
2471.0,2471.0,6.0,0.07366824150085449,8e-05,0.1694670468568802,0.0
2472.0,2472.0,6.0,0.05958321690559387,8e-05,0.2661680579185486,0.0
2473.0,2473.0,6.0,0.05697505176067352,8e-05,0.18122294545173645,0.0
2474.0,2474.0,6.0,0.06677672266960144,8e-05,0.18713922798633575,0.0
2475.0,2475.0,6.0,0.04833699017763138,8e-05,0.20341236889362335,0.0
2476.0,2476.0,6.0,0.06089487671852112,8e-05,0.30449652671813965,0.0
2477.0,2477.0,6.0,0.06174720823764801,8e-05,0.1915888637304306,0.0
2478.0,2478.0,6.0,0.05722064524888992,8e-05,0.189645454287529,0.0
2479.0,2479.0,6.0,0.05367294326424599,8e-05,0.27868586778640747,0.0
2480.0,2480.0,6.0,0.06267137825489044,8e-05,0.19470681250095367,0.0
2481.0,2481.0,6.0,0.0581766776740551,8e-05,0.3530573546886444,0.0
2482.0,2482.0,6.0,0.05990787595510483,8e-05,0.14629524946212769,0.0
2483.0,2483.0,6.0,0.06426684558391571,8e-05,0.2439107596874237,0.0
2484.0,2484.0,6.0,0.0549187958240509,8e-05,0.29071560502052307,0.0
2485.0,2485.0,6.0,0.06384021043777466,8e-05,0.17889432609081268,0.0
2486.0,2486.0,6.0,0.06976673007011414,8e-05,0.23466642200946808,0.0
2487.0,2487.0,6.0,0.05989757925271988,8e-05,0.23479467630386353,0.0
2488.0,2488.0,6.0,0.06583758443593979,8e-05,0.22700536251068115,0.0
2489.0,2489.0,6.0,0.05490313470363617,8e-05,0.269889235496521,0.0
2490.0,2490.0,6.0,0.05449535325169563,8e-05,0.18204452097415924,0.0
2491.0,2491.0,6.0,0.060915131121873856,8e-05,0.33044198155403137,0.0
2492.0,2492.0,6.0,0.06024083495140076,8e-05,0.17131634056568146,0.0
2493.0,2493.0,6.0,0.06189769133925438,8e-05,0.3057251274585724,0.0
2494.0,2494.0,6.0,0.0717783272266388,8e-05,0.20432107150554657,0.0
2495.0,2495.0,6.0,0.06511487066745758,8e-05,0.19794918596744537,0.0
2496.0,2496.0,6.0,0.054449744522571564,8e-05,0.23926377296447754,0.0
2497.0,2497.0,6.0,0.060239359736442566,8e-05,0.19034521281719208,0.0
2498.0,2498.0,6.0,0.07837340235710144,8e-05,0.16119901835918427,0.0
2499.0,2499.0,6.0,0.05198664963245392,8e-05,0.18461936712265015,0.0
2500.0,2500.0,6.0,0.06871810555458069,8e-05,0.12224996089935303,0.0
2501.0,2501.0,6.0,0.06190113723278046,8e-05,0.27465471625328064,0.0
2502.0,2502.0,6.0,0.06790168583393097,8e-05,0.18212489783763885,0.0
2503.0,2503.0,6.0,0.06563086807727814,8e-05,0.3136296570301056,0.0
2504.0,2504.0,6.0,0.04511726647615433,8e-05,0.23032258450984955,0.0
2505.0,2505.0,6.0,0.05555475503206253,8e-05,0.2786283791065216,0.0
2506.0,2506.0,6.0,0.07788561284542084,8e-05,0.2858661115169525,0.0
2507.0,2507.0,6.0,0.07639522850513458,8e-05,0.21769392490386963,0.0
2508.0,2508.0,6.0,0.05537491664290428,8e-05,0.29846450686454773,0.0
2509.0,2509.0,6.0,0.051847487688064575,8e-05,0.2342635989189148,0.0
2510.0,2510.0,6.0,0.05649165064096451,8e-05,0.2550511956214905,0.0
2511.0,2511.0,6.0,0.06579874455928802,8e-05,0.2504361867904663,0.0
2512.0,2512.0,6.0,0.07308683544397354,8e-05,0.20862582325935364,0.0
2513.0,2513.0,6.0,0.05608951300382614,8e-05,0.2964962422847748,0.0
2514.0,2514.0,6.0,0.06405939161777496,8e-05,0.14994142949581146,0.0
2515.0,2515.0,6.0,0.0667104721069336,8e-05,0.2802245020866394,0.0
2516.0,2516.0,6.0,0.04844425618648529,8e-05,0.19669298827648163,0.0
2517.0,2517.0,6.0,0.0692170113325119,8e-05,0.22855880856513977,0.0
2518.0,2518.0,6.0,0.05554889142513275,8e-05,0.214828222990036,0.0
2519.0,2519.0,6.0,0.05697908252477646,8e-05,0.13071925938129425,0.0
2520.0,2520.0,6.0,0.06651865690946579,8e-05,0.1946929395198822,0.0
2521.0,2521.0,6.0,0.07031887769699097,8e-05,0.16849708557128906,0.0
2522.0,2522.0,6.0,0.07222780585289001,8e-05,0.22616693377494812,0.0
2523.0,2523.0,6.0,0.05856553837656975,8e-05,0.14550450444221497,0.0
2524.0,2524.0,6.0,0.06524871289730072,8e-05,0.22500208020210266,0.0
2525.0,2525.0,6.0,0.06493943929672241,8e-05,0.14774835109710693,0.0
2526.0,2526.0,6.0,0.058583639562129974,8e-05,0.1898500919342041,0.0
2527.0,2527.0,6.0,0.05954352766275406,8e-05,0.20173057913780212,0.0
2528.0,2528.0,6.0,0.04728788882493973,8e-05,0.15429680049419403,0.0
2529.0,2529.0,6.0,0.06745386123657227,8e-05,0.19529253244400024,0.0
2530.0,2530.0,6.0,0.06530533730983734,8e-05,0.15669377148151398,0.0
2531.0,2531.0,6.0,0.060345716774463654,8e-05,0.11044691503047943,0.0
2532.0,2532.0,6.0,0.07287251204252243,8e-05,0.16179822385311127,0.0
2533.0,2533.0,6.0,0.0682254433631897,8e-05,0.16518986225128174,0.0
2534.0,2534.0,6.0,0.05337957665324211,8e-05,0.13279537856578827,0.0
2535.0,2535.0,6.0,0.0589752271771431,8e-05,0.20394650101661682,0.0
2536.0,2536.0,6.0,0.06058533489704132,8e-05,0.16758811473846436,0.0
2537.0,2537.0,6.0,0.06374760717153549,8e-05,0.2602282464504242,0.0
2538.0,2538.0,6.0,0.05823570489883423,8e-05,0.18667225539684296,0.0
2539.0,2539.0,6.0,0.07654598355293274,8e-05,0.19244538247585297,0.0
2540.0,2540.0,6.0,0.07383488118648529,8e-05,0.27113690972328186,0.0
2541.0,2541.0,6.0,0.04590977355837822,8e-05,0.13225464522838593,0.0
2542.0,2542.0,6.0,0.0637148767709732,8e-05,0.24791055917739868,0.0
2543.0,2543.0,6.0,0.055258750915527344,8e-05,0.13339528441429138,0.0
2544.0,2544.0,6.0,0.04543202742934227,8e-05,0.24203258752822876,0.0
2545.0,2545.0,6.0,0.058145418763160706,8e-05,0.12511387467384338,0.0
2546.0,2546.0,6.0,0.060514289885759354,8e-05,0.3149847984313965,0.0
2547.0,2547.0,6.0,0.05576379597187042,8e-05,0.17707253992557526,0.0
2548.0,2548.0,6.0,0.05709218978881836,8e-05,0.21902702748775482,0.0
2549.0,2549.0,6.0,0.06730255484580994,8e-05,0.19128654897212982,0.0
2550.0,2550.0,6.0,0.05843845009803772,8e-05,0.2012622058391571,0.0
2551.0,2551.0,6.0,0.05692344903945923,8e-05,0.18898126482963562,0.0
2552.0,2552.0,6.0,0.05767422541975975,8e-05,0.19573147594928741,0.0
2553.0,2553.0,6.0,0.05505402013659477,8e-05,0.21767455339431763,0.0
2554.0,2554.0,6.0,0.07727158069610596,8e-05,0.13508622348308563,0.0
2555.0,2555.0,6.0,0.0708773136138916,8e-05,0.2729896008968353,0.0
2556.0,2556.0,6.0,0.06291316449642181,8e-05,0.150605708360672,0.0
2557.0,2557.0,6.0,0.05953323096036911,8e-05,0.24341857433319092,0.0
2558.0,2558.0,6.0,0.0755784809589386,8e-05,0.2106790840625763,0.0
2559.0,2559.0,6.0,0.08718344569206238,8e-05,0.19532835483551025,0.0
2560.0,2560.0,6.0,0.06746514141559601,8e-05,0.22327731549739838,0.0
2561.0,2561.0,6.0,0.06646183133125305,8e-05,0.12208424508571625,0.0
2562.0,2562.0,6.0,0.06004572659730911,8e-05,0.22090263664722443,0.0
2563.0,2563.0,6.0,0.05441650375723839,8e-05,0.11036154627799988,0.0
2564.0,2564.0,6.0,0.0481644943356514,8e-05,0.14778177440166473,0.0
2565.0,2565.0,6.0,0.06177283078432083,8e-05,0.16184227168560028,0.0
2566.0,2566.0,6.0,0.059395305812358856,8e-05,0.15790721774101257,0.0
2567.0,2567.0,6.0,0.06467222422361374,8e-05,0.16246594488620758,0.0
2568.0,2568.0,6.0,0.06693071871995926,8e-05,0.17813454568386078,0.0
2569.0,2569.0,6.0,0.060323670506477356,8e-05,0.1292058676481247,0.0
2570.0,2570.0,6.0,0.06202322989702225,8e-05,0.21883553266525269,0.0
2571.0,2571.0,6.0,0.06087324768304825,8e-05,0.135981023311615,0.0
2572.0,2572.0,6.0,0.050253018736839294,8e-05,0.16837728023529053,0.0
2573.0,2573.0,6.0,0.05889962613582611,8e-05,0.14922595024108887,0.0
2574.0,2574.0,6.0,0.05600999295711517,8e-05,0.18370883166790009,0.0
2575.0,2575.0,6.0,0.06552249193191528,8e-05,0.19059854745864868,0.0
2576.0,2576.0,6.0,0.06354743242263794,8e-05,0.2530701756477356,0.0
2577.0,2577.0,6.0,0.06780992448329926,8e-05,0.14880943298339844,0.0
2578.0,2578.0,6.0,0.08147484064102173,8e-05,0.1935213804244995,0.0
2579.0,2579.0,6.0,0.053866177797317505,8e-05,0.1397837996482849,0.0
2580.0,2580.0,6.0,0.06075740605592728,8e-05,0.12860362231731415,0.0
2581.0,2581.0,6.0,0.06433972716331482,8e-05,0.17031125724315643,0.0
2582.0,2582.0,6.0,0.0682765394449234,8e-05,0.1527939736843109,0.0
2583.0,2583.0,6.0,0.06282646954059601,8e-05,0.1251881867647171,0.0
2584.0,2584.0,6.0,0.06341825425624847,8e-05,0.14351366460323334,0.0
2585.0,2585.0,6.0,0.050498075783252716,8e-05,0.13534903526306152,0.0
2586.0,2586.0,6.0,0.060584090650081635,8e-05,0.11660073697566986,0.0
2587.0,2587.0,6.0,0.06081242114305496,8e-05,0.16668415069580078,0.0
2588.0,2588.0,6.0,0.05880838260054588,8e-05,0.14012911915779114,0.0
2589.0,2589.0,6.0,0.06445397436618805,8e-05,0.13436844944953918,0.0
2590.0,2590.0,6.0,0.06467103958129883,8e-05,0.18640217185020447,0.0
2591.0,2591.0,6.0,0.05748005211353302,8e-05,0.1392611563205719,0.0
2592.0,2592.0,6.0,0.05840620398521423,8e-05,0.2597495913505554,0.0
2593.0,2593.0,6.0,0.05971229076385498,8e-05,0.17622150480747223,0.0
2594.0,2594.0,6.0,0.05135317146778107,8e-05,0.24488411843776703,0.0
2595.0,2595.0,6.0,0.054175931960344315,8e-05,0.2490880787372589,0.0
2596.0,2596.0,6.0,0.05290301516652107,8e-05,0.1883065402507782,0.0
2597.0,2597.0,6.0,0.046976689249277115,8e-05,0.3242639899253845,0.0
2598.0,2598.0,6.0,0.05498012155294418,8e-05,0.1580330729484558,0.0
2599.0,2599.0,6.0,0.058463070541620255,8e-05,0.19743315875530243,0.0
2600.0,2600.0,6.0,0.07844547182321548,8e-05,0.31035804748535156,0.0
2601.0,2601.0,6.0,0.05776497349143028,8e-05,0.14864051342010498,0.0
2602.0,2602.0,6.0,0.07720877975225449,8e-05,0.30401724576950073,0.0
2603.0,2603.0,6.0,0.05964905768632889,8e-05,0.13346967101097107,0.0
2604.0,2604.0,6.0,0.07238110899925232,8e-05,0.2415454089641571,0.0
2605.0,2605.0,6.0,0.05584307014942169,8e-05,0.1528225839138031,0.0
2606.0,2606.0,6.0,0.07080228626728058,8e-05,0.20318515598773956,0.0
2607.0,2607.0,6.0,0.06479386985301971,8e-05,0.19120126962661743,0.0
2608.0,2608.0,6.0,0.060650140047073364,8e-05,0.177927628159523,0.0
2609.0,2609.0,6.0,0.05338410288095474,8e-05,0.24687929451465607,0.0
2610.0,2610.0,6.0,0.0781932845711708,8e-05,0.22075583040714264,0.0
2611.0,2611.0,6.0,0.062006160616874695,8e-05,0.2218734622001648,0.0
2612.0,2612.0,6.0,0.06858111172914505,8e-05,0.20502611994743347,0.0
2613.0,2613.0,6.0,0.0617087185382843,8e-05,0.32343795895576477,0.0
2614.0,2614.0,6.0,0.07013160735368729,8e-05,0.22107520699501038,0.0
2615.0,2615.0,6.0,0.055914539843797684,8e-05,0.2843944728374481,0.0
2616.0,2616.0,6.0,0.06219875067472458,8e-05,0.1834016889333725,0.0
2617.0,2617.0,6.0,0.07549150288105011,8e-05,0.21878311038017273,0.0
2618.0,2618.0,6.0,0.05618232488632202,8e-05,0.27759209275245667,0.0
2619.0,2619.0,6.0,0.0762544497847557,8e-05,0.2582882046699524,0.0
2620.0,2620.0,6.0,0.058588575571775436,8e-05,0.2885875403881073,0.0
2621.0,2621.0,6.0,0.06069903448224068,8e-05,0.2414683997631073,0.0
2622.0,2622.0,6.0,0.061540648341178894,8e-05,0.2401682734489441,0.0
2623.0,2623.0,6.0,0.05124305933713913,8e-05,0.23042842745780945,0.0
2624.0,2624.0,6.0,0.06683208048343658,8e-05,0.2663114368915558,0.0
2625.0,2625.0,6.0,0.0601390078663826,8e-05,0.21501316130161285,0.0
2626.0,2626.0,6.0,0.0634366124868393,8e-05,0.2597009539604187,0.0
2627.0,2627.0,6.0,0.05349574238061905,8e-05,0.2689591944217682,0.0
2628.0,2628.0,6.0,0.0715639740228653,8e-05,0.27707648277282715,0.0
2629.0,2629.0,6.0,0.05598443001508713,8e-05,0.20596452057361603,0.0
2630.0,2630.0,6.0,0.051408931612968445,8e-05,0.32394152879714966,0.0
2631.0,2631.0,6.0,0.06265966594219208,8e-05,0.16147005558013916,0.0
2632.0,2632.0,6.0,0.056567661464214325,8e-05,0.3122827112674713,0.0
2633.0,2633.0,6.0,0.04721321165561676,8e-05,0.20727132260799408,0.0
2634.0,2634.0,6.0,0.0684165433049202,8e-05,0.3802586495876312,0.0
2635.0,2635.0,6.0,0.06497974693775177,8e-05,0.20957982540130615,0.0
2636.0,2636.0,6.0,0.05707414075732231,8e-05,0.25191715359687805,0.0
2637.0,2637.0,6.0,0.06382717192173004,8e-05,0.31600916385650635,0.0
2638.0,2638.0,6.0,0.05650145560503006,8e-05,0.24204719066619873,0.0
2639.0,2639.0,6.0,0.07044239342212677,8e-05,0.29664525389671326,0.0
2640.0,2640.0,6.0,0.06425532698631287,8e-05,0.30179181694984436,0.0
2641.0,2641.0,6.0,0.06285703182220459,8e-05,0.3538714647293091,0.0
2642.0,2642.0,6.0,0.06652873009443283,8e-05,0.19816334545612335,0.0
2643.0,2643.0,6.0,0.07352231442928314,8e-05,0.18174248933792114,0.0
2644.0,2644.0,6.0,0.05054618790745735,8e-05,0.299683541059494,0.0
2645.0,2645.0,6.0,0.05250736325979233,8e-05,0.18029490113258362,0.0
2646.0,2646.0,6.0,0.04900725558400154,8e-05,0.306397944688797,0.0
2647.0,2647.0,6.0,0.07214316725730896,8e-05,0.19319145381450653,0.0
2648.0,2648.0,6.0,0.06155821308493614,8e-05,0.25327324867248535,0.0
2649.0,2649.0,6.0,0.05084678903222084,8e-05,0.2928847074508667,0.0
2650.0,2650.0,6.0,0.06414046138525009,8e-05,0.18923170864582062,0.0
2651.0,2651.0,6.0,0.049238674342632294,8e-05,0.2717399299144745,0.0
2652.0,2652.0,6.0,0.05251138657331467,8e-05,0.1827400177717209,0.0
2653.0,2653.0,6.0,0.05223047733306885,8e-05,0.21717822551727295,0.0
2654.0,2654.0,6.0,0.06037086993455887,8e-05,0.2591564655303955,0.0
2655.0,2655.0,6.0,0.052886150777339935,8e-05,0.27283409237861633,0.0
2656.0,2656.0,6.0,0.06134408712387085,8e-05,0.19325260818004608,0.0
2657.0,2657.0,6.0,0.05126235634088516,8e-05,0.26740625500679016,0.0
2658.0,2658.0,6.0,0.06243684142827988,8e-05,0.16924287378787994,0.0
2659.0,2659.0,6.0,0.061881404370069504,8e-05,0.34804224967956543,0.0
2660.0,2660.0,6.0,0.056876860558986664,8e-05,0.24975888431072235,0.0
2661.0,2661.0,6.0,0.048646435141563416,8e-05,0.28954362869262695,0.0
2662.0,2662.0,6.0,0.051996953785419464,8e-05,0.18870343267917633,0.0
2663.0,2663.0,6.0,0.060658328235149384,8e-05,0.2958701252937317,0.0
2664.0,2664.0,6.0,0.06584823131561279,8e-05,0.19484004378318787,0.0
2665.0,2665.0,6.0,0.06367425620555878,8e-05,0.21518956124782562,0.0
2666.0,2666.0,6.0,0.05468788743019104,8e-05,0.21759264171123505,0.0
2667.0,2667.0,6.0,0.0748724713921547,8e-05,0.1833011656999588,0.0
2668.0,2668.0,6.0,0.054260920733213425,8e-05,0.22759276628494263,0.0
2669.0,2669.0,6.0,0.06101145222783089,8e-05,0.2464469075202942,0.0
2670.0,2670.0,6.0,0.059620410203933716,8e-05,0.23315121233463287,0.0
2671.0,2671.0,6.0,0.05476683750748634,8e-05,0.1889016330242157,0.0
2672.0,2672.0,6.0,0.06833648681640625,8e-05,0.2789017856121063,0.0
2673.0,2673.0,6.0,0.06354271620512009,8e-05,0.1440734714269638,0.0
2674.0,2674.0,6.0,0.060627974569797516,8e-05,0.32101041078567505,0.0
2675.0,2675.0,6.0,0.06672907620668411,8e-05,0.18558984994888306,0.0
2676.0,2676.0,6.0,0.07254093885421753,8e-05,0.31739088892936707,0.0
2677.0,2677.0,6.0,0.060248441994190216,8e-05,0.16742011904716492,0.0
2678.0,2678.0,6.0,0.05706106498837471,8e-05,0.2734835743904114,0.0
2679.0,2679.0,6.0,0.07659086585044861,8e-05,0.2307269275188446,0.0
2680.0,2680.0,6.0,0.053074341267347336,8e-05,0.2498563826084137,0.0
2681.0,2681.0,6.0,0.05664132535457611,8e-05,0.14279033243656158,0.0
2682.0,2682.0,6.0,0.06847396492958069,8e-05,0.2073625773191452,0.0
2683.0,2683.0,6.0,0.07314642518758774,8e-05,0.2348509430885315,0.0
2684.0,2684.0,6.0,0.06310795992612839,8e-05,0.14762334525585175,0.0
2685.0,2685.0,6.0,0.06507006287574768,8e-05,0.23489099740982056,0.0
2686.0,2686.0,6.0,0.05374833941459656,8e-05,0.12329790741205215,0.0
2687.0,2687.0,6.0,0.06585957854986191,8e-05,0.17750273644924164,0.0
2688.0,2688.0,6.0,0.06239160895347595,8e-05,0.17750370502471924,0.0
2689.0,2689.0,6.0,0.06317564100027084,8e-05,0.13403061032295227,0.0
2690.0,2690.0,6.0,0.05709127336740494,8e-05,0.16804438829421997,0.0
2691.0,2691.0,6.0,0.052588675171136856,8e-05,0.15122058987617493,0.0
2692.0,2692.0,6.0,0.06425879150629044,8e-05,0.14882247149944305,0.0
2693.0,2693.0,6.0,0.06110978499054909,8e-05,0.1545095294713974,0.0
2694.0,2694.0,6.0,0.05815547704696655,8e-05,0.12165135890245438,0.0
2695.0,2695.0,6.0,0.05836652219295502,8e-05,0.16694432497024536,0.0
2696.0,2696.0,6.0,0.06705774366855621,8e-05,0.1778915673494339,0.0
2697.0,2697.0,6.0,0.05611569806933403,8e-05,0.22684776782989502,0.0
2698.0,2698.0,6.0,0.059740856289863586,8e-05,0.12630416452884674,0.0
2699.0,2699.0,6.0,0.07299503684043884,8e-05,0.18064790964126587,0.0
2700.0,2700.0,6.0,0.06619685888290405,8e-05,0.1466435343027115,0.0
2701.0,2701.0,6.0,0.07775312662124634,8e-05,0.11663839221000671,0.0
2702.0,2702.0,6.0,0.05506459251046181,8e-05,0.12038028240203857,0.0
2703.0,2703.0,6.0,0.05333399772644043,8e-05,0.12237027287483215,0.0
2704.0,2704.0,6.0,0.05707257613539696,8e-05,0.12240879237651825,0.0
2705.0,2705.0,6.0,0.0684279277920723,8e-05,0.15240024030208588,0.0
2706.0,2706.0,6.0,0.06909289211034775,8e-05,0.15856997668743134,0.0
2707.0,2707.0,6.0,0.06925402581691742,8e-05,0.14646171033382416,0.0
2708.0,2708.0,6.0,0.05702692270278931,8e-05,0.12113986909389496,0.0
2709.0,2709.0,6.0,0.05753142759203911,8e-05,0.23579731583595276,0.0
2710.0,2710.0,6.0,0.06174830347299576,8e-05,0.1596238762140274,0.0
2711.0,2711.0,6.0,0.07233075797557831,8e-05,0.2099638730287552,0.0
2712.0,2712.0,6.0,0.05269291251897812,8e-05,0.10040435194969177,0.0
2713.0,2713.0,6.0,0.0658644586801529,8e-05,0.17295488715171814,0.0
2714.0,2714.0,6.0,0.058948054909706116,8e-05,0.13245739042758942,0.0
2715.0,2715.0,6.0,0.04720299690961838,8e-05,0.11830691248178482,0.0
2716.0,2716.0,6.0,0.07119135558605194,8e-05,0.21560263633728027,0.0
2717.0,2717.0,6.0,0.05326924845576286,8e-05,0.11220531910657883,0.0
2718.0,2718.0,6.0,0.04773683473467827,8e-05,0.16993913054466248,0.0
2719.0,2719.0,6.0,0.0705653727054596,8e-05,0.14196322858333588,0.0
2720.0,2720.0,6.0,0.06605368852615356,8e-05,0.170716792345047,0.0
2721.0,2721.0,6.0,0.06141349673271179,8e-05,0.11034905165433884,0.0
2722.0,2722.0,6.0,0.06488681584596634,8e-05,0.15918704867362976,0.0
2723.0,2723.0,6.0,0.06083520129323006,8e-05,0.1367967128753662,0.0
2724.0,2724.0,6.0,0.07651306688785553,8e-05,0.13452188670635223,0.0
2725.0,2725.0,6.0,0.04874613508582115,8e-05,0.12159731984138489,0.0
2726.0,2726.0,6.0,0.06637079268693924,8e-05,0.1623682826757431,0.0
2727.0,2727.0,6.0,0.061488404870033264,8e-05,0.21406127512454987,0.0
2728.0,2728.0,6.0,0.06225135922431946,8e-05,0.1957005113363266,0.0
2729.0,2729.0,6.0,0.060293812304735184,8e-05,0.20822416245937347,0.0
2730.0,2730.0,6.0,0.05610666424036026,8e-05,0.2601643204689026,0.0
2731.0,2731.0,7.0,0.0629505068063736,8e-05,0.18036185204982758,0.0
2732.0,2732.0,7.0,0.06813979148864746,8e-05,0.1997879296541214,0.0
2733.0,2733.0,7.0,0.06320652365684509,8e-05,0.19112247228622437,0.0
2734.0,2734.0,7.0,0.0734509602189064,8e-05,0.152921661734581,0.0
2735.0,2735.0,7.0,0.06638476997613907,8e-05,0.18167227506637573,0.0
2736.0,2736.0,7.0,0.06238195672631264,8e-05,0.16531507670879364,0.0
2737.0,2737.0,7.0,0.05651351064443588,8e-05,0.10358262807130814,0.0
2738.0,2738.0,7.0,0.07061561942100525,8e-05,0.20374798774719238,0.0
2739.0,2739.0,7.0,0.06270124018192291,8e-05,0.16425351798534393,0.0
2740.0,2740.0,7.0,0.054905541241168976,8e-05,0.20526376366615295,0.0
2741.0,2741.0,7.0,0.06929368525743484,8e-05,0.21475167572498322,0.0
2742.0,2742.0,7.0,0.057513527572155,8e-05,0.19621025025844574,0.0
2743.0,2743.0,7.0,0.04876971244812012,8e-05,0.15753497183322906,0.0
2744.0,2744.0,7.0,0.07302666455507278,8e-05,0.24720291793346405,0.0
2745.0,2745.0,7.0,0.05549705773591995,8e-05,0.19673489034175873,0.0
2746.0,2746.0,7.0,0.07370120286941528,8e-05,0.1713392734527588,0.0
2747.0,2747.0,7.0,0.05868210643529892,8e-05,0.2568654716014862,0.0
2748.0,2748.0,7.0,0.056806780397892,8e-05,0.19350777566432953,0.0
2749.0,2749.0,7.0,0.04874453693628311,8e-05,0.17368191480636597,0.0
2750.0,2750.0,7.0,0.07886369526386261,8e-05,0.28922271728515625,0.0
2751.0,2751.0,7.0,0.06183934956789017,8e-05,0.16635249555110931,0.0
2752.0,2752.0,7.0,0.06062415614724159,8e-05,0.2607785165309906,0.0
2753.0,2753.0,7.0,0.06552061438560486,8e-05,0.20294465124607086,0.0
2754.0,2754.0,7.0,0.06554808467626572,8e-05,0.21533451974391937,0.0
2755.0,2755.0,7.0,0.05321240797638893,8e-05,0.2600681483745575,0.0
2756.0,2756.0,7.0,0.05336935073137283,8e-05,0.23758499324321747,0.0
2757.0,2757.0,7.0,0.05381939560174942,8e-05,0.24163629114627838,0.0
2758.0,2758.0,7.0,0.06153280660510063,8e-05,0.3000204563140869,0.0
2759.0,2759.0,7.0,0.06361857056617737,8e-05,0.21633513271808624,0.0
2760.0,2760.0,7.0,0.06202485412359238,8e-05,0.26754164695739746,0.0
2761.0,2761.0,7.0,0.05752508342266083,8e-05,0.2069523185491562,0.0
2762.0,2762.0,7.0,0.07012709975242615,8e-05,0.29424023628234863,0.0
2763.0,2763.0,7.0,0.07066941261291504,8e-05,0.202667236328125,0.0
2764.0,2764.0,7.0,0.05556683987379074,8e-05,0.29606184363365173,0.0
2765.0,2765.0,7.0,0.05227776989340782,8e-05,0.21260568499565125,0.0
2766.0,2766.0,7.0,0.0569697767496109,8e-05,0.22766467928886414,0.0
2767.0,2767.0,7.0,0.06111876666545868,8e-05,0.17858284711837769,0.0
2768.0,2768.0,7.0,0.07242763042449951,8e-05,0.15518061816692352,0.0
2769.0,2769.0,7.0,0.05498850718140602,8e-05,0.18273304402828217,0.0
2770.0,2770.0,7.0,0.06748532503843307,8e-05,0.15533776581287384,0.0
2771.0,2771.0,7.0,0.06328482925891876,8e-05,0.18881537020206451,0.0
2772.0,2772.0,7.0,0.07294520735740662,8e-05,0.18698401749134064,0.0
2773.0,2773.0,7.0,0.07409468293190002,8e-05,0.19382914900779724,0.0
2774.0,2774.0,7.0,0.05392960458993912,8e-05,0.10415893793106079,0.0
2775.0,2775.0,7.0,0.05994988977909088,8e-05,0.1740182489156723,0.0
2776.0,2776.0,7.0,0.0633285790681839,8e-05,0.18419010937213898,0.0
2777.0,2777.0,7.0,0.07275502383708954,8e-05,0.30068686604499817,0.0
2778.0,2778.0,7.0,0.05918482318520546,8e-05,0.1669025421142578,0.0
2779.0,2779.0,7.0,0.050334371626377106,8e-05,0.34011268615722656,0.0
2780.0,2780.0,7.0,0.04771070554852486,8e-05,0.11908900737762451,0.0
2781.0,2781.0,7.0,0.06541413068771362,8e-05,0.3150603175163269,0.0
2782.0,2782.0,7.0,0.05339936539530754,8e-05,0.2257269024848938,0.0
2783.0,2783.0,7.0,0.06908160448074341,8e-05,0.2070317417383194,0.0
2784.0,2784.0,7.0,0.06295791268348694,8e-05,0.21443036198616028,0.0
2785.0,2785.0,7.0,0.06730321049690247,8e-05,0.2172599881887436,0.0
2786.0,2786.0,7.0,0.0580286905169487,8e-05,0.20445379614830017,0.0
2787.0,2787.0,7.0,0.05560626462101936,8e-05,0.16616150736808777,0.0
2788.0,2788.0,7.0,0.05843045562505722,8e-05,0.20972856879234314,0.0
2789.0,2789.0,7.0,0.06604268401861191,8e-05,0.1589239090681076,0.0
2790.0,2790.0,7.0,0.05142524838447571,8e-05,0.18475191295146942,0.0
2791.0,2791.0,7.0,0.049335777759552,8e-05,0.14592069387435913,0.0
2792.0,2792.0,7.0,0.06143460050225258,8e-05,0.1810363382101059,0.0
2793.0,2793.0,7.0,0.06989817321300507,8e-05,0.15275630354881287,0.0
2794.0,2794.0,7.0,0.06374642252922058,8e-05,0.19424887001514435,0.0
2795.0,2795.0,7.0,0.0538458414375782,8e-05,0.13255606591701508,0.0
2796.0,2796.0,7.0,0.06050947681069374,8e-05,0.16954517364501953,0.0
2797.0,2797.0,7.0,0.05875339359045029,8e-05,0.18478527665138245,0.0
2798.0,2798.0,7.0,0.057863958179950714,8e-05,0.13157165050506592,0.0
2799.0,2799.0,7.0,0.0489080585539341,8e-05,0.2125982791185379,0.0
2800.0,2800.0,7.0,0.060569413006305695,8e-05,0.23854877054691315,0.0
2801.0,2801.0,7.0,0.08018714189529419,8e-05,0.15715640783309937,0.0
2802.0,2802.0,7.0,0.05474976450204849,8e-05,0.27792108058929443,0.0
2803.0,2803.0,7.0,0.061109449714422226,8e-05,0.14164839684963226,0.0
2804.0,2804.0,7.0,0.06214233487844467,8e-05,0.2285192757844925,0.0
2805.0,2805.0,7.0,0.06966798007488251,8e-05,0.23036231100559235,0.0
2806.0,2806.0,7.0,0.07869202643632889,8e-05,0.1968275010585785,0.0
2807.0,2807.0,7.0,0.06586464494466782,8e-05,0.20305821299552917,0.0
2808.0,2808.0,7.0,0.047653328627347946,8e-05,0.1776672601699829,0.0
2809.0,2809.0,7.0,0.051283858716487885,8e-05,0.2408779412508011,0.0
2810.0,2810.0,7.0,0.06085370481014252,8e-05,0.16519112884998322,0.0
2811.0,2811.0,7.0,0.06765538454055786,8e-05,0.24441705644130707,0.0
2812.0,2812.0,7.0,0.052867744117975235,8e-05,0.1326211392879486,0.0
2813.0,2813.0,7.0,0.0567663237452507,8e-05,0.21393801271915436,0.0
2814.0,2814.0,7.0,0.04653400927782059,8e-05,0.12695550918579102,0.0
2815.0,2815.0,7.0,0.05405759811401367,8e-05,0.10569994151592255,0.0
2816.0,2816.0,7.0,0.06710495799779892,8e-05,0.17184506356716156,0.0
2817.0,2817.0,7.0,0.05810936540365219,8e-05,0.14998599886894226,0.0
2818.0,2818.0,7.0,0.06481873989105225,8e-05,0.16306066513061523,0.0
2819.0,2819.0,7.0,0.04919673502445221,8e-05,0.20898516476154327,0.0
2820.0,2820.0,7.0,0.0687941312789917,8e-05,0.20454250276088715,0.0
2821.0,2821.0,7.0,0.06585033982992172,8e-05,0.17959971725940704,0.0
2822.0,2822.0,7.0,0.069424569606781,8e-05,0.19519653916358948,0.0
2823.0,2823.0,7.0,0.057841792702674866,8e-05,0.21506929397583008,0.0
2824.0,2824.0,7.0,0.05371672660112381,8e-05,0.2587476372718811,0.0
2825.0,2825.0,7.0,0.06100453436374664,8e-05,0.19931185245513916,0.0
2826.0,2826.0,7.0,0.0595523864030838,8e-05,0.21763020753860474,0.0
2827.0,2827.0,7.0,0.054735369980335236,8e-05,0.18069341778755188,0.0
2828.0,2828.0,7.0,0.0642121285200119,8e-05,0.2329729050397873,0.0
2829.0,2829.0,7.0,0.050568096339702606,8e-05,0.12168996781110764,0.0
2830.0,2830.0,7.0,0.05463974177837372,8e-05,0.2944738566875458,0.0
2831.0,2831.0,7.0,0.06884386390447617,8e-05,0.13768282532691956,0.0
2832.0,2832.0,7.0,0.05984156206250191,8e-05,0.2826220691204071,0.0
2833.0,2833.0,7.0,0.08930152654647827,8e-05,0.16193944215774536,0.0
2834.0,2834.0,7.0,0.06211128085851669,8e-05,0.28230413794517517,0.0
2835.0,2835.0,7.0,0.062043748795986176,8e-05,0.1461896300315857,0.0
2836.0,2836.0,7.0,0.06339913606643677,8e-05,0.25179219245910645,0.0
2837.0,2837.0,7.0,0.05221148952841759,8e-05,0.1827002912759781,0.0
2838.0,2838.0,7.0,0.0596945583820343,8e-05,0.244184210896492,0.0
2839.0,2839.0,7.0,0.0665656104683876,8e-05,0.15734907984733582,0.0
2840.0,2840.0,7.0,0.07221262156963348,8e-05,0.20077089965343475,0.0
2841.0,2841.0,7.0,0.06243756040930748,8e-05,0.11416321247816086,0.0
2842.0,2842.0,7.0,0.058361250907182693,8e-05,0.14830251038074493,0.0
2843.0,2843.0,7.0,0.06475134938955307,8e-05,0.13978341221809387,0.0
2844.0,2844.0,7.0,0.05594008415937424,8e-05,0.13632065057754517,0.0
2845.0,2845.0,7.0,0.06325805187225342,8e-05,0.13780337572097778,0.0
2846.0,2846.0,7.0,0.05924293398857117,8e-05,0.13227486610412598,0.0
2847.0,2847.0,7.0,0.06561644375324249,8e-05,0.16775836050510406,0.0
2848.0,2848.0,7.0,0.07509224116802216,8e-05,0.19589559733867645,0.0
2849.0,2849.0,7.0,0.05154194310307503,8e-05,0.12337982654571533,0.0
2850.0,2850.0,7.0,0.06774915754795074,8e-05,0.22014972567558289,0.0
2851.0,2851.0,7.0,0.07585902512073517,8e-05,0.1410631686449051,0.0
2852.0,2852.0,7.0,0.0509519949555397,8e-05,0.21591943502426147,0.0
2853.0,2853.0,7.0,0.04914179444313049,8e-05,0.12566091120243073,0.0
2854.0,2854.0,7.0,0.07351960986852646,8e-05,0.24898658692836761,0.0
2855.0,2855.0,7.0,0.06162581965327263,8e-05,0.1384420543909073,0.0
2856.0,2856.0,7.0,0.06845220923423767,8e-05,0.25990554690361023,0.0
2857.0,2857.0,7.0,0.05698663741350174,8e-05,0.11180804669857025,0.0
2858.0,2858.0,7.0,0.07411672919988632,8e-05,0.28657057881355286,0.0
2859.0,2859.0,7.0,0.06816959381103516,8e-05,0.1315227746963501,0.0
2860.0,2860.0,7.0,0.05578462779521942,8e-05,0.20010046660900116,0.0
2861.0,2861.0,7.0,0.0597289502620697,8e-05,0.1654922068119049,0.0
2862.0,2862.0,7.0,0.07155325263738632,8e-05,0.25370118021965027,0.0
2863.0,2863.0,7.0,0.057380352169275284,8e-05,0.11682562530040741,0.0
2864.0,2864.0,7.0,0.06878343224525452,8e-05,0.1802922785282135,0.0
2865.0,2865.0,7.0,0.06080620363354683,8e-05,0.1837603598833084,0.0
2866.0,2866.0,7.0,0.05721791088581085,8e-05,0.14781971275806427,0.0
2867.0,2867.0,7.0,0.0447482168674469,8e-05,0.17722514271736145,0.0
2868.0,2868.0,7.0,0.04794640466570854,8e-05,0.15314145386219025,0.0
2869.0,2869.0,7.0,0.05538212135434151,8e-05,0.184236079454422,0.0
2870.0,2870.0,7.0,0.06040641665458679,8e-05,0.12000562250614166,0.0
2871.0,2871.0,7.0,0.06221787631511688,8e-05,0.2630942761898041,0.0
2872.0,2872.0,7.0,0.04730454832315445,8e-05,0.17812764644622803,0.0
2873.0,2873.0,7.0,0.06319393217563629,8e-05,0.2991081178188324,0.0
2874.0,2874.0,7.0,0.06517699360847473,8e-05,0.1939743608236313,0.0
2875.0,2875.0,7.0,0.07032785564661026,8e-05,0.2983604967594147,0.0
2876.0,2876.0,7.0,0.06723721325397491,8e-05,0.24353408813476562,0.0
2877.0,2877.0,7.0,0.05798941105604172,8e-05,0.23478259146213531,0.0
2878.0,2878.0,7.0,0.050670213997364044,8e-05,0.28257277607917786,0.0
2879.0,2879.0,7.0,0.06421917676925659,8e-05,0.22013045847415924,0.0
2880.0,2880.0,7.0,0.06423737108707428,8e-05,0.25819289684295654,0.0
2881.0,2881.0,7.0,0.07109461724758148,8e-05,0.23924697935581207,0.0
2882.0,2882.0,7.0,0.06270703673362732,8e-05,0.20921526849269867,0.0
2883.0,2883.0,7.0,0.06508821249008179,8e-05,0.2796962559223175,0.0
2884.0,2884.0,7.0,0.055751070380210876,8e-05,0.13106156885623932,0.0
2885.0,2885.0,7.0,0.04497231915593147,8e-05,0.3023374676704407,0.0
2886.0,2886.0,7.0,0.05250603333115578,8e-05,0.14678236842155457,0.0
2887.0,2887.0,7.0,0.07651707530021667,8e-05,0.21002185344696045,0.0
2888.0,2888.0,7.0,0.05830402672290802,8e-05,0.16813252866268158,0.0
2889.0,2889.0,7.0,0.07204163819551468,8e-05,0.16931679844856262,0.0
2890.0,2890.0,7.0,0.07083049416542053,8e-05,0.2115337997674942,0.0
2891.0,2891.0,7.0,0.054047368466854095,8e-05,0.14043742418289185,0.0
2892.0,2892.0,7.0,0.07263165712356567,8e-05,0.19443516433238983,0.0
2893.0,2893.0,7.0,0.06445630639791489,8e-05,0.19281107187271118,0.0
2894.0,2894.0,7.0,0.060695599764585495,8e-05,0.18019503355026245,0.0
2895.0,2895.0,7.0,0.06749426573514938,8e-05,0.26544392108917236,0.0
2896.0,2896.0,7.0,0.06603120267391205,8e-05,0.19243301451206207,0.0
2897.0,2897.0,7.0,0.07654227316379547,8e-05,0.258765310049057,0.0
2898.0,2898.0,7.0,0.05655726045370102,8e-05,0.2188788801431656,0.0
2899.0,2899.0,7.0,0.04933900013566017,8e-05,0.16243970394134521,0.0
2900.0,2900.0,7.0,0.06264443695545197,8e-05,0.25095346570014954,0.0
2901.0,2901.0,7.0,0.05861461162567139,8e-05,0.17930442094802856,0.0
2902.0,2902.0,7.0,0.054461363703012466,8e-05,0.26841065287590027,0.0
2903.0,2903.0,7.0,0.0635380744934082,8e-05,0.24509045481681824,0.0
2904.0,2904.0,7.0,0.060882896184921265,8e-05,0.14811252057552338,0.0
2905.0,2905.0,7.0,0.06274119764566422,8e-05,0.2862870395183563,0.0
2906.0,2906.0,7.0,0.053679995238780975,8e-05,0.1384398639202118,0.0
2907.0,2907.0,7.0,0.05880073457956314,8e-05,0.2440248429775238,0.0
2908.0,2908.0,7.0,0.07579685747623444,8e-05,0.14515286684036255,0.0
2909.0,2909.0,7.0,0.05929768458008766,8e-05,0.2933221459388733,0.0
2910.0,2910.0,7.0,0.05961819365620613,8e-05,0.18787777423858643,0.0
2911.0,2911.0,7.0,0.06979311257600784,8e-05,0.1361021101474762,0.0
2912.0,2912.0,7.0,0.05344133451581001,8e-05,0.34030112624168396,0.0
2913.0,2913.0,7.0,0.06088751554489136,8e-05,0.15421462059020996,0.0
2914.0,2914.0,7.0,0.05844119191169739,8e-05,0.32973796129226685,0.0
2915.0,2915.0,7.0,0.06420953571796417,8e-05,0.23545227944850922,0.0
2916.0,2916.0,7.0,0.06298182904720306,8e-05,0.24072973430156708,0.0
2917.0,2917.0,7.0,0.0687708631157875,8e-05,0.27744171023368835,0.0
2918.0,2918.0,7.0,0.056616172194480896,8e-05,0.18830107152462006,0.0
2919.0,2919.0,7.0,0.06240331754088402,8e-05,0.20513755083084106,0.0
2920.0,2920.0,7.0,0.07001544535160065,8e-05,0.19848684966564178,0.0
2921.0,2921.0,7.0,0.05841648951172829,8e-05,0.17609012126922607,0.0
2922.0,2922.0,7.0,0.05858205631375313,8e-05,0.16361422836780548,0.0
2923.0,2923.0,7.0,0.05012935400009155,8e-05,0.17843914031982422,0.0
2924.0,2924.0,7.0,0.07715492695569992,8e-05,0.19408535957336426,0.0
2925.0,2925.0,7.0,0.06314051151275635,8e-05,0.19603778421878815,0.0
2926.0,2926.0,7.0,0.07587996870279312,8e-05,0.25372231006622314,0.0
2927.0,2927.0,7.0,0.06805001199245453,8e-05,0.1556919515132904,0.0
2928.0,2928.0,7.0,0.050963688641786575,8e-05,0.1926654577255249,0.0
2929.0,2929.0,7.0,0.05568913742899895,8e-05,0.20637135207653046,0.0
2930.0,2930.0,7.0,0.06849679350852966,8e-05,0.1691443920135498,0.0
2931.0,2931.0,7.0,0.05203523486852646,8e-05,0.2079642117023468,0.0
2932.0,2932.0,7.0,0.06241551786661148,8e-05,0.2374078929424286,0.0
2933.0,2933.0,7.0,0.06723528355360031,8e-05,0.2251388430595398,0.0
2934.0,2934.0,7.0,0.04726161062717438,8e-05,0.23382067680358887,0.0
2935.0,2935.0,7.0,0.04938635230064392,8e-05,0.19825713336467743,0.0
2936.0,2936.0,7.0,0.06057823449373245,8e-05,0.2674911320209503,0.0
2937.0,2937.0,7.0,0.05371981859207153,8e-05,0.19946324825286865,0.0
2938.0,2938.0,7.0,0.07191549241542816,8e-05,0.2650793790817261,0.0
2939.0,2939.0,7.0,0.051644545048475266,8e-05,0.2652381360530853,0.0
2940.0,2940.0,7.0,0.0781722366809845,8e-05,0.2115846574306488,0.0
2941.0,2941.0,7.0,0.0640571117401123,8e-05,0.2830932140350342,0.0
2942.0,2942.0,7.0,0.05685081332921982,8e-05,0.1257409155368805,0.0
2943.0,2943.0,7.0,0.056852445006370544,8e-05,0.24850775301456451,0.0
2944.0,2944.0,7.0,0.05355297029018402,8e-05,0.15935061872005463,0.0
2945.0,2945.0,7.0,0.05054650455713272,8e-05,0.18376889824867249,0.0
2946.0,2946.0,7.0,0.04632168635725975,8e-05,0.2663312554359436,0.0
2947.0,2947.0,7.0,0.061794817447662354,8e-05,0.13853538036346436,0.0
2948.0,2948.0,7.0,0.09212856739759445,8e-05,0.18307910859584808,0.0
2949.0,2949.0,7.0,0.05366290360689163,8e-05,0.21308092772960663,0.0
2950.0,2950.0,7.0,0.05622604861855507,8e-05,0.12713292241096497,0.0
2951.0,2951.0,7.0,0.06058378517627716,8e-05,0.1619386523962021,0.0
2952.0,2952.0,7.0,0.06514978408813477,8e-05,0.24945299327373505,0.0
2953.0,2953.0,7.0,0.06898559629917145,8e-05,0.17268873751163483,0.0
2954.0,2954.0,7.0,0.05407758802175522,8e-05,0.2680223882198334,0.0
2955.0,2955.0,7.0,0.05870138853788376,8e-05,0.20976147055625916,0.0
2956.0,2956.0,7.0,0.06489595025777817,8e-05,0.16506832838058472,0.0
2957.0,2957.0,7.0,0.06675773859024048,8e-05,0.2694069743156433,0.0
2958.0,2958.0,7.0,0.05414765700697899,8e-05,0.1577351838350296,0.0
2959.0,2959.0,7.0,0.058262817561626434,8e-05,0.19701850414276123,0.0
2960.0,2960.0,7.0,0.0665346309542656,8e-05,0.25189948081970215,0.0
2961.0,2961.0,7.0,0.0629439502954483,8e-05,0.18528714776039124,0.0
2962.0,2962.0,7.0,0.0662938803434372,8e-05,0.1763531118631363,0.0
2963.0,2963.0,7.0,0.07172055542469025,8e-05,0.20150358974933624,0.0
2964.0,2964.0,7.0,0.060502223670482635,8e-05,0.15756694972515106,0.0
2965.0,2965.0,7.0,0.052475281059741974,8e-05,0.15035480260849,0.0
2966.0,2966.0,7.0,0.07702670991420746,8e-05,0.1727769374847412,0.0
2967.0,2967.0,7.0,0.06067764759063721,8e-05,0.13290412724018097,0.0
2968.0,2968.0,7.0,0.07847493886947632,8e-05,0.17193154990673065,0.0
2969.0,2969.0,7.0,0.05199603736400604,8e-05,0.09351757168769836,0.0
2970.0,2970.0,7.0,0.07352560758590698,8e-05,0.175469771027565,0.0
2971.0,2971.0,7.0,0.062443021684885025,8e-05,0.12814611196517944,0.0
2972.0,2972.0,7.0,0.06240858882665634,8e-05,0.22311420738697052,0.0
2973.0,2973.0,7.0,0.06041262298822403,8e-05,0.13173280656337738,0.0
2974.0,2974.0,7.0,0.05995280295610428,8e-05,0.2254844605922699,0.0
2975.0,2975.0,7.0,0.057283077389001846,8e-05,0.2029733508825302,0.0
2976.0,2976.0,7.0,0.04744046926498413,8e-05,0.18816031515598297,0.0
2977.0,2977.0,7.0,0.06960990279912949,8e-05,0.1938193142414093,0.0
2978.0,2978.0,7.0,0.07622397691011429,8e-05,0.2397812455892563,0.0
2979.0,2979.0,7.0,0.06074536591768265,8e-05,0.16988466680049896,0.0
2980.0,2980.0,7.0,0.05367906019091606,8e-05,0.22023701667785645,0.0
2981.0,2981.0,7.0,0.05906490981578827,8e-05,0.22051574289798737,0.0
2982.0,2982.0,7.0,0.05513064190745354,8e-05,0.16195978224277496,0.0
2983.0,2983.0,7.0,0.07206907868385315,8e-05,0.2639635503292084,0.0
2984.0,2984.0,7.0,0.06074737384915352,8e-05,0.11377282440662384,0.0
2985.0,2985.0,7.0,0.07573545724153519,8e-05,0.24444516003131866,0.0
2986.0,2986.0,7.0,0.06055094674229622,8e-05,0.1756114661693573,0.0
2987.0,2987.0,7.0,0.06782251596450806,8e-05,0.17432300746440887,0.0
2988.0,2988.0,7.0,0.0567731037735939,8e-05,0.18327417969703674,0.0
2989.0,2989.0,7.0,0.06589370965957642,8e-05,0.2072763741016388,0.0
2990.0,2990.0,7.0,0.056967902928590775,8e-05,0.14984989166259766,0.0
2991.0,2991.0,7.0,0.05639541894197464,8e-05,0.2773575484752655,0.0
2992.0,2992.0,7.0,0.052792929112911224,8e-05,0.1812817007303238,0.0
2993.0,2993.0,7.0,0.054649315774440765,8e-05,0.23223282396793365,0.0
2994.0,2994.0,7.0,0.0617888979613781,8e-05,0.1379159837961197,0.0
2995.0,2995.0,7.0,0.06265009939670563,8e-05,0.262815922498703,0.0
2996.0,2996.0,7.0,0.07375162839889526,8e-05,0.16838385164737701,0.0
2997.0,2997.0,7.0,0.05138528347015381,8e-05,0.1784013956785202,0.0
2998.0,2998.0,7.0,0.05596184730529785,8e-05,0.2308107614517212,0.0
2999.0,2999.0,7.0,0.05158291757106781,8e-05,0.1876472681760788,0.0
3000.0,3000.0,7.0,0.07049107551574707,8e-05,0.219338521361351,0.0
3001.0,3001.0,7.0,0.05825025588274002,8e-05,0.14217498898506165,0.0
3002.0,3002.0,7.0,0.06837214529514313,8e-05,0.12870705127716064,0.0
3003.0,3003.0,7.0,0.07666098326444626,8e-05,0.19571594893932343,0.0
3004.0,3004.0,7.0,0.05949466675519943,8e-05,0.12477704882621765,0.0
3005.0,3005.0,7.0,0.06656699627637863,8e-05,0.1326778531074524,0.0
3006.0,3006.0,7.0,0.07140874862670898,8e-05,0.19161181151866913,0.0
3007.0,3007.0,7.0,0.07838991284370422,8e-05,0.16557125747203827,0.0
3008.0,3008.0,7.0,0.055087052285671234,8e-05,0.17591702938079834,0.0
3009.0,3009.0,7.0,0.06538522243499756,8e-05,0.24501700699329376,0.0
3010.0,3010.0,7.0,0.07500018179416656,8e-05,0.1556825339794159,0.0
3011.0,3011.0,7.0,0.05118286982178688,8e-05,0.13223527371883392,0.0
3012.0,3012.0,7.0,0.0561639741063118,8e-05,0.16447533667087555,0.0
3013.0,3013.0,7.0,0.06474676728248596,8e-05,0.16141626238822937,0.0
3014.0,3014.0,7.0,0.05223822221159935,8e-05,0.1607024073600769,0.0
3015.0,3015.0,7.0,0.0593353696167469,8e-05,0.1360442340373993,0.0
3016.0,3016.0,7.0,0.06329509615898132,8e-05,0.1775193214416504,0.0
3017.0,3017.0,7.0,0.059722840785980225,8e-05,0.16683365404605865,0.0
3018.0,3018.0,7.0,0.07833991944789886,8e-05,0.24218736588954926,0.0
3019.0,3019.0,7.0,0.060432400554418564,8e-05,0.18461056053638458,0.0
3020.0,3020.0,7.0,0.06075074523687363,8e-05,0.21120131015777588,0.0
3021.0,3021.0,7.0,0.05199657380580902,8e-05,0.19527925550937653,0.0
3022.0,3022.0,7.0,0.0632929652929306,8e-05,0.2857142388820648,0.0
3023.0,3023.0,7.0,0.06376668065786362,8e-05,0.17728370428085327,0.0
3024.0,3024.0,7.0,0.06663163751363754,8e-05,0.2501319646835327,0.0
3025.0,3025.0,7.0,0.05487542971968651,8e-05,0.13971853256225586,0.0
3026.0,3026.0,7.0,0.05895049870014191,8e-05,0.2817581295967102,0.0
3027.0,3027.0,7.0,0.06271914392709732,8e-05,0.15583039820194244,0.0
3028.0,3028.0,7.0,0.07283845543861389,8e-05,0.3681493401527405,0.0
3029.0,3029.0,7.0,0.0615573450922966,8e-05,0.18755395710468292,0.0
3030.0,3030.0,7.0,0.05490819364786148,8e-05,0.2432398647069931,0.0
3031.0,3031.0,7.0,0.06766442954540253,8e-05,0.1550348699092865,0.0
3032.0,3032.0,7.0,0.06379935890436172,8e-05,0.20243792235851288,0.0
3033.0,3033.0,7.0,0.06678249686956406,8e-05,0.1144966185092926,0.0
3034.0,3034.0,7.0,0.0638512596487999,8e-05,0.219295471906662,0.0
3035.0,3035.0,7.0,0.05885840207338333,8e-05,0.16954787075519562,0.0
3036.0,3036.0,7.0,0.06771082431077957,8e-05,0.26571014523506165,0.0
3037.0,3037.0,7.0,0.07310304045677185,8e-05,0.18167522549629211,0.0
3038.0,3038.0,7.0,0.06061694771051407,8e-05,0.21776653826236725,0.0
3039.0,3039.0,7.0,0.06598179042339325,8e-05,0.20632191002368927,0.0
3040.0,3040.0,7.0,0.05033152550458908,8e-05,0.19067446887493134,0.0
3041.0,3041.0,7.0,0.04475097358226776,8e-05,0.14237554371356964,0.0
3042.0,3042.0,7.0,0.07767996191978455,8e-05,0.23317702114582062,0.0
3043.0,3043.0,7.0,0.054506316781044006,8e-05,0.1856522262096405,0.0
3044.0,3044.0,7.0,0.0677889734506607,8e-05,0.18531180918216705,0.0
3045.0,3045.0,7.0,0.06987303495407104,8e-05,0.21349145472049713,0.0
3046.0,3046.0,7.0,0.05830027163028717,8e-05,0.16169236600399017,0.0
3047.0,3047.0,7.0,0.06666145473718643,8e-05,0.21826539933681488,0.0
3048.0,3048.0,7.0,0.05851609632372856,8e-05,0.11829300969839096,0.0
3049.0,3049.0,7.0,0.07355118542909622,8e-05,0.21246162056922913,0.0
3050.0,3050.0,7.0,0.048108406364917755,8e-05,0.11131061613559723,0.0
3051.0,3051.0,7.0,0.06493817269802094,8e-05,0.17153391242027283,0.0
3052.0,3052.0,7.0,0.05605873465538025,8e-05,0.11102436482906342,0.0
3053.0,3053.0,7.0,0.05543425679206848,8e-05,0.10860614478588104,0.0
3054.0,3054.0,7.0,0.06950612366199493,8e-05,0.17926661670207977,0.0
3055.0,3055.0,7.0,0.06992897391319275,8e-05,0.15548355877399445,0.0
3056.0,3056.0,7.0,0.06286156922578812,8e-05,0.15891878306865692,0.0
3057.0,3057.0,7.0,0.055317655205726624,8e-05,0.13312537968158722,0.0
3058.0,3058.0,7.0,0.07665659487247467,8e-05,0.20474959909915924,0.0
3059.0,3059.0,7.0,0.05609406158328056,8e-05,0.14334414899349213,0.0
3060.0,3060.0,7.0,0.0666431412100792,8e-05,0.2064058780670166,0.0
3061.0,3061.0,7.0,0.07217088341712952,8e-05,0.17157572507858276,0.0
3062.0,3062.0,7.0,0.07226833701133728,8e-05,0.22773867845535278,0.0
3063.0,3063.0,7.0,0.047819122672080994,8e-05,0.13766787946224213,0.0
3064.0,3064.0,7.0,0.054126642644405365,8e-05,0.21128959953784943,0.0
3065.0,3065.0,7.0,0.06199757009744644,8e-05,0.2016163319349289,0.0
3066.0,3066.0,7.0,0.06723496317863464,8e-05,0.23551057279109955,0.0
3067.0,3067.0,7.0,0.04860622435808182,8e-05,0.24977171421051025,0.0
3068.0,3068.0,7.0,0.06601582467556,8e-05,0.1744801551103592,0.0
3069.0,3069.0,7.0,0.05962996184825897,8e-05,0.27064183354377747,0.0
3070.0,3070.0,7.0,0.0726345032453537,8e-05,0.14854171872138977,0.0
3071.0,3071.0,7.0,0.056342657655477524,8e-05,0.23613996803760529,0.0
3072.0,3072.0,7.0,0.060349881649017334,8e-05,0.16036908328533173,0.0
3073.0,3073.0,7.0,0.06395184993743896,8e-05,0.20548343658447266,0.0
3074.0,3074.0,7.0,0.06390316039323807,8e-05,0.19525104761123657,0.0
3075.0,3075.0,7.0,0.053956158459186554,8e-05,0.13618335127830505,0.0
3076.0,3076.0,7.0,0.06645183265209198,8e-05,0.2150522619485855,0.0
3077.0,3077.0,7.0,0.05738217756152153,8e-05,0.1533188372850418,0.0
3078.0,3078.0,7.0,0.062043868005275726,8e-05,0.16018350422382355,0.0
3079.0,3079.0,7.0,0.07107050716876984,8e-05,0.24037392437458038,0.0
3080.0,3080.0,7.0,0.058157652616500854,8e-05,0.2319452166557312,0.0
3081.0,3081.0,7.0,0.06562676280736923,8e-05,0.23661743104457855,0.0
3082.0,3082.0,7.0,0.047457173466682434,8e-05,0.2952617108821869,0.0
3083.0,3083.0,7.0,0.07538802921772003,8e-05,0.20422489941120148,0.0
3084.0,3084.0,7.0,0.06345438957214355,8e-05,0.24929708242416382,0.0
3085.0,3085.0,7.0,0.05629933625459671,8e-05,0.16678349673748016,0.0
3086.0,3086.0,7.0,0.05356064438819885,8e-05,0.20879054069519043,0.0
3087.0,3087.0,7.0,0.05857574939727783,8e-05,0.22014181315898895,0.0
3088.0,3088.0,7.0,0.04883945733308792,8e-05,0.1696375608444214,0.0
3089.0,3089.0,7.0,0.06406343728303909,8e-05,0.2946038842201233,0.0
3090.0,3090.0,7.0,0.06891116499900818,8e-05,0.16904376447200775,0.0
3091.0,3091.0,7.0,0.06866748631000519,8e-05,0.21274453401565552,0.0
3092.0,3092.0,7.0,0.05733562260866165,8e-05,0.1891598105430603,0.0
3093.0,3093.0,7.0,0.054031744599342346,8e-05,0.23020553588867188,0.0
3094.0,3094.0,7.0,0.05470909923315048,8e-05,0.22802796959877014,0.0
3095.0,3095.0,7.0,0.06484785676002502,8e-05,0.20151931047439575,0.0
3096.0,3096.0,7.0,0.06944312155246735,8e-05,0.2648487687110901,0.0
3097.0,3097.0,7.0,0.07061436772346497,8e-05,0.12897421419620514,0.0
3098.0,3098.0,7.0,0.06385086476802826,8e-05,0.2881756126880646,0.0
3099.0,3099.0,7.0,0.04679796099662781,8e-05,0.1106686070561409,0.0
3100.0,3100.0,7.0,0.05865725129842758,8e-05,0.2460131198167801,0.0
3101.0,3101.0,7.0,0.06162387505173683,8e-05,0.1644444614648819,0.0
3102.0,3102.0,7.0,0.06167389452457428,8e-05,0.2751639485359192,0.0
3103.0,3103.0,7.0,0.06429027020931244,8e-05,0.15966984629631042,0.0
3104.0,3104.0,7.0,0.07230061292648315,8e-05,0.20509034395217896,0.0
3105.0,3105.0,7.0,0.08325423300266266,8e-05,0.21573805809020996,0.0
3106.0,3106.0,7.0,0.04607410728931427,8e-05,0.13762716948986053,0.0
3107.0,3107.0,7.0,0.05051132291555405,8e-05,0.22280237078666687,0.0
3108.0,3108.0,7.0,0.06789140403270721,8e-05,0.15038034319877625,0.0
3109.0,3109.0,7.0,0.062393561005592346,8e-05,0.25503021478652954,0.0
3110.0,3110.0,7.0,0.04449373856186867,8e-05,0.17912563681602478,0.0
3111.0,3111.0,7.0,0.06688496470451355,8e-05,0.2476220428943634,0.0
3112.0,3112.0,7.0,0.0572369247674942,8e-05,0.15925747156143188,0.0
3113.0,3113.0,7.0,0.05165882781147957,8e-05,0.14837996661663055,0.0
3114.0,3114.0,7.0,0.06149664521217346,8e-05,0.25786128640174866,0.0
3115.0,3115.0,7.0,0.06266674399375916,8e-05,0.18544968962669373,0.0
3116.0,3116.0,7.0,0.0588231086730957,8e-05,0.2528917193412781,0.0
3117.0,3117.0,7.0,0.060602229088544846,8e-05,0.20209576189517975,0.0
3118.0,3118.0,7.0,0.06386960297822952,8e-05,0.2790517210960388,0.0
3119.0,3119.0,7.0,0.05627628415822983,8e-05,0.256574422121048,0.0
3120.0,3120.0,7.0,0.06265614926815033,8e-05,0.24085263907909393,0.0
3121.0,3121.0,8.0,0.06269901990890503,8e-05,0.24875155091285706,0.0
3122.0,3122.0,8.0,0.05518162250518799,8e-05,0.2080753594636917,0.0
3123.0,3123.0,8.0,0.07262842357158661,8e-05,0.2901455760002136,0.0
3124.0,3124.0,8.0,0.0676044225692749,8e-05,0.17939850687980652,0.0
3125.0,3125.0,8.0,0.06538902223110199,8e-05,0.27209994196891785,0.0
3126.0,3126.0,8.0,0.060528967529535294,8e-05,0.1999923437833786,0.0
3127.0,3127.0,8.0,0.0677335113286972,8e-05,0.20182831585407257,0.0
3128.0,3128.0,8.0,0.06734056025743484,8e-05,0.3116830289363861,0.0
3129.0,3129.0,8.0,0.06035616993904114,8e-05,0.20295147597789764,0.0
3130.0,3130.0,8.0,0.06457285583019257,8e-05,0.2565593421459198,0.0
3131.0,3131.0,8.0,0.0811510980129242,8e-05,0.22107142210006714,0.0
3132.0,3132.0,8.0,0.06571519374847412,8e-05,0.1870635449886322,0.0
3133.0,3133.0,8.0,0.05307791009545326,8e-05,0.1329202950000763,0.0
3134.0,3134.0,8.0,0.057737961411476135,8e-05,0.17124710977077484,0.0
3135.0,3135.0,8.0,0.061638809740543365,8e-05,0.25154274702072144,0.0
3136.0,3136.0,8.0,0.06376583874225616,8e-05,0.22729191184043884,0.0
3137.0,3137.0,8.0,0.0531570166349411,8e-05,0.19695565104484558,0.0
3138.0,3138.0,8.0,0.06861468404531479,8e-05,0.25718095898628235,0.0
3139.0,3139.0,8.0,0.051942236721515656,8e-05,0.22069072723388672,0.0
3140.0,3140.0,8.0,0.06369739770889282,8e-05,0.2324024736881256,0.0
3141.0,3141.0,8.0,0.05897221341729164,8e-05,0.19480113685131073,0.0
3142.0,3142.0,8.0,0.07531704008579254,8e-05,0.3099902868270874,0.0
3143.0,3143.0,8.0,0.053799524903297424,8e-05,0.17361921072006226,0.0
3144.0,3144.0,8.0,0.0578935444355011,8e-05,0.2724415957927704,0.0
3145.0,3145.0,8.0,0.06931640207767487,8e-05,0.25086572766304016,0.0
3146.0,3146.0,8.0,0.06949910521507263,8e-05,0.22582800686359406,0.0
3147.0,3147.0,8.0,0.06506523489952087,8e-05,0.28469663858413696,0.0
3148.0,3148.0,8.0,0.05947587639093399,8e-05,0.23708298802375793,0.0
3149.0,3149.0,8.0,0.07519131898880005,8e-05,0.18787986040115356,0.0
3150.0,3150.0,8.0,0.07029971480369568,8e-05,0.23365800082683563,0.0
3151.0,3151.0,8.0,0.06320639699697495,8e-05,0.25110530853271484,0.0
3152.0,3152.0,8.0,0.0694071352481842,8e-05,0.2143925279378891,0.0
3153.0,3153.0,8.0,0.05605734884738922,8e-05,0.26856303215026855,0.0
3154.0,3154.0,8.0,0.06210058555006981,8e-05,0.15896917879581451,0.0
3155.0,3155.0,8.0,0.05757851153612137,8e-05,0.2459273636341095,0.0
3156.0,3156.0,8.0,0.051802702248096466,8e-05,0.18129785358905792,0.0
3157.0,3157.0,8.0,0.05467338487505913,8e-05,0.228795126080513,0.0
3158.0,3158.0,8.0,0.056042563170194626,8e-05,0.1955098956823349,0.0
3159.0,3159.0,8.0,0.07111811637878418,8e-05,0.2034299522638321,0.0
3160.0,3160.0,8.0,0.06028469279408455,8e-05,0.19218364357948303,0.0
3161.0,3161.0,8.0,0.06615008413791656,8e-05,0.2131393402814865,0.0
3162.0,3162.0,8.0,0.07378389686346054,8e-05,0.1822197586297989,0.0
3163.0,3163.0,8.0,0.071454718708992,8e-05,0.18607427179813385,0.0
3164.0,3164.0,8.0,0.06315989792346954,8e-05,0.10941123962402344,0.0
3165.0,3165.0,8.0,0.06625603884458542,8e-05,0.12645667791366577,0.0
3166.0,3166.0,8.0,0.05631251633167267,8e-05,0.1163220927119255,0.0
3167.0,3167.0,8.0,0.059956688433885574,8e-05,0.16354769468307495,0.0
3168.0,3168.0,8.0,0.05736440792679787,8e-05,0.15192818641662598,0.0
3169.0,3169.0,8.0,0.05899636074900627,8e-05,0.12325945496559143,0.0
3170.0,3170.0,8.0,0.05850257724523544,8e-05,0.2001299113035202,0.0
3171.0,3171.0,8.0,0.06851451098918915,8e-05,0.11939527839422226,0.0
3172.0,3172.0,8.0,0.06692954897880554,8e-05,0.13499945402145386,0.0
3173.0,3173.0,8.0,0.05628393590450287,8e-05,0.18232053518295288,0.0
3174.0,3174.0,8.0,0.07454714179039001,8e-05,0.18919618427753448,0.0
3175.0,3175.0,8.0,0.07487286627292633,8e-05,0.2552903890609741,0.0
3176.0,3176.0,8.0,0.07624131441116333,8e-05,0.1845439374446869,0.0
3177.0,3177.0,8.0,0.06056223437190056,8e-05,0.2384372055530548,0.0
3178.0,3178.0,8.0,0.05194556340575218,8e-05,0.11812639236450195,0.0
3179.0,3179.0,8.0,0.08300893753767014,8e-05,0.2742858827114105,0.0
3180.0,3180.0,8.0,0.06256531178951263,8e-05,0.13599663972854614,0.0
3181.0,3181.0,8.0,0.058988943696022034,8e-05,0.25765275955200195,0.0
3182.0,3182.0,8.0,0.05891082063317299,8e-05,0.15792542695999146,0.0
3183.0,3183.0,8.0,0.06679174304008484,8e-05,0.2259359210729599,0.0
3184.0,3184.0,8.0,0.07873308658599854,8e-05,0.18180622160434723,0.0
3185.0,3185.0,8.0,0.0688643530011177,8e-05,0.21561799943447113,0.0
3186.0,3186.0,8.0,0.05282529443502426,8e-05,0.13632091879844666,0.0
3187.0,3187.0,8.0,0.06115640699863434,8e-05,0.2134602814912796,0.0
3188.0,3188.0,8.0,0.06462974846363068,8e-05,0.1599040925502777,0.0
3189.0,3189.0,8.0,0.06208983063697815,8e-05,0.25484490394592285,0.0
3190.0,3190.0,8.0,0.05665640905499458,8e-05,0.1405588984489441,0.0
3191.0,3191.0,8.0,0.0769566148519516,8e-05,0.21535837650299072,0.0
3192.0,3192.0,8.0,0.06583236902952194,8e-05,0.18691189587116241,0.0
3193.0,3193.0,8.0,0.06266714632511139,8e-05,0.1506478488445282,0.0
3194.0,3194.0,8.0,0.058113448321819305,8e-05,0.20737561583518982,0.0
3195.0,3195.0,8.0,0.06094806641340256,8e-05,0.19533894956111908,0.0
3196.0,3196.0,8.0,0.07680102437734604,8e-05,0.14748290181159973,0.0
3197.0,3197.0,8.0,0.05341585353016853,8e-05,0.19734670221805573,0.0
3198.0,3198.0,8.0,0.052469540387392044,8e-05,0.2000580132007599,0.0
3199.0,3199.0,8.0,0.05792327597737312,8e-05,0.19442513585090637,0.0
3200.0,3200.0,8.0,0.051501207053661346,8e-05,0.20684857666492462,0.0
3201.0,3201.0,8.0,0.055362917482852936,8e-05,0.2105482667684555,0.0
3202.0,3202.0,8.0,0.056608252227306366,8e-05,0.10556679964065552,0.0
3203.0,3203.0,8.0,0.05805816873908043,8e-05,0.16613411903381348,0.0
3204.0,3204.0,8.0,0.04793882369995117,8e-05,0.17782942950725555,0.0
3205.0,3205.0,8.0,0.06833676993846893,8e-05,0.15479332208633423,0.0
3206.0,3206.0,8.0,0.06871262192726135,8e-05,0.1808737814426422,0.0
3207.0,3207.0,8.0,0.06410080194473267,8e-05,0.12472931295633316,0.0
3208.0,3208.0,8.0,0.06761814653873444,8e-05,0.15998826920986176,0.0
3209.0,3209.0,8.0,0.07314234972000122,8e-05,0.152609720826149,0.0
3210.0,3210.0,8.0,0.06443242728710175,8e-05,0.15447477996349335,0.0
3211.0,3211.0,8.0,0.05317123979330063,8e-05,0.14413926005363464,0.0
3212.0,3212.0,8.0,0.04986625909805298,8e-05,0.21288026869297028,0.0
3213.0,3213.0,8.0,0.06782819330692291,8e-05,0.20952601730823517,0.0
3214.0,3214.0,8.0,0.07074211537837982,8e-05,0.1697482168674469,0.0
3215.0,3215.0,8.0,0.06690751016139984,8e-05,0.27768269181251526,0.0
3216.0,3216.0,8.0,0.06043386459350586,8e-05,0.18524225056171417,0.0
3217.0,3217.0,8.0,0.05049673095345497,8e-05,0.19670720398426056,0.0
3218.0,3218.0,8.0,0.06494840979576111,8e-05,0.1575160175561905,0.0
3219.0,3219.0,8.0,0.07228581607341766,8e-05,0.14586889743804932,0.0
3220.0,3220.0,8.0,0.05109637230634689,8e-05,0.21161039173603058,0.0
3221.0,3221.0,8.0,0.050780195742845535,8e-05,0.1074519231915474,0.0
3222.0,3222.0,8.0,0.07069577276706696,8e-05,0.1937675029039383,0.0
3223.0,3223.0,8.0,0.08832567930221558,8e-05,0.191764697432518,0.0
3224.0,3224.0,8.0,0.05652042478322983,8e-05,0.1549735814332962,0.0
3225.0,3225.0,8.0,0.05058992654085159,8e-05,0.1232336014509201,0.0
3226.0,3226.0,8.0,0.07615004479885101,8e-05,0.1984848827123642,0.0
3227.0,3227.0,8.0,0.06932953000068665,8e-05,0.1364426165819168,0.0
3228.0,3228.0,8.0,0.045322999358177185,8e-05,0.19687452912330627,0.0
3229.0,3229.0,8.0,0.05911747366189957,8e-05,0.11607105284929276,0.0
3230.0,3230.0,8.0,0.07728087902069092,8e-05,0.13828052580356598,0.0
3231.0,3231.0,8.0,0.039829179644584656,8e-05,0.13343662023544312,0.0
3232.0,3232.0,8.0,0.05059342086315155,8e-05,0.15573644638061523,0.0
3233.0,3233.0,8.0,0.0660414844751358,8e-05,0.14816990494728088,0.0
3234.0,3234.0,8.0,0.07055369019508362,8e-05,0.15263690054416656,0.0
3235.0,3235.0,8.0,0.0653657466173172,8e-05,0.1489603966474533,0.0
3236.0,3236.0,8.0,0.054729484021663666,8e-05,0.12002230435609818,0.0
3237.0,3237.0,8.0,0.06686335802078247,8e-05,0.15511715412139893,0.0
3238.0,3238.0,8.0,0.06211809068918228,8e-05,0.11597887426614761,0.0
3239.0,3239.0,8.0,0.05006226524710655,8e-05,0.10399173945188522,0.0
3240.0,3240.0,8.0,0.059123098850250244,8e-05,0.13578422367572784,0.0
3241.0,3241.0,8.0,0.051348984241485596,8e-05,0.1126972958445549,0.0
3242.0,3242.0,8.0,0.058304354548454285,8e-05,0.10649141669273376,0.0
3243.0,3243.0,8.0,0.0476125068962574,8e-05,0.10645285993814468,0.0
3244.0,3244.0,8.0,0.06982803344726562,8e-05,0.1824198067188263,0.0
3245.0,3245.0,8.0,0.06526142358779907,8e-05,0.11857932060956955,0.0
3246.0,3246.0,8.0,0.054734304547309875,8e-05,0.24446934461593628,0.0
3247.0,3247.0,8.0,0.05257377028465271,8e-05,0.16574065387248993,0.0
3248.0,3248.0,8.0,0.059762608259916306,8e-05,0.16307292878627777,0.0
3249.0,3249.0,8.0,0.05726395174860954,8e-05,0.23853948712348938,0.0
3250.0,3250.0,8.0,0.047118619084358215,8e-05,0.13809767365455627,0.0
3251.0,3251.0,8.0,0.07030653953552246,8e-05,0.18939107656478882,0.0
3252.0,3252.0,8.0,0.062496546655893326,8e-05,0.23652832210063934,0.0
3253.0,3253.0,8.0,0.06474416702985764,8e-05,0.11949662119150162,0.0
3254.0,3254.0,8.0,0.06040912866592407,8e-05,0.22572524845600128,0.0
3255.0,3255.0,8.0,0.06428704410791397,8e-05,0.22751814126968384,0.0
3256.0,3256.0,8.0,0.057947564870119095,8e-05,0.14666403830051422,0.0
3257.0,3257.0,8.0,0.06183239072561264,8e-05,0.1344171166419983,0.0
3258.0,3258.0,8.0,0.06718160212039948,8e-05,0.31552791595458984,0.0
3259.0,3259.0,8.0,0.062271326780319214,8e-05,0.11313799023628235,0.0
3260.0,3260.0,8.0,0.060651592910289764,8e-05,0.2576697766780853,0.0
3261.0,3261.0,8.0,0.06621967256069183,8e-05,0.1875271052122116,0.0
3262.0,3262.0,8.0,0.059663400053977966,8e-05,0.10806293040513992,0.0
3263.0,3263.0,8.0,0.05707411468029022,8e-05,0.19258283078670502,0.0
3264.0,3264.0,8.0,0.05293096974492073,8e-05,0.1420644372701645,0.0
3265.0,3265.0,8.0,0.06496457010507584,8e-05,0.15065215528011322,0.0
3266.0,3266.0,8.0,0.07028292119503021,8e-05,0.16872867941856384,0.0
3267.0,3267.0,8.0,0.06770114600658417,8e-05,0.15976302325725555,0.0
3268.0,3268.0,8.0,0.06704232096672058,8e-05,0.15746167302131653,0.0
3269.0,3269.0,8.0,0.0771634429693222,8e-05,0.17329378426074982,0.0
3270.0,3270.0,8.0,0.051816634833812714,8e-05,0.10349120944738388,0.0
3271.0,3271.0,8.0,0.05666354298591614,8e-05,0.13093742728233337,0.0
3272.0,3272.0,8.0,0.0627208799123764,8e-05,0.15081624686717987,0.0
3273.0,3273.0,8.0,0.06563403457403183,8e-05,0.13195335865020752,0.0
3274.0,3274.0,8.0,0.050756603479385376,8e-05,0.12239503115415573,0.0
3275.0,3275.0,8.0,0.05757538974285126,8e-05,0.113121896982193,0.0
3276.0,3276.0,8.0,0.0706121027469635,8e-05,0.1325959861278534,0.0
3277.0,3277.0,8.0,0.05599500983953476,8e-05,0.11796613037586212,0.0
3278.0,3278.0,8.0,0.06454777717590332,8e-05,0.2106522172689438,0.0
3279.0,3279.0,8.0,0.06491805613040924,8e-05,0.13619835674762726,0.0
3280.0,3280.0,8.0,0.059375613927841187,8e-05,0.2066785991191864,0.0
3281.0,3281.0,8.0,0.06406478583812714,8e-05,0.14562274515628815,0.0
3282.0,3282.0,8.0,0.06424790620803833,8e-05,0.17089085280895233,0.0
3283.0,3283.0,8.0,0.05742447450757027,8e-05,0.13316674530506134,0.0
3284.0,3284.0,8.0,0.05137385427951813,8e-05,0.1491415798664093,0.0
3285.0,3285.0,8.0,0.07270738482475281,8e-05,0.20035141706466675,0.0
3286.0,3286.0,8.0,0.06442251801490784,8e-05,0.14945100247859955,0.0
3287.0,3287.0,8.0,0.06177825480699539,8e-05,0.17533300817012787,0.0
3288.0,3288.0,8.0,0.057910576462745667,8e-05,0.16694897413253784,0.0
3289.0,3289.0,8.0,0.05902376025915146,8e-05,0.22838880121707916,0.0
3290.0,3290.0,8.0,0.06978045403957367,8e-05,0.16331729292869568,0.0
3291.0,3291.0,8.0,0.0633348822593689,8e-05,0.18293598294258118,0.0
3292.0,3292.0,8.0,0.05458291247487068,8e-05,0.1310226321220398,0.0
3293.0,3293.0,8.0,0.05647346377372742,8e-05,0.11129838973283768,0.0
3294.0,3294.0,8.0,0.06387694925069809,8e-05,0.14988505840301514,0.0
3295.0,3295.0,8.0,0.05550989508628845,8e-05,0.11561459302902222,0.0
3296.0,3296.0,8.0,0.07949820160865784,8e-05,0.17163346707820892,0.0
3297.0,3297.0,8.0,0.048153143376111984,8e-05,0.10423991084098816,0.0
3298.0,3298.0,8.0,0.06821449846029282,8e-05,0.15492887794971466,0.0
3299.0,3299.0,8.0,0.07812221348285675,8e-05,0.12092479318380356,0.0
3300.0,3300.0,8.0,0.04939394071698189,8e-05,0.16578204929828644,0.0
3301.0,3301.0,8.0,0.05962100625038147,8e-05,0.14451535046100616,0.0
3302.0,3302.0,8.0,0.06846127659082413,8e-05,0.12624944746494293,0.0
3303.0,3303.0,8.0,0.06686091423034668,8e-05,0.11984093487262726,0.0
3304.0,3304.0,8.0,0.05686771124601364,8e-05,0.15253423154354095,0.0
3305.0,3305.0,8.0,0.0673278272151947,8e-05,0.18028463423252106,0.0
3306.0,3306.0,8.0,0.06101950630545616,8e-05,0.12622962892055511,0.0
3307.0,3307.0,8.0,0.06587344408035278,8e-05,0.17606675624847412,0.0
3308.0,3308.0,8.0,0.060626812279224396,8e-05,0.15746735036373138,0.0
3309.0,3309.0,8.0,0.05895247310400009,8e-05,0.1345851868391037,0.0
3310.0,3310.0,8.0,0.0547989197075367,8e-05,0.21010428667068481,0.0
3311.0,3311.0,8.0,0.05848264321684837,8e-05,0.16107945144176483,0.0
3312.0,3312.0,8.0,0.054493248462677,8e-05,0.26344314217567444,0.0
3313.0,3313.0,8.0,0.05152584984898567,8e-05,0.11014878004789352,0.0
3314.0,3314.0,8.0,0.06672980636358261,8e-05,0.34596213698387146,0.0
3315.0,3315.0,8.0,0.06401436030864716,8e-05,0.18206565082073212,0.0
3316.0,3316.0,8.0,0.05741976574063301,8e-05,0.22694192826747894,0.0
3317.0,3317.0,8.0,0.060172442346811295,8e-05,0.15735788643360138,0.0
3318.0,3318.0,8.0,0.05982597917318344,8e-05,0.16422554850578308,0.0
3319.0,3319.0,8.0,0.05166536569595337,8e-05,0.15133501589298248,0.0
3320.0,3320.0,8.0,0.0738167092204094,8e-05,0.13999609649181366,0.0
3321.0,3321.0,8.0,0.07177185267210007,8e-05,0.24623635411262512,0.0
3322.0,3322.0,8.0,0.06361688673496246,8e-05,0.18344786763191223,0.0
3323.0,3323.0,8.0,0.05724398046731949,8e-05,0.2129705846309662,0.0
3324.0,3324.0,8.0,0.073923759162426,8e-05,0.21904617547988892,0.0
3325.0,3325.0,8.0,0.06558381021022797,8e-05,0.25226911902427673,0.0
3326.0,3326.0,8.0,0.056133754551410675,8e-05,0.20465442538261414,0.0
3327.0,3327.0,8.0,0.05860353633761406,8e-05,0.21801014244556427,0.0
3328.0,3328.0,8.0,0.05960118770599365,8e-05,0.16892404854297638,0.0
3329.0,3329.0,8.0,0.061075471341609955,8e-05,0.19525232911109924,0.0
3330.0,3330.0,8.0,0.05231448635458946,8e-05,0.18188047409057617,0.0
3331.0,3331.0,8.0,0.06122830882668495,8e-05,0.20855486392974854,0.0
3332.0,3332.0,8.0,0.04904120787978172,8e-05,0.13677671551704407,0.0
3333.0,3333.0,8.0,0.060686953365802765,8e-05,0.1934574693441391,0.0
3334.0,3334.0,8.0,0.0796840637922287,8e-05,0.14087964594364166,0.0
3335.0,3335.0,8.0,0.058770231902599335,8e-05,0.14135171473026276,0.0
3336.0,3336.0,8.0,0.05234285816550255,8e-05,0.14860938489437103,0.0
3337.0,3337.0,8.0,0.06873059272766113,8e-05,0.1301039755344391,0.0
3338.0,3338.0,8.0,0.05816689506173134,8e-05,0.16770856082439423,0.0
3339.0,3339.0,8.0,0.05688323825597763,8e-05,0.1822746992111206,0.0
3340.0,3340.0,8.0,0.05867844074964523,8e-05,0.1503259688615799,0.0
3341.0,3341.0,8.0,0.07923673093318939,8e-05,0.21560461819171906,0.0
3342.0,3342.0,8.0,0.054949674755334854,8e-05,0.14256642758846283,0.0
3343.0,3343.0,8.0,0.07134468853473663,8e-05,0.2657507658004761,0.0
3344.0,3344.0,8.0,0.05515655130147934,8e-05,0.1433776319026947,0.0
3345.0,3345.0,8.0,0.05647348612546921,8e-05,0.19147488474845886,0.0
3346.0,3346.0,8.0,0.06147722899913788,8e-05,0.18375888466835022,0.0
3347.0,3347.0,8.0,0.05418023467063904,8e-05,0.17415472865104675,0.0
3348.0,3348.0,8.0,0.05342986807227135,8e-05,0.18360252678394318,0.0
3349.0,3349.0,8.0,0.0657963901758194,8e-05,0.19439220428466797,0.0
3350.0,3350.0,8.0,0.05520051717758179,8e-05,0.17923040688037872,0.0
3351.0,3351.0,8.0,0.06469294428825378,8e-05,0.16583894193172455,0.0
3352.0,3352.0,8.0,0.056884415447711945,8e-05,0.21503876149654388,0.0
3353.0,3353.0,8.0,0.06012948229908943,8e-05,0.12749336659908295,0.0
3354.0,3354.0,8.0,0.0574244000017643,8e-05,0.23168911039829254,0.0
3355.0,3355.0,8.0,0.05618485063314438,8e-05,0.14966799318790436,0.0
3356.0,3356.0,8.0,0.06140967458486557,8e-05,0.11893194913864136,0.0
3357.0,3357.0,8.0,0.05803300812840462,8e-05,0.16706539690494537,0.0
3358.0,3358.0,8.0,0.07229346036911011,8e-05,0.18936003744602203,0.0
3359.0,3359.0,8.0,0.058083124458789825,8e-05,0.11052081733942032,0.0
3360.0,3360.0,8.0,0.07140213996171951,8e-05,0.14200261235237122,0.0
3361.0,3361.0,8.0,0.04851450398564339,8e-05,0.12923084199428558,0.0
3362.0,3362.0,8.0,0.06101113557815552,8e-05,0.13193058967590332,0.0
3363.0,3363.0,8.0,0.05542225390672684,8e-05,0.18506532907485962,0.0
3364.0,3364.0,8.0,0.06244596838951111,8e-05,0.17788270115852356,0.0
3365.0,3365.0,8.0,0.04098337143659592,8e-05,0.10137797892093658,0.0
3366.0,3366.0,8.0,0.04755265638232231,8e-05,0.18246525526046753,0.0
3367.0,3367.0,8.0,0.06070591136813164,8e-05,0.2277727574110031,0.0
3368.0,3368.0,8.0,0.053040992468595505,8e-05,0.11543677747249603,0.0
3369.0,3369.0,8.0,0.060115523636341095,8e-05,0.16876474022865295,0.0
3370.0,3370.0,8.0,0.05688515678048134,8e-05,0.16712048649787903,0.0
3371.0,3371.0,8.0,0.05943303555250168,8e-05,0.11767829954624176,0.0
3372.0,3372.0,8.0,0.05434846878051758,8e-05,0.18664145469665527,0.0
3373.0,3373.0,8.0,0.060197144746780396,8e-05,0.1634056121110916,0.0
3374.0,3374.0,8.0,0.051553405821323395,8e-05,0.18165987730026245,0.0
3375.0,3375.0,8.0,0.0563250333070755,8e-05,0.1436104029417038,0.0
3376.0,3376.0,8.0,0.05512940511107445,8e-05,0.19157831370830536,0.0
3377.0,3377.0,8.0,0.06079708784818649,8e-05,0.17540952563285828,0.0
3378.0,3378.0,8.0,0.06178966164588928,8e-05,0.17627011239528656,0.0
3379.0,3379.0,8.0,0.07854398339986801,8e-05,0.2775850296020508,0.0
3380.0,3380.0,8.0,0.07273999601602554,8e-05,0.1319107562303543,0.0
3381.0,3381.0,8.0,0.07237063348293304,8e-05,0.18848250806331635,0.0
3382.0,3382.0,8.0,0.0584368035197258,8e-05,0.218722403049469,0.0
3383.0,3383.0,8.0,0.07105632871389389,8e-05,0.1979304850101471,0.0
3384.0,3384.0,8.0,0.057906944304704666,8e-05,0.2737758159637451,0.0
3385.0,3385.0,8.0,0.054819926619529724,8e-05,0.14738202095031738,0.0
3386.0,3386.0,8.0,0.06555153429508209,8e-05,0.32031893730163574,0.0
3387.0,3387.0,8.0,0.05722798779606819,8e-05,0.1155453622341156,0.0
3388.0,3388.0,8.0,0.055170688778162,8e-05,0.296447217464447,0.0
3389.0,3389.0,8.0,0.059832606464624405,8e-05,0.19839389622211456,0.0
3390.0,3390.0,8.0,0.06305760890245438,8e-05,0.21498216688632965,0.0
3391.0,3391.0,8.0,0.05018700659275055,8e-05,0.2674424648284912,0.0
3392.0,3392.0,8.0,0.05735354870557785,8e-05,0.21741577982902527,0.0
3393.0,3393.0,8.0,0.06690123677253723,8e-05,0.18429696559906006,0.0
3394.0,3394.0,8.0,0.0589914433658123,8e-05,0.22633735835552216,0.0
3395.0,3395.0,8.0,0.053993649780750275,8e-05,0.14862948656082153,0.0
3396.0,3396.0,8.0,0.0639028325676918,8e-05,0.12815868854522705,0.0
3397.0,3397.0,8.0,0.0700758770108223,8e-05,0.17477789521217346,0.0
3398.0,3398.0,8.0,0.06426204741001129,8e-05,0.15468160808086395,0.0
3399.0,3399.0,8.0,0.07012604176998138,8e-05,0.1713709533214569,0.0
3400.0,3400.0,8.0,0.05985439196228981,8e-05,0.14689132571220398,0.0
3401.0,3401.0,8.0,0.05889330804347992,8e-05,0.20307238399982452,0.0
3402.0,3402.0,8.0,0.06390205770730972,8e-05,0.13795126974582672,0.0
3403.0,3403.0,8.0,0.06304407119750977,8e-05,0.18460173904895782,0.0
3404.0,3404.0,8.0,0.06993614137172699,8e-05,0.1195860356092453,0.0
3405.0,3405.0,8.0,0.07149618119001389,8e-05,0.20637886226177216,0.0
3406.0,3406.0,8.0,0.05718749016523361,8e-05,0.13482774794101715,0.0
3407.0,3407.0,8.0,0.04851469397544861,8e-05,0.19744542241096497,0.0
3408.0,3408.0,8.0,0.05432676523923874,8e-05,0.13506603240966797,0.0
3409.0,3409.0,8.0,0.06377210468053818,8e-05,0.2073129117488861,0.0
3410.0,3410.0,8.0,0.05606827139854431,8e-05,0.16292525827884674,0.0
3411.0,3411.0,8.0,0.06228560954332352,8e-05,0.3047911524772644,0.0
3412.0,3412.0,8.0,0.06166059523820877,8e-05,0.17858287692070007,0.0
3413.0,3413.0,8.0,0.04552628844976425,8e-05,0.2941143214702606,0.0
3414.0,3414.0,8.0,0.05803418904542923,8e-05,0.2477450966835022,0.0
3415.0,3415.0,8.0,0.05963791906833649,8e-05,0.20781593024730682,0.0
3416.0,3416.0,8.0,0.06255735456943512,8e-05,0.23075664043426514,0.0
3417.0,3417.0,8.0,0.0638713613152504,8e-05,0.1994098275899887,0.0
3418.0,3418.0,8.0,0.05869974195957184,8e-05,0.22759634256362915,0.0
3419.0,3419.0,8.0,0.07184706628322601,8e-05,0.281902015209198,0.0
3420.0,3420.0,8.0,0.06364816427230835,8e-05,0.12560628354549408,0.0
3421.0,3421.0,8.0,0.051932193338871,8e-05,0.26504355669021606,0.0
3422.0,3422.0,8.0,0.06469300389289856,8e-05,0.13114316761493683,0.0
3423.0,3423.0,8.0,0.056182168424129486,8e-05,0.2946610748767853,0.0
3424.0,3424.0,8.0,0.048208337277173996,8e-05,0.16690842807292938,0.0
3425.0,3425.0,8.0,0.06515882909297943,8e-05,0.2018996924161911,0.0
3426.0,3426.0,8.0,0.07141158729791641,8e-05,0.3233873248100281,0.0
3427.0,3427.0,8.0,0.054427631199359894,8e-05,0.2482324242591858,0.0
3428.0,3428.0,8.0,0.06468164920806885,8e-05,0.2742823362350464,0.0
3429.0,3429.0,8.0,0.07029979676008224,8e-05,0.22039462625980377,0.0
3430.0,3430.0,8.0,0.06762316077947617,8e-05,0.3430289924144745,0.0
3431.0,3431.0,8.0,0.05706426501274109,8e-05,0.1231747642159462,0.0
3432.0,3432.0,8.0,0.07161451131105423,8e-05,0.45142853260040283,0.0
3433.0,3433.0,8.0,0.0772932916879654,8e-05,0.20845548808574677,0.0
3434.0,3434.0,8.0,0.0756550282239914,8e-05,0.35452646017074585,0.0
3435.0,3435.0,8.0,0.05625302344560623,8e-05,0.23535999655723572,0.0
3436.0,3436.0,8.0,0.05571801960468292,8e-05,0.3057853877544403,0.0
3437.0,3437.0,8.0,0.07226631045341492,8e-05,0.3146556615829468,0.0
3438.0,3438.0,8.0,0.07170584052801132,8e-05,0.19551534950733185,0.0
3439.0,3439.0,8.0,0.07114949822425842,8e-05,0.39359796047210693,0.0
3440.0,3440.0,8.0,0.04479384422302246,8e-05,0.15262824296951294,0.0
3441.0,3441.0,8.0,0.05822531133890152,8e-05,0.30077996850013733,0.0
3442.0,3442.0,8.0,0.06959626823663712,8e-05,0.2519555389881134,0.0
3443.0,3443.0,8.0,0.05265390872955322,8e-05,0.27652743458747864,0.0
3444.0,3444.0,8.0,0.04374486580491066,8e-05,0.29045698046684265,0.0
3445.0,3445.0,8.0,0.04356770217418671,8e-05,0.1480431705713272,0.0
3446.0,3446.0,8.0,0.06842465698719025,8e-05,0.26735228300094604,0.0
3447.0,3447.0,8.0,0.06540542095899582,8e-05,0.11239471286535263,0.0
3448.0,3448.0,8.0,0.05563202127814293,8e-05,0.24001841247081757,0.0
3449.0,3449.0,8.0,0.06250795722007751,8e-05,0.16920685768127441,0.0
3450.0,3450.0,8.0,0.056706421077251434,8e-05,0.13529261946678162,0.0
3451.0,3451.0,8.0,0.04846648499369621,8e-05,0.21747241914272308,0.0
3452.0,3452.0,8.0,0.05201539769768715,8e-05,0.11368923634290695,0.0
3453.0,3453.0,8.0,0.05913757532835007,8e-05,0.1942497193813324,0.0
3454.0,3454.0,8.0,0.07018713653087616,8e-05,0.21337850391864777,0.0
3455.0,3455.0,8.0,0.05876155570149422,8e-05,0.12555904686450958,0.0
3456.0,3456.0,8.0,0.05200875177979469,8e-05,0.2164982259273529,0.0
3457.0,3457.0,8.0,0.060464031994342804,8e-05,0.15443143248558044,0.0
3458.0,3458.0,8.0,0.0656522661447525,8e-05,0.17812953889369965,0.0
3459.0,3459.0,8.0,0.06051468104124069,8e-05,0.24595479667186737,0.0
3460.0,3460.0,8.0,0.0632113665342331,8e-05,0.15673330426216125,0.0
3461.0,3461.0,8.0,0.06856800615787506,8e-05,0.295062780380249,0.0
3462.0,3462.0,8.0,0.07139568030834198,8e-05,0.1278192400932312,0.0
3463.0,3463.0,8.0,0.06182447075843811,8e-05,0.24120473861694336,0.0
3464.0,3464.0,8.0,0.06458915770053864,8e-05,0.16019052267074585,0.0
3465.0,3465.0,8.0,0.05974502116441727,8e-05,0.11943912506103516,0.0
3466.0,3466.0,8.0,0.06096643954515457,8e-05,0.25123849511146545,0.0
3467.0,3467.0,8.0,0.05876396596431732,8e-05,0.15032222867012024,0.0
3468.0,3468.0,8.0,0.07535994797945023,8e-05,0.2699274718761444,0.0
3469.0,3469.0,8.0,0.05067705363035202,8e-05,0.13417445123195648,0.0
3470.0,3470.0,8.0,0.06199853867292404,8e-05,0.20155347883701324,0.0
3471.0,3471.0,8.0,0.05251196771860123,8e-05,0.18242210149765015,0.0
3472.0,3472.0,8.0,0.0589495450258255,8e-05,0.14809148013591766,0.0
3473.0,3473.0,8.0,0.06687797605991364,8e-05,0.2115892618894577,0.0
3474.0,3474.0,8.0,0.056087933480739594,8e-05,0.16281761229038239,0.0
3475.0,3475.0,8.0,0.06813164055347443,8e-05,0.191061869263649,0.0
3476.0,3476.0,8.0,0.061667460948228836,8e-05,0.11590473353862762,0.0
3477.0,3477.0,8.0,0.05590428039431572,8e-05,0.24060265719890594,0.0
3478.0,3478.0,8.0,0.06501436978578568,8e-05,0.15268225967884064,0.0
3479.0,3479.0,8.0,0.07502757012844086,8e-05,0.19585049152374268,0.0
3480.0,3480.0,8.0,0.056759171187877655,8e-05,0.11677134782075882,0.0
3481.0,3481.0,8.0,0.06935110688209534,8e-05,0.23453721404075623,0.0
3482.0,3482.0,8.0,0.06037799268960953,8e-05,0.08893939852714539,0.0
3483.0,3483.0,8.0,0.063862144947052,8e-05,0.22742536664009094,0.0
3484.0,3484.0,8.0,0.07132025063037872,8e-05,0.17397134006023407,0.0
3485.0,3485.0,8.0,0.0626266822218895,8e-05,0.13430163264274597,0.0
3486.0,3486.0,8.0,0.05044756084680557,8e-05,0.235743910074234,0.0
3487.0,3487.0,8.0,0.05825693905353546,8e-05,0.20563091337680817,0.0
3488.0,3488.0,8.0,0.0536918118596077,8e-05,0.1811002939939499,0.0
3489.0,3489.0,8.0,0.049578163772821426,8e-05,0.2549765706062317,0.0
3490.0,3490.0,8.0,0.055053699761629105,8e-05,0.25952351093292236,0.0
3491.0,3491.0,8.0,0.054557912051677704,8e-05,0.2128615379333496,0.0
3492.0,3492.0,8.0,0.063021220266819,8e-05,0.2559358775615692,0.0
3493.0,3493.0,8.0,0.05980321392416954,8e-05,0.19062785804271698,0.0
3494.0,3494.0,8.0,0.056599825620651245,8e-05,0.1740238070487976,0.0
3495.0,3495.0,8.0,0.06641928851604462,8e-05,0.18596628308296204,0.0
3496.0,3496.0,8.0,0.05084608122706413,8e-05,0.18278732895851135,0.0
3497.0,3497.0,8.0,0.061049483716487885,8e-05,0.18192510306835175,0.0
3498.0,3498.0,8.0,0.07240782678127289,8e-05,0.2610052525997162,0.0
3499.0,3499.0,8.0,0.06788211315870285,8e-05,0.17518699169158936,0.0
3500.0,3500.0,8.0,0.06742724031209946,8e-05,0.17460446059703827,0.0
3501.0,3501.0,8.0,0.0702807605266571,8e-05,0.2783283293247223,0.0
3502.0,3502.0,8.0,0.042646050453186035,8e-05,0.1574445366859436,0.0
3503.0,3503.0,8.0,0.06465654820203781,8e-05,0.2514880299568176,0.0
3504.0,3504.0,8.0,0.06315010040998459,8e-05,0.232285276055336,0.0
3505.0,3505.0,8.0,0.06828774511814117,8e-05,0.17376458644866943,0.0
3506.0,3506.0,8.0,0.04637298732995987,8e-05,0.19886279106140137,0.0
3507.0,3507.0,8.0,0.05339095741510391,8e-05,0.1380893588066101,0.0
3508.0,3508.0,8.0,0.06822562217712402,8e-05,0.2286248505115509,0.0
3509.0,3509.0,8.0,0.061892010271549225,8e-05,0.1772579699754715,0.0
3510.0,3510.0,8.0,0.0793582946062088,8e-05,0.1772160530090332,0.0
3511.0,3511.0,9.0,0.07044447958469391,8e-05,0.2535316050052643,0.0
3512.0,3512.0,9.0,0.060473449528217316,8e-05,0.13791850209236145,0.0
3513.0,3513.0,9.0,0.06948162615299225,8e-05,0.3417587876319885,0.0
3514.0,3514.0,9.0,0.06615626066923141,8e-05,0.12157613039016724,0.0
3515.0,3515.0,9.0,0.05394574627280235,8e-05,0.21115556359291077,0.0
3516.0,3516.0,9.0,0.0587766095995903,8e-05,0.1821347177028656,0.0
3517.0,3517.0,9.0,0.0617775022983551,8e-05,0.14586549997329712,0.0
3518.0,3518.0,9.0,0.05125731974840164,8e-05,0.14166244864463806,0.0
3519.0,3519.0,9.0,0.042766742408275604,8e-05,0.14074967801570892,0.0
3520.0,3520.0,9.0,0.05891554430127144,8e-05,0.25203242897987366,0.0
3521.0,3521.0,9.0,0.05765601247549057,8e-05,0.17072345316410065,0.0
3522.0,3522.0,9.0,0.06795458495616913,8e-05,0.23373381793498993,0.0
3523.0,3523.0,9.0,0.061255574226379395,8e-05,0.21843817830085754,0.0
3524.0,3524.0,9.0,0.049733854830265045,8e-05,0.1751478761434555,0.0
3525.0,3525.0,9.0,0.06134045496582985,8e-05,0.25125229358673096,0.0
3526.0,3526.0,9.0,0.06017815321683884,8e-05,0.17598918080329895,0.0
3527.0,3527.0,9.0,0.0637425035238266,8e-05,0.14526039361953735,0.0
3528.0,3528.0,9.0,0.058565862476825714,8e-05,0.279790461063385,0.0
3529.0,3529.0,9.0,0.059872135519981384,8e-05,0.1502673625946045,0.0
3530.0,3530.0,9.0,0.054894499480724335,8e-05,0.1784123331308365,0.0
3531.0,3531.0,9.0,0.07665876299142838,8e-05,0.22071288526058197,0.0
3532.0,3532.0,9.0,0.05340743437409401,8e-05,0.16619963943958282,0.0
3533.0,3533.0,9.0,0.057497382164001465,8e-05,0.21822217106819153,0.0
3534.0,3534.0,9.0,0.06083085387945175,8e-05,0.12834122776985168,0.0
3535.0,3535.0,9.0,0.06700397282838821,8e-05,0.26477304100990295,0.0
3536.0,3536.0,9.0,0.08066438138484955,8e-05,0.15016229450702667,0.0
3537.0,3537.0,9.0,0.07362362742424011,8e-05,0.22284162044525146,0.0
3538.0,3538.0,9.0,0.05859498679637909,8e-05,0.1866685450077057,0.0
3539.0,3539.0,9.0,0.048790425062179565,8e-05,0.13571159541606903,0.0
3540.0,3540.0,9.0,0.07189688086509705,8e-05,0.2509732246398926,0.0
3541.0,3541.0,9.0,0.07259585708379745,8e-05,0.15002582967281342,0.0
3542.0,3542.0,9.0,0.07458824664354324,8e-05,0.20733387768268585,0.0
3543.0,3543.0,9.0,0.06401260197162628,8e-05,0.1659625917673111,0.0
3544.0,3544.0,9.0,0.05867071449756622,8e-05,0.15689097344875336,0.0
3545.0,3545.0,9.0,0.06310322135686874,8e-05,0.1543576419353485,0.0
3546.0,3546.0,9.0,0.08168816566467285,8e-05,0.146795853972435,0.0
3547.0,3547.0,9.0,0.05860580503940582,8e-05,0.1942535638809204,0.0
3548.0,3548.0,9.0,0.05397758260369301,8e-05,0.18992219865322113,0.0
3549.0,3549.0,9.0,0.06688009202480316,8e-05,0.21038992702960968,0.0
3550.0,3550.0,9.0,0.0657729059457779,8e-05,0.15511862933635712,0.0
3551.0,3551.0,9.0,0.0639016181230545,8e-05,0.1425529420375824,0.0
3552.0,3552.0,9.0,0.04972310736775398,8e-05,0.17619343101978302,0.0
3553.0,3553.0,9.0,0.060832418501377106,8e-05,0.13415394723415375,0.0
3554.0,3554.0,9.0,0.05827843397855759,8e-05,0.15706270933151245,0.0
3555.0,3555.0,9.0,0.06707551330327988,8e-05,0.1535150706768036,0.0
3556.0,3556.0,9.0,0.06326412409543991,8e-05,0.1578495353460312,0.0
3557.0,3557.0,9.0,0.06915296614170074,8e-05,0.2068820297718048,0.0
3558.0,3558.0,9.0,0.06772144883871078,8e-05,0.1759546995162964,0.0
3559.0,3559.0,9.0,0.05007769167423248,8e-05,0.21936550736427307,0.0
3560.0,3560.0,9.0,0.06219126284122467,8e-05,0.20774711668491364,0.0
3561.0,3561.0,9.0,0.0713503360748291,8e-05,0.1900138407945633,0.0
3562.0,3562.0,9.0,0.07898752391338348,8e-05,0.21830779314041138,0.0
3563.0,3563.0,9.0,0.07099922001361847,8e-05,0.1903563290834427,0.0
3564.0,3564.0,9.0,0.06029542535543442,8e-05,0.2665143609046936,0.0
3565.0,3565.0,9.0,0.053875602781772614,8e-05,0.1774321347475052,0.0
3566.0,3566.0,9.0,0.05479160323739052,8e-05,0.1708432286977768,0.0
3567.0,3567.0,9.0,0.05887286365032196,8e-05,0.22386343777179718,0.0
3568.0,3568.0,9.0,0.064066082239151,8e-05,0.17305248975753784,0.0
3569.0,3569.0,9.0,0.05965781211853027,8e-05,0.2131822109222412,0.0
3570.0,3570.0,9.0,0.07598496973514557,8e-05,0.20272524654865265,0.0
3571.0,3571.0,9.0,0.06514382362365723,8e-05,0.14217546582221985,0.0
3572.0,3572.0,9.0,0.057340867817401886,8e-05,0.22412483394145966,0.0
3573.0,3573.0,9.0,0.05843757092952728,8e-05,0.163007915019989,0.0
3574.0,3574.0,9.0,0.06538976728916168,8e-05,0.22210857272148132,0.0
3575.0,3575.0,9.0,0.0516820102930069,8e-05,0.2924635708332062,0.0
3576.0,3576.0,9.0,0.05315034091472626,8e-05,0.2147509902715683,0.0
3577.0,3577.0,9.0,0.05958075076341629,8e-05,0.321291446685791,0.0
3578.0,3578.0,9.0,0.057926274836063385,8e-05,0.18864016234874725,0.0
3579.0,3579.0,9.0,0.06074836850166321,8e-05,0.24481795728206635,0.0
3580.0,3580.0,9.0,0.055369116365909576,8e-05,0.24699264764785767,0.0
3581.0,3581.0,9.0,0.05213732644915581,8e-05,0.19553133845329285,0.0
3582.0,3582.0,9.0,0.05097317695617676,8e-05,0.2823321521282196,0.0
3583.0,3583.0,9.0,0.06016834080219269,8e-05,0.20823930203914642,0.0
3584.0,3584.0,9.0,0.06979282200336456,8e-05,0.31111830472946167,0.0
3585.0,3585.0,9.0,0.08809265494346619,8e-05,0.2510001063346863,0.0
3586.0,3586.0,9.0,0.052262090146541595,8e-05,0.16527196764945984,0.0
3587.0,3587.0,9.0,0.0678023099899292,8e-05,0.3651539981365204,0.0
3588.0,3588.0,9.0,0.05239267647266388,8e-05,0.2643519937992096,0.0
3589.0,3589.0,9.0,0.055660270154476166,8e-05,0.2814342677593231,0.0
3590.0,3590.0,9.0,0.08444894850254059,8e-05,0.23432211577892303,0.0
3591.0,3591.0,9.0,0.06987116485834122,8e-05,0.29084262251853943,0.0
3592.0,3592.0,9.0,0.060529060661792755,8e-05,0.23880891501903534,0.0
3593.0,3593.0,9.0,0.06040157377719879,8e-05,0.2662956714630127,0.0
3594.0,3594.0,9.0,0.05440060794353485,8e-05,0.1322336047887802,0.0
3595.0,3595.0,9.0,0.06287162750959396,8e-05,0.3629125654697418,0.0
3596.0,3596.0,9.0,0.06224845349788666,8e-05,0.19432169198989868,0.0
3597.0,3597.0,9.0,0.06377255171537399,8e-05,0.3700609505176544,0.0
3598.0,3598.0,9.0,0.0645429790019989,8e-05,0.3083411157131195,0.0
3599.0,3599.0,9.0,0.05876057222485542,8e-05,0.22419768571853638,0.0
3600.0,3600.0,9.0,0.05436302721500397,8e-05,0.3117055594921112,0.0
3601.0,3601.0,9.0,0.05814412236213684,8e-05,0.11274325102567673,0.0
3602.0,3602.0,9.0,0.05794805288314819,8e-05,0.27542799711227417,0.0
3603.0,3603.0,9.0,0.06404924392700195,8e-05,0.1934504508972168,0.0
3604.0,3604.0,9.0,0.06902274489402771,8e-05,0.18854355812072754,0.0
3605.0,3605.0,9.0,0.06756642460823059,8e-05,0.3133572041988373,0.0
3606.0,3606.0,9.0,0.07472041994333267,8e-05,0.14982810616493225,0.0
3607.0,3607.0,9.0,0.06402882933616638,8e-05,0.30035310983657837,0.0
3608.0,3608.0,9.0,0.06491606682538986,8e-05,0.21842333674430847,0.0
3609.0,3609.0,9.0,0.07178431004285812,8e-05,0.21737982332706451,0.0
3610.0,3610.0,9.0,0.06414276361465454,8e-05,0.2503131031990051,0.0
3611.0,3611.0,9.0,0.060086939483881,8e-05,0.10968395322561264,0.0
3612.0,3612.0,9.0,0.0619809664785862,8e-05,0.23875239491462708,0.0
3613.0,3613.0,9.0,0.06013558804988861,8e-05,0.1566939502954483,0.0
3614.0,3614.0,9.0,0.05206521600484848,8e-05,0.14961281418800354,0.0
3615.0,3615.0,9.0,0.059745192527770996,8e-05,0.22482004761695862,0.0
3616.0,3616.0,9.0,0.06447645276784897,8e-05,0.1587611585855484,0.0
3617.0,3617.0,9.0,0.06307759881019592,8e-05,0.22505362331867218,0.0
3618.0,3618.0,9.0,0.05123722925782204,8e-05,0.18470250070095062,0.0
3619.0,3619.0,9.0,0.06406744569540024,8e-05,0.14907515048980713,0.0
3620.0,3620.0,9.0,0.07015565037727356,8e-05,0.15713031589984894,0.0
3621.0,3621.0,9.0,0.05815465375781059,8e-05,0.14271874725818634,0.0
3622.0,3622.0,9.0,0.052460312843322754,8e-05,0.11996623128652573,0.0
3623.0,3623.0,9.0,0.05688834190368652,8e-05,0.16441336274147034,0.0
3624.0,3624.0,9.0,0.05696369335055351,8e-05,0.16098515689373016,0.0
3625.0,3625.0,9.0,0.05464811995625496,8e-05,0.09928165376186371,0.0
3626.0,3626.0,9.0,0.07051694393157959,8e-05,0.19163291156291962,0.0
3627.0,3627.0,9.0,0.06915450096130371,8e-05,0.10424386709928513,0.0
3628.0,3628.0,9.0,0.0645429790019989,8e-05,0.11426543444395065,0.0
3629.0,3629.0,9.0,0.062201060354709625,8e-05,0.14402715861797333,0.0
3630.0,3630.0,9.0,0.06397939473390579,8e-05,0.09922607988119125,0.0
3631.0,3631.0,9.0,0.05478549003601074,8e-05,0.2179061770439148,0.0
3632.0,3632.0,9.0,0.05696526914834976,8e-05,0.1332273781299591,0.0
3633.0,3633.0,9.0,0.06503523886203766,8e-05,0.117999367415905,0.0
3634.0,3634.0,9.0,0.053651511669158936,8e-05,0.12315412610769272,0.0
3635.0,3635.0,9.0,0.05776195973157883,8e-05,0.11102204024791718,0.0
3636.0,3636.0,9.0,0.07070834189653397,8e-05,0.1345835030078888,0.0
3637.0,3637.0,9.0,0.06708021461963654,8e-05,0.117697574198246,0.0
3638.0,3638.0,9.0,0.0635911151766777,8e-05,0.14738322794437408,0.0
3639.0,3639.0,9.0,0.05069105327129364,8e-05,0.0970284640789032,0.0
3640.0,3640.0,9.0,0.06268651783466339,8e-05,0.12854580581188202,0.0
3641.0,3641.0,9.0,0.06683594733476639,8e-05,0.17845577001571655,0.0
3642.0,3642.0,9.0,0.05198204144835472,8e-05,0.12063770741224289,0.0
3643.0,3643.0,9.0,0.07461337745189667,8e-05,0.14705772697925568,0.0
3644.0,3644.0,9.0,0.05961734056472778,8e-05,0.18275150656700134,0.0
3645.0,3645.0,9.0,0.06974413990974426,8e-05,0.15682320296764374,0.0
3646.0,3646.0,9.0,0.0542893148958683,8e-05,0.18224181234836578,0.0
3647.0,3647.0,9.0,0.0613616444170475,8e-05,0.13924840092658997,0.0
3648.0,3648.0,9.0,0.051836028695106506,8e-05,0.1362829953432083,0.0
3649.0,3649.0,9.0,0.07411498576402664,8e-05,0.18735051155090332,0.0
3650.0,3650.0,9.0,0.07390116155147552,8e-05,0.1696450412273407,0.0
3651.0,3651.0,9.0,0.0728222131729126,8e-05,0.15650005638599396,0.0
3652.0,3652.0,9.0,0.05074724927544594,8e-05,0.19007092714309692,0.0
3653.0,3653.0,9.0,0.05783102661371231,8e-05,0.1917523294687271,0.0
3654.0,3654.0,9.0,0.06113394722342491,8e-05,0.14386336505413055,0.0
3655.0,3655.0,9.0,0.06406571716070175,8e-05,0.1834792196750641,0.0
3656.0,3656.0,9.0,0.05417777597904205,8e-05,0.17376728355884552,0.0
3657.0,3657.0,9.0,0.07306580245494843,8e-05,0.13611362874507904,0.0
3658.0,3658.0,9.0,0.05788955092430115,8e-05,0.193564772605896,0.0
3659.0,3659.0,9.0,0.06216582655906677,8e-05,0.152049720287323,0.0
3660.0,3660.0,9.0,0.049515459686517715,8e-05,0.12020735442638397,0.0
3661.0,3661.0,9.0,0.050582267343997955,8e-05,0.11849018931388855,0.0
3662.0,3662.0,9.0,0.0462895892560482,8e-05,0.1273549199104309,0.0
3663.0,3663.0,9.0,0.056843873113393784,8e-05,0.11600148677825928,0.0
3664.0,3664.0,9.0,0.05160711705684662,8e-05,0.10653731226921082,0.0
3665.0,3665.0,9.0,0.06299333274364471,8e-05,0.1974887102842331,0.0
3666.0,3666.0,9.0,0.052528440952301025,8e-05,0.1332339495420456,0.0
3667.0,3667.0,9.0,0.059319764375686646,8e-05,0.110405333340168,0.0
3668.0,3668.0,9.0,0.07180042564868927,8e-05,0.16298581659793854,0.0
3669.0,3669.0,9.0,0.0517188236117363,8e-05,0.1587374061346054,0.0
3670.0,3670.0,9.0,0.06692954152822495,8e-05,0.142655149102211,0.0
3671.0,3671.0,9.0,0.06149247661232948,8e-05,0.13887372612953186,0.0
3672.0,3672.0,9.0,0.05900709703564644,8e-05,0.11731267720460892,0.0
3673.0,3673.0,9.0,0.06101549416780472,8e-05,0.1142004057765007,0.0
3674.0,3674.0,9.0,0.07613327354192734,8e-05,0.1791122555732727,0.0
3675.0,3675.0,9.0,0.05211569741368294,8e-05,0.130972757935524,0.0
3676.0,3676.0,9.0,0.071510449051857,8e-05,0.16056255996227264,0.0
3677.0,3677.0,9.0,0.051040031015872955,8e-05,0.11150940507650375,0.0
3678.0,3678.0,9.0,0.06307019293308258,8e-05,0.1364864856004715,0.0
3679.0,3679.0,9.0,0.0577605739235878,8e-05,0.18986302614212036,0.0
3680.0,3680.0,9.0,0.05001170188188553,8e-05,0.14249317348003387,0.0
3681.0,3681.0,9.0,0.06640361249446869,8e-05,0.1763281375169754,0.0
3682.0,3682.0,9.0,0.07208220660686493,8e-05,0.14363321661949158,0.0
3683.0,3683.0,9.0,0.05643182620406151,8e-05,0.17986153066158295,0.0
3684.0,3684.0,9.0,0.06358495354652405,8e-05,0.13616891205310822,0.0
3685.0,3685.0,9.0,0.06755273789167404,8e-05,0.21353420615196228,0.0
3686.0,3686.0,9.0,0.058199234306812286,8e-05,0.147355854511261,0.0
3687.0,3687.0,9.0,0.0602044016122818,8e-05,0.20190559327602386,0.0
3688.0,3688.0,9.0,0.04946661740541458,8e-05,0.1857093870639801,0.0
3689.0,3689.0,9.0,0.047102250158786774,8e-05,0.12698206305503845,0.0
3690.0,3690.0,9.0,0.05707211047410965,8e-05,0.2191796749830246,0.0
3691.0,3691.0,9.0,0.05575571954250336,8e-05,0.12820512056350708,0.0
3692.0,3692.0,9.0,0.05488220602273941,8e-05,0.17611528933048248,0.0
3693.0,3693.0,9.0,0.06324328482151031,8e-05,0.20444421470165253,0.0
3694.0,3694.0,9.0,0.060379575937986374,8e-05,0.18419064581394196,0.0
3695.0,3695.0,9.0,0.056704431772232056,8e-05,0.2042468637228012,0.0
3696.0,3696.0,9.0,0.058409057557582855,8e-05,0.14352135360240936,0.0
3697.0,3697.0,9.0,0.0599563829600811,8e-05,0.17061200737953186,0.0
3698.0,3698.0,9.0,0.05495823919773102,8e-05,0.25462132692337036,0.0
3699.0,3699.0,9.0,0.06447941809892654,8e-05,0.17296378314495087,0.0
3700.0,3700.0,9.0,0.0589105486869812,8e-05,0.21479220688343048,0.0
3701.0,3701.0,9.0,0.05720584839582443,8e-05,0.1762882024049759,0.0
3702.0,3702.0,9.0,0.042083874344825745,8e-05,0.10533823817968369,0.0
3703.0,3703.0,9.0,0.055414408445358276,8e-05,0.1648297756910324,0.0
3704.0,3704.0,9.0,0.05774825066328049,8e-05,0.2620725631713867,0.0
3705.0,3705.0,9.0,0.05844704806804657,8e-05,0.1054820567369461,0.0
3706.0,3706.0,9.0,0.05945730209350586,8e-05,0.22063744068145752,0.0
3707.0,3707.0,9.0,0.0597354881465435,8e-05,0.2529892921447754,0.0
3708.0,3708.0,9.0,0.05201306939125061,8e-05,0.17398150265216827,0.0
3709.0,3709.0,9.0,0.05505741760134697,8e-05,0.30073827505111694,0.0
3710.0,3710.0,9.0,0.057219285517930984,8e-05,0.2880746126174927,0.0
3711.0,3711.0,9.0,0.055131733417510986,8e-05,0.22028107941150665,0.0
3712.0,3712.0,9.0,0.05201258137822151,8e-05,0.23901276290416718,0.0
3713.0,3713.0,9.0,0.047904253005981445,8e-05,0.34206095337867737,0.0
3714.0,3714.0,9.0,0.04782525822520256,8e-05,0.16084887087345123,0.0
3715.0,3715.0,9.0,0.06838864088058472,8e-05,0.2661145031452179,0.0
3716.0,3716.0,9.0,0.053042229264974594,8e-05,0.19687779247760773,0.0
3717.0,3717.0,9.0,0.049960389733314514,8e-05,0.21918611228466034,0.0
3718.0,3718.0,9.0,0.059784237295389175,8e-05,0.13200782239437103,0.0
3719.0,3719.0,9.0,0.06698000431060791,8e-05,0.17874065041542053,0.0
3720.0,3720.0,9.0,0.05219744145870209,8e-05,0.17352394759655,0.0
3721.0,3721.0,9.0,0.06787052005529404,8e-05,0.18738514184951782,0.0
3722.0,3722.0,9.0,0.05765904113650322,8e-05,0.2655203640460968,0.0
3723.0,3723.0,9.0,0.06421856582164764,8e-05,0.1691652238368988,0.0
3724.0,3724.0,9.0,0.06162114441394806,8e-05,0.267749547958374,0.0
3725.0,3725.0,9.0,0.0599290207028389,8e-05,0.16521230340003967,0.0
3726.0,3726.0,9.0,0.07514319568872452,8e-05,0.31555458903312683,0.0
3727.0,3727.0,9.0,0.05509904772043228,8e-05,0.14704839885234833,0.0
3728.0,3728.0,9.0,0.045978523790836334,8e-05,0.24252763390541077,0.0
3729.0,3729.0,9.0,0.050476688891649246,8e-05,0.18484506011009216,0.0
3730.0,3730.0,9.0,0.06691553443670273,8e-05,0.17689093947410583,0.0
3731.0,3731.0,9.0,0.06557857245206833,8e-05,0.299004465341568,0.0
3732.0,3732.0,9.0,0.07226642966270447,8e-05,0.18732136487960815,0.0
3733.0,3733.0,9.0,0.059495531022548676,8e-05,0.28086188435554504,0.0
3734.0,3734.0,9.0,0.06508716940879822,8e-05,0.18251974880695343,0.0
3735.0,3735.0,9.0,0.05288059264421463,8e-05,0.26821330189704895,0.0
3736.0,3736.0,9.0,0.07593554258346558,8e-05,0.1894615739583969,0.0
3737.0,3737.0,9.0,0.07072685658931732,8e-05,0.1984139382839203,0.0
3738.0,3738.0,9.0,0.05514250323176384,8e-05,0.24028176069259644,0.0
3739.0,3739.0,9.0,0.06103898957371712,8e-05,0.21352040767669678,0.0
3740.0,3740.0,9.0,0.06480712443590164,8e-05,0.23583532869815826,0.0
3741.0,3741.0,9.0,0.06256864219903946,8e-05,0.1809834986925125,0.0
3742.0,3742.0,9.0,0.053667835891246796,8e-05,0.1916872262954712,0.0
3743.0,3743.0,9.0,0.05327442288398743,8e-05,0.1731976866722107,0.0
3744.0,3744.0,9.0,0.06912783533334732,8e-05,0.22821316123008728,0.0
3745.0,3745.0,9.0,0.06686144322156906,8e-05,0.17767930030822754,0.0
3746.0,3746.0,9.0,0.060079846531152725,8e-05,0.19662845134735107,0.0
3747.0,3747.0,9.0,0.06231928616762161,8e-05,0.22191360592842102,0.0
3748.0,3748.0,9.0,0.053178731352090836,8e-05,0.10212752223014832,0.0
3749.0,3749.0,9.0,0.059844207018613815,8e-05,0.26292306184768677,0.0
3750.0,3750.0,9.0,0.06467228382825851,8e-05,0.20937073230743408,0.0
3751.0,3751.0,9.0,0.051058150827884674,8e-05,0.18418671190738678,0.0
3752.0,3752.0,9.0,0.05662931874394417,8e-05,0.25756004452705383,0.0
3753.0,3753.0,9.0,0.05687853321433067,8e-05,0.12775243818759918,0.0
3754.0,3754.0,9.0,0.059804849326610565,8e-05,0.23052436113357544,0.0
3755.0,3755.0,9.0,0.0674557089805603,8e-05,0.1568860411643982,0.0
3756.0,3756.0,9.0,0.07294753193855286,8e-05,0.2415926456451416,0.0
3757.0,3757.0,9.0,0.06038123369216919,8e-05,0.14877277612686157,0.0
3758.0,3758.0,9.0,0.048906974494457245,8e-05,0.1420733481645584,0.0
3759.0,3759.0,9.0,0.060201577842235565,8e-05,0.20437200367450714,0.0
3760.0,3760.0,9.0,0.07238706946372986,8e-05,0.15031234920024872,0.0
3761.0,3761.0,9.0,0.05063869431614876,8e-05,0.17115668952465057,0.0
3762.0,3762.0,9.0,0.04779082164168358,8e-05,0.1582358032464981,0.0
3763.0,3763.0,9.0,0.060447338968515396,8e-05,0.22332017123699188,0.0
3764.0,3764.0,9.0,0.06498550623655319,8e-05,0.14363476634025574,0.0
3765.0,3765.0,9.0,0.06835789978504181,8e-05,0.18223798274993896,0.0
3766.0,3766.0,9.0,0.0678091049194336,8e-05,0.12919193506240845,0.0
3767.0,3767.0,9.0,0.05153395235538483,8e-05,0.19244502484798431,0.0
3768.0,3768.0,9.0,0.04732022434473038,8e-05,0.08575796335935593,0.0
3769.0,3769.0,9.0,0.042428821325302124,8e-05,0.15909303724765778,0.0
3770.0,3770.0,9.0,0.07161328196525574,8e-05,0.14455416798591614,0.0
3771.0,3771.0,9.0,0.05722469091415405,8e-05,0.16640712320804596,0.0
3772.0,3772.0,9.0,0.053806550800800323,8e-05,0.12609292566776276,0.0
3773.0,3773.0,9.0,0.06896328926086426,8e-05,0.1484469175338745,0.0
3774.0,3774.0,9.0,0.061965275555849075,8e-05,0.14836125075817108,0.0
3775.0,3775.0,9.0,0.058018289506435394,8e-05,0.15262362360954285,0.0
3776.0,3776.0,9.0,0.05738843232393265,8e-05,0.13537010550498962,0.0
3777.0,3777.0,9.0,0.05890118330717087,8e-05,0.1616131216287613,0.0
3778.0,3778.0,9.0,0.06951861083507538,8e-05,0.15958146750926971,0.0
3779.0,3779.0,9.0,0.06652277708053589,8e-05,0.16030360758304596,0.0
3780.0,3780.0,9.0,0.06680531054735184,8e-05,0.15499156713485718,0.0
3781.0,3781.0,9.0,0.0678163468837738,8e-05,0.20145763456821442,0.0
3782.0,3782.0,9.0,0.05969104543328285,8e-05,0.12660135328769684,0.0
3783.0,3783.0,9.0,0.0595831461250782,8e-05,0.17507363855838776,0.0
3784.0,3784.0,9.0,0.03991952911019325,8e-05,0.14686322212219238,0.0
3785.0,3785.0,9.0,0.0689089447259903,8e-05,0.1686498075723648,0.0
3786.0,3786.0,9.0,0.06520809978246689,8e-05,0.12759070098400116,0.0
3787.0,3787.0,9.0,0.05959327518939972,8e-05,0.1641223281621933,0.0
3788.0,3788.0,9.0,0.05706464871764183,8e-05,0.12043577432632446,0.0
3789.0,3789.0,9.0,0.06281144171953201,8e-05,0.1328335702419281,0.0
3790.0,3790.0,9.0,0.05894191563129425,8e-05,0.1711292266845703,0.0
3791.0,3791.0,9.0,0.06083244830369949,8e-05,0.1672763228416443,0.0
3792.0,3792.0,9.0,0.06258928775787354,8e-05,0.1401912122964859,0.0
3793.0,3793.0,9.0,0.057061709463596344,8e-05,0.1804572492837906,0.0
3794.0,3794.0,9.0,0.05768892914056778,8e-05,0.11530281603336334,0.0
3795.0,3795.0,9.0,0.06366308778524399,8e-05,0.13137131929397583,0.0
3796.0,3796.0,9.0,0.07158257812261581,8e-05,0.2158651053905487,0.0
3797.0,3797.0,9.0,0.060970488935709,8e-05,0.08509927988052368,0.0
3798.0,3798.0,9.0,0.05646579712629318,8e-05,0.2202860414981842,0.0
3799.0,3799.0,9.0,0.06945725530385971,8e-05,0.17996717989444733,0.0
3800.0,3800.0,9.0,0.06819356232881546,8e-05,0.22513215243816376,0.0
3801.0,3801.0,9.0,0.06541089713573456,8e-05,0.19206783175468445,0.0
3802.0,3802.0,9.0,0.061501920223236084,8e-05,0.16307605803012848,0.0
3803.0,3803.0,9.0,0.06369705498218536,8e-05,0.2535344660282135,0.0
3804.0,3804.0,9.0,0.06567899882793427,8e-05,0.22137638926506042,0.0
3805.0,3805.0,9.0,0.06527692079544067,8e-05,0.22000689804553986,0.0
3806.0,3806.0,9.0,0.07349244505167007,8e-05,0.22221235930919647,0.0
3807.0,3807.0,9.0,0.061715688556432724,8e-05,0.15198273956775665,0.0
3808.0,3808.0,9.0,0.05341443419456482,8e-05,0.2702597677707672,0.0
3809.0,3809.0,9.0,0.061022691428661346,8e-05,0.18496820330619812,0.0
3810.0,3810.0,9.0,0.055544860661029816,8e-05,0.26002228260040283,0.0
3811.0,3811.0,9.0,0.05186238884925842,8e-05,0.1306859701871872,0.0
3812.0,3812.0,9.0,0.06409284472465515,8e-05,0.19560539722442627,0.0
3813.0,3813.0,9.0,0.05001246556639671,8e-05,0.19862326979637146,0.0
3814.0,3814.0,9.0,0.07115878164768219,8e-05,0.17722979187965393,0.0
3815.0,3815.0,9.0,0.05798795819282532,8e-05,0.23236051201820374,0.0
3816.0,3816.0,9.0,0.06115131825208664,8e-05,0.24008962512016296,0.0
3817.0,3817.0,9.0,0.05377863347530365,8e-05,0.21732304990291595,0.0
3818.0,3818.0,9.0,0.056478746235370636,8e-05,0.17638951539993286,0.0
3819.0,3819.0,9.0,0.06811615824699402,8e-05,0.17710088193416595,0.0
3820.0,3820.0,9.0,0.06776528805494308,8e-05,0.1655944287776947,0.0
3821.0,3821.0,9.0,0.07248988747596741,8e-05,0.12372725456953049,0.0
3822.0,3822.0,9.0,0.05548863485455513,8e-05,0.16025567054748535,0.0
3823.0,3823.0,9.0,0.06260502338409424,8e-05,0.10211321711540222,0.0
3824.0,3824.0,9.0,0.057010501623153687,8e-05,0.1432250440120697,0.0
3825.0,3825.0,9.0,0.0693797618150711,8e-05,0.1360020637512207,0.0
3826.0,3826.0,9.0,0.05528832972049713,8e-05,0.10048502683639526,0.0
3827.0,3827.0,9.0,0.0513153150677681,8e-05,0.14312861859798431,0.0
3828.0,3828.0,9.0,0.044348619878292084,8e-05,0.1172209084033966,0.0
3829.0,3829.0,9.0,0.05407983437180519,8e-05,0.1860484778881073,0.0
3830.0,3830.0,9.0,0.05355246365070343,8e-05,0.11394186317920685,0.0
3831.0,3831.0,9.0,0.04687289148569107,8e-05,0.10895959287881851,0.0
3832.0,3832.0,9.0,0.05687449499964714,8e-05,0.15766043961048126,0.0
3833.0,3833.0,9.0,0.06211249157786369,8e-05,0.19779551029205322,0.0
3834.0,3834.0,9.0,0.07881342619657516,8e-05,0.17507074773311615,0.0
3835.0,3835.0,9.0,0.051766857504844666,8e-05,0.18855392932891846,0.0
3836.0,3836.0,9.0,0.0795343667268753,8e-05,0.22048789262771606,0.0
3837.0,3837.0,9.0,0.05875975638628006,8e-05,0.21318580210208893,0.0
3838.0,3838.0,9.0,0.06254962831735611,8e-05,0.24077889323234558,0.0
3839.0,3839.0,9.0,0.06570650637149811,8e-05,0.16098283231258392,0.0
3840.0,3840.0,9.0,0.06165970861911774,8e-05,0.2143276333808899,0.0
3841.0,3841.0,9.0,0.0555143840610981,8e-05,0.20593023300170898,0.0
3842.0,3842.0,9.0,0.05605240911245346,8e-05,0.14306125044822693,0.0
3843.0,3843.0,9.0,0.08762235939502716,8e-05,0.2315061241388321,0.0
3844.0,3844.0,9.0,0.057979024946689606,8e-05,0.1731671541929245,0.0
3845.0,3845.0,9.0,0.06213730201125145,8e-05,0.16435055434703827,0.0
3846.0,3846.0,9.0,0.05055497586727142,8e-05,0.11949969083070755,0.0
3847.0,3847.0,9.0,0.05957528576254845,8e-05,0.21485334634780884,0.0
3848.0,3848.0,9.0,0.05909813567996025,8e-05,0.10622070729732513,0.0
3849.0,3849.0,9.0,0.06914050877094269,8e-05,0.1470661759376526,0.0
3850.0,3850.0,9.0,0.0797581821680069,8e-05,0.17500975728034973,0.0
3851.0,3851.0,9.0,0.0645633339881897,8e-05,0.11270412802696228,0.0
3852.0,3852.0,9.0,0.06230210140347481,8e-05,0.16452164947986603,0.0
3853.0,3853.0,9.0,0.060046978294849396,8e-05,0.15767212212085724,0.0
3854.0,3854.0,9.0,0.051475755870342255,8e-05,0.16362348198890686,0.0
3855.0,3855.0,9.0,0.06321287155151367,8e-05,0.1457327902317047,0.0
3856.0,3856.0,9.0,0.05750119686126709,8e-05,0.19703078269958496,0.0
3857.0,3857.0,9.0,0.06489551067352295,8e-05,0.18509268760681152,0.0
3858.0,3858.0,9.0,0.05469010770320892,8e-05,0.12812380492687225,0.0
3859.0,3859.0,9.0,0.059797078371047974,8e-05,0.185099259018898,0.0
3860.0,3860.0,9.0,0.06850535422563553,8e-05,0.1224258616566658,0.0
3861.0,3861.0,9.0,0.06541964411735535,8e-05,0.16944313049316406,0.0
3862.0,3862.0,9.0,0.05403227359056473,8e-05,0.10510088503360748,0.0
3863.0,3863.0,9.0,0.0684284046292305,8e-05,0.18287408351898193,0.0
3864.0,3864.0,9.0,0.061088211834430695,8e-05,0.15239101648330688,0.0
3865.0,3865.0,9.0,0.07436124980449677,8e-05,0.17023958265781403,0.0
3866.0,3866.0,9.0,0.06024310737848282,8e-05,0.12158043682575226,0.0
3867.0,3867.0,9.0,0.0572931244969368,8e-05,0.15706346929073334,0.0
3868.0,3868.0,9.0,0.07506171613931656,8e-05,0.1644364297389984,0.0
3869.0,3869.0,9.0,0.05181979387998581,8e-05,0.13323789834976196,0.0
3870.0,3870.0,9.0,0.07181021571159363,8e-05,0.1665533483028412,0.0
3871.0,3871.0,9.0,0.06261905282735825,8e-05,0.1507367044687271,0.0
3872.0,3872.0,9.0,0.0636962279677391,8e-05,0.13887429237365723,0.0
3873.0,3873.0,9.0,0.08040818572044373,8e-05,0.123769611120224,0.0
3874.0,3874.0,9.0,0.067677803337574,8e-05,0.12502191960811615,0.0
3875.0,3875.0,9.0,0.06324046105146408,8e-05,0.126799538731575,0.0
3876.0,3876.0,9.0,0.05790641903877258,8e-05,0.10998982191085815,0.0
3877.0,3877.0,9.0,0.0548710934817791,8e-05,0.17037688195705414,0.0
3878.0,3878.0,9.0,0.05860307067632675,8e-05,0.13268767297267914,0.0
3879.0,3879.0,9.0,0.06185512989759445,8e-05,0.12783120572566986,0.0
3880.0,3880.0,9.0,0.05863224342465401,8e-05,0.14811569452285767,0.0
3881.0,3881.0,9.0,0.0657605454325676,8e-05,0.12301216274499893,0.0
3882.0,3882.0,9.0,0.059249915182590485,8e-05,0.123470239341259,0.0
3883.0,3883.0,9.0,0.05498437583446503,8e-05,0.1480063796043396,0.0
3884.0,3884.0,9.0,0.056494880467653275,8e-05,0.1359526515007019,0.0
3885.0,3885.0,9.0,0.06161976605653763,8e-05,0.13670213520526886,0.0
3886.0,3886.0,9.0,0.06879743188619614,8e-05,0.15990376472473145,0.0
3887.0,3887.0,9.0,0.06762741506099701,8e-05,0.19680501520633698,0.0
3888.0,3888.0,9.0,0.07748032361268997,8e-05,0.18511459231376648,0.0
3889.0,3889.0,9.0,0.058656852692365646,8e-05,0.20922817289829254,0.0
3890.0,3890.0,9.0,0.07330241799354553,8e-05,0.17491567134857178,0.0
3891.0,3891.0,9.0,0.06252168118953705,8e-05,0.22338896989822388,0.0
3892.0,3892.0,9.0,0.053799986839294434,8e-05,0.17948000133037567,0.0
3893.0,3893.0,9.0,0.06887152791023254,8e-05,0.18662479519844055,0.0
3894.0,3894.0,9.0,0.06965799629688263,8e-05,0.15043000876903534,0.0
3895.0,3895.0,9.0,0.052590467035770416,8e-05,0.11188071221113205,0.0
3896.0,3896.0,9.0,0.056519195437431335,8e-05,0.1610211730003357,0.0
3897.0,3897.0,9.0,0.0688728541135788,8e-05,0.1379232555627823,0.0
3898.0,3898.0,9.0,0.050080884248018265,8e-05,0.15643681585788727,0.0
3899.0,3899.0,9.0,0.061426952481269836,8e-05,0.11906460672616959,0.0
3900.0,3900.0,9.0,0.053960785269737244,8e-05,0.20066465437412262,0.0
3901.0,3901.0,10.0,0.06418067216873169,8e-05,0.12751291692256927,0.0
3902.0,3902.0,10.0,0.04637477546930313,8e-05,0.26289451122283936,0.0
3903.0,3903.0,10.0,0.06687483936548233,8e-05,0.13104073703289032,0.0
3904.0,3904.0,10.0,0.05959467589855194,8e-05,0.24612849950790405,0.0
3905.0,3905.0,10.0,0.050611719489097595,8e-05,0.1490859091281891,0.0
3906.0,3906.0,10.0,0.06056872755289078,8e-05,0.1827736496925354,0.0
3907.0,3907.0,10.0,0.052441664040088654,8e-05,0.26975110173225403,0.0
3908.0,3908.0,10.0,0.05236563831567764,8e-05,0.2350379079580307,0.0
3909.0,3909.0,10.0,0.05498486012220383,8e-05,0.2500222623348236,0.0
3910.0,3910.0,10.0,0.05055326968431473,8e-05,0.18722057342529297,0.0
3911.0,3911.0,10.0,0.06425172090530396,8e-05,0.2713278532028198,0.0
3912.0,3912.0,10.0,0.06257377564907074,8e-05,0.19399625062942505,0.0
3913.0,3913.0,10.0,0.058979250490665436,8e-05,0.257546067237854,0.0
3914.0,3914.0,10.0,0.05797819420695305,8e-05,0.22190216183662415,0.0
3915.0,3915.0,10.0,0.0612126849591732,8e-05,0.21367016434669495,0.0
3916.0,3916.0,10.0,0.06491582840681076,8e-05,0.24067023396492004,0.0
3917.0,3917.0,10.0,0.051570843905210495,8e-05,0.2180120050907135,0.0
3918.0,3918.0,10.0,0.059237584471702576,8e-05,0.2254353016614914,0.0
3919.0,3919.0,10.0,0.06891442835330963,8e-05,0.25938284397125244,0.0
3920.0,3920.0,10.0,0.049907386302948,8e-05,0.21113169193267822,0.0
3921.0,3921.0,10.0,0.054536208510398865,8e-05,0.30127623677253723,0.0
3922.0,3922.0,10.0,0.050535354763269424,8e-05,0.18833208084106445,0.0
3923.0,3923.0,10.0,0.06453234702348709,8e-05,0.2892649173736572,0.0
3924.0,3924.0,10.0,0.06528636813163757,8e-05,0.18858633935451508,0.0
3925.0,3925.0,10.0,0.0637042224407196,8e-05,0.3192802965641022,0.0
3926.0,3926.0,10.0,0.06505967676639557,8e-05,0.23217639327049255,0.0
3927.0,3927.0,10.0,0.055676545947790146,8e-05,0.26443955302238464,0.0
3928.0,3928.0,10.0,0.05985896289348602,8e-05,0.3928598165512085,0.0
3929.0,3929.0,10.0,0.06348992884159088,8e-05,0.22240522503852844,0.0
3930.0,3930.0,10.0,0.0545516163110733,8e-05,0.37361106276512146,0.0
3931.0,3931.0,10.0,0.06815127283334732,8e-05,0.1679704785346985,0.0
3932.0,3932.0,10.0,0.07134844362735748,8e-05,0.2856545150279999,0.0
3933.0,3933.0,10.0,0.05672892928123474,8e-05,0.2848985195159912,0.0
3934.0,3934.0,10.0,0.06115065887570381,8e-05,0.2285294085741043,0.0
3935.0,3935.0,10.0,0.04736355319619179,8e-05,0.30038192868232727,0.0
3936.0,3936.0,10.0,0.07538704574108124,8e-05,0.14302866160869598,0.0
3937.0,3937.0,10.0,0.05541369691491127,8e-05,0.2575063407421112,0.0
3938.0,3938.0,10.0,0.060646601021289825,8e-05,0.21282625198364258,0.0
3939.0,3939.0,10.0,0.06324614584445953,8e-05,0.26725155115127563,0.0
3940.0,3940.0,10.0,0.04767736792564392,8e-05,0.21120738983154297,0.0
3941.0,3941.0,10.0,0.057489827275276184,8e-05,0.13006998598575592,0.0
3942.0,3942.0,10.0,0.07549194991588593,8e-05,0.2253071367740631,0.0
3943.0,3943.0,10.0,0.0601172111928463,8e-05,0.2340879589319229,0.0
3944.0,3944.0,10.0,0.060938578099012375,8e-05,0.23341459035873413,0.0
3945.0,3945.0,10.0,0.06602658331394196,8e-05,0.2745803892612457,0.0
3946.0,3946.0,10.0,0.07333347201347351,8e-05,0.2032945454120636,0.0
3947.0,3947.0,10.0,0.06599627435207367,8e-05,0.25067010521888733,0.0
3948.0,3948.0,10.0,0.05819350481033325,8e-05,0.12345266342163086,0.0
3949.0,3949.0,10.0,0.04770805686712265,8e-05,0.21670567989349365,0.0
3950.0,3950.0,10.0,0.04607849940657616,8e-05,0.18412525951862335,0.0
3951.0,3951.0,10.0,0.06503075361251831,8e-05,0.12130692601203918,0.0
3952.0,3952.0,10.0,0.0554925836622715,8e-05,0.253172367811203,0.0
3953.0,3953.0,10.0,0.05872674286365509,8e-05,0.14886273443698883,0.0
3954.0,3954.0,10.0,0.052648819983005524,8e-05,0.2598496675491333,0.0
3955.0,3955.0,10.0,0.05415799468755722,8e-05,0.21157199144363403,0.0
3956.0,3956.0,10.0,0.07056600600481033,8e-05,0.2202436327934265,0.0
3957.0,3957.0,10.0,0.05950397253036499,8e-05,0.1748945116996765,0.0
3958.0,3958.0,10.0,0.05429339036345482,8e-05,0.1506805270910263,0.0
3959.0,3959.0,10.0,0.0533682256937027,8e-05,0.08818835020065308,0.0
3960.0,3960.0,10.0,0.06647729128599167,8e-05,0.1590452939271927,0.0
3961.0,3961.0,10.0,0.06534332036972046,8e-05,0.11712205410003662,0.0
3962.0,3962.0,10.0,0.057317156344652176,8e-05,0.14716972410678864,0.0
3963.0,3963.0,10.0,0.06622607260942459,8e-05,0.14276529848575592,0.0
3964.0,3964.0,10.0,0.06338506191968918,8e-05,0.1102275624871254,0.0
3965.0,3965.0,10.0,0.06244969367980957,8e-05,0.14847524464130402,0.0
3966.0,3966.0,10.0,0.05930950492620468,8e-05,0.21272693574428558,0.0
3967.0,3967.0,10.0,0.08275887370109558,8e-05,0.15053698420524597,0.0
3968.0,3968.0,10.0,0.06078600510954857,8e-05,0.25001633167266846,0.0
3969.0,3969.0,10.0,0.06320985406637192,8e-05,0.181484654545784,0.0
3970.0,3970.0,10.0,0.062434565275907516,8e-05,0.22551831603050232,0.0
3971.0,3971.0,10.0,0.054091811180114746,8e-05,0.1893463134765625,0.0
3972.0,3972.0,10.0,0.06656714528799057,8e-05,0.2965337336063385,0.0
3973.0,3973.0,10.0,0.06703498214483261,8e-05,0.2649206519126892,0.0
3974.0,3974.0,10.0,0.05778133496642113,8e-05,0.245614692568779,0.0
3975.0,3975.0,10.0,0.07363755255937576,8e-05,0.13757406175136566,0.0
3976.0,3976.0,10.0,0.058294493705034256,8e-05,0.2720249593257904,0.0
3977.0,3977.0,10.0,0.06448358297348022,8e-05,0.1703041046857834,0.0
3978.0,3978.0,10.0,0.06195073202252388,8e-05,0.1865728199481964,0.0
3979.0,3979.0,10.0,0.05280598998069763,8e-05,0.2204699069261551,0.0
3980.0,3980.0,10.0,0.05911056697368622,8e-05,0.15299329161643982,0.0
3981.0,3981.0,10.0,0.06998229026794434,8e-05,0.20119839906692505,0.0
3982.0,3982.0,10.0,0.06597478687763214,8e-05,0.22285525500774384,0.0
3983.0,3983.0,10.0,0.0573105663061142,8e-05,0.12610210478305817,0.0
3984.0,3984.0,10.0,0.0758843868970871,8e-05,0.17958377301692963,0.0
3985.0,3985.0,10.0,0.06660733371973038,8e-05,0.14567682147026062,0.0
3986.0,3986.0,10.0,0.06219229847192764,8e-05,0.1187637448310852,0.0
3987.0,3987.0,10.0,0.05066736415028572,8e-05,0.1479325145483017,0.0
3988.0,3988.0,10.0,0.05440536141395569,8e-05,0.13158990442752838,0.0
3989.0,3989.0,10.0,0.07662013173103333,8e-05,0.1470305472612381,0.0
3990.0,3990.0,10.0,0.06362594664096832,8e-05,0.16218426823616028,0.0
3991.0,3991.0,10.0,0.060795947909355164,8e-05,0.1859121471643448,0.0
3992.0,3992.0,10.0,0.06604956090450287,8e-05,0.19356249272823334,0.0
3993.0,3993.0,10.0,0.06048300117254257,8e-05,0.19789960980415344,0.0
3994.0,3994.0,10.0,0.06878422200679779,8e-05,0.14899609982967377,0.0
3995.0,3995.0,10.0,0.0628657266497612,8e-05,0.18258488178253174,0.0
3996.0,3996.0,10.0,0.06014407053589821,8e-05,0.11405842006206512,0.0
3997.0,3997.0,10.0,0.044517651200294495,8e-05,0.13509920239448547,0.0
3998.0,3998.0,10.0,0.07028539478778839,8e-05,0.2103656828403473,0.0
3999.0,3999.0,10.0,0.06735313683748245,8e-05,0.12052757292985916,0.0
4000.0,4000.0,10.0,0.06867986917495728,8e-05,0.22030411660671234,0.0
4001.0,4001.0,10.0,0.060728758573532104,8e-05,0.16400466859340668,0.0
4002.0,4002.0,10.0,0.058165933936834335,8e-05,0.15016229450702667,0.0
4003.0,4003.0,10.0,0.07548344135284424,8e-05,0.18747393786907196,0.0
4004.0,4004.0,10.0,0.050444044172763824,8e-05,0.13890913128852844,0.0
4005.0,4005.0,10.0,0.054631307721138,8e-05,0.2478618323802948,0.0
4006.0,4006.0,10.0,0.05153902992606163,8e-05,0.18738654255867004,0.0
4007.0,4007.0,10.0,0.058897990733385086,8e-05,0.2509367763996124,0.0
4008.0,4008.0,10.0,0.06699956953525543,8e-05,0.2267189621925354,0.0
4009.0,4009.0,10.0,0.05926467105746269,8e-05,0.19139178097248077,0.0
4010.0,4010.0,10.0,0.06308819353580475,8e-05,0.18998637795448303,0.0
4011.0,4011.0,10.0,0.05769375339150429,8e-05,0.2085595279932022,0.0
4012.0,4012.0,10.0,0.06631635129451752,8e-05,0.2047078013420105,0.0
4013.0,4013.0,10.0,0.07811971753835678,8e-05,0.21179629862308502,0.0
4014.0,4014.0,10.0,0.06513668596744537,8e-05,0.19487151503562927,0.0
4015.0,4015.0,10.0,0.07104338705539703,8e-05,0.1840779185295105,0.0
4016.0,4016.0,10.0,0.07037237286567688,8e-05,0.22898444533348083,0.0
4017.0,4017.0,10.0,0.05571248382329941,8e-05,0.25625112652778625,0.0
4018.0,4018.0,10.0,0.06141452491283417,8e-05,0.1933487355709076,0.0
4019.0,4019.0,10.0,0.06173233687877655,8e-05,0.1793958693742752,0.0
4020.0,4020.0,10.0,0.07918192446231842,8e-05,0.2855907678604126,0.0
4021.0,4021.0,10.0,0.04797383025288582,8e-05,0.0926675945520401,0.0
4022.0,4022.0,10.0,0.05323691666126251,8e-05,0.2399194836616516,0.0
4023.0,4023.0,10.0,0.055999189615249634,8e-05,0.13736486434936523,0.0
4024.0,4024.0,10.0,0.057600490748882294,8e-05,0.18632125854492188,0.0
4025.0,4025.0,10.0,0.05335231125354767,8e-05,0.14845530688762665,0.0
4026.0,4026.0,10.0,0.07168558239936829,8e-05,0.15790130198001862,0.0
4027.0,4027.0,10.0,0.05286601930856705,8e-05,0.1744157075881958,0.0
4028.0,4028.0,10.0,0.05549934506416321,8e-05,0.11624342948198318,0.0
4029.0,4029.0,10.0,0.053345248103141785,8e-05,0.19897490739822388,0.0
4030.0,4030.0,10.0,0.059884361922740936,8e-05,0.17571815848350525,0.0
4031.0,4031.0,10.0,0.06010516732931137,8e-05,0.1685199737548828,0.0
4032.0,4032.0,10.0,0.04913897439837456,8e-05,0.2787710130214691,0.0
4033.0,4033.0,10.0,0.049107056111097336,8e-05,0.14481297135353088,0.0
4034.0,4034.0,10.0,0.061179157346487045,8e-05,0.27819254994392395,0.0
4035.0,4035.0,10.0,0.04897122457623482,8e-05,0.16038744151592255,0.0
4036.0,4036.0,10.0,0.060837071388959885,8e-05,0.1641836017370224,0.0
4037.0,4037.0,10.0,0.062070172280073166,8e-05,0.21963045001029968,0.0
4038.0,4038.0,10.0,0.06086749956011772,8e-05,0.1080738753080368,0.0
4039.0,4039.0,10.0,0.052691154181957245,8e-05,0.19964538514614105,0.0
4040.0,4040.0,10.0,0.0652574673295021,8e-05,0.12962432205677032,0.0
4041.0,4041.0,10.0,0.04606127738952637,8e-05,0.11198782920837402,0.0
4042.0,4042.0,10.0,0.051445163786411285,8e-05,0.133606418967247,0.0
4043.0,4043.0,10.0,0.06677570939064026,8e-05,0.10300473868846893,0.0
4044.0,4044.0,10.0,0.057918377220630646,8e-05,0.13662035763263702,0.0
4045.0,4045.0,10.0,0.06687484681606293,8e-05,0.15442384779453278,0.0
4046.0,4046.0,10.0,0.052556030452251434,8e-05,0.13182741403579712,0.0
4047.0,4047.0,10.0,0.0758223906159401,8e-05,0.15782447159290314,0.0
4048.0,4048.0,10.0,0.052383728325366974,8e-05,0.14563381671905518,0.0
4049.0,4049.0,10.0,0.07379471510648727,8e-05,0.13559384644031525,0.0
4050.0,4050.0,10.0,0.07532119750976562,8e-05,0.1339377611875534,0.0
4051.0,4051.0,10.0,0.061514806002378464,8e-05,0.1529434770345688,0.0
4052.0,4052.0,10.0,0.06640011817216873,8e-05,0.14140354096889496,0.0
4053.0,4053.0,10.0,0.05440429598093033,8e-05,0.08696002513170242,0.0
4054.0,4054.0,10.0,0.06482464075088501,8e-05,0.17124797403812408,0.0
4055.0,4055.0,10.0,0.0732630118727684,8e-05,0.11376723647117615,0.0
4056.0,4056.0,10.0,0.056254032999277115,8e-05,0.1056661605834961,0.0
4057.0,4057.0,10.0,0.06440478563308716,8e-05,0.22325944900512695,0.0
4058.0,4058.0,10.0,0.06503714621067047,8e-05,0.2051277905702591,0.0
4059.0,4059.0,10.0,0.06182461231946945,8e-05,0.23990510404109955,0.0
4060.0,4060.0,10.0,0.0627855435013771,8e-05,0.22370415925979614,0.0
4061.0,4061.0,10.0,0.05416586995124817,8e-05,0.2360028177499771,0.0
4062.0,4062.0,10.0,0.0626067966222763,8e-05,0.222516268491745,0.0
4063.0,4063.0,10.0,0.06630541384220123,8e-05,0.26139843463897705,0.0
4064.0,4064.0,10.0,0.05398169904947281,8e-05,0.19470195472240448,0.0
4065.0,4065.0,10.0,0.06687775254249573,8e-05,0.3171144425868988,0.0
4066.0,4066.0,10.0,0.04969814047217369,8e-05,0.21266095340251923,0.0
4067.0,4067.0,10.0,0.06940589100122452,8e-05,0.2180606573820114,0.0
4068.0,4068.0,10.0,0.06327956914901733,8e-05,0.27407407760620117,0.0
4069.0,4069.0,10.0,0.06604195386171341,8e-05,0.1707296520471573,0.0
4070.0,4070.0,10.0,0.05396265164017677,8e-05,0.24856410920619965,0.0
4071.0,4071.0,10.0,0.058041878044605255,8e-05,0.20821164548397064,0.0
4072.0,4072.0,10.0,0.07067202031612396,8e-05,0.14012369513511658,0.0
4073.0,4073.0,10.0,0.06144634634256363,8e-05,0.279079407453537,0.0
4074.0,4074.0,10.0,0.07369370758533478,8e-05,0.161695197224617,0.0
4075.0,4075.0,10.0,0.07062351703643799,8e-05,0.25702103972435,0.0
4076.0,4076.0,10.0,0.0614519901573658,8e-05,0.2544402778148651,0.0
4077.0,4077.0,10.0,0.0493001863360405,8e-05,0.1551561951637268,0.0
4078.0,4078.0,10.0,0.05342678725719452,8e-05,0.19151034951210022,0.0
4079.0,4079.0,10.0,0.05945976823568344,8e-05,0.1831226646900177,0.0
4080.0,4080.0,10.0,0.06998668611049652,8e-05,0.1623671054840088,0.0
4081.0,4081.0,10.0,0.0644860789179802,8e-05,0.19366365671157837,0.0
4082.0,4082.0,10.0,0.07659109681844711,8e-05,0.1480812430381775,0.0
4083.0,4083.0,10.0,0.05420544371008873,8e-05,0.11620622128248215,0.0
4084.0,4084.0,10.0,0.05168231576681137,8e-05,0.16961675882339478,0.0
4085.0,4085.0,10.0,0.06644240021705627,8e-05,0.15743125975131989,0.0
4086.0,4086.0,10.0,0.06769707798957825,8e-05,0.13714367151260376,0.0
4087.0,4087.0,10.0,0.047975119203329086,8e-05,0.13380055129528046,0.0
4088.0,4088.0,10.0,0.06709429621696472,8e-05,0.1761709451675415,0.0
4089.0,4089.0,10.0,0.06532293558120728,8e-05,0.1231611892580986,0.0
4090.0,4090.0,10.0,0.08439429104328156,8e-05,0.14070570468902588,0.0
4091.0,4091.0,10.0,0.053047604858875275,8e-05,0.13887740671634674,0.0
4092.0,4092.0,10.0,0.06018110364675522,8e-05,0.13789168000221252,0.0
4093.0,4093.0,10.0,0.05622514337301254,8e-05,0.15391121804714203,0.0
4094.0,4094.0,10.0,0.05867160111665726,8e-05,0.16641145944595337,0.0
4095.0,4095.0,10.0,0.057118989527225494,8e-05,0.10779248923063278,0.0
4096.0,4096.0,10.0,0.05479905754327774,8e-05,0.11747349798679352,0.0
4097.0,4097.0,10.0,0.06583654880523682,8e-05,0.1630323827266693,0.0
4098.0,4098.0,10.0,0.08239567279815674,8e-05,0.16315309703350067,0.0
4099.0,4099.0,10.0,0.06066090613603592,8e-05,0.12854182720184326,0.0
4100.0,4100.0,10.0,0.05937352031469345,8e-05,0.13256387412548065,0.0
4101.0,4101.0,10.0,0.05606100335717201,8e-05,0.17512501776218414,0.0
4102.0,4102.0,10.0,0.06701864302158356,8e-05,0.14368869364261627,0.0
4103.0,4103.0,10.0,0.057273514568805695,8e-05,0.17870303988456726,0.0
4104.0,4104.0,10.0,0.06570131331682205,8e-05,0.16763700544834137,0.0
4105.0,4105.0,10.0,0.060781329870224,8e-05,0.13786420226097107,0.0
4106.0,4106.0,10.0,0.05728408694267273,8e-05,0.10904248058795929,0.0
4107.0,4107.0,10.0,0.04596364498138428,8e-05,0.11869119107723236,0.0
4108.0,4108.0,10.0,0.05401220545172691,8e-05,0.14106205105781555,0.0
4109.0,4109.0,10.0,0.05605331435799599,8e-05,0.12639816105365753,0.0
4110.0,4110.0,10.0,0.054546307772397995,8e-05,0.12263928353786469,0.0
4111.0,4111.0,10.0,0.06409112364053726,8e-05,0.19766950607299805,0.0
4112.0,4112.0,10.0,0.061157725751399994,8e-05,0.13975763320922852,0.0
4113.0,4113.0,10.0,0.06040770187973976,8e-05,0.21392667293548584,0.0
4114.0,4114.0,10.0,0.07142259180545807,8e-05,0.14648176729679108,0.0
4115.0,4115.0,10.0,0.05340296030044556,8e-05,0.12961311638355255,0.0
4116.0,4116.0,10.0,0.06640130281448364,8e-05,0.20992372930049896,0.0
4117.0,4117.0,10.0,0.05380471050739288,8e-05,0.11307396739721298,0.0
4118.0,4118.0,10.0,0.05712664872407913,8e-05,0.2222045212984085,0.0
4119.0,4119.0,10.0,0.06951752305030823,8e-05,0.1386011242866516,0.0
4120.0,4120.0,10.0,0.06634244322776794,8e-05,0.1798315793275833,0.0
4121.0,4121.0,10.0,0.05769746005535126,8e-05,0.19674189388751984,0.0
4122.0,4122.0,10.0,0.05061066523194313,8e-05,0.16817745566368103,0.0
4123.0,4123.0,10.0,0.06156042963266373,8e-05,0.21738296747207642,0.0
4124.0,4124.0,10.0,0.06037750467658043,8e-05,0.19687169790267944,0.0
4125.0,4125.0,10.0,0.07452569156885147,8e-05,0.1483220010995865,0.0
4126.0,4126.0,10.0,0.05845817178487778,8e-05,0.17509408295154572,0.0
4127.0,4127.0,10.0,0.05276638641953468,8e-05,0.11886954307556152,0.0
4128.0,4128.0,10.0,0.06421533226966858,8e-05,0.12677176296710968,0.0
4129.0,4129.0,10.0,0.058332230895757675,8e-05,0.17168645560741425,0.0
4130.0,4130.0,10.0,0.05826866999268532,8e-05,0.10999184101819992,0.0
4131.0,4131.0,10.0,0.045421894639730453,8e-05,0.11647939682006836,0.0
4132.0,4132.0,10.0,0.05967997759580612,8e-05,0.1449243128299713,0.0
4133.0,4133.0,10.0,0.04908369481563568,8e-05,0.08881465345621109,0.0
4134.0,4134.0,10.0,0.0614895224571228,8e-05,0.14442023634910583,0.0
4135.0,4135.0,10.0,0.0572165884077549,8e-05,0.1270061582326889,0.0
4136.0,4136.0,10.0,0.051735665649175644,8e-05,0.18236154317855835,0.0
4137.0,4137.0,10.0,0.07218629121780396,8e-05,0.13416528701782227,0.0
4138.0,4138.0,10.0,0.06916593760251999,8e-05,0.19917143881320953,0.0
4139.0,4139.0,10.0,0.058496348559856415,8e-05,0.1817617565393448,0.0
4140.0,4140.0,10.0,0.06145399808883667,8e-05,0.11446694284677505,0.0
4141.0,4141.0,10.0,0.07546836137771606,8e-05,0.21314115822315216,0.0
4142.0,4142.0,10.0,0.04790616035461426,8e-05,0.1880158632993698,0.0
4143.0,4143.0,10.0,0.05794176459312439,8e-05,0.12801627814769745,0.0
4144.0,4144.0,10.0,0.05829665809869766,8e-05,0.23568877577781677,0.0
4145.0,4145.0,10.0,0.06823550909757614,8e-05,0.16716545820236206,0.0
4146.0,4146.0,10.0,0.07213948667049408,8e-05,0.15174147486686707,0.0
4147.0,4147.0,10.0,0.08132358640432358,8e-05,0.2097402960062027,0.0
4148.0,4148.0,10.0,0.07928824424743652,8e-05,0.15173640847206116,0.0
4149.0,4149.0,10.0,0.05317377671599388,8e-05,0.0973178818821907,0.0
4150.0,4150.0,10.0,0.06801874190568924,8e-05,0.1795225441455841,0.0
4151.0,4151.0,10.0,0.06392182409763336,8e-05,0.16040654480457306,0.0
4152.0,4152.0,10.0,0.06453628093004227,8e-05,0.16946053504943848,0.0
4153.0,4153.0,10.0,0.07017430663108826,8e-05,0.23943866789340973,0.0
4154.0,4154.0,10.0,0.0600934661924839,8e-05,0.15227076411247253,0.0
4155.0,4155.0,10.0,0.06940966099500656,8e-05,0.2188146710395813,0.0
4156.0,4156.0,10.0,0.05561693385243416,8e-05,0.1527099311351776,0.0
4157.0,4157.0,10.0,0.06083792820572853,8e-05,0.17906421422958374,0.0
4158.0,4158.0,10.0,0.05346689373254776,8e-05,0.1614563912153244,0.0
4159.0,4159.0,10.0,0.058495763689279556,8e-05,0.2242954522371292,0.0
4160.0,4160.0,10.0,0.055104225873947144,8e-05,0.10434429347515106,0.0
4161.0,4161.0,10.0,0.06060630455613136,8e-05,0.1136079877614975,0.0
4162.0,4162.0,10.0,0.06180049106478691,8e-05,0.149601548910141,0.0
4163.0,4163.0,10.0,0.06535419821739197,8e-05,0.14630034565925598,0.0
4164.0,4164.0,10.0,0.05239694565534592,8e-05,0.1325174868106842,0.0
4165.0,4165.0,10.0,0.061350733041763306,8e-05,0.16476857662200928,0.0
4166.0,4166.0,10.0,0.0681651383638382,8e-05,0.10578591376543045,0.0
4167.0,4167.0,10.0,0.06246091052889824,8e-05,0.21357333660125732,0.0
4168.0,4168.0,10.0,0.062170714139938354,8e-05,0.141681507229805,0.0
4169.0,4169.0,10.0,0.06425633281469345,8e-05,0.16737258434295654,0.0
4170.0,4170.0,10.0,0.05892594903707504,8e-05,0.16409732401371002,0.0
4171.0,4171.0,10.0,0.04261108115315437,8e-05,0.1511206030845642,0.0
4172.0,4172.0,10.0,0.0774783045053482,8e-05,0.18313229084014893,0.0
4173.0,4173.0,10.0,0.04053931310772896,8e-05,0.18555891513824463,0.0
4174.0,4174.0,10.0,0.07086993753910065,8e-05,0.18214192986488342,0.0
4175.0,4175.0,10.0,0.06864425539970398,8e-05,0.17642779648303986,0.0
4176.0,4176.0,10.0,0.05149301141500473,8e-05,0.229922816157341,0.0
4177.0,4177.0,10.0,0.06032286584377289,8e-05,0.12998773157596588,0.0
4178.0,4178.0,10.0,0.055928945541381836,8e-05,0.14240479469299316,0.0
4179.0,4179.0,10.0,0.05604315176606178,8e-05,0.21280257403850555,0.0
4180.0,4180.0,10.0,0.07393136620521545,8e-05,0.20532381534576416,0.0
4181.0,4181.0,10.0,0.05511453002691269,8e-05,0.21260936558246613,0.0
4182.0,4182.0,10.0,0.07059930264949799,8e-05,0.27375346422195435,0.0
4183.0,4183.0,10.0,0.05753596872091293,8e-05,0.16954225301742554,0.0
4184.0,4184.0,10.0,0.05152437463402748,8e-05,0.32206258177757263,0.0
4185.0,4185.0,10.0,0.05300677567720413,8e-05,0.15425501763820648,0.0
4186.0,4186.0,10.0,0.06690329313278198,8e-05,0.22276797890663147,0.0
4187.0,4187.0,10.0,0.06563982367515564,8e-05,0.25051918625831604,0.0
4188.0,4188.0,10.0,0.06679634004831314,8e-05,0.16305360198020935,0.0
4189.0,4189.0,10.0,0.06099889054894447,8e-05,0.37041935324668884,0.0
4190.0,4190.0,10.0,0.0463424026966095,8e-05,0.13967108726501465,0.0
4191.0,4191.0,10.0,0.059187643229961395,8e-05,0.25900977849960327,0.0
4192.0,4192.0,10.0,0.07755766063928604,8e-05,0.21066126227378845,0.0
4193.0,4193.0,10.0,0.07430216670036316,8e-05,0.12483331561088562,0.0
4194.0,4194.0,10.0,0.0650680661201477,8e-05,0.2184443175792694,0.0
4195.0,4195.0,10.0,0.06791819632053375,8e-05,0.14133690297603607,0.0
4196.0,4196.0,10.0,0.06517766416072845,8e-05,0.13897740840911865,0.0
4197.0,4197.0,10.0,0.05332304537296295,8e-05,0.12740451097488403,0.0
4198.0,4198.0,10.0,0.06092717498540878,8e-05,0.1524038314819336,0.0
4199.0,4199.0,10.0,0.06043131649494171,8e-05,0.1316116452217102,0.0
4200.0,4200.0,10.0,0.062201954424381256,8e-05,0.15539145469665527,0.0
4201.0,4201.0,10.0,0.05468782037496567,8e-05,0.11351179331541061,0.0
4202.0,4202.0,10.0,0.05797557532787323,8e-05,0.15519079566001892,0.0
4203.0,4203.0,10.0,0.07144053280353546,8e-05,0.1603623330593109,0.0
4204.0,4204.0,10.0,0.07539530098438263,8e-05,0.12694700062274933,0.0
4205.0,4205.0,10.0,0.04689076170325279,8e-05,0.13873006403446198,0.0
4206.0,4206.0,10.0,0.06365984678268433,8e-05,0.12851546704769135,0.0
4207.0,4207.0,10.0,0.05399099737405777,8e-05,0.11692050099372864,0.0
4208.0,4208.0,10.0,0.06259053945541382,8e-05,0.1731180101633072,0.0
4209.0,4209.0,10.0,0.05176905170083046,8e-05,0.16291430592536926,0.0
4210.0,4210.0,10.0,0.08153403550386429,8e-05,0.15910351276397705,0.0
4211.0,4211.0,10.0,0.05240240693092346,8e-05,0.17609091103076935,0.0
4212.0,4212.0,10.0,0.06289488077163696,8e-05,0.23651348054409027,0.0
4213.0,4213.0,10.0,0.05969097465276718,8e-05,0.2274034172296524,0.0
4214.0,4214.0,10.0,0.058039482682943344,8e-05,0.18906711041927338,0.0
4215.0,4215.0,10.0,0.055074140429496765,8e-05,0.10933718830347061,0.0
4216.0,4216.0,10.0,0.060987330973148346,8e-05,0.29514268040657043,0.0
4217.0,4217.0,10.0,0.060033105313777924,8e-05,0.10414905101060867,0.0
4218.0,4218.0,10.0,0.05744441598653793,8e-05,0.1604302078485489,0.0
4219.0,4219.0,10.0,0.06720829755067825,8e-05,0.17718949913978577,0.0
4220.0,4220.0,10.0,0.05036407709121704,8e-05,0.23503339290618896,0.0
4221.0,4221.0,10.0,0.08080385625362396,8e-05,0.1597202569246292,0.0
4222.0,4222.0,10.0,0.0665649026632309,8e-05,0.19211535155773163,0.0
4223.0,4223.0,10.0,0.05417638644576073,8e-05,0.1978892832994461,0.0
4224.0,4224.0,10.0,0.06639781594276428,8e-05,0.20792560279369354,0.0
4225.0,4225.0,10.0,0.05313168093562126,8e-05,0.2096976637840271,0.0
4226.0,4226.0,10.0,0.06798268854618073,8e-05,0.16726163029670715,0.0
4227.0,4227.0,10.0,0.06849225610494614,8e-05,0.17713554203510284,0.0
4228.0,4228.0,10.0,0.05762205272912979,8e-05,0.14611341059207916,0.0
4229.0,4229.0,10.0,0.06933583319187164,8e-05,0.16159957647323608,0.0
4230.0,4230.0,10.0,0.053781017661094666,8e-05,0.13933280110359192,0.0
4231.0,4231.0,10.0,0.06024998798966408,8e-05,0.1680116206407547,0.0
4232.0,4232.0,10.0,0.05907304957509041,8e-05,0.1435830295085907,0.0
4233.0,4233.0,10.0,0.06024438887834549,8e-05,0.15801917016506195,0.0
4234.0,4234.0,10.0,0.058996111154556274,8e-05,0.17266348004341125,0.0
4235.0,4235.0,10.0,0.054264798760414124,8e-05,0.19130754470825195,0.0
4236.0,4236.0,10.0,0.06600497663021088,8e-05,0.17400763928890228,0.0
4237.0,4237.0,10.0,0.056285809725522995,8e-05,0.1180533915758133,0.0
4238.0,4238.0,10.0,0.07983604818582535,8e-05,0.17339585721492767,0.0
4239.0,4239.0,10.0,0.06428820639848709,8e-05,0.13982902467250824,0.0
4240.0,4240.0,10.0,0.052579306066036224,8e-05,0.18830238282680511,0.0
4241.0,4241.0,10.0,0.06574486941099167,8e-05,0.13101446628570557,0.0
4242.0,4242.0,10.0,0.060204192996025085,8e-05,0.1722952127456665,0.0
4243.0,4243.0,10.0,0.057251669466495514,8e-05,0.2279447615146637,0.0
4244.0,4244.0,10.0,0.0503048300743103,8e-05,0.08891226351261139,0.0
4245.0,4245.0,10.0,0.05329868197441101,8e-05,0.19867567718029022,0.0
4246.0,4246.0,10.0,0.060960106551647186,8e-05,0.15137150883674622,0.0
4247.0,4247.0,10.0,0.05312950164079666,8e-05,0.15372368693351746,0.0
4248.0,4248.0,10.0,0.05564277619123459,8e-05,0.1631847620010376,0.0
4249.0,4249.0,10.0,0.061605412513017654,8e-05,0.1732853800058365,0.0
4250.0,4250.0,10.0,0.06979365646839142,8e-05,0.15396516025066376,0.0
4251.0,4251.0,10.0,0.056878380477428436,8e-05,0.19989925622940063,0.0
4252.0,4252.0,10.0,0.06804944574832916,8e-05,0.15957513451576233,0.0
4253.0,4253.0,10.0,0.061906859278678894,8e-05,0.21385742723941803,0.0
4254.0,4254.0,10.0,0.06347455084323883,8e-05,0.20147036015987396,0.0
4255.0,4255.0,10.0,0.05820570886135101,8e-05,0.18588688969612122,0.0
4256.0,4256.0,10.0,0.054530251771211624,8e-05,0.17594975233078003,0.0
4257.0,4257.0,10.0,0.06632911413908005,8e-05,0.11067605018615723,0.0
4258.0,4258.0,10.0,0.05017247796058655,8e-05,0.22632132470607758,0.0
4259.0,4259.0,10.0,0.05844874680042267,8e-05,0.15140637755393982,0.0
4260.0,4260.0,10.0,0.056452296674251556,8e-05,0.14782394468784332,0.0
4261.0,4261.0,10.0,0.0708201676607132,8e-05,0.17430086433887482,0.0
4262.0,4262.0,10.0,0.05897286534309387,8e-05,0.16336701810359955,0.0
4263.0,4263.0,10.0,0.059542249888181686,8e-05,0.11026597023010254,0.0
4264.0,4264.0,10.0,0.057477038353681564,8e-05,0.2063751369714737,0.0
4265.0,4265.0,10.0,0.04395347833633423,8e-05,0.08795613050460815,0.0
4266.0,4266.0,10.0,0.057832617312669754,8e-05,0.1974824219942093,0.0
4267.0,4267.0,10.0,0.060154352337121964,8e-05,0.11507737636566162,0.0
4268.0,4268.0,10.0,0.06792403012514114,8e-05,0.17307108640670776,0.0
4269.0,4269.0,10.0,0.0556766502559185,8e-05,0.12917514145374298,0.0
4270.0,4270.0,10.0,0.05342194437980652,8e-05,0.18233248591423035,0.0
4271.0,4271.0,10.0,0.0617297925055027,8e-05,0.12284459173679352,0.0
4272.0,4272.0,10.0,0.07497760653495789,8e-05,0.12779366970062256,0.0
4273.0,4273.0,10.0,0.06795470416545868,8e-05,0.19680927693843842,0.0
4274.0,4274.0,10.0,0.07395126670598984,8e-05,0.1538201868534088,0.0
4275.0,4275.0,10.0,0.05739365518093109,8e-05,0.13220694661140442,0.0
4276.0,4276.0,10.0,0.050677865743637085,8e-05,0.22287480533123016,0.0
4277.0,4277.0,10.0,0.0674031674861908,8e-05,0.14208951592445374,0.0
4278.0,4278.0,10.0,0.0564877986907959,8e-05,0.27716949582099915,0.0
4279.0,4279.0,10.0,0.06907019019126892,8e-05,0.20348598062992096,0.0
4280.0,4280.0,10.0,0.0557454377412796,8e-05,0.1828191876411438,0.0
4281.0,4281.0,10.0,0.06585947424173355,8e-05,0.2503599524497986,0.0
4282.0,4282.0,10.0,0.060087598860263824,8e-05,0.17245934903621674,0.0
4283.0,4283.0,10.0,0.06487128883600235,8e-05,0.21759477257728577,0.0
4284.0,4284.0,10.0,0.052546728402376175,8e-05,0.2543330490589142,0.0
4285.0,4285.0,10.0,0.051681824028491974,8e-05,0.18300746381282806,0.0
4286.0,4286.0,10.0,0.06523949652910233,8e-05,0.2732023298740387,0.0
4287.0,4287.0,10.0,0.06399278342723846,8e-05,0.24280498921871185,0.0
4288.0,4288.0,10.0,0.05814658850431442,8e-05,0.18461039662361145,0.0
4289.0,4289.0,10.0,0.054472871124744415,8e-05,0.24257628619670868,0.0
4290.0,4290.0,10.0,0.05394682288169861,8e-05,0.103359155356884,0.0
4291.0,4291.0,11.0,0.08171151578426361,8e-05,0.20048290491104126,0.0
4292.0,4292.0,11.0,0.06300045549869537,8e-05,0.16651195287704468,0.0
4293.0,4293.0,11.0,0.05983002111315727,8e-05,0.08553028106689453,0.0
4294.0,4294.0,11.0,0.061728671193122864,8e-05,0.19109100103378296,0.0
4295.0,4295.0,11.0,0.06301528960466385,8e-05,0.15261174738407135,0.0
4296.0,4296.0,11.0,0.05515559762716293,8e-05,0.12094607204198837,0.0
4297.0,4297.0,11.0,0.06812818348407745,8e-05,0.23982855677604675,0.0
4298.0,4298.0,11.0,0.05369698256254196,8e-05,0.08826565742492676,0.0
4299.0,4299.0,11.0,0.06698717921972275,8e-05,0.2538811266422272,0.0
4300.0,4300.0,11.0,0.052973683923482895,8e-05,0.13407321274280548,0.0
4301.0,4301.0,11.0,0.06285189092159271,8e-05,0.1802670955657959,0.0
4302.0,4302.0,11.0,0.05370846390724182,8e-05,0.14047257602214813,0.0
4303.0,4303.0,11.0,0.06127859652042389,8e-05,0.17985397577285767,0.0
4304.0,4304.0,11.0,0.05220067501068115,8e-05,0.17047834396362305,0.0
4305.0,4305.0,11.0,0.05381910502910614,8e-05,0.11883915215730667,0.0
4306.0,4306.0,11.0,0.06160734221339226,8e-05,0.1741022914648056,0.0
4307.0,4307.0,11.0,0.058386631309986115,8e-05,0.11850129812955856,0.0
4308.0,4308.0,11.0,0.05534960702061653,8e-05,0.14296923577785492,0.0
4309.0,4309.0,11.0,0.05988473445177078,8e-05,0.17211146652698517,0.0
4310.0,4310.0,11.0,0.0720018818974495,8e-05,0.15965494513511658,0.0
4311.0,4311.0,11.0,0.05993082374334335,8e-05,0.1844065934419632,0.0
4312.0,4312.0,11.0,0.05960950255393982,8e-05,0.16676545143127441,0.0
4313.0,4313.0,11.0,0.044673144817352295,8e-05,0.12857574224472046,0.0
4314.0,4314.0,11.0,0.0648007020354271,8e-05,0.1773434281349182,0.0
4315.0,4315.0,11.0,0.05770000070333481,8e-05,0.22988159954547882,0.0
4316.0,4316.0,11.0,0.055010147392749786,8e-05,0.1555621325969696,0.0
4317.0,4317.0,11.0,0.05591606721282005,8e-05,0.14831550419330597,0.0
4318.0,4318.0,11.0,0.07459191977977753,8e-05,0.11392855644226074,0.0
4319.0,4319.0,11.0,0.05809243023395538,8e-05,0.17084535956382751,0.0
4320.0,4320.0,11.0,0.04824302718043327,8e-05,0.11171115189790726,0.0
4321.0,4321.0,11.0,0.0606502965092659,8e-05,0.15811975300312042,0.0
4322.0,4322.0,11.0,0.058018479496240616,8e-05,0.1329358071088791,0.0
4323.0,4323.0,11.0,0.05236387997865677,8e-05,0.15159523487091064,0.0
4324.0,4324.0,11.0,0.06659044325351715,8e-05,0.11487383395433426,0.0
4325.0,4325.0,11.0,0.06180087849497795,8e-05,0.13878914713859558,0.0
4326.0,4326.0,11.0,0.06358188390731812,8e-05,0.17468978464603424,0.0
4327.0,4327.0,11.0,0.056523531675338745,8e-05,0.19102534651756287,0.0
4328.0,4328.0,11.0,0.04811948537826538,8e-05,0.17675428092479706,0.0
4329.0,4329.0,11.0,0.05150061845779419,8e-05,0.17867089807987213,0.0
4330.0,4330.0,11.0,0.05470758676528931,8e-05,0.18659374117851257,0.0
4331.0,4331.0,11.0,0.06545022875070572,8e-05,0.1190771833062172,0.0
4332.0,4332.0,11.0,0.06302864104509354,8e-05,0.2447044849395752,0.0
4333.0,4333.0,11.0,0.06176205724477768,8e-05,0.09642450511455536,0.0
4334.0,4334.0,11.0,0.06749427318572998,8e-05,0.1593385487794876,0.0
4335.0,4335.0,11.0,0.06891486048698425,8e-05,0.16569465398788452,0.0
4336.0,4336.0,11.0,0.0722341239452362,8e-05,0.15390366315841675,0.0
4337.0,4337.0,11.0,0.05708491802215576,8e-05,0.11112361401319504,0.0
4338.0,4338.0,11.0,0.06386390328407288,8e-05,0.12534891068935394,0.0
4339.0,4339.0,11.0,0.05674909055233002,8e-05,0.09980125725269318,0.0
4340.0,4340.0,11.0,0.06368672102689743,8e-05,0.1294463872909546,0.0
4341.0,4341.0,11.0,0.05051460862159729,8e-05,0.10624346137046814,0.0
4342.0,4342.0,11.0,0.05356248468160629,8e-05,0.11447980254888535,0.0
4343.0,4343.0,11.0,0.05258234217762947,8e-05,0.14784035086631775,0.0
4344.0,4344.0,11.0,0.05645758658647537,8e-05,0.10257655382156372,0.0
4345.0,4345.0,11.0,0.06432302296161652,8e-05,0.22592493891716003,0.0
4346.0,4346.0,11.0,0.05811307951807976,8e-05,0.17158173024654388,0.0
4347.0,4347.0,11.0,0.06025597080588341,8e-05,0.1516227275133133,0.0
4348.0,4348.0,11.0,0.06993857026100159,8e-05,0.21298854053020477,0.0
4349.0,4349.0,11.0,0.06209702789783478,8e-05,0.1360258013010025,0.0
4350.0,4350.0,11.0,0.055595628917217255,8e-05,0.16591152548789978,0.0
4351.0,4351.0,11.0,0.05649961531162262,8e-05,0.14085304737091064,0.0
4352.0,4352.0,11.0,0.0636296421289444,8e-05,0.17113862931728363,0.0
4353.0,4353.0,11.0,0.06221010535955429,8e-05,0.18105728924274445,0.0
4354.0,4354.0,11.0,0.0681375041604042,8e-05,0.1880168467760086,0.0
4355.0,4355.0,11.0,0.05423720180988312,8e-05,0.1793392300605774,0.0
4356.0,4356.0,11.0,0.05959135666489601,8e-05,0.2748042643070221,0.0
4357.0,4357.0,11.0,0.05940195918083191,8e-05,0.16646189987659454,0.0
4358.0,4358.0,11.0,0.0466650053858757,8e-05,0.23795665800571442,0.0
4359.0,4359.0,11.0,0.06122976541519165,8e-05,0.1657002568244934,0.0
4360.0,4360.0,11.0,0.06494667381048203,8e-05,0.16281181573867798,0.0
4361.0,4361.0,11.0,0.05810197442770004,8e-05,0.27060389518737793,0.0
4362.0,4362.0,11.0,0.05921834334731102,8e-05,0.16395941376686096,0.0
4363.0,4363.0,11.0,0.05393248051404953,8e-05,0.21384653449058533,0.0
4364.0,4364.0,11.0,0.04248148202896118,8e-05,0.16599567234516144,0.0
4365.0,4365.0,11.0,0.061738573014736176,8e-05,0.17876692116260529,0.0
4366.0,4366.0,11.0,0.06013909727334976,8e-05,0.15304480493068695,0.0
4367.0,4367.0,11.0,0.06928844004869461,8e-05,0.18229010701179504,0.0
4368.0,4368.0,11.0,0.05377337336540222,8e-05,0.13271769881248474,0.0
4369.0,4369.0,11.0,0.05344969034194946,8e-05,0.19438938796520233,0.0
4370.0,4370.0,11.0,0.06777133047580719,8e-05,0.1655753254890442,0.0
4371.0,4371.0,11.0,0.05183808505535126,8e-05,0.1233009472489357,0.0
4372.0,4372.0,11.0,0.04960368573665619,8e-05,0.17225584387779236,0.0
4373.0,4373.0,11.0,0.06122884899377823,8e-05,0.11985431611537933,0.0
4374.0,4374.0,11.0,0.05159818381071091,8e-05,0.1647452414035797,0.0
4375.0,4375.0,11.0,0.056033674627542496,8e-05,0.11635888367891312,0.0
4376.0,4376.0,11.0,0.050064295530319214,8e-05,0.12917058169841766,0.0
4377.0,4377.0,11.0,0.07125759869813919,8e-05,0.15549156069755554,0.0
4378.0,4378.0,11.0,0.06164925545454025,8e-05,0.1881878525018692,0.0
4379.0,4379.0,11.0,0.05228637903928757,8e-05,0.11368371546268463,0.0
4380.0,4380.0,11.0,0.0684957429766655,8e-05,0.137343630194664,0.0
4381.0,4381.0,11.0,0.05646895617246628,8e-05,0.18571017682552338,0.0
4382.0,4382.0,11.0,0.06194078177213669,8e-05,0.11936483532190323,0.0
4383.0,4383.0,11.0,0.06204349175095558,8e-05,0.15781168639659882,0.0
4384.0,4384.0,11.0,0.055720314383506775,8e-05,0.2320416420698166,0.0
4385.0,4385.0,11.0,0.0702747255563736,8e-05,0.19794563949108124,0.0
4386.0,4386.0,11.0,0.05582530051469803,8e-05,0.22328396141529083,0.0
4387.0,4387.0,11.0,0.050901055335998535,8e-05,0.1670975387096405,0.0
4388.0,4388.0,11.0,0.07005603611469269,8e-05,0.21812210977077484,0.0
4389.0,4389.0,11.0,0.04782389849424362,8e-05,0.0840117484331131,0.0
4390.0,4390.0,11.0,0.05742369219660759,8e-05,0.18168263137340546,0.0
4391.0,4391.0,11.0,0.050083842128515244,8e-05,0.1310650259256363,0.0
4392.0,4392.0,11.0,0.06022220849990845,8e-05,0.1043458804488182,0.0
4393.0,4393.0,11.0,0.07684379816055298,8e-05,0.14777609705924988,0.0
4394.0,4394.0,11.0,0.05055079609155655,8e-05,0.15464307367801666,0.0
4395.0,4395.0,11.0,0.05837517976760864,8e-05,0.1676231026649475,0.0
4396.0,4396.0,11.0,0.05680316314101219,8e-05,0.16009855270385742,0.0
4397.0,4397.0,11.0,0.06869491934776306,8e-05,0.15645761787891388,0.0
4398.0,4398.0,11.0,0.056119851768016815,8e-05,0.16136665642261505,0.0
4399.0,4399.0,11.0,0.06469153612852097,8e-05,0.15203462541103363,0.0
4400.0,4400.0,11.0,0.061450645327568054,8e-05,0.12855154275894165,0.0
4401.0,4401.0,11.0,0.05876033008098602,8e-05,0.2300707846879959,0.0
4402.0,4402.0,11.0,0.05783011019229889,8e-05,0.1790107786655426,0.0
4403.0,4403.0,11.0,0.05862037464976311,8e-05,0.2202223241329193,0.0
4404.0,4404.0,11.0,0.05996795743703842,8e-05,0.1467009335756302,0.0
4405.0,4405.0,11.0,0.08811136335134506,8e-05,0.21914047002792358,0.0
4406.0,4406.0,11.0,0.05959975719451904,8e-05,0.17199665307998657,0.0
4407.0,4407.0,11.0,0.05757071077823639,8e-05,0.18188488483428955,0.0
4408.0,4408.0,11.0,0.049818284809589386,8e-05,0.11251064389944077,0.0
4409.0,4409.0,11.0,0.05561787262558937,8e-05,0.12353724241256714,0.0
4410.0,4410.0,11.0,0.06547603011131287,8e-05,0.2091919183731079,0.0
4411.0,4411.0,11.0,0.06735698133707047,8e-05,0.17579928040504456,0.0
4412.0,4412.0,11.0,0.051299143582582474,8e-05,0.13258622586727142,0.0
4413.0,4413.0,11.0,0.06458492577075958,8e-05,0.17269496619701385,0.0
4414.0,4414.0,11.0,0.06649170815944672,8e-05,0.16242600977420807,0.0
4415.0,4415.0,11.0,0.06905804574489594,8e-05,0.20106224715709686,0.0
4416.0,4416.0,11.0,0.055587273091077805,8e-05,0.16078175604343414,0.0
4417.0,4417.0,11.0,0.0650649219751358,8e-05,0.22140958905220032,0.0
4418.0,4418.0,11.0,0.050120797008275986,8e-05,0.11643152683973312,0.0
4419.0,4419.0,11.0,0.06978679448366165,8e-05,0.14822076261043549,0.0
4420.0,4420.0,11.0,0.04777523875236511,8e-05,0.11759216338396072,0.0
4421.0,4421.0,11.0,0.0638948455452919,8e-05,0.13487185537815094,0.0
4422.0,4422.0,11.0,0.051547229290008545,8e-05,0.12651143968105316,0.0
4423.0,4423.0,11.0,0.06256554275751114,8e-05,0.11804381757974625,0.0
4424.0,4424.0,11.0,0.06580591946840286,8e-05,0.15629129111766815,0.0
4425.0,4425.0,11.0,0.06800896674394608,8e-05,0.09889890998601913,0.0
4426.0,4426.0,11.0,0.06193133071064949,8e-05,0.16814255714416504,0.0
4427.0,4427.0,11.0,0.04850112646818161,8e-05,0.09683094918727875,0.0
4428.0,4428.0,11.0,0.04906240105628967,8e-05,0.16521261632442474,0.0
4429.0,4429.0,11.0,0.061219215393066406,8e-05,0.1641993522644043,0.0
4430.0,4430.0,11.0,0.08712339401245117,8e-05,0.18407654762268066,0.0
4431.0,4431.0,11.0,0.0645250752568245,8e-05,0.2021905779838562,0.0
4432.0,4432.0,11.0,0.05165727436542511,8e-05,0.1669801026582718,0.0
4433.0,4433.0,11.0,0.05410858616232872,8e-05,0.1854480654001236,0.0
4434.0,4434.0,11.0,0.05703262984752655,8e-05,0.16950252652168274,0.0
4435.0,4435.0,11.0,0.07175840437412262,8e-05,0.15017369389533997,0.0
4436.0,4436.0,11.0,0.06420835852622986,8e-05,0.1920238584280014,0.0
4437.0,4437.0,11.0,0.06021638214588165,8e-05,0.1393357664346695,0.0
4438.0,4438.0,11.0,0.06123683229088783,8e-05,0.16734255850315094,0.0
4439.0,4439.0,11.0,0.049365390092134476,8e-05,0.1136334240436554,0.0
4440.0,4440.0,11.0,0.06674356013536453,8e-05,0.1948358565568924,0.0
4441.0,4441.0,11.0,0.052274271845817566,8e-05,0.15026722848415375,0.0
4442.0,4442.0,11.0,0.059998221695423126,8e-05,0.1570388227701187,0.0
4443.0,4443.0,11.0,0.06751367449760437,8e-05,0.1401713788509369,0.0
4444.0,4444.0,11.0,0.0539088100194931,8e-05,0.12024722248315811,0.0
4445.0,4445.0,11.0,0.06348077952861786,8e-05,0.14825287461280823,0.0
4446.0,4446.0,11.0,0.05267934128642082,8e-05,0.12441959232091904,0.0
4447.0,4447.0,11.0,0.05047336220741272,8e-05,0.09751774370670319,0.0
4448.0,4448.0,11.0,0.053556330502033234,8e-05,0.15556834638118744,0.0
4449.0,4449.0,11.0,0.07165148854255676,8e-05,0.11907441914081573,0.0
4450.0,4450.0,11.0,0.05584725737571716,8e-05,0.16594703495502472,0.0
4451.0,4451.0,11.0,0.058101437985897064,8e-05,0.13926689326763153,0.0
4452.0,4452.0,11.0,0.06939861178398132,8e-05,0.13580536842346191,0.0
4453.0,4453.0,11.0,0.05565700680017471,8e-05,0.1401359885931015,0.0
4454.0,4454.0,11.0,0.05149552971124649,8e-05,0.19515028595924377,0.0
4455.0,4455.0,11.0,0.05136848986148834,8e-05,0.09952117502689362,0.0
4456.0,4456.0,11.0,0.06550602614879608,8e-05,0.20249153673648834,0.0
4457.0,4457.0,11.0,0.049389805644750595,8e-05,0.15434472262859344,0.0
4458.0,4458.0,11.0,0.04716332256793976,8e-05,0.18719035387039185,0.0
4459.0,4459.0,11.0,0.05201660096645355,8e-05,0.13659298419952393,0.0
4460.0,4460.0,11.0,0.05120387300848961,8e-05,0.12751375138759613,0.0
4461.0,4461.0,11.0,0.05789763480424881,8e-05,0.1211664006114006,0.0
4462.0,4462.0,11.0,0.05158761143684387,8e-05,0.1517646610736847,0.0
4463.0,4463.0,11.0,0.056643299758434296,8e-05,0.11174430698156357,0.0
4464.0,4464.0,11.0,0.04997212067246437,8e-05,0.13917484879493713,0.0
4465.0,4465.0,11.0,0.07018788158893585,8e-05,0.156195268034935,0.0
4466.0,4466.0,11.0,0.06583897769451141,8e-05,0.18435849249362946,0.0
4467.0,4467.0,11.0,0.0591164156794548,8e-05,0.17129437625408173,0.0
4468.0,4468.0,11.0,0.056266166269779205,8e-05,0.1395602822303772,0.0
4469.0,4469.0,11.0,0.07380419224500656,8e-05,0.12836876511573792,0.0
4470.0,4470.0,11.0,0.06687664985656738,8e-05,0.14492173492908478,0.0
4471.0,4471.0,11.0,0.06974821537733078,8e-05,0.18774822354316711,0.0
4472.0,4472.0,11.0,0.07074099034070969,8e-05,0.13799765706062317,0.0
4473.0,4473.0,11.0,0.059043481945991516,8e-05,0.19070202112197876,0.0
4474.0,4474.0,11.0,0.06376995146274567,8e-05,0.18320757150650024,0.0
4475.0,4475.0,11.0,0.06048278138041496,8e-05,0.15057210624217987,0.0
4476.0,4476.0,11.0,0.05092041194438934,8e-05,0.13641668856143951,0.0
4477.0,4477.0,11.0,0.05741417780518532,8e-05,0.18295186758041382,0.0
4478.0,4478.0,11.0,0.06183292716741562,8e-05,0.12797166407108307,0.0
4479.0,4479.0,11.0,0.05330071598291397,8e-05,0.13418471813201904,0.0
4480.0,4480.0,11.0,0.08124161511659622,8e-05,0.20410491526126862,0.0
4481.0,4481.0,11.0,0.05211825296282768,8e-05,0.10988543182611465,0.0
4482.0,4482.0,11.0,0.050220295786857605,8e-05,0.17904891073703766,0.0
4483.0,4483.0,11.0,0.0612393282353878,8e-05,0.11756439507007599,0.0
4484.0,4484.0,11.0,0.06004461646080017,8e-05,0.26810312271118164,0.0
4485.0,4485.0,11.0,0.06769892573356628,8e-05,0.14535172283649445,0.0
4486.0,4486.0,11.0,0.06017490476369858,8e-05,0.1719190627336502,0.0
4487.0,4487.0,11.0,0.044019244611263275,8e-05,0.21097706258296967,0.0
4488.0,4488.0,11.0,0.05949440598487854,8e-05,0.21089529991149902,0.0
4489.0,4489.0,11.0,0.054801151156425476,8e-05,0.18908679485321045,0.0
4490.0,4490.0,11.0,0.062267206609249115,8e-05,0.12280286103487015,0.0
4491.0,4491.0,11.0,0.044948991388082504,8e-05,0.210859015583992,0.0
4492.0,4492.0,11.0,0.06510110199451447,8e-05,0.09851584583520889,0.0
4493.0,4493.0,11.0,0.0602354072034359,8e-05,0.1623041182756424,0.0
4494.0,4494.0,11.0,0.060865744948387146,8e-05,0.14143376052379608,0.0
4495.0,4495.0,11.0,0.05044566094875336,8e-05,0.17992003262043,0.0
4496.0,4496.0,11.0,0.05919303372502327,8e-05,0.1474406123161316,0.0
4497.0,4497.0,11.0,0.054196178913116455,8e-05,0.21417057514190674,0.0
4498.0,4498.0,11.0,0.05760376527905464,8e-05,0.17651210725307465,0.0
4499.0,4499.0,11.0,0.057137832045555115,8e-05,0.18797685205936432,0.0
4500.0,4500.0,11.0,0.0691632628440857,8e-05,0.21608340740203857,0.0
4501.0,4501.0,11.0,0.07215969264507294,8e-05,0.18561619520187378,0.0
4502.0,4502.0,11.0,0.058298930525779724,8e-05,0.1822701394557953,0.0
4503.0,4503.0,11.0,0.071382537484169,8e-05,0.11917979270219803,0.0
4504.0,4504.0,11.0,0.06395214051008224,8e-05,0.163177490234375,0.0
4505.0,4505.0,11.0,0.052097152918577194,8e-05,0.09838180243968964,0.0
4506.0,4506.0,11.0,0.07044769823551178,8e-05,0.16597861051559448,0.0
4507.0,4507.0,11.0,0.07225027680397034,8e-05,0.1442500501871109,0.0
4508.0,4508.0,11.0,0.0522594079375267,8e-05,0.1297898143529892,0.0
4509.0,4509.0,11.0,0.05933426320552826,8e-05,0.21948590874671936,0.0
4510.0,4510.0,11.0,0.06498873978853226,8e-05,0.1629962921142578,0.0
4511.0,4511.0,11.0,0.0541723296046257,8e-05,0.16486304998397827,0.0
4512.0,4512.0,11.0,0.0560612715780735,8e-05,0.09824877232313156,0.0
4513.0,4513.0,11.0,0.05680876970291138,8e-05,0.192304328083992,0.0
4514.0,4514.0,11.0,0.057573527097702026,8e-05,0.1137625202536583,0.0
4515.0,4515.0,11.0,0.06095341965556145,8e-05,0.13893558084964752,0.0
4516.0,4516.0,11.0,0.05848874896764755,8e-05,0.10033296048641205,0.0
4517.0,4517.0,11.0,0.054918475449085236,8e-05,0.1434134542942047,0.0
4518.0,4518.0,11.0,0.055859945714473724,8e-05,0.13633152842521667,0.0
4519.0,4519.0,11.0,0.05500267446041107,8e-05,0.12947039306163788,0.0
4520.0,4520.0,11.0,0.06715443730354309,8e-05,0.11381571739912033,0.0
4521.0,4521.0,11.0,0.05951718986034393,8e-05,0.11170205473899841,0.0
4522.0,4522.0,11.0,0.05217163264751434,8e-05,0.16558784246444702,0.0
4523.0,4523.0,11.0,0.06837281584739685,8e-05,0.11413184553384781,0.0
4524.0,4524.0,11.0,0.06684672832489014,8e-05,0.1905101090669632,0.0
4525.0,4525.0,11.0,0.05750975385308266,8e-05,0.20918576419353485,0.0
4526.0,4526.0,11.0,0.05378597602248192,8e-05,0.14755457639694214,0.0
4527.0,4527.0,11.0,0.05276857316493988,8e-05,0.15394531190395355,0.0
4528.0,4528.0,11.0,0.05178675800561905,8e-05,0.15886226296424866,0.0
4529.0,4529.0,11.0,0.054268382489681244,8e-05,0.2568548023700714,0.0
4530.0,4530.0,11.0,0.05909241735935211,8e-05,0.20520803332328796,0.0
4531.0,4531.0,11.0,0.06240830942988396,8e-05,0.24798725545406342,0.0
4532.0,4532.0,11.0,0.06328360736370087,8e-05,0.23863761126995087,0.0
4533.0,4533.0,11.0,0.04709208756685257,8e-05,0.246027410030365,0.0
4534.0,4534.0,11.0,0.05812421813607216,8e-05,0.14020387828350067,0.0
4535.0,4535.0,11.0,0.055604077875614166,8e-05,0.2504864037036896,0.0
4536.0,4536.0,11.0,0.06608082354068756,8e-05,0.17694997787475586,0.0
4537.0,4537.0,11.0,0.05670293793082237,8e-05,0.19072920083999634,0.0
4538.0,4538.0,11.0,0.06925985217094421,8e-05,0.2562851011753082,0.0
4539.0,4539.0,11.0,0.05793764442205429,8e-05,0.14170144498348236,0.0
4540.0,4540.0,11.0,0.06199835613369942,8e-05,0.21526572108268738,0.0
4541.0,4541.0,11.0,0.06750909984111786,8e-05,0.1857697069644928,0.0
4542.0,4542.0,11.0,0.06922341138124466,8e-05,0.14144495129585266,0.0
4543.0,4543.0,11.0,0.05895223468542099,8e-05,0.18264275789260864,0.0
4544.0,4544.0,11.0,0.05843297019600868,8e-05,0.14534516632556915,0.0
4545.0,4545.0,11.0,0.07090705633163452,8e-05,0.1782868504524231,0.0
4546.0,4546.0,11.0,0.05337943881750107,8e-05,0.17086461186408997,0.0
4547.0,4547.0,11.0,0.06022120639681816,8e-05,0.17427456378936768,0.0
4548.0,4548.0,11.0,0.05678635090589523,8e-05,0.12684915959835052,0.0
4549.0,4549.0,11.0,0.049201786518096924,8e-05,0.18217703700065613,0.0
4550.0,4550.0,11.0,0.05611002817749977,8e-05,0.11425535380840302,0.0
4551.0,4551.0,11.0,0.05249634012579918,8e-05,0.18416795134544373,0.0
4552.0,4552.0,11.0,0.0489034540951252,8e-05,0.13635966181755066,0.0
4553.0,4553.0,11.0,0.06507052481174469,8e-05,0.12336955219507217,0.0
4554.0,4554.0,11.0,0.04830006882548332,8e-05,0.1926618367433548,0.0
4555.0,4555.0,11.0,0.06034104898571968,8e-05,0.14863711595535278,0.0
4556.0,4556.0,11.0,0.05449201911687851,8e-05,0.15901987254619598,0.0
4557.0,4557.0,11.0,0.0663507729768753,8e-05,0.15092015266418457,0.0
4558.0,4558.0,11.0,0.057611092925071716,8e-05,0.1866951882839203,0.0
4559.0,4559.0,11.0,0.06433351337909698,8e-05,0.1130312830209732,0.0
4560.0,4560.0,11.0,0.08021080493927002,8e-05,0.2061602920293808,0.0
4561.0,4561.0,11.0,0.05503706634044647,8e-05,0.1487739086151123,0.0
4562.0,4562.0,11.0,0.05787953734397888,8e-05,0.17259648442268372,0.0
4563.0,4563.0,11.0,0.06981538236141205,8e-05,0.1622972935438156,0.0
4564.0,4564.0,11.0,0.05868503451347351,8e-05,0.2399061620235443,0.0
4565.0,4565.0,11.0,0.06262028217315674,8e-05,0.12068682909011841,0.0
4566.0,4566.0,11.0,0.0549192801117897,8e-05,0.21319179236888885,0.0
4567.0,4567.0,11.0,0.06522005051374435,8e-05,0.21725930273532867,0.0
4568.0,4568.0,11.0,0.06574217975139618,8e-05,0.12808220088481903,0.0
4569.0,4569.0,11.0,0.05914987251162529,8e-05,0.2849400043487549,0.0
4570.0,4570.0,11.0,0.08550805598497391,8e-05,0.22909040749073029,0.0
4571.0,4571.0,11.0,0.06088728457689285,8e-05,0.25143125653266907,0.0
4572.0,4572.0,11.0,0.05255935341119766,8e-05,0.24633340537548065,0.0
4573.0,4573.0,11.0,0.055230528116226196,8e-05,0.2493043839931488,0.0
4574.0,4574.0,11.0,0.057655688375234604,8e-05,0.1945948451757431,0.0
4575.0,4575.0,11.0,0.06610699743032455,8e-05,0.2538699805736542,0.0
4576.0,4576.0,11.0,0.07357309013605118,8e-05,0.13882462680339813,0.0
4577.0,4577.0,11.0,0.05208486318588257,8e-05,0.3063713610172272,0.0
4578.0,4578.0,11.0,0.05686536431312561,8e-05,0.13076084852218628,0.0
4579.0,4579.0,11.0,0.06264296919107437,8e-05,0.26702433824539185,0.0
4580.0,4580.0,11.0,0.06394532322883606,8e-05,0.1846129447221756,0.0
4581.0,4581.0,11.0,0.06736555695533752,8e-05,0.1392974555492401,0.0
4582.0,4582.0,11.0,0.08029446005821228,8e-05,0.2755933403968811,0.0
4583.0,4583.0,11.0,0.055011071264743805,8e-05,0.1304175853729248,0.0
4584.0,4584.0,11.0,0.06048831716179848,8e-05,0.1917223334312439,0.0
4585.0,4585.0,11.0,0.06474952399730682,8e-05,0.17152920365333557,0.0
4586.0,4586.0,11.0,0.04348169267177582,8e-05,0.14696046710014343,0.0
4587.0,4587.0,11.0,0.06676912307739258,8e-05,0.19505468010902405,0.0
4588.0,4588.0,11.0,0.05880529060959816,8e-05,0.2127348929643631,0.0
4589.0,4589.0,11.0,0.061063431203365326,8e-05,0.2037564367055893,0.0
4590.0,4590.0,11.0,0.04985774680972099,8e-05,0.23111362755298615,0.0
4591.0,4591.0,11.0,0.06634309887886047,8e-05,0.17273391783237457,0.0
4592.0,4592.0,11.0,0.06223238632082939,8e-05,0.13654528558254242,0.0
4593.0,4593.0,11.0,0.05406349152326584,8e-05,0.1975928694009781,0.0
4594.0,4594.0,11.0,0.05549612268805504,8e-05,0.1817379593849182,0.0
4595.0,4595.0,11.0,0.060641296207904816,8e-05,0.1697351485490799,0.0
4596.0,4596.0,11.0,0.04388691484928131,8e-05,0.17178136110305786,0.0
4597.0,4597.0,11.0,0.05904961749911308,8e-05,0.14998523890972137,0.0
4598.0,4598.0,11.0,0.0661359429359436,8e-05,0.16574421525001526,0.0
4599.0,4599.0,11.0,0.058096181601285934,8e-05,0.11565609276294708,0.0
4600.0,4600.0,11.0,0.058555684983730316,8e-05,0.11315443366765976,0.0
4601.0,4601.0,11.0,0.058447904884815216,8e-05,0.11792904138565063,0.0
4602.0,4602.0,11.0,0.057551365345716476,8e-05,0.1883709877729416,0.0
4603.0,4603.0,11.0,0.07774484902620316,8e-05,0.11650632321834564,0.0
4604.0,4604.0,11.0,0.05666965991258621,8e-05,0.2620432674884796,0.0
4605.0,4605.0,11.0,0.0556984543800354,8e-05,0.13312125205993652,0.0
4606.0,4606.0,11.0,0.05626552924513817,8e-05,0.21847902238368988,0.0
4607.0,4607.0,11.0,0.054374679923057556,8e-05,0.15677379071712494,0.0
4608.0,4608.0,11.0,0.05203544721007347,8e-05,0.12384828180074692,0.0
4609.0,4609.0,11.0,0.05693924054503441,8e-05,0.16930516064167023,0.0
4610.0,4610.0,11.0,0.052260302007198334,8e-05,0.09638704359531403,0.0
4611.0,4611.0,11.0,0.05449461564421654,8e-05,0.20262695848941803,0.0
4612.0,4612.0,11.0,0.05905499681830406,8e-05,0.13899104297161102,0.0
4613.0,4613.0,11.0,0.06625117361545563,8e-05,0.18639664351940155,0.0
4614.0,4614.0,11.0,0.06338999420404434,8e-05,0.10835138708353043,0.0
4615.0,4615.0,11.0,0.053512588143348694,8e-05,0.2012178748846054,0.0
4616.0,4616.0,11.0,0.05784556642174721,8e-05,0.12474238872528076,0.0
4617.0,4617.0,11.0,0.056705400347709656,8e-05,0.20325274765491486,0.0
4618.0,4618.0,11.0,0.06556058675050735,8e-05,0.1361953616142273,0.0
4619.0,4619.0,11.0,0.05047522857785225,8e-05,0.1442040652036667,0.0
4620.0,4620.0,11.0,0.05274079740047455,8e-05,0.12860944867134094,0.0
4621.0,4621.0,11.0,0.048834312707185745,8e-05,0.11604328453540802,0.0
4622.0,4622.0,11.0,0.06150323152542114,8e-05,0.18034207820892334,0.0
4623.0,4623.0,11.0,0.05897310748696327,8e-05,0.14237284660339355,0.0
4624.0,4624.0,11.0,0.053662072867155075,8e-05,0.13945625722408295,0.0
4625.0,4625.0,11.0,0.07506342232227325,8e-05,0.1732674390077591,0.0
4626.0,4626.0,11.0,0.053100213408470154,8e-05,0.09625429660081863,0.0
4627.0,4627.0,11.0,0.0616646446287632,8e-05,0.17759042978286743,0.0
4628.0,4628.0,11.0,0.06762463599443436,8e-05,0.1201903373003006,0.0
4629.0,4629.0,11.0,0.055581219494342804,8e-05,0.14879180490970612,0.0
4630.0,4630.0,11.0,0.0596429742872715,8e-05,0.18649138510227203,0.0
4631.0,4631.0,11.0,0.06527019292116165,8e-05,0.1461419016122818,0.0
4632.0,4632.0,11.0,0.0539228580892086,8e-05,0.23512467741966248,0.0
4633.0,4633.0,11.0,0.06302552670240402,8e-05,0.12497396767139435,0.0
4634.0,4634.0,11.0,0.05022566020488739,8e-05,0.20830082893371582,0.0
4635.0,4635.0,11.0,0.06613986939191818,8e-05,0.13524283468723297,0.0
4636.0,4636.0,11.0,0.06758058071136475,8e-05,0.17377811670303345,0.0
4637.0,4637.0,11.0,0.059456344693899155,8e-05,0.19056423008441925,0.0
4638.0,4638.0,11.0,0.06712126731872559,8e-05,0.13391627371311188,0.0
4639.0,4639.0,11.0,0.06420379877090454,8e-05,0.2508651316165924,0.0
4640.0,4640.0,11.0,0.06409859657287598,8e-05,0.17775578796863556,0.0
4641.0,4641.0,11.0,0.0652056559920311,8e-05,0.19647283852100372,0.0
4642.0,4642.0,11.0,0.06008343771100044,8e-05,0.1268622875213623,0.0
4643.0,4643.0,11.0,0.04754745960235596,8e-05,0.15396848320960999,0.0
4644.0,4644.0,11.0,0.06972437351942062,8e-05,0.12551002204418182,0.0
4645.0,4645.0,11.0,0.04794102907180786,8e-05,0.1992180198431015,0.0
4646.0,4646.0,11.0,0.06831523776054382,8e-05,0.1395818293094635,0.0
4647.0,4647.0,11.0,0.055293161422014236,8e-05,0.21321412920951843,0.0
4648.0,4648.0,11.0,0.0728650614619255,8e-05,0.15654942393302917,0.0
4649.0,4649.0,11.0,0.06754547357559204,8e-05,0.12943710386753082,0.0
4650.0,4650.0,11.0,0.06161715090274811,8e-05,0.19628511369228363,0.0
4651.0,4651.0,11.0,0.059651345014572144,8e-05,0.14108413457870483,0.0
4652.0,4652.0,11.0,0.06376901268959045,8e-05,0.14088863134384155,0.0
4653.0,4653.0,11.0,0.043034978210926056,8e-05,0.18998846411705017,0.0
4654.0,4654.0,11.0,0.04150504618883133,8e-05,0.1471291333436966,0.0
4655.0,4655.0,11.0,0.06327782571315765,8e-05,0.18578055500984192,0.0
4656.0,4656.0,11.0,0.060407914221286774,8e-05,0.16818997263908386,0.0
4657.0,4657.0,11.0,0.055593352764844894,8e-05,0.19780823588371277,0.0
4658.0,4658.0,11.0,0.05077031999826431,8e-05,0.17591492831707,0.0
4659.0,4659.0,11.0,0.060430556535720825,8e-05,0.23894910514354706,0.0
4660.0,4660.0,11.0,0.05520828068256378,8e-05,0.17374277114868164,0.0
4661.0,4661.0,11.0,0.05412251129746437,8e-05,0.14813204109668732,0.0
4662.0,4662.0,11.0,0.05784434825181961,8e-05,0.22660240530967712,0.0
4663.0,4663.0,11.0,0.07113952189683914,8e-05,0.1647026240825653,0.0
4664.0,4664.0,11.0,0.051518507301807404,8e-05,0.11120302230119705,0.0
4665.0,4665.0,11.0,0.06098879873752594,8e-05,0.13719205558300018,0.0
4666.0,4666.0,11.0,0.05789585039019585,8e-05,0.19745253026485443,0.0
4667.0,4667.0,11.0,0.06507939845323563,8e-05,0.15797461569309235,0.0
4668.0,4668.0,11.0,0.05285666882991791,8e-05,0.1282389909029007,0.0
4669.0,4669.0,11.0,0.057943470776081085,8e-05,0.20489966869354248,0.0
4670.0,4670.0,11.0,0.06499950587749481,8e-05,0.11669430881738663,0.0
4671.0,4671.0,11.0,0.06038874387741089,8e-05,0.12968562543392181,0.0
4672.0,4672.0,11.0,0.048154693096876144,8e-05,0.15318089723587036,0.0
4673.0,4673.0,11.0,0.046567175537347794,8e-05,0.1553444117307663,0.0
4674.0,4674.0,11.0,0.06405426561832428,8e-05,0.1373116821050644,0.0
4675.0,4675.0,11.0,0.058714646846055984,8e-05,0.14933346211910248,0.0
4676.0,4676.0,11.0,0.05641013756394386,8e-05,0.18940521776676178,0.0
4677.0,4677.0,11.0,0.06752099841833115,8e-05,0.17326556146144867,0.0
4678.0,4678.0,11.0,0.06371717900037766,8e-05,0.23407728970050812,0.0
4679.0,4679.0,11.0,0.06156199425458908,8e-05,0.11617376655340195,0.0
4680.0,4680.0,11.0,0.06313381344079971,8e-05,0.23978263139724731,0.0
4681.0,4681.0,12.0,0.05332102254033089,8e-05,0.08965343236923218,0.0
4682.0,4682.0,12.0,0.06183286011219025,8e-05,0.10782778263092041,0.0
4683.0,4683.0,12.0,0.0645487904548645,8e-05,0.1649136245250702,0.0
4684.0,4684.0,12.0,0.04675927758216858,8e-05,0.1354222148656845,0.0
4685.0,4685.0,12.0,0.057609811425209045,8e-05,0.18366245925426483,0.0
4686.0,4686.0,12.0,0.05501754581928253,8e-05,0.14019492268562317,0.0
4687.0,4687.0,12.0,0.07361400127410889,8e-05,0.2472255378961563,0.0
4688.0,4688.0,12.0,0.05232662335038185,8e-05,0.11774518340826035,0.0
4689.0,4689.0,12.0,0.06524725258350372,8e-05,0.205110564827919,0.0
4690.0,4690.0,12.0,0.05565640330314636,8e-05,0.12958283722400665,0.0
4691.0,4691.0,12.0,0.0656573548913002,8e-05,0.13708050549030304,0.0
4692.0,4692.0,12.0,0.04895161837339401,8e-05,0.1542837768793106,0.0
4693.0,4693.0,12.0,0.055153340101242065,8e-05,0.102444127202034,0.0
4694.0,4694.0,12.0,0.05002330616116524,8e-05,0.1298564076423645,0.0
4695.0,4695.0,12.0,0.048431023955345154,8e-05,0.10311190038919449,0.0
4696.0,4696.0,12.0,0.07294285297393799,8e-05,0.15465140342712402,0.0
4697.0,4697.0,12.0,0.04480236768722534,8e-05,0.1092364639043808,0.0
4698.0,4698.0,12.0,0.06949937343597412,8e-05,0.2200576364994049,0.0
4699.0,4699.0,12.0,0.05103813856840134,8e-05,0.1768857091665268,0.0
4700.0,4700.0,12.0,0.0513174831867218,8e-05,0.22880329191684723,0.0
4701.0,4701.0,12.0,0.06736487150192261,8e-05,0.16670465469360352,0.0
4702.0,4702.0,12.0,0.06504416465759277,8e-05,0.20004920661449432,0.0
4703.0,4703.0,12.0,0.06561945378780365,8e-05,0.21168231964111328,0.0
4704.0,4704.0,12.0,0.06184760853648186,8e-05,0.1583409160375595,0.0
4705.0,4705.0,12.0,0.06096547842025757,8e-05,0.23624472320079803,0.0
4706.0,4706.0,12.0,0.04968935251235962,8e-05,0.1948227733373642,0.0
4707.0,4707.0,12.0,0.07134342193603516,8e-05,0.22275550663471222,0.0
4708.0,4708.0,12.0,0.05744567885994911,8e-05,0.2743006646633148,0.0
4709.0,4709.0,12.0,0.06227869912981987,8e-05,0.13346637785434723,0.0
4710.0,4710.0,12.0,0.05207379162311554,8e-05,0.2292935699224472,0.0
4711.0,4711.0,12.0,0.053203582763671875,8e-05,0.20375069975852966,0.0
4712.0,4712.0,12.0,0.053935497999191284,8e-05,0.1552553027868271,0.0
4713.0,4713.0,12.0,0.052128132432699203,8e-05,0.23800283670425415,0.0
4714.0,4714.0,12.0,0.05505022406578064,8e-05,0.09068641811609268,0.0
4715.0,4715.0,12.0,0.06811496615409851,8e-05,0.20652955770492554,0.0
4716.0,4716.0,12.0,0.06121516600251198,8e-05,0.1966540366411209,0.0
4717.0,4717.0,12.0,0.05581017956137657,8e-05,0.16534070670604706,0.0
4718.0,4718.0,12.0,0.058741495013237,8e-05,0.24573802947998047,0.0
4719.0,4719.0,12.0,0.06713130325078964,8e-05,0.16890275478363037,0.0
4720.0,4720.0,12.0,0.058809876441955566,8e-05,0.18201635777950287,0.0
4721.0,4721.0,12.0,0.047874316573143005,8e-05,0.1513347178697586,0.0
4722.0,4722.0,12.0,0.08804868161678314,8e-05,0.19895870983600616,0.0
4723.0,4723.0,12.0,0.0495317280292511,8e-05,0.1709102839231491,0.0
4724.0,4724.0,12.0,0.05575484782457352,8e-05,0.22124281525611877,0.0
4725.0,4725.0,12.0,0.06255124509334564,8e-05,0.1364334672689438,0.0
4726.0,4726.0,12.0,0.0557689443230629,8e-05,0.2256748378276825,0.0
4727.0,4727.0,12.0,0.0590185709297657,8e-05,0.22637687623500824,0.0
4728.0,4728.0,12.0,0.0775168389081955,8e-05,0.217372864484787,0.0
4729.0,4729.0,12.0,0.05955851823091507,8e-05,0.2465822547674179,0.0
4730.0,4730.0,12.0,0.05638810247182846,8e-05,0.17227186262607574,0.0
4731.0,4731.0,12.0,0.07483170926570892,8e-05,0.23645921051502228,0.0
4732.0,4732.0,12.0,0.0677528828382492,8e-05,0.22213216125965118,0.0
4733.0,4733.0,12.0,0.053114153444767,8e-05,0.18178018927574158,0.0
4734.0,4734.0,12.0,0.05508385971188545,8e-05,0.2859802544116974,0.0
4735.0,4735.0,12.0,0.05958569049835205,8e-05,0.14759796857833862,0.0
4736.0,4736.0,12.0,0.04980482533574104,8e-05,0.19523970782756805,0.0
4737.0,4737.0,12.0,0.06046381592750549,8e-05,0.20043590664863586,0.0
4738.0,4738.0,12.0,0.0536513552069664,8e-05,0.11628515273332596,0.0
4739.0,4739.0,12.0,0.06308606266975403,8e-05,0.15548443794250488,0.0
4740.0,4740.0,12.0,0.04627399146556854,8e-05,0.1801193207502365,0.0
4741.0,4741.0,12.0,0.07019190490245819,8e-05,0.1612977832555771,0.0
4742.0,4742.0,12.0,0.04963197559118271,8e-05,0.21095862984657288,0.0
4743.0,4743.0,12.0,0.05294179543852806,8e-05,0.10752466320991516,0.0
4744.0,4744.0,12.0,0.049492090940475464,8e-05,0.19130082428455353,0.0
4745.0,4745.0,12.0,0.06386075913906097,8e-05,0.1983717679977417,0.0
4746.0,4746.0,12.0,0.05059833824634552,8e-05,0.1244509294629097,0.0
4747.0,4747.0,12.0,0.04964835196733475,8e-05,0.14683596789836884,0.0
4748.0,4748.0,12.0,0.06395263969898224,8e-05,0.18981245160102844,0.0
4749.0,4749.0,12.0,0.05154763162136078,8e-05,0.11630066484212875,0.0
4750.0,4750.0,12.0,0.0546567477285862,8e-05,0.16643376648426056,0.0
4751.0,4751.0,12.0,0.060375913977622986,8e-05,0.13154292106628418,0.0
4752.0,4752.0,12.0,0.05859865993261337,8e-05,0.14932677149772644,0.0
4753.0,4753.0,12.0,0.07272008806467056,8e-05,0.15839697420597076,0.0
4754.0,4754.0,12.0,0.054664090275764465,8e-05,0.08787070959806442,0.0
4755.0,4755.0,12.0,0.06459902226924896,8e-05,0.178196519613266,0.0
4756.0,4756.0,12.0,0.057724274694919586,8e-05,0.10875555127859116,0.0
4757.0,4757.0,12.0,0.065087229013443,8e-05,0.1333714723587036,0.0
4758.0,4758.0,12.0,0.049356721341609955,8e-05,0.15277697145938873,0.0
4759.0,4759.0,12.0,0.05442047864198685,8e-05,0.1389382779598236,0.0
4760.0,4760.0,12.0,0.0561465248465538,8e-05,0.12502822279930115,0.0
4761.0,4761.0,12.0,0.054938361048698425,8e-05,0.14730088412761688,0.0
4762.0,4762.0,12.0,0.05456513911485672,8e-05,0.18841327726840973,0.0
4763.0,4763.0,12.0,0.054237376898527145,8e-05,0.10071504861116409,0.0
4764.0,4764.0,12.0,0.06399157643318176,8e-05,0.20642217993736267,0.0
4765.0,4765.0,12.0,0.048384469002485275,8e-05,0.13086514174938202,0.0
4766.0,4766.0,12.0,0.051602691411972046,8e-05,0.138188436627388,0.0
4767.0,4767.0,12.0,0.05174402892589569,8e-05,0.15335336327552795,0.0
4768.0,4768.0,12.0,0.07101260125637054,8e-05,0.13649603724479675,0.0
4769.0,4769.0,12.0,0.0673384815454483,8e-05,0.14573313295841217,0.0
4770.0,4770.0,12.0,0.05505816638469696,8e-05,0.1989230364561081,0.0
4771.0,4771.0,12.0,0.06131133437156677,8e-05,0.15353526175022125,0.0
4772.0,4772.0,12.0,0.0698501467704773,8e-05,0.09383313357830048,0.0
4773.0,4773.0,12.0,0.053891539573669434,8e-05,0.17491023242473602,0.0
4774.0,4774.0,12.0,0.06997355073690414,8e-05,0.14509820938110352,0.0
4775.0,4775.0,12.0,0.05770711600780487,8e-05,0.09988268464803696,0.0
4776.0,4776.0,12.0,0.055891722440719604,8e-05,0.23595531284809113,0.0
4777.0,4777.0,12.0,0.04996054992079735,8e-05,0.15588299930095673,0.0
4778.0,4778.0,12.0,0.06673253327608109,8e-05,0.23843935132026672,0.0
4779.0,4779.0,12.0,0.06252234429121017,8e-05,0.21199671924114227,0.0
4780.0,4780.0,12.0,0.05711831897497177,8e-05,0.1721264123916626,0.0
4781.0,4781.0,12.0,0.07692660391330719,8e-05,0.20832374691963196,0.0
4782.0,4782.0,12.0,0.08949330449104309,8e-05,0.1681206077337265,0.0
4783.0,4783.0,12.0,0.05512703210115433,8e-05,0.17003199458122253,0.0
4784.0,4784.0,12.0,0.06405128538608551,8e-05,0.13180339336395264,0.0
4785.0,4785.0,12.0,0.06681834161281586,8e-05,0.1350739449262619,0.0
4786.0,4786.0,12.0,0.06158626079559326,8e-05,0.12353891134262085,0.0
4787.0,4787.0,12.0,0.05612640827894211,8e-05,0.154628723859787,0.0
4788.0,4788.0,12.0,0.057478178292512894,8e-05,0.18105287849903107,0.0
4789.0,4789.0,12.0,0.06405600160360336,8e-05,0.24124407768249512,0.0
4790.0,4790.0,12.0,0.062043070793151855,8e-05,0.13346180319786072,0.0
4791.0,4791.0,12.0,0.0561000220477581,8e-05,0.15721680223941803,0.0
4792.0,4792.0,12.0,0.0513140968978405,8e-05,0.1744697242975235,0.0
4793.0,4793.0,12.0,0.055630963295698166,8e-05,0.12551133334636688,0.0
4794.0,4794.0,12.0,0.05553644895553589,8e-05,0.18337015807628632,0.0
4795.0,4795.0,12.0,0.061163995414972305,8e-05,0.09157203137874603,0.0
4796.0,4796.0,12.0,0.05861673504114151,8e-05,0.16601264476776123,0.0
4797.0,4797.0,12.0,0.05990701541304588,8e-05,0.16851451992988586,0.0
4798.0,4798.0,12.0,0.050912581384181976,8e-05,0.11751652508974075,0.0
4799.0,4799.0,12.0,0.06311462074518204,8e-05,0.26777249574661255,0.0
4800.0,4800.0,12.0,0.07117883861064911,8e-05,0.1348409652709961,0.0
4801.0,4801.0,12.0,0.05214082449674606,8e-05,0.18819764256477356,0.0
4802.0,4802.0,12.0,0.07094275951385498,8e-05,0.18201301991939545,0.0
4803.0,4803.0,12.0,0.06734935194253922,8e-05,0.0943133607506752,0.0
4804.0,4804.0,12.0,0.04681974649429321,8e-05,0.26767322421073914,0.0
4805.0,4805.0,12.0,0.05744116008281708,8e-05,0.11706533282995224,0.0
4806.0,4806.0,12.0,0.04805052652955055,8e-05,0.20359814167022705,0.0
4807.0,4807.0,12.0,0.060469791293144226,8e-05,0.17322935163974762,0.0
4808.0,4808.0,12.0,0.05721823126077652,8e-05,0.17174749076366425,0.0
4809.0,4809.0,12.0,0.06357621401548386,8e-05,0.14989109337329865,0.0
4810.0,4810.0,12.0,0.053859490901231766,8e-05,0.11894499510526657,0.0
4811.0,4811.0,12.0,0.05627170950174332,8e-05,0.11514758318662643,0.0
4812.0,4812.0,12.0,0.05406171828508377,8e-05,0.18108627200126648,0.0
4813.0,4813.0,12.0,0.07410238683223724,8e-05,0.10674157738685608,0.0
4814.0,4814.0,12.0,0.07825767993927002,8e-05,0.2296305149793625,0.0
4815.0,4815.0,12.0,0.05924432724714279,8e-05,0.16665911674499512,0.0
4816.0,4816.0,12.0,0.05307590216398239,8e-05,0.1508074849843979,0.0
4817.0,4817.0,12.0,0.06551794707775116,8e-05,0.12704472243785858,0.0
4818.0,4818.0,12.0,0.0524042546749115,8e-05,0.10339246690273285,0.0
4819.0,4819.0,12.0,0.06121907755732536,8e-05,0.14215414226055145,0.0
4820.0,4820.0,12.0,0.053393807262182236,8e-05,0.10100656002759933,0.0
4821.0,4821.0,12.0,0.05013793706893921,8e-05,0.12403164803981781,0.0
4822.0,4822.0,12.0,0.05312228202819824,8e-05,0.1101839616894722,0.0
4823.0,4823.0,12.0,0.06653213500976562,8e-05,0.11898534744977951,0.0
4824.0,4824.0,12.0,0.04636671394109726,8e-05,0.09073688089847565,0.0
4825.0,4825.0,12.0,0.05544194206595421,8e-05,0.130620539188385,0.0
4826.0,4826.0,12.0,0.07615920901298523,8e-05,0.11521457880735397,0.0
4827.0,4827.0,12.0,0.06671610474586487,8e-05,0.10189782083034515,0.0
4828.0,4828.0,12.0,0.04867877438664436,8e-05,0.06998498737812042,0.0
4829.0,4829.0,12.0,0.06956923007965088,8e-05,0.1689666509628296,0.0
4830.0,4830.0,12.0,0.049388252198696136,8e-05,0.1464378535747528,0.0
4831.0,4831.0,12.0,0.05725743994116783,8e-05,0.11276278644800186,0.0
4832.0,4832.0,12.0,0.06396031379699707,8e-05,0.09107499569654465,0.0
4833.0,4833.0,12.0,0.046652570366859436,8e-05,0.10282743722200394,0.0
4834.0,4834.0,12.0,0.05475888401269913,8e-05,0.1417846977710724,0.0
4835.0,4835.0,12.0,0.056087203323841095,8e-05,0.15169864892959595,0.0
4836.0,4836.0,12.0,0.046835340559482574,8e-05,0.11320237815380096,0.0
4837.0,4837.0,12.0,0.07150205969810486,8e-05,0.18393640220165253,0.0
4838.0,4838.0,12.0,0.051425751298666,8e-05,0.10961637645959854,0.0
4839.0,4839.0,12.0,0.05700811743736267,8e-05,0.15461796522140503,0.0
4840.0,4840.0,12.0,0.05944009870290756,8e-05,0.1711989939212799,0.0
4841.0,4841.0,12.0,0.0681789219379425,8e-05,0.1326640397310257,0.0
4842.0,4842.0,12.0,0.05741911008954048,8e-05,0.16723893582820892,0.0
4843.0,4843.0,12.0,0.06351293623447418,8e-05,0.1504337042570114,0.0
4844.0,4844.0,12.0,0.062091175466775894,8e-05,0.17838869988918304,0.0
4845.0,4845.0,12.0,0.05861784890294075,8e-05,0.13285145163536072,0.0
4846.0,4846.0,12.0,0.06456373631954193,8e-05,0.1948663741350174,0.0
4847.0,4847.0,12.0,0.04737773537635803,8e-05,0.10948090255260468,0.0
4848.0,4848.0,12.0,0.06559121608734131,8e-05,0.17186123132705688,0.0
4849.0,4849.0,12.0,0.04801543056964874,8e-05,0.1438913643360138,0.0
4850.0,4850.0,12.0,0.060629453510046005,8e-05,0.1107347160577774,0.0
4851.0,4851.0,12.0,0.05924247205257416,8e-05,0.1213807687163353,0.0
4852.0,4852.0,12.0,0.05004942789673805,8e-05,0.17823933064937592,0.0
4853.0,4853.0,12.0,0.07505618035793304,8e-05,0.1423977017402649,0.0
4854.0,4854.0,12.0,0.05136137455701828,8e-05,0.1833755522966385,0.0
4855.0,4855.0,12.0,0.07097582519054413,8e-05,0.18489019572734833,0.0
4856.0,4856.0,12.0,0.06588718295097351,8e-05,0.11746980994939804,0.0
4857.0,4857.0,12.0,0.050603725016117096,8e-05,0.18404871225357056,0.0
4858.0,4858.0,12.0,0.06335079669952393,8e-05,0.09903384000062943,0.0
4859.0,4859.0,12.0,0.061237163841724396,8e-05,0.1666162610054016,0.0
4860.0,4860.0,12.0,0.0618826188147068,8e-05,0.11395498365163803,0.0
4861.0,4861.0,12.0,0.07752186059951782,8e-05,0.15159915387630463,0.0
4862.0,4862.0,12.0,0.050868794322013855,8e-05,0.18209399282932281,0.0
4863.0,4863.0,12.0,0.06248125433921814,8e-05,0.1409899890422821,0.0
4864.0,4864.0,12.0,0.05441242456436157,8e-05,0.23788101971149445,0.0
4865.0,4865.0,12.0,0.06389392912387848,8e-05,0.15189991891384125,0.0
4866.0,4866.0,12.0,0.056203074753284454,8e-05,0.16888318955898285,0.0
4867.0,4867.0,12.0,0.05899813398718834,8e-05,0.1313837319612503,0.0
4868.0,4868.0,12.0,0.0491613894701004,8e-05,0.1346815973520279,0.0
4869.0,4869.0,12.0,0.05547633394598961,8e-05,0.13019773364067078,0.0
4870.0,4870.0,12.0,0.051873840391635895,8e-05,0.09275442361831665,0.0
4871.0,4871.0,12.0,0.044880591332912445,8e-05,0.16282394528388977,0.0
4872.0,4872.0,12.0,0.06784908473491669,8e-05,0.1542515903711319,0.0
4873.0,4873.0,12.0,0.0501721017062664,8e-05,0.13755647838115692,0.0
4874.0,4874.0,12.0,0.05219728499650955,8e-05,0.1660251021385193,0.0
4875.0,4875.0,12.0,0.061858467757701874,8e-05,0.21763759851455688,0.0
4876.0,4876.0,12.0,0.06716480851173401,8e-05,0.17697247862815857,0.0
4877.0,4877.0,12.0,0.06572438776493073,8e-05,0.23755402863025665,0.0
4878.0,4878.0,12.0,0.05576083064079285,8e-05,0.16222675144672394,0.0
4879.0,4879.0,12.0,0.05676858872175217,8e-05,0.16408321261405945,0.0
4880.0,4880.0,12.0,0.05746092274785042,8e-05,0.1754237711429596,0.0
4881.0,4881.0,12.0,0.06443178653717041,8e-05,0.1268620789051056,0.0
4882.0,4882.0,12.0,0.04776646941900253,8e-05,0.1299138218164444,0.0
4883.0,4883.0,12.0,0.05858318507671356,8e-05,0.20962464809417725,0.0
4884.0,4884.0,12.0,0.060098301619291306,8e-05,0.13652019202709198,0.0
4885.0,4885.0,12.0,0.06785713881254196,8e-05,0.18344588577747345,0.0
4886.0,4886.0,12.0,0.07318568229675293,8e-05,0.1539926826953888,0.0
4887.0,4887.0,12.0,0.060191258788108826,8e-05,0.20039567351341248,0.0
4888.0,4888.0,12.0,0.059890132397413254,8e-05,0.11197731643915176,0.0
4889.0,4889.0,12.0,0.0562259666621685,8e-05,0.12781798839569092,0.0
4890.0,4890.0,12.0,0.05478587746620178,8e-05,0.1689504086971283,0.0
4891.0,4891.0,12.0,0.06138431653380394,8e-05,0.173951655626297,0.0
4892.0,4892.0,12.0,0.06684564054012299,8e-05,0.18025755882263184,0.0
4893.0,4893.0,12.0,0.06564010679721832,8e-05,0.22513370215892792,0.0
4894.0,4894.0,12.0,0.06706098467111588,8e-05,0.11227437108755112,0.0
4895.0,4895.0,12.0,0.04821150004863739,8e-05,0.16303598880767822,0.0
4896.0,4896.0,12.0,0.08157067000865936,8e-05,0.20139144361019135,0.0
4897.0,4897.0,12.0,0.07549500465393066,8e-05,0.15125887095928192,0.0
4898.0,4898.0,12.0,0.06143810600042343,8e-05,0.15691225230693817,0.0
4899.0,4899.0,12.0,0.08018648624420166,8e-05,0.2858513295650482,0.0
4900.0,4900.0,12.0,0.05512911081314087,8e-05,0.13227267563343048,0.0
4901.0,4901.0,12.0,0.05188598483800888,8e-05,0.28047600388526917,0.0
4902.0,4902.0,12.0,0.05349821597337723,8e-05,0.1957930624485016,0.0
4903.0,4903.0,12.0,0.04862090200185776,8e-05,0.1804707944393158,0.0
4904.0,4904.0,12.0,0.058887965977191925,8e-05,0.1590011566877365,0.0
4905.0,4905.0,12.0,0.06222183257341385,8e-05,0.19986635446548462,0.0
4906.0,4906.0,12.0,0.05035854130983353,8e-05,0.2017821967601776,0.0
4907.0,4907.0,12.0,0.0573958158493042,8e-05,0.140461266040802,0.0
4908.0,4908.0,12.0,0.06416967511177063,8e-05,0.2148532122373581,0.0
4909.0,4909.0,12.0,0.05183620750904083,8e-05,0.2014971673488617,0.0
4910.0,4910.0,12.0,0.05715082958340645,8e-05,0.12677180767059326,0.0
4911.0,4911.0,12.0,0.04265143349766731,8e-05,0.14044581353664398,0.0
4912.0,4912.0,12.0,0.06830344349145889,8e-05,0.18925172090530396,0.0
4913.0,4913.0,12.0,0.055728502571582794,8e-05,0.15943029522895813,0.0
4914.0,4914.0,12.0,0.0563330315053463,8e-05,0.16103610396385193,0.0
4915.0,4915.0,12.0,0.06727895885705948,8e-05,0.16452331840991974,0.0
4916.0,4916.0,12.0,0.07090731710195541,8e-05,0.1397886574268341,0.0
4917.0,4917.0,12.0,0.050477735698223114,8e-05,0.20701652765274048,0.0
4918.0,4918.0,12.0,0.05275852233171463,8e-05,0.09713701158761978,0.0
4919.0,4919.0,12.0,0.06934714317321777,8e-05,0.3068636953830719,0.0
4920.0,4920.0,12.0,0.058773256838321686,8e-05,0.11080002039670944,0.0
4921.0,4921.0,12.0,0.0593843013048172,8e-05,0.22032390534877777,0.0
4922.0,4922.0,12.0,0.06325332820415497,8e-05,0.21969935297966003,0.0
4923.0,4923.0,12.0,0.062267616391181946,8e-05,0.2180318385362625,0.0
4924.0,4924.0,12.0,0.05897447466850281,8e-05,0.15854448080062866,0.0
4925.0,4925.0,12.0,0.05648801103234291,8e-05,0.1815582811832428,0.0
4926.0,4926.0,12.0,0.06390798836946487,8e-05,0.16495664417743683,0.0
4927.0,4927.0,12.0,0.0746050477027893,8e-05,0.15249565243721008,0.0
4928.0,4928.0,12.0,0.05792998522520065,8e-05,0.11761956661939621,0.0
4929.0,4929.0,12.0,0.06349959969520569,8e-05,0.15958073735237122,0.0
4930.0,4930.0,12.0,0.05476255342364311,8e-05,0.1525810956954956,0.0
4931.0,4931.0,12.0,0.059659045189619064,8e-05,0.12258248776197433,0.0
4932.0,4932.0,12.0,0.05893516540527344,8e-05,0.2074986696243286,0.0
4933.0,4933.0,12.0,0.054446544498205185,8e-05,0.14968837797641754,0.0
4934.0,4934.0,12.0,0.051847003400325775,8e-05,0.18689538538455963,0.0
4935.0,4935.0,12.0,0.054024189710617065,8e-05,0.1911320984363556,0.0
4936.0,4936.0,12.0,0.08169591426849365,8e-05,0.146224245429039,0.0
4937.0,4937.0,12.0,0.05669892951846123,8e-05,0.19784723222255707,0.0
4938.0,4938.0,12.0,0.07183637470006943,8e-05,0.15196499228477478,0.0
4939.0,4939.0,12.0,0.06763321161270142,8e-05,0.14343948662281036,0.0
4940.0,4940.0,12.0,0.055777087807655334,8e-05,0.09486628323793411,0.0
4941.0,4941.0,12.0,0.05546025186777115,8e-05,0.15685084462165833,0.0
4942.0,4942.0,12.0,0.0691051036119461,8e-05,0.194906085729599,0.0
4943.0,4943.0,12.0,0.04868035018444061,8e-05,0.09499713033437729,0.0
4944.0,4944.0,12.0,0.05346927419304848,8e-05,0.1915476769208908,0.0
4945.0,4945.0,12.0,0.08825577050447464,8e-05,0.1527014970779419,0.0
4946.0,4946.0,12.0,0.05553145706653595,8e-05,0.14795634150505066,0.0
4947.0,4947.0,12.0,0.06232183426618576,8e-05,0.15445254743099213,0.0
4948.0,4948.0,12.0,0.05894867703318596,8e-05,0.24473047256469727,0.0
4949.0,4949.0,12.0,0.05711612105369568,8e-05,0.1456603854894638,0.0
4950.0,4950.0,12.0,0.05517150089144707,8e-05,0.153843492269516,0.0
4951.0,4951.0,12.0,0.06127406284213066,8e-05,0.17581066489219666,0.0
4952.0,4952.0,12.0,0.05584491044282913,8e-05,0.11594125628471375,0.0
4953.0,4953.0,12.0,0.06807748973369598,8e-05,0.17337095737457275,0.0
4954.0,4954.0,12.0,0.05993710458278656,8e-05,0.20732294023036957,0.0
4955.0,4955.0,12.0,0.06968618929386139,8e-05,0.12150430679321289,0.0
4956.0,4956.0,12.0,0.07015838474035263,8e-05,0.17905695736408234,0.0
4957.0,4957.0,12.0,0.05667808651924133,8e-05,0.16520145535469055,0.0
4958.0,4958.0,12.0,0.06806281208992004,8e-05,0.12938028573989868,0.0
4959.0,4959.0,12.0,0.0659279078245163,8e-05,0.16852320730686188,0.0
4960.0,4960.0,12.0,0.07055333256721497,8e-05,0.23560731112957,0.0
4961.0,4961.0,12.0,0.04823620244860649,8e-05,0.14239244163036346,0.0
4962.0,4962.0,12.0,0.05715104192495346,8e-05,0.21169038116931915,0.0
4963.0,4963.0,12.0,0.058037325739860535,8e-05,0.1596146672964096,0.0
4964.0,4964.0,12.0,0.061851128935813904,8e-05,0.16784076392650604,0.0
4965.0,4965.0,12.0,0.05880729481577873,8e-05,0.15671458840370178,0.0
4966.0,4966.0,12.0,0.05729890614748001,8e-05,0.14065511524677277,0.0
4967.0,4967.0,12.0,0.04810400307178497,8e-05,0.14120379090309143,0.0
4968.0,4968.0,12.0,0.052295614033937454,8e-05,0.10836654901504517,0.0
4969.0,4969.0,12.0,0.0537787601351738,8e-05,0.155343696475029,0.0
4970.0,4970.0,12.0,0.06614336371421814,8e-05,0.1603136658668518,0.0
4971.0,4971.0,12.0,0.06947522610425949,8e-05,0.11217568814754486,0.0
4972.0,4972.0,12.0,0.06425175815820694,8e-05,0.17746804654598236,0.0
4973.0,4973.0,12.0,0.05664122849702835,8e-05,0.1243768036365509,0.0
4974.0,4974.0,12.0,0.054215505719184875,8e-05,0.11658834666013718,0.0
4975.0,4975.0,12.0,0.06466369330883026,8e-05,0.13243581354618073,0.0
4976.0,4976.0,12.0,0.055734094232320786,8e-05,0.08161450922489166,0.0
4977.0,4977.0,12.0,0.05216711014509201,8e-05,0.16464516520500183,0.0
4978.0,4978.0,12.0,0.05443425476551056,8e-05,0.09416618198156357,0.0
4979.0,4979.0,12.0,0.05092403292655945,8e-05,0.11353587359189987,0.0
4980.0,4980.0,12.0,0.048180289566516876,8e-05,0.09785281121730804,0.0
4981.0,4981.0,12.0,0.06300032138824463,8e-05,0.13259992003440857,0.0
4982.0,4982.0,12.0,0.06517971307039261,8e-05,0.1214856430888176,0.0
4983.0,4983.0,12.0,0.04998962581157684,8e-05,0.15540726482868195,0.0
4984.0,4984.0,12.0,0.052924882620573044,8e-05,0.1279633641242981,0.0
4985.0,4985.0,12.0,0.045682910829782486,8e-05,0.15503892302513123,0.0
4986.0,4986.0,12.0,0.054548222571611404,8e-05,0.1097550317645073,0.0
4987.0,4987.0,12.0,0.063620425760746,8e-05,0.09075088798999786,0.0
4988.0,4988.0,12.0,0.05955091118812561,8e-05,0.1627630889415741,0.0
4989.0,4989.0,12.0,0.051562123000621796,8e-05,0.16472329199314117,0.0
4990.0,4990.0,12.0,0.05654385685920715,8e-05,0.13357245922088623,0.0
4991.0,4991.0,12.0,0.07488687336444855,8e-05,0.11893399804830551,0.0
4992.0,4992.0,12.0,0.0513576865196228,8e-05,0.21910014748573303,0.0
4993.0,4993.0,12.0,0.063594751060009,8e-05,0.0916358232498169,0.0
4994.0,4994.0,12.0,0.06341040134429932,8e-05,0.19630680978298187,0.0
4995.0,4995.0,12.0,0.06169000640511513,8e-05,0.1768438071012497,0.0
4996.0,4996.0,12.0,0.050984177738428116,8e-05,0.10570879280567169,0.0
4997.0,4997.0,12.0,0.0643855631351471,8e-05,0.17759354412555695,0.0
4998.0,4998.0,12.0,0.05812155827879906,8e-05,0.11181649565696716,0.0
4999.0,4999.0,12.0,0.05818230286240578,8e-05,0.14995869994163513,0.0
5000.0,5000.0,12.0,0.05374065041542053,8e-05,0.1513008177280426,0.0
5001.0,5001.0,12.0,0.06462712585926056,8e-05,0.22189098596572876,0.0
5002.0,5002.0,12.0,0.05586449056863785,8e-05,0.18125544488430023,0.0
5003.0,5003.0,12.0,0.0665600448846817,8e-05,0.1904805451631546,0.0
5004.0,5004.0,12.0,0.055004626512527466,8e-05,0.17595402896404266,0.0
5005.0,5005.0,12.0,0.052565861493349075,8e-05,0.08200697600841522,0.0
5006.0,5006.0,12.0,0.06785330176353455,8e-05,0.25076428055763245,0.0
5007.0,5007.0,12.0,0.0707501471042633,8e-05,0.11514268070459366,0.0
5008.0,5008.0,12.0,0.05612887442111969,8e-05,0.1969938725233078,0.0
5009.0,5009.0,12.0,0.06901009380817413,8e-05,0.2090281844139099,0.0
5010.0,5010.0,12.0,0.07363712042570114,8e-05,0.2095157653093338,0.0
5011.0,5011.0,12.0,0.06758230924606323,8e-05,0.29472917318344116,0.0
5012.0,5012.0,12.0,0.05090934783220291,8e-05,0.11253350973129272,0.0
5013.0,5013.0,12.0,0.05459403619170189,8e-05,0.26867803931236267,0.0
5014.0,5014.0,12.0,0.06261979043483734,8e-05,0.15532849729061127,0.0
5015.0,5015.0,12.0,0.05913589149713516,8e-05,0.1521218717098236,0.0
5016.0,5016.0,12.0,0.05417357385158539,8e-05,0.22161775827407837,0.0
5017.0,5017.0,12.0,0.06879556179046631,8e-05,0.15052738785743713,0.0
5018.0,5018.0,12.0,0.04022432491183281,8e-05,0.21946626901626587,0.0
5019.0,5019.0,12.0,0.056578800082206726,8e-05,0.14660052955150604,0.0
5020.0,5020.0,12.0,0.07457760721445084,8e-05,0.16388039290905,0.0
5021.0,5021.0,12.0,0.049898482859134674,8e-05,0.18033577501773834,0.0
5022.0,5022.0,12.0,0.06687058508396149,8e-05,0.16773167252540588,0.0
5023.0,5023.0,12.0,0.06247590482234955,8e-05,0.1839679330587387,0.0
5024.0,5024.0,12.0,0.05611122027039528,8e-05,0.20476892590522766,0.0
5025.0,5025.0,12.0,0.05669724941253662,8e-05,0.1963665932416916,0.0
5026.0,5026.0,12.0,0.07359955459833145,8e-05,0.1706475019454956,0.0
5027.0,5027.0,12.0,0.060708336532115936,8e-05,0.27018702030181885,0.0
5028.0,5028.0,12.0,0.06612017750740051,8e-05,0.10970433056354523,0.0
5029.0,5029.0,12.0,0.06528905034065247,8e-05,0.26392102241516113,0.0
5030.0,5030.0,12.0,0.06210145354270935,8e-05,0.1757129430770874,0.0
5031.0,5031.0,12.0,0.05457070469856262,8e-05,0.19717338681221008,0.0
5032.0,5032.0,12.0,0.06369584798812866,8e-05,0.22497272491455078,0.0
5033.0,5033.0,12.0,0.06989619135856628,8e-05,0.10114530473947525,0.0
5034.0,5034.0,12.0,0.07206042110919952,8e-05,0.22579315304756165,0.0
5035.0,5035.0,12.0,0.06582814455032349,8e-05,0.21870917081832886,0.0
5036.0,5036.0,12.0,0.06176913529634476,8e-05,0.1179596558213234,0.0
5037.0,5037.0,12.0,0.05352459475398064,8e-05,0.2716715633869171,0.0
5038.0,5038.0,12.0,0.05541446432471275,8e-05,0.13549776375293732,0.0
5039.0,5039.0,12.0,0.059083499014377594,8e-05,0.22118021547794342,0.0
5040.0,5040.0,12.0,0.05903952568769455,8e-05,0.18230664730072021,0.0
5041.0,5041.0,12.0,0.051106542348861694,8e-05,0.13884413242340088,0.0
5042.0,5042.0,12.0,0.07230287790298462,8e-05,0.21822811663150787,0.0
5043.0,5043.0,12.0,0.056098319590091705,8e-05,0.1732102781534195,0.0
5044.0,5044.0,12.0,0.06610581278800964,8e-05,0.18736214935779572,0.0
5045.0,5045.0,12.0,0.05375034734606743,8e-05,0.10264980792999268,0.0
5046.0,5046.0,12.0,0.058736275881528854,8e-05,0.14440076053142548,0.0
5047.0,5047.0,12.0,0.07229290902614594,8e-05,0.14754602313041687,0.0
5048.0,5048.0,12.0,0.07201142609119415,8e-05,0.13603945076465607,0.0
5049.0,5049.0,12.0,0.06372784078121185,8e-05,0.13533638417720795,0.0
5050.0,5050.0,12.0,0.059312853962183,8e-05,0.12034092098474503,0.0
5051.0,5051.0,12.0,0.05835086852312088,8e-05,0.14961256086826324,0.0
5052.0,5052.0,12.0,0.06436984241008759,8e-05,0.17154483497142792,0.0
5053.0,5053.0,12.0,0.06332669407129288,8e-05,0.1750345081090927,0.0
5054.0,5054.0,12.0,0.05625980347394943,8e-05,0.1420697271823883,0.0
5055.0,5055.0,12.0,0.047145992517471313,8e-05,0.17570509016513824,0.0
5056.0,5056.0,12.0,0.05709904804825783,8e-05,0.1372041404247284,0.0
5057.0,5057.0,12.0,0.08568739891052246,8e-05,0.14632700383663177,0.0
5058.0,5058.0,12.0,0.049609728157520294,8e-05,0.1605088710784912,0.0
5059.0,5059.0,12.0,0.062229812145233154,8e-05,0.14326272904872894,0.0
5060.0,5060.0,12.0,0.060920096933841705,8e-05,0.16759254038333893,0.0
5061.0,5061.0,12.0,0.06055554747581482,8e-05,0.175904780626297,0.0
5062.0,5062.0,12.0,0.051760170608758926,8e-05,0.1604296863079071,0.0
5063.0,5063.0,12.0,0.06475500017404556,8e-05,0.249882310628891,0.0
5064.0,5064.0,12.0,0.06857354193925858,8e-05,0.18531624972820282,0.0
5065.0,5065.0,12.0,0.05174928158521652,8e-05,0.20169159770011902,0.0
5066.0,5066.0,12.0,0.05874717980623245,8e-05,0.1621835082769394,0.0
5067.0,5067.0,12.0,0.06943152844905853,8e-05,0.10076253116130829,0.0
5068.0,5068.0,12.0,0.0527489110827446,8e-05,0.12733273208141327,0.0
5069.0,5069.0,12.0,0.06420072168111801,8e-05,0.19234295189380646,0.0
5070.0,5070.0,12.0,0.053284309804439545,8e-05,0.0961386039853096,0.0
5071.0,5071.0,13.0,0.06687287986278534,8e-05,0.20808161795139313,0.0
5072.0,5072.0,13.0,0.06228505074977875,8e-05,0.11043038219213486,0.0
5073.0,5073.0,13.0,0.05928201973438263,8e-05,0.17673678696155548,0.0
5074.0,5074.0,13.0,0.05607588589191437,8e-05,0.1864069700241089,0.0
5075.0,5075.0,13.0,0.04801401495933533,8e-05,0.13863761723041534,0.0
5076.0,5076.0,13.0,0.05657752603292465,8e-05,0.09703269600868225,0.0
5077.0,5077.0,13.0,0.06284725666046143,8e-05,0.12366782128810883,0.0
5078.0,5078.0,13.0,0.06100674718618393,8e-05,0.10730687528848648,0.0
5079.0,5079.0,13.0,0.0558721199631691,8e-05,0.10220015794038773,0.0
5080.0,5080.0,13.0,0.06060143932700157,8e-05,0.10317409783601761,0.0
5081.0,5081.0,13.0,0.0600409172475338,8e-05,0.19063204526901245,0.0
5082.0,5082.0,13.0,0.07000002264976501,8e-05,0.12986408174037933,0.0
5083.0,5083.0,13.0,0.0519900843501091,8e-05,0.15225641429424286,0.0
5084.0,5084.0,13.0,0.05640402436256409,8e-05,0.2100171446800232,0.0
5085.0,5085.0,13.0,0.05994955450296402,8e-05,0.13050472736358643,0.0
5086.0,5086.0,13.0,0.06575095653533936,8e-05,0.19733017683029175,0.0
5087.0,5087.0,13.0,0.04377727955579758,8e-05,0.19261756539344788,0.0
5088.0,5088.0,13.0,0.05643293261528015,8e-05,0.1636960655450821,0.0
5089.0,5089.0,13.0,0.06059350073337555,8e-05,0.19969452917575836,0.0
5090.0,5090.0,13.0,0.0676039308309555,8e-05,0.17022907733917236,0.0
5091.0,5091.0,13.0,0.0592341423034668,8e-05,0.15200942754745483,0.0
5092.0,5092.0,13.0,0.061171069741249084,8e-05,0.20183627307415009,0.0
5093.0,5093.0,13.0,0.06373117864131927,8e-05,0.151825413107872,0.0
5094.0,5094.0,13.0,0.05227231606841087,8e-05,0.14529012143611908,0.0
5095.0,5095.0,13.0,0.07262418419122696,8e-05,0.13588844239711761,0.0
5096.0,5096.0,13.0,0.07650072127580643,8e-05,0.14639760553836823,0.0
5097.0,5097.0,13.0,0.05948476865887642,8e-05,0.15436072647571564,0.0
5098.0,5098.0,13.0,0.05994931608438492,8e-05,0.16481974720954895,0.0
5099.0,5099.0,13.0,0.06262866407632828,8e-05,0.11950825154781342,0.0
5100.0,5100.0,13.0,0.05684810131788254,8e-05,0.12175043672323227,0.0
5101.0,5101.0,13.0,0.04585443437099457,8e-05,0.11412196606397629,0.0
5102.0,5102.0,13.0,0.058760128915309906,8e-05,0.12883777916431427,0.0
5103.0,5103.0,13.0,0.05709477514028549,8e-05,0.11078065633773804,0.0
5104.0,5104.0,13.0,0.06434620171785355,8e-05,0.1908964216709137,0.0
5105.0,5105.0,13.0,0.05655631422996521,8e-05,0.1589019000530243,0.0
5106.0,5106.0,13.0,0.04503671079874039,8e-05,0.15748003125190735,0.0
5107.0,5107.0,13.0,0.07167944312095642,8e-05,0.14080719649791718,0.0
5108.0,5108.0,13.0,0.07548043131828308,8e-05,0.17629259824752808,0.0
5109.0,5109.0,13.0,0.07408346980810165,8e-05,0.15014949440956116,0.0
5110.0,5110.0,13.0,0.05350840464234352,8e-05,0.1265733689069748,0.0
5111.0,5111.0,13.0,0.06591956317424774,8e-05,0.14388033747673035,0.0
5112.0,5112.0,13.0,0.04800776392221451,8e-05,0.18725840747356415,0.0
5113.0,5113.0,13.0,0.06175940856337547,8e-05,0.1131962463259697,0.0
5114.0,5114.0,13.0,0.06448179483413696,8e-05,0.13885757327079773,0.0
5115.0,5115.0,13.0,0.053369536995887756,8e-05,0.15606780350208282,0.0
5116.0,5116.0,13.0,0.0596093013882637,8e-05,0.1381673514842987,0.0
5117.0,5117.0,13.0,0.05456133931875229,8e-05,0.10694535821676254,0.0
5118.0,5118.0,13.0,0.06151164323091507,8e-05,0.17019274830818176,0.0
5119.0,5119.0,13.0,0.06897686421871185,8e-05,0.14393830299377441,0.0
5120.0,5120.0,13.0,0.06359577924013138,8e-05,0.14420846104621887,0.0
5121.0,5121.0,13.0,0.048731230199337006,8e-05,0.19818717241287231,0.0
5122.0,5122.0,13.0,0.04636188596487045,8e-05,0.17087343335151672,0.0
5123.0,5123.0,13.0,0.06261689960956573,8e-05,0.21594788134098053,0.0
5124.0,5124.0,13.0,0.05658286437392235,8e-05,0.12220378965139389,0.0
5125.0,5125.0,13.0,0.0616835281252861,8e-05,0.1689368337392807,0.0
5126.0,5126.0,13.0,0.06791888177394867,8e-05,0.1402708739042282,0.0
5127.0,5127.0,13.0,0.051364436745643616,8e-05,0.14318813383579254,0.0
5128.0,5128.0,13.0,0.06214158982038498,8e-05,0.1452527940273285,0.0
5129.0,5129.0,13.0,0.06475019454956055,8e-05,0.15513980388641357,0.0
5130.0,5130.0,13.0,0.05166766420006752,8e-05,0.1370970904827118,0.0
5131.0,5131.0,13.0,0.04720832407474518,8e-05,0.16922247409820557,0.0
5132.0,5132.0,13.0,0.06601741909980774,8e-05,0.17872905731201172,0.0
5133.0,5133.0,13.0,0.06428322941064835,8e-05,0.11014877259731293,0.0
5134.0,5134.0,13.0,0.05549514293670654,8e-05,0.23029597103595734,0.0
5135.0,5135.0,13.0,0.05860399454832077,8e-05,0.12999121844768524,0.0
5136.0,5136.0,13.0,0.05795582756400108,8e-05,0.23011048138141632,0.0
5137.0,5137.0,13.0,0.0533762089908123,8e-05,0.17131224274635315,0.0
5138.0,5138.0,13.0,0.060256920754909515,8e-05,0.1340673714876175,0.0
5139.0,5139.0,13.0,0.06452933698892593,8e-05,0.19027796387672424,0.0
5140.0,5140.0,13.0,0.05404435098171234,8e-05,0.13721135258674622,0.0
5141.0,5141.0,13.0,0.05491577088832855,8e-05,0.09589137881994247,0.0
5142.0,5142.0,13.0,0.0589381568133831,8e-05,0.15662305057048798,0.0
5143.0,5143.0,13.0,0.05940881744027138,8e-05,0.14044973254203796,0.0
5144.0,5144.0,13.0,0.05903598666191101,8e-05,0.08373311907052994,0.0
5145.0,5145.0,13.0,0.06457789242267609,8e-05,0.16879871487617493,0.0
5146.0,5146.0,13.0,0.045550473034381866,8e-05,0.16213829815387726,0.0
5147.0,5147.0,13.0,0.056203484535217285,8e-05,0.08672454953193665,0.0
5148.0,5148.0,13.0,0.0612519234418869,8e-05,0.18345828354358673,0.0
5149.0,5149.0,13.0,0.05947322025895119,8e-05,0.13456778228282928,0.0
5150.0,5150.0,13.0,0.06123153120279312,8e-05,0.10666989535093307,0.0
5151.0,5151.0,13.0,0.06008071452379227,8e-05,0.245772123336792,0.0
5152.0,5152.0,13.0,0.059879571199417114,8e-05,0.13886776566505432,0.0
5153.0,5153.0,13.0,0.045505836606025696,8e-05,0.20244139432907104,0.0
5154.0,5154.0,13.0,0.04733746498823166,8e-05,0.15841713547706604,0.0
5155.0,5155.0,13.0,0.06166958063840866,8e-05,0.15531207621097565,0.0
5156.0,5156.0,13.0,0.056936413049697876,8e-05,0.22565053403377533,0.0
5157.0,5157.0,13.0,0.06265976279973984,8e-05,0.21178101003170013,0.0
5158.0,5158.0,13.0,0.05922640115022659,8e-05,0.08671968430280685,0.0
5159.0,5159.0,13.0,0.06271283328533173,8e-05,0.24075698852539062,0.0
5160.0,5160.0,13.0,0.05797262489795685,8e-05,0.11420511454343796,0.0
5161.0,5161.0,13.0,0.058227505534887314,8e-05,0.19642840325832367,0.0
5162.0,5162.0,13.0,0.05491514876484871,8e-05,0.17771701514720917,0.0
5163.0,5163.0,13.0,0.06315260380506516,8e-05,0.11377312988042831,0.0
5164.0,5164.0,13.0,0.05662434548139572,8e-05,0.1880389153957367,0.0
5165.0,5165.0,13.0,0.0664903074502945,8e-05,0.16899701952934265,0.0
5166.0,5166.0,13.0,0.05065065994858742,8e-05,0.10711951553821564,0.0
5167.0,5167.0,13.0,0.06481605768203735,8e-05,0.21677428483963013,0.0
5168.0,5168.0,13.0,0.06221666932106018,8e-05,0.1461629569530487,0.0
5169.0,5169.0,13.0,0.057558540254831314,8e-05,0.15165506303310394,0.0
5170.0,5170.0,13.0,0.06286793947219849,8e-05,0.2215185910463333,0.0
5171.0,5171.0,13.0,0.045229166746139526,8e-05,0.11047681421041489,0.0
5172.0,5172.0,13.0,0.04210033640265465,8e-05,0.2202131152153015,0.0
5173.0,5173.0,13.0,0.08285344392061234,8e-05,0.16491881012916565,0.0
5174.0,5174.0,13.0,0.053883329033851624,8e-05,0.1545639932155609,0.0
5175.0,5175.0,13.0,0.07237182557582855,8e-05,0.23843100666999817,0.0
5176.0,5176.0,13.0,0.05409238860011101,8e-05,0.12573657929897308,0.0
5177.0,5177.0,13.0,0.055220820009708405,8e-05,0.20663712918758392,0.0
5178.0,5178.0,13.0,0.05056235194206238,8e-05,0.13053831458091736,0.0
5179.0,5179.0,13.0,0.06245386600494385,8e-05,0.25012993812561035,0.0
5180.0,5180.0,13.0,0.0609673410654068,8e-05,0.13761410117149353,0.0
5181.0,5181.0,13.0,0.06282475590705872,8e-05,0.22450752556324005,0.0
5182.0,5182.0,13.0,0.05341473966836929,8e-05,0.12102404236793518,0.0
5183.0,5183.0,13.0,0.06567993760108948,8e-05,0.1285097599029541,0.0
5184.0,5184.0,13.0,0.05475708469748497,8e-05,0.1362532675266266,0.0
5185.0,5185.0,13.0,0.06213407218456268,8e-05,0.1547960638999939,0.0
5186.0,5186.0,13.0,0.061445292085409164,8e-05,0.13116572797298431,0.0
5187.0,5187.0,13.0,0.05971270799636841,8e-05,0.10697764158248901,0.0
5188.0,5188.0,13.0,0.062133919447660446,8e-05,0.17966826260089874,0.0
5189.0,5189.0,13.0,0.04828821122646332,8e-05,0.09860624372959137,0.0
5190.0,5190.0,13.0,0.05841750651597977,8e-05,0.1230483129620552,0.0
5191.0,5191.0,13.0,0.04785916581749916,8e-05,0.19190002977848053,0.0
5192.0,5192.0,13.0,0.06155562773346901,8e-05,0.12916254997253418,0.0
5193.0,5193.0,13.0,0.0569545142352581,8e-05,0.21658439934253693,0.0
5194.0,5194.0,13.0,0.06281237304210663,8e-05,0.09690413624048233,0.0
5195.0,5195.0,13.0,0.061069995164871216,8e-05,0.2122134417295456,0.0
5196.0,5196.0,13.0,0.052345965057611465,8e-05,0.12014766037464142,0.0
5197.0,5197.0,13.0,0.07323922216892242,8e-05,0.24295374751091003,0.0
5198.0,5198.0,13.0,0.05561541020870209,8e-05,0.13295157253742218,0.0
5199.0,5199.0,13.0,0.06321323662996292,8e-05,0.11894632130861282,0.0
5200.0,5200.0,13.0,0.07874023169279099,8e-05,0.22838088870048523,0.0
5201.0,5201.0,13.0,0.059173427522182465,8e-05,0.2000027745962143,0.0
5202.0,5202.0,13.0,0.06886260211467743,8e-05,0.13998471200466156,0.0
5203.0,5203.0,13.0,0.06515489518642426,8e-05,0.18926669657230377,0.0
5204.0,5204.0,13.0,0.07679292559623718,8e-05,0.19763518869876862,0.0
5205.0,5205.0,13.0,0.062225617468357086,8e-05,0.08002499490976334,0.0
5206.0,5206.0,13.0,0.07652683556079865,8e-05,0.17119184136390686,0.0
5207.0,5207.0,13.0,0.05406513065099716,8e-05,0.0940566435456276,0.0
5208.0,5208.0,13.0,0.05101035535335541,8e-05,0.17057611048221588,0.0
5209.0,5209.0,13.0,0.06010717898607254,8e-05,0.11625406891107559,0.0
5210.0,5210.0,13.0,0.048372939229011536,8e-05,0.13282790780067444,0.0
5211.0,5211.0,13.0,0.060017962008714676,8e-05,0.10869655758142471,0.0
5212.0,5212.0,13.0,0.07286356389522552,8e-05,0.1640564501285553,0.0
5213.0,5213.0,13.0,0.052605364471673965,8e-05,0.17853087186813354,0.0
5214.0,5214.0,13.0,0.0590909905731678,8e-05,0.1715575009584427,0.0
5215.0,5215.0,13.0,0.05131077021360397,8e-05,0.17332112789154053,0.0
5216.0,5216.0,13.0,0.06535111367702484,8e-05,0.10176169127225876,0.0
5217.0,5217.0,13.0,0.04677198827266693,8e-05,0.23716337978839874,0.0
5218.0,5218.0,13.0,0.052605558186769485,8e-05,0.11515454947948456,0.0
5219.0,5219.0,13.0,0.04958295077085495,8e-05,0.1986425668001175,0.0
5220.0,5220.0,13.0,0.05978112295269966,8e-05,0.11878310143947601,0.0
5221.0,5221.0,13.0,0.05586710572242737,8e-05,0.24346546828746796,0.0
5222.0,5222.0,13.0,0.0579834058880806,8e-05,0.1482187956571579,0.0
5223.0,5223.0,13.0,0.0629563182592392,8e-05,0.21427969634532928,0.0
5224.0,5224.0,13.0,0.0684148371219635,8e-05,0.22624178230762482,0.0
5225.0,5225.0,13.0,0.06183474510908127,8e-05,0.16731330752372742,0.0
5226.0,5226.0,13.0,0.0590476430952549,8e-05,0.23193985223770142,0.0
5227.0,5227.0,13.0,0.050821028649806976,8e-05,0.10351792722940445,0.0
5228.0,5228.0,13.0,0.06674667447805405,8e-05,0.2239478975534439,0.0
5229.0,5229.0,13.0,0.050069183111190796,8e-05,0.1896301656961441,0.0
5230.0,5230.0,13.0,0.05839274078607559,8e-05,0.14707142114639282,0.0
5231.0,5231.0,13.0,0.06021723523736,8e-05,0.3032979667186737,0.0
5232.0,5232.0,13.0,0.05408664792776108,8e-05,0.07418700307607651,0.0
5233.0,5233.0,13.0,0.06384597718715668,8e-05,0.19091571867465973,0.0
5234.0,5234.0,13.0,0.0680159330368042,8e-05,0.18715155124664307,0.0
5235.0,5235.0,13.0,0.061137065291404724,8e-05,0.13008850812911987,0.0
5236.0,5236.0,13.0,0.054568737745285034,8e-05,0.1824982464313507,0.0
5237.0,5237.0,13.0,0.05453436076641083,8e-05,0.14954879879951477,0.0
5238.0,5238.0,13.0,0.05994205176830292,8e-05,0.172080397605896,0.0
5239.0,5239.0,13.0,0.054573748260736465,8e-05,0.11382026970386505,0.0
5240.0,5240.0,13.0,0.0648958683013916,8e-05,0.17627067863941193,0.0
5241.0,5241.0,13.0,0.0601053386926651,8e-05,0.09835914522409439,0.0
5242.0,5242.0,13.0,0.04990597814321518,8e-05,0.10891728848218918,0.0
5243.0,5243.0,13.0,0.060397349298000336,8e-05,0.1237882599234581,0.0
5244.0,5244.0,13.0,0.06323052942752838,8e-05,0.12955065071582794,0.0
5245.0,5245.0,13.0,0.05089802294969559,8e-05,0.07425516098737717,0.0
5246.0,5246.0,13.0,0.07286598533391953,8e-05,0.16814258694648743,0.0
5247.0,5247.0,13.0,0.05516115948557854,8e-05,0.10788463056087494,0.0
5248.0,5248.0,13.0,0.06057194620370865,8e-05,0.1926860213279724,0.0
5249.0,5249.0,13.0,0.063400499522686,8e-05,0.11305481195449829,0.0
5250.0,5250.0,13.0,0.06371957063674927,8e-05,0.15168334543704987,0.0
5251.0,5251.0,13.0,0.05651894211769104,8e-05,0.10351236909627914,0.0
5252.0,5252.0,13.0,0.062455762177705765,8e-05,0.09991052746772766,0.0
5253.0,5253.0,13.0,0.044629186391830444,8e-05,0.1175287514925003,0.0
5254.0,5254.0,13.0,0.06376882642507553,8e-05,0.16814255714416504,0.0
5255.0,5255.0,13.0,0.05972159653902054,8e-05,0.10120158642530441,0.0
5256.0,5256.0,13.0,0.06810040771961212,8e-05,0.22113661468029022,0.0
5257.0,5257.0,13.0,0.05778065323829651,8e-05,0.09071841090917587,0.0
5258.0,5258.0,13.0,0.05590306967496872,8e-05,0.18592867255210876,0.0
5259.0,5259.0,13.0,0.05113629251718521,8e-05,0.08134358376264572,0.0
5260.0,5260.0,13.0,0.05807555839419365,8e-05,0.11121281236410141,0.0
5261.0,5261.0,13.0,0.04727383702993393,8e-05,0.1366729885339737,0.0
5262.0,5262.0,13.0,0.06303498148918152,8e-05,0.09787871688604355,0.0
5263.0,5263.0,13.0,0.05222298204898834,8e-05,0.11234826594591141,0.0
5264.0,5264.0,13.0,0.06972268223762512,8e-05,0.15330182015895844,0.0
5265.0,5265.0,13.0,0.054447878152132034,8e-05,0.10313635319471359,0.0
5266.0,5266.0,13.0,0.05823102593421936,8e-05,0.17123417556285858,0.0
5267.0,5267.0,13.0,0.07030472159385681,8e-05,0.12721741199493408,0.0
5268.0,5268.0,13.0,0.06385627388954163,8e-05,0.12238439172506332,0.0
5269.0,5269.0,13.0,0.04606534168124199,8e-05,0.07494614273309708,0.0
5270.0,5270.0,13.0,0.060897793620824814,8e-05,0.1399163007736206,0.0
5271.0,5271.0,13.0,0.06254473328590393,8e-05,0.10946264863014221,0.0
5272.0,5272.0,13.0,0.06284113228321075,8e-05,0.12836244702339172,0.0
5273.0,5273.0,13.0,0.07178707420825958,8e-05,0.24494855105876923,0.0
5274.0,5274.0,13.0,0.05951564386487007,8e-05,0.20251686871051788,0.0
5275.0,5275.0,13.0,0.05337518826127052,8e-05,0.16371284425258636,0.0
5276.0,5276.0,13.0,0.04624275490641594,8e-05,0.13399064540863037,0.0
5277.0,5277.0,13.0,0.06687909364700317,8e-05,0.19349299371242523,0.0
5278.0,5278.0,13.0,0.0657680332660675,8e-05,0.14954045414924622,0.0
5279.0,5279.0,13.0,0.05928775668144226,8e-05,0.12896941602230072,0.0
5280.0,5280.0,13.0,0.07411910593509674,8e-05,0.19299320876598358,0.0
5281.0,5281.0,13.0,0.061367522925138474,8e-05,0.16531433165073395,0.0
5282.0,5282.0,13.0,0.06061381474137306,8e-05,0.12147793918848038,0.0
5283.0,5283.0,13.0,0.06010237708687782,8e-05,0.20344918966293335,0.0
5284.0,5284.0,13.0,0.06504123657941818,8e-05,0.10818275064229965,0.0
5285.0,5285.0,13.0,0.06686680018901825,8e-05,0.14533230662345886,0.0
5286.0,5286.0,13.0,0.05439724028110504,8e-05,0.15882298350334167,0.0
5287.0,5287.0,13.0,0.05016012489795685,8e-05,0.12096355110406876,0.0
5288.0,5288.0,13.0,0.050761617720127106,8e-05,0.16169162094593048,0.0
5289.0,5289.0,13.0,0.0706021785736084,8e-05,0.1038118377327919,0.0
5290.0,5290.0,13.0,0.0510050393640995,8e-05,0.18171171844005585,0.0
5291.0,5291.0,13.0,0.05679180100560188,8e-05,0.11380830407142639,0.0
5292.0,5292.0,13.0,0.05838153883814812,8e-05,0.1423029750585556,0.0
5293.0,5293.0,13.0,0.058172132819890976,8e-05,0.11524500697851181,0.0
5294.0,5294.0,13.0,0.061554133892059326,8e-05,0.0918954610824585,0.0
5295.0,5295.0,13.0,0.055196311324834824,8e-05,0.11603160947561264,0.0
5296.0,5296.0,13.0,0.06435084342956543,8e-05,0.14768081903457642,0.0
5297.0,5297.0,13.0,0.05267807096242905,8e-05,0.11598179489374161,0.0
5298.0,5298.0,13.0,0.06162980943918228,8e-05,0.1255388855934143,0.0
5299.0,5299.0,13.0,0.04372289031744003,8e-05,0.1313934624195099,0.0
5300.0,5300.0,13.0,0.0680759847164154,8e-05,0.10723135620355606,0.0
5301.0,5301.0,13.0,0.05430668964982033,8e-05,0.14044106006622314,0.0
5302.0,5302.0,13.0,0.052790626883506775,8e-05,0.0840710699558258,0.0
5303.0,5303.0,13.0,0.05149020999670029,8e-05,0.16398835182189941,0.0
5304.0,5304.0,13.0,0.06314130127429962,8e-05,0.08226878196001053,0.0
5305.0,5305.0,13.0,0.058854084461927414,8e-05,0.12532007694244385,0.0
5306.0,5306.0,13.0,0.058690786361694336,8e-05,0.12780505418777466,0.0
5307.0,5307.0,13.0,0.054232824593782425,8e-05,0.14095373451709747,0.0
5308.0,5308.0,13.0,0.05935945734381676,8e-05,0.17066437005996704,0.0
5309.0,5309.0,13.0,0.05289759859442711,8e-05,0.08483956754207611,0.0
5310.0,5310.0,13.0,0.0653042197227478,8e-05,0.1894838809967041,0.0
5311.0,5311.0,13.0,0.05587339401245117,8e-05,0.1319749504327774,0.0
5312.0,5312.0,13.0,0.05211314558982849,8e-05,0.11385658383369446,0.0
5313.0,5313.0,13.0,0.05502699315547943,8e-05,0.19453857839107513,0.0
5314.0,5314.0,13.0,0.05987978354096413,8e-05,0.14713893830776215,0.0
5315.0,5315.0,13.0,0.061798229813575745,8e-05,0.15209467709064484,0.0
5316.0,5316.0,13.0,0.05730336531996727,8e-05,0.1272987723350525,0.0
5317.0,5317.0,13.0,0.0627819299697876,8e-05,0.1529761254787445,0.0
5318.0,5318.0,13.0,0.05945020914077759,8e-05,0.12356158345937729,0.0
5319.0,5319.0,13.0,0.05105090141296387,8e-05,0.12073833495378494,0.0
5320.0,5320.0,13.0,0.05721522495150566,8e-05,0.12896084785461426,0.0
5321.0,5321.0,13.0,0.06758962571620941,8e-05,0.14284636080265045,0.0
5322.0,5322.0,13.0,0.06357621401548386,8e-05,0.1656726747751236,0.0
5323.0,5323.0,13.0,0.05998748168349266,8e-05,0.1816682070493698,0.0
5324.0,5324.0,13.0,0.054835353046655655,8e-05,0.11427494138479233,0.0
5325.0,5325.0,13.0,0.06311429291963577,8e-05,0.11144235730171204,0.0
5326.0,5326.0,13.0,0.050733525305986404,8e-05,0.1717747151851654,0.0
5327.0,5327.0,13.0,0.06620648503303528,8e-05,0.1357465237379074,0.0
5328.0,5328.0,13.0,0.05897875130176544,8e-05,0.13420191407203674,0.0
5329.0,5329.0,13.0,0.042621415108442307,8e-05,0.1346617341041565,0.0
5330.0,5330.0,13.0,0.06549140810966492,8e-05,0.13108956813812256,0.0
5331.0,5331.0,13.0,0.06267182528972626,8e-05,0.12809571623802185,0.0
5332.0,5332.0,13.0,0.06342123448848724,8e-05,0.16304488480091095,0.0
5333.0,5333.0,13.0,0.05661443620920181,8e-05,0.16511289775371552,0.0
5334.0,5334.0,13.0,0.05536593124270439,8e-05,0.1342533528804779,0.0
5335.0,5335.0,13.0,0.06794557720422745,8e-05,0.2032034546136856,0.0
5336.0,5336.0,13.0,0.05688920617103577,8e-05,0.0993199273943901,0.0
5337.0,5337.0,13.0,0.061028312891721725,8e-05,0.20598465204238892,0.0
5338.0,5338.0,13.0,0.07976704090833664,8e-05,0.2099645882844925,0.0
5339.0,5339.0,13.0,0.06751268357038498,8e-05,0.14745596051216125,0.0
5340.0,5340.0,13.0,0.06352191418409348,8e-05,0.19110526144504547,0.0
5341.0,5341.0,13.0,0.04760200157761574,8e-05,0.1082969382405281,0.0
5342.0,5342.0,13.0,0.061699479818344116,8e-05,0.17770452797412872,0.0
5343.0,5343.0,13.0,0.05710766837000847,8e-05,0.1744830310344696,0.0
5344.0,5344.0,13.0,0.06810685992240906,8e-05,0.15860256552696228,0.0
5345.0,5345.0,13.0,0.060051385313272476,8e-05,0.14969229698181152,0.0
5346.0,5346.0,13.0,0.05007334053516388,8e-05,0.15303321182727814,0.0
5347.0,5347.0,13.0,0.06318946182727814,8e-05,0.12961332499980927,0.0
5348.0,5348.0,13.0,0.06432171911001205,8e-05,0.17783541977405548,0.0
5349.0,5349.0,13.0,0.07183285802602768,8e-05,0.14438770711421967,0.0
5350.0,5350.0,13.0,0.0592816099524498,8e-05,0.14655493199825287,0.0
5351.0,5351.0,13.0,0.05956475809216499,8e-05,0.10992681980133057,0.0
5352.0,5352.0,13.0,0.0633900910615921,8e-05,0.17139261960983276,0.0
5353.0,5353.0,13.0,0.0588352307677269,8e-05,0.12669208645820618,0.0
5354.0,5354.0,13.0,0.05470281094312668,8e-05,0.12581217288970947,0.0
5355.0,5355.0,13.0,0.06342767179012299,8e-05,0.1358906775712967,0.0
5356.0,5356.0,13.0,0.06005513668060303,8e-05,0.10787015408277512,0.0
5357.0,5357.0,13.0,0.06339947879314423,8e-05,0.11987962573766708,0.0
5358.0,5358.0,13.0,0.06140609830617905,8e-05,0.18484990298748016,0.0
5359.0,5359.0,13.0,0.06116364151239395,8e-05,0.11978424340486526,0.0
5360.0,5360.0,13.0,0.06993049383163452,8e-05,0.13891206681728363,0.0
5361.0,5361.0,13.0,0.06685337424278259,8e-05,0.1789536327123642,0.0
5362.0,5362.0,13.0,0.06355595588684082,8e-05,0.09154324978590012,0.0
5363.0,5363.0,13.0,0.054706256836652756,8e-05,0.17898797988891602,0.0
5364.0,5364.0,13.0,0.06116650253534317,8e-05,0.13817963004112244,0.0
5365.0,5365.0,13.0,0.050834037363529205,8e-05,0.18364904820919037,0.0
5366.0,5366.0,13.0,0.05889025330543518,8e-05,0.12173743546009064,0.0
5367.0,5367.0,13.0,0.05533556640148163,8e-05,0.1189538910984993,0.0
5368.0,5368.0,13.0,0.07359972596168518,8e-05,0.11786828935146332,0.0
5369.0,5369.0,13.0,0.06581849604845047,8e-05,0.09804417937994003,0.0
5370.0,5370.0,13.0,0.06472210586071014,8e-05,0.15283772349357605,0.0
5371.0,5371.0,13.0,0.05651187151670456,8e-05,0.11508066952228546,0.0
5372.0,5372.0,13.0,0.05787038803100586,8e-05,0.1671014130115509,0.0
5373.0,5373.0,13.0,0.05249050259590149,8e-05,0.08228011429309845,0.0
5374.0,5374.0,13.0,0.05584186688065529,8e-05,0.16909557580947876,0.0
5375.0,5375.0,13.0,0.06175654008984566,8e-05,0.12378954142332077,0.0
5376.0,5376.0,13.0,0.05900144577026367,8e-05,0.1170230507850647,0.0
5377.0,5377.0,13.0,0.056718870997428894,8e-05,0.185637965798378,0.0
5378.0,5378.0,13.0,0.04714685678482056,8e-05,0.15382665395736694,0.0
5379.0,5379.0,13.0,0.06211292743682861,8e-05,0.16952352225780487,0.0
5380.0,5380.0,13.0,0.052359312772750854,8e-05,0.22181735932826996,0.0
5381.0,5381.0,13.0,0.06829753518104553,8e-05,0.15431268513202667,0.0
5382.0,5382.0,13.0,0.051473118364810944,8e-05,0.19693157076835632,0.0
5383.0,5383.0,13.0,0.0526084266602993,8e-05,0.15341344475746155,0.0
5384.0,5384.0,13.0,0.060318827629089355,8e-05,0.1736462414264679,0.0
5385.0,5385.0,13.0,0.06847592443227768,8e-05,0.14577265083789825,0.0
5386.0,5386.0,13.0,0.05676461383700371,8e-05,0.11628410220146179,0.0
5387.0,5387.0,13.0,0.058564443141222,8e-05,0.17010395228862762,0.0
5388.0,5388.0,13.0,0.061161670833826065,8e-05,0.1144382655620575,0.0
5389.0,5389.0,13.0,0.06887494027614594,8e-05,0.137487530708313,0.0
5390.0,5390.0,13.0,0.07755570113658905,8e-05,0.18437911570072174,0.0
5391.0,5391.0,13.0,0.05902940034866333,8e-05,0.14104042947292328,0.0
5392.0,5392.0,13.0,0.06834299862384796,8e-05,0.14100687205791473,0.0
5393.0,5393.0,13.0,0.05981658771634102,8e-05,0.13522431254386902,0.0
5394.0,5394.0,13.0,0.0549914576113224,8e-05,0.15850354731082916,0.0
5395.0,5395.0,13.0,0.05239339917898178,8e-05,0.1838075816631317,0.0
5396.0,5396.0,13.0,0.07078032195568085,8e-05,0.15828968584537506,0.0
5397.0,5397.0,13.0,0.05257473140954971,8e-05,0.16543245315551758,0.0
5398.0,5398.0,13.0,0.055454693734645844,8e-05,0.1541222184896469,0.0
5399.0,5399.0,13.0,0.056046318262815475,8e-05,0.13777190446853638,0.0
5400.0,5400.0,13.0,0.04743460565805435,8e-05,0.1406414657831192,0.0
5401.0,5401.0,13.0,0.04913027584552765,8e-05,0.09878063201904297,0.0
5402.0,5402.0,13.0,0.05349166691303253,8e-05,0.10475113987922668,0.0
5403.0,5403.0,13.0,0.08098118007183075,8e-05,0.14270707964897156,0.0
5404.0,5404.0,13.0,0.06787636131048203,8e-05,0.19021198153495789,0.0
5405.0,5405.0,13.0,0.06830954551696777,8e-05,0.13417041301727295,0.0
5406.0,5406.0,13.0,0.04572443664073944,8e-05,0.10969138890504837,0.0
5407.0,5407.0,13.0,0.05410042405128479,8e-05,0.07533750683069229,0.0
5408.0,5408.0,13.0,0.06278806924819946,8e-05,0.11589637398719788,0.0
5409.0,5409.0,13.0,0.06772266328334808,8e-05,0.18308228254318237,0.0
5410.0,5410.0,13.0,0.06202249228954315,8e-05,0.1239059567451477,0.0
5411.0,5411.0,13.0,0.056917138397693634,8e-05,0.18429704010486603,0.0
5412.0,5412.0,13.0,0.05821657180786133,8e-05,0.13331611454486847,0.0
5413.0,5413.0,13.0,0.050218887627124786,8e-05,0.1910170018672943,0.0
5414.0,5414.0,13.0,0.0690511092543602,8e-05,0.11920198798179626,0.0
5415.0,5415.0,13.0,0.047021687030792236,8e-05,0.13815130293369293,0.0
5416.0,5416.0,13.0,0.05094754695892334,8e-05,0.115656778216362,0.0
5417.0,5417.0,13.0,0.04985042288899422,8e-05,0.1396852731704712,0.0
5418.0,5418.0,13.0,0.06000715121626854,8e-05,0.0889885351061821,0.0
5419.0,5419.0,13.0,0.06247451901435852,8e-05,0.10472733527421951,0.0
5420.0,5420.0,13.0,0.05351529270410538,8e-05,0.09397899359464645,0.0
5421.0,5421.0,13.0,0.06937750428915024,8e-05,0.10052607208490372,0.0
5422.0,5422.0,13.0,0.060648463666439056,8e-05,0.1078379824757576,0.0
5423.0,5423.0,13.0,0.06351535767316818,8e-05,0.1593170017004013,0.0
5424.0,5424.0,13.0,0.05700823664665222,8e-05,0.11639537662267685,0.0
5425.0,5425.0,13.0,0.05650361254811287,8e-05,0.10789407044649124,0.0
5426.0,5426.0,13.0,0.06486083567142487,8e-05,0.13012121617794037,0.0
5427.0,5427.0,13.0,0.07263293862342834,8e-05,0.17764219641685486,0.0
5428.0,5428.0,13.0,0.05292562395334244,8e-05,0.11356724053621292,0.0
5429.0,5429.0,13.0,0.06069449335336685,8e-05,0.1776866614818573,0.0
5430.0,5430.0,13.0,0.06090448424220085,8e-05,0.11503622680902481,0.0
5431.0,5431.0,13.0,0.05666876584291458,8e-05,0.09487389028072357,0.0
5432.0,5432.0,13.0,0.06225670129060745,8e-05,0.1260390281677246,0.0
5433.0,5433.0,13.0,0.06075501814484596,8e-05,0.11101432889699936,0.0
5434.0,5434.0,13.0,0.05723555386066437,8e-05,0.20359617471694946,0.0
5435.0,5435.0,13.0,0.06370434165000916,8e-05,0.13239850103855133,0.0
5436.0,5436.0,13.0,0.05970391631126404,8e-05,0.2107376754283905,0.0
5437.0,5437.0,13.0,0.04585115239024162,8e-05,0.14726120233535767,0.0
5438.0,5438.0,13.0,0.07471764087677002,8e-05,0.15409031510353088,0.0
5439.0,5439.0,13.0,0.06733053922653198,8e-05,0.18976113200187683,0.0
5440.0,5440.0,13.0,0.048014283180236816,8e-05,0.10756732523441315,0.0
5441.0,5441.0,13.0,0.05572664737701416,8e-05,0.16990531980991364,0.0
5442.0,5442.0,13.0,0.0432976558804512,8e-05,0.13491585850715637,0.0
5443.0,5443.0,13.0,0.05322566628456116,8e-05,0.17535588145256042,0.0
5444.0,5444.0,13.0,0.04870612174272537,8e-05,0.08126094192266464,0.0
5445.0,5445.0,13.0,0.05860370770096779,8e-05,0.1734471321105957,0.0
5446.0,5446.0,13.0,0.0601675882935524,8e-05,0.12441756576299667,0.0
5447.0,5447.0,13.0,0.047409698367118835,8e-05,0.17823663353919983,0.0
5448.0,5448.0,13.0,0.05859292298555374,8e-05,0.16052642464637756,0.0
5449.0,5449.0,13.0,0.07649151235818863,8e-05,0.2000676691532135,0.0
5450.0,5450.0,13.0,0.06123252958059311,8e-05,0.137345090508461,0.0
5451.0,5451.0,13.0,0.06563188135623932,8e-05,0.1543426811695099,0.0
5452.0,5452.0,13.0,0.05808776617050171,8e-05,0.13839995861053467,0.0
5453.0,5453.0,13.0,0.05149977654218674,8e-05,0.09475957602262497,0.0
5454.0,5454.0,13.0,0.05515763908624649,8e-05,0.11555783450603485,0.0
5455.0,5455.0,13.0,0.0728454664349556,8e-05,0.1129039004445076,0.0
5456.0,5456.0,13.0,0.05135642737150192,8e-05,0.13082823157310486,0.0
5457.0,5457.0,13.0,0.05821773409843445,8e-05,0.12379980832338333,0.0
5458.0,5458.0,13.0,0.06258697807788849,8e-05,0.10624590516090393,0.0
5459.0,5459.0,13.0,0.04873324930667877,8e-05,0.09036681801080704,0.0
5460.0,5460.0,13.0,0.06617172062397003,8e-05,0.15966962277889252,0.0
5461.0,5461.0,14.0,0.07486419379711151,8e-05,0.10553976893424988,0.0
5462.0,5462.0,14.0,0.06841029971837997,8e-05,0.13032317161560059,0.0
5463.0,5463.0,14.0,0.06996721774339676,8e-05,0.10354457050561905,0.0
5464.0,5464.0,14.0,0.055964395403862,8e-05,0.11479417234659195,0.0
5465.0,5465.0,14.0,0.056126467883586884,8e-05,0.10381663590669632,0.0
5466.0,5466.0,14.0,0.057766418904066086,8e-05,0.13547827303409576,0.0
5467.0,5467.0,14.0,0.04709143191576004,8e-05,0.13152365386486053,0.0
5468.0,5468.0,14.0,0.06820337474346161,8e-05,0.13927103579044342,0.0
5469.0,5469.0,14.0,0.05551961064338684,8e-05,0.13036827743053436,0.0
5470.0,5470.0,14.0,0.0715043842792511,8e-05,0.13189882040023804,0.0
5471.0,5471.0,14.0,0.061075013130903244,8e-05,0.15138958394527435,0.0
5472.0,5472.0,14.0,0.06714306771755219,8e-05,0.10185235738754272,0.0
5473.0,5473.0,14.0,0.058704257011413574,8e-05,0.10958225280046463,0.0
5474.0,5474.0,14.0,0.04981181398034096,8e-05,0.11007802188396454,0.0
5475.0,5475.0,14.0,0.05868801847100258,8e-05,0.1196463406085968,0.0
5476.0,5476.0,14.0,0.05551512539386749,8e-05,0.12054447084665298,0.0
5477.0,5477.0,14.0,0.05549832060933113,8e-05,0.10370929539203644,0.0
5478.0,5478.0,14.0,0.0525263175368309,8e-05,0.1218356192111969,0.0
5479.0,5479.0,14.0,0.056176137179136276,8e-05,0.13402317464351654,0.0
5480.0,5480.0,14.0,0.06386471539735794,8e-05,0.1644544005393982,0.0
5481.0,5481.0,14.0,0.06347860395908356,8e-05,0.13103458285331726,0.0
5482.0,5482.0,14.0,0.0627208948135376,8e-05,0.12276728451251984,0.0
5483.0,5483.0,14.0,0.07095399498939514,8e-05,0.11286553740501404,0.0
5484.0,5484.0,14.0,0.05362584441900253,8e-05,0.12539376318454742,0.0
5485.0,5485.0,14.0,0.06521478295326233,8e-05,0.15329328179359436,0.0
5486.0,5486.0,14.0,0.0690440908074379,8e-05,0.18952669203281403,0.0
5487.0,5487.0,14.0,0.053770940750837326,8e-05,0.16417314112186432,0.0
5488.0,5488.0,14.0,0.07333369553089142,8e-05,0.21835926175117493,0.0
5489.0,5489.0,14.0,0.06113637983798981,8e-05,0.17513981461524963,0.0
5490.0,5490.0,14.0,0.059668105095624924,8e-05,0.1687723845243454,0.0
5491.0,5491.0,14.0,0.06875278055667877,8e-05,0.14748774468898773,0.0
5492.0,5492.0,14.0,0.06891310214996338,8e-05,0.19671757519245148,0.0
5493.0,5493.0,14.0,0.05532880127429962,8e-05,0.18859288096427917,0.0
5494.0,5494.0,14.0,0.07876604795455933,8e-05,0.23519711196422577,0.0
5495.0,5495.0,14.0,0.06681053340435028,8e-05,0.26249560713768005,0.0
5496.0,5496.0,14.0,0.06311708688735962,8e-05,0.13155677914619446,0.0
5497.0,5497.0,14.0,0.053737495094537735,8e-05,0.3251962661743164,0.0
5498.0,5498.0,14.0,0.05304329842329025,8e-05,0.11468531936407089,0.0
5499.0,5499.0,14.0,0.0517670102417469,8e-05,0.25147849321365356,0.0
5500.0,5500.0,14.0,0.058122117072343826,8e-05,0.13533511757850647,0.0
5501.0,5501.0,14.0,0.06418123096227646,8e-05,0.1819227933883667,0.0
5502.0,5502.0,14.0,0.06894077360630035,8e-05,0.2343219667673111,0.0
5503.0,5503.0,14.0,0.0534747950732708,8e-05,0.13608473539352417,0.0
5504.0,5504.0,14.0,0.058702319860458374,8e-05,0.1845342367887497,0.0
5505.0,5505.0,14.0,0.05021654814481735,8e-05,0.1750447303056717,0.0
5506.0,5506.0,14.0,0.0578312873840332,8e-05,0.16626866161823273,0.0
5507.0,5507.0,14.0,0.05981327220797539,8e-05,0.26420915126800537,0.0
5508.0,5508.0,14.0,0.056311313062906265,8e-05,0.19059288501739502,0.0
5509.0,5509.0,14.0,0.07213079929351807,8e-05,0.2684513330459595,0.0
5510.0,5510.0,14.0,0.06271600723266602,8e-05,0.20887500047683716,0.0
5511.0,5511.0,14.0,0.06055205687880516,8e-05,0.25188443064689636,0.0
5512.0,5512.0,14.0,0.05391659960150719,8e-05,0.13915351033210754,0.0
5513.0,5513.0,14.0,0.059516407549381256,8e-05,0.20782570540905,0.0
5514.0,5514.0,14.0,0.060232724994421005,8e-05,0.27988868951797485,0.0
5515.0,5515.0,14.0,0.06258217245340347,8e-05,0.1529402881860733,0.0
5516.0,5516.0,14.0,0.04948670417070389,8e-05,0.19304457306861877,0.0
5517.0,5517.0,14.0,0.04329167306423187,8e-05,0.20230890810489655,0.0
5518.0,5518.0,14.0,0.070188507437706,8e-05,0.20412468910217285,0.0
5519.0,5519.0,14.0,0.0719456672668457,8e-05,0.13320279121398926,0.0
5520.0,5520.0,14.0,0.056403353810310364,8e-05,0.20722855627536774,0.0
5521.0,5521.0,14.0,0.0654759407043457,8e-05,0.12981148064136505,0.0
5522.0,5522.0,14.0,0.06620991230010986,8e-05,0.17825329303741455,0.0
5523.0,5523.0,14.0,0.05263003334403038,8e-05,0.16167238354682922,0.0
5524.0,5524.0,14.0,0.05533771589398384,8e-05,0.18893396854400635,0.0
5525.0,5525.0,14.0,0.05390679091215134,8e-05,0.17839542031288147,0.0
5526.0,5526.0,14.0,0.05573192238807678,8e-05,0.1877327710390091,0.0
5527.0,5527.0,14.0,0.06767803430557251,8e-05,0.211696058511734,0.0
5528.0,5528.0,14.0,0.056362226605415344,8e-05,0.09362857043743134,0.0
5529.0,5529.0,14.0,0.05360658839344978,8e-05,0.17320184409618378,0.0
5530.0,5530.0,14.0,0.06185954809188843,8e-05,0.14964385330677032,0.0
5531.0,5531.0,14.0,0.0513596311211586,8e-05,0.14772793650627136,0.0
5532.0,5532.0,14.0,0.04971740394830704,8e-05,0.14257770776748657,0.0
5533.0,5533.0,14.0,0.05736243352293968,8e-05,0.13316772878170013,0.0
5534.0,5534.0,14.0,0.06213466823101044,8e-05,0.16828258335590363,0.0
5535.0,5535.0,14.0,0.0602465495467186,8e-05,0.08633702993392944,0.0
5536.0,5536.0,14.0,0.05752076208591461,8e-05,0.23037955164909363,0.0
5537.0,5537.0,14.0,0.049180515110492706,8e-05,0.0844058245420456,0.0
5538.0,5538.0,14.0,0.06574074178934097,8e-05,0.16450878977775574,0.0
5539.0,5539.0,14.0,0.07089266180992126,8e-05,0.17945171892642975,0.0
5540.0,5540.0,14.0,0.05692571401596069,8e-05,0.14697472751140594,0.0
5541.0,5541.0,14.0,0.05275430902838707,8e-05,0.14715413749217987,0.0
5542.0,5542.0,14.0,0.05999137461185455,8e-05,0.10038811713457108,0.0
5543.0,5543.0,14.0,0.06387364119291306,8e-05,0.13003526628017426,0.0
5544.0,5544.0,14.0,0.05615060776472092,8e-05,0.10590501129627228,0.0
5545.0,5545.0,14.0,0.07087738811969757,8e-05,0.13275209069252014,0.0
5546.0,5546.0,14.0,0.05835321545600891,8e-05,0.1215929165482521,0.0
5547.0,5547.0,14.0,0.056754808872938156,8e-05,0.08875156939029694,0.0
5548.0,5548.0,14.0,0.06365114450454712,8e-05,0.09914173185825348,0.0
5549.0,5549.0,14.0,0.0676603615283966,8e-05,0.13888798654079437,0.0
5550.0,5550.0,14.0,0.055409349501132965,8e-05,0.09865116328001022,0.0
5551.0,5551.0,14.0,0.06914211809635162,8e-05,0.15472139418125153,0.0
5552.0,5552.0,14.0,0.04612260311841965,8e-05,0.09819994121789932,0.0
5553.0,5553.0,14.0,0.05433028191328049,8e-05,0.13833050429821014,0.0
5554.0,5554.0,14.0,0.050797611474990845,8e-05,0.08975746482610703,0.0
5555.0,5555.0,14.0,0.06380686908960342,8e-05,0.13949428498744965,0.0
5556.0,5556.0,14.0,0.05509517714381218,8e-05,0.14180217683315277,0.0
5557.0,5557.0,14.0,0.0556572787463665,8e-05,0.12661686539649963,0.0
5558.0,5558.0,14.0,0.06656409800052643,8e-05,0.18305426836013794,0.0
5559.0,5559.0,14.0,0.06265541166067123,8e-05,0.10085667669773102,0.0
5560.0,5560.0,14.0,0.06046949326992035,8e-05,0.11646932363510132,0.0
5561.0,5561.0,14.0,0.050697579979896545,8e-05,0.1689756065607071,0.0
5562.0,5562.0,14.0,0.06401282548904419,8e-05,0.10239458084106445,0.0
5563.0,5563.0,14.0,0.06540127098560333,8e-05,0.15995915234088898,0.0
5564.0,5564.0,14.0,0.05913962796330452,8e-05,0.09569032490253448,0.0
5565.0,5565.0,14.0,0.06840013712644577,8e-05,0.08838940411806107,0.0
5566.0,5566.0,14.0,0.05402321368455887,8e-05,0.10902557522058487,0.0
5567.0,5567.0,14.0,0.06444746255874634,8e-05,0.09905381500720978,0.0
5568.0,5568.0,14.0,0.05369234457612038,8e-05,0.11445102840662003,0.0
5569.0,5569.0,14.0,0.06619064509868622,8e-05,0.12085866183042526,0.0
5570.0,5570.0,14.0,0.06636521220207214,8e-05,0.14411836862564087,0.0
5571.0,5571.0,14.0,0.050372883677482605,8e-05,0.13675665855407715,0.0
5572.0,5572.0,14.0,0.056957751512527466,8e-05,0.18016915023326874,0.0
5573.0,5573.0,14.0,0.0530039444565773,8e-05,0.10308269411325455,0.0
5574.0,5574.0,14.0,0.07423670589923859,8e-05,0.2398870885372162,0.0
5575.0,5575.0,14.0,0.058604009449481964,8e-05,0.10648860037326813,0.0
5576.0,5576.0,14.0,0.05179664120078087,8e-05,0.13040395081043243,0.0
5577.0,5577.0,14.0,0.05386023223400116,8e-05,0.23626138269901276,0.0
5578.0,5578.0,14.0,0.06326529383659363,8e-05,0.14225490391254425,0.0
5579.0,5579.0,14.0,0.05283309519290924,8e-05,0.22680296003818512,0.0
5580.0,5580.0,14.0,0.056851260364055634,8e-05,0.21233607828617096,0.0
5581.0,5581.0,14.0,0.0633133202791214,8e-05,0.14304597675800323,0.0
5582.0,5582.0,14.0,0.06559935212135315,8e-05,0.17116490006446838,0.0
5583.0,5583.0,14.0,0.056533172726631165,8e-05,0.15139399468898773,0.0
5584.0,5584.0,14.0,0.0464087538421154,8e-05,0.06583660840988159,0.0
5585.0,5585.0,14.0,0.06760458648204803,8e-05,0.21422700583934784,0.0
5586.0,5586.0,14.0,0.05467289686203003,8e-05,0.13857997953891754,0.0
5587.0,5587.0,14.0,0.05209997296333313,8e-05,0.13049407303333282,0.0
5588.0,5588.0,14.0,0.06112561374902725,8e-05,0.21550777554512024,0.0
5589.0,5589.0,14.0,0.07237081229686737,8e-05,0.12299935519695282,0.0
5590.0,5590.0,14.0,0.0646003931760788,8e-05,0.131404846906662,0.0
5591.0,5591.0,14.0,0.08276280760765076,8e-05,0.14866483211517334,0.0
5592.0,5592.0,14.0,0.06964245438575745,8e-05,0.16966912150382996,0.0
5593.0,5593.0,14.0,0.08213639259338379,8e-05,0.13801179826259613,0.0
5594.0,5594.0,14.0,0.050382405519485474,8e-05,0.17858383059501648,0.0
5595.0,5595.0,14.0,0.06573234498500824,8e-05,0.10782521218061447,0.0
5596.0,5596.0,14.0,0.06687633693218231,8e-05,0.15503662824630737,0.0
5597.0,5597.0,14.0,0.05613880231976509,8e-05,0.18290401995182037,0.0
5598.0,5598.0,14.0,0.05076906830072403,8e-05,0.146133691072464,0.0
5599.0,5599.0,14.0,0.06190421059727669,8e-05,0.12230555713176727,0.0
5600.0,5600.0,14.0,0.04933490976691246,8e-05,0.13417737185955048,0.0
5601.0,5601.0,14.0,0.06514956802129745,8e-05,0.13925085961818695,0.0
5602.0,5602.0,14.0,0.06457686424255371,8e-05,0.1411845088005066,0.0
5603.0,5603.0,14.0,0.06905807554721832,8e-05,0.1146547719836235,0.0
5604.0,5604.0,14.0,0.06275104731321335,8e-05,0.1264822632074356,0.0
5605.0,5605.0,14.0,0.04968830198049545,8e-05,0.14720338582992554,0.0
5606.0,5606.0,14.0,0.05564701557159424,8e-05,0.11862774938344955,0.0
5607.0,5607.0,14.0,0.060676395893096924,8e-05,0.18191854655742645,0.0
5608.0,5608.0,14.0,0.06250602006912231,8e-05,0.1488942801952362,0.0
5609.0,5609.0,14.0,0.0594080314040184,8e-05,0.12991686165332794,0.0
5610.0,5610.0,14.0,0.05992276221513748,8e-05,0.2268044650554657,0.0
5611.0,5611.0,14.0,0.06685779243707657,8e-05,0.10437239706516266,0.0
5612.0,5612.0,14.0,0.05282311141490936,8e-05,0.1929911971092224,0.0
5613.0,5613.0,14.0,0.05043499916791916,8e-05,0.1094357818365097,0.0
5614.0,5614.0,14.0,0.060425370931625366,8e-05,0.16362226009368896,0.0
5615.0,5615.0,14.0,0.06385281682014465,8e-05,0.18822519481182098,0.0
5616.0,5616.0,14.0,0.057023122906684875,8e-05,0.1105644553899765,0.0
5617.0,5617.0,14.0,0.06522847712039948,8e-05,0.21585683524608612,0.0
5618.0,5618.0,14.0,0.06689247488975525,8e-05,0.09187088906764984,0.0
5619.0,5619.0,14.0,0.05673041194677353,8e-05,0.2052689641714096,0.0
5620.0,5620.0,14.0,0.06611368060112,8e-05,0.10261902213096619,0.0
5621.0,5621.0,14.0,0.054773539304733276,8e-05,0.1842450052499771,0.0
5622.0,5622.0,14.0,0.06225815787911415,8e-05,0.139668270945549,0.0
5623.0,5623.0,14.0,0.056793563067913055,8e-05,0.11550627648830414,0.0
5624.0,5624.0,14.0,0.06521152704954147,8e-05,0.09464949369430542,0.0
5625.0,5625.0,14.0,0.056426890194416046,8e-05,0.14157544076442719,0.0
5626.0,5626.0,14.0,0.057681869715452194,8e-05,0.1480754017829895,0.0
5627.0,5627.0,14.0,0.06548446416854858,8e-05,0.13286666572093964,0.0
5628.0,5628.0,14.0,0.05704957991838455,8e-05,0.14243504405021667,0.0
5629.0,5629.0,14.0,0.06444421410560608,8e-05,0.14613378047943115,0.0
5630.0,5630.0,14.0,0.05097562074661255,8e-05,0.15247482061386108,0.0
5631.0,5631.0,14.0,0.05769796669483185,8e-05,0.0874238982796669,0.0
5632.0,5632.0,14.0,0.050600867718458176,8e-05,0.10045825690031052,0.0
5633.0,5633.0,14.0,0.0651245266199112,8e-05,0.10886412113904953,0.0
5634.0,5634.0,14.0,0.04968402162194252,8e-05,0.10021499544382095,0.0
5635.0,5635.0,14.0,0.0568530447781086,8e-05,0.16371002793312073,0.0
5636.0,5636.0,14.0,0.05012863129377365,8e-05,0.148198202252388,0.0
5637.0,5637.0,14.0,0.06181226670742035,8e-05,0.08450987190008163,0.0
5638.0,5638.0,14.0,0.0625733882188797,8e-05,0.0875614657998085,0.0
5639.0,5639.0,14.0,0.06179531291127205,8e-05,0.1133759468793869,0.0
5640.0,5640.0,14.0,0.04583379253745079,8e-05,0.07159075886011124,0.0
5641.0,5641.0,14.0,0.05380485951900482,8e-05,0.12591493129730225,0.0
5642.0,5642.0,14.0,0.05966312810778618,8e-05,0.10585876554250717,0.0
5643.0,5643.0,14.0,0.056540004909038544,8e-05,0.08333852887153625,0.0
5644.0,5644.0,14.0,0.05864698067307472,8e-05,0.11558635532855988,0.0
5645.0,5645.0,14.0,0.05512980371713638,8e-05,0.08462482690811157,0.0
5646.0,5646.0,14.0,0.05910280719399452,8e-05,0.16063618659973145,0.0
5647.0,5647.0,14.0,0.04909921810030937,8e-05,0.13919782638549805,0.0
5648.0,5648.0,14.0,0.05720635503530502,8e-05,0.09269790351390839,0.0
5649.0,5649.0,14.0,0.051296256482601166,8e-05,0.17821107804775238,0.0
5650.0,5650.0,14.0,0.04204845428466797,8e-05,0.08118823915719986,0.0
5651.0,5651.0,14.0,0.04165729880332947,8e-05,0.16928356885910034,0.0
5652.0,5652.0,14.0,0.05268179625272751,8e-05,0.09394282847642899,0.0
5653.0,5653.0,14.0,0.06715996563434601,8e-05,0.16481178998947144,0.0
5654.0,5654.0,14.0,0.052141524851322174,8e-05,0.09406338632106781,0.0
5655.0,5655.0,14.0,0.06159208342432976,8e-05,0.1246805191040039,0.0
5656.0,5656.0,14.0,0.06668137013912201,8e-05,0.1657356470823288,0.0
5657.0,5657.0,14.0,0.06349195539951324,8e-05,0.1240895465016365,0.0
5658.0,5658.0,14.0,0.06225151568651199,8e-05,0.14156493544578552,0.0
5659.0,5659.0,14.0,0.06018330156803131,8e-05,0.1015530377626419,0.0
5660.0,5660.0,14.0,0.07356439530849457,8e-05,0.19677717983722687,0.0
5661.0,5661.0,14.0,0.04372715204954147,8e-05,0.14414538443088531,0.0
5662.0,5662.0,14.0,0.07001223415136337,8e-05,0.21315279603004456,0.0
5663.0,5663.0,14.0,0.058737486600875854,8e-05,0.16840678453445435,0.0
5664.0,5664.0,14.0,0.056911569088697433,8e-05,0.17163746058940887,0.0
5665.0,5665.0,14.0,0.06512771546840668,8e-05,0.2366817742586136,0.0
5666.0,5666.0,14.0,0.06011956185102463,8e-05,0.2087181806564331,0.0
5667.0,5667.0,14.0,0.06452048569917679,8e-05,0.2587719261646271,0.0
5668.0,5668.0,14.0,0.05663948878645897,8e-05,0.15997719764709473,0.0
5669.0,5669.0,14.0,0.06390725076198578,8e-05,0.20228594541549683,0.0
5670.0,5670.0,14.0,0.050867658108472824,8e-05,0.11360003054141998,0.0
5671.0,5671.0,14.0,0.07208419591188431,8e-05,0.187211275100708,0.0
5672.0,5672.0,14.0,0.07077538222074509,8e-05,0.15238331258296967,0.0
5673.0,5673.0,14.0,0.05934963375329971,8e-05,0.13927936553955078,0.0
5674.0,5674.0,14.0,0.06658557057380676,8e-05,0.16073410212993622,0.0
5675.0,5675.0,14.0,0.05417519435286522,8e-05,0.15190839767456055,0.0
5676.0,5676.0,14.0,0.05519124120473862,8e-05,0.15446187555789948,0.0
5677.0,5677.0,14.0,0.06869371980428696,8e-05,0.10199114680290222,0.0
5678.0,5678.0,14.0,0.058925334364175797,8e-05,0.14534609019756317,0.0
5679.0,5679.0,14.0,0.06400437653064728,8e-05,0.13996420800685883,0.0
5680.0,5680.0,14.0,0.059228841215372086,8e-05,0.09590726345777512,0.0
5681.0,5681.0,14.0,0.06518127024173737,8e-05,0.10660600662231445,0.0
5682.0,5682.0,14.0,0.05360112711787224,8e-05,0.10937057435512543,0.0
5683.0,5683.0,14.0,0.054596349596977234,8e-05,0.13371871411800385,0.0
5684.0,5684.0,14.0,0.05209048092365265,8e-05,0.0918613150715828,0.0
5685.0,5685.0,14.0,0.056904613971710205,8e-05,0.20932742953300476,0.0
5686.0,5686.0,14.0,0.06818109005689621,8e-05,0.1678662896156311,0.0
5687.0,5687.0,14.0,0.07040209323167801,8e-05,0.15173453092575073,0.0
5688.0,5688.0,14.0,0.055732160806655884,8e-05,0.17150959372520447,0.0
5689.0,5689.0,14.0,0.06260012090206146,8e-05,0.18750588595867157,0.0
5690.0,5690.0,14.0,0.05775654688477516,8e-05,0.15208536386489868,0.0
5691.0,5691.0,14.0,0.07303784787654877,8e-05,0.17396612465381622,0.0
5692.0,5692.0,14.0,0.05696133151650429,8e-05,0.16859625279903412,0.0
5693.0,5693.0,14.0,0.06061729043722153,8e-05,0.13834714889526367,0.0
5694.0,5694.0,14.0,0.05792013928294182,8e-05,0.23227320611476898,0.0
5695.0,5695.0,14.0,0.054450806230306625,8e-05,0.15855422616004944,0.0
5696.0,5696.0,14.0,0.062637560069561,8e-05,0.1777419149875641,0.0
5697.0,5697.0,14.0,0.06023763492703438,8e-05,0.2076919972896576,0.0
5698.0,5698.0,14.0,0.05730832740664482,8e-05,0.19754710793495178,0.0
5699.0,5699.0,14.0,0.06149233877658844,8e-05,0.26016899943351746,0.0
5700.0,5700.0,14.0,0.06509216129779816,8e-05,0.23560045659542084,0.0
5701.0,5701.0,14.0,0.06525836884975433,8e-05,0.1625428944826126,0.0
5702.0,5702.0,14.0,0.05523610860109329,8e-05,0.16987338662147522,0.0
5703.0,5703.0,14.0,0.06360258162021637,8e-05,0.1659356951713562,0.0
5704.0,5704.0,14.0,0.04396607726812363,8e-05,0.1320001482963562,0.0
5705.0,5705.0,14.0,0.05285721272230148,8e-05,0.17416827380657196,0.0
5706.0,5706.0,14.0,0.05352383106946945,8e-05,0.11726334691047668,0.0
5707.0,5707.0,14.0,0.06571261584758759,8e-05,0.1776387095451355,0.0
5708.0,5708.0,14.0,0.06241261214017868,8e-05,0.16949979960918427,0.0
5709.0,5709.0,14.0,0.07106663286685944,8e-05,0.18118725717067719,0.0
5710.0,5710.0,14.0,0.06426062434911728,8e-05,0.23204337060451508,0.0
5711.0,5711.0,14.0,0.05326540768146515,8e-05,0.13373933732509613,0.0
5712.0,5712.0,14.0,0.06585989892482758,8e-05,0.20334593951702118,0.0
5713.0,5713.0,14.0,0.056370582431554794,8e-05,0.09283945709466934,0.0
5714.0,5714.0,14.0,0.06089359521865845,8e-05,0.09957410395145416,0.0
5715.0,5715.0,14.0,0.060184672474861145,8e-05,0.13589249551296234,0.0
5716.0,5716.0,14.0,0.057892389595508575,8e-05,0.11096227169036865,0.0
5717.0,5717.0,14.0,0.05672723427414894,8e-05,0.13129541277885437,0.0
5718.0,5718.0,14.0,0.06791870296001434,8e-05,0.19293208420276642,0.0
5719.0,5719.0,14.0,0.046137284487485886,8e-05,0.07013899087905884,0.0
5720.0,5720.0,14.0,0.05397558957338333,8e-05,0.11711066961288452,0.0
5721.0,5721.0,14.0,0.05533879995346069,8e-05,0.18318726122379303,0.0
5722.0,5722.0,14.0,0.05952145904302597,8e-05,0.12260406464338303,0.0
5723.0,5723.0,14.0,0.06781534850597382,8e-05,0.16315534710884094,0.0
5724.0,5724.0,14.0,0.05923394858837128,8e-05,0.19790981709957123,0.0
5725.0,5725.0,14.0,0.06629081070423126,8e-05,0.19894737005233765,0.0
5726.0,5726.0,14.0,0.06338085979223251,8e-05,0.1383521854877472,0.0
5727.0,5727.0,14.0,0.055723100900650024,8e-05,0.19987493753433228,0.0
5728.0,5728.0,14.0,0.05822879076004028,8e-05,0.2670840620994568,0.0
5729.0,5729.0,14.0,0.06839584559202194,8e-05,0.17421282827854156,0.0
5730.0,5730.0,14.0,0.06483525782823563,8e-05,0.18478359282016754,0.0
5731.0,5731.0,14.0,0.06824248284101486,8e-05,0.22098971903324127,0.0
5732.0,5732.0,14.0,0.05350278690457344,8e-05,0.08035493642091751,0.0
5733.0,5733.0,14.0,0.05874359607696533,8e-05,0.2550942897796631,0.0
5734.0,5734.0,14.0,0.06544604897499084,8e-05,0.13664023578166962,0.0
5735.0,5735.0,14.0,0.07428420335054398,8e-05,0.21655496954917908,0.0
5736.0,5736.0,14.0,0.05768481269478798,8e-05,0.23182015120983124,0.0
5737.0,5737.0,14.0,0.05794256180524826,8e-05,0.19585862755775452,0.0
5738.0,5738.0,14.0,0.07332305610179901,8e-05,0.27591797709465027,0.0
5739.0,5739.0,14.0,0.06178571283817291,8e-05,0.1636139303445816,0.0
5740.0,5740.0,14.0,0.06811541318893433,8e-05,0.25340378284454346,0.0
5741.0,5741.0,14.0,0.0627831444144249,8e-05,0.0999053344130516,0.0
5742.0,5742.0,14.0,0.05664309486746788,8e-05,0.21923400461673737,0.0
5743.0,5743.0,14.0,0.055335357785224915,8e-05,0.16698254644870758,0.0
5744.0,5744.0,14.0,0.060758281499147415,8e-05,0.2420484572649002,0.0
5745.0,5745.0,14.0,0.060892220586538315,8e-05,0.1751905381679535,0.0
5746.0,5746.0,14.0,0.0672268345952034,8e-05,0.21957893669605255,0.0
5747.0,5747.0,14.0,0.054866839200258255,8e-05,0.19277535378932953,0.0
5748.0,5748.0,14.0,0.055271655321121216,8e-05,0.14643554389476776,0.0
5749.0,5749.0,14.0,0.0576944425702095,8e-05,0.25667935609817505,0.0
5750.0,5750.0,14.0,0.07176761329174042,8e-05,0.10142134875059128,0.0
5751.0,5751.0,14.0,0.06492966413497925,8e-05,0.27287280559539795,0.0
5752.0,5752.0,14.0,0.04547855257987976,8e-05,0.195858433842659,0.0
5753.0,5753.0,14.0,0.0509926863014698,8e-05,0.2161051332950592,0.0
5754.0,5754.0,14.0,0.04794025793671608,8e-05,0.25040626525878906,0.0
5755.0,5755.0,14.0,0.0662781149148941,8e-05,0.238215833902359,0.0
5756.0,5756.0,14.0,0.06353265792131424,8e-05,0.2076151967048645,0.0
5757.0,5757.0,14.0,0.05858810245990753,8e-05,0.09367872029542923,0.0
5758.0,5758.0,14.0,0.06862364709377289,8e-05,0.22325514256954193,0.0
5759.0,5759.0,14.0,0.05156844109296799,8e-05,0.09835395216941833,0.0
5760.0,5760.0,14.0,0.057663775980472565,8e-05,0.18333691358566284,0.0
5761.0,5761.0,14.0,0.06315057724714279,8e-05,0.13004717230796814,0.0
5762.0,5762.0,14.0,0.05476004630327225,8e-05,0.12172885984182358,0.0
5763.0,5763.0,14.0,0.06400435417890549,8e-05,0.1305580586194992,0.0
5764.0,5764.0,14.0,0.05221184715628624,8e-05,0.1151641234755516,0.0
5765.0,5765.0,14.0,0.05704183131456375,8e-05,0.11676435172557831,0.0
5766.0,5766.0,14.0,0.05426449328660965,8e-05,0.09240222722291946,0.0
5767.0,5767.0,14.0,0.05624715983867645,8e-05,0.15863743424415588,0.0
5768.0,5768.0,14.0,0.05933138728141785,8e-05,0.09380792081356049,0.0
5769.0,5769.0,14.0,0.05956212431192398,8e-05,0.1474905014038086,0.0
5770.0,5770.0,14.0,0.0601075142621994,8e-05,0.20966170728206635,0.0
5771.0,5771.0,14.0,0.054998837411403656,8e-05,0.10769111663103104,0.0
5772.0,5772.0,14.0,0.04701130464673042,8e-05,0.278355211019516,0.0
5773.0,5773.0,14.0,0.05801713466644287,8e-05,0.1140257865190506,0.0
5774.0,5774.0,14.0,0.06000835448503494,8e-05,0.17723725736141205,0.0
5775.0,5775.0,14.0,0.06392084062099457,8e-05,0.1413199007511139,0.0
5776.0,5776.0,14.0,0.056333884596824646,8e-05,0.15957759320735931,0.0
5777.0,5777.0,14.0,0.05449610948562622,8e-05,0.10136651992797852,0.0
5778.0,5778.0,14.0,0.05457715317606926,8e-05,0.17588910460472107,0.0
5779.0,5779.0,14.0,0.055945105850696564,8e-05,0.14770488440990448,0.0
5780.0,5780.0,14.0,0.053008612245321274,8e-05,0.2558417022228241,0.0
5781.0,5781.0,14.0,0.0646064355969429,8e-05,0.10754629969596863,0.0
5782.0,5782.0,14.0,0.06400345265865326,8e-05,0.19754120707511902,0.0
5783.0,5783.0,14.0,0.06144212186336517,8e-05,0.15486270189285278,0.0
5784.0,5784.0,14.0,0.06515105068683624,8e-05,0.1411246508359909,0.0
5785.0,5785.0,14.0,0.06893524527549744,8e-05,0.14825575053691864,0.0
5786.0,5786.0,14.0,0.05899829417467117,8e-05,0.1007189154624939,0.0
5787.0,5787.0,14.0,0.05791374668478966,8e-05,0.15250927209854126,0.0
5788.0,5788.0,14.0,0.0529477521777153,8e-05,0.18479794263839722,0.0
5789.0,5789.0,14.0,0.06665480881929398,8e-05,0.17166611552238464,0.0
5790.0,5790.0,14.0,0.06461195647716522,8e-05,0.27100467681884766,0.0
5791.0,5791.0,14.0,0.05506065487861633,8e-05,0.12181956321001053,0.0
5792.0,5792.0,14.0,0.059495534747838974,8e-05,0.13887648284435272,0.0
5793.0,5793.0,14.0,0.05751488730311394,8e-05,0.13697385787963867,0.0
5794.0,5794.0,14.0,0.04970470443367958,8e-05,0.11741124838590622,0.0
5795.0,5795.0,14.0,0.0483020544052124,8e-05,0.0865301713347435,0.0
5796.0,5796.0,14.0,0.06596401333808899,8e-05,0.1562798172235489,0.0
5797.0,5797.0,14.0,0.05498804152011871,8e-05,0.09110087156295776,0.0
5798.0,5798.0,14.0,0.06340021640062332,8e-05,0.15963664650917053,0.0
5799.0,5799.0,14.0,0.05122463405132294,8e-05,0.08628027141094208,0.0
5800.0,5800.0,14.0,0.04944523796439171,8e-05,0.1528932750225067,0.0
5801.0,5801.0,14.0,0.0476352721452713,8e-05,0.10097972303628922,0.0
5802.0,5802.0,14.0,0.06397321075201035,8e-05,0.16386263072490692,0.0
5803.0,5803.0,14.0,0.05553162842988968,8e-05,0.10481399297714233,0.0
5804.0,5804.0,14.0,0.05809619650244713,8e-05,0.11484424024820328,0.0
5805.0,5805.0,14.0,0.04570119082927704,8e-05,0.11708879470825195,0.0
5806.0,5806.0,14.0,0.06344089657068253,8e-05,0.1488475799560547,0.0
5807.0,5807.0,14.0,0.05716667324304581,8e-05,0.09313667565584183,0.0
5808.0,5808.0,14.0,0.06380930542945862,8e-05,0.14194975793361664,0.0
5809.0,5809.0,14.0,0.06300637125968933,8e-05,0.11393599212169647,0.0
5810.0,5810.0,14.0,0.04698476940393448,8e-05,0.13004231452941895,0.0
5811.0,5811.0,14.0,0.057208165526390076,8e-05,0.1381743997335434,0.0
5812.0,5812.0,14.0,0.05751442164182663,8e-05,0.14739388227462769,0.0
5813.0,5813.0,14.0,0.061233531683683395,8e-05,0.11659534275531769,0.0
5814.0,5814.0,14.0,0.05406719446182251,8e-05,0.14683575928211212,0.0
5815.0,5815.0,14.0,0.06282943487167358,8e-05,0.13780350983142853,0.0
5816.0,5816.0,14.0,0.06324952095746994,8e-05,0.09890646487474442,0.0
5817.0,5817.0,14.0,0.0595434233546257,8e-05,0.14234626293182373,0.0
5818.0,5818.0,14.0,0.06024780869483948,8e-05,0.14355218410491943,0.0
5819.0,5819.0,14.0,0.07517371326684952,8e-05,0.11259952932596207,0.0
5820.0,5820.0,14.0,0.0634295791387558,8e-05,0.15848378837108612,0.0
5821.0,5821.0,14.0,0.04750417172908783,8e-05,0.07321637868881226,0.0
5822.0,5822.0,14.0,0.06457151472568512,8e-05,0.15664136409759521,0.0
5823.0,5823.0,14.0,0.057106371968984604,8e-05,0.13018909096717834,0.0
5824.0,5824.0,14.0,0.05634288489818573,8e-05,0.13707655668258667,0.0
5825.0,5825.0,14.0,0.05844670534133911,8e-05,0.10949072241783142,0.0
5826.0,5826.0,14.0,0.05258790776133537,8e-05,0.11692044138908386,0.0
5827.0,5827.0,14.0,0.06008228659629822,8e-05,0.10240079462528229,0.0
5828.0,5828.0,14.0,0.06212639808654785,8e-05,0.08520453423261642,0.0
5829.0,5829.0,14.0,0.049629971385002136,8e-05,0.16782249510288239,0.0
5830.0,5830.0,14.0,0.054020438343286514,8e-05,0.0949489027261734,0.0
5831.0,5831.0,14.0,0.06694650650024414,8e-05,0.17482496798038483,0.0
5832.0,5832.0,14.0,0.0645529180765152,8e-05,0.13094072043895721,0.0
5833.0,5833.0,14.0,0.06224379315972328,8e-05,0.14269372820854187,0.0
5834.0,5834.0,14.0,0.06146038696169853,8e-05,0.0935966745018959,0.0
5835.0,5835.0,14.0,0.06068173795938492,8e-05,0.14567846059799194,0.0
5836.0,5836.0,14.0,0.05736853554844856,8e-05,0.08252393454313278,0.0
5837.0,5837.0,14.0,0.060632701963186264,8e-05,0.11035317927598953,0.0
5838.0,5838.0,14.0,0.05051721632480621,8e-05,0.09021173417568207,0.0
5839.0,5839.0,14.0,0.059020549058914185,8e-05,0.12111593782901764,0.0
5840.0,5840.0,14.0,0.06530813872814178,8e-05,0.1281530112028122,0.0
5841.0,5841.0,14.0,0.06458979845046997,8e-05,0.10438835620880127,0.0
5842.0,5842.0,14.0,0.05294839292764664,8e-05,0.12158341705799103,0.0
5843.0,5843.0,14.0,0.05733055993914604,8e-05,0.10602928698062897,0.0
5844.0,5844.0,14.0,0.06782348453998566,8e-05,0.12862008810043335,0.0
5845.0,5845.0,14.0,0.05489545688033104,8e-05,0.1354992687702179,0.0
5846.0,5846.0,14.0,0.07128404080867767,8e-05,0.08962856978178024,0.0
5847.0,5847.0,14.0,0.04931728541851044,8e-05,0.0829043760895729,0.0
5848.0,5848.0,14.0,0.054693713784217834,8e-05,0.13263484835624695,0.0
5849.0,5849.0,14.0,0.04081926867365837,8e-05,0.08720754832029343,0.0
5850.0,5850.0,14.0,0.06162525340914726,8e-05,0.13837067782878876,0.0
5851.0,5851.0,15.0,0.07986161857843399,8e-05,0.1215808242559433,0.0
5852.0,5852.0,15.0,0.06633799523115158,8e-05,0.13042429089546204,0.0
5853.0,5853.0,15.0,0.06316900998353958,8e-05,0.13121283054351807,0.0
5854.0,5854.0,15.0,0.05266211926937103,8e-05,0.09468206018209457,0.0
5855.0,5855.0,15.0,0.07052631676197052,8e-05,0.23767732083797455,0.0
5856.0,5856.0,15.0,0.05549915134906769,8e-05,0.15135785937309265,0.0
5857.0,5857.0,15.0,0.058508649468421936,8e-05,0.2361057847738266,0.0
5858.0,5858.0,15.0,0.06544198095798492,8e-05,0.2889357805252075,0.0
5859.0,5859.0,15.0,0.057600632309913635,8e-05,0.11430951952934265,0.0
5860.0,5860.0,15.0,0.06084088236093521,8e-05,0.2799723148345947,0.0
5861.0,5861.0,15.0,0.060312069952487946,8e-05,0.20329762995243073,0.0
5862.0,5862.0,15.0,0.07128151506185532,8e-05,0.16163192689418793,0.0
5863.0,5863.0,15.0,0.07145733386278152,8e-05,0.33044832944869995,0.0
5864.0,5864.0,15.0,0.04233182966709137,8e-05,0.0762883797287941,0.0
5865.0,5865.0,15.0,0.05510755628347397,8e-05,0.27181029319763184,0.0
5866.0,5866.0,15.0,0.06374317407608032,8e-05,0.23661081492900848,0.0
5867.0,5867.0,15.0,0.05177924782037735,8e-05,0.16057850420475006,0.0
5868.0,5868.0,15.0,0.06600424647331238,8e-05,0.2711760997772217,0.0
5869.0,5869.0,15.0,0.05997241660952568,8e-05,0.128481924533844,0.0
5870.0,5870.0,15.0,0.05809914693236351,8e-05,0.22711490094661713,0.0
5871.0,5871.0,15.0,0.05653464049100876,8e-05,0.24469055235385895,0.0
5872.0,5872.0,15.0,0.06101543456315994,8e-05,0.08967895060777664,0.0
5873.0,5873.0,15.0,0.05324886739253998,8e-05,0.27712690830230713,0.0
5874.0,5874.0,15.0,0.06778678297996521,8e-05,0.1780436486005783,0.0
5875.0,5875.0,15.0,0.06916636228561401,8e-05,0.18393108248710632,0.0
5876.0,5876.0,15.0,0.07442839443683624,8e-05,0.19064022600650787,0.0
5877.0,5877.0,15.0,0.06484480947256088,8e-05,0.1496061235666275,0.0
5878.0,5878.0,15.0,0.05041220784187317,8e-05,0.13929152488708496,0.0
5879.0,5879.0,15.0,0.06287049502134323,8e-05,0.13544803857803345,0.0
5880.0,5880.0,15.0,0.06418521702289581,8e-05,0.20141591131687164,0.0
5881.0,5881.0,15.0,0.07221773266792297,8e-05,0.1554146260023117,0.0
5882.0,5882.0,15.0,0.06024676561355591,8e-05,0.17937692999839783,0.0
5883.0,5883.0,15.0,0.06835738569498062,8e-05,0.20261146128177643,0.0
5884.0,5884.0,15.0,0.054211780428886414,8e-05,0.12809103727340698,0.0
5885.0,5885.0,15.0,0.08371191471815109,8e-05,0.21328997611999512,0.0
5886.0,5886.0,15.0,0.07068116962909698,8e-05,0.1761479675769806,0.0
5887.0,5887.0,15.0,0.05371759831905365,8e-05,0.10048963874578476,0.0
5888.0,5888.0,15.0,0.06036271154880524,8e-05,0.19158197939395905,0.0
5889.0,5889.0,15.0,0.0574469193816185,8e-05,0.15103812515735626,0.0
5890.0,5890.0,15.0,0.06100955232977867,8e-05,0.13583415746688843,0.0
5891.0,5891.0,15.0,0.05714866518974304,8e-05,0.1587320864200592,0.0
5892.0,5892.0,15.0,0.055779386311769485,8e-05,0.12092862278223038,0.0
5893.0,5893.0,15.0,0.04403121769428253,8e-05,0.08962496370077133,0.0
5894.0,5894.0,15.0,0.05536848306655884,8e-05,0.13581420481204987,0.0
5895.0,5895.0,15.0,0.061565496027469635,8e-05,0.1461755782365799,0.0
5896.0,5896.0,15.0,0.06260544061660767,8e-05,0.12308369576931,0.0
5897.0,5897.0,15.0,0.05448271334171295,8e-05,0.12025891244411469,0.0
5898.0,5898.0,15.0,0.052146025002002716,8e-05,0.11013570427894592,0.0
5899.0,5899.0,15.0,0.064386747777462,8e-05,0.10323483496904373,0.0
5900.0,5900.0,15.0,0.04988201707601547,8e-05,0.11590887606143951,0.0
5901.0,5901.0,15.0,0.06383032351732254,8e-05,0.07397525012493134,0.0
5902.0,5902.0,15.0,0.04960215836763382,8e-05,0.10829353332519531,0.0
5903.0,5903.0,15.0,0.07054693251848221,8e-05,0.10733943432569504,0.0
5904.0,5904.0,15.0,0.06013257056474686,8e-05,0.08158871531486511,0.0
5905.0,5905.0,15.0,0.06790778785943985,8e-05,0.11331581324338913,0.0
5906.0,5906.0,15.0,0.05874904245138168,8e-05,0.09374821931123734,0.0
5907.0,5907.0,15.0,0.04193330928683281,8e-05,0.06988345831632614,0.0
5908.0,5908.0,15.0,0.05231156200170517,8e-05,0.14211392402648926,0.0
5909.0,5909.0,15.0,0.051794975996017456,8e-05,0.1031668409705162,0.0
5910.0,5910.0,15.0,0.05808354914188385,8e-05,0.12171383947134018,0.0
5911.0,5911.0,15.0,0.05916249006986618,8e-05,0.11210538446903229,0.0
5912.0,5912.0,15.0,0.06360745429992676,8e-05,0.16630931198596954,0.0
5913.0,5913.0,15.0,0.054447099566459656,8e-05,0.10637038946151733,0.0
5914.0,5914.0,15.0,0.08001828193664551,8e-05,0.21880574524402618,0.0
5915.0,5915.0,15.0,0.05706106871366501,8e-05,0.11314734071493149,0.0
5916.0,5916.0,15.0,0.06116830185055733,8e-05,0.1492810994386673,0.0
5917.0,5917.0,15.0,0.06002473831176758,8e-05,0.14224503934383392,0.0
5918.0,5918.0,15.0,0.06495692580938339,8e-05,0.13084420561790466,0.0
5919.0,5919.0,15.0,0.06562525033950806,8e-05,0.17648747563362122,0.0
5920.0,5920.0,15.0,0.07130102813243866,8e-05,0.17734482884407043,0.0
5921.0,5921.0,15.0,0.06724398583173752,8e-05,0.14435257017612457,0.0
5922.0,5922.0,15.0,0.06797181069850922,8e-05,0.14652793109416962,0.0
5923.0,5923.0,15.0,0.058814987540245056,8e-05,0.1538725644350052,0.0
5924.0,5924.0,15.0,0.05932243913412094,8e-05,0.1252521276473999,0.0
5925.0,5925.0,15.0,0.07288095355033875,8e-05,0.15403853356838226,0.0
5926.0,5926.0,15.0,0.07323203235864639,8e-05,0.16513703763484955,0.0
5927.0,5927.0,15.0,0.07435391843318939,8e-05,0.11146404594182968,0.0
5928.0,5928.0,15.0,0.06630964577198029,8e-05,0.19682811200618744,0.0
5929.0,5929.0,15.0,0.06520991772413254,8e-05,0.15637479722499847,0.0
5930.0,5930.0,15.0,0.062742680311203,8e-05,0.1993323117494583,0.0
5931.0,5931.0,15.0,0.056676849722862244,8e-05,0.16937844455242157,0.0
5932.0,5932.0,15.0,0.06538622081279755,8e-05,0.15299846231937408,0.0
5933.0,5933.0,15.0,0.07998602092266083,8e-05,0.17131033539772034,0.0
5934.0,5934.0,15.0,0.05876265466213226,8e-05,0.1176535040140152,0.0
5935.0,5935.0,15.0,0.05446440726518631,8e-05,0.16385693848133087,0.0
5936.0,5936.0,15.0,0.06305213272571564,8e-05,0.1324596405029297,0.0
5937.0,5937.0,15.0,0.059258833527565,8e-05,0.14809125661849976,0.0
5938.0,5938.0,15.0,0.05565870925784111,8e-05,0.10858955979347229,0.0
5939.0,5939.0,15.0,0.06023731455206871,8e-05,0.096986323595047,0.0
5940.0,5940.0,15.0,0.046004101634025574,8e-05,0.12092640995979309,0.0
5941.0,5941.0,15.0,0.04914674162864685,8e-05,0.0981193259358406,0.0
5942.0,5942.0,15.0,0.05141853541135788,8e-05,0.10700156539678574,0.0
5943.0,5943.0,15.0,0.04413049295544624,8e-05,0.11800700426101685,0.0
5944.0,5944.0,15.0,0.06514835357666016,8e-05,0.14273789525032043,0.0
5945.0,5945.0,15.0,0.050911277532577515,8e-05,0.12324205785989761,0.0
5946.0,5946.0,15.0,0.0564984492957592,8e-05,0.15076327323913574,0.0
5947.0,5947.0,15.0,0.045830823481082916,8e-05,0.09274652600288391,0.0
5948.0,5948.0,15.0,0.052811525762081146,8e-05,0.12644244730472565,0.0
5949.0,5949.0,15.0,0.0628022700548172,8e-05,0.13735318183898926,0.0
5950.0,5950.0,15.0,0.05414889007806778,8e-05,0.10551796853542328,0.0
5951.0,5951.0,15.0,0.05469784885644913,8e-05,0.09414707869291306,0.0
5952.0,5952.0,15.0,0.06192517280578613,8e-05,0.12749701738357544,0.0
5953.0,5953.0,15.0,0.05020400881767273,8e-05,0.11446482688188553,0.0
5954.0,5954.0,15.0,0.05217842012643814,8e-05,0.08359262347221375,0.0
5955.0,5955.0,15.0,0.061735961586236954,8e-05,0.16125239431858063,0.0
5956.0,5956.0,15.0,0.05846024304628372,8e-05,0.11858554184436798,0.0
5957.0,5957.0,15.0,0.0583050437271595,8e-05,0.21053829789161682,0.0
5958.0,5958.0,15.0,0.06404630094766617,8e-05,0.09363730251789093,0.0
5959.0,5959.0,15.0,0.047850772738456726,8e-05,0.16679008305072784,0.0
5960.0,5960.0,15.0,0.06421568989753723,8e-05,0.09470108896493912,0.0
5961.0,5961.0,15.0,0.06598150730133057,8e-05,0.10960184037685394,0.0
5962.0,5962.0,15.0,0.051083095371723175,8e-05,0.08568061888217926,0.0
5963.0,5963.0,15.0,0.061846502125263214,8e-05,0.14140863716602325,0.0
5964.0,5964.0,15.0,0.05891956388950348,8e-05,0.09753449261188507,0.0
5965.0,5965.0,15.0,0.06962727010250092,8e-05,0.16151130199432373,0.0
5966.0,5966.0,15.0,0.06040998548269272,8e-05,0.13212108612060547,0.0
5967.0,5967.0,15.0,0.06728965789079666,8e-05,0.1341143548488617,0.0
5968.0,5968.0,15.0,0.07008366286754608,8e-05,0.1487349420785904,0.0
5969.0,5969.0,15.0,0.04655250906944275,8e-05,0.13707801699638367,0.0
5970.0,5970.0,15.0,0.06487087905406952,8e-05,0.21050384640693665,0.0
5971.0,5971.0,15.0,0.06502598524093628,8e-05,0.1380925476551056,0.0
5972.0,5972.0,15.0,0.05636943131685257,8e-05,0.22276648879051208,0.0
5973.0,5973.0,15.0,0.053398001939058304,8e-05,0.14614132046699524,0.0
5974.0,5974.0,15.0,0.04769262298941612,8e-05,0.13936591148376465,0.0
5975.0,5975.0,15.0,0.061572782695293427,8e-05,0.27914959192276,0.0
5976.0,5976.0,15.0,0.05900941044092178,8e-05,0.16098089516162872,0.0
5977.0,5977.0,15.0,0.060634829103946686,8e-05,0.18967969715595245,0.0
5978.0,5978.0,15.0,0.056258752942085266,8e-05,0.19356486201286316,0.0
5979.0,5979.0,15.0,0.051367394626140594,8e-05,0.1323757916688919,0.0
5980.0,5980.0,15.0,0.07376213371753693,8e-05,0.17633846402168274,0.0
5981.0,5981.0,15.0,0.04592915251851082,8e-05,0.13747602701187134,0.0
5982.0,5982.0,15.0,0.05923803523182869,8e-05,0.15117493271827698,0.0
5983.0,5983.0,15.0,0.0542030856013298,8e-05,0.16362623870372772,0.0
5984.0,5984.0,15.0,0.0572798028588295,8e-05,0.15242838859558105,0.0
5985.0,5985.0,15.0,0.05052700638771057,8e-05,0.1431686133146286,0.0
5986.0,5986.0,15.0,0.057162221521139145,8e-05,0.12442900240421295,0.0
5987.0,5987.0,15.0,0.06019637733697891,8e-05,0.1566758006811142,0.0
5988.0,5988.0,15.0,0.060676999390125275,8e-05,0.1678849160671234,0.0
5989.0,5989.0,15.0,0.0432223379611969,8e-05,0.21128042042255402,0.0
5990.0,5990.0,15.0,0.05272158235311508,8e-05,0.14304202795028687,0.0
5991.0,5991.0,15.0,0.04715440049767494,8e-05,0.17902570962905884,0.0
5992.0,5992.0,15.0,0.05832555145025253,8e-05,0.14782416820526123,0.0
5993.0,5993.0,15.0,0.06641816347837448,8e-05,0.16996996104717255,0.0
5994.0,5994.0,15.0,0.057314127683639526,8e-05,0.13337460160255432,0.0
5995.0,5995.0,15.0,0.05131793022155762,8e-05,0.20845776796340942,0.0
5996.0,5996.0,15.0,0.05798879265785217,8e-05,0.14847464859485626,0.0
5997.0,5997.0,15.0,0.057257279753685,8e-05,0.15213952958583832,0.0
5998.0,5998.0,15.0,0.053820446133613586,8e-05,0.2075788974761963,0.0
5999.0,5999.0,15.0,0.059938035905361176,8e-05,0.10323461145162582,0.0
6000.0,6000.0,15.0,0.06522171199321747,8e-05,0.23485888540744781,0.0
6001.0,6001.0,15.0,0.05728042870759964,8e-05,0.15585894882678986,0.0
6002.0,6002.0,15.0,0.0460546500980854,8e-05,0.23552893102169037,0.0
6003.0,6003.0,15.0,0.05828014016151428,8e-05,0.1443391889333725,0.0
6004.0,6004.0,15.0,0.06705884635448456,8e-05,0.10408464819192886,0.0
6005.0,6005.0,15.0,0.044639796018600464,8e-05,0.23963108658790588,0.0
6006.0,6006.0,15.0,0.05179579555988312,8e-05,0.107389435172081,0.0
6007.0,6007.0,15.0,0.06968638300895691,8e-05,0.2284090369939804,0.0
6008.0,6008.0,15.0,0.05260547250509262,8e-05,0.1662563532590866,0.0
6009.0,6009.0,15.0,0.06388082355260849,8e-05,0.1895429491996765,0.0
6010.0,6010.0,15.0,0.050826042890548706,8e-05,0.19470961391925812,0.0
6011.0,6011.0,15.0,0.04396035149693489,8e-05,0.08883922547101974,0.0
6012.0,6012.0,15.0,0.05590825155377388,8e-05,0.23826606571674347,0.0
6013.0,6013.0,15.0,0.06301474571228027,8e-05,0.11428570002317429,0.0
6014.0,6014.0,15.0,0.06804178655147552,8e-05,0.1933285892009735,0.0
6015.0,6015.0,15.0,0.0682200938463211,8e-05,0.13591070473194122,0.0
6016.0,6016.0,15.0,0.06269555538892746,8e-05,0.1305968165397644,0.0
6017.0,6017.0,15.0,0.05503911152482033,8e-05,0.1509137749671936,0.0
6018.0,6018.0,15.0,0.0768250972032547,8e-05,0.16635408997535706,0.0
6019.0,6019.0,15.0,0.048560503870248795,8e-05,0.12159376591444016,0.0
6020.0,6020.0,15.0,0.057208411395549774,8e-05,0.16603286564350128,0.0
6021.0,6021.0,15.0,0.052110109478235245,8e-05,0.10351435095071793,0.0
6022.0,6022.0,15.0,0.057445403188467026,8e-05,0.1241227239370346,0.0
6023.0,6023.0,15.0,0.0709168016910553,8e-05,0.14333853125572205,0.0
6024.0,6024.0,15.0,0.0763963833451271,8e-05,0.12996187806129456,0.0
6025.0,6025.0,15.0,0.04867735505104065,8e-05,0.1903780698776245,0.0
6026.0,6026.0,15.0,0.0645642802119255,8e-05,0.12481950968503952,0.0
6027.0,6027.0,15.0,0.07167040556669235,8e-05,0.11702816188335419,0.0
6028.0,6028.0,15.0,0.07206583768129349,8e-05,0.1411677598953247,0.0
6029.0,6029.0,15.0,0.05600246042013168,8e-05,0.1560773253440857,0.0
6030.0,6030.0,15.0,0.062828429043293,8e-05,0.12632793188095093,0.0
6031.0,6031.0,15.0,0.061038289219141006,8e-05,0.1674787402153015,0.0
6032.0,6032.0,15.0,0.0687842071056366,8e-05,0.18370094895362854,0.0
6033.0,6033.0,15.0,0.049753401428461075,8e-05,0.15448065102100372,0.0
6034.0,6034.0,15.0,0.053249046206474304,8e-05,0.19351057708263397,0.0
6035.0,6035.0,15.0,0.055049143731594086,8e-05,0.09889444708824158,0.0
6036.0,6036.0,15.0,0.05702587589621544,8e-05,0.17097720503807068,0.0
6037.0,6037.0,15.0,0.05574702471494675,8e-05,0.16163387894630432,0.0
6038.0,6038.0,15.0,0.06006510555744171,8e-05,0.09625034034252167,0.0
6039.0,6039.0,15.0,0.06502304971218109,8e-05,0.13265623152256012,0.0
6040.0,6040.0,15.0,0.06205398589372635,8e-05,0.19093674421310425,0.0
6041.0,6041.0,15.0,0.060931697487831116,8e-05,0.12046314030885696,0.0
6042.0,6042.0,15.0,0.0673532783985138,8e-05,0.11839534342288971,0.0
6043.0,6043.0,15.0,0.04893728718161583,8e-05,0.18188035488128662,0.0
6044.0,6044.0,15.0,0.04807182401418686,8e-05,0.08926661312580109,0.0
6045.0,6045.0,15.0,0.06956502795219421,8e-05,0.15414626896381378,0.0
6046.0,6046.0,15.0,0.06266118586063385,8e-05,0.1749424934387207,0.0
6047.0,6047.0,15.0,0.0579928457736969,8e-05,0.08104155957698822,0.0
6048.0,6048.0,15.0,0.05930261313915253,8e-05,0.12651009857654572,0.0
6049.0,6049.0,15.0,0.06252416968345642,8e-05,0.17958182096481323,0.0
6050.0,6050.0,15.0,0.05906107276678085,8e-05,0.11942897737026215,0.0
6051.0,6051.0,15.0,0.0663817897439003,8e-05,0.14510478079319,0.0
6052.0,6052.0,15.0,0.06310112774372101,8e-05,0.18750770390033722,0.0
6053.0,6053.0,15.0,0.06902267038822174,8e-05,0.09005113691091537,0.0
6054.0,6054.0,15.0,0.07843655347824097,8e-05,0.19732537865638733,0.0
6055.0,6055.0,15.0,0.05818461626768112,8e-05,0.19510304927825928,0.0
6056.0,6056.0,15.0,0.06674548983573914,8e-05,0.12759728729724884,0.0
6057.0,6057.0,15.0,0.06192663311958313,8e-05,0.18619757890701294,0.0
6058.0,6058.0,15.0,0.05820808559656143,8e-05,0.18575316667556763,0.0
6059.0,6059.0,15.0,0.059379562735557556,8e-05,0.14537914097309113,0.0
6060.0,6060.0,15.0,0.054102323949337006,8e-05,0.15760894119739532,0.0
6061.0,6061.0,15.0,0.06536230444908142,8e-05,0.19989868998527527,0.0
6062.0,6062.0,15.0,0.06475095450878143,8e-05,0.1437416821718216,0.0
6063.0,6063.0,15.0,0.06139163672924042,8e-05,0.13367274403572083,0.0
6064.0,6064.0,15.0,0.07114231586456299,8e-05,0.20914307236671448,0.0
6065.0,6065.0,15.0,0.04794256389141083,8e-05,0.10867129266262054,0.0
6066.0,6066.0,15.0,0.051041219383478165,8e-05,0.1516476273536682,0.0
6067.0,6067.0,15.0,0.042586296796798706,8e-05,0.22866904735565186,0.0
6068.0,6068.0,15.0,0.044863518327474594,8e-05,0.15411245822906494,0.0
6069.0,6069.0,15.0,0.06536825746297836,8e-05,0.17508700489997864,0.0
6070.0,6070.0,15.0,0.06345777958631516,8e-05,0.13192065060138702,0.0
6071.0,6071.0,15.0,0.060413286089897156,8e-05,0.13336823880672455,0.0
6072.0,6072.0,15.0,0.049863629043102264,8e-05,0.14913007616996765,0.0
6073.0,6073.0,15.0,0.0532107874751091,8e-05,0.1416565626859665,0.0
6074.0,6074.0,15.0,0.0650438740849495,8e-05,0.08831193298101425,0.0
6075.0,6075.0,15.0,0.06160798296332359,8e-05,0.12900179624557495,0.0
6076.0,6076.0,15.0,0.054364971816539764,8e-05,0.09738278388977051,0.0
6077.0,6077.0,15.0,0.06719815731048584,8e-05,0.10828527063131332,0.0
6078.0,6078.0,15.0,0.061050161719322205,8e-05,0.108101487159729,0.0
6079.0,6079.0,15.0,0.06887814402580261,8e-05,0.23503316938877106,0.0
6080.0,6080.0,15.0,0.05009672790765762,8e-05,0.11314690858125687,0.0
6081.0,6081.0,15.0,0.05144999176263809,8e-05,0.19591501355171204,0.0
6082.0,6082.0,15.0,0.0502554215490818,8e-05,0.1686953604221344,0.0
6083.0,6083.0,15.0,0.071553535759449,8e-05,0.11815391480922699,0.0
6084.0,6084.0,15.0,0.05892746523022652,8e-05,0.14951485395431519,0.0
6085.0,6085.0,15.0,0.08591923862695694,8e-05,0.14873766899108887,0.0
6086.0,6086.0,15.0,0.056794673204422,8e-05,0.1884714514017105,0.0
6087.0,6087.0,15.0,0.06955771148204803,8e-05,0.1590001881122589,0.0
6088.0,6088.0,15.0,0.04860680550336838,8e-05,0.1651398241519928,0.0
6089.0,6089.0,15.0,0.06438922882080078,8e-05,0.14954417943954468,0.0
6090.0,6090.0,15.0,0.06108260899782181,8e-05,0.1543099731206894,0.0
6091.0,6091.0,15.0,0.0675492137670517,8e-05,0.10822364687919617,0.0
6092.0,6092.0,15.0,0.06092909350991249,8e-05,0.18102754652500153,0.0
6093.0,6093.0,15.0,0.051348548382520676,8e-05,0.0905054435133934,0.0
6094.0,6094.0,15.0,0.07180212438106537,8e-05,0.1369091272354126,0.0
6095.0,6095.0,15.0,0.061392005532979965,8e-05,0.18578816950321198,0.0
6096.0,6096.0,15.0,0.055268798023462296,8e-05,0.07226599007844925,0.0
6097.0,6097.0,15.0,0.06432787328958511,8e-05,0.21315237879753113,0.0
6098.0,6098.0,15.0,0.07215037196874619,8e-05,0.11547181010246277,0.0
6099.0,6099.0,15.0,0.0719461590051651,8e-05,0.1112394630908966,0.0
6100.0,6100.0,15.0,0.0743853747844696,8e-05,0.2056785225868225,0.0
6101.0,6101.0,15.0,0.05489269644021988,8e-05,0.14649698138237,0.0
6102.0,6102.0,15.0,0.04869656264781952,8e-05,0.14860714972019196,0.0
6103.0,6103.0,15.0,0.06805194169282913,8e-05,0.15025131404399872,0.0
6104.0,6104.0,15.0,0.05960409343242645,8e-05,0.19799715280532837,0.0
6105.0,6105.0,15.0,0.06077438220381737,8e-05,0.13714072108268738,0.0
6106.0,6106.0,15.0,0.052057456225156784,8e-05,0.150300070643425,0.0
6107.0,6107.0,15.0,0.057238586246967316,8e-05,0.11536440253257751,0.0
6108.0,6108.0,15.0,0.05682365596294403,8e-05,0.1605905145406723,0.0
6109.0,6109.0,15.0,0.0714963749051094,8e-05,0.1392020881175995,0.0
6110.0,6110.0,15.0,0.055465683341026306,8e-05,0.20032823085784912,0.0
6111.0,6111.0,15.0,0.057655658572912216,8e-05,0.12488030642271042,0.0
6112.0,6112.0,15.0,0.06547985970973969,8e-05,0.11021705716848373,0.0
6113.0,6113.0,15.0,0.07220508903265,8e-05,0.17417047917842865,0.0
6114.0,6114.0,15.0,0.0508749783039093,8e-05,0.20633314549922943,0.0
6115.0,6115.0,15.0,0.05036476254463196,8e-05,0.1188839003443718,0.0
6116.0,6116.0,15.0,0.047769512981176376,8e-05,0.15459905564785004,0.0
6117.0,6117.0,15.0,0.05565034598112106,8e-05,0.16183584928512573,0.0
6118.0,6118.0,15.0,0.044308632612228394,8e-05,0.18808415532112122,0.0
6119.0,6119.0,15.0,0.0773368775844574,8e-05,0.18546345829963684,0.0
6120.0,6120.0,15.0,0.06167086958885193,8e-05,0.2353391796350479,0.0
6121.0,6121.0,15.0,0.05574510246515274,8e-05,0.21168458461761475,0.0
6122.0,6122.0,15.0,0.06187547743320465,8e-05,0.15689638257026672,0.0
6123.0,6123.0,15.0,0.05631133168935776,8e-05,0.2983449101448059,0.0
6124.0,6124.0,15.0,0.0573849193751812,8e-05,0.14972595870494843,0.0
6125.0,6125.0,15.0,0.06637251377105713,8e-05,0.2572222352027893,0.0
6126.0,6126.0,15.0,0.056824468076229095,8e-05,0.202106311917305,0.0
6127.0,6127.0,15.0,0.04907691106200218,8e-05,0.2043386846780777,0.0
6128.0,6128.0,15.0,0.059652116149663925,8e-05,0.1546064168214798,0.0
6129.0,6129.0,15.0,0.06508778035640717,8e-05,0.16828005015850067,0.0
6130.0,6130.0,15.0,0.05997932329773903,8e-05,0.26841890811920166,0.0
6131.0,6131.0,15.0,0.07755015045404434,8e-05,0.14138902723789215,0.0
6132.0,6132.0,15.0,0.06079587712883949,8e-05,0.30997809767723083,0.0
6133.0,6133.0,15.0,0.05283058434724808,8e-05,0.16530734300613403,0.0
6134.0,6134.0,15.0,0.07674607634544373,8e-05,0.19809439778327942,0.0
6135.0,6135.0,15.0,0.06631205230951309,8e-05,0.24491292238235474,0.0
6136.0,6136.0,15.0,0.05640474334359169,8e-05,0.15120847523212433,0.0
6137.0,6137.0,15.0,0.05342138558626175,8e-05,0.23964375257492065,0.0
6138.0,6138.0,15.0,0.06524553894996643,8e-05,0.21301651000976562,0.0
6139.0,6139.0,15.0,0.0476340688765049,8e-05,0.19206270575523376,0.0
6140.0,6140.0,15.0,0.06900301575660706,8e-05,0.19330288469791412,0.0
6141.0,6141.0,15.0,0.07038545608520508,8e-05,0.1452035754919052,0.0
6142.0,6142.0,15.0,0.059329014271497726,8e-05,0.20208123326301575,0.0
6143.0,6143.0,15.0,0.04764889180660248,8e-05,0.17893436551094055,0.0
6144.0,6144.0,15.0,0.05331870913505554,8e-05,0.18612957000732422,0.0
6145.0,6145.0,15.0,0.057652298361063004,8e-05,0.14892365038394928,0.0
6146.0,6146.0,15.0,0.05395098775625229,8e-05,0.10242367535829544,0.0
6147.0,6147.0,15.0,0.05032256990671158,8e-05,0.1698424220085144,0.0
6148.0,6148.0,15.0,0.05360065773129463,8e-05,0.14963428676128387,0.0
6149.0,6149.0,15.0,0.060698553919792175,8e-05,0.1253553181886673,0.0
6150.0,6150.0,15.0,0.06868350505828857,8e-05,0.1618160903453827,0.0
6151.0,6151.0,15.0,0.058512717485427856,8e-05,0.1414211392402649,0.0
6152.0,6152.0,15.0,0.05730776861310005,8e-05,0.1079791858792305,0.0
6153.0,6153.0,15.0,0.05707529932260513,8e-05,0.13360941410064697,0.0
6154.0,6154.0,15.0,0.058642107993364334,8e-05,0.13348735868930817,0.0
6155.0,6155.0,15.0,0.06538259238004684,8e-05,0.10385467112064362,0.0
6156.0,6156.0,15.0,0.06814651936292648,8e-05,0.15606282651424408,0.0
6157.0,6157.0,15.0,0.06628289818763733,8e-05,0.12545600533485413,0.0
6158.0,6158.0,15.0,0.06673748046159744,8e-05,0.12532839179039001,0.0
6159.0,6159.0,15.0,0.056869879364967346,8e-05,0.130729079246521,0.0
6160.0,6160.0,15.0,0.05106736719608307,8e-05,0.13921111822128296,0.0
6161.0,6161.0,15.0,0.05075686424970627,8e-05,0.16172954440116882,0.0
6162.0,6162.0,15.0,0.06579768657684326,8e-05,0.11003152281045914,0.0
6163.0,6163.0,15.0,0.052667178213596344,8e-05,0.1614970713853836,0.0
6164.0,6164.0,15.0,0.058386143296957016,8e-05,0.11235923320055008,0.0
6165.0,6165.0,15.0,0.05911106616258621,8e-05,0.11277167499065399,0.0
6166.0,6166.0,15.0,0.040110670030117035,8e-05,0.16335296630859375,0.0
6167.0,6167.0,15.0,0.06930667161941528,8e-05,0.11200571805238724,0.0
6168.0,6168.0,15.0,0.06992299854755402,8e-05,0.08581987023353577,0.0
6169.0,6169.0,15.0,0.05991646274924278,8e-05,0.10311408340930939,0.0
6170.0,6170.0,15.0,0.061825480312108994,8e-05,0.09854502230882645,0.0
6171.0,6171.0,15.0,0.06086846441030502,8e-05,0.1133657768368721,0.0
6172.0,6172.0,15.0,0.07207345217466354,8e-05,0.14191505312919617,0.0
6173.0,6173.0,15.0,0.059589069336652756,8e-05,0.08359796553850174,0.0
6174.0,6174.0,15.0,0.054615750908851624,8e-05,0.1080268919467926,0.0
6175.0,6175.0,15.0,0.06976250559091568,8e-05,0.15585088729858398,0.0
6176.0,6176.0,15.0,0.0659446269273758,8e-05,0.17785069346427917,0.0
6177.0,6177.0,15.0,0.05464216694235802,8e-05,0.10304903984069824,0.0
6178.0,6178.0,15.0,0.04814278334379196,8e-05,0.1875590682029724,0.0
6179.0,6179.0,15.0,0.06886020302772522,8e-05,0.13868115842342377,0.0
6180.0,6180.0,15.0,0.06556354463100433,8e-05,0.13485535979270935,0.0
6181.0,6181.0,15.0,0.052569761872291565,8e-05,0.162945955991745,0.0
6182.0,6182.0,15.0,0.06500941514968872,8e-05,0.17845670878887177,0.0
6183.0,6183.0,15.0,0.05758126825094223,8e-05,0.16615116596221924,0.0
6184.0,6184.0,15.0,0.061917826533317566,8e-05,0.16829213500022888,0.0
6185.0,6185.0,15.0,0.05973737686872482,8e-05,0.2218482494354248,0.0
6186.0,6186.0,15.0,0.06483618915081024,8e-05,0.17678748071193695,0.0
6187.0,6187.0,15.0,0.06245429068803787,8e-05,0.18581217527389526,0.0
6188.0,6188.0,15.0,0.05620492994785309,8e-05,0.18588107824325562,0.0
6189.0,6189.0,15.0,0.05590416118502617,8e-05,0.16474807262420654,0.0
6190.0,6190.0,15.0,0.0630611702799797,8e-05,0.18822471797466278,0.0
6191.0,6191.0,15.0,0.05515182390809059,8e-05,0.22580355405807495,0.0
6192.0,6192.0,15.0,0.057001255452632904,8e-05,0.17125055193901062,0.0
6193.0,6193.0,15.0,0.06373515725135803,8e-05,0.19797225296497345,0.0
6194.0,6194.0,15.0,0.06338883936405182,8e-05,0.23435334861278534,0.0
6195.0,6195.0,15.0,0.056234706193208694,8e-05,0.1485774666070938,0.0
6196.0,6196.0,15.0,0.0551394447684288,8e-05,0.22070463001728058,0.0
6197.0,6197.0,15.0,0.05300428718328476,8e-05,0.2024928629398346,0.0
6198.0,6198.0,15.0,0.06528307497501373,8e-05,0.18102499842643738,0.0
6199.0,6199.0,15.0,0.055492743849754333,8e-05,0.24757561087608337,0.0
6200.0,6200.0,15.0,0.05967015027999878,8e-05,0.2587816119194031,0.0
6201.0,6201.0,15.0,0.05826916545629501,8e-05,0.1920425146818161,0.0
6202.0,6202.0,15.0,0.05754324793815613,8e-05,0.22737884521484375,0.0
6203.0,6203.0,15.0,0.06449541449546814,8e-05,0.1494433879852295,0.0
6204.0,6204.0,15.0,0.06833333522081375,8e-05,0.2297813445329666,0.0
6205.0,6205.0,15.0,0.061671145260334015,8e-05,0.30459171533584595,0.0
6206.0,6206.0,15.0,0.06723399460315704,8e-05,0.2329518049955368,0.0
6207.0,6207.0,15.0,0.05154888331890106,8e-05,0.27589064836502075,0.0
6208.0,6208.0,15.0,0.055426448583602905,8e-05,0.18543684482574463,0.0
6209.0,6209.0,15.0,0.049850210547447205,8e-05,0.2641317844390869,0.0
6210.0,6210.0,15.0,0.0632954090833664,8e-05,0.19120678305625916,0.0
6211.0,6211.0,15.0,0.045720912516117096,8e-05,0.11986658722162247,0.0
6212.0,6212.0,15.0,0.05323415249586105,8e-05,0.23155000805854797,0.0
6213.0,6213.0,15.0,0.05692030489444733,8e-05,0.14874611794948578,0.0
6214.0,6214.0,15.0,0.05822857469320297,8e-05,0.14718511700630188,0.0
6215.0,6215.0,15.0,0.05882019177079201,8e-05,0.20032688975334167,0.0
6216.0,6216.0,15.0,0.04529673606157303,8e-05,0.14812155067920685,0.0
6217.0,6217.0,15.0,0.0723043829202652,8e-05,0.2237885296344757,0.0
6218.0,6218.0,15.0,0.05131692439317703,8e-05,0.21074038743972778,0.0
6219.0,6219.0,15.0,0.06143445149064064,8e-05,0.15839384496212006,0.0
6220.0,6220.0,15.0,0.06123701483011246,8e-05,0.1531122326850891,0.0
6221.0,6221.0,15.0,0.04989921301603317,8e-05,0.1629607081413269,0.0
6222.0,6222.0,15.0,0.056218668818473816,8e-05,0.1690112203359604,0.0
6223.0,6223.0,15.0,0.06384577602148056,8e-05,0.12995551526546478,0.0
6224.0,6224.0,15.0,0.04869738221168518,8e-05,0.10243890434503555,0.0
6225.0,6225.0,15.0,0.05427313596010208,8e-05,0.16974365711212158,0.0
6226.0,6226.0,15.0,0.052134715020656586,8e-05,0.1274508684873581,0.0
6227.0,6227.0,15.0,0.05855255573987961,8e-05,0.15586569905281067,0.0
6228.0,6228.0,15.0,0.06824900954961777,8e-05,0.16978004574775696,0.0
6229.0,6229.0,15.0,0.05527840554714203,8e-05,0.19556903839111328,0.0
6230.0,6230.0,15.0,0.05911984667181969,8e-05,0.12859027087688446,0.0
6231.0,6231.0,15.0,0.04955541342496872,8e-05,0.2362811118364334,0.0
6232.0,6232.0,15.0,0.07843241095542908,8e-05,0.12065248936414719,0.0
6233.0,6233.0,15.0,0.05828913301229477,8e-05,0.16759131848812103,0.0
6234.0,6234.0,15.0,0.050380416214466095,8e-05,0.15015161037445068,0.0
6235.0,6235.0,15.0,0.056804582476615906,8e-05,0.08728639781475067,0.0
6236.0,6236.0,15.0,0.05983986705541611,8e-05,0.1753297746181488,0.0
6237.0,6237.0,15.0,0.0668073520064354,8e-05,0.1901591271162033,0.0
6238.0,6238.0,15.0,0.05964913219213486,8e-05,0.09798762947320938,0.0
6239.0,6239.0,15.0,0.06246865540742874,8e-05,0.15780559182167053,0.0
6240.0,6240.0,15.0,0.058307938277721405,8e-05,0.21335962414741516,0.0
6241.0,6241.0,16.0,0.050590630620718,8e-05,0.16195334494113922,0.0
6242.0,6242.0,16.0,0.06404197216033936,8e-05,0.14866776764392853,0.0
6243.0,6243.0,16.0,0.06299857050180435,8e-05,0.18917855620384216,0.0
6244.0,6244.0,16.0,0.07657668739557266,8e-05,0.16328977048397064,0.0
6245.0,6245.0,16.0,0.053560562431812286,8e-05,0.13645780086517334,0.0
6246.0,6246.0,16.0,0.0628352239727974,8e-05,0.2182014435529709,0.0
6247.0,6247.0,16.0,0.054686661809682846,8e-05,0.166833758354187,0.0
6248.0,6248.0,16.0,0.0729207992553711,8e-05,0.14021557569503784,0.0
6249.0,6249.0,16.0,0.06675851345062256,8e-05,0.16329234838485718,0.0
6250.0,6250.0,16.0,0.05741157755255699,8e-05,0.12201429158449173,0.0
6251.0,6251.0,16.0,0.06471134722232819,8e-05,0.14387285709381104,0.0
6252.0,6252.0,16.0,0.05700838565826416,8e-05,0.20608696341514587,0.0
6253.0,6253.0,16.0,0.0762738585472107,8e-05,0.18865032494068146,0.0
6254.0,6254.0,16.0,0.0707768052816391,8e-05,0.09439900517463684,0.0
6255.0,6255.0,16.0,0.0595833845436573,8e-05,0.11192416399717331,0.0
6256.0,6256.0,16.0,0.06764060258865356,8e-05,0.11219954490661621,0.0
6257.0,6257.0,16.0,0.05675583332777023,8e-05,0.07680965960025787,0.0
6258.0,6258.0,16.0,0.058029863983392715,8e-05,0.12862704694271088,0.0
6259.0,6259.0,16.0,0.05184267461299896,8e-05,0.08730027079582214,0.0
6260.0,6260.0,16.0,0.04872368276119232,8e-05,0.0868278443813324,0.0
6261.0,6261.0,16.0,0.06607323884963989,8e-05,0.11657405644655228,0.0
6262.0,6262.0,16.0,0.07016541808843613,8e-05,0.10413826256990433,0.0
6263.0,6263.0,16.0,0.0546347014605999,8e-05,0.11097919940948486,0.0
6264.0,6264.0,16.0,0.058068446815013885,8e-05,0.14044542610645294,0.0
6265.0,6265.0,16.0,0.06619207561016083,8e-05,0.1876317709684372,0.0
6266.0,6266.0,16.0,0.05921993404626846,8e-05,0.11875093728303909,0.0
6267.0,6267.0,16.0,0.051273688673973083,8e-05,0.1606115996837616,0.0
6268.0,6268.0,16.0,0.056422121822834015,8e-05,0.13821066915988922,0.0
6269.0,6269.0,16.0,0.06160183623433113,8e-05,0.14687614142894745,0.0
6270.0,6270.0,16.0,0.06374320387840271,8e-05,0.17523272335529327,0.0
6271.0,6271.0,16.0,0.0657312273979187,8e-05,0.17812508344650269,0.0
6272.0,6272.0,16.0,0.05065910890698433,8e-05,0.14361566305160522,0.0
6273.0,6273.0,16.0,0.05190587043762207,8e-05,0.17128944396972656,0.0
6274.0,6274.0,16.0,0.06455665826797485,8e-05,0.17053058743476868,0.0
6275.0,6275.0,16.0,0.04258093237876892,8e-05,0.09790544956922531,0.0
6276.0,6276.0,16.0,0.05565968155860901,8e-05,0.18088991940021515,0.0
6277.0,6277.0,16.0,0.05058355629444122,8e-05,0.10905767232179642,0.0
6278.0,6278.0,16.0,0.045087870210409164,8e-05,0.22225236892700195,0.0
6279.0,6279.0,16.0,0.06966784596443176,8e-05,0.1139739379286766,0.0
6280.0,6280.0,16.0,0.05139201134443283,8e-05,0.12714256346225739,0.0
6281.0,6281.0,16.0,0.05646935850381851,8e-05,0.12036722898483276,0.0
6282.0,6282.0,16.0,0.06106233224272728,8e-05,0.12809492647647858,0.0
6283.0,6283.0,16.0,0.06158312037587166,8e-05,0.1990365833044052,0.0
6284.0,6284.0,16.0,0.055033646523952484,8e-05,0.13052485883235931,0.0
6285.0,6285.0,16.0,0.05762016400694847,8e-05,0.17125260829925537,0.0
6286.0,6286.0,16.0,0.066853828728199,8e-05,0.13403314352035522,0.0
6287.0,6287.0,16.0,0.06171049550175667,8e-05,0.10619799047708511,0.0
6288.0,6288.0,16.0,0.05105743184685707,8e-05,0.1680738478899002,0.0
6289.0,6289.0,16.0,0.05950753390789032,8e-05,0.15479500591754913,0.0
6290.0,6290.0,16.0,0.07128774374723434,8e-05,0.12226203083992004,0.0
6291.0,6291.0,16.0,0.050921253859996796,8e-05,0.14475898444652557,0.0
6292.0,6292.0,16.0,0.06265459209680557,8e-05,0.15985897183418274,0.0
6293.0,6293.0,16.0,0.05630756914615631,8e-05,0.10871872305870056,0.0
6294.0,6294.0,16.0,0.049660973250865936,8e-05,0.2061779946088791,0.0
6295.0,6295.0,16.0,0.057399652898311615,8e-05,0.10936477035284042,0.0
6296.0,6296.0,16.0,0.05789448320865631,8e-05,0.22874590754508972,0.0
6297.0,6297.0,16.0,0.04678843915462494,8e-05,0.13014912605285645,0.0
6298.0,6298.0,16.0,0.05426139384508133,8e-05,0.13078701496124268,0.0
6299.0,6299.0,16.0,0.05412587150931358,8e-05,0.17283308506011963,0.0
6300.0,6300.0,16.0,0.058491580188274384,8e-05,0.08021615445613861,0.0
6301.0,6301.0,16.0,0.05692043900489807,8e-05,0.15395931899547577,0.0
6302.0,6302.0,16.0,0.055672258138656616,8e-05,0.12409751117229462,0.0
6303.0,6303.0,16.0,0.04553336650133133,8e-05,0.08387280255556107,0.0
6304.0,6304.0,16.0,0.06517387181520462,8e-05,0.19659548997879028,0.0
6305.0,6305.0,16.0,0.056021369993686676,8e-05,0.18285657465457916,0.0
6306.0,6306.0,16.0,0.0659182220697403,8e-05,0.12394344806671143,0.0
6307.0,6307.0,16.0,0.05694129317998886,8e-05,0.1431926190853119,0.0
6308.0,6308.0,16.0,0.07116194069385529,8e-05,0.10640054196119308,0.0
6309.0,6309.0,16.0,0.061246126890182495,8e-05,0.07913415879011154,0.0
6310.0,6310.0,16.0,0.052499864250421524,8e-05,0.09524299949407578,0.0
6311.0,6311.0,16.0,0.051239773631095886,8e-05,0.14952577650547028,0.0
6312.0,6312.0,16.0,0.060789160430431366,8e-05,0.11138036102056503,0.0
6313.0,6313.0,16.0,0.05248834192752838,8e-05,0.14656765758991241,0.0
6314.0,6314.0,16.0,0.05654086917638779,8e-05,0.1328875571489334,0.0
6315.0,6315.0,16.0,0.048744358122348785,8e-05,0.07828312367200851,0.0
6316.0,6316.0,16.0,0.06632455438375473,8e-05,0.13159580528736115,0.0
6317.0,6317.0,16.0,0.052707355469465256,8e-05,0.12413942813873291,0.0
6318.0,6318.0,16.0,0.06789271533489227,8e-05,0.09070464968681335,0.0
6319.0,6319.0,16.0,0.056494228541851044,8e-05,0.08674706518650055,0.0
6320.0,6320.0,16.0,0.05306625738739967,8e-05,0.1299547553062439,0.0
6321.0,6321.0,16.0,0.054091550409793854,8e-05,0.08308887481689453,0.0
6322.0,6322.0,16.0,0.0614851713180542,8e-05,0.1339094191789627,0.0
6323.0,6323.0,16.0,0.05717725306749344,8e-05,0.08802203088998795,0.0
6324.0,6324.0,16.0,0.04837813600897789,8e-05,0.12225543707609177,0.0
6325.0,6325.0,16.0,0.055885571986436844,8e-05,0.12976057827472687,0.0
6326.0,6326.0,16.0,0.06256796419620514,8e-05,0.18257176876068115,0.0
6327.0,6327.0,16.0,0.058004915714263916,8e-05,0.09700410813093185,0.0
6328.0,6328.0,16.0,0.06665022671222687,8e-05,0.22926542162895203,0.0
6329.0,6329.0,16.0,0.06012345477938652,8e-05,0.18017445504665375,0.0
6330.0,6330.0,16.0,0.054182954132556915,8e-05,0.20372124016284943,0.0
6331.0,6331.0,16.0,0.04931312054395676,8e-05,0.13529585301876068,0.0
6332.0,6332.0,16.0,0.055307187139987946,8e-05,0.23815591633319855,0.0
6333.0,6333.0,16.0,0.0581296943128109,8e-05,0.14705118536949158,0.0
6334.0,6334.0,16.0,0.05460134893655777,8e-05,0.15045762062072754,0.0
6335.0,6335.0,16.0,0.047054365277290344,8e-05,0.11732342094182968,0.0
6336.0,6336.0,16.0,0.07189267873764038,8e-05,0.1496632993221283,0.0
6337.0,6337.0,16.0,0.05347566679120064,8e-05,0.0874112993478775,0.0
6338.0,6338.0,16.0,0.04626002162694931,8e-05,0.07643807679414749,0.0
6339.0,6339.0,16.0,0.0645783543586731,8e-05,0.1931554526090622,0.0
6340.0,6340.0,16.0,0.05904334783554077,8e-05,0.1376029998064041,0.0
6341.0,6341.0,16.0,0.05438287556171417,8e-05,0.16961577534675598,0.0
6342.0,6342.0,16.0,0.05970684066414833,8e-05,0.14739850163459778,0.0
6343.0,6343.0,16.0,0.05813179165124893,8e-05,0.13630686700344086,0.0
6344.0,6344.0,16.0,0.06246943771839142,8e-05,0.13298757374286652,0.0
6345.0,6345.0,16.0,0.05195067822933197,8e-05,0.16966328024864197,0.0
6346.0,6346.0,16.0,0.048901692032814026,8e-05,0.1696409285068512,0.0
6347.0,6347.0,16.0,0.059595365077257156,8e-05,0.1480492204427719,0.0
6348.0,6348.0,16.0,0.06862196326255798,8e-05,0.17086486518383026,0.0
6349.0,6349.0,16.0,0.04699431359767914,8e-05,0.086617611348629,0.0
6350.0,6350.0,16.0,0.059597015380859375,8e-05,0.17909036576747894,0.0
6351.0,6351.0,16.0,0.06639906764030457,8e-05,0.07763180136680603,0.0
6352.0,6352.0,16.0,0.058166638016700745,8e-05,0.20145468413829803,0.0
6353.0,6353.0,16.0,0.055911071598529816,8e-05,0.12583264708518982,0.0
6354.0,6354.0,16.0,0.053342096507549286,8e-05,0.16051587462425232,0.0
6355.0,6355.0,16.0,0.057157520204782486,8e-05,0.1270376741886139,0.0
6356.0,6356.0,16.0,0.06543823331594467,8e-05,0.1253644973039627,0.0
6357.0,6357.0,16.0,0.060574229806661606,8e-05,0.09950621426105499,0.0
6358.0,6358.0,16.0,0.07258210331201553,8e-05,0.12901000678539276,0.0
6359.0,6359.0,16.0,0.05418980494141579,8e-05,0.1233811154961586,0.0
6360.0,6360.0,16.0,0.058633655309677124,8e-05,0.08628841489553452,0.0
6361.0,6361.0,16.0,0.05141069367527962,8e-05,0.12097594887018204,0.0
6362.0,6362.0,16.0,0.06286820769309998,8e-05,0.11993839591741562,0.0
6363.0,6363.0,16.0,0.05334204062819481,8e-05,0.09681862592697144,0.0
6364.0,6364.0,16.0,0.06002378463745117,8e-05,0.07978665083646774,0.0
6365.0,6365.0,16.0,0.07185234129428864,8e-05,0.12868523597717285,0.0
6366.0,6366.0,16.0,0.0562223419547081,8e-05,0.12503141164779663,0.0
6367.0,6367.0,16.0,0.05305067449808121,8e-05,0.12064297497272491,0.0
6368.0,6368.0,16.0,0.062052324414253235,8e-05,0.16936028003692627,0.0
6369.0,6369.0,16.0,0.06515679508447647,8e-05,0.11969871073961258,0.0
6370.0,6370.0,16.0,0.057673998177051544,8e-05,0.11107822507619858,0.0
6371.0,6371.0,16.0,0.06427613645792007,8e-05,0.16519799828529358,0.0
6372.0,6372.0,16.0,0.05222798138856888,8e-05,0.07877127826213837,0.0
6373.0,6373.0,16.0,0.06222374737262726,8e-05,0.16860494017601013,0.0
6374.0,6374.0,16.0,0.04423744976520538,8e-05,0.12120131403207779,0.0
6375.0,6375.0,16.0,0.05419398471713066,8e-05,0.11055038869380951,0.0
6376.0,6376.0,16.0,0.05357033386826515,8e-05,0.09629936516284943,0.0
6377.0,6377.0,16.0,0.057778194546699524,8e-05,0.1740822046995163,0.0
6378.0,6378.0,16.0,0.06191294640302658,8e-05,0.10442733764648438,0.0
6379.0,6379.0,16.0,0.057564347982406616,8e-05,0.16598175466060638,0.0
6380.0,6380.0,16.0,0.05761003866791725,8e-05,0.06863714009523392,0.0
6381.0,6381.0,16.0,0.0654812902212143,8e-05,0.13659149408340454,0.0
6382.0,6382.0,16.0,0.05065496265888214,8e-05,0.11004225164651871,0.0
6383.0,6383.0,16.0,0.06844785064458847,8e-05,0.12252489477396011,0.0
6384.0,6384.0,16.0,0.06468768417835236,8e-05,0.1282125562429428,0.0
6385.0,6385.0,16.0,0.04475826025009155,8e-05,0.11393626779317856,0.0
6386.0,6386.0,16.0,0.055934593081474304,8e-05,0.09336839616298676,0.0
6387.0,6387.0,16.0,0.046843983232975006,8e-05,0.07626309990882874,0.0
6388.0,6388.0,16.0,0.05758249759674072,8e-05,0.1120508685708046,0.0
6389.0,6389.0,16.0,0.05076868459582329,8e-05,0.06463596224784851,0.0
6390.0,6390.0,16.0,0.05680976063013077,8e-05,0.08589619398117065,0.0
6391.0,6391.0,16.0,0.05072370916604996,8e-05,0.0975472554564476,0.0
6392.0,6392.0,16.0,0.0678844004869461,8e-05,0.11700668185949326,0.0
6393.0,6393.0,16.0,0.05494091659784317,8e-05,0.08697241544723511,0.0
6394.0,6394.0,16.0,0.05605487525463104,8e-05,0.16382107138633728,0.0
6395.0,6395.0,16.0,0.05412818118929863,8e-05,0.09823938459157944,0.0
6396.0,6396.0,16.0,0.054597437381744385,8e-05,0.12542210519313812,0.0
6397.0,6397.0,16.0,0.048405662178993225,8e-05,0.12042544782161713,0.0
6398.0,6398.0,16.0,0.06284282356500626,8e-05,0.13898934423923492,0.0
6399.0,6399.0,16.0,0.0718073695898056,8e-05,0.18903890252113342,0.0
6400.0,6400.0,16.0,0.04548922926187515,8e-05,0.09179124236106873,0.0
6401.0,6401.0,16.0,0.04596679285168648,8e-05,0.1721632033586502,0.0
6402.0,6402.0,16.0,0.06515541672706604,8e-05,0.218211367726326,0.0
6403.0,6403.0,16.0,0.0535268597304821,8e-05,0.147542342543602,0.0
6404.0,6404.0,16.0,0.04409995302557945,8e-05,0.18329335749149323,0.0
6405.0,6405.0,16.0,0.06421849131584167,8e-05,0.15472407639026642,0.0
6406.0,6406.0,16.0,0.0608857199549675,8e-05,0.1999126523733139,0.0
6407.0,6407.0,16.0,0.07280932366847992,8e-05,0.16764867305755615,0.0
6408.0,6408.0,16.0,0.061935629695653915,8e-05,0.13332931697368622,0.0
6409.0,6409.0,16.0,0.059756215661764145,8e-05,0.24747906625270844,0.0
6410.0,6410.0,16.0,0.07208613306283951,8e-05,0.10252085328102112,0.0
6411.0,6411.0,16.0,0.05885873734951019,8e-05,0.2190028578042984,0.0
6412.0,6412.0,16.0,0.05104547366499901,8e-05,0.24359861016273499,0.0
6413.0,6413.0,16.0,0.06113801151514053,8e-05,0.14833895862102509,0.0
6414.0,6414.0,16.0,0.059134989976882935,8e-05,0.3233890235424042,0.0
6415.0,6415.0,16.0,0.0630575567483902,8e-05,0.1104709580540657,0.0
6416.0,6416.0,16.0,0.038267266005277634,8e-05,0.23690807819366455,0.0
6417.0,6417.0,16.0,0.06226196885108948,8e-05,0.18762809038162231,0.0
6418.0,6418.0,16.0,0.06123746559023857,8e-05,0.16182152926921844,0.0
6419.0,6419.0,16.0,0.06623909622430801,8e-05,0.2062772512435913,0.0
6420.0,6420.0,16.0,0.05547972023487091,8e-05,0.11320636421442032,0.0
6421.0,6421.0,16.0,0.054717786610126495,8e-05,0.1322777271270752,0.0
6422.0,6422.0,16.0,0.05334900692105293,8e-05,0.12330199033021927,0.0
6423.0,6423.0,16.0,0.04720394313335419,8e-05,0.10872186720371246,0.0
6424.0,6424.0,16.0,0.05112260952591896,8e-05,0.2003801167011261,0.0
6425.0,6425.0,16.0,0.06301609426736832,8e-05,0.16127973794937134,0.0
6426.0,6426.0,16.0,0.05973958596587181,8e-05,0.18388299643993378,0.0
6427.0,6427.0,16.0,0.05838024616241455,8e-05,0.15401747822761536,0.0
6428.0,6428.0,16.0,0.048577092587947845,8e-05,0.11923602223396301,0.0
6429.0,6429.0,16.0,0.0497305728495121,8e-05,0.14712634682655334,0.0
6430.0,6430.0,16.0,0.04931209236383438,8e-05,0.11152476072311401,0.0
6431.0,6431.0,16.0,0.06532110273838043,8e-05,0.14796406030654907,0.0
6432.0,6432.0,16.0,0.05749575048685074,8e-05,0.18279367685317993,0.0
6433.0,6433.0,16.0,0.0641968622803688,8e-05,0.11584710329771042,0.0
6434.0,6434.0,16.0,0.06610549241304398,8e-05,0.15770380198955536,0.0
6435.0,6435.0,16.0,0.05434960499405861,8e-05,0.16411907970905304,0.0
6436.0,6436.0,16.0,0.05577445775270462,8e-05,0.10582489520311356,0.0
6437.0,6437.0,16.0,0.04743865877389908,8e-05,0.12240500748157501,0.0
6438.0,6438.0,16.0,0.0585424080491066,8e-05,0.16437120735645294,0.0
6439.0,6439.0,16.0,0.05091652646660805,8e-05,0.11702620983123779,0.0
6440.0,6440.0,16.0,0.051524631679058075,8e-05,0.13760027289390564,0.0
6441.0,6441.0,16.0,0.07161365449428558,8e-05,0.16571678221225739,0.0
6442.0,6442.0,16.0,0.06334061175584793,8e-05,0.14413827657699585,0.0
6443.0,6443.0,16.0,0.05726151168346405,8e-05,0.14566484093666077,0.0
6444.0,6444.0,16.0,0.0605631023645401,8e-05,0.17382168769836426,0.0
6445.0,6445.0,16.0,0.06671486794948578,8e-05,0.16740910708904266,0.0
6446.0,6446.0,16.0,0.07492545247077942,8e-05,0.14779619872570038,0.0
6447.0,6447.0,16.0,0.061607688665390015,8e-05,0.19238711893558502,0.0
6448.0,6448.0,16.0,0.06031310185790062,8e-05,0.13025937974452972,0.0
6449.0,6449.0,16.0,0.056042663753032684,8e-05,0.11233992129564285,0.0
6450.0,6450.0,16.0,0.04903848469257355,8e-05,0.1868981271982193,0.0
6451.0,6451.0,16.0,0.0670638158917427,8e-05,0.1021275743842125,0.0
6452.0,6452.0,16.0,0.05637543648481369,8e-05,0.16560156643390656,0.0
6453.0,6453.0,16.0,0.06809491664171219,8e-05,0.17525361478328705,0.0
6454.0,6454.0,16.0,0.06285208463668823,8e-05,0.09475258737802505,0.0
6455.0,6455.0,16.0,0.0651935487985611,8e-05,0.1597234010696411,0.0
6456.0,6456.0,16.0,0.07254232466220856,8e-05,0.16353155672550201,0.0
6457.0,6457.0,16.0,0.05768653005361557,8e-05,0.08798195421695709,0.0
6458.0,6458.0,16.0,0.08304958045482635,8e-05,0.1827155202627182,0.0
6459.0,6459.0,16.0,0.05862155556678772,8e-05,0.1370219886302948,0.0
6460.0,6460.0,16.0,0.05358360335230827,8e-05,0.1116955503821373,0.0
6461.0,6461.0,16.0,0.06683309376239777,8e-05,0.14549677073955536,0.0
6462.0,6462.0,16.0,0.057086117565631866,8e-05,0.16763395071029663,0.0
6463.0,6463.0,16.0,0.05498132109642029,8e-05,0.16508638858795166,0.0
6464.0,6464.0,16.0,0.0654275044798851,8e-05,0.1528976708650589,0.0
6465.0,6465.0,16.0,0.07490625977516174,8e-05,0.18311260640621185,0.0
6466.0,6466.0,16.0,0.058190494775772095,8e-05,0.16108302772045135,0.0
6467.0,6467.0,16.0,0.05451500788331032,8e-05,0.20252950489521027,0.0
6468.0,6468.0,16.0,0.05704916641116142,8e-05,0.1808571070432663,0.0
6469.0,6469.0,16.0,0.06404371559619904,8e-05,0.07132352888584137,0.0
6470.0,6470.0,16.0,0.058560535311698914,8e-05,0.12746219336986542,0.0
6471.0,6471.0,16.0,0.054681651294231415,8e-05,0.1626090407371521,0.0
6472.0,6472.0,16.0,0.05181076377630234,8e-05,0.138994500041008,0.0
6473.0,6473.0,16.0,0.05483689159154892,8e-05,0.10598734766244888,0.0
6474.0,6474.0,16.0,0.05376181751489639,8e-05,0.1694868803024292,0.0
6475.0,6475.0,16.0,0.0667223408818245,8e-05,0.11393661797046661,0.0
6476.0,6476.0,16.0,0.07164524495601654,8e-05,0.16458389163017273,0.0
6477.0,6477.0,16.0,0.06290751695632935,8e-05,0.15689969062805176,0.0
6478.0,6478.0,16.0,0.06434102356433868,8e-05,0.1648344099521637,0.0
6479.0,6479.0,16.0,0.05527878552675247,8e-05,0.1405361145734787,0.0
6480.0,6480.0,16.0,0.06353594362735748,8e-05,0.13278019428253174,0.0
6481.0,6481.0,16.0,0.05192779749631882,8e-05,0.2116418331861496,0.0
6482.0,6482.0,16.0,0.07115799188613892,8e-05,0.1108393743634224,0.0
6483.0,6483.0,16.0,0.05335963889956474,8e-05,0.13137298822402954,0.0
6484.0,6484.0,16.0,0.04957880079746246,8e-05,0.20293045043945312,0.0
6485.0,6485.0,16.0,0.04168935492634773,8e-05,0.09017644077539444,0.0
6486.0,6486.0,16.0,0.05987730249762535,8e-05,0.13626092672348022,0.0
6487.0,6487.0,16.0,0.07146988064050674,8e-05,0.09043185412883759,0.0
6488.0,6488.0,16.0,0.062153443694114685,8e-05,0.08722090721130371,0.0
6489.0,6489.0,16.0,0.053696777671575546,8e-05,0.06611666083335876,0.0
6490.0,6490.0,16.0,0.05284598469734192,8e-05,0.1025521531701088,0.0
6491.0,6491.0,16.0,0.05372337996959686,8e-05,0.12434174120426178,0.0
6492.0,6492.0,16.0,0.06145718693733215,8e-05,0.0972430482506752,0.0
6493.0,6493.0,16.0,0.06328956037759781,8e-05,0.10809288918972015,0.0
6494.0,6494.0,16.0,0.05806910991668701,8e-05,0.11739366501569748,0.0
6495.0,6495.0,16.0,0.08281123638153076,8e-05,0.1015203446149826,0.0
6496.0,6496.0,16.0,0.04946897551417351,8e-05,0.0923345685005188,0.0
6497.0,6497.0,16.0,0.051745299249887466,8e-05,0.11421136558055878,0.0
6498.0,6498.0,16.0,0.045719243586063385,8e-05,0.06461912393569946,0.0
6499.0,6499.0,16.0,0.05859415978193283,8e-05,0.11130659282207489,0.0
6500.0,6500.0,16.0,0.05994908884167671,8e-05,0.13034072518348694,0.0
6501.0,6501.0,16.0,0.06123684346675873,8e-05,0.1090627983212471,0.0
6502.0,6502.0,16.0,0.06492410600185394,8e-05,0.13002939522266388,0.0
6503.0,6503.0,16.0,0.06047825142741203,8e-05,0.12416673451662064,0.0
6504.0,6504.0,16.0,0.058215051889419556,8e-05,0.10265761613845825,0.0
6505.0,6505.0,16.0,0.04619068652391434,8e-05,0.2395658791065216,0.0
6506.0,6506.0,16.0,0.06480082124471664,8e-05,0.11659157276153564,0.0
6507.0,6507.0,16.0,0.05069250240921974,8e-05,0.26132261753082275,0.0
6508.0,6508.0,16.0,0.0516328290104866,8e-05,0.167226180434227,0.0
6509.0,6509.0,16.0,0.057451050728559494,8e-05,0.23285719752311707,0.0
6510.0,6510.0,16.0,0.0715431272983551,8e-05,0.21776340901851654,0.0
6511.0,6511.0,16.0,0.06491892784833908,8e-05,0.22085526585578918,0.0
6512.0,6512.0,16.0,0.05657726526260376,8e-05,0.206964910030365,0.0
6513.0,6513.0,16.0,0.06008654087781906,8e-05,0.27122244238853455,0.0
6514.0,6514.0,16.0,0.061326976865530014,8e-05,0.1944645494222641,0.0
6515.0,6515.0,16.0,0.04504012316465378,8e-05,0.21784056723117828,0.0
6516.0,6516.0,16.0,0.058882519602775574,8e-05,0.2193118929862976,0.0
6517.0,6517.0,16.0,0.059006258845329285,8e-05,0.12463212013244629,0.0
6518.0,6518.0,16.0,0.05008389800786972,8e-05,0.20379585027694702,0.0
6519.0,6519.0,16.0,0.06161640211939812,8e-05,0.17628465592861176,0.0
6520.0,6520.0,16.0,0.06510945409536362,8e-05,0.13306647539138794,0.0
6521.0,6521.0,16.0,0.07262390851974487,8e-05,0.20122848451137543,0.0
6522.0,6522.0,16.0,0.06537248939275742,8e-05,0.1418108195066452,0.0
6523.0,6523.0,16.0,0.0644548088312149,8e-05,0.18866579234600067,0.0
6524.0,6524.0,16.0,0.060422133654356,8e-05,0.16118471324443817,0.0
6525.0,6525.0,16.0,0.03787528723478317,8e-05,0.08793942630290985,0.0
6526.0,6526.0,16.0,0.06605780124664307,8e-05,0.1412070244550705,0.0
6527.0,6527.0,16.0,0.05119650810956955,8e-05,0.1280188262462616,0.0
6528.0,6528.0,16.0,0.06409002095460892,8e-05,0.12421274185180664,0.0
6529.0,6529.0,16.0,0.0708293616771698,8e-05,0.1430286169052124,0.0
6530.0,6530.0,16.0,0.06403954327106476,8e-05,0.10332242399454117,0.0
6531.0,6531.0,16.0,0.049258626997470856,8e-05,0.07219069451093674,0.0
6532.0,6532.0,16.0,0.051766715943813324,8e-05,0.11732737720012665,0.0
6533.0,6533.0,16.0,0.045063674449920654,8e-05,0.08591353893280029,0.0
6534.0,6534.0,16.0,0.050498053431510925,8e-05,0.09749238938093185,0.0
6535.0,6535.0,16.0,0.0761943906545639,8e-05,0.10605309903621674,0.0
6536.0,6536.0,16.0,0.05516324192285538,8e-05,0.08012057840824127,0.0
6537.0,6537.0,16.0,0.07593289017677307,8e-05,0.19248497486114502,0.0
6538.0,6538.0,16.0,0.057329580187797546,8e-05,0.12655456364154816,0.0
6539.0,6539.0,16.0,0.057630833238363266,8e-05,0.12607184052467346,0.0
6540.0,6540.0,16.0,0.05683969706296921,8e-05,0.13629159331321716,0.0
6541.0,6541.0,16.0,0.04798290878534317,8e-05,0.12411390990018845,0.0
6542.0,6542.0,16.0,0.06139613315463066,8e-05,0.10793162882328033,0.0
6543.0,6543.0,16.0,0.05816512927412987,8e-05,0.12815088033676147,0.0
6544.0,6544.0,16.0,0.06304287165403366,8e-05,0.07863762974739075,0.0
6545.0,6545.0,16.0,0.05552546679973602,8e-05,0.08780614286661148,0.0
6546.0,6546.0,16.0,0.061583809554576874,8e-05,0.08541782945394516,0.0
6547.0,6547.0,16.0,0.057510536164045334,8e-05,0.14089207351207733,0.0
6548.0,6548.0,16.0,0.05989404767751694,8e-05,0.10394301265478134,0.0
6549.0,6549.0,16.0,0.07360929250717163,8e-05,0.18590526282787323,0.0
6550.0,6550.0,16.0,0.06417249143123627,8e-05,0.10859658569097519,0.0
6551.0,6551.0,16.0,0.053257450461387634,8e-05,0.14345204830169678,0.0
6552.0,6552.0,16.0,0.056547656655311584,8e-05,0.145311638712883,0.0
6553.0,6553.0,16.0,0.0480976402759552,8e-05,0.1311979740858078,0.0
6554.0,6554.0,16.0,0.060641512274742126,8e-05,0.143532395362854,0.0
6555.0,6555.0,16.0,0.06478149443864822,8e-05,0.14470338821411133,0.0
6556.0,6556.0,16.0,0.07215914875268936,8e-05,0.18341393768787384,0.0
6557.0,6557.0,16.0,0.055135905742645264,8e-05,0.18013431131839752,0.0
6558.0,6558.0,16.0,0.05857989564538002,8e-05,0.21473127603530884,0.0
6559.0,6559.0,16.0,0.06187659129500389,8e-05,0.14220498502254486,0.0
6560.0,6560.0,16.0,0.06922173500061035,8e-05,0.17340843379497528,0.0
6561.0,6561.0,16.0,0.05500752478837967,8e-05,0.16977663338184357,0.0
6562.0,6562.0,16.0,0.06061986833810806,8e-05,0.13222049176692963,0.0
6563.0,6563.0,16.0,0.06949851661920547,8e-05,0.12675893306732178,0.0
6564.0,6564.0,16.0,0.04752404987812042,8e-05,0.17576110363006592,0.0
6565.0,6565.0,16.0,0.06970268487930298,8e-05,0.11986973881721497,0.0
6566.0,6566.0,16.0,0.057227376848459244,8e-05,0.15211254358291626,0.0
6567.0,6567.0,16.0,0.0655527114868164,8e-05,0.17489100992679596,0.0
6568.0,6568.0,16.0,0.05230584368109703,8e-05,0.12958984076976776,0.0
6569.0,6569.0,16.0,0.04802104830741882,8e-05,0.14237970113754272,0.0
6570.0,6570.0,16.0,0.07526911050081253,8e-05,0.1042012944817543,0.0
6571.0,6571.0,16.0,0.05893198773264885,8e-05,0.1359795480966568,0.0
6572.0,6572.0,16.0,0.0545470155775547,8e-05,0.12932957708835602,0.0
6573.0,6573.0,16.0,0.05818474665284157,8e-05,0.106653593480587,0.0
6574.0,6574.0,16.0,0.0687243714928627,8e-05,0.11946097016334534,0.0
6575.0,6575.0,16.0,0.05131568759679794,8e-05,0.08336209505796432,0.0
6576.0,6576.0,16.0,0.06367671489715576,8e-05,0.10476933419704437,0.0
6577.0,6577.0,16.0,0.06445232033729553,8e-05,0.12119053304195404,0.0
6578.0,6578.0,16.0,0.06465902924537659,8e-05,0.08660160005092621,0.0
6579.0,6579.0,16.0,0.06421290338039398,8e-05,0.09483534842729568,0.0
6580.0,6580.0,16.0,0.05626574531197548,8e-05,0.15717260539531708,0.0
6581.0,6581.0,16.0,0.05355478823184967,8e-05,0.14014770090579987,0.0
6582.0,6582.0,16.0,0.06812684237957001,8e-05,0.16643065214157104,0.0
6583.0,6583.0,16.0,0.06017497181892395,8e-05,0.14445136487483978,0.0
6584.0,6584.0,16.0,0.045522112399339676,8e-05,0.10462087392807007,0.0
6585.0,6585.0,16.0,0.0528012290596962,8e-05,0.13841837644577026,0.0
6586.0,6586.0,16.0,0.057614218443632126,8e-05,0.13998311758041382,0.0
6587.0,6587.0,16.0,0.0678643137216568,8e-05,0.10937871038913727,0.0
6588.0,6588.0,16.0,0.05670364201068878,8e-05,0.10433740168809891,0.0
6589.0,6589.0,16.0,0.057073451578617096,8e-05,0.16064538061618805,0.0
6590.0,6590.0,16.0,0.05419270694255829,8e-05,0.07463853806257248,0.0
6591.0,6591.0,16.0,0.062315430492162704,8e-05,0.18954624235630035,0.0
6592.0,6592.0,16.0,0.07110583782196045,8e-05,0.08084990829229355,0.0
6593.0,6593.0,16.0,0.0538158118724823,8e-05,0.12996168434619904,0.0
6594.0,6594.0,16.0,0.06365278363227844,8e-05,0.16472283005714417,0.0
6595.0,6595.0,16.0,0.05690332502126694,8e-05,0.13505274057388306,0.0
6596.0,6596.0,16.0,0.05743805319070816,8e-05,0.11651740223169327,0.0
6597.0,6597.0,16.0,0.059164419770240784,8e-05,0.14433705806732178,0.0
6598.0,6598.0,16.0,0.06943300366401672,8e-05,0.13747374713420868,0.0
6599.0,6599.0,16.0,0.06333978474140167,8e-05,0.13184544444084167,0.0
6600.0,6600.0,16.0,0.04722334071993828,8e-05,0.10764303803443909,0.0
6601.0,6601.0,16.0,0.05857594311237335,8e-05,0.08391036093235016,0.0
6602.0,6602.0,16.0,0.054458100348711014,8e-05,0.13776153326034546,0.0
6603.0,6603.0,16.0,0.05056557059288025,8e-05,0.13301540911197662,0.0
6604.0,6604.0,16.0,0.07149319350719452,8e-05,0.13367773592472076,0.0
6605.0,6605.0,16.0,0.06791584193706512,8e-05,0.12225750088691711,0.0
6606.0,6606.0,16.0,0.07526005804538727,8e-05,0.14797177910804749,0.0
6607.0,6607.0,16.0,0.0541720986366272,8e-05,0.11103362590074539,0.0
6608.0,6608.0,16.0,0.05805927515029907,8e-05,0.09116408973932266,0.0
6609.0,6609.0,16.0,0.06186100095510483,8e-05,0.15908215939998627,0.0
6610.0,6610.0,16.0,0.06160924211144447,8e-05,0.10418357700109482,0.0
6611.0,6611.0,16.0,0.05856440216302872,8e-05,0.1258445531129837,0.0
6612.0,6612.0,16.0,0.047058068215847015,8e-05,0.11958375573158264,0.0
6613.0,6613.0,16.0,0.06119981408119202,8e-05,0.1037052720785141,0.0
6614.0,6614.0,16.0,0.05179135501384735,8e-05,0.12025070935487747,0.0
6615.0,6615.0,16.0,0.06764344871044159,8e-05,0.14941732585430145,0.0
6616.0,6616.0,16.0,0.05847270041704178,8e-05,0.15322676301002502,0.0
6617.0,6617.0,16.0,0.0658283606171608,8e-05,0.14274388551712036,0.0
6618.0,6618.0,16.0,0.05305305868387222,8e-05,0.1818912923336029,0.0
6619.0,6619.0,16.0,0.06069466844201088,8e-05,0.12148073315620422,0.0
6620.0,6620.0,16.0,0.05877118185162544,8e-05,0.14225324988365173,0.0
6621.0,6621.0,16.0,0.07111543416976929,8e-05,0.10557089745998383,0.0
6622.0,6622.0,16.0,0.05893321335315704,8e-05,0.09458988904953003,0.0
6623.0,6623.0,16.0,0.04575720801949501,8e-05,0.09209161251783371,0.0
6624.0,6624.0,16.0,0.07139825820922852,8e-05,0.13553400337696075,0.0
6625.0,6625.0,16.0,0.06925331056118011,8e-05,0.10127495229244232,0.0
6626.0,6626.0,16.0,0.04631217569112778,8e-05,0.1177142933011055,0.0
6627.0,6627.0,16.0,0.06861633062362671,8e-05,0.18554408848285675,0.0
6628.0,6628.0,16.0,0.0581166073679924,8e-05,0.13749095797538757,0.0
6629.0,6629.0,16.0,0.05106259882450104,8e-05,0.1373763382434845,0.0
6630.0,6630.0,16.0,0.0686180591583252,8e-05,0.12763895094394684,0.0
6631.0,6631.0,17.0,0.07835087180137634,8e-05,0.10947515070438385,0.0
6632.0,6632.0,17.0,0.06163068115711212,8e-05,0.12782540917396545,0.0
6633.0,6633.0,17.0,0.06811900436878204,8e-05,0.17798325419425964,0.0
6634.0,6634.0,17.0,0.06711925566196442,8e-05,0.11403407156467438,0.0
6635.0,6635.0,17.0,0.06137728691101074,8e-05,0.17742866277694702,0.0
6636.0,6636.0,17.0,0.05091223120689392,8e-05,0.10977238416671753,0.0
6637.0,6637.0,17.0,0.05598411336541176,8e-05,0.15577727556228638,0.0
6638.0,6638.0,17.0,0.07374568283557892,8e-05,0.14202557504177094,0.0
6639.0,6639.0,17.0,0.061032313853502274,8e-05,0.16827145218849182,0.0
6640.0,6640.0,17.0,0.058210231363773346,8e-05,0.10846565663814545,0.0
6641.0,6641.0,17.0,0.055432435125112534,8e-05,0.18746337294578552,0.0
6642.0,6642.0,17.0,0.04744623601436615,8e-05,0.1605260670185089,0.0
6643.0,6643.0,17.0,0.06368498504161835,8e-05,0.15591111779212952,0.0
6644.0,6644.0,17.0,0.05715501308441162,8e-05,0.2678951621055603,0.0
6645.0,6645.0,17.0,0.06665994226932526,8e-05,0.10228117555379868,0.0
6646.0,6646.0,17.0,0.05151592195034027,8e-05,0.17010797560214996,0.0
6647.0,6647.0,17.0,0.05838903412222862,8e-05,0.19094352424144745,0.0
6648.0,6648.0,17.0,0.05565536022186279,8e-05,0.10296282917261124,0.0
6649.0,6649.0,17.0,0.060099318623542786,8e-05,0.24653294682502747,0.0
6650.0,6650.0,17.0,0.058899715542793274,8e-05,0.13799120485782623,0.0
6651.0,6651.0,17.0,0.05307702347636223,8e-05,0.1553155779838562,0.0
6652.0,6652.0,17.0,0.062498971819877625,8e-05,0.2040395438671112,0.0
6653.0,6653.0,17.0,0.0624365359544754,8e-05,0.16372278332710266,0.0
6654.0,6654.0,17.0,0.05128233879804611,8e-05,0.20770764350891113,0.0
6655.0,6655.0,17.0,0.05380697920918465,8e-05,0.17861992120742798,0.0
6656.0,6656.0,17.0,0.05291255936026573,8e-05,0.13744865357875824,0.0
6657.0,6657.0,17.0,0.06338629126548767,8e-05,0.11773236095905304,0.0
6658.0,6658.0,17.0,0.04663451015949249,8e-05,0.15252739191055298,0.0
6659.0,6659.0,17.0,0.054549891501665115,8e-05,0.10074172168970108,0.0
6660.0,6660.0,17.0,0.051052626222372055,8e-05,0.12682479619979858,0.0
6661.0,6661.0,17.0,0.04644942656159401,8e-05,0.0848211944103241,0.0
6662.0,6662.0,17.0,0.06705060601234436,8e-05,0.15520350635051727,0.0
6663.0,6663.0,17.0,0.07044392824172974,8e-05,0.08569717407226562,0.0
6664.0,6664.0,17.0,0.05815885215997696,8e-05,0.17923833429813385,0.0
6665.0,6665.0,17.0,0.05956549942493439,8e-05,0.10734088718891144,0.0
6666.0,6666.0,17.0,0.06315688043832779,8e-05,0.10596778988838196,0.0
6667.0,6667.0,17.0,0.05397886037826538,8e-05,0.20886258780956268,0.0
6668.0,6668.0,17.0,0.0634855180978775,8e-05,0.09194891899824142,0.0
6669.0,6669.0,17.0,0.054492801427841187,8e-05,0.18014341592788696,0.0
6670.0,6670.0,17.0,0.055826835334300995,8e-05,0.13244177401065826,0.0
6671.0,6671.0,17.0,0.051747050136327744,8e-05,0.08573173731565475,0.0
6672.0,6672.0,17.0,0.05652870610356331,8e-05,0.13314594328403473,0.0
6673.0,6673.0,17.0,0.051147520542144775,8e-05,0.113230861723423,0.0
6674.0,6674.0,17.0,0.05208287388086319,8e-05,0.13677792251110077,0.0
6675.0,6675.0,17.0,0.059980008751153946,8e-05,0.10223938524723053,0.0
6676.0,6676.0,17.0,0.05514094606041908,8e-05,0.12616664171218872,0.0
6677.0,6677.0,17.0,0.07654301822185516,8e-05,0.10616318881511688,0.0
6678.0,6678.0,17.0,0.07709355652332306,8e-05,0.15301929414272308,0.0
6679.0,6679.0,17.0,0.06856328994035721,8e-05,0.12668289244174957,0.0
6680.0,6680.0,17.0,0.049612030386924744,8e-05,0.1894962191581726,0.0
6681.0,6681.0,17.0,0.05721549689769745,8e-05,0.12114939838647842,0.0
6682.0,6682.0,17.0,0.06001013144850731,8e-05,0.16919390857219696,0.0
6683.0,6683.0,17.0,0.06158994138240814,8e-05,0.11494986712932587,0.0
6684.0,6684.0,17.0,0.05698166415095329,8e-05,0.1588864028453827,0.0
6685.0,6685.0,17.0,0.05355947092175484,8e-05,0.13784091174602509,0.0
6686.0,6686.0,17.0,0.06278662383556366,8e-05,0.15013007819652557,0.0
6687.0,6687.0,17.0,0.055435165762901306,8e-05,0.1684723198413849,0.0
6688.0,6688.0,17.0,0.06235386058688164,8e-05,0.1054224744439125,0.0
6689.0,6689.0,17.0,0.052729345858097076,8e-05,0.11504625529050827,0.0
6690.0,6690.0,17.0,0.07135909795761108,8e-05,0.13826310634613037,0.0
6691.0,6691.0,17.0,0.06118381395936012,8e-05,0.13575825095176697,0.0
6692.0,6692.0,17.0,0.053970590233802795,8e-05,0.13693195581436157,0.0
6693.0,6693.0,17.0,0.05444962903857231,8e-05,0.10936468094587326,0.0
6694.0,6694.0,17.0,0.048901110887527466,8e-05,0.110357366502285,0.0
6695.0,6695.0,17.0,0.060488298535346985,8e-05,0.13603568077087402,0.0
6696.0,6696.0,17.0,0.07621743530035019,8e-05,0.09641946852207184,0.0
6697.0,6697.0,17.0,0.04682205244898796,8e-05,0.1098330169916153,0.0
6698.0,6698.0,17.0,0.05097118392586708,8e-05,0.1235041469335556,0.0
6699.0,6699.0,17.0,0.07571643590927124,8e-05,0.15828412771224976,0.0
6700.0,6700.0,17.0,0.04817664623260498,8e-05,0.14898133277893066,0.0
6701.0,6701.0,17.0,0.06827358901500702,8e-05,0.1353624165058136,0.0
6702.0,6702.0,17.0,0.06514379382133484,8e-05,0.12398574501276016,0.0
6703.0,6703.0,17.0,0.05232393741607666,8e-05,0.1187879890203476,0.0
6704.0,6704.0,17.0,0.051212746649980545,8e-05,0.12751583755016327,0.0
6705.0,6705.0,17.0,0.056413546204566956,8e-05,0.117212675511837,0.0
6706.0,6706.0,17.0,0.049893468618392944,8e-05,0.1092643141746521,0.0
6707.0,6707.0,17.0,0.08280093222856522,8e-05,0.1296752393245697,0.0
6708.0,6708.0,17.0,0.05561279505491257,8e-05,0.11697442084550858,0.0
6709.0,6709.0,17.0,0.049468040466308594,8e-05,0.15157882869243622,0.0
6710.0,6710.0,17.0,0.0719572901725769,8e-05,0.17220528423786163,0.0
6711.0,6711.0,17.0,0.05570083111524582,8e-05,0.11966384202241898,0.0
6712.0,6712.0,17.0,0.065941721200943,8e-05,0.158790722489357,0.0
6713.0,6713.0,17.0,0.057656362652778625,8e-05,0.1426723152399063,0.0
6714.0,6714.0,17.0,0.06104642152786255,8e-05,0.12094548344612122,0.0
6715.0,6715.0,17.0,0.06990467756986618,8e-05,0.15067259967327118,0.0
6716.0,6716.0,17.0,0.06132005527615547,8e-05,0.0750531256198883,0.0
6717.0,6717.0,17.0,0.059937816113233566,8e-05,0.17031046748161316,0.0
6718.0,6718.0,17.0,0.056965555995702744,8e-05,0.10996676236391068,0.0
6719.0,6719.0,17.0,0.07652385532855988,8e-05,0.1362912803888321,0.0
6720.0,6720.0,17.0,0.051285989582538605,8e-05,0.12260068953037262,0.0
6721.0,6721.0,17.0,0.057516615837812424,8e-05,0.0792771428823471,0.0
6722.0,6722.0,17.0,0.05204655975103378,8e-05,0.141438826918602,0.0
6723.0,6723.0,17.0,0.0469338484108448,8e-05,0.10896763205528259,0.0
6724.0,6724.0,17.0,0.05842752754688263,8e-05,0.12703852355480194,0.0
6725.0,6725.0,17.0,0.05810701847076416,8e-05,0.07565946131944656,0.0
6726.0,6726.0,17.0,0.0732782781124115,8e-05,0.09339388459920883,0.0
6727.0,6727.0,17.0,0.04680036008358002,8e-05,0.1261664777994156,0.0
6728.0,6728.0,17.0,0.059125982224941254,8e-05,0.09379927068948746,0.0
6729.0,6729.0,17.0,0.05094555392861366,8e-05,0.10684745013713837,0.0
6730.0,6730.0,17.0,0.05757509917020798,8e-05,0.11341540515422821,0.0
6731.0,6731.0,17.0,0.07402265816926956,8e-05,0.1079501286149025,0.0
6732.0,6732.0,17.0,0.06398928165435791,8e-05,0.09174990653991699,0.0
6733.0,6733.0,17.0,0.0586128756403923,8e-05,0.16307444870471954,0.0
6734.0,6734.0,17.0,0.07010788470506668,8e-05,0.09461119771003723,0.0
6735.0,6735.0,17.0,0.05340751260519028,8e-05,0.11782512813806534,0.0
6736.0,6736.0,17.0,0.05050177872180939,8e-05,0.1466708481311798,0.0
6737.0,6737.0,17.0,0.05573330819606781,8e-05,0.10798738896846771,0.0
6738.0,6738.0,17.0,0.052156828343868256,8e-05,0.1844521164894104,0.0
6739.0,6739.0,17.0,0.050510287284851074,8e-05,0.11958244442939758,0.0
6740.0,6740.0,17.0,0.05211639776825905,8e-05,0.0732705146074295,0.0
6741.0,6741.0,17.0,0.053893089294433594,8e-05,0.10843468457460403,0.0
6742.0,6742.0,17.0,0.05861906707286835,8e-05,0.13100364804267883,0.0
6743.0,6743.0,17.0,0.042487043887376785,8e-05,0.10630357265472412,0.0
6744.0,6744.0,17.0,0.053024373948574066,8e-05,0.10049428045749664,0.0
6745.0,6745.0,17.0,0.052753813564777374,8e-05,0.13798381388187408,0.0
6746.0,6746.0,17.0,0.05631028860807419,8e-05,0.09986796975135803,0.0
6747.0,6747.0,17.0,0.057238880544900894,8e-05,0.14307072758674622,0.0
6748.0,6748.0,17.0,0.051583729684352875,8e-05,0.17465044558048248,0.0
6749.0,6749.0,17.0,0.06336908042430878,8e-05,0.12610404193401337,0.0
6750.0,6750.0,17.0,0.052801162004470825,8e-05,0.11679839342832565,0.0
6751.0,6751.0,17.0,0.05673823133111,8e-05,0.15850284695625305,0.0
6752.0,6752.0,17.0,0.06845887005329132,8e-05,0.20851515233516693,0.0
6753.0,6753.0,17.0,0.048297859728336334,8e-05,0.15635401010513306,0.0
6754.0,6754.0,17.0,0.05884353816509247,8e-05,0.16991764307022095,0.0
6755.0,6755.0,17.0,0.0644344761967659,8e-05,0.11205311864614487,0.0
6756.0,6756.0,17.0,0.05226002261042595,8e-05,0.19379733502864838,0.0
6757.0,6757.0,17.0,0.0560726560652256,8e-05,0.12919551134109497,0.0
6758.0,6758.0,17.0,0.06577570736408234,8e-05,0.15463662147521973,0.0
6759.0,6759.0,17.0,0.05448416247963905,8e-05,0.10626828670501709,0.0
6760.0,6760.0,17.0,0.05491843819618225,8e-05,0.09165247529745102,0.0
6761.0,6761.0,17.0,0.05851718783378601,8e-05,0.1408795267343521,0.0
6762.0,6762.0,17.0,0.05190260708332062,8e-05,0.12006644904613495,0.0
6763.0,6763.0,17.0,0.04833756014704704,8e-05,0.10429021716117859,0.0
6764.0,6764.0,17.0,0.0681057721376419,8e-05,0.12174756079912186,0.0
6765.0,6765.0,17.0,0.06560932099819183,8e-05,0.09809788316488266,0.0
6766.0,6766.0,17.0,0.05233313888311386,8e-05,0.12312878668308258,0.0
6767.0,6767.0,17.0,0.06013863906264305,8e-05,0.11491915583610535,0.0
6768.0,6768.0,17.0,0.06349845230579376,8e-05,0.11824207752943039,0.0
6769.0,6769.0,17.0,0.07304960489273071,8e-05,0.11989118903875351,0.0
6770.0,6770.0,17.0,0.05296751856803894,8e-05,0.08035226166248322,0.0
6771.0,6771.0,17.0,0.06272679567337036,8e-05,0.1652788668870926,0.0
6772.0,6772.0,17.0,0.06744594871997833,8e-05,0.10212613642215729,0.0
6773.0,6773.0,17.0,0.0654546469449997,8e-05,0.16572877764701843,0.0
6774.0,6774.0,17.0,0.05451646447181702,8e-05,0.09074659645557404,0.0
6775.0,6775.0,17.0,0.06541302800178528,8e-05,0.1578466147184372,0.0
6776.0,6776.0,17.0,0.06417296826839447,8e-05,0.12433243542909622,0.0
6777.0,6777.0,17.0,0.07336682081222534,8e-05,0.14825086295604706,0.0
6778.0,6778.0,17.0,0.04670645296573639,8e-05,0.15705624222755432,0.0
6779.0,6779.0,17.0,0.05484847351908684,8e-05,0.11592432856559753,0.0
6780.0,6780.0,17.0,0.0648169219493866,8e-05,0.14454984664916992,0.0
6781.0,6781.0,17.0,0.06282558292150497,8e-05,0.12576167285442352,0.0
6782.0,6782.0,17.0,0.05130986124277115,8e-05,0.11489596962928772,0.0
6783.0,6783.0,17.0,0.06291714310646057,8e-05,0.13126978278160095,0.0
6784.0,6784.0,17.0,0.06786531955003738,8e-05,0.10729257017374039,0.0
6785.0,6785.0,17.0,0.05339222773909569,8e-05,0.11013395339250565,0.0
6786.0,6786.0,17.0,0.06104379892349243,8e-05,0.11896095424890518,0.0
6787.0,6787.0,17.0,0.06483706831932068,8e-05,0.16633719205856323,0.0
6788.0,6788.0,17.0,0.061832983046770096,8e-05,0.07213957607746124,0.0
6789.0,6789.0,17.0,0.058051954954862595,8e-05,0.20750439167022705,0.0
6790.0,6790.0,17.0,0.05181664228439331,8e-05,0.08316431194543839,0.0
6791.0,6791.0,17.0,0.06337656825780869,8e-05,0.1111016795039177,0.0
6792.0,6792.0,17.0,0.06459034979343414,8e-05,0.19143444299697876,0.0
6793.0,6793.0,17.0,0.06263798475265503,8e-05,0.1289711892604828,0.0
6794.0,6794.0,17.0,0.055997759103775024,8e-05,0.12580278515815735,0.0
6795.0,6795.0,17.0,0.04874119535088539,8e-05,0.11455394327640533,0.0
6796.0,6796.0,17.0,0.06016400456428528,8e-05,0.1144467368721962,0.0
6797.0,6797.0,17.0,0.05541597679257393,8e-05,0.25072017312049866,0.0
6798.0,6798.0,17.0,0.05861575901508331,8e-05,0.1037721186876297,0.0
6799.0,6799.0,17.0,0.06832665205001831,8e-05,0.1834816336631775,0.0
6800.0,6800.0,17.0,0.07281568646430969,8e-05,0.2327333390712738,0.0
6801.0,6801.0,17.0,0.07484539598226547,8e-05,0.16134685277938843,0.0
6802.0,6802.0,17.0,0.058490946888923645,8e-05,0.23085515201091766,0.0
6803.0,6803.0,17.0,0.06311105936765671,8e-05,0.11177872121334076,0.0
6804.0,6804.0,17.0,0.05784866586327553,8e-05,0.14179383218288422,0.0
6805.0,6805.0,17.0,0.07540003955364227,8e-05,0.20816254615783691,0.0
6806.0,6806.0,17.0,0.06598004698753357,8e-05,0.16196000576019287,0.0
6807.0,6807.0,17.0,0.05923555791378021,8e-05,0.2494257092475891,0.0
6808.0,6808.0,17.0,0.055422574281692505,8e-05,0.12133857607841492,0.0
6809.0,6809.0,17.0,0.06460002064704895,8e-05,0.2044914811849594,0.0
6810.0,6810.0,17.0,0.05708284676074982,8e-05,0.1346135288476944,0.0
6811.0,6811.0,17.0,0.07729233056306839,8e-05,0.18783247470855713,0.0
6812.0,6812.0,17.0,0.06017327308654785,8e-05,0.16657470166683197,0.0
6813.0,6813.0,17.0,0.053427137434482574,8e-05,0.18589036166667938,0.0
6814.0,6814.0,17.0,0.057603925466537476,8e-05,0.13408218324184418,0.0
6815.0,6815.0,17.0,0.05673554912209511,8e-05,0.2114378809928894,0.0
6816.0,6816.0,17.0,0.06317996233701706,8e-05,0.0887465551495552,0.0
6817.0,6817.0,17.0,0.05483056232333183,8e-05,0.1552322804927826,0.0
6818.0,6818.0,17.0,0.06669382750988007,8e-05,0.17759422957897186,0.0
6819.0,6819.0,17.0,0.060899943113327026,8e-05,0.09141196310520172,0.0
6820.0,6820.0,17.0,0.05315892770886421,8e-05,0.14928193390369415,0.0
6821.0,6821.0,17.0,0.046877987682819366,8e-05,0.1605340540409088,0.0
6822.0,6822.0,17.0,0.06611362844705582,8e-05,0.10871139913797379,0.0
6823.0,6823.0,17.0,0.07645107805728912,8e-05,0.13363540172576904,0.0
6824.0,6824.0,17.0,0.06381292641162872,8e-05,0.17754815518856049,0.0
6825.0,6825.0,17.0,0.06844588369131088,8e-05,0.1194552630186081,0.0
6826.0,6826.0,17.0,0.05671599879860878,8e-05,0.08028558641672134,0.0
6827.0,6827.0,17.0,0.056923359632492065,8e-05,0.1429569274187088,0.0
6828.0,6828.0,17.0,0.058194734156131744,8e-05,0.13430048525333405,0.0
6829.0,6829.0,17.0,0.05051508545875549,8e-05,0.11256574094295502,0.0
6830.0,6830.0,17.0,0.06843508780002594,8e-05,0.094139963388443,0.0
6831.0,6831.0,17.0,0.04649347811937332,8e-05,0.19703057408332825,0.0
6832.0,6832.0,17.0,0.05225342512130737,8e-05,0.1358373612165451,0.0
6833.0,6833.0,17.0,0.05628921091556549,8e-05,0.21376913785934448,0.0
6834.0,6834.0,17.0,0.054620951414108276,8e-05,0.19575822353363037,0.0
6835.0,6835.0,17.0,0.05219676345586777,8e-05,0.08133838325738907,0.0
6836.0,6836.0,17.0,0.0699639767408371,8e-05,0.22568178176879883,0.0
6837.0,6837.0,17.0,0.05351715534925461,8e-05,0.19062921404838562,0.0
6838.0,6838.0,17.0,0.07634280622005463,8e-05,0.14100562036037445,0.0
6839.0,6839.0,17.0,0.06772039830684662,8e-05,0.17973576486110687,0.0
6840.0,6840.0,17.0,0.05742654949426651,8e-05,0.14073628187179565,0.0
6841.0,6841.0,17.0,0.0595228411257267,8e-05,0.14848005771636963,0.0
6842.0,6842.0,17.0,0.060685139149427414,8e-05,0.10347132384777069,0.0
6843.0,6843.0,17.0,0.0646982416510582,8e-05,0.18664202094078064,0.0
6844.0,6844.0,17.0,0.052128858864307404,8e-05,0.09154326468706131,0.0
6845.0,6845.0,17.0,0.05767368525266647,8e-05,0.16926437616348267,0.0
6846.0,6846.0,17.0,0.0640457272529602,8e-05,0.1115741953253746,0.0
6847.0,6847.0,17.0,0.058305129408836365,8e-05,0.16837714612483978,0.0
6848.0,6848.0,17.0,0.06034772843122482,8e-05,0.11118239164352417,0.0
6849.0,6849.0,17.0,0.05306687951087952,8e-05,0.15448687970638275,0.0
6850.0,6850.0,17.0,0.07319234311580658,8e-05,0.15170714259147644,0.0
6851.0,6851.0,17.0,0.04932726174592972,8e-05,0.22498534619808197,0.0
6852.0,6852.0,17.0,0.08130165934562683,8e-05,0.11119537055492401,0.0
6853.0,6853.0,17.0,0.05733675882220268,8e-05,0.14954310655593872,0.0
6854.0,6854.0,17.0,0.055711530148983,8e-05,0.1394326239824295,0.0
6855.0,6855.0,17.0,0.03978309780359268,8e-05,0.07145008444786072,0.0
6856.0,6856.0,17.0,0.05846978724002838,8e-05,0.13574084639549255,0.0
6857.0,6857.0,17.0,0.0763823613524437,8e-05,0.10806901752948761,0.0
6858.0,6858.0,17.0,0.05693327635526657,8e-05,0.16783417761325836,0.0
6859.0,6859.0,17.0,0.0646219402551651,8e-05,0.09450704604387283,0.0
6860.0,6860.0,17.0,0.07444887608289719,8e-05,0.11037999391555786,0.0
6861.0,6861.0,17.0,0.0686703622341156,8e-05,0.10147618502378464,0.0
6862.0,6862.0,17.0,0.06389417499303818,8e-05,0.12644772231578827,0.0
6863.0,6863.0,17.0,0.07867803424596786,8e-05,0.1412511169910431,0.0
6864.0,6864.0,17.0,0.05923692137002945,8e-05,0.10877306014299393,0.0
6865.0,6865.0,17.0,0.04900619015097618,8e-05,0.12105605751276016,0.0
6866.0,6866.0,17.0,0.06777258217334747,8e-05,0.0922279879450798,0.0
6867.0,6867.0,17.0,0.05540432780981064,8e-05,0.1302882581949234,0.0
6868.0,6868.0,17.0,0.05770278722047806,8e-05,0.09782251715660095,0.0
6869.0,6869.0,17.0,0.06123756989836693,8e-05,0.10143060237169266,0.0
6870.0,6870.0,17.0,0.04825606569647789,8e-05,0.09302487969398499,0.0
6871.0,6871.0,17.0,0.05633717402815819,8e-05,0.11125357449054718,0.0
6872.0,6872.0,17.0,0.06414596736431122,8e-05,0.09309931844472885,0.0
6873.0,6873.0,17.0,0.06685630232095718,8e-05,0.16220496594905853,0.0
6874.0,6874.0,17.0,0.06860435754060745,8e-05,0.08431236445903778,0.0
6875.0,6875.0,17.0,0.06359446793794632,8e-05,0.10082896798849106,0.0
6876.0,6876.0,17.0,0.06685450673103333,8e-05,0.15374557673931122,0.0
6877.0,6877.0,17.0,0.06703172624111176,8e-05,0.09849681705236435,0.0
6878.0,6878.0,17.0,0.057656511664390564,8e-05,0.14636972546577454,0.0
6879.0,6879.0,17.0,0.05641037970781326,8e-05,0.15629585087299347,0.0
6880.0,6880.0,17.0,0.059313662350177765,8e-05,0.11518730968236923,0.0
6881.0,6881.0,17.0,0.06427867710590363,8e-05,0.2062857747077942,0.0
6882.0,6882.0,17.0,0.05971475690603256,8e-05,0.15668326616287231,0.0
6883.0,6883.0,17.0,0.0690269023180008,8e-05,0.23000235855579376,0.0
6884.0,6884.0,17.0,0.06671078503131866,8e-05,0.14959217607975006,0.0
6885.0,6885.0,17.0,0.053213104605674744,8e-05,0.1886068731546402,0.0
6886.0,6886.0,17.0,0.06628702580928802,8e-05,0.14270973205566406,0.0
6887.0,6887.0,17.0,0.06915617734193802,8e-05,0.16652080416679382,0.0
6888.0,6888.0,17.0,0.054005950689315796,8e-05,0.11748961359262466,0.0
6889.0,6889.0,17.0,0.05353746563196182,8e-05,0.10039842873811722,0.0
6890.0,6890.0,17.0,0.047487374395132065,8e-05,0.07233830541372299,0.0
6891.0,6891.0,17.0,0.05575910955667496,8e-05,0.12935276329517365,0.0
6892.0,6892.0,17.0,0.05536316707730293,8e-05,0.09632758796215057,0.0
6893.0,6893.0,17.0,0.057170942425727844,8e-05,0.09168698638677597,0.0
6894.0,6894.0,17.0,0.07354938983917236,8e-05,0.08127960562705994,0.0
6895.0,6895.0,17.0,0.06407040357589722,8e-05,0.08263154327869415,0.0
6896.0,6896.0,17.0,0.049814533442258835,8e-05,0.10604942589998245,0.0
6897.0,6897.0,17.0,0.055586859583854675,8e-05,0.08269301056861877,0.0
6898.0,6898.0,17.0,0.06634193658828735,8e-05,0.13365063071250916,0.0
6899.0,6899.0,17.0,0.06617081165313721,8e-05,0.1484287679195404,0.0
6900.0,6900.0,17.0,0.07073327898979187,8e-05,0.161031574010849,0.0
6901.0,6901.0,17.0,0.05254996567964554,8e-05,0.1656240075826645,0.0
6902.0,6902.0,17.0,0.06508923321962357,8e-05,0.12473782151937485,0.0
6903.0,6903.0,17.0,0.050697967410087585,8e-05,0.1463562548160553,0.0
6904.0,6904.0,17.0,0.04924875125288963,8e-05,0.10284122824668884,0.0
6905.0,6905.0,17.0,0.045509953051805496,8e-05,0.14146965742111206,0.0
6906.0,6906.0,17.0,0.06492695957422256,8e-05,0.08334222435951233,0.0
6907.0,6907.0,17.0,0.06714247167110443,8e-05,0.14800383150577545,0.0
6908.0,6908.0,17.0,0.050693124532699585,8e-05,0.1021796241402626,0.0
6909.0,6909.0,17.0,0.06134627386927605,8e-05,0.14775799214839935,0.0
6910.0,6910.0,17.0,0.0578744038939476,8e-05,0.08563975989818573,0.0
6911.0,6911.0,17.0,0.06406018137931824,8e-05,0.15001264214515686,0.0
6912.0,6912.0,17.0,0.06570799648761749,8e-05,0.0957784578204155,0.0
6913.0,6913.0,17.0,0.05479574576020241,8e-05,0.1145126149058342,0.0
6914.0,6914.0,17.0,0.057340070605278015,8e-05,0.10877543687820435,0.0
6915.0,6915.0,17.0,0.062211960554122925,8e-05,0.16191431879997253,0.0
6916.0,6916.0,17.0,0.061481744050979614,8e-05,0.11090393364429474,0.0
6917.0,6917.0,17.0,0.048592764884233475,8e-05,0.14667825400829315,0.0
6918.0,6918.0,17.0,0.061677947640419006,8e-05,0.17809370160102844,0.0
6919.0,6919.0,17.0,0.06253726780414581,8e-05,0.11367002874612808,0.0
6920.0,6920.0,17.0,0.07353533804416656,8e-05,0.17769764363765717,0.0
6921.0,6921.0,17.0,0.07537457346916199,8e-05,0.12185453623533249,0.0
6922.0,6922.0,17.0,0.055458471179008484,8e-05,0.15889129042625427,0.0
6923.0,6923.0,17.0,0.05565010383725166,8e-05,0.13785526156425476,0.0
6924.0,6924.0,17.0,0.0632941722869873,8e-05,0.08862433582544327,0.0
6925.0,6925.0,17.0,0.050836797803640366,8e-05,0.2373591810464859,0.0
6926.0,6926.0,17.0,0.05043793469667435,8e-05,0.1129869893193245,0.0
6927.0,6927.0,17.0,0.04810182750225067,8e-05,0.20076188445091248,0.0
6928.0,6928.0,17.0,0.060686033219099045,8e-05,0.09403713792562485,0.0
6929.0,6929.0,17.0,0.06768295913934708,8e-05,0.15804028511047363,0.0
6930.0,6930.0,17.0,0.059856221079826355,8e-05,0.09752324223518372,0.0
6931.0,6931.0,17.0,0.06752423942089081,8e-05,0.2263111025094986,0.0
6932.0,6932.0,17.0,0.04581748694181442,8e-05,0.07530266791582108,0.0
6933.0,6933.0,17.0,0.05915277451276779,8e-05,0.19048194587230682,0.0
6934.0,6934.0,17.0,0.06767694652080536,8e-05,0.11436953395605087,0.0
6935.0,6935.0,17.0,0.05615813285112381,8e-05,0.14127685129642487,0.0
6936.0,6936.0,17.0,0.07175469398498535,8e-05,0.13270507752895355,0.0
6937.0,6937.0,17.0,0.06367415934801102,8e-05,0.10595009475946426,0.0
6938.0,6938.0,17.0,0.06872901320457458,8e-05,0.17825208604335785,0.0
6939.0,6939.0,17.0,0.05991596728563309,8e-05,0.09267329424619675,0.0
6940.0,6940.0,17.0,0.07222133874893188,8e-05,0.16533377766609192,0.0
6941.0,6941.0,17.0,0.05591811239719391,8e-05,0.1207726001739502,0.0
6942.0,6942.0,17.0,0.06251848489046097,8e-05,0.14844316244125366,0.0
6943.0,6943.0,17.0,0.053748682141304016,8e-05,0.1415640413761139,0.0
6944.0,6944.0,17.0,0.069998599588871,8e-05,0.14450156688690186,0.0
6945.0,6945.0,17.0,0.06998142600059509,8e-05,0.12270142138004303,0.0
6946.0,6946.0,17.0,0.063865065574646,8e-05,0.10003025084733963,0.0
6947.0,6947.0,17.0,0.056013911962509155,8e-05,0.09102120995521545,0.0
6948.0,6948.0,17.0,0.04777508229017258,8e-05,0.12044569849967957,0.0
6949.0,6949.0,17.0,0.05641190707683563,8e-05,0.10833393037319183,0.0
6950.0,6950.0,17.0,0.06466350704431534,8e-05,0.16107621788978577,0.0
6951.0,6951.0,17.0,0.05352165549993515,8e-05,0.09721565246582031,0.0
6952.0,6952.0,17.0,0.0692325085401535,8e-05,0.17501172423362732,0.0
6953.0,6953.0,17.0,0.058157727122306824,8e-05,0.08978109806776047,0.0
6954.0,6954.0,17.0,0.05430350452661514,8e-05,0.13511888682842255,0.0
6955.0,6955.0,17.0,0.06957222521305084,8e-05,0.13227353990077972,0.0
6956.0,6956.0,17.0,0.04694573953747749,8e-05,0.0953938364982605,0.0
6957.0,6957.0,17.0,0.04389006644487381,8e-05,0.16272203624248505,0.0
6958.0,6958.0,17.0,0.05785783380270004,8e-05,0.08602435886859894,0.0
6959.0,6959.0,17.0,0.06035398319363594,8e-05,0.21409398317337036,0.0
6960.0,6960.0,17.0,0.06746625155210495,8e-05,0.13711367547512054,0.0
6961.0,6961.0,17.0,0.058351654559373856,8e-05,0.11895892769098282,0.0
6962.0,6962.0,17.0,0.050875429064035416,8e-05,0.1691644787788391,0.0
6963.0,6963.0,17.0,0.05524677783250809,8e-05,0.11508779972791672,0.0
6964.0,6964.0,17.0,0.05871780961751938,8e-05,0.1328928917646408,0.0
6965.0,6965.0,17.0,0.06167878210544586,8e-05,0.11781253665685654,0.0
6966.0,6966.0,17.0,0.06424020230770111,8e-05,0.12823486328125,0.0
6967.0,6967.0,17.0,0.06476680934429169,8e-05,0.09361378103494644,0.0
6968.0,6968.0,17.0,0.05167669057846069,8e-05,0.15700319409370422,0.0
6969.0,6969.0,17.0,0.04914243146777153,8e-05,0.10720659047365189,0.0
6970.0,6970.0,17.0,0.05844194442033768,8e-05,0.17197304964065552,0.0
6971.0,6971.0,17.0,0.06451551616191864,8e-05,0.12314333766698837,0.0
6972.0,6972.0,17.0,0.06418482214212418,8e-05,0.10233327001333237,0.0
6973.0,6973.0,17.0,0.04613664746284485,8e-05,0.1417742520570755,0.0
6974.0,6974.0,17.0,0.05429895222187042,8e-05,0.09499531984329224,0.0
6975.0,6975.0,17.0,0.05548182502388954,8e-05,0.10297312587499619,0.0
6976.0,6976.0,17.0,0.059345781803131104,8e-05,0.10146533697843552,0.0
6977.0,6977.0,17.0,0.05854516103863716,8e-05,0.08267440646886826,0.0
6978.0,6978.0,17.0,0.053315985947847366,8e-05,0.1406598538160324,0.0
6979.0,6979.0,17.0,0.05673297494649887,8e-05,0.09310752898454666,0.0
6980.0,6980.0,17.0,0.0683412179350853,8e-05,0.09749779850244522,0.0
6981.0,6981.0,17.0,0.06183118745684624,8e-05,0.145808607339859,0.0
6982.0,6982.0,17.0,0.05586624518036842,8e-05,0.09232029318809509,0.0
6983.0,6983.0,17.0,0.04802341014146805,8e-05,0.056135598570108414,0.0
6984.0,6984.0,17.0,0.05943073332309723,8e-05,0.11062630265951157,0.0
6985.0,6985.0,17.0,0.05596926808357239,8e-05,0.0709284096956253,0.0
6986.0,6986.0,17.0,0.07567097246646881,8e-05,0.07960664480924606,0.0
6987.0,6987.0,17.0,0.052231431007385254,8e-05,0.12705349922180176,0.0
6988.0,6988.0,17.0,0.064408078789711,8e-05,0.09627610445022583,0.0
6989.0,6989.0,17.0,0.061450742185115814,8e-05,0.10997889935970306,0.0
6990.0,6990.0,17.0,0.06858095526695251,8e-05,0.1044008806347847,0.0
6991.0,6991.0,17.0,0.0458187460899353,8e-05,0.09407064318656921,0.0
6992.0,6992.0,17.0,0.06776592880487442,8e-05,0.09193997085094452,0.0
6993.0,6993.0,17.0,0.059499192982912064,8e-05,0.08619751036167145,0.0
6994.0,6994.0,17.0,0.06022581830620766,8e-05,0.10636226087808609,0.0
6995.0,6995.0,17.0,0.05889740586280823,8e-05,0.11837450414896011,0.0
6996.0,6996.0,17.0,0.05396861955523491,8e-05,0.0790589451789856,0.0
6997.0,6997.0,17.0,0.056444525718688965,8e-05,0.0971190333366394,0.0
6998.0,6998.0,17.0,0.05534718930721283,8e-05,0.10144931823015213,0.0
6999.0,6999.0,17.0,0.0682075172662735,8e-05,0.07648555189371109,0.0
7000.0,7000.0,17.0,0.05838051065802574,8e-05,0.0966387689113617,0.0
7001.0,7001.0,17.0,0.06047457829117775,8e-05,0.10647927969694138,0.0
7002.0,7002.0,17.0,0.04786684736609459,8e-05,0.06242204084992409,0.0
7003.0,7003.0,17.0,0.057501234114170074,8e-05,0.0922699123620987,0.0
7004.0,7004.0,17.0,0.04994911700487137,8e-05,0.07667644321918488,0.0
7005.0,7005.0,17.0,0.06270404160022736,8e-05,0.0751718059182167,0.0
7006.0,7006.0,17.0,0.04978567361831665,8e-05,0.1288355141878128,0.0
7007.0,7007.0,17.0,0.05691137909889221,8e-05,0.14408087730407715,0.0
7008.0,7008.0,17.0,0.06227955222129822,8e-05,0.16408413648605347,0.0
7009.0,7009.0,17.0,0.05289605259895325,8e-05,0.1908985823392868,0.0
7010.0,7010.0,17.0,0.05646875128149986,8e-05,0.08921041339635849,0.0
7011.0,7011.0,17.0,0.06047610193490982,8e-05,0.10389392822980881,0.0
7012.0,7012.0,17.0,0.05490056797862053,8e-05,0.13097037374973297,0.0
7013.0,7013.0,17.0,0.055337682366371155,8e-05,0.11491752415895462,0.0
7014.0,7014.0,17.0,0.06178559362888336,8e-05,0.0959901213645935,0.0
7015.0,7015.0,17.0,0.050596803426742554,8e-05,0.1361457258462906,0.0
7016.0,7016.0,17.0,0.05846809968352318,8e-05,0.14960280060768127,0.0
7017.0,7017.0,17.0,0.05617982894182205,8e-05,0.11219857633113861,0.0
7018.0,7018.0,17.0,0.05843201279640198,8e-05,0.08605135232210159,0.0
7019.0,7019.0,17.0,0.057831987738609314,8e-05,0.12347809225320816,0.0
7020.0,7020.0,17.0,0.07218077033758163,8e-05,0.08636486530303955,0.0
7021.0,7021.0,18.0,0.05191515386104584,8e-05,0.14336277544498444,0.0
7022.0,7022.0,18.0,0.04869598150253296,8e-05,0.10160545259714127,0.0
7023.0,7023.0,18.0,0.06362892687320709,8e-05,0.13087302446365356,0.0
7024.0,7024.0,18.0,0.05085274204611778,8e-05,0.11317288875579834,0.0
7025.0,7025.0,18.0,0.05522621423006058,8e-05,0.11316557228565216,0.0
7026.0,7026.0,18.0,0.05504045635461807,8e-05,0.10145910084247589,0.0
7027.0,7027.0,18.0,0.05196008086204529,8e-05,0.06643130630254745,0.0
7028.0,7028.0,18.0,0.05465611815452576,8e-05,0.07277506589889526,0.0
7029.0,7029.0,18.0,0.0558416023850441,8e-05,0.12891197204589844,0.0
7030.0,7030.0,18.0,0.04755818098783493,8e-05,0.08477739244699478,0.0
7031.0,7031.0,18.0,0.05370817333459854,8e-05,0.07960577309131622,0.0
7032.0,7032.0,18.0,0.06789092719554901,8e-05,0.14997854828834534,0.0
7033.0,7033.0,18.0,0.0724930390715599,8e-05,0.11592289060354233,0.0
7034.0,7034.0,18.0,0.06055022031068802,8e-05,0.12678968906402588,0.0
7035.0,7035.0,18.0,0.052574411034584045,8e-05,0.1032009944319725,0.0
7036.0,7036.0,18.0,0.07195072621107101,8e-05,0.1574794501066208,0.0
7037.0,7037.0,18.0,0.05419427156448364,8e-05,0.09898153692483902,0.0
7038.0,7038.0,18.0,0.055104631930589676,8e-05,0.14528809487819672,0.0
7039.0,7039.0,18.0,0.06869655847549438,8e-05,0.11401023715734482,0.0
7040.0,7040.0,18.0,0.0656585767865181,8e-05,0.09885389357805252,0.0
7041.0,7041.0,18.0,0.06936898082494736,8e-05,0.12622298300266266,0.0
7042.0,7042.0,18.0,0.056855201721191406,8e-05,0.09734386205673218,0.0
7043.0,7043.0,18.0,0.0576402023434639,8e-05,0.0921168252825737,0.0
7044.0,7044.0,18.0,0.05966665595769882,8e-05,0.1015419289469719,0.0
7045.0,7045.0,18.0,0.04827052354812622,8e-05,0.13371042907238007,0.0
7046.0,7046.0,18.0,0.07694043219089508,8e-05,0.10152409225702286,0.0
7047.0,7047.0,18.0,0.06873126327991486,8e-05,0.1452150195837021,0.0
7048.0,7048.0,18.0,0.08517836034297943,8e-05,0.13492444157600403,0.0
7049.0,7049.0,18.0,0.0510856956243515,8e-05,0.11117441207170486,0.0
7050.0,7050.0,18.0,0.06682085990905762,8e-05,0.15450884401798248,0.0
7051.0,7051.0,18.0,0.04473705217242241,8e-05,0.11593794077634811,0.0
7052.0,7052.0,18.0,0.05870644748210907,8e-05,0.1201012060046196,0.0
7053.0,7053.0,18.0,0.07029081135988235,8e-05,0.13252122700214386,0.0
7054.0,7054.0,18.0,0.050462380051612854,8e-05,0.09229669719934464,0.0
7055.0,7055.0,18.0,0.07533623278141022,8e-05,0.128030464053154,0.0
7056.0,7056.0,18.0,0.06092778593301773,8e-05,0.1407429426908493,0.0
7057.0,7057.0,18.0,0.05698097497224808,8e-05,0.09552451223134995,0.0
7058.0,7058.0,18.0,0.062143802642822266,8e-05,0.2147531360387802,0.0
7059.0,7059.0,18.0,0.05800607055425644,8e-05,0.10054168105125427,0.0
7060.0,7060.0,18.0,0.06722709536552429,8e-05,0.1956150084733963,0.0
7061.0,7061.0,18.0,0.06337737292051315,8e-05,0.13071325421333313,0.0
7062.0,7062.0,18.0,0.058255884796381,8e-05,0.1928938925266266,0.0
7063.0,7063.0,18.0,0.05240536108613014,8e-05,0.15176045894622803,0.0
7064.0,7064.0,18.0,0.05929326266050339,8e-05,0.18022412061691284,0.0
7065.0,7065.0,18.0,0.05277230590581894,8e-05,0.19884298741817474,0.0
7066.0,7066.0,18.0,0.056696295738220215,8e-05,0.14472916722297668,0.0
7067.0,7067.0,18.0,0.055011145770549774,8e-05,0.2131970375776291,0.0
7068.0,7068.0,18.0,0.05913633108139038,8e-05,0.08249247819185257,0.0
7069.0,7069.0,18.0,0.05486467853188515,8e-05,0.21036222577095032,0.0
7070.0,7070.0,18.0,0.0430409200489521,8e-05,0.08184052258729935,0.0
7071.0,7071.0,18.0,0.05182424187660217,8e-05,0.08844690024852753,0.0
7072.0,7072.0,18.0,0.07506676018238068,8e-05,0.1655583530664444,0.0
7073.0,7073.0,18.0,0.06415697932243347,8e-05,0.0790611132979393,0.0
7074.0,7074.0,18.0,0.0678582489490509,8e-05,0.1528969556093216,0.0
7075.0,7075.0,18.0,0.06097812205553055,8e-05,0.13962043821811676,0.0
7076.0,7076.0,18.0,0.04891153797507286,8e-05,0.11740581691265106,0.0
7077.0,7077.0,18.0,0.06293369829654694,8e-05,0.1847624033689499,0.0
7078.0,7078.0,18.0,0.06160755828022957,8e-05,0.07297097146511078,0.0
7079.0,7079.0,18.0,0.058844588696956635,8e-05,0.17426365613937378,0.0
7080.0,7080.0,18.0,0.057175081223249435,8e-05,0.11084751784801483,0.0
7081.0,7081.0,18.0,0.062992163002491,8e-05,0.15726156532764435,0.0
7082.0,7082.0,18.0,0.04892456531524658,8e-05,0.0658286064863205,0.0
7083.0,7083.0,18.0,0.05770661681890488,8e-05,0.1706249862909317,0.0
7084.0,7084.0,18.0,0.04890144243836403,8e-05,0.10243967175483704,0.0
7085.0,7085.0,18.0,0.042182281613349915,8e-05,0.1652580201625824,0.0
7086.0,7086.0,18.0,0.050705067813396454,8e-05,0.0704960823059082,0.0
7087.0,7087.0,18.0,0.05600649118423462,8e-05,0.1487978845834732,0.0
7088.0,7088.0,18.0,0.055474136024713516,8e-05,0.1475890576839447,0.0
7089.0,7089.0,18.0,0.058890774846076965,8e-05,0.1661658138036728,0.0
7090.0,7090.0,18.0,0.0541161485016346,8e-05,0.17201513051986694,0.0
7091.0,7091.0,18.0,0.054120469838380814,8e-05,0.12316522002220154,0.0
7092.0,7092.0,18.0,0.05840737372636795,8e-05,0.23673999309539795,0.0
7093.0,7093.0,18.0,0.054091766476631165,8e-05,0.12622492015361786,0.0
7094.0,7094.0,18.0,0.07308076322078705,8e-05,0.14791612327098846,0.0
7095.0,7095.0,18.0,0.0517326295375824,8e-05,0.1076376810669899,0.0
7096.0,7096.0,18.0,0.051284655928611755,8e-05,0.1693749725818634,0.0
7097.0,7097.0,18.0,0.06534674018621445,8e-05,0.09404115378856659,0.0
7098.0,7098.0,18.0,0.06179523468017578,8e-05,0.26413705945014954,0.0
7099.0,7099.0,18.0,0.05404410883784294,8e-05,0.07910354435443878,0.0
7100.0,7100.0,18.0,0.05997767299413681,8e-05,0.18508979678153992,0.0
7101.0,7101.0,18.0,0.06500110030174255,8e-05,0.09689079225063324,0.0
7102.0,7102.0,18.0,0.06872327625751495,8e-05,0.16505815088748932,0.0
7103.0,7103.0,18.0,0.05251476168632507,8e-05,0.1154065653681755,0.0
7104.0,7104.0,18.0,0.04983505979180336,8e-05,0.12954723834991455,0.0
7105.0,7105.0,18.0,0.06062358617782593,8e-05,0.14492905139923096,0.0
7106.0,7106.0,18.0,0.047703854739665985,8e-05,0.09177213907241821,0.0
7107.0,7107.0,18.0,0.05974813923239708,8e-05,0.09742070734500885,0.0
7108.0,7108.0,18.0,0.05516812950372696,8e-05,0.08431917428970337,0.0
7109.0,7109.0,18.0,0.05562610924243927,8e-05,0.07588661462068558,0.0
7110.0,7110.0,18.0,0.047697629779577255,8e-05,0.08833006769418716,0.0
7111.0,7111.0,18.0,0.06704489886760712,8e-05,0.09547995030879974,0.0
7112.0,7112.0,18.0,0.05016423761844635,8e-05,0.10527054220438004,0.0
7113.0,7113.0,18.0,0.05238375812768936,8e-05,0.10495897382497787,0.0
7114.0,7114.0,18.0,0.045268140733242035,8e-05,0.08792487531900406,0.0
7115.0,7115.0,18.0,0.05918010696768761,8e-05,0.10322769731283188,0.0
7116.0,7116.0,18.0,0.048793092370033264,8e-05,0.06452255696058273,0.0
7117.0,7117.0,18.0,0.04759244620800018,8e-05,0.09348501265048981,0.0
7118.0,7118.0,18.0,0.06060677394270897,8e-05,0.10297494381666183,0.0
7119.0,7119.0,18.0,0.05654136463999748,8e-05,0.15334555506706238,0.0
7120.0,7120.0,18.0,0.04812897741794586,8e-05,0.0861334279179573,0.0
7121.0,7121.0,18.0,0.054046712815761566,8e-05,0.1364583671092987,0.0
7122.0,7122.0,18.0,0.055109653621912,8e-05,0.17805765569210052,0.0
7123.0,7123.0,18.0,0.04465387389063835,8e-05,0.07421781867742538,0.0
7124.0,7124.0,18.0,0.06825534999370575,8e-05,0.26619499921798706,0.0
7125.0,7125.0,18.0,0.06348412483930588,8e-05,0.08880792558193207,0.0
7126.0,7126.0,18.0,0.05702274292707443,8e-05,0.08420860022306442,0.0
7127.0,7127.0,18.0,0.05036404728889465,8e-05,0.14170822501182556,0.0
7128.0,7128.0,18.0,0.05863666161894798,8e-05,0.06377138942480087,0.0
7129.0,7129.0,18.0,0.05808006227016449,8e-05,0.11764705181121826,0.0
7130.0,7130.0,18.0,0.06931667029857635,8e-05,0.13478033244609833,0.0
7131.0,7131.0,18.0,0.055349014699459076,8e-05,0.14893290400505066,0.0
7132.0,7132.0,18.0,0.05304664373397827,8e-05,0.133969247341156,0.0
7133.0,7133.0,18.0,0.05320686101913452,8e-05,0.1256028413772583,0.0
7134.0,7134.0,18.0,0.07832563668489456,8e-05,0.21674764156341553,0.0
7135.0,7135.0,18.0,0.04779613018035889,8e-05,0.13179460167884827,0.0
7136.0,7136.0,18.0,0.0589180663228035,8e-05,0.22985370457172394,0.0
7137.0,7137.0,18.0,0.05653555318713188,8e-05,0.16252733767032623,0.0
7138.0,7138.0,18.0,0.06501201540231705,8e-05,0.18315380811691284,0.0
7139.0,7139.0,18.0,0.06229892745614052,8e-05,0.241458460688591,0.0
7140.0,7140.0,18.0,0.07823951542377472,8e-05,0.23165281116962433,0.0
7141.0,7141.0,18.0,0.06360471248626709,8e-05,0.21680115163326263,0.0
7142.0,7142.0,18.0,0.059500958770513535,8e-05,0.2443641871213913,0.0
7143.0,7143.0,18.0,0.059756938368082047,8e-05,0.133957177400589,0.0
7144.0,7144.0,18.0,0.06657383590936661,8e-05,0.2084263414144516,0.0
7145.0,7145.0,18.0,0.04878891259431839,8e-05,0.08226194977760315,0.0
7146.0,7146.0,18.0,0.06128935515880585,8e-05,0.24137237668037415,0.0
7147.0,7147.0,18.0,0.05608012527227402,8e-05,0.09106017649173737,0.0
7148.0,7148.0,18.0,0.06194765120744705,8e-05,0.15961988270282745,0.0
7149.0,7149.0,18.0,0.057337686419487,8e-05,0.16069777309894562,0.0
7150.0,7150.0,18.0,0.05670642852783203,8e-05,0.09019554406404495,0.0
7151.0,7151.0,18.0,0.045966751873493195,8e-05,0.11627982556819916,0.0
7152.0,7152.0,18.0,0.0673714280128479,8e-05,0.21190255880355835,0.0
7153.0,7153.0,18.0,0.05073302984237671,8e-05,0.10194242000579834,0.0
7154.0,7154.0,18.0,0.05862477421760559,8e-05,0.21970674395561218,0.0
7155.0,7155.0,18.0,0.06680265069007874,8e-05,0.1314641833305359,0.0
7156.0,7156.0,18.0,0.05899382010102272,8e-05,0.18605560064315796,0.0
7157.0,7157.0,18.0,0.05452413111925125,8e-05,0.1443864107131958,0.0
7158.0,7158.0,18.0,0.07237114757299423,8e-05,0.19245468080043793,0.0
7159.0,7159.0,18.0,0.045016784220933914,8e-05,0.1735730916261673,0.0
7160.0,7160.0,18.0,0.05491311103105545,8e-05,0.11996019631624222,0.0
7161.0,7161.0,18.0,0.061815500259399414,8e-05,0.17287158966064453,0.0
7162.0,7162.0,18.0,0.056380558758974075,8e-05,0.07775367051362991,0.0
7163.0,7163.0,18.0,0.05696364492177963,8e-05,0.18581388890743256,0.0
7164.0,7164.0,18.0,0.06055047735571861,8e-05,0.0931057259440422,0.0
7165.0,7165.0,18.0,0.05391307920217514,8e-05,0.15135395526885986,0.0
7166.0,7166.0,18.0,0.06706322729587555,8e-05,0.12132345885038376,0.0
7167.0,7167.0,18.0,0.06500975787639618,8e-05,0.12154123932123184,0.0
7168.0,7168.0,18.0,0.05433328077197075,8e-05,0.13574360311031342,0.0
7169.0,7169.0,18.0,0.0609932616353035,8e-05,0.13799674808979034,0.0
7170.0,7170.0,18.0,0.06478963047266006,8e-05,0.12133591622114182,0.0
7171.0,7171.0,18.0,0.06207743287086487,8e-05,0.12084878981113434,0.0
7172.0,7172.0,18.0,0.05075618252158165,8e-05,0.13517910242080688,0.0
7173.0,7173.0,18.0,0.05358172953128815,8e-05,0.10052724927663803,0.0
7174.0,7174.0,18.0,0.07499755918979645,8e-05,0.10634423047304153,0.0
7175.0,7175.0,18.0,0.050038740038871765,8e-05,0.14152000844478607,0.0
7176.0,7176.0,18.0,0.0645461454987526,8e-05,0.1272604763507843,0.0
7177.0,7177.0,18.0,0.06609916687011719,8e-05,0.09150795638561249,0.0
7178.0,7178.0,18.0,0.0664137750864029,8e-05,0.0865483433008194,0.0
7179.0,7179.0,18.0,0.05816397815942764,8e-05,0.11727239191532135,0.0
7180.0,7180.0,18.0,0.05711480975151062,8e-05,0.11522778123617172,0.0
7181.0,7181.0,18.0,0.057621028274297714,8e-05,0.12196505814790726,0.0
7182.0,7182.0,18.0,0.05631992220878601,8e-05,0.11588430404663086,0.0
7183.0,7183.0,18.0,0.05915706977248192,8e-05,0.11445316672325134,0.0
7184.0,7184.0,18.0,0.06438498198986053,8e-05,0.0992647111415863,0.0
7185.0,7185.0,18.0,0.06309110671281815,8e-05,0.12610426545143127,0.0
7186.0,7186.0,18.0,0.058194439858198166,8e-05,0.10191334038972855,0.0
7187.0,7187.0,18.0,0.0702371597290039,8e-05,0.11974253505468369,0.0
7188.0,7188.0,18.0,0.06830614805221558,8e-05,0.11089420318603516,0.0
7189.0,7189.0,18.0,0.07507310807704926,8e-05,0.18797728419303894,0.0
7190.0,7190.0,18.0,0.07193537056446075,8e-05,0.10028679668903351,0.0
7191.0,7191.0,18.0,0.05780751630663872,8e-05,0.1246170625090599,0.0
7192.0,7192.0,18.0,0.05833429843187332,8e-05,0.08628369867801666,0.0
7193.0,7193.0,18.0,0.05696253851056099,8e-05,0.15050779283046722,0.0
7194.0,7194.0,18.0,0.05964247137308121,8e-05,0.08935754001140594,0.0
7195.0,7195.0,18.0,0.06349021196365356,8e-05,0.1124110072851181,0.0
7196.0,7196.0,18.0,0.051167022436857224,8e-05,0.0974823608994484,0.0
7197.0,7197.0,18.0,0.05345733463764191,8e-05,0.08515381813049316,0.0
7198.0,7198.0,18.0,0.0452432744204998,8e-05,0.09033950418233871,0.0
7199.0,7199.0,18.0,0.04678267985582352,8e-05,0.09759311378002167,0.0
7200.0,7200.0,18.0,0.05442875623703003,8e-05,0.07324445247650146,0.0
7201.0,7201.0,18.0,0.0634000301361084,8e-05,0.10404829680919647,0.0
7202.0,7202.0,18.0,0.06473886221647263,8e-05,0.11044255644083023,0.0
7203.0,7203.0,18.0,0.06069818139076233,8e-05,0.09052308648824692,0.0
7204.0,7204.0,18.0,0.056682288646698,8e-05,0.17287203669548035,0.0
7205.0,7205.0,18.0,0.05192763730883598,8e-05,0.0758521556854248,0.0
7206.0,7206.0,18.0,0.06210843101143837,8e-05,0.1382208615541458,0.0
7207.0,7207.0,18.0,0.056345418095588684,8e-05,0.12192792445421219,0.0
7208.0,7208.0,18.0,0.060096897184848785,8e-05,0.10287255048751831,0.0
7209.0,7209.0,18.0,0.06562842428684235,8e-05,0.12837818264961243,0.0
7210.0,7210.0,18.0,0.05871901288628578,8e-05,0.15833626687526703,0.0
7211.0,7211.0,18.0,0.060128290206193924,8e-05,0.23077863454818726,0.0
7212.0,7212.0,18.0,0.05442801117897034,8e-05,0.09449097514152527,0.0
7213.0,7213.0,18.0,0.056282900273799896,8e-05,0.23775652050971985,0.0
7214.0,7214.0,18.0,0.06115315854549408,8e-05,0.1335500031709671,0.0
7215.0,7215.0,18.0,0.05354229360818863,8e-05,0.11114489287137985,0.0
7216.0,7216.0,18.0,0.06244511157274246,8e-05,0.2068227380514145,0.0
7217.0,7217.0,18.0,0.05528339371085167,8e-05,0.10138485580682755,0.0
7218.0,7218.0,18.0,0.057476650923490524,8e-05,0.12655556201934814,0.0
7219.0,7219.0,18.0,0.06299376487731934,8e-05,0.1589774489402771,0.0
7220.0,7220.0,18.0,0.06901741027832031,8e-05,0.15213431417942047,0.0
7221.0,7221.0,18.0,0.05524658039212227,8e-05,0.13477487862110138,0.0
7222.0,7222.0,18.0,0.051663726568222046,8e-05,0.11238338053226471,0.0
7223.0,7223.0,18.0,0.05078759789466858,8e-05,0.15865378081798553,0.0
7224.0,7224.0,18.0,0.07419933378696442,8e-05,0.15053556859493256,0.0
7225.0,7225.0,18.0,0.06422512233257294,8e-05,0.1806611865758896,0.0
7226.0,7226.0,18.0,0.0528932623565197,8e-05,0.1520097702741623,0.0
7227.0,7227.0,18.0,0.06018128991127014,8e-05,0.12935392558574677,0.0
7228.0,7228.0,18.0,0.06185219809412956,8e-05,0.09210465103387833,0.0
7229.0,7229.0,18.0,0.06685271859169006,8e-05,0.14841285347938538,0.0
7230.0,7230.0,18.0,0.07113629579544067,8e-05,0.09239891916513443,0.0
7231.0,7231.0,18.0,0.05957670509815216,8e-05,0.16776490211486816,0.0
7232.0,7232.0,18.0,0.0609423965215683,8e-05,0.10999694466590881,0.0
7233.0,7233.0,18.0,0.05899418890476227,8e-05,0.09986888617277145,0.0
7234.0,7234.0,18.0,0.06807733327150345,8e-05,0.11906923353672028,0.0
7235.0,7235.0,18.0,0.05138576775789261,8e-05,0.09408540278673172,0.0
7236.0,7236.0,18.0,0.05357464402914047,8e-05,0.10535481572151184,0.0
7237.0,7237.0,18.0,0.05163586884737015,8e-05,0.09871925413608551,0.0
7238.0,7238.0,18.0,0.05005229637026787,8e-05,0.10954797267913818,0.0
7239.0,7239.0,18.0,0.04942001402378082,8e-05,0.09818349033594131,0.0
7240.0,7240.0,18.0,0.044425129890441895,8e-05,0.14716070890426636,0.0
7241.0,7241.0,18.0,0.060817915946245193,8e-05,0.11657050997018814,0.0
7242.0,7242.0,18.0,0.052109360694885254,8e-05,0.21596099436283112,0.0
7243.0,7243.0,18.0,0.041436076164245605,8e-05,0.15108197927474976,0.0
7244.0,7244.0,18.0,0.05385502055287361,8e-05,0.19180819392204285,0.0
7245.0,7245.0,18.0,0.06301726400852203,8e-05,0.14790832996368408,0.0
7246.0,7246.0,18.0,0.054327547550201416,8e-05,0.11216781288385391,0.0
7247.0,7247.0,18.0,0.048652999103069305,8e-05,0.15282419323921204,0.0
7248.0,7248.0,18.0,0.057959116995334625,8e-05,0.10363902151584625,0.0
7249.0,7249.0,18.0,0.05691133067011833,8e-05,0.09536117315292358,0.0
7250.0,7250.0,18.0,0.059170883148908615,8e-05,0.14601369202136993,0.0
7251.0,7251.0,18.0,0.055387943983078,8e-05,0.11164817959070206,0.0
7252.0,7252.0,18.0,0.06542694568634033,8e-05,0.09792379289865494,0.0
7253.0,7253.0,18.0,0.06589271128177643,8e-05,0.13931429386138916,0.0
7254.0,7254.0,18.0,0.05945435166358948,8e-05,0.1288014054298401,0.0
7255.0,7255.0,18.0,0.062452252954244614,8e-05,0.12042463570833206,0.0
7256.0,7256.0,18.0,0.05382701754570007,8e-05,0.19597043097019196,0.0
7257.0,7257.0,18.0,0.051028281450271606,8e-05,0.14809595048427582,0.0
7258.0,7258.0,18.0,0.07227081060409546,8e-05,0.11723707616329193,0.0
7259.0,7259.0,18.0,0.055425819009542465,8e-05,0.10963678359985352,0.0
7260.0,7260.0,18.0,0.05238350108265877,8e-05,0.14286331832408905,0.0
7261.0,7261.0,18.0,0.052456267178058624,8e-05,0.08375242352485657,0.0
7262.0,7262.0,18.0,0.06825833022594452,8e-05,0.11243957281112671,0.0
7263.0,7263.0,18.0,0.06147097051143646,8e-05,0.08313871920108795,0.0
7264.0,7264.0,18.0,0.053039953112602234,8e-05,0.08222773671150208,0.0
7265.0,7265.0,18.0,0.060103483498096466,8e-05,0.11744210124015808,0.0
7266.0,7266.0,18.0,0.05251040682196617,8e-05,0.0769745260477066,0.0
7267.0,7267.0,18.0,0.04972188174724579,8e-05,0.10949921607971191,0.0
7268.0,7268.0,18.0,0.05034323409199715,8e-05,0.09536168724298477,0.0
7269.0,7269.0,18.0,0.06775625050067902,8e-05,0.12836039066314697,0.0
7270.0,7270.0,18.0,0.05817592144012451,8e-05,0.1110972911119461,0.0
7271.0,7271.0,18.0,0.06053963303565979,8e-05,0.10219939798116684,0.0
7272.0,7272.0,18.0,0.0596601739525795,8e-05,0.1123705729842186,0.0
7273.0,7273.0,18.0,0.04677214473485947,8e-05,0.1272158920764923,0.0
7274.0,7274.0,18.0,0.060847923159599304,8e-05,0.09135237336158752,0.0
7275.0,7275.0,18.0,0.05675273388624191,8e-05,0.08584357053041458,0.0
7276.0,7276.0,18.0,0.062724269926548,8e-05,0.12441600859165192,0.0
7277.0,7277.0,18.0,0.04821977764368057,8e-05,0.1076776385307312,0.0
7278.0,7278.0,18.0,0.0584200881421566,8e-05,0.08586602658033371,0.0
7279.0,7279.0,18.0,0.06135004758834839,8e-05,0.0806826502084732,0.0
7280.0,7280.0,18.0,0.06406086683273315,8e-05,0.07723115384578705,0.0
7281.0,7281.0,18.0,0.04814336821436882,8e-05,0.07339811325073242,0.0
7282.0,7282.0,18.0,0.07202385365962982,8e-05,0.09553451091051102,0.0
7283.0,7283.0,18.0,0.05977023020386696,8e-05,0.09629058837890625,0.0
7284.0,7284.0,18.0,0.06302006542682648,8e-05,0.12955337762832642,0.0
7285.0,7285.0,18.0,0.06099808216094971,8e-05,0.10321802645921707,0.0
7286.0,7286.0,18.0,0.04966646432876587,8e-05,0.10415174812078476,0.0
7287.0,7287.0,18.0,0.06427781283855438,8e-05,0.12332073599100113,0.0
7288.0,7288.0,18.0,0.04646345227956772,8e-05,0.12922032177448273,0.0
7289.0,7289.0,18.0,0.07727187126874924,8e-05,0.1170220822095871,0.0
7290.0,7290.0,18.0,0.05029955878853798,8e-05,0.11752811819314957,0.0
7291.0,7291.0,18.0,0.04136873781681061,8e-05,0.10225129127502441,0.0
7292.0,7292.0,18.0,0.06886041164398193,8e-05,0.2050786316394806,0.0
7293.0,7293.0,18.0,0.05926918238401413,8e-05,0.14310100674629211,0.0
7294.0,7294.0,18.0,0.06374989449977875,8e-05,0.14288847148418427,0.0
7295.0,7295.0,18.0,0.06838706135749817,8e-05,0.1525259166955948,0.0
7296.0,7296.0,18.0,0.05921900272369385,8e-05,0.16728702187538147,0.0
7297.0,7297.0,18.0,0.06146981194615364,8e-05,0.13622117042541504,0.0
7298.0,7298.0,18.0,0.07732883095741272,8e-05,0.17865072190761566,0.0
7299.0,7299.0,18.0,0.08281973004341125,8e-05,0.1615416407585144,0.0
7300.0,7300.0,18.0,0.05315551906824112,8e-05,0.16481590270996094,0.0
7301.0,7301.0,18.0,0.05334901064634323,8e-05,0.15962794423103333,0.0
7302.0,7302.0,18.0,0.06406205892562866,8e-05,0.19212645292282104,0.0
7303.0,7303.0,18.0,0.06345199048519135,8e-05,0.18592968583106995,0.0
7304.0,7304.0,18.0,0.05239319056272507,8e-05,0.15926535427570343,0.0
7305.0,7305.0,18.0,0.05740346759557724,8e-05,0.13800868391990662,0.0
7306.0,7306.0,18.0,0.059523697942495346,8e-05,0.10312012583017349,0.0
7307.0,7307.0,18.0,0.05332541465759277,8e-05,0.2175637036561966,0.0
7308.0,7308.0,18.0,0.06053486838936806,8e-05,0.12487197667360306,0.0
7309.0,7309.0,18.0,0.06521480530500412,8e-05,0.14740414917469025,0.0
7310.0,7310.0,18.0,0.06410562992095947,8e-05,0.16811345517635345,0.0
7311.0,7311.0,18.0,0.0610416978597641,8e-05,0.10141213238239288,0.0
7312.0,7312.0,18.0,0.05525892600417137,8e-05,0.18356336653232574,0.0
7313.0,7313.0,18.0,0.06190633401274681,8e-05,0.14636708796024323,0.0
7314.0,7314.0,18.0,0.053791798651218414,8e-05,0.16811977326869965,0.0
7315.0,7315.0,18.0,0.060694657266139984,8e-05,0.193106010556221,0.0
7316.0,7316.0,18.0,0.05726727098226547,8e-05,0.10488168150186539,0.0
7317.0,7317.0,18.0,0.052727434784173965,8e-05,0.22084644436836243,0.0
7318.0,7318.0,18.0,0.06795475631952286,8e-05,0.1695062667131424,0.0
7319.0,7319.0,18.0,0.06782133877277374,8e-05,0.11879774928092957,0.0
7320.0,7320.0,18.0,0.04765065014362335,8e-05,0.2258530855178833,0.0
7321.0,7321.0,18.0,0.05859851837158203,8e-05,0.1994984894990921,0.0
7322.0,7322.0,18.0,0.06053327023983002,8e-05,0.12676940858364105,0.0
7323.0,7323.0,18.0,0.0592462420463562,8e-05,0.15132537484169006,0.0
7324.0,7324.0,18.0,0.05780278146266937,8e-05,0.1796014904975891,0.0
7325.0,7325.0,18.0,0.05785905569791794,8e-05,0.11521895229816437,0.0
7326.0,7326.0,18.0,0.055476393550634384,8e-05,0.1440325379371643,0.0
7327.0,7327.0,18.0,0.06180368363857269,8e-05,0.16224338114261627,0.0
7328.0,7328.0,18.0,0.05788308009505272,8e-05,0.16323807835578918,0.0
7329.0,7329.0,18.0,0.06656454503536224,8e-05,0.13884396851062775,0.0
7330.0,7330.0,18.0,0.07215960323810577,8e-05,0.16853295266628265,0.0
7331.0,7331.0,18.0,0.048844218254089355,8e-05,0.10508691519498825,0.0
7332.0,7332.0,18.0,0.05719378590583801,8e-05,0.12227428704500198,0.0
7333.0,7333.0,18.0,0.053646571934223175,8e-05,0.155386283993721,0.0
7334.0,7334.0,18.0,0.045999184250831604,8e-05,0.10443088412284851,0.0
7335.0,7335.0,18.0,0.05909741669893265,8e-05,0.14850947260856628,0.0
7336.0,7336.0,18.0,0.060022205114364624,8e-05,0.17054902017116547,0.0
7337.0,7337.0,18.0,0.0523608922958374,8e-05,0.12418216466903687,0.0
7338.0,7338.0,18.0,0.060815054923295975,8e-05,0.13839460909366608,0.0
7339.0,7339.0,18.0,0.054080359637737274,8e-05,0.13874977827072144,0.0
7340.0,7340.0,18.0,0.05874766409397125,8e-05,0.09363004565238953,0.0
7341.0,7341.0,18.0,0.05276413634419441,8e-05,0.10118081420660019,0.0
7342.0,7342.0,18.0,0.06396317481994629,8e-05,0.16737040877342224,0.0
7343.0,7343.0,18.0,0.054576434195041656,8e-05,0.13309577107429504,0.0
7344.0,7344.0,18.0,0.05302237719297409,8e-05,0.13848493993282318,0.0
7345.0,7345.0,18.0,0.047801777720451355,8e-05,0.06792180240154266,0.0
7346.0,7346.0,18.0,0.05417380481958389,8e-05,0.09619063884019852,0.0
7347.0,7347.0,18.0,0.05021144077181816,8e-05,0.13277985155582428,0.0
7348.0,7348.0,18.0,0.06683763116598129,8e-05,0.08823554962873459,0.0
7349.0,7349.0,18.0,0.056676868349313736,8e-05,0.1280122697353363,0.0
7350.0,7350.0,18.0,0.062386300414800644,8e-05,0.1245129331946373,0.0
7351.0,7351.0,18.0,0.06918177753686905,8e-05,0.12226465344429016,0.0
7352.0,7352.0,18.0,0.0516987070441246,8e-05,0.08872359991073608,0.0
7353.0,7353.0,18.0,0.06066536158323288,8e-05,0.09617182612419128,0.0
7354.0,7354.0,18.0,0.049697984009981155,8e-05,0.13260073959827423,0.0
7355.0,7355.0,18.0,0.07748208940029144,8e-05,0.11618950217962265,0.0
7356.0,7356.0,18.0,0.0625276267528534,8e-05,0.09574256092309952,0.0
7357.0,7357.0,18.0,0.05163352191448212,8e-05,0.08557857573032379,0.0
7358.0,7358.0,18.0,0.04454921931028366,8e-05,0.056444570422172546,0.0
7359.0,7359.0,18.0,0.06332036107778549,8e-05,0.10245718061923981,0.0
7360.0,7360.0,18.0,0.05351219326257706,8e-05,0.08807606250047684,0.0
7361.0,7361.0,18.0,0.05357692763209343,8e-05,0.08015520125627518,0.0
7362.0,7362.0,18.0,0.06400011479854584,8e-05,0.08315224945545197,0.0
7363.0,7363.0,18.0,0.0689849853515625,8e-05,0.14679095149040222,0.0
7364.0,7364.0,18.0,0.057282544672489166,8e-05,0.09594985097646713,0.0
7365.0,7365.0,18.0,0.06527622789144516,8e-05,0.11980560421943665,0.0
7366.0,7366.0,18.0,0.051776137202978134,8e-05,0.10828184336423874,0.0
7367.0,7367.0,18.0,0.04559057950973511,8e-05,0.10248701274394989,0.0
7368.0,7368.0,18.0,0.05982768535614014,8e-05,0.1395718902349472,0.0
7369.0,7369.0,18.0,0.05696333572268486,8e-05,0.13622036576271057,0.0
7370.0,7370.0,18.0,0.04978451132774353,8e-05,0.12811458110809326,0.0
7371.0,7371.0,18.0,0.06819998472929001,8e-05,0.17959441244602203,0.0
7372.0,7372.0,18.0,0.06471802294254303,8e-05,0.08305073529481888,0.0
7373.0,7373.0,18.0,0.05642406642436981,8e-05,0.1697164922952652,0.0
7374.0,7374.0,18.0,0.06747069209814072,8e-05,0.11582321673631668,0.0
7375.0,7375.0,18.0,0.05423009395599365,8e-05,0.10458044707775116,0.0
7376.0,7376.0,18.0,0.06637407839298248,8e-05,0.16337695717811584,0.0
7377.0,7377.0,18.0,0.05565206706523895,8e-05,0.12134669721126556,0.0
7378.0,7378.0,18.0,0.05369419977068901,8e-05,0.15159931778907776,0.0
7379.0,7379.0,18.0,0.047078873962163925,8e-05,0.15314935147762299,0.0
7380.0,7380.0,18.0,0.07714776694774628,8e-05,0.16229233145713806,0.0
7381.0,7381.0,18.0,0.05181080475449562,8e-05,0.1799306869506836,0.0
7382.0,7382.0,18.0,0.05466965213418007,8e-05,0.22754256427288055,0.0
7383.0,7383.0,18.0,0.051633335649967194,8e-05,0.09494180232286453,0.0
7384.0,7384.0,18.0,0.06338462978601456,8e-05,0.18900944292545319,0.0
7385.0,7385.0,18.0,0.058833569288253784,8e-05,0.18251946568489075,0.0
7386.0,7386.0,18.0,0.06725132465362549,8e-05,0.12054584175348282,0.0
7387.0,7387.0,18.0,0.059587471187114716,8e-05,0.10400218516588211,0.0
7388.0,7388.0,18.0,0.06563631445169449,8e-05,0.15730546414852142,0.0
7389.0,7389.0,18.0,0.048289425671100616,8e-05,0.1279861032962799,0.0
7390.0,7390.0,18.0,0.07078617811203003,8e-05,0.18741711974143982,0.0
7391.0,7391.0,18.0,0.06787757575511932,8e-05,0.10709959268569946,0.0
7392.0,7392.0,18.0,0.053954996168613434,8e-05,0.1430964171886444,0.0
7393.0,7393.0,18.0,0.06058405339717865,8e-05,0.1273578256368637,0.0
7394.0,7394.0,18.0,0.05767834931612015,8e-05,0.12064847350120544,0.0
7395.0,7395.0,18.0,0.0637323409318924,8e-05,0.16418340802192688,0.0
7396.0,7396.0,18.0,0.06096608191728592,8e-05,0.11396988481283188,0.0
7397.0,7397.0,18.0,0.048146024346351624,8e-05,0.14664679765701294,0.0
7398.0,7398.0,18.0,0.06259442865848541,8e-05,0.1196037009358406,0.0
7399.0,7399.0,18.0,0.07256113737821579,8e-05,0.10104438662528992,0.0
7400.0,7400.0,18.0,0.06025216355919838,8e-05,0.16687671840190887,0.0
7401.0,7401.0,18.0,0.0624416247010231,8e-05,0.14454951882362366,0.0
7402.0,7402.0,18.0,0.06412740796804428,8e-05,0.14278395473957062,0.0
7403.0,7403.0,18.0,0.06842079013586044,8e-05,0.1477573961019516,0.0
7404.0,7404.0,18.0,0.05603789910674095,8e-05,0.22075702250003815,0.0
7405.0,7405.0,18.0,0.049644485116004944,8e-05,0.13314497470855713,0.0
7406.0,7406.0,18.0,0.06346005946397781,8e-05,0.24263209104537964,0.0
7407.0,7407.0,18.0,0.06566760689020157,8e-05,0.11163908988237381,0.0
7408.0,7408.0,18.0,0.056866854429244995,8e-05,0.2089315503835678,0.0
7409.0,7409.0,18.0,0.05302555859088898,8e-05,0.13656552135944366,0.0
7410.0,7410.0,18.0,0.07467955350875854,8e-05,0.1493142992258072,0.0
7411.0,7411.0,19.0,0.05332544073462486,8e-05,0.14492018520832062,0.0
7412.0,7412.0,19.0,0.0598490945994854,8e-05,0.1278437227010727,0.0
7413.0,7413.0,19.0,0.06991028785705566,8e-05,0.20674344897270203,0.0
7414.0,7414.0,19.0,0.055174052715301514,8e-05,0.1421527862548828,0.0
7415.0,7415.0,19.0,0.0559886172413826,8e-05,0.13262923061847687,0.0
7416.0,7416.0,19.0,0.05928076058626175,8e-05,0.23258180916309357,0.0
7417.0,7417.0,19.0,0.05545411258935928,8e-05,0.11988000571727753,0.0
7418.0,7418.0,19.0,0.052271705120801926,8e-05,0.18788614869117737,0.0
7419.0,7419.0,19.0,0.060375433415174484,8e-05,0.21457397937774658,0.0
7420.0,7420.0,19.0,0.04713474214076996,8e-05,0.1376495659351349,0.0
7421.0,7421.0,19.0,0.05616799741983414,8e-05,0.16282260417938232,0.0
7422.0,7422.0,19.0,0.0562305822968483,8e-05,0.14866939187049866,0.0
7423.0,7423.0,19.0,0.05940043181180954,8e-05,0.12399075925350189,0.0
7424.0,7424.0,19.0,0.06410466134548187,8e-05,0.12437786906957626,0.0
7425.0,7425.0,19.0,0.07217427343130112,8e-05,0.13580761849880219,0.0
7426.0,7426.0,19.0,0.047928184270858765,8e-05,0.2246769666671753,0.0
7427.0,7427.0,19.0,0.046690575778484344,8e-05,0.12879163026809692,0.0
7428.0,7428.0,19.0,0.050513096153736115,8e-05,0.20082494616508484,0.0
7429.0,7429.0,19.0,0.057582639157772064,8e-05,0.21540381014347076,0.0
7430.0,7430.0,19.0,0.0470263734459877,8e-05,0.16004592180252075,0.0
7431.0,7431.0,19.0,0.07928378880023956,8e-05,0.2260679304599762,0.0
7432.0,7432.0,19.0,0.0573551282286644,8e-05,0.22587358951568604,0.0
7433.0,7433.0,19.0,0.05106178671121597,8e-05,0.1561805158853531,0.0
7434.0,7434.0,19.0,0.060629941523075104,8e-05,0.20701433718204498,0.0
7435.0,7435.0,19.0,0.050078585743904114,8e-05,0.18038471043109894,0.0
7436.0,7436.0,19.0,0.06051095947623253,8e-05,0.12382690608501434,0.0
7437.0,7437.0,19.0,0.053273603320121765,8e-05,0.17319263517856598,0.0
7438.0,7438.0,19.0,0.05389133840799332,8e-05,0.11853066086769104,0.0
7439.0,7439.0,19.0,0.0636267438530922,8e-05,0.15725593268871307,0.0
7440.0,7440.0,19.0,0.057108622044324875,8e-05,0.0835379883646965,0.0
7441.0,7441.0,19.0,0.0570167675614357,8e-05,0.13444949686527252,0.0
7442.0,7442.0,19.0,0.06241689249873161,8e-05,0.13588422536849976,0.0
7443.0,7443.0,19.0,0.04880721867084503,8e-05,0.09424364566802979,0.0
7444.0,7444.0,19.0,0.06749902665615082,8e-05,0.18270447850227356,0.0
7445.0,7445.0,19.0,0.04489155858755112,8e-05,0.07254713028669357,0.0
7446.0,7446.0,19.0,0.06062368303537369,8e-05,0.12311086058616638,0.0
7447.0,7447.0,19.0,0.06546714156866074,8e-05,0.08056472986936569,0.0
7448.0,7448.0,19.0,0.04805035516619682,8e-05,0.08684957772493362,0.0
7449.0,7449.0,19.0,0.043583646416664124,8e-05,0.06946264952421188,0.0
7450.0,7450.0,19.0,0.054054178297519684,8e-05,0.10856897383928299,0.0
7451.0,7451.0,19.0,0.06403413414955139,8e-05,0.11180040240287781,0.0
7452.0,7452.0,19.0,0.06154245883226395,8e-05,0.09612228721380234,0.0
7453.0,7453.0,19.0,0.0661674216389656,8e-05,0.10507667064666748,0.0
7454.0,7454.0,19.0,0.05643670633435249,8e-05,0.13103847205638885,0.0
7455.0,7455.0,19.0,0.06546833366155624,8e-05,0.1147971823811531,0.0
7456.0,7456.0,19.0,0.06859858334064484,8e-05,0.15655271708965302,0.0
7457.0,7457.0,19.0,0.04939863085746765,8e-05,0.12365339696407318,0.0
7458.0,7458.0,19.0,0.06698301434516907,8e-05,0.11989966034889221,0.0
7459.0,7459.0,19.0,0.07959820330142975,8e-05,0.13182203471660614,0.0
7460.0,7460.0,19.0,0.05012679845094681,8e-05,0.07279839366674423,0.0
7461.0,7461.0,19.0,0.05491751804947853,8e-05,0.10073799639940262,0.0
7462.0,7462.0,19.0,0.050045084208250046,8e-05,0.10269797593355179,0.0
7463.0,7463.0,19.0,0.06354321539402008,8e-05,0.151497945189476,0.0
7464.0,7464.0,19.0,0.05819277465343475,8e-05,0.09081968665122986,0.0
7465.0,7465.0,19.0,0.06271900236606598,8e-05,0.1266455054283142,0.0
7466.0,7466.0,19.0,0.054056767374277115,8e-05,0.12927299737930298,0.0
7467.0,7467.0,19.0,0.06852712482213974,8e-05,0.1386568695306778,0.0
7468.0,7468.0,19.0,0.06381568312644958,8e-05,0.10899706929922104,0.0
7469.0,7469.0,19.0,0.053057193756103516,8e-05,0.1334427148103714,0.0
7470.0,7470.0,19.0,0.05309337377548218,8e-05,0.07408761233091354,0.0
7471.0,7471.0,19.0,0.058783337473869324,8e-05,0.14615844190120697,0.0
7472.0,7472.0,19.0,0.055290888994932175,8e-05,0.125590518116951,0.0
7473.0,7473.0,19.0,0.06129462271928787,8e-05,0.106733538210392,0.0
7474.0,7474.0,19.0,0.04698333889245987,8e-05,0.16713911294937134,0.0
7475.0,7475.0,19.0,0.05669344216585159,8e-05,0.13514640927314758,0.0
7476.0,7476.0,19.0,0.04971811920404434,8e-05,0.18487273156642914,0.0
7477.0,7477.0,19.0,0.06072353571653366,8e-05,0.1512317657470703,0.0
7478.0,7478.0,19.0,0.050185367465019226,8e-05,0.19856895506381989,0.0
7479.0,7479.0,19.0,0.06323950737714767,8e-05,0.130016028881073,0.0
7480.0,7480.0,19.0,0.05429708957672119,8e-05,0.1354631632566452,0.0
7481.0,7481.0,19.0,0.053114913403987885,8e-05,0.1492740660905838,0.0
7482.0,7482.0,19.0,0.05199946463108063,8e-05,0.14096665382385254,0.0
7483.0,7483.0,19.0,0.06720221787691116,8e-05,0.14691512286663055,0.0
7484.0,7484.0,19.0,0.05870853364467621,8e-05,0.17017798125743866,0.0
7485.0,7485.0,19.0,0.06605711579322815,8e-05,0.12417382746934891,0.0
7486.0,7486.0,19.0,0.07866595685482025,8e-05,0.1205994188785553,0.0
7487.0,7487.0,19.0,0.0608430840075016,8e-05,0.1338057965040207,0.0
7488.0,7488.0,19.0,0.062161121517419815,8e-05,0.13540291786193848,0.0
7489.0,7489.0,19.0,0.05588233098387718,8e-05,0.15154661238193512,0.0
7490.0,7490.0,19.0,0.05366174876689911,8e-05,0.1391785591840744,0.0
7491.0,7491.0,19.0,0.06390459835529327,8e-05,0.12766054272651672,0.0
7492.0,7492.0,19.0,0.056052371859550476,8e-05,0.10625132918357849,0.0
7493.0,7493.0,19.0,0.06029779836535454,8e-05,0.2024974226951599,0.0
7494.0,7494.0,19.0,0.056969840079545975,8e-05,0.19781211018562317,0.0
7495.0,7495.0,19.0,0.0551021471619606,8e-05,0.1089847981929779,0.0
7496.0,7496.0,19.0,0.06431429088115692,8e-05,0.18575042486190796,0.0
7497.0,7497.0,19.0,0.060789600014686584,8e-05,0.12086955457925797,0.0
7498.0,7498.0,19.0,0.05823221802711487,8e-05,0.0675688162446022,0.0
7499.0,7499.0,19.0,0.05626592040061951,8e-05,0.1546885371208191,0.0
7500.0,7500.0,19.0,0.05019865930080414,8e-05,0.07486782968044281,0.0
7501.0,7501.0,19.0,0.05750734359025955,8e-05,0.12406107038259506,0.0
7502.0,7502.0,19.0,0.05583980679512024,8e-05,0.0831410139799118,0.0
7503.0,7503.0,19.0,0.06189609691500664,8e-05,0.09409661591053009,0.0
7504.0,7504.0,19.0,0.06720538437366486,8e-05,0.12281347066164017,0.0
7505.0,7505.0,19.0,0.05525434762239456,8e-05,0.12925569713115692,0.0
7506.0,7506.0,19.0,0.07141304016113281,8e-05,0.1118607223033905,0.0
7507.0,7507.0,19.0,0.0673048347234726,8e-05,0.1590396761894226,0.0
7508.0,7508.0,19.0,0.056408949196338654,8e-05,0.12306279689073563,0.0
7509.0,7509.0,19.0,0.05764004588127136,8e-05,0.16173526644706726,0.0
7510.0,7510.0,19.0,0.06408868730068207,8e-05,0.10544676333665848,0.0
7511.0,7511.0,19.0,0.04889034107327461,8e-05,0.11229870468378067,0.0
7512.0,7512.0,19.0,0.06463905423879623,8e-05,0.10906855762004852,0.0
7513.0,7513.0,19.0,0.060301121324300766,8e-05,0.07506787031888962,0.0
7514.0,7514.0,19.0,0.058524325489997864,8e-05,0.09803424775600433,0.0
7515.0,7515.0,19.0,0.055183637887239456,8e-05,0.12974223494529724,0.0
7516.0,7516.0,19.0,0.06178383529186249,8e-05,0.09710492193698883,0.0
7517.0,7517.0,19.0,0.05164814740419388,8e-05,0.19852295517921448,0.0
7518.0,7518.0,19.0,0.0716850757598877,8e-05,0.10100692510604858,0.0
7519.0,7519.0,19.0,0.06050276756286621,8e-05,0.1487826704978943,0.0
7520.0,7520.0,19.0,0.06727026402950287,8e-05,0.07492292672395706,0.0
7521.0,7521.0,19.0,0.06894496083259583,8e-05,0.1094764843583107,0.0
7522.0,7522.0,19.0,0.07314887642860413,8e-05,0.10152310132980347,0.0
7523.0,7523.0,19.0,0.0485723614692688,8e-05,0.04831665754318237,0.0
7524.0,7524.0,19.0,0.06147928163409233,8e-05,0.09851749986410141,0.0
7525.0,7525.0,19.0,0.07020759582519531,8e-05,0.11975881457328796,0.0
7526.0,7526.0,19.0,0.05237657204270363,8e-05,0.0760524719953537,0.0
7527.0,7527.0,19.0,0.058026619255542755,8e-05,0.09580224752426147,0.0
7528.0,7528.0,19.0,0.056168973445892334,8e-05,0.08125203102827072,0.0
7529.0,7529.0,19.0,0.057679545134305954,8e-05,0.0822637677192688,0.0
7530.0,7530.0,19.0,0.05305887758731842,8e-05,0.08052349090576172,0.0
7531.0,7531.0,19.0,0.058237459510564804,8e-05,0.11399874091148376,0.0
7532.0,7532.0,19.0,0.06338396668434143,8e-05,0.14657539129257202,0.0
7533.0,7533.0,19.0,0.04631979763507843,8e-05,0.07957639545202255,0.0
7534.0,7534.0,19.0,0.04378301277756691,8e-05,0.1405516266822815,0.0
7535.0,7535.0,19.0,0.06479005515575409,8e-05,0.09947730600833893,0.0
7536.0,7536.0,19.0,0.07834115624427795,8e-05,0.12425678223371506,0.0
7537.0,7537.0,19.0,0.07218652963638306,8e-05,0.08959861844778061,0.0
7538.0,7538.0,19.0,0.057106293737888336,8e-05,0.10466477274894714,0.0
7539.0,7539.0,19.0,0.06037000194191933,8e-05,0.10511951893568039,0.0
7540.0,7540.0,19.0,0.061490561813116074,8e-05,0.10964392125606537,0.0
7541.0,7541.0,19.0,0.051163166761398315,8e-05,0.11330250650644302,0.0
7542.0,7542.0,19.0,0.0706014484167099,8e-05,0.11388620734214783,0.0
7543.0,7543.0,19.0,0.05529021471738815,8e-05,0.10383237898349762,0.0
7544.0,7544.0,19.0,0.06139262020587921,8e-05,0.1362869292497635,0.0
7545.0,7545.0,19.0,0.049586325883865356,8e-05,0.12190629541873932,0.0
7546.0,7546.0,19.0,0.06829027831554413,8e-05,0.19249039888381958,0.0
7547.0,7547.0,19.0,0.06453301757574081,8e-05,0.12825453281402588,0.0
7548.0,7548.0,19.0,0.05526992306113243,8e-05,0.21692055463790894,0.0
7549.0,7549.0,19.0,0.062446463853120804,8e-05,0.16320808231830597,0.0
7550.0,7550.0,19.0,0.053499139845371246,8e-05,0.1980830729007721,0.0
7551.0,7551.0,19.0,0.052040375769138336,8e-05,0.13182689249515533,0.0
7552.0,7552.0,19.0,0.058534733951091766,8e-05,0.17819106578826904,0.0
7553.0,7553.0,19.0,0.05925596505403519,8e-05,0.13507327437400818,0.0
7554.0,7554.0,19.0,0.053293727338314056,8e-05,0.13292044401168823,0.0
7555.0,7555.0,19.0,0.046913016587495804,8e-05,0.09701701998710632,0.0
7556.0,7556.0,19.0,0.05744289979338646,8e-05,0.11185645312070847,0.0
7557.0,7557.0,19.0,0.054191380739212036,8e-05,0.08357913792133331,0.0
7558.0,7558.0,19.0,0.04796183109283447,8e-05,0.11985838413238525,0.0
7559.0,7559.0,19.0,0.06434975564479828,8e-05,0.09480389207601547,0.0
7560.0,7560.0,19.0,0.06127788498997688,8e-05,0.12959522008895874,0.0
7561.0,7561.0,19.0,0.05607665330171585,8e-05,0.1406150907278061,0.0
7562.0,7562.0,19.0,0.07200924307107925,8e-05,0.1094493642449379,0.0
7563.0,7563.0,19.0,0.05496954917907715,8e-05,0.16153766214847565,0.0
7564.0,7564.0,19.0,0.059564244002103806,8e-05,0.17977383732795715,0.0
7565.0,7565.0,19.0,0.05454278737306595,8e-05,0.13774491846561432,0.0
7566.0,7566.0,19.0,0.058068905025720596,8e-05,0.12101714313030243,0.0
7567.0,7567.0,19.0,0.06444583833217621,8e-05,0.1382705122232437,0.0
7568.0,7568.0,19.0,0.050832778215408325,8e-05,0.1519881784915924,0.0
7569.0,7569.0,19.0,0.04577452316880226,8e-05,0.1701272577047348,0.0
7570.0,7570.0,19.0,0.05654674023389816,8e-05,0.14264562726020813,0.0
7571.0,7571.0,19.0,0.06674128025770187,8e-05,0.07601568847894669,0.0
7572.0,7572.0,19.0,0.0533265694975853,8e-05,0.1537563055753708,0.0
7573.0,7573.0,19.0,0.06338177621364594,8e-05,0.1184123158454895,0.0
7574.0,7574.0,19.0,0.06117228791117668,8e-05,0.12479198724031448,0.0
7575.0,7575.0,19.0,0.06899221986532211,8e-05,0.11505778878927231,0.0
7576.0,7576.0,19.0,0.056168198585510254,8e-05,0.12679795920848846,0.0
7577.0,7577.0,19.0,0.06738630682229996,8e-05,0.1755562573671341,0.0
7578.0,7578.0,19.0,0.049888674169778824,8e-05,0.1125466451048851,0.0
7579.0,7579.0,19.0,0.06405720859766006,8e-05,0.18870356678962708,0.0
7580.0,7580.0,19.0,0.05976761132478714,8e-05,0.13269203901290894,0.0
7581.0,7581.0,19.0,0.04761011153459549,8e-05,0.14017704129219055,0.0
7582.0,7582.0,19.0,0.055832330137491226,8e-05,0.186564102768898,0.0
7583.0,7583.0,19.0,0.06900543719530106,8e-05,0.1929968148469925,0.0
7584.0,7584.0,19.0,0.0675240010023117,8e-05,0.1554563045501709,0.0
7585.0,7585.0,19.0,0.06002439931035042,8e-05,0.2276427149772644,0.0
7586.0,7586.0,19.0,0.058028560131788254,8e-05,0.09375118464231491,0.0
7587.0,7587.0,19.0,0.07664462178945541,8e-05,0.2359292060136795,0.0
7588.0,7588.0,19.0,0.07032817602157593,8e-05,0.17158405482769012,0.0
7589.0,7589.0,19.0,0.05812244117259979,8e-05,0.1866101324558258,0.0
7590.0,7590.0,19.0,0.05143102630972862,8e-05,0.1166386678814888,0.0
7591.0,7591.0,19.0,0.06758986413478851,8e-05,0.15169885754585266,0.0
7592.0,7592.0,19.0,0.06469287723302841,8e-05,0.12393263727426529,0.0
7593.0,7593.0,19.0,0.06349393725395203,8e-05,0.14968332648277283,0.0
7594.0,7594.0,19.0,0.06291990727186203,8e-05,0.10925474762916565,0.0
7595.0,7595.0,19.0,0.05660436302423477,8e-05,0.08133337646722794,0.0
7596.0,7596.0,19.0,0.04553499445319176,8e-05,0.17704296112060547,0.0
7597.0,7597.0,19.0,0.047077521681785583,8e-05,0.15553297102451324,0.0
7598.0,7598.0,19.0,0.08134382963180542,8e-05,0.17808221280574799,0.0
7599.0,7599.0,19.0,0.05870858579874039,8e-05,0.16971269249916077,0.0
7600.0,7600.0,19.0,0.0577780157327652,8e-05,0.11398240923881531,0.0
7601.0,7601.0,19.0,0.051343079656362534,8e-05,0.14450056850910187,0.0
7602.0,7602.0,19.0,0.07578019797801971,8e-05,0.13289985060691833,0.0
7603.0,7603.0,19.0,0.06551138311624527,8e-05,0.10277491807937622,0.0
7604.0,7604.0,19.0,0.05577729269862175,8e-05,0.12223978340625763,0.0
7605.0,7605.0,19.0,0.04584728181362152,8e-05,0.10747851431369781,0.0
7606.0,7606.0,19.0,0.05757925659418106,8e-05,0.11339817196130753,0.0
7607.0,7607.0,19.0,0.06632304191589355,8e-05,0.0829344391822815,0.0
7608.0,7608.0,19.0,0.0504043810069561,8e-05,0.1158192828297615,0.0
7609.0,7609.0,19.0,0.06318745017051697,8e-05,0.07446236163377762,0.0
7610.0,7610.0,19.0,0.06112826243042946,8e-05,0.07741867750883102,0.0
7611.0,7611.0,19.0,0.06810282170772552,8e-05,0.09003056585788727,0.0
7612.0,7612.0,19.0,0.06669209897518158,8e-05,0.11385178565979004,0.0
7613.0,7613.0,19.0,0.05727076530456543,8e-05,0.12364660203456879,0.0
7614.0,7614.0,19.0,0.060182955116033554,8e-05,0.09394998103380203,0.0
7615.0,7615.0,19.0,0.05092006176710129,8e-05,0.20729389786720276,0.0
7616.0,7616.0,19.0,0.06881241500377655,8e-05,0.10255463421344757,0.0
7617.0,7617.0,19.0,0.055976733565330505,8e-05,0.14081375300884247,0.0
7618.0,7618.0,19.0,0.06585004925727844,8e-05,0.1554923951625824,0.0
7619.0,7619.0,19.0,0.04928359389305115,8e-05,0.0819057822227478,0.0
7620.0,7620.0,19.0,0.06201072037220001,8e-05,0.15285445749759674,0.0
7621.0,7621.0,19.0,0.05522102117538452,8e-05,0.16705623269081116,0.0
7622.0,7622.0,19.0,0.03989070653915405,8e-05,0.15337751805782318,0.0
7623.0,7623.0,19.0,0.058684661984443665,8e-05,0.1342194825410843,0.0
7624.0,7624.0,19.0,0.06067847087979317,8e-05,0.17299148440361023,0.0
7625.0,7625.0,19.0,0.06000768020749092,8e-05,0.12725313007831573,0.0
7626.0,7626.0,19.0,0.06467898190021515,8e-05,0.1570887714624405,0.0
7627.0,7627.0,19.0,0.057499960064888,8e-05,0.13823732733726501,0.0
7628.0,7628.0,19.0,0.053069256246089935,8e-05,0.11757482588291168,0.0
7629.0,7629.0,19.0,0.06712441146373749,8e-05,0.17272181808948517,0.0
7630.0,7630.0,19.0,0.056695356965065,8e-05,0.20501920580863953,0.0
7631.0,7631.0,19.0,0.05534254387021065,8e-05,0.1080351248383522,0.0
7632.0,7632.0,19.0,0.0657869428396225,8e-05,0.15688921511173248,0.0
7633.0,7633.0,19.0,0.04743795841932297,8e-05,0.1937648355960846,0.0
7634.0,7634.0,19.0,0.053334712982177734,8e-05,0.10435638576745987,0.0
7635.0,7635.0,19.0,0.05665668100118637,8e-05,0.13175265491008759,0.0
7636.0,7636.0,19.0,0.06108657643198967,8e-05,0.197598397731781,0.0
7637.0,7637.0,19.0,0.06360207498073578,8e-05,0.1814870685338974,0.0
7638.0,7638.0,19.0,0.050178032368421555,8e-05,0.14596004784107208,0.0
7639.0,7639.0,19.0,0.05040173977613449,8e-05,0.21615765988826752,0.0
7640.0,7640.0,19.0,0.051990360021591187,8e-05,0.2256060540676117,0.0
7641.0,7641.0,19.0,0.06127743422985077,8e-05,0.13193030655384064,0.0
7642.0,7642.0,19.0,0.053901828825473785,8e-05,0.14051806926727295,0.0
7643.0,7643.0,19.0,0.058699171990156174,8e-05,0.14996564388275146,0.0
7644.0,7644.0,19.0,0.05521180108189583,8e-05,0.11887727677822113,0.0
7645.0,7645.0,19.0,0.0632455125451088,8e-05,0.22755089402198792,0.0
7646.0,7646.0,19.0,0.0783330649137497,8e-05,0.10797540843486786,0.0
7647.0,7647.0,19.0,0.0798543393611908,8e-05,0.2707493007183075,0.0
7648.0,7648.0,19.0,0.06042664498090744,8e-05,0.12830999493598938,0.0
7649.0,7649.0,19.0,0.0701679140329361,8e-05,0.18868795037269592,0.0
7650.0,7650.0,19.0,0.043787695467472076,8e-05,0.15947142243385315,0.0
7651.0,7651.0,19.0,0.06170625612139702,8e-05,0.17922896146774292,0.0
7652.0,7652.0,19.0,0.04565931484103203,8e-05,0.12233320623636246,0.0
7653.0,7653.0,19.0,0.052332330495119095,8e-05,0.10948170721530914,0.0
7654.0,7654.0,19.0,0.06250017881393433,8e-05,0.08091305196285248,0.0
7655.0,7655.0,19.0,0.051968224346637726,8e-05,0.08949844539165497,0.0
7656.0,7656.0,19.0,0.0766611099243164,8e-05,0.08284167945384979,0.0
7657.0,7657.0,19.0,0.05070674419403076,8e-05,0.07958180457353592,0.0
7658.0,7658.0,19.0,0.04991835355758667,8e-05,0.1297570914030075,0.0
7659.0,7659.0,19.0,0.05103704705834389,8e-05,0.06327693164348602,0.0
7660.0,7660.0,19.0,0.060822200030088425,8e-05,0.17173387110233307,0.0
7661.0,7661.0,19.0,0.04725337773561478,8e-05,0.10151135921478271,0.0
7662.0,7662.0,19.0,0.051920086145401,8e-05,0.11166250705718994,0.0
7663.0,7663.0,19.0,0.05096656084060669,8e-05,0.1407063603401184,0.0
7664.0,7664.0,19.0,0.05798071622848511,8e-05,0.07028058171272278,0.0
7665.0,7665.0,19.0,0.059510208666324615,8e-05,0.17357783019542694,0.0
7666.0,7666.0,19.0,0.0607510507106781,8e-05,0.11483212560415268,0.0
7667.0,7667.0,19.0,0.0737457275390625,8e-05,0.20774376392364502,0.0
7668.0,7668.0,19.0,0.05824611335992813,8e-05,0.08454284816980362,0.0
7669.0,7669.0,19.0,0.06097859889268875,8e-05,0.1912747621536255,0.0
7670.0,7670.0,19.0,0.062144242227077484,8e-05,0.12821730971336365,0.0
7671.0,7671.0,19.0,0.06190874055027962,8e-05,0.1468583643436432,0.0
7672.0,7672.0,19.0,0.06136695668101311,8e-05,0.12630495429039001,0.0
7673.0,7673.0,19.0,0.05696310102939606,8e-05,0.13607965409755707,0.0
7674.0,7674.0,19.0,0.06229047477245331,8e-05,0.1551821082830429,0.0
7675.0,7675.0,19.0,0.05745747685432434,8e-05,0.12807147204875946,0.0
7676.0,7676.0,19.0,0.06498540937900543,8e-05,0.08932028710842133,0.0
7677.0,7677.0,19.0,0.05770234018564224,8e-05,0.11376204341650009,0.0
7678.0,7678.0,19.0,0.051745638251304626,8e-05,0.071566142141819,0.0
7679.0,7679.0,19.0,0.07035087794065475,8e-05,0.08656840026378632,0.0
7680.0,7680.0,19.0,0.05004334822297096,8e-05,0.08955927938222885,0.0
7681.0,7681.0,19.0,0.054134443402290344,8e-05,0.11497478187084198,0.0
7682.0,7682.0,19.0,0.05696331337094307,8e-05,0.1515485793352127,0.0
7683.0,7683.0,19.0,0.06584732234477997,8e-05,0.14109455049037933,0.0
7684.0,7684.0,19.0,0.07257268577814102,8e-05,0.08277072757482529,0.0
7685.0,7685.0,19.0,0.077520452439785,8e-05,0.09365067631006241,0.0
7686.0,7686.0,19.0,0.061347879469394684,8e-05,0.06664027273654938,0.0
7687.0,7687.0,19.0,0.04459826648235321,8e-05,0.05842715501785278,0.0
7688.0,7688.0,19.0,0.04683484509587288,8e-05,0.07396622002124786,0.0
7689.0,7689.0,19.0,0.04619971662759781,8e-05,0.09564673155546188,0.0
7690.0,7690.0,19.0,0.05429329723119736,8e-05,0.09618055075407028,0.0
7691.0,7691.0,19.0,0.052552685141563416,8e-05,0.05282647907733917,0.0
7692.0,7692.0,19.0,0.05832594633102417,8e-05,0.10061077773571014,0.0
7693.0,7693.0,19.0,0.05801515281200409,8e-05,0.07843916863203049,0.0
7694.0,7694.0,19.0,0.06169656664133072,8e-05,0.1119004413485527,0.0
7695.0,7695.0,19.0,0.05979172885417938,8e-05,0.11481834203004837,0.0
7696.0,7696.0,19.0,0.05618542432785034,8e-05,0.1267983764410019,0.0
7697.0,7697.0,19.0,0.05847485736012459,8e-05,0.13184091448783875,0.0
7698.0,7698.0,19.0,0.07005815207958221,8e-05,0.12551754713058472,0.0
7699.0,7699.0,19.0,0.053061798214912415,8e-05,0.0956067442893982,0.0
7700.0,7700.0,19.0,0.055922556668519974,8e-05,0.1395324468612671,0.0
7701.0,7701.0,19.0,0.06627550721168518,8e-05,0.1190897673368454,0.0
7702.0,7702.0,19.0,0.06094716116786003,8e-05,0.18130150437355042,0.0
7703.0,7703.0,19.0,0.07224338501691818,8e-05,0.10445722937583923,0.0
7704.0,7704.0,19.0,0.049341630190610886,8e-05,0.21124409139156342,0.0
7705.0,7705.0,19.0,0.04716282710433006,8e-05,0.15178242325782776,0.0
7706.0,7706.0,19.0,0.053278952836990356,8e-05,0.16506417095661163,0.0
7707.0,7707.0,19.0,0.06121765077114105,8e-05,0.1741548329591751,0.0
7708.0,7708.0,19.0,0.0476156547665596,8e-05,0.16449397802352905,0.0
7709.0,7709.0,19.0,0.07680191844701767,8e-05,0.21415016055107117,0.0
7710.0,7710.0,19.0,0.057043228298425674,8e-05,0.13483619689941406,0.0
7711.0,7711.0,19.0,0.06656141579151154,8e-05,0.2361707091331482,0.0
7712.0,7712.0,19.0,0.055715180933475494,8e-05,0.22292841970920563,0.0
7713.0,7713.0,19.0,0.059357546269893646,8e-05,0.21521924436092377,0.0
7714.0,7714.0,19.0,0.05682801455259323,8e-05,0.17052456736564636,0.0
7715.0,7715.0,19.0,0.057042889297008514,8e-05,0.20583993196487427,0.0
7716.0,7716.0,19.0,0.05517192929983139,8e-05,0.22399994730949402,0.0
7717.0,7717.0,19.0,0.05298004299402237,8e-05,0.1862896829843521,0.0
7718.0,7718.0,19.0,0.053596146404743195,8e-05,0.18168410658836365,0.0
7719.0,7719.0,19.0,0.06699610501527786,8e-05,0.09222769737243652,0.0
7720.0,7720.0,19.0,0.056783221662044525,8e-05,0.1870717853307724,0.0
7721.0,7721.0,19.0,0.061175040900707245,8e-05,0.17343631386756897,0.0
7722.0,7722.0,19.0,0.06417317688465118,8e-05,0.13740694522857666,0.0
7723.0,7723.0,19.0,0.05806879699230194,8e-05,0.1355302333831787,0.0
7724.0,7724.0,19.0,0.05835181102156639,8e-05,0.11123982816934586,0.0
7725.0,7725.0,19.0,0.053522855043411255,8e-05,0.2119968980550766,0.0
7726.0,7726.0,19.0,0.05822807550430298,8e-05,0.14787375926971436,0.0
7727.0,7727.0,19.0,0.0566474013030529,8e-05,0.1685216724872589,0.0
7728.0,7728.0,19.0,0.04859184846282005,8e-05,0.21717840433120728,0.0
7729.0,7729.0,19.0,0.07176879793405533,8e-05,0.1683618724346161,0.0
7730.0,7730.0,19.0,0.05483502894639969,8e-05,0.1900334507226944,0.0
7731.0,7731.0,19.0,0.06113690137863159,8e-05,0.09001560509204865,0.0
7732.0,7732.0,19.0,0.055756255984306335,8e-05,0.20676587522029877,0.0
7733.0,7733.0,19.0,0.06312835961580276,8e-05,0.1582949310541153,0.0
7734.0,7734.0,19.0,0.06791870296001434,8e-05,0.1355912834405899,0.0
7735.0,7735.0,19.0,0.054351843893527985,8e-05,0.18312077224254608,0.0
7736.0,7736.0,19.0,0.06985188275575638,8e-05,0.1701519638299942,0.0
7737.0,7737.0,19.0,0.04955245554447174,8e-05,0.11425318568944931,0.0
7738.0,7738.0,19.0,0.056098952889442444,8e-05,0.2049023061990738,0.0
7739.0,7739.0,19.0,0.0562906488776207,8e-05,0.0887821614742279,0.0
7740.0,7740.0,19.0,0.041915200650691986,8e-05,0.12175881862640381,0.0
7741.0,7741.0,19.0,0.062043026089668274,8e-05,0.07868606597185135,0.0
7742.0,7742.0,19.0,0.054972462356090546,8e-05,0.07840608060359955,0.0
7743.0,7743.0,19.0,0.05319712311029434,8e-05,0.09994364529848099,0.0
7744.0,7744.0,19.0,0.057532574981451035,8e-05,0.09734584391117096,0.0
7745.0,7745.0,19.0,0.058915138244628906,8e-05,0.11876968294382095,0.0
7746.0,7746.0,19.0,0.06275957822799683,8e-05,0.09520518779754639,0.0
7747.0,7747.0,19.0,0.05699862167239189,8e-05,0.11705070734024048,0.0
7748.0,7748.0,19.0,0.05759812891483307,8e-05,0.08433704823255539,0.0
7749.0,7749.0,19.0,0.04253367334604263,8e-05,0.06404322385787964,0.0
7750.0,7750.0,19.0,0.06675794720649719,8e-05,0.14515942335128784,0.0
7751.0,7751.0,19.0,0.05132991448044777,8e-05,0.14234426617622375,0.0
7752.0,7752.0,19.0,0.0481126606464386,8e-05,0.07893215864896774,0.0
7753.0,7753.0,19.0,0.060297027230262756,8e-05,0.14028312265872955,0.0
7754.0,7754.0,19.0,0.048611294478178024,8e-05,0.11938826739788055,0.0
7755.0,7755.0,19.0,0.05364077538251877,8e-05,0.10905694961547852,0.0
7756.0,7756.0,19.0,0.05159897357225418,8e-05,0.09957238286733627,0.0
7757.0,7757.0,19.0,0.061057403683662415,8e-05,0.13576963543891907,0.0
7758.0,7758.0,19.0,0.0466909222304821,8e-05,0.0796966478228569,0.0
7759.0,7759.0,19.0,0.04916101694107056,8e-05,0.17333345115184784,0.0
7760.0,7760.0,19.0,0.06402041763067245,8e-05,0.09253116697072983,0.0
7761.0,7761.0,19.0,0.06067433953285217,8e-05,0.14706100523471832,0.0
7762.0,7762.0,19.0,0.06740693002939224,8e-05,0.12175937741994858,0.0
7763.0,7763.0,19.0,0.060442205518484116,8e-05,0.13750000298023224,0.0
7764.0,7764.0,19.0,0.05941983312368393,8e-05,0.1407093107700348,0.0
7765.0,7765.0,19.0,0.05997081845998764,8e-05,0.12585876882076263,0.0
7766.0,7766.0,19.0,0.04944494366645813,8e-05,0.11454100161790848,0.0
7767.0,7767.0,19.0,0.06635253131389618,8e-05,0.17057910561561584,0.0
7768.0,7768.0,19.0,0.055612023919820786,8e-05,0.09146535396575928,0.0
7769.0,7769.0,19.0,0.06350062787532806,8e-05,0.20717453956604004,0.0
7770.0,7770.0,19.0,0.059007156640291214,8e-05,0.1296832263469696,0.0
7771.0,7771.0,19.0,0.06062277406454086,8e-05,0.15393602848052979,0.0
7772.0,7772.0,19.0,0.05072247236967087,8e-05,0.13886477053165436,0.0
7773.0,7773.0,19.0,0.05518810451030731,8e-05,0.10923873633146286,0.0
7774.0,7774.0,19.0,0.05545753985643387,8e-05,0.11828815937042236,0.0
7775.0,7775.0,19.0,0.058495134115219116,8e-05,0.07719934731721878,0.0
7776.0,7776.0,19.0,0.060835100710392,8e-05,0.0862436518073082,0.0
7777.0,7777.0,19.0,0.05834463983774185,8e-05,0.1820341944694519,0.0
7778.0,7778.0,19.0,0.05237921327352524,8e-05,0.0754651352763176,0.0
7779.0,7779.0,19.0,0.06196171045303345,8e-05,0.16600856184959412,0.0
7780.0,7780.0,19.0,0.0515655092895031,8e-05,0.17903777956962585,0.0
7781.0,7781.0,19.0,0.06127876788377762,8e-05,0.1563110053539276,0.0
7782.0,7782.0,19.0,0.07380595803260803,8e-05,0.09923608601093292,0.0
7783.0,7783.0,19.0,0.055236902087926865,8e-05,0.08732113242149353,0.0
7784.0,7784.0,19.0,0.06725426763296127,8e-05,0.22909821569919586,0.0
7785.0,7785.0,19.0,0.04538232833147049,8e-05,0.14957265555858612,0.0
7786.0,7786.0,19.0,0.053221482783555984,8e-05,0.22767274081707,0.0
7787.0,7787.0,19.0,0.050415750592947006,8e-05,0.0919208973646164,0.0
7788.0,7788.0,19.0,0.056510068476200104,8e-05,0.24636656045913696,0.0
7789.0,7789.0,19.0,0.055389828979969025,8e-05,0.10462397336959839,0.0
7790.0,7790.0,19.0,0.06301918625831604,8e-05,0.23032507300376892,0.0
7791.0,7791.0,19.0,0.07204653322696686,8e-05,0.1125020757317543,0.0
7792.0,7792.0,19.0,0.07155489176511765,8e-05,0.14502239227294922,0.0
7793.0,7793.0,19.0,0.05010925978422165,8e-05,0.16622929275035858,0.0
7794.0,7794.0,19.0,0.06003246828913689,8e-05,0.08505945652723312,0.0
7795.0,7795.0,19.0,0.05726487934589386,8e-05,0.21981123089790344,0.0
7796.0,7796.0,19.0,0.05304674431681633,8e-05,0.1011633425951004,0.0
7797.0,7797.0,19.0,0.06968013942241669,8e-05,0.15124565362930298,0.0
7798.0,7798.0,19.0,0.06095287203788757,8e-05,0.19422511756420135,0.0
7799.0,7799.0,19.0,0.06940038502216339,8e-05,0.08007413893938065,0.0
7800.0,7800.0,19.0,0.05558744817972183,8e-05,0.17489123344421387,0.0
7801.0,7801.0,20.0,0.05311111360788345,8e-05,0.1276257187128067,0.0
7802.0,7802.0,20.0,0.056447163224220276,8e-05,0.12735070288181305,0.0
7803.0,7803.0,20.0,0.059010401368141174,8e-05,0.10698341578245163,0.0
7804.0,7804.0,20.0,0.05755328759551048,8e-05,0.11190424859523773,0.0
7805.0,7805.0,20.0,0.06311643123626709,8e-05,0.14986813068389893,0.0
7806.0,7806.0,20.0,0.052208419889211655,8e-05,0.10854970663785934,0.0
7807.0,7807.0,20.0,0.0541502982378006,8e-05,0.11527841538190842,0.0
7808.0,7808.0,20.0,0.06068578362464905,8e-05,0.14205536246299744,0.0
7809.0,7809.0,20.0,0.06329356133937836,8e-05,0.081161729991436,0.0
7810.0,7810.0,20.0,0.053539976477622986,8e-05,0.1279863566160202,0.0
7811.0,7811.0,20.0,0.04969220608472824,8e-05,0.11136960983276367,0.0
7812.0,7812.0,20.0,0.06158120185136795,8e-05,0.12636694312095642,0.0
7813.0,7813.0,20.0,0.05139712989330292,8e-05,0.1118713840842247,0.0
7814.0,7814.0,20.0,0.06812269985675812,8e-05,0.07494180649518967,0.0
7815.0,7815.0,20.0,0.05575643479824066,8e-05,0.1732894778251648,0.0
7816.0,7816.0,20.0,0.06012720614671707,8e-05,0.11623569577932358,0.0
7817.0,7817.0,20.0,0.06015435606241226,8e-05,0.16697442531585693,0.0
7818.0,7818.0,20.0,0.05982507765293121,8e-05,0.1621389091014862,0.0
7819.0,7819.0,20.0,0.055219657719135284,8e-05,0.17959994077682495,0.0
7820.0,7820.0,20.0,0.06002321094274521,8e-05,0.13183635473251343,0.0
7821.0,7821.0,20.0,0.042448654770851135,8e-05,0.09430249035358429,0.0
7822.0,7822.0,20.0,0.04514939337968826,8e-05,0.17487671971321106,0.0
7823.0,7823.0,20.0,0.052312079817056656,8e-05,0.11593873053789139,0.0
7824.0,7824.0,20.0,0.05442233383655548,8e-05,0.1958729475736618,0.0
7825.0,7825.0,20.0,0.05981478467583656,8e-05,0.11595562845468521,0.0
7826.0,7826.0,20.0,0.04339504614472389,8e-05,0.14081551134586334,0.0
7827.0,7827.0,20.0,0.06041627749800682,8e-05,0.1309642791748047,0.0
7828.0,7828.0,20.0,0.0572158619761467,8e-05,0.07759414613246918,0.0
7829.0,7829.0,20.0,0.05962521210312843,8e-05,0.1384635716676712,0.0
7830.0,7830.0,20.0,0.0742068663239479,8e-05,0.10727039724588394,0.0
7831.0,7831.0,20.0,0.05679278075695038,8e-05,0.09383219480514526,0.0
7832.0,7832.0,20.0,0.054750654846429825,8e-05,0.15866303443908691,0.0
7833.0,7833.0,20.0,0.05459120124578476,8e-05,0.07965776324272156,0.0
7834.0,7834.0,20.0,0.0623273029923439,8e-05,0.14228323101997375,0.0
7835.0,7835.0,20.0,0.05387500673532486,8e-05,0.08664891123771667,0.0
7836.0,7836.0,20.0,0.05433022230863571,8e-05,0.09537714719772339,0.0
7837.0,7837.0,20.0,0.060982946306467056,8e-05,0.10364625602960587,0.0
7838.0,7838.0,20.0,0.060993991792201996,8e-05,0.10315661877393723,0.0
7839.0,7839.0,20.0,0.043852366507053375,8e-05,0.07655414938926697,0.0
7840.0,7840.0,20.0,0.06403947621583939,8e-05,0.10129297524690628,0.0
7841.0,7841.0,20.0,0.06440431624650955,8e-05,0.1675405651330948,0.0
7842.0,7842.0,20.0,0.05391477048397064,8e-05,0.16552512347698212,0.0
7843.0,7843.0,20.0,0.0627845972776413,8e-05,0.13536402583122253,0.0
7844.0,7844.0,20.0,0.059443265199661255,8e-05,0.15435633063316345,0.0
7845.0,7845.0,20.0,0.05363906919956207,8e-05,0.1264592707157135,0.0
7846.0,7846.0,20.0,0.05808074772357941,8e-05,0.11553521454334259,0.0
7847.0,7847.0,20.0,0.05752914771437645,8e-05,0.16308291256427765,0.0
7848.0,7848.0,20.0,0.050703249871730804,8e-05,0.1286185085773468,0.0
7849.0,7849.0,20.0,0.05706159025430679,8e-05,0.16061046719551086,0.0
7850.0,7850.0,20.0,0.06614262610673904,8e-05,0.09667588025331497,0.0
7851.0,7851.0,20.0,0.057605672627687454,8e-05,0.17559711635112762,0.0
7852.0,7852.0,20.0,0.06523643434047699,8e-05,0.10045517235994339,0.0
7853.0,7853.0,20.0,0.05340387672185898,8e-05,0.1351756751537323,0.0
7854.0,7854.0,20.0,0.058232881128787994,8e-05,0.14549000561237335,0.0
7855.0,7855.0,20.0,0.04735759645700455,8e-05,0.15522117912769318,0.0
7856.0,7856.0,20.0,0.053025003522634506,8e-05,0.153997004032135,0.0
7857.0,7857.0,20.0,0.06808124482631683,8e-05,0.18305565416812897,0.0
7858.0,7858.0,20.0,0.05639775097370148,8e-05,0.1480175107717514,0.0
7859.0,7859.0,20.0,0.053456153720617294,8e-05,0.14305125176906586,0.0
7860.0,7860.0,20.0,0.07174329459667206,8e-05,0.17372354865074158,0.0
7861.0,7861.0,20.0,0.0645499974489212,8e-05,0.1913588047027588,0.0
7862.0,7862.0,20.0,0.04802460968494415,8e-05,0.16163307428359985,0.0
7863.0,7863.0,20.0,0.05677438899874687,8e-05,0.15846413373947144,0.0
7864.0,7864.0,20.0,0.07323512434959412,8e-05,0.20900371670722961,0.0
7865.0,7865.0,20.0,0.06585977971553802,8e-05,0.09121884405612946,0.0
7866.0,7866.0,20.0,0.050637636333703995,8e-05,0.21308831870555878,0.0
7867.0,7867.0,20.0,0.04474110156297684,8e-05,0.10082883387804031,0.0
7868.0,7868.0,20.0,0.05545072257518768,8e-05,0.10491707175970078,0.0
7869.0,7869.0,20.0,0.06375403702259064,8e-05,0.16414374113082886,0.0
7870.0,7870.0,20.0,0.0523020476102829,8e-05,0.08752714842557907,0.0
7871.0,7871.0,20.0,0.05698411911725998,8e-05,0.1692124754190445,0.0
7872.0,7872.0,20.0,0.05961132049560547,8e-05,0.10109664499759674,0.0
7873.0,7873.0,20.0,0.05772057920694351,8e-05,0.09719587862491608,0.0
7874.0,7874.0,20.0,0.06185571104288101,8e-05,0.11946143209934235,0.0
7875.0,7875.0,20.0,0.054340481758117676,8e-05,0.08106140792369843,0.0
7876.0,7876.0,20.0,0.06185803562402725,8e-05,0.14034946262836456,0.0
7877.0,7877.0,20.0,0.06921814382076263,8e-05,0.09897837787866592,0.0
7878.0,7878.0,20.0,0.05207471549510956,8e-05,0.1376299113035202,0.0
7879.0,7879.0,20.0,0.062363170087337494,8e-05,0.179178848862648,0.0
7880.0,7880.0,20.0,0.045784927904605865,8e-05,0.1364075392484665,0.0
7881.0,7881.0,20.0,0.05392451211810112,8e-05,0.12577523291110992,0.0
7882.0,7882.0,20.0,0.04703973978757858,8e-05,0.13840091228485107,0.0
7883.0,7883.0,20.0,0.06465166807174683,8e-05,0.13629204034805298,0.0
7884.0,7884.0,20.0,0.06740754842758179,8e-05,0.1490236222743988,0.0
7885.0,7885.0,20.0,0.04728174954652786,8e-05,0.13805468380451202,0.0
7886.0,7886.0,20.0,0.07316850125789642,8e-05,0.11199335008859634,0.0
7887.0,7887.0,20.0,0.04412270709872246,8e-05,0.15806403756141663,0.0
7888.0,7888.0,20.0,0.06022695079445839,8e-05,0.1286655068397522,0.0
7889.0,7889.0,20.0,0.07067199051380157,8e-05,0.1213773787021637,0.0
7890.0,7890.0,20.0,0.052864450961351395,8e-05,0.1475406140089035,0.0
7891.0,7891.0,20.0,0.05576344579458237,8e-05,0.08407605439424515,0.0
7892.0,7892.0,20.0,0.07107478380203247,8e-05,0.13488219678401947,0.0
7893.0,7893.0,20.0,0.054918933659791946,8e-05,0.1005791574716568,0.0
7894.0,7894.0,20.0,0.0514240600168705,8e-05,0.09618828445672989,0.0
7895.0,7895.0,20.0,0.045706700533628464,8e-05,0.08403433114290237,0.0
7896.0,7896.0,20.0,0.04272419586777687,8e-05,0.10078644752502441,0.0
7897.0,7897.0,20.0,0.04728042334318161,8e-05,0.11973044276237488,0.0
7898.0,7898.0,20.0,0.06040485203266144,8e-05,0.07498560845851898,0.0
7899.0,7899.0,20.0,0.06546715646982193,8e-05,0.1446828842163086,0.0
7900.0,7900.0,20.0,0.05788104608654976,8e-05,0.13244079053401947,0.0
7901.0,7901.0,20.0,0.06315480172634125,8e-05,0.11424238979816437,0.0
7902.0,7902.0,20.0,0.041336655616760254,8e-05,0.17887328565120697,0.0
7903.0,7903.0,20.0,0.06446050107479095,8e-05,0.10309497267007828,0.0
7904.0,7904.0,20.0,0.05717889219522476,8e-05,0.1556801050901413,0.0
7905.0,7905.0,20.0,0.07293122261762619,8e-05,0.1322166621685028,0.0
7906.0,7906.0,20.0,0.057345177978277206,8e-05,0.14734911918640137,0.0
7907.0,7907.0,20.0,0.04304935783147812,8e-05,0.11416614800691605,0.0
7908.0,7908.0,20.0,0.05032401904463768,8e-05,0.2134125828742981,0.0
7909.0,7909.0,20.0,0.053494587540626526,8e-05,0.1956203728914261,0.0
7910.0,7910.0,20.0,0.07097429037094116,8e-05,0.13611945509910583,0.0
7911.0,7911.0,20.0,0.07530312240123749,8e-05,0.2134568840265274,0.0
7912.0,7912.0,20.0,0.050485365092754364,8e-05,0.11437322944402695,0.0
7913.0,7913.0,20.0,0.05017077922821045,8e-05,0.07895665615797043,0.0
7914.0,7914.0,20.0,0.06169583648443222,8e-05,0.21623897552490234,0.0
7915.0,7915.0,20.0,0.06479323655366898,8e-05,0.11495157331228256,0.0
7916.0,7916.0,20.0,0.04577752202749252,8e-05,0.1373685896396637,0.0
7917.0,7917.0,20.0,0.0658937618136406,8e-05,0.1920928806066513,0.0
7918.0,7918.0,20.0,0.06229099631309509,8e-05,0.09606009721755981,0.0
7919.0,7919.0,20.0,0.06710036098957062,8e-05,0.21507865190505981,0.0
7920.0,7920.0,20.0,0.054268427193164825,8e-05,0.13139833509922028,0.0
7921.0,7921.0,20.0,0.05290248990058899,8e-05,0.19811846315860748,0.0
7922.0,7922.0,20.0,0.05069539323449135,8e-05,0.13924160599708557,0.0
7923.0,7923.0,20.0,0.05499348044395447,8e-05,0.2275947481393814,0.0
7924.0,7924.0,20.0,0.04875413328409195,8e-05,0.1261976808309555,0.0
7925.0,7925.0,20.0,0.05384162813425064,8e-05,0.16601154208183289,0.0
7926.0,7926.0,20.0,0.07515072077512741,8e-05,0.21434234082698822,0.0
7927.0,7927.0,20.0,0.04910831153392792,8e-05,0.11072129756212234,0.0
7928.0,7928.0,20.0,0.050800107419490814,8e-05,0.23639953136444092,0.0
7929.0,7929.0,20.0,0.05196608975529671,8e-05,0.1445828676223755,0.0
7930.0,7930.0,20.0,0.07738780975341797,8e-05,0.21022944152355194,0.0
7931.0,7931.0,20.0,0.05362977832555771,8e-05,0.20286530256271362,0.0
7932.0,7932.0,20.0,0.050796203315258026,8e-05,0.16122238337993622,0.0
7933.0,7933.0,20.0,0.054435521364212036,8e-05,0.13479933142662048,0.0
7934.0,7934.0,20.0,0.06054619327187538,8e-05,0.25304311513900757,0.0
7935.0,7935.0,20.0,0.06662197411060333,8e-05,0.17535288631916046,0.0
7936.0,7936.0,20.0,0.06216777116060257,8e-05,0.07178673148155212,0.0
7937.0,7937.0,20.0,0.061510439962148666,8e-05,0.18896181881427765,0.0
7938.0,7938.0,20.0,0.05883358418941498,8e-05,0.12996594607830048,0.0
7939.0,7939.0,20.0,0.06320348381996155,8e-05,0.11017352342605591,0.0
7940.0,7940.0,20.0,0.061320334672927856,8e-05,0.11394893378019333,0.0
7941.0,7941.0,20.0,0.05635508894920349,8e-05,0.08922223001718521,0.0
7942.0,7942.0,20.0,0.0577063150703907,8e-05,0.10595450550317764,0.0
7943.0,7943.0,20.0,0.06258788704872131,8e-05,0.10929311811923981,0.0
7944.0,7944.0,20.0,0.061237093061208725,8e-05,0.17765609920024872,0.0
7945.0,7945.0,20.0,0.049037761986255646,8e-05,0.14800426363945007,0.0
7946.0,7946.0,20.0,0.0540885254740715,8e-05,0.13344641029834747,0.0
7947.0,7947.0,20.0,0.04382149875164032,8e-05,0.10016178339719772,0.0
7948.0,7948.0,20.0,0.04869242012500763,8e-05,0.08240798860788345,0.0
7949.0,7949.0,20.0,0.06778348982334137,8e-05,0.08903022855520248,0.0
7950.0,7950.0,20.0,0.05817700922489166,8e-05,0.0693330466747284,0.0
7951.0,7951.0,20.0,0.06285080313682556,8e-05,0.07564415782690048,0.0
7952.0,7952.0,20.0,0.06003520265221596,8e-05,0.07472341507673264,0.0
7953.0,7953.0,20.0,0.04797261208295822,8e-05,0.08344830572605133,0.0
7954.0,7954.0,20.0,0.06287053227424622,8e-05,0.10931165516376495,0.0
7955.0,7955.0,20.0,0.04518943279981613,8e-05,0.07291293144226074,0.0
7956.0,7956.0,20.0,0.048663198947906494,8e-05,0.0875006765127182,0.0
7957.0,7957.0,20.0,0.05137684941291809,8e-05,0.08665582537651062,0.0
7958.0,7958.0,20.0,0.07309699058532715,8e-05,0.13291333615779877,0.0
7959.0,7959.0,20.0,0.04396986588835716,8e-05,0.06459685415029526,0.0
7960.0,7960.0,20.0,0.061741337180137634,8e-05,0.13620169460773468,0.0
7961.0,7961.0,20.0,0.05775135010480881,8e-05,0.094040147960186,0.0
7962.0,7962.0,20.0,0.06621939688920975,8e-05,0.1616428941488266,0.0
7963.0,7963.0,20.0,0.06127393990755081,8e-05,0.09142788499593735,0.0
7964.0,7964.0,20.0,0.05226289480924606,8e-05,0.1463005691766739,0.0
7965.0,7965.0,20.0,0.05224262550473213,8e-05,0.08604571223258972,0.0
7966.0,7966.0,20.0,0.05905069410800934,8e-05,0.12126424908638,0.0
7967.0,7967.0,20.0,0.05519968271255493,8e-05,0.08411258459091187,0.0
7968.0,7968.0,20.0,0.05401967838406563,8e-05,0.13200139999389648,0.0
7969.0,7969.0,20.0,0.05452331155538559,8e-05,0.08274394273757935,0.0
7970.0,7970.0,20.0,0.06178215146064758,8e-05,0.20161688327789307,0.0
7971.0,7971.0,20.0,0.0530429407954216,8e-05,0.13466355204582214,0.0
7972.0,7972.0,20.0,0.056372255086898804,8e-05,0.10038533806800842,0.0
7973.0,7973.0,20.0,0.06617327034473419,8e-05,0.10737192630767822,0.0
7974.0,7974.0,20.0,0.04950165003538132,8e-05,0.13535082340240479,0.0
7975.0,7975.0,20.0,0.05276651307940483,8e-05,0.09994609653949738,0.0
7976.0,7976.0,20.0,0.05511684715747833,8e-05,0.17917242646217346,0.0
7977.0,7977.0,20.0,0.051983997225761414,8e-05,0.18687507510185242,0.0
7978.0,7978.0,20.0,0.059233322739601135,8e-05,0.10980012267827988,0.0
7979.0,7979.0,20.0,0.05530405044555664,8e-05,0.22879242897033691,0.0
7980.0,7980.0,20.0,0.055892184376716614,8e-05,0.09133762866258621,0.0
7981.0,7981.0,20.0,0.06088629364967346,8e-05,0.15324631333351135,0.0
7982.0,7982.0,20.0,0.05741088464856148,8e-05,0.144277885556221,0.0
7983.0,7983.0,20.0,0.0498705729842186,8e-05,0.09223896265029907,0.0
7984.0,7984.0,20.0,0.07846195995807648,8e-05,0.08907924592494965,0.0
7985.0,7985.0,20.0,0.059414274990558624,8e-05,0.17114777863025665,0.0
7986.0,7986.0,20.0,0.06577466428279877,8e-05,0.11511555314064026,0.0
7987.0,7987.0,20.0,0.047664180397987366,8e-05,0.132541224360466,0.0
7988.0,7988.0,20.0,0.05083733797073364,8e-05,0.07971760630607605,0.0
7989.0,7989.0,20.0,0.054697997868061066,8e-05,0.11558867990970612,0.0
7990.0,7990.0,20.0,0.06727689504623413,8e-05,0.14007383584976196,0.0
7991.0,7991.0,20.0,0.05713944137096405,8e-05,0.11662526428699493,0.0
7992.0,7992.0,20.0,0.06282182037830353,8e-05,0.12903431057929993,0.0
7993.0,7993.0,20.0,0.054118115454912186,8e-05,0.11265252530574799,0.0
7994.0,7994.0,20.0,0.05609199032187462,8e-05,0.09661153703927994,0.0
7995.0,7995.0,20.0,0.055663660168647766,8e-05,0.11652220040559769,0.0
7996.0,7996.0,20.0,0.042163051664829254,8e-05,0.12306665629148483,0.0
7997.0,7997.0,20.0,0.06740225851535797,8e-05,0.07462702691555023,0.0
7998.0,7998.0,20.0,0.0617804154753685,8e-05,0.12287123501300812,0.0
7999.0,7999.0,20.0,0.0626404881477356,8e-05,0.1327631026506424,0.0
8000.0,8000.0,20.0,0.053058866411447525,8e-05,0.13751043379306793,0.0
8001.0,8001.0,20.0,0.05463871359825134,8e-05,0.10397699475288391,0.0
8002.0,8002.0,20.0,0.050196632742881775,8e-05,0.14666524529457092,0.0
8003.0,8003.0,20.0,0.057632386684417725,8e-05,0.08208012580871582,0.0
8004.0,8004.0,20.0,0.0701267272233963,8e-05,0.13157542049884796,0.0
8005.0,8005.0,20.0,0.05353764444589615,8e-05,0.2265283614397049,0.0
8006.0,8006.0,20.0,0.0675077810883522,8e-05,0.0928959771990776,0.0
8007.0,8007.0,20.0,0.05803130567073822,8e-05,0.2024887651205063,0.0
8008.0,8008.0,20.0,0.0644545704126358,8e-05,0.17496494948863983,0.0
8009.0,8009.0,20.0,0.06007271260023117,8e-05,0.11870209127664566,0.0
8010.0,8010.0,20.0,0.06017709895968437,8e-05,0.18745216727256775,0.0
8011.0,8011.0,20.0,0.06233949586749077,8e-05,0.107207290828228,0.0
8012.0,8012.0,20.0,0.05682674050331116,8e-05,0.1431122124195099,0.0
8013.0,8013.0,20.0,0.05595972016453743,8e-05,0.13606375455856323,0.0
8014.0,8014.0,20.0,0.07100759446620941,8e-05,0.0953609049320221,0.0
8015.0,8015.0,20.0,0.0610785037279129,8e-05,0.16237753629684448,0.0
8016.0,8016.0,20.0,0.04435006529092789,8e-05,0.09469800442457199,0.0
8017.0,8017.0,20.0,0.057412415742874146,8e-05,0.16786067187786102,0.0
8018.0,8018.0,20.0,0.07165051251649857,8e-05,0.11976217478513718,0.0
8019.0,8019.0,20.0,0.051735155284404755,8e-05,0.1222762018442154,0.0
8020.0,8020.0,20.0,0.04718342423439026,8e-05,0.08822434395551682,0.0
8021.0,8021.0,20.0,0.05929958075284958,8e-05,0.12342356145381927,0.0
8022.0,8022.0,20.0,0.058053527027368546,8e-05,0.10604847222566605,0.0
8023.0,8023.0,20.0,0.059550315141677856,8e-05,0.10773655772209167,0.0
8024.0,8024.0,20.0,0.0524447038769722,8e-05,0.075612872838974,0.0
8025.0,8025.0,20.0,0.05272698402404785,8e-05,0.1621578335762024,0.0
8026.0,8026.0,20.0,0.05239855870604515,8e-05,0.10678088665008545,0.0
8027.0,8027.0,20.0,0.0741783082485199,8e-05,0.08682539314031601,0.0
8028.0,8028.0,20.0,0.047128334641456604,8e-05,0.11358888447284698,0.0
8029.0,8029.0,20.0,0.07333537936210632,8e-05,0.11254649609327316,0.0
8030.0,8030.0,20.0,0.055130984634160995,8e-05,0.0717025175690651,0.0
8031.0,8031.0,20.0,0.058470435440540314,8e-05,0.06064257398247719,0.0
8032.0,8032.0,20.0,0.03907708451151848,8e-05,0.07256646454334259,0.0
8033.0,8033.0,20.0,0.050422992557287216,8e-05,0.08130872994661331,0.0
8034.0,8034.0,20.0,0.05383310467004776,8e-05,0.08582060039043427,0.0
8035.0,8035.0,20.0,0.05218889191746712,8e-05,0.08220922201871872,0.0
8036.0,8036.0,20.0,0.06488698720932007,8e-05,0.10718049854040146,0.0
8037.0,8037.0,20.0,0.05452241748571396,8e-05,0.09353751689195633,0.0
8038.0,8038.0,20.0,0.054246898740530014,8e-05,0.08291541785001755,0.0
8039.0,8039.0,20.0,0.06438986212015152,8e-05,0.08011253923177719,0.0
8040.0,8040.0,20.0,0.0637717992067337,8e-05,0.07456151396036148,0.0
8041.0,8041.0,20.0,0.039830245077610016,8e-05,0.14515408873558044,0.0
8042.0,8042.0,20.0,0.06393691152334213,8e-05,0.10539562255144119,0.0
8043.0,8043.0,20.0,0.05747446045279503,8e-05,0.15890856087207794,0.0
8044.0,8044.0,20.0,0.06030384823679924,8e-05,0.09881491214036942,0.0
8045.0,8045.0,20.0,0.07188960164785385,8e-05,0.17028142511844635,0.0
8046.0,8046.0,20.0,0.04527655243873596,8e-05,0.169220969080925,0.0
8047.0,8047.0,20.0,0.05857715755701065,8e-05,0.20071296393871307,0.0
8048.0,8048.0,20.0,0.051895398646593094,8e-05,0.13055291771888733,0.0
8049.0,8049.0,20.0,0.057798177003860474,8e-05,0.24869900941848755,0.0
8050.0,8050.0,20.0,0.06296920776367188,8e-05,0.10086414963006973,0.0
8051.0,8051.0,20.0,0.05816199630498886,8e-05,0.15297940373420715,0.0
8052.0,8052.0,20.0,0.06542311608791351,8e-05,0.14506809413433075,0.0
8053.0,8053.0,20.0,0.05383584648370743,8e-05,0.09424129128456116,0.0
8054.0,8054.0,20.0,0.052636176347732544,8e-05,0.18434381484985352,0.0
8055.0,8055.0,20.0,0.06400289386510849,8e-05,0.09822605550289154,0.0
8056.0,8056.0,20.0,0.06055687367916107,8e-05,0.12787508964538574,0.0
8057.0,8057.0,20.0,0.05276663973927498,8e-05,0.11457955837249756,0.0
8058.0,8058.0,20.0,0.06785474717617035,8e-05,0.17183896899223328,0.0
8059.0,8059.0,20.0,0.05870227515697479,8e-05,0.14976970851421356,0.0
8060.0,8060.0,20.0,0.058594878762960434,8e-05,0.17397521436214447,0.0
8061.0,8061.0,20.0,0.06384626775979996,8e-05,0.12992864847183228,0.0
8062.0,8062.0,20.0,0.06465928256511688,8e-05,0.1397581398487091,0.0
8063.0,8063.0,20.0,0.07342682778835297,8e-05,0.14799784123897552,0.0
8064.0,8064.0,20.0,0.053327526897192,8e-05,0.10842674225568771,0.0
8065.0,8065.0,20.0,0.05232274532318115,8e-05,0.1183832436800003,0.0
8066.0,8066.0,20.0,0.06899576634168625,8e-05,0.12426329404115677,0.0
8067.0,8067.0,20.0,0.0661349669098854,8e-05,0.12366680055856705,0.0
8068.0,8068.0,20.0,0.05892269313335419,8e-05,0.11713028699159622,0.0
8069.0,8069.0,20.0,0.056012026965618134,8e-05,0.13172239065170288,0.0
8070.0,8070.0,20.0,0.06068433076143265,8e-05,0.1160624697804451,0.0
8071.0,8071.0,20.0,0.07635864615440369,8e-05,0.14253371953964233,0.0
8072.0,8072.0,20.0,0.0501890704035759,8e-05,0.09369227290153503,0.0
8073.0,8073.0,20.0,0.06625895202159882,8e-05,0.13156604766845703,0.0
8074.0,8074.0,20.0,0.06276766210794449,8e-05,0.11850208044052124,0.0
8075.0,8075.0,20.0,0.061822447925806046,8e-05,0.14030809700489044,0.0
8076.0,8076.0,20.0,0.06564883887767792,8e-05,0.08900782465934753,0.0
8077.0,8077.0,20.0,0.05571756139397621,8e-05,0.16381658613681793,0.0
8078.0,8078.0,20.0,0.06912107765674591,8e-05,0.14789609611034393,0.0
8079.0,8079.0,20.0,0.06284771859645844,8e-05,0.11954447627067566,0.0
8080.0,8080.0,20.0,0.05556727573275566,8e-05,0.1500636786222458,0.0
8081.0,8081.0,20.0,0.058481402695178986,8e-05,0.14935529232025146,0.0
8082.0,8082.0,20.0,0.08087167888879776,8e-05,0.15123124420642853,0.0
8083.0,8083.0,20.0,0.05736567825078964,8e-05,0.1652534306049347,0.0
8084.0,8084.0,20.0,0.06800247728824615,8e-05,0.13564381003379822,0.0
8085.0,8085.0,20.0,0.059581637382507324,8e-05,0.11374768614768982,0.0
8086.0,8086.0,20.0,0.06859490275382996,8e-05,0.14941464364528656,0.0
8087.0,8087.0,20.0,0.062300264835357666,8e-05,0.1602119356393814,0.0
8088.0,8088.0,20.0,0.04994296655058861,8e-05,0.11250719428062439,0.0
8089.0,8089.0,20.0,0.07024849951267242,8e-05,0.13206583261489868,0.0
8090.0,8090.0,20.0,0.05104980617761612,8e-05,0.17047885060310364,0.0
8091.0,8091.0,20.0,0.06531369686126709,8e-05,0.14544743299484253,0.0
8092.0,8092.0,20.0,0.060074612498283386,8e-05,0.12997423112392426,0.0
8093.0,8093.0,20.0,0.048751406371593475,8e-05,0.19602398574352264,0.0
8094.0,8094.0,20.0,0.05323105677962303,8e-05,0.10906685143709183,0.0
8095.0,8095.0,20.0,0.05757063627243042,8e-05,0.1660003811120987,0.0
8096.0,8096.0,20.0,0.07021403312683105,8e-05,0.20940497517585754,0.0
8097.0,8097.0,20.0,0.06852136552333832,8e-05,0.15144294500350952,0.0
8098.0,8098.0,20.0,0.06688027083873749,8e-05,0.18569985032081604,0.0
8099.0,8099.0,20.0,0.0619669146835804,8e-05,0.13770100474357605,0.0
8100.0,8100.0,20.0,0.0662030577659607,8e-05,0.14904560148715973,0.0
8101.0,8101.0,20.0,0.0594814196228981,8e-05,0.09472844749689102,0.0
8102.0,8102.0,20.0,0.06671203672885895,8e-05,0.15843723714351654,0.0
8103.0,8103.0,20.0,0.06608777493238449,8e-05,0.20814386010169983,0.0
8104.0,8104.0,20.0,0.055825620889663696,8e-05,0.14302292466163635,0.0
8105.0,8105.0,20.0,0.07533778995275497,8e-05,0.2607105076313019,0.0
8106.0,8106.0,20.0,0.0531289242208004,8e-05,0.0910051092505455,0.0
8107.0,8107.0,20.0,0.04637880623340607,8e-05,0.17341287434101105,0.0
8108.0,8108.0,20.0,0.06559562683105469,8e-05,0.16970571875572205,0.0
8109.0,8109.0,20.0,0.057989612221717834,8e-05,0.07295900583267212,0.0
8110.0,8110.0,20.0,0.0532793253660202,8e-05,0.1526813805103302,0.0
8111.0,8111.0,20.0,0.05773051455616951,8e-05,0.13337810337543488,0.0
8112.0,8112.0,20.0,0.04983928054571152,8e-05,0.0692325234413147,0.0
8113.0,8113.0,20.0,0.05815231055021286,8e-05,0.1418512463569641,0.0
8114.0,8114.0,20.0,0.06737110018730164,8e-05,0.15086407959461212,0.0
8115.0,8115.0,20.0,0.050877995789051056,8e-05,0.11253830045461655,0.0
8116.0,8116.0,20.0,0.0621357262134552,8e-05,0.15628023445606232,0.0
8117.0,8117.0,20.0,0.06659651547670364,8e-05,0.12710699439048767,0.0
8118.0,8118.0,20.0,0.061010926961898804,8e-05,0.1457170993089676,0.0
8119.0,8119.0,20.0,0.05666234716773033,8e-05,0.0740741491317749,0.0
8120.0,8120.0,20.0,0.04783455282449722,8e-05,0.13258019089698792,0.0
8121.0,8121.0,20.0,0.0524284802377224,8e-05,0.1010173112154007,0.0
8122.0,8122.0,20.0,0.058766648173332214,8e-05,0.17423300445079803,0.0
8123.0,8123.0,20.0,0.05812215059995651,8e-05,0.07014614343643188,0.0
8124.0,8124.0,20.0,0.06512238085269928,8e-05,0.11455968022346497,0.0
8125.0,8125.0,20.0,0.055479977279901505,8e-05,0.11435355246067047,0.0
8126.0,8126.0,20.0,0.07328783720731735,8e-05,0.09285414218902588,0.0
8127.0,8127.0,20.0,0.06493118405342102,8e-05,0.10626913607120514,0.0
8128.0,8128.0,20.0,0.06849929690361023,8e-05,0.13837671279907227,0.0
8129.0,8129.0,20.0,0.07332676649093628,8e-05,0.12702146172523499,0.0
8130.0,8130.0,20.0,0.044365644454956055,8e-05,0.1253722757101059,0.0
8131.0,8131.0,20.0,0.05239759385585785,8e-05,0.10640447586774826,0.0
8132.0,8132.0,20.0,0.0576428547501564,8e-05,0.12007580697536469,0.0
8133.0,8133.0,20.0,0.054181598126888275,8e-05,0.10643277317285538,0.0
8134.0,8134.0,20.0,0.06223607063293457,8e-05,0.09170617163181305,0.0
8135.0,8135.0,20.0,0.06930646300315857,8e-05,0.12552566826343536,0.0
8136.0,8136.0,20.0,0.05257807672023773,8e-05,0.10825981944799423,0.0
8137.0,8137.0,20.0,0.05960261821746826,8e-05,0.11737161129713058,0.0
8138.0,8138.0,20.0,0.05867111310362816,8e-05,0.13576985895633698,0.0
8139.0,8139.0,20.0,0.06190832704305649,8e-05,0.07587910443544388,0.0
8140.0,8140.0,20.0,0.06441210210323334,8e-05,0.177383154630661,0.0
8141.0,8141.0,20.0,0.050455279648303986,8e-05,0.09665655344724655,0.0
8142.0,8142.0,20.0,0.050401993095874786,8e-05,0.1008472591638565,0.0
8143.0,8143.0,20.0,0.058498453348875046,8e-05,0.14548416435718536,0.0
8144.0,8144.0,20.0,0.05150517076253891,8e-05,0.0622066929936409,0.0
8145.0,8145.0,20.0,0.05315422639250755,8e-05,0.1043468713760376,0.0
8146.0,8146.0,20.0,0.0543973483145237,8e-05,0.10093417763710022,0.0
8147.0,8147.0,20.0,0.05934561789035797,8e-05,0.11402316391468048,0.0
8148.0,8148.0,20.0,0.055569540709257126,8e-05,0.09794598817825317,0.0
8149.0,8149.0,20.0,0.05253179371356964,8e-05,0.06544194370508194,0.0
8150.0,8150.0,20.0,0.0634424090385437,8e-05,0.10915077477693558,0.0
8151.0,8151.0,20.0,0.04498530179262161,8e-05,0.058358531445264816,0.0
8152.0,8152.0,20.0,0.058353133499622345,8e-05,0.07961022108793259,0.0
8153.0,8153.0,20.0,0.05628015846014023,8e-05,0.11372212320566177,0.0
8154.0,8154.0,20.0,0.057937197387218475,8e-05,0.06119086593389511,0.0
8155.0,8155.0,20.0,0.06136161834001541,8e-05,0.08440795540809631,0.0
8156.0,8156.0,20.0,0.045321930199861526,8e-05,0.09564539790153503,0.0
8157.0,8157.0,20.0,0.05009492486715317,8e-05,0.10956014692783356,0.0
8158.0,8158.0,20.0,0.05002287030220032,8e-05,0.14627060294151306,0.0
8159.0,8159.0,20.0,0.06103844940662384,8e-05,0.1442074328660965,0.0
8160.0,8160.0,20.0,0.08273830264806747,8e-05,0.10463739186525345,0.0
8161.0,8161.0,20.0,0.05647892504930496,8e-05,0.18158994615077972,0.0
8162.0,8162.0,20.0,0.05405697226524353,8e-05,0.08871444314718246,0.0
8163.0,8163.0,20.0,0.060345690697431564,8e-05,0.22639796137809753,0.0
8164.0,8164.0,20.0,0.06226661801338196,8e-05,0.15377689898014069,0.0
8165.0,8165.0,20.0,0.051789186894893646,8e-05,0.18359172344207764,0.0
8166.0,8166.0,20.0,0.06974530220031738,8e-05,0.12248940020799637,0.0
8167.0,8167.0,20.0,0.060858458280563354,8e-05,0.16041842103004456,0.0
8168.0,8168.0,20.0,0.057492565363645554,8e-05,0.10663881152868271,0.0
8169.0,8169.0,20.0,0.06389129906892776,8e-05,0.1511746644973755,0.0
8170.0,8170.0,20.0,0.05778875574469566,8e-05,0.1494859755039215,0.0
8171.0,8171.0,20.0,0.050707217305898666,8e-05,0.10231444984674454,0.0
8172.0,8172.0,20.0,0.06976278126239777,8e-05,0.16132734715938568,0.0
8173.0,8173.0,20.0,0.04733315110206604,8e-05,0.09208236634731293,0.0
8174.0,8174.0,20.0,0.05972073972225189,8e-05,0.18723666667938232,0.0
8175.0,8175.0,20.0,0.05499815195798874,8e-05,0.11475452780723572,0.0
8176.0,8176.0,20.0,0.06425418704748154,8e-05,0.13353903591632843,0.0
8177.0,8177.0,20.0,0.05516231805086136,8e-05,0.18298089504241943,0.0
8178.0,8178.0,20.0,0.06501218676567078,8e-05,0.0849028080701828,0.0
8179.0,8179.0,20.0,0.06457798182964325,8e-05,0.2120300829410553,0.0
8180.0,8180.0,20.0,0.050687290728092194,8e-05,0.10625959932804108,0.0
8181.0,8181.0,20.0,0.06653358787298203,8e-05,0.15068700909614563,0.0
8182.0,8182.0,20.0,0.04630715027451515,8e-05,0.15895970165729523,0.0
8183.0,8183.0,20.0,0.0728035718202591,8e-05,0.1323389708995819,0.0
8184.0,8184.0,20.0,0.07390575110912323,8e-05,0.18360988795757294,0.0
8185.0,8185.0,20.0,0.05447819456458092,8e-05,0.19863010942935944,0.0
8186.0,8186.0,20.0,0.059906989336013794,8e-05,0.11935834586620331,0.0
8187.0,8187.0,20.0,0.05541042238473892,8e-05,0.15697111189365387,0.0
8188.0,8188.0,20.0,0.07178157567977905,8e-05,0.2010425478219986,0.0
8189.0,8189.0,20.0,0.057676270604133606,8e-05,0.17403991520404816,0.0
8190.0,8190.0,20.0,0.056467700749635696,8e-05,0.1329554319381714,0.0
8191.0,8191.0,21.0,0.05356844514608383,8e-05,0.24234309792518616,0.0
8192.0,8192.0,21.0,0.06364504247903824,8e-05,0.14252635836601257,0.0
8193.0,8193.0,21.0,0.05029101297259331,8e-05,0.19712528586387634,0.0
8194.0,8194.0,21.0,0.051034409552812576,8e-05,0.14136113226413727,0.0
8195.0,8195.0,21.0,0.059184480458498,8e-05,0.1781194657087326,0.0
8196.0,8196.0,21.0,0.05180436372756958,8e-05,0.16201356053352356,0.0
8197.0,8197.0,21.0,0.04051598161458969,8e-05,0.17279863357543945,0.0
8198.0,8198.0,21.0,0.056209735572338104,8e-05,0.1499892622232437,0.0
8199.0,8199.0,21.0,0.04966050758957863,8e-05,0.14583924412727356,0.0
8200.0,8200.0,21.0,0.05537855625152588,8e-05,0.12880249321460724,0.0
8201.0,8201.0,21.0,0.046937890350818634,8e-05,0.26414427161216736,0.0
8202.0,8202.0,21.0,0.06285108625888824,8e-05,0.0922759547829628,0.0
8203.0,8203.0,21.0,0.06477449089288712,8e-05,0.1934240162372589,0.0
8204.0,8204.0,21.0,0.054208263754844666,8e-05,0.16443189978599548,0.0
8205.0,8205.0,21.0,0.07023955881595612,8e-05,0.21335579454898834,0.0
8206.0,8206.0,21.0,0.04885884374380112,8e-05,0.15594162046909332,0.0
8207.0,8207.0,21.0,0.05099140852689743,8e-05,0.19428743422031403,0.0
8208.0,8208.0,21.0,0.057023510336875916,8e-05,0.13194239139556885,0.0
8209.0,8209.0,21.0,0.052667394280433655,8e-05,0.12980559468269348,0.0
8210.0,8210.0,21.0,0.06358802318572998,8e-05,0.14879697561264038,0.0
8211.0,8211.0,21.0,0.0646672397851944,8e-05,0.20264236629009247,0.0
8212.0,8212.0,21.0,0.058109164237976074,8e-05,0.12368641048669815,0.0
8213.0,8213.0,21.0,0.06619100272655487,8e-05,0.2311369925737381,0.0
8214.0,8214.0,21.0,0.05411561578512192,8e-05,0.1492381989955902,0.0
8215.0,8215.0,21.0,0.07424640655517578,8e-05,0.2725819945335388,0.0
8216.0,8216.0,21.0,0.057681214064359665,8e-05,0.17242029309272766,0.0
8217.0,8217.0,21.0,0.05651507526636124,8e-05,0.18706239759922028,0.0
8218.0,8218.0,21.0,0.05363083258271217,8e-05,0.19093583524227142,0.0
8219.0,8219.0,21.0,0.05658810958266258,8e-05,0.07768281549215317,0.0
8220.0,8220.0,21.0,0.049542251974344254,8e-05,0.131038099527359,0.0
8221.0,8221.0,21.0,0.05436442047357559,8e-05,0.09231922030448914,0.0
8222.0,8222.0,21.0,0.05279766395688057,8e-05,0.11846055090427399,0.0
8223.0,8223.0,21.0,0.0670810341835022,8e-05,0.14664752781391144,0.0
8224.0,8224.0,21.0,0.06375578045845032,8e-05,0.09693653136491776,0.0
8225.0,8225.0,21.0,0.044198889285326004,8e-05,0.11581943184137344,0.0
8226.0,8226.0,21.0,0.05927709490060806,8e-05,0.08924470841884613,0.0
8227.0,8227.0,21.0,0.059484921395778656,8e-05,0.1030765026807785,0.0
8228.0,8228.0,21.0,0.05435211956501007,8e-05,0.07656415551900864,0.0
8229.0,8229.0,21.0,0.06673766672611237,8e-05,0.11090488731861115,0.0
8230.0,8230.0,21.0,0.05732378363609314,8e-05,0.11241163313388824,0.0
8231.0,8231.0,21.0,0.05022498965263367,8e-05,0.07824137806892395,0.0
8232.0,8232.0,21.0,0.0825902447104454,8e-05,0.1785650998353958,0.0
8233.0,8233.0,21.0,0.05701453238725662,8e-05,0.0728946402668953,0.0
8234.0,8234.0,21.0,0.05998505651950836,8e-05,0.1777801364660263,0.0
8235.0,8235.0,21.0,0.06989188492298126,8e-05,0.1181212067604065,0.0
8236.0,8236.0,21.0,0.0547323003411293,8e-05,0.1574990600347519,0.0
8237.0,8237.0,21.0,0.05827968567609787,8e-05,0.12445912510156631,0.0
8238.0,8238.0,21.0,0.0539972260594368,8e-05,0.11424785852432251,0.0
8239.0,8239.0,21.0,0.06797898560762405,8e-05,0.14107151329517365,0.0
8240.0,8240.0,21.0,0.06476558744907379,8e-05,0.17149639129638672,0.0
8241.0,8241.0,21.0,0.05886397510766983,8e-05,0.08723348379135132,0.0
8242.0,8242.0,21.0,0.06512682139873505,8e-05,0.1765986829996109,0.0
8243.0,8243.0,21.0,0.0469687394797802,8e-05,0.12331442534923553,0.0
8244.0,8244.0,21.0,0.04758746549487114,8e-05,0.19150973856449127,0.0
8245.0,8245.0,21.0,0.05422260984778404,8e-05,0.14029307663440704,0.0
8246.0,8246.0,21.0,0.05973571538925171,8e-05,0.10762178897857666,0.0
8247.0,8247.0,21.0,0.062404733151197433,8e-05,0.19832748174667358,0.0
8248.0,8248.0,21.0,0.049839943647384644,8e-05,0.09215695410966873,0.0
8249.0,8249.0,21.0,0.060804978013038635,8e-05,0.16203929483890533,0.0
8250.0,8250.0,21.0,0.042440157383680344,8e-05,0.1785130351781845,0.0
8251.0,8251.0,21.0,0.05455789715051651,8e-05,0.12713728845119476,0.0
8252.0,8252.0,21.0,0.06749583035707474,8e-05,0.21588341891765594,0.0
8253.0,8253.0,21.0,0.05749889463186264,8e-05,0.08743911981582642,0.0
8254.0,8254.0,21.0,0.052471309900283813,8e-05,0.1763400137424469,0.0
8255.0,8255.0,21.0,0.053451523184776306,8e-05,0.0951405018568039,0.0
8256.0,8256.0,21.0,0.06721430271863937,8e-05,0.12997452914714813,0.0
8257.0,8257.0,21.0,0.0555809885263443,8e-05,0.11085259169340134,0.0
8258.0,8258.0,21.0,0.055575042963027954,8e-05,0.1756429374217987,0.0
8259.0,8259.0,21.0,0.05387476086616516,8e-05,0.13129568099975586,0.0
8260.0,8260.0,21.0,0.05222724750638008,8e-05,0.16998520493507385,0.0
8261.0,8261.0,21.0,0.053374264389276505,8e-05,0.09007096290588379,0.0
8262.0,8262.0,21.0,0.0800052136182785,8e-05,0.2482900172472,0.0
8263.0,8263.0,21.0,0.058504924178123474,8e-05,0.1175336167216301,0.0
8264.0,8264.0,21.0,0.04500562325119972,8e-05,0.14685411751270294,0.0
8265.0,8265.0,21.0,0.05060514807701111,8e-05,0.21777313947677612,0.0
8266.0,8266.0,21.0,0.05835062265396118,8e-05,0.06115967035293579,0.0
8267.0,8267.0,21.0,0.06466072052717209,8e-05,0.09082887321710587,0.0
8268.0,8268.0,21.0,0.06217941269278526,8e-05,0.18086916208267212,0.0
8269.0,8269.0,21.0,0.049240726977586746,8e-05,0.09729405492544174,0.0
8270.0,8270.0,21.0,0.06528663635253906,8e-05,0.11178510636091232,0.0
8271.0,8271.0,21.0,0.06913208961486816,8e-05,0.16774456202983856,0.0
8272.0,8272.0,21.0,0.0660477802157402,8e-05,0.11558996140956879,0.0
8273.0,8273.0,21.0,0.0662011206150055,8e-05,0.16541741788387299,0.0
8274.0,8274.0,21.0,0.056164029985666275,8e-05,0.13818034529685974,0.0
8275.0,8275.0,21.0,0.05217696726322174,8e-05,0.10449483245611191,0.0
8276.0,8276.0,21.0,0.06287134438753128,8e-05,0.11709927767515182,0.0
8277.0,8277.0,21.0,0.06042464077472687,8e-05,0.16414040327072144,0.0
8278.0,8278.0,21.0,0.0509394071996212,8e-05,0.10162204504013062,0.0
8279.0,8279.0,21.0,0.0514473095536232,8e-05,0.09906695783138275,0.0
8280.0,8280.0,21.0,0.059937573969364166,8e-05,0.17498964071273804,0.0
8281.0,8281.0,21.0,0.068967305123806,8e-05,0.0660829171538353,0.0
8282.0,8282.0,21.0,0.06051287800073624,8e-05,0.10193722695112228,0.0
8283.0,8283.0,21.0,0.062055639922618866,8e-05,0.1497795581817627,0.0
8284.0,8284.0,21.0,0.04626297205686569,8e-05,0.10936163365840912,0.0
8285.0,8285.0,21.0,0.07376374304294586,8e-05,0.13840535283088684,0.0
8286.0,8286.0,21.0,0.05906420201063156,8e-05,0.16115114092826843,0.0
8287.0,8287.0,21.0,0.0438232347369194,8e-05,0.10444879531860352,0.0
8288.0,8288.0,21.0,0.07790336012840271,8e-05,0.13206450641155243,0.0
8289.0,8289.0,21.0,0.050919175148010254,8e-05,0.13179032504558563,0.0
8290.0,8290.0,21.0,0.05794190987944603,8e-05,0.07265212386846542,0.0
8291.0,8291.0,21.0,0.06815625727176666,8e-05,0.20890642702579498,0.0
8292.0,8292.0,21.0,0.05837491899728775,8e-05,0.07703903317451477,0.0
8293.0,8293.0,21.0,0.060303643345832825,8e-05,0.15178827941417694,0.0
8294.0,8294.0,21.0,0.05895255133509636,8e-05,0.11241146922111511,0.0
8295.0,8295.0,21.0,0.056679174304008484,8e-05,0.12520234286785126,0.0
8296.0,8296.0,21.0,0.06049392744898796,8e-05,0.12094057351350784,0.0
8297.0,8297.0,21.0,0.0525263175368309,8e-05,0.08987892419099808,0.0
8298.0,8298.0,21.0,0.058662496507167816,8e-05,0.13974986970424652,0.0
8299.0,8299.0,21.0,0.06717385351657867,8e-05,0.08316192030906677,0.0
8300.0,8300.0,21.0,0.05533374845981598,8e-05,0.07695574313402176,0.0
8301.0,8301.0,21.0,0.07507964968681335,8e-05,0.17088603973388672,0.0
8302.0,8302.0,21.0,0.06909877061843872,8e-05,0.09533733874559402,0.0
8303.0,8303.0,21.0,0.05252516269683838,8e-05,0.11948106437921524,0.0
8304.0,8304.0,21.0,0.06875121593475342,8e-05,0.10741335898637772,0.0
8305.0,8305.0,21.0,0.05882946401834488,8e-05,0.14105767011642456,0.0
8306.0,8306.0,21.0,0.059163086116313934,8e-05,0.10599634051322937,0.0
8307.0,8307.0,21.0,0.05444137006998062,8e-05,0.11604657769203186,0.0
8308.0,8308.0,21.0,0.052106715738773346,8e-05,0.11478738486766815,0.0
8309.0,8309.0,21.0,0.059567153453826904,8e-05,0.12961477041244507,0.0
8310.0,8310.0,21.0,0.0648709237575531,8e-05,0.13660629093647003,0.0
8311.0,8311.0,21.0,0.052926450967788696,8e-05,0.10260676592588425,0.0
8312.0,8312.0,21.0,0.07139208912849426,8e-05,0.15111681818962097,0.0
8313.0,8313.0,21.0,0.04936056584119797,8e-05,0.09133490175008774,0.0
8314.0,8314.0,21.0,0.07101021707057953,8e-05,0.13108819723129272,0.0
8315.0,8315.0,21.0,0.0483115017414093,8e-05,0.1498301923274994,0.0
8316.0,8316.0,21.0,0.0526011660695076,8e-05,0.16663724184036255,0.0
8317.0,8317.0,21.0,0.07422874867916107,8e-05,0.17225728929042816,0.0
8318.0,8318.0,21.0,0.05065260827541351,8e-05,0.11700165271759033,0.0
8319.0,8319.0,21.0,0.06112796440720558,8e-05,0.15362823009490967,0.0
8320.0,8320.0,21.0,0.056686095893383026,8e-05,0.1001991480588913,0.0
8321.0,8321.0,21.0,0.07023167610168457,8e-05,0.12752613425254822,0.0
8322.0,8322.0,21.0,0.058418501168489456,8e-05,0.07205330580472946,0.0
8323.0,8323.0,21.0,0.058773212134838104,8e-05,0.10520988702774048,0.0
8324.0,8324.0,21.0,0.06407078355550766,8e-05,0.09542661905288696,0.0
8325.0,8325.0,21.0,0.0500028133392334,8e-05,0.07262273877859116,0.0
8326.0,8326.0,21.0,0.0540553480386734,8e-05,0.12747465074062347,0.0
8327.0,8327.0,21.0,0.0507395938038826,8e-05,0.09143823385238647,0.0
8328.0,8328.0,21.0,0.05802725628018379,8e-05,0.11673256009817123,0.0
8329.0,8329.0,21.0,0.05929442495107651,8e-05,0.12517347931861877,0.0
8330.0,8330.0,21.0,0.056850530207157135,8e-05,0.07561112195253372,0.0
8331.0,8331.0,21.0,0.056983526796102524,8e-05,0.11096404492855072,0.0
8332.0,8332.0,21.0,0.054605767130851746,8e-05,0.11036664992570877,0.0
8333.0,8333.0,21.0,0.05034865066409111,8e-05,0.10971125215291977,0.0
8334.0,8334.0,21.0,0.0591144934296608,8e-05,0.10396703332662582,0.0
8335.0,8335.0,21.0,0.04961168020963669,8e-05,0.11782216280698776,0.0
8336.0,8336.0,21.0,0.04994124174118042,8e-05,0.06561525911092758,0.0
8337.0,8337.0,21.0,0.05758863314986229,8e-05,0.11736249178647995,0.0
8338.0,8338.0,21.0,0.060705143958330154,8e-05,0.12273897230625153,0.0
8339.0,8339.0,21.0,0.05584598332643509,8e-05,0.1013055145740509,0.0
8340.0,8340.0,21.0,0.044849008321762085,8e-05,0.15503160655498505,0.0
8341.0,8341.0,21.0,0.052242182195186615,8e-05,0.12240684777498245,0.0
8342.0,8342.0,21.0,0.0670306608080864,8e-05,0.13911691308021545,0.0
8343.0,8343.0,21.0,0.06340962648391724,8e-05,0.13023699820041656,0.0
8344.0,8344.0,21.0,0.06042075529694557,8e-05,0.10971904546022415,0.0
8345.0,8345.0,21.0,0.056196101009845734,8e-05,0.17286449670791626,0.0
8346.0,8346.0,21.0,0.06092775985598564,8e-05,0.11240986734628677,0.0
8347.0,8347.0,21.0,0.05264822393655777,8e-05,0.13471060991287231,0.0
8348.0,8348.0,21.0,0.05942881852388382,8e-05,0.1454581618309021,0.0
8349.0,8349.0,21.0,0.052260931581258774,8e-05,0.07684700936079025,0.0
8350.0,8350.0,21.0,0.05545242875814438,8e-05,0.11679340898990631,0.0
8351.0,8351.0,21.0,0.059510737657547,8e-05,0.11318681389093399,0.0
8352.0,8352.0,21.0,0.06373332440853119,8e-05,0.09425997734069824,0.0
8353.0,8353.0,21.0,0.08014922589063644,8e-05,0.12445296347141266,0.0
8354.0,8354.0,21.0,0.0706520527601242,8e-05,0.10967814922332764,0.0
8355.0,8355.0,21.0,0.07317991554737091,8e-05,0.18082189559936523,0.0
8356.0,8356.0,21.0,0.07117395102977753,8e-05,0.16340667009353638,0.0
8357.0,8357.0,21.0,0.05699225515127182,8e-05,0.09265457838773727,0.0
8358.0,8358.0,21.0,0.06295543909072876,8e-05,0.216078519821167,0.0
8359.0,8359.0,21.0,0.06310653686523438,8e-05,0.16979317367076874,0.0
8360.0,8360.0,21.0,0.05043666809797287,8e-05,0.12491732090711594,0.0
8361.0,8361.0,21.0,0.05492138862609863,8e-05,0.0936899185180664,0.0
8362.0,8362.0,21.0,0.0564519427716732,8e-05,0.13918258249759674,0.0
8363.0,8363.0,21.0,0.05209069699048996,8e-05,0.10731063038110733,0.0
8364.0,8364.0,21.0,0.06048291176557541,8e-05,0.09884919971227646,0.0
8365.0,8365.0,21.0,0.05670035257935524,8e-05,0.1590983271598816,0.0
8366.0,8366.0,21.0,0.04729592055082321,8e-05,0.14130064845085144,0.0
8367.0,8367.0,21.0,0.058969322592020035,8e-05,0.10242241621017456,0.0
8368.0,8368.0,21.0,0.07139076292514801,8e-05,0.11739866435527802,0.0
8369.0,8369.0,21.0,0.06452719867229462,8e-05,0.20072713494300842,0.0
8370.0,8370.0,21.0,0.0517878457903862,8e-05,0.07876367121934891,0.0
8371.0,8371.0,21.0,0.03733610361814499,8e-05,0.12817168235778809,0.0
8372.0,8372.0,21.0,0.04547581076622009,8e-05,0.1514892727136612,0.0
8373.0,8373.0,21.0,0.05854235216975212,8e-05,0.1080046221613884,0.0
8374.0,8374.0,21.0,0.05980677157640457,8e-05,0.10169010609388351,0.0
8375.0,8375.0,21.0,0.0575413852930069,8e-05,0.12990038096904755,0.0
8376.0,8376.0,21.0,0.05706325173377991,8e-05,0.08732311427593231,0.0
8377.0,8377.0,21.0,0.041024237871170044,8e-05,0.07443787157535553,0.0
8378.0,8378.0,21.0,0.0562545582652092,8e-05,0.1155991181731224,0.0
8379.0,8379.0,21.0,0.05824693664908409,8e-05,0.1418563276529312,0.0
8380.0,8380.0,21.0,0.06107955798506737,8e-05,0.08831607550382614,0.0
8381.0,8381.0,21.0,0.05896728113293648,8e-05,0.1683645248413086,0.0
8382.0,8382.0,21.0,0.06788404285907745,8e-05,0.10537559539079666,0.0
8383.0,8383.0,21.0,0.05415009707212448,8e-05,0.12027005106210709,0.0
8384.0,8384.0,21.0,0.06306615471839905,8e-05,0.09743715077638626,0.0
8385.0,8385.0,21.0,0.05938529223203659,8e-05,0.1402953416109085,0.0
8386.0,8386.0,21.0,0.05049124360084534,8e-05,0.06535927951335907,0.0
8387.0,8387.0,21.0,0.044101912528276443,8e-05,0.11235697567462921,0.0
8388.0,8388.0,21.0,0.06399064511060715,8e-05,0.1230679377913475,0.0
8389.0,8389.0,21.0,0.05809313803911209,8e-05,0.1170605793595314,0.0
8390.0,8390.0,21.0,0.07330277562141418,8e-05,0.11397211253643036,0.0
8391.0,8391.0,21.0,0.05928490683436394,8e-05,0.1334831267595291,0.0
8392.0,8392.0,21.0,0.06018230691552162,8e-05,0.11311434954404831,0.0
8393.0,8393.0,21.0,0.051035478711128235,8e-05,0.15533490478992462,0.0
8394.0,8394.0,21.0,0.06093483045697212,8e-05,0.11254550516605377,0.0
8395.0,8395.0,21.0,0.057066887617111206,8e-05,0.14782674610614777,0.0
8396.0,8396.0,21.0,0.0587901845574379,8e-05,0.14034834504127502,0.0
8397.0,8397.0,21.0,0.06940256059169769,8e-05,0.14946652948856354,0.0
8398.0,8398.0,21.0,0.056992679834365845,8e-05,0.1668047457933426,0.0
8399.0,8399.0,21.0,0.055205442011356354,8e-05,0.13400521874427795,0.0
8400.0,8400.0,21.0,0.053513675928115845,8e-05,0.11592870205640793,0.0
8401.0,8401.0,21.0,0.058551911264657974,8e-05,0.1469726711511612,0.0
8402.0,8402.0,21.0,0.06337273865938187,8e-05,0.12421068549156189,0.0
8403.0,8403.0,21.0,0.05545037239789963,8e-05,0.12639157474040985,0.0
8404.0,8404.0,21.0,0.06482112407684326,8e-05,0.13257518410682678,0.0
8405.0,8405.0,21.0,0.054930754005908966,8e-05,0.1158902570605278,0.0
8406.0,8406.0,21.0,0.06344336271286011,8e-05,0.15002217888832092,0.0
8407.0,8407.0,21.0,0.056539472192525864,8e-05,0.09648357331752777,0.0
8408.0,8408.0,21.0,0.06399261951446533,8e-05,0.1343766450881958,0.0
8409.0,8409.0,21.0,0.062078867107629776,8e-05,0.09961837530136108,0.0
8410.0,8410.0,21.0,0.04956158250570297,8e-05,0.13430149853229523,0.0
8411.0,8411.0,21.0,0.05637955293059349,8e-05,0.11218218505382538,0.0
8412.0,8412.0,21.0,0.05841054394841194,8e-05,0.16083946824073792,0.0
8413.0,8413.0,21.0,0.05605700612068176,8e-05,0.10644178837537766,0.0
8414.0,8414.0,21.0,0.04785579442977905,8e-05,0.07848004996776581,0.0
8415.0,8415.0,21.0,0.04401708394289017,8e-05,0.1372627466917038,0.0
8416.0,8416.0,21.0,0.05559869855642319,8e-05,0.06846006959676743,0.0
8417.0,8417.0,21.0,0.05028475075960159,8e-05,0.11031690239906311,0.0
8418.0,8418.0,21.0,0.05009794980287552,8e-05,0.10411582887172699,0.0
8419.0,8419.0,21.0,0.0645911917090416,8e-05,0.13895218074321747,0.0
8420.0,8420.0,21.0,0.058499667793512344,8e-05,0.1529770791530609,0.0
8421.0,8421.0,21.0,0.05213107168674469,8e-05,0.119085393846035,0.0
8422.0,8422.0,21.0,0.05508198216557503,8e-05,0.1227979063987732,0.0
8423.0,8423.0,21.0,0.06380096077919006,8e-05,0.08604656904935837,0.0
8424.0,8424.0,21.0,0.0571877658367157,8e-05,0.08866699784994125,0.0
8425.0,8425.0,21.0,0.0525677353143692,8e-05,0.16559235751628876,0.0
8426.0,8426.0,21.0,0.06467227637767792,8e-05,0.08759880810976028,0.0
8427.0,8427.0,21.0,0.04930970445275307,8e-05,0.1350492686033249,0.0
8428.0,8428.0,21.0,0.06212897226214409,8e-05,0.10379597544670105,0.0
8429.0,8429.0,21.0,0.05659874901175499,8e-05,0.09787203371524811,0.0
8430.0,8430.0,21.0,0.06317384541034698,8e-05,0.13075238466262817,0.0
8431.0,8431.0,21.0,0.06417449563741684,8e-05,0.0710035040974617,0.0
8432.0,8432.0,21.0,0.05330599844455719,8e-05,0.11283179372549057,0.0
8433.0,8433.0,21.0,0.07074733823537827,8e-05,0.10482615977525711,0.0
8434.0,8434.0,21.0,0.0703490674495697,8e-05,0.17200632393360138,0.0
8435.0,8435.0,21.0,0.053055256605148315,8e-05,0.08637648075819016,0.0
8436.0,8436.0,21.0,0.051700130105018616,8e-05,0.08614423125982285,0.0
8437.0,8437.0,21.0,0.07286091148853302,8e-05,0.12459556013345718,0.0
8438.0,8438.0,21.0,0.05468178540468216,8e-05,0.13177037239074707,0.0
8439.0,8439.0,21.0,0.0734374076128006,8e-05,0.08296719193458557,0.0
8440.0,8440.0,21.0,0.055956240743398666,8e-05,0.09476395696401596,0.0
8441.0,8441.0,21.0,0.049789100885391235,8e-05,0.0705404207110405,0.0
8442.0,8442.0,21.0,0.048960790038108826,8e-05,0.0903933197259903,0.0
8443.0,8443.0,21.0,0.055308159440755844,8e-05,0.10111287236213684,0.0
8444.0,8444.0,21.0,0.062340959906578064,8e-05,0.07577560096979141,0.0
8445.0,8445.0,21.0,0.06121835112571716,8e-05,0.16071568429470062,0.0
8446.0,8446.0,21.0,0.058638423681259155,8e-05,0.11490815877914429,0.0
8447.0,8447.0,21.0,0.04770738258957863,8e-05,0.11886341869831085,0.0
8448.0,8448.0,21.0,0.05712694302201271,8e-05,0.1861155927181244,0.0
8449.0,8449.0,21.0,0.04445989429950714,8e-05,0.12442638725042343,0.0
8450.0,8450.0,21.0,0.06178285926580429,8e-05,0.1827467828989029,0.0
8451.0,8451.0,21.0,0.059605564922094345,8e-05,0.12849177420139313,0.0
8452.0,8452.0,21.0,0.04739898443222046,8e-05,0.13188019394874573,0.0
8453.0,8453.0,21.0,0.0540248304605484,8e-05,0.1572933942079544,0.0
8454.0,8454.0,21.0,0.0521148256957531,8e-05,0.11328385025262833,0.0
8455.0,8455.0,21.0,0.05714954435825348,8e-05,0.11070801317691803,0.0
8456.0,8456.0,21.0,0.061589471995830536,8e-05,0.13047204911708832,0.0
8457.0,8457.0,21.0,0.06298934668302536,8e-05,0.17390990257263184,0.0
8458.0,8458.0,21.0,0.057079046964645386,8e-05,0.12548266351222992,0.0
8459.0,8459.0,21.0,0.05972246080636978,8e-05,0.22310997545719147,0.0
8460.0,8460.0,21.0,0.05377503111958504,8e-05,0.06624045222997665,0.0
8461.0,8461.0,21.0,0.0633765459060669,8e-05,0.25946924090385437,0.0
8462.0,8462.0,21.0,0.061888907104730606,8e-05,0.1630830019712448,0.0
8463.0,8463.0,21.0,0.06369040906429291,8e-05,0.22215795516967773,0.0
8464.0,8464.0,21.0,0.05020611733198166,8e-05,0.16865944862365723,0.0
8465.0,8465.0,21.0,0.05929979309439659,8e-05,0.21882237493991852,0.0
8466.0,8466.0,21.0,0.05423305928707123,8e-05,0.1478845179080963,0.0
8467.0,8467.0,21.0,0.0657459944486618,8e-05,0.15784849226474762,0.0
8468.0,8468.0,21.0,0.04955821484327316,8e-05,0.17200233042240143,0.0
8469.0,8469.0,21.0,0.07566525042057037,8e-05,0.11924141645431519,0.0
8470.0,8470.0,21.0,0.05727212131023407,8e-05,0.12810640037059784,0.0
8471.0,8471.0,21.0,0.054565221071243286,8e-05,0.16091614961624146,0.0
8472.0,8472.0,21.0,0.04742215946316719,8e-05,0.1767108291387558,0.0
8473.0,8473.0,21.0,0.051399875432252884,8e-05,0.09690502285957336,0.0
8474.0,8474.0,21.0,0.0652790367603302,8e-05,0.19774740934371948,0.0
8475.0,8475.0,21.0,0.06246626377105713,8e-05,0.12524861097335815,0.0
8476.0,8476.0,21.0,0.07050643861293793,8e-05,0.09983255714178085,0.0
8477.0,8477.0,21.0,0.0688852071762085,8e-05,0.14445777237415314,0.0
8478.0,8478.0,21.0,0.05720309913158417,8e-05,0.12625724077224731,0.0
8479.0,8479.0,21.0,0.06422145664691925,8e-05,0.17883752286434174,0.0
8480.0,8480.0,21.0,0.061519451439380646,8e-05,0.12994232773780823,0.0
8481.0,8481.0,21.0,0.0671333372592926,8e-05,0.16047707200050354,0.0
8482.0,8482.0,21.0,0.06331032514572144,8e-05,0.14732351899147034,0.0
8483.0,8483.0,21.0,0.04949595779180527,8e-05,0.14394673705101013,0.0
8484.0,8484.0,21.0,0.055325932800769806,8e-05,0.18401886522769928,0.0
8485.0,8485.0,21.0,0.05295060575008392,8e-05,0.13540948927402496,0.0
8486.0,8486.0,21.0,0.06823211908340454,8e-05,0.14636364579200745,0.0
8487.0,8487.0,21.0,0.05318940803408623,8e-05,0.12375318259000778,0.0
8488.0,8488.0,21.0,0.05846315622329712,8e-05,0.131719708442688,0.0
8489.0,8489.0,21.0,0.05192650854587555,8e-05,0.20387263596057892,0.0
8490.0,8490.0,21.0,0.04815145209431648,8e-05,0.18097974359989166,0.0
8491.0,8491.0,21.0,0.06424805521965027,8e-05,0.1590619534254074,0.0
8492.0,8492.0,21.0,0.06622304022312164,8e-05,0.1470031440258026,0.0
8493.0,8493.0,21.0,0.07598011195659637,8e-05,0.17574745416641235,0.0
8494.0,8494.0,21.0,0.05649039149284363,8e-05,0.2025516927242279,0.0
8495.0,8495.0,21.0,0.053186990320682526,8e-05,0.18328015506267548,0.0
8496.0,8496.0,21.0,0.04935993254184723,8e-05,0.17286010086536407,0.0
8497.0,8497.0,21.0,0.0552746057510376,8e-05,0.09863217920064926,0.0
8498.0,8498.0,21.0,0.061600394546985626,8e-05,0.16077382862567902,0.0
8499.0,8499.0,21.0,0.06486774981021881,8e-05,0.12997311353683472,0.0
8500.0,8500.0,21.0,0.05003456771373749,8e-05,0.1336858868598938,0.0
8501.0,8501.0,21.0,0.05293067917227745,8e-05,0.10436703264713287,0.0
8502.0,8502.0,21.0,0.050802506506443024,8e-05,0.13459119200706482,0.0
8503.0,8503.0,21.0,0.06421548128128052,8e-05,0.08470102399587631,0.0
8504.0,8504.0,21.0,0.06578806042671204,8e-05,0.11464884132146835,0.0
8505.0,8505.0,21.0,0.05308735370635986,8e-05,0.09726735204458237,0.0
8506.0,8506.0,21.0,0.06364913284778595,8e-05,0.08659996837377548,0.0
8507.0,8507.0,21.0,0.051988087594509125,8e-05,0.09745685011148453,0.0
8508.0,8508.0,21.0,0.04755844920873642,8e-05,0.10596007108688354,0.0
8509.0,8509.0,21.0,0.05834297835826874,8e-05,0.13573040068149567,0.0
8510.0,8510.0,21.0,0.05919650197029114,8e-05,0.12026078253984451,0.0
8511.0,8511.0,21.0,0.05633571743965149,8e-05,0.10058031976222992,0.0
8512.0,8512.0,21.0,0.0470600351691246,8e-05,0.15934303402900696,0.0
8513.0,8513.0,21.0,0.05121487379074097,8e-05,0.10949487239122391,0.0
8514.0,8514.0,21.0,0.04780932515859604,8e-05,0.10748335719108582,0.0
8515.0,8515.0,21.0,0.06502442061901093,8e-05,0.22050869464874268,0.0
8516.0,8516.0,21.0,0.05087677389383316,8e-05,0.11730571836233139,0.0
8517.0,8517.0,21.0,0.06996025145053864,8e-05,0.20875078439712524,0.0
8518.0,8518.0,21.0,0.06280133873224258,8e-05,0.18224939703941345,0.0
8519.0,8519.0,21.0,0.054314207285642624,8e-05,0.1268312931060791,0.0
8520.0,8520.0,21.0,0.05163633078336716,8e-05,0.11985555291175842,0.0
8521.0,8521.0,21.0,0.06507012248039246,8e-05,0.16284377872943878,0.0
8522.0,8522.0,21.0,0.0536763072013855,8e-05,0.1095220297574997,0.0
8523.0,8523.0,21.0,0.0679241269826889,8e-05,0.08788582682609558,0.0
8524.0,8524.0,21.0,0.059033915400505066,8e-05,0.09962872415781021,0.0
8525.0,8525.0,21.0,0.06356992572546005,8e-05,0.08788816630840302,0.0
8526.0,8526.0,21.0,0.06160828843712807,8e-05,0.08619161695241928,0.0
8527.0,8527.0,21.0,0.055521100759506226,8e-05,0.09276990592479706,0.0
8528.0,8528.0,21.0,0.06349524855613708,8e-05,0.11689784377813339,0.0
8529.0,8529.0,21.0,0.056378331035375595,8e-05,0.1452876329421997,0.0
8530.0,8530.0,21.0,0.06300279498100281,8e-05,0.09329047799110413,0.0
8531.0,8531.0,21.0,0.06585398316383362,8e-05,0.17368245124816895,0.0
8532.0,8532.0,21.0,0.06355229765176773,8e-05,0.08306558430194855,0.0
8533.0,8533.0,21.0,0.06659648567438126,8e-05,0.07544578611850739,0.0
8534.0,8534.0,21.0,0.06626364588737488,8e-05,0.1766238808631897,0.0
8535.0,8535.0,21.0,0.06341622769832611,8e-05,0.14489750564098358,0.0
8536.0,8536.0,21.0,0.06652611494064331,8e-05,0.17033928632736206,0.0
8537.0,8537.0,21.0,0.07201142609119415,8e-05,0.16327202320098877,0.0
8538.0,8538.0,21.0,0.058835361152887344,8e-05,0.11154443025588989,0.0
8539.0,8539.0,21.0,0.046500977128744125,8e-05,0.16087840497493744,0.0
8540.0,8540.0,21.0,0.06136089563369751,8e-05,0.0790603831410408,0.0
8541.0,8541.0,21.0,0.05416683852672577,8e-05,0.17343080043792725,0.0
8542.0,8542.0,21.0,0.0712587907910347,8e-05,0.11924655735492706,0.0
8543.0,8543.0,21.0,0.06457749009132385,8e-05,0.14414717257022858,0.0
8544.0,8544.0,21.0,0.06997370719909668,8e-05,0.17272508144378662,0.0
8545.0,8545.0,21.0,0.06880565732717514,8e-05,0.09451747685670853,0.0
8546.0,8546.0,21.0,0.06827700138092041,8e-05,0.17902909219264984,0.0
8547.0,8547.0,21.0,0.05134814232587814,8e-05,0.08232458680868149,0.0
8548.0,8548.0,21.0,0.05505482107400894,8e-05,0.10720820724964142,0.0
8549.0,8549.0,21.0,0.06143438071012497,8e-05,0.17458952963352203,0.0
8550.0,8550.0,21.0,0.06307853758335114,8e-05,0.10178949683904648,0.0
8551.0,8551.0,21.0,0.05751499533653259,8e-05,0.14057353138923645,0.0
8552.0,8552.0,21.0,0.05601871758699417,8e-05,0.1413634568452835,0.0
8553.0,8553.0,21.0,0.06803597509860992,8e-05,0.19711752235889435,0.0
8554.0,8554.0,21.0,0.05991760268807411,8e-05,0.1679242104291916,0.0
8555.0,8555.0,21.0,0.05630958825349808,8e-05,0.17378784716129303,0.0
8556.0,8556.0,21.0,0.05935509502887726,8e-05,0.15138445794582367,0.0
8557.0,8557.0,21.0,0.06601492315530777,8e-05,0.08702675998210907,0.0
8558.0,8558.0,21.0,0.056527867913246155,8e-05,0.15207333862781525,0.0
8559.0,8559.0,21.0,0.04721211642026901,8e-05,0.11323358863592148,0.0
8560.0,8560.0,21.0,0.0641879290342331,8e-05,0.10561764240264893,0.0
8561.0,8561.0,21.0,0.06698106229305267,8e-05,0.12238344550132751,0.0
8562.0,8562.0,21.0,0.05690866708755493,8e-05,0.07632634043693542,0.0
8563.0,8563.0,21.0,0.05119423568248749,8e-05,0.08285701274871826,0.0
8564.0,8564.0,21.0,0.06321332603693008,8e-05,0.14785094559192657,0.0
8565.0,8565.0,21.0,0.045584045350551605,8e-05,0.09546291828155518,0.0
8566.0,8566.0,21.0,0.0539054349064827,8e-05,0.13804569840431213,0.0
8567.0,8567.0,21.0,0.070478156208992,8e-05,0.1265282779932022,0.0
8568.0,8568.0,21.0,0.0677822157740593,8e-05,0.09223257005214691,0.0
8569.0,8569.0,21.0,0.060545727610588074,8e-05,0.10588964074850082,0.0
8570.0,8570.0,21.0,0.05024748295545578,8e-05,0.10017738491296768,0.0
8571.0,8571.0,21.0,0.05990651994943619,8e-05,0.10808265954256058,0.0
8572.0,8572.0,21.0,0.056629728525877,8e-05,0.0717552974820137,0.0
8573.0,8573.0,21.0,0.06600462645292282,8e-05,0.14790254831314087,0.0
8574.0,8574.0,21.0,0.06878672540187836,8e-05,0.12682414054870605,0.0
8575.0,8575.0,21.0,0.07092957943677902,8e-05,0.14223074913024902,0.0
8576.0,8576.0,21.0,0.06023155525326729,8e-05,0.18477216362953186,0.0
8577.0,8577.0,21.0,0.054216016083955765,8e-05,0.09558700770139694,0.0
8578.0,8578.0,21.0,0.07186973094940186,8e-05,0.1422780454158783,0.0
8579.0,8579.0,21.0,0.047869935631752014,8e-05,0.23865054547786713,0.0
8580.0,8580.0,21.0,0.059156738221645355,8e-05,0.12888313829898834,0.0
8581.0,8581.0,22.0,0.05351503938436508,8e-05,0.2022872418165207,0.0
8582.0,8582.0,22.0,0.05084553733468056,8e-05,0.170509934425354,0.0
8583.0,8583.0,22.0,0.049173902720212936,8e-05,0.1502133160829544,0.0
8584.0,8584.0,22.0,0.061469241976737976,8e-05,0.14102678000926971,0.0
8585.0,8585.0,22.0,0.06262926757335663,8e-05,0.19431975483894348,0.0
8586.0,8586.0,22.0,0.06107780709862709,8e-05,0.18727484345436096,0.0
8587.0,8587.0,22.0,0.052210733294487,8e-05,0.07542832940816879,0.0
8588.0,8588.0,22.0,0.07409051805734634,8e-05,0.22969461977481842,0.0
8589.0,8589.0,22.0,0.05360444262623787,8e-05,0.12686577439308167,0.0
8590.0,8590.0,22.0,0.05311957001686096,8e-05,0.11613399535417557,0.0
8591.0,8591.0,22.0,0.05692116171121597,8e-05,0.2219545841217041,0.0
8592.0,8592.0,22.0,0.06458262354135513,8e-05,0.12099684029817581,0.0
8593.0,8593.0,22.0,0.04867449402809143,8e-05,0.2168150395154953,0.0
8594.0,8594.0,22.0,0.0671730637550354,8e-05,0.236155703663826,0.0
8595.0,8595.0,22.0,0.04999341815710068,8e-05,0.16428004205226898,0.0
8596.0,8596.0,22.0,0.05980798602104187,8e-05,0.130675807595253,0.0
8597.0,8597.0,22.0,0.05669968202710152,8e-05,0.16870039701461792,0.0
8598.0,8598.0,22.0,0.05356665700674057,8e-05,0.1640104055404663,0.0
8599.0,8599.0,22.0,0.04786904156208038,8e-05,0.14601309597492218,0.0
8600.0,8600.0,22.0,0.06580877304077148,8e-05,0.1418195217847824,0.0
8601.0,8601.0,22.0,0.05738265812397003,8e-05,0.08375191688537598,0.0
8602.0,8602.0,22.0,0.06259025633335114,8e-05,0.16047601401805878,0.0
8603.0,8603.0,22.0,0.0736733078956604,8e-05,0.12144466489553452,0.0
8604.0,8604.0,22.0,0.05706699192523956,8e-05,0.058667294681072235,0.0
8605.0,8605.0,22.0,0.04844595491886139,8e-05,0.12021279335021973,0.0
8606.0,8606.0,22.0,0.06004954129457474,8e-05,0.10670389235019684,0.0
8607.0,8607.0,22.0,0.06942775845527649,8e-05,0.08172006160020828,0.0
8608.0,8608.0,22.0,0.059721603989601135,8e-05,0.08411387354135513,0.0
8609.0,8609.0,22.0,0.05440936237573624,8e-05,0.1281455010175705,0.0
8610.0,8610.0,22.0,0.07385966181755066,8e-05,0.108035147190094,0.0
8611.0,8611.0,22.0,0.05895397067070007,8e-05,0.1316773146390915,0.0
8612.0,8612.0,22.0,0.05037248879671097,8e-05,0.09780959784984589,0.0
8613.0,8613.0,22.0,0.059074871242046356,8e-05,0.1272934526205063,0.0
8614.0,8614.0,22.0,0.06747373938560486,8e-05,0.13225466012954712,0.0
8615.0,8615.0,22.0,0.05879184976220131,8e-05,0.12488123774528503,0.0
8616.0,8616.0,22.0,0.06423409283161163,8e-05,0.1473279595375061,0.0
8617.0,8617.0,22.0,0.05291945859789848,8e-05,0.08198444545269012,0.0
8618.0,8618.0,22.0,0.06711070239543915,8e-05,0.1381201148033142,0.0
8619.0,8619.0,22.0,0.04635829105973244,8e-05,0.15242010354995728,0.0
8620.0,8620.0,22.0,0.0510958656668663,8e-05,0.10812578350305557,0.0
8621.0,8621.0,22.0,0.06334113329648972,8e-05,0.23256877064704895,0.0
8622.0,8622.0,22.0,0.049174390733242035,8e-05,0.12537913024425507,0.0
8623.0,8623.0,22.0,0.05516854673624039,8e-05,0.17339114844799042,0.0
8624.0,8624.0,22.0,0.06949690729379654,8e-05,0.1201377809047699,0.0
8625.0,8625.0,22.0,0.07410067319869995,8e-05,0.18132995069026947,0.0
8626.0,8626.0,22.0,0.04866296052932739,8e-05,0.11397641897201538,0.0
8627.0,8627.0,22.0,0.06359323859214783,8e-05,0.11871848255395889,0.0
8628.0,8628.0,22.0,0.05539165809750557,8e-05,0.17854726314544678,0.0
8629.0,8629.0,22.0,0.043138325214385986,8e-05,0.1386648267507553,0.0
8630.0,8630.0,22.0,0.05555592477321625,8e-05,0.18425391614437103,0.0
8631.0,8631.0,22.0,0.07060904055833817,8e-05,0.14089548587799072,0.0
8632.0,8632.0,22.0,0.06059581786394119,8e-05,0.08693245053291321,0.0
8633.0,8633.0,22.0,0.044123873114585876,8e-05,0.1757935881614685,0.0
8634.0,8634.0,22.0,0.04586932063102722,8e-05,0.1280500292778015,0.0
8635.0,8635.0,22.0,0.047271016985177994,8e-05,0.13650301098823547,0.0
8636.0,8636.0,22.0,0.05204889178276062,8e-05,0.1509546935558319,0.0
8637.0,8637.0,22.0,0.0634155422449112,8e-05,0.08620493113994598,0.0
8638.0,8638.0,22.0,0.0627768263220787,8e-05,0.1556403487920761,0.0
8639.0,8639.0,22.0,0.059614017605781555,8e-05,0.11072216182947159,0.0
8640.0,8640.0,22.0,0.058756209909915924,8e-05,0.10886504501104355,0.0
8641.0,8641.0,22.0,0.05971435457468033,8e-05,0.12723085284233093,0.0
8642.0,8642.0,22.0,0.0626734048128128,8e-05,0.08384957164525986,0.0
8643.0,8643.0,22.0,0.047997910529375076,8e-05,0.10260915756225586,0.0
8644.0,8644.0,22.0,0.04663177207112312,8e-05,0.12104739248752594,0.0
8645.0,8645.0,22.0,0.05371388420462608,8e-05,0.10971880704164505,0.0
8646.0,8646.0,22.0,0.04849516227841377,8e-05,0.07372049987316132,0.0
8647.0,8647.0,22.0,0.06748346984386444,8e-05,0.08587262779474258,0.0
8648.0,8648.0,22.0,0.05845994874835014,8e-05,0.16044466197490692,0.0
8649.0,8649.0,22.0,0.05461569502949715,8e-05,0.07337693870067596,0.0
8650.0,8650.0,22.0,0.05659414082765579,8e-05,0.10518979281187057,0.0
8651.0,8651.0,22.0,0.0629911869764328,8e-05,0.09425991028547287,0.0
8652.0,8652.0,22.0,0.05070484057068825,8e-05,0.0680169090628624,0.0
8653.0,8653.0,22.0,0.06384758651256561,8e-05,0.09473824501037598,0.0
8654.0,8654.0,22.0,0.05683847516775131,8e-05,0.11966687440872192,0.0
8655.0,8655.0,22.0,0.059070587158203125,8e-05,0.12237433344125748,0.0
8656.0,8656.0,22.0,0.052613817155361176,8e-05,0.06738930940628052,0.0
8657.0,8657.0,22.0,0.06830693781375885,8e-05,0.11634405702352524,0.0
8658.0,8658.0,22.0,0.051032423973083496,8e-05,0.07934676110744476,0.0
8659.0,8659.0,22.0,0.04682263731956482,8e-05,0.09389933198690414,0.0
8660.0,8660.0,22.0,0.07913333922624588,8e-05,0.12380283325910568,0.0
8661.0,8661.0,22.0,0.04673391580581665,8e-05,0.12028705328702927,0.0
8662.0,8662.0,22.0,0.04921239987015724,8e-05,0.0890776515007019,0.0
8663.0,8663.0,22.0,0.07008953392505646,8e-05,0.08864187449216843,0.0
8664.0,8664.0,22.0,0.05858719348907471,8e-05,0.10354198515415192,0.0
8665.0,8665.0,22.0,0.05892042815685272,8e-05,0.11044389754533768,0.0
8666.0,8666.0,22.0,0.05273715406656265,8e-05,0.13461630046367645,0.0
8667.0,8667.0,22.0,0.060332752764225006,8e-05,0.14142456650733948,0.0
8668.0,8668.0,22.0,0.0654524639248848,8e-05,0.11222117394208908,0.0
8669.0,8669.0,22.0,0.05252242460846901,8e-05,0.10347441583871841,0.0
8670.0,8670.0,22.0,0.04543381184339523,8e-05,0.11067362874746323,0.0
8671.0,8671.0,22.0,0.057958606630563736,8e-05,0.09864335507154465,0.0
8672.0,8672.0,22.0,0.07396787405014038,8e-05,0.09790148586034775,0.0
8673.0,8673.0,22.0,0.06605978310108185,8e-05,0.10232700407505035,0.0
8674.0,8674.0,22.0,0.05125295743346214,8e-05,0.07722574472427368,0.0
8675.0,8675.0,22.0,0.06702949106693268,8e-05,0.12753917276859283,0.0
8676.0,8676.0,22.0,0.05648070573806763,8e-05,0.0712905079126358,0.0
8677.0,8677.0,22.0,0.06310304999351501,8e-05,0.13022491335868835,0.0
8678.0,8678.0,22.0,0.06523104012012482,8e-05,0.09728580713272095,0.0
8679.0,8679.0,22.0,0.04589898884296417,8e-05,0.12027084082365036,0.0
8680.0,8680.0,22.0,0.0472932830452919,8e-05,0.1254890412092209,0.0
8681.0,8681.0,22.0,0.048844896256923676,8e-05,0.06730097532272339,0.0
8682.0,8682.0,22.0,0.07199539989233017,8e-05,0.09856656938791275,0.0
8683.0,8683.0,22.0,0.05375216156244278,8e-05,0.13910770416259766,0.0
8684.0,8684.0,22.0,0.061084307730197906,8e-05,0.08436085283756256,0.0
8685.0,8685.0,22.0,0.059660110622644424,8e-05,0.14782600104808807,0.0
8686.0,8686.0,22.0,0.059541042894124985,8e-05,0.1210247129201889,0.0
8687.0,8687.0,22.0,0.05727691948413849,8e-05,0.08127274364233017,0.0
8688.0,8688.0,22.0,0.04783148318529129,8e-05,0.1150985062122345,0.0
8689.0,8689.0,22.0,0.0595630407333374,8e-05,0.10006444901227951,0.0
8690.0,8690.0,22.0,0.06163502112030983,8e-05,0.10038285702466965,0.0
8691.0,8691.0,22.0,0.045090653002262115,8e-05,0.15019077062606812,0.0
8692.0,8692.0,22.0,0.0422455295920372,8e-05,0.07837149500846863,0.0
8693.0,8693.0,22.0,0.07305566966533661,8e-05,0.11682597547769547,0.0
8694.0,8694.0,22.0,0.060629285871982574,8e-05,0.0889977365732193,0.0
8695.0,8695.0,22.0,0.051087506115436554,8e-05,0.11138025671243668,0.0
8696.0,8696.0,22.0,0.049126315861940384,8e-05,0.0959334447979927,0.0
8697.0,8697.0,22.0,0.0717644914984703,8e-05,0.11294814199209213,0.0
8698.0,8698.0,22.0,0.05405266582965851,8e-05,0.12014412134885788,0.0
8699.0,8699.0,22.0,0.044649675488471985,8e-05,0.12473288923501968,0.0
8700.0,8700.0,22.0,0.04614351689815521,8e-05,0.11632319539785385,0.0
8701.0,8701.0,22.0,0.05577670782804489,8e-05,0.1408749371767044,0.0
8702.0,8702.0,22.0,0.05914278328418732,8e-05,0.09816953539848328,0.0
8703.0,8703.0,22.0,0.05160588398575783,8e-05,0.12224044650793076,0.0
8704.0,8704.0,22.0,0.04625255614519119,8e-05,0.08388121426105499,0.0
8705.0,8705.0,22.0,0.06433792412281036,8e-05,0.09244000911712646,0.0
8706.0,8706.0,22.0,0.05389890819787979,8e-05,0.1290976107120514,0.0
8707.0,8707.0,22.0,0.06355002522468567,8e-05,0.12048325687646866,0.0
8708.0,8708.0,22.0,0.053557995706796646,8e-05,0.0791935846209526,0.0
8709.0,8709.0,22.0,0.06028934195637703,8e-05,0.1323632448911667,0.0
8710.0,8710.0,22.0,0.06261322647333145,8e-05,0.06427179276943207,0.0
8711.0,8711.0,22.0,0.060383208096027374,8e-05,0.10525032132863998,0.0
8712.0,8712.0,22.0,0.05881274491548538,8e-05,0.11796393990516663,0.0
8713.0,8713.0,22.0,0.05808750167489052,8e-05,0.13131269812583923,0.0
8714.0,8714.0,22.0,0.06227751821279526,8e-05,0.11552418023347855,0.0
8715.0,8715.0,22.0,0.0565146803855896,8e-05,0.09393289685249329,0.0
8716.0,8716.0,22.0,0.05295982211828232,8e-05,0.11529801040887833,0.0
8717.0,8717.0,22.0,0.05765244737267494,8e-05,0.08525501936674118,0.0
8718.0,8718.0,22.0,0.04997570067644119,8e-05,0.10881144553422928,0.0
8719.0,8719.0,22.0,0.05635896697640419,8e-05,0.06728234142065048,0.0
8720.0,8720.0,22.0,0.05620590224862099,8e-05,0.06647346913814545,0.0
8721.0,8721.0,22.0,0.06310960650444031,8e-05,0.09936676174402237,0.0
8722.0,8722.0,22.0,0.06988734006881714,8e-05,0.08787952363491058,0.0
8723.0,8723.0,22.0,0.05964687839150429,8e-05,0.12121666967868805,0.0
8724.0,8724.0,22.0,0.06651004403829575,8e-05,0.10709436237812042,0.0
8725.0,8725.0,22.0,0.0655241459608078,8e-05,0.1014435887336731,0.0
8726.0,8726.0,22.0,0.06075451895594597,8e-05,0.13659416139125824,0.0
8727.0,8727.0,22.0,0.06814787536859512,8e-05,0.16726215183734894,0.0
8728.0,8728.0,22.0,0.0561431422829628,8e-05,0.16407231986522675,0.0
8729.0,8729.0,22.0,0.05647745728492737,8e-05,0.11877039819955826,0.0
8730.0,8730.0,22.0,0.05761510506272316,8e-05,0.13100838661193848,0.0
8731.0,8731.0,22.0,0.06896036863327026,8e-05,0.15684784948825836,0.0
8732.0,8732.0,22.0,0.043378084897994995,8e-05,0.11308283358812332,0.0
8733.0,8733.0,22.0,0.06574887037277222,8e-05,0.1172868013381958,0.0
8734.0,8734.0,22.0,0.06865920126438141,8e-05,0.09756039083003998,0.0
8735.0,8735.0,22.0,0.06307028979063034,8e-05,0.08715067058801651,0.0
8736.0,8736.0,22.0,0.05968458205461502,8e-05,0.08478552848100662,0.0
8737.0,8737.0,22.0,0.05641262233257294,8e-05,0.15582701563835144,0.0
8738.0,8738.0,22.0,0.05864381790161133,8e-05,0.11355321854352951,0.0
8739.0,8739.0,22.0,0.05205846577882767,8e-05,0.1788235902786255,0.0
8740.0,8740.0,22.0,0.06727737933397293,8e-05,0.0985565036535263,0.0
8741.0,8741.0,22.0,0.05880262702703476,8e-05,0.16042758524417877,0.0
8742.0,8742.0,22.0,0.0541362501680851,8e-05,0.08411101996898651,0.0
8743.0,8743.0,22.0,0.05564551055431366,8e-05,0.15855439007282257,0.0
8744.0,8744.0,22.0,0.04900335520505905,8e-05,0.07876759767532349,0.0
8745.0,8745.0,22.0,0.060950007289648056,8e-05,0.09993938356637955,0.0
8746.0,8746.0,22.0,0.06141197681427002,8e-05,0.1383301168680191,0.0
8747.0,8747.0,22.0,0.050984472036361694,8e-05,0.07826601713895798,0.0
8748.0,8748.0,22.0,0.06865021586418152,8e-05,0.0769435316324234,0.0
8749.0,8749.0,22.0,0.0592125840485096,8e-05,0.12279856950044632,0.0
8750.0,8750.0,22.0,0.04803907871246338,8e-05,0.11060400307178497,0.0
8751.0,8751.0,22.0,0.07034043967723846,8e-05,0.11125484108924866,0.0
8752.0,8752.0,22.0,0.04546734690666199,8e-05,0.1551966518163681,0.0
8753.0,8753.0,22.0,0.061136819422245026,8e-05,0.1402771770954132,0.0
8754.0,8754.0,22.0,0.046412479132413864,8e-05,0.07970938831567764,0.0
8755.0,8755.0,22.0,0.05881653353571892,8e-05,0.13507966697216034,0.0
8756.0,8756.0,22.0,0.05126768350601196,8e-05,0.1383473426103592,0.0
8757.0,8757.0,22.0,0.07339301705360413,8e-05,0.12540176510810852,0.0
8758.0,8758.0,22.0,0.047652848064899445,8e-05,0.18392600119113922,0.0
8759.0,8759.0,22.0,0.05640863627195358,8e-05,0.17883101105690002,0.0
8760.0,8760.0,22.0,0.0628296434879303,8e-05,0.08956906199455261,0.0
8761.0,8761.0,22.0,0.05868490785360336,8e-05,0.19013427197933197,0.0
8762.0,8762.0,22.0,0.06179174408316612,8e-05,0.11560189723968506,0.0
8763.0,8763.0,22.0,0.05868223309516907,8e-05,0.16672372817993164,0.0
8764.0,8764.0,22.0,0.0752754956483841,8e-05,0.11741326004266739,0.0
8765.0,8765.0,22.0,0.07970256358385086,8e-05,0.20037491619586945,0.0
8766.0,8766.0,22.0,0.052764538675546646,8e-05,0.12665234506130219,0.0
8767.0,8767.0,22.0,0.04926803708076477,8e-05,0.16372150182724,0.0
8768.0,8768.0,22.0,0.06147610768675804,8e-05,0.16854485869407654,0.0
8769.0,8769.0,22.0,0.058409590274095535,8e-05,0.12824690341949463,0.0
8770.0,8770.0,22.0,0.05314299091696739,8e-05,0.1200590655207634,0.0
8771.0,8771.0,22.0,0.07055282592773438,8e-05,0.13420438766479492,0.0
8772.0,8772.0,22.0,0.05719809979200363,8e-05,0.07504107058048248,0.0
8773.0,8773.0,22.0,0.07286489009857178,8e-05,0.1671242117881775,0.0
8774.0,8774.0,22.0,0.04115818440914154,8e-05,0.19614890217781067,0.0
8775.0,8775.0,22.0,0.049385908991098404,8e-05,0.08682311326265335,0.0
8776.0,8776.0,22.0,0.060066789388656616,8e-05,0.13484899699687958,0.0
8777.0,8777.0,22.0,0.06503592431545258,8e-05,0.09430821239948273,0.0
8778.0,8778.0,22.0,0.05955537408590317,8e-05,0.13537956774234772,0.0
8779.0,8779.0,22.0,0.050480201840400696,8e-05,0.13764484226703644,0.0
8780.0,8780.0,22.0,0.0599384531378746,8e-05,0.14094513654708862,0.0
8781.0,8781.0,22.0,0.054249003529548645,8e-05,0.14433696866035461,0.0
8782.0,8782.0,22.0,0.05925150215625763,8e-05,0.10335968434810638,0.0
8783.0,8783.0,22.0,0.060559846460819244,8e-05,0.17854928970336914,0.0
8784.0,8784.0,22.0,0.05295572429895401,8e-05,0.06910228729248047,0.0
8785.0,8785.0,22.0,0.0584845095872879,8e-05,0.12033183872699738,0.0
8786.0,8786.0,22.0,0.05434725806117058,8e-05,0.10618782043457031,0.0
8787.0,8787.0,22.0,0.055502358824014664,8e-05,0.1190108060836792,0.0
8788.0,8788.0,22.0,0.05563482269644737,8e-05,0.1414220929145813,0.0
8789.0,8789.0,22.0,0.06652471423149109,8e-05,0.133636012673378,0.0
8790.0,8790.0,22.0,0.0683622807264328,8e-05,0.06821734458208084,0.0
8791.0,8791.0,22.0,0.05664913356304169,8e-05,0.1449219286441803,0.0
8792.0,8792.0,22.0,0.06868541240692139,8e-05,0.13226215541362762,0.0
8793.0,8793.0,22.0,0.051815908402204514,8e-05,0.20451965928077698,0.0
8794.0,8794.0,22.0,0.045415401458740234,8e-05,0.07379242032766342,0.0
8795.0,8795.0,22.0,0.060596298426389694,8e-05,0.11590249091386795,0.0
8796.0,8796.0,22.0,0.05049874633550644,8e-05,0.09253045916557312,0.0
8797.0,8797.0,22.0,0.0575384646654129,8e-05,0.10446809977293015,0.0
8798.0,8798.0,22.0,0.05311204120516777,8e-05,0.11613501608371735,0.0
8799.0,8799.0,22.0,0.06386063992977142,8e-05,0.07420240342617035,0.0
8800.0,8800.0,22.0,0.06082207337021828,8e-05,0.07542760670185089,0.0
8801.0,8801.0,22.0,0.07419648766517639,8e-05,0.16259466111660004,0.0
8802.0,8802.0,22.0,0.05967390909790993,8e-05,0.07569139450788498,0.0
8803.0,8803.0,22.0,0.05251287668943405,8e-05,0.07453383505344391,0.0
8804.0,8804.0,22.0,0.0597476102411747,8e-05,0.11146606504917145,0.0
8805.0,8805.0,22.0,0.053604066371917725,8e-05,0.08357327431440353,0.0
8806.0,8806.0,22.0,0.05171000957489014,8e-05,0.1497552990913391,0.0
8807.0,8807.0,22.0,0.061498336493968964,8e-05,0.07402236759662628,0.0
8808.0,8808.0,22.0,0.058578748255968094,8e-05,0.08387886732816696,0.0
8809.0,8809.0,22.0,0.06174823269248009,8e-05,0.08648306876420975,0.0
8810.0,8810.0,22.0,0.06050635874271393,8e-05,0.10180217027664185,0.0
8811.0,8811.0,22.0,0.06234970688819885,8e-05,0.11024411767721176,0.0
8812.0,8812.0,22.0,0.044447094202041626,8e-05,0.08029037714004517,0.0
8813.0,8813.0,22.0,0.0616130605340004,8e-05,0.09971253573894501,0.0
8814.0,8814.0,22.0,0.04587238281965256,8e-05,0.08417001366615295,0.0
8815.0,8815.0,22.0,0.06509581953287125,8e-05,0.14340172708034515,0.0
8816.0,8816.0,22.0,0.05797785520553589,8e-05,0.08349102735519409,0.0
8817.0,8817.0,22.0,0.05960512533783913,8e-05,0.0874820128083229,0.0
8818.0,8818.0,22.0,0.046355944126844406,8e-05,0.09631823748350143,0.0
8819.0,8819.0,22.0,0.06269161403179169,8e-05,0.13000327348709106,0.0
8820.0,8820.0,22.0,0.08049382269382477,8e-05,0.11056103557348251,0.0
8821.0,8821.0,22.0,0.049882836639881134,8e-05,0.06832026690244675,0.0
8822.0,8822.0,22.0,0.04657496511936188,8e-05,0.06856753677129745,0.0
8823.0,8823.0,22.0,0.04429575055837631,8e-05,0.06436432898044586,0.0
8824.0,8824.0,22.0,0.049023449420928955,8e-05,0.08900939673185349,0.0
8825.0,8825.0,22.0,0.05998653173446655,8e-05,0.11420945823192596,0.0
8826.0,8826.0,22.0,0.056694820523262024,8e-05,0.10212685167789459,0.0
8827.0,8827.0,22.0,0.054114848375320435,8e-05,0.10125856101512909,0.0
8828.0,8828.0,22.0,0.04884641617536545,8e-05,0.11885412782430649,0.0
8829.0,8829.0,22.0,0.05146200209856033,8e-05,0.08377217501401901,0.0
8830.0,8830.0,22.0,0.06079496070742607,8e-05,0.0835956484079361,0.0
8831.0,8831.0,22.0,0.058736808598041534,8e-05,0.07750998437404633,0.0
8832.0,8832.0,22.0,0.07718735188245773,8e-05,0.1139049232006073,0.0
8833.0,8833.0,22.0,0.05497550219297409,8e-05,0.10788124054670334,0.0
8834.0,8834.0,22.0,0.053660016506910324,8e-05,0.08270430564880371,0.0
8835.0,8835.0,22.0,0.05741174519062042,8e-05,0.12232460826635361,0.0
8836.0,8836.0,22.0,0.052317291498184204,8e-05,0.06307680904865265,0.0
8837.0,8837.0,22.0,0.07146387547254562,8e-05,0.10147511214017868,0.0
8838.0,8838.0,22.0,0.05096312612295151,8e-05,0.11919877678155899,0.0
8839.0,8839.0,22.0,0.05298607051372528,8e-05,0.11461671441793442,0.0
8840.0,8840.0,22.0,0.0494605228304863,8e-05,0.08536853641271591,0.0
8841.0,8841.0,22.0,0.0450461283326149,8e-05,0.09912552684545517,0.0
8842.0,8842.0,22.0,0.05595577880740166,8e-05,0.07325944304466248,0.0
8843.0,8843.0,22.0,0.06471878290176392,8e-05,0.10145269334316254,0.0
8844.0,8844.0,22.0,0.06056048721075058,8e-05,0.1419917345046997,0.0
8845.0,8845.0,22.0,0.043006449937820435,8e-05,0.14633813500404358,0.0
8846.0,8846.0,22.0,0.05957089737057686,8e-05,0.09514057636260986,0.0
8847.0,8847.0,22.0,0.05464734137058258,8e-05,0.1667955368757248,0.0
8848.0,8848.0,22.0,0.05154220014810562,8e-05,0.15940874814987183,0.0
8849.0,8849.0,22.0,0.047927096486091614,8e-05,0.13992995023727417,0.0
8850.0,8850.0,22.0,0.05924411118030548,8e-05,0.14000149071216583,0.0
8851.0,8851.0,22.0,0.06850913166999817,8e-05,0.11593464016914368,0.0
8852.0,8852.0,22.0,0.061393700540065765,8e-05,0.10265058279037476,0.0
8853.0,8853.0,22.0,0.052824467420578,8e-05,0.11930081248283386,0.0
8854.0,8854.0,22.0,0.05493902042508125,8e-05,0.13205285370349884,0.0
8855.0,8855.0,22.0,0.046545159071683884,8e-05,0.13174426555633545,0.0
8856.0,8856.0,22.0,0.06127069145441055,8e-05,0.1857030838727951,0.0
8857.0,8857.0,22.0,0.057055115699768066,8e-05,0.13251596689224243,0.0
8858.0,8858.0,22.0,0.05296805873513222,8e-05,0.10793827474117279,0.0
8859.0,8859.0,22.0,0.05095555633306503,8e-05,0.05296360328793526,0.0
8860.0,8860.0,22.0,0.06270472705364227,8e-05,0.12425967305898666,0.0
8861.0,8861.0,22.0,0.05225919932126999,8e-05,0.17466430366039276,0.0
8862.0,8862.0,22.0,0.058960385620594025,8e-05,0.20278851687908173,0.0
8863.0,8863.0,22.0,0.05679403245449066,8e-05,0.20683646202087402,0.0
8864.0,8864.0,22.0,0.048224225640296936,8e-05,0.19999557733535767,0.0
8865.0,8865.0,22.0,0.05213090777397156,8e-05,0.307304710149765,0.0
8866.0,8866.0,22.0,0.05619779974222183,8e-05,0.2280338555574417,0.0
8867.0,8867.0,22.0,0.05734802410006523,8e-05,0.29392147064208984,0.0
8868.0,8868.0,22.0,0.04628146067261696,8e-05,0.14639219641685486,0.0
8869.0,8869.0,22.0,0.057643286883831024,8e-05,0.2044069617986679,0.0
8870.0,8870.0,22.0,0.058797821402549744,8e-05,0.27726253867149353,0.0
8871.0,8871.0,22.0,0.06039790064096451,8e-05,0.10454119741916656,0.0
8872.0,8872.0,22.0,0.07129338383674622,8e-05,0.19146649539470673,0.0
8873.0,8873.0,22.0,0.05804602801799774,8e-05,0.15980029106140137,0.0
8874.0,8874.0,22.0,0.05633579567074776,8e-05,0.06897906213998795,0.0
8875.0,8875.0,22.0,0.05542568862438202,8e-05,0.14061236381530762,0.0
8876.0,8876.0,22.0,0.06967568397521973,8e-05,0.08191097527742386,0.0
8877.0,8877.0,22.0,0.04275918006896973,8e-05,0.0911015197634697,0.0
8878.0,8878.0,22.0,0.06889739632606506,8e-05,0.12530970573425293,0.0
8879.0,8879.0,22.0,0.0636850893497467,8e-05,0.09521300345659256,0.0
8880.0,8880.0,22.0,0.06400691717863083,8e-05,0.11802558600902557,0.0
8881.0,8881.0,22.0,0.05514252185821533,8e-05,0.1155986413359642,0.0
8882.0,8882.0,22.0,0.05147334560751915,8e-05,0.0799122005701065,0.0
8883.0,8883.0,22.0,0.07537425309419632,8e-05,0.12211757898330688,0.0
8884.0,8884.0,22.0,0.07077392935752869,8e-05,0.144306942820549,0.0
8885.0,8885.0,22.0,0.06391575187444687,8e-05,0.10587919503450394,0.0
8886.0,8886.0,22.0,0.053388189524412155,8e-05,0.12877286970615387,0.0
8887.0,8887.0,22.0,0.056479450315237045,8e-05,0.1343037188053131,0.0
8888.0,8888.0,22.0,0.059676557779312134,8e-05,0.11184000223875046,0.0
8889.0,8889.0,22.0,0.05281704664230347,8e-05,0.13388869166374207,0.0
8890.0,8890.0,22.0,0.058708805590867996,8e-05,0.07463060319423676,0.0
8891.0,8891.0,22.0,0.0550011545419693,8e-05,0.1896364539861679,0.0
8892.0,8892.0,22.0,0.05105951800942421,8e-05,0.10194112360477448,0.0
8893.0,8893.0,22.0,0.05216037854552269,8e-05,0.15293070673942566,0.0
8894.0,8894.0,22.0,0.064918152987957,8e-05,0.15846018493175507,0.0
8895.0,8895.0,22.0,0.06284265220165253,8e-05,0.06956445425748825,0.0
8896.0,8896.0,22.0,0.06632182002067566,8e-05,0.1652672290802002,0.0
8897.0,8897.0,22.0,0.05768989026546478,8e-05,0.1383284479379654,0.0
8898.0,8898.0,22.0,0.061612408608198166,8e-05,0.16275355219841003,0.0
8899.0,8899.0,22.0,0.05545298010110855,8e-05,0.10015080869197845,0.0
8900.0,8900.0,22.0,0.060727305710315704,8e-05,0.08103898167610168,0.0
8901.0,8901.0,22.0,0.05631101503968239,8e-05,0.18504421412944794,0.0
8902.0,8902.0,22.0,0.056267350912094116,8e-05,0.10063259303569794,0.0
8903.0,8903.0,22.0,0.06210474297404289,8e-05,0.12187483161687851,0.0
8904.0,8904.0,22.0,0.04850082844495773,8e-05,0.15877607464790344,0.0
8905.0,8905.0,22.0,0.06091960519552231,8e-05,0.15431471168994904,0.0
8906.0,8906.0,22.0,0.04710504040122032,8e-05,0.1565433144569397,0.0
8907.0,8907.0,22.0,0.05438843369483948,8e-05,0.17980900406837463,0.0
8908.0,8908.0,22.0,0.06003256514668465,8e-05,0.18216471374034882,0.0
8909.0,8909.0,22.0,0.058836743235588074,8e-05,0.08534064888954163,0.0
8910.0,8910.0,22.0,0.048820845782756805,8e-05,0.23142987489700317,0.0
8911.0,8911.0,22.0,0.05952388420701027,8e-05,0.08852440118789673,0.0
8912.0,8912.0,22.0,0.06041032820940018,8e-05,0.13765086233615875,0.0
8913.0,8913.0,22.0,0.061405107378959656,8e-05,0.14034685492515564,0.0
8914.0,8914.0,22.0,0.0482911542057991,8e-05,0.10315530747175217,0.0
8915.0,8915.0,22.0,0.055016834288835526,8e-05,0.1234901025891304,0.0
8916.0,8916.0,22.0,0.07127968966960907,8e-05,0.14330007135868073,0.0
8917.0,8917.0,22.0,0.060439374297857285,8e-05,0.06964001059532166,0.0
8918.0,8918.0,22.0,0.06418028473854065,8e-05,0.14679385721683502,0.0
8919.0,8919.0,22.0,0.06484900414943695,8e-05,0.17365819215774536,0.0
8920.0,8920.0,22.0,0.05509456992149353,8e-05,0.12530417740345,0.0
8921.0,8921.0,22.0,0.05685463175177574,8e-05,0.14032134413719177,0.0
8922.0,8922.0,22.0,0.07733505964279175,8e-05,0.11251091212034225,0.0
8923.0,8923.0,22.0,0.07919169962406158,8e-05,0.21427226066589355,0.0
8924.0,8924.0,22.0,0.056930914521217346,8e-05,0.11906509846448898,0.0
8925.0,8925.0,22.0,0.06253992021083832,8e-05,0.10753276199102402,0.0
8926.0,8926.0,22.0,0.04821459949016571,8e-05,0.11724485456943512,0.0
8927.0,8927.0,22.0,0.061122894287109375,8e-05,0.1332748979330063,0.0
8928.0,8928.0,22.0,0.04563531279563904,8e-05,0.07387303560972214,0.0
8929.0,8929.0,22.0,0.054516375064849854,8e-05,0.15291748940944672,0.0
8930.0,8930.0,22.0,0.05774080008268356,8e-05,0.11402387917041779,0.0
8931.0,8931.0,22.0,0.06893736869096756,8e-05,0.12427397072315216,0.0
8932.0,8932.0,22.0,0.05947452783584595,8e-05,0.16131840646266937,0.0
8933.0,8933.0,22.0,0.08337464183568954,8e-05,0.09937170892953873,0.0
8934.0,8934.0,22.0,0.05238523334264755,8e-05,0.08960770815610886,0.0
8935.0,8935.0,22.0,0.05347472429275513,8e-05,0.1224387139081955,0.0
8936.0,8936.0,22.0,0.04832114279270172,8e-05,0.08439736813306808,0.0
8937.0,8937.0,22.0,0.05233997851610184,8e-05,0.11900545656681061,0.0
8938.0,8938.0,22.0,0.06256815791130066,8e-05,0.10017569363117218,0.0
8939.0,8939.0,22.0,0.06842712312936783,8e-05,0.1057429313659668,0.0
8940.0,8940.0,22.0,0.057550616562366486,8e-05,0.11648567020893097,0.0
8941.0,8941.0,22.0,0.047365181148052216,8e-05,0.0699155181646347,0.0
8942.0,8942.0,22.0,0.06057925522327423,8e-05,0.08184177428483963,0.0
8943.0,8943.0,22.0,0.05535092204809189,8e-05,0.12005644291639328,0.0
8944.0,8944.0,22.0,0.07192449271678925,8e-05,0.14374984800815582,0.0
8945.0,8945.0,22.0,0.06004194915294647,8e-05,0.1055123507976532,0.0
8946.0,8946.0,22.0,0.0566413588821888,8e-05,0.1314396858215332,0.0
8947.0,8947.0,22.0,0.06281682848930359,8e-05,0.11347614973783493,0.0
8948.0,8948.0,22.0,0.07477755844593048,8e-05,0.10997007042169571,0.0
8949.0,8949.0,22.0,0.06037890911102295,8e-05,0.13103976845741272,0.0
8950.0,8950.0,22.0,0.049603432416915894,8e-05,0.09927530586719513,0.0
8951.0,8951.0,22.0,0.0702308639883995,8e-05,0.10919642448425293,0.0
8952.0,8952.0,22.0,0.06578361988067627,8e-05,0.14284957945346832,0.0
8953.0,8953.0,22.0,0.060329850763082504,8e-05,0.09258568286895752,0.0
8954.0,8954.0,22.0,0.06014617532491684,8e-05,0.13619962334632874,0.0
8955.0,8955.0,22.0,0.06423073261976242,8e-05,0.1386427879333496,0.0
8956.0,8956.0,22.0,0.0637100338935852,8e-05,0.11842571943998337,0.0
8957.0,8957.0,22.0,0.056020550429821014,8e-05,0.08760100603103638,0.0
8958.0,8958.0,22.0,0.06722603738307953,8e-05,0.10997877269983292,0.0
8959.0,8959.0,22.0,0.05423485487699509,8e-05,0.09712359309196472,0.0
8960.0,8960.0,22.0,0.05443589761853218,8e-05,0.07985598593950272,0.0
8961.0,8961.0,22.0,0.055222053080797195,8e-05,0.09743762016296387,0.0
8962.0,8962.0,22.0,0.061848439276218414,8e-05,0.0755658745765686,0.0
8963.0,8963.0,22.0,0.06087683141231537,8e-05,0.07224223762750626,0.0
8964.0,8964.0,22.0,0.05913257598876953,8e-05,0.09116207808256149,0.0
8965.0,8965.0,22.0,0.06137895584106445,8e-05,0.07307130843400955,0.0
8966.0,8966.0,22.0,0.04676225036382675,8e-05,0.09970837831497192,0.0
8967.0,8967.0,22.0,0.05441681295633316,8e-05,0.11315203458070755,0.0
8968.0,8968.0,22.0,0.060052141547203064,8e-05,0.09022540599107742,0.0
8969.0,8969.0,22.0,0.05961981043219566,8e-05,0.16635437309741974,0.0
8970.0,8970.0,22.0,0.049608029425144196,8e-05,0.1493665724992752,0.0
8971.0,8971.0,23.0,0.05860438570380211,8e-05,0.1334606409072876,0.0
8972.0,8972.0,23.0,0.05177093297243118,8e-05,0.17857611179351807,0.0
8973.0,8973.0,23.0,0.06396213173866272,8e-05,0.07540750503540039,0.0
8974.0,8974.0,23.0,0.05697764828801155,8e-05,0.15354256331920624,0.0
8975.0,8975.0,23.0,0.06073138490319252,8e-05,0.16794006526470184,0.0
8976.0,8976.0,23.0,0.05858898535370827,8e-05,0.14113014936447144,0.0
8977.0,8977.0,23.0,0.06402994692325592,8e-05,0.09233727306127548,0.0
8978.0,8978.0,23.0,0.04964974895119667,8e-05,0.12510712444782257,0.0
8979.0,8979.0,23.0,0.05967035889625549,8e-05,0.10768881440162659,0.0
8980.0,8980.0,23.0,0.05746571719646454,8e-05,0.08333957195281982,0.0
8981.0,8981.0,23.0,0.056707173585891724,8e-05,0.11063385754823685,0.0
8982.0,8982.0,23.0,0.04638797044754028,8e-05,0.08039212971925735,0.0
8983.0,8983.0,23.0,0.05135377496480942,8e-05,0.08695663511753082,0.0
8984.0,8984.0,23.0,0.06059206277132034,8e-05,0.10482268780469894,0.0
8985.0,8985.0,23.0,0.06037627160549164,8e-05,0.14731280505657196,0.0
8986.0,8986.0,23.0,0.059128306806087494,8e-05,0.19716289639472961,0.0
8987.0,8987.0,23.0,0.055471085011959076,8e-05,0.14548906683921814,0.0
8988.0,8988.0,23.0,0.06494606286287308,8e-05,0.18760105967521667,0.0
8989.0,8989.0,23.0,0.049236997961997986,8e-05,0.07960372418165207,0.0
8990.0,8990.0,23.0,0.050365157425403595,8e-05,0.07628156244754791,0.0
8991.0,8991.0,23.0,0.05969087406992912,8e-05,0.1812596172094345,0.0
8992.0,8992.0,23.0,0.05176196247339249,8e-05,0.08577081561088562,0.0
8993.0,8993.0,23.0,0.05540231987833977,8e-05,0.1647345870733261,0.0
8994.0,8994.0,23.0,0.06773295998573303,8e-05,0.10143188387155533,0.0
8995.0,8995.0,23.0,0.052872609347105026,8e-05,0.08544523268938065,0.0
8996.0,8996.0,23.0,0.053278494626283646,8e-05,0.1168181300163269,0.0
8997.0,8997.0,23.0,0.06014946103096008,8e-05,0.09060057252645493,0.0
8998.0,8998.0,23.0,0.0654175728559494,8e-05,0.11427821218967438,0.0
8999.0,8999.0,23.0,0.049263812601566315,8e-05,0.07280702143907547,0.0
9000.0,9000.0,23.0,0.06340838223695755,8e-05,0.11983209103345871,0.0
9001.0,9001.0,23.0,0.05859128385782242,8e-05,0.08772090077400208,0.0
9002.0,9002.0,23.0,0.060611478984355927,8e-05,0.12251556664705276,0.0
9003.0,9003.0,23.0,0.06800195574760437,8e-05,0.09511026740074158,0.0
9004.0,9004.0,23.0,0.06103770434856415,8e-05,0.1445857435464859,0.0
9005.0,9005.0,23.0,0.07440382242202759,8e-05,0.14024527370929718,0.0
9006.0,9006.0,23.0,0.0581589937210083,8e-05,0.13445012271404266,0.0
9007.0,9007.0,23.0,0.07435529679059982,8e-05,0.12279829382896423,0.0
9008.0,9008.0,23.0,0.057686835527420044,8e-05,0.11657679080963135,0.0
9009.0,9009.0,23.0,0.0536140538752079,8e-05,0.1275629848241806,0.0
9010.0,9010.0,23.0,0.051443517208099365,8e-05,0.08031244575977325,0.0
9011.0,9011.0,23.0,0.05965456739068031,8e-05,0.10576323419809341,0.0
9012.0,9012.0,23.0,0.07477046549320221,8e-05,0.10728001594543457,0.0
9013.0,9013.0,23.0,0.04086229205131531,8e-05,0.11671778559684753,0.0
9014.0,9014.0,23.0,0.06402625143527985,8e-05,0.1409820318222046,0.0
9015.0,9015.0,23.0,0.05717708170413971,8e-05,0.08605971932411194,0.0
9016.0,9016.0,23.0,0.07171259075403214,8e-05,0.13463661074638367,0.0
9017.0,9017.0,23.0,0.056030694395303726,8e-05,0.09121259301900864,0.0
9018.0,9018.0,23.0,0.050765056163072586,8e-05,0.08363763988018036,0.0
9019.0,9019.0,23.0,0.06089421734213829,8e-05,0.17536182701587677,0.0
9020.0,9020.0,23.0,0.056210100650787354,8e-05,0.112041175365448,0.0
9021.0,9021.0,23.0,0.060103584080934525,8e-05,0.17520658671855927,0.0
9022.0,9022.0,23.0,0.05754085257649422,8e-05,0.0827232301235199,0.0
9023.0,9023.0,23.0,0.060148730874061584,8e-05,0.20039063692092896,0.0
9024.0,9024.0,23.0,0.05270969122648239,8e-05,0.08563894033432007,0.0
9025.0,9025.0,23.0,0.05340520292520523,8e-05,0.12502844631671906,0.0
9026.0,9026.0,23.0,0.06327801942825317,8e-05,0.1515374481678009,0.0
9027.0,9027.0,23.0,0.06425788998603821,8e-05,0.19295817613601685,0.0
9028.0,9028.0,23.0,0.07074016332626343,8e-05,0.11262095719575882,0.0
9029.0,9029.0,23.0,0.06019517034292221,8e-05,0.11192867159843445,0.0
9030.0,9030.0,23.0,0.0543476939201355,8e-05,0.12467371672391891,0.0
9031.0,9031.0,23.0,0.048006992787122726,8e-05,0.07887989282608032,0.0
9032.0,9032.0,23.0,0.0556357279419899,8e-05,0.09669764339923859,0.0
9033.0,9033.0,23.0,0.05349811166524887,8e-05,0.08105975389480591,0.0
9034.0,9034.0,23.0,0.0539432168006897,8e-05,0.07879410684108734,0.0
9035.0,9035.0,23.0,0.05898992344737053,8e-05,0.07773687690496445,0.0
9036.0,9036.0,23.0,0.047079600393772125,8e-05,0.10521993786096573,0.0
9037.0,9037.0,23.0,0.05151347815990448,8e-05,0.06519889831542969,0.0
9038.0,9038.0,23.0,0.061313483864068985,8e-05,0.1134532168507576,0.0
9039.0,9039.0,23.0,0.06556962430477142,8e-05,0.11851903796195984,0.0
9040.0,9040.0,23.0,0.06673187017440796,8e-05,0.10623133182525635,0.0
9041.0,9041.0,23.0,0.058061324059963226,8e-05,0.12918680906295776,0.0
9042.0,9042.0,23.0,0.05038349702954292,8e-05,0.13663235306739807,0.0
9043.0,9043.0,23.0,0.06353989988565445,8e-05,0.09463808685541153,0.0
9044.0,9044.0,23.0,0.06849247962236404,8e-05,0.105319082736969,0.0
9045.0,9045.0,23.0,0.056713808327913284,8e-05,0.154625803232193,0.0
9046.0,9046.0,23.0,0.0538967028260231,8e-05,0.14470723271369934,0.0
9047.0,9047.0,23.0,0.0506308376789093,8e-05,0.23464207351207733,0.0
9048.0,9048.0,23.0,0.06530174612998962,8e-05,0.10870862752199173,0.0
9049.0,9049.0,23.0,0.04551539197564125,8e-05,0.31107327342033386,0.0
9050.0,9050.0,23.0,0.05686706304550171,8e-05,0.14148645102977753,0.0
9051.0,9051.0,23.0,0.05409577116370201,8e-05,0.2438115030527115,0.0
9052.0,9052.0,23.0,0.04709543287754059,8e-05,0.1846417933702469,0.0
9053.0,9053.0,23.0,0.06641875207424164,8e-05,0.13245879113674164,0.0
9054.0,9054.0,23.0,0.054343290627002716,8e-05,0.199894979596138,0.0
9055.0,9055.0,23.0,0.062147051095962524,8e-05,0.09482640773057938,0.0
9056.0,9056.0,23.0,0.05187120661139488,8e-05,0.17247796058654785,0.0
9057.0,9057.0,23.0,0.05511881411075592,8e-05,0.17476388812065125,0.0
9058.0,9058.0,23.0,0.06561384350061417,8e-05,0.12757325172424316,0.0
9059.0,9059.0,23.0,0.06719913333654404,8e-05,0.18237334489822388,0.0
9060.0,9060.0,23.0,0.05434519797563553,8e-05,0.10772792994976044,0.0
9061.0,9061.0,23.0,0.06827221065759659,8e-05,0.16713950037956238,0.0
9062.0,9062.0,23.0,0.06292188167572021,8e-05,0.13972102105617523,0.0
9063.0,9063.0,23.0,0.052087150514125824,8e-05,0.13547205924987793,0.0
9064.0,9064.0,23.0,0.06778234243392944,8e-05,0.12455019354820251,0.0
9065.0,9065.0,23.0,0.05775460600852966,8e-05,0.16289570927619934,0.0
9066.0,9066.0,23.0,0.05456286668777466,8e-05,0.09341505914926529,0.0
9067.0,9067.0,23.0,0.052814681082963943,8e-05,0.13019397854804993,0.0
9068.0,9068.0,23.0,0.05001324415206909,8e-05,0.05852648988366127,0.0
9069.0,9069.0,23.0,0.06864117085933685,8e-05,0.10805235058069229,0.0
9070.0,9070.0,23.0,0.047362662851810455,8e-05,0.1393977552652359,0.0
9071.0,9071.0,23.0,0.050141219049692154,8e-05,0.10213115811347961,0.0
9072.0,9072.0,23.0,0.05397642403841019,8e-05,0.15567418932914734,0.0
9073.0,9073.0,23.0,0.06197559833526611,8e-05,0.1365065574645996,0.0
9074.0,9074.0,23.0,0.06117774918675423,8e-05,0.19647495448589325,0.0
9075.0,9075.0,23.0,0.06533069163560867,8e-05,0.15445943176746368,0.0
9076.0,9076.0,23.0,0.055305786430835724,8e-05,0.09543851017951965,0.0
9077.0,9077.0,23.0,0.04643462225794792,8e-05,0.18288686871528625,0.0
9078.0,9078.0,23.0,0.05199005827307701,8e-05,0.11651456356048584,0.0
9079.0,9079.0,23.0,0.05542236939072609,8e-05,0.1987784206867218,0.0
9080.0,9080.0,23.0,0.05482276529073715,8e-05,0.1165466234087944,0.0
9081.0,9081.0,23.0,0.050098054111003876,8e-05,0.24803480505943298,0.0
9082.0,9082.0,23.0,0.04307955875992775,8e-05,0.12478986382484436,0.0
9083.0,9083.0,23.0,0.06103391572833061,8e-05,0.1939815878868103,0.0
9084.0,9084.0,23.0,0.054264649748802185,8e-05,0.17655912041664124,0.0
9085.0,9085.0,23.0,0.06347664445638657,8e-05,0.09773282706737518,0.0
9086.0,9086.0,23.0,0.052690476179122925,8e-05,0.1671065241098404,0.0
9087.0,9087.0,23.0,0.07565464079380035,8e-05,0.14787663519382477,0.0
9088.0,9088.0,23.0,0.04815946891903877,8e-05,0.18560285866260529,0.0
9089.0,9089.0,23.0,0.05740681663155556,8e-05,0.1469837874174118,0.0
9090.0,9090.0,23.0,0.06349550932645798,8e-05,0.09043806046247482,0.0
9091.0,9091.0,23.0,0.06827433407306671,8e-05,0.14264407753944397,0.0
9092.0,9092.0,23.0,0.05949936807155609,8e-05,0.16876807808876038,0.0
9093.0,9093.0,23.0,0.06292790174484253,8e-05,0.09694413095712662,0.0
9094.0,9094.0,23.0,0.055021949112415314,8e-05,0.15633411705493927,0.0
9095.0,9095.0,23.0,0.06521274894475937,8e-05,0.10315978527069092,0.0
9096.0,9096.0,23.0,0.05037114769220352,8e-05,0.08783135563135147,0.0
9097.0,9097.0,23.0,0.06009773164987564,8e-05,0.18222226202487946,0.0
9098.0,9098.0,23.0,0.0557423010468483,8e-05,0.09771081060171127,0.0
9099.0,9099.0,23.0,0.06024116277694702,8e-05,0.1774916648864746,0.0
9100.0,9100.0,23.0,0.059625931084156036,8e-05,0.08577553182840347,0.0
9101.0,9101.0,23.0,0.06446926295757294,8e-05,0.11035150289535522,0.0
9102.0,9102.0,23.0,0.046289000660181046,8e-05,0.11302885413169861,0.0
9103.0,9103.0,23.0,0.058891911059617996,8e-05,0.11323067545890808,0.0
9104.0,9104.0,23.0,0.046516887843608856,8e-05,0.1745394617319107,0.0
9105.0,9105.0,23.0,0.05319250375032425,8e-05,0.12298350036144257,0.0
9106.0,9106.0,23.0,0.05461832135915756,8e-05,0.0958658829331398,0.0
9107.0,9107.0,23.0,0.07076728343963623,8e-05,0.08848144114017487,0.0
9108.0,9108.0,23.0,0.05855509638786316,8e-05,0.08706999570131302,0.0
9109.0,9109.0,23.0,0.04651748389005661,8e-05,0.05906929075717926,0.0
9110.0,9110.0,23.0,0.052511148154735565,8e-05,0.15607696771621704,0.0
9111.0,9111.0,23.0,0.05213367938995361,8e-05,0.10857368260622025,0.0
9112.0,9112.0,23.0,0.043567955493927,8e-05,0.1532524675130844,0.0
9113.0,9113.0,23.0,0.06454972177743912,8e-05,0.10066527873277664,0.0
9114.0,9114.0,23.0,0.0461716428399086,8e-05,0.2133534997701645,0.0
9115.0,9115.0,23.0,0.060079675167798996,8e-05,0.10095837712287903,0.0
9116.0,9116.0,23.0,0.06680254638195038,8e-05,0.12315049022436142,0.0
9117.0,9117.0,23.0,0.048854928463697433,8e-05,0.16257038712501526,0.0
9118.0,9118.0,23.0,0.0557432658970356,8e-05,0.1219547688961029,0.0
9119.0,9119.0,23.0,0.07679197937250137,8e-05,0.13484196364879608,0.0
9120.0,9120.0,23.0,0.06336814165115356,8e-05,0.1729629784822464,0.0
9121.0,9121.0,23.0,0.04394935071468353,8e-05,0.09190932661294937,0.0
9122.0,9122.0,23.0,0.05547013133764267,8e-05,0.1576382964849472,0.0
9123.0,9123.0,23.0,0.05021289363503456,8e-05,0.12442809343338013,0.0
9124.0,9124.0,23.0,0.047129735350608826,8e-05,0.0798243060708046,0.0
9125.0,9125.0,23.0,0.05127919465303421,8e-05,0.12098105996847153,0.0
9126.0,9126.0,23.0,0.052717484533786774,8e-05,0.11251043528318405,0.0
9127.0,9127.0,23.0,0.04958818107843399,8e-05,0.0991487130522728,0.0
9128.0,9128.0,23.0,0.05190378427505493,8e-05,0.1224447563290596,0.0
9129.0,9129.0,23.0,0.06336499750614166,8e-05,0.18366478383541107,0.0
9130.0,9130.0,23.0,0.06201721727848053,8e-05,0.12974809110164642,0.0
9131.0,9131.0,23.0,0.06413924694061279,8e-05,0.1027100682258606,0.0
9132.0,9132.0,23.0,0.05733522027730942,8e-05,0.12298380583524704,0.0
9133.0,9133.0,23.0,0.059285782277584076,8e-05,0.11583107709884644,0.0
9134.0,9134.0,23.0,0.06501776725053787,8e-05,0.09260305762290955,0.0
9135.0,9135.0,23.0,0.059282466769218445,8e-05,0.1480199694633484,0.0
9136.0,9136.0,23.0,0.044767118990421295,8e-05,0.1268160492181778,0.0
9137.0,9137.0,23.0,0.07134141772985458,8e-05,0.09748963266611099,0.0
9138.0,9138.0,23.0,0.06412312388420105,8e-05,0.1716223657131195,0.0
9139.0,9139.0,23.0,0.053513821214437485,8e-05,0.16269926726818085,0.0
9140.0,9140.0,23.0,0.0603397972881794,8e-05,0.1310584843158722,0.0
9141.0,9141.0,23.0,0.056294187903404236,8e-05,0.18984857201576233,0.0
9142.0,9142.0,23.0,0.0623319149017334,8e-05,0.1548004448413849,0.0
9143.0,9143.0,23.0,0.05138909071683884,8e-05,0.11564065515995026,0.0
9144.0,9144.0,23.0,0.061207085847854614,8e-05,0.11699282377958298,0.0
9145.0,9145.0,23.0,0.05135297402739525,8e-05,0.13363349437713623,0.0
9146.0,9146.0,23.0,0.04757779464125633,8e-05,0.15330897271633148,0.0
9147.0,9147.0,23.0,0.05720379203557968,8e-05,0.09908357262611389,0.0
9148.0,9148.0,23.0,0.05607856065034866,8e-05,0.09392349421977997,0.0
9149.0,9149.0,23.0,0.05964456498622894,8e-05,0.10123234242200851,0.0
9150.0,9150.0,23.0,0.0432705357670784,8e-05,0.08352562040090561,0.0
9151.0,9151.0,23.0,0.055456385016441345,8e-05,0.07204507291316986,0.0
9152.0,9152.0,23.0,0.061666831374168396,8e-05,0.11644476652145386,0.0
9153.0,9153.0,23.0,0.04984784498810768,8e-05,0.08224711567163467,0.0
9154.0,9154.0,23.0,0.05929318815469742,8e-05,0.09100143611431122,0.0
9155.0,9155.0,23.0,0.051451727747917175,8e-05,0.1330186277627945,0.0
9156.0,9156.0,23.0,0.06057559698820114,8e-05,0.12233414500951767,0.0
9157.0,9157.0,23.0,0.06390488147735596,8e-05,0.11929575353860855,0.0
9158.0,9158.0,23.0,0.0504741445183754,8e-05,0.110774464905262,0.0
9159.0,9159.0,23.0,0.055780213326215744,8e-05,0.14363370835781097,0.0
9160.0,9160.0,23.0,0.06333751976490021,8e-05,0.11491522938013077,0.0
9161.0,9161.0,23.0,0.04777464270591736,8e-05,0.16273713111877441,0.0
9162.0,9162.0,23.0,0.05860153213143349,8e-05,0.15692414343357086,0.0
9163.0,9163.0,23.0,0.04392838478088379,8e-05,0.15900389850139618,0.0
9164.0,9164.0,23.0,0.06379702687263489,8e-05,0.18943732976913452,0.0
9165.0,9165.0,23.0,0.058203622698783875,8e-05,0.1965198516845703,0.0
9166.0,9166.0,23.0,0.05079309642314911,8e-05,0.12696672976016998,0.0
9167.0,9167.0,23.0,0.05871066823601723,8e-05,0.20746184885501862,0.0
9168.0,9168.0,23.0,0.05278554558753967,8e-05,0.13241402804851532,0.0
9169.0,9169.0,23.0,0.05935721471905708,8e-05,0.12890200316905975,0.0
9170.0,9170.0,23.0,0.06452702730894089,8e-05,0.1419878602027893,0.0
9171.0,9171.0,23.0,0.05387476459145546,8e-05,0.0721881166100502,0.0
9172.0,9172.0,23.0,0.04827447235584259,8e-05,0.1371535360813141,0.0
9173.0,9173.0,23.0,0.04829322546720505,8e-05,0.12541289627552032,0.0
9174.0,9174.0,23.0,0.06768189370632172,8e-05,0.18281522393226624,0.0
9175.0,9175.0,23.0,0.07499818503856659,8e-05,0.1276242583990097,0.0
9176.0,9176.0,23.0,0.05179041624069214,8e-05,0.15838775038719177,0.0
9177.0,9177.0,23.0,0.056002672761678696,8e-05,0.15117625892162323,0.0
9178.0,9178.0,23.0,0.06632328033447266,8e-05,0.18254247307777405,0.0
9179.0,9179.0,23.0,0.05184260383248329,8e-05,0.11661078780889511,0.0
9180.0,9180.0,23.0,0.06370530277490616,8e-05,0.0833185687661171,0.0
9181.0,9181.0,23.0,0.05013364925980568,8e-05,0.17861603200435638,0.0
9182.0,9182.0,23.0,0.0633251816034317,8e-05,0.09370950609445572,0.0
9183.0,9183.0,23.0,0.06888720393180847,8e-05,0.1481800377368927,0.0
9184.0,9184.0,23.0,0.05546671897172928,8e-05,0.13189597427845,0.0
9185.0,9185.0,23.0,0.06386160105466843,8e-05,0.15162721276283264,0.0
9186.0,9186.0,23.0,0.053743258118629456,8e-05,0.18895341455936432,0.0
9187.0,9187.0,23.0,0.0627426728606224,8e-05,0.18343758583068848,0.0
9188.0,9188.0,23.0,0.0736469179391861,8e-05,0.19047455489635468,0.0
9189.0,9189.0,23.0,0.04834727942943573,8e-05,0.15413376688957214,0.0
9190.0,9190.0,23.0,0.06071167439222336,8e-05,0.17685052752494812,0.0
9191.0,9191.0,23.0,0.06374786049127579,8e-05,0.14294399321079254,0.0
9192.0,9192.0,23.0,0.05164576321840286,8e-05,0.16986499726772308,0.0
9193.0,9193.0,23.0,0.06006353348493576,8e-05,0.20693527162075043,0.0
9194.0,9194.0,23.0,0.050212085247039795,8e-05,0.12394004315137863,0.0
9195.0,9195.0,23.0,0.0582178495824337,8e-05,0.13105414807796478,0.0
9196.0,9196.0,23.0,0.06521153450012207,8e-05,0.1373824179172516,0.0
9197.0,9197.0,23.0,0.04357963800430298,8e-05,0.11594773828983307,0.0
9198.0,9198.0,23.0,0.06473009288311005,8e-05,0.13679657876491547,0.0
9199.0,9199.0,23.0,0.053956538438797,8e-05,0.12893356382846832,0.0
9200.0,9200.0,23.0,0.05463653802871704,8e-05,0.15699221193790436,0.0
9201.0,9201.0,23.0,0.06767687201499939,8e-05,0.14991341531276703,0.0
9202.0,9202.0,23.0,0.061307527124881744,8e-05,0.11571156978607178,0.0
9203.0,9203.0,23.0,0.06204836443066597,8e-05,0.1355033665895462,0.0
9204.0,9204.0,23.0,0.051961787045001984,8e-05,0.0837792307138443,0.0
9205.0,9205.0,23.0,0.05710294842720032,8e-05,0.07875668257474899,0.0
9206.0,9206.0,23.0,0.04570220410823822,8e-05,0.11100967228412628,0.0
9207.0,9207.0,23.0,0.057882193475961685,8e-05,0.09130673855543137,0.0
9208.0,9208.0,23.0,0.056496404111385345,8e-05,0.14999715983867645,0.0
9209.0,9209.0,23.0,0.040200937539339066,8e-05,0.08367358148097992,0.0
9210.0,9210.0,23.0,0.056485459208488464,8e-05,0.08355791121721268,0.0
9211.0,9211.0,23.0,0.05146387964487076,8e-05,0.10695100575685501,0.0
9212.0,9212.0,23.0,0.059670936316251755,8e-05,0.068195641040802,0.0
9213.0,9213.0,23.0,0.07651932537555695,8e-05,0.08014553785324097,0.0
9214.0,9214.0,23.0,0.05265520513057709,8e-05,0.16206420958042145,0.0
9215.0,9215.0,23.0,0.05301950126886368,8e-05,0.07580181211233139,0.0
9216.0,9216.0,23.0,0.06660504639148712,8e-05,0.14051324129104614,0.0
9217.0,9217.0,23.0,0.059698015451431274,8e-05,0.1504867672920227,0.0
9218.0,9218.0,23.0,0.06394051015377045,8e-05,0.10067971795797348,0.0
9219.0,9219.0,23.0,0.05185585841536522,8e-05,0.1446637064218521,0.0
9220.0,9220.0,23.0,0.0606810599565506,8e-05,0.1588532030582428,0.0
9221.0,9221.0,23.0,0.054589543491601944,8e-05,0.14354704320430756,0.0
9222.0,9222.0,23.0,0.06372123211622238,8e-05,0.1477559506893158,0.0
9223.0,9223.0,23.0,0.06822472810745239,8e-05,0.1534745842218399,0.0
9224.0,9224.0,23.0,0.0687742680311203,8e-05,0.10570728033781052,0.0
9225.0,9225.0,23.0,0.04852882772684097,8e-05,0.2004479467868805,0.0
9226.0,9226.0,23.0,0.053370535373687744,8e-05,0.1389007270336151,0.0
9227.0,9227.0,23.0,0.06539420783519745,8e-05,0.12729617953300476,0.0
9228.0,9228.0,23.0,0.05342385172843933,8e-05,0.1662960648536682,0.0
9229.0,9229.0,23.0,0.05707232281565666,8e-05,0.10175126791000366,0.0
9230.0,9230.0,23.0,0.06408481299877167,8e-05,0.1719495952129364,0.0
9231.0,9231.0,23.0,0.06099957227706909,8e-05,0.14540575444698334,0.0
9232.0,9232.0,23.0,0.05134508013725281,8e-05,0.13093358278274536,0.0
9233.0,9233.0,23.0,0.06618079543113708,8e-05,0.17180216312408447,0.0
9234.0,9234.0,23.0,0.05127687752246857,8e-05,0.15541696548461914,0.0
9235.0,9235.0,23.0,0.05442971736192703,8e-05,0.14714473485946655,0.0
9236.0,9236.0,23.0,0.06268700957298279,8e-05,0.1521977335214615,0.0
9237.0,9237.0,23.0,0.06271059811115265,8e-05,0.09566762298345566,0.0
9238.0,9238.0,23.0,0.04663705453276634,8e-05,0.1645442545413971,0.0
9239.0,9239.0,23.0,0.05313926935195923,8e-05,0.1572285145521164,0.0
9240.0,9240.0,23.0,0.05851408466696739,8e-05,0.13386821746826172,0.0
9241.0,9241.0,23.0,0.05260390043258667,8e-05,0.14533266425132751,0.0
9242.0,9242.0,23.0,0.05158419907093048,8e-05,0.07674825191497803,0.0
9243.0,9243.0,23.0,0.06449998915195465,8e-05,0.1527806967496872,0.0
9244.0,9244.0,23.0,0.05361627787351608,8e-05,0.12761473655700684,0.0
9245.0,9245.0,23.0,0.05231694132089615,8e-05,0.10711047053337097,0.0
9246.0,9246.0,23.0,0.05579617619514465,8e-05,0.15078401565551758,0.0
9247.0,9247.0,23.0,0.03815416991710663,8e-05,0.07489180564880371,0.0
9248.0,9248.0,23.0,0.05982763692736626,8e-05,0.12428698688745499,0.0
9249.0,9249.0,23.0,0.05734390765428543,8e-05,0.11076515167951584,0.0
9250.0,9250.0,23.0,0.06657986342906952,8e-05,0.14736706018447876,0.0
9251.0,9251.0,23.0,0.05323784798383713,8e-05,0.09142708033323288,0.0
9252.0,9252.0,23.0,0.05458475649356842,8e-05,0.09594222158193588,0.0
9253.0,9253.0,23.0,0.06159588694572449,8e-05,0.08446553349494934,0.0
9254.0,9254.0,23.0,0.054336149245500565,8e-05,0.12626510858535767,0.0
9255.0,9255.0,23.0,0.05196800455451012,8e-05,0.06397102028131485,0.0
9256.0,9256.0,23.0,0.06108805164694786,8e-05,0.10381107032299042,0.0
9257.0,9257.0,23.0,0.06377239525318146,8e-05,0.1504988968372345,0.0
9258.0,9258.0,23.0,0.0540667325258255,8e-05,0.1140352413058281,0.0
9259.0,9259.0,23.0,0.05660048872232437,8e-05,0.15831945836544037,0.0
9260.0,9260.0,23.0,0.06180219724774361,8e-05,0.12505729496479034,0.0
9261.0,9261.0,23.0,0.054136283695697784,8e-05,0.11199387907981873,0.0
9262.0,9262.0,23.0,0.04835169017314911,8e-05,0.11139064282178879,0.0
9263.0,9263.0,23.0,0.060555849224328995,8e-05,0.08705542236566544,0.0
9264.0,9264.0,23.0,0.0474524199962616,8e-05,0.09893880039453506,0.0
9265.0,9265.0,23.0,0.05574064701795578,8e-05,0.13850392401218414,0.0
9266.0,9266.0,23.0,0.051072973757982254,8e-05,0.0833875834941864,0.0
9267.0,9267.0,23.0,0.06265971809625626,8e-05,0.11637333035469055,0.0
9268.0,9268.0,23.0,0.06166849285364151,8e-05,0.17534375190734863,0.0
9269.0,9269.0,23.0,0.05602850392460823,8e-05,0.11001162976026535,0.0
9270.0,9270.0,23.0,0.05200332775712013,8e-05,0.11265405267477036,0.0
9271.0,9271.0,23.0,0.0574890561401844,8e-05,0.14784899353981018,0.0
9272.0,9272.0,23.0,0.0548146590590477,8e-05,0.12777023017406464,0.0
9273.0,9273.0,23.0,0.053139615803956985,8e-05,0.10841157287359238,0.0
9274.0,9274.0,23.0,0.06290598213672638,8e-05,0.09422487765550613,0.0
9275.0,9275.0,23.0,0.06207062304019928,8e-05,0.18424607813358307,0.0
9276.0,9276.0,23.0,0.06139886751770973,8e-05,0.09493060410022736,0.0
9277.0,9277.0,23.0,0.050180673599243164,8e-05,0.1426861584186554,0.0
9278.0,9278.0,23.0,0.051453847438097,8e-05,0.14027556777000427,0.0
9279.0,9279.0,23.0,0.054461896419525146,8e-05,0.10476172715425491,0.0
9280.0,9280.0,23.0,0.07445463538169861,8e-05,0.15195034444332123,0.0
9281.0,9281.0,23.0,0.041810303926467896,8e-05,0.07762883603572845,0.0
9282.0,9282.0,23.0,0.05465947836637497,8e-05,0.1607673019170761,0.0
9283.0,9283.0,23.0,0.09029136598110199,8e-05,0.21095149219036102,0.0
9284.0,9284.0,23.0,0.04833480715751648,8e-05,0.07275853306055069,0.0
9285.0,9285.0,23.0,0.04810672253370285,8e-05,0.19392265379428864,0.0
9286.0,9286.0,23.0,0.058735039085149765,8e-05,0.12460582703351974,0.0
9287.0,9287.0,23.0,0.06650617718696594,8e-05,0.1477363109588623,0.0
9288.0,9288.0,23.0,0.06631354987621307,8e-05,0.14580599963665009,0.0
9289.0,9289.0,23.0,0.06810519844293594,8e-05,0.09826953709125519,0.0
9290.0,9290.0,23.0,0.05746905505657196,8e-05,0.13893285393714905,0.0
9291.0,9291.0,23.0,0.06729376316070557,8e-05,0.12482351064682007,0.0
9292.0,9292.0,23.0,0.05256379395723343,8e-05,0.09396257251501083,0.0
9293.0,9293.0,23.0,0.05967024713754654,8e-05,0.16731718182563782,0.0
9294.0,9294.0,23.0,0.07261250168085098,8e-05,0.09953384101390839,0.0
9295.0,9295.0,23.0,0.052293501794338226,8e-05,0.12149742990732193,0.0
9296.0,9296.0,23.0,0.06196826696395874,8e-05,0.07808055728673935,0.0
9297.0,9297.0,23.0,0.05735967308282852,8e-05,0.08612994104623795,0.0
9298.0,9298.0,23.0,0.05127875134348869,8e-05,0.11839060485363007,0.0
9299.0,9299.0,23.0,0.04884408041834831,8e-05,0.06820668280124664,0.0
9300.0,9300.0,23.0,0.051967691630125046,8e-05,0.109220489859581,0.0
9301.0,9301.0,23.0,0.060836389660835266,8e-05,0.07201466709375381,0.0
9302.0,9302.0,23.0,0.055308327078819275,8e-05,0.11151093244552612,0.0
9303.0,9303.0,23.0,0.05283766984939575,8e-05,0.07913435995578766,0.0
9304.0,9304.0,23.0,0.07455679029226303,8e-05,0.10797354578971863,0.0
9305.0,9305.0,23.0,0.05026322975754738,8e-05,0.09536123275756836,0.0
9306.0,9306.0,23.0,0.06539294868707657,8e-05,0.10857584327459335,0.0
9307.0,9307.0,23.0,0.06651205569505692,8e-05,0.08188392966985703,0.0
9308.0,9308.0,23.0,0.07049734890460968,8e-05,0.0667121559381485,0.0
9309.0,9309.0,23.0,0.048401568084955215,8e-05,0.05116557702422142,0.0
9310.0,9310.0,23.0,0.05807667225599289,8e-05,0.09298243373632431,0.0
9311.0,9311.0,23.0,0.05942681431770325,8e-05,0.10107668489217758,0.0
9312.0,9312.0,23.0,0.06367024779319763,8e-05,0.1230858787894249,0.0
9313.0,9313.0,23.0,0.05761628597974777,8e-05,0.12525151669979095,0.0
9314.0,9314.0,23.0,0.05585714429616928,8e-05,0.10611280053853989,0.0
9315.0,9315.0,23.0,0.049298837780952454,8e-05,0.0686243399977684,0.0
9316.0,9316.0,23.0,0.0700218454003334,8e-05,0.09992322325706482,0.0
9317.0,9317.0,23.0,0.053234249353408813,8e-05,0.10058783739805222,0.0
9318.0,9318.0,23.0,0.058949343860149384,8e-05,0.0904242992401123,0.0
9319.0,9319.0,23.0,0.06004771217703819,8e-05,0.06644288450479507,0.0
9320.0,9320.0,23.0,0.065590038895607,8e-05,0.06942914426326752,0.0
9321.0,9321.0,23.0,0.0563589408993721,8e-05,0.12222612649202347,0.0
9322.0,9322.0,23.0,0.06236317753791809,8e-05,0.07819497585296631,0.0
9323.0,9323.0,23.0,0.0584295392036438,8e-05,0.09145119786262512,0.0
9324.0,9324.0,23.0,0.05643624812364578,8e-05,0.08616507798433304,0.0
9325.0,9325.0,23.0,0.05329854041337967,8e-05,0.09212805330753326,0.0
9326.0,9326.0,23.0,0.06598691642284393,8e-05,0.09904816746711731,0.0
9327.0,9327.0,23.0,0.07107202708721161,8e-05,0.0567343533039093,0.0
9328.0,9328.0,23.0,0.05780469626188278,8e-05,0.20122817158699036,0.0
9329.0,9329.0,23.0,0.048188235610723495,8e-05,0.06402410566806793,0.0
9330.0,9330.0,23.0,0.044414229691028595,8e-05,0.1925530880689621,0.0
9331.0,9331.0,23.0,0.05448940396308899,8e-05,0.08764003962278366,0.0
9332.0,9332.0,23.0,0.05749103054404259,8e-05,0.09123332798480988,0.0
9333.0,9333.0,23.0,0.056095048785209656,8e-05,0.09498994797468185,0.0
9334.0,9334.0,23.0,0.05310589447617531,8e-05,0.10560883581638336,0.0
9335.0,9335.0,23.0,0.045103609561920166,8e-05,0.12287600338459015,0.0
9336.0,9336.0,23.0,0.06657302379608154,8e-05,0.09510509669780731,0.0
9337.0,9337.0,23.0,0.056238919496536255,8e-05,0.10176374763250351,0.0
9338.0,9338.0,23.0,0.060332875698804855,8e-05,0.10606901347637177,0.0
9339.0,9339.0,23.0,0.05855183303356171,8e-05,0.1040218323469162,0.0
9340.0,9340.0,23.0,0.05062805861234665,8e-05,0.10817185044288635,0.0
9341.0,9341.0,23.0,0.04962163418531418,8e-05,0.09411729127168655,0.0
9342.0,9342.0,23.0,0.06604044139385223,8e-05,0.11867823451757431,0.0
9343.0,9343.0,23.0,0.05425013601779938,8e-05,0.10649703443050385,0.0
9344.0,9344.0,23.0,0.05935988202691078,8e-05,0.0837409719824791,0.0
9345.0,9345.0,23.0,0.05185887962579727,8e-05,0.10458572208881378,0.0
9346.0,9346.0,23.0,0.05336672067642212,8e-05,0.20120178163051605,0.0
9347.0,9347.0,23.0,0.07139122486114502,8e-05,0.0802430510520935,0.0
9348.0,9348.0,23.0,0.07907229661941528,8e-05,0.18692979216575623,0.0
9349.0,9349.0,23.0,0.06058993935585022,8e-05,0.13273464143276215,0.0
9350.0,9350.0,23.0,0.07200757414102554,8e-05,0.11447221785783768,0.0
9351.0,9351.0,23.0,0.06267289072275162,8e-05,0.1694909632205963,0.0
9352.0,9352.0,23.0,0.06352151930332184,8e-05,0.09009937196969986,0.0
9353.0,9353.0,23.0,0.049718454480171204,8e-05,0.15567412972450256,0.0
9354.0,9354.0,23.0,0.05723554641008377,8e-05,0.22751450538635254,0.0
9355.0,9355.0,23.0,0.06752210855484009,8e-05,0.15621788799762726,0.0
9356.0,9356.0,23.0,0.06218097358942032,8e-05,0.1598256528377533,0.0
9357.0,9357.0,23.0,0.06194983422756195,8e-05,0.08181780576705933,0.0
9358.0,9358.0,23.0,0.0589117705821991,8e-05,0.14994463324546814,0.0
9359.0,9359.0,23.0,0.06302356719970703,8e-05,0.14382050931453705,0.0
9360.0,9360.0,23.0,0.06113753840327263,8e-05,0.12755703926086426,0.0
9361.0,9361.0,24.0,0.07092121243476868,8e-05,0.15198591351509094,0.0
9362.0,9362.0,24.0,0.071773961186409,8e-05,0.09339333325624466,0.0
9363.0,9363.0,24.0,0.05865756794810295,8e-05,0.11872263252735138,0.0
9364.0,9364.0,24.0,0.04483632370829582,8e-05,0.11855065077543259,0.0
9365.0,9365.0,24.0,0.06984418630599976,8e-05,0.10501480102539062,0.0
9366.0,9366.0,24.0,0.054377224296331406,8e-05,0.09202182292938232,0.0
9367.0,9367.0,24.0,0.05311010032892227,8e-05,0.10426609218120575,0.0
9368.0,9368.0,24.0,0.05857355147600174,8e-05,0.1379619687795639,0.0
9369.0,9369.0,24.0,0.06025686860084534,8e-05,0.127854585647583,0.0
9370.0,9370.0,24.0,0.056228768080472946,8e-05,0.1494453251361847,0.0
9371.0,9371.0,24.0,0.051667142659425735,8e-05,0.06436964124441147,0.0
9372.0,9372.0,24.0,0.06046873331069946,8e-05,0.1538562923669815,0.0
9373.0,9373.0,24.0,0.06113789975643158,8e-05,0.09328100085258484,0.0
9374.0,9374.0,24.0,0.05291886627674103,8e-05,0.09015097469091415,0.0
9375.0,9375.0,24.0,0.0698990523815155,8e-05,0.1367308497428894,0.0
9376.0,9376.0,24.0,0.04699085280299187,8e-05,0.08383559435606003,0.0
9377.0,9377.0,24.0,0.05881426855921745,8e-05,0.07498171180486679,0.0
9378.0,9378.0,24.0,0.05006980895996094,8e-05,0.1664673537015915,0.0
9379.0,9379.0,24.0,0.07562592625617981,8e-05,0.10061386227607727,0.0
9380.0,9380.0,24.0,0.05379900708794594,8e-05,0.12178909778594971,0.0
9381.0,9381.0,24.0,0.055340711027383804,8e-05,0.11408703774213791,0.0
9382.0,9382.0,24.0,0.06650173664093018,8e-05,0.08861435949802399,0.0
9383.0,9383.0,24.0,0.053868185728788376,8e-05,0.14679934084415436,0.0
9384.0,9384.0,24.0,0.05015929415822029,8e-05,0.06893046200275421,0.0
9385.0,9385.0,24.0,0.054794520139694214,8e-05,0.13867029547691345,0.0
9386.0,9386.0,24.0,0.06843531131744385,8e-05,0.09873152524232864,0.0
9387.0,9387.0,24.0,0.05413240194320679,8e-05,0.13718219101428986,0.0
9388.0,9388.0,24.0,0.06570693850517273,8e-05,0.12502536177635193,0.0
9389.0,9389.0,24.0,0.06728639453649521,8e-05,0.11045274138450623,0.0
9390.0,9390.0,24.0,0.05016973242163658,8e-05,0.09126262366771698,0.0
9391.0,9391.0,24.0,0.05810743197798729,8e-05,0.14690817892551422,0.0
9392.0,9392.0,24.0,0.04690948873758316,8e-05,0.13047370314598083,0.0
9393.0,9393.0,24.0,0.047451410442590714,8e-05,0.12762561440467834,0.0
9394.0,9394.0,24.0,0.05963942036032677,8e-05,0.16820931434631348,0.0
9395.0,9395.0,24.0,0.06026120111346245,8e-05,0.1068146601319313,0.0
9396.0,9396.0,24.0,0.05625008046627045,8e-05,0.09181521832942963,0.0
9397.0,9397.0,24.0,0.07076011598110199,8e-05,0.19687756896018982,0.0
9398.0,9398.0,24.0,0.05655116215348244,8e-05,0.06981880217790604,0.0
9399.0,9399.0,24.0,0.04989629238843918,8e-05,0.19803772866725922,0.0
9400.0,9400.0,24.0,0.0601014643907547,8e-05,0.17289291322231293,0.0
9401.0,9401.0,24.0,0.04857736825942993,8e-05,0.10190235078334808,0.0
9402.0,9402.0,24.0,0.06742425262928009,8e-05,0.1661982536315918,0.0
9403.0,9403.0,24.0,0.0583113469183445,8e-05,0.1133224368095398,0.0
9404.0,9404.0,24.0,0.05939535051584244,8e-05,0.10392571240663528,0.0
9405.0,9405.0,24.0,0.048741549253463745,8e-05,0.1222972422838211,0.0
9406.0,9406.0,24.0,0.053445447236299515,8e-05,0.14217627048492432,0.0
9407.0,9407.0,24.0,0.07277864217758179,8e-05,0.08874605596065521,0.0
9408.0,9408.0,24.0,0.06513329595327377,8e-05,0.20608696341514587,0.0
9409.0,9409.0,24.0,0.06010057032108307,8e-05,0.13872680068016052,0.0
9410.0,9410.0,24.0,0.059763211756944656,8e-05,0.151238352060318,0.0
9411.0,9411.0,24.0,0.061481133103370667,8e-05,0.10315225273370743,0.0
9412.0,9412.0,24.0,0.051941417157649994,8e-05,0.12309031188488007,0.0
9413.0,9413.0,24.0,0.06205328553915024,8e-05,0.10896524786949158,0.0
9414.0,9414.0,24.0,0.04876033216714859,8e-05,0.10731539875268936,0.0
9415.0,9415.0,24.0,0.06824037432670593,8e-05,0.1782747507095337,0.0
9416.0,9416.0,24.0,0.060996171087026596,8e-05,0.12252388894557953,0.0
9417.0,9417.0,24.0,0.06528951227664948,8e-05,0.09412332624197006,0.0
9418.0,9418.0,24.0,0.04934728145599365,8e-05,0.1966937780380249,0.0
9419.0,9419.0,24.0,0.06707412749528885,8e-05,0.15114738047122955,0.0
9420.0,9420.0,24.0,0.045792803168296814,8e-05,0.1395585685968399,0.0
9421.0,9421.0,24.0,0.07063654065132141,8e-05,0.18089450895786285,0.0
9422.0,9422.0,24.0,0.05323401838541031,8e-05,0.10305964946746826,0.0
9423.0,9423.0,24.0,0.06772340834140778,8e-05,0.1152045875787735,0.0
9424.0,9424.0,24.0,0.05907744914293289,8e-05,0.17282164096832275,0.0
9425.0,9425.0,24.0,0.05967368185520172,8e-05,0.10042925179004669,0.0
9426.0,9426.0,24.0,0.05248582363128662,8e-05,0.15627475082874298,0.0
9427.0,9427.0,24.0,0.06466840207576752,8e-05,0.09546121954917908,0.0
9428.0,9428.0,24.0,0.06079047545790672,8e-05,0.1004050150513649,0.0
9429.0,9429.0,24.0,0.06086178869009018,8e-05,0.154752716422081,0.0
9430.0,9430.0,24.0,0.06665224581956863,8e-05,0.18397170305252075,0.0
9431.0,9431.0,24.0,0.06515759229660034,8e-05,0.10971750319004059,0.0
9432.0,9432.0,24.0,0.05754981189966202,8e-05,0.11443484574556351,0.0
9433.0,9433.0,24.0,0.053678885102272034,8e-05,0.1210734024643898,0.0
9434.0,9434.0,24.0,0.0459890253841877,8e-05,0.06977921724319458,0.0
9435.0,9435.0,24.0,0.07323707640171051,8e-05,0.1115569919347763,0.0
9436.0,9436.0,24.0,0.04749661684036255,8e-05,0.08947016298770905,0.0
9437.0,9437.0,24.0,0.05246792733669281,8e-05,0.16706062853336334,0.0
9438.0,9438.0,24.0,0.07815048098564148,8e-05,0.10119428485631943,0.0
9439.0,9439.0,24.0,0.05448807403445244,8e-05,0.10315125435590744,0.0
9440.0,9440.0,24.0,0.05600075423717499,8e-05,0.11367607116699219,0.0
9441.0,9441.0,24.0,0.05685724318027496,8e-05,0.08595450222492218,0.0
9442.0,9442.0,24.0,0.049488719552755356,8e-05,0.12040863186120987,0.0
9443.0,9443.0,24.0,0.05529855191707611,8e-05,0.06920242309570312,0.0
9444.0,9444.0,24.0,0.07182364165782928,8e-05,0.13563376665115356,0.0
9445.0,9445.0,24.0,0.059378743171691895,8e-05,0.11954603344202042,0.0
9446.0,9446.0,24.0,0.06070279702544212,8e-05,0.15103214979171753,0.0
9447.0,9447.0,24.0,0.054595813155174255,8e-05,0.16162827610969543,0.0
9448.0,9448.0,24.0,0.05724465101957321,8e-05,0.07828828692436218,0.0
9449.0,9449.0,24.0,0.050330862402915955,8e-05,0.20395512878894806,0.0
9450.0,9450.0,24.0,0.047323573380708694,8e-05,0.1287343055009842,0.0
9451.0,9451.0,24.0,0.07088137418031693,8e-05,0.12917561829090118,0.0
9452.0,9452.0,24.0,0.06315755099058151,8e-05,0.1458924263715744,0.0
9453.0,9453.0,24.0,0.06994742900133133,8e-05,0.20819924771785736,0.0
9454.0,9454.0,24.0,0.05426689609885216,8e-05,0.09736430644989014,0.0
9455.0,9455.0,24.0,0.07361261546611786,8e-05,0.19504843652248383,0.0
9456.0,9456.0,24.0,0.05010451748967171,8e-05,0.13126391172409058,0.0
9457.0,9457.0,24.0,0.056797005236148834,8e-05,0.10101944208145142,0.0
9458.0,9458.0,24.0,0.059331342577934265,8e-05,0.16364330053329468,0.0
9459.0,9459.0,24.0,0.06129762530326843,8e-05,0.07446952909231186,0.0
9460.0,9460.0,24.0,0.05761899799108505,8e-05,0.08136659115552902,0.0
9461.0,9461.0,24.0,0.05425430089235306,8e-05,0.0995825007557869,0.0
9462.0,9462.0,24.0,0.04072754830121994,8e-05,0.08756116032600403,0.0
9463.0,9463.0,24.0,0.06644982099533081,8e-05,0.10073143988847733,0.0
9464.0,9464.0,24.0,0.05394826829433441,8e-05,0.1134025901556015,0.0
9465.0,9465.0,24.0,0.06397484242916107,8e-05,0.1272658109664917,0.0
9466.0,9466.0,24.0,0.0730801448225975,8e-05,0.11914599686861038,0.0
9467.0,9467.0,24.0,0.060996368527412415,8e-05,0.1317407339811325,0.0
9468.0,9468.0,24.0,0.05061290040612221,8e-05,0.15973027050495148,0.0
9469.0,9469.0,24.0,0.05952349677681923,8e-05,0.07765264809131622,0.0
9470.0,9470.0,24.0,0.06135917454957962,8e-05,0.13317400217056274,0.0
9471.0,9471.0,24.0,0.05773205682635307,8e-05,0.16568711400032043,0.0
9472.0,9472.0,24.0,0.06592124700546265,8e-05,0.11536458879709244,0.0
9473.0,9473.0,24.0,0.051142241805791855,8e-05,0.13355211913585663,0.0
9474.0,9474.0,24.0,0.06273843348026276,8e-05,0.11841246485710144,0.0
9475.0,9475.0,24.0,0.052414413541555405,8e-05,0.13186952471733093,0.0
9476.0,9476.0,24.0,0.059135809540748596,8e-05,0.11566309630870819,0.0
9477.0,9477.0,24.0,0.05830148607492447,8e-05,0.1281179040670395,0.0
9478.0,9478.0,24.0,0.059599146246910095,8e-05,0.17106246948242188,0.0
9479.0,9479.0,24.0,0.060795608907938004,8e-05,0.1185779795050621,0.0
9480.0,9480.0,24.0,0.057526156306266785,8e-05,0.19321249425411224,0.0
9481.0,9481.0,24.0,0.054746344685554504,8e-05,0.1343156397342682,0.0
9482.0,9482.0,24.0,0.051225390285253525,8e-05,0.12945029139518738,0.0
9483.0,9483.0,24.0,0.05979493260383606,8e-05,0.17037102580070496,0.0
9484.0,9484.0,24.0,0.05437079071998596,8e-05,0.16739818453788757,0.0
9485.0,9485.0,24.0,0.0669541135430336,8e-05,0.15654906630516052,0.0
9486.0,9486.0,24.0,0.057301729917526245,8e-05,0.1859552264213562,0.0
9487.0,9487.0,24.0,0.06154535338282585,8e-05,0.16633568704128265,0.0
9488.0,9488.0,24.0,0.05251156911253929,8e-05,0.11139830946922302,0.0
9489.0,9489.0,24.0,0.06024817004799843,8e-05,0.17005252838134766,0.0
9490.0,9490.0,24.0,0.058667540550231934,8e-05,0.12867501378059387,0.0
9491.0,9491.0,24.0,0.05892154574394226,8e-05,0.15114863216876984,0.0
9492.0,9492.0,24.0,0.06363140046596527,8e-05,0.13150160014629364,0.0
9493.0,9493.0,24.0,0.053061433136463165,8e-05,0.08845067024230957,0.0
9494.0,9494.0,24.0,0.051282282918691635,8e-05,0.1409301906824112,0.0
9495.0,9495.0,24.0,0.053928911685943604,8e-05,0.14452186226844788,0.0
9496.0,9496.0,24.0,0.06164069101214409,8e-05,0.14724375307559967,0.0
9497.0,9497.0,24.0,0.04638063907623291,8e-05,0.14662344753742218,0.0
9498.0,9498.0,24.0,0.053068194538354874,8e-05,0.10134219378232956,0.0
9499.0,9499.0,24.0,0.053217411041259766,8e-05,0.223174050450325,0.0
9500.0,9500.0,24.0,0.05694136396050453,8e-05,0.13631778955459595,0.0
9501.0,9501.0,24.0,0.0647784098982811,8e-05,0.19519519805908203,0.0
9502.0,9502.0,24.0,0.04953683167695999,8e-05,0.12776678800582886,0.0
9503.0,9503.0,24.0,0.056057244539260864,8e-05,0.1962650716304779,0.0
9504.0,9504.0,24.0,0.05644281953573227,8e-05,0.09538456797599792,0.0
9505.0,9505.0,24.0,0.05413605645298958,8e-05,0.15658873319625854,0.0
9506.0,9506.0,24.0,0.0446915477514267,8e-05,0.15723817050457,0.0
9507.0,9507.0,24.0,0.054267317056655884,8e-05,0.12264780700206757,0.0
9508.0,9508.0,24.0,0.04990546777844429,8e-05,0.15664401650428772,0.0
9509.0,9509.0,24.0,0.058312252163887024,8e-05,0.08465782552957535,0.0
9510.0,9510.0,24.0,0.05691303312778473,8e-05,0.09573066234588623,0.0
9511.0,9511.0,24.0,0.05216524749994278,8e-05,0.12057462334632874,0.0
9512.0,9512.0,24.0,0.0645352229475975,8e-05,0.10795474052429199,0.0
9513.0,9513.0,24.0,0.05879537761211395,8e-05,0.1368139237165451,0.0
9514.0,9514.0,24.0,0.06919558346271515,8e-05,0.1256202906370163,0.0
9515.0,9515.0,24.0,0.06698502600193024,8e-05,0.1746414303779602,0.0
9516.0,9516.0,24.0,0.053680069744586945,8e-05,0.1075117364525795,0.0
9517.0,9517.0,24.0,0.05048532783985138,8e-05,0.1097739115357399,0.0
9518.0,9518.0,24.0,0.06639623641967773,8e-05,0.18308117985725403,0.0
9519.0,9519.0,24.0,0.04692724347114563,8e-05,0.08661141246557236,0.0
9520.0,9520.0,24.0,0.06170262396335602,8e-05,0.08749876171350479,0.0
9521.0,9521.0,24.0,0.06208626553416252,8e-05,0.17635126411914825,0.0
9522.0,9522.0,24.0,0.053020041435956955,8e-05,0.19506733119487762,0.0
9523.0,9523.0,24.0,0.051224518567323685,8e-05,0.11899922788143158,0.0
9524.0,9524.0,24.0,0.053949080407619476,8e-05,0.2550639808177948,0.0
9525.0,9525.0,24.0,0.06374435126781464,8e-05,0.08796647936105728,0.0
9526.0,9526.0,24.0,0.0527358204126358,8e-05,0.12403826415538788,0.0
9527.0,9527.0,24.0,0.05544888600707054,8e-05,0.16161061823368073,0.0
9528.0,9528.0,24.0,0.062088388949632645,8e-05,0.10757054388523102,0.0
9529.0,9529.0,24.0,0.052174054086208344,8e-05,0.12623323500156403,0.0
9530.0,9530.0,24.0,0.04342547804117203,8e-05,0.07230579107999802,0.0
9531.0,9531.0,24.0,0.062360454350709915,8e-05,0.141635462641716,0.0
9532.0,9532.0,24.0,0.044482018798589706,8e-05,0.08506308495998383,0.0
9533.0,9533.0,24.0,0.04961717873811722,8e-05,0.09794864058494568,0.0
9534.0,9534.0,24.0,0.043061722069978714,8e-05,0.15774066746234894,0.0
9535.0,9535.0,24.0,0.054119277745485306,8e-05,0.07231038808822632,0.0
9536.0,9536.0,24.0,0.07860060036182404,8e-05,0.121821328997612,0.0
9537.0,9537.0,24.0,0.056834783405065536,8e-05,0.1189795434474945,0.0
9538.0,9538.0,24.0,0.04431821405887604,8e-05,0.10469383001327515,0.0
9539.0,9539.0,24.0,0.04834839329123497,8e-05,0.1752200871706009,0.0
9540.0,9540.0,24.0,0.05124233290553093,8e-05,0.13663214445114136,0.0
9541.0,9541.0,24.0,0.046121444553136826,8e-05,0.13056595623493195,0.0
9542.0,9542.0,24.0,0.04849809408187866,8e-05,0.14476172626018524,0.0
9543.0,9543.0,24.0,0.07081177830696106,8e-05,0.09760511666536331,0.0
9544.0,9544.0,24.0,0.04878086596727371,8e-05,0.10863185673952103,0.0
9545.0,9545.0,24.0,0.04969240725040436,8e-05,0.09362731873989105,0.0
9546.0,9546.0,24.0,0.06653447449207306,8e-05,0.10051513463258743,0.0
9547.0,9547.0,24.0,0.05312766134738922,8e-05,0.11022157967090607,0.0
9548.0,9548.0,24.0,0.056007400155067444,8e-05,0.0955660492181778,0.0
9549.0,9549.0,24.0,0.05843593180179596,8e-05,0.10758428275585175,0.0
9550.0,9550.0,24.0,0.0488492026925087,8e-05,0.07280389964580536,0.0
9551.0,9551.0,24.0,0.04608199745416641,8e-05,0.0791255384683609,0.0
9552.0,9552.0,24.0,0.06511679291725159,8e-05,0.10722754150629044,0.0
9553.0,9553.0,24.0,0.06930049508810043,8e-05,0.09625197947025299,0.0
9554.0,9554.0,24.0,0.04790079966187477,8e-05,0.12919557094573975,0.0
9555.0,9555.0,24.0,0.05171339213848114,8e-05,0.09502848237752914,0.0
9556.0,9556.0,24.0,0.06031380966305733,8e-05,0.10207760334014893,0.0
9557.0,9557.0,24.0,0.07670192420482635,8e-05,0.11368896067142487,0.0
9558.0,9558.0,24.0,0.06223009154200554,8e-05,0.0942719504237175,0.0
9559.0,9559.0,24.0,0.05280626565217972,8e-05,0.07130851596593857,0.0
9560.0,9560.0,24.0,0.06008266285061836,8e-05,0.11219801008701324,0.0
9561.0,9561.0,24.0,0.05274114012718201,8e-05,0.12880632281303406,0.0
9562.0,9562.0,24.0,0.057342588901519775,8e-05,0.09858482331037521,0.0
9563.0,9563.0,24.0,0.05734900385141373,8e-05,0.18307285010814667,0.0
9564.0,9564.0,24.0,0.0569591298699379,8e-05,0.1750069558620453,0.0
9565.0,9565.0,24.0,0.07681706547737122,8e-05,0.17268088459968567,0.0
9566.0,9566.0,24.0,0.05349831283092499,8e-05,0.1121995747089386,0.0
9567.0,9567.0,24.0,0.055838361382484436,8e-05,0.20905102789402008,0.0
9568.0,9568.0,24.0,0.06537088006734848,8e-05,0.18729232251644135,0.0
9569.0,9569.0,24.0,0.05429405719041824,8e-05,0.0747111365199089,0.0
9570.0,9570.0,24.0,0.06088254600763321,8e-05,0.2380250096321106,0.0
9571.0,9571.0,24.0,0.055300574749708176,8e-05,0.1991758793592453,0.0
9572.0,9572.0,24.0,0.0652247741818428,8e-05,0.1714307963848114,0.0
9573.0,9573.0,24.0,0.06037190929055214,8e-05,0.19454342126846313,0.0
9574.0,9574.0,24.0,0.06589552760124207,8e-05,0.18999861180782318,0.0
9575.0,9575.0,24.0,0.05667800083756447,8e-05,0.11698314547538757,0.0
9576.0,9576.0,24.0,0.05424072593450546,8e-05,0.14983497560024261,0.0
9577.0,9577.0,24.0,0.0545271560549736,8e-05,0.16489431262016296,0.0
9578.0,9578.0,24.0,0.07546651363372803,8e-05,0.16997450590133667,0.0
9579.0,9579.0,24.0,0.04843888431787491,8e-05,0.18596124649047852,0.0
9580.0,9580.0,24.0,0.05806591734290123,8e-05,0.11319505423307419,0.0
9581.0,9581.0,24.0,0.039759501814842224,8e-05,0.09536603838205338,0.0
9582.0,9582.0,24.0,0.06260503083467484,8e-05,0.18182511627674103,0.0
9583.0,9583.0,24.0,0.05413633957505226,8e-05,0.11767148226499557,0.0
9584.0,9584.0,24.0,0.06110437214374542,8e-05,0.15897420048713684,0.0
9585.0,9585.0,24.0,0.05033281818032265,8e-05,0.10971765965223312,0.0
9586.0,9586.0,24.0,0.04983118921518326,8e-05,0.12815718352794647,0.0
9587.0,9587.0,24.0,0.06632518768310547,8e-05,0.1217544749379158,0.0
9588.0,9588.0,24.0,0.05710546672344208,8e-05,0.07845795899629593,0.0
9589.0,9589.0,24.0,0.06802872568368912,8e-05,0.14140549302101135,0.0
9590.0,9590.0,24.0,0.07336234301328659,8e-05,0.08748748898506165,0.0
9591.0,9591.0,24.0,0.048797838389873505,8e-05,0.16186437010765076,0.0
9592.0,9592.0,24.0,0.06418105959892273,8e-05,0.1341608464717865,0.0
9593.0,9593.0,24.0,0.05091231316328049,8e-05,0.1362154632806778,0.0
9594.0,9594.0,24.0,0.05383363366127014,8e-05,0.15476645529270172,0.0
9595.0,9595.0,24.0,0.0506194569170475,8e-05,0.07858899235725403,0.0
9596.0,9596.0,24.0,0.06929710507392883,8e-05,0.1476690173149109,0.0
9597.0,9597.0,24.0,0.06708336621522903,8e-05,0.08574701100587845,0.0
9598.0,9598.0,24.0,0.05912492051720619,8e-05,0.10593434423208237,0.0
9599.0,9599.0,24.0,0.055421821773052216,8e-05,0.10174579173326492,0.0
9600.0,9600.0,24.0,0.055250197649002075,8e-05,0.15159137547016144,0.0
9601.0,9601.0,24.0,0.06316716969013214,8e-05,0.12587116658687592,0.0
9602.0,9602.0,24.0,0.049294840544462204,8e-05,0.10819034278392792,0.0
9603.0,9603.0,24.0,0.057082660496234894,8e-05,0.11244101822376251,0.0
9604.0,9604.0,24.0,0.059887610375881195,8e-05,0.10339651256799698,0.0
9605.0,9605.0,24.0,0.047850631177425385,8e-05,0.07393262535333633,0.0
9606.0,9606.0,24.0,0.08482266962528229,8e-05,0.14664700627326965,0.0
9607.0,9607.0,24.0,0.04686406999826431,8e-05,0.0744066834449768,0.0
9608.0,9608.0,24.0,0.04948291927576065,8e-05,0.07119383662939072,0.0
9609.0,9609.0,24.0,0.06463569402694702,8e-05,0.07998862862586975,0.0
9610.0,9610.0,24.0,0.05611938238143921,8e-05,0.1444481611251831,0.0
9611.0,9611.0,24.0,0.05924169346690178,8e-05,0.1045633926987648,0.0
9612.0,9612.0,24.0,0.05873434618115425,8e-05,0.16484962403774261,0.0
9613.0,9613.0,24.0,0.051485516130924225,8e-05,0.08943088352680206,0.0
9614.0,9614.0,24.0,0.06598804891109467,8e-05,0.13034489750862122,0.0
9615.0,9615.0,24.0,0.054480914026498795,8e-05,0.11202585697174072,0.0
9616.0,9616.0,24.0,0.05719619616866112,8e-05,0.13078229129314423,0.0
9617.0,9617.0,24.0,0.05533403903245926,8e-05,0.0968485027551651,0.0
9618.0,9618.0,24.0,0.04952653497457504,8e-05,0.14976823329925537,0.0
9619.0,9619.0,24.0,0.06225833296775818,8e-05,0.0982452780008316,0.0
9620.0,9620.0,24.0,0.06540784984827042,8e-05,0.14747728407382965,0.0
9621.0,9621.0,24.0,0.07171483337879181,8e-05,0.10895916074514389,0.0
9622.0,9622.0,24.0,0.05533071607351303,8e-05,0.11204075813293457,0.0
9623.0,9623.0,24.0,0.06498441100120544,8e-05,0.12604615092277527,0.0
9624.0,9624.0,24.0,0.04889871925115585,8e-05,0.08931388705968857,0.0
9625.0,9625.0,24.0,0.048753522336483,8e-05,0.16559475660324097,0.0
9626.0,9626.0,24.0,0.06049830839037895,8e-05,0.13511870801448822,0.0
9627.0,9627.0,24.0,0.06405045092105865,8e-05,0.14460936188697815,0.0
9628.0,9628.0,24.0,0.061527203768491745,8e-05,0.11730816215276718,0.0
9629.0,9629.0,24.0,0.06064513325691223,8e-05,0.17044274508953094,0.0
9630.0,9630.0,24.0,0.04072481021285057,8e-05,0.0698234811425209,0.0
9631.0,9631.0,24.0,0.054188989102840424,8e-05,0.16956870257854462,0.0
9632.0,9632.0,24.0,0.07138973474502563,8e-05,0.17233906686306,0.0
9633.0,9633.0,24.0,0.05763120949268341,8e-05,0.17420686781406403,0.0
9634.0,9634.0,24.0,0.06607560813426971,8e-05,0.21973587572574615,0.0
9635.0,9635.0,24.0,0.058202311396598816,8e-05,0.16667675971984863,0.0
9636.0,9636.0,24.0,0.043583646416664124,8e-05,0.21518130600452423,0.0
9637.0,9637.0,24.0,0.05213698372244835,8e-05,0.1080506443977356,0.0
9638.0,9638.0,24.0,0.06103444844484329,8e-05,0.22292517125606537,0.0
9639.0,9639.0,24.0,0.053786590695381165,8e-05,0.18126702308654785,0.0
9640.0,9640.0,24.0,0.06111136078834534,8e-05,0.13096843659877777,0.0
9641.0,9641.0,24.0,0.05079634487628937,8e-05,0.23813952505588531,0.0
9642.0,9642.0,24.0,0.06601504981517792,8e-05,0.16930927336215973,0.0
9643.0,9643.0,24.0,0.062471434473991394,8e-05,0.15519586205482483,0.0
9644.0,9644.0,24.0,0.04750499129295349,8e-05,0.21810902655124664,0.0
9645.0,9645.0,24.0,0.06862723082304001,8e-05,0.1820397526025772,0.0
9646.0,9646.0,24.0,0.06126650795340538,8e-05,0.19098874926567078,0.0
9647.0,9647.0,24.0,0.057210855185985565,8e-05,0.21227815747261047,0.0
9648.0,9648.0,24.0,0.06376142799854279,8e-05,0.1897861808538437,0.0
9649.0,9649.0,24.0,0.07078248262405396,8e-05,0.14388690888881683,0.0
9650.0,9650.0,24.0,0.059008557349443436,8e-05,0.1253286898136139,0.0
9651.0,9651.0,24.0,0.06070949137210846,8e-05,0.2047213613986969,0.0
9652.0,9652.0,24.0,0.04984648525714874,8e-05,0.10654653608798981,0.0
9653.0,9653.0,24.0,0.04657788947224617,8e-05,0.15550978481769562,0.0
9654.0,9654.0,24.0,0.06328372657299042,8e-05,0.11935262382030487,0.0
9655.0,9655.0,24.0,0.0512058287858963,8e-05,0.07277746498584747,0.0
9656.0,9656.0,24.0,0.06170587241649628,8e-05,0.12029729038476944,0.0
9657.0,9657.0,24.0,0.0586852952837944,8e-05,0.14222238957881927,0.0
9658.0,9658.0,24.0,0.06226322799921036,8e-05,0.10882289707660675,0.0
9659.0,9659.0,24.0,0.05540075525641441,8e-05,0.1384209543466568,0.0
9660.0,9660.0,24.0,0.06152438372373581,8e-05,0.11195637285709381,0.0
9661.0,9661.0,24.0,0.06726603955030441,8e-05,0.11485082656145096,0.0
9662.0,9662.0,24.0,0.05360446125268936,8e-05,0.14764079451560974,0.0
9663.0,9663.0,24.0,0.05260720103979111,8e-05,0.06826578080654144,0.0
9664.0,9664.0,24.0,0.05927383154630661,8e-05,0.12805691361427307,0.0
9665.0,9665.0,24.0,0.05785665288567543,8e-05,0.11744022369384766,0.0
9666.0,9666.0,24.0,0.054928287863731384,8e-05,0.10910205543041229,0.0
9667.0,9667.0,24.0,0.05870487540960312,8e-05,0.11319072544574738,0.0
9668.0,9668.0,24.0,0.05424271523952484,8e-05,0.09522382915019989,0.0
9669.0,9669.0,24.0,0.05848174914717674,8e-05,0.17745468020439148,0.0
9670.0,9670.0,24.0,0.05406077206134796,8e-05,0.1647900640964508,0.0
9671.0,9671.0,24.0,0.07581447064876556,8e-05,0.12686291337013245,0.0
9672.0,9672.0,24.0,0.06278550624847412,8e-05,0.16932161152362823,0.0
9673.0,9673.0,24.0,0.05438509210944176,8e-05,0.13097989559173584,0.0
9674.0,9674.0,24.0,0.05881517380475998,8e-05,0.09712278842926025,0.0
9675.0,9675.0,24.0,0.07082770764827728,8e-05,0.13660970330238342,0.0
9676.0,9676.0,24.0,0.057545676827430725,8e-05,0.07143150269985199,0.0
9677.0,9677.0,24.0,0.04542285203933716,8e-05,0.1171402782201767,0.0
9678.0,9678.0,24.0,0.053523287177085876,8e-05,0.13838854432106018,0.0
9679.0,9679.0,24.0,0.05410420894622803,8e-05,0.09221488237380981,0.0
9680.0,9680.0,24.0,0.06579358875751495,8e-05,0.17121799290180206,0.0
9681.0,9681.0,24.0,0.06964267790317535,8e-05,0.15113668143749237,0.0
9682.0,9682.0,24.0,0.06900669634342194,8e-05,0.10107807070016861,0.0
9683.0,9683.0,24.0,0.050967346876859665,8e-05,0.11969852447509766,0.0
9684.0,9684.0,24.0,0.05077400058507919,8e-05,0.06584375351667404,0.0
9685.0,9685.0,24.0,0.05646856129169464,8e-05,0.10774464905261993,0.0
9686.0,9686.0,24.0,0.06374050676822662,8e-05,0.08129774779081345,0.0
9687.0,9687.0,24.0,0.05269519239664078,8e-05,0.08090817928314209,0.0
9688.0,9688.0,24.0,0.056791726499795914,8e-05,0.06549468636512756,0.0
9689.0,9689.0,24.0,0.05076056346297264,8e-05,0.082803875207901,0.0
9690.0,9690.0,24.0,0.056398905813694,8e-05,0.05219326168298721,0.0
9691.0,9691.0,24.0,0.055904120206832886,8e-05,0.08551005274057388,0.0
9692.0,9692.0,24.0,0.0790659487247467,8e-05,0.10438369959592819,0.0
9693.0,9693.0,24.0,0.07307860255241394,8e-05,0.11408992856740952,0.0
9694.0,9694.0,24.0,0.06895966827869415,8e-05,0.1462847739458084,0.0
9695.0,9695.0,24.0,0.0505913682281971,8e-05,0.08215892314910889,0.0
9696.0,9696.0,24.0,0.051562272012233734,8e-05,0.1168854609131813,0.0
9697.0,9697.0,24.0,0.0550524927675724,8e-05,0.09706953167915344,0.0
9698.0,9698.0,24.0,0.0647338330745697,8e-05,0.08198206126689911,0.0
9699.0,9699.0,24.0,0.04999271407723427,8e-05,0.10455036908388138,0.0
9700.0,9700.0,24.0,0.04653431475162506,8e-05,0.15363410115242004,0.0
9701.0,9701.0,24.0,0.06058097630739212,8e-05,0.09462673962116241,0.0
9702.0,9702.0,24.0,0.04507656395435333,8e-05,0.11090407520532608,0.0
9703.0,9703.0,24.0,0.06005634739995003,8e-05,0.13476534187793732,0.0
9704.0,9704.0,24.0,0.04954175651073456,8e-05,0.10762050747871399,0.0
9705.0,9705.0,24.0,0.051954858005046844,8e-05,0.15983770787715912,0.0
9706.0,9706.0,24.0,0.06311000883579254,8e-05,0.1383509337902069,0.0
9707.0,9707.0,24.0,0.06683860719203949,8e-05,0.12177353352308273,0.0
9708.0,9708.0,24.0,0.07348516583442688,8e-05,0.14731423556804657,0.0
9709.0,9709.0,24.0,0.046953167766332626,8e-05,0.14073075354099274,0.0
9710.0,9710.0,24.0,0.07052448391914368,8e-05,0.16722629964351654,0.0
9711.0,9711.0,24.0,0.08332140743732452,8e-05,0.14749591052532196,0.0
9712.0,9712.0,24.0,0.06280125677585602,8e-05,0.21370062232017517,0.0
9713.0,9713.0,24.0,0.04531072452664375,8e-05,0.16650815308094025,0.0
9714.0,9714.0,24.0,0.0644051656126976,8e-05,0.12941975891590118,0.0
9715.0,9715.0,24.0,0.061047736555337906,8e-05,0.18864578008651733,0.0
9716.0,9716.0,24.0,0.0573444664478302,8e-05,0.08665841072797775,0.0
9717.0,9717.0,24.0,0.05760519206523895,8e-05,0.13547776639461517,0.0
9718.0,9718.0,24.0,0.046758510172367096,8e-05,0.18302837014198303,0.0
9719.0,9719.0,24.0,0.058938320726156235,8e-05,0.12132614850997925,0.0
9720.0,9720.0,24.0,0.05870622396469116,8e-05,0.16115999221801758,0.0
9721.0,9721.0,24.0,0.060768626630306244,8e-05,0.12007211893796921,0.0
9722.0,9722.0,24.0,0.048316292464733124,8e-05,0.16787736117839813,0.0
9723.0,9723.0,24.0,0.07116550952196121,8e-05,0.14599187672138214,0.0
9724.0,9724.0,24.0,0.05692700296640396,8e-05,0.1467674970626831,0.0
9725.0,9725.0,24.0,0.0563843697309494,8e-05,0.2368704378604889,0.0
9726.0,9726.0,24.0,0.05133881792426109,8e-05,0.06787558645009995,0.0
9727.0,9727.0,24.0,0.04405178129673004,8e-05,0.21594947576522827,0.0
9728.0,9728.0,24.0,0.05224889889359474,8e-05,0.16410833597183228,0.0
9729.0,9729.0,24.0,0.051589950919151306,8e-05,0.07061336934566498,0.0
9730.0,9730.0,24.0,0.058552321046590805,8e-05,0.14133842289447784,0.0
9731.0,9731.0,24.0,0.06901892274618149,8e-05,0.18862693011760712,0.0
9732.0,9732.0,24.0,0.05364322289824486,8e-05,0.08883234858512878,0.0
9733.0,9733.0,24.0,0.04775604233145714,8e-05,0.12632766366004944,0.0
9734.0,9734.0,24.0,0.07259919494390488,8e-05,0.18673919141292572,0.0
9735.0,9735.0,24.0,0.05335831642150879,8e-05,0.11034617573022842,0.0
9736.0,9736.0,24.0,0.06054367125034332,8e-05,0.09056862443685532,0.0
9737.0,9737.0,24.0,0.05131977051496506,8e-05,0.1866580843925476,0.0
9738.0,9738.0,24.0,0.057962946593761444,8e-05,0.1086539775133133,0.0
9739.0,9739.0,24.0,0.06857514381408691,8e-05,0.09983822703361511,0.0
9740.0,9740.0,24.0,0.05975398048758507,8e-05,0.12057939916849136,0.0
9741.0,9741.0,24.0,0.06157063692808151,8e-05,0.11447983235120773,0.0
9742.0,9742.0,24.0,0.050104983150959015,8e-05,0.05608753859996796,0.0
9743.0,9743.0,24.0,0.06275054812431335,8e-05,0.09657853841781616,0.0
9744.0,9744.0,24.0,0.08122998476028442,8e-05,0.10530050098896027,0.0
9745.0,9745.0,24.0,0.06077750027179718,8e-05,0.13032084703445435,0.0
9746.0,9746.0,24.0,0.041886381804943085,8e-05,0.07093028724193573,0.0
9747.0,9747.0,24.0,0.06959231942892075,8e-05,0.13624872267246246,0.0
9748.0,9748.0,24.0,0.05471981316804886,8e-05,0.10946408659219742,0.0
9749.0,9749.0,24.0,0.06716859340667725,8e-05,0.10501626878976822,0.0
9750.0,9750.0,24.0,0.05737045034766197,8e-05,0.12470410019159317,0.0
9751.0,9751.0,25.0,0.05704808980226517,8e-05,0.06791378557682037,0.0
9752.0,9752.0,25.0,0.052904121577739716,8e-05,0.10655048489570618,0.0
9753.0,9753.0,25.0,0.045594289898872375,8e-05,0.06103941425681114,0.0
9754.0,9754.0,25.0,0.06970371305942535,8e-05,0.1097501814365387,0.0
9755.0,9755.0,25.0,0.054182108491659164,8e-05,0.0906233936548233,0.0
9756.0,9756.0,25.0,0.0594671368598938,8e-05,0.1324882209300995,0.0
9757.0,9757.0,25.0,0.06963684409856796,8e-05,0.1329386830329895,0.0
9758.0,9758.0,25.0,0.0684424415230751,8e-05,0.10364340245723724,0.0
9759.0,9759.0,25.0,0.04829520732164383,8e-05,0.11388256400823593,0.0
9760.0,9760.0,25.0,0.06458550691604614,8e-05,0.1105022057890892,0.0
9761.0,9761.0,25.0,0.06323178112506866,8e-05,0.09132393449544907,0.0
9762.0,9762.0,25.0,0.04803679883480072,8e-05,0.07371961325407028,0.0
9763.0,9763.0,25.0,0.05218803137540817,8e-05,0.10058081150054932,0.0
9764.0,9764.0,25.0,0.0632295310497284,8e-05,0.09329909086227417,0.0
9765.0,9765.0,25.0,0.05705328285694122,8e-05,0.12430456280708313,0.0
9766.0,9766.0,25.0,0.05641684681177139,8e-05,0.09186655282974243,0.0
9767.0,9767.0,25.0,0.05908971652388573,8e-05,0.06475595384836197,0.0
9768.0,9768.0,25.0,0.058444149792194366,8e-05,0.10816661268472672,0.0
9769.0,9769.0,25.0,0.0679282695055008,8e-05,0.11182796210050583,0.0
9770.0,9770.0,25.0,0.06310432404279709,8e-05,0.1446523219347,0.0
9771.0,9771.0,25.0,0.04890266805887222,8e-05,0.11073151230812073,0.0
9772.0,9772.0,25.0,0.055085912346839905,8e-05,0.15628252923488617,0.0
9773.0,9773.0,25.0,0.062003158032894135,8e-05,0.07446151226758957,0.0
9774.0,9774.0,25.0,0.05048755556344986,8e-05,0.11732582002878189,0.0
9775.0,9775.0,25.0,0.06099871173501015,8e-05,0.08571057766675949,0.0
9776.0,9776.0,25.0,0.0655520111322403,8e-05,0.07680349051952362,0.0
9777.0,9777.0,25.0,0.046483613550662994,8e-05,0.0737392008304596,0.0
9778.0,9778.0,25.0,0.050616029649972916,8e-05,0.12624679505825043,0.0
9779.0,9779.0,25.0,0.07425647974014282,8e-05,0.08556032925844193,0.0
9780.0,9780.0,25.0,0.06347828358411789,8e-05,0.09710440039634705,0.0
9781.0,9781.0,25.0,0.06168802082538605,8e-05,0.13378095626831055,0.0
9782.0,9782.0,25.0,0.0501946359872818,8e-05,0.11446958780288696,0.0
9783.0,9783.0,25.0,0.06780879199504852,8e-05,0.14311787486076355,0.0
9784.0,9784.0,25.0,0.05403763800859451,8e-05,0.0705711841583252,0.0
9785.0,9785.0,25.0,0.05889005959033966,8e-05,0.15784524381160736,0.0
9786.0,9786.0,25.0,0.04723631218075752,8e-05,0.06117437034845352,0.0
9787.0,9787.0,25.0,0.05351652577519417,8e-05,0.13864439725875854,0.0
9788.0,9788.0,25.0,0.06418073177337646,8e-05,0.07822579890489578,0.0
9789.0,9789.0,25.0,0.0614873468875885,8e-05,0.14460617303848267,0.0
9790.0,9790.0,25.0,0.06182030588388443,8e-05,0.09679625183343887,0.0
9791.0,9791.0,25.0,0.047330304980278015,8e-05,0.16512322425842285,0.0
9792.0,9792.0,25.0,0.04853515699505806,8e-05,0.08805861324071884,0.0
9793.0,9793.0,25.0,0.055926352739334106,8e-05,0.07671108841896057,0.0
9794.0,9794.0,25.0,0.050811827182769775,8e-05,0.13113045692443848,0.0
9795.0,9795.0,25.0,0.05095028877258301,8e-05,0.0935562402009964,0.0
9796.0,9796.0,25.0,0.04558373987674713,8e-05,0.09554324299097061,0.0
9797.0,9797.0,25.0,0.05057710409164429,8e-05,0.05268038809299469,0.0
9798.0,9798.0,25.0,0.06694081425666809,8e-05,0.07698572427034378,0.0
9799.0,9799.0,25.0,0.06618354469537735,8e-05,0.0958731546998024,0.0
9800.0,9800.0,25.0,0.05801064148545265,8e-05,0.1099267527461052,0.0
9801.0,9801.0,25.0,0.058342717587947845,8e-05,0.08382415771484375,0.0
9802.0,9802.0,25.0,0.050971902906894684,8e-05,0.06846114993095398,0.0
9803.0,9803.0,25.0,0.053059741854667664,8e-05,0.07643740624189377,0.0
9804.0,9804.0,25.0,0.04673786833882332,8e-05,0.09356696903705597,0.0
9805.0,9805.0,25.0,0.06484876573085785,8e-05,0.05683352053165436,0.0
9806.0,9806.0,25.0,0.045572519302368164,8e-05,0.12798117101192474,0.0
9807.0,9807.0,25.0,0.0535392165184021,8e-05,0.09088164567947388,0.0
9808.0,9808.0,25.0,0.07093490660190582,8e-05,0.15616264939308167,0.0
9809.0,9809.0,25.0,0.06010043993592262,8e-05,0.09635037183761597,0.0
9810.0,9810.0,25.0,0.05554288998246193,8e-05,0.104956716299057,0.0
9811.0,9811.0,25.0,0.05340033769607544,8e-05,0.11355125904083252,0.0
9812.0,9812.0,25.0,0.06536810100078583,8e-05,0.09060864895582199,0.0
9813.0,9813.0,25.0,0.05865669995546341,8e-05,0.1477394700050354,0.0
9814.0,9814.0,25.0,0.04175007715821266,8e-05,0.10716553032398224,0.0
9815.0,9815.0,25.0,0.06912299990653992,8e-05,0.16313545405864716,0.0
9816.0,9816.0,25.0,0.060336582362651825,8e-05,0.10367223620414734,0.0
9817.0,9817.0,25.0,0.06013986095786095,8e-05,0.13796016573905945,0.0
9818.0,9818.0,25.0,0.06877186894416809,8e-05,0.1402321308851242,0.0
9819.0,9819.0,25.0,0.0704430639743805,8e-05,0.12673859298229218,0.0
9820.0,9820.0,25.0,0.05154939740896225,8e-05,0.08414765447378159,0.0
9821.0,9821.0,25.0,0.05498361214995384,8e-05,0.10715772211551666,0.0
9822.0,9822.0,25.0,0.0562254972755909,8e-05,0.1231406033039093,0.0
9823.0,9823.0,25.0,0.05319841951131821,8e-05,0.10155691206455231,0.0
9824.0,9824.0,25.0,0.05595717579126358,8e-05,0.10224670171737671,0.0
9825.0,9825.0,25.0,0.04529854655265808,8e-05,0.13812360167503357,0.0
9826.0,9826.0,25.0,0.06115451082587242,8e-05,0.08885302394628525,0.0
9827.0,9827.0,25.0,0.06678284704685211,8e-05,0.145547017455101,0.0
9828.0,9828.0,25.0,0.05555460602045059,8e-05,0.15304364264011383,0.0
9829.0,9829.0,25.0,0.051267266273498535,8e-05,0.16325251758098602,0.0
9830.0,9830.0,25.0,0.05344998091459274,8e-05,0.07035711407661438,0.0
9831.0,9831.0,25.0,0.04854618012905121,8e-05,0.16237273812294006,0.0
9832.0,9832.0,25.0,0.054375410079956055,8e-05,0.08053641766309738,0.0
9833.0,9833.0,25.0,0.07488516718149185,8e-05,0.1300380975008011,0.0
9834.0,9834.0,25.0,0.05811310559511185,8e-05,0.15111452341079712,0.0
9835.0,9835.0,25.0,0.062347590923309326,8e-05,0.11555863916873932,0.0
9836.0,9836.0,25.0,0.05832092463970184,8e-05,0.18157535791397095,0.0
9837.0,9837.0,25.0,0.05607294663786888,8e-05,0.0936625525355339,0.0
9838.0,9838.0,25.0,0.050042957067489624,8e-05,0.1752839833498001,0.0
9839.0,9839.0,25.0,0.057680606842041016,8e-05,0.17754057049751282,0.0
9840.0,9840.0,25.0,0.0652417242527008,8e-05,0.1259341835975647,0.0
9841.0,9841.0,25.0,0.048951368778944016,8e-05,0.17288605868816376,0.0
9842.0,9842.0,25.0,0.051463477313518524,8e-05,0.08657176792621613,0.0
9843.0,9843.0,25.0,0.0596289187669754,8e-05,0.18913991749286652,0.0
9844.0,9844.0,25.0,0.05669030547142029,8e-05,0.13189826905727386,0.0
9845.0,9845.0,25.0,0.05789424479007721,8e-05,0.1510823518037796,0.0
9846.0,9846.0,25.0,0.06096727401018143,8e-05,0.181535005569458,0.0
9847.0,9847.0,25.0,0.05986042320728302,8e-05,0.1199619472026825,0.0
9848.0,9848.0,25.0,0.05910414457321167,8e-05,0.17838558554649353,0.0
9849.0,9849.0,25.0,0.06772959232330322,8e-05,0.17215436697006226,0.0
9850.0,9850.0,25.0,0.0504673570394516,8e-05,0.1652725487947464,0.0
9851.0,9851.0,25.0,0.060733333230018616,8e-05,0.06546586751937866,0.0
9852.0,9852.0,25.0,0.05907101184129715,8e-05,0.19205515086650848,0.0
9853.0,9853.0,25.0,0.05572483688592911,8e-05,0.059310104697942734,0.0
9854.0,9854.0,25.0,0.0510035902261734,8e-05,0.19892749190330505,0.0
9855.0,9855.0,25.0,0.06634578108787537,8e-05,0.15275147557258606,0.0
9856.0,9856.0,25.0,0.05191028118133545,8e-05,0.1192692220211029,0.0
9857.0,9857.0,25.0,0.05030064284801483,8e-05,0.19128334522247314,0.0
9858.0,9858.0,25.0,0.05886325240135193,8e-05,0.12157319486141205,0.0
9859.0,9859.0,25.0,0.045818693935871124,8e-05,0.15351662039756775,0.0
9860.0,9860.0,25.0,0.06409519910812378,8e-05,0.1547573059797287,0.0
9861.0,9861.0,25.0,0.05729508399963379,8e-05,0.14448702335357666,0.0
9862.0,9862.0,25.0,0.06394027173519135,8e-05,0.09979114681482315,0.0
9863.0,9863.0,25.0,0.06908688694238663,8e-05,0.22556312382221222,0.0
9864.0,9864.0,25.0,0.05073019489645958,8e-05,0.0789899006485939,0.0
9865.0,9865.0,25.0,0.05973895639181137,8e-05,0.22546884417533875,0.0
9866.0,9866.0,25.0,0.057905763387680054,8e-05,0.15476171672344208,0.0
9867.0,9867.0,25.0,0.06444285064935684,8e-05,0.09183111041784286,0.0
9868.0,9868.0,25.0,0.05610143020749092,8e-05,0.15702585875988007,0.0
9869.0,9869.0,25.0,0.05708488076925278,8e-05,0.0820712223649025,0.0
9870.0,9870.0,25.0,0.05704621970653534,8e-05,0.10519956052303314,0.0
9871.0,9871.0,25.0,0.057002484798431396,8e-05,0.15193739533424377,0.0
9872.0,9872.0,25.0,0.05822184681892395,8e-05,0.12265244871377945,0.0
9873.0,9873.0,25.0,0.05393929407000542,8e-05,0.12105081230401993,0.0
9874.0,9874.0,25.0,0.056139808148145676,8e-05,0.14302924275398254,0.0
9875.0,9875.0,25.0,0.06631258130073547,8e-05,0.13365645706653595,0.0
9876.0,9876.0,25.0,0.051489442586898804,8e-05,0.16922467947006226,0.0
9877.0,9877.0,25.0,0.06152402609586716,8e-05,0.08122913539409637,0.0
9878.0,9878.0,25.0,0.05455206334590912,8e-05,0.06087708845734596,0.0
9879.0,9879.0,25.0,0.05663888156414032,8e-05,0.13945680856704712,0.0
9880.0,9880.0,25.0,0.05331004783511162,8e-05,0.09762353450059891,0.0
9881.0,9881.0,25.0,0.05923844128847122,8e-05,0.07543934881687164,0.0
9882.0,9882.0,25.0,0.040001533925533295,8e-05,0.06845518946647644,0.0
9883.0,9883.0,25.0,0.06236061826348305,8e-05,0.09399539232254028,0.0
9884.0,9884.0,25.0,0.06556793302297592,8e-05,0.068083256483078,0.0
9885.0,9885.0,25.0,0.05182017385959625,8e-05,0.09508035331964493,0.0
9886.0,9886.0,25.0,0.05248752236366272,8e-05,0.06936884671449661,0.0
9887.0,9887.0,25.0,0.06934674084186554,8e-05,0.14848516881465912,0.0
9888.0,9888.0,25.0,0.06668677181005478,8e-05,0.12316843122243881,0.0
9889.0,9889.0,25.0,0.06028888002038002,8e-05,0.09954141825437546,0.0
9890.0,9890.0,25.0,0.050879426300525665,8e-05,0.15443694591522217,0.0
9891.0,9891.0,25.0,0.049226660281419754,8e-05,0.07844740152359009,0.0
9892.0,9892.0,25.0,0.06831806898117065,8e-05,0.08821773529052734,0.0
9893.0,9893.0,25.0,0.05554166063666344,8e-05,0.09712277352809906,0.0
9894.0,9894.0,25.0,0.07278700172901154,8e-05,0.121691033244133,0.0
9895.0,9895.0,25.0,0.0438128225505352,8e-05,0.12983985245227814,0.0
9896.0,9896.0,25.0,0.042829401791095734,8e-05,0.09548632055521011,0.0
9897.0,9897.0,25.0,0.059266868978738785,8e-05,0.11939094960689545,0.0
9898.0,9898.0,25.0,0.0704844668507576,8e-05,0.12863567471504211,0.0
9899.0,9899.0,25.0,0.0654815062880516,8e-05,0.089410699903965,0.0
9900.0,9900.0,25.0,0.05767598748207092,8e-05,0.09430922567844391,0.0
9901.0,9901.0,25.0,0.053455788642168045,8e-05,0.11282297223806381,0.0
9902.0,9902.0,25.0,0.04663163423538208,8e-05,0.07877804338932037,0.0
9903.0,9903.0,25.0,0.05910775065422058,8e-05,0.10589008778333664,0.0
9904.0,9904.0,25.0,0.05729293078184128,8e-05,0.10909924656152725,0.0
9905.0,9905.0,25.0,0.06059093400835991,8e-05,0.1157473772764206,0.0
9906.0,9906.0,25.0,0.06311348080635071,8e-05,0.15231391787528992,0.0
9907.0,9907.0,25.0,0.06297001242637634,8e-05,0.10191604495048523,0.0
9908.0,9908.0,25.0,0.050772957503795624,8e-05,0.06700854748487473,0.0
9909.0,9909.0,25.0,0.046115774661302567,8e-05,0.1329551786184311,0.0
9910.0,9910.0,25.0,0.06205460801720619,8e-05,0.11976154893636703,0.0
9911.0,9911.0,25.0,0.06061903014779091,8e-05,0.13286423683166504,0.0
9912.0,9912.0,25.0,0.05454667657613754,8e-05,0.12178899347782135,0.0
9913.0,9913.0,25.0,0.054360486567020416,8e-05,0.15884427726268768,0.0
9914.0,9914.0,25.0,0.05804944038391113,8e-05,0.10110627114772797,0.0
9915.0,9915.0,25.0,0.045702897012233734,8e-05,0.08046741038560867,0.0
9916.0,9916.0,25.0,0.048233047127723694,8e-05,0.16944704949855804,0.0
9917.0,9917.0,25.0,0.06893441826105118,8e-05,0.11205483227968216,0.0
9918.0,9918.0,25.0,0.05681748688220978,8e-05,0.14541657269001007,0.0
9919.0,9919.0,25.0,0.05217142775654793,8e-05,0.06447853147983551,0.0
9920.0,9920.0,25.0,0.050406843423843384,8e-05,0.12857025861740112,0.0
9921.0,9921.0,25.0,0.05909126251935959,8e-05,0.08560553193092346,0.0
9922.0,9922.0,25.0,0.06736867129802704,8e-05,0.08515061438083649,0.0
9923.0,9923.0,25.0,0.06273449957370758,8e-05,0.12985759973526,0.0
9924.0,9924.0,25.0,0.05518682301044464,8e-05,0.08147788047790527,0.0
9925.0,9925.0,25.0,0.04906022921204567,8e-05,0.11264020949602127,0.0
9926.0,9926.0,25.0,0.05061034858226776,8e-05,0.11450103670358658,0.0
9927.0,9927.0,25.0,0.05537022277712822,8e-05,0.10599567741155624,0.0
9928.0,9928.0,25.0,0.05336153507232666,8e-05,0.1038210317492485,0.0
9929.0,9929.0,25.0,0.058520689606666565,8e-05,0.17370107769966125,0.0
9930.0,9930.0,25.0,0.04896523803472519,8e-05,0.12185858190059662,0.0
9931.0,9931.0,25.0,0.05374195799231529,8e-05,0.10822226107120514,0.0
9932.0,9932.0,25.0,0.06005580350756645,8e-05,0.16591128706932068,0.0
9933.0,9933.0,25.0,0.0708957314491272,8e-05,0.13972744345664978,0.0
9934.0,9934.0,25.0,0.04932820424437523,8e-05,0.1161825954914093,0.0
9935.0,9935.0,25.0,0.07351289689540863,8e-05,0.1461714655160904,0.0
9936.0,9936.0,25.0,0.07323648035526276,8e-05,0.19656188786029816,0.0
9937.0,9937.0,25.0,0.05702793970704079,8e-05,0.06732507050037384,0.0
9938.0,9938.0,25.0,0.06641604006290436,8e-05,0.2055477797985077,0.0
9939.0,9939.0,25.0,0.06766718626022339,8e-05,0.13233795762062073,0.0
9940.0,9940.0,25.0,0.04927518963813782,8e-05,0.09720522910356522,0.0
9941.0,9941.0,25.0,0.054879914969205856,8e-05,0.18431711196899414,0.0
9942.0,9942.0,25.0,0.07116395235061646,8e-05,0.15111660957336426,0.0
9943.0,9943.0,25.0,0.04537788778543472,8e-05,0.12404736131429672,0.0
9944.0,9944.0,25.0,0.06425149738788605,8e-05,0.19204342365264893,0.0
9945.0,9945.0,25.0,0.04996360093355179,8e-05,0.19446513056755066,0.0
9946.0,9946.0,25.0,0.05541462451219559,8e-05,0.10983501374721527,0.0
9947.0,9947.0,25.0,0.053894415497779846,8e-05,0.1292896717786789,0.0
9948.0,9948.0,25.0,0.0530000738799572,8e-05,0.21801325678825378,0.0
9949.0,9949.0,25.0,0.0541682168841362,8e-05,0.0823390781879425,0.0
9950.0,9950.0,25.0,0.06621230393648148,8e-05,0.12419410049915314,0.0
9951.0,9951.0,25.0,0.05335662141442299,8e-05,0.18693502247333527,0.0
9952.0,9952.0,25.0,0.048065587878227234,8e-05,0.09958833456039429,0.0
9953.0,9953.0,25.0,0.05118999630212784,8e-05,0.09328585118055344,0.0
9954.0,9954.0,25.0,0.07957224547863007,8e-05,0.19083839654922485,0.0
9955.0,9955.0,25.0,0.06566036492586136,8e-05,0.12115201354026794,0.0
9956.0,9956.0,25.0,0.0726456269621849,8e-05,0.10862946510314941,0.0
9957.0,9957.0,25.0,0.07791949063539505,8e-05,0.11259574443101883,0.0
9958.0,9958.0,25.0,0.052814189344644547,8e-05,0.14666244387626648,0.0
9959.0,9959.0,25.0,0.05453694611787796,8e-05,0.12732434272766113,0.0
9960.0,9960.0,25.0,0.0541970357298851,8e-05,0.11746041476726532,0.0
9961.0,9961.0,25.0,0.05293319746851921,8e-05,0.16368921101093292,0.0
9962.0,9962.0,25.0,0.05036246404051781,8e-05,0.10566196590662003,0.0
9963.0,9963.0,25.0,0.06735783815383911,8e-05,0.1393943428993225,0.0
9964.0,9964.0,25.0,0.05436951667070389,8e-05,0.17998863756656647,0.0
9965.0,9965.0,25.0,0.05667411535978317,8e-05,0.1107698604464531,0.0
9966.0,9966.0,25.0,0.04479293152689934,8e-05,0.09897267818450928,0.0
9967.0,9967.0,25.0,0.06020279973745346,8e-05,0.1863594949245453,0.0
9968.0,9968.0,25.0,0.07891528308391571,8e-05,0.10271712392568588,0.0
9969.0,9969.0,25.0,0.05866174399852753,8e-05,0.1761016845703125,0.0
9970.0,9970.0,25.0,0.061724722385406494,8e-05,0.06347308307886124,0.0
9971.0,9971.0,25.0,0.0670439749956131,8e-05,0.1264689713716507,0.0
9972.0,9972.0,25.0,0.0653034970164299,8e-05,0.09167302399873734,0.0
9973.0,9973.0,25.0,0.052220121026039124,8e-05,0.06963604688644409,0.0
9974.0,9974.0,25.0,0.06307562440633774,8e-05,0.13561172783374786,0.0
9975.0,9975.0,25.0,0.045971717685461044,8e-05,0.10774382203817368,0.0
9976.0,9976.0,25.0,0.05418187752366066,8e-05,0.138835608959198,0.0
9977.0,9977.0,25.0,0.05491276830434799,8e-05,0.114882692694664,0.0
9978.0,9978.0,25.0,0.055547118186950684,8e-05,0.16904518008232117,0.0
9979.0,9979.0,25.0,0.059414759278297424,8e-05,0.0783412903547287,0.0
9980.0,9980.0,25.0,0.06215372309088707,8e-05,0.13698938488960266,0.0
9981.0,9981.0,25.0,0.05814000219106674,8e-05,0.10348258167505264,0.0
9982.0,9982.0,25.0,0.054698921740055084,8e-05,0.08087477833032608,0.0
9983.0,9983.0,25.0,0.07522651553153992,8e-05,0.14251941442489624,0.0
9984.0,9984.0,25.0,0.05703582987189293,8e-05,0.16431903839111328,0.0
9985.0,9985.0,25.0,0.06154899671673775,8e-05,0.1141987293958664,0.0
9986.0,9986.0,25.0,0.06675338745117188,8e-05,0.1950477957725525,0.0
9987.0,9987.0,25.0,0.0536872074007988,8e-05,0.17090579867362976,0.0
9988.0,9988.0,25.0,0.050918564200401306,8e-05,0.155101016163826,0.0
9989.0,9989.0,25.0,0.05235878378152847,8e-05,0.14652612805366516,0.0
9990.0,9990.0,25.0,0.05605889856815338,8e-05,0.20179416239261627,0.0
9991.0,9991.0,25.0,0.0672130435705185,8e-05,0.1146412193775177,0.0
9992.0,9992.0,25.0,0.05733983591198921,8e-05,0.09898565709590912,0.0
9993.0,9993.0,25.0,0.05149253457784653,8e-05,0.16378574073314667,0.0
9994.0,9994.0,25.0,0.04707271605730057,8e-05,0.0699901133775711,0.0
9995.0,9995.0,25.0,0.046215277165174484,8e-05,0.15050813555717468,0.0
9996.0,9996.0,25.0,0.06168456748127937,8e-05,0.08881714940071106,0.0
9997.0,9997.0,25.0,0.05779363214969635,8e-05,0.1180015355348587,0.0
9998.0,9998.0,25.0,0.04340644180774689,8e-05,0.06910770386457443,0.0
9999.0,9999.0,25.0,0.06065881624817848,8e-05,0.09991545230150223,0.0
10000.0,10000.0,25.0,0.07279954850673676,8e-05,0.1323712319135666,0.0
10001.0,10001.0,25.0,0.06409816443920135,8e-05,0.09498129040002823,0.0
10002.0,10002.0,25.0,0.0538506880402565,8e-05,0.09104351699352264,0.0
10003.0,10003.0,25.0,0.049497056752443314,8e-05,0.09309304505586624,0.0
10004.0,10004.0,25.0,0.05854175239801407,8e-05,0.10009405761957169,0.0
10005.0,10005.0,25.0,0.06711544841527939,8e-05,0.12570220232009888,0.0
10006.0,10006.0,25.0,0.06049114465713501,8e-05,0.09708000719547272,0.0
10007.0,10007.0,25.0,0.05014443397521973,8e-05,0.0855005532503128,0.0
10008.0,10008.0,25.0,0.061680976301431656,8e-05,0.13703550398349762,0.0
10009.0,10009.0,25.0,0.05123503506183624,8e-05,0.09979184716939926,0.0
10010.0,10010.0,25.0,0.0556534007191658,8e-05,0.16804926097393036,0.0
10011.0,10011.0,25.0,0.04736979678273201,8e-05,0.12248557806015015,0.0
10012.0,10012.0,25.0,0.06738396733999252,8e-05,0.12969617545604706,0.0
10013.0,10013.0,25.0,0.04885818809270859,8e-05,0.1353762149810791,0.0
10014.0,10014.0,25.0,0.05729854851961136,8e-05,0.11521358042955399,0.0
10015.0,10015.0,25.0,0.0777026042342186,8e-05,0.15498638153076172,0.0
10016.0,10016.0,25.0,0.05333887040615082,8e-05,0.07774566859006882,0.0
10017.0,10017.0,25.0,0.048287633806467056,8e-05,0.15970444679260254,0.0
10018.0,10018.0,25.0,0.06717206537723541,8e-05,0.15271201729774475,0.0
10019.0,10019.0,25.0,0.07105626165866852,8e-05,0.09811030328273773,0.0
10020.0,10020.0,25.0,0.06104834005236626,8e-05,0.15897750854492188,0.0
10021.0,10021.0,25.0,0.049623310565948486,8e-05,0.13670356571674347,0.0
10022.0,10022.0,25.0,0.0647672712802887,8e-05,0.11041222512722015,0.0
10023.0,10023.0,25.0,0.048211466521024704,8e-05,0.13144654035568237,0.0
10024.0,10024.0,25.0,0.07048796862363815,8e-05,0.155785471200943,0.0
10025.0,10025.0,25.0,0.04816092923283577,8e-05,0.13683167099952698,0.0
10026.0,10026.0,25.0,0.05896994471549988,8e-05,0.15351547300815582,0.0
10027.0,10027.0,25.0,0.05438462272286415,8e-05,0.10219451785087585,0.0
10028.0,10028.0,25.0,0.06314919888973236,8e-05,0.15969841182231903,0.0
10029.0,10029.0,25.0,0.04706389456987381,8e-05,0.1152859702706337,0.0
10030.0,10030.0,25.0,0.050105296075344086,8e-05,0.06285601854324341,0.0
10031.0,10031.0,25.0,0.045882388949394226,8e-05,0.08109406381845474,0.0
10032.0,10032.0,25.0,0.0649016872048378,8e-05,0.08988597989082336,0.0
10033.0,10033.0,25.0,0.05521059036254883,8e-05,0.10410687327384949,0.0
10034.0,10034.0,25.0,0.052605196833610535,8e-05,0.08257804811000824,0.0
10035.0,10035.0,25.0,0.050487250089645386,8e-05,0.08366932719945908,0.0
10036.0,10036.0,25.0,0.059006720781326294,8e-05,0.05301401764154434,0.0
10037.0,10037.0,25.0,0.0631251335144043,8e-05,0.10836324095726013,0.0
10038.0,10038.0,25.0,0.046415381133556366,8e-05,0.09205897897481918,0.0
10039.0,10039.0,25.0,0.05756169557571411,8e-05,0.09824065864086151,0.0
10040.0,10040.0,25.0,0.04731708765029907,8e-05,0.12444183230400085,0.0
10041.0,10041.0,25.0,0.06556446850299835,8e-05,0.0842910036444664,0.0
10042.0,10042.0,25.0,0.05640028417110443,8e-05,0.11793636530637741,0.0
10043.0,10043.0,25.0,0.05952683463692665,8e-05,0.11953720450401306,0.0
10044.0,10044.0,25.0,0.06094953417778015,8e-05,0.0697861909866333,0.0
10045.0,10045.0,25.0,0.05602891370654106,8e-05,0.1774095743894577,0.0
10046.0,10046.0,25.0,0.06298231333494186,8e-05,0.08106901496648788,0.0
10047.0,10047.0,25.0,0.05389898270368576,8e-05,0.1901550590991974,0.0
10048.0,10048.0,25.0,0.05120871588587761,8e-05,0.11433093249797821,0.0
10049.0,10049.0,25.0,0.04288221895694733,8e-05,0.2038474678993225,0.0
10050.0,10050.0,25.0,0.06544052064418793,8e-05,0.14069700241088867,0.0
10051.0,10051.0,25.0,0.05326909199357033,8e-05,0.08348454535007477,0.0
10052.0,10052.0,25.0,0.05226139724254608,8e-05,0.16532544791698456,0.0
10053.0,10053.0,25.0,0.05468960478901863,8e-05,0.09108996391296387,0.0
10054.0,10054.0,25.0,0.052010826766490936,8e-05,0.11166670173406601,0.0
10055.0,10055.0,25.0,0.05532782897353172,8e-05,0.0920855849981308,0.0
10056.0,10056.0,25.0,0.054854683578014374,8e-05,0.07192707061767578,0.0
10057.0,10057.0,25.0,0.04934311658143997,8e-05,0.10284794121980667,0.0
10058.0,10058.0,25.0,0.06342741847038269,8e-05,0.10210147500038147,0.0
10059.0,10059.0,25.0,0.06207411736249924,8e-05,0.08767929673194885,0.0
10060.0,10060.0,25.0,0.0647083967924118,8e-05,0.10089435428380966,0.0
10061.0,10061.0,25.0,0.05207979679107666,8e-05,0.08138614147901535,0.0
10062.0,10062.0,25.0,0.056578073650598526,8e-05,0.08931680768728256,0.0
10063.0,10063.0,25.0,0.05630198121070862,8e-05,0.10214611887931824,0.0
10064.0,10064.0,25.0,0.052877478301525116,8e-05,0.11717350035905838,0.0
10065.0,10065.0,25.0,0.04963827133178711,8e-05,0.0577237568795681,0.0
10066.0,10066.0,25.0,0.05395102500915527,8e-05,0.12629546225070953,0.0
10067.0,10067.0,25.0,0.061008814722299576,8e-05,0.1049608439207077,0.0
10068.0,10068.0,25.0,0.052651308476924896,8e-05,0.07121604681015015,0.0
10069.0,10069.0,25.0,0.061346329748630524,8e-05,0.07154949754476547,0.0
10070.0,10070.0,25.0,0.05431440472602844,8e-05,0.12047836929559708,0.0
10071.0,10071.0,25.0,0.06750258058309555,8e-05,0.1075182855129242,0.0
10072.0,10072.0,25.0,0.04698629677295685,8e-05,0.10615149140357971,0.0
10073.0,10073.0,25.0,0.05680309981107712,8e-05,0.13752900063991547,0.0
10074.0,10074.0,25.0,0.06257035583257675,8e-05,0.11679694801568985,0.0
10075.0,10075.0,25.0,0.05177873373031616,8e-05,0.08996009826660156,0.0
10076.0,10076.0,25.0,0.04540451616048813,8e-05,0.10907848924398422,0.0
10077.0,10077.0,25.0,0.0632748231291771,8e-05,0.07235337048768997,0.0
10078.0,10078.0,25.0,0.054973047226667404,8e-05,0.0953046977519989,0.0
10079.0,10079.0,25.0,0.052116744220256805,8e-05,0.07259151339530945,0.0
10080.0,10080.0,25.0,0.052245259284973145,8e-05,0.055306870490312576,0.0
10081.0,10081.0,25.0,0.06642411649227142,8e-05,0.0936717540025711,0.0
10082.0,10082.0,25.0,0.05195330083370209,8e-05,0.10541821271181107,0.0
10083.0,10083.0,25.0,0.048784978687763214,8e-05,0.0625687837600708,0.0
10084.0,10084.0,25.0,0.06739869713783264,8e-05,0.08762051910161972,0.0
10085.0,10085.0,25.0,0.04397522285580635,8e-05,0.1258896440267563,0.0
10086.0,10086.0,25.0,0.0527442991733551,8e-05,0.13073492050170898,0.0
10087.0,10087.0,25.0,0.06485086679458618,8e-05,0.13507495820522308,0.0
10088.0,10088.0,25.0,0.05413588881492615,8e-05,0.1300601214170456,0.0
10089.0,10089.0,25.0,0.060470324009656906,8e-05,0.06405315548181534,0.0
10090.0,10090.0,25.0,0.056320350617170334,8e-05,0.09630811214447021,0.0
10091.0,10091.0,25.0,0.06293687224388123,8e-05,0.09392204135656357,0.0
10092.0,10092.0,25.0,0.0799676924943924,8e-05,0.0933837816119194,0.0
10093.0,10093.0,25.0,0.0639592781662941,8e-05,0.11621970683336258,0.0
10094.0,10094.0,25.0,0.05261814594268799,8e-05,0.07160285115242004,0.0
10095.0,10095.0,25.0,0.05674111098051071,8e-05,0.0875249132514,0.0
10096.0,10096.0,25.0,0.05249500274658203,8e-05,0.09376216679811478,0.0
10097.0,10097.0,25.0,0.07205300033092499,8e-05,0.09780409932136536,0.0
10098.0,10098.0,25.0,0.05783848464488983,8e-05,0.09885743260383606,0.0
10099.0,10099.0,25.0,0.06792747974395752,8e-05,0.08224324882030487,0.0
10100.0,10100.0,25.0,0.05781897157430649,8e-05,0.11180225759744644,0.0
10101.0,10101.0,25.0,0.07149152457714081,8e-05,0.11741730570793152,0.0
10102.0,10102.0,25.0,0.04872816056013107,8e-05,0.10387036949396133,0.0
10103.0,10103.0,25.0,0.05959650129079819,8e-05,0.12281175702810287,0.0
10104.0,10104.0,25.0,0.0518389530479908,8e-05,0.10695338249206543,0.0
10105.0,10105.0,25.0,0.05154383182525635,8e-05,0.1217171847820282,0.0
10106.0,10106.0,25.0,0.06531312316656113,8e-05,0.17052514851093292,0.0
10107.0,10107.0,25.0,0.05362021178007126,8e-05,0.1403106451034546,0.0
10108.0,10108.0,25.0,0.05693957954645157,8e-05,0.14054447412490845,0.0
10109.0,10109.0,25.0,0.05007317662239075,8e-05,0.11287495493888855,0.0
10110.0,10110.0,25.0,0.06080353260040283,8e-05,0.10559431463479996,0.0
10111.0,10111.0,25.0,0.04970252886414528,8e-05,0.17158813774585724,0.0
10112.0,10112.0,25.0,0.056918539106845856,8e-05,0.13805529475212097,0.0
10113.0,10113.0,25.0,0.06092192605137825,8e-05,0.15897753834724426,0.0
10114.0,10114.0,25.0,0.05677229166030884,8e-05,0.1126880869269371,0.0
10115.0,10115.0,25.0,0.05342239886522293,8e-05,0.21961824595928192,0.0
10116.0,10116.0,25.0,0.05640687420964241,8e-05,0.12124429643154144,0.0
10117.0,10117.0,25.0,0.06067819893360138,8e-05,0.12205532193183899,0.0
10118.0,10118.0,25.0,0.061380427330732346,8e-05,0.08832476288080215,0.0
10119.0,10119.0,25.0,0.06799694150686264,8e-05,0.09815453737974167,0.0
10120.0,10120.0,25.0,0.04171650484204292,8e-05,0.08103028684854507,0.0
10121.0,10121.0,25.0,0.0552455298602581,8e-05,0.11696598678827286,0.0
10122.0,10122.0,25.0,0.05246545746922493,8e-05,0.11892008781433105,0.0
10123.0,10123.0,25.0,0.05464908108115196,8e-05,0.10858013480901718,0.0
10124.0,10124.0,25.0,0.06963330507278442,8e-05,0.1627833992242813,0.0
10125.0,10125.0,25.0,0.04929614067077637,8e-05,0.10299781709909439,0.0
10126.0,10126.0,25.0,0.048673514276742935,8e-05,0.10994039475917816,0.0
10127.0,10127.0,25.0,0.06734277307987213,8e-05,0.1533050388097763,0.0
10128.0,10128.0,25.0,0.06900034844875336,8e-05,0.10020608454942703,0.0
10129.0,10129.0,25.0,0.05954762548208237,8e-05,0.14684206247329712,0.0
10130.0,10130.0,25.0,0.05725168436765671,8e-05,0.12577904760837555,0.0
10131.0,10131.0,25.0,0.053925421088933945,8e-05,0.1474280059337616,0.0
10132.0,10132.0,25.0,0.04890882223844528,8e-05,0.13168855011463165,0.0
10133.0,10133.0,25.0,0.05887184292078018,8e-05,0.1566316783428192,0.0
10134.0,10134.0,25.0,0.05737902224063873,8e-05,0.1860080063343048,0.0
10135.0,10135.0,25.0,0.06544142961502075,8e-05,0.1030210629105568,0.0
10136.0,10136.0,25.0,0.07223521173000336,8e-05,0.14851731061935425,0.0
10137.0,10137.0,25.0,0.04138978198170662,8e-05,0.13569456338882446,0.0
10138.0,10138.0,25.0,0.04960901290178299,8e-05,0.08863794803619385,0.0
10139.0,10139.0,25.0,0.06589194387197495,8e-05,0.1957167387008667,0.0
10140.0,10140.0,25.0,0.052552878856658936,8e-05,0.09702630341053009,0.0
10141.0,10141.0,26.0,0.05593262240290642,8e-05,0.10372953116893768,0.0
10142.0,10142.0,26.0,0.04672008007764816,8e-05,0.16893494129180908,0.0
10143.0,10143.0,26.0,0.058576665818691254,8e-05,0.07662471383810043,0.0
10144.0,10144.0,26.0,0.056483179330825806,8e-05,0.10598617047071457,0.0
10145.0,10145.0,26.0,0.05217578262090683,8e-05,0.14032067358493805,0.0
10146.0,10146.0,26.0,0.06155233085155487,8e-05,0.06747159361839294,0.0
10147.0,10147.0,26.0,0.06460224837064743,8e-05,0.11673011630773544,0.0
10148.0,10148.0,26.0,0.0641455203294754,8e-05,0.07573031634092331,0.0
10149.0,10149.0,26.0,0.06231817230582237,8e-05,0.0880366787314415,0.0
10150.0,10150.0,26.0,0.05799192190170288,8e-05,0.06914317607879639,0.0
10151.0,10151.0,26.0,0.049789007753133774,8e-05,0.05951753258705139,0.0
10152.0,10152.0,26.0,0.057717643678188324,8e-05,0.08040856570005417,0.0
10153.0,10153.0,26.0,0.04614705964922905,8e-05,0.09962286800146103,0.0
10154.0,10154.0,26.0,0.06018257886171341,8e-05,0.09034466743469238,0.0
10155.0,10155.0,26.0,0.05596461147069931,8e-05,0.09186768531799316,0.0
10156.0,10156.0,26.0,0.06284767389297485,8e-05,0.09990165382623672,0.0
10157.0,10157.0,26.0,0.0570216104388237,8e-05,0.13235579431056976,0.0
10158.0,10158.0,26.0,0.06816507875919342,8e-05,0.11935418844223022,0.0
10159.0,10159.0,26.0,0.053204502910375595,8e-05,0.09052997827529907,0.0
10160.0,10160.0,26.0,0.06097310408949852,8e-05,0.11345767229795456,0.0
10161.0,10161.0,26.0,0.0493505522608757,8e-05,0.1107536107301712,0.0
10162.0,10162.0,26.0,0.06773530691862106,8e-05,0.0745493620634079,0.0
10163.0,10163.0,26.0,0.06489476561546326,8e-05,0.07887927442789078,0.0
10164.0,10164.0,26.0,0.055446807295084,8e-05,0.14078311622142792,0.0
10165.0,10165.0,26.0,0.05647993087768555,8e-05,0.06361863762140274,0.0
10166.0,10166.0,26.0,0.05645376443862915,8e-05,0.06838424503803253,0.0
10167.0,10167.0,26.0,0.06059567630290985,8e-05,0.12496095895767212,0.0
10168.0,10168.0,26.0,0.06101254001259804,8e-05,0.13395556807518005,0.0
10169.0,10169.0,26.0,0.05606570839881897,8e-05,0.16930830478668213,0.0
10170.0,10170.0,26.0,0.061304736882448196,8e-05,0.08250611275434494,0.0
10171.0,10171.0,26.0,0.057015612721443176,8e-05,0.10896766185760498,0.0
10172.0,10172.0,26.0,0.06217602640390396,8e-05,0.10585133731365204,0.0
10173.0,10173.0,26.0,0.051086924970149994,8e-05,0.10589870065450668,0.0
10174.0,10174.0,26.0,0.052719347178936005,8e-05,0.06842537969350815,0.0
10175.0,10175.0,26.0,0.06690490245819092,8e-05,0.12811249494552612,0.0
10176.0,10176.0,26.0,0.055870864540338516,8e-05,0.09800664335489273,0.0
10177.0,10177.0,26.0,0.07673831284046173,8e-05,0.17023156583309174,0.0
10178.0,10178.0,26.0,0.056042104959487915,8e-05,0.12330985814332962,0.0
10179.0,10179.0,26.0,0.05170067027211189,8e-05,0.11072270572185516,0.0
10180.0,10180.0,26.0,0.04613914340734482,8e-05,0.1699153333902359,0.0
10181.0,10181.0,26.0,0.04787576198577881,8e-05,0.08128461241722107,0.0
10182.0,10182.0,26.0,0.05481492727994919,8e-05,0.14229637384414673,0.0
10183.0,10183.0,26.0,0.0688493400812149,8e-05,0.11373823136091232,0.0
10184.0,10184.0,26.0,0.05018134042620659,8e-05,0.05228332802653313,0.0
10185.0,10185.0,26.0,0.059147536754608154,8e-05,0.17003534734249115,0.0
10186.0,10186.0,26.0,0.05942732095718384,8e-05,0.07976964116096497,0.0
10187.0,10187.0,26.0,0.05554848164319992,8e-05,0.11281461268663406,0.0
10188.0,10188.0,26.0,0.07189151644706726,8e-05,0.10591066628694534,0.0
10189.0,10189.0,26.0,0.05036456137895584,8e-05,0.09836162626743317,0.0
10190.0,10190.0,26.0,0.0521015040576458,8e-05,0.05978979542851448,0.0
10191.0,10191.0,26.0,0.06107433885335922,8e-05,0.15272840857505798,0.0
10192.0,10192.0,26.0,0.05951719358563423,8e-05,0.13855773210525513,0.0
10193.0,10193.0,26.0,0.05512266978621483,8e-05,0.10393758118152618,0.0
10194.0,10194.0,26.0,0.06971371173858643,8e-05,0.12315043807029724,0.0
10195.0,10195.0,26.0,0.05628141015768051,8e-05,0.07215370982885361,0.0
10196.0,10196.0,26.0,0.0462169349193573,8e-05,0.07177886366844177,0.0
10197.0,10197.0,26.0,0.06418947130441666,8e-05,0.08960548788309097,0.0
10198.0,10198.0,26.0,0.061179351061582565,8e-05,0.11035618185997009,0.0
10199.0,10199.0,26.0,0.04645134508609772,8e-05,0.10838505625724792,0.0
10200.0,10200.0,26.0,0.07259712368249893,8e-05,0.06346743553876877,0.0
10201.0,10201.0,26.0,0.05429042503237724,8e-05,0.10601424425840378,0.0
10202.0,10202.0,26.0,0.06165747344493866,8e-05,0.08089221268892288,0.0
10203.0,10203.0,26.0,0.06134023144841194,8e-05,0.10599209368228912,0.0
10204.0,10204.0,26.0,0.049711935222148895,8e-05,0.08204720914363861,0.0
10205.0,10205.0,26.0,0.06404010951519012,8e-05,0.11144432425498962,0.0
10206.0,10206.0,26.0,0.07701412588357925,8e-05,0.1115117147564888,0.0
10207.0,10207.0,26.0,0.053703486919403076,8e-05,0.11857666075229645,0.0
10208.0,10208.0,26.0,0.05976409837603569,8e-05,0.13341467082500458,0.0
10209.0,10209.0,26.0,0.06013938784599304,8e-05,0.09713423252105713,0.0
10210.0,10210.0,26.0,0.0594789981842041,8e-05,0.10177754610776901,0.0
10211.0,10211.0,26.0,0.05801086872816086,8e-05,0.099375881254673,0.0
10212.0,10212.0,26.0,0.06824229657649994,8e-05,0.1358058899641037,0.0
10213.0,10213.0,26.0,0.05280175805091858,8e-05,0.06927119940519333,0.0
10214.0,10214.0,26.0,0.08096615225076675,8e-05,0.15460829436779022,0.0
10215.0,10215.0,26.0,0.050435926765203476,8e-05,0.09497255086898804,0.0
10216.0,10216.0,26.0,0.06362339854240417,8e-05,0.09510143846273422,0.0
10217.0,10217.0,26.0,0.04807846620678902,8e-05,0.09942352771759033,0.0
10218.0,10218.0,26.0,0.056157585233449936,8e-05,0.09673776477575302,0.0
10219.0,10219.0,26.0,0.0451994314789772,8e-05,0.07335226982831955,0.0
10220.0,10220.0,26.0,0.058332473039627075,8e-05,0.10902619361877441,0.0
10221.0,10221.0,26.0,0.059973280876874924,8e-05,0.11819928139448166,0.0
10222.0,10222.0,26.0,0.07328992336988449,8e-05,0.08750013262033463,0.0
10223.0,10223.0,26.0,0.06771031022071838,8e-05,0.08712062239646912,0.0
10224.0,10224.0,26.0,0.055123619735240936,8e-05,0.09316461533308029,0.0
10225.0,10225.0,26.0,0.059126973152160645,8e-05,0.07467963546514511,0.0
10226.0,10226.0,26.0,0.060566216707229614,8e-05,0.09477414190769196,0.0
10227.0,10227.0,26.0,0.04708316549658775,8e-05,0.08116278797388077,0.0
10228.0,10228.0,26.0,0.047822825610637665,8e-05,0.05968541279435158,0.0
10229.0,10229.0,26.0,0.06388361752033234,8e-05,0.16026367247104645,0.0
10230.0,10230.0,26.0,0.05759694427251816,8e-05,0.09911774843931198,0.0
10231.0,10231.0,26.0,0.04907367378473282,8e-05,0.1108446940779686,0.0
10232.0,10232.0,26.0,0.05349264293909073,8e-05,0.14319685101509094,0.0
10233.0,10233.0,26.0,0.046176470816135406,8e-05,0.05459041893482208,0.0
10234.0,10234.0,26.0,0.04610487446188927,8e-05,0.11221656203269958,0.0
10235.0,10235.0,26.0,0.05555674806237221,8e-05,0.09447155147790909,0.0
10236.0,10236.0,26.0,0.054215654730796814,8e-05,0.08130696415901184,0.0
10237.0,10237.0,26.0,0.04953286796808243,8e-05,0.09617328643798828,0.0
10238.0,10238.0,26.0,0.05485115200281143,8e-05,0.17311279475688934,0.0
10239.0,10239.0,26.0,0.06171589344739914,8e-05,0.09108991920948029,0.0
10240.0,10240.0,26.0,0.070302814245224,8e-05,0.16513602435588837,0.0
10241.0,10241.0,26.0,0.06963033229112625,8e-05,0.121307373046875,0.0
10242.0,10242.0,26.0,0.06548891961574554,8e-05,0.11100474745035172,0.0
10243.0,10243.0,26.0,0.053206898272037506,8e-05,0.11536172032356262,0.0
10244.0,10244.0,26.0,0.06589118391275406,8e-05,0.14126721024513245,0.0
10245.0,10245.0,26.0,0.054416440427303314,8e-05,0.10642479360103607,0.0
10246.0,10246.0,26.0,0.06434643268585205,8e-05,0.13491269946098328,0.0
10247.0,10247.0,26.0,0.06567461043596268,8e-05,0.10208705812692642,0.0
10248.0,10248.0,26.0,0.05435488373041153,8e-05,0.10688899457454681,0.0
10249.0,10249.0,26.0,0.05094609037041664,8e-05,0.09934308379888535,0.0
10250.0,10250.0,26.0,0.05762103572487831,8e-05,0.15394259989261627,0.0
10251.0,10251.0,26.0,0.05500722676515579,8e-05,0.15851108729839325,0.0
10252.0,10252.0,26.0,0.05867612361907959,8e-05,0.09703949093818665,0.0
10253.0,10253.0,26.0,0.05740518122911453,8e-05,0.1306217908859253,0.0
10254.0,10254.0,26.0,0.052651192992925644,8e-05,0.17841185629367828,0.0
10255.0,10255.0,26.0,0.05503787472844124,8e-05,0.16469334065914154,0.0
10256.0,10256.0,26.0,0.058648452162742615,8e-05,0.09084373712539673,0.0
10257.0,10257.0,26.0,0.04660666733980179,8e-05,0.21154089272022247,0.0
10258.0,10258.0,26.0,0.05056005343794823,8e-05,0.16178829967975616,0.0
10259.0,10259.0,26.0,0.051681749522686005,8e-05,0.1794033944606781,0.0
10260.0,10260.0,26.0,0.057194337248802185,8e-05,0.09652850031852722,0.0
10261.0,10261.0,26.0,0.06384150683879852,8e-05,0.09897632896900177,0.0
10262.0,10262.0,26.0,0.05246448889374733,8e-05,0.10218366980552673,0.0
10263.0,10263.0,26.0,0.05638696625828743,8e-05,0.0768388882279396,0.0
10264.0,10264.0,26.0,0.05222531408071518,8e-05,0.13048622012138367,0.0
10265.0,10265.0,26.0,0.06340880692005157,8e-05,0.1166069507598877,0.0
10266.0,10266.0,26.0,0.05981828272342682,8e-05,0.11625057458877563,0.0
10267.0,10267.0,26.0,0.05952686443924904,8e-05,0.11366083472967148,0.0
10268.0,10268.0,26.0,0.0579388365149498,8e-05,0.13647668063640594,0.0
10269.0,10269.0,26.0,0.053921524435281754,8e-05,0.14234338700771332,0.0
10270.0,10270.0,26.0,0.04845665395259857,8e-05,0.1380455642938614,0.0
10271.0,10271.0,26.0,0.05333833396434784,8e-05,0.18356555700302124,0.0
10272.0,10272.0,26.0,0.04332038015127182,8e-05,0.06796155869960785,0.0
10273.0,10273.0,26.0,0.05075472965836525,8e-05,0.08657295256853104,0.0
10274.0,10274.0,26.0,0.0625625029206276,8e-05,0.14453813433647156,0.0
10275.0,10275.0,26.0,0.056914322078228,8e-05,0.08082372695207596,0.0
10276.0,10276.0,26.0,0.059757769107818604,8e-05,0.1134781464934349,0.0
10277.0,10277.0,26.0,0.05117876082658768,8e-05,0.13560223579406738,0.0
10278.0,10278.0,26.0,0.05803618207573891,8e-05,0.08336185663938522,0.0
10279.0,10279.0,26.0,0.04237320274114609,8e-05,0.1110370084643364,0.0
10280.0,10280.0,26.0,0.06234036386013031,8e-05,0.08869575709104538,0.0
10281.0,10281.0,26.0,0.053125496953725815,8e-05,0.11019382625818253,0.0
10282.0,10282.0,26.0,0.05535940080881119,8e-05,0.08766345679759979,0.0
10283.0,10283.0,26.0,0.062061458826065063,8e-05,0.10218983888626099,0.0
10284.0,10284.0,26.0,0.06957653164863586,8e-05,0.11346648633480072,0.0
10285.0,10285.0,26.0,0.05747220292687416,8e-05,0.09503236413002014,0.0
10286.0,10286.0,26.0,0.0531478226184845,8e-05,0.10258768498897552,0.0
10287.0,10287.0,26.0,0.04629003256559372,8e-05,0.08273860812187195,0.0
10288.0,10288.0,26.0,0.04414297640323639,8e-05,0.05672869831323624,0.0
10289.0,10289.0,26.0,0.060660719871520996,8e-05,0.08695241063833237,0.0
10290.0,10290.0,26.0,0.04702635854482651,8e-05,0.1247510015964508,0.0
10291.0,10291.0,26.0,0.055225174874067307,8e-05,0.062000252306461334,0.0
10292.0,10292.0,26.0,0.06086711585521698,8e-05,0.10005700588226318,0.0
10293.0,10293.0,26.0,0.048461124300956726,8e-05,0.08377593010663986,0.0
10294.0,10294.0,26.0,0.06230412796139717,8e-05,0.08531530201435089,0.0
10295.0,10295.0,26.0,0.05285954475402832,8e-05,0.09162718057632446,0.0
10296.0,10296.0,26.0,0.06606724113225937,8e-05,0.11631858348846436,0.0
10297.0,10297.0,26.0,0.06246501952409744,8e-05,0.12159115076065063,0.0
10298.0,10298.0,26.0,0.04835726320743561,8e-05,0.0955742597579956,0.0
10299.0,10299.0,26.0,0.05555165559053421,8e-05,0.13303469121456146,0.0
10300.0,10300.0,26.0,0.07045610249042511,8e-05,0.15023517608642578,0.0
10301.0,10301.0,26.0,0.06334779411554337,8e-05,0.12067857384681702,0.0
10302.0,10302.0,26.0,0.07027995586395264,8e-05,0.1255146712064743,0.0
10303.0,10303.0,26.0,0.05179153382778168,8e-05,0.07675335556268692,0.0
10304.0,10304.0,26.0,0.04730242118239403,8e-05,0.07522639632225037,0.0
10305.0,10305.0,26.0,0.050286516547203064,8e-05,0.11352355033159256,0.0
10306.0,10306.0,26.0,0.05158305913209915,8e-05,0.0799182653427124,0.0
10307.0,10307.0,26.0,0.08685991168022156,8e-05,0.10651995986700058,0.0
10308.0,10308.0,26.0,0.06415688991546631,8e-05,0.07214964926242828,0.0
10309.0,10309.0,26.0,0.046237729489803314,8e-05,0.06619895249605179,0.0
10310.0,10310.0,26.0,0.05799856781959534,8e-05,0.08928893506526947,0.0
10311.0,10311.0,26.0,0.052232105284929276,8e-05,0.08381793648004532,0.0
10312.0,10312.0,26.0,0.05319315195083618,8e-05,0.07661999762058258,0.0
10313.0,10313.0,26.0,0.06989474594593048,8e-05,0.07373028248548508,0.0
10314.0,10314.0,26.0,0.05630089342594147,8e-05,0.07772591710090637,0.0
10315.0,10315.0,26.0,0.06133781000971794,8e-05,0.10204027593135834,0.0
10316.0,10316.0,26.0,0.06837508082389832,8e-05,0.09212574362754822,0.0
10317.0,10317.0,26.0,0.06648244708776474,8e-05,0.12456610053777695,0.0
10318.0,10318.0,26.0,0.05908985808491707,8e-05,0.11985465884208679,0.0
10319.0,10319.0,26.0,0.055944520980119705,8e-05,0.1373443305492401,0.0
10320.0,10320.0,26.0,0.05438172072172165,8e-05,0.10244982689619064,0.0
10321.0,10321.0,26.0,0.0684489905834198,8e-05,0.1280117928981781,0.0
10322.0,10322.0,26.0,0.05416962131857872,8e-05,0.0932667925953865,0.0
10323.0,10323.0,26.0,0.05567227676510811,8e-05,0.09637002646923065,0.0
10324.0,10324.0,26.0,0.052732259035110474,8e-05,0.07297762483358383,0.0
10325.0,10325.0,26.0,0.05815676227211952,8e-05,0.12646614015102386,0.0
10326.0,10326.0,26.0,0.07380226999521255,8e-05,0.10739122331142426,0.0
10327.0,10327.0,26.0,0.04816035181283951,8e-05,0.11114133894443512,0.0
10328.0,10328.0,26.0,0.05639498680830002,8e-05,0.19966861605644226,0.0
10329.0,10329.0,26.0,0.0585530586540699,8e-05,0.06671489030122757,0.0
10330.0,10330.0,26.0,0.06265412271022797,8e-05,0.19336383044719696,0.0
10331.0,10331.0,26.0,0.05638132244348526,8e-05,0.11568770557641983,0.0
10332.0,10332.0,26.0,0.046943970024585724,8e-05,0.16342759132385254,0.0
10333.0,10333.0,26.0,0.049571435898542404,8e-05,0.20122070610523224,0.0
10334.0,10334.0,26.0,0.05033343285322189,8e-05,0.1201600581407547,0.0
10335.0,10335.0,26.0,0.06055845692753792,8e-05,0.12007373571395874,0.0
10336.0,10336.0,26.0,0.05071305111050606,8e-05,0.15543541312217712,0.0
10337.0,10337.0,26.0,0.05738658085465431,8e-05,0.13148723542690277,0.0
10338.0,10338.0,26.0,0.05815262719988823,8e-05,0.10147806257009506,0.0
10339.0,10339.0,26.0,0.06159265339374542,8e-05,0.199986070394516,0.0
10340.0,10340.0,26.0,0.06358498334884644,8e-05,0.10646234452724457,0.0
10341.0,10341.0,26.0,0.045391857624053955,8e-05,0.13265036046504974,0.0
10342.0,10342.0,26.0,0.06950049102306366,8e-05,0.1745399683713913,0.0
10343.0,10343.0,26.0,0.06286749243736267,8e-05,0.08872662484645844,0.0
10344.0,10344.0,26.0,0.07246401160955429,8e-05,0.14165568351745605,0.0
10345.0,10345.0,26.0,0.06616271287202835,8e-05,0.13466130197048187,0.0
10346.0,10346.0,26.0,0.05692855268716812,8e-05,0.12606613337993622,0.0
10347.0,10347.0,26.0,0.05251285433769226,8e-05,0.10504566878080368,0.0
10348.0,10348.0,26.0,0.05183457210659981,8e-05,0.12412839382886887,0.0
10349.0,10349.0,26.0,0.05332813411951065,8e-05,0.12077310681343079,0.0
10350.0,10350.0,26.0,0.04830676317214966,8e-05,0.14403842389583588,0.0
10351.0,10351.0,26.0,0.06397684663534164,8e-05,0.10287535190582275,0.0
10352.0,10352.0,26.0,0.052382923662662506,8e-05,0.09807124733924866,0.0
10353.0,10353.0,26.0,0.0653458759188652,8e-05,0.13163234293460846,0.0
10354.0,10354.0,26.0,0.05636591836810112,8e-05,0.08587706834077835,0.0
10355.0,10355.0,26.0,0.05322101712226868,8e-05,0.1233476996421814,0.0
10356.0,10356.0,26.0,0.04547663778066635,8e-05,0.10925089567899704,0.0
10357.0,10357.0,26.0,0.05671479552984238,8e-05,0.11693934351205826,0.0
10358.0,10358.0,26.0,0.057703226804733276,8e-05,0.0914437547326088,0.0
10359.0,10359.0,26.0,0.06569266319274902,8e-05,0.16704361140727997,0.0
10360.0,10360.0,26.0,0.06865128874778748,8e-05,0.13467690348625183,0.0
10361.0,10361.0,26.0,0.05093991756439209,8e-05,0.14513008296489716,0.0
10362.0,10362.0,26.0,0.045798785984516144,8e-05,0.22166089713573456,0.0
10363.0,10363.0,26.0,0.0693977028131485,8e-05,0.13482606410980225,0.0
10364.0,10364.0,26.0,0.06094206124544144,8e-05,0.13682971894741058,0.0
10365.0,10365.0,26.0,0.05499812960624695,8e-05,0.23551274836063385,0.0
10366.0,10366.0,26.0,0.057363178580999374,8e-05,0.060644444078207016,0.0
10367.0,10367.0,26.0,0.055614322423934937,8e-05,0.15596342086791992,0.0
10368.0,10368.0,26.0,0.06252416968345642,8e-05,0.13552649319171906,0.0
10369.0,10369.0,26.0,0.06745046377182007,8e-05,0.15248140692710876,0.0
10370.0,10370.0,26.0,0.07183875143527985,8e-05,0.08397996425628662,0.0
10371.0,10371.0,26.0,0.05341976881027222,8e-05,0.09008438885211945,0.0
10372.0,10372.0,26.0,0.05891071632504463,8e-05,0.10462761670351028,0.0
10373.0,10373.0,26.0,0.0740915834903717,8e-05,0.09662476181983948,0.0
10374.0,10374.0,26.0,0.06471322476863861,8e-05,0.08592113107442856,0.0
10375.0,10375.0,26.0,0.06252097338438034,8e-05,0.1594373732805252,0.0
10376.0,10376.0,26.0,0.04626128450036049,8e-05,0.06770943850278854,0.0
10377.0,10377.0,26.0,0.04579170420765877,8e-05,0.14642678201198578,0.0
10378.0,10378.0,26.0,0.05583834648132324,8e-05,0.13188724219799042,0.0
10379.0,10379.0,26.0,0.05589049309492111,8e-05,0.06375551968812943,0.0
10380.0,10380.0,26.0,0.046983640640974045,8e-05,0.11132636666297913,0.0
10381.0,10381.0,26.0,0.05602037161588669,8e-05,0.08763285726308823,0.0
10382.0,10382.0,26.0,0.05661511793732643,8e-05,0.09770087897777557,0.0
10383.0,10383.0,26.0,0.06648564338684082,8e-05,0.07481453567743301,0.0
10384.0,10384.0,26.0,0.06785742938518524,8e-05,0.06569070369005203,0.0
10385.0,10385.0,26.0,0.05802995711565018,8e-05,0.11118674278259277,0.0
10386.0,10386.0,26.0,0.05896255373954773,8e-05,0.07928422093391418,0.0
10387.0,10387.0,26.0,0.05943705514073372,8e-05,0.12473932653665543,0.0
10388.0,10388.0,26.0,0.049620162695646286,8e-05,0.09368812292814255,0.0
10389.0,10389.0,26.0,0.06007993966341019,8e-05,0.11382704973220825,0.0
10390.0,10390.0,26.0,0.05908035486936569,8e-05,0.07603628933429718,0.0
10391.0,10391.0,26.0,0.06457512080669403,8e-05,0.1319037228822708,0.0
10392.0,10392.0,26.0,0.07003514468669891,8e-05,0.08586492389440536,0.0
10393.0,10393.0,26.0,0.06485134363174438,8e-05,0.09166983515024185,0.0
10394.0,10394.0,26.0,0.06722128391265869,8e-05,0.11842747777700424,0.0
10395.0,10395.0,26.0,0.05424012243747711,8e-05,0.16086140275001526,0.0
10396.0,10396.0,26.0,0.05959302559494972,8e-05,0.07810361683368683,0.0
10397.0,10397.0,26.0,0.05914607644081116,8e-05,0.1266990303993225,0.0
10398.0,10398.0,26.0,0.05151805281639099,8e-05,0.09062850475311279,0.0
10399.0,10399.0,26.0,0.0660785362124443,8e-05,0.1093830019235611,0.0
10400.0,10400.0,26.0,0.0722612589597702,8e-05,0.10918183624744415,0.0
10401.0,10401.0,26.0,0.08220461755990982,8e-05,0.10746628046035767,0.0
10402.0,10402.0,26.0,0.05986141040921211,8e-05,0.17788180708885193,0.0
10403.0,10403.0,26.0,0.062668576836586,8e-05,0.0798974484205246,0.0
10404.0,10404.0,26.0,0.05654807388782501,8e-05,0.10818056017160416,0.0
10405.0,10405.0,26.0,0.04967591166496277,8e-05,0.14767420291900635,0.0
10406.0,10406.0,26.0,0.043143581598997116,8e-05,0.06997867673635483,0.0
10407.0,10407.0,26.0,0.061130721122026443,8e-05,0.1422421932220459,0.0
10408.0,10408.0,26.0,0.06545816361904144,8e-05,0.12589943408966064,0.0
10409.0,10409.0,26.0,0.0745134949684143,8e-05,0.1246342882514,0.0
10410.0,10410.0,26.0,0.04357267916202545,8e-05,0.14596688747406006,0.0
10411.0,10411.0,26.0,0.05570486560463905,8e-05,0.10511704534292221,0.0
10412.0,10412.0,26.0,0.054474569857120514,8e-05,0.12438428401947021,0.0
10413.0,10413.0,26.0,0.055018212646245956,8e-05,0.08261286467313766,0.0
10414.0,10414.0,26.0,0.052832379937171936,8e-05,0.15769851207733154,0.0
10415.0,10415.0,26.0,0.04281181842088699,8e-05,0.0716145783662796,0.0
10416.0,10416.0,26.0,0.05470101535320282,8e-05,0.14871014654636383,0.0
10417.0,10417.0,26.0,0.04706763103604317,8e-05,0.07725869864225388,0.0
10418.0,10418.0,26.0,0.06712757050991058,8e-05,0.14636527001857758,0.0
10419.0,10419.0,26.0,0.0591852068901062,8e-05,0.12714631855487823,0.0
10420.0,10420.0,26.0,0.05182850360870361,8e-05,0.11529912799596786,0.0
10421.0,10421.0,26.0,0.06258904933929443,8e-05,0.11340274661779404,0.0
10422.0,10422.0,26.0,0.06288586556911469,8e-05,0.09006370604038239,0.0
10423.0,10423.0,26.0,0.07697317004203796,8e-05,0.1042117178440094,0.0
10424.0,10424.0,26.0,0.061508264392614365,8e-05,0.07760409265756607,0.0
10425.0,10425.0,26.0,0.060509584844112396,8e-05,0.09428191930055618,0.0
10426.0,10426.0,26.0,0.049336742609739304,8e-05,0.10889402776956558,0.0
10427.0,10427.0,26.0,0.05414653569459915,8e-05,0.10328185558319092,0.0
10428.0,10428.0,26.0,0.057578034698963165,8e-05,0.10089144855737686,0.0
10429.0,10429.0,26.0,0.06831151992082596,8e-05,0.13385087251663208,0.0
10430.0,10430.0,26.0,0.05948583036661148,8e-05,0.11647887527942657,0.0
10431.0,10431.0,26.0,0.045971035957336426,8e-05,0.09592367708683014,0.0
10432.0,10432.0,26.0,0.05518055334687233,8e-05,0.10167757421731949,0.0
10433.0,10433.0,26.0,0.05161413550376892,8e-05,0.10385656356811523,0.0
10434.0,10434.0,26.0,0.051962219178676605,8e-05,0.08419802784919739,0.0
10435.0,10435.0,26.0,0.055999819189310074,8e-05,0.15425807237625122,0.0
10436.0,10436.0,26.0,0.05430619418621063,8e-05,0.1032211035490036,0.0
10437.0,10437.0,26.0,0.05985545739531517,8e-05,0.09496503323316574,0.0
10438.0,10438.0,26.0,0.052568089216947556,8e-05,0.1504986733198166,0.0
10439.0,10439.0,26.0,0.05894220620393753,8e-05,0.11013317108154297,0.0
10440.0,10440.0,26.0,0.05447075515985489,8e-05,0.07792214304208755,0.0
10441.0,10441.0,26.0,0.06841649115085602,8e-05,0.12503954768180847,0.0
10442.0,10442.0,26.0,0.06602168828248978,8e-05,0.1247631162405014,0.0
10443.0,10443.0,26.0,0.05630810558795929,8e-05,0.12436071038246155,0.0
10444.0,10444.0,26.0,0.06954294443130493,8e-05,0.09372083097696304,0.0
10445.0,10445.0,26.0,0.06394315510988235,8e-05,0.07102105766534805,0.0
10446.0,10446.0,26.0,0.0511089488863945,8e-05,0.06747198849916458,0.0
10447.0,10447.0,26.0,0.05722394958138466,8e-05,0.10717369616031647,0.0
10448.0,10448.0,26.0,0.06249503046274185,8e-05,0.06378402560949326,0.0
10449.0,10449.0,26.0,0.05472170561552048,8e-05,0.1501440703868866,0.0
10450.0,10450.0,26.0,0.061643537133932114,8e-05,0.09946822375059128,0.0
10451.0,10451.0,26.0,0.049858301877975464,8e-05,0.15186087787151337,0.0
10452.0,10452.0,26.0,0.05370093137025833,8e-05,0.07456298917531967,0.0
10453.0,10453.0,26.0,0.049100521951913834,8e-05,0.10072267800569534,0.0
10454.0,10454.0,26.0,0.07285010814666748,8e-05,0.1411525309085846,0.0
10455.0,10455.0,26.0,0.061782386153936386,8e-05,0.1025986298918724,0.0
10456.0,10456.0,26.0,0.05801164358854294,8e-05,0.14450855553150177,0.0
10457.0,10457.0,26.0,0.05991555005311966,8e-05,0.13439176976680756,0.0
10458.0,10458.0,26.0,0.05297728627920151,8e-05,0.07183164358139038,0.0
10459.0,10459.0,26.0,0.05532645061612129,8e-05,0.13281573355197906,0.0
10460.0,10460.0,26.0,0.05600179731845856,8e-05,0.08099434524774551,0.0
10461.0,10461.0,26.0,0.06155220791697502,8e-05,0.14191687107086182,0.0
10462.0,10462.0,26.0,0.06379246711730957,8e-05,0.08870242536067963,0.0
10463.0,10463.0,26.0,0.053779296576976776,8e-05,0.10887809097766876,0.0
10464.0,10464.0,26.0,0.04630497097969055,8e-05,0.0659576952457428,0.0
10465.0,10465.0,26.0,0.04981924220919609,8e-05,0.056748855859041214,0.0
10466.0,10466.0,26.0,0.04215669631958008,8e-05,0.09655716270208359,0.0
10467.0,10467.0,26.0,0.053082991391420364,8e-05,0.10218100249767303,0.0
10468.0,10468.0,26.0,0.061405424028635025,8e-05,0.08480372279882431,0.0
10469.0,10469.0,26.0,0.056447193026542664,8e-05,0.0944799855351448,0.0
10470.0,10470.0,26.0,0.05519518628716469,8e-05,0.09690117090940475,0.0
10471.0,10471.0,26.0,0.0483216755092144,8e-05,0.08518631756305695,0.0
10472.0,10472.0,26.0,0.05304335057735443,8e-05,0.12916098535060883,0.0
10473.0,10473.0,26.0,0.06292864680290222,8e-05,0.06125930696725845,0.0
10474.0,10474.0,26.0,0.06256924569606781,8e-05,0.16788871586322784,0.0
10475.0,10475.0,26.0,0.05498221516609192,8e-05,0.11832485347986221,0.0
10476.0,10476.0,26.0,0.0615578331053257,8e-05,0.09273630380630493,0.0
10477.0,10477.0,26.0,0.06619369238615036,8e-05,0.08762513846158981,0.0
10478.0,10478.0,26.0,0.056499168276786804,8e-05,0.07998764514923096,0.0
10479.0,10479.0,26.0,0.06020331382751465,8e-05,0.14542211592197418,0.0
10480.0,10480.0,26.0,0.06682626157999039,8e-05,0.13898512721061707,0.0
10481.0,10481.0,26.0,0.05255824327468872,8e-05,0.07811035960912704,0.0
10482.0,10482.0,26.0,0.06801183521747589,8e-05,0.12295113503932953,0.0
10483.0,10483.0,26.0,0.05253124237060547,8e-05,0.1315488964319229,0.0
10484.0,10484.0,26.0,0.06000673770904541,8e-05,0.1460740566253662,0.0
10485.0,10485.0,26.0,0.07884423434734344,8e-05,0.15187500417232513,0.0
10486.0,10486.0,26.0,0.05822795629501343,8e-05,0.1076522022485733,0.0
10487.0,10487.0,26.0,0.07892274856567383,8e-05,0.15752170979976654,0.0
10488.0,10488.0,26.0,0.06690708547830582,8e-05,0.15283676981925964,0.0
10489.0,10489.0,26.0,0.0563165619969368,8e-05,0.15084439516067505,0.0
10490.0,10490.0,26.0,0.06315526366233826,8e-05,0.1880999505519867,0.0
10491.0,10491.0,26.0,0.05722709000110626,8e-05,0.11541280895471573,0.0
10492.0,10492.0,26.0,0.05972293019294739,8e-05,0.15894533693790436,0.0
10493.0,10493.0,26.0,0.05793550983071327,8e-05,0.10443954914808273,0.0
10494.0,10494.0,26.0,0.05415714159607887,8e-05,0.09383651614189148,0.0
10495.0,10495.0,26.0,0.04983191192150116,8e-05,0.19157534837722778,0.0
10496.0,10496.0,26.0,0.05841147527098656,8e-05,0.15527573227882385,0.0
10497.0,10497.0,26.0,0.04945117235183716,8e-05,0.07540010660886765,0.0
10498.0,10498.0,26.0,0.04899916052818298,8e-05,0.19185706973075867,0.0
10499.0,10499.0,26.0,0.06005776673555374,8e-05,0.18077810108661652,0.0
10500.0,10500.0,26.0,0.057923395186662674,8e-05,0.1008688434958458,0.0
10501.0,10501.0,26.0,0.047319717705249786,8e-05,0.21150517463684082,0.0
10502.0,10502.0,26.0,0.04629918187856674,8e-05,0.21073269844055176,0.0
10503.0,10503.0,26.0,0.07084209471940994,8e-05,0.09733886271715164,0.0
10504.0,10504.0,26.0,0.06207762658596039,8e-05,0.15635424852371216,0.0
10505.0,10505.0,26.0,0.06413880735635757,8e-05,0.21068508923053741,0.0
10506.0,10506.0,26.0,0.06350976228713989,8e-05,0.11504573374986649,0.0
10507.0,10507.0,26.0,0.055341579020023346,8e-05,0.12482140958309174,0.0
10508.0,10508.0,26.0,0.05056516081094742,8e-05,0.18874448537826538,0.0
10509.0,10509.0,26.0,0.04829726740717888,8e-05,0.21267913281917572,0.0
10510.0,10510.0,26.0,0.050520628690719604,8e-05,0.1172507256269455,0.0
10511.0,10511.0,26.0,0.053505122661590576,8e-05,0.1929803192615509,0.0
10512.0,10512.0,26.0,0.05426165461540222,8e-05,0.14323464035987854,0.0
10513.0,10513.0,26.0,0.07461193203926086,8e-05,0.1000048890709877,0.0
10514.0,10514.0,26.0,0.0530589334666729,8e-05,0.14805476367473602,0.0
10515.0,10515.0,26.0,0.06506951153278351,8e-05,0.1550384908914566,0.0
10516.0,10516.0,26.0,0.06410874426364899,8e-05,0.08282039314508438,0.0
10517.0,10517.0,26.0,0.055305115878582,8e-05,0.14693933725357056,0.0
10518.0,10518.0,26.0,0.06038906052708626,8e-05,0.17607705295085907,0.0
10519.0,10519.0,26.0,0.05103686451911926,8e-05,0.10501763969659805,0.0
10520.0,10520.0,26.0,0.06853146851062775,8e-05,0.08817627280950546,0.0
10521.0,10521.0,26.0,0.05213505029678345,8e-05,0.20475438237190247,0.0
10522.0,10522.0,26.0,0.06068029627203941,8e-05,0.14193867146968842,0.0
10523.0,10523.0,26.0,0.04540970176458359,8e-05,0.10012219846248627,0.0
10524.0,10524.0,26.0,0.06084273010492325,8e-05,0.15551947057247162,0.0
10525.0,10525.0,26.0,0.06744048744440079,8e-05,0.12539492547512054,0.0
10526.0,10526.0,26.0,0.05067785829305649,8e-05,0.06338859349489212,0.0
10527.0,10527.0,26.0,0.04941949248313904,8e-05,0.14357046782970428,0.0
10528.0,10528.0,26.0,0.05819444730877876,8e-05,0.1881674826145172,0.0
10529.0,10529.0,26.0,0.060455333441495895,8e-05,0.10496151447296143,0.0
10530.0,10530.0,26.0,0.05381320044398308,8e-05,0.15878380835056305,0.0
10531.0,10531.0,27.0,0.05035267770290375,8e-05,0.13071376085281372,0.0
10532.0,10532.0,27.0,0.06696823984384537,8e-05,0.09152219444513321,0.0
10533.0,10533.0,27.0,0.06546726822853088,8e-05,0.0651155561208725,0.0
10534.0,10534.0,27.0,0.053095974028110504,8e-05,0.15179495513439178,0.0
10535.0,10535.0,27.0,0.060231488198041916,8e-05,0.1163073405623436,0.0
10536.0,10536.0,27.0,0.056590735912323,8e-05,0.08987779915332794,0.0
10537.0,10537.0,27.0,0.059487856924533844,8e-05,0.11337646096944809,0.0
10538.0,10538.0,27.0,0.05594242736697197,8e-05,0.13012444972991943,0.0
10539.0,10539.0,27.0,0.06128663197159767,8e-05,0.06891801953315735,0.0
10540.0,10540.0,27.0,0.05973982438445091,8e-05,0.13722863793373108,0.0
10541.0,10541.0,27.0,0.049029603600502014,8e-05,0.08992476016283035,0.0
10542.0,10542.0,27.0,0.05867718160152435,8e-05,0.10006203502416611,0.0
10543.0,10543.0,27.0,0.05687841773033142,8e-05,0.12521792948246002,0.0
10544.0,10544.0,27.0,0.062133751809597015,8e-05,0.06840168684720993,0.0
10545.0,10545.0,27.0,0.05372735857963562,8e-05,0.14870889484882355,0.0
10546.0,10546.0,27.0,0.04970958083868027,8e-05,0.08783180266618729,0.0
10547.0,10547.0,27.0,0.06134149432182312,8e-05,0.09960825741291046,0.0
10548.0,10548.0,27.0,0.06748804450035095,8e-05,0.11094234883785248,0.0
10549.0,10549.0,27.0,0.052055295556783676,8e-05,0.08617913722991943,0.0
10550.0,10550.0,27.0,0.05383646488189697,8e-05,0.12659712135791779,0.0
10551.0,10551.0,27.0,0.05237876623868942,8e-05,0.10014219582080841,0.0
10552.0,10552.0,27.0,0.059438545256853104,8e-05,0.08591508865356445,0.0
10553.0,10553.0,27.0,0.04177219420671463,8e-05,0.13826730847358704,0.0
10554.0,10554.0,27.0,0.06378582119941711,8e-05,0.07170090079307556,0.0
10555.0,10555.0,27.0,0.05246838554739952,8e-05,0.09508723765611649,0.0
10556.0,10556.0,27.0,0.0587882436811924,8e-05,0.17266613245010376,0.0
10557.0,10557.0,27.0,0.056159961968660355,8e-05,0.07794678956270218,0.0
10558.0,10558.0,27.0,0.05730433389544487,8e-05,0.12656593322753906,0.0
10559.0,10559.0,27.0,0.04795486479997635,8e-05,0.1277838796377182,0.0
10560.0,10560.0,27.0,0.05280441418290138,8e-05,0.07387718558311462,0.0
10561.0,10561.0,27.0,0.05131995677947998,8e-05,0.1570960283279419,0.0
10562.0,10562.0,27.0,0.06111869961023331,8e-05,0.10409698635339737,0.0
10563.0,10563.0,27.0,0.05055989697575569,8e-05,0.06881079822778702,0.0
10564.0,10564.0,27.0,0.0643434226512909,8e-05,0.12566381692886353,0.0
10565.0,10565.0,27.0,0.05918492004275322,8e-05,0.13123439252376556,0.0
10566.0,10566.0,27.0,0.05692561715841293,8e-05,0.0795227512717247,0.0
10567.0,10567.0,27.0,0.05941150337457657,8e-05,0.08987919241189957,0.0
10568.0,10568.0,27.0,0.07352624833583832,8e-05,0.07616493105888367,0.0
10569.0,10569.0,27.0,0.0662485659122467,8e-05,0.08788249641656876,0.0
10570.0,10570.0,27.0,0.06327754259109497,8e-05,0.09494428336620331,0.0
10571.0,10571.0,27.0,0.047166965901851654,8e-05,0.08659106492996216,0.0
10572.0,10572.0,27.0,0.043588779866695404,8e-05,0.13202498853206635,0.0
10573.0,10573.0,27.0,0.06726454943418503,8e-05,0.07710844278335571,0.0
10574.0,10574.0,27.0,0.062081094831228256,8e-05,0.10651659220457077,0.0
10575.0,10575.0,27.0,0.05519478768110275,8e-05,0.15459862351417542,0.0
10576.0,10576.0,27.0,0.04821979999542236,8e-05,0.08538887649774551,0.0
10577.0,10577.0,27.0,0.05918440222740173,8e-05,0.17726163566112518,0.0
10578.0,10578.0,27.0,0.059218525886535645,8e-05,0.09615679830312729,0.0
10579.0,10579.0,27.0,0.05894637107849121,8e-05,0.10158239305019379,0.0
10580.0,10580.0,27.0,0.048677362501621246,8e-05,0.09626558423042297,0.0
10581.0,10581.0,27.0,0.06465322524309158,8e-05,0.11936478316783905,0.0
10582.0,10582.0,27.0,0.04531514644622803,8e-05,0.1048777773976326,0.0
10583.0,10583.0,27.0,0.06349996477365494,8e-05,0.06886223703622818,0.0
10584.0,10584.0,27.0,0.05177566409111023,8e-05,0.15745092928409576,0.0
10585.0,10585.0,27.0,0.04565417021512985,8e-05,0.09702008217573166,0.0
10586.0,10586.0,27.0,0.047432128340005875,8e-05,0.08084827661514282,0.0
10587.0,10587.0,27.0,0.06588003784418106,8e-05,0.13426518440246582,0.0
10588.0,10588.0,27.0,0.06587246805429459,8e-05,0.12734970450401306,0.0
10589.0,10589.0,27.0,0.048308100551366806,8e-05,0.13015952706336975,0.0
10590.0,10590.0,27.0,0.05559682101011276,8e-05,0.16749532520771027,0.0
10591.0,10591.0,27.0,0.07329316437244415,8e-05,0.1842580884695053,0.0
10592.0,10592.0,27.0,0.06358412653207779,8e-05,0.1489432156085968,0.0
10593.0,10593.0,27.0,0.05802350863814354,8e-05,0.11650661379098892,0.0
10594.0,10594.0,27.0,0.057656556367874146,8e-05,0.1597324013710022,0.0
10595.0,10595.0,27.0,0.049318406730890274,8e-05,0.17537479102611542,0.0
10596.0,10596.0,27.0,0.04344145208597183,8e-05,0.15559104084968567,0.0
10597.0,10597.0,27.0,0.06810227036476135,8e-05,0.15383176505565643,0.0
10598.0,10598.0,27.0,0.05441971495747566,8e-05,0.10136090219020844,0.0
10599.0,10599.0,27.0,0.05439675599336624,8e-05,0.11759712547063828,0.0
10600.0,10600.0,27.0,0.08588840067386627,8e-05,0.14085087180137634,0.0
10601.0,10601.0,27.0,0.06304372847080231,8e-05,0.14289626479148865,0.0
10602.0,10602.0,27.0,0.07559975981712341,8e-05,0.12632746994495392,0.0
10603.0,10603.0,27.0,0.06666792929172516,8e-05,0.15473446249961853,0.0
10604.0,10604.0,27.0,0.05186519771814346,8e-05,0.115324467420578,0.0
10605.0,10605.0,27.0,0.06620362401008606,8e-05,0.1443922072649002,0.0
10606.0,10606.0,27.0,0.04633619636297226,8e-05,0.11435949802398682,0.0
10607.0,10607.0,27.0,0.06674157828092575,8e-05,0.11242683231830597,0.0
10608.0,10608.0,27.0,0.05992225930094719,8e-05,0.13477259874343872,0.0
10609.0,10609.0,27.0,0.05416502058506012,8e-05,0.15650574862957,0.0
10610.0,10610.0,27.0,0.052298158407211304,8e-05,0.06984025985002518,0.0
10611.0,10611.0,27.0,0.06471136212348938,8e-05,0.09728650003671646,0.0
10612.0,10612.0,27.0,0.059143029153347015,8e-05,0.07189282029867172,0.0
10613.0,10613.0,27.0,0.06401431560516357,8e-05,0.06793928146362305,0.0
10614.0,10614.0,27.0,0.062238309532403946,8e-05,0.07278338819742203,0.0
10615.0,10615.0,27.0,0.0430624894797802,8e-05,0.10768182575702667,0.0
10616.0,10616.0,27.0,0.0530792661011219,8e-05,0.09635952860116959,0.0
10617.0,10617.0,27.0,0.05119038373231888,8e-05,0.10658396780490875,0.0
10618.0,10618.0,27.0,0.05885192006826401,8e-05,0.06440290063619614,0.0
10619.0,10619.0,27.0,0.05628573149442673,8e-05,0.13608939945697784,0.0
10620.0,10620.0,27.0,0.06789041310548782,8e-05,0.10623490065336227,0.0
10621.0,10621.0,27.0,0.06111559271812439,8e-05,0.11911516636610031,0.0
10622.0,10622.0,27.0,0.052597060799598694,8e-05,0.09540967643260956,0.0
10623.0,10623.0,27.0,0.062260814011096954,8e-05,0.14206460118293762,0.0
10624.0,10624.0,27.0,0.05766305699944496,8e-05,0.13463179767131805,0.0
10625.0,10625.0,27.0,0.04956739395856857,8e-05,0.09563535451889038,0.0
10626.0,10626.0,27.0,0.07130955904722214,8e-05,0.07670816779136658,0.0
10627.0,10627.0,27.0,0.06186653673648834,8e-05,0.09380662441253662,0.0
10628.0,10628.0,27.0,0.047431830316782,8e-05,0.10175210237503052,0.0
10629.0,10629.0,27.0,0.06027369946241379,8e-05,0.07223136723041534,0.0
10630.0,10630.0,27.0,0.06025344878435135,8e-05,0.09695932269096375,0.0
10631.0,10631.0,27.0,0.06609903275966644,8e-05,0.0991375595331192,0.0
10632.0,10632.0,27.0,0.05146978050470352,8e-05,0.10568805038928986,0.0
10633.0,10633.0,27.0,0.05067066848278046,8e-05,0.10905170440673828,0.0
10634.0,10634.0,27.0,0.056948620826005936,8e-05,0.12853355705738068,0.0
10635.0,10635.0,27.0,0.04243633151054382,8e-05,0.08985161036252975,0.0
10636.0,10636.0,27.0,0.0585259348154068,8e-05,0.13836528360843658,0.0
10637.0,10637.0,27.0,0.06054994463920593,8e-05,0.16160833835601807,0.0
10638.0,10638.0,27.0,0.05449187383055687,8e-05,0.09855786710977554,0.0
10639.0,10639.0,27.0,0.05650407075881958,8e-05,0.14754831790924072,0.0
10640.0,10640.0,27.0,0.06311751157045364,8e-05,0.10087323188781738,0.0
10641.0,10641.0,27.0,0.05494367703795433,8e-05,0.1357814520597458,0.0
10642.0,10642.0,27.0,0.051681507378816605,8e-05,0.13097964227199554,0.0
10643.0,10643.0,27.0,0.05918407812714577,8e-05,0.11525531113147736,0.0
10644.0,10644.0,27.0,0.054992496967315674,8e-05,0.16124658286571503,0.0
10645.0,10645.0,27.0,0.06102105230093002,8e-05,0.11217156797647476,0.0
10646.0,10646.0,27.0,0.06775903701782227,8e-05,0.1391042023897171,0.0
10647.0,10647.0,27.0,0.05686992406845093,8e-05,0.12295866757631302,0.0
10648.0,10648.0,27.0,0.07006842643022537,8e-05,0.13519057631492615,0.0
10649.0,10649.0,27.0,0.07124406844377518,8e-05,0.18265463411808014,0.0
10650.0,10650.0,27.0,0.06739509850740433,8e-05,0.18586640059947968,0.0
10651.0,10651.0,27.0,0.05681092292070389,8e-05,0.20463964343070984,0.0
10652.0,10652.0,27.0,0.053646255284547806,8e-05,0.12731149792671204,0.0
10653.0,10653.0,27.0,0.05680812522768974,8e-05,0.18361477553844452,0.0
10654.0,10654.0,27.0,0.06662040203809738,8e-05,0.16080999374389648,0.0
10655.0,10655.0,27.0,0.06221349909901619,8e-05,0.16399680078029633,0.0
10656.0,10656.0,27.0,0.07419303059577942,8e-05,0.17268487811088562,0.0
10657.0,10657.0,27.0,0.05526242405176163,8e-05,0.15380392968654633,0.0
10658.0,10658.0,27.0,0.07769113779067993,8e-05,0.08812568336725235,0.0
10659.0,10659.0,27.0,0.06417357176542282,8e-05,0.15890347957611084,0.0
10660.0,10660.0,27.0,0.07030525803565979,8e-05,0.1801522970199585,0.0
10661.0,10661.0,27.0,0.062005333602428436,8e-05,0.10800797492265701,0.0
10662.0,10662.0,27.0,0.06638133525848389,8e-05,0.1624300330877304,0.0
10663.0,10663.0,27.0,0.06751416623592377,8e-05,0.1663883477449417,0.0
10664.0,10664.0,27.0,0.05116390064358711,8e-05,0.08873812109231949,0.0
10665.0,10665.0,27.0,0.055681824684143066,8e-05,0.18477022647857666,0.0
10666.0,10666.0,27.0,0.05949047952890396,8e-05,0.1422923505306244,0.0
10667.0,10667.0,27.0,0.062292687594890594,8e-05,0.15148045122623444,0.0
10668.0,10668.0,27.0,0.06511393189430237,8e-05,0.1349961757659912,0.0
10669.0,10669.0,27.0,0.06221344321966171,8e-05,0.11277280002832413,0.0
10670.0,10670.0,27.0,0.061483245342969894,8e-05,0.17490753531455994,0.0
10671.0,10671.0,27.0,0.053991079330444336,8e-05,0.09358564764261246,0.0
10672.0,10672.0,27.0,0.06436573714017868,8e-05,0.13533253967761993,0.0
10673.0,10673.0,27.0,0.051110491156578064,8e-05,0.10678906738758087,0.0
10674.0,10674.0,27.0,0.06544588506221771,8e-05,0.11979354172945023,0.0
10675.0,10675.0,27.0,0.06679299473762512,8e-05,0.1629742830991745,0.0
10676.0,10676.0,27.0,0.06997179985046387,8e-05,0.1092357337474823,0.0
10677.0,10677.0,27.0,0.0504150316119194,8e-05,0.09678088128566742,0.0
10678.0,10678.0,27.0,0.057357508689165115,8e-05,0.13171136379241943,0.0
10679.0,10679.0,27.0,0.0653177797794342,8e-05,0.09806594997644424,0.0
10680.0,10680.0,27.0,0.07142407447099686,8e-05,0.10623384267091751,0.0
10681.0,10681.0,27.0,0.05171528831124306,8e-05,0.09540162235498428,0.0
10682.0,10682.0,27.0,0.05615665763616562,8e-05,0.08953894674777985,0.0
10683.0,10683.0,27.0,0.05145563930273056,8e-05,0.08346090465784073,0.0
10684.0,10684.0,27.0,0.062430065125226974,8e-05,0.10297193378210068,0.0
10685.0,10685.0,27.0,0.05624476820230484,8e-05,0.13146622478961945,0.0
10686.0,10686.0,27.0,0.07330166548490524,8e-05,0.07819583266973495,0.0
10687.0,10687.0,27.0,0.061541300266981125,8e-05,0.1356804519891739,0.0
10688.0,10688.0,27.0,0.059101611375808716,8e-05,0.09201304614543915,0.0
10689.0,10689.0,27.0,0.054715290665626526,8e-05,0.1394711583852768,0.0
10690.0,10690.0,27.0,0.057071272283792496,8e-05,0.10556470602750778,0.0
10691.0,10691.0,27.0,0.05823821574449539,8e-05,0.11218211054801941,0.0
10692.0,10692.0,27.0,0.05245210975408554,8e-05,0.15589922666549683,0.0
10693.0,10693.0,27.0,0.049585822969675064,8e-05,0.14128242433071136,0.0
10694.0,10694.0,27.0,0.05537284165620804,8e-05,0.17025813460350037,0.0
10695.0,10695.0,27.0,0.044849686324596405,8e-05,0.08499916642904282,0.0
10696.0,10696.0,27.0,0.07534176111221313,8e-05,0.19582603871822357,0.0
10697.0,10697.0,27.0,0.05277665704488754,8e-05,0.15134762227535248,0.0
10698.0,10698.0,27.0,0.04470352083444595,8e-05,0.15531405806541443,0.0
10699.0,10699.0,27.0,0.046980272978544235,8e-05,0.19491985440254211,0.0
10700.0,10700.0,27.0,0.055821433663368225,8e-05,0.07191479951143265,0.0
10701.0,10701.0,27.0,0.04753533750772476,8e-05,0.18355977535247803,0.0
10702.0,10702.0,27.0,0.05388754606246948,8e-05,0.1282072812318802,0.0
10703.0,10703.0,27.0,0.0633058249950409,8e-05,0.14425623416900635,0.0
10704.0,10704.0,27.0,0.058195509016513824,8e-05,0.14681217074394226,0.0
10705.0,10705.0,27.0,0.0628722757101059,8e-05,0.0990627110004425,0.0
10706.0,10706.0,27.0,0.04691946133971214,8e-05,0.09002481400966644,0.0
10707.0,10707.0,27.0,0.06435085088014603,8e-05,0.14031189680099487,0.0
10708.0,10708.0,27.0,0.06672883778810501,8e-05,0.08661564439535141,0.0
10709.0,10709.0,27.0,0.05082157999277115,8e-05,0.1036572977900505,0.0
10710.0,10710.0,27.0,0.05443844571709633,8e-05,0.14082102477550507,0.0
10711.0,10711.0,27.0,0.047032494097948074,8e-05,0.06941087543964386,0.0
10712.0,10712.0,27.0,0.05345867946743965,8e-05,0.14599177241325378,0.0
10713.0,10713.0,27.0,0.051973164081573486,8e-05,0.11327934265136719,0.0
10714.0,10714.0,27.0,0.04903404414653778,8e-05,0.11318738758563995,0.0
10715.0,10715.0,27.0,0.050150878727436066,8e-05,0.15569353103637695,0.0
10716.0,10716.0,27.0,0.05450233072042465,8e-05,0.11747873574495316,0.0
10717.0,10717.0,27.0,0.05569003149867058,8e-05,0.12289265543222427,0.0
10718.0,10718.0,27.0,0.0542333647608757,8e-05,0.10263990610837936,0.0
10719.0,10719.0,27.0,0.05664101988077164,8e-05,0.1328233778476715,0.0
10720.0,10720.0,27.0,0.0643545612692833,8e-05,0.08501579612493515,0.0
10721.0,10721.0,27.0,0.06376150250434875,8e-05,0.16568946838378906,0.0
10722.0,10722.0,27.0,0.05877450108528137,8e-05,0.06891956925392151,0.0
10723.0,10723.0,27.0,0.06386788934469223,8e-05,0.13235490024089813,0.0
10724.0,10724.0,27.0,0.05799587815999985,8e-05,0.12811493873596191,0.0
10725.0,10725.0,27.0,0.05689132958650589,8e-05,0.12019804865121841,0.0
10726.0,10726.0,27.0,0.051735252141952515,8e-05,0.09585677832365036,0.0
10727.0,10727.0,27.0,0.05494844540953636,8e-05,0.10253274440765381,0.0
10728.0,10728.0,27.0,0.051442280411720276,8e-05,0.12232854962348938,0.0
10729.0,10729.0,27.0,0.05961952358484268,8e-05,0.09180644899606705,0.0
10730.0,10730.0,27.0,0.05078980326652527,8e-05,0.15416839718818665,0.0
10731.0,10731.0,27.0,0.06033153086900711,8e-05,0.05483134463429451,0.0
10732.0,10732.0,27.0,0.05236612260341644,8e-05,0.1227044016122818,0.0
10733.0,10733.0,27.0,0.04309477657079697,8e-05,0.08218967914581299,0.0
10734.0,10734.0,27.0,0.04521278291940689,8e-05,0.052187900990247726,0.0
10735.0,10735.0,27.0,0.05312480032444,8e-05,0.13349229097366333,0.0
10736.0,10736.0,27.0,0.05491119995713234,8e-05,0.10626990348100662,0.0
10737.0,10737.0,27.0,0.06989743560552597,8e-05,0.11365450173616409,0.0
10738.0,10738.0,27.0,0.05888956040143967,8e-05,0.07625088095664978,0.0
10739.0,10739.0,27.0,0.05224403738975525,8e-05,0.0985778272151947,0.0
10740.0,10740.0,27.0,0.06633217632770538,8e-05,0.10266969352960587,0.0
10741.0,10741.0,27.0,0.05840560793876648,8e-05,0.07272940129041672,0.0
10742.0,10742.0,27.0,0.05782358720898628,8e-05,0.11167681962251663,0.0
10743.0,10743.0,27.0,0.05303826555609703,8e-05,0.0693063884973526,0.0
10744.0,10744.0,27.0,0.05631880462169647,8e-05,0.10076303035020828,0.0
10745.0,10745.0,27.0,0.05566058307886124,8e-05,0.08597781509160995,0.0
10746.0,10746.0,27.0,0.07404497265815735,8e-05,0.09406349062919617,0.0
10747.0,10747.0,27.0,0.05060398578643799,8e-05,0.07231967151165009,0.0
10748.0,10748.0,27.0,0.0599200576543808,8e-05,0.13653764128684998,0.0
10749.0,10749.0,27.0,0.05001567676663399,8e-05,0.13537058234214783,0.0
10750.0,10750.0,27.0,0.05734112113714218,8e-05,0.07681160420179367,0.0
10751.0,10751.0,27.0,0.06592226028442383,8e-05,0.18848571181297302,0.0
10752.0,10752.0,27.0,0.05470031499862671,8e-05,0.12531699240207672,0.0
10753.0,10753.0,27.0,0.06627065688371658,8e-05,0.11520010232925415,0.0
10754.0,10754.0,27.0,0.05893919989466667,8e-05,0.11037564277648926,0.0
10755.0,10755.0,27.0,0.06044656038284302,8e-05,0.22319015860557556,0.0
10756.0,10756.0,27.0,0.058017171919345856,8e-05,0.08445201814174652,0.0
10757.0,10757.0,27.0,0.05962671712040901,8e-05,0.10994040220975876,0.0
10758.0,10758.0,27.0,0.0737786814570427,8e-05,0.1185663715004921,0.0
10759.0,10759.0,27.0,0.05736515298485756,8e-05,0.1312447488307953,0.0
10760.0,10760.0,27.0,0.05373087525367737,8e-05,0.05923539772629738,0.0
10761.0,10761.0,27.0,0.05990315228700638,8e-05,0.13000552356243134,0.0
10762.0,10762.0,27.0,0.04955252259969711,8e-05,0.13587750494480133,0.0
10763.0,10763.0,27.0,0.05563079193234444,8e-05,0.08342961221933365,0.0
10764.0,10764.0,27.0,0.043599434196949005,8e-05,0.10191274434328079,0.0
10765.0,10765.0,27.0,0.053961653262376785,8e-05,0.14995113015174866,0.0
10766.0,10766.0,27.0,0.06321530789136887,8e-05,0.07026898860931396,0.0
10767.0,10767.0,27.0,0.0664953887462616,8e-05,0.0985129103064537,0.0
10768.0,10768.0,27.0,0.062182337045669556,8e-05,0.14111830294132233,0.0
10769.0,10769.0,27.0,0.050394631922245026,8e-05,0.06762614846229553,0.0
10770.0,10770.0,27.0,0.06580102443695068,8e-05,0.11936718970537186,0.0
10771.0,10771.0,27.0,0.05888117104768753,8e-05,0.07156717777252197,0.0
10772.0,10772.0,27.0,0.043850965797901154,8e-05,0.09012352675199509,0.0
10773.0,10773.0,27.0,0.05887867510318756,8e-05,0.12160413712263107,0.0
10774.0,10774.0,27.0,0.06617709994316101,8e-05,0.11304701119661331,0.0
10775.0,10775.0,27.0,0.04787437617778778,8e-05,0.07022713869810104,0.0
10776.0,10776.0,27.0,0.053375061601400375,8e-05,0.12392059713602066,0.0
10777.0,10777.0,27.0,0.05379168689250946,8e-05,0.09759151190519333,0.0
10778.0,10778.0,27.0,0.046123676002025604,8e-05,0.08196905255317688,0.0
10779.0,10779.0,27.0,0.05778442323207855,8e-05,0.1500646024942398,0.0
10780.0,10780.0,27.0,0.04999487102031708,8e-05,0.12906089425086975,0.0
10781.0,10781.0,27.0,0.04656051844358444,8e-05,0.10779543966054916,0.0
10782.0,10782.0,27.0,0.05932406336069107,8e-05,0.1648930162191391,0.0
10783.0,10783.0,27.0,0.06304886937141418,8e-05,0.08884420990943909,0.0
10784.0,10784.0,27.0,0.06486368179321289,8e-05,0.07869154214859009,0.0
10785.0,10785.0,27.0,0.058065205812454224,8e-05,0.16738161444664001,0.0
10786.0,10786.0,27.0,0.060314834117889404,8e-05,0.08911597728729248,0.0
10787.0,10787.0,27.0,0.06222168356180191,8e-05,0.1130385547876358,0.0
10788.0,10788.0,27.0,0.045317649841308594,8e-05,0.07223359495401382,0.0
10789.0,10789.0,27.0,0.05115797743201256,8e-05,0.09186911582946777,0.0
10790.0,10790.0,27.0,0.06263868510723114,8e-05,0.09866960346698761,0.0
10791.0,10791.0,27.0,0.07173587381839752,8e-05,0.09823743253946304,0.0
10792.0,10792.0,27.0,0.048083893954753876,8e-05,0.10058638453483582,0.0
10793.0,10793.0,27.0,0.0630699098110199,8e-05,0.09463022649288177,0.0
10794.0,10794.0,27.0,0.0750785619020462,8e-05,0.09356546401977539,0.0
10795.0,10795.0,27.0,0.05147710070014,8e-05,0.07906444370746613,0.0
10796.0,10796.0,27.0,0.05711548775434494,8e-05,0.10033997893333435,0.0
10797.0,10797.0,27.0,0.04366336017847061,8e-05,0.07245584577322006,0.0
10798.0,10798.0,27.0,0.06178568676114082,8e-05,0.11313790827989578,0.0
10799.0,10799.0,27.0,0.06222286820411682,8e-05,0.09430583566427231,0.0
10800.0,10800.0,27.0,0.06556041538715363,8e-05,0.10458973050117493,0.0
10801.0,10801.0,27.0,0.06046471744775772,8e-05,0.09740501642227173,0.0
10802.0,10802.0,27.0,0.06654681265354156,8e-05,0.08638665825128555,0.0
10803.0,10803.0,27.0,0.06861068308353424,8e-05,0.1031828373670578,0.0
10804.0,10804.0,27.0,0.05006929486989975,8e-05,0.09795434772968292,0.0
10805.0,10805.0,27.0,0.05046725273132324,8e-05,0.18805907666683197,0.0
10806.0,10806.0,27.0,0.04947889596223831,8e-05,0.0637083426117897,0.0
10807.0,10807.0,27.0,0.07047237455844879,8e-05,0.09295354038476944,0.0
10808.0,10808.0,27.0,0.060332901775836945,8e-05,0.10119878500699997,0.0
10809.0,10809.0,27.0,0.04918629676103592,8e-05,0.15390580892562866,0.0
10810.0,10810.0,27.0,0.06615319848060608,8e-05,0.10998295247554779,0.0
10811.0,10811.0,27.0,0.046731676906347275,8e-05,0.07931935042142868,0.0
10812.0,10812.0,27.0,0.05492953583598137,8e-05,0.12752549350261688,0.0
10813.0,10813.0,27.0,0.04834289103746414,8e-05,0.12581674754619598,0.0
10814.0,10814.0,27.0,0.05932604521512985,8e-05,0.10154302418231964,0.0
10815.0,10815.0,27.0,0.04389971122145653,8e-05,0.11049868911504745,0.0
10816.0,10816.0,27.0,0.0468476228415966,8e-05,0.11735072731971741,0.0
10817.0,10817.0,27.0,0.05592842400074005,8e-05,0.10590329766273499,0.0
10818.0,10818.0,27.0,0.0547170415520668,8e-05,0.08480150997638702,0.0
10819.0,10819.0,27.0,0.04622688516974449,8e-05,0.06642082333564758,0.0
10820.0,10820.0,27.0,0.06260381639003754,8e-05,0.13087865710258484,0.0
10821.0,10821.0,27.0,0.06581749022006989,8e-05,0.08762732148170471,0.0
10822.0,10822.0,27.0,0.07678490877151489,8e-05,0.0898454487323761,0.0
10823.0,10823.0,27.0,0.05286712944507599,8e-05,0.16150106489658356,0.0
10824.0,10824.0,27.0,0.0571245476603508,8e-05,0.06839136779308319,0.0
10825.0,10825.0,27.0,0.05595561861991882,8e-05,0.18353340029716492,0.0
10826.0,10826.0,27.0,0.061084430664777756,8e-05,0.10234057158231735,0.0
10827.0,10827.0,27.0,0.05841771513223648,8e-05,0.13320012390613556,0.0
10828.0,10828.0,27.0,0.04492197930812836,8e-05,0.12233415246009827,0.0
10829.0,10829.0,27.0,0.05841147154569626,8e-05,0.05627158284187317,0.0
10830.0,10830.0,27.0,0.06966115534305573,8e-05,0.1473083198070526,0.0
10831.0,10831.0,27.0,0.054451197385787964,8e-05,0.07419129461050034,0.0
10832.0,10832.0,27.0,0.06386315077543259,8e-05,0.1652175337076187,0.0
10833.0,10833.0,27.0,0.05405005067586899,8e-05,0.06746932119131088,0.0
10834.0,10834.0,27.0,0.05038116127252579,8e-05,0.054835449904203415,0.0
10835.0,10835.0,27.0,0.04941108822822571,8e-05,0.1171308383345604,0.0
10836.0,10836.0,27.0,0.05384087562561035,8e-05,0.05799560993909836,0.0
10837.0,10837.0,27.0,0.04863528534770012,8e-05,0.08151859790086746,0.0
10838.0,10838.0,27.0,0.053661786019802094,8e-05,0.1342441737651825,0.0
10839.0,10839.0,27.0,0.04039878770709038,8e-05,0.08935493230819702,0.0
10840.0,10840.0,27.0,0.05483568459749222,8e-05,0.13579462468624115,0.0
10841.0,10841.0,27.0,0.0543806217610836,8e-05,0.07185697555541992,0.0
10842.0,10842.0,27.0,0.057795193046331406,8e-05,0.12948200106620789,0.0
10843.0,10843.0,27.0,0.0529000423848629,8e-05,0.1379464566707611,0.0
10844.0,10844.0,27.0,0.05825270712375641,8e-05,0.17020876705646515,0.0
10845.0,10845.0,27.0,0.061810776591300964,8e-05,0.12158562988042831,0.0
10846.0,10846.0,27.0,0.07516555488109589,8e-05,0.13773784041404724,0.0
10847.0,10847.0,27.0,0.057810720056295395,8e-05,0.15290026366710663,0.0
10848.0,10848.0,27.0,0.05085228011012077,8e-05,0.09743694961071014,0.0
10849.0,10849.0,27.0,0.059936217963695526,8e-05,0.1251419335603714,0.0
10850.0,10850.0,27.0,0.04866930842399597,8e-05,0.12807214260101318,0.0
10851.0,10851.0,27.0,0.05627671629190445,8e-05,0.08256807178258896,0.0
10852.0,10852.0,27.0,0.05039621889591217,8e-05,0.13461831212043762,0.0
10853.0,10853.0,27.0,0.06576679646968842,8e-05,0.07011925429105759,0.0
10854.0,10854.0,27.0,0.05336559936404228,8e-05,0.10648507624864578,0.0
10855.0,10855.0,27.0,0.05684703215956688,8e-05,0.09436220675706863,0.0
10856.0,10856.0,27.0,0.05744075030088425,8e-05,0.07988128066062927,0.0
10857.0,10857.0,27.0,0.0525650829076767,8e-05,0.09255805611610413,0.0
10858.0,10858.0,27.0,0.065303735435009,8e-05,0.10319077223539352,0.0
10859.0,10859.0,27.0,0.057510968297719955,8e-05,0.07957780361175537,0.0
10860.0,10860.0,27.0,0.06898988783359528,8e-05,0.11672665178775787,0.0
10861.0,10861.0,27.0,0.052939996123313904,8e-05,0.10985764861106873,0.0
10862.0,10862.0,27.0,0.04592878371477127,8e-05,0.14528502523899078,0.0
10863.0,10863.0,27.0,0.06095694750547409,8e-05,0.11800159513950348,0.0
10864.0,10864.0,27.0,0.058505330234766006,8e-05,0.10843320190906525,0.0
10865.0,10865.0,27.0,0.06591576337814331,8e-05,0.16320040822029114,0.0
10866.0,10866.0,27.0,0.0630776584148407,8e-05,0.08695973455905914,0.0
10867.0,10867.0,27.0,0.06009740009903908,8e-05,0.10137224942445755,0.0
10868.0,10868.0,27.0,0.0434073768556118,8e-05,0.061314068734645844,0.0
10869.0,10869.0,27.0,0.06635744869709015,8e-05,0.12354271113872528,0.0
10870.0,10870.0,27.0,0.060675181448459625,8e-05,0.11548379063606262,0.0
10871.0,10871.0,27.0,0.05539403855800629,8e-05,0.11974403262138367,0.0
10872.0,10872.0,27.0,0.046974003314971924,8e-05,0.12604862451553345,0.0
10873.0,10873.0,27.0,0.05466768518090248,8e-05,0.13601592183113098,0.0
10874.0,10874.0,27.0,0.060900501906871796,8e-05,0.12380394339561462,0.0
10875.0,10875.0,27.0,0.05732586607336998,8e-05,0.14471307396888733,0.0
10876.0,10876.0,27.0,0.06422331929206848,8e-05,0.1580657660961151,0.0
10877.0,10877.0,27.0,0.06486877053976059,8e-05,0.08953218162059784,0.0
10878.0,10878.0,27.0,0.05475239083170891,8e-05,0.12581641972064972,0.0
10879.0,10879.0,27.0,0.06099377200007439,8e-05,0.17702370882034302,0.0
10880.0,10880.0,27.0,0.05990023910999298,8e-05,0.11522223800420761,0.0
10881.0,10881.0,27.0,0.06070372834801674,8e-05,0.12547723948955536,0.0
10882.0,10882.0,27.0,0.05402230843901634,8e-05,0.2006617784500122,0.0
10883.0,10883.0,27.0,0.05278415232896805,8e-05,0.1341228187084198,0.0
10884.0,10884.0,27.0,0.05368560180068016,8e-05,0.17083191871643066,0.0
10885.0,10885.0,27.0,0.06772073358297348,8e-05,0.18294869363307953,0.0
10886.0,10886.0,27.0,0.062472864985466,8e-05,0.12214963883161545,0.0
10887.0,10887.0,27.0,0.06108633801341057,8e-05,0.11160491406917572,0.0
10888.0,10888.0,27.0,0.05880708247423172,8e-05,0.2237873375415802,0.0
10889.0,10889.0,27.0,0.06218834966421127,8e-05,0.162188321352005,0.0
10890.0,10890.0,27.0,0.052947692573070526,8e-05,0.1986866146326065,0.0
10891.0,10891.0,27.0,0.059335604310035706,8e-05,0.18433353304862976,0.0
10892.0,10892.0,27.0,0.04719594120979309,8e-05,0.13124573230743408,0.0
10893.0,10893.0,27.0,0.05559013783931732,8e-05,0.1572512835264206,0.0
10894.0,10894.0,27.0,0.060663897544145584,8e-05,0.2162942737340927,0.0
10895.0,10895.0,27.0,0.03620317950844765,8e-05,0.17644034326076508,0.0
10896.0,10896.0,27.0,0.04885643720626831,8e-05,0.1543903797864914,0.0
10897.0,10897.0,27.0,0.05977901443839073,8e-05,0.14261877536773682,0.0
10898.0,10898.0,27.0,0.07638706266880035,8e-05,0.1405186951160431,0.0
10899.0,10899.0,27.0,0.06265543401241302,8e-05,0.15303988754749298,0.0
10900.0,10900.0,27.0,0.05343345180153847,8e-05,0.08292686194181442,0.0
10901.0,10901.0,27.0,0.05779547244310379,8e-05,0.1374203860759735,0.0
10902.0,10902.0,27.0,0.041336074471473694,8e-05,0.10658638924360275,0.0
10903.0,10903.0,27.0,0.05068477243185043,8e-05,0.10192319005727768,0.0
10904.0,10904.0,27.0,0.058633606880903244,8e-05,0.058542799204587936,0.0
10905.0,10905.0,27.0,0.04850921034812927,8e-05,0.13090723752975464,0.0
10906.0,10906.0,27.0,0.05711773410439491,8e-05,0.11773727834224701,0.0
10907.0,10907.0,27.0,0.06433169543743134,8e-05,0.09886113554239273,0.0
10908.0,10908.0,27.0,0.06328145414590836,8e-05,0.15174102783203125,0.0
10909.0,10909.0,27.0,0.058453626930713654,8e-05,0.13808107376098633,0.0
10910.0,10910.0,27.0,0.07303900271654129,8e-05,0.11006267368793488,0.0
10911.0,10911.0,27.0,0.060984134674072266,8e-05,0.1739652305841446,0.0
10912.0,10912.0,27.0,0.06180581822991371,8e-05,0.17853380739688873,0.0
10913.0,10913.0,27.0,0.04636004567146301,8e-05,0.15869814157485962,0.0
10914.0,10914.0,27.0,0.049468398094177246,8e-05,0.2076520025730133,0.0
10915.0,10915.0,27.0,0.053128331899642944,8e-05,0.1213712990283966,0.0
10916.0,10916.0,27.0,0.05198163911700249,8e-05,0.15395645797252655,0.0
10917.0,10917.0,27.0,0.0501280277967453,8e-05,0.09300865978002548,0.0
10918.0,10918.0,27.0,0.06535358726978302,8e-05,0.12678349018096924,0.0
10919.0,10919.0,27.0,0.049165815114974976,8e-05,0.14137090742588043,0.0
10920.0,10920.0,27.0,0.058628130704164505,8e-05,0.13747310638427734,0.0
10921.0,10921.0,28.0,0.07037369906902313,8e-05,0.1352435052394867,0.0
10922.0,10922.0,28.0,0.05015181377530098,8e-05,0.16655218601226807,0.0
10923.0,10923.0,28.0,0.0682600811123848,8e-05,0.14573049545288086,0.0
10924.0,10924.0,28.0,0.06913350522518158,8e-05,0.20918713510036469,0.0
10925.0,10925.0,28.0,0.05620972067117691,8e-05,0.180543452501297,0.0
10926.0,10926.0,28.0,0.058558691293001175,8e-05,0.07763657718896866,0.0
10927.0,10927.0,28.0,0.053778886795043945,8e-05,0.19436506927013397,0.0
10928.0,10928.0,28.0,0.061408139765262604,8e-05,0.16519755125045776,0.0
10929.0,10929.0,28.0,0.05415070801973343,8e-05,0.11362706869840622,0.0
10930.0,10930.0,28.0,0.059171587228775024,8e-05,0.19955189526081085,0.0
10931.0,10931.0,28.0,0.06553131341934204,8e-05,0.13664518296718597,0.0
10932.0,10932.0,28.0,0.05675993859767914,8e-05,0.16153255105018616,0.0
10933.0,10933.0,28.0,0.05451933294534683,8e-05,0.11240921169519424,0.0
10934.0,10934.0,28.0,0.051387570798397064,8e-05,0.11782745271921158,0.0
10935.0,10935.0,28.0,0.05037624388933182,8e-05,0.18716634809970856,0.0
10936.0,10936.0,28.0,0.05277588963508606,8e-05,0.07814318686723709,0.0
10937.0,10937.0,28.0,0.06278607249259949,8e-05,0.13309602439403534,0.0
10938.0,10938.0,28.0,0.045710787177085876,8e-05,0.16218161582946777,0.0
10939.0,10939.0,28.0,0.0470244325697422,8e-05,0.09227242320775986,0.0
10940.0,10940.0,28.0,0.07120166718959808,8e-05,0.12069911509752274,0.0
10941.0,10941.0,28.0,0.057246867567300797,8e-05,0.14785318076610565,0.0
10942.0,10942.0,28.0,0.06421468406915665,8e-05,0.10205306857824326,0.0
10943.0,10943.0,28.0,0.06480330228805542,8e-05,0.0854552686214447,0.0
10944.0,10944.0,28.0,0.05256294831633568,8e-05,0.13274142146110535,0.0
10945.0,10945.0,28.0,0.04499315470457077,8e-05,0.09812194108963013,0.0
10946.0,10946.0,28.0,0.06169653683900833,8e-05,0.14950081706047058,0.0
10947.0,10947.0,28.0,0.06239330396056175,8e-05,0.1627269834280014,0.0
10948.0,10948.0,28.0,0.05707933381199837,8e-05,0.11311254650354385,0.0
10949.0,10949.0,28.0,0.05746452137827873,8e-05,0.16136673092842102,0.0
10950.0,10950.0,28.0,0.06205010786652565,8e-05,0.12382430583238602,0.0
10951.0,10951.0,28.0,0.04472611844539642,8e-05,0.12523062527179718,0.0
10952.0,10952.0,28.0,0.04556560516357422,8e-05,0.16558757424354553,0.0
10953.0,10953.0,28.0,0.05682773143053055,8e-05,0.10902675241231918,0.0
10954.0,10954.0,28.0,0.050120316445827484,8e-05,0.14120526611804962,0.0
10955.0,10955.0,28.0,0.06059391051530838,8e-05,0.1242045983672142,0.0
10956.0,10956.0,28.0,0.06439115107059479,8e-05,0.09407991915941238,0.0
10957.0,10957.0,28.0,0.05191107839345932,8e-05,0.1642109602689743,0.0
10958.0,10958.0,28.0,0.060677461326122284,8e-05,0.1251363605260849,0.0
10959.0,10959.0,28.0,0.06962793320417404,8e-05,0.07793692499399185,0.0
10960.0,10960.0,28.0,0.053616877645254135,8e-05,0.1472497582435608,0.0
10961.0,10961.0,28.0,0.059379249811172485,8e-05,0.10117599368095398,0.0
10962.0,10962.0,28.0,0.06292255222797394,8e-05,0.11185352504253387,0.0
10963.0,10963.0,28.0,0.06311593949794769,8e-05,0.12193170189857483,0.0
10964.0,10964.0,28.0,0.06389598548412323,8e-05,0.10604365915060043,0.0
10965.0,10965.0,28.0,0.04651869088411331,8e-05,0.06533809751272202,0.0
10966.0,10966.0,28.0,0.04849369823932648,8e-05,0.08132751286029816,0.0
10967.0,10967.0,28.0,0.04942793771624565,8e-05,0.0673699602484703,0.0
10968.0,10968.0,28.0,0.051246821880340576,8e-05,0.07553078979253769,0.0
10969.0,10969.0,28.0,0.06107254698872566,8e-05,0.09606301784515381,0.0
10970.0,10970.0,28.0,0.05340385437011719,8e-05,0.11748654395341873,0.0
10971.0,10971.0,28.0,0.06703341752290726,8e-05,0.08615289628505707,0.0
10972.0,10972.0,28.0,0.06450994312763214,8e-05,0.08332109451293945,0.0
10973.0,10973.0,28.0,0.0457795187830925,8e-05,0.12069936841726303,0.0
10974.0,10974.0,28.0,0.05924828350543976,8e-05,0.09307943284511566,0.0
10975.0,10975.0,28.0,0.060416605323553085,8e-05,0.18376483023166656,0.0
10976.0,10976.0,28.0,0.06082095205783844,8e-05,0.08145131170749664,0.0
10977.0,10977.0,28.0,0.07099306583404541,8e-05,0.11185137182474136,0.0
10978.0,10978.0,28.0,0.04679754376411438,8e-05,0.11519604921340942,0.0
10979.0,10979.0,28.0,0.06548329442739487,8e-05,0.10825765877962112,0.0
10980.0,10980.0,28.0,0.07208307087421417,8e-05,0.09828194230794907,0.0
10981.0,10981.0,28.0,0.056849244982004166,8e-05,0.1251489222049713,0.0
10982.0,10982.0,28.0,0.05984664708375931,8e-05,0.1323656141757965,0.0
10983.0,10983.0,28.0,0.05549827218055725,8e-05,0.10829466581344604,0.0
10984.0,10984.0,28.0,0.04963855445384979,8e-05,0.10513468831777573,0.0
10985.0,10985.0,28.0,0.06140058487653732,8e-05,0.16230334341526031,0.0
10986.0,10986.0,28.0,0.054758165031671524,8e-05,0.09002682566642761,0.0
10987.0,10987.0,28.0,0.06441472470760345,8e-05,0.15704022347927094,0.0
10988.0,10988.0,28.0,0.05280041694641113,8e-05,0.16200487315654755,0.0
10989.0,10989.0,28.0,0.0536026805639267,8e-05,0.13748502731323242,0.0
10990.0,10990.0,28.0,0.05937141925096512,8e-05,0.0995737835764885,0.0
10991.0,10991.0,28.0,0.061336927115917206,8e-05,0.13480569422245026,0.0
10992.0,10992.0,28.0,0.04813545197248459,8e-05,0.14192675054073334,0.0
10993.0,10993.0,28.0,0.04836928844451904,8e-05,0.07410676032304764,0.0
10994.0,10994.0,28.0,0.04985753446817398,8e-05,0.12337034940719604,0.0
10995.0,10995.0,28.0,0.060606081038713455,8e-05,0.16662903130054474,0.0
10996.0,10996.0,28.0,0.057782046496868134,8e-05,0.1164136677980423,0.0
10997.0,10997.0,28.0,0.05759634077548981,8e-05,0.13346435129642487,0.0
10998.0,10998.0,28.0,0.05135521665215492,8e-05,0.11797511577606201,0.0
10999.0,10999.0,28.0,0.0669337809085846,8e-05,0.16113972663879395,0.0
11000.0,11000.0,28.0,0.055028319358825684,8e-05,0.1903536170721054,0.0
11001.0,11001.0,28.0,0.05942631512880325,8e-05,0.11023424565792084,0.0
11002.0,11002.0,28.0,0.062144361436367035,8e-05,0.09985101968050003,0.0
11003.0,11003.0,28.0,0.05810214579105377,8e-05,0.08090122789144516,0.0
11004.0,11004.0,28.0,0.056902848184108734,8e-05,0.09753935039043427,0.0
11005.0,11005.0,28.0,0.0592520534992218,8e-05,0.10783988237380981,0.0
11006.0,11006.0,28.0,0.04851584881544113,8e-05,0.17547382414340973,0.0
11007.0,11007.0,28.0,0.06177480146288872,8e-05,0.14375978708267212,0.0
11008.0,11008.0,28.0,0.05608917027711868,8e-05,0.13418042659759521,0.0
11009.0,11009.0,28.0,0.04536261782050133,8e-05,0.07403746992349625,0.0
11010.0,11010.0,28.0,0.06249059736728668,8e-05,0.14059840142726898,0.0
11011.0,11011.0,28.0,0.051164351403713226,8e-05,0.18091028928756714,0.0
11012.0,11012.0,28.0,0.06504102051258087,8e-05,0.08583340793848038,0.0
11013.0,11013.0,28.0,0.05801648646593094,8e-05,0.17713190615177155,0.0
11014.0,11014.0,28.0,0.047537922859191895,8e-05,0.10358721017837524,0.0
11015.0,11015.0,28.0,0.06404022872447968,8e-05,0.15197159349918365,0.0
11016.0,11016.0,28.0,0.06040759012103081,8e-05,0.11338075250387192,0.0
11017.0,11017.0,28.0,0.05874047055840492,8e-05,0.13206332921981812,0.0
11018.0,11018.0,28.0,0.06441166996955872,8e-05,0.11107081919908524,0.0
11019.0,11019.0,28.0,0.06953341513872147,8e-05,0.11595525592565536,0.0
11020.0,11020.0,28.0,0.05886667221784592,8e-05,0.14189191162586212,0.0
11021.0,11021.0,28.0,0.06084069609642029,8e-05,0.08273512870073318,0.0
11022.0,11022.0,28.0,0.044183943420648575,8e-05,0.09551571309566498,0.0
11023.0,11023.0,28.0,0.06029883772134781,8e-05,0.08771347999572754,0.0
11024.0,11024.0,28.0,0.055826425552368164,8e-05,0.08232580125331879,0.0
11025.0,11025.0,28.0,0.05831264704465866,8e-05,0.06596503406763077,0.0
11026.0,11026.0,28.0,0.06080050766468048,8e-05,0.07502376288175583,0.0
11027.0,11027.0,28.0,0.061083368957042694,8e-05,0.08007270842790604,0.0
11028.0,11028.0,28.0,0.054831452667713165,8e-05,0.10630388557910919,0.0
11029.0,11029.0,28.0,0.051664356142282486,8e-05,0.10170470178127289,0.0
11030.0,11030.0,28.0,0.06334904581308365,8e-05,0.1081351637840271,0.0
11031.0,11031.0,28.0,0.05508624389767647,8e-05,0.07944678515195847,0.0
11032.0,11032.0,28.0,0.05776028335094452,8e-05,0.10955661535263062,0.0
11033.0,11033.0,28.0,0.055762145668268204,8e-05,0.07406194508075714,0.0
11034.0,11034.0,28.0,0.06535176187753677,8e-05,0.14050398766994476,0.0
11035.0,11035.0,28.0,0.05009259283542633,8e-05,0.0807628408074379,0.0
11036.0,11036.0,28.0,0.05158519744873047,8e-05,0.11767148226499557,0.0
11037.0,11037.0,28.0,0.058098532259464264,8e-05,0.0885959267616272,0.0
11038.0,11038.0,28.0,0.05254952609539032,8e-05,0.11384651064872742,0.0
11039.0,11039.0,28.0,0.05311758071184158,8e-05,0.08822587877511978,0.0
11040.0,11040.0,28.0,0.05332896113395691,8e-05,0.0658804401755333,0.0
11041.0,11041.0,28.0,0.049360305070877075,8e-05,0.06687086820602417,0.0
11042.0,11042.0,28.0,0.05770404636859894,8e-05,0.13840621709823608,0.0
11043.0,11043.0,28.0,0.04659420996904373,8e-05,0.08547317236661911,0.0
11044.0,11044.0,28.0,0.056623417884111404,8e-05,0.15688389539718628,0.0
11045.0,11045.0,28.0,0.05015245079994202,8e-05,0.12345796823501587,0.0
11046.0,11046.0,28.0,0.04203107953071594,8e-05,0.1166970431804657,0.0
11047.0,11047.0,28.0,0.04526075720787048,8e-05,0.09102936834096909,0.0
11048.0,11048.0,28.0,0.05100981891155243,8e-05,0.08975064009428024,0.0
11049.0,11049.0,28.0,0.05964634567499161,8e-05,0.11001181602478027,0.0
11050.0,11050.0,28.0,0.0661468505859375,8e-05,0.07960536330938339,0.0
11051.0,11051.0,28.0,0.04688860476016998,8e-05,0.06259128451347351,0.0
11052.0,11052.0,28.0,0.050232164561748505,8e-05,0.15529870986938477,0.0
11053.0,11053.0,28.0,0.06659944355487823,8e-05,0.0822824090719223,0.0
11054.0,11054.0,28.0,0.051668956875801086,8e-05,0.08279584348201752,0.0
11055.0,11055.0,28.0,0.06326138973236084,8e-05,0.1798984855413437,0.0
11056.0,11056.0,28.0,0.06140938773751259,8e-05,0.09315888583660126,0.0
11057.0,11057.0,28.0,0.057388272136449814,8e-05,0.1653938889503479,0.0
11058.0,11058.0,28.0,0.0576300248503685,8e-05,0.09618059545755386,0.0
11059.0,11059.0,28.0,0.054241281002759933,8e-05,0.13054397702217102,0.0
11060.0,11060.0,28.0,0.055480167269706726,8e-05,0.13822168111801147,0.0
11061.0,11061.0,28.0,0.05221032351255417,8e-05,0.094307541847229,0.0
11062.0,11062.0,28.0,0.058285802602767944,8e-05,0.14059096574783325,0.0
11063.0,11063.0,28.0,0.050209201872348785,8e-05,0.15166738629341125,0.0
11064.0,11064.0,28.0,0.062355853617191315,8e-05,0.08761563897132874,0.0
11065.0,11065.0,28.0,0.046223193407058716,8e-05,0.17619797587394714,0.0
11066.0,11066.0,28.0,0.07315327972173691,8e-05,0.07416948676109314,0.0
11067.0,11067.0,28.0,0.05257636308670044,8e-05,0.09993162751197815,0.0
11068.0,11068.0,28.0,0.056207168847322464,8e-05,0.18572357296943665,0.0
11069.0,11069.0,28.0,0.061373960226774216,8e-05,0.09214825928211212,0.0
11070.0,11070.0,28.0,0.052403032779693604,8e-05,0.14480267465114594,0.0
11071.0,11071.0,28.0,0.06425020843744278,8e-05,0.13054005801677704,0.0
11072.0,11072.0,28.0,0.05054206773638725,8e-05,0.14716409146785736,0.0
11073.0,11073.0,28.0,0.05614478141069412,8e-05,0.13888873159885406,0.0
11074.0,11074.0,28.0,0.061723507940769196,8e-05,0.11037269234657288,0.0
11075.0,11075.0,28.0,0.05069155991077423,8e-05,0.08062437921762466,0.0
11076.0,11076.0,28.0,0.045243214815855026,8e-05,0.10617144405841827,0.0
11077.0,11077.0,28.0,0.04796050116419792,8e-05,0.1026865616440773,0.0
11078.0,11078.0,28.0,0.05361458659172058,8e-05,0.07471287250518799,0.0
11079.0,11079.0,28.0,0.05253106355667114,8e-05,0.10074905306100845,0.0
11080.0,11080.0,28.0,0.06007203832268715,8e-05,0.06677531450986862,0.0
11081.0,11081.0,28.0,0.04678715020418167,8e-05,0.08175275474786758,0.0
11082.0,11082.0,28.0,0.049335308372974396,8e-05,0.10687583684921265,0.0
11083.0,11083.0,28.0,0.05973818898200989,8e-05,0.0963170975446701,0.0
11084.0,11084.0,28.0,0.061531949788331985,8e-05,0.10774276405572891,0.0
11085.0,11085.0,28.0,0.05920178443193436,8e-05,0.0717087835073471,0.0
11086.0,11086.0,28.0,0.05360264331102371,8e-05,0.11358076333999634,0.0
11087.0,11087.0,28.0,0.04756266623735428,8e-05,0.06781688332557678,0.0
11088.0,11088.0,28.0,0.06046104058623314,8e-05,0.13892149925231934,0.0
11089.0,11089.0,28.0,0.06557699292898178,8e-05,0.09725866466760635,0.0
11090.0,11090.0,28.0,0.04971490055322647,8e-05,0.13122251629829407,0.0
11091.0,11091.0,28.0,0.0623624213039875,8e-05,0.09385571628808975,0.0
11092.0,11092.0,28.0,0.06333333253860474,8e-05,0.10342060029506683,0.0
11093.0,11093.0,28.0,0.053734518587589264,8e-05,0.08420851081609726,0.0
11094.0,11094.0,28.0,0.06131598353385925,8e-05,0.09444677084684372,0.0
11095.0,11095.0,28.0,0.07156066596508026,8e-05,0.06529378890991211,0.0
11096.0,11096.0,28.0,0.05250752717256546,8e-05,0.08026449382305145,0.0
11097.0,11097.0,28.0,0.07576884329319,8e-05,0.06741408258676529,0.0
11098.0,11098.0,28.0,0.06202644482254982,8e-05,0.06445381045341492,0.0
11099.0,11099.0,28.0,0.05230818688869476,8e-05,0.06827352941036224,0.0
11100.0,11100.0,28.0,0.0631125196814537,8e-05,0.06483543664216995,0.0
11101.0,11101.0,28.0,0.07177730649709702,8e-05,0.08291273564100266,0.0
11102.0,11102.0,28.0,0.052064329385757446,8e-05,0.061841122806072235,0.0
11103.0,11103.0,28.0,0.06556278467178345,8e-05,0.0815110132098198,0.0
11104.0,11104.0,28.0,0.04605896770954132,8e-05,0.08155795186758041,0.0
11105.0,11105.0,28.0,0.06481827050447464,8e-05,0.07447286695241928,0.0
11106.0,11106.0,28.0,0.05688169598579407,8e-05,0.1116214469075203,0.0
11107.0,11107.0,28.0,0.05191954970359802,8e-05,0.08842449635267258,0.0
11108.0,11108.0,28.0,0.051121536642313004,8e-05,0.10763539373874664,0.0
11109.0,11109.0,28.0,0.05055910721421242,8e-05,0.10358567535877228,0.0
11110.0,11110.0,28.0,0.06677588820457458,8e-05,0.09771700203418732,0.0
11111.0,11111.0,28.0,0.06583182513713837,8e-05,0.06713810563087463,0.0
11112.0,11112.0,28.0,0.05475729703903198,8e-05,0.13974963128566742,0.0
11113.0,11113.0,28.0,0.055933937430381775,8e-05,0.1008877232670784,0.0
11114.0,11114.0,28.0,0.0551716610789299,8e-05,0.13573214411735535,0.0
11115.0,11115.0,28.0,0.07739397883415222,8e-05,0.0807778462767601,0.0
11116.0,11116.0,28.0,0.054546795785427094,8e-05,0.16155238449573517,0.0
11117.0,11117.0,28.0,0.05154774338006973,8e-05,0.12457086145877838,0.0
11118.0,11118.0,28.0,0.06244651600718498,8e-05,0.14597445726394653,0.0
11119.0,11119.0,28.0,0.054150745272636414,8e-05,0.18714812397956848,0.0
11120.0,11120.0,28.0,0.04315038025379181,8e-05,0.1299690306186676,0.0
11121.0,11121.0,28.0,0.06091772019863129,8e-05,0.13830944895744324,0.0
11122.0,11122.0,28.0,0.05421891808509827,8e-05,0.08217138797044754,0.0
11123.0,11123.0,28.0,0.04983827471733093,8e-05,0.1607263833284378,0.0
11124.0,11124.0,28.0,0.053247809410095215,8e-05,0.09317819029092789,0.0
11125.0,11125.0,28.0,0.06917102634906769,8e-05,0.0915367528796196,0.0
11126.0,11126.0,28.0,0.052417904138565063,8e-05,0.14369937777519226,0.0
11127.0,11127.0,28.0,0.05686090141534805,8e-05,0.13916657865047455,0.0
11128.0,11128.0,28.0,0.05518293380737305,8e-05,0.10418830066919327,0.0
11129.0,11129.0,28.0,0.05627387762069702,8e-05,0.17774958908557892,0.0
11130.0,11130.0,28.0,0.061401642858982086,8e-05,0.1550523042678833,0.0
11131.0,11131.0,28.0,0.05388050526380539,8e-05,0.07575836032629013,0.0
11132.0,11132.0,28.0,0.06570999324321747,8e-05,0.2058568149805069,0.0
11133.0,11133.0,28.0,0.04774271696805954,8e-05,0.18848669528961182,0.0
11134.0,11134.0,28.0,0.04660108685493469,8e-05,0.09566784650087357,0.0
11135.0,11135.0,28.0,0.06485971808433533,8e-05,0.14425264298915863,0.0
11136.0,11136.0,28.0,0.06306812167167664,8e-05,0.13469994068145752,0.0
11137.0,11137.0,28.0,0.0739215612411499,8e-05,0.10926734656095505,0.0
11138.0,11138.0,28.0,0.06425084918737411,8e-05,0.10416535288095474,0.0
11139.0,11139.0,28.0,0.062303125858306885,8e-05,0.1361069530248642,0.0
11140.0,11140.0,28.0,0.04939645528793335,8e-05,0.10146049410104752,0.0
11141.0,11141.0,28.0,0.05040089040994644,8e-05,0.08494826406240463,0.0
11142.0,11142.0,28.0,0.04479360952973366,8e-05,0.1590656191110611,0.0
11143.0,11143.0,28.0,0.06312760710716248,8e-05,0.06480022519826889,0.0
11144.0,11144.0,28.0,0.06776949018239975,8e-05,0.08368023484945297,0.0
11145.0,11145.0,28.0,0.059302836656570435,8e-05,0.12697887420654297,0.0
11146.0,11146.0,28.0,0.07146716862916946,8e-05,0.09192421287298203,0.0
11147.0,11147.0,28.0,0.06209211051464081,8e-05,0.1242791935801506,0.0
11148.0,11148.0,28.0,0.06853789836168289,8e-05,0.10601696372032166,0.0
11149.0,11149.0,28.0,0.06265582144260406,8e-05,0.10532121360301971,0.0
11150.0,11150.0,28.0,0.05187058448791504,8e-05,0.14427275955677032,0.0
11151.0,11151.0,28.0,0.04852696880698204,8e-05,0.07663834095001221,0.0
11152.0,11152.0,28.0,0.056748755276203156,8e-05,0.161018967628479,0.0
11153.0,11153.0,28.0,0.04664485156536102,8e-05,0.06747328490018845,0.0
11154.0,11154.0,28.0,0.061147578060626984,8e-05,0.10926735401153564,0.0
11155.0,11155.0,28.0,0.06056852638721466,8e-05,0.19237543642520905,0.0
11156.0,11156.0,28.0,0.0670989453792572,8e-05,0.0793423056602478,0.0
11157.0,11157.0,28.0,0.05334104597568512,8e-05,0.22048276662826538,0.0
11158.0,11158.0,28.0,0.05820343643426895,8e-05,0.12007591128349304,0.0
11159.0,11159.0,28.0,0.05855663865804672,8e-05,0.07009552419185638,0.0
11160.0,11160.0,28.0,0.058415550738573074,8e-05,0.19848908483982086,0.0
11161.0,11161.0,28.0,0.062121421098709106,8e-05,0.10752134025096893,0.0
11162.0,11162.0,28.0,0.0636071264743805,8e-05,0.1372349113225937,0.0
11163.0,11163.0,28.0,0.0701252669095993,8e-05,0.14124539494514465,0.0
11164.0,11164.0,28.0,0.06986313313245773,8e-05,0.11362274736166,0.0
11165.0,11165.0,28.0,0.056385453790426254,8e-05,0.11040155589580536,0.0
11166.0,11166.0,28.0,0.05376134067773819,8e-05,0.1227298378944397,0.0
11167.0,11167.0,28.0,0.05466468259692192,8e-05,0.10432606935501099,0.0
11168.0,11168.0,28.0,0.05427200719714165,8e-05,0.12991786003112793,0.0
11169.0,11169.0,28.0,0.06421505659818649,8e-05,0.136175736784935,0.0
11170.0,11170.0,28.0,0.054316505789756775,8e-05,0.15446290373802185,0.0
11171.0,11171.0,28.0,0.05977953225374222,8e-05,0.10487592220306396,0.0
11172.0,11172.0,28.0,0.058945298194885254,8e-05,0.13791663944721222,0.0
11173.0,11173.0,28.0,0.05371477082371712,8e-05,0.07539457082748413,0.0
11174.0,11174.0,28.0,0.058771003037691116,8e-05,0.15031437575817108,0.0
11175.0,11175.0,28.0,0.05328996852040291,8e-05,0.10786309838294983,0.0
11176.0,11176.0,28.0,0.05547545105218887,8e-05,0.09499648213386536,0.0
11177.0,11177.0,28.0,0.04901368170976639,8e-05,0.10518519580364227,0.0
11178.0,11178.0,28.0,0.0597948357462883,8e-05,0.0870707631111145,0.0
11179.0,11179.0,28.0,0.053731437772512436,8e-05,0.08444759249687195,0.0
11180.0,11180.0,28.0,0.05125635117292404,8e-05,0.10886943340301514,0.0
11181.0,11181.0,28.0,0.065946564078331,8e-05,0.0821353867650032,0.0
11182.0,11182.0,28.0,0.06103849783539772,8e-05,0.07341918349266052,0.0
11183.0,11183.0,28.0,0.07038362324237823,8e-05,0.1360640823841095,0.0
11184.0,11184.0,28.0,0.0689869225025177,8e-05,0.10719361901283264,0.0
11185.0,11185.0,28.0,0.05786646157503128,8e-05,0.15554483234882355,0.0
11186.0,11186.0,28.0,0.04890112578868866,8e-05,0.06827374547719955,0.0
11187.0,11187.0,28.0,0.057205405086278915,8e-05,0.06867095082998276,0.0
11188.0,11188.0,28.0,0.061196062713861465,8e-05,0.0704611986875534,0.0
11189.0,11189.0,28.0,0.060360878705978394,8e-05,0.07086498290300369,0.0
11190.0,11190.0,28.0,0.061037179082632065,8e-05,0.08614358305931091,0.0
11191.0,11191.0,28.0,0.04872971028089523,8e-05,0.12599541246891022,0.0
11192.0,11192.0,28.0,0.053050607442855835,8e-05,0.08338562399148941,0.0
11193.0,11193.0,28.0,0.05631743371486664,8e-05,0.09818223118782043,0.0
11194.0,11194.0,28.0,0.04781479761004448,8e-05,0.0609796904027462,0.0
11195.0,11195.0,28.0,0.06220265477895737,8e-05,0.09476704895496368,0.0
11196.0,11196.0,28.0,0.0564052015542984,8e-05,0.12572668492794037,0.0
11197.0,11197.0,28.0,0.049131397157907486,8e-05,0.09222479164600372,0.0
11198.0,11198.0,28.0,0.06877407431602478,8e-05,0.1070551797747612,0.0
11199.0,11199.0,28.0,0.06706630438566208,8e-05,0.1030651405453682,0.0
11200.0,11200.0,28.0,0.04878678172826767,8e-05,0.11008407175540924,0.0
11201.0,11201.0,28.0,0.04809381067752838,8e-05,0.14908777177333832,0.0
11202.0,11202.0,28.0,0.07932721078395844,8e-05,0.1926991194486618,0.0
11203.0,11203.0,28.0,0.0462522879242897,8e-05,0.11915167421102524,0.0
11204.0,11204.0,28.0,0.05481919273734093,8e-05,0.19760222733020782,0.0
11205.0,11205.0,28.0,0.05138493329286575,8e-05,0.14683093130588531,0.0
11206.0,11206.0,28.0,0.0655585303902626,8e-05,0.15401166677474976,0.0
11207.0,11207.0,28.0,0.054699815809726715,8e-05,0.1451461762189865,0.0
11208.0,11208.0,28.0,0.051815468817949295,8e-05,0.12780915200710297,0.0
11209.0,11209.0,28.0,0.056140173226594925,8e-05,0.13490524888038635,0.0
11210.0,11210.0,28.0,0.06827076524496078,8e-05,0.13405580818653107,0.0
11211.0,11211.0,28.0,0.05704007297754288,8e-05,0.16011746227741241,0.0
11212.0,11212.0,28.0,0.05208174139261246,8e-05,0.10467485338449478,0.0
11213.0,11213.0,28.0,0.04519760608673096,8e-05,0.11754448711872101,0.0
11214.0,11214.0,28.0,0.0593193918466568,8e-05,0.1277463287115097,0.0
11215.0,11215.0,28.0,0.05341696739196777,8e-05,0.08880071341991425,0.0
11216.0,11216.0,28.0,0.0533028319478035,8e-05,0.08346899598836899,0.0
11217.0,11217.0,28.0,0.0592215470969677,8e-05,0.10434390604496002,0.0
11218.0,11218.0,28.0,0.054444313049316406,8e-05,0.09613346308469772,0.0
11219.0,11219.0,28.0,0.0799366682767868,8e-05,0.15496915578842163,0.0
11220.0,11220.0,28.0,0.04754622280597687,8e-05,0.06508027017116547,0.0
11221.0,11221.0,28.0,0.04819469898939133,8e-05,0.17814336717128754,0.0
11222.0,11222.0,28.0,0.05488426983356476,8e-05,0.07514552026987076,0.0
11223.0,11223.0,28.0,0.056909359991550446,8e-05,0.1328231543302536,0.0
11224.0,11224.0,28.0,0.07979391515254974,8e-05,0.0850982591509819,0.0
11225.0,11225.0,28.0,0.061871208250522614,8e-05,0.10350236296653748,0.0
11226.0,11226.0,28.0,0.06390925496816635,8e-05,0.09653822332620621,0.0
11227.0,11227.0,28.0,0.054920196533203125,8e-05,0.0997479185461998,0.0
11228.0,11228.0,28.0,0.05148616060614586,8e-05,0.16174279153347015,0.0
11229.0,11229.0,28.0,0.06716395914554596,8e-05,0.09792056679725647,0.0
11230.0,11230.0,28.0,0.05746135860681534,8e-05,0.152532160282135,0.0
11231.0,11231.0,28.0,0.0535363033413887,8e-05,0.1267917901277542,0.0
11232.0,11232.0,28.0,0.047129977494478226,8e-05,0.1539965122938156,0.0
11233.0,11233.0,28.0,0.051436152309179306,8e-05,0.17449338734149933,0.0
11234.0,11234.0,28.0,0.07855857908725739,8e-05,0.1687299609184265,0.0
11235.0,11235.0,28.0,0.05044170096516609,8e-05,0.18965962529182434,0.0
11236.0,11236.0,28.0,0.04950663447380066,8e-05,0.12369793653488159,0.0
11237.0,11237.0,28.0,0.062330834567546844,8e-05,0.2230677306652069,0.0
11238.0,11238.0,28.0,0.05899880453944206,8e-05,0.11641447246074677,0.0
11239.0,11239.0,28.0,0.06139235571026802,8e-05,0.21043939888477325,0.0
11240.0,11240.0,28.0,0.05286068469285965,8e-05,0.12136021256446838,0.0
11241.0,11241.0,28.0,0.05622236430644989,8e-05,0.12957552075386047,0.0
11242.0,11242.0,28.0,0.067257359623909,8e-05,0.10910183936357498,0.0
11243.0,11243.0,28.0,0.06408636271953583,8e-05,0.06393745541572571,0.0
11244.0,11244.0,28.0,0.057768821716308594,8e-05,0.10237187147140503,0.0
11245.0,11245.0,28.0,0.06033503636717796,8e-05,0.07279320806264877,0.0
11246.0,11246.0,28.0,0.06480816751718521,8e-05,0.07820069789886475,0.0
11247.0,11247.0,28.0,0.05705269053578377,8e-05,0.14405962824821472,0.0
11248.0,11248.0,28.0,0.05441194772720337,8e-05,0.10810281336307526,0.0
11249.0,11249.0,28.0,0.054928820580244064,8e-05,0.11888737976551056,0.0
11250.0,11250.0,28.0,0.04920292645692825,8e-05,0.07645462453365326,0.0
11251.0,11251.0,28.0,0.05639949440956116,8e-05,0.10631173104047775,0.0
11252.0,11252.0,28.0,0.07101728022098541,8e-05,0.07621446251869202,0.0
11253.0,11253.0,28.0,0.051194410771131516,8e-05,0.10444171726703644,0.0
11254.0,11254.0,28.0,0.05811440199613571,8e-05,0.07953324913978577,0.0
11255.0,11255.0,28.0,0.05891632288694382,8e-05,0.09818203747272491,0.0
11256.0,11256.0,28.0,0.04772977530956268,8e-05,0.07447446882724762,0.0
11257.0,11257.0,28.0,0.053582046180963516,8e-05,0.06803196668624878,0.0
11258.0,11258.0,28.0,0.06597086787223816,8e-05,0.0649670660495758,0.0
11259.0,11259.0,28.0,0.08025422692298889,8e-05,0.10325278341770172,0.0
11260.0,11260.0,28.0,0.060188062489032745,8e-05,0.09250525385141373,0.0
11261.0,11261.0,28.0,0.05125964432954788,8e-05,0.11621896177530289,0.0
11262.0,11262.0,28.0,0.052793003618717194,8e-05,0.10226341336965561,0.0
11263.0,11263.0,28.0,0.04892982542514801,8e-05,0.1191689595580101,0.0
11264.0,11264.0,28.0,0.07374913990497589,8e-05,0.10109173506498337,0.0
11265.0,11265.0,28.0,0.05189108848571777,8e-05,0.09275712072849274,0.0
11266.0,11266.0,28.0,0.05296164005994797,8e-05,0.08595374971628189,0.0
11267.0,11267.0,28.0,0.06016149744391441,8e-05,0.09820521622896194,0.0
11268.0,11268.0,28.0,0.059876225888729095,8e-05,0.1217375323176384,0.0
11269.0,11269.0,28.0,0.04112439975142479,8e-05,0.06937994807958603,0.0
11270.0,11270.0,28.0,0.05327128246426582,8e-05,0.13290998339653015,0.0
11271.0,11271.0,28.0,0.052403077483177185,8e-05,0.08409856259822845,0.0
11272.0,11272.0,28.0,0.05163250118494034,8e-05,0.08407462388277054,0.0
11273.0,11273.0,28.0,0.05443345010280609,8e-05,0.12498345971107483,0.0
11274.0,11274.0,28.0,0.0518878772854805,8e-05,0.07363218814134598,0.0
11275.0,11275.0,28.0,0.06011245399713516,8e-05,0.1130913570523262,0.0
11276.0,11276.0,28.0,0.053608931601047516,8e-05,0.11887384951114655,0.0
11277.0,11277.0,28.0,0.058510106056928635,8e-05,0.07046051323413849,0.0
11278.0,11278.0,28.0,0.060470014810562134,8e-05,0.1444092094898224,0.0
11279.0,11279.0,28.0,0.05386430397629738,8e-05,0.08048242330551147,0.0
11280.0,11280.0,28.0,0.0621262863278389,8e-05,0.09149181097745895,0.0
11281.0,11281.0,28.0,0.0531194731593132,8e-05,0.0715775191783905,0.0
11282.0,11282.0,28.0,0.047031089663505554,8e-05,0.07929041981697083,0.0
11283.0,11283.0,28.0,0.04854153096675873,8e-05,0.08228317648172379,0.0
11284.0,11284.0,28.0,0.06422353535890579,8e-05,0.07616394758224487,0.0
11285.0,11285.0,28.0,0.06236821413040161,8e-05,0.13732600212097168,0.0
11286.0,11286.0,28.0,0.05551791936159134,8e-05,0.09641967713832855,0.0
11287.0,11287.0,28.0,0.0539616160094738,8e-05,0.09159531444311142,0.0
11288.0,11288.0,28.0,0.05190594494342804,8e-05,0.10191211104393005,0.0
11289.0,11289.0,28.0,0.054205089807510376,8e-05,0.11696689575910568,0.0
11290.0,11290.0,28.0,0.060442421585321426,8e-05,0.12207479774951935,0.0
11291.0,11291.0,28.0,0.04432035982608795,8e-05,0.09395943582057953,0.0
11292.0,11292.0,28.0,0.061260201036930084,8e-05,0.06128697842359543,0.0
11293.0,11293.0,28.0,0.05653788149356842,8e-05,0.1147804707288742,0.0
11294.0,11294.0,28.0,0.0480085164308548,8e-05,0.05576109513640404,0.0
11295.0,11295.0,28.0,0.04947974532842636,8e-05,0.08564924448728561,0.0
11296.0,11296.0,28.0,0.04955235868692398,8e-05,0.09683570265769958,0.0
11297.0,11297.0,28.0,0.06049623712897301,8e-05,0.1434573531150818,0.0
11298.0,11298.0,28.0,0.06364144384860992,8e-05,0.0708494484424591,0.0
11299.0,11299.0,28.0,0.05973544716835022,8e-05,0.08738429099321365,0.0
11300.0,11300.0,28.0,0.0669703334569931,8e-05,0.09580180794000626,0.0
11301.0,11301.0,28.0,0.06150098890066147,8e-05,0.09299936890602112,0.0
11302.0,11302.0,28.0,0.04980527237057686,8e-05,0.11050957441329956,0.0
11303.0,11303.0,28.0,0.0690803974866867,8e-05,0.057243846356868744,0.0
11304.0,11304.0,28.0,0.04868406802415848,8e-05,0.08777691423892975,0.0
11305.0,11305.0,28.0,0.05382422357797623,8e-05,0.10322088748216629,0.0
11306.0,11306.0,28.0,0.05689853057265282,8e-05,0.10822159051895142,0.0
11307.0,11307.0,28.0,0.06580978631973267,8e-05,0.10418914258480072,0.0
11308.0,11308.0,28.0,0.06635547429323196,8e-05,0.18294323980808258,0.0
11309.0,11309.0,28.0,0.060150451958179474,8e-05,0.09482864290475845,0.0
11310.0,11310.0,28.0,0.048594724386930466,8e-05,0.12760718166828156,0.0
11311.0,11311.0,29.0,0.051268719136714935,8e-05,0.073443204164505,0.0
11312.0,11312.0,29.0,0.0471029207110405,8e-05,0.06989868730306625,0.0
11313.0,11313.0,29.0,0.06148933991789818,8e-05,0.11681003868579865,0.0
11314.0,11314.0,29.0,0.06541896611452103,8e-05,0.06411720812320709,0.0
11315.0,11315.0,29.0,0.0496782548725605,8e-05,0.11633340269327164,0.0
11316.0,11316.0,29.0,0.05435645580291748,8e-05,0.08922866731882095,0.0
11317.0,11317.0,29.0,0.051021773368120193,8e-05,0.11229129135608673,0.0
11318.0,11318.0,29.0,0.05328592658042908,8e-05,0.0764082595705986,0.0
11319.0,11319.0,29.0,0.05948930233716965,8e-05,0.11671856045722961,0.0
11320.0,11320.0,29.0,0.04901311919093132,8e-05,0.07962720096111298,0.0
11321.0,11321.0,29.0,0.0661546066403389,8e-05,0.16122111678123474,0.0
11322.0,11322.0,29.0,0.05621616542339325,8e-05,0.12849187850952148,0.0
11323.0,11323.0,29.0,0.053441572934389114,8e-05,0.19679094851016998,0.0
11324.0,11324.0,29.0,0.051842644810676575,8e-05,0.1197834312915802,0.0
11325.0,11325.0,29.0,0.05023635923862457,8e-05,0.1752900928258896,0.0
11326.0,11326.0,29.0,0.05117741599678993,8e-05,0.16398203372955322,0.0
11327.0,11327.0,29.0,0.055253952741622925,8e-05,0.12903551757335663,0.0
11328.0,11328.0,29.0,0.06112707778811455,8e-05,0.16472359001636505,0.0
11329.0,11329.0,29.0,0.0590609535574913,8e-05,0.2042156308889389,0.0
11330.0,11330.0,29.0,0.06078029423952103,8e-05,0.12033006548881531,0.0
11331.0,11331.0,29.0,0.0542612224817276,8e-05,0.17446820437908173,0.0
11332.0,11332.0,29.0,0.055989280343055725,8e-05,0.1801755577325821,0.0
11333.0,11333.0,29.0,0.06201602891087532,8e-05,0.11203025281429291,0.0
11334.0,11334.0,29.0,0.05491962283849716,8e-05,0.15680399537086487,0.0
11335.0,11335.0,29.0,0.06735554337501526,8e-05,0.14270247519016266,0.0
11336.0,11336.0,29.0,0.04370597004890442,8e-05,0.1744503676891327,0.0
11337.0,11337.0,29.0,0.06115780770778656,8e-05,0.1797776073217392,0.0
11338.0,11338.0,29.0,0.06182670220732689,8e-05,0.08508477360010147,0.0
11339.0,11339.0,29.0,0.05725621059536934,8e-05,0.19915789365768433,0.0
11340.0,11340.0,29.0,0.06561148166656494,8e-05,0.13277862966060638,0.0
11341.0,11341.0,29.0,0.056931160390377045,8e-05,0.14402981102466583,0.0
11342.0,11342.0,29.0,0.059431612491607666,8e-05,0.1637628972530365,0.0
11343.0,11343.0,29.0,0.05506420135498047,8e-05,0.08993732184171677,0.0
11344.0,11344.0,29.0,0.05322861298918724,8e-05,0.13722865283489227,0.0
11345.0,11345.0,29.0,0.059415481984615326,8e-05,0.10296276956796646,0.0
11346.0,11346.0,29.0,0.0537940189242363,8e-05,0.19712427258491516,0.0
11347.0,11347.0,29.0,0.05759214609861374,8e-05,0.10497573763132095,0.0
11348.0,11348.0,29.0,0.0621456652879715,8e-05,0.1799701303243637,0.0
11349.0,11349.0,29.0,0.05357977747917175,8e-05,0.16127422451972961,0.0
11350.0,11350.0,29.0,0.051264919340610504,8e-05,0.12079552561044693,0.0
11351.0,11351.0,29.0,0.05398647487163544,8e-05,0.17591401934623718,0.0
11352.0,11352.0,29.0,0.07010053098201752,8e-05,0.10660775750875473,0.0
11353.0,11353.0,29.0,0.04549866542220116,8e-05,0.17739710211753845,0.0
11354.0,11354.0,29.0,0.050480976700782776,8e-05,0.1399655044078827,0.0
11355.0,11355.0,29.0,0.05246574059128761,8e-05,0.16810756921768188,0.0
11356.0,11356.0,29.0,0.05926648527383804,8e-05,0.11934525519609451,0.0
11357.0,11357.0,29.0,0.05746933072805405,8e-05,0.15607477724552155,0.0
11358.0,11358.0,29.0,0.06142725795507431,8e-05,0.16550064086914062,0.0
11359.0,11359.0,29.0,0.04913301393389702,8e-05,0.10962525010108948,0.0
11360.0,11360.0,29.0,0.05839655548334122,8e-05,0.18979112803936005,0.0
11361.0,11361.0,29.0,0.06711232662200928,8e-05,0.09421195089817047,0.0
11362.0,11362.0,29.0,0.06181049346923828,8e-05,0.1524735540151596,0.0
11363.0,11363.0,29.0,0.051226064562797546,8e-05,0.052690766751766205,0.0
11364.0,11364.0,29.0,0.044252652674913406,8e-05,0.14013554155826569,0.0
11365.0,11365.0,29.0,0.06045812368392944,8e-05,0.11207293719053268,0.0
11366.0,11366.0,29.0,0.06552422791719437,8e-05,0.06465443968772888,0.0
11367.0,11367.0,29.0,0.05889524146914482,8e-05,0.0818139836192131,0.0
11368.0,11368.0,29.0,0.059591904282569885,8e-05,0.07751496136188507,0.0
11369.0,11369.0,29.0,0.05597802251577377,8e-05,0.05508749186992645,0.0
11370.0,11370.0,29.0,0.052655406296253204,8e-05,0.09224109351634979,0.0
11371.0,11371.0,29.0,0.06142299994826317,8e-05,0.06525500118732452,0.0
11372.0,11372.0,29.0,0.0728621706366539,8e-05,0.1069118082523346,0.0
11373.0,11373.0,29.0,0.05725536867976189,8e-05,0.08897989988327026,0.0
11374.0,11374.0,29.0,0.056312281638383865,8e-05,0.07075163722038269,0.0
11375.0,11375.0,29.0,0.06062084436416626,8e-05,0.09233450889587402,0.0
11376.0,11376.0,29.0,0.05695585533976555,8e-05,0.08629102259874344,0.0
11377.0,11377.0,29.0,0.06170069798827171,8e-05,0.05844690650701523,0.0
11378.0,11378.0,29.0,0.06556139886379242,8e-05,0.09722178429365158,0.0
11379.0,11379.0,29.0,0.07401731610298157,8e-05,0.13037538528442383,0.0
11380.0,11380.0,29.0,0.065818190574646,8e-05,0.0613895021378994,0.0
11381.0,11381.0,29.0,0.050227947533130646,8e-05,0.10276369005441666,0.0
11382.0,11382.0,29.0,0.06920088827610016,8e-05,0.08825298398733139,0.0
11383.0,11383.0,29.0,0.05536237731575966,8e-05,0.06849667429924011,0.0
11384.0,11384.0,29.0,0.06448058784008026,8e-05,0.0883508026599884,0.0
11385.0,11385.0,29.0,0.05224062129855156,8e-05,0.07847375422716141,0.0
11386.0,11386.0,29.0,0.05049697309732437,8e-05,0.08120068907737732,0.0
11387.0,11387.0,29.0,0.06599552184343338,8e-05,0.07730758935213089,0.0
11388.0,11388.0,29.0,0.05092865228652954,8e-05,0.07483332604169846,0.0
11389.0,11389.0,29.0,0.045201219618320465,8e-05,0.08178158104419708,0.0
11390.0,11390.0,29.0,0.06924597918987274,8e-05,0.1325114518404007,0.0
11391.0,11391.0,29.0,0.052859432995319366,8e-05,0.06443997472524643,0.0
11392.0,11392.0,29.0,0.04499606788158417,8e-05,0.1535973697900772,0.0
11393.0,11393.0,29.0,0.06910604238510132,8e-05,0.10132216662168503,0.0
11394.0,11394.0,29.0,0.06664031744003296,8e-05,0.06729020178318024,0.0
11395.0,11395.0,29.0,0.05184130370616913,8e-05,0.1359667330980301,0.0
11396.0,11396.0,29.0,0.04139397293329239,8e-05,0.0571305975317955,0.0
11397.0,11397.0,29.0,0.06227581948041916,8e-05,0.0953395739197731,0.0
11398.0,11398.0,29.0,0.06364841759204865,8e-05,0.11231102794408798,0.0
11399.0,11399.0,29.0,0.05096843093633652,8e-05,0.056342728435993195,0.0
11400.0,11400.0,29.0,0.05472494661808014,8e-05,0.13434076309204102,0.0
11401.0,11401.0,29.0,0.07519097626209259,8e-05,0.11633758246898651,0.0
11402.0,11402.0,29.0,0.058349598199129105,8e-05,0.1054273471236229,0.0
11403.0,11403.0,29.0,0.058911122381687164,8e-05,0.09372442960739136,0.0
11404.0,11404.0,29.0,0.06033794581890106,8e-05,0.1183454766869545,0.0
11405.0,11405.0,29.0,0.07740285992622375,8e-05,0.15530993044376373,0.0
11406.0,11406.0,29.0,0.06409133970737457,8e-05,0.15778768062591553,0.0
11407.0,11407.0,29.0,0.05710981786251068,8e-05,0.1481458991765976,0.0
11408.0,11408.0,29.0,0.06375424563884735,8e-05,0.09812448173761368,0.0
11409.0,11409.0,29.0,0.043706268072128296,8e-05,0.09214013069868088,0.0
11410.0,11410.0,29.0,0.044329188764095306,8e-05,0.06599518656730652,0.0
11411.0,11411.0,29.0,0.05570758879184723,8e-05,0.11766801029443741,0.0
11412.0,11412.0,29.0,0.07576417922973633,8e-05,0.11232055723667145,0.0
11413.0,11413.0,29.0,0.06271524727344513,8e-05,0.11365555226802826,0.0
11414.0,11414.0,29.0,0.06047499179840088,8e-05,0.12643814086914062,0.0
11415.0,11415.0,29.0,0.054610952734947205,8e-05,0.12546662986278534,0.0
11416.0,11416.0,29.0,0.041535262018442154,8e-05,0.09534185379743576,0.0
11417.0,11417.0,29.0,0.05245623365044594,8e-05,0.09714827686548233,0.0
11418.0,11418.0,29.0,0.05527897924184799,8e-05,0.11576005816459656,0.0
11419.0,11419.0,29.0,0.05163300037384033,8e-05,0.06146916002035141,0.0
11420.0,11420.0,29.0,0.06862717866897583,8e-05,0.17076557874679565,0.0
11421.0,11421.0,29.0,0.0576377734541893,8e-05,0.1185174435377121,0.0
11422.0,11422.0,29.0,0.05983840674161911,8e-05,0.09707940369844437,0.0
11423.0,11423.0,29.0,0.05011322349309921,8e-05,0.14124298095703125,0.0
11424.0,11424.0,29.0,0.07381698489189148,8e-05,0.09214778244495392,0.0
11425.0,11425.0,29.0,0.05968784540891647,8e-05,0.1981540322303772,0.0
11426.0,11426.0,29.0,0.041382357478141785,8e-05,0.0817018374800682,0.0
11427.0,11427.0,29.0,0.050688207149505615,8e-05,0.11482097208499908,0.0
11428.0,11428.0,29.0,0.07608570903539658,8e-05,0.1038091704249382,0.0
11429.0,11429.0,29.0,0.06095809489488602,8e-05,0.09900853782892227,0.0
11430.0,11430.0,29.0,0.05934986472129822,8e-05,0.1643545776605606,0.0
11431.0,11431.0,29.0,0.08268877118825912,8e-05,0.08923017233610153,0.0
11432.0,11432.0,29.0,0.06651439517736435,8e-05,0.13787201046943665,0.0
11433.0,11433.0,29.0,0.06342146545648575,8e-05,0.12984620034694672,0.0
11434.0,11434.0,29.0,0.04633796215057373,8e-05,0.13153833150863647,0.0
11435.0,11435.0,29.0,0.061252959072589874,8e-05,0.13277818262577057,0.0
11436.0,11436.0,29.0,0.05602774769067764,8e-05,0.12603680789470673,0.0
11437.0,11437.0,29.0,0.046271152794361115,8e-05,0.11484424769878387,0.0
11438.0,11438.0,29.0,0.05354475975036621,8e-05,0.1878311038017273,0.0
11439.0,11439.0,29.0,0.05448988080024719,8e-05,0.13383568823337555,0.0
11440.0,11440.0,29.0,0.046594515442848206,8e-05,0.14021067321300507,0.0
11441.0,11441.0,29.0,0.04998724162578583,8e-05,0.10476501286029816,0.0
11442.0,11442.0,29.0,0.0627761110663414,8e-05,0.16600821912288666,0.0
11443.0,11443.0,29.0,0.055397093296051025,8e-05,0.1340930461883545,0.0
11444.0,11444.0,29.0,0.059958115220069885,8e-05,0.16188225150108337,0.0
11445.0,11445.0,29.0,0.05872165039181709,8e-05,0.05409926548600197,0.0
11446.0,11446.0,29.0,0.05433773249387741,8e-05,0.09999443590641022,0.0
11447.0,11447.0,29.0,0.04404444620013237,8e-05,0.11119868606328964,0.0
11448.0,11448.0,29.0,0.062369123101234436,8e-05,0.12839560210704803,0.0
11449.0,11449.0,29.0,0.0665418952703476,8e-05,0.13774359226226807,0.0
11450.0,11450.0,29.0,0.05266421288251877,8e-05,0.13646356761455536,0.0
11451.0,11451.0,29.0,0.03975604102015495,8e-05,0.17980889976024628,0.0
11452.0,11452.0,29.0,0.04871084541082382,8e-05,0.13971085846424103,0.0
11453.0,11453.0,29.0,0.038647301495075226,8e-05,0.09185059368610382,0.0
11454.0,11454.0,29.0,0.07702850550413132,8e-05,0.16811233758926392,0.0
11455.0,11455.0,29.0,0.04760061204433441,8e-05,0.1445886790752411,0.0
11456.0,11456.0,29.0,0.05682993307709694,8e-05,0.13134783506393433,0.0
11457.0,11457.0,29.0,0.05469094589352608,8e-05,0.24658553302288055,0.0
11458.0,11458.0,29.0,0.050029851496219635,8e-05,0.1040291115641594,0.0
11459.0,11459.0,29.0,0.06127844750881195,8e-05,0.25609245896339417,0.0
11460.0,11460.0,29.0,0.05451316386461258,8e-05,0.12120097875595093,0.0
11461.0,11461.0,29.0,0.053821761161088943,8e-05,0.11615454405546188,0.0
11462.0,11462.0,29.0,0.05882503092288971,8e-05,0.15155750513076782,0.0
11463.0,11463.0,29.0,0.04953988268971443,8e-05,0.12223706394433975,0.0
11464.0,11464.0,29.0,0.04660506173968315,8e-05,0.12193171679973602,0.0
11465.0,11465.0,29.0,0.040005382150411606,8e-05,0.19696827232837677,0.0
11466.0,11466.0,29.0,0.05275752767920494,8e-05,0.18580543994903564,0.0
11467.0,11467.0,29.0,0.05575752258300781,8e-05,0.18456369638442993,0.0
11468.0,11468.0,29.0,0.059969447553157806,8e-05,0.15415020287036896,0.0
11469.0,11469.0,29.0,0.057384856045246124,8e-05,0.20990045368671417,0.0
11470.0,11470.0,29.0,0.06030522286891937,8e-05,0.16713593900203705,0.0
11471.0,11471.0,29.0,0.05484510585665703,8e-05,0.12847885489463806,0.0
11472.0,11472.0,29.0,0.05926891416311264,8e-05,0.24426540732383728,0.0
11473.0,11473.0,29.0,0.050268448889255524,8e-05,0.23931635916233063,0.0
11474.0,11474.0,29.0,0.05117608606815338,8e-05,0.2139260172843933,0.0
11475.0,11475.0,29.0,0.04573735594749451,8e-05,0.2679755687713623,0.0
11476.0,11476.0,29.0,0.06088641285896301,8e-05,0.16710211336612701,0.0
11477.0,11477.0,29.0,0.061732493340969086,8e-05,0.1400030553340912,0.0
11478.0,11478.0,29.0,0.058122746646404266,8e-05,0.27152785658836365,0.0
11479.0,11479.0,29.0,0.055224716663360596,8e-05,0.21793028712272644,0.0
11480.0,11480.0,29.0,0.05486508831381798,8e-05,0.1497086137533188,0.0
11481.0,11481.0,29.0,0.05723370611667633,8e-05,0.30495408177375793,0.0
11482.0,11482.0,29.0,0.04931527003645897,8e-05,0.1726166307926178,0.0
11483.0,11483.0,29.0,0.05367232486605644,8e-05,0.14586985111236572,0.0
11484.0,11484.0,29.0,0.06203877180814743,8e-05,0.2799186706542969,0.0
11485.0,11485.0,29.0,0.0605359748005867,8e-05,0.22667677700519562,0.0
11486.0,11486.0,29.0,0.055745504796504974,8e-05,0.13046950101852417,0.0
11487.0,11487.0,29.0,0.0504474863409996,8e-05,0.2191406488418579,0.0
11488.0,11488.0,29.0,0.05403861403465271,8e-05,0.1884429156780243,0.0
11489.0,11489.0,29.0,0.050253551453351974,8e-05,0.09950065612792969,0.0
11490.0,11490.0,29.0,0.06493628025054932,8e-05,0.17495496571063995,0.0
11491.0,11491.0,29.0,0.05777560546994209,8e-05,0.18458868563175201,0.0
11492.0,11492.0,29.0,0.05487952381372452,8e-05,0.17135460674762726,0.0
11493.0,11493.0,29.0,0.060360077768564224,8e-05,0.12957030534744263,0.0
11494.0,11494.0,29.0,0.050683699548244476,8e-05,0.14268316328525543,0.0
11495.0,11495.0,29.0,0.049871668219566345,8e-05,0.13301914930343628,0.0
11496.0,11496.0,29.0,0.04583831503987312,8e-05,0.14485205709934235,0.0
11497.0,11497.0,29.0,0.04691547527909279,8e-05,0.10986095666885376,0.0
11498.0,11498.0,29.0,0.06887499988079071,8e-05,0.16830575466156006,0.0
11499.0,11499.0,29.0,0.0569937527179718,8e-05,0.09948014467954636,0.0
11500.0,11500.0,29.0,0.06449286639690399,8e-05,0.1887468844652176,0.0
11501.0,11501.0,29.0,0.06189265847206116,8e-05,0.08344555646181107,0.0
11502.0,11502.0,29.0,0.045517854392528534,8e-05,0.1409238576889038,0.0
11503.0,11503.0,29.0,0.054564088582992554,8e-05,0.16140568256378174,0.0
11504.0,11504.0,29.0,0.0592065192759037,8e-05,0.10311713069677353,0.0
11505.0,11505.0,29.0,0.06278294324874878,8e-05,0.12747785449028015,0.0
11506.0,11506.0,29.0,0.06253591179847717,8e-05,0.1432296484708786,0.0
11507.0,11507.0,29.0,0.055773764848709106,8e-05,0.13520756363868713,0.0
11508.0,11508.0,29.0,0.05126132071018219,8e-05,0.13653279840946198,0.0
11509.0,11509.0,29.0,0.04808730632066727,8e-05,0.12480557709932327,0.0
11510.0,11510.0,29.0,0.06121554970741272,8e-05,0.169136181473732,0.0
11511.0,11511.0,29.0,0.05061790347099304,8e-05,0.07193315029144287,0.0
11512.0,11512.0,29.0,0.056596409529447556,8e-05,0.18960712850093842,0.0
11513.0,11513.0,29.0,0.0503779873251915,8e-05,0.09085814654827118,0.0
11514.0,11514.0,29.0,0.06319861859083176,8e-05,0.12847578525543213,0.0
11515.0,11515.0,29.0,0.06400922685861588,8e-05,0.09111865609884262,0.0
11516.0,11516.0,29.0,0.0566026009619236,8e-05,0.12393095344305038,0.0
11517.0,11517.0,29.0,0.059256259351968765,8e-05,0.20629164576530457,0.0
11518.0,11518.0,29.0,0.05052051693201065,8e-05,0.1280544549226761,0.0
11519.0,11519.0,29.0,0.04536828771233559,8e-05,0.19272103905677795,0.0
11520.0,11520.0,29.0,0.06978878378868103,8e-05,0.1448812633752823,0.0
11521.0,11521.0,29.0,0.0524769127368927,8e-05,0.11801391839981079,0.0
11522.0,11522.0,29.0,0.05547342076897621,8e-05,0.19799967110157013,0.0
11523.0,11523.0,29.0,0.05352496728301048,8e-05,0.23345284163951874,0.0
11524.0,11524.0,29.0,0.04780565947294235,8e-05,0.11721884459257126,0.0
11525.0,11525.0,29.0,0.04719310998916626,8e-05,0.15024086833000183,0.0
11526.0,11526.0,29.0,0.060549259185791016,8e-05,0.11936473846435547,0.0
11527.0,11527.0,29.0,0.06121320277452469,8e-05,0.11918728798627853,0.0
11528.0,11528.0,29.0,0.05383341759443283,8e-05,0.17062059044837952,0.0
11529.0,11529.0,29.0,0.05678488314151764,8e-05,0.11821714788675308,0.0
11530.0,11530.0,29.0,0.0666591078042984,8e-05,0.1097225695848465,0.0
11531.0,11531.0,29.0,0.05973336100578308,8e-05,0.13423633575439453,0.0
11532.0,11532.0,29.0,0.07130222767591476,8e-05,0.08746718615293503,0.0
11533.0,11533.0,29.0,0.06358638405799866,8e-05,0.1009443998336792,0.0
11534.0,11534.0,29.0,0.0569397397339344,8e-05,0.13746480643749237,0.0
11535.0,11535.0,29.0,0.05063454434275627,8e-05,0.07333508878946304,0.0
11536.0,11536.0,29.0,0.04586351662874222,8e-05,0.18320409953594208,0.0
11537.0,11537.0,29.0,0.0535549558699131,8e-05,0.07434625178575516,0.0
11538.0,11538.0,29.0,0.06079143285751343,8e-05,0.20046329498291016,0.0
11539.0,11539.0,29.0,0.06601247191429138,8e-05,0.13935811817646027,0.0
11540.0,11540.0,29.0,0.06634256988763809,8e-05,0.13305582106113434,0.0
11541.0,11541.0,29.0,0.053105197846889496,8e-05,0.27419260144233704,0.0
11542.0,11542.0,29.0,0.07881490141153336,8e-05,0.0987410768866539,0.0
11543.0,11543.0,29.0,0.05226575955748558,8e-05,0.18568632006645203,0.0
11544.0,11544.0,29.0,0.06406962871551514,8e-05,0.1835738569498062,0.0
11545.0,11545.0,29.0,0.05878441035747528,8e-05,0.11015530675649643,0.0
11546.0,11546.0,29.0,0.05221021920442581,8e-05,0.12851223349571228,0.0
11547.0,11547.0,29.0,0.07009521871805191,8e-05,0.12383083999156952,0.0
11548.0,11548.0,29.0,0.06471214443445206,8e-05,0.08940869569778442,0.0
11549.0,11549.0,29.0,0.06659873574972153,8e-05,0.1070992648601532,0.0
11550.0,11550.0,29.0,0.06318908929824829,8e-05,0.13886941969394684,0.0
11551.0,11551.0,29.0,0.06093030422925949,8e-05,0.09636422246694565,0.0
11552.0,11552.0,29.0,0.05492458492517471,8e-05,0.10826827585697174,0.0
11553.0,11553.0,29.0,0.06876848638057709,8e-05,0.09714803844690323,0.0
11554.0,11554.0,29.0,0.07996000349521637,8e-05,0.09462209045886993,0.0
11555.0,11555.0,29.0,0.0653756856918335,8e-05,0.12952719628810883,0.0
11556.0,11556.0,29.0,0.07283429801464081,8e-05,0.09997545182704926,0.0
11557.0,11557.0,29.0,0.05887845903635025,8e-05,0.10142471641302109,0.0
11558.0,11558.0,29.0,0.06984686851501465,8e-05,0.1389610767364502,0.0
11559.0,11559.0,29.0,0.05245774984359741,8e-05,0.13656951487064362,0.0
11560.0,11560.0,29.0,0.06720507889986038,8e-05,0.08338852971792221,0.0
11561.0,11561.0,29.0,0.05286888778209686,8e-05,0.17546293139457703,0.0
11562.0,11562.0,29.0,0.06055793911218643,8e-05,0.1481354683637619,0.0
11563.0,11563.0,29.0,0.0724441260099411,8e-05,0.08357362449169159,0.0
11564.0,11564.0,29.0,0.06499900668859482,8e-05,0.1791973114013672,0.0
11565.0,11565.0,29.0,0.047157227993011475,8e-05,0.10975292325019836,0.0
11566.0,11566.0,29.0,0.05318174511194229,8e-05,0.11492106318473816,0.0
11567.0,11567.0,29.0,0.052793361246585846,8e-05,0.17317581176757812,0.0
11568.0,11568.0,29.0,0.07249929010868073,8e-05,0.12438741326332092,0.0
11569.0,11569.0,29.0,0.05618288740515709,8e-05,0.15859085321426392,0.0
11570.0,11570.0,29.0,0.0455918163061142,8e-05,0.1252071112394333,0.0
11571.0,11571.0,29.0,0.06213393062353134,8e-05,0.12027770280838013,0.0
11572.0,11572.0,29.0,0.06473317742347717,8e-05,0.07040400803089142,0.0
11573.0,11573.0,29.0,0.06244083121418953,8e-05,0.11727908998727798,0.0
11574.0,11574.0,29.0,0.05348788946866989,8e-05,0.10731396079063416,0.0
11575.0,11575.0,29.0,0.049291931092739105,8e-05,0.0827125534415245,0.0
11576.0,11576.0,29.0,0.045041002333164215,8e-05,0.08455393463373184,0.0
11577.0,11577.0,29.0,0.05215616896748543,8e-05,0.11218583583831787,0.0
11578.0,11578.0,29.0,0.061537083238363266,8e-05,0.06684871017932892,0.0
11579.0,11579.0,29.0,0.05784553289413452,8e-05,0.10459642112255096,0.0
11580.0,11580.0,29.0,0.05939531698822975,8e-05,0.08702389895915985,0.0
11581.0,11581.0,29.0,0.056912876665592194,8e-05,0.10406003892421722,0.0
11582.0,11582.0,29.0,0.05193810537457466,8e-05,0.12685807049274445,0.0
11583.0,11583.0,29.0,0.05319395661354065,8e-05,0.10753684490919113,0.0
11584.0,11584.0,29.0,0.05348234251141548,8e-05,0.10754906386137009,0.0
11585.0,11585.0,29.0,0.05700364708900452,8e-05,0.06749767065048218,0.0
11586.0,11586.0,29.0,0.060106310993433,8e-05,0.10563529282808304,0.0
11587.0,11587.0,29.0,0.06550221890211105,8e-05,0.12322892248630524,0.0
11588.0,11588.0,29.0,0.0552617609500885,8e-05,0.07983758300542831,0.0
11589.0,11589.0,29.0,0.06945490837097168,8e-05,0.07238391786813736,0.0
11590.0,11590.0,29.0,0.05754311382770538,8e-05,0.07885906845331192,0.0
11591.0,11591.0,29.0,0.07219991087913513,8e-05,0.11247015744447708,0.0
11592.0,11592.0,29.0,0.048672087490558624,8e-05,0.05354008823633194,0.0
11593.0,11593.0,29.0,0.05150339752435684,8e-05,0.05687416344881058,0.0
11594.0,11594.0,29.0,0.05489926040172577,8e-05,0.12037792801856995,0.0
11595.0,11595.0,29.0,0.049432624131441116,8e-05,0.11994393914937973,0.0
11596.0,11596.0,29.0,0.06528444588184357,8e-05,0.1589982658624649,0.0
11597.0,11597.0,29.0,0.047468945384025574,8e-05,0.07713513821363449,0.0
11598.0,11598.0,29.0,0.06216820329427719,8e-05,0.0623386986553669,0.0
11599.0,11599.0,29.0,0.07723020017147064,8e-05,0.16966509819030762,0.0
11600.0,11600.0,29.0,0.048413969576358795,8e-05,0.06670640408992767,0.0
11601.0,11601.0,29.0,0.05621791258454323,8e-05,0.12270969897508621,0.0
11602.0,11602.0,29.0,0.0563788041472435,8e-05,0.1198473796248436,0.0
11603.0,11603.0,29.0,0.06195925176143646,8e-05,0.11965823173522949,0.0
11604.0,11604.0,29.0,0.040860965847969055,8e-05,0.14148305356502533,0.0
11605.0,11605.0,29.0,0.050173550844192505,8e-05,0.1521066129207611,0.0
11606.0,11606.0,29.0,0.05442967265844345,8e-05,0.15204304456710815,0.0
11607.0,11607.0,29.0,0.056131236255168915,8e-05,0.11488013714551926,0.0
11608.0,11608.0,29.0,0.05174482613801956,8e-05,0.0963282436132431,0.0
11609.0,11609.0,29.0,0.05427846312522888,8e-05,0.1332695186138153,0.0
11610.0,11610.0,29.0,0.04832733795046806,8e-05,0.10404816269874573,0.0
11611.0,11611.0,29.0,0.05156831443309784,8e-05,0.09484902024269104,0.0
11612.0,11612.0,29.0,0.05563384294509888,8e-05,0.08209690451622009,0.0
11613.0,11613.0,29.0,0.05756921321153641,8e-05,0.08608107268810272,0.0
11614.0,11614.0,29.0,0.06216882914304733,8e-05,0.09820421785116196,0.0
11615.0,11615.0,29.0,0.05852741748094559,8e-05,0.07962989062070847,0.0
11616.0,11616.0,29.0,0.0609038807451725,8e-05,0.11241200566291809,0.0
11617.0,11617.0,29.0,0.06623644381761551,8e-05,0.0669146403670311,0.0
11618.0,11618.0,29.0,0.06054019555449486,8e-05,0.17527185380458832,0.0
11619.0,11619.0,29.0,0.05622320622205734,8e-05,0.11317158490419388,0.0
11620.0,11620.0,29.0,0.06182990223169327,8e-05,0.1447858065366745,0.0
11621.0,11621.0,29.0,0.07249748706817627,8e-05,0.1521424651145935,0.0
11622.0,11622.0,29.0,0.07683484256267548,8e-05,0.09763271361589432,0.0
11623.0,11623.0,29.0,0.05498789623379707,8e-05,0.11815700680017471,0.0
11624.0,11624.0,29.0,0.055194780230522156,8e-05,0.16318465769290924,0.0
11625.0,11625.0,29.0,0.05820179358124733,8e-05,0.1097639873623848,0.0
11626.0,11626.0,29.0,0.05357113480567932,8e-05,0.10320748388767242,0.0
11627.0,11627.0,29.0,0.04756534844636917,8e-05,0.2222651243209839,0.0
11628.0,11628.0,29.0,0.05240527540445328,8e-05,0.1386318802833557,0.0
11629.0,11629.0,29.0,0.04961350932717323,8e-05,0.14087796211242676,0.0
11630.0,11630.0,29.0,0.05704213306307793,8e-05,0.205267071723938,0.0
11631.0,11631.0,29.0,0.058732450008392334,8e-05,0.13313733041286469,0.0
11632.0,11632.0,29.0,0.06511835753917694,8e-05,0.06282786279916763,0.0
11633.0,11633.0,29.0,0.05684438347816467,8e-05,0.12472188472747803,0.0
11634.0,11634.0,29.0,0.0747438371181488,8e-05,0.08816751837730408,0.0
11635.0,11635.0,29.0,0.06522016227245331,8e-05,0.07075303047895432,0.0
11636.0,11636.0,29.0,0.05568977817893028,8e-05,0.1319715678691864,0.0
11637.0,11637.0,29.0,0.0710829421877861,8e-05,0.06250593811273575,0.0
11638.0,11638.0,29.0,0.058741483837366104,8e-05,0.06175074353814125,0.0
11639.0,11639.0,29.0,0.05236932635307312,8e-05,0.08906132727861404,0.0
11640.0,11640.0,29.0,0.05726325511932373,8e-05,0.0993533656001091,0.0
11641.0,11641.0,29.0,0.05068410560488701,8e-05,0.05660362169146538,0.0
11642.0,11642.0,29.0,0.0673261284828186,8e-05,0.17215906083583832,0.0
11643.0,11643.0,29.0,0.05723581463098526,8e-05,0.10505995154380798,0.0
11644.0,11644.0,29.0,0.05459615960717201,8e-05,0.12106136977672577,0.0
11645.0,11645.0,29.0,0.06425551325082779,8e-05,0.1016041561961174,0.0
11646.0,11646.0,29.0,0.05957169830799103,8e-05,0.10966457426548004,0.0
11647.0,11647.0,29.0,0.06587614864110947,8e-05,0.10293330997228622,0.0
11648.0,11648.0,29.0,0.054108258336782455,8e-05,0.09967521578073502,0.0
11649.0,11649.0,29.0,0.06363031268119812,8e-05,0.08256851881742477,0.0
11650.0,11650.0,29.0,0.05379423499107361,8e-05,0.1307482123374939,0.0
11651.0,11651.0,29.0,0.05521389842033386,8e-05,0.057472195476293564,0.0
11652.0,11652.0,29.0,0.05048557370901108,8e-05,0.06700007617473602,0.0
11653.0,11653.0,29.0,0.07023900747299194,8e-05,0.09829214215278625,0.0
11654.0,11654.0,29.0,0.060837272554636,8e-05,0.12228061258792877,0.0
11655.0,11655.0,29.0,0.05376353859901428,8e-05,0.06466814130544662,0.0
11656.0,11656.0,29.0,0.06599189341068268,8e-05,0.08733261376619339,0.0
11657.0,11657.0,29.0,0.04753471165895462,8e-05,0.09973956644535065,0.0
11658.0,11658.0,29.0,0.0675610601902008,8e-05,0.07803380489349365,0.0
11659.0,11659.0,29.0,0.06644745171070099,8e-05,0.07804897427558899,0.0
11660.0,11660.0,29.0,0.05335743725299835,8e-05,0.12957948446273804,0.0
11661.0,11661.0,29.0,0.06718562543392181,8e-05,0.08883078396320343,0.0
11662.0,11662.0,29.0,0.05642078071832657,8e-05,0.13213223218917847,0.0
11663.0,11663.0,29.0,0.06106634810566902,8e-05,0.08910977840423584,0.0
11664.0,11664.0,29.0,0.06923212110996246,8e-05,0.08949609845876694,0.0
11665.0,11665.0,29.0,0.050769396126270294,8e-05,0.14737682044506073,0.0
11666.0,11666.0,29.0,0.053004804998636246,8e-05,0.0737459734082222,0.0
11667.0,11667.0,29.0,0.06049813702702522,8e-05,0.14319433271884918,0.0
11668.0,11668.0,29.0,0.053410980850458145,8e-05,0.06373699754476547,0.0
11669.0,11669.0,29.0,0.057913146913051605,8e-05,0.11742087453603745,0.0
11670.0,11670.0,29.0,0.06851156055927277,8e-05,0.11075473576784134,0.0
11671.0,11671.0,29.0,0.048824336379766464,8e-05,0.0529516264796257,0.0
11672.0,11672.0,29.0,0.059492744505405426,8e-05,0.11866824328899384,0.0
11673.0,11673.0,29.0,0.06273829936981201,8e-05,0.06753119081258774,0.0
11674.0,11674.0,29.0,0.05771811306476593,8e-05,0.0900568887591362,0.0
11675.0,11675.0,29.0,0.0525178536772728,8e-05,0.08984433859586716,0.0
11676.0,11676.0,29.0,0.058048468083143234,8e-05,0.08922511339187622,0.0
11677.0,11677.0,29.0,0.05089784786105156,8e-05,0.10376569628715515,0.0
11678.0,11678.0,29.0,0.06524363160133362,8e-05,0.08019429445266724,0.0
11679.0,11679.0,29.0,0.05535747483372688,8e-05,0.1284685581922531,0.0
11680.0,11680.0,29.0,0.06082971766591072,8e-05,0.06969878822565079,0.0
11681.0,11681.0,29.0,0.06802677363157272,8e-05,0.08750762045383453,0.0
11682.0,11682.0,29.0,0.06179852783679962,8e-05,0.10387539863586426,0.0
11683.0,11683.0,29.0,0.050942808389663696,8e-05,0.0769733414053917,0.0
11684.0,11684.0,29.0,0.06473539024591446,8e-05,0.07278099656105042,0.0
11685.0,11685.0,29.0,0.0419466570019722,8e-05,0.05176858603954315,0.0
11686.0,11686.0,29.0,0.054157890379428864,8e-05,0.08549266308546066,0.0
11687.0,11687.0,29.0,0.0551956370472908,8e-05,0.0740576758980751,0.0
11688.0,11688.0,29.0,0.043757736682891846,8e-05,0.11795921623706818,0.0
11689.0,11689.0,29.0,0.05359780043363571,8e-05,0.0909166932106018,0.0
11690.0,11690.0,29.0,0.07032209634780884,8e-05,0.09720306843519211,0.0
11691.0,11691.0,29.0,0.054379403591156006,8e-05,0.07844427227973938,0.0
11692.0,11692.0,29.0,0.05135461688041687,8e-05,0.13207487761974335,0.0
11693.0,11693.0,29.0,0.06024264544248581,8e-05,0.07453346997499466,0.0
11694.0,11694.0,29.0,0.06607101112604141,8e-05,0.13567420840263367,0.0
11695.0,11695.0,29.0,0.05904562026262283,8e-05,0.13400356471538544,0.0
11696.0,11696.0,29.0,0.04250018671154976,8e-05,0.07776493579149246,0.0
11697.0,11697.0,29.0,0.060053348541259766,8e-05,0.19227440655231476,0.0
11698.0,11698.0,29.0,0.04871672764420509,8e-05,0.114032082259655,0.0
11699.0,11699.0,29.0,0.060638997703790665,8e-05,0.11147190630435944,0.0
11700.0,11700.0,29.0,0.05244608223438263,8e-05,0.08470677584409714,0.0
