step,attempt_step,epoch,loss,lr,grad_norm,optimizer_step_skipped
1.0,1.0,0.0,1.070064902305603,5.0000000000000004e-08,5.298747539520264,0.0
2.0,2.0,0.0,1.0716400146484375,1.0000000000000001e-07,5.320032596588135,0.0
3.0,3.0,0.0,1.0725030899047852,1.5000000000000002e-07,5.297914505004883,0.0
4.0,4.0,0.0,1.0743151903152466,2.0000000000000002e-07,5.280689716339111,0.0
5.0,5.0,0.0,1.0750129222869873,2.5e-07,5.298184394836426,0.0
6.0,6.0,0.0,1.0707706212997437,3.0000000000000004e-07,5.2798752784729,0.0
7.0,7.0,0.0,1.0719231367111206,3.5e-07,5.290058135986328,0.0
8.0,8.0,0.0,1.0644187927246094,4.0000000000000003e-07,5.278448104858398,0.0
9.0,9.0,0.0,1.0668511390686035,4.5000000000000003e-07,5.312556266784668,0.0
10.0,10.0,0.0,1.0689079761505127,5e-07,5.291449069976807,0.0
11.0,11.0,0.0,1.0672767162322998,5.5e-07,5.367178916931152,0.0
12.0,12.0,0.0,1.0614795684814453,6.000000000000001e-07,5.170847415924072,0.0
13.0,13.0,0.0,1.0601247549057007,6.500000000000001e-07,5.20036506652832,0.0
14.0,14.0,0.0,1.06313157081604,7e-07,5.2702131271362305,0.0
15.0,15.0,0.0,1.0573184490203857,7.5e-07,5.1288886070251465,0.0
16.0,16.0,0.0,1.0567424297332764,8.000000000000001e-07,5.106072902679443,0.0
17.0,17.0,0.0,1.0566155910491943,8.5e-07,5.148360252380371,0.0
18.0,18.0,0.0,1.0547232627868652,9.000000000000001e-07,5.190457344055176,0.0
19.0,19.0,0.0,1.0513778924942017,9.5e-07,5.1129841804504395,0.0
20.0,20.0,0.0,1.0453487634658813,1e-06,5.061548709869385,0.0
21.0,21.0,0.0,1.0485689640045166,1.0500000000000001e-06,5.05364465713501,0.0
22.0,22.0,0.0,1.0436122417449951,1.1e-06,5.1175384521484375,0.0
23.0,23.0,0.0,1.0426604747772217,1.15e-06,5.125309944152832,0.0
24.0,24.0,0.0,1.0388305187225342,1.2000000000000002e-06,4.932642459869385,0.0
25.0,25.0,0.0,1.037919521331787,1.25e-06,5.100039005279541,0.0
26.0,26.0,0.0,1.0345170497894287,1.3000000000000003e-06,5.07524299621582,0.0
27.0,27.0,0.0,1.035651445388794,1.35e-06,4.959129810333252,0.0
28.0,28.0,0.0,1.0295166969299316,1.4e-06,4.934481620788574,0.0
29.0,29.0,0.0,1.0200055837631226,1.45e-06,5.054451942443848,0.0
30.0,30.0,0.0,1.0224885940551758,1.5e-06,4.874658584594727,0.0
31.0,31.0,0.0,1.0215104818344116,1.5500000000000002e-06,4.840000629425049,0.0
32.0,32.0,0.0,1.0157537460327148,1.6000000000000001e-06,5.002453327178955,0.0
33.0,33.0,0.0,1.0105164051055908,1.65e-06,4.917105674743652,0.0
34.0,34.0,0.0,1.0105308294296265,1.7e-06,4.875644207000732,0.0
35.0,35.0,0.0,1.010339379310608,1.75e-06,4.776256084442139,0.0
36.0,36.0,0.0,1.0049021244049072,1.8000000000000001e-06,4.699709415435791,0.0
37.0,37.0,0.0,1.0032570362091064,1.85e-06,4.679353713989258,0.0
38.0,38.0,0.0,0.9994659423828125,1.9e-06,4.618319988250732,0.0
39.0,39.0,0.0,0.989258348941803,1.95e-06,4.847241401672363,0.0
40.0,40.0,0.0,0.9877308011054993,2e-06,4.5438761711120605,0.0
41.0,41.0,0.0,0.9886075258255005,2.0500000000000003e-06,4.630650520324707,0.0
42.0,42.0,0.0,0.9813278317451477,2.1000000000000002e-06,4.667006969451904,0.0
43.0,43.0,0.0,0.9768955707550049,2.15e-06,4.644180774688721,0.0
44.0,44.0,0.0,0.9709522724151611,2.2e-06,4.583921909332275,0.0
45.0,45.0,0.0,0.9647753238677979,2.25e-06,4.688743591308594,0.0
46.0,46.0,0.0,0.9578180313110352,2.3e-06,4.66801643371582,0.0
47.0,47.0,0.0,0.9552143812179565,2.35e-06,4.5063700675964355,0.0
48.0,48.0,0.0,0.9547399282455444,2.4000000000000003e-06,4.541250705718994,0.0
49.0,49.0,0.0,0.9498459696769714,2.45e-06,4.413527965545654,0.0
50.0,50.0,0.0,0.9443216323852539,2.5e-06,4.240117073059082,0.0
51.0,51.0,0.0,0.934483528137207,2.55e-06,4.436576843261719,0.0
52.0,52.0,0.0,0.9346603155136108,2.6000000000000005e-06,4.333339691162109,0.0
53.0,53.0,0.0,0.9303361177444458,2.65e-06,4.38498592376709,0.0
54.0,54.0,0.0,0.9262093305587769,2.7e-06,4.225518703460693,0.0
55.0,55.0,0.0,0.9194528460502625,2.7500000000000004e-06,4.184401988983154,0.0
56.0,56.0,0.0,0.9076490998268127,2.8e-06,4.454712867736816,0.0
57.0,57.0,0.0,0.9009953737258911,2.8500000000000002e-06,4.473483085632324,0.0
58.0,58.0,0.0,0.9007794857025146,2.9e-06,4.304727077484131,0.0
59.0,59.0,0.0,0.8956514596939087,2.95e-06,4.18264102935791,0.0
60.0,60.0,0.0,0.886640191078186,3e-06,4.284425735473633,0.0
61.0,61.0,0.0,0.8731913566589355,3.05e-06,4.353461742401123,0.0
62.0,62.0,0.0,0.8748838901519775,3.1000000000000004e-06,4.171757698059082,0.0
63.0,63.0,0.0,0.8750923275947571,3.15e-06,4.082435131072998,0.0
64.0,64.0,0.0,0.8612011075019836,3.2000000000000003e-06,4.172952651977539,0.0
65.0,65.0,0.0,0.8604519367218018,3.2500000000000002e-06,4.252678871154785,0.0
66.0,66.0,0.0,0.8467528820037842,3.3e-06,4.231337070465088,0.0
67.0,67.0,0.0,0.8391624689102173,3.35e-06,4.166251182556152,0.0
68.0,68.0,0.0,0.8379240036010742,3.4e-06,4.173091888427734,0.0
69.0,69.0,0.0,0.8273524045944214,3.4500000000000004e-06,4.137599468231201,0.0
70.0,70.0,0.0,0.8229473829269409,3.5e-06,4.1144022941589355,0.0
71.0,71.0,0.0,0.8147141337394714,3.5500000000000003e-06,4.131026744842529,0.0
72.0,72.0,0.0,0.8198410272598267,3.6000000000000003e-06,3.913125991821289,0.0
73.0,73.0,0.0,0.796377420425415,3.65e-06,4.113138198852539,0.0
74.0,74.0,0.0,0.7846454381942749,3.7e-06,4.106054782867432,0.0
75.0,75.0,0.0,0.7786632180213928,3.75e-06,4.103777885437012,0.0
76.0,76.0,0.0,0.779487133026123,3.8e-06,3.929708242416382,0.0
77.0,77.0,0.0,0.7660437226295471,3.85e-06,3.914322853088379,0.0
78.0,78.0,0.0,0.7706648111343384,3.9e-06,3.837310314178467,0.0
79.0,79.0,0.0,0.7515862584114075,3.95e-06,3.8661742210388184,0.0
80.0,80.0,0.0,0.7476010322570801,4e-06,3.858858823776245,0.0
81.0,81.0,0.0,0.7413485050201416,4.05e-06,3.866661310195923,0.0
82.0,82.0,0.0,0.7317110300064087,4.1000000000000006e-06,3.8707406520843506,0.0
83.0,83.0,0.0,0.7205736041069031,4.15e-06,3.746333599090576,0.0
84.0,84.0,0.0,0.7083977460861206,4.2000000000000004e-06,3.884798765182495,0.0
85.0,85.0,0.0,0.7122928500175476,4.25e-06,3.668020248413086,0.0
86.0,86.0,0.0,0.696756899356842,4.3e-06,3.7739784717559814,0.0
87.0,87.0,0.0,0.688784658908844,4.350000000000001e-06,3.7264134883880615,0.0
88.0,88.0,0.0,0.680131733417511,4.4e-06,3.6405160427093506,0.0
89.0,89.0,0.0,0.6691104173660278,4.45e-06,3.630920886993408,0.0
90.0,90.0,0.0,0.6637961864471436,4.5e-06,3.5598535537719727,0.0
91.0,91.0,0.0,0.6568102836608887,4.5500000000000005e-06,3.4577248096466064,0.0
92.0,92.0,0.0,0.6649627685546875,4.6e-06,3.3116960525512695,0.0
93.0,93.0,0.0,0.6397412419319153,4.65e-06,3.4860002994537354,0.0
94.0,94.0,0.0,0.6413733959197998,4.7e-06,3.477957010269165,0.0
95.0,95.0,0.0,0.6180416345596313,4.75e-06,3.430234909057617,0.0
96.0,96.0,0.0,0.6161710023880005,4.800000000000001e-06,3.3085198402404785,0.0
97.0,97.0,0.0,0.6071564555168152,4.85e-06,3.346475601196289,0.0
98.0,98.0,0.0,0.5913790464401245,4.9e-06,3.3434791564941406,0.0
99.0,99.0,0.0,0.5764831900596619,4.95e-06,3.3233559131622314,0.0
100.0,100.0,0.0,0.556411623954773,5e-06,3.4391820430755615,0.0
101.0,101.0,0.0,0.5678637027740479,5.050000000000001e-06,3.2081310749053955,0.0
102.0,102.0,0.0,0.5470772385597229,5.1e-06,3.1894848346710205,0.0
103.0,103.0,0.0,0.5453939437866211,5.15e-06,3.1060664653778076,0.0
104.0,104.0,0.0,0.5420083999633789,5.200000000000001e-06,3.1095330715179443,0.0
105.0,105.0,0.0,0.5161678791046143,5.2500000000000006e-06,3.200427532196045,0.0
106.0,106.0,0.0,0.5269526243209839,5.3e-06,3.0431175231933594,0.0
107.0,107.0,0.0,0.5067390203475952,5.3500000000000004e-06,2.933772325515747,0.0
108.0,108.0,0.0,0.49743175506591797,5.4e-06,2.9291858673095703,0.0
109.0,109.0,0.0,0.49291184544563293,5.45e-06,2.9035542011260986,0.0
110.0,110.0,0.0,0.4751991927623749,5.500000000000001e-06,2.8486056327819824,0.0
111.0,111.0,0.0,0.4737212359905243,5.55e-06,2.764521360397339,0.0
112.0,112.0,0.0,0.46691077947616577,5.6e-06,2.716428518295288,0.0
113.0,113.0,0.0,0.4513719975948334,5.65e-06,2.6764166355133057,0.0
114.0,114.0,0.0,0.4635613262653351,5.7000000000000005e-06,2.5776848793029785,0.0
115.0,115.0,0.0,0.4467180073261261,5.75e-06,2.522270917892456,0.0
116.0,116.0,0.0,0.4327068328857422,5.8e-06,2.5491020679473877,0.0
117.0,117.0,0.0,0.4187428057193756,5.85e-06,2.592365026473999,0.0
118.0,118.0,0.0,0.4073930084705353,5.9e-06,2.52605938911438,0.0
119.0,119.0,0.0,0.40750694274902344,5.950000000000001e-06,2.4656529426574707,0.0
120.0,120.0,0.0,0.3889894485473633,6e-06,2.3921561241149902,0.0
121.0,121.0,0.0,0.40159550309181213,6.0500000000000005e-06,2.2428271770477295,0.0
122.0,122.0,0.0,0.382196843624115,6.1e-06,2.2344400882720947,0.0
123.0,123.0,0.0,0.38569340109825134,6.15e-06,2.2391958236694336,0.0
124.0,124.0,0.0,0.3804999887943268,6.200000000000001e-06,2.1453664302825928,0.0
125.0,125.0,0.0,0.34400779008865356,6.25e-06,2.093751907348633,0.0
126.0,126.0,0.0,0.37036630511283875,6.3e-06,2.074488878250122,0.0
127.0,127.0,0.0,0.3454197347164154,6.35e-06,2.1674396991729736,0.0
128.0,128.0,0.0,0.3264237642288208,6.4000000000000006e-06,2.018548011779785,0.0
129.0,129.0,0.0,0.33445867896080017,6.45e-06,1.9277950525283813,0.0
130.0,130.0,0.0,0.32491767406463623,6.5000000000000004e-06,1.8505483865737915,0.0
131.0,131.0,0.0,0.3156641125679016,6.55e-06,1.8579165935516357,0.0
132.0,132.0,0.0,0.31299734115600586,6.6e-06,1.8141756057739258,0.0
133.0,133.0,0.0,0.3059508800506592,6.650000000000001e-06,1.6748554706573486,0.0
134.0,134.0,0.0,0.2936951816082001,6.7e-06,1.6674669981002808,0.0
135.0,135.0,0.0,0.2935352325439453,6.75e-06,1.6161839962005615,0.0
136.0,136.0,0.0,0.2882993519306183,6.8e-06,1.6368659734725952,0.0
137.0,137.0,0.0,0.3045635223388672,6.8500000000000005e-06,1.4774011373519897,0.0
138.0,138.0,0.0,0.2615554928779602,6.900000000000001e-06,1.397371530532837,0.0
139.0,139.0,0.0,0.2679107189178467,6.95e-06,1.479924201965332,0.0
140.0,140.0,0.0,0.2556711435317993,7e-06,1.4247958660125732,0.0
141.0,141.0,0.0,0.24994076788425446,7.050000000000001e-06,1.432869553565979,0.0
142.0,142.0,0.0,0.2518502473831177,7.100000000000001e-06,1.3914090394973755,0.0
143.0,143.0,0.0,0.2359873652458191,7.15e-06,1.2477906942367554,0.0
144.0,144.0,0.0,0.25836077332496643,7.2000000000000005e-06,1.1603164672851562,0.0
145.0,145.0,0.0,0.25996559858322144,7.25e-06,1.1595923900604248,0.0
146.0,146.0,0.0,0.228987455368042,7.3e-06,1.2271628379821777,0.0
147.0,147.0,0.0,0.21932131052017212,7.350000000000001e-06,1.167919397354126,0.0
148.0,148.0,0.0,0.21934005618095398,7.4e-06,1.158320665359497,0.0
149.0,149.0,0.0,0.24414710700511932,7.45e-06,1.0395021438598633,0.0
150.0,150.0,0.0,0.22647513449192047,7.5e-06,0.9764469265937805,0.0
151.0,151.0,0.0,0.2318192720413208,7.5500000000000006e-06,1.0188214778900146,0.0
152.0,152.0,0.0,0.21608924865722656,7.6e-06,0.906447172164917,0.0
153.0,153.0,0.0,0.23745787143707275,7.650000000000001e-06,0.9033285975456238,0.0
154.0,154.0,0.0,0.21190038323402405,7.7e-06,0.8616987466812134,0.0
155.0,155.0,0.0,0.2159520387649536,7.75e-06,0.8609263896942139,0.0
156.0,156.0,0.0,0.18694734573364258,7.8e-06,0.8273423314094543,0.0
157.0,157.0,0.0,0.21201752126216888,7.850000000000001e-06,0.854583740234375,0.0
158.0,158.0,0.0,0.2085777372121811,7.9e-06,0.7484883069992065,0.0
159.0,159.0,0.0,0.20073513686656952,7.95e-06,0.7026326060295105,0.0
160.0,160.0,0.0,0.18203172087669373,8e-06,0.7527903318405151,0.0
161.0,161.0,0.0,0.21319131553173065,8.05e-06,0.678419291973114,0.0
162.0,162.0,0.0,0.17583775520324707,8.1e-06,0.6036107540130615,0.0
163.0,163.0,0.0,0.1830812245607376,8.150000000000002e-06,0.6300889253616333,0.0
164.0,164.0,0.0,0.18615218997001648,8.200000000000001e-06,0.6037782430648804,0.0
165.0,165.0,0.0,0.17756721377372742,8.25e-06,0.6406559944152832,0.0
166.0,166.0,0.0,0.1737307459115982,8.3e-06,0.5092306733131409,0.0
167.0,167.0,0.0,0.19138164818286896,8.35e-06,0.5530954003334045,0.0
168.0,168.0,0.0,0.19354969263076782,8.400000000000001e-06,0.5339576005935669,0.0
169.0,169.0,0.0,0.16002090275287628,8.45e-06,0.5482229590415955,0.0
170.0,170.0,0.0,0.17758913338184357,8.5e-06,0.5073266625404358,0.0
171.0,171.0,0.0,0.1769050657749176,8.550000000000001e-06,0.547624945640564,0.0
172.0,172.0,0.0,0.1794905960559845,8.6e-06,0.42988502979278564,0.0
173.0,173.0,0.0,0.17006278038024902,8.65e-06,0.5199786424636841,0.0
174.0,174.0,0.0,0.18517962098121643,8.700000000000001e-06,0.5682936906814575,0.0
175.0,175.0,0.0,0.15166431665420532,8.750000000000001e-06,0.46091461181640625,0.0
176.0,176.0,0.0,0.16345623135566711,8.8e-06,0.4752279818058014,0.0
177.0,177.0,0.0,0.13568365573883057,8.85e-06,0.4945845305919647,0.0
178.0,178.0,0.0,0.14240777492523193,8.9e-06,0.4794471263885498,0.0
179.0,179.0,0.0,0.14700311422348022,8.949999999999999e-06,0.39080309867858887,0.0
180.0,180.0,0.0,0.14639689028263092,9e-06,0.4965621829032898,0.0
181.0,181.0,0.0,0.15837928652763367,9.050000000000001e-06,0.4127688407897949,0.0
182.0,182.0,0.0,0.1442221701145172,9.100000000000001e-06,0.4142569303512573,0.0
183.0,183.0,0.0,0.15762905776500702,9.15e-06,0.4018099904060364,0.0
184.0,184.0,0.0,0.15162840485572815,9.2e-06,0.4137946665287018,0.0
185.0,185.0,0.0,0.14098915457725525,9.250000000000001e-06,0.4047960042953491,0.0
186.0,186.0,0.0,0.159651517868042,9.3e-06,0.4018806517124176,0.0
187.0,187.0,0.0,0.16252970695495605,9.35e-06,0.437493234872818,0.0
188.0,188.0,0.0,0.14751487970352173,9.4e-06,0.4020618200302124,0.0
189.0,189.0,0.0,0.14278575778007507,9.45e-06,0.4499978721141815,0.0
190.0,190.0,0.0,0.1455988883972168,9.5e-06,0.3360215127468109,0.0
191.0,191.0,0.0,0.16152527928352356,9.550000000000002e-06,0.39727792143821716,0.0
192.0,192.0,0.0,0.13663038611412048,9.600000000000001e-06,0.3526793420314789,0.0
193.0,193.0,0.0,0.13968122005462646,9.65e-06,0.3128659427165985,0.0
194.0,194.0,0.0,0.12511774897575378,9.7e-06,0.4416210651397705,0.0
195.0,195.0,0.0,0.14031125605106354,9.75e-06,0.31955406069755554,0.0
196.0,196.0,0.0,0.14916294813156128,9.8e-06,0.5851927995681763,0.0
197.0,197.0,0.0,0.15514564514160156,9.85e-06,0.3792380690574646,0.0
198.0,198.0,0.0,0.13005691766738892,9.9e-06,0.3944530487060547,0.0
199.0,199.0,0.0,0.17430180311203003,9.950000000000001e-06,0.3098284900188446,0.0
200.0,200.0,0.0,0.14555621147155762,1e-05,0.338220477104187,0.0
201.0,201.0,0.0,0.14638693630695343,1.005e-05,0.28871604800224304,0.0
202.0,202.0,0.0,0.13726307451725006,1.0100000000000002e-05,0.3095323443412781,0.0
203.0,203.0,0.0,0.16210824251174927,1.0150000000000001e-05,0.30151793360710144,0.0
204.0,204.0,0.0,0.1449747383594513,1.02e-05,0.2924232482910156,0.0
205.0,205.0,0.0,0.14259083569049835,1.025e-05,0.2846585512161255,0.0
206.0,206.0,0.0,0.17010903358459473,1.03e-05,0.4203903377056122,0.0
207.0,207.0,0.0,0.13889631628990173,1.035e-05,0.3088141083717346,0.0
208.0,208.0,0.0,0.14235882461071014,1.0400000000000002e-05,0.32726943492889404,0.0
209.0,209.0,0.0,0.1473408043384552,1.0450000000000002e-05,0.25066474080085754,0.0
210.0,210.0,0.0,0.1616750955581665,1.0500000000000001e-05,0.4024338722229004,0.0
211.0,211.0,0.0,0.13655266165733337,1.055e-05,0.5280478000640869,0.0
212.0,212.0,0.0,0.12810130417346954,1.06e-05,0.27043625712394714,0.0
213.0,213.0,0.0,0.13872241973876953,1.065e-05,0.6735455989837646,0.0
214.0,214.0,0.0,0.15324066579341888,1.0700000000000001e-05,0.3032991588115692,0.0
215.0,215.0,0.0,0.1480189561843872,1.075e-05,0.5434293746948242,0.0
216.0,216.0,0.0,0.13615715503692627,1.08e-05,0.2695761024951935,0.0
217.0,217.0,0.0,0.13245078921318054,1.085e-05,0.5068299770355225,0.0
218.0,218.0,0.0,0.13749155402183533,1.09e-05,0.3251992166042328,0.0
219.0,219.0,0.0,0.14741840958595276,1.095e-05,0.33163246512413025,0.0
220.0,220.0,0.0,0.1284489929676056,1.1000000000000001e-05,0.4745728373527527,0.0
221.0,221.0,0.0,0.14766527712345123,1.1050000000000001e-05,0.3187473714351654,0.0
222.0,222.0,0.0,0.11959978938102722,1.11e-05,0.25788769125938416,0.0
223.0,223.0,0.0,0.12616649270057678,1.115e-05,0.2980501055717468,0.0
224.0,224.0,0.0,0.132479727268219,1.12e-05,0.2930147051811218,0.0
225.0,225.0,0.0,0.11881954967975616,1.125e-05,0.2835237383842468,0.0
226.0,226.0,0.0,0.11545994877815247,1.13e-05,0.3823067545890808,0.0
227.0,227.0,0.0,0.131322979927063,1.1350000000000001e-05,0.3108202815055847,0.0
228.0,228.0,0.0,0.11928065121173859,1.1400000000000001e-05,0.2844453752040863,0.0
229.0,229.0,0.0,0.1310790777206421,1.145e-05,0.269499808549881,0.0
230.0,230.0,0.0,0.13994352519512177,1.15e-05,0.2860011160373688,0.0
231.0,231.0,0.0,0.12254598736763,1.1550000000000001e-05,0.2854655683040619,0.0
232.0,232.0,0.0,0.11481092125177383,1.16e-05,0.2913573384284973,0.0
233.0,233.0,0.0,0.13054372370243073,1.165e-05,0.36497461795806885,0.0
234.0,234.0,0.0,0.13698269426822662,1.17e-05,0.435840904712677,0.0
235.0,235.0,0.0,0.130945086479187,1.175e-05,0.3067784309387207,0.0
236.0,236.0,0.0,0.1329725980758667,1.18e-05,0.30357420444488525,0.0
237.0,237.0,0.0,0.12845146656036377,1.1850000000000002e-05,0.3220372200012207,0.0
238.0,238.0,0.0,0.15241782367229462,1.1900000000000001e-05,0.41521555185317993,0.0
239.0,239.0,0.0,0.13757723569869995,1.195e-05,0.2893720865249634,0.0
240.0,240.0,0.0,0.1073991134762764,1.2e-05,0.2917335033416748,0.0
241.0,241.0,0.0,0.11498521268367767,1.205e-05,0.34388038516044617,0.0
242.0,242.0,0.0,0.12270312756299973,1.2100000000000001e-05,0.3079536259174347,0.0
243.0,243.0,0.0,0.11462657898664474,1.215e-05,0.2488386034965515,0.0
244.0,244.0,0.0,0.11595674604177475,1.22e-05,0.29284799098968506,0.0
245.0,245.0,0.0,0.1284455955028534,1.2250000000000001e-05,0.2531835734844208,0.0
246.0,246.0,0.0,0.10162034630775452,1.23e-05,0.2430928498506546,0.0
247.0,247.0,0.0,0.12201054394245148,1.235e-05,0.3596918284893036,0.0
248.0,248.0,0.0,0.1427302062511444,1.2400000000000002e-05,0.4404659867286682,0.0
249.0,249.0,0.0,0.14233869314193726,1.2450000000000001e-05,0.5466235876083374,0.0
250.0,250.0,0.0,0.11640256643295288,1.25e-05,0.287531316280365,0.0
251.0,251.0,0.0,0.12282858043909073,1.255e-05,0.4485931098461151,0.0
252.0,252.0,0.0,0.10965393483638763,1.26e-05,0.5132774710655212,0.0
253.0,253.0,0.0,0.1250186264514923,1.265e-05,0.34775131940841675,0.0
254.0,254.0,0.0,0.11990711092948914,1.27e-05,0.4029061198234558,0.0
255.0,255.0,0.0,0.12447373569011688,1.2750000000000002e-05,0.3161582350730896,0.0
256.0,256.0,0.0,0.122135229408741,1.2800000000000001e-05,0.3590792715549469,0.0
257.0,257.0,0.0,0.1218990758061409,1.285e-05,0.25624242424964905,0.0
258.0,258.0,0.0,0.11124241352081299,1.29e-05,0.3304496705532074,0.0
259.0,259.0,0.0,0.1175621971487999,1.2950000000000001e-05,0.2589702606201172,0.0
260.0,260.0,0.0,0.1141626387834549,1.3000000000000001e-05,0.23597335815429688,0.0
261.0,261.0,0.0,0.1172969788312912,1.305e-05,0.3159712851047516,0.0
262.0,262.0,0.0,0.11675965040922165,1.31e-05,0.2549925148487091,0.0
263.0,263.0,0.0,0.1133781224489212,1.315e-05,0.35584214329719543,0.0
264.0,264.0,0.0,0.10370980948209763,1.32e-05,0.23390142619609833,0.0
265.0,265.0,0.0,0.11652527749538422,1.3250000000000002e-05,0.4556204676628113,0.0
266.0,266.0,0.0,0.11726084351539612,1.3300000000000001e-05,0.27204450964927673,0.0
267.0,267.0,0.0,0.12747499346733093,1.3350000000000001e-05,0.3815109431743622,0.0
268.0,268.0,0.0,0.11321085691452026,1.34e-05,0.31322571635246277,0.0
269.0,269.0,0.0,0.12022322416305542,1.345e-05,0.4387873709201813,0.0
270.0,270.0,0.0,0.1096133440732956,1.35e-05,0.30185651779174805,0.0
271.0,271.0,0.0,0.11592306196689606,1.355e-05,0.35055530071258545,0.0
272.0,272.0,0.0,0.11048243939876556,1.36e-05,0.2978123724460602,0.0
273.0,273.0,0.0,0.13204216957092285,1.3650000000000001e-05,0.27213791012763977,0.0
274.0,274.0,0.0,0.10908801853656769,1.3700000000000001e-05,0.21311630308628082,0.0
275.0,275.0,0.0,0.1281859576702118,1.375e-05,0.3121426999568939,0.0
276.0,276.0,0.0,0.10762765258550644,1.3800000000000002e-05,0.2475837618112564,0.0
277.0,277.0,0.0,0.12583109736442566,1.3850000000000001e-05,0.2712779641151428,0.0
278.0,278.0,0.0,0.11274408549070358,1.39e-05,0.3044467568397522,0.0
279.0,279.0,0.0,0.11686695367097855,1.395e-05,0.3313688039779663,0.0
280.0,280.0,0.0,0.10872123390436172,1.4e-05,0.22933585941791534,0.0
281.0,281.0,0.0,0.12676052749156952,1.405e-05,0.2952401638031006,0.0
282.0,282.0,0.0,0.1205076351761818,1.4100000000000002e-05,0.2660675048828125,0.0
283.0,283.0,0.0,0.10457531362771988,1.4150000000000002e-05,0.2988761365413666,0.0
284.0,284.0,0.0,0.10632260888814926,1.4200000000000001e-05,0.3363509774208069,0.0
285.0,285.0,0.0,0.1356043815612793,1.425e-05,0.571349024772644,0.0
286.0,286.0,0.0,0.10097287595272064,1.43e-05,0.41933080554008484,0.0
287.0,287.0,0.0,0.10822902619838715,1.435e-05,0.4338296949863434,0.0
288.0,288.0,0.0,0.11588709056377411,1.4400000000000001e-05,0.4213714301586151,0.0
289.0,289.0,0.0,0.11192234605550766,1.445e-05,0.2832183241844177,0.0
290.0,290.0,0.0,0.1107027530670166,1.45e-05,0.5667314529418945,0.0
291.0,291.0,0.0,0.12355849146842957,1.455e-05,0.42748987674713135,0.0
292.0,292.0,0.0,0.12883636355400085,1.46e-05,0.43401676416397095,0.0
293.0,293.0,0.0,0.10162422060966492,1.4650000000000002e-05,0.25601959228515625,0.0
294.0,294.0,0.0,0.12489510327577591,1.4700000000000002e-05,1.0319494009017944,0.0
295.0,295.0,0.0,0.10521382093429565,1.4750000000000001e-05,0.9073852896690369,0.0
296.0,296.0,0.0,0.0976790115237236,1.48e-05,0.539232075214386,0.0
297.0,297.0,0.0,0.10975164920091629,1.485e-05,0.4542925953865051,0.0
298.0,298.0,0.0,0.10323283821344376,1.49e-05,0.7024534344673157,0.0
299.0,299.0,0.0,0.12090105563402176,1.4950000000000001e-05,0.5073052644729614,0.0
300.0,300.0,0.0,0.09185682237148285,1.5e-05,0.5788005590438843,0.0
301.0,301.0,0.0,0.09778612107038498,1.5050000000000002e-05,0.49958303570747375,0.0
302.0,302.0,0.0,0.11394678056240082,1.5100000000000001e-05,0.4375719726085663,0.0
303.0,303.0,0.0,0.10144554823637009,1.515e-05,0.3857367932796478,0.0
304.0,304.0,0.0,0.10458206385374069,1.52e-05,0.37596631050109863,0.0
305.0,305.0,0.0,0.11003494262695312,1.5250000000000001e-05,0.32233813405036926,0.0
306.0,306.0,0.0,0.09680844098329544,1.5300000000000003e-05,0.2757447063922882,0.0
307.0,307.0,0.0,0.10235633701086044,1.535e-05,0.3109361231327057,0.0
308.0,308.0,0.0,0.10415354371070862,1.54e-05,0.3437516987323761,0.0
309.0,309.0,0.0,0.0982656329870224,1.545e-05,0.24430520832538605,0.0
310.0,310.0,0.0,0.09292744100093842,1.55e-05,0.3452027440071106,0.0
311.0,311.0,0.0,0.09442459791898727,1.5550000000000002e-05,0.2878821790218353,0.0
312.0,312.0,0.0,0.1084936112165451,1.56e-05,0.3110007047653198,0.0
313.0,313.0,0.0,0.11096350848674774,1.565e-05,0.31683698296546936,0.0
314.0,314.0,0.0,0.1333896815776825,1.5700000000000002e-05,0.2924797832965851,0.0
315.0,315.0,0.0,0.11753332614898682,1.575e-05,0.27489715814590454,0.0
316.0,316.0,0.0,0.08652224391698837,1.58e-05,0.3140984773635864,0.0
317.0,317.0,0.0,0.08866818994283676,1.585e-05,0.25071480870246887,0.0
318.0,318.0,0.0,0.09213333576917648,1.59e-05,0.34346312284469604,0.0
319.0,319.0,0.0,0.1038501188158989,1.595e-05,0.3816777765750885,0.0
320.0,320.0,0.0,0.10702744126319885,1.6e-05,0.35880744457244873,0.0
321.0,321.0,0.0,0.1084238737821579,1.605e-05,0.3114340901374817,0.0
322.0,322.0,0.0,0.10884809494018555,1.61e-05,0.4028351604938507,0.0
323.0,323.0,0.0,0.10873879492282867,1.615e-05,0.4700506031513214,0.0
324.0,324.0,0.0,0.09405207633972168,1.62e-05,0.303183376789093,0.0
325.0,325.0,0.0,0.09703147411346436,1.6250000000000002e-05,0.3878985345363617,0.0
326.0,326.0,0.0,0.10749936103820801,1.6300000000000003e-05,0.30339178442955017,0.0
327.0,327.0,0.0,0.08492089807987213,1.635e-05,0.36044684052467346,0.0
328.0,328.0,0.0,0.10086622834205627,1.6400000000000002e-05,0.4639580547809601,0.0
329.0,329.0,0.0,0.10383445769548416,1.645e-05,0.34431034326553345,0.0
330.0,330.0,0.0,0.11199333518743515,1.65e-05,0.3975088894367218,0.0
331.0,331.0,0.0,0.10981208831071854,1.6550000000000002e-05,0.274537056684494,0.0
332.0,332.0,0.0,0.09175720810890198,1.66e-05,0.2839474081993103,0.0
333.0,333.0,0.0,0.08318295329809189,1.665e-05,0.2513066828250885,0.0
334.0,334.0,0.0,0.09445321559906006,1.67e-05,0.25835826992988586,0.0
335.0,335.0,0.0,0.08711553364992142,1.675e-05,0.32270655035972595,0.0
336.0,336.0,0.0,0.09709861874580383,1.6800000000000002e-05,0.27860966324806213,0.0
337.0,337.0,0.0,0.10762046277523041,1.685e-05,0.27899885177612305,0.0
338.0,338.0,0.0,0.09526139497756958,1.69e-05,0.27898916602134705,0.0
339.0,339.0,0.0,0.10067817568778992,1.695e-05,0.29131272435188293,0.0
340.0,340.0,0.0,0.10740365833044052,1.7e-05,0.3135467767715454,0.0
341.0,341.0,0.0,0.10881906002759933,1.7049999999999998e-05,0.3806317448616028,0.0
342.0,342.0,0.0,0.102129727602005,1.7100000000000002e-05,0.332703560590744,0.0
343.0,343.0,0.0,0.11179057508707047,1.7150000000000004e-05,0.4820556342601776,0.0
344.0,344.0,0.0,0.09283636510372162,1.72e-05,0.2899131774902344,0.0
345.0,345.0,0.0,0.10628308355808258,1.7250000000000003e-05,0.5332654118537903,0.0
346.0,346.0,0.0,0.10512484610080719,1.73e-05,0.4332665801048279,0.0
347.0,347.0,0.0,0.10955892503261566,1.735e-05,0.4439034163951874,0.0
348.0,348.0,0.0,0.11746630817651749,1.7400000000000003e-05,0.2622470259666443,0.0
349.0,349.0,0.0,0.12072107940912247,1.745e-05,0.5367780327796936,0.0
350.0,350.0,0.0,0.09054117649793625,1.7500000000000002e-05,0.3262897729873657,0.0
351.0,351.0,0.0,0.09757570922374725,1.755e-05,0.5862624645233154,0.0
352.0,352.0,0.0,0.09264963865280151,1.76e-05,0.36072325706481934,0.0
353.0,353.0,0.0,0.08134669810533524,1.7650000000000002e-05,0.421732097864151,0.0
354.0,354.0,0.0,0.10808537900447845,1.77e-05,0.5464342832565308,0.0
355.0,355.0,0.0,0.07628990709781647,1.775e-05,0.3325877785682678,0.0
356.0,356.0,0.0,0.09998375922441483,1.78e-05,0.7017715573310852,0.0
357.0,357.0,0.0,0.09377370774745941,1.785e-05,0.3015914261341095,0.0
358.0,358.0,0.0,0.08678272366523743,1.7899999999999998e-05,0.43947094678878784,0.0
359.0,359.0,0.0,0.09795299172401428,1.795e-05,0.478836327791214,0.0
360.0,360.0,0.0,0.09270531684160233,1.8e-05,0.25109097361564636,0.0
361.0,361.0,0.0,0.10284844040870667,1.805e-05,0.46133074164390564,0.0
362.0,362.0,0.0,0.09668688476085663,1.8100000000000003e-05,0.3152658939361572,0.0
363.0,363.0,0.0,0.10013581812381744,1.815e-05,0.283343642950058,0.0
364.0,364.0,0.0,0.11874476820230484,1.8200000000000002e-05,0.3499829173088074,0.0
365.0,365.0,0.0,0.08900506794452667,1.8250000000000003e-05,0.3430299162864685,0.0
366.0,366.0,0.0,0.10053712874650955,1.83e-05,0.28901469707489014,0.0
367.0,367.0,0.0,0.10095100104808807,1.8350000000000002e-05,0.3861672282218933,0.0
368.0,368.0,0.0,0.11451001465320587,1.84e-05,0.4317489564418793,0.0
369.0,369.0,0.0,0.09172485023736954,1.845e-05,0.30383315682411194,0.0
370.0,370.0,0.0,0.0933380275964737,1.8500000000000002e-05,0.3271108865737915,0.0
371.0,371.0,0.0,0.10136539489030838,1.855e-05,0.3450765609741211,0.0
372.0,372.0,0.0,0.09942354261875153,1.86e-05,0.2583070397377014,0.0
373.0,373.0,0.0,0.13553377985954285,1.865e-05,0.33935749530792236,0.0
374.0,374.0,0.0,0.10504385828971863,1.87e-05,0.30164599418640137,0.0
375.0,375.0,0.0,0.09121286869049072,1.875e-05,0.26764482259750366,0.0
376.0,376.0,0.0,0.07397416234016418,1.88e-05,0.2020278126001358,0.0
377.0,377.0,0.0,0.09090980887413025,1.885e-05,0.2883584201335907,0.0
378.0,378.0,0.0,0.09178876876831055,1.89e-05,0.27015337347984314,0.0
379.0,379.0,0.0,0.09500159323215485,1.8950000000000003e-05,0.3018326759338379,0.0
380.0,380.0,0.0,0.09241330623626709,1.9e-05,0.2615881562232971,0.0
381.0,381.0,0.0,0.09500899910926819,1.9050000000000002e-05,0.2279968559741974,0.0
382.0,382.0,0.0,0.10640228539705276,1.9100000000000003e-05,0.37858715653419495,0.0
383.0,383.0,0.0,0.07814134657382965,1.915e-05,0.25089114904403687,0.0
384.0,384.0,0.0,0.10127417743206024,1.9200000000000003e-05,0.43610700964927673,0.0
385.0,385.0,0.0,0.07579463720321655,1.925e-05,0.25298720598220825,0.0
386.0,386.0,0.0,0.07292715460062027,1.93e-05,0.28275012969970703,0.0
387.0,387.0,0.0,0.0728367418050766,1.9350000000000003e-05,0.17887996137142181,0.0
388.0,388.0,0.0,0.10566943883895874,1.94e-05,0.29908478260040283,0.0
389.0,389.0,0.0,0.0991547480225563,1.9450000000000002e-05,0.37528690695762634,0.0
390.0,390.0,0.0,0.09066594392061234,1.95e-05,0.24430063366889954,0.0
391.0,391.0,1.0,0.10167762637138367,1.955e-05,0.5120410919189453,0.0
392.0,392.0,1.0,0.11315764486789703,1.96e-05,0.507337749004364,0.0
393.0,393.0,1.0,0.0837964117527008,1.965e-05,0.27776265144348145,0.0
394.0,394.0,1.0,0.08262749016284943,1.97e-05,0.3602898120880127,0.0
395.0,395.0,1.0,0.06505022943019867,1.975e-05,0.239736869931221,0.0
396.0,396.0,1.0,0.0929337665438652,1.98e-05,0.33525922894477844,0.0
397.0,397.0,1.0,0.11199343949556351,1.9849999999999998e-05,0.5392174124717712,0.0
398.0,398.0,1.0,0.08707791566848755,1.9900000000000003e-05,0.37306028604507446,0.0
399.0,399.0,1.0,0.07654686272144318,1.9950000000000004e-05,0.431772381067276,0.0
400.0,400.0,1.0,0.08113781362771988,2e-05,0.24078162014484406,0.0
401.0,401.0,1.0,0.08182108402252197,2.0050000000000003e-05,0.4462589621543884,0.0
402.0,402.0,1.0,0.08443103730678558,2.01e-05,0.2260899841785431,0.0
403.0,403.0,1.0,0.08459244668483734,2.0150000000000002e-05,0.4150114059448242,0.0
404.0,404.0,1.0,0.08583857119083405,2.0200000000000003e-05,0.3832315504550934,0.0
405.0,405.0,1.0,0.0937454104423523,2.025e-05,0.434129923582077,0.0
406.0,406.0,1.0,0.09470005333423615,2.0300000000000002e-05,0.4307986795902252,0.0
407.0,407.0,1.0,0.11774104088544846,2.035e-05,0.4507357180118561,0.0
408.0,408.0,1.0,0.08899764716625214,2.04e-05,0.2534734606742859,0.0
409.0,409.0,1.0,0.08611743152141571,2.045e-05,0.2334560751914978,0.0
410.0,410.0,1.0,0.0933769941329956,2.05e-05,0.3449307680130005,0.0
411.0,411.0,1.0,0.08974923193454742,2.055e-05,0.2142806500196457,0.0
412.0,412.0,1.0,0.0921793058514595,2.06e-05,0.2996121346950531,0.0
413.0,413.0,1.0,0.09285294264554977,2.065e-05,0.3792199194431305,0.0
414.0,414.0,1.0,0.09503340721130371,2.07e-05,0.22606469690799713,0.0
415.0,415.0,1.0,0.09379759430885315,2.075e-05,0.37066376209259033,0.0
416.0,416.0,1.0,0.11449974775314331,2.0800000000000004e-05,0.37689921259880066,0.0
417.0,417.0,1.0,0.09215161204338074,2.0850000000000002e-05,0.3375130891799927,0.0
418.0,418.0,1.0,0.09634660184383392,2.0900000000000003e-05,0.37928086519241333,0.0
419.0,419.0,1.0,0.10335114598274231,2.095e-05,0.5197269320487976,0.0
420.0,420.0,1.0,0.09132831543684006,2.1000000000000002e-05,0.24524085223674774,0.0
421.0,421.0,1.0,0.09145605564117432,2.1050000000000003e-05,0.43952903151512146,0.0
422.0,422.0,1.0,0.08546893298625946,2.11e-05,0.3843768239021301,0.0
423.0,423.0,1.0,0.08309496939182281,2.1150000000000002e-05,0.4295966625213623,0.0
424.0,424.0,1.0,0.08177106082439423,2.12e-05,0.23325969278812408,0.0
425.0,425.0,1.0,0.09200923144817352,2.125e-05,0.5163130760192871,0.0
426.0,426.0,1.0,0.08764281868934631,2.13e-05,0.4183036983013153,0.0
427.0,427.0,1.0,0.09190551191568375,2.135e-05,0.5732052326202393,0.0
428.0,428.0,1.0,0.08460342884063721,2.1400000000000002e-05,0.39351731538772583,0.0
429.0,429.0,1.0,0.09916599839925766,2.145e-05,0.358746737241745,0.0
430.0,430.0,1.0,0.08795025944709778,2.15e-05,0.30566880106925964,0.0
431.0,431.0,1.0,0.09042449295520782,2.155e-05,0.36120375990867615,0.0
432.0,432.0,1.0,0.09983860701322556,2.16e-05,0.45664429664611816,0.0
433.0,433.0,1.0,0.08248536288738251,2.165e-05,0.21590690314769745,0.0
434.0,434.0,1.0,0.08147891610860825,2.17e-05,0.4503428637981415,0.0
435.0,435.0,1.0,0.0713457316160202,2.1750000000000004e-05,0.3639861047267914,0.0
436.0,436.0,1.0,0.1031249463558197,2.18e-05,0.3093755543231964,0.0
437.0,437.0,1.0,0.10621966421604156,2.1850000000000003e-05,0.39408111572265625,0.0
438.0,438.0,1.0,0.07614033669233322,2.19e-05,0.35688409209251404,0.0
439.0,439.0,1.0,0.08656245470046997,2.195e-05,0.28713440895080566,0.0
440.0,440.0,1.0,0.08949601650238037,2.2000000000000003e-05,0.35557618737220764,0.0
441.0,441.0,1.0,0.12732776999473572,2.205e-05,0.694257915019989,0.0
442.0,442.0,1.0,0.09264551848173141,2.2100000000000002e-05,0.37001004815101624,0.0
443.0,443.0,1.0,0.08609617501497269,2.215e-05,0.4866134524345398,0.0
444.0,444.0,1.0,0.08863607794046402,2.22e-05,0.48745259642601013,0.0
445.0,445.0,1.0,0.10659952461719513,2.2250000000000002e-05,0.43626880645751953,0.0
446.0,446.0,1.0,0.08448819071054459,2.23e-05,0.48591122031211853,0.0
447.0,447.0,1.0,0.0822400152683258,2.235e-05,0.37811651825904846,0.0
448.0,448.0,1.0,0.09666305780410767,2.24e-05,0.43359556794166565,0.0
449.0,449.0,1.0,0.0953470766544342,2.245e-05,0.37823739647865295,0.0
450.0,450.0,1.0,0.09695343673229218,2.25e-05,0.3039748966693878,0.0
451.0,451.0,1.0,0.08761715888977051,2.255e-05,0.3616577982902527,0.0
452.0,452.0,1.0,0.08957856893539429,2.26e-05,0.314277708530426,0.0
453.0,453.0,1.0,0.08854907751083374,2.265e-05,0.29179033637046814,0.0
454.0,454.0,1.0,0.09589453041553497,2.2700000000000003e-05,0.3875513970851898,0.0
455.0,455.0,1.0,0.09500116854906082,2.275e-05,0.24713857471942902,0.0
456.0,456.0,1.0,0.09322105348110199,2.2800000000000002e-05,0.30126675963401794,0.0
457.0,457.0,1.0,0.09313027560710907,2.2850000000000003e-05,0.32183554768562317,0.0
458.0,458.0,1.0,0.09553252160549164,2.29e-05,0.3108174502849579,0.0
459.0,459.0,1.0,0.07842588424682617,2.2950000000000002e-05,0.24441207945346832,0.0
460.0,460.0,1.0,0.05945691466331482,2.3e-05,0.18211056292057037,0.0
461.0,461.0,1.0,0.0752304270863533,2.305e-05,0.306086927652359,0.0
462.0,462.0,1.0,0.09209674596786499,2.3100000000000002e-05,0.30982017517089844,0.0
463.0,463.0,1.0,0.07925927639007568,2.315e-05,0.2665918469429016,0.0
464.0,464.0,1.0,0.10079552233219147,2.32e-05,0.288499116897583,0.0
465.0,465.0,1.0,0.07961547374725342,2.325e-05,0.199642613530159,0.0
466.0,466.0,1.0,0.0808660238981247,2.33e-05,0.2566893994808197,0.0
467.0,467.0,1.0,0.08015815913677216,2.3350000000000002e-05,0.21385270357131958,0.0
468.0,468.0,1.0,0.0800170823931694,2.34e-05,0.22740142047405243,0.0
469.0,469.0,1.0,0.09194566309452057,2.345e-05,0.29260608553886414,0.0
470.0,470.0,1.0,0.10303401201963425,2.35e-05,0.23385117948055267,0.0
471.0,471.0,1.0,0.1052682101726532,2.355e-05,0.3835165500640869,0.0
472.0,472.0,1.0,0.0785401463508606,2.36e-05,0.2783205211162567,0.0
473.0,473.0,1.0,0.0760609358549118,2.3650000000000002e-05,0.30302858352661133,0.0
474.0,474.0,1.0,0.09503425657749176,2.3700000000000003e-05,0.3506070077419281,0.0
475.0,475.0,1.0,0.0931592732667923,2.375e-05,0.2571582496166229,0.0
476.0,476.0,1.0,0.10098695755004883,2.3800000000000003e-05,0.4186773896217346,0.0
477.0,477.0,1.0,0.06674675643444061,2.385e-05,0.29520416259765625,0.0
478.0,478.0,1.0,0.10301757603883743,2.39e-05,0.3176560401916504,0.0
479.0,479.0,1.0,0.10790133476257324,2.3950000000000003e-05,0.3569614887237549,0.0
480.0,480.0,1.0,0.09074535965919495,2.4e-05,0.2661250829696655,0.0
481.0,481.0,1.0,0.0824446752667427,2.4050000000000002e-05,0.25673907995224,0.0
482.0,482.0,1.0,0.08838003128767014,2.41e-05,0.23295769095420837,0.0
483.0,483.0,1.0,0.08688750863075256,2.415e-05,0.28016969561576843,0.0
484.0,484.0,1.0,0.10604965686798096,2.4200000000000002e-05,0.32491180300712585,0.0
485.0,485.0,1.0,0.08549743890762329,2.425e-05,0.2891272306442261,0.0
486.0,486.0,1.0,0.0825943723320961,2.43e-05,0.35853034257888794,0.0
487.0,487.0,1.0,0.08697035163640976,2.435e-05,0.38105419278144836,0.0
488.0,488.0,1.0,0.08409418165683746,2.44e-05,0.36361902952194214,0.0
489.0,489.0,1.0,0.08672118186950684,2.4449999999999998e-05,0.3661782145500183,0.0
490.0,490.0,1.0,0.0815490335226059,2.4500000000000003e-05,0.19275522232055664,0.0
491.0,491.0,1.0,0.09074895083904266,2.4550000000000004e-05,0.37987127900123596,0.0
492.0,492.0,1.0,0.08317533135414124,2.46e-05,0.3200747072696686,0.0
493.0,493.0,1.0,0.0884539783000946,2.4650000000000003e-05,0.497954785823822,0.0
494.0,494.0,1.0,0.08640918135643005,2.47e-05,0.2530873119831085,0.0
495.0,495.0,1.0,0.08346258103847504,2.4750000000000002e-05,0.34188607335090637,0.0
496.0,496.0,1.0,0.08377411216497421,2.4800000000000003e-05,0.2767399847507477,0.0
497.0,497.0,1.0,0.08861801028251648,2.485e-05,0.38339802622795105,0.0
498.0,498.0,1.0,0.09537281841039658,2.4900000000000002e-05,0.2787867784500122,0.0
499.0,499.0,1.0,0.0688130110502243,2.495e-05,0.2391233891248703,0.0
500.0,500.0,1.0,0.08917311578989029,2.5e-05,0.32481321692466736,0.0
501.0,501.0,1.0,0.08780280500650406,2.5050000000000002e-05,0.3803092837333679,0.0
502.0,502.0,1.0,0.07935930788516998,2.51e-05,0.297502338886261,0.0
503.0,503.0,1.0,0.07211463153362274,2.515e-05,0.21811643242835999,0.0
504.0,504.0,1.0,0.08381380885839462,2.52e-05,0.3228476643562317,0.0
505.0,505.0,1.0,0.08760547637939453,2.525e-05,0.33457258343696594,0.0
506.0,506.0,1.0,0.09001139551401138,2.53e-05,0.33992621302604675,0.0
507.0,507.0,1.0,0.09119410812854767,2.535e-05,0.2536577880382538,0.0
508.0,508.0,1.0,0.08631665259599686,2.54e-05,0.31291869282722473,0.0
509.0,509.0,1.0,0.0768456757068634,2.5450000000000002e-05,0.26955097913742065,0.0
510.0,510.0,1.0,0.08604948967695236,2.5500000000000003e-05,0.46730148792266846,0.0
511.0,511.0,1.0,0.06977038085460663,2.555e-05,0.23569317162036896,0.0
512.0,512.0,1.0,0.0812821239233017,2.5600000000000002e-05,0.31352728605270386,0.0
513.0,513.0,1.0,0.09649796038866043,2.5650000000000003e-05,0.4046539068222046,0.0
514.0,514.0,1.0,0.09099402278661728,2.57e-05,0.3277203142642975,0.0
515.0,515.0,1.0,0.0839962363243103,2.5750000000000002e-05,0.28866875171661377,0.0
516.0,516.0,1.0,0.08639132976531982,2.58e-05,0.35009825229644775,0.0
517.0,517.0,1.0,0.09424050152301788,2.585e-05,0.3033464848995209,0.0
518.0,518.0,1.0,0.0820113867521286,2.5900000000000003e-05,0.32838401198387146,0.0
519.0,519.0,1.0,0.08932723104953766,2.595e-05,0.3076956868171692,0.0
520.0,520.0,1.0,0.07049284875392914,2.6000000000000002e-05,0.2564781606197357,0.0
521.0,521.0,1.0,0.07333984971046448,2.605e-05,0.33319127559661865,0.0
522.0,522.0,1.0,0.07814409583806992,2.61e-05,0.2874239683151245,0.0
523.0,523.0,1.0,0.08848302811384201,2.615e-05,0.2850474715232849,0.0
524.0,524.0,1.0,0.0675697922706604,2.62e-05,0.25399309396743774,0.0
525.0,525.0,1.0,0.08450417965650558,2.625e-05,0.3120786249637604,0.0
526.0,526.0,1.0,0.0849909633398056,2.63e-05,0.31180891394615173,0.0
527.0,527.0,1.0,0.07448139786720276,2.6350000000000004e-05,0.19155848026275635,0.0
528.0,528.0,1.0,0.0801304504275322,2.64e-05,0.31008195877075195,0.0
529.0,529.0,1.0,0.07413212209939957,2.6450000000000003e-05,0.24794937670230865,0.0
530.0,530.0,1.0,0.061763696372509,2.6500000000000004e-05,0.24119602143764496,0.0
531.0,531.0,1.0,0.07664965093135834,2.655e-05,0.2368491291999817,0.0
532.0,532.0,1.0,0.1028406023979187,2.6600000000000003e-05,0.5166967511177063,0.0
533.0,533.0,1.0,0.07234596461057663,2.665e-05,0.38318562507629395,0.0
534.0,534.0,1.0,0.09527062624692917,2.6700000000000002e-05,0.34893205761909485,0.0
535.0,535.0,1.0,0.10303455591201782,2.6750000000000003e-05,0.3163949251174927,0.0
536.0,536.0,1.0,0.09068175405263901,2.68e-05,0.28007248044013977,0.0
537.0,537.0,1.0,0.09127315878868103,2.6850000000000002e-05,0.26877790689468384,0.0
538.0,538.0,1.0,0.07398517429828644,2.69e-05,0.25459209084510803,0.0
539.0,539.0,1.0,0.08145081996917725,2.695e-05,0.22911229729652405,0.0
540.0,540.0,1.0,0.09368477016687393,2.7e-05,0.3424224555492401,0.0
541.0,541.0,1.0,0.062118589878082275,2.705e-05,0.23427073657512665,0.0
542.0,542.0,1.0,0.07801880687475204,2.71e-05,0.26732873916625977,0.0
543.0,543.0,1.0,0.07412417232990265,2.715e-05,0.2997833788394928,0.0
544.0,544.0,1.0,0.07855765521526337,2.72e-05,0.28505653142929077,0.0
545.0,545.0,1.0,0.07712972164154053,2.7249999999999998e-05,0.2535688877105713,0.0
546.0,546.0,1.0,0.07674559950828552,2.7300000000000003e-05,0.3623493015766144,0.0
547.0,547.0,1.0,0.08114558458328247,2.7350000000000004e-05,0.23035675287246704,0.0
548.0,548.0,1.0,0.07811873406171799,2.7400000000000002e-05,0.30981993675231934,0.0
549.0,549.0,1.0,0.09012506902217865,2.7450000000000003e-05,0.2856469452381134,0.0
550.0,550.0,1.0,0.095639169216156,2.75e-05,0.24122756719589233,0.0
551.0,551.0,1.0,0.08336766809225082,2.7550000000000002e-05,0.37025490403175354,0.0
552.0,552.0,1.0,0.10279882699251175,2.7600000000000003e-05,0.5212199091911316,0.0
553.0,553.0,1.0,0.08111435920000076,2.765e-05,0.3030111789703369,0.0
554.0,554.0,1.0,0.07767961919307709,2.7700000000000002e-05,0.4062754809856415,0.0
555.0,555.0,1.0,0.08072860538959503,2.775e-05,0.42622485756874084,0.0
556.0,556.0,1.0,0.07838492840528488,2.78e-05,0.20411691069602966,0.0
557.0,557.0,1.0,0.07946264743804932,2.785e-05,0.3419730067253113,0.0
558.0,558.0,1.0,0.07830289751291275,2.79e-05,0.2014283686876297,0.0
559.0,559.0,1.0,0.11263562738895416,2.7950000000000002e-05,0.41967448592185974,0.0
560.0,560.0,1.0,0.07674260437488556,2.8e-05,0.34075337648391724,0.0
561.0,561.0,1.0,0.08949975669384003,2.805e-05,0.3334677815437317,0.0
562.0,562.0,1.0,0.08874087035655975,2.81e-05,0.33936405181884766,0.0
563.0,563.0,1.0,0.07313455641269684,2.815e-05,0.28014785051345825,0.0
564.0,564.0,1.0,0.06874513626098633,2.8200000000000004e-05,0.28989899158477783,0.0
565.0,565.0,1.0,0.09714481234550476,2.8250000000000002e-05,0.4128810465335846,0.0
566.0,566.0,1.0,0.0700453445315361,2.8300000000000003e-05,0.24814076721668243,0.0
567.0,567.0,1.0,0.06595311313867569,2.835e-05,0.30455949902534485,0.0
568.0,568.0,1.0,0.08263446390628815,2.8400000000000003e-05,0.22798024117946625,0.0
569.0,569.0,1.0,0.09726549685001373,2.8450000000000004e-05,0.33190616965293884,0.0
570.0,570.0,1.0,0.0757913738489151,2.85e-05,0.27722495794296265,0.0
571.0,571.0,1.0,0.0703221932053566,2.8550000000000003e-05,0.20278334617614746,0.0
572.0,572.0,1.0,0.0617070198059082,2.86e-05,0.27609866857528687,0.0
573.0,573.0,1.0,0.09682811796665192,2.8650000000000002e-05,0.2940747141838074,0.0
574.0,574.0,1.0,0.08552534878253937,2.87e-05,0.26417019963264465,0.0
575.0,575.0,1.0,0.06945091485977173,2.875e-05,0.19943566620349884,0.0
576.0,576.0,1.0,0.07294358313083649,2.8800000000000002e-05,0.3274243474006653,0.0
577.0,577.0,1.0,0.08825275301933289,2.885e-05,0.22706854343414307,0.0
578.0,578.0,1.0,0.10265505313873291,2.89e-05,0.46283552050590515,0.0
579.0,579.0,1.0,0.06948015093803406,2.895e-05,0.21335843205451965,0.0
580.0,580.0,1.0,0.07259537279605865,2.9e-05,0.3172470033168793,0.0
581.0,581.0,1.0,0.08526978641748428,2.905e-05,0.2708025872707367,0.0
582.0,582.0,1.0,0.08565464615821838,2.91e-05,0.5105288624763489,0.0
583.0,583.0,1.0,0.06907781958580017,2.9150000000000004e-05,0.19512939453125,0.0
584.0,584.0,1.0,0.07716277241706848,2.92e-05,0.4821397066116333,0.0
585.0,585.0,1.0,0.07388094812631607,2.9250000000000003e-05,0.2874492108821869,0.0
586.0,586.0,1.0,0.08759051561355591,2.9300000000000004e-05,0.47081759572029114,0.0
587.0,587.0,1.0,0.07403723895549774,2.9350000000000002e-05,0.34211641550064087,0.0
588.0,588.0,1.0,0.08262969553470612,2.9400000000000003e-05,0.4477989673614502,0.0
589.0,589.0,1.0,0.0807875394821167,2.945e-05,0.25540998578071594,0.0
590.0,590.0,1.0,0.08929800242185593,2.9500000000000002e-05,0.4059433341026306,0.0
591.0,591.0,1.0,0.07618936151266098,2.955e-05,0.23519358038902283,0.0
592.0,592.0,1.0,0.07586567103862762,2.96e-05,0.42158445715904236,0.0
593.0,593.0,1.0,0.0897991731762886,2.9650000000000002e-05,0.32519230246543884,0.0
594.0,594.0,1.0,0.0691288635134697,2.97e-05,0.3109496831893921,0.0
595.0,595.0,1.0,0.06595513224601746,2.975e-05,0.21466894447803497,0.0
596.0,596.0,1.0,0.0724320113658905,2.98e-05,0.299679160118103,0.0
597.0,597.0,1.0,0.07899587601423264,2.985e-05,0.29164379835128784,0.0
598.0,598.0,1.0,0.07667741924524307,2.9900000000000002e-05,0.2500118911266327,0.0
599.0,599.0,1.0,0.09975901246070862,2.995e-05,0.2765958607196808,0.0
600.0,600.0,1.0,0.07492706924676895,3e-05,0.23864047229290009,0.0
601.0,601.0,1.0,0.05929850414395332,3.0050000000000002e-05,0.22929266095161438,0.0
602.0,602.0,1.0,0.08809956908226013,3.0100000000000003e-05,0.3207472264766693,0.0
603.0,603.0,1.0,0.06353218853473663,3.015e-05,0.15798203647136688,0.0
604.0,604.0,1.0,0.08620947599411011,3.0200000000000002e-05,0.3047768175601959,0.0
605.0,605.0,1.0,0.07986673712730408,3.0250000000000003e-05,0.2987087368965149,0.0
606.0,606.0,1.0,0.099281907081604,3.03e-05,0.2868044674396515,0.0
607.0,607.0,1.0,0.06679580360651016,3.0350000000000002e-05,0.3593738079071045,0.0
608.0,608.0,1.0,0.07752299308776855,3.04e-05,0.2503071427345276,0.0
609.0,609.0,1.0,0.07810289412736893,3.045e-05,0.2596939504146576,0.0
610.0,610.0,1.0,0.0773640125989914,3.0500000000000003e-05,0.2701500356197357,0.0
611.0,611.0,1.0,0.09028682112693787,3.0550000000000004e-05,0.2832591235637665,0.0
612.0,612.0,1.0,0.07200735062360764,3.0600000000000005e-05,0.3075142800807953,0.0
613.0,613.0,1.0,0.0911770612001419,3.065e-05,0.2435465008020401,0.0
614.0,614.0,1.0,0.07222830504179001,3.07e-05,0.30154553055763245,0.0
615.0,615.0,1.0,0.06692015379667282,3.075e-05,0.1676589548587799,0.0
616.0,616.0,1.0,0.06333737820386887,3.08e-05,0.17037203907966614,0.0
617.0,617.0,1.0,0.08230210840702057,3.0850000000000004e-05,0.268229603767395,0.0
618.0,618.0,1.0,0.08554057776927948,3.09e-05,0.236037939786911,0.0
619.0,619.0,1.0,0.07735827565193176,3.095e-05,0.24498938024044037,0.0
620.0,620.0,1.0,0.06109374016523361,3.1e-05,0.27485954761505127,0.0
621.0,621.0,1.0,0.07414718717336655,3.105e-05,0.19300419092178345,0.0
622.0,622.0,1.0,0.07034330070018768,3.1100000000000004e-05,0.2313413769006729,0.0
623.0,623.0,1.0,0.08275172114372253,3.115e-05,0.23436586558818817,0.0
624.0,624.0,1.0,0.09221794456243515,3.12e-05,0.2662610113620758,0.0
625.0,625.0,1.0,0.08564881980419159,3.125e-05,0.2504703998565674,0.0
626.0,626.0,1.0,0.09092365205287933,3.13e-05,0.25700512528419495,0.0
627.0,627.0,1.0,0.0906936377286911,3.135e-05,0.2983902394771576,0.0
628.0,628.0,1.0,0.08955012261867523,3.1400000000000004e-05,0.4572318494319916,0.0
629.0,629.0,1.0,0.08444443345069885,3.145e-05,0.3441952168941498,0.0
630.0,630.0,1.0,0.0934048593044281,3.15e-05,0.34190383553504944,0.0
631.0,631.0,1.0,0.07801875472068787,3.155e-05,0.3991626501083374,0.0
632.0,632.0,1.0,0.06727128475904465,3.16e-05,0.23282507061958313,0.0
633.0,633.0,1.0,0.08438466489315033,3.1650000000000004e-05,0.3634161651134491,0.0
634.0,634.0,1.0,0.09144222736358643,3.17e-05,0.2479253113269806,0.0
635.0,635.0,1.0,0.08575591444969177,3.175e-05,0.43538376688957214,0.0
636.0,636.0,1.0,0.06925857812166214,3.18e-05,0.25479862093925476,0.0
637.0,637.0,1.0,0.08351393043994904,3.185e-05,0.4699505865573883,0.0
638.0,638.0,1.0,0.08213107287883759,3.19e-05,0.19077850878238678,0.0
639.0,639.0,1.0,0.09944559633731842,3.195e-05,0.33293765783309937,0.0
640.0,640.0,1.0,0.09216362237930298,3.2e-05,0.26775410771369934,0.0
641.0,641.0,1.0,0.09199488162994385,3.205e-05,0.35746854543685913,0.0
642.0,642.0,1.0,0.07799376547336578,3.21e-05,0.25695857405662537,0.0
643.0,643.0,1.0,0.07752645015716553,3.215e-05,0.28084543347358704,0.0
644.0,644.0,1.0,0.08475977927446365,3.22e-05,0.2928309738636017,0.0
645.0,645.0,1.0,0.0874108374118805,3.225e-05,0.26821044087409973,0.0
646.0,646.0,1.0,0.07946892082691193,3.23e-05,0.31666433811187744,0.0
647.0,647.0,1.0,0.06213470548391342,3.235000000000001e-05,0.23582740128040314,0.0
648.0,648.0,1.0,0.07506567239761353,3.24e-05,0.2615865468978882,0.0
649.0,649.0,1.0,0.0853469967842102,3.245e-05,0.36702656745910645,0.0
650.0,650.0,1.0,0.07921756058931351,3.2500000000000004e-05,0.2669294476509094,0.0
651.0,651.0,1.0,0.08193695545196533,3.2550000000000005e-05,0.3036516010761261,0.0
652.0,652.0,1.0,0.06354232132434845,3.2600000000000006e-05,0.30758339166641235,0.0
653.0,653.0,1.0,0.06878256797790527,3.265e-05,0.2986847162246704,0.0
654.0,654.0,1.0,0.07677669823169708,3.27e-05,0.4132826626300812,0.0
655.0,655.0,1.0,0.06858263164758682,3.275e-05,0.2322530597448349,0.0
656.0,656.0,1.0,0.08096811920404434,3.2800000000000004e-05,0.4538768529891968,0.0
657.0,657.0,1.0,0.08729135990142822,3.2850000000000006e-05,0.40582478046417236,0.0
658.0,658.0,1.0,0.07195349037647247,3.29e-05,0.28026726841926575,0.0
659.0,659.0,1.0,0.07415109127759933,3.295e-05,0.3131009638309479,0.0
660.0,660.0,1.0,0.08889134228229523,3.3e-05,0.3281906843185425,0.0
661.0,661.0,1.0,0.0988711416721344,3.3050000000000004e-05,0.3142271935939789,0.0
662.0,662.0,1.0,0.07253079116344452,3.3100000000000005e-05,0.23234876990318298,0.0
663.0,663.0,1.0,0.1062203049659729,3.315e-05,0.3970883786678314,0.0
664.0,664.0,1.0,0.07826894521713257,3.32e-05,0.24361631274223328,0.0
665.0,665.0,1.0,0.08070659637451172,3.325e-05,0.2635001540184021,0.0
666.0,666.0,1.0,0.08094364404678345,3.33e-05,0.3216294050216675,0.0
667.0,667.0,1.0,0.0793670117855072,3.3350000000000004e-05,0.2862652838230133,0.0
668.0,668.0,1.0,0.07156149297952652,3.34e-05,0.26753199100494385,0.0
669.0,669.0,1.0,0.07766532152891159,3.345e-05,0.2984393835067749,0.0
670.0,670.0,1.0,0.07983359694480896,3.35e-05,0.24426044523715973,0.0
671.0,671.0,1.0,0.07947249710559845,3.355e-05,0.30066314339637756,0.0
672.0,672.0,1.0,0.07724998146295547,3.3600000000000004e-05,0.25272783637046814,0.0
673.0,673.0,1.0,0.0703040286898613,3.365e-05,0.2815466523170471,0.0
674.0,674.0,1.0,0.07095760107040405,3.37e-05,0.22549977898597717,0.0
675.0,675.0,1.0,0.07218750566244125,3.375e-05,0.2565426230430603,0.0
676.0,676.0,1.0,0.07208479940891266,3.38e-05,0.21629928052425385,0.0
677.0,677.0,1.0,0.07920089364051819,3.385e-05,0.2458958774805069,0.0
678.0,678.0,1.0,0.07998718321323395,3.39e-05,0.20657220482826233,0.0
679.0,679.0,1.0,0.08666788041591644,3.395e-05,0.32257866859436035,0.0
680.0,680.0,1.0,0.08698269724845886,3.4e-05,0.26817670464515686,0.0
681.0,681.0,1.0,0.09544020891189575,3.405e-05,0.34540891647338867,0.0
682.0,682.0,1.0,0.06996020674705505,3.4099999999999995e-05,0.21688057482242584,0.0
683.0,683.0,1.0,0.07842604070901871,3.4149999999999997e-05,0.32445627450942993,0.0
684.0,684.0,1.0,0.08110614866018295,3.4200000000000005e-05,0.23479437828063965,0.0
685.0,685.0,1.0,0.0839458554983139,3.4250000000000006e-05,0.2682349681854248,0.0
686.0,686.0,1.0,0.06433694064617157,3.430000000000001e-05,0.1413237750530243,0.0
687.0,687.0,1.0,0.060145147144794464,3.435e-05,0.19070594012737274,0.0
688.0,688.0,1.0,0.0765058845281601,3.44e-05,0.28657281398773193,0.0
689.0,689.0,1.0,0.06976521015167236,3.4450000000000004e-05,0.18562805652618408,0.0
690.0,690.0,1.0,0.08757716417312622,3.4500000000000005e-05,0.337327241897583,0.0
691.0,691.0,1.0,0.07596442103385925,3.4550000000000006e-05,0.30198344588279724,0.0
692.0,692.0,1.0,0.06385929137468338,3.46e-05,0.15068502724170685,0.0
693.0,693.0,1.0,0.09318147599697113,3.465e-05,0.3606428802013397,0.0
694.0,694.0,1.0,0.060586512088775635,3.47e-05,0.2208051234483719,0.0
695.0,695.0,1.0,0.07551638036966324,3.4750000000000004e-05,0.26031503081321716,0.0
696.0,696.0,1.0,0.06859073042869568,3.4800000000000006e-05,0.30419009923934937,0.0
697.0,697.0,1.0,0.08333009481430054,3.485e-05,0.215925931930542,0.0
698.0,698.0,1.0,0.06575031578540802,3.49e-05,0.25933751463890076,0.0
699.0,699.0,1.0,0.07262502610683441,3.495e-05,0.25340962409973145,0.0
700.0,700.0,1.0,0.08621081709861755,3.5000000000000004e-05,0.2811739444732666,0.0
701.0,701.0,1.0,0.07282830774784088,3.5050000000000005e-05,0.33494558930397034,0.0
702.0,702.0,1.0,0.060167185962200165,3.51e-05,0.16953890025615692,0.0
703.0,703.0,1.0,0.06009139120578766,3.515e-05,0.254927396774292,0.0
704.0,704.0,1.0,0.091044582426548,3.52e-05,0.31516438722610474,0.0
705.0,705.0,1.0,0.07422442734241486,3.525e-05,0.2356077879667282,0.0
706.0,706.0,1.0,0.08324237912893295,3.5300000000000004e-05,0.37906891107559204,0.0
707.0,707.0,1.0,0.09418351948261261,3.535e-05,0.43505680561065674,0.0
708.0,708.0,1.0,0.07866538316011429,3.54e-05,0.40920260548591614,0.0
709.0,709.0,1.0,0.07490511983633041,3.545e-05,0.31026360392570496,0.0
710.0,710.0,1.0,0.06513097882270813,3.55e-05,0.47664982080459595,0.0
711.0,711.0,1.0,0.06473305076360703,3.555e-05,0.2865857481956482,0.0
712.0,712.0,1.0,0.07025537639856339,3.56e-05,0.45149850845336914,0.0
713.0,713.0,1.0,0.06730027496814728,3.565e-05,0.308165967464447,0.0
714.0,714.0,1.0,0.09331762045621872,3.57e-05,0.4848611652851105,0.0
715.0,715.0,1.0,0.08380679786205292,3.575e-05,0.4140886962413788,0.0
716.0,716.0,1.0,0.09380455315113068,3.5799999999999996e-05,0.57159423828125,0.0
717.0,717.0,1.0,0.07891276478767395,3.585e-05,0.45172974467277527,0.0
718.0,718.0,1.0,0.07243987917900085,3.59e-05,0.5000515580177307,0.0
719.0,719.0,1.0,0.07713741064071655,3.595e-05,0.4203850328922272,0.0
720.0,720.0,1.0,0.07458952069282532,3.6e-05,0.35200297832489014,0.0
721.0,721.0,1.0,0.08575166016817093,3.6049999999999995e-05,0.41312313079833984,0.0
722.0,722.0,1.0,0.10208160430192947,3.61e-05,0.5478445887565613,0.0
723.0,723.0,1.0,0.0773051530122757,3.6150000000000005e-05,0.5239719748497009,0.0
724.0,724.0,1.0,0.07930365949869156,3.6200000000000006e-05,0.338539719581604,0.0
725.0,725.0,1.0,0.08998670428991318,3.625000000000001e-05,0.499950110912323,0.0
726.0,726.0,1.0,0.08165355026721954,3.63e-05,0.40845444798469543,0.0
727.0,727.0,1.0,0.09163855016231537,3.635e-05,0.5146626234054565,0.0
728.0,728.0,1.0,0.06679773330688477,3.6400000000000004e-05,0.25997909903526306,0.0
729.0,729.0,1.0,0.0736352950334549,3.6450000000000005e-05,0.32027095556259155,0.0
730.0,730.0,1.0,0.08004932105541229,3.6500000000000006e-05,0.33414408564567566,0.0
731.0,731.0,1.0,0.060341693460941315,3.655e-05,0.2738227844238281,0.0
732.0,732.0,1.0,0.08077821135520935,3.66e-05,0.31277966499328613,0.0
733.0,733.0,1.0,0.07684700191020966,3.665e-05,0.32771363854408264,0.0
734.0,734.0,1.0,0.05825578421354294,3.6700000000000004e-05,0.22821830213069916,0.0
735.0,735.0,1.0,0.07415716350078583,3.6750000000000006e-05,0.3268051743507385,0.0
736.0,736.0,1.0,0.06861348450183868,3.68e-05,0.2094840258359909,0.0
737.0,737.0,1.0,0.07015401870012283,3.685e-05,0.32573968172073364,0.0
738.0,738.0,1.0,0.08483260869979858,3.69e-05,0.3611147403717041,0.0
739.0,739.0,1.0,0.06872336566448212,3.6950000000000004e-05,0.34310925006866455,0.0
740.0,740.0,1.0,0.06982358545064926,3.7000000000000005e-05,0.37010854482650757,0.0
741.0,741.0,1.0,0.07779373228549957,3.705e-05,0.31168675422668457,0.0
742.0,742.0,1.0,0.06070078909397125,3.71e-05,0.2566279172897339,0.0
743.0,743.0,1.0,0.0701543539762497,3.715e-05,0.28905898332595825,0.0
744.0,744.0,1.0,0.07243353128433228,3.72e-05,0.31654244661331177,0.0
745.0,745.0,1.0,0.07370028644800186,3.725e-05,0.27359139919281006,0.0
746.0,746.0,1.0,0.07958373427391052,3.73e-05,0.3256266117095947,0.0
747.0,747.0,1.0,0.06749563664197922,3.735e-05,0.30196893215179443,0.0
748.0,748.0,1.0,0.06766758114099503,3.74e-05,0.2889370620250702,0.0
749.0,749.0,1.0,0.08100554347038269,3.745e-05,0.3401559889316559,0.0
750.0,750.0,1.0,0.0852656364440918,3.75e-05,0.28233933448791504,0.0
751.0,751.0,1.0,0.07090228796005249,3.755e-05,0.3323971927165985,0.0
752.0,752.0,1.0,0.07916603982448578,3.76e-05,0.3132282793521881,0.0
753.0,753.0,1.0,0.07951871305704117,3.765e-05,0.2797059416770935,0.0
754.0,754.0,1.0,0.08585692942142487,3.77e-05,0.33533331751823425,0.0
755.0,755.0,1.0,0.07608731091022491,3.7749999999999996e-05,0.2891121804714203,0.0
756.0,756.0,1.0,0.06967216730117798,3.78e-05,0.3201521039009094,0.0
757.0,757.0,1.0,0.08397750556468964,3.785e-05,0.23070481419563293,0.0
758.0,758.0,1.0,0.08340271562337875,3.7900000000000006e-05,0.40189483761787415,0.0
759.0,759.0,1.0,0.08205203711986542,3.795000000000001e-05,0.27846965193748474,0.0
760.0,760.0,1.0,0.07537363469600677,3.8e-05,0.36461418867111206,0.0
761.0,761.0,1.0,0.08593617379665375,3.805e-05,0.3423486351966858,0.0
762.0,762.0,1.0,0.07068174332380295,3.8100000000000005e-05,0.25441619753837585,0.0
763.0,763.0,1.0,0.07142028212547302,3.8150000000000006e-05,0.2929643392562866,0.0
764.0,764.0,1.0,0.09204597771167755,3.820000000000001e-05,0.3290393650531769,0.0
765.0,765.0,1.0,0.08167345821857452,3.825e-05,0.22508159279823303,0.0
766.0,766.0,1.0,0.08000435680150986,3.83e-05,0.37703588604927063,0.0
767.0,767.0,1.0,0.08718868345022202,3.8350000000000004e-05,0.18779776990413666,0.0
768.0,768.0,1.0,0.0704602524638176,3.8400000000000005e-05,0.30429261922836304,0.0
769.0,769.0,1.0,0.07877062261104584,3.8450000000000006e-05,0.23332908749580383,0.0
770.0,770.0,1.0,0.08680824935436249,3.85e-05,0.24321410059928894,0.0
771.0,771.0,1.0,0.08504390716552734,3.855e-05,0.26866576075553894,0.0
772.0,772.0,1.0,0.0891440212726593,3.86e-05,0.3201206922531128,0.0
773.0,773.0,1.0,0.08137857168912888,3.8650000000000004e-05,0.33731982111930847,0.0
774.0,774.0,1.0,0.07775986194610596,3.8700000000000006e-05,0.2710292637348175,0.0
775.0,775.0,1.0,0.068242147564888,3.875e-05,0.29276853799819946,0.0
776.0,776.0,1.0,0.05775023251771927,3.88e-05,0.2950517535209656,0.0
777.0,777.0,1.0,0.07573997974395752,3.885e-05,0.2620963752269745,0.0
778.0,778.0,1.0,0.08204808086156845,3.8900000000000004e-05,0.3311174213886261,0.0
779.0,779.0,1.0,0.10541798174381256,3.895e-05,0.43242403864860535,0.0
780.0,780.0,1.0,0.07698313891887665,3.9e-05,0.25959983468055725,0.0
781.0,781.0,2.0,0.08371885120868683,3.905e-05,0.36495277285575867,0.0
782.0,782.0,2.0,0.07372391223907471,3.91e-05,0.23813678324222565,0.0
783.0,783.0,2.0,0.0713215172290802,3.915e-05,0.3025907576084137,0.0
784.0,784.0,2.0,0.07843399047851562,3.92e-05,0.32500430941581726,0.0
785.0,785.0,2.0,0.0786198079586029,3.925e-05,0.24840961396694183,0.0
786.0,786.0,2.0,0.08297090977430344,3.93e-05,0.3669106364250183,0.0
787.0,787.0,2.0,0.07654915004968643,3.935e-05,0.29176637530326843,0.0
788.0,788.0,2.0,0.06877025216817856,3.94e-05,0.21844014525413513,0.0
789.0,789.0,2.0,0.07559797912836075,3.945e-05,0.34624210000038147,0.0
790.0,790.0,2.0,0.07448045909404755,3.95e-05,0.30326491594314575,0.0
791.0,791.0,2.0,0.07744379341602325,3.955e-05,0.27356138825416565,0.0
792.0,792.0,2.0,0.10215495526790619,3.96e-05,0.3500683009624481,0.0
793.0,793.0,2.0,0.08219204843044281,3.965e-05,0.33552393317222595,0.0
794.0,794.0,2.0,0.0637986958026886,3.9699999999999996e-05,0.2210167944431305,0.0
795.0,795.0,2.0,0.08066457509994507,3.9750000000000004e-05,0.280627578496933,0.0
796.0,796.0,2.0,0.07829330861568451,3.9800000000000005e-05,0.29924193024635315,0.0
797.0,797.0,2.0,0.09748789668083191,3.9850000000000006e-05,0.2951543629169464,0.0
798.0,798.0,2.0,0.09181779623031616,3.990000000000001e-05,0.3064801096916199,0.0
799.0,799.0,2.0,0.08011966943740845,3.995e-05,0.2955248951911926,0.0
800.0,800.0,2.0,0.06469866633415222,4e-05,0.21759125590324402,0.0
801.0,801.0,2.0,0.0872907042503357,4.0050000000000004e-05,0.3693148195743561,0.0
802.0,802.0,2.0,0.06883168965578079,4.0100000000000006e-05,0.22582173347473145,0.0
803.0,803.0,2.0,0.08833450078964233,4.015000000000001e-05,0.33284804224967957,0.0
804.0,804.0,2.0,0.07377642393112183,4.02e-05,0.3448081314563751,0.0
805.0,805.0,2.0,0.0720231905579567,4.025e-05,0.27311551570892334,0.0
806.0,806.0,2.0,0.07562711089849472,4.0300000000000004e-05,0.43902087211608887,0.0
807.0,807.0,2.0,0.07465104758739471,4.0350000000000005e-05,0.27662205696105957,0.0
808.0,808.0,2.0,0.05614108592271805,4.0400000000000006e-05,0.3184731900691986,0.0
809.0,809.0,2.0,0.07752129435539246,4.045e-05,0.2533286511898041,0.0
810.0,810.0,2.0,0.07743275910615921,4.05e-05,0.39384838938713074,0.0
811.0,811.0,2.0,0.07795509696006775,4.055e-05,0.311417818069458,0.0
812.0,812.0,2.0,0.06558188050985336,4.0600000000000004e-05,0.42889589071273804,0.0
813.0,813.0,2.0,0.0686257928609848,4.065e-05,0.22071464359760284,0.0
814.0,814.0,2.0,0.0737428367137909,4.07e-05,0.23867656290531158,0.0
815.0,815.0,2.0,0.06907796114683151,4.075e-05,0.243195578455925,0.0
816.0,816.0,2.0,0.07634331285953522,4.08e-05,0.22809316217899323,0.0
817.0,817.0,2.0,0.07624825835227966,4.0850000000000004e-05,0.34801071882247925,0.0
818.0,818.0,2.0,0.08756610751152039,4.09e-05,0.34788402915000916,0.0
819.0,819.0,2.0,0.05428978055715561,4.095e-05,0.2689521312713623,0.0
820.0,820.0,2.0,0.06421475857496262,4.1e-05,0.34266921877861023,0.0
821.0,821.0,2.0,0.06636398285627365,4.105e-05,0.204867884516716,0.0
822.0,822.0,2.0,0.07937293499708176,4.11e-05,0.3252742290496826,0.0
823.0,823.0,2.0,0.07851584255695343,4.115e-05,0.2699613869190216,0.0
824.0,824.0,2.0,0.06441427767276764,4.12e-05,0.2002161592245102,0.0
825.0,825.0,2.0,0.07853077352046967,4.125e-05,0.2989271581172943,0.0
826.0,826.0,2.0,0.0708911344408989,4.13e-05,0.2701023519039154,0.0
827.0,827.0,2.0,0.09143300354480743,4.135e-05,0.2899515926837921,0.0
828.0,828.0,2.0,0.05814892053604126,4.14e-05,0.2154732495546341,0.0
829.0,829.0,2.0,0.06745943427085876,4.145e-05,0.25155025720596313,0.0
830.0,830.0,2.0,0.071566641330719,4.15e-05,0.21312129497528076,0.0
831.0,831.0,2.0,0.058614492416381836,4.155e-05,0.29500719904899597,0.0
832.0,832.0,2.0,0.08966308832168579,4.160000000000001e-05,0.3539479672908783,0.0
833.0,833.0,2.0,0.07620302587747574,4.165e-05,0.4937633275985718,0.0
834.0,834.0,2.0,0.08732101321220398,4.1700000000000004e-05,0.3182937800884247,0.0
835.0,835.0,2.0,0.07695704698562622,4.1750000000000005e-05,0.4181568920612335,0.0
836.0,836.0,2.0,0.07587140798568726,4.1800000000000006e-05,0.29136860370635986,0.0
837.0,837.0,2.0,0.06380808353424072,4.185000000000001e-05,0.3120289146900177,0.0
838.0,838.0,2.0,0.06770303845405579,4.19e-05,0.40947026014328003,0.0
839.0,839.0,2.0,0.06865040957927704,4.195e-05,0.2277538776397705,0.0
840.0,840.0,2.0,0.0904601663351059,4.2000000000000004e-05,0.40748894214630127,0.0
841.0,841.0,2.0,0.07454089820384979,4.2050000000000006e-05,0.1986251175403595,0.0
842.0,842.0,2.0,0.07338552922010422,4.210000000000001e-05,0.4583100378513336,0.0
843.0,843.0,2.0,0.065180204808712,4.215e-05,0.21203923225402832,0.0
844.0,844.0,2.0,0.07673943042755127,4.22e-05,0.35276108980178833,0.0
845.0,845.0,2.0,0.06938213109970093,4.2250000000000004e-05,0.41049638390541077,0.0
846.0,846.0,2.0,0.09477148950099945,4.2300000000000005e-05,0.44803303480148315,0.0
847.0,847.0,2.0,0.07842415571212769,4.235e-05,0.5023318529129028,0.0
848.0,848.0,2.0,0.07874909043312073,4.24e-05,0.32474756240844727,0.0
849.0,849.0,2.0,0.0753706619143486,4.245e-05,0.6133403778076172,0.0
850.0,850.0,2.0,0.08897548913955688,4.25e-05,0.30318135023117065,0.0
851.0,851.0,2.0,0.06982100009918213,4.2550000000000004e-05,0.5244171023368835,0.0
852.0,852.0,2.0,0.07920052856206894,4.26e-05,0.320515900850296,0.0
853.0,853.0,2.0,0.06629367172718048,4.265e-05,0.47546449303627014,0.0
854.0,854.0,2.0,0.07364098727703094,4.27e-05,0.36680352687835693,0.0
855.0,855.0,2.0,0.07727470248937607,4.275e-05,0.3781704008579254,0.0
856.0,856.0,2.0,0.0764470100402832,4.2800000000000004e-05,0.3690733313560486,0.0
857.0,857.0,2.0,0.06145818904042244,4.285e-05,0.32552048563957214,0.0
858.0,858.0,2.0,0.08526356518268585,4.29e-05,0.3345012962818146,0.0
859.0,859.0,2.0,0.07904049009084702,4.295e-05,0.435330331325531,0.0
860.0,860.0,2.0,0.09913551807403564,4.3e-05,0.2911204397678375,0.0
861.0,861.0,2.0,0.07702544331550598,4.305e-05,0.4055180251598358,0.0
862.0,862.0,2.0,0.08442521840333939,4.31e-05,0.29897159337997437,0.0
863.0,863.0,2.0,0.09146445989608765,4.315e-05,0.42809322476387024,0.0
864.0,864.0,2.0,0.0652468204498291,4.32e-05,0.23204505443572998,0.0
865.0,865.0,2.0,0.07666586339473724,4.325e-05,0.35285839438438416,0.0
866.0,866.0,2.0,0.07641175389289856,4.33e-05,0.22644829750061035,0.0
867.0,867.0,2.0,0.06559214740991592,4.3349999999999997e-05,0.24190552532672882,0.0
868.0,868.0,2.0,0.06254853308200836,4.34e-05,0.2368258684873581,0.0
869.0,869.0,2.0,0.08587190508842468,4.3450000000000006e-05,0.27080127596855164,0.0
870.0,870.0,2.0,0.08027762174606323,4.350000000000001e-05,0.21885526180267334,0.0
871.0,871.0,2.0,0.08294044435024261,4.355000000000001e-05,0.23877200484275818,0.0
872.0,872.0,2.0,0.06048785150051117,4.36e-05,0.20348727703094482,0.0
873.0,873.0,2.0,0.08772929757833481,4.3650000000000004e-05,0.24137483537197113,0.0
874.0,874.0,2.0,0.1014079600572586,4.3700000000000005e-05,0.27838578820228577,0.0
875.0,875.0,2.0,0.0758642926812172,4.3750000000000006e-05,0.2636714279651642,0.0
876.0,876.0,2.0,0.07560709118843079,4.38e-05,0.23823106288909912,0.0
877.0,877.0,2.0,0.08475275337696075,4.385e-05,0.3025338053703308,0.0
878.0,878.0,2.0,0.0849933922290802,4.39e-05,0.23930537700653076,0.0
879.0,879.0,2.0,0.05426527559757233,4.3950000000000004e-05,0.21717451512813568,0.0
880.0,880.0,2.0,0.08621914684772491,4.4000000000000006e-05,0.262542724609375,0.0
881.0,881.0,2.0,0.05080024152994156,4.405e-05,0.17093780636787415,0.0
882.0,882.0,2.0,0.07163272798061371,4.41e-05,0.2500198483467102,0.0
883.0,883.0,2.0,0.06967931985855103,4.415e-05,0.22865083813667297,0.0
884.0,884.0,2.0,0.07423903048038483,4.4200000000000004e-05,0.23423321545124054,0.0
885.0,885.0,2.0,0.08677114546298981,4.4250000000000005e-05,0.2274269163608551,0.0
886.0,886.0,2.0,0.0673067569732666,4.43e-05,0.1995067447423935,0.0
887.0,887.0,2.0,0.08251312375068665,4.435e-05,0.20875206589698792,0.0
888.0,888.0,2.0,0.07432878017425537,4.44e-05,0.36213308572769165,0.0
889.0,889.0,2.0,0.06286295503377914,4.445e-05,0.206936314702034,0.0
890.0,890.0,2.0,0.07152266055345535,4.4500000000000004e-05,0.2727676033973694,0.0
891.0,891.0,2.0,0.07584576308727264,4.455e-05,0.25654053688049316,0.0
892.0,892.0,2.0,0.04957304894924164,4.46e-05,0.2664380371570587,0.0
893.0,893.0,2.0,0.06480679661035538,4.465e-05,0.22603760659694672,0.0
894.0,894.0,2.0,0.07881468534469604,4.47e-05,0.33937981724739075,0.0
895.0,895.0,2.0,0.07557056844234467,4.4750000000000004e-05,0.2843345105648041,0.0
896.0,896.0,2.0,0.06748209148645401,4.48e-05,0.24885453283786774,0.0
897.0,897.0,2.0,0.06488800048828125,4.485e-05,0.24203462898731232,0.0
898.0,898.0,2.0,0.07444890588521957,4.49e-05,0.23573264479637146,0.0
899.0,899.0,2.0,0.06855005770921707,4.495e-05,0.3076382577419281,0.0
900.0,900.0,2.0,0.08804477006196976,4.5e-05,0.24713975191116333,0.0
901.0,901.0,2.0,0.08222086727619171,4.505e-05,0.31985917687416077,0.0
902.0,902.0,2.0,0.06947721540927887,4.51e-05,0.2966609299182892,0.0
903.0,903.0,2.0,0.06913482397794724,4.515e-05,0.24273046851158142,0.0
904.0,904.0,2.0,0.07096096873283386,4.52e-05,0.3426662087440491,0.0
905.0,905.0,2.0,0.07533115148544312,4.525e-05,0.35415342450141907,0.0
906.0,906.0,2.0,0.07498107105493546,4.53e-05,0.2935929298400879,0.0
907.0,907.0,2.0,0.08043476194143295,4.5350000000000005e-05,0.32633891701698303,0.0
908.0,908.0,2.0,0.07266589254140854,4.5400000000000006e-05,0.22631515562534332,0.0
909.0,909.0,2.0,0.08134303987026215,4.545000000000001e-05,0.34870052337646484,0.0
910.0,910.0,2.0,0.07930798083543777,4.55e-05,0.25160855054855347,0.0
911.0,911.0,2.0,0.0807066336274147,4.555e-05,0.2895471155643463,0.0
912.0,912.0,2.0,0.0771302580833435,4.5600000000000004e-05,0.2677483856678009,0.0
913.0,913.0,2.0,0.07641702890396118,4.5650000000000005e-05,0.2162913829088211,0.0
914.0,914.0,2.0,0.06262154877185822,4.5700000000000006e-05,0.30884993076324463,0.0
915.0,915.0,2.0,0.0847056582570076,4.575e-05,0.21850700676441193,0.0
916.0,916.0,2.0,0.06853978335857391,4.58e-05,0.17831799387931824,0.0
917.0,917.0,2.0,0.05237407237291336,4.585e-05,0.19481946527957916,0.0
918.0,918.0,2.0,0.06999978423118591,4.5900000000000004e-05,0.2018796056509018,0.0
919.0,919.0,2.0,0.07531777024269104,4.5950000000000006e-05,0.24654850363731384,0.0
920.0,920.0,2.0,0.08375276625156403,4.6e-05,0.2370431125164032,0.0
921.0,921.0,2.0,0.07458389550447464,4.605e-05,0.21211709082126617,0.0
922.0,922.0,2.0,0.0694112777709961,4.61e-05,0.2277759164571762,0.0
923.0,923.0,2.0,0.08549756556749344,4.6150000000000004e-05,0.22375042736530304,0.0
924.0,924.0,2.0,0.06280794739723206,4.6200000000000005e-05,0.21015328168869019,0.0
925.0,925.0,2.0,0.06236992031335831,4.625e-05,0.22206507623195648,0.0
926.0,926.0,2.0,0.07718812674283981,4.63e-05,0.3301950991153717,0.0
927.0,927.0,2.0,0.06864113360643387,4.635e-05,0.21836954355239868,0.0
928.0,928.0,2.0,0.05926396697759628,4.64e-05,0.14966650307178497,0.0
929.0,929.0,2.0,0.07534322887659073,4.6450000000000004e-05,0.2886143624782562,0.0
930.0,930.0,2.0,0.05414393171668053,4.65e-05,0.1725085973739624,0.0
931.0,931.0,2.0,0.06699811667203903,4.655e-05,0.23084934055805206,0.0
932.0,932.0,2.0,0.09360861778259277,4.66e-05,0.2994561195373535,0.0
933.0,933.0,2.0,0.0655328705906868,4.665e-05,0.23186877369880676,0.0
934.0,934.0,2.0,0.06869518756866455,4.6700000000000003e-05,0.23954914510250092,0.0
935.0,935.0,2.0,0.061821892857551575,4.675e-05,0.18227562308311462,0.0
936.0,936.0,2.0,0.07112699002027512,4.68e-05,0.3030800521373749,0.0
937.0,937.0,2.0,0.07800886034965515,4.685e-05,0.3164506256580353,0.0
938.0,938.0,2.0,0.07040127366781235,4.69e-05,0.3436626195907593,0.0
939.0,939.0,2.0,0.08354128897190094,4.695e-05,0.3862680196762085,0.0
940.0,940.0,2.0,0.07991471886634827,4.7e-05,0.407257080078125,0.0
941.0,941.0,2.0,0.07063096016645432,4.705e-05,0.2326042652130127,0.0
942.0,942.0,2.0,0.07807870209217072,4.71e-05,0.4511929154396057,0.0
943.0,943.0,2.0,0.07333926856517792,4.715000000000001e-05,0.2625870406627655,0.0
944.0,944.0,2.0,0.06686446815729141,4.72e-05,0.3884028494358063,0.0
945.0,945.0,2.0,0.0699387714266777,4.725e-05,0.29602012038230896,0.0
946.0,946.0,2.0,0.08277177810668945,4.7300000000000005e-05,0.42922502756118774,0.0
947.0,947.0,2.0,0.09968297183513641,4.7350000000000006e-05,0.3854495584964752,0.0
948.0,948.0,2.0,0.06045565754175186,4.740000000000001e-05,0.2761777937412262,0.0
949.0,949.0,2.0,0.07723791897296906,4.745e-05,0.4396192729473114,0.0
950.0,950.0,2.0,0.07011907547712326,4.75e-05,0.165548637509346,0.0
951.0,951.0,2.0,0.06852655112743378,4.7550000000000004e-05,0.40724414587020874,0.0
952.0,952.0,2.0,0.07187190651893616,4.7600000000000005e-05,0.37771597504615784,0.0
953.0,953.0,2.0,0.07400333136320114,4.7650000000000006e-05,0.36354631185531616,0.0
954.0,954.0,2.0,0.0761881023645401,4.77e-05,0.4842439293861389,0.0
955.0,955.0,2.0,0.06710176169872284,4.775e-05,0.32157137989997864,0.0
956.0,956.0,2.0,0.08314543962478638,4.78e-05,0.41768836975097656,0.0
957.0,957.0,2.0,0.055687494575977325,4.7850000000000004e-05,0.2841319143772125,0.0
958.0,958.0,2.0,0.07443948090076447,4.7900000000000006e-05,0.2961065471172333,0.0
959.0,959.0,2.0,0.08479433506727219,4.795e-05,0.3714757561683655,0.0
960.0,960.0,2.0,0.07721006125211716,4.8e-05,0.2595481872558594,0.0
961.0,961.0,2.0,0.08166923373937607,4.805e-05,0.3556559681892395,0.0
962.0,962.0,2.0,0.07127555459737778,4.8100000000000004e-05,0.3457837700843811,0.0
963.0,963.0,2.0,0.07566222548484802,4.8150000000000005e-05,0.3612055480480194,0.0
964.0,964.0,2.0,0.060839153826236725,4.82e-05,0.33419069647789,0.0
965.0,965.0,2.0,0.07994630187749863,4.825e-05,0.33121731877326965,0.0
966.0,966.0,2.0,0.07468628883361816,4.83e-05,0.3563392162322998,0.0
967.0,967.0,2.0,0.0636943131685257,4.835e-05,0.32730093598365784,0.0
968.0,968.0,2.0,0.08336766064167023,4.8400000000000004e-05,0.34705400466918945,0.0
969.0,969.0,2.0,0.056064505130052567,4.845e-05,0.2592082619667053,0.0
970.0,970.0,2.0,0.06863183528184891,4.85e-05,0.17106305062770844,0.0
971.0,971.0,2.0,0.06575927138328552,4.855e-05,0.37208521366119385,0.0
972.0,972.0,2.0,0.08055296540260315,4.86e-05,0.20775029063224792,0.0
973.0,973.0,2.0,0.07414551824331284,4.8650000000000003e-05,0.3908023238182068,0.0
974.0,974.0,2.0,0.057298608124256134,4.87e-05,0.2116142064332962,0.0
975.0,975.0,2.0,0.06650333106517792,4.875e-05,0.32288721203804016,0.0
976.0,976.0,2.0,0.05331350862979889,4.88e-05,0.2622714042663574,0.0
977.0,977.0,2.0,0.07143908739089966,4.885e-05,0.2739103436470032,0.0
978.0,978.0,2.0,0.06704837828874588,4.8899999999999996e-05,0.2543467879295349,0.0
979.0,979.0,2.0,0.07827240228652954,4.895e-05,0.2575238049030304,0.0
980.0,980.0,2.0,0.08767429739236832,4.9000000000000005e-05,0.3300321400165558,0.0
981.0,981.0,2.0,0.08247998356819153,4.9050000000000006e-05,0.27406489849090576,0.0
982.0,982.0,2.0,0.06258092075586319,4.910000000000001e-05,0.2970046103000641,0.0
983.0,983.0,2.0,0.06369005143642426,4.915e-05,0.2529277205467224,0.0
984.0,984.0,2.0,0.07095611095428467,4.92e-05,0.2982082664966583,0.0
985.0,985.0,2.0,0.0699048787355423,4.9250000000000004e-05,0.34756436944007874,0.0
986.0,986.0,2.0,0.07033354789018631,4.9300000000000006e-05,0.22806347906589508,0.0
987.0,987.0,2.0,0.0720033198595047,4.935000000000001e-05,0.4238450825214386,0.0
988.0,988.0,2.0,0.07215739786624908,4.94e-05,0.28704264760017395,0.0
989.0,989.0,2.0,0.076457679271698,4.945e-05,0.42372944951057434,0.0
990.0,990.0,2.0,0.07327304780483246,4.9500000000000004e-05,0.40631428360939026,0.0
991.0,991.0,2.0,0.08001961559057236,4.9550000000000005e-05,0.26759371161460876,0.0
992.0,992.0,2.0,0.06933681666851044,4.9600000000000006e-05,0.2670082747936249,0.0
993.0,993.0,2.0,0.0673372894525528,4.965e-05,0.22141143679618835,0.0
994.0,994.0,2.0,0.06919446587562561,4.97e-05,0.24017973244190216,0.0
995.0,995.0,2.0,0.0673971176147461,4.975e-05,0.25713661313056946,0.0
996.0,996.0,2.0,0.07191774994134903,4.9800000000000004e-05,0.33150115609169006,0.0
997.0,997.0,2.0,0.05779392272233963,4.9850000000000006e-05,0.28443703055381775,0.0
998.0,998.0,2.0,0.06182438135147095,4.99e-05,0.46438542008399963,0.0
999.0,999.0,2.0,0.07617025077342987,4.995e-05,0.3656100630760193,0.0
1000.0,1000.0,2.0,0.0702739804983139,5e-05,0.43662112951278687,0.0
1001.0,1001.0,2.0,0.07496058940887451,5e-05,0.34967508912086487,0.0
1002.0,1002.0,2.0,0.06481289118528366,5e-05,0.4026968479156494,0.0
1003.0,1003.0,2.0,0.06305991113185883,5e-05,0.30181393027305603,0.0
1004.0,1004.0,2.0,0.08370698988437653,5e-05,0.4117219150066376,0.0
1005.0,1005.0,2.0,0.0742928758263588,5e-05,0.26960644125938416,0.0
1006.0,1006.0,2.0,0.09073081612586975,5e-05,0.2829064130783081,0.0
1007.0,1007.0,2.0,0.07984863221645355,5e-05,0.4439767003059387,0.0
1008.0,1008.0,2.0,0.08272388577461243,5e-05,0.36182641983032227,0.0
1009.0,1009.0,2.0,0.07298240065574646,5e-05,0.32398825883865356,0.0
1010.0,1010.0,2.0,0.06951737403869629,5e-05,0.37210267782211304,0.0
1011.0,1011.0,2.0,0.0793861374258995,5e-05,0.2800458073616028,0.0
1012.0,1012.0,2.0,0.05949404090642929,5e-05,0.376727819442749,0.0
1013.0,1013.0,2.0,0.08018241077661514,5e-05,0.3699757754802704,0.0
1014.0,1014.0,2.0,0.07934195548295975,5e-05,0.3063112199306488,0.0
1015.0,1015.0,2.0,0.07251594215631485,5e-05,0.41012412309646606,0.0
1016.0,1016.0,2.0,0.08621197938919067,5e-05,0.34661826491355896,0.0
1017.0,1017.0,2.0,0.061977073550224304,5e-05,0.36106857657432556,0.0
1018.0,1018.0,2.0,0.06821968406438828,5e-05,0.3073594570159912,0.0
1019.0,1019.0,2.0,0.07915627956390381,5e-05,0.36435946822166443,0.0
1020.0,1020.0,2.0,0.06293068081140518,5e-05,0.2763614058494568,0.0
1021.0,1021.0,2.0,0.08038577437400818,5e-05,0.27355748414993286,0.0
1022.0,1022.0,2.0,0.08454351872205734,5e-05,0.30041244626045227,0.0
1023.0,1023.0,2.0,0.06451824307441711,5e-05,0.21061107516288757,0.0
1024.0,1024.0,2.0,0.0759371966123581,5e-05,0.25493714213371277,0.0
1025.0,1025.0,2.0,0.06919092684984207,5e-05,0.23620185256004333,0.0
1026.0,1026.0,2.0,0.0743425041437149,5e-05,0.29194769263267517,0.0
1027.0,1027.0,2.0,0.05683671310544014,5e-05,0.17715272307395935,0.0
1028.0,1028.0,2.0,0.08763504028320312,5e-05,0.22557178139686584,0.0
1029.0,1029.0,2.0,0.08570519089698792,5e-05,0.25992512702941895,0.0
1030.0,1030.0,2.0,0.07505884766578674,5e-05,0.22344939410686493,0.0
1031.0,1031.0,2.0,0.10004841536283493,5e-05,0.2886395752429962,0.0
1032.0,1032.0,2.0,0.07514119148254395,5e-05,0.25885602831840515,0.0
1033.0,1033.0,2.0,0.06583654135465622,5e-05,0.20896320044994354,0.0
1034.0,1034.0,2.0,0.0758746787905693,5e-05,0.26942741870880127,0.0
1035.0,1035.0,2.0,0.06193332001566887,5e-05,0.21802376210689545,0.0
1036.0,1036.0,2.0,0.0668991282582283,5e-05,0.29192572832107544,0.0
1037.0,1037.0,2.0,0.053095441311597824,5e-05,0.20332516729831696,0.0
1038.0,1038.0,2.0,0.07866816967725754,5e-05,0.3148556351661682,0.0
1039.0,1039.0,2.0,0.07364323735237122,5e-05,0.27411776781082153,0.0
1040.0,1040.0,2.0,0.06040842831134796,5e-05,0.24036875367164612,0.0
1041.0,1041.0,2.0,0.06960775703191757,5e-05,0.22382591664791107,0.0
1042.0,1042.0,2.0,0.06256572902202606,5e-05,0.1646018624305725,0.0
1043.0,1043.0,2.0,0.05047285556793213,5e-05,0.23914511501789093,0.0
1044.0,1044.0,2.0,0.08451638370752335,5e-05,0.27476441860198975,0.0
1045.0,1045.0,2.0,0.0654548704624176,5e-05,0.23502300679683685,0.0
1046.0,1046.0,2.0,0.08703716844320297,5e-05,0.2456572949886322,0.0
1047.0,1047.0,2.0,0.0643974095582962,5e-05,0.23034541308879852,0.0
1048.0,1048.0,2.0,0.07933202385902405,5e-05,0.30783167481422424,0.0
1049.0,1049.0,2.0,0.0767352432012558,5e-05,0.183102548122406,0.0
1050.0,1050.0,2.0,0.06780807673931122,5e-05,0.25796353816986084,0.0
1051.0,1051.0,2.0,0.07425054162740707,5e-05,0.23030292987823486,0.0
1052.0,1052.0,2.0,0.07206879556179047,5e-05,0.1910831183195114,0.0
1053.0,1053.0,2.0,0.07223998010158539,5e-05,0.31167328357696533,0.0
1054.0,1054.0,2.0,0.07388602197170258,5e-05,0.18040622770786285,0.0
1055.0,1055.0,2.0,0.07471786439418793,5e-05,0.19187787175178528,0.0
1056.0,1056.0,2.0,0.07038663327693939,5e-05,0.23117460310459137,0.0
1057.0,1057.0,2.0,0.07061706483364105,5e-05,0.19963400065898895,0.0
1058.0,1058.0,2.0,0.06667910516262054,5e-05,0.22942481935024261,0.0
1059.0,1059.0,2.0,0.07946106046438217,5e-05,0.257999449968338,0.0
1060.0,1060.0,2.0,0.06059587374329567,5e-05,0.24658875167369843,0.0
1061.0,1061.0,2.0,0.08397295325994492,5e-05,0.25477829575538635,0.0
1062.0,1062.0,2.0,0.05948524922132492,5e-05,0.2576178312301636,0.0
1063.0,1063.0,2.0,0.06874369829893112,5e-05,0.23649223148822784,0.0
1064.0,1064.0,2.0,0.07971684634685516,5e-05,0.33760425448417664,0.0
1065.0,1065.0,2.0,0.09218677133321762,5e-05,0.21073052287101746,0.0
1066.0,1066.0,2.0,0.07023672014474869,5e-05,0.3524264991283417,0.0
1067.0,1067.0,2.0,0.07810258865356445,5e-05,0.2363331913948059,0.0
1068.0,1068.0,2.0,0.06686712801456451,5e-05,0.3087049126625061,0.0
1069.0,1069.0,2.0,0.050221994519233704,5e-05,0.1668817549943924,0.0
1070.0,1070.0,2.0,0.0709613710641861,5e-05,0.34844228625297546,0.0
1071.0,1071.0,2.0,0.07359573245048523,5e-05,0.22745037078857422,0.0
1072.0,1072.0,2.0,0.06914681196212769,5e-05,0.3088315427303314,0.0
1073.0,1073.0,2.0,0.09459801763296127,5e-05,0.22581034898757935,0.0
1074.0,1074.0,2.0,0.06495597958564758,5e-05,0.2697060704231262,0.0
1075.0,1075.0,2.0,0.06638942658901215,5e-05,0.2937085032463074,0.0
1076.0,1076.0,2.0,0.08165840059518814,5e-05,0.2858152687549591,0.0
1077.0,1077.0,2.0,0.06375239789485931,5e-05,0.2364589124917984,0.0
1078.0,1078.0,2.0,0.06823033094406128,5e-05,0.1747857928276062,0.0
1079.0,1079.0,2.0,0.08758208155632019,5e-05,0.4279228746891022,0.0
1080.0,1080.0,2.0,0.07963384687900543,5e-05,0.263234943151474,0.0
1081.0,1081.0,2.0,0.08883778750896454,5e-05,0.35705044865608215,0.0
1082.0,1082.0,2.0,0.07135501503944397,5e-05,0.2160004824399948,0.0
1083.0,1083.0,2.0,0.06260775774717331,5e-05,0.253284215927124,0.0
1084.0,1084.0,2.0,0.05757752060890198,5e-05,0.22787491977214813,0.0
1085.0,1085.0,2.0,0.05400368571281433,5e-05,0.171307772397995,0.0
1086.0,1086.0,2.0,0.1014280915260315,5e-05,0.40526145696640015,0.0
1087.0,1087.0,2.0,0.07421355694532394,5e-05,0.20494800806045532,0.0
1088.0,1088.0,2.0,0.06910291314125061,5e-05,0.2811950445175171,0.0
1089.0,1089.0,2.0,0.05405738949775696,5e-05,0.1861085593700409,0.0
1090.0,1090.0,2.0,0.0710865780711174,5e-05,0.2789563834667206,0.0
1091.0,1091.0,2.0,0.0724724605679512,5e-05,0.18259719014167786,0.0
1092.0,1092.0,2.0,0.07076065987348557,5e-05,0.2905493676662445,0.0
1093.0,1093.0,2.0,0.06502068787813187,5e-05,0.1914757639169693,0.0
1094.0,1094.0,2.0,0.075026735663414,5e-05,0.28782975673675537,0.0
1095.0,1095.0,2.0,0.07583445310592651,5e-05,0.3017277717590332,0.0
1096.0,1096.0,2.0,0.05889740586280823,5e-05,0.27566856145858765,0.0
1097.0,1097.0,2.0,0.07312719523906708,5e-05,0.2437475025653839,0.0
1098.0,1098.0,2.0,0.05404769256711006,5e-05,0.221542090177536,0.0
1099.0,1099.0,2.0,0.06904065608978271,5e-05,0.31273284554481506,0.0
1100.0,1100.0,2.0,0.07906587421894073,5e-05,0.26571398973464966,0.0
1101.0,1101.0,2.0,0.06304839998483658,5e-05,0.2610905170440674,0.0
1102.0,1102.0,2.0,0.07217627018690109,5e-05,0.1939035952091217,0.0
1103.0,1103.0,2.0,0.06844111531972885,5e-05,0.2693568170070648,0.0
1104.0,1104.0,2.0,0.06262992322444916,5e-05,0.2963242828845978,0.0
1105.0,1105.0,2.0,0.07385334372520447,5e-05,0.25446105003356934,0.0
1106.0,1106.0,2.0,0.06936365365982056,5e-05,0.2960931658744812,0.0
1107.0,1107.0,2.0,0.07402599602937698,5e-05,0.2266763597726822,0.0
1108.0,1108.0,2.0,0.0643201693892479,5e-05,0.18462221324443817,0.0
1109.0,1109.0,2.0,0.06312445551156998,5e-05,0.21744731068611145,0.0
1110.0,1110.0,2.0,0.07081231474876404,5e-05,0.3359370231628418,0.0
1111.0,1111.0,2.0,0.0741415023803711,5e-05,0.25798267126083374,0.0
1112.0,1112.0,2.0,0.07819557189941406,5e-05,0.28634023666381836,0.0
1113.0,1113.0,2.0,0.07602555304765701,5e-05,0.34257346391677856,0.0
1114.0,1114.0,2.0,0.07002291083335876,5e-05,0.3206270933151245,0.0
1115.0,1115.0,2.0,0.07652048766613007,5e-05,0.22596389055252075,0.0
1116.0,1116.0,2.0,0.07911671698093414,5e-05,0.3060961961746216,0.0
1117.0,1117.0,2.0,0.07246708869934082,5e-05,0.24469205737113953,0.0
1118.0,1118.0,2.0,0.06987657397985458,5e-05,0.34834256768226624,0.0
1119.0,1119.0,2.0,0.07646048814058304,5e-05,0.2733824849128723,0.0
1120.0,1120.0,2.0,0.0670510083436966,5e-05,0.22810466587543488,0.0
1121.0,1121.0,2.0,0.07577628642320633,5e-05,0.2604553997516632,0.0
1122.0,1122.0,2.0,0.0731486976146698,5e-05,0.31893283128738403,0.0
1123.0,1123.0,2.0,0.07133082300424576,5e-05,0.3011343777179718,0.0
1124.0,1124.0,2.0,0.059174466878175735,5e-05,0.3091680407524109,0.0
1125.0,1125.0,2.0,0.05042354762554169,5e-05,0.26308107376098633,0.0
1126.0,1126.0,2.0,0.06257650256156921,5e-05,0.3202873468399048,0.0
1127.0,1127.0,2.0,0.06532707065343857,5e-05,0.32436200976371765,0.0
1128.0,1128.0,2.0,0.08813443034887314,5e-05,0.35735079646110535,0.0
1129.0,1129.0,2.0,0.06255640089511871,5e-05,0.36591196060180664,0.0
1130.0,1130.0,2.0,0.06870554387569427,5e-05,0.27063366770744324,0.0
1131.0,1131.0,2.0,0.06482917070388794,5e-05,0.2762715220451355,0.0
1132.0,1132.0,2.0,0.07146169245243073,5e-05,0.29036203026771545,0.0
1133.0,1133.0,2.0,0.05563817918300629,5e-05,0.24763894081115723,0.0
1134.0,1134.0,2.0,0.05441918596625328,5e-05,0.21590107679367065,0.0
1135.0,1135.0,2.0,0.07924680411815643,5e-05,0.32772475481033325,0.0
1136.0,1136.0,2.0,0.07912402600049973,5e-05,0.23949530720710754,0.0
1137.0,1137.0,2.0,0.06845561414957047,5e-05,0.26626524329185486,0.0
1138.0,1138.0,2.0,0.07162348926067352,5e-05,0.26109448075294495,0.0
1139.0,1139.0,2.0,0.06823967397212982,5e-05,0.24927714467048645,0.0
1140.0,1140.0,2.0,0.07352970540523529,5e-05,0.20893003046512604,0.0
1141.0,1141.0,2.0,0.08483672887086868,5e-05,0.23962870240211487,0.0
1142.0,1142.0,2.0,0.07752484083175659,5e-05,0.20382511615753174,0.0
1143.0,1143.0,2.0,0.07663767039775848,5e-05,0.3215779662132263,0.0
1144.0,1144.0,2.0,0.0674143061041832,5e-05,0.2431969940662384,0.0
1145.0,1145.0,2.0,0.07607842236757278,5e-05,0.27188053727149963,0.0
1146.0,1146.0,2.0,0.09049731492996216,5e-05,0.21711477637290955,0.0
1147.0,1147.0,2.0,0.0681127980351448,5e-05,0.2838936448097229,0.0
1148.0,1148.0,2.0,0.07342352718114853,5e-05,0.20539025962352753,0.0
1149.0,1149.0,2.0,0.05826840549707413,5e-05,0.23739711940288544,0.0
1150.0,1150.0,2.0,0.07591738551855087,5e-05,0.20973087847232819,0.0
1151.0,1151.0,2.0,0.0650259256362915,5e-05,0.21364115178585052,0.0
1152.0,1152.0,2.0,0.05904360115528107,5e-05,0.274952232837677,0.0
1153.0,1153.0,2.0,0.06981230527162552,5e-05,0.17372886836528778,0.0
1154.0,1154.0,2.0,0.07610177993774414,5e-05,0.28133392333984375,0.0
1155.0,1155.0,2.0,0.06837020814418793,5e-05,0.23588670790195465,0.0
1156.0,1156.0,2.0,0.059457264840602875,5e-05,0.23032906651496887,0.0
1157.0,1157.0,2.0,0.06406385451555252,5e-05,0.2485314905643463,0.0
1158.0,1158.0,2.0,0.09040394425392151,5e-05,0.38765662908554077,0.0
1159.0,1159.0,2.0,0.06441570818424225,5e-05,0.25791409611701965,0.0
1160.0,1160.0,2.0,0.07427733391523361,5e-05,0.3713938295841217,0.0
1161.0,1161.0,2.0,0.08112305402755737,5e-05,0.29506915807724,0.0
1162.0,1162.0,2.0,0.07160039246082306,5e-05,0.2369280904531479,0.0
1163.0,1163.0,2.0,0.06118336319923401,5e-05,0.27280697226524353,0.0
1164.0,1164.0,2.0,0.07804128527641296,5e-05,0.331283301115036,0.0
1165.0,1165.0,2.0,0.08690710365772247,5e-05,0.3798697292804718,0.0
1166.0,1166.0,2.0,0.06615567207336426,5e-05,0.23885104060173035,0.0
1167.0,1167.0,2.0,0.09133380651473999,5e-05,0.34975117444992065,0.0
1168.0,1168.0,2.0,0.07027854025363922,5e-05,0.2024998813867569,0.0
1169.0,1169.0,2.0,0.0866692066192627,5e-05,0.3649216890335083,0.0
1170.0,1170.0,2.0,0.06777395308017731,5e-05,0.19236116111278534,0.0
1171.0,1171.0,3.0,0.08079300075769424,5e-05,0.32866767048835754,0.0
1172.0,1172.0,3.0,0.07052771002054214,5e-05,0.2331346720457077,0.0
1173.0,1173.0,3.0,0.08547253906726837,5e-05,0.3258196711540222,0.0
1174.0,1174.0,3.0,0.07103356719017029,5e-05,0.2570462226867676,0.0
1175.0,1175.0,3.0,0.06529991328716278,5e-05,0.31385454535484314,0.0
1176.0,1176.0,3.0,0.06718553602695465,5e-05,0.3688897490501404,0.0
1177.0,1177.0,3.0,0.08749236166477203,5e-05,0.3343406319618225,0.0
1178.0,1178.0,3.0,0.07010362297296524,5e-05,0.346067875623703,0.0
1179.0,1179.0,3.0,0.07083308696746826,5e-05,0.35070279240608215,0.0
1180.0,1180.0,3.0,0.09336970001459122,5e-05,0.3059219419956207,0.0
1181.0,1181.0,3.0,0.062120068818330765,5e-05,0.3902745842933655,0.0
1182.0,1182.0,3.0,0.07674835622310638,5e-05,0.33816245198249817,0.0
1183.0,1183.0,3.0,0.0565669909119606,5e-05,0.31280142068862915,0.0
1184.0,1184.0,3.0,0.06655193120241165,5e-05,0.33724507689476013,0.0
1185.0,1185.0,3.0,0.06913797557353973,5e-05,0.32038652896881104,0.0
1186.0,1186.0,3.0,0.06672677397727966,5e-05,0.3701079785823822,0.0
1187.0,1187.0,3.0,0.06229189783334732,5e-05,0.35156384110450745,0.0
1188.0,1188.0,3.0,0.06619061529636383,5e-05,0.259547621011734,0.0
1189.0,1189.0,3.0,0.07458306849002838,5e-05,0.4674100875854492,0.0
1190.0,1190.0,3.0,0.06025010719895363,5e-05,0.18190395832061768,0.0
1191.0,1191.0,3.0,0.060573890805244446,5e-05,0.25809258222579956,0.0
1192.0,1192.0,3.0,0.06656971573829651,5e-05,0.27057957649230957,0.0
1193.0,1193.0,3.0,0.06978496164083481,5e-05,0.19187140464782715,0.0
1194.0,1194.0,3.0,0.06675491482019424,5e-05,0.2741631269454956,0.0
1195.0,1195.0,3.0,0.05519450455904007,5e-05,0.1831284761428833,0.0
1196.0,1196.0,3.0,0.06755618005990982,5e-05,0.2726942300796509,0.0
1197.0,1197.0,3.0,0.07179149985313416,5e-05,0.23328562080860138,0.0
1198.0,1198.0,3.0,0.07411661744117737,5e-05,0.21308238804340363,0.0
1199.0,1199.0,3.0,0.06858654320240021,5e-05,0.16501501202583313,0.0
1200.0,1200.0,3.0,0.07575014233589172,5e-05,0.24719245731830597,0.0
1201.0,1201.0,3.0,0.08904048800468445,5e-05,0.22507141530513763,0.0
1202.0,1202.0,3.0,0.058990247547626495,5e-05,0.16721105575561523,0.0
1203.0,1203.0,3.0,0.06520570069551468,5e-05,0.20372363924980164,0.0
1204.0,1204.0,3.0,0.0729176253080368,5e-05,0.2183542251586914,0.0
1205.0,1205.0,3.0,0.05833826959133148,5e-05,0.20005476474761963,0.0
1206.0,1206.0,3.0,0.0716763585805893,5e-05,0.18526344001293182,0.0
1207.0,1207.0,3.0,0.07856379449367523,5e-05,0.29083165526390076,0.0
1208.0,1208.0,3.0,0.05209512636065483,5e-05,0.14539064466953278,0.0
1209.0,1209.0,3.0,0.06368182599544525,5e-05,0.2981836795806885,0.0
1210.0,1210.0,3.0,0.08059096336364746,5e-05,0.24550761282444,0.0
1211.0,1211.0,3.0,0.07313726842403412,5e-05,0.34447410702705383,0.0
1212.0,1212.0,3.0,0.07893785834312439,5e-05,0.2882108986377716,0.0
1213.0,1213.0,3.0,0.0695025846362114,5e-05,0.2843964397907257,0.0
1214.0,1214.0,3.0,0.053448863327503204,5e-05,0.24738159775733948,0.0
1215.0,1215.0,3.0,0.06794270128011703,5e-05,0.2808087468147278,0.0
1216.0,1216.0,3.0,0.07427119463682175,5e-05,0.2542188763618469,0.0
1217.0,1217.0,3.0,0.05915439501404762,5e-05,0.3150217831134796,0.0
1218.0,1218.0,3.0,0.06943440437316895,5e-05,0.2746819257736206,0.0
1219.0,1219.0,3.0,0.09359687566757202,5e-05,0.43050819635391235,0.0
1220.0,1220.0,3.0,0.07217362523078918,5e-05,0.2187548130750656,0.0
1221.0,1221.0,3.0,0.06177842244505882,5e-05,0.34127503633499146,0.0
1222.0,1222.0,3.0,0.06836780905723572,5e-05,0.25461748242378235,0.0
1223.0,1223.0,3.0,0.06125642731785774,5e-05,0.23011454939842224,0.0
1224.0,1224.0,3.0,0.05124638229608536,5e-05,0.22782471776008606,0.0
1225.0,1225.0,3.0,0.07988379150629044,5e-05,0.27146732807159424,0.0
1226.0,1226.0,3.0,0.05769805237650871,5e-05,0.2792311906814575,0.0
1227.0,1227.0,3.0,0.06607643514871597,5e-05,0.25621432065963745,0.0
1228.0,1228.0,3.0,0.06905399262905121,5e-05,0.3188498616218567,0.0
1229.0,1229.0,3.0,0.060910001397132874,5e-05,0.25891098380088806,0.0
1230.0,1230.0,3.0,0.0803566426038742,5e-05,0.336440771818161,0.0
1231.0,1231.0,3.0,0.06088891625404358,5e-05,0.2046196013689041,0.0
1232.0,1232.0,3.0,0.08660333603620529,5e-05,0.31040629744529724,0.0
1233.0,1233.0,3.0,0.07461433857679367,5e-05,0.33665794134140015,0.0
1234.0,1234.0,3.0,0.05608844757080078,5e-05,0.19134549796581268,0.0
1235.0,1235.0,3.0,0.06837550550699234,5e-05,0.3253345787525177,0.0
1236.0,1236.0,3.0,0.07072195410728455,5e-05,0.27789872884750366,0.0
1237.0,1237.0,3.0,0.06007293239235878,5e-05,0.3287557363510132,0.0
1238.0,1238.0,3.0,0.0671638622879982,5e-05,0.2766783535480499,0.0
1239.0,1239.0,3.0,0.0894981324672699,5e-05,0.27140185236930847,0.0
1240.0,1240.0,3.0,0.07102889567613602,5e-05,0.2294347882270813,0.0
1241.0,1241.0,3.0,0.07677188515663147,5e-05,0.2828250229358673,0.0
1242.0,1242.0,3.0,0.06630907207727432,5e-05,0.26771438121795654,0.0
1243.0,1243.0,3.0,0.07086649537086487,5e-05,0.25988903641700745,0.0
1244.0,1244.0,3.0,0.07685656100511551,5e-05,0.26861703395843506,0.0
1245.0,1245.0,3.0,0.06269566714763641,5e-05,0.2527278959751129,0.0
1246.0,1246.0,3.0,0.05993896350264549,5e-05,0.2601907551288605,0.0
1247.0,1247.0,3.0,0.06784797459840775,5e-05,0.24448534846305847,0.0
1248.0,1248.0,3.0,0.06643310189247131,5e-05,0.20667429268360138,0.0
1249.0,1249.0,3.0,0.06951902061700821,5e-05,0.23411646485328674,0.0
1250.0,1250.0,3.0,0.07077726721763611,5e-05,0.1848425269126892,0.0
1251.0,1251.0,3.0,0.07022522389888763,5e-05,0.19389264285564423,0.0
1252.0,1252.0,3.0,0.07841426134109497,5e-05,0.2968645989894867,0.0
1253.0,1253.0,3.0,0.06412547826766968,5e-05,0.17758221924304962,0.0
1254.0,1254.0,3.0,0.06207466870546341,5e-05,0.27925097942352295,0.0
1255.0,1255.0,3.0,0.08004583418369293,5e-05,0.26811209321022034,0.0
1256.0,1256.0,3.0,0.06747262179851532,5e-05,0.24862989783287048,0.0
1257.0,1257.0,3.0,0.07764475047588348,5e-05,0.34391558170318604,0.0
1258.0,1258.0,3.0,0.06273524463176727,5e-05,0.1727622151374817,0.0
1259.0,1259.0,3.0,0.06657489389181137,5e-05,0.46777182817459106,0.0
1260.0,1260.0,3.0,0.06999582052230835,5e-05,0.20310823619365692,0.0
1261.0,1261.0,3.0,0.053914353251457214,5e-05,0.316786527633667,0.0
1262.0,1262.0,3.0,0.05907750129699707,5e-05,0.16374064981937408,0.0
1263.0,1263.0,3.0,0.06430501490831375,5e-05,0.27551549673080444,0.0
1264.0,1264.0,3.0,0.054190751165151596,5e-05,0.27672791481018066,0.0
1265.0,1265.0,3.0,0.07342398166656494,5e-05,0.2124730795621872,0.0
1266.0,1266.0,3.0,0.0948624387383461,5e-05,0.25520363450050354,0.0
1267.0,1267.0,3.0,0.06461793184280396,5e-05,0.25535887479782104,0.0
1268.0,1268.0,3.0,0.06444914638996124,5e-05,0.18674105405807495,0.0
1269.0,1269.0,3.0,0.08757340908050537,5e-05,0.31435427069664,0.0
1270.0,1270.0,3.0,0.07356658577919006,5e-05,0.2562103271484375,0.0
1271.0,1271.0,3.0,0.07043816149234772,5e-05,0.24346904456615448,0.0
1272.0,1272.0,3.0,0.07248705625534058,5e-05,0.2642539441585541,0.0
1273.0,1273.0,3.0,0.06592651456594467,5e-05,0.2129206359386444,0.0
1274.0,1274.0,3.0,0.06380914151668549,5e-05,0.20006705820560455,0.0
1275.0,1275.0,3.0,0.06163317710161209,5e-05,0.2729552984237671,0.0
1276.0,1276.0,3.0,0.06910153478384018,5e-05,0.1803833693265915,0.0
1277.0,1277.0,3.0,0.06214551255106926,5e-05,0.22493404150009155,0.0
1278.0,1278.0,3.0,0.06473994255065918,5e-05,0.2240772396326065,0.0
1279.0,1279.0,3.0,0.06533939391374588,5e-05,0.24011318385601044,0.0
1280.0,1280.0,3.0,0.07165989279747009,5e-05,0.2835458517074585,0.0
1281.0,1281.0,3.0,0.05261523276567459,5e-05,0.1497819721698761,0.0
1282.0,1282.0,3.0,0.06542828679084778,5e-05,0.2165253758430481,0.0
1283.0,1283.0,3.0,0.06238742545247078,5e-05,0.23512785136699677,0.0
1284.0,1284.0,3.0,0.060604941099882126,5e-05,0.17263992130756378,0.0
1285.0,1285.0,3.0,0.06031890958547592,5e-05,0.23258623480796814,0.0
1286.0,1286.0,3.0,0.06412093341350555,5e-05,0.1937963366508484,0.0
1287.0,1287.0,3.0,0.07077649235725403,5e-05,0.1983480304479599,0.0
1288.0,1288.0,3.0,0.06981959193944931,5e-05,0.22448240220546722,0.0
1289.0,1289.0,3.0,0.06390568614006042,5e-05,0.23223261535167694,0.0
1290.0,1290.0,3.0,0.05687057599425316,5e-05,0.16324757039546967,0.0
1291.0,1291.0,3.0,0.0642995536327362,5e-05,0.29413437843322754,0.0
1292.0,1292.0,3.0,0.0640287697315216,5e-05,0.20575080811977386,0.0
1293.0,1293.0,3.0,0.05476905778050423,5e-05,0.20077566802501678,0.0
1294.0,1294.0,3.0,0.07591399550437927,5e-05,0.24285094439983368,0.0
1295.0,1295.0,3.0,0.07043369114398956,5e-05,0.19852754473686218,0.0
1296.0,1296.0,3.0,0.07105377316474915,5e-05,0.2880951762199402,0.0
1297.0,1297.0,3.0,0.06678195297718048,5e-05,0.1890944540500641,0.0
1298.0,1298.0,3.0,0.06594350934028625,5e-05,0.18653860688209534,0.0
1299.0,1299.0,3.0,0.06321904063224792,5e-05,0.20666442811489105,0.0
1300.0,1300.0,3.0,0.0616287887096405,5e-05,0.2186252623796463,0.0
1301.0,1301.0,3.0,0.09488333016633987,5e-05,0.30058372020721436,0.0
1302.0,1302.0,3.0,0.07351719588041306,5e-05,0.2006799429655075,0.0
1303.0,1303.0,3.0,0.08346864581108093,5e-05,0.34990355372428894,0.0
1304.0,1304.0,3.0,0.07335430383682251,5e-05,0.22662991285324097,0.0
1305.0,1305.0,3.0,0.07371911406517029,5e-05,0.2678458094596863,0.0
1306.0,1306.0,3.0,0.05224613845348358,5e-05,0.13679975271224976,0.0
1307.0,1307.0,3.0,0.05042741820216179,5e-05,0.23692776262760162,0.0
1308.0,1308.0,3.0,0.053466781973838806,5e-05,0.2345627099275589,0.0
1309.0,1309.0,3.0,0.06819942593574524,5e-05,0.2530628442764282,0.0
1310.0,1310.0,3.0,0.07666714489459991,5e-05,0.26124414801597595,0.0
1311.0,1311.0,3.0,0.06988973915576935,5e-05,0.3037734031677246,0.0
1312.0,1312.0,3.0,0.07524777948856354,5e-05,0.25143349170684814,0.0
1313.0,1313.0,3.0,0.0625346302986145,5e-05,0.23775646090507507,0.0
1314.0,1314.0,3.0,0.06333905458450317,5e-05,0.2493252456188202,0.0
1315.0,1315.0,3.0,0.0643998235464096,5e-05,0.2462282031774521,0.0
1316.0,1316.0,3.0,0.0743517279624939,5e-05,0.22785678505897522,0.0
1317.0,1317.0,3.0,0.06910514831542969,5e-05,0.2778750956058502,0.0
1318.0,1318.0,3.0,0.07423233240842819,5e-05,0.21478469669818878,0.0
1319.0,1319.0,3.0,0.07471518218517303,5e-05,0.2641483247280121,0.0
1320.0,1320.0,3.0,0.06630336493253708,5e-05,0.19507691264152527,0.0
1321.0,1321.0,3.0,0.05951686576008797,5e-05,0.2221895158290863,0.0
1322.0,1322.0,3.0,0.08314341306686401,5e-05,0.3465607464313507,0.0
1323.0,1323.0,3.0,0.05792495608329773,5e-05,0.381864458322525,0.0
1324.0,1324.0,3.0,0.07391566038131714,5e-05,0.26610010862350464,0.0
1325.0,1325.0,3.0,0.05501757934689522,5e-05,0.2909208834171295,0.0
1326.0,1326.0,3.0,0.06281960755586624,5e-05,0.248462975025177,0.0
1327.0,1327.0,3.0,0.06575695425271988,5e-05,0.22890691459178925,0.0
1328.0,1328.0,3.0,0.06663160771131516,5e-05,0.34158971905708313,0.0
1329.0,1329.0,3.0,0.07301750779151917,5e-05,0.17817114293575287,0.0
1330.0,1330.0,3.0,0.052902158349752426,5e-05,0.25490790605545044,0.0
1331.0,1331.0,3.0,0.06951887905597687,5e-05,0.29306116700172424,0.0
1332.0,1332.0,3.0,0.05162854492664337,5e-05,0.2187473475933075,0.0
1333.0,1333.0,3.0,0.07445266842842102,5e-05,0.36174270510673523,0.0
1334.0,1334.0,3.0,0.07630716264247894,5e-05,0.42218130826950073,0.0
1335.0,1335.0,3.0,0.0741901770234108,5e-05,0.35278433561325073,0.0
1336.0,1336.0,3.0,0.06747359037399292,5e-05,0.3025099039077759,0.0
1337.0,1337.0,3.0,0.06261090934276581,5e-05,0.4251490533351898,0.0
1338.0,1338.0,3.0,0.06672008335590363,5e-05,0.21248167753219604,0.0
1339.0,1339.0,3.0,0.0756666287779808,5e-05,0.4021436870098114,0.0
1340.0,1340.0,3.0,0.0490046963095665,5e-05,0.20763438940048218,0.0
1341.0,1341.0,3.0,0.06214798986911774,5e-05,0.38585731387138367,0.0
1342.0,1342.0,3.0,0.06633605062961578,5e-05,0.23152366280555725,0.0
1343.0,1343.0,3.0,0.06346611678600311,5e-05,0.37676018476486206,0.0
1344.0,1344.0,3.0,0.07021841406822205,5e-05,0.23207852244377136,0.0
1345.0,1345.0,3.0,0.06264133006334305,5e-05,0.26883986592292786,0.0
1346.0,1346.0,3.0,0.06482534110546112,5e-05,0.21612468361854553,0.0
1347.0,1347.0,3.0,0.06176073104143143,5e-05,0.15456534922122955,0.0
1348.0,1348.0,3.0,0.07341723144054413,5e-05,0.2886362373828888,0.0
1349.0,1349.0,3.0,0.07487238943576813,5e-05,0.25247377157211304,0.0
1350.0,1350.0,3.0,0.0622246190905571,5e-05,0.34322571754455566,0.0
1351.0,1351.0,3.0,0.06660592555999756,5e-05,0.3132038712501526,0.0
1352.0,1352.0,3.0,0.08338364958763123,5e-05,0.43424245715141296,0.0
1353.0,1353.0,3.0,0.061716508120298386,5e-05,0.32744207978248596,0.0
1354.0,1354.0,3.0,0.07700296491384506,5e-05,0.40402260422706604,0.0
1355.0,1355.0,3.0,0.07910147309303284,5e-05,0.2981751263141632,0.0
1356.0,1356.0,3.0,0.06397996842861176,5e-05,0.2122928500175476,0.0
1357.0,1357.0,3.0,0.07338859140872955,5e-05,0.3044510781764984,0.0
1358.0,1358.0,3.0,0.05755070224404335,5e-05,0.24595119059085846,0.0
1359.0,1359.0,3.0,0.0646461769938469,5e-05,0.32852640748023987,0.0
1360.0,1360.0,3.0,0.0708799660205841,5e-05,0.3029102385044098,0.0
1361.0,1361.0,3.0,0.06577537953853607,5e-05,0.34796246886253357,0.0
1362.0,1362.0,3.0,0.06497707962989807,5e-05,0.2736809551715851,0.0
1363.0,1363.0,3.0,0.09580019116401672,5e-05,0.24983085691928864,0.0
1364.0,1364.0,3.0,0.06041596457362175,5e-05,0.3391306400299072,0.0
1365.0,1365.0,3.0,0.05184329301118851,5e-05,0.23348526656627655,0.0
1366.0,1366.0,3.0,0.05522841215133667,5e-05,0.2541338801383972,0.0
1367.0,1367.0,3.0,0.06396959722042084,5e-05,0.23953145742416382,0.0
1368.0,1368.0,3.0,0.07473123073577881,5e-05,0.23798003792762756,0.0
1369.0,1369.0,3.0,0.05980831757187843,5e-05,0.21772383153438568,0.0
1370.0,1370.0,3.0,0.07117913663387299,5e-05,0.25213533639907837,0.0
1371.0,1371.0,3.0,0.06586888432502747,5e-05,0.3366308808326721,0.0
1372.0,1372.0,3.0,0.06432928889989853,5e-05,0.19624312222003937,0.0
1373.0,1373.0,3.0,0.06088358536362648,5e-05,0.2814607620239258,0.0
1374.0,1374.0,3.0,0.06811267882585526,5e-05,0.25749632716178894,0.0
1375.0,1375.0,3.0,0.05473792180418968,5e-05,0.2774212062358856,0.0
1376.0,1376.0,3.0,0.06589744985103607,5e-05,0.3694247305393219,0.0
1377.0,1377.0,3.0,0.07054503262042999,5e-05,0.22569243609905243,0.0
1378.0,1378.0,3.0,0.07953667640686035,5e-05,0.43473300337791443,0.0
1379.0,1379.0,3.0,0.05464872345328331,5e-05,0.21185040473937988,0.0
1380.0,1380.0,3.0,0.07013343274593353,5e-05,0.39537596702575684,0.0
1381.0,1381.0,3.0,0.07027094066143036,5e-05,0.3485201597213745,0.0
1382.0,1382.0,3.0,0.08089928328990936,5e-05,0.2902024984359741,0.0
1383.0,1383.0,3.0,0.08929160982370377,5e-05,0.4094797670841217,0.0
1384.0,1384.0,3.0,0.07686164230108261,5e-05,0.30813753604888916,0.0
1385.0,1385.0,3.0,0.0664556622505188,5e-05,0.24319109320640564,0.0
1386.0,1386.0,3.0,0.059278666973114014,5e-05,0.33563539385795593,0.0
1387.0,1387.0,3.0,0.07129590213298798,5e-05,0.25326645374298096,0.0
1388.0,1388.0,3.0,0.06644470244646072,5e-05,0.28861773014068604,0.0
1389.0,1389.0,3.0,0.07161514461040497,5e-05,0.3079538643360138,0.0
1390.0,1390.0,3.0,0.07369233667850494,5e-05,0.27158868312835693,0.0
1391.0,1391.0,3.0,0.06608231365680695,5e-05,0.36732184886932373,0.0
1392.0,1392.0,3.0,0.0647975504398346,5e-05,0.24168169498443604,0.0
1393.0,1393.0,3.0,0.06407028436660767,5e-05,0.3800261616706848,0.0
1394.0,1394.0,3.0,0.07708826661109924,5e-05,0.3651010990142822,0.0
1395.0,1395.0,3.0,0.07992808520793915,5e-05,0.3446009159088135,0.0
1396.0,1396.0,3.0,0.08247020840644836,5e-05,0.3962583839893341,0.0
1397.0,1397.0,3.0,0.05705516040325165,5e-05,0.26931115984916687,0.0
1398.0,1398.0,3.0,0.06361837685108185,5e-05,0.2636663019657135,0.0
1399.0,1399.0,3.0,0.059812068939208984,5e-05,0.26679685711860657,0.0
1400.0,1400.0,3.0,0.055288124829530716,5e-05,0.26832690834999084,0.0
1401.0,1401.0,3.0,0.06542757153511047,5e-05,0.19531208276748657,0.0
1402.0,1402.0,3.0,0.06494111567735672,5e-05,0.2834331691265106,0.0
1403.0,1403.0,3.0,0.054957613348960876,5e-05,0.18222662806510925,0.0
1404.0,1404.0,3.0,0.06254834681749344,5e-05,0.21317000687122345,0.0
1405.0,1405.0,3.0,0.06882131099700928,5e-05,0.24966664612293243,0.0
1406.0,1406.0,3.0,0.07126737385988235,5e-05,0.20566703379154205,0.0
1407.0,1407.0,3.0,0.08027547597885132,5e-05,0.2848725914955139,0.0
1408.0,1408.0,3.0,0.05851542949676514,5e-05,0.20056727528572083,0.0
1409.0,1409.0,3.0,0.06614872813224792,5e-05,0.2693135142326355,0.0
1410.0,1410.0,3.0,0.0743776485323906,5e-05,0.16212083399295807,0.0
1411.0,1411.0,3.0,0.07663340866565704,5e-05,0.29886117577552795,0.0
1412.0,1412.0,3.0,0.07985740900039673,5e-05,0.2120194286108017,0.0
1413.0,1413.0,3.0,0.07045537233352661,5e-05,0.2418801337480545,0.0
1414.0,1414.0,3.0,0.06291267275810242,5e-05,0.22782942652702332,0.0
1415.0,1415.0,3.0,0.06660135835409164,5e-05,0.24815800786018372,0.0
1416.0,1416.0,3.0,0.09459954500198364,5e-05,0.3697112500667572,0.0
1417.0,1417.0,3.0,0.0619761198759079,5e-05,0.32629916071891785,0.0
1418.0,1418.0,3.0,0.07250330597162247,5e-05,0.2724612057209015,0.0
1419.0,1419.0,3.0,0.0740187019109726,5e-05,0.3151729702949524,0.0
1420.0,1420.0,3.0,0.07406791299581528,5e-05,0.24879203736782074,0.0
1421.0,1421.0,3.0,0.07124599814414978,5e-05,0.2830711305141449,0.0
1422.0,1422.0,3.0,0.05540177598595619,5e-05,0.26521381735801697,0.0
1423.0,1423.0,3.0,0.057974494993686676,5e-05,0.35855114459991455,0.0
1424.0,1424.0,3.0,0.07042898237705231,5e-05,0.22767794132232666,0.0
1425.0,1425.0,3.0,0.05187049135565758,5e-05,0.3542737662792206,0.0
1426.0,1426.0,3.0,0.0559019073843956,5e-05,0.2968495488166809,0.0
1427.0,1427.0,3.0,0.0732731819152832,5e-05,0.3500516712665558,0.0
1428.0,1428.0,3.0,0.07055658102035522,5e-05,0.33233925700187683,0.0
1429.0,1429.0,3.0,0.06907036900520325,5e-05,0.30448147654533386,0.0
1430.0,1430.0,3.0,0.06424002349376678,5e-05,0.24322493374347687,0.0
1431.0,1431.0,3.0,0.05585118383169174,5e-05,0.35611769556999207,0.0
1432.0,1432.0,3.0,0.06390997767448425,5e-05,0.2331712692975998,0.0
1433.0,1433.0,3.0,0.0687900185585022,5e-05,0.3228873014450073,0.0
1434.0,1434.0,3.0,0.053746297955513,5e-05,0.34371042251586914,0.0
1435.0,1435.0,3.0,0.06437651813030243,5e-05,0.26832064986228943,0.0
1436.0,1436.0,3.0,0.062076933681964874,5e-05,0.38860949873924255,0.0
1437.0,1437.0,3.0,0.07332038879394531,5e-05,0.1927100419998169,0.0
1438.0,1438.0,3.0,0.08229519426822662,5e-05,0.3845374584197998,0.0
1439.0,1439.0,3.0,0.08291708678007126,5e-05,0.33482837677001953,0.0
1440.0,1440.0,3.0,0.05312756448984146,5e-05,0.23588545620441437,0.0
1441.0,1441.0,3.0,0.07635003328323364,5e-05,0.49770286679267883,0.0
1442.0,1442.0,3.0,0.07310669124126434,5e-05,0.3115435838699341,0.0
1443.0,1443.0,3.0,0.06317466497421265,5e-05,0.37616533041000366,0.0
1444.0,1444.0,3.0,0.07084327191114426,5e-05,0.36632707715034485,0.0
1445.0,1445.0,3.0,0.0674954503774643,5e-05,0.27063268423080444,0.0
1446.0,1446.0,3.0,0.06913736462593079,5e-05,0.3816845715045929,0.0
1447.0,1447.0,3.0,0.08181121945381165,5e-05,0.31244751811027527,0.0
1448.0,1448.0,3.0,0.06612703949213028,5e-05,0.22747348248958588,0.0
1449.0,1449.0,3.0,0.0789894238114357,5e-05,0.3642071783542633,0.0
1450.0,1450.0,3.0,0.07007259130477905,5e-05,0.3492959439754486,0.0
1451.0,1451.0,3.0,0.06357106566429138,5e-05,0.23854327201843262,0.0
1452.0,1452.0,3.0,0.06941293179988861,5e-05,0.31252795457839966,0.0
1453.0,1453.0,3.0,0.07273776829242706,5e-05,0.35121744871139526,0.0
1454.0,1454.0,3.0,0.0744546428322792,5e-05,0.2945915460586548,0.0
1455.0,1455.0,3.0,0.06643602252006531,5e-05,0.40540996193885803,0.0
1456.0,1456.0,3.0,0.07179072499275208,5e-05,0.25441774725914,0.0
1457.0,1457.0,3.0,0.06560681015253067,5e-05,0.3706618547439575,0.0
1458.0,1458.0,3.0,0.05423511564731598,5e-05,0.27327993512153625,0.0
1459.0,1459.0,3.0,0.058528833091259,5e-05,0.2857194244861603,0.0
1460.0,1460.0,3.0,0.07082392275333405,5e-05,0.3116358518600464,0.0
1461.0,1461.0,3.0,0.07602245360612869,5e-05,0.3034624755382538,0.0
1462.0,1462.0,3.0,0.05829685181379318,5e-05,0.3830941915512085,0.0
1463.0,1463.0,3.0,0.06747429072856903,5e-05,0.26799091696739197,0.0
1464.0,1464.0,3.0,0.06695161759853363,5e-05,0.3604215681552887,0.0
1465.0,1465.0,3.0,0.065923310816288,5e-05,0.35755881667137146,0.0
1466.0,1466.0,3.0,0.07325336337089539,5e-05,0.3403169512748718,0.0
1467.0,1467.0,3.0,0.06381934881210327,5e-05,0.2367195188999176,0.0
1468.0,1468.0,3.0,0.07431896775960922,5e-05,0.39244112372398376,0.0
1469.0,1469.0,3.0,0.05434484779834747,5e-05,0.1885591596364975,0.0
1470.0,1470.0,3.0,0.06622452288866043,5e-05,0.2532181441783905,0.0
1471.0,1471.0,3.0,0.07843101024627686,5e-05,0.3555164635181427,0.0
1472.0,1472.0,3.0,0.05761874094605446,5e-05,0.17561359703540802,0.0
1473.0,1473.0,3.0,0.07298976927995682,5e-05,0.3808177709579468,0.0
1474.0,1474.0,3.0,0.06488507986068726,5e-05,0.1897636353969574,0.0
1475.0,1475.0,3.0,0.08347343653440475,5e-05,0.27017974853515625,0.0
1476.0,1476.0,3.0,0.07791301608085632,5e-05,0.22649872303009033,0.0
1477.0,1477.0,3.0,0.07124735414981842,5e-05,0.2310071885585785,0.0
1478.0,1478.0,3.0,0.06484420597553253,5e-05,0.22254860401153564,0.0
1479.0,1479.0,3.0,0.08250439167022705,5e-05,0.30253586173057556,0.0
1480.0,1480.0,3.0,0.0644635409116745,5e-05,0.22647510468959808,0.0
1481.0,1481.0,3.0,0.06322629749774933,5e-05,0.23795846104621887,0.0
1482.0,1482.0,3.0,0.06287597119808197,5e-05,0.3072679042816162,0.0
1483.0,1483.0,3.0,0.0734357163310051,5e-05,0.23353132605552673,0.0
1484.0,1484.0,3.0,0.0693153440952301,5e-05,0.29721778631210327,0.0
1485.0,1485.0,3.0,0.08500703424215317,5e-05,0.22324924170970917,0.0
1486.0,1486.0,3.0,0.07150718569755554,5e-05,0.18264570832252502,0.0
1487.0,1487.0,3.0,0.06440369039773941,5e-05,0.22399790585041046,0.0
1488.0,1488.0,3.0,0.0667688325047493,5e-05,0.19612935185432434,0.0
1489.0,1489.0,3.0,0.07291218638420105,5e-05,0.17349423468112946,0.0
1490.0,1490.0,3.0,0.054846059530973434,5e-05,0.19416116178035736,0.0
1491.0,1491.0,3.0,0.06152147799730301,5e-05,0.16273711621761322,0.0
1492.0,1492.0,3.0,0.05638765171170235,5e-05,0.18348360061645508,0.0
1493.0,1493.0,3.0,0.08006991446018219,5e-05,0.184538334608078,0.0
1494.0,1494.0,3.0,0.07179678976535797,5e-05,0.20591764152050018,0.0
1495.0,1495.0,3.0,0.0773482620716095,5e-05,0.2007707804441452,0.0
1496.0,1496.0,3.0,0.06529022753238678,5e-05,0.23930546641349792,0.0
1497.0,1497.0,3.0,0.07205580919981003,5e-05,0.24255311489105225,0.0
1498.0,1498.0,3.0,0.05989249423146248,5e-05,0.23455075919628143,0.0
1499.0,1499.0,3.0,0.06255468726158142,5e-05,0.23380959033966064,0.0
1500.0,1500.0,3.0,0.07056532800197601,5e-05,0.1918988674879074,0.0
1501.0,1501.0,3.0,0.06782443821430206,5e-05,0.20430126786231995,0.0
1502.0,1502.0,3.0,0.0783490240573883,5e-05,0.1806998997926712,0.0
1503.0,1503.0,3.0,0.05681690573692322,5e-05,0.17025810480117798,0.0
1504.0,1504.0,3.0,0.06183772161602974,5e-05,0.1475033462047577,0.0
1505.0,1505.0,3.0,0.06794244050979614,5e-05,0.19888822734355927,0.0
1506.0,1506.0,3.0,0.06914204359054565,5e-05,0.1956559717655182,0.0
1507.0,1507.0,3.0,0.057557374238967896,5e-05,0.16074462234973907,0.0
1508.0,1508.0,3.0,0.08375029265880585,5e-05,0.25526162981987,0.0
1509.0,1509.0,3.0,0.053543537855148315,5e-05,0.23828822374343872,0.0
1510.0,1510.0,3.0,0.06994758546352386,5e-05,0.23668724298477173,0.0
1511.0,1511.0,3.0,0.07565314322710037,5e-05,0.29858890175819397,0.0
1512.0,1512.0,3.0,0.06230316683650017,5e-05,0.18901462852954865,0.0
1513.0,1513.0,3.0,0.07520131766796112,5e-05,0.27855727076530457,0.0
1514.0,1514.0,3.0,0.05997847765684128,5e-05,0.22732585668563843,0.0
1515.0,1515.0,3.0,0.06614834070205688,5e-05,0.20810356736183167,0.0
1516.0,1516.0,3.0,0.06376072019338608,5e-05,0.17462444305419922,0.0
1517.0,1517.0,3.0,0.05680298060178757,5e-05,0.2947937548160553,0.0
1518.0,1518.0,3.0,0.05612188205122948,5e-05,0.24390920996665955,0.0
1519.0,1519.0,3.0,0.06000419706106186,5e-05,0.27441802620887756,0.0
1520.0,1520.0,3.0,0.06572708487510681,5e-05,0.2177535891532898,0.0
1521.0,1521.0,3.0,0.06355474144220352,5e-05,0.2596791982650757,0.0
1522.0,1522.0,3.0,0.08065374940633774,5e-05,0.28281116485595703,0.0
1523.0,1523.0,3.0,0.06256291270256042,5e-05,0.2681431770324707,0.0
1524.0,1524.0,3.0,0.07197542488574982,5e-05,0.24666747450828552,0.0
1525.0,1525.0,3.0,0.07417052984237671,5e-05,0.24587519466876984,0.0
1526.0,1526.0,3.0,0.06038469076156616,5e-05,0.21811749041080475,0.0
1527.0,1527.0,3.0,0.06079978495836258,5e-05,0.20949363708496094,0.0
1528.0,1528.0,3.0,0.08207087963819504,5e-05,0.2941586375236511,0.0
1529.0,1529.0,3.0,0.06218734383583069,5e-05,0.1780247688293457,0.0
1530.0,1530.0,3.0,0.06435561180114746,5e-05,0.27981555461883545,0.0
1531.0,1531.0,3.0,0.05797169357538223,5e-05,0.23157331347465515,0.0
1532.0,1532.0,3.0,0.07346945255994797,5e-05,0.30028036236763,0.0
1533.0,1533.0,3.0,0.07163804024457932,5e-05,0.29633185267448425,0.0
1534.0,1534.0,3.0,0.06510986387729645,5e-05,0.3200262784957886,0.0
1535.0,1535.0,3.0,0.05774374678730965,5e-05,0.2391662448644638,0.0
1536.0,1536.0,3.0,0.06480003893375397,5e-05,0.25594034790992737,0.0
1537.0,1537.0,3.0,0.06360463052988052,5e-05,0.23553189635276794,0.0
1538.0,1538.0,3.0,0.07601828128099442,5e-05,0.3644217252731323,0.0
1539.0,1539.0,3.0,0.06857305765151978,5e-05,0.18806689977645874,0.0
1540.0,1540.0,3.0,0.07293865084648132,5e-05,0.2272147387266159,0.0
1541.0,1541.0,3.0,0.06437240540981293,5e-05,0.23689623177051544,0.0
1542.0,1542.0,3.0,0.07461225241422653,5e-05,0.18495826423168182,0.0
1543.0,1543.0,3.0,0.07066432386636734,5e-05,0.30357399582862854,0.0
1544.0,1544.0,3.0,0.08256126195192337,5e-05,0.19099947810173035,0.0
1545.0,1545.0,3.0,0.07132022827863693,5e-05,0.2106081247329712,0.0
1546.0,1546.0,3.0,0.06258150935173035,5e-05,0.2187911719083786,0.0
1547.0,1547.0,3.0,0.06215807795524597,5e-05,0.16565994918346405,0.0
1548.0,1548.0,3.0,0.06572690606117249,5e-05,0.21683917939662933,0.0
1549.0,1549.0,3.0,0.07534457743167877,5e-05,0.17698684334754944,0.0
1550.0,1550.0,3.0,0.07019682973623276,5e-05,0.2425096333026886,0.0
1551.0,1551.0,3.0,0.08263391256332397,5e-05,0.2987750172615051,0.0
1552.0,1552.0,3.0,0.07218995690345764,5e-05,0.2105875462293625,0.0
1553.0,1553.0,3.0,0.07504350692033768,5e-05,0.3607887029647827,0.0
1554.0,1554.0,3.0,0.07776854932308197,5e-05,0.2322300672531128,0.0
1555.0,1555.0,3.0,0.05023277550935745,5e-05,0.21147394180297852,0.0
1556.0,1556.0,3.0,0.05970988795161247,5e-05,0.2260100394487381,0.0
1557.0,1557.0,3.0,0.0599360466003418,5e-05,0.19628620147705078,0.0
1558.0,1558.0,3.0,0.05493127927184105,5e-05,0.16662144660949707,0.0
1559.0,1559.0,3.0,0.06897573173046112,5e-05,0.2577981948852539,0.0
1560.0,1560.0,3.0,0.0714288055896759,5e-05,0.23323091864585876,0.0
1561.0,1561.0,4.0,0.06083078682422638,5e-05,0.22456274926662445,0.0
1562.0,1562.0,4.0,0.08242195844650269,5e-05,0.25035548210144043,0.0
1563.0,1563.0,4.0,0.07936737686395645,5e-05,0.1806245744228363,0.0
1564.0,1564.0,4.0,0.06475101411342621,5e-05,0.2689395844936371,0.0
1565.0,1565.0,4.0,0.06283204257488251,5e-05,0.21197935938835144,0.0
1566.0,1566.0,4.0,0.07557341456413269,5e-05,0.3008385896682739,0.0
1567.0,1567.0,4.0,0.07418316602706909,5e-05,0.25530239939689636,0.0
1568.0,1568.0,4.0,0.06922722607851028,5e-05,0.32975655794143677,0.0
1569.0,1569.0,4.0,0.06441846489906311,5e-05,0.26479947566986084,0.0
1570.0,1570.0,4.0,0.06530716270208359,5e-05,0.20837095379829407,0.0
1571.0,1571.0,4.0,0.05394873768091202,5e-05,0.22473293542861938,0.0
1572.0,1572.0,4.0,0.06702682375907898,5e-05,0.20283658802509308,0.0
1573.0,1573.0,4.0,0.06263337284326553,5e-05,0.17732013761997223,0.0
1574.0,1574.0,4.0,0.06984774768352509,5e-05,0.23606540262699127,0.0
1575.0,1575.0,4.0,0.07043102383613586,5e-05,0.19235605001449585,0.0
1576.0,1576.0,4.0,0.07679732888936996,5e-05,0.25214672088623047,0.0
1577.0,1577.0,4.0,0.08203384280204773,5e-05,0.22508087754249573,0.0
1578.0,1578.0,4.0,0.07262337952852249,5e-05,0.2174312323331833,0.0
1579.0,1579.0,4.0,0.0679582953453064,5e-05,0.20736095309257507,0.0
1580.0,1580.0,4.0,0.06370937824249268,5e-05,0.24482204020023346,0.0
1581.0,1581.0,4.0,0.06126595288515091,5e-05,0.2587294280529022,0.0
1582.0,1582.0,4.0,0.061347462236881256,5e-05,0.1780480593442917,0.0
1583.0,1583.0,4.0,0.07888404279947281,5e-05,0.265453040599823,0.0
1584.0,1584.0,4.0,0.06297226250171661,5e-05,0.18627943098545074,0.0
1585.0,1585.0,4.0,0.0665367990732193,5e-05,0.1876542568206787,0.0
1586.0,1586.0,4.0,0.06561273336410522,5e-05,0.22166457772254944,0.0
1587.0,1587.0,4.0,0.0599941685795784,5e-05,0.1981591135263443,0.0
1588.0,1588.0,4.0,0.060914359986782074,5e-05,0.18678748607635498,0.0
1589.0,1589.0,4.0,0.07450388371944427,5e-05,0.25524720549583435,0.0
1590.0,1590.0,4.0,0.0716719776391983,5e-05,0.23697619140148163,0.0
1591.0,1591.0,4.0,0.07111851871013641,5e-05,0.21131153404712677,0.0
1592.0,1592.0,4.0,0.06786861270666122,5e-05,0.26266124844551086,0.0
1593.0,1593.0,4.0,0.06824879348278046,5e-05,0.18496213853359222,0.0
1594.0,1594.0,4.0,0.06327680498361588,5e-05,0.28107982873916626,0.0
1595.0,1595.0,4.0,0.05964118242263794,5e-05,0.21163690090179443,0.0
1596.0,1596.0,4.0,0.06848320364952087,5e-05,0.211507648229599,0.0
1597.0,1597.0,4.0,0.06755068898200989,5e-05,0.22557860612869263,0.0
1598.0,1598.0,4.0,0.07276017218828201,5e-05,0.16672836244106293,0.0
1599.0,1599.0,4.0,0.06213707849383354,5e-05,0.16041924059391022,0.0
1600.0,1600.0,4.0,0.06885349750518799,5e-05,0.19860737025737762,0.0
1601.0,1601.0,4.0,0.0622510090470314,5e-05,0.1949099451303482,0.0
1602.0,1602.0,4.0,0.0684775561094284,5e-05,0.2433708906173706,0.0
1603.0,1603.0,4.0,0.05444442108273506,5e-05,0.21825431287288666,0.0
1604.0,1604.0,4.0,0.06822159886360168,5e-05,0.2104402631521225,0.0
1605.0,1605.0,4.0,0.05298542231321335,5e-05,0.22995084524154663,0.0
1606.0,1606.0,4.0,0.06261484324932098,5e-05,0.18042148649692535,0.0
1607.0,1607.0,4.0,0.05534259229898453,5e-05,0.24620306491851807,0.0
1608.0,1608.0,4.0,0.06866728514432907,5e-05,0.20535573363304138,0.0
1609.0,1609.0,4.0,0.07283458858728409,5e-05,0.18061333894729614,0.0
1610.0,1610.0,4.0,0.07341405749320984,5e-05,0.228296160697937,0.0
1611.0,1611.0,4.0,0.058374907821416855,5e-05,0.18978999555110931,0.0
1612.0,1612.0,4.0,0.06634905934333801,5e-05,0.2667820155620575,0.0
1613.0,1613.0,4.0,0.06479154527187347,5e-05,0.2190430760383606,0.0
1614.0,1614.0,4.0,0.07501944899559021,5e-05,0.3482411205768585,0.0
1615.0,1615.0,4.0,0.06693075597286224,5e-05,0.19453714787960052,0.0
1616.0,1616.0,4.0,0.06665336340665817,5e-05,0.3420262932777405,0.0
1617.0,1617.0,4.0,0.06467802822589874,5e-05,0.22571319341659546,0.0
1618.0,1618.0,4.0,0.07472248375415802,5e-05,0.23191489279270172,0.0
1619.0,1619.0,4.0,0.06830383837223053,5e-05,0.24023444950580597,0.0
1620.0,1620.0,4.0,0.06255462765693665,5e-05,0.20771609246730804,0.0
1621.0,1621.0,4.0,0.07983981817960739,5e-05,0.22746263444423676,0.0
1622.0,1622.0,4.0,0.07789378613233566,5e-05,0.25416138768196106,0.0
1623.0,1623.0,4.0,0.07142014801502228,5e-05,0.17680901288986206,0.0
1624.0,1624.0,4.0,0.07318013906478882,5e-05,0.177073135972023,0.0
1625.0,1625.0,4.0,0.061633795499801636,5e-05,0.2556352913379669,0.0
1626.0,1626.0,4.0,0.06858768314123154,5e-05,0.26086291670799255,0.0
1627.0,1627.0,4.0,0.07071986794471741,5e-05,0.2097373604774475,0.0
1628.0,1628.0,4.0,0.061972394585609436,5e-05,0.21473777294158936,0.0
1629.0,1629.0,4.0,0.054649386554956436,5e-05,0.20929941534996033,0.0
1630.0,1630.0,4.0,0.06019342318177223,5e-05,0.27582085132598877,0.0
1631.0,1631.0,4.0,0.062168337404727936,5e-05,0.16988050937652588,0.0
1632.0,1632.0,4.0,0.0541330985724926,5e-05,0.2883603274822235,0.0
1633.0,1633.0,4.0,0.06940591335296631,5e-05,0.3120886981487274,0.0
1634.0,1634.0,4.0,0.05511580780148506,5e-05,0.2715693712234497,0.0
1635.0,1635.0,4.0,0.04672755300998688,5e-05,0.23213842511177063,0.0
1636.0,1636.0,4.0,0.06849384307861328,5e-05,0.23281995952129364,0.0
1637.0,1637.0,4.0,0.060088150203228,5e-05,0.24026760458946228,0.0
1638.0,1638.0,4.0,0.05829184874892235,5e-05,0.22225943207740784,0.0
1639.0,1639.0,4.0,0.07700921595096588,5e-05,0.3337353467941284,0.0
1640.0,1640.0,4.0,0.0557527020573616,5e-05,0.1949116438627243,0.0
1641.0,1641.0,4.0,0.05818670988082886,5e-05,0.23951008915901184,0.0
1642.0,1642.0,4.0,0.07513869553804398,5e-05,0.25230297446250916,0.0
1643.0,1643.0,4.0,0.07255980372428894,5e-05,0.25554510951042175,0.0
1644.0,1644.0,4.0,0.06846244633197784,5e-05,0.19620727002620697,0.0
1645.0,1645.0,4.0,0.061468858271837234,5e-05,0.2328311949968338,0.0
1646.0,1646.0,4.0,0.06666672229766846,5e-05,0.15595518052577972,0.0
1647.0,1647.0,4.0,0.05902404338121414,5e-05,0.185096874833107,0.0
1648.0,1648.0,4.0,0.06740351766347885,5e-05,0.21266427636146545,0.0
1649.0,1649.0,4.0,0.06550565361976624,5e-05,0.20323660969734192,0.0
1650.0,1650.0,4.0,0.05787480250000954,5e-05,0.20651309192180634,0.0
1651.0,1651.0,4.0,0.0664057582616806,5e-05,0.21226517856121063,0.0
1652.0,1652.0,4.0,0.059819430112838745,5e-05,0.20971529185771942,0.0
1653.0,1653.0,4.0,0.06980664283037186,5e-05,0.16656742990016937,0.0
1654.0,1654.0,4.0,0.05806490778923035,5e-05,0.24731187522411346,0.0
1655.0,1655.0,4.0,0.0733112245798111,5e-05,0.15696139633655548,0.0
1656.0,1656.0,4.0,0.06911445409059525,5e-05,0.295542448759079,0.0
1657.0,1657.0,4.0,0.06089988723397255,5e-05,0.16774629056453705,0.0
1658.0,1658.0,4.0,0.07496080547571182,5e-05,0.2844400107860565,0.0
1659.0,1659.0,4.0,0.0724111795425415,5e-05,0.20673862099647522,0.0
1660.0,1660.0,4.0,0.07196111232042313,5e-05,0.2399326115846634,0.0
1661.0,1661.0,4.0,0.07099363207817078,5e-05,0.20670939981937408,0.0
1662.0,1662.0,4.0,0.06017042323946953,5e-05,0.29212960600852966,0.0
1663.0,1663.0,4.0,0.07968787848949432,5e-05,0.23570537567138672,0.0
1664.0,1664.0,4.0,0.05368422716856003,5e-05,0.22099736332893372,0.0
1665.0,1665.0,4.0,0.05399312824010849,5e-05,0.21634303033351898,0.0
1666.0,1666.0,4.0,0.05912363529205322,5e-05,0.16507789492607117,0.0
1667.0,1667.0,4.0,0.054105378687381744,5e-05,0.2598872780799866,0.0
1668.0,1668.0,4.0,0.06724444031715393,5e-05,0.1732768416404724,0.0
1669.0,1669.0,4.0,0.06636253744363785,5e-05,0.15012948215007782,0.0
1670.0,1670.0,4.0,0.07303862273693085,5e-05,0.19976119697093964,0.0
1671.0,1671.0,4.0,0.07534074783325195,5e-05,0.2189001739025116,0.0
1672.0,1672.0,4.0,0.07222044467926025,5e-05,0.2280064821243286,0.0
1673.0,1673.0,4.0,0.07181045413017273,5e-05,0.2011617124080658,0.0
1674.0,1674.0,4.0,0.0687483623623848,5e-05,0.31706443428993225,0.0
1675.0,1675.0,4.0,0.06161832809448242,5e-05,0.1837766170501709,0.0
1676.0,1676.0,4.0,0.06864122301340103,5e-05,0.3244257867336273,0.0
1677.0,1677.0,4.0,0.0509834885597229,5e-05,0.1722939908504486,0.0
1678.0,1678.0,4.0,0.0686616450548172,5e-05,0.3498970866203308,0.0
1679.0,1679.0,4.0,0.06561221927404404,5e-05,0.19806669652462006,0.0
1680.0,1680.0,4.0,0.06525918841362,5e-05,0.3275342881679535,0.0
1681.0,1681.0,4.0,0.07118117064237595,5e-05,0.1701062172651291,0.0
1682.0,1682.0,4.0,0.06959811598062515,5e-05,0.36572280526161194,0.0
1683.0,1683.0,4.0,0.07374884933233261,5e-05,0.2376801073551178,0.0
1684.0,1684.0,4.0,0.05721565708518028,5e-05,0.3341856896877289,0.0
1685.0,1685.0,4.0,0.0638754740357399,5e-05,0.25940367579460144,0.0
1686.0,1686.0,4.0,0.06902220100164413,5e-05,0.3234940469264984,0.0
1687.0,1687.0,4.0,0.06542343646287918,5e-05,0.2836552560329437,0.0
1688.0,1688.0,4.0,0.06161928176879883,5e-05,0.252025306224823,0.0
1689.0,1689.0,4.0,0.04986685514450073,5e-05,0.3083348274230957,0.0
1690.0,1690.0,4.0,0.06513054668903351,5e-05,0.26669490337371826,0.0
1691.0,1691.0,4.0,0.07426643371582031,5e-05,0.311452716588974,0.0
1692.0,1692.0,4.0,0.07531633228063583,5e-05,0.25362879037857056,0.0
1693.0,1693.0,4.0,0.07917158305644989,5e-05,0.3541882336139679,0.0
1694.0,1694.0,4.0,0.06075510382652283,5e-05,0.2005780190229416,0.0
1695.0,1695.0,4.0,0.07872223854064941,5e-05,0.4898301661014557,0.0
1696.0,1696.0,4.0,0.06861157715320587,5e-05,0.13544189929962158,0.0
1697.0,1697.0,4.0,0.07415825873613358,5e-05,0.30409884452819824,0.0
1698.0,1698.0,4.0,0.07171639800071716,5e-05,0.22756215929985046,0.0
1699.0,1699.0,4.0,0.05319993197917938,5e-05,0.23863139748573303,0.0
1700.0,1700.0,4.0,0.0775090828537941,5e-05,0.23861603438854218,0.0
1701.0,1701.0,4.0,0.05546432361006737,5e-05,0.1584857553243637,0.0
1702.0,1702.0,4.0,0.07031320780515671,5e-05,0.2399207055568695,0.0
1703.0,1703.0,4.0,0.08277192711830139,5e-05,0.20960365235805511,0.0
1704.0,1704.0,4.0,0.07014836370944977,5e-05,0.1871909350156784,0.0
1705.0,1705.0,4.0,0.07585695385932922,5e-05,0.24134394526481628,0.0
1706.0,1706.0,4.0,0.06176619604229927,5e-05,0.18492816388607025,0.0
1707.0,1707.0,4.0,0.06687286496162415,5e-05,0.20756857097148895,0.0
1708.0,1708.0,4.0,0.07210071384906769,5e-05,0.22678691148757935,0.0
1709.0,1709.0,4.0,0.06892719119787216,5e-05,0.2503350079059601,0.0
1710.0,1710.0,4.0,0.07170283794403076,5e-05,0.20409059524536133,0.0
1711.0,1711.0,4.0,0.06018732488155365,5e-05,0.20018325746059418,0.0
1712.0,1712.0,4.0,0.07117654383182526,5e-05,0.2474292367696762,0.0
1713.0,1713.0,4.0,0.08221078664064407,5e-05,0.2593860924243927,0.0
1714.0,1714.0,4.0,0.0666133239865303,5e-05,0.21380847692489624,0.0
1715.0,1715.0,4.0,0.07194630056619644,5e-05,0.3389420807361603,0.0
1716.0,1716.0,4.0,0.0794396847486496,5e-05,0.21412549912929535,0.0
1717.0,1717.0,4.0,0.08215129375457764,5e-05,0.3950030207633972,0.0
1718.0,1718.0,4.0,0.07181023061275482,5e-05,0.2861189842224121,0.0
1719.0,1719.0,4.0,0.07010991871356964,5e-05,0.30472949147224426,0.0
1720.0,1720.0,4.0,0.06127821281552315,5e-05,0.3816247880458832,0.0
1721.0,1721.0,4.0,0.06327547132968903,5e-05,0.2683437466621399,0.0
1722.0,1722.0,4.0,0.06277484446763992,5e-05,0.3328157067298889,0.0
1723.0,1723.0,4.0,0.07865394651889801,5e-05,0.31384772062301636,0.0
1724.0,1724.0,4.0,0.07152677327394485,5e-05,0.31515443325042725,0.0
1725.0,1725.0,4.0,0.07638218998908997,5e-05,0.29866668581962585,0.0
1726.0,1726.0,4.0,0.057329218834638596,5e-05,0.15778321027755737,0.0
1727.0,1727.0,4.0,0.07342584431171417,5e-05,0.20912843942642212,0.0
1728.0,1728.0,4.0,0.0787988230586052,5e-05,0.2691444754600525,0.0
1729.0,1729.0,4.0,0.07316207885742188,5e-05,0.1959591805934906,0.0
1730.0,1730.0,4.0,0.06609424203634262,5e-05,0.19210730493068695,0.0
1731.0,1731.0,4.0,0.05470743775367737,5e-05,0.17294053733348846,0.0
1732.0,1732.0,4.0,0.06031984090805054,5e-05,0.1571655124425888,0.0
1733.0,1733.0,4.0,0.06329913437366486,5e-05,0.2446308583021164,0.0
1734.0,1734.0,4.0,0.06252247840166092,5e-05,0.2088780701160431,0.0
1735.0,1735.0,4.0,0.05500809848308563,5e-05,0.21891169250011444,0.0
1736.0,1736.0,4.0,0.0881587564945221,5e-05,0.2136346697807312,0.0
1737.0,1737.0,4.0,0.06837386637926102,5e-05,0.32064878940582275,0.0
1738.0,1738.0,4.0,0.06878336519002914,5e-05,0.16940003633499146,0.0
1739.0,1739.0,4.0,0.07042603939771652,5e-05,0.22239641845226288,0.0
1740.0,1740.0,4.0,0.0674363449215889,5e-05,0.23997962474822998,0.0
1741.0,1741.0,4.0,0.06884844601154327,5e-05,0.16781042516231537,0.0
1742.0,1742.0,4.0,0.06399807333946228,5e-05,0.18142467737197876,0.0
1743.0,1743.0,4.0,0.06280601024627686,5e-05,0.1752966046333313,0.0
1744.0,1744.0,4.0,0.0619334951043129,5e-05,0.2465568333864212,0.0
1745.0,1745.0,4.0,0.06731286644935608,5e-05,0.22197528183460236,0.0
1746.0,1746.0,4.0,0.0587160587310791,5e-05,0.1487230658531189,0.0
1747.0,1747.0,4.0,0.07222812622785568,5e-05,0.2555549740791321,0.0
1748.0,1748.0,4.0,0.059949979186058044,5e-05,0.16564296185970306,0.0
1749.0,1749.0,4.0,0.062432169914245605,5e-05,0.18436147272586823,0.0
1750.0,1750.0,4.0,0.06541624665260315,5e-05,0.22414688766002655,0.0
1751.0,1751.0,4.0,0.06044189631938934,5e-05,0.1703110933303833,0.0
1752.0,1752.0,4.0,0.08349922299385071,5e-05,0.28015395998954773,0.0
1753.0,1753.0,4.0,0.06542317569255829,5e-05,0.22897231578826904,0.0
1754.0,1754.0,4.0,0.06729470938444138,5e-05,0.25507253408432007,0.0
1755.0,1755.0,4.0,0.05425724387168884,5e-05,0.19536854326725006,0.0
1756.0,1756.0,4.0,0.07009950280189514,5e-05,0.2609378695487976,0.0
1757.0,1757.0,4.0,0.10036833584308624,5e-05,0.24013973772525787,0.0
1758.0,1758.0,4.0,0.0565551221370697,5e-05,0.18998073041439056,0.0
1759.0,1759.0,4.0,0.05096514895558357,5e-05,0.15658845007419586,0.0
1760.0,1760.0,4.0,0.07835523784160614,5e-05,0.21738313138484955,0.0
1761.0,1761.0,4.0,0.09421992301940918,5e-05,0.29408442974090576,0.0
1762.0,1762.0,4.0,0.06801100820302963,5e-05,0.24752427637577057,0.0
1763.0,1763.0,4.0,0.06016192212700844,5e-05,0.19509249925613403,0.0
1764.0,1764.0,4.0,0.08985014259815216,5e-05,0.30603480339050293,0.0
1765.0,1765.0,4.0,0.07174521684646606,5e-05,0.22642919421195984,0.0
1766.0,1766.0,4.0,0.05937777832150459,5e-05,0.23339992761611938,0.0
1767.0,1767.0,4.0,0.058670397847890854,5e-05,0.2218894064426422,0.0
1768.0,1768.0,4.0,0.06578412652015686,5e-05,0.22191493213176727,0.0
1769.0,1769.0,4.0,0.06845089048147202,5e-05,0.31793370842933655,0.0
1770.0,1770.0,4.0,0.0533260703086853,5e-05,0.14019489288330078,0.0
1771.0,1771.0,4.0,0.07241155207157135,5e-05,0.3866492211818695,0.0
1772.0,1772.0,4.0,0.0599440298974514,5e-05,0.22258533537387848,0.0
1773.0,1773.0,4.0,0.06369958817958832,5e-05,0.3148093819618225,0.0
1774.0,1774.0,4.0,0.0690966323018074,5e-05,0.24563860893249512,0.0
1775.0,1775.0,4.0,0.052339714020490646,5e-05,0.2410714328289032,0.0
1776.0,1776.0,4.0,0.0742587298154831,5e-05,0.30400437116622925,0.0
1777.0,1777.0,4.0,0.060541052371263504,5e-05,0.23475423455238342,0.0
1778.0,1778.0,4.0,0.05913590267300606,5e-05,0.29896268248558044,0.0
1779.0,1779.0,4.0,0.06898722052574158,5e-05,0.2567712068557739,0.0
1780.0,1780.0,4.0,0.07810967415571213,5e-05,0.3512289226055145,0.0
1781.0,1781.0,4.0,0.053911447525024414,5e-05,0.2615177035331726,0.0
1782.0,1782.0,4.0,0.06968378275632858,5e-05,0.3169434666633606,0.0
1783.0,1783.0,4.0,0.06797900050878525,5e-05,0.2943303883075714,0.0
1784.0,1784.0,4.0,0.05942706763744354,5e-05,0.26586875319480896,0.0
1785.0,1785.0,4.0,0.06153983622789383,5e-05,0.20796430110931396,0.0
1786.0,1786.0,4.0,0.05856412649154663,5e-05,0.2854381203651428,0.0
1787.0,1787.0,4.0,0.08202499151229858,5e-05,0.2688661813735962,0.0
1788.0,1788.0,4.0,0.08643108606338501,5e-05,0.27371108531951904,0.0
1789.0,1789.0,4.0,0.07649300992488861,5e-05,0.24761012196540833,0.0
1790.0,1790.0,4.0,0.05608408898115158,5e-05,0.19213704764842987,0.0
1791.0,1791.0,4.0,0.06338159739971161,5e-05,0.26351869106292725,0.0
1792.0,1792.0,4.0,0.06000236049294472,5e-05,0.24968987703323364,0.0
1793.0,1793.0,4.0,0.06061219051480293,5e-05,0.1785028576850891,0.0
1794.0,1794.0,4.0,0.06124158203601837,5e-05,0.22352120280265808,0.0
1795.0,1795.0,4.0,0.04417034238576889,5e-05,0.21530677378177643,0.0
1796.0,1796.0,4.0,0.06845623254776001,5e-05,0.21446488797664642,0.0
1797.0,1797.0,4.0,0.061419159173965454,5e-05,0.2125728577375412,0.0
1798.0,1798.0,4.0,0.05329024791717529,5e-05,0.23518763482570648,0.0
1799.0,1799.0,4.0,0.05365338176488876,5e-05,0.13233508169651031,0.0
1800.0,1800.0,4.0,0.05582667142152786,5e-05,0.3107995390892029,0.0
1801.0,1801.0,4.0,0.08041299879550934,5e-05,0.2701728045940399,0.0
1802.0,1802.0,4.0,0.0690644383430481,5e-05,0.2178732305765152,0.0
1803.0,1803.0,4.0,0.05914636701345444,5e-05,0.24616315960884094,0.0
1804.0,1804.0,4.0,0.06608956307172775,5e-05,0.24369949102401733,0.0
1805.0,1805.0,4.0,0.05886811763048172,5e-05,0.267178475856781,0.0
1806.0,1806.0,4.0,0.06193351000547409,5e-05,0.22221818566322327,0.0
1807.0,1807.0,4.0,0.06946314871311188,5e-05,0.3396599292755127,0.0
1808.0,1808.0,4.0,0.06198212876915932,5e-05,0.16939236223697662,0.0
1809.0,1809.0,4.0,0.06329753994941711,5e-05,0.27500683069229126,0.0
1810.0,1810.0,4.0,0.07045195996761322,5e-05,0.2830270528793335,0.0
1811.0,1811.0,4.0,0.06460320949554443,5e-05,0.28931212425231934,0.0
1812.0,1812.0,4.0,0.0636267438530922,5e-05,0.2608943283557892,0.0
1813.0,1813.0,4.0,0.06668255478143692,5e-05,0.2249479442834854,0.0
1814.0,1814.0,4.0,0.07281266152858734,5e-05,0.3277415335178375,0.0
1815.0,1815.0,4.0,0.0698513314127922,5e-05,0.19959673285484314,0.0
1816.0,1816.0,4.0,0.06955353915691376,5e-05,0.3205133080482483,0.0
1817.0,1817.0,4.0,0.07140588760375977,5e-05,0.17510423064231873,0.0
1818.0,1818.0,4.0,0.0917273610830307,5e-05,0.3477875888347626,0.0
1819.0,1819.0,4.0,0.06764283776283264,5e-05,0.17029550671577454,0.0
1820.0,1820.0,4.0,0.05251622945070267,5e-05,0.2990233302116394,0.0
1821.0,1821.0,4.0,0.06692194938659668,5e-05,0.25254854559898376,0.0
1822.0,1822.0,4.0,0.0658714771270752,5e-05,0.25992345809936523,0.0
1823.0,1823.0,4.0,0.05984698235988617,5e-05,0.25104016065597534,0.0
1824.0,1824.0,4.0,0.05671845003962517,5e-05,0.26814043521881104,0.0
1825.0,1825.0,4.0,0.0697183832526207,5e-05,0.24293465912342072,0.0
1826.0,1826.0,4.0,0.05558519810438156,5e-05,0.2215138077735901,0.0
1827.0,1827.0,4.0,0.08121658861637115,5e-05,0.3812185227870941,0.0
1828.0,1828.0,4.0,0.06904897093772888,5e-05,0.25132107734680176,0.0
1829.0,1829.0,4.0,0.0663263276219368,5e-05,0.2543952763080597,0.0
1830.0,1830.0,4.0,0.07241296768188477,5e-05,0.3139524459838867,0.0
1831.0,1831.0,4.0,0.05895216017961502,5e-05,0.23846805095672607,0.0
1832.0,1832.0,4.0,0.06713912636041641,5e-05,0.3030826151371002,0.0
1833.0,1833.0,4.0,0.08506127446889877,5e-05,0.22417457401752472,0.0
1834.0,1834.0,4.0,0.08066380023956299,5e-05,0.2995314598083496,0.0
1835.0,1835.0,4.0,0.07682346552610397,5e-05,0.3137790262699127,0.0
1836.0,1836.0,4.0,0.05872934311628342,5e-05,0.2566435933113098,0.0
1837.0,1837.0,4.0,0.06007471680641174,5e-05,0.23538334667682648,0.0
1838.0,1838.0,4.0,0.07049097120761871,5e-05,0.16534173488616943,0.0
1839.0,1839.0,4.0,0.06586460769176483,5e-05,0.2807177007198334,0.0
1840.0,1840.0,4.0,0.06430044770240784,5e-05,0.2146100103855133,0.0
1841.0,1841.0,4.0,0.06960901618003845,5e-05,0.3246690034866333,0.0
1842.0,1842.0,4.0,0.061421025544404984,5e-05,0.1807132512331009,0.0
1843.0,1843.0,4.0,0.059910088777542114,5e-05,0.3026701807975769,0.0
1844.0,1844.0,4.0,0.06716106832027435,5e-05,0.2846558690071106,0.0
1845.0,1845.0,4.0,0.0708715096116066,5e-05,0.26951903104782104,0.0
1846.0,1846.0,4.0,0.06626999378204346,5e-05,0.37519848346710205,0.0
1847.0,1847.0,4.0,0.07243499159812927,5e-05,0.18559503555297852,0.0
1848.0,1848.0,4.0,0.07877784967422485,5e-05,0.3356359899044037,0.0
1849.0,1849.0,4.0,0.05903878062963486,5e-05,0.2711271345615387,0.0
1850.0,1850.0,4.0,0.08168642967939377,5e-05,0.30670130252838135,0.0
1851.0,1851.0,4.0,0.07440595328807831,5e-05,0.2882606089115143,0.0
1852.0,1852.0,4.0,0.06488959491252899,5e-05,0.28226935863494873,0.0
1853.0,1853.0,4.0,0.05380354821681976,5e-05,0.2634206712245941,0.0
1854.0,1854.0,4.0,0.08741284161806107,5e-05,0.3389921188354492,0.0
1855.0,1855.0,4.0,0.06335795670747757,5e-05,0.2585161030292511,0.0
1856.0,1856.0,4.0,0.06390413641929626,5e-05,0.35063067078590393,0.0
1857.0,1857.0,4.0,0.0608188658952713,5e-05,0.25649869441986084,0.0
1858.0,1858.0,4.0,0.05946066975593567,5e-05,0.2976430356502533,0.0
1859.0,1859.0,4.0,0.07056696712970734,5e-05,0.29266858100891113,0.0
1860.0,1860.0,4.0,0.06849866360425949,5e-05,0.22605839371681213,0.0
1861.0,1861.0,4.0,0.06079002469778061,5e-05,0.23571732640266418,0.0
1862.0,1862.0,4.0,0.07174158841371536,5e-05,0.26173684000968933,0.0
1863.0,1863.0,4.0,0.05646530166268349,5e-05,0.2540189027786255,0.0
1864.0,1864.0,4.0,0.05286337435245514,5e-05,0.2782519459724426,0.0
1865.0,1865.0,4.0,0.0621003694832325,5e-05,0.2333155870437622,0.0
1866.0,1866.0,4.0,0.07734198868274689,5e-05,0.41622796654701233,0.0
1867.0,1867.0,4.0,0.07189156115055084,5e-05,0.20907068252563477,0.0
1868.0,1868.0,4.0,0.06883575767278671,5e-05,0.3937579095363617,0.0
1869.0,1869.0,4.0,0.06120864301919937,5e-05,0.33467355370521545,0.0
1870.0,1870.0,4.0,0.07252302765846252,5e-05,0.375095397233963,0.0
1871.0,1871.0,4.0,0.05894901603460312,5e-05,0.2871520221233368,0.0
1872.0,1872.0,4.0,0.04670969396829605,5e-05,0.24871361255645752,0.0
1873.0,1873.0,4.0,0.07004626840353012,5e-05,0.3324163854122162,0.0
1874.0,1874.0,4.0,0.061805885285139084,5e-05,0.207895889878273,0.0
1875.0,1875.0,4.0,0.063222736120224,5e-05,0.3808601498603821,0.0
1876.0,1876.0,4.0,0.06382336467504501,5e-05,0.1818208247423172,0.0
1877.0,1877.0,4.0,0.07691337913274765,5e-05,0.40885448455810547,0.0
1878.0,1878.0,4.0,0.0547732375562191,5e-05,0.2776715159416199,0.0
1879.0,1879.0,4.0,0.06878536939620972,5e-05,0.34686151146888733,0.0
1880.0,1880.0,4.0,0.06844305247068405,5e-05,0.3135897219181061,0.0
1881.0,1881.0,4.0,0.06362390518188477,5e-05,0.2696916460990906,0.0
1882.0,1882.0,4.0,0.06453847885131836,5e-05,0.2989356815814972,0.0
1883.0,1883.0,4.0,0.0678209587931633,5e-05,0.2342369109392166,0.0
1884.0,1884.0,4.0,0.06784863770008087,5e-05,0.21518568694591522,0.0
1885.0,1885.0,4.0,0.06537036597728729,5e-05,0.232706680893898,0.0
1886.0,1886.0,4.0,0.06920962035655975,5e-05,0.17951270937919617,0.0
1887.0,1887.0,4.0,0.07071882486343384,5e-05,0.16678251326084137,0.0
1888.0,1888.0,4.0,0.06746368110179901,5e-05,0.23103633522987366,0.0
1889.0,1889.0,4.0,0.055550746619701385,5e-05,0.1949201226234436,0.0
1890.0,1890.0,4.0,0.07280407845973969,5e-05,0.2552502155303955,0.0
1891.0,1891.0,4.0,0.07901832461357117,5e-05,0.2225770652294159,0.0
1892.0,1892.0,4.0,0.08145950734615326,5e-05,0.1917394995689392,0.0
1893.0,1893.0,4.0,0.0727565735578537,5e-05,0.2656678557395935,0.0
1894.0,1894.0,4.0,0.06979309767484665,5e-05,0.2944397032260895,0.0
1895.0,1895.0,4.0,0.0709647685289383,5e-05,0.21321256458759308,0.0
1896.0,1896.0,4.0,0.064346082508564,5e-05,0.2810332179069519,0.0
1897.0,1897.0,4.0,0.06218468025326729,5e-05,0.17477412521839142,0.0
1898.0,1898.0,4.0,0.0658203735947609,5e-05,0.30575159192085266,0.0
1899.0,1899.0,4.0,0.05892959237098694,5e-05,0.1624528020620346,0.0
1900.0,1900.0,4.0,0.06512263417243958,5e-05,0.24543699622154236,0.0
1901.0,1901.0,4.0,0.06935971975326538,5e-05,0.22672078013420105,0.0
1902.0,1902.0,4.0,0.061681631952524185,5e-05,0.16529497504234314,0.0
1903.0,1903.0,4.0,0.07081117480993271,5e-05,0.2829095125198364,0.0
1904.0,1904.0,4.0,0.06918392330408096,5e-05,0.26254507899284363,0.0
1905.0,1905.0,4.0,0.06899674981832504,5e-05,0.2656436264514923,0.0
1906.0,1906.0,4.0,0.06730976700782776,5e-05,0.2820325791835785,0.0
1907.0,1907.0,4.0,0.061818450689315796,5e-05,0.19222526252269745,0.0
1908.0,1908.0,4.0,0.07127314805984497,5e-05,0.27930670976638794,0.0
1909.0,1909.0,4.0,0.05697948858141899,5e-05,0.2176034152507782,0.0
1910.0,1910.0,4.0,0.07475146651268005,5e-05,0.3754361569881439,0.0
1911.0,1911.0,4.0,0.08110270649194717,5e-05,0.32920315861701965,0.0
1912.0,1912.0,4.0,0.0608769990503788,5e-05,0.29859843850135803,0.0
1913.0,1913.0,4.0,0.06757690757513046,5e-05,0.24727371335029602,0.0
1914.0,1914.0,4.0,0.0785173624753952,5e-05,0.3430212736129761,0.0
1915.0,1915.0,4.0,0.052143871784210205,5e-05,0.19846834242343903,0.0
1916.0,1916.0,4.0,0.0626901388168335,5e-05,0.25126907229423523,0.0
1917.0,1917.0,4.0,0.07143290340900421,5e-05,0.28180941939353943,0.0
1918.0,1918.0,4.0,0.08001473546028137,5e-05,0.27986523509025574,0.0
1919.0,1919.0,4.0,0.059144526720047,5e-05,0.18350054323673248,0.0
1920.0,1920.0,4.0,0.07326013594865799,5e-05,0.22185207903385162,0.0
1921.0,1921.0,4.0,0.0605941116809845,5e-05,0.2047748863697052,0.0
1922.0,1922.0,4.0,0.07012861222028732,5e-05,0.21664999425411224,0.0
1923.0,1923.0,4.0,0.05357210338115692,5e-05,0.1499980241060257,0.0
1924.0,1924.0,4.0,0.06685534119606018,5e-05,0.19710524380207062,0.0
1925.0,1925.0,4.0,0.05382557213306427,5e-05,0.18647268414497375,0.0
1926.0,1926.0,4.0,0.05258480831980705,5e-05,0.15368305146694183,0.0
1927.0,1927.0,4.0,0.04872257262468338,5e-05,0.1829763650894165,0.0
1928.0,1928.0,4.0,0.06535930931568146,5e-05,0.24049045145511627,0.0
1929.0,1929.0,4.0,0.08189533650875092,5e-05,0.23959417641162872,0.0
1930.0,1930.0,4.0,0.06480790674686432,5e-05,0.2196183204650879,0.0
1931.0,1931.0,4.0,0.07564854621887207,5e-05,0.26947420835494995,0.0
1932.0,1932.0,4.0,0.059036776423454285,5e-05,0.19936779141426086,0.0
1933.0,1933.0,4.0,0.06776111572980881,5e-05,0.2312857061624527,0.0
1934.0,1934.0,4.0,0.05704750865697861,5e-05,0.2713572382926941,0.0
1935.0,1935.0,4.0,0.05935383588075638,5e-05,0.1941930204629898,0.0
1936.0,1936.0,4.0,0.06623408943414688,5e-05,0.30906426906585693,0.0
1937.0,1937.0,4.0,0.07570938766002655,5e-05,0.2398310899734497,0.0
1938.0,1938.0,4.0,0.06682927906513214,5e-05,0.2840597629547119,0.0
1939.0,1939.0,4.0,0.06293119490146637,5e-05,0.24790769815444946,0.0
1940.0,1940.0,4.0,0.06644999235868454,5e-05,0.24162481725215912,0.0
1941.0,1941.0,4.0,0.07091351598501205,5e-05,0.2756778597831726,0.0
1942.0,1942.0,4.0,0.06520922482013702,5e-05,0.3199695646762848,0.0
1943.0,1943.0,4.0,0.08873134851455688,5e-05,0.30062615871429443,0.0
1944.0,1944.0,4.0,0.07771538197994232,5e-05,0.21407222747802734,0.0
1945.0,1945.0,4.0,0.061237040907144547,5e-05,0.26071062684059143,0.0
1946.0,1946.0,4.0,0.060712121427059174,5e-05,0.1981625109910965,0.0
1947.0,1947.0,4.0,0.08591992408037186,5e-05,0.2866843044757843,0.0
1948.0,1948.0,4.0,0.057718973606824875,5e-05,0.23956328630447388,0.0
1949.0,1949.0,4.0,0.06086358428001404,5e-05,0.2646650969982147,0.0
1950.0,1950.0,4.0,0.08751539885997772,5e-05,0.2585935890674591,0.0
1951.0,1951.0,5.0,0.05733039230108261,5e-05,0.21184305846691132,0.0
1952.0,1952.0,5.0,0.05291545018553734,5e-05,0.25133252143859863,0.0
1953.0,1953.0,5.0,0.05773869901895523,5e-05,0.22892425954341888,0.0
1954.0,1954.0,5.0,0.06298805773258209,5e-05,0.25122952461242676,0.0
1955.0,1955.0,5.0,0.06229519844055176,5e-05,0.34478116035461426,0.0
1956.0,1956.0,5.0,0.06947849690914154,5e-05,0.1953648179769516,0.0
1957.0,1957.0,5.0,0.07073105871677399,5e-05,0.28320518136024475,0.0
1958.0,1958.0,5.0,0.049080342054367065,5e-05,0.28025737404823303,0.0
1959.0,1959.0,5.0,0.07177617400884628,5e-05,0.32659056782722473,0.0
1960.0,1960.0,5.0,0.06978176534175873,5e-05,0.22895611822605133,0.0
1961.0,1961.0,5.0,0.0813560038805008,5e-05,0.28903207182884216,0.0
1962.0,1962.0,5.0,0.060539279133081436,5e-05,0.2308126538991928,0.0
1963.0,1963.0,5.0,0.05528818070888519,5e-05,0.21080072224140167,0.0
1964.0,1964.0,5.0,0.05774836987257004,5e-05,0.2264903336763382,0.0
1965.0,1965.0,5.0,0.06373175978660583,5e-05,0.1715039163827896,0.0
1966.0,1966.0,5.0,0.07329657673835754,5e-05,0.2239050418138504,0.0
1967.0,1967.0,5.0,0.055780041962862015,5e-05,0.24684679508209229,0.0
1968.0,1968.0,5.0,0.07403672486543655,5e-05,0.2767517864704132,0.0
1969.0,1969.0,5.0,0.04848397895693779,5e-05,0.28127220273017883,0.0
1970.0,1970.0,5.0,0.0730472281575203,5e-05,0.27800628542900085,0.0
1971.0,1971.0,5.0,0.0832081288099289,5e-05,0.28928399085998535,0.0
1972.0,1972.0,5.0,0.05512261018157005,5e-05,0.20781837403774261,0.0
1973.0,1973.0,5.0,0.05879141017794609,5e-05,0.3004246652126312,0.0
1974.0,1974.0,5.0,0.06715819984674454,5e-05,0.2255859673023224,0.0
1975.0,1975.0,5.0,0.07365603744983673,5e-05,0.2337028533220291,0.0
1976.0,1976.0,5.0,0.061068370938301086,5e-05,0.3537971079349518,0.0
1977.0,1977.0,5.0,0.06731286644935608,5e-05,0.26704099774360657,0.0
1978.0,1978.0,5.0,0.07788795977830887,5e-05,0.32227373123168945,0.0
1979.0,1979.0,5.0,0.06930732727050781,5e-05,0.19217535853385925,0.0
1980.0,1980.0,5.0,0.061055880039930344,5e-05,0.24569250643253326,0.0
1981.0,1981.0,5.0,0.06081702932715416,5e-05,0.18796415627002716,0.0
1982.0,1982.0,5.0,0.057810768485069275,5e-05,0.2027483880519867,0.0
1983.0,1983.0,5.0,0.06694871187210083,5e-05,0.2303127646446228,0.0
1984.0,1984.0,5.0,0.061689846217632294,5e-05,0.1308247298002243,0.0
1985.0,1985.0,5.0,0.06130351126194,5e-05,0.20091617107391357,0.0
1986.0,1986.0,5.0,0.057977400720119476,5e-05,0.1782965064048767,0.0
1987.0,1987.0,5.0,0.07663647830486298,5e-05,0.1923489272594452,0.0
1988.0,1988.0,5.0,0.06362064927816391,5e-05,0.18363146483898163,0.0
1989.0,1989.0,5.0,0.08553791046142578,5e-05,0.2384451925754547,0.0
1990.0,1990.0,5.0,0.07031068205833435,5e-05,0.21118572354316711,0.0
1991.0,1991.0,5.0,0.07996100187301636,5e-05,0.2475208342075348,0.0
1992.0,1992.0,5.0,0.060447726398706436,5e-05,0.28391116857528687,0.0
1993.0,1993.0,5.0,0.07494625449180603,5e-05,0.2218346893787384,0.0
1994.0,1994.0,5.0,0.05821122229099274,5e-05,0.21479077637195587,0.0
1995.0,1995.0,5.0,0.06053902953863144,5e-05,0.2677491307258606,0.0
1996.0,1996.0,5.0,0.060782186686992645,5e-05,0.1959761083126068,0.0
1997.0,1997.0,5.0,0.0728539526462555,5e-05,0.30835601687431335,0.0
1998.0,1998.0,5.0,0.05927029252052307,5e-05,0.19859416782855988,0.0
1999.0,1999.0,5.0,0.059781648218631744,5e-05,0.22714418172836304,0.0
2000.0,2000.0,5.0,0.06326091289520264,5e-05,0.21657589077949524,0.0
2001.0,2001.0,5.0,0.056324221193790436,5e-05,0.24052134156227112,0.0
2002.0,2002.0,5.0,0.0751260370016098,5e-05,0.2150084227323532,0.0
2003.0,2003.0,5.0,0.0795920118689537,5e-05,0.388284295797348,0.0
2004.0,2004.0,5.0,0.057342950254678726,5e-05,0.23293228447437286,0.0
2005.0,2005.0,5.0,0.05838675796985626,5e-05,0.26559531688690186,0.0
2006.0,2006.0,5.0,0.05191892385482788,5e-05,0.20958881080150604,0.0
2007.0,2007.0,5.0,0.06076952442526817,5e-05,0.21481800079345703,0.0
2008.0,2008.0,5.0,0.057896390557289124,5e-05,0.2269933670759201,0.0
2009.0,2009.0,5.0,0.06379049271345139,5e-05,0.281426340341568,0.0
2010.0,2010.0,5.0,0.07647372782230377,5e-05,0.24515321850776672,0.0
2011.0,2011.0,5.0,0.06522265821695328,5e-05,0.26118138432502747,0.0
2012.0,2012.0,5.0,0.06475049257278442,5e-05,0.22842693328857422,0.0
2013.0,2013.0,5.0,0.07149872183799744,5e-05,0.1893342137336731,0.0
2014.0,2014.0,5.0,0.06943528354167938,5e-05,0.27892935276031494,0.0
2015.0,2015.0,5.0,0.07344122976064682,5e-05,0.24102894961833954,0.0
2016.0,2016.0,5.0,0.07431916892528534,5e-05,0.22776232659816742,0.0
2017.0,2017.0,5.0,0.06358148157596588,5e-05,0.2958294153213501,0.0
2018.0,2018.0,5.0,0.06279166042804718,5e-05,0.2672281861305237,0.0
2019.0,2019.0,5.0,0.0822371393442154,5e-05,0.25016331672668457,0.0
2020.0,2020.0,5.0,0.06239938735961914,5e-05,0.23040364682674408,0.0
2021.0,2021.0,5.0,0.06576058268547058,5e-05,0.23016802966594696,0.0
2022.0,2022.0,5.0,0.06579919159412384,5e-05,0.20139209926128387,0.0
2023.0,2023.0,5.0,0.05233920365571976,5e-05,0.24305425584316254,0.0
2024.0,2024.0,5.0,0.0790814533829689,5e-05,0.17368583381175995,0.0
2025.0,2025.0,5.0,0.06367664039134979,5e-05,0.3312133550643921,0.0
2026.0,2026.0,5.0,0.07494194060564041,5e-05,0.21706874668598175,0.0
2027.0,2027.0,5.0,0.06955645978450775,5e-05,0.2062937319278717,0.0
2028.0,2028.0,5.0,0.059576235711574554,5e-05,0.24387019872665405,0.0
2029.0,2029.0,5.0,0.07439865171909332,5e-05,0.22233596444129944,0.0
2030.0,2030.0,5.0,0.07077409327030182,5e-05,0.2287423014640808,0.0
2031.0,2031.0,5.0,0.06319883465766907,5e-05,0.1707661747932434,0.0
2032.0,2032.0,5.0,0.05972817540168762,5e-05,0.16555017232894897,0.0
2033.0,2033.0,5.0,0.061848994344472885,5e-05,0.22852712869644165,0.0
2034.0,2034.0,5.0,0.06109695881605148,5e-05,0.16637998819351196,0.0
2035.0,2035.0,5.0,0.059364352375268936,5e-05,0.21689915657043457,0.0
2036.0,2036.0,5.0,0.069075807929039,5e-05,0.18722157180309296,0.0
2037.0,2037.0,5.0,0.0673242062330246,5e-05,0.21042318642139435,0.0
2038.0,2038.0,5.0,0.0569101944565773,5e-05,0.18471775949001312,0.0
2039.0,2039.0,5.0,0.060399096459150314,5e-05,0.20862266421318054,0.0
2040.0,2040.0,5.0,0.05255693942308426,5e-05,0.1805311143398285,0.0
2041.0,2041.0,5.0,0.05915016308426857,5e-05,0.20053298771381378,0.0
2042.0,2042.0,5.0,0.06636631488800049,5e-05,0.28047969937324524,0.0
2043.0,2043.0,5.0,0.061494793742895126,5e-05,0.23280395567417145,0.0
2044.0,2044.0,5.0,0.0638541579246521,5e-05,0.18427784740924835,0.0
2045.0,2045.0,5.0,0.07688160240650177,5e-05,0.2596563994884491,0.0
2046.0,2046.0,5.0,0.068649522960186,5e-05,0.2308046519756317,0.0
2047.0,2047.0,5.0,0.05949414521455765,5e-05,0.18448002636432648,0.0
2048.0,2048.0,5.0,0.06454486399888992,5e-05,0.2053113877773285,0.0
2049.0,2049.0,5.0,0.06619790196418762,5e-05,0.2014153003692627,0.0
2050.0,2050.0,5.0,0.06056249514222145,5e-05,0.25438791513442993,0.0
2051.0,2051.0,5.0,0.04495210200548172,5e-05,0.21764948964118958,0.0
2052.0,2052.0,5.0,0.06617922335863113,5e-05,0.18868309259414673,0.0
2053.0,2053.0,5.0,0.07807251065969467,5e-05,0.19524046778678894,0.0
2054.0,2054.0,5.0,0.06214754655957222,5e-05,0.19581958651542664,0.0
2055.0,2055.0,5.0,0.061884671449661255,5e-05,0.192366823554039,0.0
2056.0,2056.0,5.0,0.0585915744304657,5e-05,0.15723274648189545,0.0
2057.0,2057.0,5.0,0.04885418340563774,5e-05,0.20258741080760956,0.0
2058.0,2058.0,5.0,0.07022885978221893,5e-05,0.17040729522705078,0.0
2059.0,2059.0,5.0,0.06644609570503235,5e-05,0.23892059922218323,0.0
2060.0,2060.0,5.0,0.08025892078876495,5e-05,0.189760223031044,0.0
2061.0,2061.0,5.0,0.061740048229694366,5e-05,0.23961099982261658,0.0
2062.0,2062.0,5.0,0.0691327378153801,5e-05,0.24342983961105347,0.0
2063.0,2063.0,5.0,0.06247583031654358,5e-05,0.1589023768901825,0.0
2064.0,2064.0,5.0,0.07009706646203995,5e-05,0.16113367676734924,0.0
2065.0,2065.0,5.0,0.06672494113445282,5e-05,0.23658642172813416,0.0
2066.0,2066.0,5.0,0.07603567838668823,5e-05,0.17420372366905212,0.0
2067.0,2067.0,5.0,0.0621725432574749,5e-05,0.15300586819648743,0.0
2068.0,2068.0,5.0,0.06389284878969193,5e-05,0.1699228435754776,0.0
2069.0,2069.0,5.0,0.06454433500766754,5e-05,0.15876878798007965,0.0
2070.0,2070.0,5.0,0.07201655209064484,5e-05,0.1765354573726654,0.0
2071.0,2071.0,5.0,0.05323629826307297,5e-05,0.15998300909996033,0.0
2072.0,2072.0,5.0,0.06209281086921692,5e-05,0.18430837988853455,0.0
2073.0,2073.0,5.0,0.0723026767373085,5e-05,0.2094787061214447,0.0
2074.0,2074.0,5.0,0.058078832924366,5e-05,0.18482506275177002,0.0
2075.0,2075.0,5.0,0.06667768955230713,5e-05,0.23507268726825714,0.0
2076.0,2076.0,5.0,0.05319967120885849,5e-05,0.19898617267608643,0.0
2077.0,2077.0,5.0,0.06366930902004242,5e-05,0.17508520185947418,0.0
2078.0,2078.0,5.0,0.06079192832112312,5e-05,0.2626878321170807,0.0
2079.0,2079.0,5.0,0.060953862965106964,5e-05,0.17555440962314606,0.0
2080.0,2080.0,5.0,0.0668659508228302,5e-05,0.1868748962879181,0.0
2081.0,2081.0,5.0,0.07673539221286774,5e-05,0.237813800573349,0.0
2082.0,2082.0,5.0,0.04835011065006256,5e-05,0.15799011290073395,0.0
2083.0,2083.0,5.0,0.06586401909589767,5e-05,0.22662314772605896,0.0
2084.0,2084.0,5.0,0.061528515070676804,5e-05,0.2162618786096573,0.0
2085.0,2085.0,5.0,0.0632680132985115,5e-05,0.24886368215084076,0.0
2086.0,2086.0,5.0,0.06978011131286621,5e-05,0.1773117184638977,0.0
2087.0,2087.0,5.0,0.07338333874940872,5e-05,0.21623367071151733,0.0
2088.0,2088.0,5.0,0.08515086770057678,5e-05,0.2601054906845093,0.0
2089.0,2089.0,5.0,0.06818321347236633,5e-05,0.19912154972553253,0.0
2090.0,2090.0,5.0,0.05211188644170761,5e-05,0.17835943400859833,0.0
2091.0,2091.0,5.0,0.06397836655378342,5e-05,0.19516117870807648,0.0
2092.0,2092.0,5.0,0.07830401510000229,5e-05,0.3159399628639221,0.0
2093.0,2093.0,5.0,0.05104900896549225,5e-05,0.18053992092609406,0.0
2094.0,2094.0,5.0,0.05704352259635925,5e-05,0.250712126493454,0.0
2095.0,2095.0,5.0,0.06482154130935669,5e-05,0.2367771416902542,0.0
2096.0,2096.0,5.0,0.05725586414337158,5e-05,0.26146551966667175,0.0
2097.0,2097.0,5.0,0.06403211504220963,5e-05,0.23765037953853607,0.0
2098.0,2098.0,5.0,0.06788155436515808,5e-05,0.3686576783657074,0.0
2099.0,2099.0,5.0,0.06129346042871475,5e-05,0.23210464417934418,0.0
2100.0,2100.0,5.0,0.05904320254921913,5e-05,0.3668435513973236,0.0
2101.0,2101.0,5.0,0.06140847131609917,5e-05,0.23663993179798126,0.0
2102.0,2102.0,5.0,0.05413322150707245,5e-05,0.24058102071285248,0.0
2103.0,2103.0,5.0,0.05216805264353752,5e-05,0.22954700887203217,0.0
2104.0,2104.0,5.0,0.08830425143241882,5e-05,0.2596692442893982,0.0
2105.0,2105.0,5.0,0.06385825574398041,5e-05,0.2541351914405823,0.0
2106.0,2106.0,5.0,0.061886221170425415,5e-05,0.2061580866575241,0.0
2107.0,2107.0,5.0,0.0711103305220604,5e-05,0.25771427154541016,0.0
2108.0,2108.0,5.0,0.067898690700531,5e-05,0.2823337912559509,0.0
2109.0,2109.0,5.0,0.052531398832798004,5e-05,0.20790429413318634,0.0
2110.0,2110.0,5.0,0.06251046806573868,5e-05,0.26246634125709534,0.0
2111.0,2111.0,5.0,0.0652594342827797,5e-05,0.1713586300611496,0.0
2112.0,2112.0,5.0,0.06115394085645676,5e-05,0.3613712191581726,0.0
2113.0,2113.0,5.0,0.0751773864030838,5e-05,0.21201369166374207,0.0
2114.0,2114.0,5.0,0.07010551542043686,5e-05,0.3368604779243469,0.0
2115.0,2115.0,5.0,0.0656813532114029,5e-05,0.2320510447025299,0.0
2116.0,2116.0,5.0,0.0796712189912796,5e-05,0.37262019515037537,0.0
2117.0,2117.0,5.0,0.07253751903772354,5e-05,0.230193629860878,0.0
2118.0,2118.0,5.0,0.06740497052669525,5e-05,0.2537875771522522,0.0
2119.0,2119.0,5.0,0.06306249648332596,5e-05,0.22305957973003387,0.0
2120.0,2120.0,5.0,0.05769146606326103,5e-05,0.2535496652126312,0.0
2121.0,2121.0,5.0,0.050513047724962234,5e-05,0.2359762042760849,0.0
2122.0,2122.0,5.0,0.06896400451660156,5e-05,0.28621548414230347,0.0
2123.0,2123.0,5.0,0.05863671004772186,5e-05,0.23457352817058563,0.0
2124.0,2124.0,5.0,0.074825219810009,5e-05,0.25760453939437866,0.0
2125.0,2125.0,5.0,0.0558718666434288,5e-05,0.23320353031158447,0.0
2126.0,2126.0,5.0,0.08183643966913223,5e-05,0.29105427861213684,0.0
2127.0,2127.0,5.0,0.04837379604578018,5e-05,0.17640787363052368,0.0
2128.0,2128.0,5.0,0.05771849676966667,5e-05,0.15348419547080994,0.0
2129.0,2129.0,5.0,0.06294514983892441,5e-05,0.24698740243911743,0.0
2130.0,2130.0,5.0,0.05616704002022743,5e-05,0.15655653178691864,0.0
2131.0,2131.0,5.0,0.06225494667887688,5e-05,0.2140725553035736,0.0
2132.0,2132.0,5.0,0.06662043184041977,5e-05,0.16594809293746948,0.0
2133.0,2133.0,5.0,0.06370799243450165,5e-05,0.24032174050807953,0.0
2134.0,2134.0,5.0,0.054936736822128296,5e-05,0.18735310435295105,0.0
2135.0,2135.0,5.0,0.07929248362779617,5e-05,0.357648104429245,0.0
2136.0,2136.0,5.0,0.05642126873135567,5e-05,0.15451911091804504,0.0
2137.0,2137.0,5.0,0.06379780173301697,5e-05,0.1954471617937088,0.0
2138.0,2138.0,5.0,0.060251086950302124,5e-05,0.19881632924079895,0.0
2139.0,2139.0,5.0,0.0724644660949707,5e-05,0.1984911859035492,0.0
2140.0,2140.0,5.0,0.05427297577261925,5e-05,0.1634249985218048,0.0
2141.0,2141.0,5.0,0.050185427069664,5e-05,0.15905608236789703,0.0
2142.0,2142.0,5.0,0.0610092431306839,5e-05,0.18231436610221863,0.0
2143.0,2143.0,5.0,0.06376911699771881,5e-05,0.2026192843914032,0.0
2144.0,2144.0,5.0,0.08450506627559662,5e-05,0.19588224589824677,0.0
2145.0,2145.0,5.0,0.059787701815366745,5e-05,0.1466711014509201,0.0
2146.0,2146.0,5.0,0.08044065535068512,5e-05,0.3106328845024109,0.0
2147.0,2147.0,5.0,0.07460403442382812,5e-05,0.18906846642494202,0.0
2148.0,2148.0,5.0,0.06136295199394226,5e-05,0.21583707630634308,0.0
2149.0,2149.0,5.0,0.05059029906988144,5e-05,0.21307937800884247,0.0
2150.0,2150.0,5.0,0.0586635060608387,5e-05,0.24190525710582733,0.0
2151.0,2151.0,5.0,0.060551732778549194,5e-05,0.20540645718574524,0.0
2152.0,2152.0,5.0,0.04587060213088989,5e-05,0.19962899386882782,0.0
2153.0,2153.0,5.0,0.06907019764184952,5e-05,0.25857627391815186,0.0
2154.0,2154.0,5.0,0.059402331709861755,5e-05,0.2030813992023468,0.0
2155.0,2155.0,5.0,0.05846037715673447,5e-05,0.2326008826494217,0.0
2156.0,2156.0,5.0,0.05324586480855942,5e-05,0.21379731595516205,0.0
2157.0,2157.0,5.0,0.048639118671417236,5e-05,0.23652493953704834,0.0
2158.0,2158.0,5.0,0.05460957810282707,5e-05,0.28125718235969543,0.0
2159.0,2159.0,5.0,0.05266854912042618,5e-05,0.1941748410463333,0.0
2160.0,2160.0,5.0,0.04655525088310242,5e-05,0.2635672390460968,0.0
2161.0,2161.0,5.0,0.047292791306972504,5e-05,0.18589192628860474,0.0
2162.0,2162.0,5.0,0.05295637249946594,5e-05,0.18398591876029968,0.0
2163.0,2163.0,5.0,0.06387734413146973,5e-05,0.1829887181520462,0.0
2164.0,2164.0,5.0,0.05701939016580582,5e-05,0.1869378238916397,0.0
2165.0,2165.0,5.0,0.06767979264259338,5e-05,0.15701042115688324,0.0
2166.0,2166.0,5.0,0.06539276987314224,5e-05,0.21457639336585999,0.0
2167.0,2167.0,5.0,0.07123370468616486,5e-05,0.20060692727565765,0.0
2168.0,2168.0,5.0,0.06001770496368408,5e-05,0.18666592240333557,0.0
2169.0,2169.0,5.0,0.06488265097141266,5e-05,0.1849941909313202,0.0
2170.0,2170.0,5.0,0.06876155734062195,5e-05,0.230931356549263,0.0
2171.0,2171.0,5.0,0.06790149211883545,5e-05,0.15826012194156647,0.0
2172.0,2172.0,5.0,0.05621102824807167,5e-05,0.19470490515232086,0.0
2173.0,2173.0,5.0,0.05515671893954277,5e-05,0.16915713250637054,0.0
2174.0,2174.0,5.0,0.06589172780513763,5e-05,0.18903686106204987,0.0
2175.0,2175.0,5.0,0.06794194877147675,5e-05,0.20166510343551636,0.0
2176.0,2176.0,5.0,0.06887094676494598,5e-05,0.17453886568546295,0.0
2177.0,2177.0,5.0,0.06200964003801346,5e-05,0.1706775724887848,0.0
2178.0,2178.0,5.0,0.06535834074020386,5e-05,0.15245796740055084,0.0
2179.0,2179.0,5.0,0.05920727550983429,5e-05,0.14635485410690308,0.0
2180.0,2180.0,5.0,0.07068182528018951,5e-05,0.20464259386062622,0.0
2181.0,2181.0,5.0,0.060176216065883636,5e-05,0.19154608249664307,0.0
2182.0,2182.0,5.0,0.05620827525854111,5e-05,0.23079051077365875,0.0
2183.0,2183.0,5.0,0.06419280916452408,5e-05,0.1816377192735672,0.0
2184.0,2184.0,5.0,0.05853930115699768,5e-05,0.18524473905563354,0.0
2185.0,2185.0,5.0,0.07129520177841187,5e-05,0.22294297814369202,0.0
2186.0,2186.0,5.0,0.07394886016845703,5e-05,0.24680626392364502,0.0
2187.0,2187.0,5.0,0.0659693032503128,5e-05,0.2183791846036911,0.0
2188.0,2188.0,5.0,0.06085766479372978,5e-05,0.24783416092395782,0.0
2189.0,2189.0,5.0,0.07030253112316132,5e-05,0.21175839006900787,0.0
2190.0,2190.0,5.0,0.05555330589413643,5e-05,0.2697892487049103,0.0
2191.0,2191.0,5.0,0.05838619917631149,5e-05,0.15435142815113068,0.0
2192.0,2192.0,5.0,0.054891347885131836,5e-05,0.2997112274169922,0.0
2193.0,2193.0,5.0,0.07324071228504181,5e-05,0.25527119636535645,0.0
2194.0,2194.0,5.0,0.055601079016923904,5e-05,0.2272634208202362,0.0
2195.0,2195.0,5.0,0.05636235699057579,5e-05,0.3103054463863373,0.0
2196.0,2196.0,5.0,0.06650929152965546,5e-05,0.15731871128082275,0.0
2197.0,2197.0,5.0,0.07152961194515228,5e-05,0.3759368658065796,0.0
2198.0,2198.0,5.0,0.06066480651497841,5e-05,0.17371200025081635,0.0
2199.0,2199.0,5.0,0.05276467651128769,5e-05,0.33249425888061523,0.0
2200.0,2200.0,5.0,0.06381922960281372,5e-05,0.2618046998977661,0.0
2201.0,2201.0,5.0,0.048278260976076126,5e-05,0.2255183458328247,0.0
2202.0,2202.0,5.0,0.05866958945989609,5e-05,0.2162204384803772,0.0
2203.0,2203.0,5.0,0.06799188256263733,5e-05,0.17878404259681702,0.0
2204.0,2204.0,5.0,0.05339469388127327,5e-05,0.23370425403118134,0.0
2205.0,2205.0,5.0,0.06558971852064133,5e-05,0.24490004777908325,0.0
2206.0,2206.0,5.0,0.05626979470252991,5e-05,0.19649094343185425,0.0
2207.0,2207.0,5.0,0.06641364842653275,5e-05,0.23358291387557983,0.0
2208.0,2208.0,5.0,0.06923088431358337,5e-05,0.16254326701164246,0.0
2209.0,2209.0,5.0,0.0600089430809021,5e-05,0.16589482128620148,0.0
2210.0,2210.0,5.0,0.06020962446928024,5e-05,0.21084006130695343,0.0
2211.0,2211.0,5.0,0.07058157026767731,5e-05,0.19731158018112183,0.0
2212.0,2212.0,5.0,0.055809494107961655,5e-05,0.165328249335289,0.0
2213.0,2213.0,5.0,0.05872199684381485,5e-05,0.21192419528961182,0.0
2214.0,2214.0,5.0,0.06290537118911743,5e-05,0.14665302634239197,0.0
2215.0,2215.0,5.0,0.06900627911090851,5e-05,0.2507108151912689,0.0
2216.0,2216.0,5.0,0.07522314786911011,5e-05,0.22097885608673096,0.0
2217.0,2217.0,5.0,0.05531572550535202,5e-05,0.10955385118722916,0.0
2218.0,2218.0,5.0,0.06159166991710663,5e-05,0.22866012156009674,0.0
2219.0,2219.0,5.0,0.05839827284216881,5e-05,0.1659765988588333,0.0
2220.0,2220.0,5.0,0.059096138924360275,5e-05,0.22674036026000977,0.0
2221.0,2221.0,5.0,0.07137365639209747,5e-05,0.18823635578155518,0.0
2222.0,2222.0,5.0,0.05525651574134827,5e-05,0.1715129166841507,0.0
2223.0,2223.0,5.0,0.07012848556041718,5e-05,0.2864829897880554,0.0
2224.0,2224.0,5.0,0.08792054653167725,5e-05,0.19608727097511292,0.0
2225.0,2225.0,5.0,0.0651189312338829,5e-05,0.2940666079521179,0.0
2226.0,2226.0,5.0,0.07006540894508362,5e-05,0.15938422083854675,0.0
2227.0,2227.0,5.0,0.06471045315265656,5e-05,0.1848701685667038,0.0
2228.0,2228.0,5.0,0.065767802298069,5e-05,0.21874545514583588,0.0
2229.0,2229.0,5.0,0.0711563304066658,5e-05,0.24418741464614868,0.0
2230.0,2230.0,5.0,0.049282945692539215,5e-05,0.18202172219753265,0.0
2231.0,2231.0,5.0,0.06555827707052231,5e-05,0.22524531185626984,0.0
2232.0,2232.0,5.0,0.0814228355884552,5e-05,0.3473505675792694,0.0
2233.0,2233.0,5.0,0.057345930486917496,5e-05,0.14391551911830902,0.0
2234.0,2234.0,5.0,0.05958670377731323,5e-05,0.24806751310825348,0.0
2235.0,2235.0,5.0,0.06248045712709427,5e-05,0.24922071397304535,0.0
2236.0,2236.0,5.0,0.061928220093250275,5e-05,0.2709116041660309,0.0
2237.0,2237.0,5.0,0.07592400163412094,5e-05,0.2630613148212433,0.0
2238.0,2238.0,5.0,0.06250317394733429,5e-05,0.1613227128982544,0.0
2239.0,2239.0,5.0,0.058897897601127625,5e-05,0.3347671627998352,0.0
2240.0,2240.0,5.0,0.05508846789598465,5e-05,0.16495312750339508,0.0
2241.0,2241.0,5.0,0.05679669603705406,5e-05,0.23575367033481598,0.0
2242.0,2242.0,5.0,0.07305976748466492,5e-05,0.21285520493984222,0.0
2243.0,2243.0,5.0,0.06451047956943512,5e-05,0.21731385588645935,0.0
2244.0,2244.0,5.0,0.05297213792800903,5e-05,0.14422334730625153,0.0
2245.0,2245.0,5.0,0.056792713701725006,5e-05,0.21016427874565125,0.0
2246.0,2246.0,5.0,0.06486916542053223,5e-05,0.22462773323059082,0.0
2247.0,2247.0,5.0,0.05384908989071846,5e-05,0.1722860336303711,0.0
2248.0,2248.0,5.0,0.0641699731349945,5e-05,0.2639125883579254,0.0
2249.0,2249.0,5.0,0.0593411959707737,5e-05,0.1710202991962433,0.0
2250.0,2250.0,5.0,0.0666847676038742,5e-05,0.24666692316532135,0.0
2251.0,2251.0,5.0,0.056313589215278625,5e-05,0.15197493135929108,0.0
2252.0,2252.0,5.0,0.061087802052497864,5e-05,0.1787988543510437,0.0
2253.0,2253.0,5.0,0.0654776468873024,5e-05,0.25412431359291077,0.0
2254.0,2254.0,5.0,0.07367803156375885,5e-05,0.2689487934112549,0.0
2255.0,2255.0,5.0,0.06159749999642372,5e-05,0.181752011179924,0.0
2256.0,2256.0,5.0,0.056174833327531815,5e-05,0.22079487144947052,0.0
2257.0,2257.0,5.0,0.057802602648735046,5e-05,0.2303035706281662,0.0
2258.0,2258.0,5.0,0.07262032479047775,5e-05,0.3542407751083374,0.0
2259.0,2259.0,5.0,0.05761996656656265,5e-05,0.1740349978208542,0.0
2260.0,2260.0,5.0,0.06544597446918488,5e-05,0.22614234685897827,0.0
2261.0,2261.0,5.0,0.06681381165981293,5e-05,0.21498019993305206,0.0
2262.0,2262.0,5.0,0.06454312801361084,5e-05,0.15305407345294952,0.0
2263.0,2263.0,5.0,0.06145302206277847,5e-05,0.21557746827602386,0.0
2264.0,2264.0,5.0,0.06054598093032837,5e-05,0.157366544008255,0.0
2265.0,2265.0,5.0,0.04885043576359749,5e-05,0.2587466835975647,0.0
2266.0,2266.0,5.0,0.06150711327791214,5e-05,0.2125091403722763,0.0
2267.0,2267.0,5.0,0.06522353738546371,5e-05,0.21820352971553802,0.0
2268.0,2268.0,5.0,0.05650019273161888,5e-05,0.19946788251399994,0.0
2269.0,2269.0,5.0,0.05661503225564957,5e-05,0.17123161256313324,0.0
2270.0,2270.0,5.0,0.07245929539203644,5e-05,0.18217851221561432,0.0
2271.0,2271.0,5.0,0.05898386985063553,5e-05,0.18805620074272156,0.0
2272.0,2272.0,5.0,0.08215539902448654,5e-05,0.22481252253055573,0.0
2273.0,2273.0,5.0,0.06395184248685837,5e-05,0.18121977150440216,0.0
2274.0,2274.0,5.0,0.06362230330705643,5e-05,0.17542357742786407,0.0
2275.0,2275.0,5.0,0.08197587728500366,5e-05,0.17551904916763306,0.0
2276.0,2276.0,5.0,0.06648246198892593,5e-05,0.15661868453025818,0.0
2277.0,2277.0,5.0,0.04996743053197861,5e-05,0.23905979096889496,0.0
2278.0,2278.0,5.0,0.05474289506673813,5e-05,0.20998384058475494,0.0
2279.0,2279.0,5.0,0.07538740336894989,5e-05,0.24631719291210175,0.0
2280.0,2280.0,5.0,0.06216532364487648,5e-05,0.1918923407793045,0.0
2281.0,2281.0,5.0,0.04828449338674545,5e-05,0.21718066930770874,0.0
2282.0,2282.0,5.0,0.04977459833025932,5e-05,0.18447266519069672,0.0
2283.0,2283.0,5.0,0.07811246067285538,5e-05,0.28134310245513916,0.0
2284.0,2284.0,5.0,0.06252314150333405,5e-05,0.23723776638507843,0.0
2285.0,2285.0,5.0,0.06892465054988861,5e-05,0.31466931104660034,0.0
2286.0,2286.0,5.0,0.07127153873443604,5e-05,0.28501132130622864,0.0
2287.0,2287.0,5.0,0.06752866506576538,5e-05,0.20905007421970367,0.0
2288.0,2288.0,5.0,0.06673184782266617,5e-05,0.25229597091674805,0.0
2289.0,2289.0,5.0,0.06978483498096466,5e-05,0.23621529340744019,0.0
2290.0,2290.0,5.0,0.0709773600101471,5e-05,0.2436872273683548,0.0
2291.0,2291.0,5.0,0.06614001840353012,5e-05,0.20938114821910858,0.0
2292.0,2292.0,5.0,0.06138009577989578,5e-05,0.20212869346141815,0.0
2293.0,2293.0,5.0,0.053876280784606934,5e-05,0.18584750592708588,0.0
2294.0,2294.0,5.0,0.05278155207633972,5e-05,0.19792591035366058,0.0
2295.0,2295.0,5.0,0.07185651361942291,5e-05,0.2234206646680832,0.0
2296.0,2296.0,5.0,0.06365298479795456,5e-05,0.2536541521549225,0.0
2297.0,2297.0,5.0,0.061088625341653824,5e-05,0.2685326635837555,0.0
2298.0,2298.0,5.0,0.05163712799549103,5e-05,0.19221188127994537,0.0
2299.0,2299.0,5.0,0.059651777148246765,5e-05,0.2690185606479645,0.0
2300.0,2300.0,5.0,0.05930430069565773,5e-05,0.2108866274356842,0.0
2301.0,2301.0,5.0,0.057704247534275055,5e-05,0.2679767310619354,0.0
2302.0,2302.0,5.0,0.06601675599813461,5e-05,0.3012848198413849,0.0
2303.0,2303.0,5.0,0.05485442280769348,5e-05,0.1770872175693512,0.0
2304.0,2304.0,5.0,0.06308319419622421,5e-05,0.21785125136375427,0.0
2305.0,2305.0,5.0,0.05613068491220474,5e-05,0.1684390753507614,0.0
2306.0,2306.0,5.0,0.047752730548381805,5e-05,0.21781599521636963,0.0
2307.0,2307.0,5.0,0.07082810997962952,5e-05,0.17499704658985138,0.0
2308.0,2308.0,5.0,0.055487509816884995,5e-05,0.25667643547058105,0.0
2309.0,2309.0,5.0,0.06456375867128372,5e-05,0.23879292607307434,0.0
2310.0,2310.0,5.0,0.07203955948352814,5e-05,0.2323164939880371,0.0
2311.0,2311.0,5.0,0.07636445760726929,5e-05,0.23463097214698792,0.0
2312.0,2312.0,5.0,0.07245923578739166,5e-05,0.19271261990070343,0.0
2313.0,2313.0,5.0,0.05878429859876633,5e-05,0.23414470255374908,0.0
2314.0,2314.0,5.0,0.058092713356018066,5e-05,0.20350120961666107,0.0
2315.0,2315.0,5.0,0.06426214426755905,5e-05,0.2051776498556137,0.0
2316.0,2316.0,5.0,0.05257200449705124,5e-05,0.17258168756961823,0.0
2317.0,2317.0,5.0,0.05411502718925476,5e-05,0.20012640953063965,0.0
2318.0,2318.0,5.0,0.06078238785266876,5e-05,0.17890238761901855,0.0
2319.0,2319.0,5.0,0.06894202530384064,5e-05,0.2185889035463333,0.0
2320.0,2320.0,5.0,0.05861320346593857,5e-05,0.2595914304256439,0.0
2321.0,2321.0,5.0,0.0767851322889328,5e-05,0.2577860653400421,0.0
2322.0,2322.0,5.0,0.04959584027528763,5e-05,0.2535257935523987,0.0
2323.0,2323.0,5.0,0.06712783873081207,5e-05,0.2549225687980652,0.0
2324.0,2324.0,5.0,0.061374153941869736,5e-05,0.27094903588294983,0.0
2325.0,2325.0,5.0,0.06215022876858711,5e-05,0.20306295156478882,0.0
2326.0,2326.0,5.0,0.04905657470226288,5e-05,0.1809241622686386,0.0
2327.0,2327.0,5.0,0.06730202585458755,5e-05,0.26904672384262085,0.0
2328.0,2328.0,5.0,0.057726360857486725,5e-05,0.18610596656799316,0.0
2329.0,2329.0,5.0,0.07225479185581207,5e-05,0.3711514174938202,0.0
2330.0,2330.0,5.0,0.0589633509516716,5e-05,0.27315983176231384,0.0
2331.0,2331.0,5.0,0.06690027564764023,5e-05,0.261054128408432,0.0
2332.0,2332.0,5.0,0.057082436978816986,5e-05,0.17366425693035126,0.0
2333.0,2333.0,5.0,0.0630226731300354,5e-05,0.28815391659736633,0.0
2334.0,2334.0,5.0,0.06417453289031982,5e-05,0.21144232153892517,0.0
2335.0,2335.0,5.0,0.0670347511768341,5e-05,0.2451668530702591,0.0
2336.0,2336.0,5.0,0.05227389931678772,5e-05,0.22179767489433289,0.0
2337.0,2337.0,5.0,0.06782394647598267,5e-05,0.31819310784339905,0.0
2338.0,2338.0,5.0,0.05891115963459015,5e-05,0.21312449872493744,0.0
2339.0,2339.0,5.0,0.07057052850723267,5e-05,0.2873772084712982,0.0
2340.0,2340.0,5.0,0.060921281576156616,5e-05,0.1937452107667923,0.0
2341.0,2341.0,6.0,0.05644141137599945,5e-05,0.3269816040992737,0.0
2342.0,2342.0,6.0,0.05966468155384064,5e-05,0.17362521588802338,0.0
2343.0,2343.0,6.0,0.06011737138032913,5e-05,0.3745344877243042,0.0
2344.0,2344.0,6.0,0.06034024432301521,5e-05,0.18951234221458435,0.0
2345.0,2345.0,6.0,0.06895998120307922,5e-05,0.2685993015766144,0.0
2346.0,2346.0,6.0,0.049203723669052124,5e-05,0.19068530201911926,0.0
2347.0,2347.0,6.0,0.06379790604114532,5e-05,0.2199130654335022,0.0
2348.0,2348.0,6.0,0.06341199576854706,5e-05,0.25268393754959106,0.0
2349.0,2349.0,6.0,0.05651307851076126,5e-05,0.1883954554796219,0.0
2350.0,2350.0,6.0,0.0703878402709961,5e-05,0.27478262782096863,0.0
2351.0,2351.0,6.0,0.0625166967511177,5e-05,0.21932174265384674,0.0
2352.0,2352.0,6.0,0.05988958477973938,5e-05,0.25293418765068054,0.0
2353.0,2353.0,6.0,0.06710511445999146,5e-05,0.22008979320526123,0.0
2354.0,2354.0,6.0,0.07376861572265625,5e-05,0.22311529517173767,0.0
2355.0,2355.0,6.0,0.05612436681985855,5e-05,0.17214393615722656,0.0
2356.0,2356.0,6.0,0.05769408494234085,5e-05,0.22272638976573944,0.0
2357.0,2357.0,6.0,0.07836103439331055,5e-05,0.1794624775648117,0.0
2358.0,2358.0,6.0,0.08469460904598236,5e-05,0.26376280188560486,0.0
2359.0,2359.0,6.0,0.0685400515794754,5e-05,0.1821640580892563,0.0
2360.0,2360.0,6.0,0.060939498245716095,5e-05,0.25572285056114197,0.0
2361.0,2361.0,6.0,0.06817306578159332,5e-05,0.17956940829753876,0.0
2362.0,2362.0,6.0,0.07185477018356323,5e-05,0.20759150385856628,0.0
2363.0,2363.0,6.0,0.05536584183573723,5e-05,0.1944359838962555,0.0
2364.0,2364.0,6.0,0.07792368531227112,5e-05,0.2089870721101761,0.0
2365.0,2365.0,6.0,0.05084894970059395,5e-05,0.21644923090934753,0.0
2366.0,2366.0,6.0,0.06293876469135284,5e-05,0.19008615612983704,0.0
2367.0,2367.0,6.0,0.07024145126342773,5e-05,0.17389824986457825,0.0
2368.0,2368.0,6.0,0.0529259629547596,5e-05,0.16245923936367035,0.0
2369.0,2369.0,6.0,0.059922412037849426,5e-05,0.2230903059244156,0.0
2370.0,2370.0,6.0,0.06683336198329926,5e-05,0.18278731405735016,0.0
2371.0,2371.0,6.0,0.05317395180463791,5e-05,0.2649746537208557,0.0
2372.0,2372.0,6.0,0.0518035925924778,5e-05,0.22328327596187592,0.0
2373.0,2373.0,6.0,0.0721651241183281,5e-05,0.21810384094715118,0.0
2374.0,2374.0,6.0,0.07122501730918884,5e-05,0.252836138010025,0.0
2375.0,2375.0,6.0,0.04865797981619835,5e-05,0.18198630213737488,0.0
2376.0,2376.0,6.0,0.07541430741548538,5e-05,0.24677114188671112,0.0
2377.0,2377.0,6.0,0.07285766303539276,5e-05,0.17893865704536438,0.0
2378.0,2378.0,6.0,0.06597398966550827,5e-05,0.285876601934433,0.0
2379.0,2379.0,6.0,0.0602395161986351,5e-05,0.2920770049095154,0.0
2380.0,2380.0,6.0,0.07468995451927185,5e-05,0.2988140881061554,0.0
2381.0,2381.0,6.0,0.06531653553247452,5e-05,0.3582821190357208,0.0
2382.0,2382.0,6.0,0.07503017783164978,5e-05,0.3169633150100708,0.0
2383.0,2383.0,6.0,0.06223543360829353,5e-05,0.3655881881713867,0.0
2384.0,2384.0,6.0,0.07086881995201111,5e-05,0.4146135747432709,0.0
2385.0,2385.0,6.0,0.05566604062914848,5e-05,0.27110469341278076,0.0
2386.0,2386.0,6.0,0.06546870619058609,5e-05,0.3172251582145691,0.0
2387.0,2387.0,6.0,0.07610498368740082,5e-05,0.3162948787212372,0.0
2388.0,2388.0,6.0,0.07391780614852905,5e-05,0.36298683285713196,0.0
2389.0,2389.0,6.0,0.0711878314614296,5e-05,0.27899742126464844,0.0
2390.0,2390.0,6.0,0.06056651100516319,5e-05,0.3180601894855499,0.0
2391.0,2391.0,6.0,0.06229810789227486,5e-05,0.20576827228069305,0.0
2392.0,2392.0,6.0,0.07137153297662735,5e-05,0.23100650310516357,0.0
2393.0,2393.0,6.0,0.06564730405807495,5e-05,0.2683952748775482,0.0
2394.0,2394.0,6.0,0.0557430200278759,5e-05,0.2160077691078186,0.0
2395.0,2395.0,6.0,0.05944124236702919,5e-05,0.208474263548851,0.0
2396.0,2396.0,6.0,0.06429098546504974,5e-05,0.23071490228176117,0.0
2397.0,2397.0,6.0,0.06356959789991379,5e-05,0.2078673392534256,0.0
2398.0,2398.0,6.0,0.05667758733034134,5e-05,0.17586718499660492,0.0
2399.0,2399.0,6.0,0.06414170563220978,5e-05,0.19161809980869293,0.0
2400.0,2400.0,6.0,0.06478536128997803,5e-05,0.23225747048854828,0.0
2401.0,2401.0,6.0,0.05732051655650139,5e-05,0.23534585535526276,0.0
2402.0,2402.0,6.0,0.06591340899467468,5e-05,0.19697116315364838,0.0
2403.0,2403.0,6.0,0.05889435112476349,5e-05,0.26687484979629517,0.0
2404.0,2404.0,6.0,0.0563344731926918,5e-05,0.17931170761585236,0.0
2405.0,2405.0,6.0,0.06585747003555298,5e-05,0.24773284792900085,0.0
2406.0,2406.0,6.0,0.05667753517627716,5e-05,0.25452032685279846,0.0
2407.0,2407.0,6.0,0.06965827941894531,5e-05,0.20459102094173431,0.0
2408.0,2408.0,6.0,0.06269694864749908,5e-05,0.24440032243728638,0.0
2409.0,2409.0,6.0,0.06924339383840561,5e-05,0.21782180666923523,0.0
2410.0,2410.0,6.0,0.05169818922877312,5e-05,0.1704164296388626,0.0
2411.0,2411.0,6.0,0.056819312274456024,5e-05,0.16896934807300568,0.0
2412.0,2412.0,6.0,0.06585570424795151,5e-05,0.2149571031332016,0.0
2413.0,2413.0,6.0,0.06942684948444366,5e-05,0.2537454068660736,0.0
2414.0,2414.0,6.0,0.0678829550743103,5e-05,0.2612786293029785,0.0
2415.0,2415.0,6.0,0.05930308252573013,5e-05,0.18406882882118225,0.0
2416.0,2416.0,6.0,0.07513570785522461,5e-05,0.2577395737171173,0.0
2417.0,2417.0,6.0,0.054343800991773605,5e-05,0.21923968195915222,0.0
2418.0,2418.0,6.0,0.05804934352636337,5e-05,0.18538978695869446,0.0
2419.0,2419.0,6.0,0.060216814279556274,5e-05,0.24478012323379517,0.0
2420.0,2420.0,6.0,0.05876610428094864,5e-05,0.2020816057920456,0.0
2421.0,2421.0,6.0,0.06438248604536057,5e-05,0.22487163543701172,0.0
2422.0,2422.0,6.0,0.06318798661231995,5e-05,0.17987887561321259,0.0
2423.0,2423.0,6.0,0.056924186646938324,5e-05,0.1904008984565735,0.0
2424.0,2424.0,6.0,0.06219663470983505,5e-05,0.22580493986606598,0.0
2425.0,2425.0,6.0,0.07008451223373413,5e-05,0.2240368127822876,0.0
2426.0,2426.0,6.0,0.05464288592338562,5e-05,0.15389730036258698,0.0
2427.0,2427.0,6.0,0.070660799741745,5e-05,0.181136816740036,0.0
2428.0,2428.0,6.0,0.05967341735959053,5e-05,0.1613263338804245,0.0
2429.0,2429.0,6.0,0.06608869135379791,5e-05,0.19244684278964996,0.0
2430.0,2430.0,6.0,0.0614791139960289,5e-05,0.19553379714488983,0.0
2431.0,2431.0,6.0,0.053742874413728714,5e-05,0.17488816380500793,0.0
2432.0,2432.0,6.0,0.06792591512203217,5e-05,0.15586087107658386,0.0
2433.0,2433.0,6.0,0.05846564099192619,5e-05,0.17295339703559875,0.0
2434.0,2434.0,6.0,0.05922254920005798,5e-05,0.16895702481269836,0.0
2435.0,2435.0,6.0,0.05547083169221878,5e-05,0.14571869373321533,0.0
2436.0,2436.0,6.0,0.07336384057998657,5e-05,0.23397815227508545,0.0
2437.0,2437.0,6.0,0.060569390654563904,5e-05,0.1781333088874817,0.0
2438.0,2438.0,6.0,0.08121728152036667,5e-05,0.1828700304031372,0.0
2439.0,2439.0,6.0,0.06346727162599564,5e-05,0.2611386477947235,0.0
2440.0,2440.0,6.0,0.0671260803937912,5e-05,0.19141606986522675,0.0
2441.0,2441.0,6.0,0.04453688859939575,5e-05,0.24653714895248413,0.0
2442.0,2442.0,6.0,0.06887904554605484,5e-05,0.18130934238433838,0.0
2443.0,2443.0,6.0,0.06542825698852539,5e-05,0.21244841814041138,0.0
2444.0,2444.0,6.0,0.06414958834648132,5e-05,0.18636703491210938,0.0
2445.0,2445.0,6.0,0.07007844001054764,5e-05,0.18561530113220215,0.0
2446.0,2446.0,6.0,0.04802342876791954,5e-05,0.13910160958766937,0.0
2447.0,2447.0,6.0,0.06418237090110779,5e-05,0.17355850338935852,0.0
2448.0,2448.0,6.0,0.07586616277694702,5e-05,0.20658138394355774,0.0
2449.0,2449.0,6.0,0.06318935751914978,5e-05,0.1553792655467987,0.0
2450.0,2450.0,6.0,0.07648496329784393,5e-05,0.20107018947601318,0.0
2451.0,2451.0,6.0,0.07115033268928528,5e-05,0.23876138031482697,0.0
2452.0,2452.0,6.0,0.07334792613983154,5e-05,0.19927357137203217,0.0
2453.0,2453.0,6.0,0.07158297300338745,5e-05,0.24344545602798462,0.0
2454.0,2454.0,6.0,0.05086912214756012,5e-05,0.1582515686750412,0.0
2455.0,2455.0,6.0,0.06290385127067566,5e-05,0.3117978870868683,0.0
2456.0,2456.0,6.0,0.06016524136066437,5e-05,0.19984635710716248,0.0
2457.0,2457.0,6.0,0.06513561308383942,5e-05,0.248020738363266,0.0
2458.0,2458.0,6.0,0.05552347004413605,5e-05,0.14437906444072723,0.0
2459.0,2459.0,6.0,0.05790659785270691,5e-05,0.2979467511177063,0.0
2460.0,2460.0,6.0,0.057688526809215546,5e-05,0.21029222011566162,0.0
2461.0,2461.0,6.0,0.06151349097490311,5e-05,0.32884106040000916,0.0
2462.0,2462.0,6.0,0.06277844309806824,5e-05,0.16207268834114075,0.0
2463.0,2463.0,6.0,0.046852316707372665,5e-05,0.3171590566635132,0.0
2464.0,2464.0,6.0,0.0688210278749466,5e-05,0.178017258644104,0.0
2465.0,2465.0,6.0,0.05951130390167236,5e-05,0.2582077980041504,0.0
2466.0,2466.0,6.0,0.06848140060901642,5e-05,0.2122432440519333,0.0
2467.0,2467.0,6.0,0.0625755563378334,5e-05,0.19196422398090363,0.0
2468.0,2468.0,6.0,0.06817946583032608,5e-05,0.2768925130367279,0.0
2469.0,2469.0,6.0,0.06827744096517563,5e-05,0.23443689942359924,0.0
2470.0,2470.0,6.0,0.0602765828371048,5e-05,0.327182799577713,0.0
2471.0,2471.0,6.0,0.07490271329879761,5e-05,0.19396887719631195,0.0
2472.0,2472.0,6.0,0.06097525358200073,5e-05,0.32563984394073486,0.0
2473.0,2473.0,6.0,0.05790911614894867,5e-05,0.17698697745800018,0.0
2474.0,2474.0,6.0,0.06799574196338654,5e-05,0.2513640522956848,0.0
2475.0,2475.0,6.0,0.04907562956213951,5e-05,0.2712211608886719,0.0
2476.0,2476.0,6.0,0.061819955706596375,5e-05,0.33996322751045227,0.0
2477.0,2477.0,6.0,0.06311710178852081,5e-05,0.30618080496788025,0.0
2478.0,2478.0,6.0,0.05800214409828186,5e-05,0.15502257645130157,0.0
2479.0,2479.0,6.0,0.05480708181858063,5e-05,0.36663341522216797,0.0
2480.0,2480.0,6.0,0.06365159898996353,5e-05,0.24503007531166077,0.0
2481.0,2481.0,6.0,0.059283412992954254,5e-05,0.3738427460193634,0.0
2482.0,2482.0,6.0,0.06104402616620064,5e-05,0.20868486166000366,0.0
2483.0,2483.0,6.0,0.06521721184253693,5e-05,0.2531699538230896,0.0
2484.0,2484.0,6.0,0.0561639778316021,5e-05,0.36643314361572266,0.0
2485.0,2485.0,6.0,0.06443992257118225,5e-05,0.16609986126422882,0.0
2486.0,2486.0,6.0,0.07132243365049362,5e-05,0.29832836985588074,0.0
2487.0,2487.0,6.0,0.06083453446626663,5e-05,0.31610339879989624,0.0
2488.0,2488.0,6.0,0.06697095185518265,5e-05,0.2043483406305313,0.0
2489.0,2489.0,6.0,0.05612669885158539,5e-05,0.3800866901874542,0.0
2490.0,2490.0,6.0,0.05542638897895813,5e-05,0.20511120557785034,0.0
2491.0,2491.0,6.0,0.06218923255801201,5e-05,0.3660995662212372,0.0
2492.0,2492.0,6.0,0.06159725785255432,5e-05,0.2776632010936737,0.0
2493.0,2493.0,6.0,0.0630129799246788,5e-05,0.2729623317718506,0.0
2494.0,2494.0,6.0,0.07295511662960052,5e-05,0.33422979712486267,0.0
2495.0,2495.0,6.0,0.06642451882362366,5e-05,0.19790467619895935,0.0
2496.0,2496.0,6.0,0.05552944168448448,5e-05,0.2908519506454468,0.0
2497.0,2497.0,6.0,0.06131691858172417,5e-05,0.2874096930027008,0.0
2498.0,2498.0,6.0,0.0793725922703743,5e-05,0.15607349574565887,0.0
2499.0,2499.0,6.0,0.05306749790906906,5e-05,0.31112921237945557,0.0
2500.0,2500.0,6.0,0.06981422007083893,5e-05,0.22530892491340637,0.0
2501.0,2501.0,6.0,0.0627317726612091,5e-05,0.2846927344799042,0.0
2502.0,2502.0,6.0,0.06919321417808533,5e-05,0.3576468229293823,0.0
2503.0,2503.0,6.0,0.06631168723106384,5e-05,0.25333958864212036,0.0
2504.0,2504.0,6.0,0.046110253781080246,5e-05,0.3628281056880951,0.0
2505.0,2505.0,6.0,0.056284599006175995,5e-05,0.18501849472522736,0.0
2506.0,2506.0,6.0,0.07953713089227676,5e-05,0.3538462817668915,0.0
2507.0,2507.0,6.0,0.07749775052070618,5e-05,0.27377355098724365,0.0
2508.0,2508.0,6.0,0.05629367381334305,5e-05,0.26604920625686646,0.0
2509.0,2509.0,6.0,0.05299857258796692,5e-05,0.291543573141098,0.0
2510.0,2510.0,6.0,0.05745723098516464,5e-05,0.2058095633983612,0.0
2511.0,2511.0,6.0,0.0668506994843483,5e-05,0.30502229928970337,0.0
2512.0,2512.0,6.0,0.07436202466487885,5e-05,0.27925539016723633,0.0
2513.0,2513.0,6.0,0.05690493807196617,5e-05,0.2704664170742035,0.0
2514.0,2514.0,6.0,0.06501610577106476,5e-05,0.2880449891090393,0.0
2515.0,2515.0,6.0,0.06776109337806702,5e-05,0.24048544466495514,0.0
2516.0,2516.0,6.0,0.04936159774661064,5e-05,0.2972675561904907,0.0
2517.0,2517.0,6.0,0.07010382413864136,5e-05,0.1909555196762085,0.0
2518.0,2518.0,6.0,0.056559376418590546,5e-05,0.2538365125656128,0.0
2519.0,2519.0,6.0,0.05793934687972069,5e-05,0.19935117661952972,0.0
2520.0,2520.0,6.0,0.06748262792825699,5e-05,0.2035582959651947,0.0
2521.0,2521.0,6.0,0.07145584374666214,5e-05,0.2630108892917633,0.0
2522.0,2522.0,6.0,0.07320094853639603,5e-05,0.19061782956123352,0.0
2523.0,2523.0,6.0,0.05952910706400871,5e-05,0.18622389435768127,0.0
2524.0,2524.0,6.0,0.06610342115163803,5e-05,0.23449301719665527,0.0
2525.0,2525.0,6.0,0.06589174270629883,5e-05,0.15789669752120972,0.0
2526.0,2526.0,6.0,0.05942659080028534,5e-05,0.27591806650161743,0.0
2527.0,2527.0,6.0,0.060435950756073,5e-05,0.20101799070835114,0.0
2528.0,2528.0,6.0,0.04801000654697418,5e-05,0.16802462935447693,0.0
2529.0,2529.0,6.0,0.06862042844295502,5e-05,0.20844848453998566,0.0
2530.0,2530.0,6.0,0.06625199317932129,5e-05,0.20192405581474304,0.0
2531.0,2531.0,6.0,0.06139745935797691,5e-05,0.18649478256702423,0.0
2532.0,2532.0,6.0,0.07381495833396912,5e-05,0.20125891268253326,0.0
2533.0,2533.0,6.0,0.06914864480495453,5e-05,0.173859640955925,0.0
2534.0,2534.0,6.0,0.054096728563308716,5e-05,0.16876937448978424,0.0
2535.0,2535.0,6.0,0.05993764102458954,5e-05,0.2721104025840759,0.0
2536.0,2536.0,6.0,0.06148874759674072,5e-05,0.16749367117881775,0.0
2537.0,2537.0,6.0,0.0648011565208435,5e-05,0.3156568109989166,0.0
2538.0,2538.0,6.0,0.05939050018787384,5e-05,0.22814565896987915,0.0
2539.0,2539.0,6.0,0.0777246356010437,5e-05,0.21143470704555511,0.0
2540.0,2540.0,6.0,0.0747353807091713,5e-05,0.31691446900367737,0.0
2541.0,2541.0,6.0,0.046625860035419464,5e-05,0.12949325144290924,0.0
2542.0,2542.0,6.0,0.06478358060121536,5e-05,0.2689304053783417,0.0
2543.0,2543.0,6.0,0.05626215785741806,5e-05,0.18779268860816956,0.0
2544.0,2544.0,6.0,0.045878589153289795,5e-05,0.23037604987621307,0.0
2545.0,2545.0,6.0,0.059238534420728683,5e-05,0.18898768723011017,0.0
2546.0,2546.0,6.0,0.06129767745733261,5e-05,0.34842222929000854,0.0
2547.0,2547.0,6.0,0.05671647936105728,5e-05,0.2174483835697174,0.0
2548.0,2548.0,6.0,0.05786284804344177,5e-05,0.24459658563137054,0.0
2549.0,2549.0,6.0,0.06853991001844406,5e-05,0.25323840975761414,0.0
2550.0,2550.0,6.0,0.059369657188653946,5e-05,0.24871285259723663,0.0
2551.0,2551.0,6.0,0.05802048370242119,5e-05,0.290287584066391,0.0
2552.0,2552.0,6.0,0.05848897248506546,5e-05,0.19113123416900635,0.0
2553.0,2553.0,6.0,0.056311413645744324,5e-05,0.340056449174881,0.0
2554.0,2554.0,6.0,0.07851479947566986,5e-05,0.18226799368858337,0.0
2555.0,2555.0,6.0,0.07211459428071976,5e-05,0.3537440896034241,0.0
2556.0,2556.0,6.0,0.06420650333166122,5e-05,0.30934709310531616,0.0
2557.0,2557.0,6.0,0.0606108196079731,5e-05,0.25518766045570374,0.0
2558.0,2558.0,6.0,0.07740499079227448,5e-05,0.369083970785141,0.0
2559.0,2559.0,6.0,0.08859458565711975,5e-05,0.21288110315799713,0.0
2560.0,2560.0,6.0,0.06906519830226898,5e-05,0.3117702901363373,0.0
2561.0,2561.0,6.0,0.06767541170120239,5e-05,0.24031217396259308,0.0
2562.0,2562.0,6.0,0.06100478768348694,5e-05,0.22339022159576416,0.0
2563.0,2563.0,6.0,0.055907391011714935,5e-05,0.2737372815608978,0.0
2564.0,2564.0,6.0,0.04898964613676071,5e-05,0.22307628393173218,0.0
2565.0,2565.0,6.0,0.06262156367301941,5e-05,0.19197630882263184,0.0
2566.0,2566.0,6.0,0.06085539609193802,5e-05,0.33629339933395386,0.0
2567.0,2567.0,6.0,0.06584912538528442,5e-05,0.17209206521511078,0.0
2568.0,2568.0,6.0,0.06825784593820572,5e-05,0.292744517326355,0.0
2569.0,2569.0,6.0,0.06140460446476936,5e-05,0.1762339323759079,0.0
2570.0,2570.0,6.0,0.0633455142378807,5e-05,0.24578043818473816,0.0
2571.0,2571.0,6.0,0.061931051313877106,5e-05,0.16396284103393555,0.0
2572.0,2572.0,6.0,0.051092877984046936,5e-05,0.194044291973114,0.0
2573.0,2573.0,6.0,0.05999176204204559,5e-05,0.2227952480316162,0.0
2574.0,2574.0,6.0,0.056912198662757874,5e-05,0.21721325814723969,0.0
2575.0,2575.0,6.0,0.06646991521120071,5e-05,0.20731811225414276,0.0
2576.0,2576.0,6.0,0.06456630676984787,5e-05,0.2832266092300415,0.0
2577.0,2577.0,6.0,0.0689234659075737,5e-05,0.20442263782024384,0.0
2578.0,2578.0,6.0,0.08278478682041168,5e-05,0.2104872465133667,0.0
2579.0,2579.0,6.0,0.05500273033976555,5e-05,0.2317933291196823,0.0
2580.0,2580.0,6.0,0.06165772303938866,5e-05,0.12039908766746521,0.0
2581.0,2581.0,6.0,0.06544535607099533,5e-05,0.22526364028453827,0.0
2582.0,2582.0,6.0,0.06934989243745804,5e-05,0.15551945567131042,0.0
2583.0,2583.0,6.0,0.06395389884710312,5e-05,0.1407942771911621,0.0
2584.0,2584.0,6.0,0.06435801088809967,5e-05,0.2153342068195343,0.0
2585.0,2585.0,6.0,0.051390163600444794,5e-05,0.17732979357242584,0.0
2586.0,2586.0,6.0,0.06136881932616234,5e-05,0.1750192791223526,0.0
2587.0,2587.0,6.0,0.06180393695831299,5e-05,0.195288747549057,0.0
2588.0,2588.0,6.0,0.05979647487401962,5e-05,0.16791866719722748,0.0
2589.0,2589.0,6.0,0.06544436514377594,5e-05,0.15494109690189362,0.0
2590.0,2590.0,6.0,0.06595037877559662,5e-05,0.19495061039924622,0.0
2591.0,2591.0,6.0,0.058389510959386826,5e-05,0.21518538892269135,0.0
2592.0,2592.0,6.0,0.05928168445825577,5e-05,0.2050602287054062,0.0
2593.0,2593.0,6.0,0.06075388193130493,5e-05,0.23492352664470673,0.0
2594.0,2594.0,6.0,0.05203012377023697,5e-05,0.2247527688741684,0.0
2595.0,2595.0,6.0,0.05491131544113159,5e-05,0.23290108144283295,0.0
2596.0,2596.0,6.0,0.05379101634025574,5e-05,0.2937169075012207,0.0
2597.0,2597.0,6.0,0.04764573648571968,5e-05,0.21807129681110382,0.0
2598.0,2598.0,6.0,0.05590994656085968,5e-05,0.23149940371513367,0.0
2599.0,2599.0,6.0,0.05933031439781189,5e-05,0.16696062684059143,0.0
2600.0,2600.0,6.0,0.07979561388492584,5e-05,0.34296464920043945,0.0
2601.0,2601.0,6.0,0.05852661281824112,5e-05,0.1892218291759491,0.0
2602.0,2602.0,6.0,0.07811861485242844,5e-05,0.22690097987651825,0.0
2603.0,2603.0,6.0,0.06066524237394333,5e-05,0.14385809004306793,0.0
2604.0,2604.0,6.0,0.07334602624177933,5e-05,0.26022687554359436,0.0
2605.0,2605.0,6.0,0.05658872798085213,5e-05,0.13908810913562775,0.0
2606.0,2606.0,6.0,0.07182338833808899,5e-05,0.21007128059864044,0.0
2607.0,2607.0,6.0,0.06580023467540741,5e-05,0.19037212431430817,0.0
2608.0,2608.0,6.0,0.06201202794909477,5e-05,0.20266640186309814,0.0
2609.0,2609.0,6.0,0.0541645810008049,5e-05,0.18908488750457764,0.0
2610.0,2610.0,6.0,0.07984347641468048,5e-05,0.27048206329345703,0.0
2611.0,2611.0,6.0,0.06295673549175262,5e-05,0.21625381708145142,0.0
2612.0,2612.0,6.0,0.06996917724609375,5e-05,0.24715106189250946,0.0
2613.0,2613.0,6.0,0.062475476413965225,5e-05,0.2701006531715393,0.0
2614.0,2614.0,6.0,0.07123914361000061,5e-05,0.20616699755191803,0.0
2615.0,2615.0,6.0,0.056899361312389374,5e-05,0.23527482151985168,0.0
2616.0,2616.0,6.0,0.06319402158260345,5e-05,0.19710710644721985,0.0
2617.0,2617.0,6.0,0.0771205946803093,5e-05,0.29368314146995544,0.0
2618.0,2618.0,6.0,0.05689723417162895,5e-05,0.22252486646175385,0.0
2619.0,2619.0,6.0,0.07752647250890732,5e-05,0.30559247732162476,0.0
2620.0,2620.0,6.0,0.05944157764315605,5e-05,0.2670150697231293,0.0
2621.0,2621.0,6.0,0.06174556910991669,5e-05,0.22063861787319183,0.0
2622.0,2622.0,6.0,0.06203808635473251,5e-05,0.2010498344898224,0.0
2623.0,2623.0,6.0,0.052260011434555054,5e-05,0.22344498336315155,0.0
2624.0,2624.0,6.0,0.06771362572908401,5e-05,0.2446337640285492,0.0
2625.0,2625.0,6.0,0.06109483540058136,5e-05,0.2238563448190689,0.0
2626.0,2626.0,6.0,0.0645786002278328,5e-05,0.27899834513664246,0.0
2627.0,2627.0,6.0,0.05441902577877045,5e-05,0.26491543650627136,0.0
2628.0,2628.0,6.0,0.07246775925159454,5e-05,0.2365414798259735,0.0
2629.0,2629.0,6.0,0.05662175640463829,5e-05,0.17924655973911285,0.0
2630.0,2630.0,6.0,0.052243247628211975,5e-05,0.27034348249435425,0.0
2631.0,2631.0,6.0,0.06347252428531647,5e-05,0.19899244606494904,0.0
2632.0,2632.0,6.0,0.05738503485918045,5e-05,0.21477556228637695,0.0
2633.0,2633.0,6.0,0.04770369082689285,5e-05,0.30665698647499084,0.0
2634.0,2634.0,6.0,0.0693683922290802,5e-05,0.22062470018863678,0.0
2635.0,2635.0,6.0,0.06629107892513275,5e-05,0.3309548795223236,0.0
2636.0,2636.0,6.0,0.057844460010528564,5e-05,0.15233996510505676,0.0
2637.0,2637.0,6.0,0.06495022773742676,5e-05,0.3277783989906311,0.0
2638.0,2638.0,6.0,0.05750323832035065,5e-05,0.15272340178489685,0.0
2639.0,2639.0,6.0,0.07143083214759827,5e-05,0.24238398671150208,0.0
2640.0,2640.0,6.0,0.06520836800336838,5e-05,0.2246903032064438,0.0
2641.0,2641.0,6.0,0.06374876201152802,5e-05,0.24916398525238037,0.0
2642.0,2642.0,6.0,0.06756456941366196,5e-05,0.12900950014591217,0.0
2643.0,2643.0,6.0,0.07494622468948364,5e-05,0.17882756888866425,0.0
2644.0,2644.0,6.0,0.05127796530723572,5e-05,0.2154703289270401,0.0
2645.0,2645.0,6.0,0.053404778242111206,5e-05,0.20346637070178986,0.0
2646.0,2646.0,6.0,0.049734875559806824,5e-05,0.23410429060459137,0.0
2647.0,2647.0,6.0,0.0730314552783966,5e-05,0.22864574193954468,0.0
2648.0,2648.0,6.0,0.06255809962749481,5e-05,0.2702522277832031,0.0
2649.0,2649.0,6.0,0.05160372704267502,5e-05,0.2528412938117981,0.0
2650.0,2650.0,6.0,0.06491798162460327,5e-05,0.21720384061336517,0.0
2651.0,2651.0,6.0,0.04999127984046936,5e-05,0.2217402309179306,0.0
2652.0,2652.0,6.0,0.053473085165023804,5e-05,0.20843373239040375,0.0
2653.0,2653.0,6.0,0.05332714319229126,5e-05,0.16997097432613373,0.0
2654.0,2654.0,6.0,0.06109074503183365,5e-05,0.24588146805763245,0.0
2655.0,2655.0,6.0,0.053597524762153625,5e-05,0.24561947584152222,0.0
2656.0,2656.0,6.0,0.06223202869296074,5e-05,0.16547715663909912,0.0
2657.0,2657.0,6.0,0.05216238275170326,5e-05,0.25789156556129456,0.0
2658.0,2658.0,6.0,0.06328234076499939,5e-05,0.1936955749988556,0.0
2659.0,2659.0,6.0,0.06261281669139862,5e-05,0.32769012451171875,0.0
2660.0,2660.0,6.0,0.05768566206097603,5e-05,0.26467326283454895,0.0
2661.0,2661.0,6.0,0.04944690316915512,5e-05,0.2969546616077423,0.0
2662.0,2662.0,6.0,0.05282982438802719,5e-05,0.1858793944120407,0.0
2663.0,2663.0,6.0,0.061642132699489594,5e-05,0.3456827998161316,0.0
2664.0,2664.0,6.0,0.0669902041554451,5e-05,0.23751455545425415,0.0
2665.0,2665.0,6.0,0.0646001398563385,5e-05,0.28514453768730164,0.0
2666.0,2666.0,6.0,0.055640801787376404,5e-05,0.23353733122348785,0.0
2667.0,2667.0,6.0,0.07602956146001816,5e-05,0.293048232793808,0.0
2668.0,2668.0,6.0,0.05510246381163597,5e-05,0.2154700607061386,0.0
2669.0,2669.0,6.0,0.061926569789648056,5e-05,0.2943013608455658,0.0
2670.0,2670.0,6.0,0.0607382133603096,5e-05,0.27850618958473206,0.0
2671.0,2671.0,6.0,0.05554703623056412,5e-05,0.1815035343170166,0.0
2672.0,2672.0,6.0,0.06949082016944885,5e-05,0.32790958881378174,0.0
2673.0,2673.0,6.0,0.0645725429058075,5e-05,0.16473524272441864,0.0
2674.0,2674.0,6.0,0.06150741130113602,5e-05,0.3369936943054199,0.0
2675.0,2675.0,6.0,0.06767547130584717,5e-05,0.239533469080925,0.0
2676.0,2676.0,6.0,0.07378317415714264,5e-05,0.4092707931995392,0.0
2677.0,2677.0,6.0,0.061100203543901443,5e-05,0.17662383615970612,0.0
2678.0,2678.0,6.0,0.05794747918844223,5e-05,0.380331814289093,0.0
2679.0,2679.0,6.0,0.07773417234420776,5e-05,0.24493864178657532,0.0
2680.0,2680.0,6.0,0.05396997928619385,5e-05,0.3199595510959625,0.0
2681.0,2681.0,6.0,0.05760849267244339,5e-05,0.2109259068965912,0.0
2682.0,2682.0,6.0,0.06965997815132141,5e-05,0.23310112953186035,0.0
2683.0,2683.0,6.0,0.07391373068094254,5e-05,0.2588598132133484,0.0
2684.0,2684.0,6.0,0.06446235626935959,5e-05,0.24443921446800232,0.0
2685.0,2685.0,6.0,0.06633058935403824,5e-05,0.2211468517780304,0.0
2686.0,2686.0,6.0,0.054556913673877716,5e-05,0.17289632558822632,0.0
2687.0,2687.0,6.0,0.06664149463176727,5e-05,0.26195579767227173,0.0
2688.0,2688.0,6.0,0.06314092874526978,5e-05,0.1888350248336792,0.0
2689.0,2689.0,6.0,0.0639657974243164,5e-05,0.2289157658815384,0.0
2690.0,2690.0,6.0,0.058197081089019775,5e-05,0.21846987307071686,0.0
2691.0,2691.0,6.0,0.05356450378894806,5e-05,0.15135683119297028,0.0
2692.0,2692.0,6.0,0.0651119276881218,5e-05,0.18603776395320892,0.0
2693.0,2693.0,6.0,0.06232012063264847,5e-05,0.22329621016979218,0.0
2694.0,2694.0,6.0,0.05917986482381821,5e-05,0.16093096137046814,0.0
2695.0,2695.0,6.0,0.05930037796497345,5e-05,0.1789550632238388,0.0
2696.0,2696.0,6.0,0.06811697781085968,5e-05,0.22306804358959198,0.0
2697.0,2697.0,6.0,0.05694861710071564,5e-05,0.18242160975933075,0.0
2698.0,2698.0,6.0,0.060553789138793945,5e-05,0.16032670438289642,0.0
2699.0,2699.0,6.0,0.07388734817504883,5e-05,0.17645426094532013,0.0
2700.0,2700.0,6.0,0.06725141406059265,5e-05,0.14424793422222137,0.0
2701.0,2701.0,6.0,0.07900942862033844,5e-05,0.16925649344921112,0.0
2702.0,2702.0,6.0,0.05593252182006836,5e-05,0.114576056599617,0.0
2703.0,2703.0,6.0,0.054244354367256165,5e-05,0.13354605436325073,0.0
2704.0,2704.0,6.0,0.05791035294532776,5e-05,0.17114724218845367,0.0
2705.0,2705.0,6.0,0.0693620815873146,5e-05,0.15356901288032532,0.0
2706.0,2706.0,6.0,0.07027153670787811,5e-05,0.14277975261211395,0.0
2707.0,2707.0,6.0,0.07026006281375885,5e-05,0.15840566158294678,0.0
2708.0,2708.0,6.0,0.0580570250749588,5e-05,0.1547253429889679,0.0
2709.0,2709.0,6.0,0.0583418533205986,5e-05,0.2503153085708618,0.0
2710.0,2710.0,6.0,0.06251831352710724,5e-05,0.15825392305850983,0.0
2711.0,2711.0,6.0,0.0734405517578125,5e-05,0.21772907674312592,0.0
2712.0,2712.0,6.0,0.05355720967054367,5e-05,0.13461755216121674,0.0
2713.0,2713.0,6.0,0.06689190864562988,5e-05,0.186054527759552,0.0
2714.0,2714.0,6.0,0.05977008864283562,5e-05,0.17189134657382965,0.0
2715.0,2715.0,6.0,0.04800387844443321,5e-05,0.1334334909915924,0.0
2716.0,2716.0,6.0,0.07250165939331055,5e-05,0.2743995189666748,0.0
2717.0,2717.0,6.0,0.054140299558639526,5e-05,0.12842769920825958,0.0
2718.0,2718.0,6.0,0.048505526036024094,5e-05,0.18507340550422668,0.0
2719.0,2719.0,6.0,0.0717613473534584,5e-05,0.18400393426418304,0.0
2720.0,2720.0,6.0,0.06708225607872009,5e-05,0.1883658766746521,0.0
2721.0,2721.0,6.0,0.06242514029145241,5e-05,0.15400491654872894,0.0
2722.0,2722.0,6.0,0.06582355499267578,5e-05,0.1670585721731186,0.0
2723.0,2723.0,6.0,0.06189276650547981,5e-05,0.16194340586662292,0.0
2724.0,2724.0,6.0,0.07760781049728394,5e-05,0.1438869684934616,0.0
2725.0,2725.0,6.0,0.04943910986185074,5e-05,0.12903840839862823,0.0
2726.0,2726.0,6.0,0.06746448576450348,5e-05,0.2007955014705658,0.0
2727.0,2727.0,6.0,0.0625823363661766,5e-05,0.21392591297626495,0.0
2728.0,2728.0,6.0,0.06308875977993011,5e-05,0.24598932266235352,0.0
2729.0,2729.0,6.0,0.06104183942079544,5e-05,0.22646336257457733,0.0
2730.0,2730.0,6.0,0.056792329996824265,5e-05,0.27156955003738403,0.0
2731.0,2731.0,7.0,0.06383246928453445,5e-05,0.1746245175600052,0.0
2732.0,2732.0,7.0,0.0691104531288147,5e-05,0.21643668413162231,0.0
2733.0,2733.0,7.0,0.06390582025051117,5e-05,0.20602156221866608,0.0
2734.0,2734.0,7.0,0.07461437582969666,5e-05,0.1984051614999771,0.0
2735.0,2735.0,7.0,0.06741684675216675,5e-05,0.19462592899799347,0.0
2736.0,2736.0,7.0,0.06331033259630203,5e-05,0.20940549671649933,0.0
2737.0,2737.0,7.0,0.05754949897527695,5e-05,0.1185339018702507,0.0
2738.0,2738.0,7.0,0.07180529832839966,5e-05,0.23502525687217712,0.0
2739.0,2739.0,7.0,0.06358267366886139,5e-05,0.21661585569381714,0.0
2740.0,2740.0,7.0,0.05562661588191986,5e-05,0.22341996431350708,0.0
2741.0,2741.0,7.0,0.07019299268722534,5e-05,0.24060186743736267,0.0
2742.0,2742.0,7.0,0.058358460664749146,5e-05,0.23498304188251495,0.0
2743.0,2743.0,7.0,0.04957280308008194,5e-05,0.17474396526813507,0.0
2744.0,2744.0,7.0,0.07414256036281586,5e-05,0.295833557844162,0.0
2745.0,2745.0,7.0,0.05631022900342941,5e-05,0.23828668892383575,0.0
2746.0,2746.0,7.0,0.07469961792230606,5e-05,0.1943112313747406,0.0
2747.0,2747.0,7.0,0.059508711099624634,5e-05,0.27842792868614197,0.0
2748.0,2748.0,7.0,0.057941410690546036,5e-05,0.23723506927490234,0.0
2749.0,2749.0,7.0,0.049427710473537445,5e-05,0.1554424911737442,0.0
2750.0,2750.0,7.0,0.08028066158294678,5e-05,0.31618452072143555,0.0
2751.0,2751.0,7.0,0.06288255006074905,5e-05,0.20372314751148224,0.0
2752.0,2752.0,7.0,0.06145714223384857,5e-05,0.22934548556804657,0.0
2753.0,2753.0,7.0,0.06677211821079254,5e-05,0.24522288143634796,0.0
2754.0,2754.0,7.0,0.06669580191373825,5e-05,0.21547512710094452,0.0
2755.0,2755.0,7.0,0.05365779995918274,5e-05,0.2818932831287384,0.0
2756.0,2756.0,7.0,0.05394688993692398,5e-05,0.2681584656238556,0.0
2757.0,2757.0,7.0,0.05474239960312843,5e-05,0.29498469829559326,0.0
2758.0,2758.0,7.0,0.0625193789601326,5e-05,0.29248377680778503,0.0
2759.0,2759.0,7.0,0.06467419862747192,5e-05,0.2752523124217987,0.0
2760.0,2760.0,7.0,0.06289511173963547,5e-05,0.2652004659175873,0.0
2761.0,2761.0,7.0,0.058370597660541534,5e-05,0.20514272153377533,0.0
2762.0,2762.0,7.0,0.0712725818157196,5e-05,0.3539182245731354,0.0
2763.0,2763.0,7.0,0.07163230329751968,5e-05,0.17529432475566864,0.0
2764.0,2764.0,7.0,0.05636969208717346,5e-05,0.3446168899536133,0.0
2765.0,2765.0,7.0,0.053246624767780304,5e-05,0.18484164774417877,0.0
2766.0,2766.0,7.0,0.05797257274389267,5e-05,0.28406408429145813,0.0
2767.0,2767.0,7.0,0.06207604706287384,5e-05,0.1709795445203781,0.0
2768.0,2768.0,7.0,0.07388480007648468,5e-05,0.22038649022579193,0.0
2769.0,2769.0,7.0,0.05582287535071373,5e-05,0.18042974174022675,0.0
2770.0,2770.0,7.0,0.0685477927327156,5e-05,0.17211337387561798,0.0
2771.0,2771.0,7.0,0.06421445310115814,5e-05,0.24096845090389252,0.0
2772.0,2772.0,7.0,0.0741119533777237,5e-05,0.19198091328144073,0.0
2773.0,2773.0,7.0,0.07534489035606384,5e-05,0.2673104405403137,0.0
2774.0,2774.0,7.0,0.05469321459531784,5e-05,0.11808250099420547,0.0
2775.0,2775.0,7.0,0.06082094833254814,5e-05,0.22231784462928772,0.0
2776.0,2776.0,7.0,0.06407203525304794,5e-05,0.2305956780910492,0.0
2777.0,2777.0,7.0,0.073512002825737,5e-05,0.32515159249305725,0.0
2778.0,2778.0,7.0,0.06024070829153061,5e-05,0.19973328709602356,0.0
2779.0,2779.0,7.0,0.05091286450624466,5e-05,0.32074424624443054,0.0
2780.0,2780.0,7.0,0.04844173043966293,5e-05,0.17674145102500916,0.0
2781.0,2781.0,7.0,0.06618265807628632,5e-05,0.3004981577396393,0.0
2782.0,2782.0,7.0,0.0543375089764595,5e-05,0.19887657463550568,0.0
2783.0,2783.0,7.0,0.07006076723337173,5e-05,0.1660374402999878,0.0
2784.0,2784.0,7.0,0.06397594511508942,5e-05,0.27079352736473083,0.0
2785.0,2785.0,7.0,0.06823866069316864,5e-05,0.16105318069458008,0.0
2786.0,2786.0,7.0,0.058934640139341354,5e-05,0.22208817303180695,0.0
2787.0,2787.0,7.0,0.0565183162689209,5e-05,0.1540384292602539,0.0
2788.0,2788.0,7.0,0.05940844118595123,5e-05,0.23405656218528748,0.0
2789.0,2789.0,7.0,0.06706524640321732,5e-05,0.13865481317043304,0.0
2790.0,2790.0,7.0,0.0521734245121479,5e-05,0.16308711469173431,0.0
2791.0,2791.0,7.0,0.05008760839700699,5e-05,0.15369565784931183,0.0
2792.0,2792.0,7.0,0.06247281655669212,5e-05,0.1871946007013321,0.0
2793.0,2793.0,7.0,0.07085723429918289,5e-05,0.1783829629421234,0.0
2794.0,2794.0,7.0,0.06461336463689804,5e-05,0.18861551582813263,0.0
2795.0,2795.0,7.0,0.05459997057914734,5e-05,0.17106007039546967,0.0
2796.0,2796.0,7.0,0.06147005409002304,5e-05,0.16579768061637878,0.0
2797.0,2797.0,7.0,0.05951114743947983,5e-05,0.18363940715789795,0.0
2798.0,2798.0,7.0,0.058722250163555145,5e-05,0.13926059007644653,0.0
2799.0,2799.0,7.0,0.04972001165151596,5e-05,0.20375096797943115,0.0
2800.0,2800.0,7.0,0.06141819804906845,5e-05,0.20585213601589203,0.0
2801.0,2801.0,7.0,0.08134524524211884,5e-05,0.14327669143676758,0.0
2802.0,2802.0,7.0,0.05558262765407562,5e-05,0.2252906858921051,0.0
2803.0,2803.0,7.0,0.06182309240102768,5e-05,0.16306965053081512,0.0
2804.0,2804.0,7.0,0.06284159421920776,5e-05,0.18028365075588226,0.0
2805.0,2805.0,7.0,0.07064113765954971,5e-05,0.24112282693386078,0.0
2806.0,2806.0,7.0,0.07993309199810028,5e-05,0.1907401829957962,0.0
2807.0,2807.0,7.0,0.06706394255161285,5e-05,0.21203505992889404,0.0
2808.0,2808.0,7.0,0.04827120527625084,5e-05,0.1771591305732727,0.0
2809.0,2809.0,7.0,0.05204642936587334,5e-05,0.28320732712745667,0.0
2810.0,2810.0,7.0,0.06169561296701431,5e-05,0.13547900319099426,0.0
2811.0,2811.0,7.0,0.0687498152256012,5e-05,0.28686007857322693,0.0
2812.0,2812.0,7.0,0.05345402657985687,5e-05,0.1651737242937088,0.0
2813.0,2813.0,7.0,0.05750440061092377,5e-05,0.20871803164482117,0.0
2814.0,2814.0,7.0,0.04707114398479462,5e-05,0.12951071560382843,0.0
2815.0,2815.0,7.0,0.05480562150478363,5e-05,0.14197136461734772,0.0
2816.0,2816.0,7.0,0.06793245673179626,5e-05,0.15287508070468903,0.0
2817.0,2817.0,7.0,0.0591815784573555,5e-05,0.17638929188251495,0.0
2818.0,2818.0,7.0,0.06546898186206818,5e-05,0.16417278349399567,0.0
2819.0,2819.0,7.0,0.04992086440324783,5e-05,0.19875599443912506,0.0
2820.0,2820.0,7.0,0.06997373700141907,5e-05,0.23737232387065887,0.0
2821.0,2821.0,7.0,0.06671187281608582,5e-05,0.1926763951778412,0.0
2822.0,2822.0,7.0,0.0703635960817337,5e-05,0.1982947289943695,0.0
2823.0,2823.0,7.0,0.05848378688097,5e-05,0.2302568107843399,0.0
2824.0,2824.0,7.0,0.054516784846782684,5e-05,0.27745938301086426,0.0
2825.0,2825.0,7.0,0.06193186342716217,5e-05,0.18304575979709625,0.0
2826.0,2826.0,7.0,0.060257647186517715,5e-05,0.2608526647090912,0.0
2827.0,2827.0,7.0,0.0555742122232914,5e-05,0.16822455823421478,0.0
2828.0,2828.0,7.0,0.06508959829807281,5e-05,0.26483115553855896,0.0
2829.0,2829.0,7.0,0.05127623677253723,5e-05,0.176717609167099,0.0
2830.0,2830.0,7.0,0.05527514964342117,5e-05,0.29773038625717163,0.0
2831.0,2831.0,7.0,0.07012103497982025,5e-05,0.19937948882579803,0.0
2832.0,2832.0,7.0,0.06068052724003792,5e-05,0.30636197328567505,0.0
2833.0,2833.0,7.0,0.09068041294813156,5e-05,0.2015119343996048,0.0
2834.0,2834.0,7.0,0.06295065581798553,5e-05,0.31674301624298096,0.0
2835.0,2835.0,7.0,0.0628742128610611,5e-05,0.19364511966705322,0.0
2836.0,2836.0,7.0,0.0642700344324112,5e-05,0.29086726903915405,0.0
2837.0,2837.0,7.0,0.05304160714149475,5e-05,0.23216699063777924,0.0
2838.0,2838.0,7.0,0.06044255569577217,5e-05,0.24130290746688843,0.0
2839.0,2839.0,7.0,0.06754410266876221,5e-05,0.19041438400745392,0.0
2840.0,2840.0,7.0,0.07312001287937164,5e-05,0.20048192143440247,0.0
2841.0,2841.0,7.0,0.06350117921829224,5e-05,0.19563359022140503,0.0
2842.0,2842.0,7.0,0.05907881259918213,5e-05,0.1449866145849228,0.0
2843.0,2843.0,7.0,0.06568364053964615,5e-05,0.21143673360347748,0.0
2844.0,2844.0,7.0,0.05663719400763512,5e-05,0.1305418163537979,0.0
2845.0,2845.0,7.0,0.06415478885173798,5e-05,0.18909239768981934,0.0
2846.0,2846.0,7.0,0.05998427793383598,5e-05,0.11803744733333588,0.0
2847.0,2847.0,7.0,0.0666114091873169,5e-05,0.1770772486925125,0.0
2848.0,2848.0,7.0,0.07604129612445831,5e-05,0.16756777465343475,0.0
2849.0,2849.0,7.0,0.052366703748703,5e-05,0.11442591995000839,0.0
2850.0,2850.0,7.0,0.06862229108810425,5e-05,0.18284863233566284,0.0
2851.0,2851.0,7.0,0.07707081735134125,5e-05,0.15598061680793762,0.0
2852.0,2852.0,7.0,0.051552146673202515,5e-05,0.18923771381378174,0.0
2853.0,2853.0,7.0,0.049908511340618134,5e-05,0.13916918635368347,0.0
2854.0,2854.0,7.0,0.07460527122020721,5e-05,0.2698427736759186,0.0
2855.0,2855.0,7.0,0.06247083470225334,5e-05,0.1606127768754959,0.0
2856.0,2856.0,7.0,0.06903770565986633,5e-05,0.29200857877731323,0.0
2857.0,2857.0,7.0,0.057877302169799805,5e-05,0.13984021544456482,0.0
2858.0,2858.0,7.0,0.07489670068025589,5e-05,0.31404203176498413,0.0
2859.0,2859.0,7.0,0.06918613612651825,5e-05,0.1611243635416031,0.0
2860.0,2860.0,7.0,0.0566069670021534,5e-05,0.2264009714126587,0.0
2861.0,2861.0,7.0,0.0605691634118557,5e-05,0.19908525049686432,0.0
2862.0,2862.0,7.0,0.07238978147506714,5e-05,0.28180593252182007,0.0
2863.0,2863.0,7.0,0.058174651116132736,5e-05,0.13149501383304596,0.0
2864.0,2864.0,7.0,0.06988116353750229,5e-05,0.19501151144504547,0.0
2865.0,2865.0,7.0,0.06152617931365967,5e-05,0.2359381914138794,0.0
2866.0,2866.0,7.0,0.057842008769512177,5e-05,0.18666020035743713,0.0
2867.0,2867.0,7.0,0.04537473991513252,5e-05,0.19823765754699707,0.0
2868.0,2868.0,7.0,0.04858297109603882,5e-05,0.2096567451953888,0.0
2869.0,2869.0,7.0,0.056279342621564865,5e-05,0.22142645716667175,0.0
2870.0,2870.0,7.0,0.061130814254283905,5e-05,0.14745496213436127,0.0
2871.0,2871.0,7.0,0.06322886794805527,5e-05,0.31983739137649536,0.0
2872.0,2872.0,7.0,0.047917671501636505,5e-05,0.25293853878974915,0.0
2873.0,2873.0,7.0,0.06394729763269424,5e-05,0.32568031549453735,0.0
2874.0,2874.0,7.0,0.06611427664756775,5e-05,0.25605159997940063,0.0
2875.0,2875.0,7.0,0.07137911021709442,5e-05,0.34132176637649536,0.0
2876.0,2876.0,7.0,0.06827056407928467,5e-05,0.30556005239486694,0.0
2877.0,2877.0,7.0,0.05898814648389816,5e-05,0.3242416977882385,0.0
2878.0,2878.0,7.0,0.0515684075653553,5e-05,0.3209899663925171,0.0
2879.0,2879.0,7.0,0.06522005796432495,5e-05,0.2838696837425232,0.0
2880.0,2880.0,7.0,0.06527991592884064,5e-05,0.25656449794769287,0.0
2881.0,2881.0,7.0,0.07245390862226486,5e-05,0.34265559911727905,0.0
2882.0,2882.0,7.0,0.06372129917144775,5e-05,0.1815824955701828,0.0
2883.0,2883.0,7.0,0.0661516860127449,5e-05,0.36559683084487915,0.0
2884.0,2884.0,7.0,0.05658029764890671,5e-05,0.1246727705001831,0.0
2885.0,2885.0,7.0,0.0457259863615036,5e-05,0.34421131014823914,0.0
2886.0,2886.0,7.0,0.053194351494312286,5e-05,0.18315143883228302,0.0
2887.0,2887.0,7.0,0.0777500793337822,5e-05,0.25711044669151306,0.0
2888.0,2888.0,7.0,0.059240467846393585,5e-05,0.19718588888645172,0.0
2889.0,2889.0,7.0,0.07275328040122986,5e-05,0.21644385159015656,0.0
2890.0,2890.0,7.0,0.0717858225107193,5e-05,0.2457309067249298,0.0
2891.0,2891.0,7.0,0.0547456219792366,5e-05,0.16410526633262634,0.0
2892.0,2892.0,7.0,0.07366446405649185,5e-05,0.27375802397727966,0.0
2893.0,2893.0,7.0,0.06526611745357513,5e-05,0.22752350568771362,0.0
2894.0,2894.0,7.0,0.06173519790172577,5e-05,0.24411971867084503,0.0
2895.0,2895.0,7.0,0.06823305785655975,5e-05,0.2923858165740967,0.0
2896.0,2896.0,7.0,0.06697233766317368,5e-05,0.21228565275669098,0.0
2897.0,2897.0,7.0,0.0774722695350647,5e-05,0.276421457529068,0.0
2898.0,2898.0,7.0,0.0574289932847023,5e-05,0.2658572494983673,0.0
2899.0,2899.0,7.0,0.049952149391174316,5e-05,0.20202316343784332,0.0
2900.0,2900.0,7.0,0.06345167756080627,5e-05,0.24943390488624573,0.0
2901.0,2901.0,7.0,0.05948925390839577,5e-05,0.297457218170166,0.0
2902.0,2902.0,7.0,0.055181071162223816,5e-05,0.23965726792812347,0.0
2903.0,2903.0,7.0,0.06455772370100021,5e-05,0.3559308350086212,0.0
2904.0,2904.0,7.0,0.06163632124662399,5e-05,0.11929544806480408,0.0
2905.0,2905.0,7.0,0.06362821161746979,5e-05,0.37352168560028076,0.0
2906.0,2906.0,7.0,0.05450708419084549,5e-05,0.15683278441429138,0.0
2907.0,2907.0,7.0,0.0594998337328434,5e-05,0.2562107741832733,0.0
2908.0,2908.0,7.0,0.07693523168563843,5e-05,0.26688218116760254,0.0
2909.0,2909.0,7.0,0.060015588998794556,5e-05,0.26129433512687683,0.0
2910.0,2910.0,7.0,0.06039056181907654,5e-05,0.24158698320388794,0.0
2911.0,2911.0,7.0,0.07096760720014572,5e-05,0.22169415652751923,0.0
2912.0,2912.0,7.0,0.05381329357624054,5e-05,0.3319688141345978,0.0
2913.0,2913.0,7.0,0.06196047365665436,5e-05,0.250746488571167,0.0
2914.0,2914.0,7.0,0.05881398916244507,5e-05,0.2419785112142563,0.0
2915.0,2915.0,7.0,0.06509821861982346,5e-05,0.34381818771362305,0.0
2916.0,2916.0,7.0,0.06354446709156036,5e-05,0.16855081915855408,0.0
2917.0,2917.0,7.0,0.06939645856618881,5e-05,0.3076455593109131,0.0
2918.0,2918.0,7.0,0.05784907937049866,5e-05,0.2095101922750473,0.0
2919.0,2919.0,7.0,0.06328436732292175,5e-05,0.16850963234901428,0.0
2920.0,2920.0,7.0,0.070899099111557,5e-05,0.26571109890937805,0.0
2921.0,2921.0,7.0,0.0591384693980217,5e-05,0.1441497802734375,0.0
2922.0,2922.0,7.0,0.05938855931162834,5e-05,0.17884136736392975,0.0
2923.0,2923.0,7.0,0.050962094217538834,5e-05,0.21388640999794006,0.0
2924.0,2924.0,7.0,0.07830265909433365,5e-05,0.23992931842803955,0.0
2925.0,2925.0,7.0,0.0641278401017189,5e-05,0.27994680404663086,0.0
2926.0,2926.0,7.0,0.0774480551481247,5e-05,0.31615471839904785,0.0
2927.0,2927.0,7.0,0.06900415569543839,5e-05,0.19771017134189606,0.0
2928.0,2928.0,7.0,0.05181136354804039,5e-05,0.2798386514186859,0.0
2929.0,2929.0,7.0,0.056615572422742844,5e-05,0.20373675227165222,0.0
2930.0,2930.0,7.0,0.06967873126268387,5e-05,0.25707921385765076,0.0
2931.0,2931.0,7.0,0.052811890840530396,5e-05,0.2502754032611847,0.0
2932.0,2932.0,7.0,0.06324644386768341,5e-05,0.23213015496730804,0.0
2933.0,2933.0,7.0,0.06853467226028442,5e-05,0.29739755392074585,0.0
2934.0,2934.0,7.0,0.04821379482746124,5e-05,0.27486541867256165,0.0
2935.0,2935.0,7.0,0.04998016357421875,5e-05,0.1661517322063446,0.0
2936.0,2936.0,7.0,0.06186368688941002,5e-05,0.3857872784137726,0.0
2937.0,2937.0,7.0,0.05461147427558899,5e-05,0.20858265459537506,0.0
2938.0,2938.0,7.0,0.07299266755580902,5e-05,0.2971126139163971,0.0
2939.0,2939.0,7.0,0.052627116441726685,5e-05,0.33514919877052307,0.0
2940.0,2940.0,7.0,0.07922933995723724,5e-05,0.2034742683172226,0.0
2941.0,2941.0,7.0,0.0649944320321083,5e-05,0.3277932107448578,0.0
2942.0,2942.0,7.0,0.05771782994270325,5e-05,0.13630135357379913,0.0
2943.0,2943.0,7.0,0.057545680552721024,5e-05,0.2236693799495697,0.0
2944.0,2944.0,7.0,0.05448729544878006,5e-05,0.23395466804504395,0.0
2945.0,2945.0,7.0,0.05121060833334923,5e-05,0.12563523650169373,0.0
2946.0,2946.0,7.0,0.04687468707561493,5e-05,0.2823021411895752,0.0
2947.0,2947.0,7.0,0.06277797371149063,5e-05,0.18811117112636566,0.0
2948.0,2948.0,7.0,0.09312798082828522,5e-05,0.1803199201822281,0.0
2949.0,2949.0,7.0,0.054205603897571564,5e-05,0.22580508887767792,0.0
2950.0,2950.0,7.0,0.05696263909339905,5e-05,0.19286057353019714,0.0
2951.0,2951.0,7.0,0.0614505261182785,5e-05,0.18563348054885864,0.0
2952.0,2952.0,7.0,0.06625500321388245,5e-05,0.32983219623565674,0.0
2953.0,2953.0,7.0,0.07010781019926071,5e-05,0.2276115119457245,0.0
2954.0,2954.0,7.0,0.054559946060180664,5e-05,0.2558731436729431,0.0
2955.0,2955.0,7.0,0.059912025928497314,5e-05,0.27052435278892517,0.0
2956.0,2956.0,7.0,0.06579133868217468,5e-05,0.17784936726093292,0.0
2957.0,2957.0,7.0,0.06786800920963287,5e-05,0.32415375113487244,0.0
2958.0,2958.0,7.0,0.054881684482097626,5e-05,0.14615222811698914,0.0
2959.0,2959.0,7.0,0.05935687571763992,5e-05,0.24032890796661377,0.0
2960.0,2960.0,7.0,0.06741897761821747,5e-05,0.30133721232414246,0.0
2961.0,2961.0,7.0,0.06395970284938812,5e-05,0.17851749062538147,0.0
2962.0,2962.0,7.0,0.06749433279037476,5e-05,0.2771928012371063,0.0
2963.0,2963.0,7.0,0.07271808385848999,5e-05,0.1943226009607315,0.0
2964.0,2964.0,7.0,0.06124444305896759,5e-05,0.18612276017665863,0.0
2965.0,2965.0,7.0,0.053363583981990814,5e-05,0.17473745346069336,0.0
2966.0,2966.0,7.0,0.07820931077003479,5e-05,0.19095741212368011,0.0
2967.0,2967.0,7.0,0.06162715703248978,5e-05,0.16571347415447235,0.0
2968.0,2968.0,7.0,0.07955625653266907,5e-05,0.21876616775989532,0.0
2969.0,2969.0,7.0,0.052971746772527695,5e-05,0.16371119022369385,0.0
2970.0,2970.0,7.0,0.07445305585861206,5e-05,0.1996268630027771,0.0
2971.0,2971.0,7.0,0.06330983340740204,5e-05,0.22770728170871735,0.0
2972.0,2972.0,7.0,0.06323836743831635,5e-05,0.23847728967666626,0.0
2973.0,2973.0,7.0,0.06139156222343445,5e-05,0.21347171068191528,0.0
2974.0,2974.0,7.0,0.060560185462236404,5e-05,0.22478842735290527,0.0
2975.0,2975.0,7.0,0.05812244117259979,5e-05,0.24362781643867493,0.0
2976.0,2976.0,7.0,0.04810146242380142,5e-05,0.1693899929523468,0.0
2977.0,2977.0,7.0,0.07066146284341812,5e-05,0.2264719307422638,0.0
2978.0,2978.0,7.0,0.0773773342370987,5e-05,0.23578190803527832,0.0
2979.0,2979.0,7.0,0.06170133501291275,5e-05,0.22285743057727814,0.0
2980.0,2980.0,7.0,0.05436107888817787,5e-05,0.19158335030078888,0.0
2981.0,2981.0,7.0,0.060185305774211884,5e-05,0.2522246539592743,0.0
2982.0,2982.0,7.0,0.056175410747528076,5e-05,0.1523323655128479,0.0
2983.0,2983.0,7.0,0.07313711941242218,5e-05,0.26996129751205444,0.0
2984.0,2984.0,7.0,0.06186658889055252,5e-05,0.17944949865341187,0.0
2985.0,2985.0,7.0,0.0767161101102829,5e-05,0.2785033881664276,0.0
2986.0,2986.0,7.0,0.06166531890630722,5e-05,0.19926922023296356,0.0
2987.0,2987.0,7.0,0.06898204237222672,5e-05,0.2044341266155243,0.0
2988.0,2988.0,7.0,0.05785480886697769,5e-05,0.20406591892242432,0.0
2989.0,2989.0,7.0,0.06644730269908905,5e-05,0.2248927801847458,0.0
2990.0,2990.0,7.0,0.057748980820178986,5e-05,0.21067078411579132,0.0
2991.0,2991.0,7.0,0.05703159421682358,5e-05,0.26800477504730225,0.0
2992.0,2992.0,7.0,0.05376168712973595,5e-05,0.202389657497406,0.0
2993.0,2993.0,7.0,0.055303268134593964,5e-05,0.2178538292646408,0.0
2994.0,2994.0,7.0,0.06260152161121368,5e-05,0.17232438921928406,0.0
2995.0,2995.0,7.0,0.0634397640824318,5e-05,0.3197752833366394,0.0
2996.0,2996.0,7.0,0.07467865943908691,5e-05,0.1604311615228653,0.0
2997.0,2997.0,7.0,0.05246337503194809,5e-05,0.288129985332489,0.0
2998.0,2998.0,7.0,0.05667124688625336,5e-05,0.1999329924583435,0.0
2999.0,2999.0,7.0,0.052395328879356384,5e-05,0.24178773164749146,0.0
3000.0,3000.0,7.0,0.07140283286571503,5e-05,0.1744268834590912,0.0
3001.0,3001.0,7.0,0.05905843526124954,5e-05,0.16480989754199982,0.0
3002.0,3002.0,7.0,0.06934311240911484,5e-05,0.26295074820518494,0.0
3003.0,3003.0,7.0,0.07757523655891418,5e-05,0.20250529050827026,0.0
3004.0,3004.0,7.0,0.06037675589323044,5e-05,0.21164321899414062,0.0
3005.0,3005.0,7.0,0.06763433665037155,5e-05,0.13607831299304962,0.0
3006.0,3006.0,7.0,0.07270319759845734,5e-05,0.2814024090766907,0.0
3007.0,3007.0,7.0,0.07978726178407669,5e-05,0.1946495771408081,0.0
3008.0,3008.0,7.0,0.055932290852069855,5e-05,0.2882399559020996,0.0
3009.0,3009.0,7.0,0.0664658322930336,5e-05,0.21883848309516907,0.0
3010.0,3010.0,7.0,0.0760500356554985,5e-05,0.24142129719257355,0.0
3011.0,3011.0,7.0,0.05200713127851486,5e-05,0.20432312786579132,0.0
3012.0,3012.0,7.0,0.05711410567164421,5e-05,0.20211829245090485,0.0
3013.0,3013.0,7.0,0.06556305289268494,5e-05,0.24046370387077332,0.0
3014.0,3014.0,7.0,0.05297792702913284,5e-05,0.16797024011611938,0.0
3015.0,3015.0,7.0,0.06032957136631012,5e-05,0.22846853733062744,0.0
3016.0,3016.0,7.0,0.06416484713554382,5e-05,0.19962437450885773,0.0
3017.0,3017.0,7.0,0.0606808215379715,5e-05,0.17873644828796387,0.0
3018.0,3018.0,7.0,0.07930819690227509,5e-05,0.2916121482849121,0.0
3019.0,3019.0,7.0,0.061345458030700684,5e-05,0.15578271448612213,0.0
3020.0,3020.0,7.0,0.06156492605805397,5e-05,0.24088981747627258,0.0
3021.0,3021.0,7.0,0.05276037007570267,5e-05,0.22228635847568512,0.0
3022.0,3022.0,7.0,0.06426019966602325,5e-05,0.2980198264122009,0.0
3023.0,3023.0,7.0,0.06484650075435638,5e-05,0.2173508107662201,0.0
3024.0,3024.0,7.0,0.06747511029243469,5e-05,0.26050299406051636,0.0
3025.0,3025.0,7.0,0.0558488667011261,5e-05,0.20108968019485474,0.0
3026.0,3026.0,7.0,0.059833817183971405,5e-05,0.31238043308258057,0.0
3027.0,3027.0,7.0,0.06347297132015228,5e-05,0.17337486147880554,0.0
3028.0,3028.0,7.0,0.07371176034212112,5e-05,0.47259950637817383,0.0
3029.0,3029.0,7.0,0.06241622567176819,5e-05,0.16916875541210175,0.0
3030.0,3030.0,7.0,0.055604077875614166,5e-05,0.3336774706840515,0.0
3031.0,3031.0,7.0,0.068443663418293,5e-05,0.17798550426959991,0.0
3032.0,3032.0,7.0,0.06466014683246613,5e-05,0.2310573309659958,0.0
3033.0,3033.0,7.0,0.06769871711730957,5e-05,0.1751435548067093,0.0
3034.0,3034.0,7.0,0.06476052850484848,5e-05,0.19668930768966675,0.0
3035.0,3035.0,7.0,0.05961707979440689,5e-05,0.2057000696659088,0.0
3036.0,3036.0,7.0,0.06863029301166534,5e-05,0.26395490765571594,0.0
3037.0,3037.0,7.0,0.07409680634737015,5e-05,0.17330649495124817,0.0
3038.0,3038.0,7.0,0.06135830655694008,5e-05,0.24258928000926971,0.0
3039.0,3039.0,7.0,0.06663993000984192,5e-05,0.1930333971977234,0.0
3040.0,3040.0,7.0,0.05099625140428543,5e-05,0.23392757773399353,0.0
3041.0,3041.0,7.0,0.045382075011730194,5e-05,0.12904980778694153,0.0
3042.0,3042.0,7.0,0.07873710989952087,5e-05,0.29112762212753296,0.0
3043.0,3043.0,7.0,0.0551903210580349,5e-05,0.20689694583415985,0.0
3044.0,3044.0,7.0,0.06859628856182098,5e-05,0.1978587806224823,0.0
3045.0,3045.0,7.0,0.07099984586238861,5e-05,0.2975878417491913,0.0
3046.0,3046.0,7.0,0.05918791890144348,5e-05,0.16054847836494446,0.0
3047.0,3047.0,7.0,0.06745341420173645,5e-05,0.23949724435806274,0.0
3048.0,3048.0,7.0,0.05968474596738815,5e-05,0.2178231179714203,0.0
3049.0,3049.0,7.0,0.0745127946138382,5e-05,0.18545301258563995,0.0
3050.0,3050.0,7.0,0.04891376197338104,5e-05,0.19035309553146362,0.0
3051.0,3051.0,7.0,0.06568809598684311,5e-05,0.17064645886421204,0.0
3052.0,3052.0,7.0,0.05681953579187393,5e-05,0.125587597489357,0.0
3053.0,3053.0,7.0,0.05625315010547638,5e-05,0.22088897228240967,0.0
3054.0,3054.0,7.0,0.07033965736627579,5e-05,0.21406987309455872,0.0
3055.0,3055.0,7.0,0.07099553197622299,5e-05,0.20673084259033203,0.0
3056.0,3056.0,7.0,0.06359513103961945,5e-05,0.16008545458316803,0.0
3057.0,3057.0,7.0,0.056252628564834595,5e-05,0.16689646244049072,0.0
3058.0,3058.0,7.0,0.07750147581100464,5e-05,0.1668001264333725,0.0
3059.0,3059.0,7.0,0.056963950395584106,5e-05,0.19147029519081116,0.0
3060.0,3060.0,7.0,0.06729499995708466,5e-05,0.16165895760059357,0.0
3061.0,3061.0,7.0,0.07285124063491821,5e-05,0.19750435650348663,0.0
3062.0,3062.0,7.0,0.07337334007024765,5e-05,0.2118586152791977,0.0
3063.0,3063.0,7.0,0.04831128939986229,5e-05,0.1532747894525528,0.0
3064.0,3064.0,7.0,0.05465253069996834,5e-05,0.2131885290145874,0.0
3065.0,3065.0,7.0,0.06271202862262726,5e-05,0.20977188646793365,0.0
3066.0,3066.0,7.0,0.06802916526794434,5e-05,0.21605733036994934,0.0
3067.0,3067.0,7.0,0.04915480315685272,5e-05,0.2588065564632416,0.0
3068.0,3068.0,7.0,0.06648463010787964,5e-05,0.20489607751369476,0.0
3069.0,3069.0,7.0,0.06021927297115326,5e-05,0.2593168616294861,0.0
3070.0,3070.0,7.0,0.07369193434715271,5e-05,0.21085454523563385,0.0
3071.0,3071.0,7.0,0.05697990208864212,5e-05,0.2069905549287796,0.0
3072.0,3072.0,7.0,0.06109517812728882,5e-05,0.19666412472724915,0.0
3073.0,3073.0,7.0,0.06478855013847351,5e-05,0.2449123114347458,0.0
3074.0,3074.0,7.0,0.06477797031402588,5e-05,0.27832913398742676,0.0
3075.0,3075.0,7.0,0.05482764542102814,5e-05,0.1807488203048706,0.0
3076.0,3076.0,7.0,0.06735223531723022,5e-05,0.24159306287765503,0.0
3077.0,3077.0,7.0,0.05818777158856392,5e-05,0.22591084241867065,0.0
3078.0,3078.0,7.0,0.06311269849538803,5e-05,0.19634653627872467,0.0
3079.0,3079.0,7.0,0.07220889627933502,5e-05,0.30714988708496094,0.0
3080.0,3080.0,7.0,0.05897149443626404,5e-05,0.2938899099826813,0.0
3081.0,3081.0,7.0,0.06628412008285522,5e-05,0.2988263964653015,0.0
3082.0,3082.0,7.0,0.048070043325424194,5e-05,0.3239216208457947,0.0
3083.0,3083.0,7.0,0.07649321854114532,5e-05,0.28548648953437805,0.0
3084.0,3084.0,7.0,0.06434790045022964,5e-05,0.2382129430770874,0.0
3085.0,3085.0,7.0,0.05733343958854675,5e-05,0.28541648387908936,0.0
3086.0,3086.0,7.0,0.05421058088541031,5e-05,0.1525854915380478,0.0
3087.0,3087.0,7.0,0.05934245139360428,5e-05,0.3274926245212555,0.0
3088.0,3088.0,7.0,0.04946254938840866,5e-05,0.21476197242736816,0.0
3089.0,3089.0,7.0,0.06511963158845901,5e-05,0.35091423988342285,0.0
3090.0,3090.0,7.0,0.07000420987606049,5e-05,0.2614470422267914,0.0
3091.0,3091.0,7.0,0.06965808570384979,5e-05,0.2346120923757553,0.0
3092.0,3092.0,7.0,0.05831008404493332,5e-05,0.33609023690223694,0.0
3093.0,3093.0,7.0,0.054766371846199036,5e-05,0.25239813327789307,0.0
3094.0,3094.0,7.0,0.055428750813007355,5e-05,0.36078763008117676,0.0
3095.0,3095.0,7.0,0.06563793122768402,5e-05,0.1934358924627304,0.0
3096.0,3096.0,7.0,0.07032045722007751,5e-05,0.3920977711677551,0.0
3097.0,3097.0,7.0,0.0718361958861351,5e-05,0.19936949014663696,0.0
3098.0,3098.0,7.0,0.06454049795866013,5e-05,0.3815295398235321,0.0
3099.0,3099.0,7.0,0.047556012868881226,5e-05,0.22847524285316467,0.0
3100.0,3100.0,7.0,0.05951013043522835,5e-05,0.26987865567207336,0.0
3101.0,3101.0,7.0,0.06254519522190094,5e-05,0.30749431252479553,0.0
3102.0,3102.0,7.0,0.06235632300376892,5e-05,0.2205781489610672,0.0
3103.0,3103.0,7.0,0.06535856425762177,5e-05,0.2746947407722473,0.0
3104.0,3104.0,7.0,0.07323616743087769,5e-05,0.17929890751838684,0.0
3105.0,3105.0,7.0,0.08447958528995514,5e-05,0.3225952982902527,0.0
3106.0,3106.0,7.0,0.04669865593314171,5e-05,0.13966627418994904,0.0
3107.0,3107.0,7.0,0.05108969658613205,5e-05,0.2804867923259735,0.0
3108.0,3108.0,7.0,0.06879473477602005,5e-05,0.26299983263015747,0.0
3109.0,3109.0,7.0,0.063432976603508,5e-05,0.2728199362754822,0.0
3110.0,3110.0,7.0,0.04518754780292511,5e-05,0.2748953700065613,0.0
3111.0,3111.0,7.0,0.06761927902698517,5e-05,0.2188369482755661,0.0
3112.0,3112.0,7.0,0.058099567890167236,5e-05,0.26757755875587463,0.0
3113.0,3113.0,7.0,0.052415259182453156,5e-05,0.18757286667823792,0.0
3114.0,3114.0,7.0,0.06250883638858795,5e-05,0.35521960258483887,0.0
3115.0,3115.0,7.0,0.06368537992238998,5e-05,0.253572940826416,0.0
3116.0,3116.0,7.0,0.05971038341522217,5e-05,0.2496795803308487,0.0
3117.0,3117.0,7.0,0.06145559251308441,5e-05,0.32289549708366394,0.0
3118.0,3118.0,7.0,0.06468512862920761,5e-05,0.2753544747829437,0.0
3119.0,3119.0,7.0,0.05710799992084503,5e-05,0.3022443354129791,0.0
3120.0,3120.0,7.0,0.06364893913269043,5e-05,0.20139028131961823,0.0
3121.0,3121.0,8.0,0.06380251795053482,5e-05,0.2923550605773926,0.0
3122.0,3122.0,8.0,0.0560019314289093,5e-05,0.16558952629566193,0.0
3123.0,3123.0,8.0,0.0738295465707779,5e-05,0.30639973282814026,0.0
3124.0,3124.0,8.0,0.06866084039211273,5e-05,0.23613576591014862,0.0
3125.0,3125.0,8.0,0.06670263409614563,5e-05,0.2701510488986969,0.0
3126.0,3126.0,8.0,0.061336204409599304,5e-05,0.26583412289619446,0.0
3127.0,3127.0,8.0,0.06859409064054489,5e-05,0.20886258780956268,0.0
3128.0,3128.0,8.0,0.06863205134868622,5e-05,0.37574198842048645,0.0
3129.0,3129.0,8.0,0.061098918318748474,5e-05,0.18257495760917664,0.0
3130.0,3130.0,8.0,0.06542406976222992,5e-05,0.2674087584018707,0.0
3131.0,3131.0,8.0,0.08196917176246643,5e-05,0.22348175942897797,0.0
3132.0,3132.0,8.0,0.06645341217517853,5e-05,0.17356140911579132,0.0
3133.0,3133.0,8.0,0.05395643413066864,5e-05,0.23199230432510376,0.0
3134.0,3134.0,8.0,0.058597758412361145,5e-05,0.13659699261188507,0.0
3135.0,3135.0,8.0,0.06258685141801834,5e-05,0.3298361599445343,0.0
3136.0,3136.0,8.0,0.06475621461868286,5e-05,0.1925131231546402,0.0
3137.0,3137.0,8.0,0.053921084851026535,5e-05,0.2390487939119339,0.0
3138.0,3138.0,8.0,0.06990619748830795,5e-05,0.25926369428634644,0.0
3139.0,3139.0,8.0,0.05243980139493942,5e-05,0.19746799767017365,0.0
3140.0,3140.0,8.0,0.06471419334411621,5e-05,0.2263692319393158,0.0
3141.0,3141.0,8.0,0.0598517470061779,5e-05,0.1804230511188507,0.0
3142.0,3142.0,8.0,0.07602975517511368,5e-05,0.2781751751899719,0.0
3143.0,3143.0,8.0,0.05450214818120003,5e-05,0.17236869037151337,0.0
3144.0,3144.0,8.0,0.05846647173166275,5e-05,0.2336631864309311,0.0
3145.0,3145.0,8.0,0.07001250237226486,5e-05,0.2518603801727295,0.0
3146.0,3146.0,8.0,0.07049646973609924,5e-05,0.2285592257976532,0.0
3147.0,3147.0,8.0,0.06578665226697922,5e-05,0.23911939561367035,0.0
3148.0,3148.0,8.0,0.06022230535745621,5e-05,0.2794846296310425,0.0
3149.0,3149.0,8.0,0.07600796222686768,5e-05,0.15853850543498993,0.0
3150.0,3150.0,8.0,0.0711982399225235,5e-05,0.2604733109474182,0.0
3151.0,3151.0,8.0,0.06421786546707153,5e-05,0.28404274582862854,0.0
3152.0,3152.0,8.0,0.07011653482913971,5e-05,0.1937292218208313,0.0
3153.0,3153.0,8.0,0.056666724383831024,5e-05,0.30031678080558777,0.0
3154.0,3154.0,8.0,0.06279134750366211,5e-05,0.14795470237731934,0.0
3155.0,3155.0,8.0,0.05832131579518318,5e-05,0.23623260855674744,0.0
3156.0,3156.0,8.0,0.05240178853273392,5e-05,0.23737284541130066,0.0
3157.0,3157.0,8.0,0.05544251948595047,5e-05,0.2041848748922348,0.0
3158.0,3158.0,8.0,0.05681886523962021,5e-05,0.20617549121379852,0.0
3159.0,3159.0,8.0,0.07232362776994705,5e-05,0.2839452028274536,0.0
3160.0,3160.0,8.0,0.06100962311029434,5e-05,0.15215778350830078,0.0
3161.0,3161.0,8.0,0.0670522004365921,5e-05,0.2641943693161011,0.0
3162.0,3162.0,8.0,0.07459093630313873,5e-05,0.15491296350955963,0.0
3163.0,3163.0,8.0,0.07281216979026794,5e-05,0.24275460839271545,0.0
3164.0,3164.0,8.0,0.06405326724052429,5e-05,0.18469268083572388,0.0
3165.0,3165.0,8.0,0.06752053648233414,5e-05,0.1938665807247162,0.0
3166.0,3166.0,8.0,0.05722993612289429,5e-05,0.14718668162822723,0.0
3167.0,3167.0,8.0,0.06104651838541031,5e-05,0.2747923731803894,0.0
3168.0,3168.0,8.0,0.05818235129117966,5e-05,0.18949545919895172,0.0
3169.0,3169.0,8.0,0.06002848222851753,5e-05,0.20394209027290344,0.0
3170.0,3170.0,8.0,0.0594671405851841,5e-05,0.20162011682987213,0.0
3171.0,3171.0,8.0,0.06946450471878052,5e-05,0.16760075092315674,0.0
3172.0,3172.0,8.0,0.06792713701725006,5e-05,0.20891337096691132,0.0
3173.0,3173.0,8.0,0.057199157774448395,5e-05,0.21516217291355133,0.0
3174.0,3174.0,8.0,0.07580704987049103,5e-05,0.25842610001564026,0.0
3175.0,3175.0,8.0,0.0758475735783577,5e-05,0.29500579833984375,0.0
3176.0,3176.0,8.0,0.07746969163417816,5e-05,0.249965637922287,0.0
3177.0,3177.0,8.0,0.06140840798616409,5e-05,0.2923904359340668,0.0
3178.0,3178.0,8.0,0.05286774784326553,5e-05,0.15970300137996674,0.0
3179.0,3179.0,8.0,0.08407271653413773,5e-05,0.3330499827861786,0.0
3180.0,3180.0,8.0,0.06366308778524399,5e-05,0.19227230548858643,0.0
3181.0,3181.0,8.0,0.059848491102457047,5e-05,0.2926175892353058,0.0
3182.0,3182.0,8.0,0.059688813984394073,5e-05,0.1958928108215332,0.0
3183.0,3183.0,8.0,0.0676836371421814,5e-05,0.2488538771867752,0.0
3184.0,3184.0,8.0,0.07988527417182922,5e-05,0.23467636108398438,0.0
3185.0,3185.0,8.0,0.06991659104824066,5e-05,0.238478422164917,0.0
3186.0,3186.0,8.0,0.05368483066558838,5e-05,0.16391414403915405,0.0
3187.0,3187.0,8.0,0.0622110441327095,5e-05,0.2609037160873413,0.0
3188.0,3188.0,8.0,0.06560775637626648,5e-05,0.16340599954128265,0.0
3189.0,3189.0,8.0,0.06300773471593857,5e-05,0.2656615674495697,0.0
3190.0,3190.0,8.0,0.05741453170776367,5e-05,0.15724994242191315,0.0
3191.0,3191.0,8.0,0.07763106375932693,5e-05,0.18297015130519867,0.0
3192.0,3192.0,8.0,0.06677708774805069,5e-05,0.24807848036289215,0.0
3193.0,3193.0,8.0,0.06332977861166,5e-05,0.17930926382541656,0.0
3194.0,3194.0,8.0,0.058986105024814606,5e-05,0.21279264986515045,0.0
3195.0,3195.0,8.0,0.06170346960425377,5e-05,0.24044488370418549,0.0
3196.0,3196.0,8.0,0.07777228951454163,5e-05,0.1983785182237625,0.0
3197.0,3197.0,8.0,0.05400141328573227,5e-05,0.23629403114318848,0.0
3198.0,3198.0,8.0,0.05319128930568695,5e-05,0.19285187125205994,0.0
3199.0,3199.0,8.0,0.058638088405132294,5e-05,0.23210686445236206,0.0
3200.0,3200.0,8.0,0.05211199074983597,5e-05,0.19710780680179596,0.0
3201.0,3201.0,8.0,0.05601970851421356,5e-05,0.18242838978767395,0.0
3202.0,3202.0,8.0,0.05750110000371933,5e-05,0.13807590305805206,0.0
3203.0,3203.0,8.0,0.05883828550577164,5e-05,0.18555721640586853,0.0
3204.0,3204.0,8.0,0.048577990382909775,5e-05,0.21356314420700073,0.0
3205.0,3205.0,8.0,0.0690113753080368,5e-05,0.16662092506885529,0.0
3206.0,3206.0,8.0,0.06967762857675552,5e-05,0.20273622870445251,0.0
3207.0,3207.0,8.0,0.06476777791976929,5e-05,0.14670632779598236,0.0
3208.0,3208.0,8.0,0.06881514191627502,5e-05,0.254306823015213,0.0
3209.0,3209.0,8.0,0.07406795024871826,5e-05,0.1709730476140976,0.0
3210.0,3210.0,8.0,0.06528601050376892,5e-05,0.1973036676645279,0.0
3211.0,3211.0,8.0,0.053959138691425323,5e-05,0.22614172101020813,0.0
3212.0,3212.0,8.0,0.050369832664728165,5e-05,0.2069789171218872,0.0
3213.0,3213.0,8.0,0.06879301369190216,5e-05,0.30332252383232117,0.0
3214.0,3214.0,8.0,0.07170204818248749,5e-05,0.2165251076221466,0.0
3215.0,3215.0,8.0,0.0679740309715271,5e-05,0.30684587359428406,0.0
3216.0,3216.0,8.0,0.06141800433397293,5e-05,0.2735340893268585,0.0
3217.0,3217.0,8.0,0.05084045231342316,5e-05,0.1406945139169693,0.0
3218.0,3218.0,8.0,0.06590182334184647,5e-05,0.23755879700183868,0.0
3219.0,3219.0,8.0,0.07346159219741821,5e-05,0.16384387016296387,0.0
3220.0,3220.0,8.0,0.05182819813489914,5e-05,0.2062719762325287,0.0
3221.0,3221.0,8.0,0.0516388900578022,5e-05,0.22074419260025024,0.0
3222.0,3222.0,8.0,0.07132399082183838,5e-05,0.1773938536643982,0.0
3223.0,3223.0,8.0,0.0897207036614418,5e-05,0.26354578137397766,0.0
3224.0,3224.0,8.0,0.057450227439403534,5e-05,0.17442402243614197,0.0
3225.0,3225.0,8.0,0.05126270651817322,5e-05,0.1723850667476654,0.0
3226.0,3226.0,8.0,0.07738745212554932,5e-05,0.25177186727523804,0.0
3227.0,3227.0,8.0,0.07061831653118134,5e-05,0.2007729411125183,0.0
3228.0,3228.0,8.0,0.045864272862672806,5e-05,0.20292823016643524,0.0
3229.0,3229.0,8.0,0.06014309823513031,5e-05,0.1750062108039856,0.0
3230.0,3230.0,8.0,0.07838288694620132,5e-05,0.1838541477918625,0.0
3231.0,3231.0,8.0,0.04031914472579956,5e-05,0.14601564407348633,0.0
3232.0,3232.0,8.0,0.05164886265993118,5e-05,0.19926589727401733,0.0
3233.0,3233.0,8.0,0.06685581803321838,5e-05,0.18760402500629425,0.0
3234.0,3234.0,8.0,0.07185482233762741,5e-05,0.1923065483570099,0.0
3235.0,3235.0,8.0,0.06616345047950745,5e-05,0.18651433289051056,0.0
3236.0,3236.0,8.0,0.055761806666851044,5e-05,0.1537073701620102,0.0
3237.0,3237.0,8.0,0.0676463395357132,5e-05,0.15833812952041626,0.0
3238.0,3238.0,8.0,0.06300967186689377,5e-05,0.1699746698141098,0.0
3239.0,3239.0,8.0,0.050714924931526184,5e-05,0.13152842223644257,0.0
3240.0,3240.0,8.0,0.05995127931237221,5e-05,0.20901547372341156,0.0
3241.0,3241.0,8.0,0.05208421126008034,5e-05,0.12452414631843567,0.0
3242.0,3242.0,8.0,0.059108830988407135,5e-05,0.1559886783361435,0.0
3243.0,3243.0,8.0,0.04846298694610596,5e-05,0.13926377892494202,0.0
3244.0,3244.0,8.0,0.07089948654174805,5e-05,0.21072594821453094,0.0
3245.0,3245.0,8.0,0.06642062962055206,5e-05,0.18880459666252136,0.0
3246.0,3246.0,8.0,0.05540982633829117,5e-05,0.2319992482662201,0.0
3247.0,3247.0,8.0,0.053464848548173904,5e-05,0.21544353663921356,0.0
3248.0,3248.0,8.0,0.06051386520266533,5e-05,0.1748422384262085,0.0
3249.0,3249.0,8.0,0.0579705648124218,5e-05,0.2385597676038742,0.0
3250.0,3250.0,8.0,0.048017315566539764,5e-05,0.19294404983520508,0.0
3251.0,3251.0,8.0,0.07132377475500107,5e-05,0.14921265840530396,0.0
3252.0,3252.0,8.0,0.06315355747938156,5e-05,0.2509162724018097,0.0
3253.0,3253.0,8.0,0.06590449810028076,5e-05,0.18323814868927002,0.0
3254.0,3254.0,8.0,0.06139473617076874,5e-05,0.2073238641023636,0.0
3255.0,3255.0,8.0,0.0651911050081253,5e-05,0.24279507994651794,0.0
3256.0,3256.0,8.0,0.05874555557966232,5e-05,0.18898969888687134,0.0
3257.0,3257.0,8.0,0.06264331191778183,5e-05,0.1141219362616539,0.0
3258.0,3258.0,8.0,0.06813475489616394,5e-05,0.3327816128730774,0.0
3259.0,3259.0,8.0,0.06310121715068817,5e-05,0.14396440982818604,0.0
3260.0,3260.0,8.0,0.06151161342859268,5e-05,0.21234934031963348,0.0
3261.0,3261.0,8.0,0.06711676716804504,5e-05,0.19202925264835358,0.0
3262.0,3262.0,8.0,0.0604175329208374,5e-05,0.12699054181575775,0.0
3263.0,3263.0,8.0,0.05788908526301384,5e-05,0.15580834448337555,0.0
3264.0,3264.0,8.0,0.05372629314661026,5e-05,0.18111489713191986,0.0
3265.0,3265.0,8.0,0.06599604338407516,5e-05,0.16101305186748505,0.0
3266.0,3266.0,8.0,0.07095082849264145,5e-05,0.1660534143447876,0.0
3267.0,3267.0,8.0,0.06869163364171982,5e-05,0.21961890161037445,0.0
3268.0,3268.0,8.0,0.06788380444049835,5e-05,0.12916100025177002,0.0
3269.0,3269.0,8.0,0.07803954184055328,5e-05,0.18671615421772003,0.0
3270.0,3270.0,8.0,0.05261971056461334,5e-05,0.15206904709339142,0.0
3271.0,3271.0,8.0,0.05743569880723953,5e-05,0.16587947309017181,0.0
3272.0,3272.0,8.0,0.06373073905706406,5e-05,0.14565113186836243,0.0
3273.0,3273.0,8.0,0.06666353344917297,5e-05,0.16660276055335999,0.0
3274.0,3274.0,8.0,0.05141512304544449,5e-05,0.12990739941596985,0.0
3275.0,3275.0,8.0,0.05834581330418587,5e-05,0.12855303287506104,0.0
3276.0,3276.0,8.0,0.07147520780563354,5e-05,0.1671150177717209,0.0
3277.0,3277.0,8.0,0.05676276609301567,5e-05,0.12916284799575806,0.0
3278.0,3278.0,8.0,0.06523318588733673,5e-05,0.2377661019563675,0.0
3279.0,3279.0,8.0,0.06572689116001129,5e-05,0.16653142869472504,0.0
3280.0,3280.0,8.0,0.06003640592098236,5e-05,0.20362555980682373,0.0
3281.0,3281.0,8.0,0.06501616537570953,5e-05,0.15279416739940643,0.0
3282.0,3282.0,8.0,0.06509512662887573,5e-05,0.2034737914800644,0.0
3283.0,3283.0,8.0,0.05821264907717705,5e-05,0.14149735867977142,0.0
3284.0,3284.0,8.0,0.05181897431612015,5e-05,0.1550130695104599,0.0
3285.0,3285.0,8.0,0.07372498512268066,5e-05,0.21631565690040588,0.0
3286.0,3286.0,8.0,0.06510871648788452,5e-05,0.16032956540584564,0.0
3287.0,3287.0,8.0,0.06271498650312424,5e-05,0.19848017394542694,0.0
3288.0,3288.0,8.0,0.058585405349731445,5e-05,0.19089257717132568,0.0
3289.0,3289.0,8.0,0.059589043259620667,5e-05,0.23029083013534546,0.0
3290.0,3290.0,8.0,0.07065975666046143,5e-05,0.1967354565858841,0.0
3291.0,3291.0,8.0,0.06431782245635986,5e-05,0.19480347633361816,0.0
3292.0,3292.0,8.0,0.055427033454179764,5e-05,0.1501316875219345,0.0
3293.0,3293.0,8.0,0.05719923973083496,5e-05,0.1372026652097702,0.0
3294.0,3294.0,8.0,0.06467317789793015,5e-05,0.17428092658519745,0.0
3295.0,3295.0,8.0,0.05630301311612129,5e-05,0.1653599590063095,0.0
3296.0,3296.0,8.0,0.08041921257972717,5e-05,0.19584032893180847,0.0
3297.0,3297.0,8.0,0.048765212297439575,5e-05,0.1371428519487381,0.0
3298.0,3298.0,8.0,0.06906432658433914,5e-05,0.16058281064033508,0.0
3299.0,3299.0,8.0,0.07924596220254898,5e-05,0.17899549007415771,0.0
3300.0,3300.0,8.0,0.04994481801986694,5e-05,0.20375896990299225,0.0
3301.0,3301.0,8.0,0.06058110296726227,5e-05,0.17367900907993317,0.0
3302.0,3302.0,8.0,0.06901073455810547,5e-05,0.16626334190368652,0.0
3303.0,3303.0,8.0,0.06790614128112793,5e-05,0.17991650104522705,0.0
3304.0,3304.0,8.0,0.0579371452331543,5e-05,0.22307124733924866,0.0
3305.0,3305.0,8.0,0.06825780868530273,5e-05,0.2520798146724701,0.0
3306.0,3306.0,8.0,0.061791978776454926,5e-05,0.17705461382865906,0.0
3307.0,3307.0,8.0,0.06686464697122574,5e-05,0.26457327604293823,0.0
3308.0,3308.0,8.0,0.0614369697868824,5e-05,0.2340240478515625,0.0
3309.0,3309.0,8.0,0.05977332219481468,5e-05,0.1648338884115219,0.0
3310.0,3310.0,8.0,0.05582260340452194,5e-05,0.31511929631233215,0.0
3311.0,3311.0,8.0,0.059399306774139404,5e-05,0.18424135446548462,0.0
3312.0,3312.0,8.0,0.055297043174505234,5e-05,0.31731200218200684,0.0
3313.0,3313.0,8.0,0.05233597010374069,5e-05,0.19568350911140442,0.0
3314.0,3314.0,8.0,0.06761256605386734,5e-05,0.3935692310333252,0.0
3315.0,3315.0,8.0,0.06483529508113861,5e-05,0.24279434978961945,0.0
3316.0,3316.0,8.0,0.05815168470144272,5e-05,0.22614745795726776,0.0
3317.0,3317.0,8.0,0.06107480823993683,5e-05,0.20922279357910156,0.0
3318.0,3318.0,8.0,0.06077411398291588,5e-05,0.193526029586792,0.0
3319.0,3319.0,8.0,0.0526057593524456,5e-05,0.2080521285533905,0.0
3320.0,3320.0,8.0,0.0747876763343811,5e-05,0.25831541419029236,0.0
3321.0,3321.0,8.0,0.07277290523052216,5e-05,0.2631004750728607,0.0
3322.0,3322.0,8.0,0.06435923278331757,5e-05,0.29867762327194214,0.0
3323.0,3323.0,8.0,0.058085184544324875,5e-05,0.20455889403820038,0.0
3324.0,3324.0,8.0,0.07498228549957275,5e-05,0.24272768199443817,0.0
3325.0,3325.0,8.0,0.0663089007139206,5e-05,0.3223625123500824,0.0
3326.0,3326.0,8.0,0.057093486189842224,5e-05,0.17290034890174866,0.0
3327.0,3327.0,8.0,0.05947002023458481,5e-05,0.27020084857940674,0.0
3328.0,3328.0,8.0,0.06035884469747543,5e-05,0.19419001042842865,0.0
3329.0,3329.0,8.0,0.061955828219652176,5e-05,0.24463285505771637,0.0
3330.0,3330.0,8.0,0.05299011617898941,5e-05,0.21756333112716675,0.0
3331.0,3331.0,8.0,0.061929646879434586,5e-05,0.20123733580112457,0.0
3332.0,3332.0,8.0,0.04974793642759323,5e-05,0.1961505115032196,0.0
3333.0,3333.0,8.0,0.0613403283059597,5e-05,0.17725759744644165,0.0
3334.0,3334.0,8.0,0.0808279812335968,5e-05,0.21256805956363678,0.0
3335.0,3335.0,8.0,0.05984191596508026,5e-05,0.2256781905889511,0.0
3336.0,3336.0,8.0,0.05298253893852234,5e-05,0.16909079253673553,0.0
3337.0,3337.0,8.0,0.06981074064970016,5e-05,0.2897002100944519,0.0
3338.0,3338.0,8.0,0.058838799595832825,5e-05,0.10653972625732422,0.0
3339.0,3339.0,8.0,0.05757474899291992,5e-05,0.31200140714645386,0.0
3340.0,3340.0,8.0,0.05950779840350151,5e-05,0.1695900857448578,0.0
3341.0,3341.0,8.0,0.08009989559650421,5e-05,0.24580468237400055,0.0
3342.0,3342.0,8.0,0.05569430813193321,5e-05,0.2166779786348343,0.0
3343.0,3343.0,8.0,0.07213855534791946,5e-05,0.24801252782344818,0.0
3344.0,3344.0,8.0,0.055860940366983414,5e-05,0.15587516129016876,0.0
3345.0,3345.0,8.0,0.05717192217707634,5e-05,0.18933232128620148,0.0
3346.0,3346.0,8.0,0.06221265345811844,5e-05,0.1851096749305725,0.0
3347.0,3347.0,8.0,0.0549052394926548,5e-05,0.17810659110546112,0.0
3348.0,3348.0,8.0,0.05405563861131668,5e-05,0.14745230972766876,0.0
3349.0,3349.0,8.0,0.06658659875392914,5e-05,0.22300608456134796,0.0
3350.0,3350.0,8.0,0.0559944249689579,5e-05,0.17504945397377014,0.0
3351.0,3351.0,8.0,0.0656939372420311,5e-05,0.22357580065727234,0.0
3352.0,3352.0,8.0,0.057686615735292435,5e-05,0.18639066815376282,0.0
3353.0,3353.0,8.0,0.060919132083654404,5e-05,0.16457392275333405,0.0
3354.0,3354.0,8.0,0.05789603292942047,5e-05,0.18115422129631042,0.0
3355.0,3355.0,8.0,0.05693554878234863,5e-05,0.2254611849784851,0.0
3356.0,3356.0,8.0,0.06232141703367233,5e-05,0.1652890145778656,0.0
3357.0,3357.0,8.0,0.05889240279793739,5e-05,0.19869151711463928,0.0
3358.0,3358.0,8.0,0.0734945684671402,5e-05,0.2522329092025757,0.0
3359.0,3359.0,8.0,0.05879662185907364,5e-05,0.21380971372127533,0.0
3360.0,3360.0,8.0,0.07258673757314682,5e-05,0.21572060883045197,0.0
3361.0,3361.0,8.0,0.04910719022154808,5e-05,0.16706156730651855,0.0
3362.0,3362.0,8.0,0.06199871376156807,5e-05,0.26242169737815857,0.0
3363.0,3363.0,8.0,0.0560784712433815,5e-05,0.16589505970478058,0.0
3364.0,3364.0,8.0,0.06334631145000458,5e-05,0.24621786177158356,0.0
3365.0,3365.0,8.0,0.04171009361743927,5e-05,0.1744350641965866,0.0
3366.0,3366.0,8.0,0.04820948466658592,5e-05,0.22028915584087372,0.0
3367.0,3367.0,8.0,0.061538781970739365,5e-05,0.2545720636844635,0.0
3368.0,3368.0,8.0,0.0539155937731266,5e-05,0.1473408341407776,0.0
3369.0,3369.0,8.0,0.06108544394373894,5e-05,0.1964634209871292,0.0
3370.0,3370.0,8.0,0.05788533389568329,5e-05,0.18560674786567688,0.0
3371.0,3371.0,8.0,0.06022137030959129,5e-05,0.13929927349090576,0.0
3372.0,3372.0,8.0,0.05518120527267456,5e-05,0.22370554506778717,0.0
3373.0,3373.0,8.0,0.0611153319478035,5e-05,0.19354763627052307,0.0
3374.0,3374.0,8.0,0.052300482988357544,5e-05,0.20838508009910583,0.0
3375.0,3375.0,8.0,0.05717391148209572,5e-05,0.1559595763683319,0.0
3376.0,3376.0,8.0,0.05555834621191025,5e-05,0.23195461928844452,0.0
3377.0,3377.0,8.0,0.06168831139802933,5e-05,0.2152649611234665,0.0
3378.0,3378.0,8.0,0.06259270757436752,5e-05,0.21832267940044403,0.0
3379.0,3379.0,8.0,0.07941824197769165,5e-05,0.2893441319465637,0.0
3380.0,3380.0,8.0,0.07392653822898865,5e-05,0.1850818693637848,0.0
3381.0,3381.0,8.0,0.07355298101902008,5e-05,0.22828646004199982,0.0
3382.0,3382.0,8.0,0.059266336262226105,5e-05,0.28568169474601746,0.0
3383.0,3383.0,8.0,0.07215230166912079,5e-05,0.2051113247871399,0.0
3384.0,3384.0,8.0,0.058770552277565,5e-05,0.316342830657959,0.0
3385.0,3385.0,8.0,0.05563756451010704,5e-05,0.19538934528827667,0.0
3386.0,3386.0,8.0,0.0662694200873375,5e-05,0.3252960443496704,0.0
3387.0,3387.0,8.0,0.0582956001162529,5e-05,0.2273632436990738,0.0
3388.0,3388.0,8.0,0.05559375882148743,5e-05,0.246696338057518,0.0
3389.0,3389.0,8.0,0.06073832884430885,5e-05,0.30162256956100464,0.0
3390.0,3390.0,8.0,0.06395906209945679,5e-05,0.15809820592403412,0.0
3391.0,3391.0,8.0,0.05087463557720184,5e-05,0.34353548288345337,0.0
3392.0,3392.0,8.0,0.05807413160800934,5e-05,0.11606498062610626,0.0
3393.0,3393.0,8.0,0.06777679920196533,5e-05,0.23719556629657745,0.0
3394.0,3394.0,8.0,0.059915393590927124,5e-05,0.1956983506679535,0.0
3395.0,3395.0,8.0,0.05466199293732643,5e-05,0.14740604162216187,0.0
3396.0,3396.0,8.0,0.06482003629207611,5e-05,0.19571086764335632,0.0
3397.0,3397.0,8.0,0.07118446379899979,5e-05,0.23839135468006134,0.0
3398.0,3398.0,8.0,0.06510615348815918,5e-05,0.25857409834861755,0.0
3399.0,3399.0,8.0,0.0710601657629013,5e-05,0.22266921401023865,0.0
3400.0,3400.0,8.0,0.060506727546453476,5e-05,0.23683901131153107,0.0
3401.0,3401.0,8.0,0.05971113219857216,5e-05,0.22253723442554474,0.0
3402.0,3402.0,8.0,0.06474203616380692,5e-05,0.21654438972473145,0.0
3403.0,3403.0,8.0,0.06401240825653076,5e-05,0.17058509588241577,0.0
3404.0,3404.0,8.0,0.07088427245616913,5e-05,0.21671682596206665,0.0
3405.0,3405.0,8.0,0.07224265486001968,5e-05,0.14538805186748505,0.0
3406.0,3406.0,8.0,0.058011457324028015,5e-05,0.15670178830623627,0.0
3407.0,3407.0,8.0,0.048898737877607346,5e-05,0.14553475379943848,0.0
3408.0,3408.0,8.0,0.055062875151634216,5e-05,0.16236944496631622,0.0
3409.0,3409.0,8.0,0.06444941461086273,5e-05,0.2220132201910019,0.0
3410.0,3410.0,8.0,0.05695676431059837,5e-05,0.26610973477363586,0.0
3411.0,3411.0,8.0,0.06308396905660629,5e-05,0.30016055703163147,0.0
3412.0,3412.0,8.0,0.06222493201494217,5e-05,0.26795291900634766,0.0
3413.0,3413.0,8.0,0.04612717777490616,5e-05,0.2574155032634735,0.0
3414.0,3414.0,8.0,0.05851566419005394,5e-05,0.2850240468978882,0.0
3415.0,3415.0,8.0,0.06046826392412186,5e-05,0.2134285718202591,0.0
3416.0,3416.0,8.0,0.06319351494312286,5e-05,0.24014851450920105,0.0
3417.0,3417.0,8.0,0.06444508582353592,5e-05,0.17848709225654602,0.0
3418.0,3418.0,8.0,0.05951285362243652,5e-05,0.24882152676582336,0.0
3419.0,3419.0,8.0,0.07225653529167175,5e-05,0.2712486982345581,0.0
3420.0,3420.0,8.0,0.06478692591190338,5e-05,0.18561501801013947,0.0
3421.0,3421.0,8.0,0.052388183772563934,5e-05,0.25369754433631897,0.0
3422.0,3422.0,8.0,0.06571812927722931,5e-05,0.24705183506011963,0.0
3423.0,3423.0,8.0,0.05666479095816612,5e-05,0.25492122769355774,0.0
3424.0,3424.0,8.0,0.048896223306655884,5e-05,0.26453152298927307,0.0
3425.0,3425.0,8.0,0.06610520929098129,5e-05,0.2293391078710556,0.0
3426.0,3426.0,8.0,0.07260329276323318,5e-05,0.44857344031333923,0.0
3427.0,3427.0,8.0,0.05492015928030014,5e-05,0.22333084046840668,0.0
3428.0,3428.0,8.0,0.06551554799079895,5e-05,0.37282854318618774,0.0
3429.0,3429.0,8.0,0.07133117318153381,5e-05,0.22524909675121307,0.0
3430.0,3430.0,8.0,0.06867313385009766,5e-05,0.41001734137535095,0.0
3431.0,3431.0,8.0,0.0581156387925148,5e-05,0.2761780321598053,0.0
3432.0,3432.0,8.0,0.07283217459917068,5e-05,0.48605015873908997,0.0
3433.0,3433.0,8.0,0.0787455290555954,5e-05,0.37956228852272034,0.0
3434.0,3434.0,8.0,0.07668333500623703,5e-05,0.3032584488391876,0.0
3435.0,3435.0,8.0,0.057158276438713074,5e-05,0.3851519823074341,0.0
3436.0,3436.0,8.0,0.0563155859708786,5e-05,0.1901005506515503,0.0
3437.0,3437.0,8.0,0.07325072586536407,5e-05,0.4090740382671356,0.0
3438.0,3438.0,8.0,0.07295791804790497,5e-05,0.2068757563829422,0.0
3439.0,3439.0,8.0,0.07181239128112793,5e-05,0.3885580897331238,0.0
3440.0,3440.0,8.0,0.045407529920339584,5e-05,0.19031062722206116,0.0
3441.0,3441.0,8.0,0.05916527286171913,5e-05,0.24738185107707977,0.0
3442.0,3442.0,8.0,0.07064704596996307,5e-05,0.38825562596321106,0.0
3443.0,3443.0,8.0,0.05316455662250519,5e-05,0.2127228081226349,0.0
3444.0,3444.0,8.0,0.044434159994125366,5e-05,0.30308765172958374,0.0
3445.0,3445.0,8.0,0.04429014399647713,5e-05,0.14520405232906342,0.0
3446.0,3446.0,8.0,0.06929923593997955,5e-05,0.25445806980133057,0.0
3447.0,3447.0,8.0,0.06626041978597641,5e-05,0.24632228910923004,0.0
3448.0,3448.0,8.0,0.056402549147605896,5e-05,0.1615319699048996,0.0
3449.0,3449.0,8.0,0.0633041262626648,5e-05,0.28289979696273804,0.0
3450.0,3450.0,8.0,0.057275496423244476,5e-05,0.15331558883190155,0.0
3451.0,3451.0,8.0,0.04921901226043701,5e-05,0.24436822533607483,0.0
3452.0,3452.0,8.0,0.05283026397228241,5e-05,0.2513454258441925,0.0
3453.0,3453.0,8.0,0.059816472232341766,5e-05,0.16090495884418488,0.0
3454.0,3454.0,8.0,0.07099390029907227,5e-05,0.319346159696579,0.0
3455.0,3455.0,8.0,0.059526387602090836,5e-05,0.18971066176891327,0.0
3456.0,3456.0,8.0,0.052752260118722916,5e-05,0.18585936725139618,0.0
3457.0,3457.0,8.0,0.06119652837514877,5e-05,0.25858280062675476,0.0
3458.0,3458.0,8.0,0.06625201553106308,5e-05,0.14340797066688538,0.0
3459.0,3459.0,8.0,0.0612901896238327,5e-05,0.3011428713798523,0.0
3460.0,3460.0,8.0,0.06426490843296051,5e-05,0.22714652121067047,0.0
3461.0,3461.0,8.0,0.06930091977119446,5e-05,0.3357762396335602,0.0
3462.0,3462.0,8.0,0.07258077710866928,5e-05,0.25295206904411316,0.0
3463.0,3463.0,8.0,0.06267103552818298,5e-05,0.19648271799087524,0.0
3464.0,3464.0,8.0,0.06550903618335724,5e-05,0.2678026556968689,0.0
3465.0,3465.0,8.0,0.060398876667022705,5e-05,0.14352993667125702,0.0
3466.0,3466.0,8.0,0.06169247254729271,5e-05,0.2808244228363037,0.0
3467.0,3467.0,8.0,0.05966118723154068,5e-05,0.1976323425769806,0.0
3468.0,3468.0,8.0,0.07625187933444977,5e-05,0.2540983557701111,0.0
3469.0,3469.0,8.0,0.0514330118894577,5e-05,0.16587305068969727,0.0
3470.0,3470.0,8.0,0.06265521049499512,5e-05,0.13073909282684326,0.0
3471.0,3471.0,8.0,0.05332128331065178,5e-05,0.22354860603809357,0.0
3472.0,3472.0,8.0,0.05958586931228638,5e-05,0.14433422684669495,0.0
3473.0,3473.0,8.0,0.06776577234268188,5e-05,0.23878039419651031,0.0
3474.0,3474.0,8.0,0.056782715022563934,5e-05,0.17754992842674255,0.0
3475.0,3475.0,8.0,0.06912858039140701,5e-05,0.2544602155685425,0.0
3476.0,3476.0,8.0,0.062229059636592865,5e-05,0.1322115659713745,0.0
3477.0,3477.0,8.0,0.056674860417842865,5e-05,0.30916234850883484,0.0
3478.0,3478.0,8.0,0.06542402505874634,5e-05,0.1365634948015213,0.0
3479.0,3479.0,8.0,0.07599704712629318,5e-05,0.2306639403104782,0.0
3480.0,3480.0,8.0,0.05741720646619797,5e-05,0.1837889850139618,0.0
3481.0,3481.0,8.0,0.07010339945554733,5e-05,0.24534980952739716,0.0
3482.0,3482.0,8.0,0.06117246299982071,5e-05,0.15134306252002716,0.0
3483.0,3483.0,8.0,0.0645923912525177,5e-05,0.2331053763628006,0.0
3484.0,3484.0,8.0,0.07232900708913803,5e-05,0.2514123320579529,0.0
3485.0,3485.0,8.0,0.06337420642375946,5e-05,0.14548823237419128,0.0
3486.0,3486.0,8.0,0.05095232278108597,5e-05,0.25951090455055237,0.0
3487.0,3487.0,8.0,0.059161555022001266,5e-05,0.25032562017440796,0.0
3488.0,3488.0,8.0,0.05433174967765808,5e-05,0.1740805059671402,0.0
3489.0,3489.0,8.0,0.050404228270053864,5e-05,0.28984177112579346,0.0
3490.0,3490.0,8.0,0.055890731513500214,5e-05,0.26716452836990356,0.0
3491.0,3491.0,8.0,0.054865762591362,5e-05,0.19691994786262512,0.0
3492.0,3492.0,8.0,0.06380963325500488,5e-05,0.21625427901744843,0.0
3493.0,3493.0,8.0,0.06043405458331108,5e-05,0.2206970602273941,0.0
3494.0,3494.0,8.0,0.05722120404243469,5e-05,0.15324589610099792,0.0
3495.0,3495.0,8.0,0.06756871193647385,5e-05,0.2408858835697174,0.0
3496.0,3496.0,8.0,0.05149373039603233,5e-05,0.19626706838607788,0.0
3497.0,3497.0,8.0,0.061804044991731644,5e-05,0.21776336431503296,0.0
3498.0,3498.0,8.0,0.07312750816345215,5e-05,0.2525528371334076,0.0
3499.0,3499.0,8.0,0.06863387674093246,5e-05,0.181881383061409,0.0
3500.0,3500.0,8.0,0.06843844801187515,5e-05,0.23298409581184387,0.0
3501.0,3501.0,8.0,0.07075823098421097,5e-05,0.21469223499298096,0.0
3502.0,3502.0,8.0,0.043343059718608856,5e-05,0.21430866420269012,0.0
3503.0,3503.0,8.0,0.0652696043252945,5e-05,0.17932528257369995,0.0
3504.0,3504.0,8.0,0.06412818282842636,5e-05,0.25209155678749084,0.0
3505.0,3505.0,8.0,0.06922988593578339,5e-05,0.2116858959197998,0.0
3506.0,3506.0,8.0,0.046807367354631424,5e-05,0.15059734880924225,0.0
3507.0,3507.0,8.0,0.05417109280824661,5e-05,0.23724785447120667,0.0
3508.0,3508.0,8.0,0.06892599165439606,5e-05,0.24325443804264069,0.0
3509.0,3509.0,8.0,0.06279405206441879,5e-05,0.24474629759788513,0.0
3510.0,3510.0,8.0,0.0803586095571518,5e-05,0.22392310202121735,0.0
3511.0,3511.0,9.0,0.07136861234903336,5e-05,0.28505879640579224,0.0
3512.0,3512.0,9.0,0.061386629939079285,5e-05,0.2290641963481903,0.0
3513.0,3513.0,9.0,0.07001900672912598,5e-05,0.279356986284256,0.0
3514.0,3514.0,9.0,0.0670696273446083,5e-05,0.228180930018425,0.0
3515.0,3515.0,9.0,0.054404519498348236,5e-05,0.12269221991300583,0.0
3516.0,3516.0,9.0,0.059367112815380096,5e-05,0.20691896975040436,0.0
3517.0,3517.0,9.0,0.06264504790306091,5e-05,0.16684697568416595,0.0
3518.0,3518.0,9.0,0.05171709880232811,5e-05,0.1519724279642105,0.0
3519.0,3519.0,9.0,0.043405573815107346,5e-05,0.23035886883735657,0.0
3520.0,3520.0,9.0,0.05970184504985809,5e-05,0.27265501022338867,0.0
3521.0,3521.0,9.0,0.05847884342074394,5e-05,0.21924959123134613,0.0
3522.0,3522.0,9.0,0.06897486001253128,5e-05,0.22277502715587616,0.0
3523.0,3523.0,9.0,0.061999037861824036,5e-05,0.24728626012802124,0.0
3524.0,3524.0,9.0,0.05016347020864487,5e-05,0.16274544596672058,0.0
3525.0,3525.0,9.0,0.06216178461909294,5e-05,0.2542356848716736,0.0
3526.0,3526.0,9.0,0.0608242005109787,5e-05,0.2331794649362564,0.0
3527.0,3527.0,9.0,0.06475570797920227,5e-05,0.16144108772277832,0.0
3528.0,3528.0,9.0,0.059175923466682434,5e-05,0.27478280663490295,0.0
3529.0,3529.0,9.0,0.060670122504234314,5e-05,0.2081790417432785,0.0
3530.0,3530.0,9.0,0.05547469109296799,5e-05,0.17587585747241974,0.0
3531.0,3531.0,9.0,0.07713648676872253,5e-05,0.2172817885875702,0.0
3532.0,3532.0,9.0,0.05401803180575371,5e-05,0.18232537806034088,0.0
3533.0,3533.0,9.0,0.058080628514289856,5e-05,0.21247544884681702,0.0
3534.0,3534.0,9.0,0.06160653382539749,5e-05,0.1817810833454132,0.0
3535.0,3535.0,9.0,0.06761649250984192,5e-05,0.2609756588935852,0.0
3536.0,3536.0,9.0,0.0817626565694809,5e-05,0.17781595885753632,0.0
3537.0,3537.0,9.0,0.07453057169914246,5e-05,0.23333334922790527,0.0
3538.0,3538.0,9.0,0.0591244250535965,5e-05,0.16872605681419373,0.0
3539.0,3539.0,9.0,0.049380213022232056,5e-05,0.1267046183347702,0.0
3540.0,3540.0,9.0,0.07281225174665451,5e-05,0.27186959981918335,0.0
3541.0,3541.0,9.0,0.07346603274345398,5e-05,0.18723563849925995,0.0
3542.0,3542.0,9.0,0.07540270686149597,5e-05,0.23213346302509308,0.0
3543.0,3543.0,9.0,0.06502516567707062,5e-05,0.19718442857265472,0.0
3544.0,3544.0,9.0,0.05932820960879326,5e-05,0.14603546261787415,0.0
3545.0,3545.0,9.0,0.06389652192592621,5e-05,0.15448492765426636,0.0
3546.0,3546.0,9.0,0.08294959366321564,5e-05,0.20074446499347687,0.0
3547.0,3547.0,9.0,0.05954898148775101,5e-05,0.20110087096691132,0.0
3548.0,3548.0,9.0,0.05470792204141617,5e-05,0.16844910383224487,0.0
3549.0,3549.0,9.0,0.0678790733218193,5e-05,0.2685956060886383,0.0
3550.0,3550.0,9.0,0.06660671532154083,5e-05,0.20549708604812622,0.0
3551.0,3551.0,9.0,0.06469999998807907,5e-05,0.1857873648405075,0.0
3552.0,3552.0,9.0,0.0502912700176239,5e-05,0.17927657067775726,0.0
3553.0,3553.0,9.0,0.06148762255907059,5e-05,0.21229945123195648,0.0
3554.0,3554.0,9.0,0.05905022844672203,5e-05,0.17561118304729462,0.0
3555.0,3555.0,9.0,0.06803415715694427,5e-05,0.20719479024410248,0.0
3556.0,3556.0,9.0,0.06411843746900558,5e-05,0.2200089693069458,0.0
3557.0,3557.0,9.0,0.06986834108829498,5e-05,0.20786207914352417,0.0
3558.0,3558.0,9.0,0.06891424208879471,5e-05,0.2538715898990631,0.0
3559.0,3559.0,9.0,0.05054713040590286,5e-05,0.18490619957447052,0.0
3560.0,3560.0,9.0,0.06293730437755585,5e-05,0.2490292191505432,0.0
3561.0,3561.0,9.0,0.07238997519016266,5e-05,0.21844987571239471,0.0
3562.0,3562.0,9.0,0.07994382083415985,5e-05,0.2354433387517929,0.0
3563.0,3563.0,9.0,0.07186608016490936,5e-05,0.2507273554801941,0.0
3564.0,3564.0,9.0,0.06110620126128197,5e-05,0.254061758518219,0.0
3565.0,3565.0,9.0,0.05481378734111786,5e-05,0.23512935638427734,0.0
3566.0,3566.0,9.0,0.055466428399086,5e-05,0.1221877858042717,0.0
3567.0,3567.0,9.0,0.05976152792572975,5e-05,0.28879642486572266,0.0
3568.0,3568.0,9.0,0.06500974297523499,5e-05,0.20598946511745453,0.0
3569.0,3569.0,9.0,0.06027216836810112,5e-05,0.21487528085708618,0.0
3570.0,3570.0,9.0,0.07675991207361221,5e-05,0.243474543094635,0.0
3571.0,3571.0,9.0,0.0660252571105957,5e-05,0.14069506525993347,0.0
3572.0,3572.0,9.0,0.057988155633211136,5e-05,0.2750535011291504,0.0
3573.0,3573.0,9.0,0.059445254504680634,5e-05,0.2505533993244171,0.0
3574.0,3574.0,9.0,0.06631069630384445,5e-05,0.2691369950771332,0.0
3575.0,3575.0,9.0,0.052543267607688904,5e-05,0.37358736991882324,0.0
3576.0,3576.0,9.0,0.0538455992937088,5e-05,0.2610401511192322,0.0
3577.0,3577.0,9.0,0.06046925485134125,5e-05,0.3468315005302429,0.0
3578.0,3578.0,9.0,0.05868019163608551,5e-05,0.2555513083934784,0.0
3579.0,3579.0,9.0,0.06159138306975365,5e-05,0.27421027421951294,0.0
3580.0,3580.0,9.0,0.05612028390169144,5e-05,0.2825929820537567,0.0
3581.0,3581.0,9.0,0.05299513787031174,5e-05,0.244442418217659,0.0
3582.0,3582.0,9.0,0.05141007900238037,5e-05,0.2383369505405426,0.0
3583.0,3583.0,9.0,0.06101243570446968,5e-05,0.2861657738685608,0.0
3584.0,3584.0,9.0,0.07046177983283997,5e-05,0.22684726119041443,0.0
3585.0,3585.0,9.0,0.08927790820598602,5e-05,0.32724398374557495,0.0
3586.0,3586.0,9.0,0.05303473770618439,5e-05,0.2069966048002243,0.0
3587.0,3587.0,9.0,0.06815915554761887,5e-05,0.3282566964626312,0.0
3588.0,3588.0,9.0,0.05278037488460541,5e-05,0.2960190176963806,0.0
3589.0,3589.0,9.0,0.05619201064109802,5e-05,0.23817288875579834,0.0
3590.0,3590.0,9.0,0.08530990779399872,5e-05,0.21525339782238007,0.0
3591.0,3591.0,9.0,0.07063508778810501,5e-05,0.3436777889728546,0.0
3592.0,3592.0,9.0,0.060853876173496246,5e-05,0.14510484039783478,0.0
3593.0,3593.0,9.0,0.061108555644750595,5e-05,0.2846369445323944,0.0
3594.0,3594.0,9.0,0.05500438064336777,5e-05,0.19639618694782257,0.0
3595.0,3595.0,9.0,0.06355352699756622,5e-05,0.2761816084384918,0.0
3596.0,3596.0,9.0,0.06339004635810852,5e-05,0.3229812681674957,0.0
3597.0,3597.0,9.0,0.06420031934976578,5e-05,0.22339706122875214,0.0
3598.0,3598.0,9.0,0.06553153693675995,5e-05,0.356440007686615,0.0
3599.0,3599.0,9.0,0.05911952257156372,5e-05,0.1117839366197586,0.0
3600.0,3600.0,9.0,0.054830048233270645,5e-05,0.25749754905700684,0.0
3601.0,3601.0,9.0,0.0587594248354435,5e-05,0.17259596288204193,0.0
3602.0,3602.0,9.0,0.05859833583235741,5e-05,0.19343481957912445,0.0
3603.0,3603.0,9.0,0.06477555632591248,5e-05,0.23254738748073578,0.0
3604.0,3604.0,9.0,0.06991572678089142,5e-05,0.1746072769165039,0.0
3605.0,3605.0,9.0,0.06858708709478378,5e-05,0.26985007524490356,0.0
3606.0,3606.0,9.0,0.07543116062879562,5e-05,0.21771737933158875,0.0
3607.0,3607.0,9.0,0.06448666751384735,5e-05,0.20377254486083984,0.0
3608.0,3608.0,9.0,0.06578846275806427,5e-05,0.28502216935157776,0.0
3609.0,3609.0,9.0,0.07262995094060898,5e-05,0.19698593020439148,0.0
3610.0,3610.0,9.0,0.06515365839004517,5e-05,0.2660452425479889,0.0
3611.0,3611.0,9.0,0.06076976656913757,5e-05,0.17827339470386505,0.0
3612.0,3612.0,9.0,0.06271433085203171,5e-05,0.20210275053977966,0.0
3613.0,3613.0,9.0,0.060848601162433624,5e-05,0.21637576818466187,0.0
3614.0,3614.0,9.0,0.05268103629350662,5e-05,0.15500889718532562,0.0
3615.0,3615.0,9.0,0.060470372438430786,5e-05,0.2901499271392822,0.0
3616.0,3616.0,9.0,0.06535694003105164,5e-05,0.2114969938993454,0.0
3617.0,3617.0,9.0,0.06403529644012451,5e-05,0.2567685842514038,0.0
3618.0,3618.0,9.0,0.05187267065048218,5e-05,0.19771113991737366,0.0
3619.0,3619.0,9.0,0.06494498997926712,5e-05,0.1766415685415268,0.0
3620.0,3620.0,9.0,0.07107196003198624,5e-05,0.2036491185426712,0.0
3621.0,3621.0,9.0,0.059077851474285126,5e-05,0.16102012991905212,0.0
3622.0,3622.0,9.0,0.05308353528380394,5e-05,0.16542209684848785,0.0
3623.0,3623.0,9.0,0.05760887637734413,5e-05,0.19372788071632385,0.0
3624.0,3624.0,9.0,0.057740241289138794,5e-05,0.17736093699932098,0.0
3625.0,3625.0,9.0,0.05518077313899994,5e-05,0.14692619442939758,0.0
3626.0,3626.0,9.0,0.07134740054607391,5e-05,0.20046576857566833,0.0
3627.0,3627.0,9.0,0.07020741701126099,5e-05,0.13817912340164185,0.0
3628.0,3628.0,9.0,0.06538400799036026,5e-05,0.14990349113941193,0.0
3629.0,3629.0,9.0,0.06298157572746277,5e-05,0.1531754434108734,0.0
3630.0,3630.0,9.0,0.06495612859725952,5e-05,0.13092006742954254,0.0
3631.0,3631.0,9.0,0.055487170815467834,5e-05,0.22322191298007965,0.0
3632.0,3632.0,9.0,0.057634204626083374,5e-05,0.1461467742919922,0.0
3633.0,3633.0,9.0,0.06602192670106888,5e-05,0.14995059370994568,0.0
3634.0,3634.0,9.0,0.0541977696120739,5e-05,0.1430283784866333,0.0
3635.0,3635.0,9.0,0.05868738144636154,5e-05,0.13165618479251862,0.0
3636.0,3636.0,9.0,0.07165814936161041,5e-05,0.15882578492164612,0.0
3637.0,3637.0,9.0,0.06786027550697327,5e-05,0.12577280402183533,0.0
3638.0,3638.0,9.0,0.06462642550468445,5e-05,0.17581619322299957,0.0
3639.0,3639.0,9.0,0.05132976919412613,5e-05,0.12118776142597198,0.0
3640.0,3640.0,9.0,0.06345526874065399,5e-05,0.1710447371006012,0.0
3641.0,3641.0,9.0,0.06755470484495163,5e-05,0.20811642706394196,0.0
3642.0,3642.0,9.0,0.052561305463314056,5e-05,0.16644339263439178,0.0
3643.0,3643.0,9.0,0.07543380558490753,5e-05,0.17478051781654358,0.0
3644.0,3644.0,9.0,0.060428470373153687,5e-05,0.22480246424674988,0.0
3645.0,3645.0,9.0,0.07072707265615463,5e-05,0.18875747919082642,0.0
3646.0,3646.0,9.0,0.05493313819169998,5e-05,0.19063395261764526,0.0
3647.0,3647.0,9.0,0.062199562788009644,5e-05,0.16260483860969543,0.0
3648.0,3648.0,9.0,0.052420832216739655,5e-05,0.13961632549762726,0.0
3649.0,3649.0,9.0,0.07507608085870743,5e-05,0.1784733682870865,0.0
3650.0,3650.0,9.0,0.07509466260671616,5e-05,0.2097678929567337,0.0
3651.0,3651.0,9.0,0.07368594408035278,5e-05,0.1399894505739212,0.0
3652.0,3652.0,9.0,0.05127038434147835,5e-05,0.20092011988162994,0.0
3653.0,3653.0,9.0,0.05857710540294647,5e-05,0.1857517659664154,0.0
3654.0,3654.0,9.0,0.061775144189596176,5e-05,0.16371700167655945,0.0
3655.0,3655.0,9.0,0.06497535854578018,5e-05,0.1769047975540161,0.0
3656.0,3656.0,9.0,0.05483214557170868,5e-05,0.18643468618392944,0.0
3657.0,3657.0,9.0,0.07408452033996582,5e-05,0.19514359533786774,0.0
3658.0,3658.0,9.0,0.05833462253212929,5e-05,0.15194232761859894,0.0
3659.0,3659.0,9.0,0.06281374394893646,5e-05,0.18707819283008575,0.0
3660.0,3660.0,9.0,0.049996331334114075,5e-05,0.12546135485172272,0.0
3661.0,3661.0,9.0,0.05122935399413109,5e-05,0.12468479573726654,0.0
3662.0,3662.0,9.0,0.04659063369035721,5e-05,0.14422942698001862,0.0
3663.0,3663.0,9.0,0.05752960965037346,5e-05,0.1707838922739029,0.0
3664.0,3664.0,9.0,0.05224990099668503,5e-05,0.1174035370349884,0.0
3665.0,3665.0,9.0,0.06373743712902069,5e-05,0.21216222643852234,0.0
3666.0,3666.0,9.0,0.053242601454257965,5e-05,0.17087823152542114,0.0
3667.0,3667.0,9.0,0.06006069853901863,5e-05,0.12315598875284195,0.0
3668.0,3668.0,9.0,0.07264995574951172,5e-05,0.20600874722003937,0.0
3669.0,3669.0,9.0,0.05245620012283325,5e-05,0.20310305058956146,0.0
3670.0,3670.0,9.0,0.06767702102661133,5e-05,0.18165238201618195,0.0
3671.0,3671.0,9.0,0.06230650097131729,5e-05,0.16763868927955627,0.0
3672.0,3672.0,9.0,0.05977284163236618,5e-05,0.17818379402160645,0.0
3673.0,3673.0,9.0,0.06185857579112053,5e-05,0.15655355155467987,0.0
3674.0,3674.0,9.0,0.07699400186538696,5e-05,0.20924635231494904,0.0
3675.0,3675.0,9.0,0.052901677787303925,5e-05,0.15296684205532074,0.0
3676.0,3676.0,9.0,0.07251030951738358,5e-05,0.20215775072574615,0.0
3677.0,3677.0,9.0,0.051690030843019485,5e-05,0.1211826503276825,0.0
3678.0,3678.0,9.0,0.06389406323432922,5e-05,0.20979830622673035,0.0
3679.0,3679.0,9.0,0.05842433497309685,5e-05,0.1858637034893036,0.0
3680.0,3680.0,9.0,0.05068012326955795,5e-05,0.17697446048259735,0.0
3681.0,3681.0,9.0,0.06714421510696411,5e-05,0.21449925005435944,0.0
3682.0,3682.0,9.0,0.07296380400657654,5e-05,0.18027037382125854,0.0
3683.0,3683.0,9.0,0.057146698236465454,5e-05,0.2325139343738556,0.0
3684.0,3684.0,9.0,0.0642598494887352,5e-05,0.14206664264202118,0.0
3685.0,3685.0,9.0,0.06882324069738388,5e-05,0.2689201235771179,0.0
3686.0,3686.0,9.0,0.0588977113366127,5e-05,0.1634661853313446,0.0
3687.0,3687.0,9.0,0.06099146977066994,5e-05,0.21946962177753448,0.0
3688.0,3688.0,9.0,0.050146717578172684,5e-05,0.2119472473859787,0.0
3689.0,3689.0,9.0,0.04771297797560692,5e-05,0.1336291879415512,0.0
3690.0,3690.0,9.0,0.05765365809202194,5e-05,0.2366635650396347,0.0
3691.0,3691.0,9.0,0.0564962774515152,5e-05,0.14058856666088104,0.0
3692.0,3692.0,9.0,0.05599308758974075,5e-05,0.22334463894367218,0.0
3693.0,3693.0,9.0,0.06392381340265274,5e-05,0.25731727480888367,0.0
3694.0,3694.0,9.0,0.06142472103238106,5e-05,0.213109090924263,0.0
3695.0,3695.0,9.0,0.05733469873666763,5e-05,0.20095320045948029,0.0
3696.0,3696.0,9.0,0.05939260870218277,5e-05,0.2544602155685425,0.0
3697.0,3697.0,9.0,0.0604776032269001,5e-05,0.12019503861665726,0.0
3698.0,3698.0,9.0,0.055613789707422256,5e-05,0.2932685911655426,0.0
3699.0,3699.0,9.0,0.06537619233131409,5e-05,0.1957099586725235,0.0
3700.0,3700.0,9.0,0.05971047282218933,5e-05,0.19424103200435638,0.0
3701.0,3701.0,9.0,0.05800442397594452,5e-05,0.2128436416387558,0.0
3702.0,3702.0,9.0,0.042645495384931564,5e-05,0.1415146291255951,0.0
3703.0,3703.0,9.0,0.056309960782527924,5e-05,0.1799352616071701,0.0
3704.0,3704.0,9.0,0.058551400899887085,5e-05,0.28257593512535095,0.0
3705.0,3705.0,9.0,0.059308379888534546,5e-05,0.18419644236564636,0.0
3706.0,3706.0,9.0,0.06033017486333847,5e-05,0.2187570035457611,0.0
3707.0,3707.0,9.0,0.06053205952048302,5e-05,0.28618115186691284,0.0
3708.0,3708.0,9.0,0.05271048843860626,5e-05,0.23604394495487213,0.0
3709.0,3709.0,9.0,0.05566544085741043,5e-05,0.28541505336761475,0.0
3710.0,3710.0,9.0,0.05798301473259926,5e-05,0.29244425892829895,0.0
3711.0,3711.0,9.0,0.055910684168338776,5e-05,0.27155494689941406,0.0
3712.0,3712.0,9.0,0.052570320665836334,5e-05,0.16420798003673553,0.0
3713.0,3713.0,9.0,0.0483691543340683,5e-05,0.3537522256374359,0.0
3714.0,3714.0,9.0,0.048574261367321014,5e-05,0.16549921035766602,0.0
3715.0,3715.0,9.0,0.06935043632984161,5e-05,0.24078065156936646,0.0
3716.0,3716.0,9.0,0.05370847135782242,5e-05,0.22024290263652802,0.0
3717.0,3717.0,9.0,0.05086050182580948,5e-05,0.24648456275463104,0.0
3718.0,3718.0,9.0,0.06066643446683884,5e-05,0.15933585166931152,0.0
3719.0,3719.0,9.0,0.06768205761909485,5e-05,0.15755131840705872,0.0
3720.0,3720.0,9.0,0.05314192548394203,5e-05,0.27997034788131714,0.0
3721.0,3721.0,9.0,0.06873205304145813,5e-05,0.19499635696411133,0.0
3722.0,3722.0,9.0,0.05858314409852028,5e-05,0.28174540400505066,0.0
3723.0,3723.0,9.0,0.06513014435768127,5e-05,0.21629223227500916,0.0
3724.0,3724.0,9.0,0.062160514295101166,5e-05,0.26728811860084534,0.0
3725.0,3725.0,9.0,0.06090130656957626,5e-05,0.24307683110237122,0.0
3726.0,3726.0,9.0,0.07617924362421036,5e-05,0.2677824795246124,0.0
3727.0,3727.0,9.0,0.0558488629758358,5e-05,0.25204402208328247,0.0
3728.0,3728.0,9.0,0.04649312421679497,5e-05,0.1741548329591751,0.0
3729.0,3729.0,9.0,0.05120397359132767,5e-05,0.26788726449012756,0.0
3730.0,3730.0,9.0,0.06774520874023438,5e-05,0.18917934596538544,0.0
3731.0,3731.0,9.0,0.06642358005046844,5e-05,0.31274980306625366,0.0
3732.0,3732.0,9.0,0.07343828678131104,5e-05,0.2261788696050644,0.0
3733.0,3733.0,9.0,0.06035827845335007,5e-05,0.27184125781059265,0.0
3734.0,3734.0,9.0,0.06573759019374847,5e-05,0.21774087846279144,0.0
3735.0,3735.0,9.0,0.05346076935529709,5e-05,0.22973370552062988,0.0
3736.0,3736.0,9.0,0.07702673971652985,5e-05,0.26691415905952454,0.0
3737.0,3737.0,9.0,0.07162921130657196,5e-05,0.18067464232444763,0.0
3738.0,3738.0,9.0,0.05584002658724785,5e-05,0.2772321403026581,0.0
3739.0,3739.0,9.0,0.061668217182159424,5e-05,0.21769434213638306,0.0
3740.0,3740.0,9.0,0.06558050215244293,5e-05,0.222660094499588,0.0
3741.0,3741.0,9.0,0.06345420330762863,5e-05,0.21355821192264557,0.0
3742.0,3742.0,9.0,0.054239384829998016,5e-05,0.1663530170917511,0.0
3743.0,3743.0,9.0,0.05378810316324234,5e-05,0.200752854347229,0.0
3744.0,3744.0,9.0,0.07000154256820679,5e-05,0.23104643821716309,0.0
3745.0,3745.0,9.0,0.06736737489700317,5e-05,0.17214339971542358,0.0
3746.0,3746.0,9.0,0.060857634991407394,5e-05,0.19889429211616516,0.0
3747.0,3747.0,9.0,0.06318502128124237,5e-05,0.20775748789310455,0.0
3748.0,3748.0,9.0,0.0538652166724205,5e-05,0.1670280396938324,0.0
3749.0,3749.0,9.0,0.060501180589199066,5e-05,0.2544174790382385,0.0
3750.0,3750.0,9.0,0.06557019799947739,5e-05,0.24782703816890717,0.0
3751.0,3751.0,9.0,0.051468074321746826,5e-05,0.1475115716457367,0.0
3752.0,3752.0,9.0,0.057314690202474594,5e-05,0.27397453784942627,0.0
3753.0,3753.0,9.0,0.057235345244407654,5e-05,0.10812065750360489,0.0
3754.0,3754.0,9.0,0.06040104851126671,5e-05,0.2252998948097229,0.0
3755.0,3755.0,9.0,0.06828427314758301,5e-05,0.18998491764068604,0.0
3756.0,3756.0,9.0,0.07389301061630249,5e-05,0.2367517501115799,0.0
3757.0,3757.0,9.0,0.06125795841217041,5e-05,0.1602107584476471,0.0
3758.0,3758.0,9.0,0.04935208335518837,5e-05,0.13954736292362213,0.0
3759.0,3759.0,9.0,0.06071178987622261,5e-05,0.17565174400806427,0.0
3760.0,3760.0,9.0,0.07333239912986755,5e-05,0.1934986561536789,0.0
3761.0,3761.0,9.0,0.050945840775966644,5e-05,0.1504402607679367,0.0
3762.0,3762.0,9.0,0.04829186946153641,5e-05,0.15881748497486115,0.0
3763.0,3763.0,9.0,0.06120434030890465,5e-05,0.23300625383853912,0.0
3764.0,3764.0,9.0,0.06573973596096039,5e-05,0.16231705248355865,0.0
3765.0,3765.0,9.0,0.0691394954919815,5e-05,0.1832493096590042,0.0
3766.0,3766.0,9.0,0.06852574646472931,5e-05,0.15235114097595215,0.0
3767.0,3767.0,9.0,0.05206242948770523,5e-05,0.21021880209445953,0.0
3768.0,3768.0,9.0,0.04793597757816315,5e-05,0.13173337280750275,0.0
3769.0,3769.0,9.0,0.04268350079655647,5e-05,0.12204742431640625,0.0
3770.0,3770.0,9.0,0.07242383062839508,5e-05,0.17293545603752136,0.0
3771.0,3771.0,9.0,0.05759911239147186,5e-05,0.1430785208940506,0.0
3772.0,3772.0,9.0,0.05441727116703987,5e-05,0.16296295821666718,0.0
3773.0,3773.0,9.0,0.06967703998088837,5e-05,0.1725083887577057,0.0
3774.0,3774.0,9.0,0.06268250942230225,5e-05,0.171945258975029,0.0
3775.0,3775.0,9.0,0.05856659263372421,5e-05,0.17673979699611664,0.0
3776.0,3776.0,9.0,0.057885464280843735,5e-05,0.17373184859752655,0.0
3777.0,3777.0,9.0,0.05949019640684128,5e-05,0.17468585073947906,0.0
3778.0,3778.0,9.0,0.07029911875724792,5e-05,0.1888519525527954,0.0
3779.0,3779.0,9.0,0.06726384162902832,5e-05,0.20733486115932465,0.0
3780.0,3780.0,9.0,0.06752581149339676,5e-05,0.16754913330078125,0.0
3781.0,3781.0,9.0,0.06874027848243713,5e-05,0.25439295172691345,0.0
3782.0,3782.0,9.0,0.06038695573806763,5e-05,0.17686337232589722,0.0
3783.0,3783.0,9.0,0.0602865032851696,5e-05,0.21118253469467163,0.0
3784.0,3784.0,9.0,0.040469810366630554,5e-05,0.17977139353752136,0.0
3785.0,3785.0,9.0,0.06945694237947464,5e-05,0.237221360206604,0.0
3786.0,3786.0,9.0,0.06588001549243927,5e-05,0.14421367645263672,0.0
3787.0,3787.0,9.0,0.06028982996940613,5e-05,0.21677106618881226,0.0
3788.0,3788.0,9.0,0.057726942002773285,5e-05,0.16761399805545807,0.0
3789.0,3789.0,9.0,0.06327895075082779,5e-05,0.14807139337062836,0.0
3790.0,3790.0,9.0,0.059638433158397675,5e-05,0.21405157446861267,0.0
3791.0,3791.0,9.0,0.061459969729185104,5e-05,0.2213916778564453,0.0
3792.0,3792.0,9.0,0.06354586780071259,5e-05,0.18546247482299805,0.0
3793.0,3793.0,9.0,0.05794315040111542,5e-05,0.2146540880203247,0.0
3794.0,3794.0,9.0,0.058388687670230865,5e-05,0.16508418321609497,0.0
3795.0,3795.0,9.0,0.06446055322885513,5e-05,0.14403609931468964,0.0
3796.0,3796.0,9.0,0.07245798408985138,5e-05,0.23640185594558716,0.0
3797.0,3797.0,9.0,0.061681948602199554,5e-05,0.11973293125629425,0.0
3798.0,3798.0,9.0,0.057028044015169144,5e-05,0.23756268620491028,0.0
3799.0,3799.0,9.0,0.0702352225780487,5e-05,0.2041139155626297,0.0
3800.0,3800.0,9.0,0.06900672614574432,5e-05,0.2666590213775635,0.0
3801.0,3801.0,9.0,0.06621021777391434,5e-05,0.19370736181735992,0.0
3802.0,3802.0,9.0,0.062104739248752594,5e-05,0.19209066033363342,0.0
3803.0,3803.0,9.0,0.06434972584247589,5e-05,0.29354777932167053,0.0
3804.0,3804.0,9.0,0.06656941771507263,5e-05,0.2596687376499176,0.0
3805.0,3805.0,9.0,0.06628492474555969,5e-05,0.27367231249809265,0.0
3806.0,3806.0,9.0,0.07429325580596924,5e-05,0.29717907309532166,0.0
3807.0,3807.0,9.0,0.062406864017248154,5e-05,0.18884912133216858,0.0
3808.0,3808.0,9.0,0.05403043329715729,5e-05,0.3477208614349365,0.0
3809.0,3809.0,9.0,0.061704330146312714,5e-05,0.1750163584947586,0.0
3810.0,3810.0,9.0,0.05620945990085602,5e-05,0.3249122202396393,0.0
3811.0,3811.0,9.0,0.052476827055215836,5e-05,0.14704090356826782,0.0
3812.0,3812.0,9.0,0.06478914618492126,5e-05,0.24534058570861816,0.0
3813.0,3813.0,9.0,0.05039786174893379,5e-05,0.20900626480579376,0.0
3814.0,3814.0,9.0,0.072038933634758,5e-05,0.22580425441265106,0.0
3815.0,3815.0,9.0,0.058580536395311356,5e-05,0.23575980961322784,0.0
3816.0,3816.0,9.0,0.06168096885085106,5e-05,0.265950083732605,0.0
3817.0,3817.0,9.0,0.05411559343338013,5e-05,0.21216899156570435,0.0
3818.0,3818.0,9.0,0.05714546889066696,5e-05,0.20192593336105347,0.0
3819.0,3819.0,9.0,0.06896451115608215,5e-05,0.21063275635242462,0.0
3820.0,3820.0,9.0,0.06846728920936584,5e-05,0.17192615568637848,0.0
3821.0,3821.0,9.0,0.07319515943527222,5e-05,0.1622762233018875,0.0
3822.0,3822.0,9.0,0.05612882971763611,5e-05,0.13281682133674622,0.0
3823.0,3823.0,9.0,0.06328977644443512,5e-05,0.1328420341014862,0.0
3824.0,3824.0,9.0,0.05759205296635628,5e-05,0.14761705696582794,0.0
3825.0,3825.0,9.0,0.07023616135120392,5e-05,0.15997865796089172,0.0
3826.0,3826.0,9.0,0.056067779660224915,5e-05,0.12595243752002716,0.0
3827.0,3827.0,9.0,0.05204720050096512,5e-05,0.16943934559822083,0.0
3828.0,3828.0,9.0,0.04508514329791069,5e-05,0.13295534253120422,0.0
3829.0,3829.0,9.0,0.05457485094666481,5e-05,0.17658495903015137,0.0
3830.0,3830.0,9.0,0.05415407568216324,5e-05,0.1559634655714035,0.0
3831.0,3831.0,9.0,0.04743534326553345,5e-05,0.1207779049873352,0.0
3832.0,3832.0,9.0,0.05744925141334534,5e-05,0.16908012330532074,0.0
3833.0,3833.0,9.0,0.0627816841006279,5e-05,0.23743461072444916,0.0
3834.0,3834.0,9.0,0.07961299270391464,5e-05,0.2089173048734665,0.0
3835.0,3835.0,9.0,0.05232670158147812,5e-05,0.21764689683914185,0.0
3836.0,3836.0,9.0,0.08041094988584518,5e-05,0.28032025694847107,0.0
3837.0,3837.0,9.0,0.05915360897779465,5e-05,0.19476161897182465,0.0
3838.0,3838.0,9.0,0.0631142258644104,5e-05,0.2642236649990082,0.0
3839.0,3839.0,9.0,0.06637422740459442,5e-05,0.14410850405693054,0.0
3840.0,3840.0,9.0,0.06243100017309189,5e-05,0.23161955177783966,0.0
3841.0,3841.0,9.0,0.05604869872331619,5e-05,0.18254928290843964,0.0
3842.0,3842.0,9.0,0.0566711351275444,5e-05,0.17454169690608978,0.0
3843.0,3843.0,9.0,0.08826553821563721,5e-05,0.1996092051267624,0.0
3844.0,3844.0,9.0,0.0586632564663887,5e-05,0.2184879332780838,0.0
3845.0,3845.0,9.0,0.06278696656227112,5e-05,0.19636070728302002,0.0
3846.0,3846.0,9.0,0.05108724534511566,5e-05,0.1261221468448639,0.0
3847.0,3847.0,9.0,0.06020568311214447,5e-05,0.25985950231552124,0.0
3848.0,3848.0,9.0,0.05984523892402649,5e-05,0.14657029509544373,0.0
3849.0,3849.0,9.0,0.0699845403432846,5e-05,0.1761864870786667,0.0
3850.0,3850.0,9.0,0.08057558536529541,5e-05,0.2235952764749527,0.0
3851.0,3851.0,9.0,0.06525250524282455,5e-05,0.15044823288917542,0.0
3852.0,3852.0,9.0,0.0630197823047638,5e-05,0.20256972312927246,0.0
3853.0,3853.0,9.0,0.06065329164266586,5e-05,0.1889222115278244,0.0
3854.0,3854.0,9.0,0.052125003188848495,5e-05,0.23007623851299286,0.0
3855.0,3855.0,9.0,0.06390941888093948,5e-05,0.1734633594751358,0.0
3856.0,3856.0,9.0,0.05809452757239342,5e-05,0.24182751774787903,0.0
3857.0,3857.0,9.0,0.06571224331855774,5e-05,0.2197265326976776,0.0
3858.0,3858.0,9.0,0.0552402064204216,5e-05,0.14333340525627136,0.0
3859.0,3859.0,9.0,0.06029635667800903,5e-05,0.21498771011829376,0.0
3860.0,3860.0,9.0,0.06932277977466583,5e-05,0.1586964726448059,0.0
3861.0,3861.0,9.0,0.06631065160036087,5e-05,0.2156146615743637,0.0
3862.0,3862.0,9.0,0.05463659018278122,5e-05,0.11085808277130127,0.0
3863.0,3863.0,9.0,0.06905573606491089,5e-05,0.22667193412780762,0.0
3864.0,3864.0,9.0,0.061994921416044235,5e-05,0.16933222115039825,0.0
3865.0,3865.0,9.0,0.07522905617952347,5e-05,0.1901252269744873,0.0
3866.0,3866.0,9.0,0.06096775829792023,5e-05,0.13597697019577026,0.0
3867.0,3867.0,9.0,0.05799025669693947,5e-05,0.15901288390159607,0.0
3868.0,3868.0,9.0,0.07600697129964828,5e-05,0.2028639316558838,0.0
3869.0,3869.0,9.0,0.05245225876569748,5e-05,0.1658024936914444,0.0
3870.0,3870.0,9.0,0.07273662090301514,5e-05,0.20963549613952637,0.0
3871.0,3871.0,9.0,0.06327889859676361,5e-05,0.22309409081935883,0.0
3872.0,3872.0,9.0,0.06426077336072922,5e-05,0.14432187378406525,0.0
3873.0,3873.0,9.0,0.08140842616558075,5e-05,0.16941173374652863,0.0
3874.0,3874.0,9.0,0.06882420182228088,5e-05,0.1610030084848404,0.0
3875.0,3875.0,9.0,0.063957080245018,5e-05,0.1470925360918045,0.0
3876.0,3876.0,9.0,0.058739110827445984,5e-05,0.15320824086666107,0.0
3877.0,3877.0,9.0,0.055640459060668945,5e-05,0.18160147964954376,0.0
3878.0,3878.0,9.0,0.05949573591351509,5e-05,0.2074211686849594,0.0
3879.0,3879.0,9.0,0.06255419552326202,5e-05,0.14382582902908325,0.0
3880.0,3880.0,9.0,0.059276774525642395,5e-05,0.17890265583992004,0.0
3881.0,3881.0,9.0,0.06661909073591232,5e-05,0.18307971954345703,0.0
3882.0,3882.0,9.0,0.06006743758916855,5e-05,0.13979730010032654,0.0
3883.0,3883.0,9.0,0.05584653839468956,5e-05,0.2066332846879959,0.0
3884.0,3884.0,9.0,0.057152263820171356,5e-05,0.16764342784881592,0.0
3885.0,3885.0,9.0,0.062475673854351044,5e-05,0.18582823872566223,0.0
3886.0,3886.0,9.0,0.06961379945278168,5e-05,0.1914193481206894,0.0
3887.0,3887.0,9.0,0.06852737069129944,5e-05,0.24301370978355408,0.0
3888.0,3888.0,9.0,0.07856831699609756,5e-05,0.21045544743537903,0.0
3889.0,3889.0,9.0,0.05918877199292183,5e-05,0.2037566900253296,0.0
3890.0,3890.0,9.0,0.07429008185863495,5e-05,0.23503521084785461,0.0
3891.0,3891.0,9.0,0.06308059394359589,5e-05,0.21070356667041779,0.0
3892.0,3892.0,9.0,0.0544712096452713,5e-05,0.22550992667675018,0.0
3893.0,3893.0,9.0,0.07002899795770645,5e-05,0.22920313477516174,0.0
3894.0,3894.0,9.0,0.07032645493745804,5e-05,0.16583077609539032,0.0
3895.0,3895.0,9.0,0.053383778780698776,5e-05,0.16638213396072388,0.0
3896.0,3896.0,9.0,0.056944526731967926,5e-05,0.1678023785352707,0.0
3897.0,3897.0,9.0,0.06982841342687607,5e-05,0.19121499359607697,0.0
3898.0,3898.0,9.0,0.050438832491636276,5e-05,0.1703871637582779,0.0
3899.0,3899.0,9.0,0.06219516694545746,5e-05,0.17625610530376434,0.0
3900.0,3900.0,9.0,0.05453808605670929,5e-05,0.22497832775115967,0.0
3901.0,3901.0,10.0,0.06477740406990051,5e-05,0.17117567360401154,0.0
3902.0,3902.0,10.0,0.04698795825242996,5e-05,0.2846429646015167,0.0
3903.0,3903.0,10.0,0.06771141290664673,5e-05,0.18659111857414246,0.0
3904.0,3904.0,10.0,0.06018276512622833,5e-05,0.26397937536239624,0.0
3905.0,3905.0,10.0,0.051325056701898575,5e-05,0.2106279730796814,0.0
3906.0,3906.0,10.0,0.061076436191797256,5e-05,0.17736925184726715,0.0
3907.0,3907.0,10.0,0.05309532582759857,5e-05,0.3612312972545624,0.0
3908.0,3908.0,10.0,0.05274004116654396,5e-05,0.15624308586120605,0.0
3909.0,3909.0,10.0,0.055587686598300934,5e-05,0.29262658953666687,0.0
3910.0,3910.0,10.0,0.05113670229911804,5e-05,0.22222307324409485,0.0
3911.0,3911.0,10.0,0.06488148868083954,5e-05,0.2853526175022125,0.0
3912.0,3912.0,10.0,0.06347058713436127,5e-05,0.26935282349586487,0.0
3913.0,3913.0,10.0,0.05942822992801666,5e-05,0.2369677722454071,0.0
3914.0,3914.0,10.0,0.05862749367952347,5e-05,0.26966196298599243,0.0
3915.0,3915.0,10.0,0.0616377517580986,5e-05,0.18548224866390228,0.0
3916.0,3916.0,10.0,0.06558305025100708,5e-05,0.2885987162590027,0.0
3917.0,3917.0,10.0,0.05214320123195648,5e-05,0.24784450232982635,0.0
3918.0,3918.0,10.0,0.060027725994586945,5e-05,0.22865533828735352,0.0
3919.0,3919.0,10.0,0.06973696500062943,5e-05,0.33822453022003174,0.0
3920.0,3920.0,10.0,0.05036307871341705,5e-05,0.22003114223480225,0.0
3921.0,3921.0,10.0,0.05506422370672226,5e-05,0.3602919280529022,0.0
3922.0,3922.0,10.0,0.051038939505815506,5e-05,0.20392656326293945,0.0
3923.0,3923.0,10.0,0.06515353918075562,5e-05,0.36974066495895386,0.0
3924.0,3924.0,10.0,0.06598654389381409,5e-05,0.25151288509368896,0.0
3925.0,3925.0,10.0,0.0643843412399292,5e-05,0.35572269558906555,0.0
3926.0,3926.0,10.0,0.06567367911338806,5e-05,0.3559959828853607,0.0
3927.0,3927.0,10.0,0.05625438690185547,5e-05,0.2338539958000183,0.0
3928.0,3928.0,10.0,0.060676172375679016,5e-05,0.524337887763977,0.0
3929.0,3929.0,10.0,0.06423364579677582,5e-05,0.21565096080303192,0.0
3930.0,3930.0,10.0,0.05534252151846886,5e-05,0.43702834844589233,0.0
3931.0,3931.0,10.0,0.06888474524021149,5e-05,0.23297512531280518,0.0
3932.0,3932.0,10.0,0.07229943573474884,5e-05,0.2970086634159088,0.0
3933.0,3933.0,10.0,0.057256098836660385,5e-05,0.3948078155517578,0.0
3934.0,3934.0,10.0,0.06162235140800476,5e-05,0.16085092723369598,0.0
3935.0,3935.0,10.0,0.048009466379880905,5e-05,0.35328078269958496,0.0
3936.0,3936.0,10.0,0.07616312801837921,5e-05,0.24176374077796936,0.0
3937.0,3937.0,10.0,0.05607812851667404,5e-05,0.21253350377082825,0.0
3938.0,3938.0,10.0,0.061713896691799164,5e-05,0.3911120891571045,0.0
3939.0,3939.0,10.0,0.06393472105264664,5e-05,0.22330136597156525,0.0
3940.0,3940.0,10.0,0.048182640224695206,5e-05,0.2825838029384613,0.0
3941.0,3941.0,10.0,0.058158088475465775,5e-05,0.24153998494148254,0.0
3942.0,3942.0,10.0,0.0761987715959549,5e-05,0.16437864303588867,0.0
3943.0,3943.0,10.0,0.06086399778723717,5e-05,0.3747371435165405,0.0
3944.0,3944.0,10.0,0.06134745478630066,5e-05,0.16356374323368073,0.0
3945.0,3945.0,10.0,0.0670086070895195,5e-05,0.3399317264556885,0.0
3946.0,3946.0,10.0,0.07390238344669342,5e-05,0.1353754997253418,0.0
3947.0,3947.0,10.0,0.06680644303560257,5e-05,0.2426188439130783,0.0
3948.0,3948.0,10.0,0.0590694397687912,5e-05,0.23309962451457977,0.0
3949.0,3949.0,10.0,0.048140183091163635,5e-05,0.12226559966802597,0.0
3950.0,3950.0,10.0,0.04638630524277687,5e-05,0.1864045113325119,0.0
3951.0,3951.0,10.0,0.06586813926696777,5e-05,0.2457282692193985,0.0
3952.0,3952.0,10.0,0.05600094422698021,5e-05,0.19539980590343475,0.0
3953.0,3953.0,10.0,0.059237901121377945,5e-05,0.23888610303401947,0.0
3954.0,3954.0,10.0,0.053143858909606934,5e-05,0.2295069694519043,0.0
3955.0,3955.0,10.0,0.05476053059101105,5e-05,0.25686952471733093,0.0
3956.0,3956.0,10.0,0.07109399139881134,5e-05,0.16195856034755707,0.0
3957.0,3957.0,10.0,0.06022462248802185,5e-05,0.18985939025878906,0.0
3958.0,3958.0,10.0,0.05496133118867874,5e-05,0.1714526265859604,0.0
3959.0,3959.0,10.0,0.05413251370191574,5e-05,0.14461731910705566,0.0
3960.0,3960.0,10.0,0.0673285722732544,5e-05,0.21829459071159363,0.0
3961.0,3961.0,10.0,0.06638164818286896,5e-05,0.2247270792722702,0.0
3962.0,3962.0,10.0,0.057995375245809555,5e-05,0.1532069593667984,0.0
3963.0,3963.0,10.0,0.06723763048648834,5e-05,0.21973568201065063,0.0
3964.0,3964.0,10.0,0.0643574520945549,5e-05,0.18737167119979858,0.0
3965.0,3965.0,10.0,0.06350798159837723,5e-05,0.18453069031238556,0.0
3966.0,3966.0,10.0,0.060149185359478,5e-05,0.26118722558021545,0.0
3967.0,3967.0,10.0,0.08437615633010864,5e-05,0.2478281855583191,0.0
3968.0,3968.0,10.0,0.061443690210580826,5e-05,0.23577754199504852,0.0
3969.0,3969.0,10.0,0.06443679332733154,5e-05,0.2616196274757385,0.0
3970.0,3970.0,10.0,0.06285923719406128,5e-05,0.2118767350912094,0.0
3971.0,3971.0,10.0,0.05493168532848358,5e-05,0.244237020611763,0.0
3972.0,3972.0,10.0,0.06763838976621628,5e-05,0.352253794670105,0.0
3973.0,3973.0,10.0,0.06776347756385803,5e-05,0.29284003376960754,0.0
3974.0,3974.0,10.0,0.05877205729484558,5e-05,0.3034643828868866,0.0
3975.0,3975.0,10.0,0.07452668994665146,5e-05,0.15612556040287018,0.0
3976.0,3976.0,10.0,0.05925491452217102,5e-05,0.3024676740169525,0.0
3977.0,3977.0,10.0,0.06539855152368546,5e-05,0.27558696269989014,0.0
3978.0,3978.0,10.0,0.0628156065940857,5e-05,0.1707688868045807,0.0
3979.0,3979.0,10.0,0.05338265001773834,5e-05,0.2547760009765625,0.0
3980.0,3980.0,10.0,0.0601097047328949,5e-05,0.29121133685112,0.0
3981.0,3981.0,10.0,0.07085927575826645,5e-05,0.17274686694145203,0.0
3982.0,3982.0,10.0,0.06697892397642136,5e-05,0.29339635372161865,0.0
3983.0,3983.0,10.0,0.05799518898129463,5e-05,0.22659607231616974,0.0
3984.0,3984.0,10.0,0.07651419192552567,5e-05,0.16039668023586273,0.0
3985.0,3985.0,10.0,0.06750603020191193,5e-05,0.24649718403816223,0.0
3986.0,3986.0,10.0,0.06264249980449677,5e-05,0.18902111053466797,0.0
3987.0,3987.0,10.0,0.05134652554988861,5e-05,0.19316338002681732,0.0
3988.0,3988.0,10.0,0.05530866980552673,5e-05,0.21863649785518646,0.0
3989.0,3989.0,10.0,0.07736796885728836,5e-05,0.2284197062253952,0.0
3990.0,3990.0,10.0,0.06421574205160141,5e-05,0.2276909351348877,0.0
3991.0,3991.0,10.0,0.06161338835954666,5e-05,0.27062949538230896,0.0
3992.0,3992.0,10.0,0.06688527017831802,5e-05,0.25522124767303467,0.0
3993.0,3993.0,10.0,0.061310432851314545,5e-05,0.26404616236686707,0.0
3994.0,3994.0,10.0,0.06981112062931061,5e-05,0.22801253199577332,0.0
3995.0,3995.0,10.0,0.06375449895858765,5e-05,0.21458572149276733,0.0
3996.0,3996.0,10.0,0.06094259023666382,5e-05,0.1972804069519043,0.0
3997.0,3997.0,10.0,0.04513128101825714,5e-05,0.16999733448028564,0.0
3998.0,3998.0,10.0,0.07109713554382324,5e-05,0.2243189811706543,0.0
3999.0,3999.0,10.0,0.06818804144859314,5e-05,0.187514528632164,0.0
4000.0,4000.0,10.0,0.06953200697898865,5e-05,0.21475191414356232,0.0
4001.0,4001.0,10.0,0.061525337398052216,5e-05,0.21406830847263336,0.0
4002.0,4002.0,10.0,0.05882339924573898,5e-05,0.18204209208488464,0.0
4003.0,4003.0,10.0,0.07629840075969696,5e-05,0.17864379286766052,0.0
4004.0,4004.0,10.0,0.050969116389751434,5e-05,0.20079289376735687,0.0
4005.0,4005.0,10.0,0.055423084646463394,5e-05,0.2685379385948181,0.0
4006.0,4006.0,10.0,0.052062973380088806,5e-05,0.17765772342681885,0.0
4007.0,4007.0,10.0,0.05966489389538765,5e-05,0.28245124220848083,0.0
4008.0,4008.0,10.0,0.0676213800907135,5e-05,0.21676330268383026,0.0
4009.0,4009.0,10.0,0.05987484008073807,5e-05,0.22163601219654083,0.0
4010.0,4010.0,10.0,0.06381791830062866,5e-05,0.22018387913703918,0.0
4011.0,4011.0,10.0,0.058255478739738464,5e-05,0.20314942300319672,0.0
4012.0,4012.0,10.0,0.0668676570057869,5e-05,0.24350783228874207,0.0
4013.0,4013.0,10.0,0.0790039449930191,5e-05,0.2167801558971405,0.0
4014.0,4014.0,10.0,0.06555639207363129,5e-05,0.19453302025794983,0.0
4015.0,4015.0,10.0,0.07197075337171555,5e-05,0.23255783319473267,0.0
4016.0,4016.0,10.0,0.07103566080331802,5e-05,0.25028669834136963,0.0
4017.0,4017.0,10.0,0.0561906136572361,5e-05,0.25588640570640564,0.0
4018.0,4018.0,10.0,0.06197553873062134,5e-05,0.26878464221954346,0.0
4019.0,4019.0,10.0,0.06252899020910263,5e-05,0.1806318461894989,0.0
4020.0,4020.0,10.0,0.07983312010765076,5e-05,0.33504942059516907,0.0
4021.0,4021.0,10.0,0.048546481877565384,5e-05,0.18319475650787354,0.0
4022.0,4022.0,10.0,0.053487785160541534,5e-05,0.18801409006118774,0.0
4023.0,4023.0,10.0,0.05666273832321167,5e-05,0.2579971253871918,0.0
4024.0,4024.0,10.0,0.05785616114735603,5e-05,0.14483323693275452,0.0
4025.0,4025.0,10.0,0.05401000380516052,5e-05,0.19936387240886688,0.0
4026.0,4026.0,10.0,0.0722028985619545,5e-05,0.17234307527542114,0.0
4027.0,4027.0,10.0,0.05334661155939102,5e-05,0.16898959875106812,0.0
4028.0,4028.0,10.0,0.05605097860097885,5e-05,0.22627411782741547,0.0
4029.0,4029.0,10.0,0.05393489450216293,5e-05,0.15858475863933563,0.0
4030.0,4030.0,10.0,0.06072288379073143,5e-05,0.21479956805706024,0.0
4031.0,4031.0,10.0,0.06069406867027283,5e-05,0.20416872203350067,0.0
4032.0,4032.0,10.0,0.0497138686478138,5e-05,0.279500812292099,0.0
4033.0,4033.0,10.0,0.04956429451704025,5e-05,0.174661785364151,0.0
4034.0,4034.0,10.0,0.062020450830459595,5e-05,0.2315066009759903,0.0
4035.0,4035.0,10.0,0.049710988998413086,5e-05,0.22460614144802094,0.0
4036.0,4036.0,10.0,0.06165645271539688,5e-05,0.1719399243593216,0.0
4037.0,4037.0,10.0,0.0628306046128273,5e-05,0.18506813049316406,0.0
4038.0,4038.0,10.0,0.06160987541079521,5e-05,0.1544637531042099,0.0
4039.0,4039.0,10.0,0.05325218290090561,5e-05,0.1669652909040451,0.0
4040.0,4040.0,10.0,0.06598803400993347,5e-05,0.13328923285007477,0.0
4041.0,4041.0,10.0,0.04666481912136078,5e-05,0.15738250315189362,0.0
4042.0,4042.0,10.0,0.05224456638097763,5e-05,0.14481543004512787,0.0
4043.0,4043.0,10.0,0.06749479472637177,5e-05,0.14379380643367767,0.0
4044.0,4044.0,10.0,0.05867301672697067,5e-05,0.1265026032924652,0.0
4045.0,4045.0,10.0,0.06750047206878662,5e-05,0.1573157161474228,0.0
4046.0,4046.0,10.0,0.0531328022480011,5e-05,0.14642542600631714,0.0
4047.0,4047.0,10.0,0.07674461603164673,5e-05,0.20209671556949615,0.0
4048.0,4048.0,10.0,0.05293375626206398,5e-05,0.1781081110239029,0.0
4049.0,4049.0,10.0,0.07436355203390121,5e-05,0.17279544472694397,0.0
4050.0,4050.0,10.0,0.07637402415275574,5e-05,0.17003723978996277,0.0
4051.0,4051.0,10.0,0.062077462673187256,5e-05,0.1919679492712021,0.0
4052.0,4052.0,10.0,0.06693655252456665,5e-05,0.20249076187610626,0.0
4053.0,4053.0,10.0,0.054996557533741,5e-05,0.11114758253097534,0.0
4054.0,4054.0,10.0,0.06547342985868454,5e-05,0.2000536322593689,0.0
4055.0,4055.0,10.0,0.07399587333202362,5e-05,0.1537419706583023,0.0
4056.0,4056.0,10.0,0.05685750022530556,5e-05,0.1238911971449852,0.0
4057.0,4057.0,10.0,0.06519913673400879,5e-05,0.2378237545490265,0.0
4058.0,4058.0,10.0,0.066114142537117,5e-05,0.276090532541275,0.0
4059.0,4059.0,10.0,0.062431611120700836,5e-05,0.23310279846191406,0.0
4060.0,4060.0,10.0,0.06366516649723053,5e-05,0.2643231451511383,0.0
4061.0,4061.0,10.0,0.05483395606279373,5e-05,0.30086013674736023,0.0
4062.0,4062.0,10.0,0.06338382512331009,5e-05,0.22931146621704102,0.0
4063.0,4063.0,10.0,0.06707338988780975,5e-05,0.31947511434555054,0.0
4064.0,4064.0,10.0,0.05458004027605057,5e-05,0.2520086467266083,0.0
4065.0,4065.0,10.0,0.06768925487995148,5e-05,0.3169158399105072,0.0
4066.0,4066.0,10.0,0.0504876933991909,5e-05,0.29478761553764343,0.0
4067.0,4067.0,10.0,0.07004330307245255,5e-05,0.22394819557666779,0.0
4068.0,4068.0,10.0,0.06391947716474533,5e-05,0.31838294863700867,0.0
4069.0,4069.0,10.0,0.06692483276128769,5e-05,0.2536567151546478,0.0
4070.0,4070.0,10.0,0.05448664352297783,5e-05,0.23941506445407867,0.0
4071.0,4071.0,10.0,0.05862262472510338,5e-05,0.3028196394443512,0.0
4072.0,4072.0,10.0,0.07133027166128159,5e-05,0.1780431717634201,0.0
4073.0,4073.0,10.0,0.06216714531183243,5e-05,0.31020587682724,0.0
4074.0,4074.0,10.0,0.07460285723209381,5e-05,0.31891030073165894,0.0
4075.0,4075.0,10.0,0.07091722637414932,5e-05,0.18467704951763153,0.0
4076.0,4076.0,10.0,0.06225664168596268,5e-05,0.3492338955402374,0.0
4077.0,4077.0,10.0,0.04976538568735123,5e-05,0.1608130782842636,0.0
4078.0,4078.0,10.0,0.05391104891896248,5e-05,0.14416034519672394,0.0
4079.0,4079.0,10.0,0.060343191027641296,5e-05,0.291475772857666,0.0
4080.0,4080.0,10.0,0.07080895453691483,5e-05,0.17749784886837006,0.0
4081.0,4081.0,10.0,0.06527659296989441,5e-05,0.21613121032714844,0.0
4082.0,4082.0,10.0,0.0774395614862442,5e-05,0.24204108119010925,0.0
4083.0,4083.0,10.0,0.05503454804420471,5e-05,0.18228591978549957,0.0
4084.0,4084.0,10.0,0.052323371171951294,5e-05,0.2364862859249115,0.0
4085.0,4085.0,10.0,0.067167267203331,5e-05,0.2460789531469345,0.0
4086.0,4086.0,10.0,0.06868883967399597,5e-05,0.20970860123634338,0.0
4087.0,4087.0,10.0,0.048600126057863235,5e-05,0.19481174647808075,0.0
4088.0,4088.0,10.0,0.06787800788879395,5e-05,0.23809343576431274,0.0
4089.0,4089.0,10.0,0.0659685730934143,5e-05,0.14747126400470734,0.0
4090.0,4090.0,10.0,0.08543618768453598,5e-05,0.21854843199253082,0.0
4091.0,4091.0,10.0,0.0538349449634552,5e-05,0.16239365935325623,0.0
4092.0,4092.0,10.0,0.061070043593645096,5e-05,0.20918354392051697,0.0
4093.0,4093.0,10.0,0.05681614577770233,5e-05,0.2012123018503189,0.0
4094.0,4094.0,10.0,0.05947580933570862,5e-05,0.1830548793077469,0.0
4095.0,4095.0,10.0,0.057761624455451965,5e-05,0.17335011065006256,0.0
4096.0,4096.0,10.0,0.055397771298885345,5e-05,0.18847590684890747,0.0
4097.0,4097.0,10.0,0.06669241189956665,5e-05,0.18728958070278168,0.0
4098.0,4098.0,10.0,0.08311815559864044,5e-05,0.2018430531024933,0.0
4099.0,4099.0,10.0,0.061463385820388794,5e-05,0.17347514629364014,0.0
4100.0,4100.0,10.0,0.06005934253334999,5e-05,0.1551206409931183,0.0
4101.0,4101.0,10.0,0.05661500617861748,5e-05,0.20978137850761414,0.0
4102.0,4102.0,10.0,0.06766331195831299,5e-05,0.1547183245420456,0.0
4103.0,4103.0,10.0,0.05793885514140129,5e-05,0.20138800144195557,0.0
4104.0,4104.0,10.0,0.06625718623399734,5e-05,0.16743353009223938,0.0
4105.0,4105.0,10.0,0.06130048260092735,5e-05,0.11735241115093231,0.0
4106.0,4106.0,10.0,0.058013975620269775,5e-05,0.12338101118803024,0.0
4107.0,4107.0,10.0,0.04656799137592316,5e-05,0.12269923835992813,0.0
4108.0,4108.0,10.0,0.05459068343043327,5e-05,0.14054055511951447,0.0
4109.0,4109.0,10.0,0.05682317912578583,5e-05,0.13055740296840668,0.0
4110.0,4110.0,10.0,0.055003270506858826,5e-05,0.13885775208473206,0.0
4111.0,4111.0,10.0,0.06470875442028046,5e-05,0.15945173799991608,0.0
4112.0,4112.0,10.0,0.06179303303360939,5e-05,0.15012907981872559,0.0
4113.0,4113.0,10.0,0.06105992943048477,5e-05,0.21457773447036743,0.0
4114.0,4114.0,10.0,0.0718429684638977,5e-05,0.1420736014842987,0.0
4115.0,4115.0,10.0,0.053825460374355316,5e-05,0.14977820217609406,0.0
4116.0,4116.0,10.0,0.06663136184215546,5e-05,0.18186677992343903,0.0
4117.0,4117.0,10.0,0.05422945320606232,5e-05,0.14277945458889008,0.0
4118.0,4118.0,10.0,0.0574401393532753,5e-05,0.19440191984176636,0.0
4119.0,4119.0,10.0,0.07023833692073822,5e-05,0.14501182734966278,0.0
4120.0,4120.0,10.0,0.06692145764827728,5e-05,0.1902158409357071,0.0
4121.0,4121.0,10.0,0.058201223611831665,5e-05,0.15546630322933197,0.0
4122.0,4122.0,10.0,0.051027312874794006,5e-05,0.17325226962566376,0.0
4123.0,4123.0,10.0,0.062341995537281036,5e-05,0.1971924751996994,0.0
4124.0,4124.0,10.0,0.06095060333609581,5e-05,0.1810533106327057,0.0
4125.0,4125.0,10.0,0.0754779577255249,5e-05,0.19924069941043854,0.0
4126.0,4126.0,10.0,0.05884207412600517,5e-05,0.15083128213882446,0.0
4127.0,4127.0,10.0,0.053283821791410446,5e-05,0.14084281027317047,0.0
4128.0,4128.0,10.0,0.0649934783577919,5e-05,0.12839843332767487,0.0
4129.0,4129.0,10.0,0.05883581563830376,5e-05,0.18421952426433563,0.0
4130.0,4130.0,10.0,0.05883694067597389,5e-05,0.11607735604047775,0.0
4131.0,4131.0,10.0,0.04594182223081589,5e-05,0.11539313942193985,0.0
4132.0,4132.0,10.0,0.06008061394095421,5e-05,0.15090776979923248,0.0
4133.0,4133.0,10.0,0.049714136868715286,5e-05,0.12869617342948914,0.0
4134.0,4134.0,10.0,0.06209523230791092,5e-05,0.17183326184749603,0.0
4135.0,4135.0,10.0,0.057799674570560455,5e-05,0.17886129021644592,0.0
4136.0,4136.0,10.0,0.052316270768642426,5e-05,0.18814891576766968,0.0
4137.0,4137.0,10.0,0.07299648225307465,5e-05,0.19494865834712982,0.0
4138.0,4138.0,10.0,0.07002079486846924,5e-05,0.20568257570266724,0.0
4139.0,4139.0,10.0,0.05929907411336899,5e-05,0.23032261431217194,0.0
4140.0,4140.0,10.0,0.06211555749177933,5e-05,0.1618376076221466,0.0
4141.0,4141.0,10.0,0.07643197476863861,5e-05,0.21608301997184753,0.0
4142.0,4142.0,10.0,0.04846810922026634,5e-05,0.2331968992948532,0.0
4143.0,4143.0,10.0,0.058537475764751434,5e-05,0.19048109650611877,0.0
4144.0,4144.0,10.0,0.05902659520506859,5e-05,0.22793294489383698,0.0
4145.0,4145.0,10.0,0.06910031288862228,5e-05,0.25336596369743347,0.0
4146.0,4146.0,10.0,0.07300345599651337,5e-05,0.17872247099876404,0.0
4147.0,4147.0,10.0,0.08220715075731277,5e-05,0.24405232071876526,0.0
4148.0,4148.0,10.0,0.08021115511655807,5e-05,0.20078104734420776,0.0
4149.0,4149.0,10.0,0.0538250207901001,5e-05,0.13563375174999237,0.0
4150.0,4150.0,10.0,0.06891094148159027,5e-05,0.24528904259204865,0.0
4151.0,4151.0,10.0,0.06489768624305725,5e-05,0.19521503150463104,0.0
4152.0,4152.0,10.0,0.06535211205482483,5e-05,0.23479600250720978,0.0
4153.0,4153.0,10.0,0.07120576500892639,5e-05,0.29113081097602844,0.0
4154.0,4154.0,10.0,0.06077864021062851,5e-05,0.18104049563407898,0.0
4155.0,4155.0,10.0,0.07013419270515442,5e-05,0.29705938696861267,0.0
4156.0,4156.0,10.0,0.05609405040740967,5e-05,0.13492451608181,0.0
4157.0,4157.0,10.0,0.06158030033111572,5e-05,0.2432827353477478,0.0
4158.0,4158.0,10.0,0.05407191812992096,5e-05,0.20528961718082428,0.0
4159.0,4159.0,10.0,0.05910373106598854,5e-05,0.21693190932273865,0.0
4160.0,4160.0,10.0,0.05557247996330261,5e-05,0.14342427253723145,0.0
4161.0,4161.0,10.0,0.06126651167869568,5e-05,0.17401562631130219,0.0
4162.0,4162.0,10.0,0.06252530962228775,5e-05,0.1658802479505539,0.0
4163.0,4163.0,10.0,0.06588653475046158,5e-05,0.2194020301103592,0.0
4164.0,4164.0,10.0,0.052980415523052216,5e-05,0.13289764523506165,0.0
4165.0,4165.0,10.0,0.061997611075639725,5e-05,0.21218238770961761,0.0
4166.0,4166.0,10.0,0.06911127269268036,5e-05,0.17124028503894806,0.0
4167.0,4167.0,10.0,0.06292970478534698,5e-05,0.2279803454875946,0.0
4168.0,4168.0,10.0,0.06310347467660904,5e-05,0.21022634208202362,0.0
4169.0,4169.0,10.0,0.06479645520448685,5e-05,0.15956614911556244,0.0
4170.0,4170.0,10.0,0.05982321500778198,5e-05,0.24151596426963806,0.0
4171.0,4171.0,10.0,0.042736802250146866,5e-05,0.11249610781669617,0.0
4172.0,4172.0,10.0,0.07829105854034424,5e-05,0.2252049595117569,0.0
4173.0,4173.0,10.0,0.04057563841342926,5e-05,0.1275937706232071,0.0
4174.0,4174.0,10.0,0.07143032550811768,5e-05,0.19510257244110107,0.0
4175.0,4175.0,10.0,0.06923340260982513,5e-05,0.16050171852111816,0.0
4176.0,4176.0,10.0,0.0519259087741375,5e-05,0.21430900692939758,0.0
4177.0,4177.0,10.0,0.061031244695186615,5e-05,0.14115458726882935,0.0
4178.0,4178.0,10.0,0.056410398334264755,5e-05,0.1287243664264679,0.0
4179.0,4179.0,10.0,0.056340817362070084,5e-05,0.2155115008354187,0.0
4180.0,4180.0,10.0,0.07455766201019287,5e-05,0.23433935642242432,0.0
4181.0,4181.0,10.0,0.055924203246831894,5e-05,0.22782649099826813,0.0
4182.0,4182.0,10.0,0.07149636000394821,5e-05,0.31066668033599854,0.0
4183.0,4183.0,10.0,0.05820627510547638,5e-05,0.20663945376873016,0.0
4184.0,4184.0,10.0,0.05199423432350159,5e-05,0.34016990661621094,0.0
4185.0,4185.0,10.0,0.053590767085552216,5e-05,0.1946943700313568,0.0
4186.0,4186.0,10.0,0.06746959686279297,5e-05,0.22896461188793182,0.0
4187.0,4187.0,10.0,0.0660579577088356,5e-05,0.3104288578033447,0.0
4188.0,4188.0,10.0,0.06744790822267532,5e-05,0.22232457995414734,0.0
4189.0,4189.0,10.0,0.06147729605436325,5e-05,0.3848531246185303,0.0
4190.0,4190.0,10.0,0.04705902189016342,5e-05,0.22624936699867249,0.0
4191.0,4191.0,10.0,0.05996885150671005,5e-05,0.21236558258533478,0.0
4192.0,4192.0,10.0,0.07874254882335663,5e-05,0.2604948580265045,0.0
4193.0,4193.0,10.0,0.07525624334812164,5e-05,0.16594745218753815,0.0
4194.0,4194.0,10.0,0.0655568391084671,5e-05,0.20589591562747955,0.0
4195.0,4195.0,10.0,0.06879112869501114,5e-05,0.18995895981788635,0.0
4196.0,4196.0,10.0,0.06598300486803055,5e-05,0.14485707879066467,0.0
4197.0,4197.0,10.0,0.0540439635515213,5e-05,0.14844869077205658,0.0
4198.0,4198.0,10.0,0.06177455559372902,5e-05,0.22724531590938568,0.0
4199.0,4199.0,10.0,0.06113811954855919,5e-05,0.1273338347673416,0.0
4200.0,4200.0,10.0,0.0628194510936737,5e-05,0.19855891168117523,0.0
4201.0,4201.0,10.0,0.055252037942409515,5e-05,0.1723390519618988,0.0
4202.0,4202.0,10.0,0.058569639921188354,5e-05,0.15126919746398926,0.0
4203.0,4203.0,10.0,0.07211243361234665,5e-05,0.21413762867450714,0.0
4204.0,4204.0,10.0,0.07627497613430023,5e-05,0.18810118734836578,0.0
4205.0,4205.0,10.0,0.047303371131420135,5e-05,0.16612231731414795,0.0
4206.0,4206.0,10.0,0.06424962729215622,5e-05,0.2204921394586563,0.0
4207.0,4207.0,10.0,0.05435468256473541,5e-05,0.13005536794662476,0.0
4208.0,4208.0,10.0,0.06339081376791,5e-05,0.25272858142852783,0.0
4209.0,4209.0,10.0,0.05220028758049011,5e-05,0.22745999693870544,0.0
4210.0,4210.0,10.0,0.08229140937328339,5e-05,0.2160540521144867,0.0
4211.0,4211.0,10.0,0.05300323665142059,5e-05,0.2396792620420456,0.0
4212.0,4212.0,10.0,0.06339266896247864,5e-05,0.3232637345790863,0.0
4213.0,4213.0,10.0,0.060422081500291824,5e-05,0.2304813116788864,0.0
4214.0,4214.0,10.0,0.0587269626557827,5e-05,0.25514745712280273,0.0
4215.0,4215.0,10.0,0.055768635123968124,5e-05,0.16424231231212616,0.0
4216.0,4216.0,10.0,0.061444249004125595,5e-05,0.31614628434181213,0.0
4217.0,4217.0,10.0,0.06070294976234436,5e-05,0.1303267478942871,0.0
4218.0,4218.0,10.0,0.05799422040581703,5e-05,0.12585003674030304,0.0
4219.0,4219.0,10.0,0.06803041696548462,5e-05,0.25842130184173584,0.0
4220.0,4220.0,10.0,0.050985246896743774,5e-05,0.16498228907585144,0.0
4221.0,4221.0,10.0,0.08161449432373047,5e-05,0.2157696783542633,0.0
4222.0,4222.0,10.0,0.06748984009027481,5e-05,0.1512514054775238,0.0
4223.0,4223.0,10.0,0.05459723621606827,5e-05,0.21865588426589966,0.0
4224.0,4224.0,10.0,0.0669667050242424,5e-05,0.2034791260957718,0.0
4225.0,4225.0,10.0,0.05363398417830467,5e-05,0.16839897632598877,0.0
4226.0,4226.0,10.0,0.06854838877916336,5e-05,0.1789810061454773,0.0
4227.0,4227.0,10.0,0.06948605179786682,5e-05,0.18032628297805786,0.0
4228.0,4228.0,10.0,0.05820655822753906,5e-05,0.1561153382062912,0.0
4229.0,4229.0,10.0,0.06998738646507263,5e-05,0.18027102947235107,0.0
4230.0,4230.0,10.0,0.05449824780225754,5e-05,0.16296620666980743,0.0
4231.0,4231.0,10.0,0.06098061800003052,5e-05,0.1853911429643631,0.0
4232.0,4232.0,10.0,0.05975832790136337,5e-05,0.1292613446712494,0.0
4233.0,4233.0,10.0,0.060676801949739456,5e-05,0.14989535510540009,0.0
4234.0,4234.0,10.0,0.059466175734996796,5e-05,0.17810726165771484,0.0
4235.0,4235.0,10.0,0.0550120584666729,5e-05,0.1664164662361145,0.0
4236.0,4236.0,10.0,0.06663592159748077,5e-05,0.18966525793075562,0.0
4237.0,4237.0,10.0,0.05692381039261818,5e-05,0.1587754189968109,0.0
4238.0,4238.0,10.0,0.08063684403896332,5e-05,0.18720340728759766,0.0
4239.0,4239.0,10.0,0.06506477296352386,5e-05,0.1706492155790329,0.0
4240.0,4240.0,10.0,0.05315564200282097,5e-05,0.19397218525409698,0.0
4241.0,4241.0,10.0,0.06642492860555649,5e-05,0.1700267791748047,0.0
4242.0,4242.0,10.0,0.060982152819633484,5e-05,0.16661308705806732,0.0
4243.0,4243.0,10.0,0.057866163551807404,5e-05,0.2638118863105774,0.0
4244.0,4244.0,10.0,0.05088461935520172,5e-05,0.13591815531253815,0.0
4245.0,4245.0,10.0,0.05388900637626648,5e-05,0.17816878855228424,0.0
4246.0,4246.0,10.0,0.061738599091768265,5e-05,0.19522732496261597,0.0
4247.0,4247.0,10.0,0.0539407879114151,5e-05,0.19261810183525085,0.0
4248.0,4248.0,10.0,0.05611272156238556,5e-05,0.163929745554924,0.0
4249.0,4249.0,10.0,0.062492068856954575,5e-05,0.21040022373199463,0.0
4250.0,4250.0,10.0,0.07053026556968689,5e-05,0.1813187301158905,0.0
4251.0,4251.0,10.0,0.0573296956717968,5e-05,0.20269668102264404,0.0
4252.0,4252.0,10.0,0.06867519021034241,5e-05,0.1980239301919937,0.0
4253.0,4253.0,10.0,0.06256232410669327,5e-05,0.22732660174369812,0.0
4254.0,4254.0,10.0,0.06414557993412018,5e-05,0.23672650754451752,0.0
4255.0,4255.0,10.0,0.05860583111643791,5e-05,0.16686975955963135,0.0
4256.0,4256.0,10.0,0.05520729720592499,5e-05,0.22301200032234192,0.0
4257.0,4257.0,10.0,0.0669136717915535,5e-05,0.16357320547103882,0.0
4258.0,4258.0,10.0,0.0507223978638649,5e-05,0.21541325747966766,0.0
4259.0,4259.0,10.0,0.059345465153455734,5e-05,0.20232906937599182,0.0
4260.0,4260.0,10.0,0.056909315288066864,5e-05,0.14567162096500397,0.0
4261.0,4261.0,10.0,0.071506068110466,5e-05,0.174589604139328,0.0
4262.0,4262.0,10.0,0.059606149792671204,5e-05,0.19366681575775146,0.0
4263.0,4263.0,10.0,0.06022389978170395,5e-05,0.13014037907123566,0.0
4264.0,4264.0,10.0,0.0581265389919281,5e-05,0.2312002032995224,0.0
4265.0,4265.0,10.0,0.044318802654743195,5e-05,0.13074065744876862,0.0
4266.0,4266.0,10.0,0.058591149747371674,5e-05,0.24090196192264557,0.0
4267.0,4267.0,10.0,0.06096278131008148,5e-05,0.13572128117084503,0.0
4268.0,4268.0,10.0,0.06866868585348129,5e-05,0.21332897245883942,0.0
4269.0,4269.0,10.0,0.056269571185112,5e-05,0.18028292059898376,0.0
4270.0,4270.0,10.0,0.05397111922502518,5e-05,0.1972377747297287,0.0
4271.0,4271.0,10.0,0.0623060017824173,5e-05,0.19561545550823212,0.0
4272.0,4272.0,10.0,0.0760798305273056,5e-05,0.16589942574501038,0.0
4273.0,4273.0,10.0,0.06877529621124268,5e-05,0.22369854152202606,0.0
4274.0,4274.0,10.0,0.0748874694108963,5e-05,0.22583633661270142,0.0
4275.0,4275.0,10.0,0.057858094573020935,5e-05,0.12956570088863373,0.0
4276.0,4276.0,10.0,0.05145388841629028,5e-05,0.2894223630428314,0.0
4277.0,4277.0,10.0,0.0682152807712555,5e-05,0.2086511105298996,0.0
4278.0,4278.0,10.0,0.057333655655384064,5e-05,0.31887322664260864,0.0
4279.0,4279.0,10.0,0.07005926966667175,5e-05,0.2974218428134918,0.0
4280.0,4280.0,10.0,0.056495584547519684,5e-05,0.1909230351448059,0.0
4281.0,4281.0,10.0,0.06673499941825867,5e-05,0.3208974301815033,0.0
4282.0,4282.0,10.0,0.06076858565211296,5e-05,0.24278301000595093,0.0
4283.0,4283.0,10.0,0.06569617986679077,5e-05,0.2352234125137329,0.0
4284.0,4284.0,10.0,0.053256236016750336,5e-05,0.3313479423522949,0.0
4285.0,4285.0,10.0,0.052386824041604996,5e-05,0.267241507768631,0.0
4286.0,4286.0,10.0,0.06595475971698761,5e-05,0.25387004017829895,0.0
4287.0,4287.0,10.0,0.06498512625694275,5e-05,0.3507058024406433,0.0
4288.0,4288.0,10.0,0.058887407183647156,5e-05,0.17809008061885834,0.0
4289.0,4289.0,10.0,0.05509594455361366,5e-05,0.22571082413196564,0.0
4290.0,4290.0,10.0,0.05478130280971527,5e-05,0.2693929374217987,0.0
4291.0,4291.0,11.0,0.0826299786567688,5e-05,0.1480465829372406,0.0
4292.0,4292.0,11.0,0.06388363242149353,5e-05,0.25239089131355286,0.0
4293.0,4293.0,11.0,0.0605895034968853,5e-05,0.26131415367126465,0.0
4294.0,4294.0,11.0,0.062185149639844894,5e-05,0.1708998680114746,0.0
4295.0,4295.0,11.0,0.06385788321495056,5e-05,0.30874472856521606,0.0
4296.0,4296.0,11.0,0.055725567042827606,5e-05,0.1824699193239212,0.0
4297.0,4297.0,11.0,0.06889163702726364,5e-05,0.27431079745292664,0.0
4298.0,4298.0,11.0,0.05425388738512993,5e-05,0.22031910717487335,0.0
4299.0,4299.0,11.0,0.06750769913196564,5e-05,0.20133374631404877,0.0
4300.0,4300.0,11.0,0.05357430875301361,5e-05,0.13956528902053833,0.0
4301.0,4301.0,11.0,0.0633677989244461,5e-05,0.1764581948518753,0.0
4302.0,4302.0,11.0,0.05428386479616165,5e-05,0.1521489918231964,0.0
4303.0,4303.0,11.0,0.061694081872701645,5e-05,0.18397289514541626,0.0
4304.0,4304.0,11.0,0.0526508167386055,5e-05,0.130024254322052,0.0
4305.0,4305.0,11.0,0.054324954748153687,5e-05,0.1205681785941124,0.0
4306.0,4306.0,11.0,0.061990998685359955,5e-05,0.16387733817100525,0.0
4307.0,4307.0,11.0,0.0589904710650444,5e-05,0.12618005275726318,0.0
4308.0,4308.0,11.0,0.05576600879430771,5e-05,0.14587149024009705,0.0
4309.0,4309.0,11.0,0.0606241300702095,5e-05,0.17659758031368256,0.0
4310.0,4310.0,11.0,0.07251819968223572,5e-05,0.16455422341823578,0.0
4311.0,4311.0,11.0,0.060551661998033524,5e-05,0.198189839720726,0.0
4312.0,4312.0,11.0,0.06004084274172783,5e-05,0.1364733874797821,0.0
4313.0,4313.0,11.0,0.04509081318974495,5e-05,0.15774227678775787,0.0
4314.0,4314.0,11.0,0.06559650599956512,5e-05,0.20518289506435394,0.0
4315.0,4315.0,11.0,0.05837903916835785,5e-05,0.21250122785568237,0.0
4316.0,4316.0,11.0,0.05570166930556297,5e-05,0.14942368865013123,0.0
4317.0,4317.0,11.0,0.056523844599723816,5e-05,0.11604951322078705,0.0
4318.0,4318.0,11.0,0.07533450424671173,5e-05,0.16614416241645813,0.0
4319.0,4319.0,11.0,0.05865858122706413,5e-05,0.14557738602161407,0.0
4320.0,4320.0,11.0,0.04884424805641174,5e-05,0.13704004883766174,0.0
4321.0,4321.0,11.0,0.061085186898708344,5e-05,0.13353250920772552,0.0
4322.0,4322.0,11.0,0.058632418513298035,5e-05,0.11687026172876358,0.0
4323.0,4323.0,11.0,0.05287814512848854,5e-05,0.11325857788324356,0.0
4324.0,4324.0,11.0,0.06743916869163513,5e-05,0.15639054775238037,0.0
4325.0,4325.0,11.0,0.06249401718378067,5e-05,0.1420527547597885,0.0
4326.0,4326.0,11.0,0.06410983204841614,5e-05,0.17484109103679657,0.0
4327.0,4327.0,11.0,0.05690974369645119,5e-05,0.1546262949705124,0.0
4328.0,4328.0,11.0,0.048639796674251556,5e-05,0.18669261038303375,0.0
4329.0,4329.0,11.0,0.05202725529670715,5e-05,0.17487116158008575,0.0
4330.0,4330.0,11.0,0.05520865321159363,5e-05,0.18819330632686615,0.0
4331.0,4331.0,11.0,0.06621825695037842,5e-05,0.2104973942041397,0.0
4332.0,4332.0,11.0,0.06356379389762878,5e-05,0.20235604047775269,0.0
4333.0,4333.0,11.0,0.062261153012514114,5e-05,0.12074888497591019,0.0
4334.0,4334.0,11.0,0.06815147399902344,5e-05,0.17225860059261322,0.0
4335.0,4335.0,11.0,0.06948845088481903,5e-05,0.16892407834529877,0.0
4336.0,4336.0,11.0,0.07302962988615036,5e-05,0.1724172681570053,0.0
4337.0,4337.0,11.0,0.057706475257873535,5e-05,0.13207167387008667,0.0
4338.0,4338.0,11.0,0.06444928795099258,5e-05,0.1735823005437851,0.0
4339.0,4339.0,11.0,0.05747324228286743,5e-05,0.1505121886730194,0.0
4340.0,4340.0,11.0,0.06441764533519745,5e-05,0.1652129739522934,0.0
4341.0,4341.0,11.0,0.05106538534164429,5e-05,0.1692289263010025,0.0
4342.0,4342.0,11.0,0.05436153709888458,5e-05,0.1701892912387848,0.0
4343.0,4343.0,11.0,0.05294308438897133,5e-05,0.1647476851940155,0.0
4344.0,4344.0,11.0,0.05742032080888748,5e-05,0.20907460153102875,0.0
4345.0,4345.0,11.0,0.06480342149734497,5e-05,0.18492108583450317,0.0
4346.0,4346.0,11.0,0.058957938104867935,5e-05,0.24916626513004303,0.0
4347.0,4347.0,11.0,0.06087765097618103,5e-05,0.15935702621936798,0.0
4348.0,4348.0,11.0,0.07079394161701202,5e-05,0.22353343665599823,0.0
4349.0,4349.0,11.0,0.06304802000522614,5e-05,0.18418101966381073,0.0
4350.0,4350.0,11.0,0.056180842220783234,5e-05,0.12738880515098572,0.0
4351.0,4351.0,11.0,0.05709736421704292,5e-05,0.16164028644561768,0.0
4352.0,4352.0,11.0,0.06428107619285583,5e-05,0.2221512496471405,0.0
4353.0,4353.0,11.0,0.06319364905357361,5e-05,0.21584603190422058,0.0
4354.0,4354.0,11.0,0.06922216713428497,5e-05,0.26521363854408264,0.0
4355.0,4355.0,11.0,0.0548381544649601,5e-05,0.2088225781917572,0.0
4356.0,4356.0,11.0,0.060280941426754,5e-05,0.31543463468551636,0.0
4357.0,4357.0,11.0,0.06013523042201996,5e-05,0.2591334879398346,0.0
4358.0,4358.0,11.0,0.04741424322128296,5e-05,0.21650613844394684,0.0
4359.0,4359.0,11.0,0.061990220099687576,5e-05,0.22379902005195618,0.0
4360.0,4360.0,11.0,0.06577092409133911,5e-05,0.2654998004436493,0.0
4361.0,4361.0,11.0,0.05874232202768326,5e-05,0.27156227827072144,0.0
4362.0,4362.0,11.0,0.05998365208506584,5e-05,0.26369598507881165,0.0
4363.0,4363.0,11.0,0.054542768746614456,5e-05,0.18826904892921448,0.0
4364.0,4364.0,11.0,0.04283443093299866,5e-05,0.1986241191625595,0.0
4365.0,4365.0,11.0,0.06268514692783356,5e-05,0.29292774200439453,0.0
4366.0,4366.0,11.0,0.06085997074842453,5e-05,0.17881448566913605,0.0
4367.0,4367.0,11.0,0.07022494822740555,5e-05,0.27396467328071594,0.0
4368.0,4368.0,11.0,0.05424991995096207,5e-05,0.21495936810970306,0.0
4369.0,4369.0,11.0,0.05434809625148773,5e-05,0.21306025981903076,0.0
4370.0,4370.0,11.0,0.06891953945159912,5e-05,0.23646599054336548,0.0
4371.0,4371.0,11.0,0.052589740604162216,5e-05,0.14013001322746277,0.0
4372.0,4372.0,11.0,0.050181321799755096,5e-05,0.20359905064105988,0.0
4373.0,4373.0,11.0,0.062112465500831604,5e-05,0.18697328865528107,0.0
4374.0,4374.0,11.0,0.05202965810894966,5e-05,0.13894742727279663,0.0
4375.0,4375.0,11.0,0.056811269372701645,5e-05,0.1463111788034439,0.0
4376.0,4376.0,11.0,0.05083416774868965,5e-05,0.1794234961271286,0.0
4377.0,4377.0,11.0,0.07200362533330917,5e-05,0.18071171641349792,0.0
4378.0,4378.0,11.0,0.062484368681907654,5e-05,0.23790308833122253,0.0
4379.0,4379.0,11.0,0.053080637007951736,5e-05,0.19747373461723328,0.0
4380.0,4380.0,11.0,0.06914269924163818,5e-05,0.14232204854488373,0.0
4381.0,4381.0,11.0,0.057230353355407715,5e-05,0.2795630097389221,0.0
4382.0,4382.0,11.0,0.062492720782756805,5e-05,0.13530664145946503,0.0
4383.0,4383.0,11.0,0.06254616379737854,5e-05,0.18454615771770477,0.0
4384.0,4384.0,11.0,0.05617310106754303,5e-05,0.25233176350593567,0.0
4385.0,4385.0,11.0,0.07138068974018097,5e-05,0.15518362820148468,0.0
4386.0,4386.0,11.0,0.05648178979754448,5e-05,0.2214125245809555,0.0
4387.0,4387.0,11.0,0.05124196782708168,5e-05,0.12766721844673157,0.0
4388.0,4388.0,11.0,0.07079211622476578,5e-05,0.18730174005031586,0.0
4389.0,4389.0,11.0,0.04843790456652641,5e-05,0.13527198135852814,0.0
4390.0,4390.0,11.0,0.057987675070762634,5e-05,0.13009792566299438,0.0
4391.0,4391.0,11.0,0.050697438418865204,5e-05,0.14888951182365417,0.0
4392.0,4392.0,11.0,0.06088323891162872,5e-05,0.15408991277217865,0.0
4393.0,4393.0,11.0,0.07749667018651962,5e-05,0.1599222719669342,0.0
4394.0,4394.0,11.0,0.05101475119590759,5e-05,0.19274304807186127,0.0
4395.0,4395.0,11.0,0.05897898972034454,5e-05,0.1702953577041626,0.0
4396.0,4396.0,11.0,0.05746990442276001,5e-05,0.1472138911485672,0.0
4397.0,4397.0,11.0,0.06935117393732071,5e-05,0.18622630834579468,0.0
4398.0,4398.0,11.0,0.05646438151597977,5e-05,0.11977513879537582,0.0
4399.0,4399.0,11.0,0.06530822813510895,5e-05,0.17167888581752777,0.0
4400.0,4400.0,11.0,0.06198582053184509,5e-05,0.15577754378318787,0.0
4401.0,4401.0,11.0,0.059306830167770386,5e-05,0.1996588110923767,0.0
4402.0,4402.0,11.0,0.05839480087161064,5e-05,0.17452053725719452,0.0
4403.0,4403.0,11.0,0.05918671190738678,5e-05,0.14741617441177368,0.0
4404.0,4404.0,11.0,0.060757365077733994,5e-05,0.14818400144577026,0.0
4405.0,4405.0,11.0,0.08890574425458908,5e-05,0.18769367039203644,0.0
4406.0,4406.0,11.0,0.06038173288106918,5e-05,0.17252513766288757,0.0
4407.0,4407.0,11.0,0.05811589956283569,5e-05,0.14853718876838684,0.0
4408.0,4408.0,11.0,0.05045352876186371,5e-05,0.11498967558145523,0.0
4409.0,4409.0,11.0,0.05628407746553421,5e-05,0.12841108441352844,0.0
4410.0,4410.0,11.0,0.06611821055412292,5e-05,0.2325139045715332,0.0
4411.0,4411.0,11.0,0.06805156171321869,5e-05,0.13999329507350922,0.0
4412.0,4412.0,11.0,0.05177057906985283,5e-05,0.1508394479751587,0.0
4413.0,4413.0,11.0,0.06527997553348541,5e-05,0.15531744062900543,0.0
4414.0,4414.0,11.0,0.06720563769340515,5e-05,0.17255647480487823,0.0
4415.0,4415.0,11.0,0.06972107291221619,5e-05,0.1900915652513504,0.0
4416.0,4416.0,11.0,0.056132279336452484,5e-05,0.12346382439136505,0.0
4417.0,4417.0,11.0,0.06565505266189575,5e-05,0.20862668752670288,0.0
4418.0,4418.0,11.0,0.05069659650325775,5e-05,0.13231945037841797,0.0
4419.0,4419.0,11.0,0.07029826939105988,5e-05,0.1502879112958908,0.0
4420.0,4420.0,11.0,0.04832225665450096,5e-05,0.10949648916721344,0.0
4421.0,4421.0,11.0,0.06446680426597595,5e-05,0.1389014571905136,0.0
4422.0,4422.0,11.0,0.05210428684949875,5e-05,0.12142021209001541,0.0
4423.0,4423.0,11.0,0.06322531402111053,5e-05,0.1417401283979416,0.0
4424.0,4424.0,11.0,0.06675106287002563,5e-05,0.169585719704628,0.0
4425.0,4425.0,11.0,0.06882275640964508,5e-05,0.11919234693050385,0.0
4426.0,4426.0,11.0,0.06231297552585602,5e-05,0.18478339910507202,0.0
4427.0,4427.0,11.0,0.04895380884408951,5e-05,0.12755849957466125,0.0
4428.0,4428.0,11.0,0.04954513534903526,5e-05,0.18801112473011017,0.0
4429.0,4429.0,11.0,0.061811331659555435,5e-05,0.1838657557964325,0.0
4430.0,4430.0,11.0,0.08790744841098785,5e-05,0.22479496896266937,0.0
4431.0,4431.0,11.0,0.06515930593013763,5e-05,0.2200736254453659,0.0
4432.0,4432.0,11.0,0.05234193801879883,5e-05,0.2020140439271927,0.0
4433.0,4433.0,11.0,0.0547696016728878,5e-05,0.20110639929771423,0.0
4434.0,4434.0,11.0,0.057355888187885284,5e-05,0.17483912408351898,0.0
4435.0,4435.0,11.0,0.07282214611768723,5e-05,0.18388181924819946,0.0
4436.0,4436.0,11.0,0.06469424068927765,5e-05,0.19565562903881073,0.0
4437.0,4437.0,11.0,0.06063653156161308,5e-05,0.15069253742694855,0.0
4438.0,4438.0,11.0,0.06164984032511711,5e-05,0.19667063653469086,0.0
4439.0,4439.0,11.0,0.04983438551425934,5e-05,0.13782988488674164,0.0
4440.0,4440.0,11.0,0.06761050224304199,5e-05,0.2166988104581833,0.0
4441.0,4441.0,11.0,0.05271303653717041,5e-05,0.17806366086006165,0.0
4442.0,4442.0,11.0,0.06054375320672989,5e-05,0.14271098375320435,0.0
4443.0,4443.0,11.0,0.06819327920675278,5e-05,0.15644557774066925,0.0
4444.0,4444.0,11.0,0.054461680352687836,5e-05,0.1336822658777237,0.0
4445.0,4445.0,11.0,0.0641767680644989,5e-05,0.1333979219198227,0.0
4446.0,4446.0,11.0,0.05317908525466919,5e-05,0.14584071934223175,0.0
4447.0,4447.0,11.0,0.05089390277862549,5e-05,0.09577153623104095,0.0
4448.0,4448.0,11.0,0.054228223860263824,5e-05,0.17139971256256104,0.0
4449.0,4449.0,11.0,0.07231392711400986,5e-05,0.15274906158447266,0.0
4450.0,4450.0,11.0,0.05641525983810425,5e-05,0.15743649005889893,0.0
4451.0,4451.0,11.0,0.058836210519075394,5e-05,0.16993461549282074,0.0
4452.0,4452.0,11.0,0.07007314264774323,5e-05,0.15535250306129456,0.0
4453.0,4453.0,11.0,0.056143008172512054,5e-05,0.14279337227344513,0.0
4454.0,4454.0,11.0,0.051990807056427,5e-05,0.2168159782886505,0.0
4455.0,4455.0,11.0,0.05186857655644417,5e-05,0.10996956378221512,0.0
4456.0,4456.0,11.0,0.06591019779443741,5e-05,0.20094145834445953,0.0
4457.0,4457.0,11.0,0.04977969080209732,5e-05,0.18872937560081482,0.0
4458.0,4458.0,11.0,0.047593679279088974,5e-05,0.16777844727039337,0.0
4459.0,4459.0,11.0,0.05241880565881729,5e-05,0.14904257655143738,0.0
4460.0,4460.0,11.0,0.05169784650206566,5e-05,0.12464314699172974,0.0
4461.0,4461.0,11.0,0.05872748792171478,5e-05,0.13836702704429626,0.0
4462.0,4462.0,11.0,0.052263293415308,5e-05,0.17612974345684052,0.0
4463.0,4463.0,11.0,0.0572105348110199,5e-05,0.125217005610466,0.0
4464.0,4464.0,11.0,0.05053391307592392,5e-05,0.1649187058210373,0.0
4465.0,4465.0,11.0,0.07079936563968658,5e-05,0.19959862530231476,0.0
4466.0,4466.0,11.0,0.06660295277833939,5e-05,0.1693962812423706,0.0
4467.0,4467.0,11.0,0.05975771322846413,5e-05,0.1936011165380478,0.0
4468.0,4468.0,11.0,0.0566510371863842,5e-05,0.14579614996910095,0.0
4469.0,4469.0,11.0,0.07462111115455627,5e-05,0.12830139696598053,0.0
4470.0,4470.0,11.0,0.06761127710342407,5e-05,0.18952694535255432,0.0
4471.0,4471.0,11.0,0.07056726515293121,5e-05,0.17020370066165924,0.0
4472.0,4472.0,11.0,0.07146947085857391,5e-05,0.1589769423007965,0.0
4473.0,4473.0,11.0,0.05958481505513191,5e-05,0.20566189289093018,0.0
4474.0,4474.0,11.0,0.06432698667049408,5e-05,0.17581503093242645,0.0
4475.0,4475.0,11.0,0.061183176934719086,5e-05,0.17063114047050476,0.0
4476.0,4476.0,11.0,0.05155529826879501,5e-05,0.16088558733463287,0.0
4477.0,4477.0,11.0,0.05782409757375717,5e-05,0.18650969862937927,0.0
4478.0,4478.0,11.0,0.06250441074371338,5e-05,0.152560293674469,0.0
4479.0,4479.0,11.0,0.05385372042655945,5e-05,0.14945685863494873,0.0
4480.0,4480.0,11.0,0.08186452835798264,5e-05,0.24387109279632568,0.0
4481.0,4481.0,11.0,0.05271051451563835,5e-05,0.133327916264534,0.0
4482.0,4482.0,11.0,0.05069497227668762,5e-05,0.2003084272146225,0.0
4483.0,4483.0,11.0,0.06177849695086479,5e-05,0.14969183504581451,0.0
4484.0,4484.0,11.0,0.06076417118310928,5e-05,0.29771414399147034,0.0
4485.0,4485.0,11.0,0.06837492436170578,5e-05,0.1688329130411148,0.0
4486.0,4486.0,11.0,0.060729410499334335,5e-05,0.17590539157390594,0.0
4487.0,4487.0,11.0,0.044396720826625824,5e-05,0.21505318582057953,0.0
4488.0,4488.0,11.0,0.06011776998639107,5e-05,0.2195243388414383,0.0
4489.0,4489.0,11.0,0.055319368839263916,5e-05,0.20760385692119598,0.0
4490.0,4490.0,11.0,0.06280836462974548,5e-05,0.13353189826011658,0.0
4491.0,4491.0,11.0,0.04532217979431152,5e-05,0.2237607091665268,0.0
4492.0,4492.0,11.0,0.0657619833946228,5e-05,0.13507534563541412,0.0
4493.0,4493.0,11.0,0.060712311416864395,5e-05,0.1855473816394806,0.0
4494.0,4494.0,11.0,0.06138160824775696,5e-05,0.17612379789352417,0.0
4495.0,4495.0,11.0,0.05071420222520828,5e-05,0.18317334353923798,0.0
4496.0,4496.0,11.0,0.05957905203104019,5e-05,0.193865105509758,0.0
4497.0,4497.0,11.0,0.05454394966363907,5e-05,0.21099530160427094,0.0
4498.0,4498.0,11.0,0.05822823941707611,5e-05,0.20481173694133759,0.0
4499.0,4499.0,11.0,0.05781964585185051,5e-05,0.18580925464630127,0.0
4500.0,4500.0,11.0,0.06978394091129303,5e-05,0.2538151741027832,0.0
4501.0,4501.0,11.0,0.07284942269325256,5e-05,0.2114664614200592,0.0
4502.0,4502.0,11.0,0.058969974517822266,5e-05,0.1938517540693283,0.0
4503.0,4503.0,11.0,0.07204388082027435,5e-05,0.16330553591251373,0.0
4504.0,4504.0,11.0,0.06457590311765671,5e-05,0.16895762085914612,0.0
4505.0,4505.0,11.0,0.05261066555976868,5e-05,0.14252670109272003,0.0
4506.0,4506.0,11.0,0.07084769010543823,5e-05,0.1602877527475357,0.0
4507.0,4507.0,11.0,0.07300412654876709,5e-05,0.1848749816417694,0.0
4508.0,4508.0,11.0,0.052749741822481155,5e-05,0.12792611122131348,0.0
4509.0,4509.0,11.0,0.05983930826187134,5e-05,0.2628096640110016,0.0
4510.0,4510.0,11.0,0.06559499353170395,5e-05,0.15562042593955994,0.0
4511.0,4511.0,11.0,0.05470512434840202,5e-05,0.18221823871135712,0.0
4512.0,4512.0,11.0,0.05638723820447922,5e-05,0.14621415734291077,0.0
4513.0,4513.0,11.0,0.05731239169836044,5e-05,0.18832752108573914,0.0
4514.0,4514.0,11.0,0.058180443942546844,5e-05,0.13607873022556305,0.0
4515.0,4515.0,11.0,0.061643488705158234,5e-05,0.16436101496219635,0.0
4516.0,4516.0,11.0,0.058996669948101044,5e-05,0.1288631707429886,0.0
4517.0,4517.0,11.0,0.0555790513753891,5e-05,0.2079189568758011,0.0
4518.0,4518.0,11.0,0.05642765760421753,5e-05,0.16333621740341187,0.0
4519.0,4519.0,11.0,0.055495500564575195,5e-05,0.1590539813041687,0.0
4520.0,4520.0,11.0,0.06773561984300613,5e-05,0.15408605337142944,0.0
4521.0,4521.0,11.0,0.060086414217948914,5e-05,0.1472999006509781,0.0
4522.0,4522.0,11.0,0.052735354751348495,5e-05,0.19709216058254242,0.0
4523.0,4523.0,11.0,0.06899110972881317,5e-05,0.1766492873430252,0.0
4524.0,4524.0,11.0,0.06747905164957047,5e-05,0.2000340223312378,0.0
4525.0,4525.0,11.0,0.05818406119942665,5e-05,0.25485777854919434,0.0
4526.0,4526.0,11.0,0.0544680655002594,5e-05,0.16239969432353973,0.0
4527.0,4527.0,11.0,0.05333772674202919,5e-05,0.17776526510715485,0.0
4528.0,4528.0,11.0,0.05235359072685242,5e-05,0.22893042862415314,0.0
4529.0,4529.0,11.0,0.05476050451397896,5e-05,0.2904902994632721,0.0
4530.0,4530.0,11.0,0.05979049205780029,5e-05,0.22329652309417725,0.0
4531.0,4531.0,11.0,0.06336838006973267,5e-05,0.2956051826477051,0.0
4532.0,4532.0,11.0,0.06403383612632751,5e-05,0.25134706497192383,0.0
4533.0,4533.0,11.0,0.04748324304819107,5e-05,0.23775945603847504,0.0
4534.0,4534.0,11.0,0.058714963495731354,5e-05,0.18817570805549622,0.0
4535.0,4535.0,11.0,0.056304946541786194,5e-05,0.21651636064052582,0.0
4536.0,4536.0,11.0,0.06675664335489273,5e-05,0.25028854608535767,0.0
4537.0,4537.0,11.0,0.057418521493673325,5e-05,0.15866103768348694,0.0
4538.0,4538.0,11.0,0.06993810832500458,5e-05,0.2953812777996063,0.0
4539.0,4539.0,11.0,0.058452244848012924,5e-05,0.1383025050163269,0.0
4540.0,4540.0,11.0,0.06258490681648254,5e-05,0.2003663182258606,0.0
4541.0,4541.0,11.0,0.06844805926084518,5e-05,0.23688733577728271,0.0
4542.0,4542.0,11.0,0.06979621946811676,5e-05,0.11652921140193939,0.0
4543.0,4543.0,11.0,0.059679027646780014,5e-05,0.20128215849399567,0.0
4544.0,4544.0,11.0,0.059225551784038544,5e-05,0.18592892587184906,0.0
4545.0,4545.0,11.0,0.07171274721622467,5e-05,0.18972542881965637,0.0
4546.0,4546.0,11.0,0.05398758128285408,5e-05,0.166367769241333,0.0
4547.0,4547.0,11.0,0.061007022857666016,5e-05,0.21851935982704163,0.0
4548.0,4548.0,11.0,0.05743462219834328,5e-05,0.11557527631521225,0.0
4549.0,4549.0,11.0,0.04982352629303932,5e-05,0.2101379781961441,0.0
4550.0,4550.0,11.0,0.05683237314224243,5e-05,0.15554901957511902,0.0
4551.0,4551.0,11.0,0.05309707298874855,5e-05,0.1766786277294159,0.0
4552.0,4552.0,11.0,0.049444571137428284,5e-05,0.1359989196062088,0.0
4553.0,4553.0,11.0,0.06583060324192047,5e-05,0.15540525317192078,0.0
4554.0,4554.0,11.0,0.04888966679573059,5e-05,0.21498525142669678,0.0
4555.0,4555.0,11.0,0.061180878430604935,5e-05,0.1692344844341278,0.0
4556.0,4556.0,11.0,0.05502455309033394,5e-05,0.1313985288143158,0.0
4557.0,4557.0,11.0,0.06725063174962997,5e-05,0.19375142455101013,0.0
4558.0,4558.0,11.0,0.05818909406661987,5e-05,0.13169999420642853,0.0
4559.0,4559.0,11.0,0.0647556483745575,5e-05,0.13022713363170624,0.0
4560.0,4560.0,11.0,0.0811644047498703,5e-05,0.23204398155212402,0.0
4561.0,4561.0,11.0,0.05560741573572159,5e-05,0.15183116495609283,0.0
4562.0,4562.0,11.0,0.058479130268096924,5e-05,0.18753620982170105,0.0
4563.0,4563.0,11.0,0.07067015767097473,5e-05,0.23369283974170685,0.0
4564.0,4564.0,11.0,0.05919639393687248,5e-05,0.23074452579021454,0.0
4565.0,4565.0,11.0,0.06342208385467529,5e-05,0.18949446082115173,0.0
4566.0,4566.0,11.0,0.05541255697607994,5e-05,0.16907855868339539,0.0
4567.0,4567.0,11.0,0.06585173308849335,5e-05,0.24957670271396637,0.0
4568.0,4568.0,11.0,0.0663861483335495,5e-05,0.18683083355426788,0.0
4569.0,4569.0,11.0,0.059596311300992966,5e-05,0.2240573614835739,0.0
4570.0,4570.0,11.0,0.08641336858272552,5e-05,0.2622483968734741,0.0
4571.0,4571.0,11.0,0.06150984764099121,5e-05,0.1893978714942932,0.0
4572.0,4572.0,11.0,0.053151264786720276,5e-05,0.2551007866859436,0.0
4573.0,4573.0,11.0,0.05558601766824722,5e-05,0.24222147464752197,0.0
4574.0,4574.0,11.0,0.058336105197668076,5e-05,0.17888383567333221,0.0
4575.0,4575.0,11.0,0.0665387511253357,5e-05,0.26008760929107666,0.0
4576.0,4576.0,11.0,0.07445183396339417,5e-05,0.16821832954883575,0.0
4577.0,4577.0,11.0,0.05232880264520645,5e-05,0.28216105699539185,0.0
4578.0,4578.0,11.0,0.05758046731352806,5e-05,0.18422351777553558,0.0
4579.0,4579.0,11.0,0.06289942562580109,5e-05,0.2315196841955185,0.0
4580.0,4580.0,11.0,0.06462277472019196,5e-05,0.2251882404088974,0.0
4581.0,4581.0,11.0,0.0681239515542984,5e-05,0.14029665291309357,0.0
4582.0,4582.0,11.0,0.08102525770664215,5e-05,0.260598748922348,0.0
4583.0,4583.0,11.0,0.05568503588438034,5e-05,0.19080562889575958,0.0
4584.0,4584.0,11.0,0.061021290719509125,5e-05,0.1887693852186203,0.0
4585.0,4585.0,11.0,0.06546857953071594,5e-05,0.20788559317588806,0.0
4586.0,4586.0,11.0,0.04402953013777733,5e-05,0.22585631906986237,0.0
4587.0,4587.0,11.0,0.06744135916233063,5e-05,0.2375044971704483,0.0
4588.0,4588.0,11.0,0.05934175103902817,5e-05,0.2523140609264374,0.0
4589.0,4589.0,11.0,0.06175748258829117,5e-05,0.278067946434021,0.0
4590.0,4590.0,11.0,0.05028209090232849,5e-05,0.2722822427749634,0.0
4591.0,4591.0,11.0,0.06708510220050812,5e-05,0.23496831953525543,0.0
4592.0,4592.0,11.0,0.0628327876329422,5e-05,0.20261932909488678,0.0
4593.0,4593.0,11.0,0.05460112914443016,5e-05,0.22347770631313324,0.0
4594.0,4594.0,11.0,0.05617959052324295,5e-05,0.24004560708999634,0.0
4595.0,4595.0,11.0,0.061264656484127045,5e-05,0.18355801701545715,0.0
4596.0,4596.0,11.0,0.044321026653051376,5e-05,0.1881178915500641,0.0
4597.0,4597.0,11.0,0.059999704360961914,5e-05,0.20841018855571747,0.0
4598.0,4598.0,11.0,0.066652812063694,5e-05,0.15026777982711792,0.0
4599.0,4599.0,11.0,0.05882364511489868,5e-05,0.1530795693397522,0.0
4600.0,4600.0,11.0,0.05924021452665329,5e-05,0.11989834904670715,0.0
4601.0,4601.0,11.0,0.05909985303878784,5e-05,0.13091003894805908,0.0
4602.0,4602.0,11.0,0.05811053514480591,5e-05,0.2285647690296173,0.0
4603.0,4603.0,11.0,0.0787321999669075,5e-05,0.19946111738681793,0.0
4604.0,4604.0,11.0,0.05725526064634323,5e-05,0.29945406317710876,0.0
4605.0,4605.0,11.0,0.05645006150007248,5e-05,0.18290017545223236,0.0
4606.0,4606.0,11.0,0.05688636004924774,5e-05,0.2469288855791092,0.0
4607.0,4607.0,11.0,0.055249057710170746,5e-05,0.1994590014219284,0.0
4608.0,4608.0,11.0,0.052534833550453186,5e-05,0.138156920671463,0.0
4609.0,4609.0,11.0,0.05760767310857773,5e-05,0.20529994368553162,0.0
4610.0,4610.0,11.0,0.053108155727386475,5e-05,0.14326679706573486,0.0
4611.0,4611.0,11.0,0.05493570491671562,5e-05,0.22302187979221344,0.0
4612.0,4612.0,11.0,0.05970638990402222,5e-05,0.16924984753131866,0.0
4613.0,4613.0,11.0,0.06691493839025497,5e-05,0.19780680537223816,0.0
4614.0,4614.0,11.0,0.06407308578491211,5e-05,0.15499846637248993,0.0
4615.0,4615.0,11.0,0.05418133735656738,5e-05,0.1926342099905014,0.0
4616.0,4616.0,11.0,0.05878264829516411,5e-05,0.16912882030010223,0.0
4617.0,4617.0,11.0,0.057233378291130066,5e-05,0.19549919664859772,0.0
4618.0,4618.0,11.0,0.06626517325639725,5e-05,0.15783746540546417,0.0
4619.0,4619.0,11.0,0.050892893224954605,5e-05,0.13925546407699585,0.0
4620.0,4620.0,11.0,0.053244687616825104,5e-05,0.1292811781167984,0.0
4621.0,4621.0,11.0,0.049253225326538086,5e-05,0.15233930945396423,0.0
4622.0,4622.0,11.0,0.06190365552902222,5e-05,0.167674720287323,0.0
4623.0,4623.0,11.0,0.05973849445581436,5e-05,0.18582789599895477,0.0
4624.0,4624.0,11.0,0.054219260811805725,5e-05,0.1284806877374649,0.0
4625.0,4625.0,11.0,0.07590688765048981,5e-05,0.2232629358768463,0.0
4626.0,4626.0,11.0,0.05356265604496002,5e-05,0.10712363570928574,0.0
4627.0,4627.0,11.0,0.062333814799785614,5e-05,0.21110153198242188,0.0
4628.0,4628.0,11.0,0.06850707530975342,5e-05,0.16707755625247955,0.0
4629.0,4629.0,11.0,0.056274496018886566,5e-05,0.15289181470870972,0.0
4630.0,4630.0,11.0,0.06015710532665253,5e-05,0.23183417320251465,0.0
4631.0,4631.0,11.0,0.066249780356884,5e-05,0.15233680605888367,0.0
4632.0,4632.0,11.0,0.05447569116950035,5e-05,0.25329744815826416,0.0
4633.0,4633.0,11.0,0.06357446312904358,5e-05,0.1298205852508545,0.0
4634.0,4634.0,11.0,0.05063082277774811,5e-05,0.19459974765777588,0.0
4635.0,4635.0,11.0,0.06695550680160522,5e-05,0.1913394182920456,0.0
4636.0,4636.0,11.0,0.06810253858566284,5e-05,0.14891020953655243,0.0
4637.0,4637.0,11.0,0.06020791828632355,5e-05,0.2652134299278259,0.0
4638.0,4638.0,11.0,0.06779041141271591,5e-05,0.13059376180171967,0.0
4639.0,4639.0,11.0,0.06472547352313995,5e-05,0.31342431902885437,0.0
4640.0,4640.0,11.0,0.06480521708726883,5e-05,0.1927127093076706,0.0
4641.0,4641.0,11.0,0.0655529797077179,5e-05,0.2150995433330536,0.0
4642.0,4642.0,11.0,0.06075058504939079,5e-05,0.14880996942520142,0.0
4643.0,4643.0,11.0,0.04809478670358658,5e-05,0.18730853497982025,0.0
4644.0,4644.0,11.0,0.07051081210374832,5e-05,0.1726638227701187,0.0
4645.0,4645.0,11.0,0.04827423393726349,5e-05,0.21809427440166473,0.0
4646.0,4646.0,11.0,0.06898409128189087,5e-05,0.21149574220180511,0.0
4647.0,4647.0,11.0,0.05541791021823883,5e-05,0.1795336902141571,0.0
4648.0,4648.0,11.0,0.0738970935344696,5e-05,0.25164955854415894,0.0
4649.0,4649.0,11.0,0.06810563802719116,5e-05,0.120057113468647,0.0
4650.0,4650.0,11.0,0.062175996601581573,5e-05,0.23177126049995422,0.0
4651.0,4651.0,11.0,0.060202956199645996,5e-05,0.2093498408794403,0.0
4652.0,4652.0,11.0,0.06418813765048981,5e-05,0.1541696935892105,0.0
4653.0,4653.0,11.0,0.043537482619285583,5e-05,0.22795192897319794,0.0
4654.0,4654.0,11.0,0.04187503829598427,5e-05,0.16003969311714172,0.0
4655.0,4655.0,11.0,0.06407782435417175,5e-05,0.21185468137264252,0.0
4656.0,4656.0,11.0,0.061299972236156464,5e-05,0.21184737980365753,0.0
4657.0,4657.0,11.0,0.056279558688402176,5e-05,0.2092430144548416,0.0
4658.0,4658.0,11.0,0.05132395774126053,5e-05,0.21146580576896667,0.0
4659.0,4659.0,11.0,0.06117093563079834,5e-05,0.2537006735801697,0.0
4660.0,4660.0,11.0,0.05561513453722,5e-05,0.1667761206626892,0.0
4661.0,4661.0,11.0,0.0547521710395813,5e-05,0.16669881343841553,0.0
4662.0,4662.0,11.0,0.05850459635257721,5e-05,0.2518812417984009,0.0
4663.0,4663.0,11.0,0.07181486487388611,5e-05,0.16577978432178497,0.0
4664.0,4664.0,11.0,0.05214235931634903,5e-05,0.14340025186538696,0.0
4665.0,4665.0,11.0,0.06148020923137665,5e-05,0.15247631072998047,0.0
4666.0,4666.0,11.0,0.058538734912872314,5e-05,0.20671580731868744,0.0
4667.0,4667.0,11.0,0.065842404961586,5e-05,0.18613314628601074,0.0
4668.0,4668.0,11.0,0.053299274295568466,5e-05,0.1493445634841919,0.0
4669.0,4669.0,11.0,0.05845121294260025,5e-05,0.21544794738292694,0.0
4670.0,4670.0,11.0,0.06567641347646713,5e-05,0.13027696311473846,0.0
4671.0,4671.0,11.0,0.06080254167318344,5e-05,0.13761930167675018,0.0
4672.0,4672.0,11.0,0.04860706627368927,5e-05,0.20012050867080688,0.0
4673.0,4673.0,11.0,0.04688524454832077,5e-05,0.10946115106344223,0.0
4674.0,4674.0,11.0,0.0647905170917511,5e-05,0.19739024341106415,0.0
4675.0,4675.0,11.0,0.05903919041156769,5e-05,0.11719632148742676,0.0
4676.0,4676.0,11.0,0.05683751404285431,5e-05,0.23150567710399628,0.0
4677.0,4677.0,11.0,0.0681949257850647,5e-05,0.1901043802499771,0.0
4678.0,4678.0,11.0,0.06414743512868881,5e-05,0.2482963651418686,0.0
4679.0,4679.0,11.0,0.06223602592945099,5e-05,0.17126350104808807,0.0
4680.0,4680.0,11.0,0.06366158276796341,5e-05,0.2187660187482834,0.0
4681.0,4681.0,12.0,0.05386516451835632,5e-05,0.1485578864812851,0.0
4682.0,4682.0,12.0,0.06244215369224548,5e-05,0.12383966147899628,0.0
4683.0,4683.0,12.0,0.06529272347688675,5e-05,0.19859138131141663,0.0
4684.0,4684.0,12.0,0.0470631942152977,5e-05,0.1776561588048935,0.0
4685.0,4685.0,12.0,0.0582401417195797,5e-05,0.22654911875724792,0.0
4686.0,4686.0,12.0,0.05574968457221985,5e-05,0.21330462396144867,0.0
4687.0,4687.0,12.0,0.07426245510578156,5e-05,0.2475230097770691,0.0
4688.0,4688.0,12.0,0.05303201451897621,5e-05,0.19590121507644653,0.0
4689.0,4689.0,12.0,0.06573618203401566,5e-05,0.18843913078308105,0.0
4690.0,4690.0,12.0,0.056199803948402405,5e-05,0.1822832226753235,0.0
4691.0,4691.0,12.0,0.06643432378768921,5e-05,0.14168356359004974,0.0
4692.0,4692.0,12.0,0.04946872591972351,5e-05,0.1623697727918625,0.0
4693.0,4693.0,12.0,0.0556928925216198,5e-05,0.13349223136901855,0.0
4694.0,4694.0,12.0,0.05058332532644272,5e-05,0.1287749856710434,0.0
4695.0,4695.0,12.0,0.048962824046611786,5e-05,0.12766902148723602,0.0
4696.0,4696.0,12.0,0.07356137037277222,5e-05,0.15360867977142334,0.0
4697.0,4697.0,12.0,0.04547843709588051,5e-05,0.14660196006298065,0.0
4698.0,4698.0,12.0,0.07094710320234299,5e-05,0.2601543068885803,0.0
4699.0,4699.0,12.0,0.05179832875728607,5e-05,0.2085820585489273,0.0
4700.0,4700.0,12.0,0.0519714280962944,5e-05,0.21434150636196136,0.0
4701.0,4701.0,12.0,0.0682319700717926,5e-05,0.201747328042984,0.0
4702.0,4702.0,12.0,0.06602830439805984,5e-05,0.20216505229473114,0.0
4703.0,4703.0,12.0,0.06650949269533157,5e-05,0.23770250380039215,0.0
4704.0,4704.0,12.0,0.06274396181106567,5e-05,0.19366997480392456,0.0
4705.0,4705.0,12.0,0.06174727529287338,5e-05,0.21476638317108154,0.0
4706.0,4706.0,12.0,0.050321388989686966,5e-05,0.23385387659072876,0.0
4707.0,4707.0,12.0,0.07196588814258575,5e-05,0.22987602651119232,0.0
4708.0,4708.0,12.0,0.058183081448078156,5e-05,0.2834060490131378,0.0
4709.0,4709.0,12.0,0.06303440779447556,5e-05,0.16425679624080658,0.0
4710.0,4710.0,12.0,0.05242384597659111,5e-05,0.21971848607063293,0.0
4711.0,4711.0,12.0,0.05375964939594269,5e-05,0.23491689562797546,0.0
4712.0,4712.0,12.0,0.05450477451086044,5e-05,0.1481359302997589,0.0
4713.0,4713.0,12.0,0.05246378853917122,5e-05,0.2515450417995453,0.0
4714.0,4714.0,12.0,0.055728979408741,5e-05,0.1660277396440506,0.0
4715.0,4715.0,12.0,0.06867821514606476,5e-05,0.17821091413497925,0.0
4716.0,4716.0,12.0,0.0618537962436676,5e-05,0.23724356293678284,0.0
4717.0,4717.0,12.0,0.05650376155972481,5e-05,0.15657785534858704,0.0
4718.0,4718.0,12.0,0.059039048850536346,5e-05,0.19597545266151428,0.0
4719.0,4719.0,12.0,0.06791399419307709,5e-05,0.17505484819412231,0.0
4720.0,4720.0,12.0,0.05909068137407303,5e-05,0.11729835718870163,0.0
4721.0,4721.0,12.0,0.048425883054733276,5e-05,0.15186631679534912,0.0
4722.0,4722.0,12.0,0.08831558376550674,5e-05,0.20989738404750824,0.0
4723.0,4723.0,12.0,0.049811042845249176,5e-05,0.1341172158718109,0.0
4724.0,4724.0,12.0,0.056032732129096985,5e-05,0.2310626208782196,0.0
4725.0,4725.0,12.0,0.0629558116197586,5e-05,0.1566227227449417,0.0
4726.0,4726.0,12.0,0.056133344769477844,5e-05,0.23482882976531982,0.0
4727.0,4727.0,12.0,0.059406548738479614,5e-05,0.27367761731147766,0.0
4728.0,4728.0,12.0,0.07801613211631775,5e-05,0.199967160820961,0.0
4729.0,4729.0,12.0,0.06001163646578789,5e-05,0.3031529486179352,0.0
4730.0,4730.0,12.0,0.056910090148448944,5e-05,0.2205931693315506,0.0
4731.0,4731.0,12.0,0.07549655437469482,5e-05,0.229538694024086,0.0
4732.0,4732.0,12.0,0.06871406733989716,5e-05,0.32972678542137146,0.0
4733.0,4733.0,12.0,0.0535028874874115,5e-05,0.12033932656049728,0.0
4734.0,4734.0,12.0,0.05554909259080887,5e-05,0.32598909735679626,0.0
4735.0,4735.0,12.0,0.060335561633110046,5e-05,0.2625438868999481,0.0
4736.0,4736.0,12.0,0.05021646246314049,5e-05,0.1418502926826477,0.0
4737.0,4737.0,12.0,0.06107906997203827,5e-05,0.2863192558288574,0.0
4738.0,4738.0,12.0,0.05407880246639252,5e-05,0.13902732729911804,0.0
4739.0,4739.0,12.0,0.06345175951719284,5e-05,0.15173856914043427,0.0
4740.0,4740.0,12.0,0.04678273946046829,5e-05,0.28097936511039734,0.0
4741.0,4741.0,12.0,0.0706682801246643,5e-05,0.15912437438964844,0.0
4742.0,4742.0,12.0,0.05010547861456871,5e-05,0.23869246244430542,0.0
4743.0,4743.0,12.0,0.05336800590157509,5e-05,0.1935786008834839,0.0
4744.0,4744.0,12.0,0.049744993448257446,5e-05,0.15646319091320038,0.0
4745.0,4745.0,12.0,0.06435410678386688,5e-05,0.23234696686267853,0.0
4746.0,4746.0,12.0,0.05084732547402382,5e-05,0.17670868337154388,0.0
4747.0,4747.0,12.0,0.05012039840221405,5e-05,0.12169083207845688,0.0
4748.0,4748.0,12.0,0.06460621953010559,5e-05,0.2546728253364563,0.0
4749.0,4749.0,12.0,0.051825836300849915,5e-05,0.11880762130022049,0.0
4750.0,4750.0,12.0,0.05511711165308952,5e-05,0.15064039826393127,0.0
4751.0,4751.0,12.0,0.0608583465218544,5e-05,0.18335194885730743,0.0
4752.0,4752.0,12.0,0.05915332958102226,5e-05,0.12597179412841797,0.0
4753.0,4753.0,12.0,0.07339906692504883,5e-05,0.17188145220279694,0.0
4754.0,4754.0,12.0,0.055150240659713745,5e-05,0.1688486486673355,0.0
4755.0,4755.0,12.0,0.06519065797328949,5e-05,0.16056868433952332,0.0
4756.0,4756.0,12.0,0.05801990628242493,5e-05,0.15016134083271027,0.0
4757.0,4757.0,12.0,0.06553052365779877,5e-05,0.1166655570268631,0.0
4758.0,4758.0,12.0,0.04984322935342789,5e-05,0.12958699464797974,0.0
4759.0,4759.0,12.0,0.054822444915771484,5e-05,0.15417158603668213,0.0
4760.0,4760.0,12.0,0.05662728101015091,5e-05,0.11440297961235046,0.0
4761.0,4761.0,12.0,0.05545603483915329,5e-05,0.15701912343502045,0.0
4762.0,4762.0,12.0,0.055022597312927246,5e-05,0.2149602621793747,0.0
4763.0,4763.0,12.0,0.054672837257385254,5e-05,0.1306929737329483,0.0
4764.0,4764.0,12.0,0.06447383016347885,5e-05,0.176031231880188,0.0
4765.0,4765.0,12.0,0.04887979477643967,5e-05,0.14748108386993408,0.0
4766.0,4766.0,12.0,0.05203862488269806,5e-05,0.19305194914340973,0.0
4767.0,4767.0,12.0,0.052149415016174316,5e-05,0.13807283341884613,0.0
4768.0,4768.0,12.0,0.0715232789516449,5e-05,0.15335020422935486,0.0
4769.0,4769.0,12.0,0.06785885989665985,5e-05,0.16038396954536438,0.0
4770.0,4770.0,12.0,0.05545952916145325,5e-05,0.21892163157463074,0.0
4771.0,4771.0,12.0,0.06183094531297684,5e-05,0.14055582880973816,0.0
4772.0,4772.0,12.0,0.07047063112258911,5e-05,0.13039818406105042,0.0
4773.0,4773.0,12.0,0.05427791178226471,5e-05,0.1417641043663025,0.0
4774.0,4774.0,12.0,0.07054448127746582,5e-05,0.1686147153377533,0.0
4775.0,4775.0,12.0,0.05829518288373947,5e-05,0.13795839250087738,0.0
4776.0,4776.0,12.0,0.05641220137476921,5e-05,0.20464305579662323,0.0
4777.0,4777.0,12.0,0.05042838305234909,5e-05,0.18910084664821625,0.0
4778.0,4778.0,12.0,0.06754539906978607,5e-05,0.2538404166698456,0.0
4779.0,4779.0,12.0,0.06294494867324829,5e-05,0.20167629420757294,0.0
4780.0,4780.0,12.0,0.05774742364883423,5e-05,0.18558776378631592,0.0
4781.0,4781.0,12.0,0.07779236882925034,5e-05,0.2140360176563263,0.0
4782.0,4782.0,12.0,0.09049972891807556,5e-05,0.21958111226558685,0.0
4783.0,4783.0,12.0,0.05567856505513191,5e-05,0.16839365661144257,0.0
4784.0,4784.0,12.0,0.06450001895427704,5e-05,0.15553399920463562,0.0
4785.0,4785.0,12.0,0.06755237281322479,5e-05,0.17925769090652466,0.0
4786.0,4786.0,12.0,0.062114179134368896,5e-05,0.11657927930355072,0.0
4787.0,4787.0,12.0,0.05677054822444916,5e-05,0.20885783433914185,0.0
4788.0,4788.0,12.0,0.05803269147872925,5e-05,0.18716493248939514,0.0
4789.0,4789.0,12.0,0.06468778848648071,5e-05,0.2834515869617462,0.0
4790.0,4790.0,12.0,0.06268097460269928,5e-05,0.14851698279380798,0.0
4791.0,4791.0,12.0,0.056562092155218124,5e-05,0.16601966321468353,0.0
4792.0,4792.0,12.0,0.05181661993265152,5e-05,0.2101370245218277,0.0
4793.0,4793.0,12.0,0.05601741373538971,5e-05,0.12282385677099228,0.0
4794.0,4794.0,12.0,0.05607200041413307,5e-05,0.19661039113998413,0.0
4795.0,4795.0,12.0,0.06190621107816696,5e-05,0.12728042900562286,0.0
4796.0,4796.0,12.0,0.05916602909564972,5e-05,0.1629246473312378,0.0
4797.0,4797.0,12.0,0.060610800981521606,5e-05,0.20849008858203888,0.0
4798.0,4798.0,12.0,0.05137331411242485,5e-05,0.13130545616149902,0.0
4799.0,4799.0,12.0,0.06367065757513046,5e-05,0.2677850127220154,0.0
4800.0,4800.0,12.0,0.07198470830917358,5e-05,0.1612887978553772,0.0
4801.0,4801.0,12.0,0.052480101585388184,5e-05,0.16466020047664642,0.0
4802.0,4802.0,12.0,0.0720326378941536,5e-05,0.22257812321186066,0.0
4803.0,4803.0,12.0,0.06804748624563217,5e-05,0.12815697491168976,0.0
4804.0,4804.0,12.0,0.047209374606609344,5e-05,0.2657402455806732,0.0
4805.0,4805.0,12.0,0.05829702317714691,5e-05,0.17965473234653473,0.0
4806.0,4806.0,12.0,0.04863743484020233,5e-05,0.2057139277458191,0.0
4807.0,4807.0,12.0,0.06104021519422531,5e-05,0.20472626388072968,0.0
4808.0,4808.0,12.0,0.05785928666591644,5e-05,0.16280297935009003,0.0
4809.0,4809.0,12.0,0.06402774900197983,5e-05,0.1581781506538391,0.0
4810.0,4810.0,12.0,0.05436974763870239,5e-05,0.1399133950471878,0.0
4811.0,4811.0,12.0,0.05671769753098488,5e-05,0.11795537918806076,0.0
4812.0,4812.0,12.0,0.05474001169204712,5e-05,0.20649145543575287,0.0
4813.0,4813.0,12.0,0.0749196857213974,5e-05,0.14944583177566528,0.0
4814.0,4814.0,12.0,0.07902391254901886,5e-05,0.24972352385520935,0.0
4815.0,4815.0,12.0,0.05989646166563034,5e-05,0.22164861857891083,0.0
4816.0,4816.0,12.0,0.05364269018173218,5e-05,0.1659010350704193,0.0
4817.0,4817.0,12.0,0.06637850403785706,5e-05,0.16403943300247192,0.0
4818.0,4818.0,12.0,0.05291798710823059,5e-05,0.14281606674194336,0.0
4819.0,4819.0,12.0,0.061895184218883514,5e-05,0.1409057229757309,0.0
4820.0,4820.0,12.0,0.05412530153989792,5e-05,0.1416947841644287,0.0
4821.0,4821.0,12.0,0.050736986100673676,5e-05,0.11503379046916962,0.0
4822.0,4822.0,12.0,0.05373961478471756,5e-05,0.12786602973937988,0.0
4823.0,4823.0,12.0,0.0671975240111351,5e-05,0.1552882045507431,0.0
4824.0,4824.0,12.0,0.047091253101825714,5e-05,0.12962427735328674,0.0
4825.0,4825.0,12.0,0.0558525025844574,5e-05,0.1270626038312912,0.0
4826.0,4826.0,12.0,0.07695768773555756,5e-05,0.1748630404472351,0.0
4827.0,4827.0,12.0,0.06745536625385284,5e-05,0.11844933032989502,0.0
4828.0,4828.0,12.0,0.0492955707013607,5e-05,0.10273325443267822,0.0
4829.0,4829.0,12.0,0.07034227252006531,5e-05,0.24938972294330597,0.0
4830.0,4830.0,12.0,0.04981641098856926,5e-05,0.13250446319580078,0.0
4831.0,4831.0,12.0,0.05782167613506317,5e-05,0.14032955467700958,0.0
4832.0,4832.0,12.0,0.06471367180347443,5e-05,0.13938498497009277,0.0
4833.0,4833.0,12.0,0.04720866680145264,5e-05,0.11858686059713364,0.0
4834.0,4834.0,12.0,0.05547085776925087,5e-05,0.21653811633586884,0.0
4835.0,4835.0,12.0,0.056591931730508804,5e-05,0.16549596190452576,0.0
4836.0,4836.0,12.0,0.04741257429122925,5e-05,0.17448674142360687,0.0
4837.0,4837.0,12.0,0.0726710855960846,5e-05,0.262342631816864,0.0
4838.0,4838.0,12.0,0.05205443501472473,5e-05,0.18299324810504913,0.0
4839.0,4839.0,12.0,0.057906392961740494,5e-05,0.21649831533432007,0.0
4840.0,4840.0,12.0,0.060198426246643066,5e-05,0.214278444647789,0.0
4841.0,4841.0,12.0,0.06892432272434235,5e-05,0.1771608144044876,0.0
4842.0,4842.0,12.0,0.05794098973274231,5e-05,0.20001260936260223,0.0
4843.0,4843.0,12.0,0.06411917507648468,5e-05,0.20270049571990967,0.0
4844.0,4844.0,12.0,0.06256018579006195,5e-05,0.19921846687793732,0.0
4845.0,4845.0,12.0,0.0592929944396019,5e-05,0.175436332821846,0.0
4846.0,4846.0,12.0,0.06544701009988785,5e-05,0.2592262029647827,0.0
4847.0,4847.0,12.0,0.047847680747509,5e-05,0.11331227421760559,0.0
4848.0,4848.0,12.0,0.06623128801584244,5e-05,0.22056718170642853,0.0
4849.0,4849.0,12.0,0.04856962710618973,5e-05,0.1693284809589386,0.0
4850.0,4850.0,12.0,0.061036549508571625,5e-05,0.13324101269245148,0.0
4851.0,4851.0,12.0,0.05976703763008118,5e-05,0.1477264165878296,0.0
4852.0,4852.0,12.0,0.050613291561603546,5e-05,0.21750812232494354,0.0
4853.0,4853.0,12.0,0.0757250115275383,5e-05,0.17623746395111084,0.0
4854.0,4854.0,12.0,0.05196761339902878,5e-05,0.2199753224849701,0.0
4855.0,4855.0,12.0,0.07155449688434601,5e-05,0.22288285195827484,0.0
4856.0,4856.0,12.0,0.06655151396989822,5e-05,0.13317611813545227,0.0
4857.0,4857.0,12.0,0.05123259872198105,5e-05,0.21508322656154633,0.0
4858.0,4858.0,12.0,0.06404253095388412,5e-05,0.14098191261291504,0.0
4859.0,4859.0,12.0,0.06173184886574745,5e-05,0.15661753714084625,0.0
4860.0,4860.0,12.0,0.062391530722379684,5e-05,0.15343646705150604,0.0
4861.0,4861.0,12.0,0.07823008298873901,5e-05,0.17937564849853516,0.0
4862.0,4862.0,12.0,0.051473043859004974,5e-05,0.19265735149383545,0.0
4863.0,4863.0,12.0,0.06304715573787689,5e-05,0.20593884587287903,0.0
4864.0,4864.0,12.0,0.05472911149263382,5e-05,0.23648159205913544,0.0
4865.0,4865.0,12.0,0.06463760137557983,5e-05,0.23095017671585083,0.0
4866.0,4866.0,12.0,0.05649993568658829,5e-05,0.1614917516708374,0.0
4867.0,4867.0,12.0,0.05966148525476456,5e-05,0.2054893523454666,0.0
4868.0,4868.0,12.0,0.0494522824883461,5e-05,0.1259497106075287,0.0
4869.0,4869.0,12.0,0.05597815290093422,5e-05,0.16063697636127472,0.0
4870.0,4870.0,12.0,0.052320897579193115,5e-05,0.1441916674375534,0.0
4871.0,4871.0,12.0,0.045247867703437805,5e-05,0.14993205666542053,0.0
4872.0,4872.0,12.0,0.06830248236656189,5e-05,0.1555749922990799,0.0
4873.0,4873.0,12.0,0.05066715553402901,5e-05,0.15009059011936188,0.0
4874.0,4874.0,12.0,0.05269410088658333,5e-05,0.14869925379753113,0.0
4875.0,4875.0,12.0,0.06261081248521805,5e-05,0.21005244553089142,0.0
4876.0,4876.0,12.0,0.06777893751859665,5e-05,0.172088161110878,0.0
4877.0,4877.0,12.0,0.06642358750104904,5e-05,0.2569133937358856,0.0
4878.0,4878.0,12.0,0.05624790117144585,5e-05,0.19297383725643158,0.0
4879.0,4879.0,12.0,0.057311348617076874,5e-05,0.19542866945266724,0.0
4880.0,4880.0,12.0,0.05793674662709236,5e-05,0.20331934094429016,0.0
4881.0,4881.0,12.0,0.06520621478557587,5e-05,0.19768822193145752,0.0
4882.0,4882.0,12.0,0.0482315719127655,5e-05,0.14981815218925476,0.0
4883.0,4883.0,12.0,0.05921071022748947,5e-05,0.28488895297050476,0.0
4884.0,4884.0,12.0,0.06061313673853874,5e-05,0.11972074210643768,0.0
4885.0,4885.0,12.0,0.06860007345676422,5e-05,0.21962150931358337,0.0
4886.0,4886.0,12.0,0.0738430768251419,5e-05,0.17355309426784515,0.0
4887.0,4887.0,12.0,0.06090366095304489,5e-05,0.21369853615760803,0.0
4888.0,4888.0,12.0,0.060623351484537125,5e-05,0.16075952351093292,0.0
4889.0,4889.0,12.0,0.057014014571905136,5e-05,0.12565693259239197,0.0
4890.0,4890.0,12.0,0.05545562505722046,5e-05,0.1770976483821869,0.0
4891.0,4891.0,12.0,0.061793603003025055,5e-05,0.18923600018024445,0.0
4892.0,4892.0,12.0,0.06763966381549835,5e-05,0.1939791589975357,0.0
4893.0,4893.0,12.0,0.06610909849405289,5e-05,0.20512855052947998,0.0
4894.0,4894.0,12.0,0.06791964918375015,5e-05,0.20088252425193787,0.0
4895.0,4895.0,12.0,0.04868632182478905,5e-05,0.14896418154239655,0.0
4896.0,4896.0,12.0,0.08230603486299515,5e-05,0.26182204484939575,0.0
4897.0,4897.0,12.0,0.07626698911190033,5e-05,0.23969724774360657,0.0
4898.0,4898.0,12.0,0.061798013746738434,5e-05,0.15755333006381989,0.0
4899.0,4899.0,12.0,0.08116340637207031,5e-05,0.39724037051200867,0.0
4900.0,4900.0,12.0,0.05575430393218994,5e-05,0.19135913252830505,0.0
4901.0,4901.0,12.0,0.05228989198803902,5e-05,0.3300444483757019,0.0
4902.0,4902.0,12.0,0.05420732498168945,5e-05,0.2752101421356201,0.0
4903.0,4903.0,12.0,0.04913940280675888,5e-05,0.18183207511901855,0.0
4904.0,4904.0,12.0,0.059569358825683594,5e-05,0.21289406716823578,0.0
4905.0,4905.0,12.0,0.06297795474529266,5e-05,0.24668841063976288,0.0
4906.0,4906.0,12.0,0.0509311705827713,5e-05,0.20481503009796143,0.0
4907.0,4907.0,12.0,0.05803515017032623,5e-05,0.21008655428886414,0.0
4908.0,4908.0,12.0,0.06491062045097351,5e-05,0.22412525117397308,0.0
4909.0,4909.0,12.0,0.05243195593357086,5e-05,0.22797293961048126,0.0
4910.0,4910.0,12.0,0.05789456143975258,5e-05,0.16660335659980774,0.0
4911.0,4911.0,12.0,0.04301782697439194,5e-05,0.1261633336544037,0.0
4912.0,4912.0,12.0,0.06909960508346558,5e-05,0.26808738708496094,0.0
4913.0,4913.0,12.0,0.056448422372341156,5e-05,0.18890146911144257,0.0
4914.0,4914.0,12.0,0.05699015408754349,5e-05,0.16520541906356812,0.0
4915.0,4915.0,12.0,0.06802630424499512,5e-05,0.23272627592086792,0.0
4916.0,4916.0,12.0,0.07173292338848114,5e-05,0.18248988687992096,0.0
4917.0,4917.0,12.0,0.05095228552818298,5e-05,0.25552281737327576,0.0
4918.0,4918.0,12.0,0.053352028131484985,5e-05,0.16546617448329926,0.0
4919.0,4919.0,12.0,0.0699976310133934,5e-05,0.32073208689689636,0.0
4920.0,4920.0,12.0,0.05932403355836868,5e-05,0.14132995903491974,0.0
4921.0,4921.0,12.0,0.06007298827171326,5e-05,0.20116816461086273,0.0
4922.0,4922.0,12.0,0.06397278606891632,5e-05,0.2551783323287964,0.0
4923.0,4923.0,12.0,0.06289156526327133,5e-05,0.21737758815288544,0.0
4924.0,4924.0,12.0,0.05952873080968857,5e-05,0.16441833972930908,0.0
4925.0,4925.0,12.0,0.0571955069899559,5e-05,0.1976088434457779,0.0
4926.0,4926.0,12.0,0.06466678529977798,5e-05,0.19626742601394653,0.0
4927.0,4927.0,12.0,0.07525227963924408,5e-05,0.14830569922924042,0.0
4928.0,4928.0,12.0,0.05857285112142563,5e-05,0.1366632729768753,0.0
4929.0,4929.0,12.0,0.06427665054798126,5e-05,0.18840783834457397,0.0
4930.0,4930.0,12.0,0.055598028004169464,5e-05,0.20162327587604523,0.0
4931.0,4931.0,12.0,0.060362815856933594,5e-05,0.17812374234199524,0.0
4932.0,4932.0,12.0,0.05943279713392258,5e-05,0.19165056943893433,0.0
4933.0,4933.0,12.0,0.05497952550649643,5e-05,0.21623213589191437,0.0
4934.0,4934.0,12.0,0.05229731649160385,5e-05,0.14020124077796936,0.0
4935.0,4935.0,12.0,0.05456672981381416,5e-05,0.20182541012763977,0.0
4936.0,4936.0,12.0,0.08246729522943497,5e-05,0.22693446278572083,0.0
4937.0,4937.0,12.0,0.057406920939683914,5e-05,0.15415991842746735,0.0
4938.0,4938.0,12.0,0.07230750471353531,5e-05,0.1880350112915039,0.0
4939.0,4939.0,12.0,0.06841883063316345,5e-05,0.20136114954948425,0.0
4940.0,4940.0,12.0,0.0562509223818779,5e-05,0.11517664790153503,0.0
4941.0,4941.0,12.0,0.055989716202020645,5e-05,0.25794121623039246,0.0
4942.0,4942.0,12.0,0.069939523935318,5e-05,0.20708701014518738,0.0
4943.0,4943.0,12.0,0.04916829615831375,5e-05,0.17369651794433594,0.0
4944.0,4944.0,12.0,0.054020971059799194,5e-05,0.227015420794487,0.0
4945.0,4945.0,12.0,0.08909547328948975,5e-05,0.19502396881580353,0.0
4946.0,4946.0,12.0,0.05625540763139725,5e-05,0.19490373134613037,0.0
4947.0,4947.0,12.0,0.0630987137556076,5e-05,0.1894167810678482,0.0
4948.0,4948.0,12.0,0.0594787672162056,5e-05,0.2855019271373749,0.0
4949.0,4949.0,12.0,0.05788746476173401,5e-05,0.18381434679031372,0.0
4950.0,4950.0,12.0,0.05573098361492157,5e-05,0.1760551482439041,0.0
4951.0,4951.0,12.0,0.0618443489074707,5e-05,0.22361065447330475,0.0
4952.0,4952.0,12.0,0.05628742650151253,5e-05,0.171814426779747,0.0
4953.0,4953.0,12.0,0.0684480369091034,5e-05,0.1713504046201706,0.0
4954.0,4954.0,12.0,0.06055368110537529,5e-05,0.25500527024269104,0.0
4955.0,4955.0,12.0,0.07020445168018341,5e-05,0.1521591693162918,0.0
4956.0,4956.0,12.0,0.07091609388589859,5e-05,0.19858390092849731,0.0
4957.0,4957.0,12.0,0.057283565402030945,5e-05,0.2104579657316208,0.0
4958.0,4958.0,12.0,0.06850942969322205,5e-05,0.15061601996421814,0.0
4959.0,4959.0,12.0,0.06638695299625397,5e-05,0.20331168174743652,0.0
4960.0,4960.0,12.0,0.07127342373132706,5e-05,0.28552696108818054,0.0
4961.0,4961.0,12.0,0.0487988218665123,5e-05,0.2089618444442749,0.0
4962.0,4962.0,12.0,0.0574360191822052,5e-05,0.22790127992630005,0.0
4963.0,4963.0,12.0,0.058624014258384705,5e-05,0.20971594750881195,0.0
4964.0,4964.0,12.0,0.06249776855111122,5e-05,0.23725350201129913,0.0
4965.0,4965.0,12.0,0.05905274674296379,5e-05,0.1473451554775238,0.0
4966.0,4966.0,12.0,0.058131132274866104,5e-05,0.2253085821866989,0.0
4967.0,4967.0,12.0,0.0483110286295414,5e-05,0.1874333769083023,0.0
4968.0,4968.0,12.0,0.05277536064386368,5e-05,0.14238570630550385,0.0
4969.0,4969.0,12.0,0.054385632276535034,5e-05,0.19756919145584106,0.0
4970.0,4970.0,12.0,0.0665397047996521,5e-05,0.19808194041252136,0.0
4971.0,4971.0,12.0,0.07045134902000427,5e-05,0.19296051561832428,0.0
4972.0,4972.0,12.0,0.06486368924379349,5e-05,0.18272963166236877,0.0
4973.0,4973.0,12.0,0.05730538070201874,5e-05,0.16316615045070648,0.0
4974.0,4974.0,12.0,0.054608821868896484,5e-05,0.10605929046869278,0.0
4975.0,4975.0,12.0,0.06543444842100143,5e-05,0.16022461652755737,0.0
4976.0,4976.0,12.0,0.05629260092973709,5e-05,0.10964550077915192,0.0
4977.0,4977.0,12.0,0.052651844918727875,5e-05,0.18437041342258453,0.0
4978.0,4978.0,12.0,0.05487161874771118,5e-05,0.1279136836528778,0.0
4979.0,4979.0,12.0,0.051490418612957,5e-05,0.1217283308506012,0.0
4980.0,4980.0,12.0,0.04893694072961807,5e-05,0.1328897476196289,0.0
4981.0,4981.0,12.0,0.06365714967250824,5e-05,0.1489502191543579,0.0
4982.0,4982.0,12.0,0.06581586599349976,5e-05,0.1353311985731125,0.0
4983.0,4983.0,12.0,0.05053301528096199,5e-05,0.1539081186056137,0.0
4984.0,4984.0,12.0,0.053605616092681885,5e-05,0.15269207954406738,0.0
4985.0,4985.0,12.0,0.046199731528759,5e-05,0.1505226194858551,0.0
4986.0,4986.0,12.0,0.055294767022132874,5e-05,0.12080878019332886,0.0
4987.0,4987.0,12.0,0.06440697610378265,5e-05,0.13412640988826752,0.0
4988.0,4988.0,12.0,0.06012215465307236,5e-05,0.16503110527992249,0.0
4989.0,4989.0,12.0,0.052088700234889984,5e-05,0.16477511823177338,0.0
4990.0,4990.0,12.0,0.05717126280069351,5e-05,0.1479305922985077,0.0
4991.0,4991.0,12.0,0.07554791122674942,5e-05,0.11041570454835892,0.0
4992.0,4992.0,12.0,0.05180720239877701,5e-05,0.23112881183624268,0.0
4993.0,4993.0,12.0,0.06437276303768158,5e-05,0.14094065129756927,0.0
4994.0,4994.0,12.0,0.06405841559171677,5e-05,0.1942542940378189,0.0
4995.0,4995.0,12.0,0.06244201585650444,5e-05,0.1901257336139679,0.0
4996.0,4996.0,12.0,0.05167055130004883,5e-05,0.14536070823669434,0.0
4997.0,4997.0,12.0,0.06486272066831589,5e-05,0.18564414978027344,0.0
4998.0,4998.0,12.0,0.05869539827108383,5e-05,0.12856625020503998,0.0
4999.0,4999.0,12.0,0.0588364414870739,5e-05,0.1754140704870224,0.0
5000.0,5000.0,12.0,0.054343223571777344,5e-05,0.23523078858852386,0.0
5001.0,5001.0,12.0,0.06522126495838165,5e-05,0.2354397475719452,0.0
5002.0,5002.0,12.0,0.05650772899389267,5e-05,0.22475317120552063,0.0
5003.0,5003.0,12.0,0.06731217354536057,5e-05,0.18738770484924316,0.0
5004.0,5004.0,12.0,0.055556803941726685,5e-05,0.18444223701953888,0.0
5005.0,5005.0,12.0,0.053139522671699524,5e-05,0.11162558943033218,0.0
5006.0,5006.0,12.0,0.06863664835691452,5e-05,0.2781384587287903,0.0
5007.0,5007.0,12.0,0.07171779870986938,5e-05,0.1510850340127945,0.0
5008.0,5008.0,12.0,0.05658075585961342,5e-05,0.18906396627426147,0.0
5009.0,5009.0,12.0,0.06960874795913696,5e-05,0.25521722435951233,0.0
5010.0,5010.0,12.0,0.07451674342155457,5e-05,0.20278385281562805,0.0
5011.0,5011.0,12.0,0.06831671297550201,5e-05,0.3146399259567261,0.0
5012.0,5012.0,12.0,0.051360152661800385,5e-05,0.12080781906843185,0.0
5013.0,5013.0,12.0,0.055101603269577026,5e-05,0.2452152520418167,0.0
5014.0,5014.0,12.0,0.06306400895118713,5e-05,0.1497630625963211,0.0
5015.0,5015.0,12.0,0.059685610234737396,5e-05,0.15049919486045837,0.0
5016.0,5016.0,12.0,0.05479274317622185,5e-05,0.24274618923664093,0.0
5017.0,5017.0,12.0,0.06944611668586731,5e-05,0.1448678821325302,0.0
5018.0,5018.0,12.0,0.04064452648162842,5e-05,0.19617348909378052,0.0
5019.0,5019.0,12.0,0.057162582874298096,5e-05,0.16048914194107056,0.0
5020.0,5020.0,12.0,0.07531513273715973,5e-05,0.17179754376411438,0.0
5021.0,5021.0,12.0,0.05041935294866562,5e-05,0.1824844628572464,0.0
5022.0,5022.0,12.0,0.06738454848527908,5e-05,0.19354096055030823,0.0
5023.0,5023.0,12.0,0.06320753693580627,5e-05,0.19803579151630402,0.0
5024.0,5024.0,12.0,0.05656101554632187,5e-05,0.18427236378192902,0.0
5025.0,5025.0,12.0,0.05732278525829315,5e-05,0.25626081228256226,0.0
5026.0,5026.0,12.0,0.07408000528812408,5e-05,0.14089207351207733,0.0
5027.0,5027.0,12.0,0.061306431889534,5e-05,0.25686734914779663,0.0
5028.0,5028.0,12.0,0.06678372621536255,5e-05,0.14851568639278412,0.0
5029.0,5029.0,12.0,0.0658956915140152,5e-05,0.22976796329021454,0.0
5030.0,5030.0,12.0,0.06271860003471375,5e-05,0.24134762585163116,0.0
5031.0,5031.0,12.0,0.05514879524707794,5e-05,0.15570126473903656,0.0
5032.0,5032.0,12.0,0.06448844075202942,5e-05,0.2620130777359009,0.0
5033.0,5033.0,12.0,0.07056939601898193,5e-05,0.1472310870885849,0.0
5034.0,5034.0,12.0,0.0727216973900795,5e-05,0.2195424735546112,0.0
5035.0,5035.0,12.0,0.06645410507917404,5e-05,0.2505176365375519,0.0
5036.0,5036.0,12.0,0.06256308406591415,5e-05,0.13234859704971313,0.0
5037.0,5037.0,12.0,0.0539679117500782,5e-05,0.2623538672924042,0.0
5038.0,5038.0,12.0,0.055971819907426834,5e-05,0.20490264892578125,0.0
5039.0,5039.0,12.0,0.059700533747673035,5e-05,0.1972740888595581,0.0
5040.0,5040.0,12.0,0.059722352772951126,5e-05,0.20505917072296143,0.0
5041.0,5041.0,12.0,0.05167383700609207,5e-05,0.18080951273441315,0.0
5042.0,5042.0,12.0,0.07308794558048248,5e-05,0.21799099445343018,0.0
5043.0,5043.0,12.0,0.05679168179631233,5e-05,0.2077670395374298,0.0
5044.0,5044.0,12.0,0.06686671078205109,5e-05,0.1901264190673828,0.0
5045.0,5045.0,12.0,0.05436165630817413,5e-05,0.11160966008901596,0.0
5046.0,5046.0,12.0,0.05913349613547325,5e-05,0.1793924868106842,0.0
5047.0,5047.0,12.0,0.07294903695583344,5e-05,0.16122277081012726,0.0
5048.0,5048.0,12.0,0.07267928123474121,5e-05,0.13410435616970062,0.0
5049.0,5049.0,12.0,0.06412845104932785,5e-05,0.14458243548870087,0.0
5050.0,5050.0,12.0,0.0598423108458519,5e-05,0.11965712904930115,0.0
5051.0,5051.0,12.0,0.05873904004693031,5e-05,0.16145068407058716,0.0
5052.0,5052.0,12.0,0.06497618556022644,5e-05,0.18357084691524506,0.0
5053.0,5053.0,12.0,0.06380857527256012,5e-05,0.1476510912179947,0.0
5054.0,5054.0,12.0,0.05678756535053253,5e-05,0.2206229567527771,0.0
5055.0,5055.0,12.0,0.04746275395154953,5e-05,0.14916469156742096,0.0
5056.0,5056.0,12.0,0.05752331763505936,5e-05,0.15954945981502533,0.0
5057.0,5057.0,12.0,0.0865204781293869,5e-05,0.20344769954681396,0.0
5058.0,5058.0,12.0,0.050117481499910355,5e-05,0.1505023092031479,0.0
5059.0,5059.0,12.0,0.06305649876594543,5e-05,0.17074745893478394,0.0
5060.0,5060.0,12.0,0.06151238828897476,5e-05,0.17639587819576263,0.0
5061.0,5061.0,12.0,0.060995373874902725,5e-05,0.17346391081809998,0.0
5062.0,5062.0,12.0,0.05237133055925369,5e-05,0.17167618870735168,0.0
5063.0,5063.0,12.0,0.06554067134857178,5e-05,0.26801741123199463,0.0
5064.0,5064.0,12.0,0.06920640170574188,5e-05,0.18673671782016754,0.0
5065.0,5065.0,12.0,0.0523175373673439,5e-05,0.17962859570980072,0.0
5066.0,5066.0,12.0,0.05956260859966278,5e-05,0.1684311181306839,0.0
5067.0,5067.0,12.0,0.0702173113822937,5e-05,0.12364435940980911,0.0
5068.0,5068.0,12.0,0.0533110648393631,5e-05,0.13506895303726196,0.0
5069.0,5069.0,12.0,0.06483712792396545,5e-05,0.20339907705783844,0.0
5070.0,5070.0,12.0,0.053944043815135956,5e-05,0.13347822427749634,0.0
5071.0,5071.0,13.0,0.06763648241758347,5e-05,0.20469139516353607,0.0
5072.0,5072.0,13.0,0.06276795268058777,5e-05,0.11563627421855927,0.0
5073.0,5073.0,13.0,0.06015801802277565,5e-05,0.2774337828159332,0.0
5074.0,5074.0,13.0,0.05663784593343735,5e-05,0.15490776300430298,0.0
5075.0,5075.0,13.0,0.048507168889045715,5e-05,0.2031693458557129,0.0
5076.0,5076.0,13.0,0.057210005819797516,5e-05,0.1072428971529007,0.0
5077.0,5077.0,13.0,0.0636000782251358,5e-05,0.14254024624824524,0.0
5078.0,5078.0,13.0,0.06177305802702904,5e-05,0.1124197319149971,0.0
5079.0,5079.0,13.0,0.056600041687488556,5e-05,0.11753371357917786,0.0
5080.0,5080.0,13.0,0.061361104249954224,5e-05,0.1557808220386505,0.0
5081.0,5081.0,13.0,0.06054084375500679,5e-05,0.18402869999408722,0.0
5082.0,5082.0,13.0,0.07058893144130707,5e-05,0.16305720806121826,0.0
5083.0,5083.0,13.0,0.052561014890670776,5e-05,0.16329704225063324,0.0
5084.0,5084.0,13.0,0.057106710970401764,5e-05,0.279232382774353,0.0
5085.0,5085.0,13.0,0.060403041541576385,5e-05,0.10913108289241791,0.0
5086.0,5086.0,13.0,0.06627416610717773,5e-05,0.25932103395462036,0.0
5087.0,5087.0,13.0,0.04428020119667053,5e-05,0.20007632672786713,0.0
5088.0,5088.0,13.0,0.05695907399058342,5e-05,0.17422038316726685,0.0
5089.0,5089.0,13.0,0.06118372082710266,5e-05,0.23579320311546326,0.0
5090.0,5090.0,13.0,0.06822459399700165,5e-05,0.17540940642356873,0.0
5091.0,5091.0,13.0,0.0599546805024147,5e-05,0.17635869979858398,0.0
5092.0,5092.0,13.0,0.061938002705574036,5e-05,0.2531130611896515,0.0
5093.0,5093.0,13.0,0.06445595622062683,5e-05,0.17647533118724823,0.0
5094.0,5094.0,13.0,0.05283191800117493,5e-05,0.19092518091201782,0.0
5095.0,5095.0,13.0,0.07350535690784454,5e-05,0.18059538304805756,0.0
5096.0,5096.0,13.0,0.07729214429855347,5e-05,0.23685003817081451,0.0
5097.0,5097.0,13.0,0.0602218359708786,5e-05,0.1910821795463562,0.0
5098.0,5098.0,13.0,0.060294751077890396,5e-05,0.19271337985992432,0.0
5099.0,5099.0,13.0,0.06311523914337158,5e-05,0.14321614801883698,0.0
5100.0,5100.0,13.0,0.05767208710312843,5e-05,0.18114301562309265,0.0
5101.0,5101.0,13.0,0.04627929627895355,5e-05,0.1388898640871048,0.0
5102.0,5102.0,13.0,0.05941413342952728,5e-05,0.19569025933742523,0.0
5103.0,5103.0,13.0,0.05780824273824692,5e-05,0.1731470227241516,0.0
5104.0,5104.0,13.0,0.06489510089159012,5e-05,0.23942974209785461,0.0
5105.0,5105.0,13.0,0.05722925066947937,5e-05,0.21900977194309235,0.0
5106.0,5106.0,13.0,0.04541025310754776,5e-05,0.1921190470457077,0.0
5107.0,5107.0,13.0,0.07245679944753647,5e-05,0.17161443829536438,0.0
5108.0,5108.0,13.0,0.07640548050403595,5e-05,0.21509012579917908,0.0
5109.0,5109.0,13.0,0.07461242377758026,5e-05,0.1829822063446045,0.0
5110.0,5110.0,13.0,0.0542440190911293,5e-05,0.17179130017757416,0.0
5111.0,5111.0,13.0,0.0664224624633789,5e-05,0.2148362696170807,0.0
5112.0,5112.0,13.0,0.048137128353118896,5e-05,0.1774887591600418,0.0
5113.0,5113.0,13.0,0.06244894862174988,5e-05,0.1609864979982376,0.0
5114.0,5114.0,13.0,0.06520194560289383,5e-05,0.19008730351924896,0.0
5115.0,5115.0,13.0,0.0540115088224411,5e-05,0.21993590891361237,0.0
5116.0,5116.0,13.0,0.06028769537806511,5e-05,0.24401186406612396,0.0
5117.0,5117.0,13.0,0.05514628812670708,5e-05,0.18767818808555603,0.0
5118.0,5118.0,13.0,0.06200776249170303,5e-05,0.23493961989879608,0.0
5119.0,5119.0,13.0,0.06987322866916656,5e-05,0.25561168789863586,0.0
5120.0,5120.0,13.0,0.06424187123775482,5e-05,0.20221903920173645,0.0
5121.0,5121.0,13.0,0.04924076050519943,5e-05,0.32210537791252136,0.0
5122.0,5122.0,13.0,0.04692380875349045,5e-05,0.2226538062095642,0.0
5123.0,5123.0,13.0,0.06334023177623749,5e-05,0.2954666018486023,0.0
5124.0,5124.0,13.0,0.057164646685123444,5e-05,0.1252976655960083,0.0
5125.0,5125.0,13.0,0.06241631507873535,5e-05,0.24154913425445557,0.0
5126.0,5126.0,13.0,0.0684431791305542,5e-05,0.20204316079616547,0.0
5127.0,5127.0,13.0,0.05190421640872955,5e-05,0.1923193633556366,0.0
5128.0,5128.0,13.0,0.06280030310153961,5e-05,0.25358277559280396,0.0
5129.0,5129.0,13.0,0.06535877287387848,5e-05,0.16655950248241425,0.0
5130.0,5130.0,13.0,0.052474793046712875,5e-05,0.2534487545490265,0.0
5131.0,5131.0,13.0,0.04765956103801727,5e-05,0.16132551431655884,0.0
5132.0,5132.0,13.0,0.0668783113360405,5e-05,0.245242640376091,0.0
5133.0,5133.0,13.0,0.06498141586780548,5e-05,0.19065067172050476,0.0
5134.0,5134.0,13.0,0.05592604726552963,5e-05,0.21304352581501007,0.0
5135.0,5135.0,13.0,0.059475116431713104,5e-05,0.22028528153896332,0.0
5136.0,5136.0,13.0,0.0583341158926487,5e-05,0.16496101021766663,0.0
5137.0,5137.0,13.0,0.05390949547290802,5e-05,0.19631564617156982,0.0
5138.0,5138.0,13.0,0.06109398230910301,5e-05,0.20435576140880585,0.0
5139.0,5139.0,13.0,0.0651019811630249,5e-05,0.16222110390663147,0.0
5140.0,5140.0,13.0,0.05462406203150749,5e-05,0.2250266820192337,0.0
5141.0,5141.0,13.0,0.05566668510437012,5e-05,0.18956197798252106,0.0
5142.0,5142.0,13.0,0.05953842028975487,5e-05,0.17075322568416595,0.0
5143.0,5143.0,13.0,0.06022627651691437,5e-05,0.25973960757255554,0.0
5144.0,5144.0,13.0,0.05955781042575836,5e-05,0.1039547398686409,0.0
5145.0,5145.0,13.0,0.06523753702640533,5e-05,0.24454760551452637,0.0
5146.0,5146.0,13.0,0.04605749621987343,5e-05,0.24418950080871582,0.0
5147.0,5147.0,13.0,0.05703889578580856,5e-05,0.15122739970684052,0.0
5148.0,5148.0,13.0,0.062081918120384216,5e-05,0.2425270676612854,0.0
5149.0,5149.0,13.0,0.059978850185871124,5e-05,0.2517741024494171,0.0
5150.0,5150.0,13.0,0.06170528754591942,5e-05,0.15240105986595154,0.0
5151.0,5151.0,13.0,0.06106040999293327,5e-05,0.32468053698539734,0.0
5152.0,5152.0,13.0,0.060793861746788025,5e-05,0.24638457596302032,0.0
5153.0,5153.0,13.0,0.046065591275691986,5e-05,0.18345603346824646,0.0
5154.0,5154.0,13.0,0.04810246080160141,5e-05,0.2511061728000641,0.0
5155.0,5155.0,13.0,0.062489405274391174,5e-05,0.23462927341461182,0.0
5156.0,5156.0,13.0,0.057755518704652786,5e-05,0.23826070129871368,0.0
5157.0,5157.0,13.0,0.0634486973285675,5e-05,0.26627594232559204,0.0
5158.0,5158.0,13.0,0.0600137785077095,5e-05,0.13907356560230255,0.0
5159.0,5159.0,13.0,0.06338858604431152,5e-05,0.26754435896873474,0.0
5160.0,5160.0,13.0,0.05885952711105347,5e-05,0.22479887306690216,0.0
5161.0,5161.0,13.0,0.05875464528799057,5e-05,0.15711204707622528,0.0
5162.0,5162.0,13.0,0.05572108179330826,5e-05,0.23870161175727844,0.0
5163.0,5163.0,13.0,0.06385019421577454,5e-05,0.13809068500995636,0.0
5164.0,5164.0,13.0,0.0570090152323246,5e-05,0.1425507813692093,0.0
5165.0,5165.0,13.0,0.06727041304111481,5e-05,0.2843484878540039,0.0
5166.0,5166.0,13.0,0.05119220167398453,5e-05,0.14568659663200378,0.0
5167.0,5167.0,13.0,0.0656597763299942,5e-05,0.22894534468650818,0.0
5168.0,5168.0,13.0,0.06296931207180023,5e-05,0.2671762704849243,0.0
5169.0,5169.0,13.0,0.058105625212192535,5e-05,0.12844321131706238,0.0
5170.0,5170.0,13.0,0.0636989176273346,5e-05,0.24063244462013245,0.0
5171.0,5171.0,13.0,0.045708537101745605,5e-05,0.17513370513916016,0.0
5172.0,5172.0,13.0,0.042456939816474915,5e-05,0.14647753536701202,0.0
5173.0,5173.0,13.0,0.08354540914297104,5e-05,0.2062145471572876,0.0
5174.0,5174.0,13.0,0.054474711418151855,5e-05,0.16676847636699677,0.0
5175.0,5175.0,13.0,0.0731578841805458,5e-05,0.2785704731941223,0.0
5176.0,5176.0,13.0,0.05452662333846092,5e-05,0.1190754622220993,0.0
5177.0,5177.0,13.0,0.055713728070259094,5e-05,0.2246740758419037,0.0
5178.0,5178.0,13.0,0.05084758996963501,5e-05,0.11032551527023315,0.0
5179.0,5179.0,13.0,0.06302164494991302,5e-05,0.2018221616744995,0.0
5180.0,5180.0,13.0,0.061505306512117386,5e-05,0.15431414544582367,0.0
5181.0,5181.0,13.0,0.0634930431842804,5e-05,0.20979078114032745,0.0
5182.0,5182.0,13.0,0.05405604466795921,5e-05,0.1531164050102234,0.0
5183.0,5183.0,13.0,0.0663810595870018,5e-05,0.17640818655490875,0.0
5184.0,5184.0,13.0,0.055517397820949554,5e-05,0.163523331284523,0.0
5185.0,5185.0,13.0,0.06293400377035141,5e-05,0.21871750056743622,0.0
5186.0,5186.0,13.0,0.062018830329179764,5e-05,0.11565043777227402,0.0
5187.0,5187.0,13.0,0.060353703796863556,5e-05,0.19910083711147308,0.0
5188.0,5188.0,13.0,0.0625246912240982,5e-05,0.1388142853975296,0.0
5189.0,5189.0,13.0,0.04881587624549866,5e-05,0.17440250515937805,0.0
5190.0,5190.0,13.0,0.059002555906772614,5e-05,0.1465318500995636,0.0
5191.0,5191.0,13.0,0.0483221560716629,5e-05,0.2572629749774933,0.0
5192.0,5192.0,13.0,0.062360119074583054,5e-05,0.189300075173378,0.0
5193.0,5193.0,13.0,0.05754803121089935,5e-05,0.20449000597000122,0.0
5194.0,5194.0,13.0,0.0636620968580246,5e-05,0.19520241022109985,0.0
5195.0,5195.0,13.0,0.06173247843980789,5e-05,0.15205521881580353,0.0
5196.0,5196.0,13.0,0.052771180868148804,5e-05,0.2251969277858734,0.0
5197.0,5197.0,13.0,0.07412636280059814,5e-05,0.16087950766086578,0.0
5198.0,5198.0,13.0,0.05633760988712311,5e-05,0.15771329402923584,0.0
5199.0,5199.0,13.0,0.06403065472841263,5e-05,0.18229232728481293,0.0
5200.0,5200.0,13.0,0.07973827421665192,5e-05,0.2535054683685303,0.0
5201.0,5201.0,13.0,0.05972878634929657,5e-05,0.20604662597179413,0.0
5202.0,5202.0,13.0,0.06971754133701324,5e-05,0.15644240379333496,0.0
5203.0,5203.0,13.0,0.06596140563488007,5e-05,0.2210157811641693,0.0
5204.0,5204.0,13.0,0.07775983214378357,5e-05,0.1810801923274994,0.0
5205.0,5205.0,13.0,0.06298469752073288,5e-05,0.1207890510559082,0.0
5206.0,5206.0,13.0,0.07736321538686752,5e-05,0.1704721599817276,0.0
5207.0,5207.0,13.0,0.05458414554595947,5e-05,0.1204279363155365,0.0
5208.0,5208.0,13.0,0.0515415295958519,5e-05,0.13235227763652802,0.0
5209.0,5209.0,13.0,0.06086672842502594,5e-05,0.1497322916984558,0.0
5210.0,5210.0,13.0,0.04891049489378929,5e-05,0.1180996298789978,0.0
5211.0,5211.0,13.0,0.060624588280916214,5e-05,0.1419808566570282,0.0
5212.0,5212.0,13.0,0.07344919443130493,5e-05,0.18037474155426025,0.0
5213.0,5213.0,13.0,0.052915770560503006,5e-05,0.14704468846321106,0.0
5214.0,5214.0,13.0,0.059851519763469696,5e-05,0.20663003623485565,0.0
5215.0,5215.0,13.0,0.05177374929189682,5e-05,0.18783235549926758,0.0
5216.0,5216.0,13.0,0.0658794492483139,5e-05,0.12106695771217346,0.0
5217.0,5217.0,13.0,0.04713115841150284,5e-05,0.2524457573890686,0.0
5218.0,5218.0,13.0,0.052976347506046295,5e-05,0.12833939492702484,0.0
5219.0,5219.0,13.0,0.05004071444272995,5e-05,0.17906160652637482,0.0
5220.0,5220.0,13.0,0.060206860303878784,5e-05,0.1845904290676117,0.0
5221.0,5221.0,13.0,0.05621591955423355,5e-05,0.23103050887584686,0.0
5222.0,5222.0,13.0,0.05853784829378128,5e-05,0.19757014513015747,0.0
5223.0,5223.0,13.0,0.06350301206111908,5e-05,0.18079228699207306,0.0
5224.0,5224.0,13.0,0.06923370063304901,5e-05,0.27377083897590637,0.0
5225.0,5225.0,13.0,0.062328778207302094,5e-05,0.12539921700954437,0.0
5226.0,5226.0,13.0,0.059717826545238495,5e-05,0.24163129925727844,0.0
5227.0,5227.0,13.0,0.05117236077785492,5e-05,0.09945309907197952,0.0
5228.0,5228.0,13.0,0.06716588139533997,5e-05,0.19572889804840088,0.0
5229.0,5229.0,13.0,0.05035057291388512,5e-05,0.19515667855739594,0.0
5230.0,5230.0,13.0,0.058789633214473724,5e-05,0.11576496064662933,0.0
5231.0,5231.0,13.0,0.060698654502630234,5e-05,0.28660446405410767,0.0
5232.0,5232.0,13.0,0.05473138391971588,5e-05,0.122311070561409,0.0
5233.0,5233.0,13.0,0.06438470631837845,5e-05,0.1634708195924759,0.0
5234.0,5234.0,13.0,0.06862267851829529,5e-05,0.21488110721111298,0.0
5235.0,5235.0,13.0,0.06171511113643646,5e-05,0.11599412560462952,0.0
5236.0,5236.0,13.0,0.05495708808302879,5e-05,0.18841911852359772,0.0
5237.0,5237.0,13.0,0.05508462339639664,5e-05,0.12159717828035355,0.0
5238.0,5238.0,13.0,0.060480836778879166,5e-05,0.17657648026943207,0.0
5239.0,5239.0,13.0,0.055077794939279556,5e-05,0.13264700770378113,0.0
5240.0,5240.0,13.0,0.0653148740530014,5e-05,0.16483567655086517,0.0
5241.0,5241.0,13.0,0.060767680406570435,5e-05,0.14907974004745483,0.0
5242.0,5242.0,13.0,0.05037720501422882,5e-05,0.09317798912525177,0.0
5243.0,5243.0,13.0,0.06099513918161392,5e-05,0.11716628819704056,0.0
5244.0,5244.0,13.0,0.06379720568656921,5e-05,0.12998251616954803,0.0
5245.0,5245.0,13.0,0.051421813666820526,5e-05,0.11150071024894714,0.0
5246.0,5246.0,13.0,0.0735766589641571,5e-05,0.1674613356590271,0.0
5247.0,5247.0,13.0,0.055671900510787964,5e-05,0.12774118781089783,0.0
5248.0,5248.0,13.0,0.061191581189632416,5e-05,0.22286547720432281,0.0
5249.0,5249.0,13.0,0.06426315009593964,5e-05,0.1367473602294922,0.0
5250.0,5250.0,13.0,0.06438679993152618,5e-05,0.148304283618927,0.0
5251.0,5251.0,13.0,0.05695585906505585,5e-05,0.13657939434051514,0.0
5252.0,5252.0,13.0,0.06314089894294739,5e-05,0.13055603206157684,0.0
5253.0,5253.0,13.0,0.045154958963394165,5e-05,0.11626392602920532,0.0
5254.0,5254.0,13.0,0.06426393985748291,5e-05,0.19439390301704407,0.0
5255.0,5255.0,13.0,0.06037617102265358,5e-05,0.09686560183763504,0.0
5256.0,5256.0,13.0,0.06875768303871155,5e-05,0.2399333119392395,0.0
5257.0,5257.0,13.0,0.05851331725716591,5e-05,0.14517396688461304,0.0
5258.0,5258.0,13.0,0.056291237473487854,5e-05,0.20113681256771088,0.0
5259.0,5259.0,13.0,0.05161626264452934,5e-05,0.12146414816379547,0.0
5260.0,5260.0,13.0,0.05868309736251831,5e-05,0.1619309037923813,0.0
5261.0,5261.0,13.0,0.04771577566862106,5e-05,0.1585683971643448,0.0
5262.0,5262.0,13.0,0.06392565369606018,5e-05,0.16455622017383575,0.0
5263.0,5263.0,13.0,0.052654389292001724,5e-05,0.10911769419908524,0.0
5264.0,5264.0,13.0,0.07061906158924103,5e-05,0.2002512365579605,0.0
5265.0,5265.0,13.0,0.054993562400341034,5e-05,0.11862239986658096,0.0
5266.0,5266.0,13.0,0.05879484489560127,5e-05,0.19508804380893707,0.0
5267.0,5267.0,13.0,0.07092629373073578,5e-05,0.14707423746585846,0.0
5268.0,5268.0,13.0,0.06459975242614746,5e-05,0.12637288868427277,0.0
5269.0,5269.0,13.0,0.0464627780020237,5e-05,0.09942180663347244,0.0
5270.0,5270.0,13.0,0.061414480209350586,5e-05,0.15513606369495392,0.0
5271.0,5271.0,13.0,0.06315086036920547,5e-05,0.15688124299049377,0.0
5272.0,5272.0,13.0,0.0636882334947586,5e-05,0.1692746877670288,0.0
5273.0,5273.0,13.0,0.07227656990289688,5e-05,0.2746867537498474,0.0
5274.0,5274.0,13.0,0.06036153808236122,5e-05,0.22205397486686707,0.0
5275.0,5275.0,13.0,0.05391119047999382,5e-05,0.19308409094810486,0.0
5276.0,5276.0,13.0,0.04671073704957962,5e-05,0.13531376421451569,0.0
5277.0,5277.0,13.0,0.06775511056184769,5e-05,0.2502286434173584,0.0
5278.0,5278.0,13.0,0.0663805902004242,5e-05,0.17522867023944855,0.0
5279.0,5279.0,13.0,0.06012536212801933,5e-05,0.17056336998939514,0.0
5280.0,5280.0,13.0,0.07519619166851044,5e-05,0.22543834149837494,0.0
5281.0,5281.0,13.0,0.06200770288705826,5e-05,0.23140683770179749,0.0
5282.0,5282.0,13.0,0.06130065768957138,5e-05,0.15150277316570282,0.0
5283.0,5283.0,13.0,0.060755617916584015,5e-05,0.2541499435901642,0.0
5284.0,5284.0,13.0,0.06563055515289307,5e-05,0.13338689506053925,0.0
5285.0,5285.0,13.0,0.06782907247543335,5e-05,0.19994671642780304,0.0
5286.0,5286.0,13.0,0.05494403839111328,5e-05,0.21605941653251648,0.0
5287.0,5287.0,13.0,0.0507313497364521,5e-05,0.14127707481384277,0.0
5288.0,5288.0,13.0,0.05135906860232353,5e-05,0.21180541813373566,0.0
5289.0,5289.0,13.0,0.07128843665122986,5e-05,0.21417264640331268,0.0
5290.0,5290.0,13.0,0.05149448662996292,5e-05,0.16272184252738953,0.0
5291.0,5291.0,13.0,0.05723485350608826,5e-05,0.17111946642398834,0.0
5292.0,5292.0,13.0,0.058657050132751465,5e-05,0.1350376456975937,0.0
5293.0,5293.0,13.0,0.058859530836343765,5e-05,0.15386807918548584,0.0
5294.0,5294.0,13.0,0.062160853296518326,5e-05,0.19476699829101562,0.0
5295.0,5295.0,13.0,0.05568206310272217,5e-05,0.14835229516029358,0.0
5296.0,5296.0,13.0,0.06500698626041412,5e-05,0.18744243681430817,0.0
5297.0,5297.0,13.0,0.05305638909339905,5e-05,0.24126394093036652,0.0
5298.0,5298.0,13.0,0.06222891807556152,5e-05,0.1603144407272339,0.0
5299.0,5299.0,13.0,0.04419994726777077,5e-05,0.19058983027935028,0.0
5300.0,5300.0,13.0,0.06866952031850815,5e-05,0.16416455805301666,0.0
5301.0,5301.0,13.0,0.05504564940929413,5e-05,0.2266675978899002,0.0
5302.0,5302.0,13.0,0.05328495800495148,5e-05,0.1530046910047531,0.0
5303.0,5303.0,13.0,0.05194578319787979,5e-05,0.15577760338783264,0.0
5304.0,5304.0,13.0,0.06381441652774811,5e-05,0.11530958861112595,0.0
5305.0,5305.0,13.0,0.05950146168470383,5e-05,0.09808565676212311,0.0
5306.0,5306.0,13.0,0.05935724824666977,5e-05,0.16989271342754364,0.0
5307.0,5307.0,13.0,0.05468926951289177,5e-05,0.15058985352516174,0.0
5308.0,5308.0,13.0,0.059996284544467926,5e-05,0.19074752926826477,0.0
5309.0,5309.0,13.0,0.05354725942015648,5e-05,0.12354244291782379,0.0
5310.0,5310.0,13.0,0.06594869494438171,5e-05,0.19965067505836487,0.0
5311.0,5311.0,13.0,0.05624454468488693,5e-05,0.1635989546775818,0.0
5312.0,5312.0,13.0,0.052717793732881546,5e-05,0.12184392660856247,0.0
5313.0,5313.0,13.0,0.05569992959499359,5e-05,0.23772341012954712,0.0
5314.0,5314.0,13.0,0.06024368852376938,5e-05,0.11255329102277756,0.0
5315.0,5315.0,13.0,0.062297523021698,5e-05,0.21355043351650238,0.0
5316.0,5316.0,13.0,0.05783000960946083,5e-05,0.09934927523136139,0.0
5317.0,5317.0,13.0,0.06341798603534698,5e-05,0.1639617681503296,0.0
5318.0,5318.0,13.0,0.05999612808227539,5e-05,0.16540351510047913,0.0
5319.0,5319.0,13.0,0.05145600438117981,5e-05,0.13405275344848633,0.0
5320.0,5320.0,13.0,0.057913921773433685,5e-05,0.17170771956443787,0.0
5321.0,5321.0,13.0,0.06819908320903778,5e-05,0.18298684060573578,0.0
5322.0,5322.0,13.0,0.06429937481880188,5e-05,0.16797028481960297,0.0
5323.0,5323.0,13.0,0.060874007642269135,5e-05,0.2150336652994156,0.0
5324.0,5324.0,13.0,0.055319562554359436,5e-05,0.15668855607509613,0.0
5325.0,5325.0,13.0,0.06373561918735504,5e-05,0.18108507990837097,0.0
5326.0,5326.0,13.0,0.051108743995428085,5e-05,0.14521154761314392,0.0
5327.0,5327.0,13.0,0.06687450408935547,5e-05,0.19458699226379395,0.0
5328.0,5328.0,13.0,0.0596734955906868,5e-05,0.12844635546207428,0.0
5329.0,5329.0,13.0,0.0430554524064064,5e-05,0.15784196555614471,0.0
5330.0,5330.0,13.0,0.06615811586380005,5e-05,0.15386827290058136,0.0
5331.0,5331.0,13.0,0.06336485594511032,5e-05,0.15794259309768677,0.0
5332.0,5332.0,13.0,0.06394355744123459,5e-05,0.15917423367500305,0.0
5333.0,5333.0,13.0,0.05710849165916443,5e-05,0.14533919095993042,0.0
5334.0,5334.0,13.0,0.05596446990966797,5e-05,0.13884513080120087,0.0
5335.0,5335.0,13.0,0.0685839056968689,5e-05,0.1948963701725006,0.0
5336.0,5336.0,13.0,0.057412855327129364,5e-05,0.14375044405460358,0.0
5337.0,5337.0,13.0,0.061335206031799316,5e-05,0.17806744575500488,0.0
5338.0,5338.0,13.0,0.08032029122114182,5e-05,0.2010355144739151,0.0
5339.0,5339.0,13.0,0.06832843273878098,5e-05,0.14919611811637878,0.0
5340.0,5340.0,13.0,0.0639907643198967,5e-05,0.14002321660518646,0.0
5341.0,5341.0,13.0,0.04797672480344772,5e-05,0.1465028077363968,0.0
5342.0,5342.0,13.0,0.06211167946457863,5e-05,0.15765796601772308,0.0
5343.0,5343.0,13.0,0.05757107213139534,5e-05,0.15553924441337585,0.0
5344.0,5344.0,13.0,0.0685591921210289,5e-05,0.11702358722686768,0.0
5345.0,5345.0,13.0,0.060441676527261734,5e-05,0.14369076490402222,0.0
5346.0,5346.0,13.0,0.05046851560473442,5e-05,0.14373838901519775,0.0
5347.0,5347.0,13.0,0.06370584666728973,5e-05,0.11802375316619873,0.0
5348.0,5348.0,13.0,0.06501884758472443,5e-05,0.1565338373184204,0.0
5349.0,5349.0,13.0,0.07244908064603806,5e-05,0.14048781991004944,0.0
5350.0,5350.0,13.0,0.05975131690502167,5e-05,0.17752370238304138,0.0
5351.0,5351.0,13.0,0.06000998243689537,5e-05,0.14045822620391846,0.0
5352.0,5352.0,13.0,0.0639861598610878,5e-05,0.2112913280725479,0.0
5353.0,5353.0,13.0,0.059352610260248184,5e-05,0.20110073685646057,0.0
5354.0,5354.0,13.0,0.05514320358633995,5e-05,0.13048002123832703,0.0
5355.0,5355.0,13.0,0.06402632594108582,5e-05,0.2269841432571411,0.0
5356.0,5356.0,13.0,0.06087338551878929,5e-05,0.1660735309123993,0.0
5357.0,5357.0,13.0,0.06404194235801697,5e-05,0.17285402119159698,0.0
5358.0,5358.0,13.0,0.06211855262517929,5e-05,0.2671372890472412,0.0
5359.0,5359.0,13.0,0.061677563935518265,5e-05,0.1408049315214157,0.0
5360.0,5360.0,13.0,0.07069238275289536,5e-05,0.21083948016166687,0.0
5361.0,5361.0,13.0,0.06708022952079773,5e-05,0.19313925504684448,0.0
5362.0,5362.0,13.0,0.0640966147184372,5e-05,0.10455632209777832,0.0
5363.0,5363.0,13.0,0.055316388607025146,5e-05,0.21537408232688904,0.0
5364.0,5364.0,13.0,0.061744675040245056,5e-05,0.19972103834152222,0.0
5365.0,5365.0,13.0,0.05114012584090233,5e-05,0.1477385312318802,0.0
5366.0,5366.0,13.0,0.059457018971443176,5e-05,0.2228771299123764,0.0
5367.0,5367.0,13.0,0.055965207517147064,5e-05,0.11658657342195511,0.0
5368.0,5368.0,13.0,0.0744362324476242,5e-05,0.1781100183725357,0.0
5369.0,5369.0,13.0,0.0663796067237854,5e-05,0.20287321507930756,0.0
5370.0,5370.0,13.0,0.06548365950584412,5e-05,0.20712749660015106,0.0
5371.0,5371.0,13.0,0.05701351910829544,5e-05,0.1656263768672943,0.0
5372.0,5372.0,13.0,0.058232150971889496,5e-05,0.19397573173046112,0.0
5373.0,5373.0,13.0,0.05322098731994629,5e-05,0.14598529040813446,0.0
5374.0,5374.0,13.0,0.05627553164958954,5e-05,0.15510466694831848,0.0
5375.0,5375.0,13.0,0.06230784207582474,5e-05,0.17696847021579742,0.0
5376.0,5376.0,13.0,0.05958067625761032,5e-05,0.10120222717523575,0.0
5377.0,5377.0,13.0,0.05708252638578415,5e-05,0.19857773184776306,0.0
5378.0,5378.0,13.0,0.04773370921611786,5e-05,0.19157227873802185,0.0
5379.0,5379.0,13.0,0.06274928897619247,5e-05,0.17462389171123505,0.0
5380.0,5380.0,13.0,0.05289134383201599,5e-05,0.23142175376415253,0.0
5381.0,5381.0,13.0,0.06887543201446533,5e-05,0.1822824478149414,0.0
5382.0,5382.0,13.0,0.05185064673423767,5e-05,0.156842902302742,0.0
5383.0,5383.0,13.0,0.05302073061466217,5e-05,0.2030370980501175,0.0
5384.0,5384.0,13.0,0.06073440611362457,5e-05,0.13196025788784027,0.0
5385.0,5385.0,13.0,0.06910043954849243,5e-05,0.1801864206790924,0.0
5386.0,5386.0,13.0,0.0572328120470047,5e-05,0.14084850251674652,0.0
5387.0,5387.0,13.0,0.05896267294883728,5e-05,0.16336625814437866,0.0
5388.0,5388.0,13.0,0.06167323887348175,5e-05,0.15148688852787018,0.0
5389.0,5389.0,13.0,0.0694846659898758,5e-05,0.15949109196662903,0.0
5390.0,5390.0,13.0,0.07834658026695251,5e-05,0.28207671642303467,0.0
5391.0,5391.0,13.0,0.05921623855829239,5e-05,0.13304820656776428,0.0
5392.0,5392.0,13.0,0.06910520792007446,5e-05,0.17731305956840515,0.0
5393.0,5393.0,13.0,0.060281939804553986,5e-05,0.166550412774086,0.0
5394.0,5394.0,13.0,0.05546509847044945,5e-05,0.19852188229560852,0.0
5395.0,5395.0,13.0,0.05286932736635208,5e-05,0.1699957251548767,0.0
5396.0,5396.0,13.0,0.07147379219532013,5e-05,0.2515750229358673,0.0
5397.0,5397.0,13.0,0.05269216001033783,5e-05,0.1470365971326828,0.0
5398.0,5398.0,13.0,0.0561089888215065,5e-05,0.19087713956832886,0.0
5399.0,5399.0,13.0,0.05671814829111099,5e-05,0.1786227971315384,0.0
5400.0,5400.0,13.0,0.04787985235452652,5e-05,0.14110815525054932,0.0
5401.0,5401.0,13.0,0.04969603568315506,5e-05,0.14827512204647064,0.0
5402.0,5402.0,13.0,0.05385071784257889,5e-05,0.12409813702106476,0.0
5403.0,5403.0,13.0,0.08168104290962219,5e-05,0.22639594972133636,0.0
5404.0,5404.0,13.0,0.06856338679790497,5e-05,0.2094559669494629,0.0
5405.0,5405.0,13.0,0.06901445984840393,5e-05,0.21478527784347534,0.0
5406.0,5406.0,13.0,0.046030133962631226,5e-05,0.10222416371107101,0.0
5407.0,5407.0,13.0,0.05462205037474632,5e-05,0.15084339678287506,0.0
5408.0,5408.0,13.0,0.06339223682880402,5e-05,0.16388490796089172,0.0
5409.0,5409.0,13.0,0.06839485466480255,5e-05,0.2080090343952179,0.0
5410.0,5410.0,13.0,0.06228473037481308,5e-05,0.17031614482402802,0.0
5411.0,5411.0,13.0,0.05748140066862106,5e-05,0.20553980767726898,0.0
5412.0,5412.0,13.0,0.05858198180794716,5e-05,0.17508076131343842,0.0
5413.0,5413.0,13.0,0.050623271614313126,5e-05,0.20892566442489624,0.0
5414.0,5414.0,13.0,0.06971856206655502,5e-05,0.1700887829065323,0.0
5415.0,5415.0,13.0,0.047419093549251556,5e-05,0.1287158578634262,0.0
5416.0,5416.0,13.0,0.05155520513653755,5e-05,0.17681612074375153,0.0
5417.0,5417.0,13.0,0.05025360360741615,5e-05,0.13265633583068848,0.0
5418.0,5418.0,13.0,0.060382530093193054,5e-05,0.13175244629383087,0.0
5419.0,5419.0,13.0,0.06305884569883347,5e-05,0.15586142241954803,0.0
5420.0,5420.0,13.0,0.054125308990478516,5e-05,0.1377572864294052,0.0
5421.0,5421.0,13.0,0.07017875462770462,5e-05,0.17280632257461548,0.0
5422.0,5422.0,13.0,0.06124858185648918,5e-05,0.10743094980716705,0.0
5423.0,5423.0,13.0,0.06402988731861115,5e-05,0.1636468768119812,0.0
5424.0,5424.0,13.0,0.05759654939174652,5e-05,0.17981895804405212,0.0
5425.0,5425.0,13.0,0.05718955770134926,5e-05,0.15062297880649567,0.0
5426.0,5426.0,13.0,0.06555631756782532,5e-05,0.15089118480682373,0.0
5427.0,5427.0,13.0,0.07352608442306519,5e-05,0.2761355936527252,0.0
5428.0,5428.0,13.0,0.053337372839450836,5e-05,0.14501099288463593,0.0
5429.0,5429.0,13.0,0.061301469802856445,5e-05,0.27583712339401245,0.0
5430.0,5430.0,13.0,0.061389677226543427,5e-05,0.13130171597003937,0.0
5431.0,5431.0,13.0,0.05720936134457588,5e-05,0.16087684035301208,0.0
5432.0,5432.0,13.0,0.06288662552833557,5e-05,0.19226105511188507,0.0
5433.0,5433.0,13.0,0.06130031496286392,5e-05,0.12333990633487701,0.0
5434.0,5434.0,13.0,0.05787968635559082,5e-05,0.27683916687965393,0.0
5435.0,5435.0,13.0,0.06412398815155029,5e-05,0.16444028913974762,0.0
5436.0,5436.0,13.0,0.06027648597955704,5e-05,0.25312164425849915,0.0
5437.0,5437.0,13.0,0.046324700117111206,5e-05,0.17098583281040192,0.0
5438.0,5438.0,13.0,0.07533971965312958,5e-05,0.13849478960037231,0.0
5439.0,5439.0,13.0,0.06784194707870483,5e-05,0.22033971548080444,0.0
5440.0,5440.0,13.0,0.0485139861702919,5e-05,0.14050443470478058,0.0
5441.0,5441.0,13.0,0.05619153380393982,5e-05,0.2129446268081665,0.0
5442.0,5442.0,13.0,0.04358261823654175,5e-05,0.11803104728460312,0.0
5443.0,5443.0,13.0,0.05365963652729988,5e-05,0.19383448362350464,0.0
5444.0,5444.0,13.0,0.049193523824214935,5e-05,0.15177951753139496,0.0
5445.0,5445.0,13.0,0.059161022305488586,5e-05,0.15191267430782318,0.0
5446.0,5446.0,13.0,0.060690876096487045,5e-05,0.21820122003555298,0.0
5447.0,5447.0,13.0,0.047816202044487,5e-05,0.10305707901716232,0.0
5448.0,5448.0,13.0,0.0590977817773819,5e-05,0.23244665563106537,0.0
5449.0,5449.0,13.0,0.07688590884208679,5e-05,0.15980291366577148,0.0
5450.0,5450.0,13.0,0.06184524670243263,5e-05,0.1914900541305542,0.0
5451.0,5451.0,13.0,0.06607300043106079,5e-05,0.16425274312496185,0.0
5452.0,5452.0,13.0,0.05869309604167938,5e-05,0.1834670752286911,0.0
5453.0,5453.0,13.0,0.05200284719467163,5e-05,0.10586606711149216,0.0
5454.0,5454.0,13.0,0.055763065814971924,5e-05,0.11622030287981033,0.0
5455.0,5455.0,13.0,0.07351767271757126,5e-05,0.16225524246692657,0.0
5456.0,5456.0,13.0,0.05166197940707207,5e-05,0.1380864977836609,0.0
5457.0,5457.0,13.0,0.05891125649213791,5e-05,0.12722349166870117,0.0
5458.0,5458.0,13.0,0.06312177330255508,5e-05,0.16355137526988983,0.0
5459.0,5459.0,13.0,0.049110982567071915,5e-05,0.08071121573448181,0.0
5460.0,5460.0,13.0,0.06663433462381363,5e-05,0.19749917089939117,0.0
5461.0,5461.0,14.0,0.07563090324401855,5e-05,0.1589701771736145,0.0
5462.0,5462.0,14.0,0.06912684440612793,5e-05,0.16512155532836914,0.0
5463.0,5463.0,14.0,0.07048231363296509,5e-05,0.10884831845760345,0.0
5464.0,5464.0,14.0,0.056404467672109604,5e-05,0.152680441737175,0.0
5465.0,5465.0,14.0,0.05657032132148743,5e-05,0.1721254289150238,0.0
5466.0,5466.0,14.0,0.05819755792617798,5e-05,0.19356434047222137,0.0
5467.0,5467.0,14.0,0.047583889216184616,5e-05,0.16993962228298187,0.0
5468.0,5468.0,14.0,0.06874412298202515,5e-05,0.2058311402797699,0.0
5469.0,5469.0,14.0,0.05603994429111481,5e-05,0.1586521863937378,0.0
5470.0,5470.0,14.0,0.0722634419798851,5e-05,0.19716061651706696,0.0
5471.0,5471.0,14.0,0.06164593994617462,5e-05,0.14438846707344055,0.0
5472.0,5472.0,14.0,0.06793934106826782,5e-05,0.15222497284412384,0.0
5473.0,5473.0,14.0,0.059410497546195984,5e-05,0.1337108314037323,0.0
5474.0,5474.0,14.0,0.05034789815545082,5e-05,0.15719357132911682,0.0
5475.0,5475.0,14.0,0.05911939591169357,5e-05,0.12343086302280426,0.0
5476.0,5476.0,14.0,0.055910322815179825,5e-05,0.14485745131969452,0.0
5477.0,5477.0,14.0,0.056092601269483566,5e-05,0.1353793889284134,0.0
5478.0,5478.0,14.0,0.05310700461268425,5e-05,0.14713962376117706,0.0
5479.0,5479.0,14.0,0.05693390220403671,5e-05,0.1990591436624527,0.0
5480.0,5480.0,14.0,0.06442239880561829,5e-05,0.15598566830158234,0.0
5481.0,5481.0,14.0,0.06420416384935379,5e-05,0.2052108496427536,0.0
5482.0,5482.0,14.0,0.06333177536725998,5e-05,0.1236693412065506,0.0
5483.0,5483.0,14.0,0.07162053138017654,5e-05,0.15407495200634003,0.0
5484.0,5484.0,14.0,0.054114773869514465,5e-05,0.20356422662734985,0.0
5485.0,5485.0,14.0,0.06585695594549179,5e-05,0.16583846509456635,0.0
5486.0,5486.0,14.0,0.06971961259841919,5e-05,0.27891284227371216,0.0
5487.0,5487.0,14.0,0.05423317104578018,5e-05,0.13994090259075165,0.0
5488.0,5488.0,14.0,0.07416895031929016,5e-05,0.3018668591976166,0.0
5489.0,5489.0,14.0,0.06168672442436218,5e-05,0.14666298031806946,0.0
5490.0,5490.0,14.0,0.06025610864162445,5e-05,0.20454613864421844,0.0
5491.0,5491.0,14.0,0.06927812099456787,5e-05,0.20713526010513306,0.0
5492.0,5492.0,14.0,0.069638192653656,5e-05,0.19466544687747955,0.0
5493.0,5493.0,14.0,0.05577671900391579,5e-05,0.30311840772628784,0.0
5494.0,5494.0,14.0,0.07932194322347641,5e-05,0.18860232830047607,0.0
5495.0,5495.0,14.0,0.06756532937288284,5e-05,0.3341524004936218,0.0
5496.0,5496.0,14.0,0.06373613327741623,5e-05,0.1639000028371811,0.0
5497.0,5497.0,14.0,0.053945548832416534,5e-05,0.3065183460712433,0.0
5498.0,5498.0,14.0,0.05363307148218155,5e-05,0.1959320604801178,0.0
5499.0,5499.0,14.0,0.05191965401172638,5e-05,0.14898063242435455,0.0
5500.0,5500.0,14.0,0.05896557867527008,5e-05,0.2732643783092499,0.0
5501.0,5501.0,14.0,0.06453768163919449,5e-05,0.15394267439842224,0.0
5502.0,5502.0,14.0,0.069673553109169,5e-05,0.3064592182636261,0.0
5503.0,5503.0,14.0,0.053868070244789124,5e-05,0.19692383706569672,0.0
5504.0,5504.0,14.0,0.059084631502628326,5e-05,0.1481236219406128,0.0
5505.0,5505.0,14.0,0.0506877526640892,5e-05,0.341379851102829,0.0
5506.0,5506.0,14.0,0.05841217190027237,5e-05,0.1279350221157074,0.0
5507.0,5507.0,14.0,0.06036995351314545,5e-05,0.33419525623321533,0.0
5508.0,5508.0,14.0,0.05662234500050545,5e-05,0.20451466739177704,0.0
5509.0,5509.0,14.0,0.0723617821931839,5e-05,0.22795584797859192,0.0
5510.0,5510.0,14.0,0.06332345306873322,5e-05,0.24600666761398315,0.0
5511.0,5511.0,14.0,0.06074465066194534,5e-05,0.18892885744571686,0.0
5512.0,5512.0,14.0,0.05437116324901581,5e-05,0.22865529358386993,0.0
5513.0,5513.0,14.0,0.05989013612270355,5e-05,0.16286219656467438,0.0
5514.0,5514.0,14.0,0.06079253926873207,5e-05,0.28179576992988586,0.0
5515.0,5515.0,14.0,0.06312014162540436,5e-05,0.17590245604515076,0.0
5516.0,5516.0,14.0,0.04974500834941864,5e-05,0.10061177611351013,0.0
5517.0,5517.0,14.0,0.04385307431221008,5e-05,0.2571391761302948,0.0
5518.0,5518.0,14.0,0.07075565308332443,5e-05,0.18930140137672424,0.0
5519.0,5519.0,14.0,0.07259615510702133,5e-05,0.14081338047981262,0.0
5520.0,5520.0,14.0,0.05685240402817726,5e-05,0.2392875999212265,0.0
5521.0,5521.0,14.0,0.06612662225961685,5e-05,0.18398210406303406,0.0
5522.0,5522.0,14.0,0.06661541759967804,5e-05,0.1760970503091812,0.0
5523.0,5523.0,14.0,0.05314028263092041,5e-05,0.17498086392879486,0.0
5524.0,5524.0,14.0,0.055763889104127884,5e-05,0.21163809299468994,0.0
5525.0,5525.0,14.0,0.05449265241622925,5e-05,0.22165101766586304,0.0
5526.0,5526.0,14.0,0.0559396892786026,5e-05,0.16388703882694244,0.0
5527.0,5527.0,14.0,0.06842902302742004,5e-05,0.267743855714798,0.0
5528.0,5528.0,14.0,0.05681122839450836,5e-05,0.1479848027229309,0.0
5529.0,5529.0,14.0,0.053997479379177094,5e-05,0.15175093710422516,0.0
5530.0,5530.0,14.0,0.06254509836435318,5e-05,0.22612911462783813,0.0
5531.0,5531.0,14.0,0.05186617746949196,5e-05,0.17714519798755646,0.0
5532.0,5532.0,14.0,0.05016075447201729,5e-05,0.12587037682533264,0.0
5533.0,5533.0,14.0,0.057791341096162796,5e-05,0.18473362922668457,0.0
5534.0,5534.0,14.0,0.06278406828641891,5e-05,0.20151332020759583,0.0
5535.0,5535.0,14.0,0.06086556240916252,5e-05,0.11145463585853577,0.0
5536.0,5536.0,14.0,0.05808679759502411,5e-05,0.25266173481941223,0.0
5537.0,5537.0,14.0,0.04979630559682846,5e-05,0.12048210203647614,0.0
5538.0,5538.0,14.0,0.06624288111925125,5e-05,0.18720999360084534,0.0
5539.0,5539.0,14.0,0.07149617373943329,5e-05,0.1933063268661499,0.0
5540.0,5540.0,14.0,0.05746065825223923,5e-05,0.14167052507400513,0.0
5541.0,5541.0,14.0,0.05312453955411911,5e-05,0.17715515196323395,0.0
5542.0,5542.0,14.0,0.0605003759264946,5e-05,0.126987487077713,0.0
5543.0,5543.0,14.0,0.06430472433567047,5e-05,0.13628540933132172,0.0
5544.0,5544.0,14.0,0.05666865408420563,5e-05,0.14691975712776184,0.0
5545.0,5545.0,14.0,0.07131808996200562,5e-05,0.16480691730976105,0.0
5546.0,5546.0,14.0,0.058861859142780304,5e-05,0.14717605710029602,0.0
5547.0,5547.0,14.0,0.057204559445381165,5e-05,0.12404348701238632,0.0
5548.0,5548.0,14.0,0.06398256123065948,5e-05,0.11082883179187775,0.0
5549.0,5549.0,14.0,0.06827076524496078,5e-05,0.16756463050842285,0.0
5550.0,5550.0,14.0,0.055864959955215454,5e-05,0.13493287563323975,0.0
5551.0,5551.0,14.0,0.06975623220205307,5e-05,0.15919940173625946,0.0
5552.0,5552.0,14.0,0.046691007912158966,5e-05,0.11327509582042694,0.0
5553.0,5553.0,14.0,0.054751306772232056,5e-05,0.1637502759695053,0.0
5554.0,5554.0,14.0,0.051244039088487625,5e-05,0.11636744439601898,0.0
5555.0,5555.0,14.0,0.06410287320613861,5e-05,0.13388904929161072,0.0
5556.0,5556.0,14.0,0.055613622069358826,5e-05,0.14514212310314178,0.0
5557.0,5557.0,14.0,0.05603943020105362,5e-05,0.1185271143913269,0.0
5558.0,5558.0,14.0,0.06718385219573975,5e-05,0.1811441034078598,0.0
5559.0,5559.0,14.0,0.06330495327711105,5e-05,0.1124616488814354,0.0
5560.0,5560.0,14.0,0.06096915155649185,5e-05,0.09889207035303116,0.0
5561.0,5561.0,14.0,0.05116942524909973,5e-05,0.1666359305381775,0.0
5562.0,5562.0,14.0,0.06458161771297455,5e-05,0.11531621962785721,0.0
5563.0,5563.0,14.0,0.06606835126876831,5e-05,0.15452107787132263,0.0
5564.0,5564.0,14.0,0.059747397899627686,5e-05,0.09949599951505661,0.0
5565.0,5565.0,14.0,0.06903767585754395,5e-05,0.12887023389339447,0.0
5566.0,5566.0,14.0,0.054469361901283264,5e-05,0.1126389279961586,0.0
5567.0,5567.0,14.0,0.0651688203215599,5e-05,0.14135736227035522,0.0
5568.0,5568.0,14.0,0.05419398844242096,5e-05,0.11443200707435608,0.0
5569.0,5569.0,14.0,0.06691090762615204,5e-05,0.14172059297561646,0.0
5570.0,5570.0,14.0,0.06690157949924469,5e-05,0.14845500886440277,0.0
5571.0,5571.0,14.0,0.05084264278411865,5e-05,0.13880126178264618,0.0
5572.0,5572.0,14.0,0.05756499990820885,5e-05,0.18712462484836578,0.0
5573.0,5573.0,14.0,0.05351126194000244,5e-05,0.13960489630699158,0.0
5574.0,5574.0,14.0,0.07493416219949722,5e-05,0.22053048014640808,0.0
5575.0,5575.0,14.0,0.05926328897476196,5e-05,0.1357727348804474,0.0
5576.0,5576.0,14.0,0.05235399305820465,5e-05,0.14370523393154144,0.0
5577.0,5577.0,14.0,0.05434519052505493,5e-05,0.22109419107437134,0.0
5578.0,5578.0,14.0,0.06381499022245407,5e-05,0.20101602375507355,0.0
5579.0,5579.0,14.0,0.05329950153827667,5e-05,0.18002712726593018,0.0
5580.0,5580.0,14.0,0.05748622864484787,5e-05,0.21980246901512146,0.0
5581.0,5581.0,14.0,0.06382032483816147,5e-05,0.11913032084703445,0.0
5582.0,5582.0,14.0,0.06615680456161499,5e-05,0.14369413256645203,0.0
5583.0,5583.0,14.0,0.05700770393013954,5e-05,0.12744125723838806,0.0
5584.0,5584.0,14.0,0.046710990369319916,5e-05,0.10091573745012283,0.0
5585.0,5585.0,14.0,0.06812650710344315,5e-05,0.17220355570316315,0.0
5586.0,5586.0,14.0,0.05511792004108429,5e-05,0.14830246567726135,0.0
5587.0,5587.0,14.0,0.05253887176513672,5e-05,0.1401141881942749,0.0
5588.0,5588.0,14.0,0.061616964638233185,5e-05,0.18652954697608948,0.0
5589.0,5589.0,14.0,0.07295310497283936,5e-05,0.1811174899339676,0.0
5590.0,5590.0,14.0,0.06519602239131927,5e-05,0.13733705878257751,0.0
5591.0,5591.0,14.0,0.08362782001495361,5e-05,0.21372269093990326,0.0
5592.0,5592.0,14.0,0.07026650756597519,5e-05,0.17412284016609192,0.0
5593.0,5593.0,14.0,0.08288836479187012,5e-05,0.18044567108154297,0.0
5594.0,5594.0,14.0,0.05080186575651169,5e-05,0.1672738641500473,0.0
5595.0,5595.0,14.0,0.06628203392028809,5e-05,0.11235857009887695,0.0
5596.0,5596.0,14.0,0.06741868704557419,5e-05,0.20301131904125214,0.0
5597.0,5597.0,14.0,0.056573931127786636,5e-05,0.14532841742038727,0.0
5598.0,5598.0,14.0,0.051278188824653625,5e-05,0.16221393644809723,0.0
5599.0,5599.0,14.0,0.06235131248831749,5e-05,0.11267143487930298,0.0
5600.0,5600.0,14.0,0.04984196648001671,5e-05,0.11120635271072388,0.0
5601.0,5601.0,14.0,0.06597647070884705,5e-05,0.14852261543273926,0.0
5602.0,5602.0,14.0,0.06505317986011505,5e-05,0.14976021647453308,0.0
5603.0,5603.0,14.0,0.0697048231959343,5e-05,0.13907350599765778,0.0
5604.0,5604.0,14.0,0.06329762935638428,5e-05,0.13583430647850037,0.0
5605.0,5605.0,14.0,0.050090767443180084,5e-05,0.21043488383293152,0.0
5606.0,5606.0,14.0,0.05620533227920532,5e-05,0.12407732009887695,0.0
5607.0,5607.0,14.0,0.06105398014187813,5e-05,0.19535622000694275,0.0
5608.0,5608.0,14.0,0.06325386464595795,5e-05,0.241139754652977,0.0
5609.0,5609.0,14.0,0.05994825065135956,5e-05,0.13609470427036285,0.0
5610.0,5610.0,14.0,0.060665376484394073,5e-05,0.30345359444618225,0.0
5611.0,5611.0,14.0,0.06765548139810562,5e-05,0.1397908627986908,0.0
5612.0,5612.0,14.0,0.053213104605674744,5e-05,0.21588744223117828,0.0
5613.0,5613.0,14.0,0.05099344253540039,5e-05,0.1857670098543167,0.0
5614.0,5614.0,14.0,0.06102907657623291,5e-05,0.1734885424375534,0.0
5615.0,5615.0,14.0,0.0644477903842926,5e-05,0.24555721879005432,0.0
5616.0,5616.0,14.0,0.05781913921236992,5e-05,0.1454845517873764,0.0
5617.0,5617.0,14.0,0.06595288217067719,5e-05,0.26182758808135986,0.0
5618.0,5618.0,14.0,0.06780801713466644,5e-05,0.13094039261341095,0.0
5619.0,5619.0,14.0,0.05689980089664459,5e-05,0.1841837763786316,0.0
5620.0,5620.0,14.0,0.06673607230186462,5e-05,0.16426581144332886,0.0
5621.0,5621.0,14.0,0.0551346130669117,5e-05,0.14158949255943298,0.0
5622.0,5622.0,14.0,0.06273335218429565,5e-05,0.15661069750785828,0.0
5623.0,5623.0,14.0,0.057295724749565125,5e-05,0.099174365401268,0.0
5624.0,5624.0,14.0,0.06556032598018646,5e-05,0.1026284396648407,0.0
5625.0,5625.0,14.0,0.05701074004173279,5e-05,0.17342408001422882,0.0
5626.0,5626.0,14.0,0.05815189331769943,5e-05,0.1376287043094635,0.0
5627.0,5627.0,14.0,0.0660967007279396,5e-05,0.13222280144691467,0.0
5628.0,5628.0,14.0,0.05775817483663559,5e-05,0.15103194117546082,0.0
5629.0,5629.0,14.0,0.06513075530529022,5e-05,0.14548912644386292,0.0
5630.0,5630.0,14.0,0.0514209046959877,5e-05,0.12169381231069565,0.0
5631.0,5631.0,14.0,0.058182716369628906,5e-05,0.13235735893249512,0.0
5632.0,5632.0,14.0,0.05113194137811661,5e-05,0.10487222671508789,0.0
5633.0,5633.0,14.0,0.06599660217761993,5e-05,0.16362358629703522,0.0
5634.0,5634.0,14.0,0.05005072057247162,5e-05,0.10135199874639511,0.0
5635.0,5635.0,14.0,0.057291023433208466,5e-05,0.16586798429489136,0.0
5636.0,5636.0,14.0,0.050475914031267166,5e-05,0.17167897522449493,0.0
5637.0,5637.0,14.0,0.06265738606452942,5e-05,0.13331307470798492,0.0
5638.0,5638.0,14.0,0.06307963281869888,5e-05,0.09537875652313232,0.0
5639.0,5639.0,14.0,0.06242862343788147,5e-05,0.13554678857326508,0.0
5640.0,5640.0,14.0,0.04619384557008743,5e-05,0.10383608192205429,0.0
5641.0,5641.0,14.0,0.054215870797634125,5e-05,0.15417525172233582,0.0
5642.0,5642.0,14.0,0.06042071431875229,5e-05,0.13151971995830536,0.0
5643.0,5643.0,14.0,0.05696645751595497,5e-05,0.09245359897613525,0.0
5644.0,5644.0,14.0,0.059282638132572174,5e-05,0.14593474566936493,0.0
5645.0,5645.0,14.0,0.05561991035938263,5e-05,0.10779253393411636,0.0
5646.0,5646.0,14.0,0.059729378670454025,5e-05,0.1653284877538681,0.0
5647.0,5647.0,14.0,0.0496387742459774,5e-05,0.17220744490623474,0.0
5648.0,5648.0,14.0,0.05772627890110016,5e-05,0.09395340085029602,0.0
5649.0,5649.0,14.0,0.05166362598538399,5e-05,0.18228599429130554,0.0
5650.0,5650.0,14.0,0.04249116778373718,5e-05,0.13224753737449646,0.0
5651.0,5651.0,14.0,0.042052194476127625,5e-05,0.1520175188779831,0.0
5652.0,5652.0,14.0,0.05323982983827591,5e-05,0.1422646939754486,0.0
5653.0,5653.0,14.0,0.06781761348247528,5e-05,0.18396686017513275,0.0
5654.0,5654.0,14.0,0.05272357165813446,5e-05,0.14118459820747375,0.0
5655.0,5655.0,14.0,0.06208368390798569,5e-05,0.1748371720314026,0.0
5656.0,5656.0,14.0,0.06733463704586029,5e-05,0.22479577362537384,0.0
5657.0,5657.0,14.0,0.06404101848602295,5e-05,0.13617368042469025,0.0
5658.0,5658.0,14.0,0.06288419663906097,5e-05,0.2232019305229187,0.0
5659.0,5659.0,14.0,0.06072674319148064,5e-05,0.18227818608283997,0.0
5660.0,5660.0,14.0,0.07438770681619644,5e-05,0.25768885016441345,0.0
5661.0,5661.0,14.0,0.044262971729040146,5e-05,0.2643819749355316,0.0
5662.0,5662.0,14.0,0.0705752968788147,5e-05,0.19874882698059082,0.0
5663.0,5663.0,14.0,0.05935556814074516,5e-05,0.260137677192688,0.0
5664.0,5664.0,14.0,0.057308465242385864,5e-05,0.13460193574428558,0.0
5665.0,5665.0,14.0,0.06576676666736603,5e-05,0.30476123094558716,0.0
5666.0,5666.0,14.0,0.06048697978258133,5e-05,0.11713247001171112,0.0
5667.0,5667.0,14.0,0.06527628004550934,5e-05,0.2583780884742737,0.0
5668.0,5668.0,14.0,0.056901492178440094,5e-05,0.10104349255561829,0.0
5669.0,5669.0,14.0,0.06440719217061996,5e-05,0.1596549153327942,0.0
5670.0,5670.0,14.0,0.051304254680871964,5e-05,0.17313070595264435,0.0
5671.0,5671.0,14.0,0.07277365028858185,5e-05,0.1592256873846054,0.0
5672.0,5672.0,14.0,0.07129094004631042,5e-05,0.15194247663021088,0.0
5673.0,5673.0,14.0,0.06009737402200699,5e-05,0.15294486284255981,0.0
5674.0,5674.0,14.0,0.06688255071640015,5e-05,0.16256636381149292,0.0
5675.0,5675.0,14.0,0.054574932903051376,5e-05,0.17716296017169952,0.0
5676.0,5676.0,14.0,0.05574604868888855,5e-05,0.19608381390571594,0.0
5677.0,5677.0,14.0,0.06928278505802155,5e-05,0.13902540504932404,0.0
5678.0,5678.0,14.0,0.059674497693777084,5e-05,0.21028085052967072,0.0
5679.0,5679.0,14.0,0.06457101553678513,5e-05,0.1777021884918213,0.0
5680.0,5680.0,14.0,0.05963693559169769,5e-05,0.16773930191993713,0.0
5681.0,5681.0,14.0,0.06575232744216919,5e-05,0.14688414335250854,0.0
5682.0,5682.0,14.0,0.054167747497558594,5e-05,0.13205456733703613,0.0
5683.0,5683.0,14.0,0.055122293531894684,5e-05,0.20079085230827332,0.0
5684.0,5684.0,14.0,0.05242745578289032,5e-05,0.13672727346420288,0.0
5685.0,5685.0,14.0,0.05740007385611534,5e-05,0.2361394613981247,0.0
5686.0,5686.0,14.0,0.06882092356681824,5e-05,0.20606672763824463,0.0
5687.0,5687.0,14.0,0.0710870549082756,5e-05,0.18103747069835663,0.0
5688.0,5688.0,14.0,0.05641830712556839,5e-05,0.19440330564975739,0.0
5689.0,5689.0,14.0,0.06303080916404724,5e-05,0.2088228166103363,0.0
5690.0,5690.0,14.0,0.05816419795155525,5e-05,0.18787690997123718,0.0
5691.0,5691.0,14.0,0.07377005368471146,5e-05,0.16078561544418335,0.0
5692.0,5692.0,14.0,0.05742698162794113,5e-05,0.20775237679481506,0.0
5693.0,5693.0,14.0,0.061103835701942444,5e-05,0.1828586757183075,0.0
5694.0,5694.0,14.0,0.0585029311478138,5e-05,0.2275323122739792,0.0
5695.0,5695.0,14.0,0.055048584938049316,5e-05,0.2628490626811981,0.0
5696.0,5696.0,14.0,0.0630723088979721,5e-05,0.12827233970165253,0.0
5697.0,5697.0,14.0,0.0609603077173233,5e-05,0.25474920868873596,0.0
5698.0,5698.0,14.0,0.057894304394721985,5e-05,0.32146725058555603,0.0
5699.0,5699.0,14.0,0.06186360865831375,5e-05,0.19425873458385468,0.0
5700.0,5700.0,14.0,0.06576515734195709,5e-05,0.30830588936805725,0.0
5701.0,5701.0,14.0,0.06575756520032883,5e-05,0.1564120352268219,0.0
5702.0,5702.0,14.0,0.055645719170570374,5e-05,0.14227399230003357,0.0
5703.0,5703.0,14.0,0.06414680182933807,5e-05,0.280167818069458,0.0
5704.0,5704.0,14.0,0.044443365186452866,5e-05,0.09521002322435379,0.0
5705.0,5705.0,14.0,0.05345906689763069,5e-05,0.2463839054107666,0.0
5706.0,5706.0,14.0,0.05404411256313324,5e-05,0.20324470102787018,0.0
5707.0,5707.0,14.0,0.06623667478561401,5e-05,0.1806241124868393,0.0
5708.0,5708.0,14.0,0.06318219751119614,5e-05,0.3021407127380371,0.0
5709.0,5709.0,14.0,0.07177306711673737,5e-05,0.12803421914577484,0.0
5710.0,5710.0,14.0,0.06496890634298325,5e-05,0.28883811831474304,0.0
5711.0,5711.0,14.0,0.05371322110295296,5e-05,0.11809366941452026,0.0
5712.0,5712.0,14.0,0.06644504517316818,5e-05,0.18086284399032593,0.0
5713.0,5713.0,14.0,0.05697818845510483,5e-05,0.1474858522415161,0.0
5714.0,5714.0,14.0,0.06155131012201309,5e-05,0.11888792365789413,0.0
5715.0,5715.0,14.0,0.06068243831396103,5e-05,0.16456061601638794,0.0
5716.0,5716.0,14.0,0.05850743502378464,5e-05,0.1844790279865265,0.0
5717.0,5717.0,14.0,0.05718126893043518,5e-05,0.1432257443666458,0.0
5718.0,5718.0,14.0,0.0688362568616867,5e-05,0.22172550857067108,0.0
5719.0,5719.0,14.0,0.04657354950904846,5e-05,0.1704515665769577,0.0
5720.0,5720.0,14.0,0.05458178371191025,5e-05,0.13361606001853943,0.0
5721.0,5721.0,14.0,0.05600159615278244,5e-05,0.26587602496147156,0.0
5722.0,5722.0,14.0,0.06033787131309509,5e-05,0.2261405885219574,0.0
5723.0,5723.0,14.0,0.06839698553085327,5e-05,0.18728692829608917,0.0
5724.0,5724.0,14.0,0.05985351279377937,5e-05,0.27704116702079773,0.0
5725.0,5725.0,14.0,0.06686264276504517,5e-05,0.20342892408370972,0.0
5726.0,5726.0,14.0,0.06405063718557358,5e-05,0.2050071656703949,0.0
5727.0,5727.0,14.0,0.056275248527526855,5e-05,0.2495938241481781,0.0
5728.0,5728.0,14.0,0.05872028321027756,5e-05,0.256309449672699,0.0
5729.0,5729.0,14.0,0.06917422264814377,5e-05,0.22262375056743622,0.0
5730.0,5730.0,14.0,0.06572277843952179,5e-05,0.1773143708705902,0.0
5731.0,5731.0,14.0,0.06860405206680298,5e-05,0.2169591635465622,0.0
5732.0,5732.0,14.0,0.053996313363313675,5e-05,0.16628354787826538,0.0
5733.0,5733.0,14.0,0.05894742161035538,5e-05,0.1891910880804062,0.0
5734.0,5734.0,14.0,0.06621158123016357,5e-05,0.22153541445732117,0.0
5735.0,5735.0,14.0,0.07486426085233688,5e-05,0.14496302604675293,0.0
5736.0,5736.0,14.0,0.05813463404774666,5e-05,0.22657369077205658,0.0
5737.0,5737.0,14.0,0.0581902451813221,5e-05,0.1393604427576065,0.0
5738.0,5738.0,14.0,0.07384385168552399,5e-05,0.22651183605194092,0.0
5739.0,5739.0,14.0,0.06219293549656868,5e-05,0.1185714453458786,0.0
5740.0,5740.0,14.0,0.06870792806148529,5e-05,0.21900491416454315,0.0
5741.0,5741.0,14.0,0.06333200633525848,5e-05,0.12026350945234299,0.0
5742.0,5742.0,14.0,0.0569770485162735,5e-05,0.18830448389053345,0.0
5743.0,5743.0,14.0,0.05591282248497009,5e-05,0.20584507286548615,0.0
5744.0,5744.0,14.0,0.06104970723390579,5e-05,0.1917639970779419,0.0
5745.0,5745.0,14.0,0.06146126985549927,5e-05,0.22973938286304474,0.0
5746.0,5746.0,14.0,0.06780346482992172,5e-05,0.17098183929920197,0.0
5747.0,5747.0,14.0,0.05540507286787033,5e-05,0.23623165488243103,0.0
5748.0,5748.0,14.0,0.055671192705631256,5e-05,0.12096886336803436,0.0
5749.0,5749.0,14.0,0.05837661772966385,5e-05,0.2514367997646332,0.0
5750.0,5750.0,14.0,0.07251659035682678,5e-05,0.23800955712795258,0.0
5751.0,5751.0,14.0,0.06564254313707352,5e-05,0.22287924587726593,0.0
5752.0,5752.0,14.0,0.04602949321269989,5e-05,0.26392459869384766,0.0
5753.0,5753.0,14.0,0.051289815455675125,5e-05,0.13269799947738647,0.0
5754.0,5754.0,14.0,0.04844487085938454,5e-05,0.2626001834869385,0.0
5755.0,5755.0,14.0,0.06662522256374359,5e-05,0.14863598346710205,0.0
5756.0,5756.0,14.0,0.06399309635162354,5e-05,0.18116164207458496,0.0
5757.0,5757.0,14.0,0.059139981865882874,5e-05,0.16207543015480042,0.0
5758.0,5758.0,14.0,0.06901334226131439,5e-05,0.16330470144748688,0.0
5759.0,5759.0,14.0,0.052184149622917175,5e-05,0.1802290976047516,0.0
5760.0,5760.0,14.0,0.058051712810993195,5e-05,0.12613201141357422,0.0
5761.0,5761.0,14.0,0.0637182742357254,5e-05,0.14804911613464355,0.0
5762.0,5762.0,14.0,0.05550714582204819,5e-05,0.21995022892951965,0.0
5763.0,5763.0,14.0,0.0648021548986435,5e-05,0.13707204163074493,0.0
5764.0,5764.0,14.0,0.052834659814834595,5e-05,0.23482142388820648,0.0
5765.0,5765.0,14.0,0.05762803182005882,5e-05,0.2310468852519989,0.0
5766.0,5766.0,14.0,0.0547904372215271,5e-05,0.1404598206281662,0.0
5767.0,5767.0,14.0,0.05686496943235397,5e-05,0.32924866676330566,0.0
5768.0,5768.0,14.0,0.060084763914346695,5e-05,0.14507025480270386,0.0
5769.0,5769.0,14.0,0.06027670577168465,5e-05,0.2541390061378479,0.0
5770.0,5770.0,14.0,0.06084217131137848,5e-05,0.32980743050575256,0.0
5771.0,5771.0,14.0,0.05563848838210106,5e-05,0.16052094101905823,0.0
5772.0,5772.0,14.0,0.047403763979673386,5e-05,0.3478558659553528,0.0
5773.0,5773.0,14.0,0.05863548815250397,5e-05,0.1905943900346756,0.0
5774.0,5774.0,14.0,0.06073741242289543,5e-05,0.24210572242736816,0.0
5775.0,5775.0,14.0,0.06451107561588287,5e-05,0.22393716871738434,0.0
5776.0,5776.0,14.0,0.0567983016371727,5e-05,0.23262086510658264,0.0
5777.0,5777.0,14.0,0.05514805391430855,5e-05,0.18950100243091583,0.0
5778.0,5778.0,14.0,0.055073708295822144,5e-05,0.2503066956996918,0.0
5779.0,5779.0,14.0,0.05641506612300873,5e-05,0.19620917737483978,0.0
5780.0,5780.0,14.0,0.05343753844499588,5e-05,0.29231971502304077,0.0
5781.0,5781.0,14.0,0.0652712881565094,5e-05,0.15947693586349487,0.0
5782.0,5782.0,14.0,0.06449519097805023,5e-05,0.18625736236572266,0.0
5783.0,5783.0,14.0,0.06213938072323799,5e-05,0.23600977659225464,0.0
5784.0,5784.0,14.0,0.06584450602531433,5e-05,0.14525875449180603,0.0
5785.0,5785.0,14.0,0.06961437314748764,5e-05,0.19006741046905518,0.0
5786.0,5786.0,14.0,0.05955474078655243,5e-05,0.1815616935491562,0.0
5787.0,5787.0,14.0,0.05841249227523804,5e-05,0.1515720784664154,0.0
5788.0,5788.0,14.0,0.05360189080238342,5e-05,0.25263580679893494,0.0
5789.0,5789.0,14.0,0.06734234094619751,5e-05,0.1170610785484314,0.0
5790.0,5790.0,14.0,0.06512553989887238,5e-05,0.31747838854789734,0.0
5791.0,5791.0,14.0,0.05548045039176941,5e-05,0.11905869096517563,0.0
5792.0,5792.0,14.0,0.060396939516067505,5e-05,0.2108767032623291,0.0
5793.0,5793.0,14.0,0.058117203414440155,5e-05,0.16987945139408112,0.0
5794.0,5794.0,14.0,0.05038604140281677,5e-05,0.14979439973831177,0.0
5795.0,5795.0,14.0,0.048859551548957825,5e-05,0.1569473147392273,0.0
5796.0,5796.0,14.0,0.06664243340492249,5e-05,0.18415331840515137,0.0
5797.0,5797.0,14.0,0.055605821311473846,5e-05,0.1685415357351303,0.0
5798.0,5798.0,14.0,0.0640094205737114,5e-05,0.13218466937541962,0.0
5799.0,5799.0,14.0,0.051922332495450974,5e-05,0.1337984949350357,0.0
5800.0,5800.0,14.0,0.050106607377529144,5e-05,0.1351868361234665,0.0
5801.0,5801.0,14.0,0.04809447377920151,5e-05,0.1496705412864685,0.0
5802.0,5802.0,14.0,0.06445137411355972,5e-05,0.1481199711561203,0.0
5803.0,5803.0,14.0,0.05591650307178497,5e-05,0.13948285579681396,0.0
5804.0,5804.0,14.0,0.058748673647642136,5e-05,0.16330640017986298,0.0
5805.0,5805.0,14.0,0.046272970736026764,5e-05,0.11961637437343597,0.0
5806.0,5806.0,14.0,0.06404244899749756,5e-05,0.15868858993053436,0.0
5807.0,5807.0,14.0,0.05776483565568924,5e-05,0.1330404430627823,0.0
5808.0,5808.0,14.0,0.06444784998893738,5e-05,0.15142253041267395,0.0
5809.0,5809.0,14.0,0.0637676939368248,5e-05,0.15206338465213776,0.0
5810.0,5810.0,14.0,0.04760141298174858,5e-05,0.16911889612674713,0.0
5811.0,5811.0,14.0,0.05770062282681465,5e-05,0.12540453672409058,0.0
5812.0,5812.0,14.0,0.057858314365148544,5e-05,0.14796726405620575,0.0
5813.0,5813.0,14.0,0.06177545338869095,5e-05,0.1455010175704956,0.0
5814.0,5814.0,14.0,0.05450347065925598,5e-05,0.11004216223955154,0.0
5815.0,5815.0,14.0,0.06337428092956543,5e-05,0.16098174452781677,0.0
5816.0,5816.0,14.0,0.06369203329086304,5e-05,0.10408875346183777,0.0
5817.0,5817.0,14.0,0.05987782031297684,5e-05,0.11237559467554092,0.0
5818.0,5818.0,14.0,0.06061093509197235,5e-05,0.18017441034317017,0.0
5819.0,5819.0,14.0,0.07566501200199127,5e-05,0.11184725910425186,0.0
5820.0,5820.0,14.0,0.06396712362766266,5e-05,0.14654116332530975,0.0
5821.0,5821.0,14.0,0.04795193672180176,5e-05,0.1331126093864441,0.0
5822.0,5822.0,14.0,0.06466177850961685,5e-05,0.17392498254776,0.0
5823.0,5823.0,14.0,0.057361699640750885,5e-05,0.15046435594558716,0.0
5824.0,5824.0,14.0,0.05672316998243332,5e-05,0.16121898591518402,0.0
5825.0,5825.0,14.0,0.05882105231285095,5e-05,0.15221256017684937,0.0
5826.0,5826.0,14.0,0.05301537737250328,5e-05,0.11975019425153732,0.0
5827.0,5827.0,14.0,0.060638461261987686,5e-05,0.17511412501335144,0.0
5828.0,5828.0,14.0,0.06252415478229523,5e-05,0.13412883877754211,0.0
5829.0,5829.0,14.0,0.05016916245222092,5e-05,0.1792544722557068,0.0
5830.0,5830.0,14.0,0.054559238255023956,5e-05,0.1857856661081314,0.0
5831.0,5831.0,14.0,0.06756142526865005,5e-05,0.1625712364912033,0.0
5832.0,5832.0,14.0,0.06532344222068787,5e-05,0.20824618637561798,0.0
5833.0,5833.0,14.0,0.0627242773771286,5e-05,0.12712806463241577,0.0
5834.0,5834.0,14.0,0.06232057511806488,5e-05,0.12345433235168457,0.0
5835.0,5835.0,14.0,0.06119959428906441,5e-05,0.19518378376960754,0.0
5836.0,5836.0,14.0,0.057920586317777634,5e-05,0.10604887455701828,0.0
5837.0,5837.0,14.0,0.061094947159290314,5e-05,0.13830704987049103,0.0
5838.0,5838.0,14.0,0.05100536346435547,5e-05,0.12780247628688812,0.0
5839.0,5839.0,14.0,0.05978647992014885,5e-05,0.1586943119764328,0.0
5840.0,5840.0,14.0,0.06594294309616089,5e-05,0.1767677366733551,0.0
5841.0,5841.0,14.0,0.06527218967676163,5e-05,0.16115225851535797,0.0
5842.0,5842.0,14.0,0.05348492041230202,5e-05,0.10884629189968109,0.0
5843.0,5843.0,14.0,0.05776413157582283,5e-05,0.15583525598049164,0.0
5844.0,5844.0,14.0,0.06855277717113495,5e-05,0.1473667025566101,0.0
5845.0,5845.0,14.0,0.05542854592204094,5e-05,0.13872596621513367,0.0
5846.0,5846.0,14.0,0.07204711437225342,5e-05,0.11430607736110687,0.0
5847.0,5847.0,14.0,0.04975377023220062,5e-05,0.0753999799489975,0.0
5848.0,5848.0,14.0,0.055237364023923874,5e-05,0.16687171161174774,0.0
5849.0,5849.0,14.0,0.041268669068813324,5e-05,0.08895087987184525,0.0
5850.0,5850.0,14.0,0.06245896592736244,5e-05,0.14645640552043915,0.0
5851.0,5851.0,15.0,0.08065327256917953,5e-05,0.17119456827640533,0.0
5852.0,5852.0,15.0,0.06703881919384003,5e-05,0.11291659623384476,0.0
5853.0,5853.0,15.0,0.06397929042577744,5e-05,0.15947604179382324,0.0
5854.0,5854.0,15.0,0.05314027518033981,5e-05,0.1368698924779892,0.0
5855.0,5855.0,15.0,0.07118047028779984,5e-05,0.23711952567100525,0.0
5856.0,5856.0,15.0,0.05599360913038254,5e-05,0.2337367832660675,0.0
5857.0,5857.0,15.0,0.05886014550924301,5e-05,0.18817509710788727,0.0
5858.0,5858.0,15.0,0.06606991589069366,5e-05,0.3457915186882019,0.0
5859.0,5859.0,15.0,0.05813097581267357,5e-05,0.1546449065208435,0.0
5860.0,5860.0,15.0,0.061273619532585144,5e-05,0.2649978697299957,0.0
5861.0,5861.0,15.0,0.060785479843616486,5e-05,0.3014567196369171,0.0
5862.0,5862.0,15.0,0.07190237194299698,5e-05,0.13470177352428436,0.0
5863.0,5863.0,15.0,0.07229046523571014,5e-05,0.39266034960746765,0.0
5864.0,5864.0,15.0,0.04257672280073166,5e-05,0.16879552602767944,0.0
5865.0,5865.0,15.0,0.05537144094705582,5e-05,0.25183969736099243,0.0
5866.0,5866.0,15.0,0.0645076259970665,5e-05,0.3320349454879761,0.0
5867.0,5867.0,15.0,0.05239342153072357,5e-05,0.1511600762605667,0.0
5868.0,5868.0,15.0,0.0664372593164444,5e-05,0.3091815114021301,0.0
5869.0,5869.0,15.0,0.06037679314613342,5e-05,0.24756816029548645,0.0
5870.0,5870.0,15.0,0.05820474028587341,5e-05,0.17411378026008606,0.0
5871.0,5871.0,15.0,0.05699880048632622,5e-05,0.3327772319316864,0.0
5872.0,5872.0,15.0,0.061713747680187225,5e-05,0.1750006079673767,0.0
5873.0,5873.0,15.0,0.05375427007675171,5e-05,0.22970126569271088,0.0
5874.0,5874.0,15.0,0.06823841482400894,5e-05,0.26772043108940125,0.0
5875.0,5875.0,15.0,0.06961940228939056,5e-05,0.1456100046634674,0.0
5876.0,5876.0,15.0,0.07506118714809418,5e-05,0.20097604393959045,0.0
5877.0,5877.0,15.0,0.06546584516763687,5e-05,0.2079240083694458,0.0
5878.0,5878.0,15.0,0.05100632458925247,5e-05,0.1705133020877838,0.0
5879.0,5879.0,15.0,0.06354184448719025,5e-05,0.17113427817821503,0.0
5880.0,5880.0,15.0,0.0646977424621582,5e-05,0.2523077726364136,0.0
5881.0,5881.0,15.0,0.07286463677883148,5e-05,0.24441353976726532,0.0
5882.0,5882.0,15.0,0.06083191558718681,5e-05,0.19530443847179413,0.0
5883.0,5883.0,15.0,0.06891860067844391,5e-05,0.27281129360198975,0.0
5884.0,5884.0,15.0,0.05470886826515198,5e-05,0.14765974879264832,0.0
5885.0,5885.0,15.0,0.08435939252376556,5e-05,0.2158084213733673,0.0
5886.0,5886.0,15.0,0.07106678187847137,5e-05,0.20572125911712646,0.0
5887.0,5887.0,15.0,0.05427803844213486,5e-05,0.1473490595817566,0.0
5888.0,5888.0,15.0,0.06098441779613495,5e-05,0.19648388028144836,0.0
5889.0,5889.0,15.0,0.05791744962334633,5e-05,0.23436091840267181,0.0
5890.0,5890.0,15.0,0.06136582791805267,5e-05,0.13835085928440094,0.0
5891.0,5891.0,15.0,0.0574609637260437,5e-05,0.18112990260124207,0.0
5892.0,5892.0,15.0,0.056328024715185165,5e-05,0.13284452259540558,0.0
5893.0,5893.0,15.0,0.04447847604751587,5e-05,0.11240644752979279,0.0
5894.0,5894.0,15.0,0.05589664727449417,5e-05,0.18121953308582306,0.0
5895.0,5895.0,15.0,0.06210200861096382,5e-05,0.2121657133102417,0.0
5896.0,5896.0,15.0,0.06325816363096237,5e-05,0.15383325517177582,0.0
5897.0,5897.0,15.0,0.05522321164608002,5e-05,0.1536356508731842,0.0
5898.0,5898.0,15.0,0.05248362571001053,5e-05,0.09809185564517975,0.0
5899.0,5899.0,15.0,0.06493113934993744,5e-05,0.1261506974697113,0.0
5900.0,5900.0,15.0,0.05021128058433533,5e-05,0.10924570262432098,0.0
5901.0,5901.0,15.0,0.06451079249382019,5e-05,0.12233851850032806,0.0
5902.0,5902.0,15.0,0.04985543340444565,5e-05,0.0979136973619461,0.0
5903.0,5903.0,15.0,0.07120098173618317,5e-05,0.14034020900726318,0.0
5904.0,5904.0,15.0,0.0607321672141552,5e-05,0.10537967085838318,0.0
5905.0,5905.0,15.0,0.06861108541488647,5e-05,0.1317766010761261,0.0
5906.0,5906.0,15.0,0.059277523308992386,5e-05,0.11464085429906845,0.0
5907.0,5907.0,15.0,0.04243829473853111,5e-05,0.09741733223199844,0.0
5908.0,5908.0,15.0,0.052861832082271576,5e-05,0.13702940940856934,0.0
5909.0,5909.0,15.0,0.052344758063554764,5e-05,0.10695439577102661,0.0
5910.0,5910.0,15.0,0.05863680690526962,5e-05,0.12196061760187149,0.0
5911.0,5911.0,15.0,0.05959802493453026,5e-05,0.1301489919424057,0.0
5912.0,5912.0,15.0,0.06409456580877304,5e-05,0.1375957727432251,0.0
5913.0,5913.0,15.0,0.05482930690050125,5e-05,0.12421515583992004,0.0
5914.0,5914.0,15.0,0.08078770339488983,5e-05,0.2155102640390396,0.0
5915.0,5915.0,15.0,0.05750846117734909,5e-05,0.13383036851882935,0.0
5916.0,5916.0,15.0,0.06189136952161789,5e-05,0.15410177409648895,0.0
5917.0,5917.0,15.0,0.06051662564277649,5e-05,0.17522260546684265,0.0
5918.0,5918.0,15.0,0.06556785106658936,5e-05,0.15519019961357117,0.0
5919.0,5919.0,15.0,0.06613076478242874,5e-05,0.1642656773328781,0.0
5920.0,5920.0,15.0,0.07212671637535095,5e-05,0.21018466353416443,0.0
5921.0,5921.0,15.0,0.0677172988653183,5e-05,0.1576356142759323,0.0
5922.0,5922.0,15.0,0.06861221045255661,5e-05,0.18396854400634766,0.0
5923.0,5923.0,15.0,0.05906601622700691,5e-05,0.19686295092105865,0.0
5924.0,5924.0,15.0,0.05975278466939926,5e-05,0.20190691947937012,0.0
5925.0,5925.0,15.0,0.0731910988688469,5e-05,0.16952432692050934,0.0
5926.0,5926.0,15.0,0.07400482147932053,5e-05,0.22975467145442963,0.0
5927.0,5927.0,15.0,0.07489985227584839,5e-05,0.17651152610778809,0.0
5928.0,5928.0,15.0,0.06681469827890396,5e-05,0.19802984595298767,0.0
5929.0,5929.0,15.0,0.06580711156129837,5e-05,0.2194470912218094,0.0
5930.0,5930.0,15.0,0.0631970688700676,5e-05,0.15268415212631226,0.0
5931.0,5931.0,15.0,0.05716197192668915,5e-05,0.19829794764518738,0.0
5932.0,5932.0,15.0,0.06594087183475494,5e-05,0.14668892323970795,0.0
5933.0,5933.0,15.0,0.08072470128536224,5e-05,0.19278649985790253,0.0
5934.0,5934.0,15.0,0.059442296624183655,5e-05,0.1838388741016388,0.0
5935.0,5935.0,15.0,0.054905958473682404,5e-05,0.13484396040439606,0.0
5936.0,5936.0,15.0,0.06393063068389893,5e-05,0.15599149465560913,0.0
5937.0,5937.0,15.0,0.05959537997841835,5e-05,0.12222108989953995,0.0
5938.0,5938.0,15.0,0.05624543875455856,5e-05,0.11412230134010315,0.0
5939.0,5939.0,15.0,0.06059689447283745,5e-05,0.13422711193561554,0.0
5940.0,5940.0,15.0,0.04627005010843277,5e-05,0.10201152414083481,0.0
5941.0,5941.0,15.0,0.04955623298883438,5e-05,0.09733587503433228,0.0
5942.0,5942.0,15.0,0.051986198872327805,5e-05,0.10447154194116592,0.0
5943.0,5943.0,15.0,0.04436630755662918,5e-05,0.11221661418676376,0.0
5944.0,5944.0,15.0,0.06574170291423798,5e-05,0.15005983412265778,0.0
5945.0,5945.0,15.0,0.051238007843494415,5e-05,0.13392233848571777,0.0
5946.0,5946.0,15.0,0.056886788457632065,5e-05,0.14729107916355133,0.0
5947.0,5947.0,15.0,0.04612927511334419,5e-05,0.12678955495357513,0.0
5948.0,5948.0,15.0,0.05325137823820114,5e-05,0.1326947659254074,0.0
5949.0,5949.0,15.0,0.06339839100837708,5e-05,0.1620917171239853,0.0
5950.0,5950.0,15.0,0.054718874394893646,5e-05,0.14824523031711578,0.0
5951.0,5951.0,15.0,0.0553019642829895,5e-05,0.1310676634311676,0.0
5952.0,5952.0,15.0,0.062449876219034195,5e-05,0.14785799384117126,0.0
5953.0,5953.0,15.0,0.05069646239280701,5e-05,0.16693779826164246,0.0
5954.0,5954.0,15.0,0.052569903433322906,5e-05,0.1444810926914215,0.0
5955.0,5955.0,15.0,0.062138766050338745,5e-05,0.16607549786567688,0.0
5956.0,5956.0,15.0,0.059142399579286575,5e-05,0.1613122969865799,0.0
5957.0,5957.0,15.0,0.059006836265325546,5e-05,0.2041008025407791,0.0
5958.0,5958.0,15.0,0.06456175446510315,5e-05,0.14005708694458008,0.0
5959.0,5959.0,15.0,0.04812856763601303,5e-05,0.16670331358909607,0.0
5960.0,5960.0,15.0,0.06461179256439209,5e-05,0.13918758928775787,0.0
5961.0,5961.0,15.0,0.0666259378194809,5e-05,0.15116669237613678,0.0
5962.0,5962.0,15.0,0.0515090636909008,5e-05,0.11182490736246109,0.0
5963.0,5963.0,15.0,0.06252448260784149,5e-05,0.1880740225315094,0.0
5964.0,5964.0,15.0,0.059539493173360825,5e-05,0.14673596620559692,0.0
5965.0,5965.0,15.0,0.06999990344047546,5e-05,0.14838014543056488,0.0
5966.0,5966.0,15.0,0.06141580268740654,5e-05,0.18745999038219452,0.0
5967.0,5967.0,15.0,0.0680072233080864,5e-05,0.1506773978471756,0.0
5968.0,5968.0,15.0,0.07062119245529175,5e-05,0.16004006564617157,0.0
5969.0,5969.0,15.0,0.04702389985322952,5e-05,0.16919569671154022,0.0
5970.0,5970.0,15.0,0.06554103642702103,5e-05,0.22630082070827484,0.0
5971.0,5971.0,15.0,0.06596100330352783,5e-05,0.20648784935474396,0.0
5972.0,5972.0,15.0,0.05645156651735306,5e-05,0.1821320503950119,0.0
5973.0,5973.0,15.0,0.054025329649448395,5e-05,0.1922871470451355,0.0
5974.0,5974.0,15.0,0.048081256449222565,5e-05,0.2219618409872055,0.0
5975.0,5975.0,15.0,0.06181833893060684,5e-05,0.2417459785938263,0.0
5976.0,5976.0,15.0,0.05970795080065727,5e-05,0.2564295828342438,0.0
5977.0,5977.0,15.0,0.06121251359581947,5e-05,0.17562252283096313,0.0
5978.0,5978.0,15.0,0.056751545518636703,5e-05,0.2013838142156601,0.0
5979.0,5979.0,15.0,0.05169036611914635,5e-05,0.1355624943971634,0.0
5980.0,5980.0,15.0,0.07443611323833466,5e-05,0.15108293294906616,0.0
5981.0,5981.0,15.0,0.0462721511721611,5e-05,0.15751037001609802,0.0
5982.0,5982.0,15.0,0.059563569724559784,5e-05,0.21412499248981476,0.0
5983.0,5983.0,15.0,0.054506197571754456,5e-05,0.15168721973896027,0.0
5984.0,5984.0,15.0,0.057611458003520966,5e-05,0.17559635639190674,0.0
5985.0,5985.0,15.0,0.05110303685069084,5e-05,0.14034517109394073,0.0
5986.0,5986.0,15.0,0.05770818516612053,5e-05,0.12762293219566345,0.0
5987.0,5987.0,15.0,0.06077129766345024,5e-05,0.2278263419866562,0.0
5988.0,5988.0,15.0,0.06112464517354965,5e-05,0.14898952841758728,0.0
5989.0,5989.0,15.0,0.04369679093360901,5e-05,0.24151235818862915,0.0
5990.0,5990.0,15.0,0.053332049399614334,5e-05,0.12809932231903076,0.0
5991.0,5991.0,15.0,0.047603122889995575,5e-05,0.14550372958183289,0.0
5992.0,5992.0,15.0,0.05874743312597275,5e-05,0.18869668245315552,0.0
5993.0,5993.0,15.0,0.06696459650993347,5e-05,0.1784771978855133,0.0
5994.0,5994.0,15.0,0.05787649378180504,5e-05,0.22231480479240417,0.0
5995.0,5995.0,15.0,0.051715604960918427,5e-05,0.18787160515785217,0.0
5996.0,5996.0,15.0,0.058509986847639084,5e-05,0.20316268503665924,0.0
5997.0,5997.0,15.0,0.05788073688745499,5e-05,0.15072380006313324,0.0
5998.0,5998.0,15.0,0.054229985922575,5e-05,0.2302827388048172,0.0
5999.0,5999.0,15.0,0.06086128205060959,5e-05,0.22339016199111938,0.0
6000.0,6000.0,15.0,0.06580547243356705,5e-05,0.21096447110176086,0.0
6001.0,6001.0,15.0,0.058001697063446045,5e-05,0.3086509704589844,0.0
6002.0,6002.0,15.0,0.04647611826658249,5e-05,0.1277589648962021,0.0
6003.0,6003.0,15.0,0.05884277820587158,5e-05,0.22758249938488007,0.0
6004.0,6004.0,15.0,0.06759417057037354,5e-05,0.2414950430393219,0.0
6005.0,6005.0,15.0,0.04490135610103607,5e-05,0.21203215420246124,0.0
6006.0,6006.0,15.0,0.052497975528240204,5e-05,0.30237653851509094,0.0
6007.0,6007.0,15.0,0.0702919140458107,5e-05,0.17641130089759827,0.0
6008.0,6008.0,15.0,0.05318257957696915,5e-05,0.299355149269104,0.0
6009.0,6009.0,15.0,0.06428883224725723,5e-05,0.20133668184280396,0.0
6010.0,6010.0,15.0,0.051324181258678436,5e-05,0.18844272196292877,0.0
6011.0,6011.0,15.0,0.04452348127961159,5e-05,0.21443632245063782,0.0
6012.0,6012.0,15.0,0.056355707347393036,5e-05,0.1907612383365631,0.0
6013.0,6013.0,15.0,0.06346741318702698,5e-05,0.17794817686080933,0.0
6014.0,6014.0,15.0,0.06852062046527863,5e-05,0.17813023924827576,0.0
6015.0,6015.0,15.0,0.06889912486076355,5e-05,0.1577582210302353,0.0
6016.0,6016.0,15.0,0.06326185911893845,5e-05,0.18248018622398376,0.0
6017.0,6017.0,15.0,0.055463261902332306,5e-05,0.07858831435441971,0.0
6018.0,6018.0,15.0,0.07751327753067017,5e-05,0.17906689643859863,0.0
6019.0,6019.0,15.0,0.04871882125735283,5e-05,0.10940561443567276,0.0
6020.0,6020.0,15.0,0.057502761483192444,5e-05,0.14689448475837708,0.0
6021.0,6021.0,15.0,0.05258823558688164,5e-05,0.14815965294837952,0.0
6022.0,6022.0,15.0,0.05802428722381592,5e-05,0.15596887469291687,0.0
6023.0,6023.0,15.0,0.07127037644386292,5e-05,0.14529789984226227,0.0
6024.0,6024.0,15.0,0.07727871835231781,5e-05,0.15590107440948486,0.0
6025.0,6025.0,15.0,0.04917517304420471,5e-05,0.1808210015296936,0.0
6026.0,6026.0,15.0,0.06518121808767319,5e-05,0.1603698581457138,0.0
6027.0,6027.0,15.0,0.07214219868183136,5e-05,0.14286620914936066,0.0
6028.0,6028.0,15.0,0.07281537353992462,5e-05,0.15207000076770782,0.0
6029.0,6029.0,15.0,0.05644145607948303,5e-05,0.20911340415477753,0.0
6030.0,6030.0,15.0,0.06331029534339905,5e-05,0.1766842156648636,0.0
6031.0,6031.0,15.0,0.061462827026844025,5e-05,0.1459362804889679,0.0
6032.0,6032.0,15.0,0.06941064447164536,5e-05,0.262432724237442,0.0
6033.0,6033.0,15.0,0.049954306334257126,5e-05,0.10478292405605316,0.0
6034.0,6034.0,15.0,0.05350925400853157,5e-05,0.21788915991783142,0.0
6035.0,6035.0,15.0,0.05556358024477959,5e-05,0.1687784641981125,0.0
6036.0,6036.0,15.0,0.0572846457362175,5e-05,0.16312746703624725,0.0
6037.0,6037.0,15.0,0.05633019655942917,5e-05,0.18707449734210968,0.0
6038.0,6038.0,15.0,0.06038080155849457,5e-05,0.13757772743701935,0.0
6039.0,6039.0,15.0,0.06550511717796326,5e-05,0.16335494816303253,0.0
6040.0,6040.0,15.0,0.06248462200164795,5e-05,0.2310362607240677,0.0
6041.0,6041.0,15.0,0.06168327480554581,5e-05,0.15128962695598602,0.0
6042.0,6042.0,15.0,0.06800642609596252,5e-05,0.11238190531730652,0.0
6043.0,6043.0,15.0,0.04937764257192612,5e-05,0.20932482182979584,0.0
6044.0,6044.0,15.0,0.04831179976463318,5e-05,0.15178817510604858,0.0
6045.0,6045.0,15.0,0.07007439434528351,5e-05,0.12244956940412521,0.0
6046.0,6046.0,15.0,0.06307026743888855,5e-05,0.21975986659526825,0.0
6047.0,6047.0,15.0,0.05863390862941742,5e-05,0.14926877617835999,0.0
6048.0,6048.0,15.0,0.059879694133996964,5e-05,0.1176595687866211,0.0
6049.0,6049.0,15.0,0.063094362616539,5e-05,0.21174949407577515,0.0
6050.0,6050.0,15.0,0.05962580442428589,5e-05,0.2011844515800476,0.0
6051.0,6051.0,15.0,0.06686262041330338,5e-05,0.1411813199520111,0.0
6052.0,6052.0,15.0,0.0637487918138504,5e-05,0.2698812484741211,0.0
6053.0,6053.0,15.0,0.06970082223415375,5e-05,0.1474888026714325,0.0
6054.0,6054.0,15.0,0.07921679317951202,5e-05,0.21239519119262695,0.0
6055.0,6055.0,15.0,0.05885699763894081,5e-05,0.25763624906539917,0.0
6056.0,6056.0,15.0,0.06749427318572998,5e-05,0.16330483555793762,0.0
6057.0,6057.0,15.0,0.06267836689949036,5e-05,0.2034437209367752,0.0
6058.0,6058.0,15.0,0.058740098029375076,5e-05,0.2442668080329895,0.0
6059.0,6059.0,15.0,0.05997082218527794,5e-05,0.16531093418598175,0.0
6060.0,6060.0,15.0,0.054634932428598404,5e-05,0.1754121333360672,0.0
6061.0,6061.0,15.0,0.06617948412895203,5e-05,0.21836628019809723,0.0
6062.0,6062.0,15.0,0.0653505027294159,5e-05,0.18889109790325165,0.0
6063.0,6063.0,15.0,0.06201792508363724,5e-05,0.13796181976795197,0.0
6064.0,6064.0,15.0,0.07175502926111221,5e-05,0.221758633852005,0.0
6065.0,6065.0,15.0,0.0483437180519104,5e-05,0.15350155532360077,0.0
6066.0,6066.0,15.0,0.05139647424221039,5e-05,0.12073735892772675,0.0
6067.0,6067.0,15.0,0.04302474856376648,5e-05,0.2687382698059082,0.0
6068.0,6068.0,15.0,0.045242734253406525,5e-05,0.08075990527868271,0.0
6069.0,6069.0,15.0,0.06601536273956299,5e-05,0.1778152883052826,0.0
6070.0,6070.0,15.0,0.06402015686035156,5e-05,0.15958327054977417,0.0
6071.0,6071.0,15.0,0.06075677275657654,5e-05,0.1169298067688942,0.0
6072.0,6072.0,15.0,0.050443246960639954,5e-05,0.18231849372386932,0.0
6073.0,6073.0,15.0,0.05361302196979523,5e-05,0.12311405688524246,0.0
6074.0,6074.0,15.0,0.06551168113946915,5e-05,0.12194067984819412,0.0
6075.0,6075.0,15.0,0.062197521328926086,5e-05,0.15363892912864685,0.0
6076.0,6076.0,15.0,0.0547364205121994,5e-05,0.12846893072128296,0.0
6077.0,6077.0,15.0,0.06785309314727783,5e-05,0.18515188992023468,0.0
6078.0,6078.0,15.0,0.06158801540732384,5e-05,0.11561169475317001,0.0
6079.0,6079.0,15.0,0.06945934891700745,5e-05,0.26524245738983154,0.0
6080.0,6080.0,15.0,0.05069989711046219,5e-05,0.0971231535077095,0.0
6081.0,6081.0,15.0,0.05195782333612442,5e-05,0.20298317074775696,0.0
6082.0,6082.0,15.0,0.0508379191160202,5e-05,0.1721058040857315,0.0
6083.0,6083.0,15.0,0.07206393778324127,5e-05,0.12151528149843216,0.0
6084.0,6084.0,15.0,0.05962575972080231,5e-05,0.1693672239780426,0.0
6085.0,6085.0,15.0,0.08695317804813385,5e-05,0.2461061179637909,0.0
6086.0,6086.0,15.0,0.05750167369842529,5e-05,0.20883411169052124,0.0
6087.0,6087.0,15.0,0.0700862854719162,5e-05,0.22949808835983276,0.0
6088.0,6088.0,15.0,0.04915093630552292,5e-05,0.14869318902492523,0.0
6089.0,6089.0,15.0,0.06494306772947311,5e-05,0.18190118670463562,0.0
6090.0,6090.0,15.0,0.06155727058649063,5e-05,0.1694311797618866,0.0
6091.0,6091.0,15.0,0.06814530491828918,5e-05,0.15049093961715698,0.0
6092.0,6092.0,15.0,0.061309173703193665,5e-05,0.15603919327259064,0.0
6093.0,6093.0,15.0,0.05187118798494339,5e-05,0.14879979193210602,0.0
6094.0,6094.0,15.0,0.07250666618347168,5e-05,0.16497856378555298,0.0
6095.0,6095.0,15.0,0.06174851208925247,5e-05,0.21176010370254517,0.0
6096.0,6096.0,15.0,0.0559399351477623,5e-05,0.15136680006980896,0.0
6097.0,6097.0,15.0,0.06490316987037659,5e-05,0.1792737990617752,0.0
6098.0,6098.0,15.0,0.07307307422161102,5e-05,0.16845686733722687,0.0
6099.0,6099.0,15.0,0.0726051926612854,5e-05,0.19565057754516602,0.0
6100.0,6100.0,15.0,0.074976846575737,5e-05,0.18733613193035126,0.0
6101.0,6101.0,15.0,0.055641286075115204,5e-05,0.20887809991836548,0.0
6102.0,6102.0,15.0,0.049300745129585266,5e-05,0.15507255494594574,0.0
6103.0,6103.0,15.0,0.06862103193998337,5e-05,0.178435280919075,0.0
6104.0,6104.0,15.0,0.060280799865722656,5e-05,0.23849175870418549,0.0
6105.0,6105.0,15.0,0.06140018627047539,5e-05,0.12365236133337021,0.0
6106.0,6106.0,15.0,0.05265294015407562,5e-05,0.17705003917217255,0.0
6107.0,6107.0,15.0,0.05774927884340286,5e-05,0.18404938280582428,0.0
6108.0,6108.0,15.0,0.05712112784385681,5e-05,0.1274549961090088,0.0
6109.0,6109.0,15.0,0.07210695743560791,5e-05,0.21364350616931915,0.0
6110.0,6110.0,15.0,0.055835116654634476,5e-05,0.10572730004787445,0.0
6111.0,6111.0,15.0,0.05835936591029167,5e-05,0.15841291844844818,0.0
6112.0,6112.0,15.0,0.06614285707473755,5e-05,0.19193421304225922,0.0
6113.0,6113.0,15.0,0.07280956208705902,5e-05,0.15874385833740234,0.0
6114.0,6114.0,15.0,0.05124320089817047,5e-05,0.20525836944580078,0.0
6115.0,6115.0,15.0,0.050798412412405014,5e-05,0.12821745872497559,0.0
6116.0,6116.0,15.0,0.04801536351442337,5e-05,0.11914936453104019,0.0
6117.0,6117.0,15.0,0.05615996569395065,5e-05,0.19093982875347137,0.0
6118.0,6118.0,15.0,0.04467407613992691,5e-05,0.15164947509765625,0.0
6119.0,6119.0,15.0,0.07771679759025574,5e-05,0.19526563584804535,0.0
6120.0,6120.0,15.0,0.062108274549245834,5e-05,0.2645503282546997,0.0
6121.0,6121.0,15.0,0.056282199919223785,5e-05,0.25226452946662903,0.0
6122.0,6122.0,15.0,0.062362320721149445,5e-05,0.13705891370773315,0.0
6123.0,6123.0,15.0,0.05669576674699783,5e-05,0.34054794907569885,0.0
6124.0,6124.0,15.0,0.058065831661224365,5e-05,0.22821640968322754,0.0
6125.0,6125.0,15.0,0.06677251309156418,5e-05,0.26290589570999146,0.0
6126.0,6126.0,15.0,0.057303570210933685,5e-05,0.266015887260437,0.0
6127.0,6127.0,15.0,0.04950002580881119,5e-05,0.1928115040063858,0.0
6128.0,6128.0,15.0,0.06023494154214859,5e-05,0.1991310566663742,0.0
6129.0,6129.0,15.0,0.06572989374399185,5e-05,0.20688506960868835,0.0
6130.0,6130.0,15.0,0.060519877821207047,5e-05,0.3374529778957367,0.0
6131.0,6131.0,15.0,0.07839951664209366,5e-05,0.2023695409297943,0.0
6132.0,6132.0,15.0,0.06111523509025574,5e-05,0.3131018280982971,0.0
6133.0,6133.0,15.0,0.05354780703783035,5e-05,0.28140726685523987,0.0
6134.0,6134.0,15.0,0.07728223502635956,5e-05,0.2146676629781723,0.0
6135.0,6135.0,15.0,0.06700865924358368,5e-05,0.31180083751678467,0.0
6136.0,6136.0,15.0,0.057145245373249054,5e-05,0.28150561451911926,0.0
6137.0,6137.0,15.0,0.053871382027864456,5e-05,0.2385246455669403,0.0
6138.0,6138.0,15.0,0.06591954082250595,5e-05,0.335183322429657,0.0
6139.0,6139.0,15.0,0.04809172451496124,5e-05,0.20976115763187408,0.0
6140.0,6140.0,15.0,0.06974994391202927,5e-05,0.2803207039833069,0.0
6141.0,6141.0,15.0,0.07126791775226593,5e-05,0.23383376002311707,0.0
6142.0,6142.0,15.0,0.059889793395996094,5e-05,0.25528690218925476,0.0
6143.0,6143.0,15.0,0.04819992184638977,5e-05,0.28019487857818604,0.0
6144.0,6144.0,15.0,0.053924113512039185,5e-05,0.2303393930196762,0.0
6145.0,6145.0,15.0,0.058134403079748154,5e-05,0.19621224701404572,0.0
6146.0,6146.0,15.0,0.054721347987651825,5e-05,0.240269273519516,0.0
6147.0,6147.0,15.0,0.05073407292366028,5e-05,0.13509449362754822,0.0
6148.0,6148.0,15.0,0.05406932532787323,5e-05,0.21573682129383087,0.0
6149.0,6149.0,15.0,0.061418235301971436,5e-05,0.23519138991832733,0.0
6150.0,6150.0,15.0,0.06926462799310684,5e-05,0.1455051600933075,0.0
6151.0,6151.0,15.0,0.05908390134572983,5e-05,0.24738608300685883,0.0
6152.0,6152.0,15.0,0.05787869170308113,5e-05,0.18186527490615845,0.0
6153.0,6153.0,15.0,0.05769836902618408,5e-05,0.12805157899856567,0.0
6154.0,6154.0,15.0,0.05946073681116104,5e-05,0.22633783519268036,0.0
6155.0,6155.0,15.0,0.0661267638206482,5e-05,0.17803055047988892,0.0
6156.0,6156.0,15.0,0.06874899566173553,5e-05,0.10812390595674515,0.0
6157.0,6157.0,15.0,0.06712909787893295,5e-05,0.21825388073921204,0.0
6158.0,6158.0,15.0,0.06758463382720947,5e-05,0.19368329644203186,0.0
6159.0,6159.0,15.0,0.057595737278461456,5e-05,0.18625028431415558,0.0
6160.0,6160.0,15.0,0.05150304734706879,5e-05,0.12478666752576828,0.0
6161.0,6161.0,15.0,0.05118628591299057,5e-05,0.19447101652622223,0.0
6162.0,6162.0,15.0,0.06646829098463058,5e-05,0.15862679481506348,0.0
6163.0,6163.0,15.0,0.05295358598232269,5e-05,0.16890749335289001,0.0
6164.0,6164.0,15.0,0.05914488434791565,5e-05,0.12414199113845825,0.0
6165.0,6165.0,15.0,0.05989328771829605,5e-05,0.18230046331882477,0.0
6166.0,6166.0,15.0,0.040592797100543976,5e-05,0.15339523553848267,0.0
6167.0,6167.0,15.0,0.06993626058101654,5e-05,0.14130353927612305,0.0
6168.0,6168.0,15.0,0.07056687772274017,5e-05,0.12905362248420715,0.0
6169.0,6169.0,15.0,0.06038200110197067,5e-05,0.10310573875904083,0.0
6170.0,6170.0,15.0,0.0625368133187294,5e-05,0.1587793081998825,0.0
6171.0,6171.0,15.0,0.06139930710196495,5e-05,0.14953340590000153,0.0
6172.0,6172.0,15.0,0.0724530890583992,5e-05,0.15315334498882294,0.0
6173.0,6173.0,15.0,0.06015969067811966,5e-05,0.15457375347614288,0.0
6174.0,6174.0,15.0,0.05508402734994888,5e-05,0.1388281136751175,0.0
6175.0,6175.0,15.0,0.07077108323574066,5e-05,0.22772368788719177,0.0
6176.0,6176.0,15.0,0.0662309005856514,5e-05,0.17982718348503113,0.0
6177.0,6177.0,15.0,0.055044565349817276,5e-05,0.15183207392692566,0.0
6178.0,6178.0,15.0,0.04879484325647354,5e-05,0.19757993519306183,0.0
6179.0,6179.0,15.0,0.06948140263557434,5e-05,0.17984230816364288,0.0
6180.0,6180.0,15.0,0.06613526493310928,5e-05,0.18104487657546997,0.0
6181.0,6181.0,15.0,0.05310194194316864,5e-05,0.15675772726535797,0.0
6182.0,6182.0,15.0,0.06606552004814148,5e-05,0.22556552290916443,0.0
6183.0,6183.0,15.0,0.05791309475898743,5e-05,0.13925190269947052,0.0
6184.0,6184.0,15.0,0.06266637146472931,5e-05,0.2073093056678772,0.0
6185.0,6185.0,15.0,0.06033758446574211,5e-05,0.20192991197109222,0.0
6186.0,6186.0,15.0,0.06534156203269958,5e-05,0.20051364600658417,0.0
6187.0,6187.0,15.0,0.06318336725234985,5e-05,0.19048857688903809,0.0
6188.0,6188.0,15.0,0.05665629357099533,5e-05,0.1759214848279953,0.0
6189.0,6189.0,15.0,0.05647793412208557,5e-05,0.1681058257818222,0.0
6190.0,6190.0,15.0,0.06333101540803909,5e-05,0.20294253528118134,0.0
6191.0,6191.0,15.0,0.05570610612630844,5e-05,0.19945870339870453,0.0
6192.0,6192.0,15.0,0.05746098980307579,5e-05,0.16442544758319855,0.0
6193.0,6193.0,15.0,0.06412166357040405,5e-05,0.21251146495342255,0.0
6194.0,6194.0,15.0,0.0637555792927742,5e-05,0.21707293391227722,0.0
6195.0,6195.0,15.0,0.056659795343875885,5e-05,0.18762889504432678,0.0
6196.0,6196.0,15.0,0.05569528043270111,5e-05,0.21859396994113922,0.0
6197.0,6197.0,15.0,0.053398579359054565,5e-05,0.20476166903972626,0.0
6198.0,6198.0,15.0,0.06574446707963943,5e-05,0.22787509858608246,0.0
6199.0,6199.0,15.0,0.0559736005961895,5e-05,0.231654554605484,0.0
6200.0,6200.0,15.0,0.06017008051276207,5e-05,0.2408466935157776,0.0
6201.0,6201.0,15.0,0.05871976912021637,5e-05,0.16536375880241394,0.0
6202.0,6202.0,15.0,0.05779236555099487,5e-05,0.1341484636068344,0.0
6203.0,6203.0,15.0,0.06547508388757706,5e-05,0.23297590017318726,0.0
6204.0,6204.0,15.0,0.06911840289831161,5e-05,0.1953674554824829,0.0
6205.0,6205.0,15.0,0.062161125242710114,5e-05,0.25664159655570984,0.0
6206.0,6206.0,15.0,0.06789856404066086,5e-05,0.23563739657402039,0.0
6207.0,6207.0,15.0,0.05185878276824951,5e-05,0.1632063388824463,0.0
6208.0,6208.0,15.0,0.05588291585445404,5e-05,0.21650201082229614,0.0
6209.0,6209.0,15.0,0.050197817385196686,5e-05,0.1954835206270218,0.0
6210.0,6210.0,15.0,0.06423638761043549,5e-05,0.16787151992321014,0.0
6211.0,6211.0,15.0,0.046199508011341095,5e-05,0.16766738891601562,0.0
6212.0,6212.0,15.0,0.05349527671933174,5e-05,0.1421235054731369,0.0
6213.0,6213.0,15.0,0.0574435293674469,5e-05,0.21479900181293488,0.0
6214.0,6214.0,15.0,0.058753401041030884,5e-05,0.16104573011398315,0.0
6215.0,6215.0,15.0,0.059410542249679565,5e-05,0.149183988571167,0.0
6216.0,6216.0,15.0,0.04590268433094025,5e-05,0.2588135302066803,0.0
6217.0,6217.0,15.0,0.07279425859451294,5e-05,0.14293493330478668,0.0
6218.0,6218.0,15.0,0.05185569450259209,5e-05,0.23256239295005798,0.0
6219.0,6219.0,15.0,0.0620657354593277,5e-05,0.1677626371383667,0.0
6220.0,6220.0,15.0,0.06163850799202919,5e-05,0.13558906316757202,0.0
6221.0,6221.0,15.0,0.05022375285625458,5e-05,0.22379745543003082,0.0
6222.0,6222.0,15.0,0.05659603327512741,5e-05,0.1228104755282402,0.0
6223.0,6223.0,15.0,0.06419654190540314,5e-05,0.15564046800136566,0.0
6224.0,6224.0,15.0,0.04906608164310455,5e-05,0.14564479887485504,0.0
6225.0,6225.0,15.0,0.05455295741558075,5e-05,0.152542844414711,0.0
6226.0,6226.0,15.0,0.0524514839053154,5e-05,0.13616426289081573,0.0
6227.0,6227.0,15.0,0.05898537114262581,5e-05,0.11140590906143188,0.0
6228.0,6228.0,15.0,0.06891871988773346,5e-05,0.16430090367794037,0.0
6229.0,6229.0,15.0,0.055610980838537216,5e-05,0.13142715394496918,0.0
6230.0,6230.0,15.0,0.059545911848545074,5e-05,0.12369178980588913,0.0
6231.0,6231.0,15.0,0.04987134411931038,5e-05,0.18537738919258118,0.0
6232.0,6232.0,15.0,0.0791768729686737,5e-05,0.13934047520160675,0.0
6233.0,6233.0,15.0,0.0586690679192543,5e-05,0.10855168104171753,0.0
6234.0,6234.0,15.0,0.05078485235571861,5e-05,0.16393421590328217,0.0
6235.0,6235.0,15.0,0.05733584612607956,5e-05,0.11862922459840775,0.0
6236.0,6236.0,15.0,0.060521483421325684,5e-05,0.15733540058135986,0.0
6237.0,6237.0,15.0,0.06737881153821945,5e-05,0.19856657087802887,0.0
6238.0,6238.0,15.0,0.06010519340634346,5e-05,0.13003607094287872,0.0
6239.0,6239.0,15.0,0.06298369914293289,5e-05,0.13653410971164703,0.0
6240.0,6240.0,15.0,0.058761753141880035,5e-05,0.20686449110507965,0.0
6241.0,6241.0,16.0,0.05084732919931412,5e-05,0.15028002858161926,0.0
6242.0,6242.0,16.0,0.0645609200000763,5e-05,0.1437998116016388,0.0
6243.0,6243.0,16.0,0.06373986601829529,5e-05,0.20857791602611542,0.0
6244.0,6244.0,16.0,0.07714106142520905,5e-05,0.16486650705337524,0.0
6245.0,6245.0,16.0,0.05390524864196777,5e-05,0.1369038224220276,0.0
6246.0,6246.0,16.0,0.06330905854701996,5e-05,0.23031334578990936,0.0
6247.0,6247.0,16.0,0.05503830313682556,5e-05,0.1640162616968155,0.0
6248.0,6248.0,16.0,0.07379159331321716,5e-05,0.1595631241798401,0.0
6249.0,6249.0,16.0,0.06746619939804077,5e-05,0.15190765261650085,0.0
6250.0,6250.0,16.0,0.05773831903934479,5e-05,0.12929096817970276,0.0
6251.0,6251.0,16.0,0.06525559723377228,5e-05,0.14452847838401794,0.0
6252.0,6252.0,16.0,0.05745455250144005,5e-05,0.16873760521411896,0.0
6253.0,6253.0,16.0,0.07685230672359467,5e-05,0.17911355197429657,0.0
6254.0,6254.0,16.0,0.07133205235004425,5e-05,0.11868686228990555,0.0
6255.0,6255.0,16.0,0.06013288348913193,5e-05,0.1029883474111557,0.0
6256.0,6256.0,16.0,0.0683695375919342,5e-05,0.13605614006519318,0.0
6257.0,6257.0,16.0,0.05733490735292435,5e-05,0.09980595856904984,0.0
6258.0,6258.0,16.0,0.05852793902158737,5e-05,0.1336849480867386,0.0
6259.0,6259.0,16.0,0.05222110077738762,5e-05,0.09735030680894852,0.0
6260.0,6260.0,16.0,0.049157679080963135,5e-05,0.08934803307056427,0.0
6261.0,6261.0,16.0,0.06693682074546814,5e-05,0.132553368806839,0.0
6262.0,6262.0,16.0,0.07072395086288452,5e-05,0.1211153119802475,0.0
6263.0,6263.0,16.0,0.0551484189927578,5e-05,0.10357416421175003,0.0
6264.0,6264.0,16.0,0.05849169194698334,5e-05,0.13679109513759613,0.0
6265.0,6265.0,16.0,0.06666938960552216,5e-05,0.19238227605819702,0.0
6266.0,6266.0,16.0,0.059806764125823975,5e-05,0.1669265329837799,0.0
6267.0,6267.0,16.0,0.05163104087114334,5e-05,0.14004948735237122,0.0
6268.0,6268.0,16.0,0.056839294731616974,5e-05,0.2089240998029709,0.0
6269.0,6269.0,16.0,0.06217116862535477,5e-05,0.14377236366271973,0.0
6270.0,6270.0,16.0,0.06437988579273224,5e-05,0.22592023015022278,0.0
6271.0,6271.0,16.0,0.06638698279857635,5e-05,0.19147567451000214,0.0
6272.0,6272.0,16.0,0.05096377804875374,5e-05,0.1726684421300888,0.0
6273.0,6273.0,16.0,0.052509650588035583,5e-05,0.1990617960691452,0.0
6274.0,6274.0,16.0,0.06514883041381836,5e-05,0.18371105194091797,0.0
6275.0,6275.0,16.0,0.04315019026398659,5e-05,0.13400548696517944,0.0
6276.0,6276.0,16.0,0.05643517151474953,5e-05,0.189181849360466,0.0
6277.0,6277.0,16.0,0.050976868718862534,5e-05,0.15367859601974487,0.0
6278.0,6278.0,16.0,0.04566638916730881,5e-05,0.2172696888446808,0.0
6279.0,6279.0,16.0,0.0703229159116745,5e-05,0.14116504788398743,0.0
6280.0,6280.0,16.0,0.051885150372982025,5e-05,0.12315192073583603,0.0
6281.0,6281.0,16.0,0.057014696300029755,5e-05,0.13167478144168854,0.0
6282.0,6282.0,16.0,0.06180915609002113,5e-05,0.21922330558300018,0.0
6283.0,6283.0,16.0,0.062003396451473236,5e-05,0.16827355325222015,0.0
6284.0,6284.0,16.0,0.055621080100536346,5e-05,0.1941680610179901,0.0
6285.0,6285.0,16.0,0.05811557173728943,5e-05,0.19383476674556732,0.0
6286.0,6286.0,16.0,0.06758181750774384,5e-05,0.16639210283756256,0.0
6287.0,6287.0,16.0,0.06230304017663002,5e-05,0.22154270112514496,0.0
6288.0,6288.0,16.0,0.051503051072359085,5e-05,0.17113085091114044,0.0
6289.0,6289.0,16.0,0.060039911419153214,5e-05,0.21716241538524628,0.0
6290.0,6290.0,16.0,0.07179576903581619,5e-05,0.16856443881988525,0.0
6291.0,6291.0,16.0,0.05148591473698616,5e-05,0.16122817993164062,0.0
6292.0,6292.0,16.0,0.06324207782745361,5e-05,0.22857488691806793,0.0
6293.0,6293.0,16.0,0.056619830429553986,5e-05,0.13707596063613892,0.0
6294.0,6294.0,16.0,0.05007481947541237,5e-05,0.26112234592437744,0.0
6295.0,6295.0,16.0,0.058036696165800095,5e-05,0.1577952355146408,0.0
6296.0,6296.0,16.0,0.05832139402627945,5e-05,0.23583893477916718,0.0
6297.0,6297.0,16.0,0.047373250126838684,5e-05,0.1975979208946228,0.0
6298.0,6298.0,16.0,0.054667066782712936,5e-05,0.13275545835494995,0.0
6299.0,6299.0,16.0,0.0546286478638649,5e-05,0.17899204790592194,0.0
6300.0,6300.0,16.0,0.05918712168931961,5e-05,0.17091624438762665,0.0
6301.0,6301.0,16.0,0.05740395933389664,5e-05,0.12768463790416718,0.0
6302.0,6302.0,16.0,0.056315697729587555,5e-05,0.18590281903743744,0.0
6303.0,6303.0,16.0,0.04611518234014511,5e-05,0.19513128697872162,0.0
6304.0,6304.0,16.0,0.06548434495925903,5e-05,0.17269109189510345,0.0
6305.0,6305.0,16.0,0.05676157400012016,5e-05,0.22754637897014618,0.0
6306.0,6306.0,16.0,0.06650612503290176,5e-05,0.1926897168159485,0.0
6307.0,6307.0,16.0,0.05749550461769104,5e-05,0.14558154344558716,0.0
6308.0,6308.0,16.0,0.0719662457704544,5e-05,0.1702197790145874,0.0
6309.0,6309.0,16.0,0.06191054731607437,5e-05,0.13121876120567322,0.0
6310.0,6310.0,16.0,0.053144074976444244,5e-05,0.12569516897201538,0.0
6311.0,6311.0,16.0,0.051720812916755676,5e-05,0.1856931746006012,0.0
6312.0,6312.0,16.0,0.06156577914953232,5e-05,0.16246084868907928,0.0
6313.0,6313.0,16.0,0.0529048815369606,5e-05,0.16623930633068085,0.0
6314.0,6314.0,16.0,0.056982606649398804,5e-05,0.15748360753059387,0.0
6315.0,6315.0,16.0,0.04910075291991234,5e-05,0.13164328038692474,0.0
6316.0,6316.0,16.0,0.06684410572052002,5e-05,0.1492871791124344,0.0
6317.0,6317.0,16.0,0.0532245859503746,5e-05,0.1490618884563446,0.0
6318.0,6318.0,16.0,0.0685192123055458,5e-05,0.13624005019664764,0.0
6319.0,6319.0,16.0,0.057192642241716385,5e-05,0.11426561325788498,0.0
6320.0,6320.0,16.0,0.05373053997755051,5e-05,0.19709816575050354,0.0
6321.0,6321.0,16.0,0.054743170738220215,5e-05,0.08885381370782852,0.0
6322.0,6322.0,16.0,0.06206882372498512,5e-05,0.19708968698978424,0.0
6323.0,6323.0,16.0,0.057802338153123856,5e-05,0.08874142169952393,0.0
6324.0,6324.0,16.0,0.04851925000548363,5e-05,0.11982296407222748,0.0
6325.0,6325.0,16.0,0.0562991127371788,5e-05,0.162059023976326,0.0
6326.0,6326.0,16.0,0.0628410279750824,5e-05,0.1659066528081894,0.0
6327.0,6327.0,16.0,0.05867360159754753,5e-05,0.10829665511846542,0.0
6328.0,6328.0,16.0,0.06712490320205688,5e-05,0.20092318952083588,0.0
6329.0,6329.0,16.0,0.06052131950855255,5e-05,0.18193256855010986,0.0
6330.0,6330.0,16.0,0.05479389429092407,5e-05,0.17570993304252625,0.0
6331.0,6331.0,16.0,0.04972172901034355,5e-05,0.13493144512176514,0.0
6332.0,6332.0,16.0,0.05561887100338936,5e-05,0.21300718188285828,0.0
6333.0,6333.0,16.0,0.058550961315631866,5e-05,0.16589878499507904,0.0
6334.0,6334.0,16.0,0.05502529442310333,5e-05,0.11731412261724472,0.0
6335.0,6335.0,16.0,0.047395817935466766,5e-05,0.13126255571842194,0.0
6336.0,6336.0,16.0,0.07250719517469406,5e-05,0.14945100247859955,0.0
6337.0,6337.0,16.0,0.05373048037290573,5e-05,0.09774066507816315,0.0
6338.0,6338.0,16.0,0.04663059115409851,5e-05,0.11080603301525116,0.0
6339.0,6339.0,16.0,0.06521886587142944,5e-05,0.1709132343530655,0.0
6340.0,6340.0,16.0,0.05949196219444275,5e-05,0.18077296018600464,0.0
6341.0,6341.0,16.0,0.05509170889854431,5e-05,0.1593153029680252,0.0
6342.0,6342.0,16.0,0.06010441854596138,5e-05,0.15412597358226776,0.0
6343.0,6343.0,16.0,0.05869366228580475,5e-05,0.17861638963222504,0.0
6344.0,6344.0,16.0,0.06324142217636108,5e-05,0.17981146275997162,0.0
6345.0,6345.0,16.0,0.052416980266571045,5e-05,0.164568230509758,0.0
6346.0,6346.0,16.0,0.04952295869588852,5e-05,0.18693415820598602,0.0
6347.0,6347.0,16.0,0.05991814285516739,5e-05,0.16277450323104858,0.0
6348.0,6348.0,16.0,0.06904681026935577,5e-05,0.1514630764722824,0.0
6349.0,6349.0,16.0,0.0475497767329216,5e-05,0.12046410143375397,0.0
6350.0,6350.0,16.0,0.060083989053964615,5e-05,0.18918094038963318,0.0
6351.0,6351.0,16.0,0.06701020896434784,5e-05,0.11809170246124268,0.0
6352.0,6352.0,16.0,0.058521777391433716,5e-05,0.2063203901052475,0.0
6353.0,6353.0,16.0,0.05656525120139122,5e-05,0.17099182307720184,0.0
6354.0,6354.0,16.0,0.05369088426232338,5e-05,0.1383456289768219,0.0
6355.0,6355.0,16.0,0.05750005692243576,5e-05,0.13186082243919373,0.0
6356.0,6356.0,16.0,0.06577752530574799,5e-05,0.1590108722448349,0.0
6357.0,6357.0,16.0,0.06092999130487442,5e-05,0.11710181087255478,0.0
6358.0,6358.0,16.0,0.0730491355061531,5e-05,0.14665062725543976,0.0
6359.0,6359.0,16.0,0.054637230932712555,5e-05,0.14596429467201233,0.0
6360.0,6360.0,16.0,0.05904523283243179,5e-05,0.11886286735534668,0.0
6361.0,6361.0,16.0,0.051642462611198425,5e-05,0.12140211462974548,0.0
6362.0,6362.0,16.0,0.06328705698251724,5e-05,0.16218453645706177,0.0
6363.0,6363.0,16.0,0.053944170475006104,5e-05,0.11363948881626129,0.0
6364.0,6364.0,16.0,0.06042057275772095,5e-05,0.10725101828575134,0.0
6365.0,6365.0,16.0,0.07249473035335541,5e-05,0.17529405653476715,0.0
6366.0,6366.0,16.0,0.05677124857902527,5e-05,0.18576373159885406,0.0
6367.0,6367.0,16.0,0.053640566766262054,5e-05,0.16927218437194824,0.0
6368.0,6368.0,16.0,0.0627363994717598,5e-05,0.2065848708152771,0.0
6369.0,6369.0,16.0,0.06574401259422302,5e-05,0.17793481051921844,0.0
6370.0,6370.0,16.0,0.058163996785879135,5e-05,0.14164915680885315,0.0
6371.0,6371.0,16.0,0.06470824778079987,5e-05,0.1864069104194641,0.0
6372.0,6372.0,16.0,0.05258115381002426,5e-05,0.1366707682609558,0.0
6373.0,6373.0,16.0,0.06260658800601959,5e-05,0.15204331278800964,0.0
6374.0,6374.0,16.0,0.04457776993513107,5e-05,0.13688936829566956,0.0
6375.0,6375.0,16.0,0.05468272790312767,5e-05,0.11093051731586456,0.0
6376.0,6376.0,16.0,0.05393584817647934,5e-05,0.11586079746484756,0.0
6377.0,6377.0,16.0,0.058196574449539185,5e-05,0.19326403737068176,0.0
6378.0,6378.0,16.0,0.06228071451187134,5e-05,0.14265625178813934,0.0
6379.0,6379.0,16.0,0.05806165188550949,5e-05,0.20011068880558014,0.0
6380.0,6380.0,16.0,0.05820291489362717,5e-05,0.10642009228467941,0.0
6381.0,6381.0,16.0,0.06613645702600479,5e-05,0.17345114052295685,0.0
6382.0,6382.0,16.0,0.05112723261117935,5e-05,0.17663167417049408,0.0
6383.0,6383.0,16.0,0.068934366106987,5e-05,0.1613018810749054,0.0
6384.0,6384.0,16.0,0.06529352068901062,5e-05,0.16719962656497955,0.0
6385.0,6385.0,16.0,0.04522855952382088,5e-05,0.14569434523582458,0.0
6386.0,6386.0,16.0,0.05651292949914932,5e-05,0.0950024425983429,0.0
6387.0,6387.0,16.0,0.04729393124580383,5e-05,0.12414271384477615,0.0
6388.0,6388.0,16.0,0.058087095618247986,5e-05,0.12742161750793457,0.0
6389.0,6389.0,16.0,0.051188964396715164,5e-05,0.10725533962249756,0.0
6390.0,6390.0,16.0,0.05726969242095947,5e-05,0.12287130206823349,0.0
6391.0,6391.0,16.0,0.05116042122244835,5e-05,0.1378498673439026,0.0
6392.0,6392.0,16.0,0.06856900453567505,5e-05,0.1958610564470291,0.0
6393.0,6393.0,16.0,0.0553918294608593,5e-05,0.09672153741121292,0.0
6394.0,6394.0,16.0,0.056505315005779266,5e-05,0.1978786289691925,0.0
6395.0,6395.0,16.0,0.05471876636147499,5e-05,0.1377035230398178,0.0
6396.0,6396.0,16.0,0.05512132868170738,5e-05,0.14334820210933685,0.0
6397.0,6397.0,16.0,0.049017153680324554,5e-05,0.1516205370426178,0.0
6398.0,6398.0,16.0,0.06340297311544418,5e-05,0.15125826001167297,0.0
6399.0,6399.0,16.0,0.07237599045038223,5e-05,0.22205133736133575,0.0
6400.0,6400.0,16.0,0.046034447848796844,5e-05,0.1597307175397873,0.0
6401.0,6401.0,16.0,0.04651976376771927,5e-05,0.1797795444726944,0.0
6402.0,6402.0,16.0,0.0658666118979454,5e-05,0.3007461428642273,0.0
6403.0,6403.0,16.0,0.053983770310878754,5e-05,0.1307457685470581,0.0
6404.0,6404.0,16.0,0.0443851575255394,5e-05,0.2254595309495926,0.0
6405.0,6405.0,16.0,0.06459911167621613,5e-05,0.2488667070865631,0.0
6406.0,6406.0,16.0,0.061296090483665466,5e-05,0.19627904891967773,0.0
6407.0,6407.0,16.0,0.07358503341674805,5e-05,0.2603430449962616,0.0
6408.0,6408.0,16.0,0.06226174905896187,5e-05,0.1456739455461502,0.0
6409.0,6409.0,16.0,0.06029779464006424,5e-05,0.2992176115512848,0.0
6410.0,6410.0,16.0,0.07292651385068893,5e-05,0.21652041375637054,0.0
6411.0,6411.0,16.0,0.05924084782600403,5e-05,0.18431691825389862,0.0
6412.0,6412.0,16.0,0.05157415196299553,5e-05,0.3450620770454407,0.0
6413.0,6413.0,16.0,0.06137805059552193,5e-05,0.1450762152671814,0.0
6414.0,6414.0,16.0,0.05948806554079056,5e-05,0.31426766514778137,0.0
6415.0,6415.0,16.0,0.06355008482933044,5e-05,0.2224397510290146,0.0
6416.0,6416.0,16.0,0.03845266252756119,5e-05,0.18349941074848175,0.0
6417.0,6417.0,16.0,0.06286212801933289,5e-05,0.28636714816093445,0.0
6418.0,6418.0,16.0,0.0614016056060791,5e-05,0.10839428007602692,0.0
6419.0,6419.0,16.0,0.06669056415557861,5e-05,0.20869608223438263,0.0
6420.0,6420.0,16.0,0.0559827983379364,5e-05,0.19222058355808258,0.0
6421.0,6421.0,16.0,0.05499930679798126,5e-05,0.10297805070877075,0.0
6422.0,6422.0,16.0,0.053792282938957214,5e-05,0.17820371687412262,0.0
6423.0,6423.0,16.0,0.04769245907664299,5e-05,0.1852360963821411,0.0
6424.0,6424.0,16.0,0.051590971648693085,5e-05,0.17638644576072693,0.0
6425.0,6425.0,16.0,0.06372992694377899,5e-05,0.1944299042224884,0.0
6426.0,6426.0,16.0,0.06027981638908386,5e-05,0.15827949345111847,0.0
6427.0,6427.0,16.0,0.05873189866542816,5e-05,0.16650772094726562,0.0
6428.0,6428.0,16.0,0.049031779170036316,5e-05,0.17519930005073547,0.0
6429.0,6429.0,16.0,0.05019814148545265,5e-05,0.11244215816259384,0.0
6430.0,6430.0,16.0,0.049942295998334885,5e-05,0.18419873714447021,0.0
6431.0,6431.0,16.0,0.0657544732093811,5e-05,0.1542932689189911,0.0
6432.0,6432.0,16.0,0.05791676789522171,5e-05,0.16824126243591309,0.0
6433.0,6433.0,16.0,0.06473520398139954,5e-05,0.15792469680309296,0.0
6434.0,6434.0,16.0,0.06654226779937744,5e-05,0.153514102101326,0.0
6435.0,6435.0,16.0,0.054665517061948776,5e-05,0.15933190286159515,0.0
6436.0,6436.0,16.0,0.0563456267118454,5e-05,0.16631364822387695,0.0
6437.0,6437.0,16.0,0.047847338020801544,5e-05,0.12865427136421204,0.0
6438.0,6438.0,16.0,0.058849893510341644,5e-05,0.22267402708530426,0.0
6439.0,6439.0,16.0,0.05132123827934265,5e-05,0.14953848719596863,0.0
6440.0,6440.0,16.0,0.05219588428735733,5e-05,0.2090311199426651,0.0
6441.0,6441.0,16.0,0.07205038517713547,5e-05,0.21447303891181946,0.0
6442.0,6442.0,16.0,0.0638357400894165,5e-05,0.19135446846485138,0.0
6443.0,6443.0,16.0,0.05766037106513977,5e-05,0.21663810312747955,0.0
6444.0,6444.0,16.0,0.06105390936136246,5e-05,0.211781308054924,0.0
6445.0,6445.0,16.0,0.06720687448978424,5e-05,0.2517643868923187,0.0
6446.0,6446.0,16.0,0.07536943256855011,5e-05,0.1579272449016571,0.0
6447.0,6447.0,16.0,0.061990633606910706,5e-05,0.19582682847976685,0.0
6448.0,6448.0,16.0,0.06067372113466263,5e-05,0.12424185872077942,0.0
6449.0,6449.0,16.0,0.05648920312523842,5e-05,0.13321766257286072,0.0
6450.0,6450.0,16.0,0.04944818466901779,5e-05,0.17323003709316254,0.0
6451.0,6451.0,16.0,0.06757840514183044,5e-05,0.15691325068473816,0.0
6452.0,6452.0,16.0,0.05683406442403793,5e-05,0.17358912527561188,0.0
6453.0,6453.0,16.0,0.06865493953227997,5e-05,0.2248552292585373,0.0
6454.0,6454.0,16.0,0.06331198662519455,5e-05,0.13948756456375122,0.0
6455.0,6455.0,16.0,0.06580708175897598,5e-05,0.15390720963478088,0.0
6456.0,6456.0,16.0,0.07322072982788086,5e-05,0.2195129096508026,0.0
6457.0,6457.0,16.0,0.05811562389135361,5e-05,0.11559617519378662,0.0
6458.0,6458.0,16.0,0.08356302976608276,5e-05,0.20943084359169006,0.0
6459.0,6459.0,16.0,0.059128955006599426,5e-05,0.164819598197937,0.0
6460.0,6460.0,16.0,0.053877487778663635,5e-05,0.12069664895534515,0.0
6461.0,6461.0,16.0,0.06751170009374619,5e-05,0.189164400100708,0.0
6462.0,6462.0,16.0,0.05737777054309845,5e-05,0.18249817192554474,0.0
6463.0,6463.0,16.0,0.05540400743484497,5e-05,0.2216493785381317,0.0
6464.0,6464.0,16.0,0.0660027265548706,5e-05,0.1750275045633316,0.0
6465.0,6465.0,16.0,0.0752018392086029,5e-05,0.1737685203552246,0.0
6466.0,6466.0,16.0,0.058907151222229004,5e-05,0.2405058890581131,0.0
6467.0,6467.0,16.0,0.05466223508119583,5e-05,0.14055633544921875,0.0
6468.0,6468.0,16.0,0.05727766454219818,5e-05,0.18552085757255554,0.0
6469.0,6469.0,16.0,0.06457953155040741,5e-05,0.14001533389091492,0.0
6470.0,6470.0,16.0,0.05871766060590744,5e-05,0.12251044064760208,0.0
6471.0,6471.0,16.0,0.05516061186790466,5e-05,0.170561283826828,0.0
6472.0,6472.0,16.0,0.052309829741716385,5e-05,0.17990170419216156,0.0
6473.0,6473.0,16.0,0.055294692516326904,5e-05,0.14672137796878815,0.0
6474.0,6474.0,16.0,0.054438259452581406,5e-05,0.1876814216375351,0.0
6475.0,6475.0,16.0,0.06744019687175751,5e-05,0.16794617474079132,0.0
6476.0,6476.0,16.0,0.07210980355739594,5e-05,0.2121904194355011,0.0
6477.0,6477.0,16.0,0.06352374702692032,5e-05,0.20239987969398499,0.0
6478.0,6478.0,16.0,0.06474200636148453,5e-05,0.17418883740901947,0.0
6479.0,6479.0,16.0,0.05594312399625778,5e-05,0.20572766661643982,0.0
6480.0,6480.0,16.0,0.06420347839593887,5e-05,0.13219475746154785,0.0
6481.0,6481.0,16.0,0.05238408222794533,5e-05,0.20531320571899414,0.0
6482.0,6482.0,16.0,0.07174446433782578,5e-05,0.14176684617996216,0.0
6483.0,6483.0,16.0,0.05380399897694588,5e-05,0.12744523584842682,0.0
6484.0,6484.0,16.0,0.05009259283542633,5e-05,0.22332227230072021,0.0
6485.0,6485.0,16.0,0.042032092809677124,5e-05,0.11400079727172852,0.0
6486.0,6486.0,16.0,0.06040345877408981,5e-05,0.14574258029460907,0.0
6487.0,6487.0,16.0,0.07216431200504303,5e-05,0.15130048990249634,0.0
6488.0,6488.0,16.0,0.06287872046232224,5e-05,0.14987221360206604,0.0
6489.0,6489.0,16.0,0.05445114150643349,5e-05,0.13385677337646484,0.0
6490.0,6490.0,16.0,0.0532829686999321,5e-05,0.16937309503555298,0.0
6491.0,6491.0,16.0,0.05413606017827988,5e-05,0.14880752563476562,0.0
6492.0,6492.0,16.0,0.062010735273361206,5e-05,0.15718288719654083,0.0
6493.0,6493.0,16.0,0.06378360092639923,5e-05,0.13750745356082916,0.0
6494.0,6494.0,16.0,0.058618150651454926,5e-05,0.14853030443191528,0.0
6495.0,6495.0,16.0,0.08355917036533356,5e-05,0.16767685115337372,0.0
6496.0,6496.0,16.0,0.049821458756923676,5e-05,0.09136098623275757,0.0
6497.0,6497.0,16.0,0.052130311727523804,5e-05,0.17017285525798798,0.0
6498.0,6498.0,16.0,0.04613763466477394,5e-05,0.11094184964895248,0.0
6499.0,6499.0,16.0,0.05896051228046417,5e-05,0.12851251661777496,0.0
6500.0,6500.0,16.0,0.06066856533288956,5e-05,0.1881970316171646,0.0
6501.0,6501.0,16.0,0.061734866350889206,5e-05,0.09782789647579193,0.0
6502.0,6502.0,16.0,0.06529411673545837,5e-05,0.1690398007631302,0.0
6503.0,6503.0,16.0,0.061057016253471375,5e-05,0.1940472424030304,0.0
6504.0,6504.0,16.0,0.05865741893649101,5e-05,0.0942726880311966,0.0
6505.0,6505.0,16.0,0.04654408246278763,5e-05,0.26295027136802673,0.0
6506.0,6506.0,16.0,0.06546235084533691,5e-05,0.19167402386665344,0.0
6507.0,6507.0,16.0,0.051093194633722305,5e-05,0.21904999017715454,0.0
6508.0,6508.0,16.0,0.05225493386387825,5e-05,0.2651183009147644,0.0
6509.0,6509.0,16.0,0.057648010551929474,5e-05,0.13042010366916656,0.0
6510.0,6510.0,16.0,0.07220645248889923,5e-05,0.27153319120407104,0.0
6511.0,6511.0,16.0,0.06548267602920532,5e-05,0.20625004172325134,0.0
6512.0,6512.0,16.0,0.05702951177954674,5e-05,0.1599675565958023,0.0
6513.0,6513.0,16.0,0.06055945158004761,5e-05,0.2547386586666107,0.0
6514.0,6514.0,16.0,0.06170187145471573,5e-05,0.16126374900341034,0.0
6515.0,6515.0,16.0,0.045216791331768036,5e-05,0.14702460169792175,0.0
6516.0,6516.0,16.0,0.059194207191467285,5e-05,0.20006810128688812,0.0
6517.0,6517.0,16.0,0.05959001183509827,5e-05,0.18028730154037476,0.0
6518.0,6518.0,16.0,0.05042311176657677,5e-05,0.13032139837741852,0.0
6519.0,6519.0,16.0,0.062128305435180664,5e-05,0.21109548211097717,0.0
6520.0,6520.0,16.0,0.0654287189245224,5e-05,0.2035137116909027,0.0
6521.0,6521.0,16.0,0.07328539341688156,5e-05,0.1899525374174118,0.0
6522.0,6522.0,16.0,0.06609950959682465,5e-05,0.23426347970962524,0.0
6523.0,6523.0,16.0,0.06491699069738388,5e-05,0.1564284712076187,0.0
6524.0,6524.0,16.0,0.06132332980632782,5e-05,0.20072023570537567,0.0
6525.0,6525.0,16.0,0.03821940720081329,5e-05,0.13859279453754425,0.0
6526.0,6526.0,16.0,0.06664946675300598,5e-05,0.14337021112442017,0.0
6527.0,6527.0,16.0,0.05159951001405716,5e-05,0.23598957061767578,0.0
6528.0,6528.0,16.0,0.06473205983638763,5e-05,0.1629071980714798,0.0
6529.0,6529.0,16.0,0.07130283117294312,5e-05,0.16346965730190277,0.0
6530.0,6530.0,16.0,0.06468378007411957,5e-05,0.21629464626312256,0.0
6531.0,6531.0,16.0,0.04971009120345116,5e-05,0.10281581431627274,0.0
6532.0,6532.0,16.0,0.05221564695239067,5e-05,0.16910336911678314,0.0
6533.0,6533.0,16.0,0.045460816472768784,5e-05,0.09417850524187088,0.0
6534.0,6534.0,16.0,0.05084709823131561,5e-05,0.11390156298875809,0.0
6535.0,6535.0,16.0,0.0769471824169159,5e-05,0.11904618889093399,0.0
6536.0,6536.0,16.0,0.055677738040685654,5e-05,0.14803354442119598,0.0
6537.0,6537.0,16.0,0.07641179114580154,5e-05,0.16919998824596405,0.0
6538.0,6538.0,16.0,0.057830289006233215,5e-05,0.16323958337306976,0.0
6539.0,6539.0,16.0,0.057997383177280426,5e-05,0.13736847043037415,0.0
6540.0,6540.0,16.0,0.057198356837034225,5e-05,0.16881832480430603,0.0
6541.0,6541.0,16.0,0.04837467893958092,5e-05,0.1275838166475296,0.0
6542.0,6542.0,16.0,0.061816588044166565,5e-05,0.1720578819513321,0.0
6543.0,6543.0,16.0,0.0584888681769371,5e-05,0.12843891978263855,0.0
6544.0,6544.0,16.0,0.06377391517162323,5e-05,0.1158498153090477,0.0
6545.0,6545.0,16.0,0.0561600923538208,5e-05,0.10563181340694427,0.0
6546.0,6546.0,16.0,0.06219698116183281,5e-05,0.12086989730596542,0.0
6547.0,6547.0,16.0,0.057846177369356155,5e-05,0.15468300879001617,0.0
6548.0,6548.0,16.0,0.060193855315446854,5e-05,0.137759268283844,0.0
6549.0,6549.0,16.0,0.07414887100458145,5e-05,0.2201869934797287,0.0
6550.0,6550.0,16.0,0.06471370160579681,5e-05,0.1506710648536682,0.0
6551.0,6551.0,16.0,0.053833648562431335,5e-05,0.1706446409225464,0.0
6552.0,6552.0,16.0,0.05714157968759537,5e-05,0.21715711057186127,0.0
6553.0,6553.0,16.0,0.04844571650028229,5e-05,0.11738620698451996,0.0
6554.0,6554.0,16.0,0.061142854392528534,5e-05,0.18875738978385925,0.0
6555.0,6555.0,16.0,0.06527674943208694,5e-05,0.2156439870595932,0.0
6556.0,6556.0,16.0,0.07267449051141739,5e-05,0.15810929238796234,0.0
6557.0,6557.0,16.0,0.055785588920116425,5e-05,0.2512446939945221,0.0
6558.0,6558.0,16.0,0.05876993387937546,5e-05,0.1749860793352127,0.0
6559.0,6559.0,16.0,0.06225455179810524,5e-05,0.15687215328216553,0.0
6560.0,6560.0,16.0,0.06967917084693909,5e-05,0.20367933809757233,0.0
6561.0,6561.0,16.0,0.05529893934726715,5e-05,0.14648601412773132,0.0
6562.0,6562.0,16.0,0.060943394899368286,5e-05,0.1549256592988968,0.0
6563.0,6563.0,16.0,0.07002727687358856,5e-05,0.18077369034290314,0.0
6564.0,6564.0,16.0,0.04786406084895134,5e-05,0.20963327586650848,0.0
6565.0,6565.0,16.0,0.07032181322574615,5e-05,0.19126079976558685,0.0
6566.0,6566.0,16.0,0.05772176384925842,5e-05,0.12157730758190155,0.0
6567.0,6567.0,16.0,0.06592273712158203,5e-05,0.23201103508472443,0.0
6568.0,6568.0,16.0,0.052698396146297455,5e-05,0.10612494498491287,0.0
6569.0,6569.0,16.0,0.04836346581578255,5e-05,0.13915066421031952,0.0
6570.0,6570.0,16.0,0.07585255801677704,5e-05,0.15337136387825012,0.0
6571.0,6571.0,16.0,0.05942350625991821,5e-05,0.11750935763120651,0.0
6572.0,6572.0,16.0,0.054842375218868256,5e-05,0.12387050688266754,0.0
6573.0,6573.0,16.0,0.05856878310441971,5e-05,0.14209406077861786,0.0
6574.0,6574.0,16.0,0.0692935362458229,5e-05,0.14883233606815338,0.0
6575.0,6575.0,16.0,0.0516851581633091,5e-05,0.11815202236175537,0.0
6576.0,6576.0,16.0,0.06394751369953156,5e-05,0.10932133346796036,0.0
6577.0,6577.0,16.0,0.0647505596280098,5e-05,0.12255239486694336,0.0
6578.0,6578.0,16.0,0.06526286154985428,5e-05,0.15763552486896515,0.0
6579.0,6579.0,16.0,0.06468957662582397,5e-05,0.11260680854320526,0.0
6580.0,6580.0,16.0,0.05673962086439133,5e-05,0.16080592572689056,0.0
6581.0,6581.0,16.0,0.05387488007545471,5e-05,0.16293302178382874,0.0
6582.0,6582.0,16.0,0.06838712096214294,5e-05,0.1490303874015808,0.0
6583.0,6583.0,16.0,0.060503698885440826,5e-05,0.15015678107738495,0.0
6584.0,6584.0,16.0,0.045925576239824295,5e-05,0.16258302330970764,0.0
6585.0,6585.0,16.0,0.05324253439903259,5e-05,0.11686186492443085,0.0
6586.0,6586.0,16.0,0.05805563926696777,5e-05,0.1667609065771103,0.0
6587.0,6587.0,16.0,0.06846606731414795,5e-05,0.17530645430088043,0.0
6588.0,6588.0,16.0,0.05716542899608612,5e-05,0.11997145414352417,0.0
6589.0,6589.0,16.0,0.05750516802072525,5e-05,0.19546544551849365,0.0
6590.0,6590.0,16.0,0.05475958064198494,5e-05,0.11421225965023041,0.0
6591.0,6591.0,16.0,0.06259014457464218,5e-05,0.19421294331550598,0.0
6592.0,6592.0,16.0,0.07152195274829865,5e-05,0.13843326270580292,0.0
6593.0,6593.0,16.0,0.054220881313085556,5e-05,0.15137824416160583,0.0
6594.0,6594.0,16.0,0.06412521004676819,5e-05,0.1565806120634079,0.0
6595.0,6595.0,16.0,0.05727946385741234,5e-05,0.10905204713344574,0.0
6596.0,6596.0,16.0,0.05784306675195694,5e-05,0.1543777734041214,0.0
6597.0,6597.0,16.0,0.05964629352092743,5e-05,0.1172221451997757,0.0
6598.0,6598.0,16.0,0.07010114192962646,5e-05,0.18345907330513,0.0
6599.0,6599.0,16.0,0.06373576819896698,5e-05,0.09655522555112839,0.0
6600.0,6600.0,16.0,0.047658227384090424,5e-05,0.1133832260966301,0.0
6601.0,6601.0,16.0,0.05913462117314339,5e-05,0.13565553724765778,0.0
6602.0,6602.0,16.0,0.054856445640325546,5e-05,0.10043779015541077,0.0
6603.0,6603.0,16.0,0.05109264701604843,5e-05,0.1380130648612976,0.0
6604.0,6604.0,16.0,0.07207658886909485,5e-05,0.13953444361686707,0.0
6605.0,6605.0,16.0,0.06879237294197083,5e-05,0.15365363657474518,0.0
6606.0,6606.0,16.0,0.07596130669116974,5e-05,0.17134469747543335,0.0
6607.0,6607.0,16.0,0.054715219885110855,5e-05,0.1484217494726181,0.0
6608.0,6608.0,16.0,0.058536235243082047,5e-05,0.11104337871074677,0.0
6609.0,6609.0,16.0,0.06239355728030205,5e-05,0.1915941834449768,0.0
6610.0,6610.0,16.0,0.06223022937774658,5e-05,0.13504035770893097,0.0
6611.0,6611.0,16.0,0.05919996649026871,5e-05,0.18045061826705933,0.0
6612.0,6612.0,16.0,0.04735345393419266,5e-05,0.15114876627922058,0.0
6613.0,6613.0,16.0,0.061758942902088165,5e-05,0.12515783309936523,0.0
6614.0,6614.0,16.0,0.05223892256617546,5e-05,0.17986610531806946,0.0
6615.0,6615.0,16.0,0.06832114607095718,5e-05,0.19590851664543152,0.0
6616.0,6616.0,16.0,0.05882697179913521,5e-05,0.1389836072921753,0.0
6617.0,6617.0,16.0,0.06660975515842438,5e-05,0.22898134589195251,0.0
6618.0,6618.0,16.0,0.05333688110113144,5e-05,0.12222320586442947,0.0
6619.0,6619.0,16.0,0.06118085980415344,5e-05,0.14037340879440308,0.0
6620.0,6620.0,16.0,0.05935395509004593,5e-05,0.15156586468219757,0.0
6621.0,6621.0,16.0,0.0716560110449791,5e-05,0.15721039474010468,0.0
6622.0,6622.0,16.0,0.059344448149204254,5e-05,0.126861572265625,0.0
6623.0,6623.0,16.0,0.04630810767412186,5e-05,0.20123626291751862,0.0
6624.0,6624.0,16.0,0.07218892872333527,5e-05,0.12735524773597717,0.0
6625.0,6625.0,16.0,0.06999263912439346,5e-05,0.18432286381721497,0.0
6626.0,6626.0,16.0,0.0465308241546154,5e-05,0.12071965634822845,0.0
6627.0,6627.0,16.0,0.06955765187740326,5e-05,0.19148880243301392,0.0
6628.0,6628.0,16.0,0.05887272208929062,5e-05,0.20699453353881836,0.0
6629.0,6629.0,16.0,0.05159490928053856,5e-05,0.11756256967782974,0.0
6630.0,6630.0,16.0,0.06956291198730469,5e-05,0.20082314312458038,0.0
6631.0,6631.0,17.0,0.07920467108488083,5e-05,0.17272411286830902,0.0
6632.0,6632.0,17.0,0.06259819865226746,5e-05,0.14264798164367676,0.0
6633.0,6633.0,17.0,0.06872852891683578,5e-05,0.23064738512039185,0.0
6634.0,6634.0,17.0,0.0679265558719635,5e-05,0.13705861568450928,0.0
6635.0,6635.0,17.0,0.062344055622816086,5e-05,0.20351070165634155,0.0
6636.0,6636.0,17.0,0.05136971175670624,5e-05,0.12594318389892578,0.0
6637.0,6637.0,17.0,0.05642574280500412,5e-05,0.1603657305240631,0.0
6638.0,6638.0,17.0,0.074639692902565,5e-05,0.18006393313407898,0.0
6639.0,6639.0,17.0,0.06155213341116905,5e-05,0.17521603405475616,0.0
6640.0,6640.0,17.0,0.05867359787225723,5e-05,0.11882106959819794,0.0
6641.0,6641.0,17.0,0.05617557466030121,5e-05,0.19896036386489868,0.0
6642.0,6642.0,17.0,0.047872718423604965,5e-05,0.17861580848693848,0.0
6643.0,6643.0,17.0,0.06408096104860306,5e-05,0.14995357394218445,0.0
6644.0,6644.0,17.0,0.057755351066589355,5e-05,0.28382691740989685,0.0
6645.0,6645.0,17.0,0.06741539388895035,5e-05,0.13214753568172455,0.0
6646.0,6646.0,17.0,0.05199218541383743,5e-05,0.16580872237682343,0.0
6647.0,6647.0,17.0,0.05901632457971573,5e-05,0.21482335031032562,0.0
6648.0,6648.0,17.0,0.05605686083436012,5e-05,0.1019674614071846,0.0
6649.0,6649.0,17.0,0.06062919646501541,5e-05,0.25657305121421814,0.0
6650.0,6650.0,17.0,0.059586115181446075,5e-05,0.16040971875190735,0.0
6651.0,6651.0,17.0,0.05357731506228447,5e-05,0.12158747762441635,0.0
6652.0,6652.0,17.0,0.0630786269903183,5e-05,0.20563875138759613,0.0
6653.0,6653.0,17.0,0.06292855739593506,5e-05,0.15687105059623718,0.0
6654.0,6654.0,17.0,0.05163519084453583,5e-05,0.18007206916809082,0.0
6655.0,6655.0,17.0,0.05446799844503403,5e-05,0.1796346753835678,0.0
6656.0,6656.0,17.0,0.053426701575517654,5e-05,0.11978590488433838,0.0
6657.0,6657.0,17.0,0.06388852000236511,5e-05,0.14025649428367615,0.0
6658.0,6658.0,17.0,0.046853214502334595,5e-05,0.14944733679294586,0.0
6659.0,6659.0,17.0,0.054890479892492294,5e-05,0.0857938826084137,0.0
6660.0,6660.0,17.0,0.051474228501319885,5e-05,0.1538257747888565,0.0
6661.0,6661.0,17.0,0.046800289303064346,5e-05,0.09381477534770966,0.0
6662.0,6662.0,17.0,0.06776995956897736,5e-05,0.14125637710094452,0.0
6663.0,6663.0,17.0,0.07100173830986023,5e-05,0.13302397727966309,0.0
6664.0,6664.0,17.0,0.05855312943458557,5e-05,0.12089286744594574,0.0
6665.0,6665.0,17.0,0.059943076223134995,5e-05,0.11908415704965591,0.0
6666.0,6666.0,17.0,0.06360132992267609,5e-05,0.10624822974205017,0.0
6667.0,6667.0,17.0,0.05439060181379318,5e-05,0.1961110234260559,0.0
6668.0,6668.0,17.0,0.0640617087483406,5e-05,0.12189506739377975,0.0
6669.0,6669.0,17.0,0.05469150096178055,5e-05,0.15048404037952423,0.0
6670.0,6670.0,17.0,0.05630182847380638,5e-05,0.11373194307088852,0.0
6671.0,6671.0,17.0,0.05231526494026184,5e-05,0.11403863877058029,0.0
6672.0,6672.0,17.0,0.05701635032892227,5e-05,0.12423664331436157,0.0
6673.0,6673.0,17.0,0.051791656762361526,5e-05,0.12560151517391205,0.0
6674.0,6674.0,17.0,0.05230913311243057,5e-05,0.12674269080162048,0.0
6675.0,6675.0,17.0,0.060331542044878006,5e-05,0.11929477751255035,0.0
6676.0,6676.0,17.0,0.05572059378027916,5e-05,0.14222712814807892,0.0
6677.0,6677.0,17.0,0.07739377021789551,5e-05,0.17646749317646027,0.0
6678.0,6678.0,17.0,0.07755761593580246,5e-05,0.15686073899269104,0.0
6679.0,6679.0,17.0,0.06943827867507935,5e-05,0.1920739710330963,0.0
6680.0,6680.0,17.0,0.049974892288446426,5e-05,0.21569135785102844,0.0
6681.0,6681.0,17.0,0.05767476558685303,5e-05,0.1367797702550888,0.0
6682.0,6682.0,17.0,0.06033157557249069,5e-05,0.18126028776168823,0.0
6683.0,6683.0,17.0,0.06206651031970978,5e-05,0.17632630467414856,0.0
6684.0,6684.0,17.0,0.057509418576955795,5e-05,0.12528061866760254,0.0
6685.0,6685.0,17.0,0.053713519126176834,5e-05,0.16931644082069397,0.0
6686.0,6686.0,17.0,0.06339149177074432,5e-05,0.1325686275959015,0.0
6687.0,6687.0,17.0,0.05581413209438324,5e-05,0.16005279123783112,0.0
6688.0,6688.0,17.0,0.06268137693405151,5e-05,0.11873830854892731,0.0
6689.0,6689.0,17.0,0.052940983325242996,5e-05,0.10684226453304291,0.0
6690.0,6690.0,17.0,0.07198696583509445,5e-05,0.15806633234024048,0.0
6691.0,6691.0,17.0,0.061854567378759384,5e-05,0.14839814603328705,0.0
6692.0,6692.0,17.0,0.054382309317588806,5e-05,0.11445675045251846,0.0
6693.0,6693.0,17.0,0.05501884967088699,5e-05,0.17201590538024902,0.0
6694.0,6694.0,17.0,0.04928239434957504,5e-05,0.1378532499074936,0.0
6695.0,6695.0,17.0,0.061027031391859055,5e-05,0.141854926943779,0.0
6696.0,6696.0,17.0,0.07715871930122375,5e-05,0.17454850673675537,0.0
6697.0,6697.0,17.0,0.047444745898246765,5e-05,0.14419464766979218,0.0
6698.0,6698.0,17.0,0.051586639136075974,5e-05,0.15356142818927765,0.0
6699.0,6699.0,17.0,0.07617898285388947,5e-05,0.16079720854759216,0.0
6700.0,6700.0,17.0,0.048612214624881744,5e-05,0.1390666663646698,0.0
6701.0,6701.0,17.0,0.06872601807117462,5e-05,0.12270545959472656,0.0
6702.0,6702.0,17.0,0.06589086353778839,5e-05,0.15111438930034637,0.0
6703.0,6703.0,17.0,0.052652157843112946,5e-05,0.08703844249248505,0.0
6704.0,6704.0,17.0,0.05166400596499443,5e-05,0.12795914709568024,0.0
6705.0,6705.0,17.0,0.05665915459394455,5e-05,0.09652888029813766,0.0
6706.0,6706.0,17.0,0.05024966970086098,5e-05,0.10267289727926254,0.0
6707.0,6707.0,17.0,0.08346877992153168,5e-05,0.14792761206626892,0.0
6708.0,6708.0,17.0,0.055996671319007874,5e-05,0.101553775370121,0.0
6709.0,6709.0,17.0,0.04980442672967911,5e-05,0.11751789599657059,0.0
6710.0,6710.0,17.0,0.07271384447813034,5e-05,0.19905054569244385,0.0
6711.0,6711.0,17.0,0.0562424436211586,5e-05,0.14673200249671936,0.0
6712.0,6712.0,17.0,0.06654509902000427,5e-05,0.16064733266830444,0.0
6713.0,6713.0,17.0,0.05801361799240112,5e-05,0.17336338758468628,0.0
6714.0,6714.0,17.0,0.061774782836437225,5e-05,0.14297454059123993,0.0
6715.0,6715.0,17.0,0.070482037961483,5e-05,0.16542908549308777,0.0
6716.0,6716.0,17.0,0.061863839626312256,5e-05,0.10535340011119843,0.0
6717.0,6717.0,17.0,0.060353733599185944,5e-05,0.17609821259975433,0.0
6718.0,6718.0,17.0,0.05751259997487068,5e-05,0.12825751304626465,0.0
6719.0,6719.0,17.0,0.07720794528722763,5e-05,0.14877045154571533,0.0
6720.0,6720.0,17.0,0.05187087133526802,5e-05,0.15689578652381897,0.0
6721.0,6721.0,17.0,0.057916637510061264,5e-05,0.12241585552692413,0.0
6722.0,6722.0,17.0,0.052493833005428314,5e-05,0.12763716280460358,0.0
6723.0,6723.0,17.0,0.04739004746079445,5e-05,0.1471099704504013,0.0
6724.0,6724.0,17.0,0.05887507647275925,5e-05,0.13369835913181305,0.0
6725.0,6725.0,17.0,0.058817747980356216,5e-05,0.1077105924487114,0.0
6726.0,6726.0,17.0,0.07405745983123779,5e-05,0.1130276471376419,0.0
6727.0,6727.0,17.0,0.04717416316270828,5e-05,0.1335594207048416,0.0
6728.0,6728.0,17.0,0.059505339711904526,5e-05,0.09775693714618683,0.0
6729.0,6729.0,17.0,0.05148700624704361,5e-05,0.13045191764831543,0.0
6730.0,6730.0,17.0,0.05804391950368881,5e-05,0.1546856313943863,0.0
6731.0,6731.0,17.0,0.07458096742630005,5e-05,0.1237497329711914,0.0
6732.0,6732.0,17.0,0.06457951664924622,5e-05,0.16276593506336212,0.0
6733.0,6733.0,17.0,0.059158504009246826,5e-05,0.12353373318910599,0.0
6734.0,6734.0,17.0,0.07067932933568954,5e-05,0.1531035304069519,0.0
6735.0,6735.0,17.0,0.053958699107170105,5e-05,0.13426358997821808,0.0
6736.0,6736.0,17.0,0.051022954285144806,5e-05,0.17205916345119476,0.0
6737.0,6737.0,17.0,0.056086886674165726,5e-05,0.16102279722690582,0.0
6738.0,6738.0,17.0,0.052627258002758026,5e-05,0.1653633564710617,0.0
6739.0,6739.0,17.0,0.05088203400373459,5e-05,0.13615909218788147,0.0
6740.0,6740.0,17.0,0.0525561086833477,5e-05,0.1340026706457138,0.0
6741.0,6741.0,17.0,0.054198965430259705,5e-05,0.15303108096122742,0.0
6742.0,6742.0,17.0,0.05912080779671669,5e-05,0.18276463449001312,0.0
6743.0,6743.0,17.0,0.04284442216157913,5e-05,0.11771266162395477,0.0
6744.0,6744.0,17.0,0.05337323993444443,5e-05,0.13146382570266724,0.0
6745.0,6745.0,17.0,0.053299739956855774,5e-05,0.19733969867229462,0.0
6746.0,6746.0,17.0,0.05674655735492706,5e-05,0.15748801827430725,0.0
6747.0,6747.0,17.0,0.057682104408741,5e-05,0.19821111857891083,0.0
6748.0,6748.0,17.0,0.05196535587310791,5e-05,0.19923464953899384,0.0
6749.0,6749.0,17.0,0.0639367327094078,5e-05,0.2196485698223114,0.0
6750.0,6750.0,17.0,0.053226273506879807,5e-05,0.16230091452598572,0.0
6751.0,6751.0,17.0,0.05718159303069115,5e-05,0.15742100775241852,0.0
6752.0,6752.0,17.0,0.06915801018476486,5e-05,0.29299986362457275,0.0
6753.0,6753.0,17.0,0.04872893542051315,5e-05,0.10930237174034119,0.0
6754.0,6754.0,17.0,0.05909717455506325,5e-05,0.20701830089092255,0.0
6755.0,6755.0,17.0,0.06496623158454895,5e-05,0.14845168590545654,0.0
6756.0,6756.0,17.0,0.05259614437818527,5e-05,0.20074522495269775,0.0
6757.0,6757.0,17.0,0.05662129819393158,5e-05,0.16226215660572052,0.0
6758.0,6758.0,17.0,0.06615540385246277,5e-05,0.16772980988025665,0.0
6759.0,6759.0,17.0,0.05510509014129639,5e-05,0.17584176361560822,0.0
6760.0,6760.0,17.0,0.05541199818253517,5e-05,0.10711833834648132,0.0
6761.0,6761.0,17.0,0.05894453451037407,5e-05,0.1540936380624771,0.0
6762.0,6762.0,17.0,0.05221525579690933,5e-05,0.19334104657173157,0.0
6763.0,6763.0,17.0,0.048634037375450134,5e-05,0.10552611202001572,0.0
6764.0,6764.0,17.0,0.06866194307804108,5e-05,0.16197329759597778,0.0
6765.0,6765.0,17.0,0.06629405915737152,5e-05,0.15995143353939056,0.0
6766.0,6766.0,17.0,0.05260354280471802,5e-05,0.13013291358947754,0.0
6767.0,6767.0,17.0,0.060815878212451935,5e-05,0.18642674386501312,0.0
6768.0,6768.0,17.0,0.06390522420406342,5e-05,0.11129172146320343,0.0
6769.0,6769.0,17.0,0.07375097274780273,5e-05,0.138579323887825,0.0
6770.0,6770.0,17.0,0.05342300981283188,5e-05,0.1119190976023674,0.0
6771.0,6771.0,17.0,0.06326077878475189,5e-05,0.14658808708190918,0.0
6772.0,6772.0,17.0,0.06798213720321655,5e-05,0.15867584943771362,0.0
6773.0,6773.0,17.0,0.06599368155002594,5e-05,0.15703105926513672,0.0
6774.0,6774.0,17.0,0.05510307848453522,5e-05,0.10494084656238556,0.0
6775.0,6775.0,17.0,0.06591107696294785,5e-05,0.1817176192998886,0.0
6776.0,6776.0,17.0,0.06484876573085785,5e-05,0.12422436475753784,0.0
6777.0,6777.0,17.0,0.07388339936733246,5e-05,0.13751086592674255,0.0
6778.0,6778.0,17.0,0.04707172513008118,5e-05,0.11204905807971954,0.0
6779.0,6779.0,17.0,0.055355798453092575,5e-05,0.1478368192911148,0.0
6780.0,6780.0,17.0,0.06540592759847641,5e-05,0.16645915806293488,0.0
6781.0,6781.0,17.0,0.0633140578866005,5e-05,0.15511676669120789,0.0
6782.0,6782.0,17.0,0.05164112523198128,5e-05,0.15346881747245789,0.0
6783.0,6783.0,17.0,0.06363190710544586,5e-05,0.17534500360488892,0.0
6784.0,6784.0,17.0,0.06856298446655273,5e-05,0.1663600504398346,0.0
6785.0,6785.0,17.0,0.05370333790779114,5e-05,0.12161312997341156,0.0
6786.0,6786.0,17.0,0.06148267537355423,5e-05,0.14266720414161682,0.0
6787.0,6787.0,17.0,0.06541427224874496,5e-05,0.22097809612751007,0.0
6788.0,6788.0,17.0,0.06236781179904938,5e-05,0.11232498288154602,0.0
6789.0,6789.0,17.0,0.05843398720026016,5e-05,0.21850933134555817,0.0
6790.0,6790.0,17.0,0.052176348865032196,5e-05,0.12171299010515213,0.0
6791.0,6791.0,17.0,0.0642765462398529,5e-05,0.1268475204706192,0.0
6792.0,6792.0,17.0,0.06519505381584167,5e-05,0.2291133850812912,0.0
6793.0,6793.0,17.0,0.06324703246355057,5e-05,0.14993225038051605,0.0
6794.0,6794.0,17.0,0.05639887601137161,5e-05,0.10554236173629761,0.0
6795.0,6795.0,17.0,0.04926629364490509,5e-05,0.17115722596645355,0.0
6796.0,6796.0,17.0,0.060606617480516434,5e-05,0.17111225426197052,0.0
6797.0,6797.0,17.0,0.05596824735403061,5e-05,0.24128396809101105,0.0
6798.0,6798.0,17.0,0.05912972614169121,5e-05,0.18069244921207428,0.0
6799.0,6799.0,17.0,0.06882856786251068,5e-05,0.1333593726158142,0.0
6800.0,6800.0,17.0,0.07366608083248138,5e-05,0.2741270363330841,0.0
6801.0,6801.0,17.0,0.07542085647583008,5e-05,0.1388797163963318,0.0
6802.0,6802.0,17.0,0.058748502284288406,5e-05,0.20293162763118744,0.0
6803.0,6803.0,17.0,0.0638318583369255,5e-05,0.20059315860271454,0.0
6804.0,6804.0,17.0,0.05841533839702606,5e-05,0.09306441247463226,0.0
6805.0,6805.0,17.0,0.07589961588382721,5e-05,0.26524168252944946,0.0
6806.0,6806.0,17.0,0.0664425641298294,5e-05,0.20719653367996216,0.0
6807.0,6807.0,17.0,0.05971726030111313,5e-05,0.20404689013957977,0.0
6808.0,6808.0,17.0,0.0559869110584259,5e-05,0.18593046069145203,0.0
6809.0,6809.0,17.0,0.06486601382493973,5e-05,0.176643967628479,0.0
6810.0,6810.0,17.0,0.057665470987558365,5e-05,0.16783463954925537,0.0
6811.0,6811.0,17.0,0.07791826128959656,5e-05,0.186501145362854,0.0
6812.0,6812.0,17.0,0.06065697968006134,5e-05,0.16335949301719666,0.0
6813.0,6813.0,17.0,0.053736332803964615,5e-05,0.1368042677640915,0.0
6814.0,6814.0,17.0,0.05815218761563301,5e-05,0.12396962195634842,0.0
6815.0,6815.0,17.0,0.057144831866025925,5e-05,0.17745794355869293,0.0
6816.0,6816.0,17.0,0.06384695321321487,5e-05,0.11295812577009201,0.0
6817.0,6817.0,17.0,0.055141858756542206,5e-05,0.1396951973438263,0.0
6818.0,6818.0,17.0,0.06734584271907806,5e-05,0.21998193860054016,0.0
6819.0,6819.0,17.0,0.06152684986591339,5e-05,0.1365964412689209,0.0
6820.0,6820.0,17.0,0.05363229289650917,5e-05,0.1116001307964325,0.0
6821.0,6821.0,17.0,0.04721178486943245,5e-05,0.18415237963199615,0.0
6822.0,6822.0,17.0,0.0667247623205185,5e-05,0.16710102558135986,0.0
6823.0,6823.0,17.0,0.07717756927013397,5e-05,0.13438938558101654,0.0
6824.0,6824.0,17.0,0.06413687765598297,5e-05,0.17938075959682465,0.0
6825.0,6825.0,17.0,0.0690348744392395,5e-05,0.13659727573394775,0.0
6826.0,6826.0,17.0,0.0572199784219265,5e-05,0.11638716608285904,0.0
6827.0,6827.0,17.0,0.057358525693416595,5e-05,0.11810819804668427,0.0
6828.0,6828.0,17.0,0.05864297226071358,5e-05,0.1500777304172516,0.0
6829.0,6829.0,17.0,0.050999827682971954,5e-05,0.10831376165151596,0.0
6830.0,6830.0,17.0,0.06902357935905457,5e-05,0.14424391090869904,0.0
6831.0,6831.0,17.0,0.04693832993507385,5e-05,0.2259092479944229,0.0
6832.0,6832.0,17.0,0.052628159523010254,5e-05,0.13071222603321075,0.0
6833.0,6833.0,17.0,0.056584782898426056,5e-05,0.15693016350269318,0.0
6834.0,6834.0,17.0,0.054972220212221146,5e-05,0.19077084958553314,0.0
6835.0,6835.0,17.0,0.052722617983818054,5e-05,0.11708573251962662,0.0
6836.0,6836.0,17.0,0.07053783535957336,5e-05,0.17881810665130615,0.0
6837.0,6837.0,17.0,0.05404675751924515,5e-05,0.193913534283638,0.0
6838.0,6838.0,17.0,0.07691024243831635,5e-05,0.16641108691692352,0.0
6839.0,6839.0,17.0,0.06831081211566925,5e-05,0.17475688457489014,0.0
6840.0,6840.0,17.0,0.05801209807395935,5e-05,0.14983849227428436,0.0
6841.0,6841.0,17.0,0.06001834571361542,5e-05,0.1814006119966507,0.0
6842.0,6842.0,17.0,0.06095794588327408,5e-05,0.11245904862880707,0.0
6843.0,6843.0,17.0,0.06514103710651398,5e-05,0.20797070860862732,0.0
6844.0,6844.0,17.0,0.05259939283132553,5e-05,0.1540202796459198,0.0
6845.0,6845.0,17.0,0.058225296437740326,5e-05,0.17429161071777344,0.0
6846.0,6846.0,17.0,0.06433629989624023,5e-05,0.13500693440437317,0.0
6847.0,6847.0,17.0,0.05884082615375519,5e-05,0.14950759708881378,0.0
6848.0,6848.0,17.0,0.06091517210006714,5e-05,0.10785497725009918,0.0
6849.0,6849.0,17.0,0.053456954658031464,5e-05,0.1744861900806427,0.0
6850.0,6850.0,17.0,0.07382523268461227,5e-05,0.19371090829372406,0.0
6851.0,6851.0,17.0,0.04959927871823311,5e-05,0.17286226153373718,0.0
6852.0,6852.0,17.0,0.08198025077581406,5e-05,0.17515631020069122,0.0
6853.0,6853.0,17.0,0.05775117129087448,5e-05,0.11959408968687057,0.0
6854.0,6854.0,17.0,0.05619597062468529,5e-05,0.14304226636886597,0.0
6855.0,6855.0,17.0,0.04029805585741997,5e-05,0.11534170061349869,0.0
6856.0,6856.0,17.0,0.05892458185553551,5e-05,0.12128773331642151,0.0
6857.0,6857.0,17.0,0.07700544595718384,5e-05,0.15104126930236816,0.0
6858.0,6858.0,17.0,0.057324983179569244,5e-05,0.12974810600280762,0.0
6859.0,6859.0,17.0,0.0651412159204483,5e-05,0.10602482408285141,0.0
6860.0,6860.0,17.0,0.07498878240585327,5e-05,0.11852411925792694,0.0
6861.0,6861.0,17.0,0.06926608085632324,5e-05,0.11946313828229904,0.0
6862.0,6862.0,17.0,0.06436395645141602,5e-05,0.11913470923900604,0.0
6863.0,6863.0,17.0,0.07930273562669754,5e-05,0.13812804222106934,0.0
6864.0,6864.0,17.0,0.05949116870760918,5e-05,0.10041969269514084,0.0
6865.0,6865.0,17.0,0.049193188548088074,5e-05,0.1038062795996666,0.0
6866.0,6866.0,17.0,0.06824948638677597,5e-05,0.10978055000305176,0.0
6867.0,6867.0,17.0,0.05578483268618584,5e-05,0.11557845771312714,0.0
6868.0,6868.0,17.0,0.058239225298166275,5e-05,0.11635328084230423,0.0
6869.0,6869.0,17.0,0.06179671734571457,5e-05,0.11387638747692108,0.0
6870.0,6870.0,17.0,0.048505473881959915,5e-05,0.0983768180012703,0.0
6871.0,6871.0,17.0,0.056857138872146606,5e-05,0.11601993441581726,0.0
6872.0,6872.0,17.0,0.06469272077083588,5e-05,0.14842694997787476,0.0
6873.0,6873.0,17.0,0.06733062863349915,5e-05,0.1549891233444214,0.0
6874.0,6874.0,17.0,0.06927211582660675,5e-05,0.12618198990821838,0.0
6875.0,6875.0,17.0,0.06401747465133667,5e-05,0.11136218905448914,0.0
6876.0,6876.0,17.0,0.06734725832939148,5e-05,0.18493586778640747,0.0
6877.0,6877.0,17.0,0.06759382784366608,5e-05,0.14793993532657623,0.0
6878.0,6878.0,17.0,0.05810147896409035,5e-05,0.16640259325504303,0.0
6879.0,6879.0,17.0,0.05690767616033554,5e-05,0.18598374724388123,0.0
6880.0,6880.0,17.0,0.05980889871716499,5e-05,0.1481136828660965,0.0
6881.0,6881.0,17.0,0.06481894850730896,5e-05,0.2519431710243225,0.0
6882.0,6882.0,17.0,0.0602501705288887,5e-05,0.1504117101430893,0.0
6883.0,6883.0,17.0,0.06929731369018555,5e-05,0.23566393554210663,0.0
6884.0,6884.0,17.0,0.06728248298168182,5e-05,0.15599468350410461,0.0
6885.0,6885.0,17.0,0.0533900260925293,5e-05,0.16817209124565125,0.0
6886.0,6886.0,17.0,0.06680881977081299,5e-05,0.16393007338047028,0.0
6887.0,6887.0,17.0,0.06973640620708466,5e-05,0.1771523654460907,0.0
6888.0,6888.0,17.0,0.05437669903039932,5e-05,0.09029098600149155,0.0
6889.0,6889.0,17.0,0.05405252426862717,5e-05,0.1032867580652237,0.0
6890.0,6890.0,17.0,0.04791950061917305,5e-05,0.09095437824726105,0.0
6891.0,6891.0,17.0,0.056098781526088715,5e-05,0.14122207462787628,0.0
6892.0,6892.0,17.0,0.055698685348033905,5e-05,0.09637751430273056,0.0
6893.0,6893.0,17.0,0.057665467262268066,5e-05,0.10920040309429169,0.0
6894.0,6894.0,17.0,0.07424180209636688,5e-05,0.13194946944713593,0.0
6895.0,6895.0,17.0,0.06474857032299042,5e-05,0.10537801682949066,0.0
6896.0,6896.0,17.0,0.0501258410513401,5e-05,0.11024259030818939,0.0
6897.0,6897.0,17.0,0.05606791749596596,5e-05,0.12488962709903717,0.0
6898.0,6898.0,17.0,0.06675781309604645,5e-05,0.12382480502128601,0.0
6899.0,6899.0,17.0,0.06673213839530945,5e-05,0.1990489959716797,0.0
6900.0,6900.0,17.0,0.07133656740188599,5e-05,0.1691822111606598,0.0
6901.0,6901.0,17.0,0.05298488959670067,5e-05,0.20722508430480957,0.0
6902.0,6902.0,17.0,0.06560605019330978,5e-05,0.13116680085659027,0.0
6903.0,6903.0,17.0,0.05104648321866989,5e-05,0.16675446927547455,0.0
6904.0,6904.0,17.0,0.04956807196140289,5e-05,0.1334637850522995,0.0
6905.0,6905.0,17.0,0.045931119471788406,5e-05,0.11416950076818466,0.0
6906.0,6906.0,17.0,0.0653579980134964,5e-05,0.13651487231254578,0.0
6907.0,6907.0,17.0,0.06773841381072998,5e-05,0.14632101356983185,0.0
6908.0,6908.0,17.0,0.05102568119764328,5e-05,0.11052724719047546,0.0
6909.0,6909.0,17.0,0.061765506863594055,5e-05,0.11910630762577057,0.0
6910.0,6910.0,17.0,0.05829678848385811,5e-05,0.1372004896402359,0.0
6911.0,6911.0,17.0,0.06441488862037659,5e-05,0.12961871922016144,0.0
6912.0,6912.0,17.0,0.06626535952091217,5e-05,0.15463592112064362,0.0
6913.0,6913.0,17.0,0.05526614189147949,5e-05,0.14058108627796173,0.0
6914.0,6914.0,17.0,0.0577964186668396,5e-05,0.11244270205497742,0.0
6915.0,6915.0,17.0,0.06268452852964401,5e-05,0.16557440161705017,0.0
6916.0,6916.0,17.0,0.06187891215085983,5e-05,0.14300768077373505,0.0
6917.0,6917.0,17.0,0.04875713586807251,5e-05,0.1065143495798111,0.0
6918.0,6918.0,17.0,0.06209637224674225,5e-05,0.18272601068019867,0.0
6919.0,6919.0,17.0,0.06310103088617325,5e-05,0.12231316417455673,0.0
6920.0,6920.0,17.0,0.07406488060951233,5e-05,0.18207570910453796,0.0
6921.0,6921.0,17.0,0.07589104026556015,5e-05,0.13976424932479858,0.0
6922.0,6922.0,17.0,0.05587819218635559,5e-05,0.13434813916683197,0.0
6923.0,6923.0,17.0,0.056029632687568665,5e-05,0.1478177160024643,0.0
6924.0,6924.0,17.0,0.06380605697631836,5e-05,0.11340027302503586,0.0
6925.0,6925.0,17.0,0.05128217115998268,5e-05,0.24497123062610626,0.0
6926.0,6926.0,17.0,0.05079814791679382,5e-05,0.11130976676940918,0.0
6927.0,6927.0,17.0,0.048293523490428925,5e-05,0.15326282382011414,0.0
6928.0,6928.0,17.0,0.06120002269744873,5e-05,0.1350938081741333,0.0
6929.0,6929.0,17.0,0.06814301013946533,5e-05,0.1336686909198761,0.0
6930.0,6930.0,17.0,0.06022266298532486,5e-05,0.16013000905513763,0.0
6931.0,6931.0,17.0,0.06795196235179901,5e-05,0.17254924774169922,0.0
6932.0,6932.0,17.0,0.046219319105148315,5e-05,0.11654635518789291,0.0
6933.0,6933.0,17.0,0.05923137068748474,5e-05,0.13398374617099762,0.0
6934.0,6934.0,17.0,0.06813381612300873,5e-05,0.10955891013145447,0.0
6935.0,6935.0,17.0,0.056557804346084595,5e-05,0.11808213591575623,0.0
6936.0,6936.0,17.0,0.07216455787420273,5e-05,0.14270569384098053,0.0
6937.0,6937.0,17.0,0.06419827044010162,5e-05,0.11723987758159637,0.0
6938.0,6938.0,17.0,0.06926311552524567,5e-05,0.20826205611228943,0.0
6939.0,6939.0,17.0,0.06017731875181198,5e-05,0.10185593366622925,0.0
6940.0,6940.0,17.0,0.07291731238365173,5e-05,0.19875508546829224,0.0
6941.0,6941.0,17.0,0.05627176910638809,5e-05,0.12668287754058838,0.0
6942.0,6942.0,17.0,0.06280365586280823,5e-05,0.147974893450737,0.0
6943.0,6943.0,17.0,0.05414346605539322,5e-05,0.13688579201698303,0.0
6944.0,6944.0,17.0,0.07039666920900345,5e-05,0.16467221081256866,0.0
6945.0,6945.0,17.0,0.07033279538154602,5e-05,0.11051042377948761,0.0
6946.0,6946.0,17.0,0.06420814990997314,5e-05,0.1323249638080597,0.0
6947.0,6947.0,17.0,0.05631742626428604,5e-05,0.09700071811676025,0.0
6948.0,6948.0,17.0,0.04811601713299751,5e-05,0.12476509809494019,0.0
6949.0,6949.0,17.0,0.056769389659166336,5e-05,0.14643160998821259,0.0
6950.0,6950.0,17.0,0.06508176028728485,5e-05,0.12494344264268875,0.0
6951.0,6951.0,17.0,0.05382712185382843,5e-05,0.11314518004655838,0.0
6952.0,6952.0,17.0,0.06978771090507507,5e-05,0.15517760813236237,0.0
6953.0,6953.0,17.0,0.05856974050402641,5e-05,0.10384117811918259,0.0
6954.0,6954.0,17.0,0.05484534054994583,5e-05,0.13033126294612885,0.0
6955.0,6955.0,17.0,0.06985442340373993,5e-05,0.13331307470798492,0.0
6956.0,6956.0,17.0,0.04734235256910324,5e-05,0.09831947833299637,0.0
6957.0,6957.0,17.0,0.04427912086248398,5e-05,0.1564660668373108,0.0
6958.0,6958.0,17.0,0.05858730897307396,5e-05,0.13895989954471588,0.0
6959.0,6959.0,17.0,0.06080981343984604,5e-05,0.18807829916477203,0.0
6960.0,6960.0,17.0,0.06778383255004883,5e-05,0.1551085263490677,0.0
6961.0,6961.0,17.0,0.0590701550245285,5e-05,0.12813307344913483,0.0
6962.0,6962.0,17.0,0.05127608776092529,5e-05,0.16811972856521606,0.0
6963.0,6963.0,17.0,0.05570308119058609,5e-05,0.17009271681308746,0.0
6964.0,6964.0,17.0,0.059147682040929794,5e-05,0.15259471535682678,0.0
6965.0,6965.0,17.0,0.06222067028284073,5e-05,0.16716249287128448,0.0
6966.0,6966.0,17.0,0.06472398340702057,5e-05,0.11631736159324646,0.0
6967.0,6967.0,17.0,0.06510691344738007,5e-05,0.14551660418510437,0.0
6968.0,6968.0,17.0,0.05204280465841293,5e-05,0.1398673802614212,0.0
6969.0,6969.0,17.0,0.049552008509635925,5e-05,0.11877398192882538,0.0
6970.0,6970.0,17.0,0.05891729146242142,5e-05,0.216285839676857,0.0
6971.0,6971.0,17.0,0.06481220573186874,5e-05,0.1260816901922226,0.0
6972.0,6972.0,17.0,0.06461519002914429,5e-05,0.10262864083051682,0.0
6973.0,6973.0,17.0,0.046583667397499084,5e-05,0.19280469417572021,0.0
6974.0,6974.0,17.0,0.05479174852371216,5e-05,0.09129948168992996,0.0
6975.0,6975.0,17.0,0.055787328630685806,5e-05,0.11173489689826965,0.0
6976.0,6976.0,17.0,0.06001738831400871,5e-05,0.14247970283031464,0.0
6977.0,6977.0,17.0,0.05909930169582367,5e-05,0.09381360560655594,0.0
6978.0,6978.0,17.0,0.05360691249370575,5e-05,0.16681687533855438,0.0
6979.0,6979.0,17.0,0.05716676265001297,5e-05,0.08258231729269028,0.0
6980.0,6980.0,17.0,0.06886834651231766,5e-05,0.11641553789377213,0.0
6981.0,6981.0,17.0,0.062360841780900955,5e-05,0.12385664880275726,0.0
6982.0,6982.0,17.0,0.05639638751745224,5e-05,0.10555699467658997,0.0
6983.0,6983.0,17.0,0.04847109317779541,5e-05,0.08754290640354156,0.0
6984.0,6984.0,17.0,0.0598173514008522,5e-05,0.09231086820363998,0.0
6985.0,6985.0,17.0,0.056414537131786346,5e-05,0.09919828176498413,0.0
6986.0,6986.0,17.0,0.07635242491960526,5e-05,0.11055547744035721,0.0
6987.0,6987.0,17.0,0.05269238352775574,5e-05,0.13373519480228424,0.0
6988.0,6988.0,17.0,0.06478007137775421,5e-05,0.13318362832069397,0.0
6989.0,6989.0,17.0,0.06213362514972687,5e-05,0.12929795682430267,0.0
6990.0,6990.0,17.0,0.06927941739559174,5e-05,0.13657373189926147,0.0
6991.0,6991.0,17.0,0.04612286388874054,5e-05,0.10054969787597656,0.0
6992.0,6992.0,17.0,0.06833890080451965,5e-05,0.13086974620819092,0.0
6993.0,6993.0,17.0,0.060072023421525955,5e-05,0.11124850064516068,0.0
6994.0,6994.0,17.0,0.06048950180411339,5e-05,0.13814209401607513,0.0
6995.0,6995.0,17.0,0.05943557992577553,5e-05,0.12342696636915207,0.0
6996.0,6996.0,17.0,0.054413944482803345,5e-05,0.09404332935810089,0.0
6997.0,6997.0,17.0,0.05700765550136566,5e-05,0.12156838923692703,0.0
6998.0,6998.0,17.0,0.055749304592609406,5e-05,0.10862772166728973,0.0
6999.0,6999.0,17.0,0.06866370886564255,5e-05,0.10651849955320358,0.0
7000.0,7000.0,17.0,0.058913521468639374,5e-05,0.14592809975147247,0.0
7001.0,7001.0,17.0,0.0608537383377552,5e-05,0.13583332300186157,0.0
7002.0,7002.0,17.0,0.04825136810541153,5e-05,0.10502752661705017,0.0
7003.0,7003.0,17.0,0.05799100920557976,5e-05,0.11346320807933807,0.0
7004.0,7004.0,17.0,0.05034121125936508,5e-05,0.10348882526159286,0.0
7005.0,7005.0,17.0,0.0633658915758133,5e-05,0.09891382604837418,0.0
7006.0,7006.0,17.0,0.05024779587984085,5e-05,0.16787943243980408,0.0
7007.0,7007.0,17.0,0.0571301095187664,5e-05,0.17772014439105988,0.0
7008.0,7008.0,17.0,0.06265994906425476,5e-05,0.18721750378608704,0.0
7009.0,7009.0,17.0,0.053150877356529236,5e-05,0.19461025297641754,0.0
7010.0,7010.0,17.0,0.05678168684244156,5e-05,0.09364936500787735,0.0
7011.0,7011.0,17.0,0.06083569675683975,5e-05,0.11547180265188217,0.0
7012.0,7012.0,17.0,0.05519716069102287,5e-05,0.11589648574590683,0.0
7013.0,7013.0,17.0,0.05564833804965019,5e-05,0.12415391206741333,0.0
7014.0,7014.0,17.0,0.06238950043916702,5e-05,0.11526193469762802,0.0
7015.0,7015.0,17.0,0.050912149250507355,5e-05,0.14095386862754822,0.0
7016.0,7016.0,17.0,0.05884106457233429,5e-05,0.16415725648403168,0.0
7017.0,7017.0,17.0,0.05653241649270058,5e-05,0.10905660688877106,0.0
7018.0,7018.0,17.0,0.058834366500377655,5e-05,0.12274499237537384,0.0
7019.0,7019.0,17.0,0.058135729283094406,5e-05,0.14000175893306732,0.0
7020.0,7020.0,17.0,0.07274560630321503,5e-05,0.1470857858657837,0.0
7021.0,7021.0,18.0,0.052420616149902344,5e-05,0.17382566630840302,0.0
7022.0,7022.0,18.0,0.04916537180542946,5e-05,0.138044536113739,0.0
7023.0,7023.0,18.0,0.06419004499912262,5e-05,0.15257148444652557,0.0
7024.0,7024.0,18.0,0.051247239112854004,5e-05,0.1598922610282898,0.0
7025.0,7025.0,18.0,0.055643230676651,5e-05,0.1433541625738144,0.0
7026.0,7026.0,18.0,0.0554024912416935,5e-05,0.1272752434015274,0.0
7027.0,7027.0,18.0,0.05260743945837021,5e-05,0.15470319986343384,0.0
7028.0,7028.0,18.0,0.05522974953055382,5e-05,0.09076537936925888,0.0
7029.0,7029.0,18.0,0.05635259672999382,5e-05,0.17015743255615234,0.0
7030.0,7030.0,18.0,0.047956161201000214,5e-05,0.13959962129592896,0.0
7031.0,7031.0,18.0,0.054218243807554245,5e-05,0.15372417867183685,0.0
7032.0,7032.0,18.0,0.0682402104139328,5e-05,0.18435822427272797,0.0
7033.0,7033.0,18.0,0.07302264124155045,5e-05,0.14301429688930511,0.0
7034.0,7034.0,18.0,0.06103912740945816,5e-05,0.18813365697860718,0.0
7035.0,7035.0,18.0,0.0531935915350914,5e-05,0.141475111246109,0.0
7036.0,7036.0,18.0,0.07244107127189636,5e-05,0.19080419838428497,0.0
7037.0,7037.0,18.0,0.05451411008834839,5e-05,0.13369281589984894,0.0
7038.0,7038.0,18.0,0.05544597655534744,5e-05,0.12896494567394257,0.0
7039.0,7039.0,18.0,0.06922146677970886,5e-05,0.14682146906852722,0.0
7040.0,7040.0,18.0,0.06613515317440033,5e-05,0.10359390825033188,0.0
7041.0,7041.0,18.0,0.06976798176765442,5e-05,0.14065979421138763,0.0
7042.0,7042.0,18.0,0.057316672056913376,5e-05,0.12985511124134064,0.0
7043.0,7043.0,18.0,0.05810461938381195,5e-05,0.13224248588085175,0.0
7044.0,7044.0,18.0,0.06026103347539902,5e-05,0.12254954874515533,0.0
7045.0,7045.0,18.0,0.04843827337026596,5e-05,0.16887469589710236,0.0
7046.0,7046.0,18.0,0.07731370627880096,5e-05,0.11122389137744904,0.0
7047.0,7047.0,18.0,0.0691915899515152,5e-05,0.13635791838169098,0.0
7048.0,7048.0,18.0,0.08583272993564606,5e-05,0.1592085212469101,0.0
7049.0,7049.0,18.0,0.051409825682640076,5e-05,0.08685006946325302,0.0
7050.0,7050.0,18.0,0.06717480719089508,5e-05,0.15906508266925812,0.0
7051.0,7051.0,18.0,0.044915538281202316,5e-05,0.1386948823928833,0.0
7052.0,7052.0,18.0,0.0591815784573555,5e-05,0.12470755726099014,0.0
7053.0,7053.0,18.0,0.07064072787761688,5e-05,0.1474279761314392,0.0
7054.0,7054.0,18.0,0.05068075656890869,5e-05,0.10552848130464554,0.0
7055.0,7055.0,18.0,0.07589215040206909,5e-05,0.13602961599826813,0.0
7056.0,7056.0,18.0,0.06139448657631874,5e-05,0.14952141046524048,0.0
7057.0,7057.0,18.0,0.057270247489213943,5e-05,0.11910182982683182,0.0
7058.0,7058.0,18.0,0.06242122873663902,5e-05,0.214699387550354,0.0
7059.0,7059.0,18.0,0.05835174769163132,5e-05,0.11363650858402252,0.0
7060.0,7060.0,18.0,0.06779640913009644,5e-05,0.19457174837589264,0.0
7061.0,7061.0,18.0,0.06391448527574539,5e-05,0.17483681440353394,0.0
7062.0,7062.0,18.0,0.058649517595767975,5e-05,0.1701349914073944,0.0
7063.0,7063.0,18.0,0.052795495837926865,5e-05,0.19126154482364655,0.0
7064.0,7064.0,18.0,0.059653859585523605,5e-05,0.1431797444820404,0.0
7065.0,7065.0,18.0,0.053086139261722565,5e-05,0.18866093456745148,0.0
7066.0,7066.0,18.0,0.05707696080207825,5e-05,0.0970580205321312,0.0
7067.0,7067.0,18.0,0.05530109256505966,5e-05,0.1626061201095581,0.0
7068.0,7068.0,18.0,0.05950918793678284,5e-05,0.15419507026672363,0.0
7069.0,7069.0,18.0,0.05521072819828987,5e-05,0.13486231863498688,0.0
7070.0,7070.0,18.0,0.04337640106678009,5e-05,0.1262960284948349,0.0
7071.0,7071.0,18.0,0.052103616297245026,5e-05,0.1135692149400711,0.0
7072.0,7072.0,18.0,0.07550101727247238,5e-05,0.20549944043159485,0.0
7073.0,7073.0,18.0,0.06482412666082382,5e-05,0.1645088642835617,0.0
7074.0,7074.0,18.0,0.06828396767377853,5e-05,0.18168438971042633,0.0
7075.0,7075.0,18.0,0.06140892952680588,5e-05,0.20869797468185425,0.0
7076.0,7076.0,18.0,0.04920927435159683,5e-05,0.11471718549728394,0.0
7077.0,7077.0,18.0,0.0633026733994484,5e-05,0.22873017191886902,0.0
7078.0,7078.0,18.0,0.062250200659036636,5e-05,0.13807949423789978,0.0
7079.0,7079.0,18.0,0.059305254369974136,5e-05,0.23129376769065857,0.0
7080.0,7080.0,18.0,0.05780696123838425,5e-05,0.1999305933713913,0.0
7081.0,7081.0,18.0,0.06359255313873291,5e-05,0.2253013253211975,0.0
7082.0,7082.0,18.0,0.04933533817529678,5e-05,0.10086683928966522,0.0
7083.0,7083.0,18.0,0.05822398513555527,5e-05,0.25846707820892334,0.0
7084.0,7084.0,18.0,0.0493011549115181,5e-05,0.12103496491909027,0.0
7085.0,7085.0,18.0,0.042673904448747635,5e-05,0.21576464176177979,0.0
7086.0,7086.0,18.0,0.05106129124760628,5e-05,0.1256425678730011,0.0
7087.0,7087.0,18.0,0.05660055950284004,5e-05,0.1639428734779358,0.0
7088.0,7088.0,18.0,0.0559845045208931,5e-05,0.24656835198402405,0.0
7089.0,7089.0,18.0,0.059351954609155655,5e-05,0.1578487753868103,0.0
7090.0,7090.0,18.0,0.0545908659696579,5e-05,0.2165098637342453,0.0
7091.0,7091.0,18.0,0.05459613353013992,5e-05,0.10050488263368607,0.0
7092.0,7092.0,18.0,0.058785777539014816,5e-05,0.2489004284143448,0.0
7093.0,7093.0,18.0,0.054501961916685104,5e-05,0.11528604477643967,0.0
7094.0,7094.0,18.0,0.07372860610485077,5e-05,0.141130268573761,0.0
7095.0,7095.0,18.0,0.05207846313714981,5e-05,0.13597461581230164,0.0
7096.0,7096.0,18.0,0.05158817768096924,5e-05,0.1455708146095276,0.0
7097.0,7097.0,18.0,0.06588725745677948,5e-05,0.15534064173698425,0.0
7098.0,7098.0,18.0,0.062187522649765015,5e-05,0.21660786867141724,0.0
7099.0,7099.0,18.0,0.054526396095752716,5e-05,0.10392240434885025,0.0
7100.0,7100.0,18.0,0.06018435209989548,5e-05,0.12941040098667145,0.0
7101.0,7101.0,18.0,0.06548552215099335,5e-05,0.11557558923959732,0.0
7102.0,7102.0,18.0,0.06936025619506836,5e-05,0.12089923024177551,0.0
7103.0,7103.0,18.0,0.052980437874794006,5e-05,0.10419367253780365,0.0
7104.0,7104.0,18.0,0.0501045323908329,5e-05,0.12116168439388275,0.0
7105.0,7105.0,18.0,0.06091383844614029,5e-05,0.10934942960739136,0.0
7106.0,7106.0,18.0,0.048055291175842285,5e-05,0.09256822615861893,0.0
7107.0,7107.0,18.0,0.06005458906292915,5e-05,0.09611225128173828,0.0
7108.0,7108.0,18.0,0.055757101625204086,5e-05,0.10510118305683136,0.0
7109.0,7109.0,18.0,0.05599554255604744,5e-05,0.1159813329577446,0.0
7110.0,7110.0,18.0,0.04810847342014313,5e-05,0.1087079644203186,0.0
7111.0,7111.0,18.0,0.0676606148481369,5e-05,0.15233585238456726,0.0
7112.0,7112.0,18.0,0.0504886656999588,5e-05,0.114420585334301,0.0
7113.0,7113.0,18.0,0.052904482930898666,5e-05,0.1655438244342804,0.0
7114.0,7114.0,18.0,0.04574831947684288,5e-05,0.08729900419712067,0.0
7115.0,7115.0,18.0,0.05971743166446686,5e-05,0.14434833824634552,0.0
7116.0,7116.0,18.0,0.04920733720064163,5e-05,0.10345397144556046,0.0
7117.0,7117.0,18.0,0.048114582896232605,5e-05,0.10953166335821152,0.0
7118.0,7118.0,18.0,0.06114725396037102,5e-05,0.14693278074264526,0.0
7119.0,7119.0,18.0,0.057045772671699524,5e-05,0.14778847992420197,0.0
7120.0,7120.0,18.0,0.04846649616956711,5e-05,0.12122290581464767,0.0
7121.0,7121.0,18.0,0.054676517844200134,5e-05,0.11322198808193207,0.0
7122.0,7122.0,18.0,0.05567806586623192,5e-05,0.2022317498922348,0.0
7123.0,7123.0,18.0,0.04503757506608963,5e-05,0.09711029380559921,0.0
7124.0,7124.0,18.0,0.06893804669380188,5e-05,0.2736548185348511,0.0
7125.0,7125.0,18.0,0.06418280303478241,5e-05,0.10448022186756134,0.0
7126.0,7126.0,18.0,0.057384051382541656,5e-05,0.11309787631034851,0.0
7127.0,7127.0,18.0,0.05087430030107498,5e-05,0.17019550502300262,0.0
7128.0,7128.0,18.0,0.059196557849645615,5e-05,0.11983228474855423,0.0
7129.0,7129.0,18.0,0.05848904699087143,5e-05,0.12879067659378052,0.0
7130.0,7130.0,18.0,0.06981778144836426,5e-05,0.1935095489025116,0.0
7131.0,7131.0,18.0,0.05603460222482681,5e-05,0.1463962346315384,0.0
7132.0,7132.0,18.0,0.05348925292491913,5e-05,0.14867569506168365,0.0
7133.0,7133.0,18.0,0.05362711846828461,5e-05,0.14486098289489746,0.0
7134.0,7134.0,18.0,0.078973188996315,5e-05,0.24330013990402222,0.0
7135.0,7135.0,18.0,0.04826045036315918,5e-05,0.10575565695762634,0.0
7136.0,7136.0,18.0,0.059309571981430054,5e-05,0.23394447565078735,0.0
7137.0,7137.0,18.0,0.0568888783454895,5e-05,0.1629726141691208,0.0
7138.0,7138.0,18.0,0.06547380983829498,5e-05,0.18723881244659424,0.0
7139.0,7139.0,18.0,0.0628015473484993,5e-05,0.2132050096988678,0.0
7140.0,7140.0,18.0,0.07886910438537598,5e-05,0.2404962033033371,0.0
7141.0,7141.0,18.0,0.06396687775850296,5e-05,0.18348434567451477,0.0
7142.0,7142.0,18.0,0.05999006703495979,5e-05,0.22555233538150787,0.0
7143.0,7143.0,18.0,0.060474496334791183,5e-05,0.12365176528692245,0.0
7144.0,7144.0,18.0,0.06723229587078094,5e-05,0.20638281106948853,0.0
7145.0,7145.0,18.0,0.04923785477876663,5e-05,0.09531932324171066,0.0
7146.0,7146.0,18.0,0.061963826417922974,5e-05,0.24077731370925903,0.0
7147.0,7147.0,18.0,0.05677802860736847,5e-05,0.15410436689853668,0.0
7148.0,7148.0,18.0,0.06246218830347061,5e-05,0.1428823173046112,0.0
7149.0,7149.0,18.0,0.057863473892211914,5e-05,0.1850571185350418,0.0
7150.0,7150.0,18.0,0.05734223872423172,5e-05,0.1347515732049942,0.0
7151.0,7151.0,18.0,0.04625175893306732,5e-05,0.10330352932214737,0.0
7152.0,7152.0,18.0,0.06810358911752701,5e-05,0.26956671476364136,0.0
7153.0,7153.0,18.0,0.05113549157977104,5e-05,0.11167937517166138,0.0
7154.0,7154.0,18.0,0.058981142938137054,5e-05,0.253268837928772,0.0
7155.0,7155.0,18.0,0.06757733225822449,5e-05,0.17136384546756744,0.0
7156.0,7156.0,18.0,0.05957479774951935,5e-05,0.24867704510688782,0.0
7157.0,7157.0,18.0,0.05505600571632385,5e-05,0.1788587123155594,0.0
7158.0,7158.0,18.0,0.07303860038518906,5e-05,0.23494789004325867,0.0
7159.0,7159.0,18.0,0.04552818089723587,5e-05,0.20586659014225006,0.0
7160.0,7160.0,18.0,0.05527999624609947,5e-05,0.10660916566848755,0.0
7161.0,7161.0,18.0,0.06264962255954742,5e-05,0.223343163728714,0.0
7162.0,7162.0,18.0,0.05683282017707825,5e-05,0.11435768753290176,0.0
7163.0,7163.0,18.0,0.05737941712141037,5e-05,0.19113369286060333,0.0
7164.0,7164.0,18.0,0.06100745499134064,5e-05,0.15090081095695496,0.0
7165.0,7165.0,18.0,0.05440755560994148,5e-05,0.14622615277767181,0.0
7166.0,7166.0,18.0,0.06775383651256561,5e-05,0.2266116738319397,0.0
7167.0,7167.0,18.0,0.06552295386791229,5e-05,0.13506147265434265,0.0
7168.0,7168.0,18.0,0.05497719347476959,5e-05,0.20717960596084595,0.0
7169.0,7169.0,18.0,0.06147397309541702,5e-05,0.17032676935195923,0.0
7170.0,7170.0,18.0,0.06508082896471024,5e-05,0.1358325183391571,0.0
7171.0,7171.0,18.0,0.06277476251125336,5e-05,0.19844236969947815,0.0
7172.0,7172.0,18.0,0.050951503217220306,5e-05,0.08501766622066498,0.0
7173.0,7173.0,18.0,0.05399929732084274,5e-05,0.1681990921497345,0.0
7174.0,7174.0,18.0,0.07557932287454605,5e-05,0.15355820953845978,0.0
7175.0,7175.0,18.0,0.050549037754535675,5e-05,0.1623128205537796,0.0
7176.0,7176.0,18.0,0.06522103399038315,5e-05,0.18703964352607727,0.0
7177.0,7177.0,18.0,0.0666745975613594,5e-05,0.10296975076198578,0.0
7178.0,7178.0,18.0,0.06704185903072357,5e-05,0.15337508916854858,0.0
7179.0,7179.0,18.0,0.05870632082223892,5e-05,0.17683234810829163,0.0
7180.0,7180.0,18.0,0.057466212660074234,5e-05,0.12855006754398346,0.0
7181.0,7181.0,18.0,0.05806877464056015,5e-05,0.19313888251781464,0.0
7182.0,7182.0,18.0,0.056634217500686646,5e-05,0.11252264678478241,0.0
7183.0,7183.0,18.0,0.05969851091504097,5e-05,0.19825506210327148,0.0
7184.0,7184.0,18.0,0.06503795087337494,5e-05,0.13422828912734985,0.0
7185.0,7185.0,18.0,0.06375342607498169,5e-05,0.1770680546760559,0.0
7186.0,7186.0,18.0,0.05838867649435997,5e-05,0.17693912982940674,0.0
7187.0,7187.0,18.0,0.0707337036728859,5e-05,0.14779745042324066,0.0
7188.0,7188.0,18.0,0.06881240755319595,5e-05,0.18795573711395264,0.0
7189.0,7189.0,18.0,0.07586341351270676,5e-05,0.21326346695423126,0.0
7190.0,7190.0,18.0,0.07228092849254608,5e-05,0.15798750519752502,0.0
7191.0,7191.0,18.0,0.0581490583717823,5e-05,0.12523695826530457,0.0
7192.0,7192.0,18.0,0.05877958983182907,5e-05,0.1237308606505394,0.0
7193.0,7193.0,18.0,0.05713653564453125,5e-05,0.1603938639163971,0.0
7194.0,7194.0,18.0,0.06023407727479935,5e-05,0.12776343524456024,0.0
7195.0,7195.0,18.0,0.06366001814603806,5e-05,0.0895286425948143,0.0
7196.0,7196.0,18.0,0.05148955434560776,5e-05,0.10766229778528214,0.0
7197.0,7197.0,18.0,0.05383799225091934,5e-05,0.11125542968511581,0.0
7198.0,7198.0,18.0,0.0454898402094841,5e-05,0.10091010481119156,0.0
7199.0,7199.0,18.0,0.04711692035198212,5e-05,0.11481451243162155,0.0
7200.0,7200.0,18.0,0.05478460341691971,5e-05,0.1055951938033104,0.0
7201.0,7201.0,18.0,0.06380677968263626,5e-05,0.1219816505908966,0.0
7202.0,7202.0,18.0,0.0651850700378418,5e-05,0.1264626830816269,0.0
7203.0,7203.0,18.0,0.06106886267662048,5e-05,0.12400073558092117,0.0
7204.0,7204.0,18.0,0.05714959651231766,5e-05,0.1471334844827652,0.0
7205.0,7205.0,18.0,0.052314139902591705,5e-05,0.10295934230089188,0.0
7206.0,7206.0,18.0,0.06242900341749191,5e-05,0.12514628469944,0.0
7207.0,7207.0,18.0,0.05681630223989487,5e-05,0.1248360425233841,0.0
7208.0,7208.0,18.0,0.0604078471660614,5e-05,0.1322629749774933,0.0
7209.0,7209.0,18.0,0.06591148674488068,5e-05,0.11629509180784225,0.0
7210.0,7210.0,18.0,0.059091225266456604,5e-05,0.16084903478622437,0.0
7211.0,7211.0,18.0,0.06048991158604622,5e-05,0.20760639011859894,0.0
7212.0,7212.0,18.0,0.05490244925022125,5e-05,0.09507542103528976,0.0
7213.0,7213.0,18.0,0.05650124326348305,5e-05,0.20979338884353638,0.0
7214.0,7214.0,18.0,0.06165795773267746,5e-05,0.11498314887285233,0.0
7215.0,7215.0,18.0,0.05401391535997391,5e-05,0.12315795570611954,0.0
7216.0,7216.0,18.0,0.06293042749166489,5e-05,0.1749342381954193,0.0
7217.0,7217.0,18.0,0.05589282885193825,5e-05,0.11782173812389374,0.0
7218.0,7218.0,18.0,0.05762839317321777,5e-05,0.12188539654016495,0.0
7219.0,7219.0,18.0,0.06342914700508118,5e-05,0.14975987374782562,0.0
7220.0,7220.0,18.0,0.06956310570240021,5e-05,0.19392062723636627,0.0
7221.0,7221.0,18.0,0.05541868507862091,5e-05,0.1584479808807373,0.0
7222.0,7222.0,18.0,0.05199713632464409,5e-05,0.09246549010276794,0.0
7223.0,7223.0,18.0,0.051086004823446274,5e-05,0.20726345479488373,0.0
7224.0,7224.0,18.0,0.07481983304023743,5e-05,0.17346881330013275,0.0
7225.0,7225.0,18.0,0.06485076993703842,5e-05,0.19708269834518433,0.0
7226.0,7226.0,18.0,0.053041622042655945,5e-05,0.13352979719638824,0.0
7227.0,7227.0,18.0,0.06088182330131531,5e-05,0.13219577074050903,0.0
7228.0,7228.0,18.0,0.06244584545493126,5e-05,0.12459645420312881,0.0
7229.0,7229.0,18.0,0.06723032146692276,5e-05,0.12800534069538116,0.0
7230.0,7230.0,18.0,0.07158352434635162,5e-05,0.11790812015533447,0.0
7231.0,7231.0,18.0,0.059929680079221725,5e-05,0.1782565414905548,0.0
7232.0,7232.0,18.0,0.06132940948009491,5e-05,0.12625901401042938,0.0
7233.0,7233.0,18.0,0.05950957164168358,5e-05,0.1352938860654831,0.0
7234.0,7234.0,18.0,0.0684623271226883,5e-05,0.15925554931163788,0.0
7235.0,7235.0,18.0,0.05179605260491371,5e-05,0.10072765499353409,0.0
7236.0,7236.0,18.0,0.05397939309477806,5e-05,0.1522509902715683,0.0
7237.0,7237.0,18.0,0.05188531428575516,5e-05,0.08755553513765335,0.0
7238.0,7238.0,18.0,0.050436414778232574,5e-05,0.18345600366592407,0.0
7239.0,7239.0,18.0,0.0497429296374321,5e-05,0.0731869712471962,0.0
7240.0,7240.0,18.0,0.04470785707235336,5e-05,0.18213896453380585,0.0
7241.0,7241.0,18.0,0.061415351927280426,5e-05,0.1441417932510376,0.0
7242.0,7242.0,18.0,0.05230965092778206,5e-05,0.211598202586174,0.0
7243.0,7243.0,18.0,0.04160603880882263,5e-05,0.15881793200969696,0.0
7244.0,7244.0,18.0,0.05431176722049713,5e-05,0.17662329971790314,0.0
7245.0,7245.0,18.0,0.06350955367088318,5e-05,0.17804241180419922,0.0
7246.0,7246.0,18.0,0.05484526604413986,5e-05,0.14618729054927826,0.0
7247.0,7247.0,18.0,0.04913134127855301,5e-05,0.17377042770385742,0.0
7248.0,7248.0,18.0,0.058512959629297256,5e-05,0.13933372497558594,0.0
7249.0,7249.0,18.0,0.057301633059978485,5e-05,0.09598302096128464,0.0
7250.0,7250.0,18.0,0.05963350087404251,5e-05,0.18394435942173004,0.0
7251.0,7251.0,18.0,0.055850256234407425,5e-05,0.1429908722639084,0.0
7252.0,7252.0,18.0,0.06585761159658432,5e-05,0.13019146025180817,0.0
7253.0,7253.0,18.0,0.06640405207872391,5e-05,0.1822650134563446,0.0
7254.0,7254.0,18.0,0.05991547927260399,5e-05,0.18439480662345886,0.0
7255.0,7255.0,18.0,0.06292042136192322,5e-05,0.13032855093479156,0.0
7256.0,7256.0,18.0,0.0542273223400116,5e-05,0.21240998804569244,0.0
7257.0,7257.0,18.0,0.05144501477479935,5e-05,0.21935750544071198,0.0
7258.0,7258.0,18.0,0.07287850975990295,5e-05,0.13012799620628357,0.0
7259.0,7259.0,18.0,0.05592665821313858,5e-05,0.12235326319932938,0.0
7260.0,7260.0,18.0,0.053045742213726044,5e-05,0.21210943162441254,0.0
7261.0,7261.0,18.0,0.05281902849674225,5e-05,0.12155129760503769,0.0
7262.0,7262.0,18.0,0.06878150999546051,5e-05,0.15136998891830444,0.0
7263.0,7263.0,18.0,0.062067076563835144,5e-05,0.15241552889347076,0.0
7264.0,7264.0,18.0,0.05336159095168114,5e-05,0.10110647231340408,0.0
7265.0,7265.0,18.0,0.06060539186000824,5e-05,0.19533422589302063,0.0
7266.0,7266.0,18.0,0.052907779812812805,5e-05,0.10696884244680405,0.0
7267.0,7267.0,18.0,0.05024932324886322,5e-05,0.1482018232345581,0.0
7268.0,7268.0,18.0,0.05085579305887222,5e-05,0.15698666870594025,0.0
7269.0,7269.0,18.0,0.06829799711704254,5e-05,0.17182905972003937,0.0
7270.0,7270.0,18.0,0.058591216802597046,5e-05,0.17770400643348694,0.0
7271.0,7271.0,18.0,0.06120915710926056,5e-05,0.1601085513830185,0.0
7272.0,7272.0,18.0,0.059901658445596695,5e-05,0.14156535267829895,0.0
7273.0,7273.0,18.0,0.04697559401392937,5e-05,0.11257853358983994,0.0
7274.0,7274.0,18.0,0.06138107180595398,5e-05,0.1187126561999321,0.0
7275.0,7275.0,18.0,0.05722460523247719,5e-05,0.10974591970443726,0.0
7276.0,7276.0,18.0,0.06328341364860535,5e-05,0.13233280181884766,0.0
7277.0,7277.0,18.0,0.04860337823629379,5e-05,0.12543171644210815,0.0
7278.0,7278.0,18.0,0.059005238115787506,5e-05,0.1289801299571991,0.0
7279.0,7279.0,18.0,0.06174955517053604,5e-05,0.09198957681655884,0.0
7280.0,7280.0,18.0,0.06474979221820831,5e-05,0.10385849326848984,0.0
7281.0,7281.0,18.0,0.04838310927152634,5e-05,0.0900748148560524,0.0
7282.0,7282.0,18.0,0.07261189818382263,5e-05,0.12837831676006317,0.0
7283.0,7283.0,18.0,0.060341328382492065,5e-05,0.12893728911876678,0.0
7284.0,7284.0,18.0,0.06373554468154907,5e-05,0.1630125194787979,0.0
7285.0,7285.0,18.0,0.061523497104644775,5e-05,0.13655532896518707,0.0
7286.0,7286.0,18.0,0.05016852915287018,5e-05,0.1537168174982071,0.0
7287.0,7287.0,18.0,0.06489423662424088,5e-05,0.1318080574274063,0.0
7288.0,7288.0,18.0,0.046885304152965546,5e-05,0.14794713258743286,0.0
7289.0,7289.0,18.0,0.0782051682472229,5e-05,0.16318203508853912,0.0
7290.0,7290.0,18.0,0.05070117488503456,5e-05,0.11883863806724548,0.0
7291.0,7291.0,18.0,0.04155728220939636,5e-05,0.09363344311714172,0.0
7292.0,7292.0,18.0,0.06937029957771301,5e-05,0.2137541025876999,0.0
7293.0,7293.0,18.0,0.0598776638507843,5e-05,0.14936062693595886,0.0
7294.0,7294.0,18.0,0.06447945535182953,5e-05,0.16378715634346008,0.0
7295.0,7295.0,18.0,0.06912296265363693,5e-05,0.21305006742477417,0.0
7296.0,7296.0,18.0,0.05982191115617752,5e-05,0.16768312454223633,0.0
7297.0,7297.0,18.0,0.06159195303916931,5e-05,0.15394970774650574,0.0
7298.0,7298.0,18.0,0.07806731760501862,5e-05,0.21150320768356323,0.0
7299.0,7299.0,18.0,0.08347111940383911,5e-05,0.1609668731689453,0.0
7300.0,7300.0,18.0,0.05350206047296524,5e-05,0.16890111565589905,0.0
7301.0,7301.0,18.0,0.05352483689785004,5e-05,0.1607934534549713,0.0
7302.0,7302.0,18.0,0.06452345848083496,5e-05,0.1500989943742752,0.0
7303.0,7303.0,18.0,0.06378816813230515,5e-05,0.1915883868932724,0.0
7304.0,7304.0,18.0,0.05262963846325874,5e-05,0.13808828592300415,0.0
7305.0,7305.0,18.0,0.05793598294258118,5e-05,0.16638530790805817,0.0
7306.0,7306.0,18.0,0.05987482890486717,5e-05,0.13402216136455536,0.0
7307.0,7307.0,18.0,0.0537395179271698,5e-05,0.21194764971733093,0.0
7308.0,7308.0,18.0,0.06101682037115097,5e-05,0.17353259027004242,0.0
7309.0,7309.0,18.0,0.06554927676916122,5e-05,0.11870258301496506,0.0
7310.0,7310.0,18.0,0.06459616124629974,5e-05,0.20143820345401764,0.0
7311.0,7311.0,18.0,0.061652280390262604,5e-05,0.18950867652893066,0.0
7312.0,7312.0,18.0,0.05559151619672775,5e-05,0.1736360788345337,0.0
7313.0,7313.0,18.0,0.06267594546079636,5e-05,0.2533645033836365,0.0
7314.0,7314.0,18.0,0.05418960750102997,5e-05,0.13263899087905884,0.0
7315.0,7315.0,18.0,0.06125764921307564,5e-05,0.2839876413345337,0.0
7316.0,7316.0,18.0,0.05761929601430893,5e-05,0.14340531826019287,0.0
7317.0,7317.0,18.0,0.05327111482620239,5e-05,0.23405764997005463,0.0
7318.0,7318.0,18.0,0.06886245310306549,5e-05,0.31632572412490845,0.0
7319.0,7319.0,18.0,0.06841697543859482,5e-05,0.18592779338359833,0.0
7320.0,7320.0,18.0,0.04796981438994408,5e-05,0.25177836418151855,0.0
7321.0,7321.0,18.0,0.059459902346134186,5e-05,0.3036154806613922,0.0
7322.0,7322.0,18.0,0.06112125515937805,5e-05,0.167307049036026,0.0
7323.0,7323.0,18.0,0.05987276881933212,5e-05,0.2084251195192337,0.0
7324.0,7324.0,18.0,0.05854441225528717,5e-05,0.2801147997379303,0.0
7325.0,7325.0,18.0,0.05843652784824371,5e-05,0.1628093719482422,0.0
7326.0,7326.0,18.0,0.05588303878903389,5e-05,0.19950656592845917,0.0
7327.0,7327.0,18.0,0.06250789761543274,5e-05,0.18803931772708893,0.0
7328.0,7328.0,18.0,0.058215972036123276,5e-05,0.19619955122470856,0.0
7329.0,7329.0,18.0,0.06724370270967484,5e-05,0.1949138045310974,0.0
7330.0,7330.0,18.0,0.07250294089317322,5e-05,0.13739968836307526,0.0
7331.0,7331.0,18.0,0.04912634938955307,5e-05,0.16367603838443756,0.0
7332.0,7332.0,18.0,0.057775456458330154,5e-05,0.20568645000457764,0.0
7333.0,7333.0,18.0,0.05397990718483925,5e-05,0.14866897463798523,0.0
7334.0,7334.0,18.0,0.04640287160873413,5e-05,0.1463153213262558,0.0
7335.0,7335.0,18.0,0.05989576131105423,5e-05,0.21056382358074188,0.0
7336.0,7336.0,18.0,0.06016969680786133,5e-05,0.11663632839918137,0.0
7337.0,7337.0,18.0,0.05300053581595421,5e-05,0.1592004895210266,0.0
7338.0,7338.0,18.0,0.06130644679069519,5e-05,0.17234230041503906,0.0
7339.0,7339.0,18.0,0.0546410009264946,5e-05,0.11387132108211517,0.0
7340.0,7340.0,18.0,0.05939435213804245,5e-05,0.11715234071016312,0.0
7341.0,7341.0,18.0,0.053178463131189346,5e-05,0.0893099457025528,0.0
7342.0,7342.0,18.0,0.06450897455215454,5e-05,0.15939219295978546,0.0
7343.0,7343.0,18.0,0.055167779326438904,5e-05,0.10960036516189575,0.0
7344.0,7344.0,18.0,0.0533728264272213,5e-05,0.10735790431499481,0.0
7345.0,7345.0,18.0,0.04822048544883728,5e-05,0.09885521978139877,0.0
7346.0,7346.0,18.0,0.05454649776220322,5e-05,0.08986610919237137,0.0
7347.0,7347.0,18.0,0.05060990899801254,5e-05,0.12954381108283997,0.0
7348.0,7348.0,18.0,0.06745404005050659,5e-05,0.10706274211406708,0.0
7349.0,7349.0,18.0,0.057001519948244095,5e-05,0.15471649169921875,0.0
7350.0,7350.0,18.0,0.062891885638237,5e-05,0.14688870310783386,0.0
7351.0,7351.0,18.0,0.06977948546409607,5e-05,0.13570067286491394,0.0
7352.0,7352.0,18.0,0.052222881466150284,5e-05,0.11825284361839294,0.0
7353.0,7353.0,18.0,0.06118176504969597,5e-05,0.11662408709526062,0.0
7354.0,7354.0,18.0,0.05017882212996483,5e-05,0.19333547353744507,0.0
7355.0,7355.0,18.0,0.07824727892875671,5e-05,0.12171177566051483,0.0
7356.0,7356.0,18.0,0.06291152536869049,5e-05,0.10437493026256561,0.0
7357.0,7357.0,18.0,0.05219854786992073,5e-05,0.14101962745189667,0.0
7358.0,7358.0,18.0,0.04497717320919037,5e-05,0.13216125965118408,0.0
7359.0,7359.0,18.0,0.06399902701377869,5e-05,0.16206851601600647,0.0
7360.0,7360.0,18.0,0.05416794866323471,5e-05,0.14548441767692566,0.0
7361.0,7361.0,18.0,0.05399134010076523,5e-05,0.09665890038013458,0.0
7362.0,7362.0,18.0,0.06473089754581451,5e-05,0.11914827674627304,0.0
7363.0,7363.0,18.0,0.06954436004161835,5e-05,0.1834680438041687,0.0
7364.0,7364.0,18.0,0.057893574237823486,5e-05,0.1463727056980133,0.0
7365.0,7365.0,18.0,0.06572949886322021,5e-05,0.13920652866363525,0.0
7366.0,7366.0,18.0,0.052076034247875214,5e-05,0.1279844492673874,0.0
7367.0,7367.0,18.0,0.046005893498659134,5e-05,0.14369970560073853,0.0
7368.0,7368.0,18.0,0.0602494552731514,5e-05,0.13740167021751404,0.0
7369.0,7369.0,18.0,0.05751322954893112,5e-05,0.16906318068504333,0.0
7370.0,7370.0,18.0,0.050290271639823914,5e-05,0.13849079608917236,0.0
7371.0,7371.0,18.0,0.06872434914112091,5e-05,0.19442801177501678,0.0
7372.0,7372.0,18.0,0.0653207004070282,5e-05,0.14310607314109802,0.0
7373.0,7373.0,18.0,0.056911077350378036,5e-05,0.1617167741060257,0.0
7374.0,7374.0,18.0,0.06794749200344086,5e-05,0.15739858150482178,0.0
7375.0,7375.0,18.0,0.05460486561059952,5e-05,0.11179914325475693,0.0
7376.0,7376.0,18.0,0.06709086894989014,5e-05,0.19807590544223785,0.0
7377.0,7377.0,18.0,0.05607283115386963,5e-05,0.15207429230213165,0.0
7378.0,7378.0,18.0,0.05397985503077507,5e-05,0.14354972541332245,0.0
7379.0,7379.0,18.0,0.047469526529312134,5e-05,0.16888928413391113,0.0
7380.0,7380.0,18.0,0.07775118947029114,5e-05,0.2022332400083542,0.0
7381.0,7381.0,18.0,0.05215177312493324,5e-05,0.1664842665195465,0.0
7382.0,7382.0,18.0,0.0550890788435936,5e-05,0.26397889852523804,0.0
7383.0,7383.0,18.0,0.052287518978118896,5e-05,0.0985916331410408,0.0
7384.0,7384.0,18.0,0.06357596069574356,5e-05,0.18429109454154968,0.0
7385.0,7385.0,18.0,0.059346847236156464,5e-05,0.2267293930053711,0.0
7386.0,7386.0,18.0,0.06779977679252625,5e-05,0.10597887635231018,0.0
7387.0,7387.0,18.0,0.06013156473636627,5e-05,0.18452027440071106,0.0
7388.0,7388.0,18.0,0.06627675145864487,5e-05,0.19941195845603943,0.0
7389.0,7389.0,18.0,0.04876236617565155,5e-05,0.18162810802459717,0.0
7390.0,7390.0,18.0,0.07158307731151581,5e-05,0.22686555981636047,0.0
7391.0,7391.0,18.0,0.06840600073337555,5e-05,0.12544892728328705,0.0
7392.0,7392.0,18.0,0.054583579301834106,5e-05,0.17685635387897491,0.0
7393.0,7393.0,18.0,0.06125877797603607,5e-05,0.19355134665966034,0.0
7394.0,7394.0,18.0,0.05824466794729233,5e-05,0.1292351335287094,0.0
7395.0,7395.0,18.0,0.06447292864322662,5e-05,0.2196398675441742,0.0
7396.0,7396.0,18.0,0.06139956787228584,5e-05,0.13434560596942902,0.0
7397.0,7397.0,18.0,0.048656564205884933,5e-05,0.13047003746032715,0.0
7398.0,7398.0,18.0,0.06306855380535126,5e-05,0.19285902380943298,0.0
7399.0,7399.0,18.0,0.07337453961372375,5e-05,0.16158364713191986,0.0
7400.0,7400.0,18.0,0.060667455196380615,5e-05,0.13666941225528717,0.0
7401.0,7401.0,18.0,0.06311120092868805,5e-05,0.2272247076034546,0.0
7402.0,7402.0,18.0,0.06477758288383484,5e-05,0.12336106598377228,0.0
7403.0,7403.0,18.0,0.06894125044345856,5e-05,0.19063228368759155,0.0
7404.0,7404.0,18.0,0.05646660178899765,5e-05,0.2304176539182663,0.0
7405.0,7405.0,18.0,0.05012340843677521,5e-05,0.12411560863256454,0.0
7406.0,7406.0,18.0,0.06389661878347397,5e-05,0.23535703122615814,0.0
7407.0,7407.0,18.0,0.06625661253929138,5e-05,0.15074828267097473,0.0
7408.0,7408.0,18.0,0.057347871363162994,5e-05,0.16862072050571442,0.0
7409.0,7409.0,18.0,0.05338494852185249,5e-05,0.18202291429042816,0.0
7410.0,7410.0,18.0,0.075196273624897,5e-05,0.12406112253665924,0.0
7411.0,7411.0,19.0,0.053765445947647095,5e-05,0.17780153453350067,0.0
7412.0,7412.0,19.0,0.060404304414987564,5e-05,0.15855959057807922,0.0
7413.0,7413.0,19.0,0.0703161209821701,5e-05,0.15354815125465393,0.0
7414.0,7414.0,19.0,0.05556252598762512,5e-05,0.18962663412094116,0.0
7415.0,7415.0,19.0,0.05651325732469559,5e-05,0.12062528729438782,0.0
7416.0,7416.0,19.0,0.059497784823179245,5e-05,0.2036215364933014,0.0
7417.0,7417.0,19.0,0.055935949087142944,5e-05,0.20952081680297852,0.0
7418.0,7418.0,19.0,0.05249776691198349,5e-05,0.1489725559949875,0.0
7419.0,7419.0,19.0,0.0609637051820755,5e-05,0.25185009837150574,0.0
7420.0,7420.0,19.0,0.04737170785665512,5e-05,0.1243501529097557,0.0
7421.0,7421.0,19.0,0.05667714402079582,5e-05,0.19892273843288422,0.0
7422.0,7422.0,19.0,0.05674953758716583,5e-05,0.1835184246301651,0.0
7423.0,7423.0,19.0,0.05979684367775917,5e-05,0.13868486881256104,0.0
7424.0,7424.0,19.0,0.06487160176038742,5e-05,0.20196114480495453,0.0
7425.0,7425.0,19.0,0.07283301651477814,5e-05,0.13366681337356567,0.0
7426.0,7426.0,19.0,0.04833536222577095,5e-05,0.2538948059082031,0.0
7427.0,7427.0,19.0,0.04729019105434418,5e-05,0.17491307854652405,0.0
7428.0,7428.0,19.0,0.050814952701330185,5e-05,0.14648008346557617,0.0
7429.0,7429.0,19.0,0.058155883103609085,5e-05,0.24661439657211304,0.0
7430.0,7430.0,19.0,0.04738409072160721,5e-05,0.13849341869354248,0.0
7431.0,7431.0,19.0,0.07965677231550217,5e-05,0.19272038340568542,0.0
7432.0,7432.0,19.0,0.05778060108423233,5e-05,0.21106138825416565,0.0
7433.0,7433.0,19.0,0.051307182759046555,5e-05,0.17358627915382385,0.0
7434.0,7434.0,19.0,0.061054203659296036,5e-05,0.1695285588502884,0.0
7435.0,7435.0,19.0,0.05035931617021561,5e-05,0.16382110118865967,0.0
7436.0,7436.0,19.0,0.06085280328989029,5e-05,0.09924068301916122,0.0
7437.0,7437.0,19.0,0.053760282695293427,5e-05,0.13662490248680115,0.0
7438.0,7438.0,19.0,0.0541452094912529,5e-05,0.08943093568086624,0.0
7439.0,7439.0,19.0,0.06433242559432983,5e-05,0.15292756259441376,0.0
7440.0,7440.0,19.0,0.05774321407079697,5e-05,0.10354171693325043,0.0
7441.0,7441.0,19.0,0.05744938179850578,5e-05,0.10776149481534958,0.0
7442.0,7442.0,19.0,0.06287285685539246,5e-05,0.1493091881275177,0.0
7443.0,7443.0,19.0,0.04909074306488037,5e-05,0.13378708064556122,0.0
7444.0,7444.0,19.0,0.06809106469154358,5e-05,0.16078214347362518,0.0
7445.0,7445.0,19.0,0.04522521048784256,5e-05,0.10459470748901367,0.0
7446.0,7446.0,19.0,0.06101131811738014,5e-05,0.13440148532390594,0.0
7447.0,7447.0,19.0,0.06611721217632294,5e-05,0.12466192245483398,0.0
7448.0,7448.0,19.0,0.04856802150607109,5e-05,0.10959286242723465,0.0
7449.0,7449.0,19.0,0.043876536190509796,5e-05,0.08365108072757721,0.0
7450.0,7450.0,19.0,0.054523155093193054,5e-05,0.17759016156196594,0.0
7451.0,7451.0,19.0,0.06466947495937347,5e-05,0.15357640385627747,0.0
7452.0,7452.0,19.0,0.06207273155450821,5e-05,0.14203667640686035,0.0
7453.0,7453.0,19.0,0.06669976562261581,5e-05,0.16524724662303925,0.0
7454.0,7454.0,19.0,0.05696815997362137,5e-05,0.1430032104253769,0.0
7455.0,7455.0,19.0,0.06593357771635056,5e-05,0.1296933889389038,0.0
7456.0,7456.0,19.0,0.06923331320285797,5e-05,0.19582028687000275,0.0
7457.0,7457.0,19.0,0.04961511492729187,5e-05,0.12718798220157623,0.0
7458.0,7458.0,19.0,0.06749130040407181,5e-05,0.13464105129241943,0.0
7459.0,7459.0,19.0,0.08040593564510345,5e-05,0.15461911261081696,0.0
7460.0,7460.0,19.0,0.05062655359506607,5e-05,0.12308336049318314,0.0
7461.0,7461.0,19.0,0.05521897226572037,5e-05,0.14798006415367126,0.0
7462.0,7462.0,19.0,0.05039653927087784,5e-05,0.12454374134540558,0.0
7463.0,7463.0,19.0,0.06396911293268204,5e-05,0.19829604029655457,0.0
7464.0,7464.0,19.0,0.058726273477077484,5e-05,0.10681086778640747,0.0
7465.0,7465.0,19.0,0.063367560505867,5e-05,0.15988972783088684,0.0
7466.0,7466.0,19.0,0.054401103407144547,5e-05,0.13997918367385864,0.0
7467.0,7467.0,19.0,0.06901177763938904,5e-05,0.1511010378599167,0.0
7468.0,7468.0,19.0,0.06424763798713684,5e-05,0.13810619711875916,0.0
7469.0,7469.0,19.0,0.053324684500694275,5e-05,0.14605337381362915,0.0
7470.0,7470.0,19.0,0.05356321483850479,5e-05,0.11106908321380615,0.0
7471.0,7471.0,19.0,0.05891268700361252,5e-05,0.14052210748195648,0.0
7472.0,7472.0,19.0,0.05584242194890976,5e-05,0.20070494711399078,0.0
7473.0,7473.0,19.0,0.061717767268419266,5e-05,0.14469948410987854,0.0
7474.0,7474.0,19.0,0.047340717166662216,5e-05,0.18311789631843567,0.0
7475.0,7475.0,19.0,0.05708976462483406,5e-05,0.19586779177188873,0.0
7476.0,7476.0,19.0,0.050030484795570374,5e-05,0.18695081770420074,0.0
7477.0,7477.0,19.0,0.061205677688121796,5e-05,0.19879090785980225,0.0
7478.0,7478.0,19.0,0.05053473263978958,5e-05,0.1738482415676117,0.0
7479.0,7479.0,19.0,0.06373750418424606,5e-05,0.21938925981521606,0.0
7480.0,7480.0,19.0,0.05475183203816414,5e-05,0.11283928900957108,0.0
7481.0,7481.0,19.0,0.05357731133699417,5e-05,0.18195955455303192,0.0
7482.0,7482.0,19.0,0.0525018647313118,5e-05,0.1883256882429123,0.0
7483.0,7483.0,19.0,0.06771901249885559,5e-05,0.1554269641637802,0.0
7484.0,7484.0,19.0,0.059106506407260895,5e-05,0.15927033126354218,0.0
7485.0,7485.0,19.0,0.06652670353651047,5e-05,0.17025934159755707,0.0
7486.0,7486.0,19.0,0.07933402061462402,5e-05,0.1535004824399948,0.0
7487.0,7487.0,19.0,0.061363693326711655,5e-05,0.12620382010936737,0.0
7488.0,7488.0,19.0,0.0624065138399601,5e-05,0.18038253486156464,0.0
7489.0,7489.0,19.0,0.056457292288541794,5e-05,0.14509260654449463,0.0
7490.0,7490.0,19.0,0.05406443774700165,5e-05,0.12510640919208527,0.0
7491.0,7491.0,19.0,0.06437738239765167,5e-05,0.15159884095191956,0.0
7492.0,7492.0,19.0,0.05645832046866417,5e-05,0.18442396819591522,0.0
7493.0,7493.0,19.0,0.0607166588306427,5e-05,0.16105270385742188,0.0
7494.0,7494.0,19.0,0.05752105265855789,5e-05,0.2402055859565735,0.0
7495.0,7495.0,19.0,0.05550532788038254,5e-05,0.14601680636405945,0.0
7496.0,7496.0,19.0,0.06474803388118744,5e-05,0.15515205264091492,0.0
7497.0,7497.0,19.0,0.06112102419137955,5e-05,0.15101440250873566,0.0
7498.0,7498.0,19.0,0.05888435244560242,5e-05,0.13767637312412262,0.0
7499.0,7499.0,19.0,0.056758299469947815,5e-05,0.1570710688829422,0.0
7500.0,7500.0,19.0,0.05064947158098221,5e-05,0.13974177837371826,0.0
7501.0,7501.0,19.0,0.058062877506017685,5e-05,0.1366220861673355,0.0
7502.0,7502.0,19.0,0.05633600428700447,5e-05,0.14736253023147583,0.0
7503.0,7503.0,19.0,0.0623546801507473,5e-05,0.11633041501045227,0.0
7504.0,7504.0,19.0,0.0675915777683258,5e-05,0.15352267026901245,0.0
7505.0,7505.0,19.0,0.05560712888836861,5e-05,0.17283391952514648,0.0
7506.0,7506.0,19.0,0.07167553901672363,5e-05,0.11010797321796417,0.0
7507.0,7507.0,19.0,0.06799431145191193,5e-05,0.20295576751232147,0.0
7508.0,7508.0,19.0,0.05694568529725075,5e-05,0.16067586839199066,0.0
7509.0,7509.0,19.0,0.05792264640331268,5e-05,0.16462506353855133,0.0
7510.0,7510.0,19.0,0.06454472988843918,5e-05,0.15371471643447876,0.0
7511.0,7511.0,19.0,0.049319490790367126,5e-05,0.11560816317796707,0.0
7512.0,7512.0,19.0,0.06511092185974121,5e-05,0.12752363085746765,0.0
7513.0,7513.0,19.0,0.06102583557367325,5e-05,0.11231096088886261,0.0
7514.0,7514.0,19.0,0.05906151607632637,5e-05,0.12934492528438568,0.0
7515.0,7515.0,19.0,0.055643998086452484,5e-05,0.1370176523923874,0.0
7516.0,7516.0,19.0,0.062262337654829025,5e-05,0.10207812488079071,0.0
7517.0,7517.0,19.0,0.052150845527648926,5e-05,0.20613938570022583,0.0
7518.0,7518.0,19.0,0.07224991917610168,5e-05,0.11110804229974747,0.0
7519.0,7519.0,19.0,0.06096518039703369,5e-05,0.12751908600330353,0.0
7520.0,7520.0,19.0,0.06778229773044586,5e-05,0.10934242606163025,0.0
7521.0,7521.0,19.0,0.06938392668962479,5e-05,0.1027660220861435,0.0
7522.0,7522.0,19.0,0.07393032312393188,5e-05,0.14277313649654388,0.0
7523.0,7523.0,19.0,0.04891316592693329,5e-05,0.09189920127391815,0.0
7524.0,7524.0,19.0,0.06205965578556061,5e-05,0.10785666108131409,0.0
7525.0,7525.0,19.0,0.07084193825721741,5e-05,0.14740905165672302,0.0
7526.0,7526.0,19.0,0.05312979966402054,5e-05,0.09494750946760178,0.0
7527.0,7527.0,19.0,0.058533377945423126,5e-05,0.11092983186244965,0.0
7528.0,7528.0,19.0,0.056765660643577576,5e-05,0.10469107329845428,0.0
7529.0,7529.0,19.0,0.05822756886482239,5e-05,0.11019471287727356,0.0
7530.0,7530.0,19.0,0.05368379130959511,5e-05,0.12195613235235214,0.0
7531.0,7531.0,19.0,0.05887145549058914,5e-05,0.1176353171467781,0.0
7532.0,7532.0,19.0,0.06405366957187653,5e-05,0.18665862083435059,0.0
7533.0,7533.0,19.0,0.04666496068239212,5e-05,0.09766015410423279,0.0
7534.0,7534.0,19.0,0.0441858172416687,5e-05,0.13412122428417206,0.0
7535.0,7535.0,19.0,0.06537547707557678,5e-05,0.10802985727787018,0.0
7536.0,7536.0,19.0,0.07888432592153549,5e-05,0.1474667489528656,0.0
7537.0,7537.0,19.0,0.07301687449216843,5e-05,0.12723951041698456,0.0
7538.0,7538.0,19.0,0.0577637255191803,5e-05,0.11911050975322723,0.0
7539.0,7539.0,19.0,0.06119220331311226,5e-05,0.17204907536506653,0.0
7540.0,7540.0,19.0,0.061807647347450256,5e-05,0.10043027997016907,0.0
7541.0,7541.0,19.0,0.05157659202814102,5e-05,0.1456710547208786,0.0
7542.0,7542.0,19.0,0.0711093619465828,5e-05,0.13656669855117798,0.0
7543.0,7543.0,19.0,0.055758483707904816,5e-05,0.10138648748397827,0.0
7544.0,7544.0,19.0,0.06202157214283943,5e-05,0.1575431227684021,0.0
7545.0,7545.0,19.0,0.050040412694215775,5e-05,0.14077499508857727,0.0
7546.0,7546.0,19.0,0.0689719095826149,5e-05,0.23305858671665192,0.0
7547.0,7547.0,19.0,0.06491392105817795,5e-05,0.15694142878055573,0.0
7548.0,7548.0,19.0,0.05550682544708252,5e-05,0.21112464368343353,0.0
7549.0,7549.0,19.0,0.062970831990242,5e-05,0.23347818851470947,0.0
7550.0,7550.0,19.0,0.05364737659692764,5e-05,0.1435582935810089,0.0
7551.0,7551.0,19.0,0.05249558761715889,5e-05,0.17706748843193054,0.0
7552.0,7552.0,19.0,0.05891739949584007,5e-05,0.13953106105327606,0.0
7553.0,7553.0,19.0,0.0596301443874836,5e-05,0.1273503452539444,0.0
7554.0,7554.0,19.0,0.05372491106390953,5e-05,0.16511060297489166,0.0
7555.0,7555.0,19.0,0.04729762673377991,5e-05,0.09128275513648987,0.0
7556.0,7556.0,19.0,0.0579424649477005,5e-05,0.12316692620515823,0.0
7557.0,7557.0,19.0,0.054641131311655045,5e-05,0.12637314200401306,0.0
7558.0,7558.0,19.0,0.048433516174554825,5e-05,0.14251847565174103,0.0
7559.0,7559.0,19.0,0.06501032412052155,5e-05,0.14799864590168,0.0
7560.0,7560.0,19.0,0.061740051954984665,5e-05,0.1654990315437317,0.0
7561.0,7561.0,19.0,0.0564417839050293,5e-05,0.18166260421276093,0.0
7562.0,7562.0,19.0,0.07264149188995361,5e-05,0.14988121390342712,0.0
7563.0,7563.0,19.0,0.055387772619724274,5e-05,0.14371195435523987,0.0
7564.0,7564.0,19.0,0.05987429618835449,5e-05,0.23081432282924652,0.0
7565.0,7565.0,19.0,0.054791320115327835,5e-05,0.09365939348936081,0.0
7566.0,7566.0,19.0,0.05833665281534195,5e-05,0.14092975854873657,0.0
7567.0,7567.0,19.0,0.0647704228758812,5e-05,0.15280769765377045,0.0
7568.0,7568.0,19.0,0.05111417919397354,5e-05,0.19930171966552734,0.0
7569.0,7569.0,19.0,0.04605421423912048,5e-05,0.12789386510849,0.0
7570.0,7570.0,19.0,0.05700458586215973,5e-05,0.16834600269794464,0.0
7571.0,7571.0,19.0,0.06741291284561157,5e-05,0.1271597445011139,0.0
7572.0,7572.0,19.0,0.053608693182468414,5e-05,0.1426297128200531,0.0
7573.0,7573.0,19.0,0.06396003812551498,5e-05,0.14292803406715393,0.0
7574.0,7574.0,19.0,0.06157929077744484,5e-05,0.11656495928764343,0.0
7575.0,7575.0,19.0,0.06966745108366013,5e-05,0.14925579726696014,0.0
7576.0,7576.0,19.0,0.05654354766011238,5e-05,0.10231247544288635,0.0
7577.0,7577.0,19.0,0.06792464852333069,5e-05,0.20866675674915314,0.0
7578.0,7578.0,19.0,0.05011389032006264,5e-05,0.09521866589784622,0.0
7579.0,7579.0,19.0,0.06448566913604736,5e-05,0.190826877951622,0.0
7580.0,7580.0,19.0,0.06006963551044464,5e-05,0.1273779273033142,0.0
7581.0,7581.0,19.0,0.04809556156396866,5e-05,0.15652425587177277,0.0
7582.0,7582.0,19.0,0.05624384433031082,5e-05,0.13381825387477875,0.0
7583.0,7583.0,19.0,0.06943776458501816,5e-05,0.1974199414253235,0.0
7584.0,7584.0,19.0,0.06807789206504822,5e-05,0.13073259592056274,0.0
7585.0,7585.0,19.0,0.06048677861690521,5e-05,0.17405907809734344,0.0
7586.0,7586.0,19.0,0.05847397819161415,5e-05,0.14451107382774353,0.0
7587.0,7587.0,19.0,0.07707948237657547,5e-05,0.16224944591522217,0.0
7588.0,7588.0,19.0,0.07055476307868958,5e-05,0.17433509230613708,0.0
7589.0,7589.0,19.0,0.05846080929040909,5e-05,0.14861689507961273,0.0
7590.0,7590.0,19.0,0.0518597736954689,5e-05,0.1102411150932312,0.0
7591.0,7591.0,19.0,0.0680510550737381,5e-05,0.1501086950302124,0.0
7592.0,7592.0,19.0,0.06530451029539108,5e-05,0.14838102459907532,0.0
7593.0,7593.0,19.0,0.06401853263378143,5e-05,0.15979622304439545,0.0
7594.0,7594.0,19.0,0.06329797953367233,5e-05,0.09998498857021332,0.0
7595.0,7595.0,19.0,0.05696927383542061,5e-05,0.14946573972702026,0.0
7596.0,7596.0,19.0,0.04568296670913696,5e-05,0.1438797265291214,0.0
7597.0,7597.0,19.0,0.04734300822019577,5e-05,0.16441771388053894,0.0
7598.0,7598.0,19.0,0.08172453939914703,5e-05,0.17553524672985077,0.0
7599.0,7599.0,19.0,0.05918833985924721,5e-05,0.1615363210439682,0.0
7600.0,7600.0,19.0,0.05805458500981331,5e-05,0.10512396693229675,0.0
7601.0,7601.0,19.0,0.05182710289955139,5e-05,0.1841070055961609,0.0
7602.0,7602.0,19.0,0.07624588906764984,5e-05,0.13153797388076782,0.0
7603.0,7603.0,19.0,0.06616121530532837,5e-05,0.17055515944957733,0.0
7604.0,7604.0,19.0,0.056028980761766434,5e-05,0.12927290797233582,0.0
7605.0,7605.0,19.0,0.04605348780751228,5e-05,0.10132787376642227,0.0
7606.0,7606.0,19.0,0.058192331343889236,5e-05,0.16761644184589386,0.0
7607.0,7607.0,19.0,0.06702538579702377,5e-05,0.09897907078266144,0.0
7608.0,7608.0,19.0,0.0508999302983284,5e-05,0.136247456073761,0.0
7609.0,7609.0,19.0,0.06375196576118469,5e-05,0.1065199002623558,0.0
7610.0,7610.0,19.0,0.06155519187450409,5e-05,0.10812324285507202,0.0
7611.0,7611.0,19.0,0.06870932132005692,5e-05,0.13111242651939392,0.0
7612.0,7612.0,19.0,0.06706161797046661,5e-05,0.10368364304304123,0.0
7613.0,7613.0,19.0,0.057606641203165054,5e-05,0.1252967119216919,0.0
7614.0,7614.0,19.0,0.06069043651223183,5e-05,0.10987808555364609,0.0
7615.0,7615.0,19.0,0.05120007321238518,5e-05,0.1686055064201355,0.0
7616.0,7616.0,19.0,0.06938627362251282,5e-05,0.13986662030220032,0.0
7617.0,7617.0,19.0,0.0564943328499794,5e-05,0.11887085437774658,0.0
7618.0,7618.0,19.0,0.06622616201639175,5e-05,0.1574115753173828,0.0
7619.0,7619.0,19.0,0.04955355077981949,5e-05,0.10178790241479874,0.0
7620.0,7620.0,19.0,0.06249469518661499,5e-05,0.14411693811416626,0.0
7621.0,7621.0,19.0,0.05583454668521881,5e-05,0.1733892858028412,0.0
7622.0,7622.0,19.0,0.04012858122587204,5e-05,0.13840770721435547,0.0
7623.0,7623.0,19.0,0.05881984531879425,5e-05,0.14396674931049347,0.0
7624.0,7624.0,19.0,0.06118598207831383,5e-05,0.22215282917022705,0.0
7625.0,7625.0,19.0,0.060385774821043015,5e-05,0.10838008671998978,0.0
7626.0,7626.0,19.0,0.06513427197933197,5e-05,0.1504504531621933,0.0
7627.0,7627.0,19.0,0.05804973840713501,5e-05,0.1552271842956543,0.0
7628.0,7628.0,19.0,0.053494539111852646,5e-05,0.14864516258239746,0.0
7629.0,7629.0,19.0,0.06760822236537933,5e-05,0.18438684940338135,0.0
7630.0,7630.0,19.0,0.05706546828150749,5e-05,0.18680214881896973,0.0
7631.0,7631.0,19.0,0.05581101030111313,5e-05,0.146830216050148,0.0
7632.0,7632.0,19.0,0.06619685143232346,5e-05,0.13017088174819946,0.0
7633.0,7633.0,19.0,0.04768623784184456,5e-05,0.20931512117385864,0.0
7634.0,7634.0,19.0,0.05380415543913841,5e-05,0.1512303352355957,0.0
7635.0,7635.0,19.0,0.05687127634882927,5e-05,0.11988098174333572,0.0
7636.0,7636.0,19.0,0.06151647865772247,5e-05,0.20198896527290344,0.0
7637.0,7637.0,19.0,0.06426885724067688,5e-05,0.2367931604385376,0.0
7638.0,7638.0,19.0,0.050595782697200775,5e-05,0.15862388908863068,0.0
7639.0,7639.0,19.0,0.05056097358465195,5e-05,0.20336392521858215,0.0
7640.0,7640.0,19.0,0.052365414798259735,5e-05,0.2841673493385315,0.0
7641.0,7641.0,19.0,0.06165359914302826,5e-05,0.1237134113907814,0.0
7642.0,7642.0,19.0,0.054180826991796494,5e-05,0.1653153896331787,0.0
7643.0,7643.0,19.0,0.059172581881284714,5e-05,0.22671765089035034,0.0
7644.0,7644.0,19.0,0.05553501471877098,5e-05,0.10064475983381271,0.0
7645.0,7645.0,19.0,0.06366445869207382,5e-05,0.2649739980697632,0.0
7646.0,7646.0,19.0,0.07889217138290405,5e-05,0.14380186796188354,0.0
7647.0,7647.0,19.0,0.08021529763936996,5e-05,0.28542086482048035,0.0
7648.0,7648.0,19.0,0.06082752346992493,5e-05,0.15440909564495087,0.0
7649.0,7649.0,19.0,0.07073240727186203,5e-05,0.17410126328468323,0.0
7650.0,7650.0,19.0,0.04414542764425278,5e-05,0.19691044092178345,0.0
7651.0,7651.0,19.0,0.06211383268237114,5e-05,0.1347009837627411,0.0
7652.0,7652.0,19.0,0.04598540812730789,5e-05,0.12593145668506622,0.0
7653.0,7653.0,19.0,0.052708156406879425,5e-05,0.09421907365322113,0.0
7654.0,7654.0,19.0,0.06298378109931946,5e-05,0.13590452075004578,0.0
7655.0,7655.0,19.0,0.05244041234254837,5e-05,0.10866639018058777,0.0
7656.0,7656.0,19.0,0.07746046781539917,5e-05,0.13672709465026855,0.0
7657.0,7657.0,19.0,0.0510542094707489,5e-05,0.08683130145072937,0.0
7658.0,7658.0,19.0,0.05020963400602341,5e-05,0.14781369268894196,0.0
7659.0,7659.0,19.0,0.05152078717947006,5e-05,0.07773427665233612,0.0
7660.0,7660.0,19.0,0.06139715015888214,5e-05,0.14502941071987152,0.0
7661.0,7661.0,19.0,0.04755450412631035,5e-05,0.1430712342262268,0.0
7662.0,7662.0,19.0,0.05218345299363136,5e-05,0.10933882743120193,0.0
7663.0,7663.0,19.0,0.05127052590250969,5e-05,0.14626748859882355,0.0
7664.0,7664.0,19.0,0.05827036127448082,5e-05,0.08167582005262375,0.0
7665.0,7665.0,19.0,0.05994170159101486,5e-05,0.1953524798154831,0.0
7666.0,7666.0,19.0,0.06139713525772095,5e-05,0.12137448042631149,0.0
7667.0,7667.0,19.0,0.07417235523462296,5e-05,0.20106402039527893,0.0
7668.0,7668.0,19.0,0.058904752135276794,5e-05,0.11138865351676941,0.0
7669.0,7669.0,19.0,0.061333972960710526,5e-05,0.16854816675186157,0.0
7670.0,7670.0,19.0,0.06246389448642731,5e-05,0.13265882432460785,0.0
7671.0,7671.0,19.0,0.06258276104927063,5e-05,0.15251314640045166,0.0
7672.0,7672.0,19.0,0.061857715249061584,5e-05,0.14152120053768158,0.0
7673.0,7673.0,19.0,0.057417020201683044,5e-05,0.15211249887943268,0.0
7674.0,7674.0,19.0,0.06277620792388916,5e-05,0.16604989767074585,0.0
7675.0,7675.0,19.0,0.05771870166063309,5e-05,0.14732623100280762,0.0
7676.0,7676.0,19.0,0.06557469069957733,5e-05,0.11921660602092743,0.0
7677.0,7677.0,19.0,0.05822169780731201,5e-05,0.12967562675476074,0.0
7678.0,7678.0,19.0,0.052194640040397644,5e-05,0.10344815254211426,0.0
7679.0,7679.0,19.0,0.07084063440561295,5e-05,0.10355765372514725,0.0
7680.0,7680.0,19.0,0.0501701682806015,5e-05,0.12378431111574173,0.0
7681.0,7681.0,19.0,0.05458037555217743,5e-05,0.13452686369419098,0.0
7682.0,7682.0,19.0,0.057427722960710526,5e-05,0.17419925332069397,0.0
7683.0,7683.0,19.0,0.06636601686477661,5e-05,0.1401037573814392,0.0
7684.0,7684.0,19.0,0.073000967502594,5e-05,0.10049255192279816,0.0
7685.0,7685.0,19.0,0.0779428631067276,5e-05,0.10235124826431274,0.0
7686.0,7686.0,19.0,0.06176489219069481,5e-05,0.10311661660671234,0.0
7687.0,7687.0,19.0,0.04497551545500755,5e-05,0.07128873467445374,0.0
7688.0,7688.0,19.0,0.0472751222550869,5e-05,0.08817683160305023,0.0
7689.0,7689.0,19.0,0.046567998826503754,5e-05,0.12353111803531647,0.0
7690.0,7690.0,19.0,0.05457916855812073,5e-05,0.11840924620628357,0.0
7691.0,7691.0,19.0,0.05301804840564728,5e-05,0.07312759011983871,0.0
7692.0,7692.0,19.0,0.05872676149010658,5e-05,0.115033820271492,0.0
7693.0,7693.0,19.0,0.058535438030958176,5e-05,0.10924161970615387,0.0
7694.0,7694.0,19.0,0.062179408967494965,5e-05,0.13191531598567963,0.0
7695.0,7695.0,19.0,0.060203902423381805,5e-05,0.11700260639190674,0.0
7696.0,7696.0,19.0,0.05656297877430916,5e-05,0.15631063282489777,0.0
7697.0,7697.0,19.0,0.058856301009655,5e-05,0.13284191489219666,0.0
7698.0,7698.0,19.0,0.07068417966365814,5e-05,0.14458656311035156,0.0
7699.0,7699.0,19.0,0.05348694324493408,5e-05,0.11291088908910751,0.0
7700.0,7700.0,19.0,0.05637746304273605,5e-05,0.1513458490371704,0.0
7701.0,7701.0,19.0,0.06667745113372803,5e-05,0.13089536130428314,0.0
7702.0,7702.0,19.0,0.061288848519325256,5e-05,0.2002621740102768,0.0
7703.0,7703.0,19.0,0.07302119582891464,5e-05,0.14223894476890564,0.0
7704.0,7704.0,19.0,0.04982762411236763,5e-05,0.24089962244033813,0.0
7705.0,7705.0,19.0,0.0476270467042923,5e-05,0.18024328351020813,0.0
7706.0,7706.0,19.0,0.05357810854911804,5e-05,0.1888311207294464,0.0
7707.0,7707.0,19.0,0.06201378256082535,5e-05,0.25731709599494934,0.0
7708.0,7708.0,19.0,0.047949980944395065,5e-05,0.13150209188461304,0.0
7709.0,7709.0,19.0,0.0776759535074234,5e-05,0.29855838418006897,0.0
7710.0,7710.0,19.0,0.05757731944322586,5e-05,0.1686660647392273,0.0
7711.0,7711.0,19.0,0.06707871705293655,5e-05,0.23801015317440033,0.0
7712.0,7712.0,19.0,0.05621614679694176,5e-05,0.27707576751708984,0.0
7713.0,7713.0,19.0,0.05957998335361481,5e-05,0.18356667459011078,0.0
7714.0,7714.0,19.0,0.057271674275398254,5e-05,0.23166294395923615,0.0
7715.0,7715.0,19.0,0.05745229125022888,5e-05,0.1890086829662323,0.0
7716.0,7716.0,19.0,0.05557168275117874,5e-05,0.2789386510848999,0.0
7717.0,7717.0,19.0,0.053269773721694946,5e-05,0.1819307804107666,0.0
7718.0,7718.0,19.0,0.053844861686229706,5e-05,0.19549117982387543,0.0
7719.0,7719.0,19.0,0.06750577688217163,5e-05,0.2245696783065796,0.0
7720.0,7720.0,19.0,0.05693883076310158,5e-05,0.18906643986701965,0.0
7721.0,7721.0,19.0,0.06187828630208969,5e-05,0.26897749304771423,0.0
7722.0,7722.0,19.0,0.06455360352993011,5e-05,0.13255064189434052,0.0
7723.0,7723.0,19.0,0.05839083343744278,5e-05,0.1454402208328247,0.0
7724.0,7724.0,19.0,0.05868620052933693,5e-05,0.2586323320865631,0.0
7725.0,7725.0,19.0,0.053750716149806976,5e-05,0.12696810066699982,0.0
7726.0,7726.0,19.0,0.05855150520801544,5e-05,0.2258354276418686,0.0
7727.0,7727.0,19.0,0.05694616585969925,5e-05,0.12026730179786682,0.0
7728.0,7728.0,19.0,0.04895470291376114,5e-05,0.20027127861976624,0.0
7729.0,7729.0,19.0,0.0722658708691597,5e-05,0.16753360629081726,0.0
7730.0,7730.0,19.0,0.05508412420749664,5e-05,0.09121153503656387,0.0
7731.0,7731.0,19.0,0.061537206172943115,5e-05,0.12164194881916046,0.0
7732.0,7732.0,19.0,0.056193187832832336,5e-05,0.16269278526306152,0.0
7733.0,7733.0,19.0,0.06376676261425018,5e-05,0.1502479761838913,0.0
7734.0,7734.0,19.0,0.06846792995929718,5e-05,0.2145833969116211,0.0
7735.0,7735.0,19.0,0.0548393577337265,5e-05,0.11506753414869308,0.0
7736.0,7736.0,19.0,0.07043786346912384,5e-05,0.18097417056560516,0.0
7737.0,7737.0,19.0,0.050103332847356796,5e-05,0.1303386688232422,0.0
7738.0,7738.0,19.0,0.05630429461598396,5e-05,0.149478942155838,0.0
7739.0,7739.0,19.0,0.05670509487390518,5e-05,0.11419518291950226,0.0
7740.0,7740.0,19.0,0.042075902223587036,5e-05,0.0681537613272667,0.0
7741.0,7741.0,19.0,0.0627589225769043,5e-05,0.09901700168848038,0.0
7742.0,7742.0,19.0,0.05533871054649353,5e-05,0.14321672916412354,0.0
7743.0,7743.0,19.0,0.053888268768787384,5e-05,0.14365743100643158,0.0
7744.0,7744.0,19.0,0.05798369646072388,5e-05,0.14899209141731262,0.0
7745.0,7745.0,19.0,0.059575848281383514,5e-05,0.20136027038097382,0.0
7746.0,7746.0,19.0,0.06331485509872437,5e-05,0.11728033423423767,0.0
7747.0,7747.0,19.0,0.05753490328788757,5e-05,0.18522250652313232,0.0
7748.0,7748.0,19.0,0.05818967521190643,5e-05,0.12568055093288422,0.0
7749.0,7749.0,19.0,0.04285646229982376,5e-05,0.0824166089296341,0.0
7750.0,7750.0,19.0,0.0672142505645752,5e-05,0.2189376950263977,0.0
7751.0,7751.0,19.0,0.05169478803873062,5e-05,0.1277492642402649,0.0
7752.0,7752.0,19.0,0.04854300618171692,5e-05,0.10648009926080704,0.0
7753.0,7753.0,19.0,0.06070631369948387,5e-05,0.20270362496376038,0.0
7754.0,7754.0,19.0,0.04900359362363815,5e-05,0.11805910617113113,0.0
7755.0,7755.0,19.0,0.054139163345098495,5e-05,0.18353770673274994,0.0
7756.0,7756.0,19.0,0.05183584988117218,5e-05,0.11138568073511124,0.0
7757.0,7757.0,19.0,0.06153840571641922,5e-05,0.19157887995243073,0.0
7758.0,7758.0,19.0,0.04694197326898575,5e-05,0.11499926447868347,0.0
7759.0,7759.0,19.0,0.04955057054758072,5e-05,0.2014055997133255,0.0
7760.0,7760.0,19.0,0.06469083577394485,5e-05,0.1072256788611412,0.0
7761.0,7761.0,19.0,0.061144858598709106,5e-05,0.14074115455150604,0.0
7762.0,7762.0,19.0,0.06796034425497055,5e-05,0.16627100110054016,0.0
7763.0,7763.0,19.0,0.06086673587560654,5e-05,0.10100556164979935,0.0
7764.0,7764.0,19.0,0.05996182560920715,5e-05,0.1815636157989502,0.0
7765.0,7765.0,19.0,0.060539036989212036,5e-05,0.1961018592119217,0.0
7766.0,7766.0,19.0,0.049853939563035965,5e-05,0.12584920227527618,0.0
7767.0,7767.0,19.0,0.0667024701833725,5e-05,0.24313506484031677,0.0
7768.0,7768.0,19.0,0.05607292801141739,5e-05,0.13177384436130524,0.0
7769.0,7769.0,19.0,0.06407575309276581,5e-05,0.2442685067653656,0.0
7770.0,7770.0,19.0,0.0595279335975647,5e-05,0.18694107234477997,0.0
7771.0,7771.0,19.0,0.0610554963350296,5e-05,0.14368334412574768,0.0
7772.0,7772.0,19.0,0.05114036053419113,5e-05,0.1807478368282318,0.0
7773.0,7773.0,19.0,0.05582842230796814,5e-05,0.13383883237838745,0.0
7774.0,7774.0,19.0,0.05593007057905197,5e-05,0.1385742574930191,0.0
7775.0,7775.0,19.0,0.0591319240629673,5e-05,0.15201884508132935,0.0
7776.0,7776.0,19.0,0.061099786311388016,5e-05,0.11697761714458466,0.0
7777.0,7777.0,19.0,0.05893179401755333,5e-05,0.2465890794992447,0.0
7778.0,7778.0,19.0,0.05276625603437424,5e-05,0.11652721464633942,0.0
7779.0,7779.0,19.0,0.06236005574464798,5e-05,0.1836208701133728,0.0
7780.0,7780.0,19.0,0.05194056034088135,5e-05,0.23636361956596375,0.0
7781.0,7781.0,19.0,0.061677783727645874,5e-05,0.13424916565418243,0.0
7782.0,7782.0,19.0,0.074332594871521,5e-05,0.1376887559890747,0.0
7783.0,7783.0,19.0,0.055769648402929306,5e-05,0.15722328424453735,0.0
7784.0,7784.0,19.0,0.0678488165140152,5e-05,0.27875256538391113,0.0
7785.0,7785.0,19.0,0.04570687189698219,5e-05,0.14613120257854462,0.0
7786.0,7786.0,19.0,0.053756944835186005,5e-05,0.21172893047332764,0.0
7787.0,7787.0,19.0,0.0509851798415184,5e-05,0.15307697653770447,0.0
7788.0,7788.0,19.0,0.0570443794131279,5e-05,0.2127305567264557,0.0
7789.0,7789.0,19.0,0.05594630539417267,5e-05,0.1476369947195053,0.0
7790.0,7790.0,19.0,0.06351783871650696,5e-05,0.1739341765642166,0.0
7791.0,7791.0,19.0,0.0727621465921402,5e-05,0.13926377892494202,0.0
7792.0,7792.0,19.0,0.0720415785908699,5e-05,0.13487139344215393,0.0
7793.0,7793.0,19.0,0.05031359940767288,5e-05,0.13507187366485596,0.0
7794.0,7794.0,19.0,0.06063826382160187,5e-05,0.15265145897865295,0.0
7795.0,7795.0,19.0,0.05770130455493927,5e-05,0.15746772289276123,0.0
7796.0,7796.0,19.0,0.05361716449260712,5e-05,0.15495286881923676,0.0
7797.0,7797.0,19.0,0.0702100396156311,5e-05,0.15752732753753662,0.0
7798.0,7798.0,19.0,0.06130749359726906,5e-05,0.19668477773666382,0.0
7799.0,7799.0,19.0,0.0699915662407875,5e-05,0.1708386093378067,0.0
7800.0,7800.0,19.0,0.05585695058107376,5e-05,0.13400156795978546,0.0
7801.0,7801.0,20.0,0.0535605363547802,5e-05,0.20014123618602753,0.0
7802.0,7802.0,20.0,0.05690978467464447,5e-05,0.12570974230766296,0.0
7803.0,7803.0,20.0,0.05955726280808449,5e-05,0.14797663688659668,0.0
7804.0,7804.0,20.0,0.05812221020460129,5e-05,0.2022266387939453,0.0
7805.0,7805.0,20.0,0.06371453404426575,5e-05,0.15795041620731354,0.0
7806.0,7806.0,20.0,0.052717648446559906,5e-05,0.17295710742473602,0.0
7807.0,7807.0,20.0,0.05458405613899231,5e-05,0.15938101708889008,0.0
7808.0,7808.0,20.0,0.06126217544078827,5e-05,0.14501041173934937,0.0
7809.0,7809.0,20.0,0.06391263008117676,5e-05,0.1536022275686264,0.0
7810.0,7810.0,20.0,0.053982947021722794,5e-05,0.07832243293523788,0.0
7811.0,7811.0,20.0,0.05016406998038292,5e-05,0.15549764037132263,0.0
7812.0,7812.0,20.0,0.06198353320360184,5e-05,0.15449319779872894,0.0
7813.0,7813.0,20.0,0.05179654806852341,5e-05,0.10314760357141495,0.0
7814.0,7814.0,20.0,0.06884703785181046,5e-05,0.12470364570617676,0.0
7815.0,7815.0,20.0,0.05611351504921913,5e-05,0.1676240712404251,0.0
7816.0,7816.0,20.0,0.06066552549600601,5e-05,0.16418828070163727,0.0
7817.0,7817.0,20.0,0.060476116836071014,5e-05,0.13475947082042694,0.0
7818.0,7818.0,20.0,0.06019897013902664,5e-05,0.15919412672519684,0.0
7819.0,7819.0,20.0,0.05573173612356186,5e-05,0.201484814286232,0.0
7820.0,7820.0,20.0,0.060338981449604034,5e-05,0.1040477603673935,0.0
7821.0,7821.0,20.0,0.042810969054698944,5e-05,0.1361640989780426,0.0
7822.0,7822.0,20.0,0.04540112987160683,5e-05,0.15772446990013123,0.0
7823.0,7823.0,20.0,0.05284806340932846,5e-05,0.1380174160003662,0.0
7824.0,7824.0,20.0,0.05455237627029419,5e-05,0.15937930345535278,0.0
7825.0,7825.0,20.0,0.060294561088085175,5e-05,0.14197950065135956,0.0
7826.0,7826.0,20.0,0.043642930686473846,5e-05,0.10441882908344269,0.0
7827.0,7827.0,20.0,0.060737669467926025,5e-05,0.12469275295734406,0.0
7828.0,7828.0,20.0,0.05760083720088005,5e-05,0.10750225186347961,0.0
7829.0,7829.0,20.0,0.060175079852342606,5e-05,0.14048466086387634,0.0
7830.0,7830.0,20.0,0.07474790513515472,5e-05,0.12184802442789078,0.0
7831.0,7831.0,20.0,0.05722247436642647,5e-05,0.1075323224067688,0.0
7832.0,7832.0,20.0,0.05504801124334335,5e-05,0.1511201113462448,0.0
7833.0,7833.0,20.0,0.05503448471426964,5e-05,0.10885503888130188,0.0
7834.0,7834.0,20.0,0.06267711520195007,5e-05,0.13634011149406433,0.0
7835.0,7835.0,20.0,0.05423452705144882,5e-05,0.11312264204025269,0.0
7836.0,7836.0,20.0,0.054666247218847275,5e-05,0.13312877714633942,0.0
7837.0,7837.0,20.0,0.06134706363081932,5e-05,0.12930534780025482,0.0
7838.0,7838.0,20.0,0.06149863079190254,5e-05,0.14645636081695557,0.0
7839.0,7839.0,20.0,0.04416749253869057,5e-05,0.11182907223701477,0.0
7840.0,7840.0,20.0,0.06472545862197876,5e-05,0.12853403389453888,0.0
7841.0,7841.0,20.0,0.06508468091487885,5e-05,0.22120937705039978,0.0
7842.0,7842.0,20.0,0.054079920053482056,5e-05,0.16396139562129974,0.0
7843.0,7843.0,20.0,0.06331922113895416,5e-05,0.15576381981372833,0.0
7844.0,7844.0,20.0,0.059832118451595306,5e-05,0.12880894541740417,0.0
7845.0,7845.0,20.0,0.05393800511956215,5e-05,0.13103953003883362,0.0
7846.0,7846.0,20.0,0.05835351720452309,5e-05,0.09843780845403671,0.0
7847.0,7847.0,20.0,0.057961251586675644,5e-05,0.18512360751628876,0.0
7848.0,7848.0,20.0,0.05097808688879013,5e-05,0.13479910790920258,0.0
7849.0,7849.0,20.0,0.05732592195272446,5e-05,0.17225338518619537,0.0
7850.0,7850.0,20.0,0.06673010438680649,5e-05,0.09868061542510986,0.0
7851.0,7851.0,20.0,0.057972174137830734,5e-05,0.16571259498596191,0.0
7852.0,7852.0,20.0,0.06580738723278046,5e-05,0.15133434534072876,0.0
7853.0,7853.0,20.0,0.05385005101561546,5e-05,0.14297454059123993,0.0
7854.0,7854.0,20.0,0.05878464877605438,5e-05,0.15473462641239166,0.0
7855.0,7855.0,20.0,0.04770109802484512,5e-05,0.19771091639995575,0.0
7856.0,7856.0,20.0,0.05332794785499573,5e-05,0.12742917239665985,0.0
7857.0,7857.0,20.0,0.06856085360050201,5e-05,0.19619253277778625,0.0
7858.0,7858.0,20.0,0.05677386000752449,5e-05,0.16299693286418915,0.0
7859.0,7859.0,20.0,0.05387604236602783,5e-05,0.13772006332874298,0.0
7860.0,7860.0,20.0,0.07202097773551941,5e-05,0.21419279277324677,0.0
7861.0,7861.0,20.0,0.06484180688858032,5e-05,0.17679789662361145,0.0
7862.0,7862.0,20.0,0.04854225739836693,5e-05,0.19584013521671295,0.0
7863.0,7863.0,20.0,0.05692612752318382,5e-05,0.1486622840166092,0.0
7864.0,7864.0,20.0,0.07387241721153259,5e-05,0.24320271611213684,0.0
7865.0,7865.0,20.0,0.06642767786979675,5e-05,0.18554538488388062,0.0
7866.0,7866.0,20.0,0.05085873231291771,5e-05,0.16299526393413544,0.0
7867.0,7867.0,20.0,0.045096464455127716,5e-05,0.1708534061908722,0.0
7868.0,7868.0,20.0,0.055816859006881714,5e-05,0.13422442972660065,0.0
7869.0,7869.0,20.0,0.06425629556179047,5e-05,0.17295634746551514,0.0
7870.0,7870.0,20.0,0.052953336387872696,5e-05,0.18809774518013,0.0
7871.0,7871.0,20.0,0.057310111820697784,5e-05,0.13132429122924805,0.0
7872.0,7872.0,20.0,0.05994277819991112,5e-05,0.17654335498809814,0.0
7873.0,7873.0,20.0,0.05816850811243057,5e-05,0.12601491808891296,0.0
7874.0,7874.0,20.0,0.0622100830078125,5e-05,0.1262321174144745,0.0
7875.0,7875.0,20.0,0.054717984050512314,5e-05,0.19928514957427979,0.0
7876.0,7876.0,20.0,0.06226857751607895,5e-05,0.12321583926677704,0.0
7877.0,7877.0,20.0,0.06972839683294296,5e-05,0.1529872864484787,0.0
7878.0,7878.0,20.0,0.05249103903770447,5e-05,0.20010054111480713,0.0
7879.0,7879.0,20.0,0.06275570392608643,5e-05,0.16159844398498535,0.0
7880.0,7880.0,20.0,0.046017564833164215,5e-05,0.1841868758201599,0.0
7881.0,7881.0,20.0,0.05421728268265724,5e-05,0.0925745740532875,0.0
7882.0,7882.0,20.0,0.0474172905087471,5e-05,0.14953482151031494,0.0
7883.0,7883.0,20.0,0.06518928706645966,5e-05,0.20193134248256683,0.0
7884.0,7884.0,20.0,0.06793443858623505,5e-05,0.12783648073673248,0.0
7885.0,7885.0,20.0,0.047680966556072235,5e-05,0.19317930936813354,0.0
7886.0,7886.0,20.0,0.07364799082279205,5e-05,0.15856759250164032,0.0
7887.0,7887.0,20.0,0.04435247182846069,5e-05,0.1528162956237793,0.0
7888.0,7888.0,20.0,0.06080981343984604,5e-05,0.1664629578590393,0.0
7889.0,7889.0,20.0,0.07107821106910706,5e-05,0.1219353899359703,0.0
7890.0,7890.0,20.0,0.05333986133337021,5e-05,0.16267092525959015,0.0
7891.0,7891.0,20.0,0.05604485794901848,5e-05,0.11604760587215424,0.0
7892.0,7892.0,20.0,0.0715588927268982,5e-05,0.14320458471775055,0.0
7893.0,7893.0,20.0,0.05526503920555115,5e-05,0.1429375559091568,0.0
7894.0,7894.0,20.0,0.05186037719249725,5e-05,0.11989638209342957,0.0
7895.0,7895.0,20.0,0.046136945486068726,5e-05,0.15359553694725037,0.0
7896.0,7896.0,20.0,0.04306115582585335,5e-05,0.15387476980686188,0.0
7897.0,7897.0,20.0,0.047714393585920334,5e-05,0.1697232574224472,0.0
7898.0,7898.0,20.0,0.06107904016971588,5e-05,0.1779766082763672,0.0
7899.0,7899.0,20.0,0.06585203111171722,5e-05,0.14834947884082794,0.0
7900.0,7900.0,20.0,0.05845516175031662,5e-05,0.2200699746608734,0.0
7901.0,7901.0,20.0,0.06357398629188538,5e-05,0.09366392344236374,0.0
7902.0,7902.0,20.0,0.041559286415576935,5e-05,0.20815549790859222,0.0
7903.0,7903.0,20.0,0.06505285948514938,5e-05,0.18309257924556732,0.0
7904.0,7904.0,20.0,0.05753812938928604,5e-05,0.1606433093547821,0.0
7905.0,7905.0,20.0,0.0734555721282959,5e-05,0.16918563842773438,0.0
7906.0,7906.0,20.0,0.057673800736665726,5e-05,0.19627830386161804,0.0
7907.0,7907.0,20.0,0.0434383861720562,5e-05,0.1596934050321579,0.0
7908.0,7908.0,20.0,0.050556838512420654,5e-05,0.2213425636291504,0.0
7909.0,7909.0,20.0,0.05379805713891983,5e-05,0.18387359380722046,0.0
7910.0,7910.0,20.0,0.07149458676576614,5e-05,0.16645412147045135,0.0
7911.0,7911.0,20.0,0.07579153776168823,5e-05,0.15828366577625275,0.0
7912.0,7912.0,20.0,0.05084442347288132,5e-05,0.139786958694458,0.0
7913.0,7913.0,20.0,0.05065220221877098,5e-05,0.14964567124843597,0.0
7914.0,7914.0,20.0,0.06218317151069641,5e-05,0.17178258299827576,0.0
7915.0,7915.0,20.0,0.06538689881563187,5e-05,0.20517553389072418,0.0
7916.0,7916.0,20.0,0.04602734372019768,5e-05,0.11880712956190109,0.0
7917.0,7917.0,20.0,0.06674333661794662,5e-05,0.26614144444465637,0.0
7918.0,7918.0,20.0,0.06270487606525421,5e-05,0.15821154415607452,0.0
7919.0,7919.0,20.0,0.06765055656433105,5e-05,0.2352817952632904,0.0
7920.0,7920.0,20.0,0.054696545004844666,5e-05,0.16692185401916504,0.0
7921.0,7921.0,20.0,0.05329016223549843,5e-05,0.1905856877565384,0.0
7922.0,7922.0,20.0,0.051332227885723114,5e-05,0.1753823161125183,0.0
7923.0,7923.0,20.0,0.05532144755125046,5e-05,0.1750863492488861,0.0
7924.0,7924.0,20.0,0.0491524413228035,5e-05,0.16655504703521729,0.0
7925.0,7925.0,20.0,0.05434350296854973,5e-05,0.12515458464622498,0.0
7926.0,7926.0,20.0,0.07600529491901398,5e-05,0.23073290288448334,0.0
7927.0,7927.0,20.0,0.049570418894290924,5e-05,0.13213594257831573,0.0
7928.0,7928.0,20.0,0.05126003548502922,5e-05,0.2093493938446045,0.0
7929.0,7929.0,20.0,0.052478767931461334,5e-05,0.18512380123138428,0.0
7930.0,7930.0,20.0,0.07799836993217468,5e-05,0.19104944169521332,0.0
7931.0,7931.0,20.0,0.05396071821451187,5e-05,0.17477865517139435,0.0
7932.0,7932.0,20.0,0.05109448730945587,5e-05,0.16833016276359558,0.0
7933.0,7933.0,20.0,0.054979901760816574,5e-05,0.15949171781539917,0.0
7934.0,7934.0,20.0,0.060811229050159454,5e-05,0.19967120885849,0.0
7935.0,7935.0,20.0,0.06726410984992981,5e-05,0.16133159399032593,0.0
7936.0,7936.0,20.0,0.06264536082744598,5e-05,0.12691821157932281,0.0
7937.0,7937.0,20.0,0.06214602291584015,5e-05,0.15631796419620514,0.0
7938.0,7938.0,20.0,0.059424109756946564,5e-05,0.16050384938716888,0.0
7939.0,7939.0,20.0,0.06362105906009674,5e-05,0.14424067735671997,0.0
7940.0,7940.0,20.0,0.0617462620139122,5e-05,0.11064071953296661,0.0
7941.0,7941.0,20.0,0.05712898075580597,5e-05,0.1546560525894165,0.0
7942.0,7942.0,20.0,0.058413710445165634,5e-05,0.16962888836860657,0.0
7943.0,7943.0,20.0,0.06284128874540329,5e-05,0.15587258338928223,0.0
7944.0,7944.0,20.0,0.06170682981610298,5e-05,0.21601751446723938,0.0
7945.0,7945.0,20.0,0.049545131623744965,5e-05,0.18262387812137604,0.0
7946.0,7946.0,20.0,0.05454673618078232,5e-05,0.1109955757856369,0.0
7947.0,7947.0,20.0,0.0442497581243515,5e-05,0.13543960452079773,0.0
7948.0,7948.0,20.0,0.04909755289554596,5e-05,0.09740658104419708,0.0
7949.0,7949.0,20.0,0.06829540431499481,5e-05,0.1365698128938675,0.0
7950.0,7950.0,20.0,0.058656662702560425,5e-05,0.09828336536884308,0.0
7951.0,7951.0,20.0,0.06332176923751831,5e-05,0.10506187379360199,0.0
7952.0,7952.0,20.0,0.060583505779504776,5e-05,0.09667854756116867,0.0
7953.0,7953.0,20.0,0.048452336341142654,5e-05,0.10643236339092255,0.0
7954.0,7954.0,20.0,0.06341216713190079,5e-05,0.14044059813022614,0.0
7955.0,7955.0,20.0,0.0455893911421299,5e-05,0.09984957426786423,0.0
7956.0,7956.0,20.0,0.04905371740460396,5e-05,0.10897485911846161,0.0
7957.0,7957.0,20.0,0.051802121102809906,5e-05,0.1004997193813324,0.0
7958.0,7958.0,20.0,0.0736183300614357,5e-05,0.13397622108459473,0.0
7959.0,7959.0,20.0,0.04451540485024452,5e-05,0.1128644049167633,0.0
7960.0,7960.0,20.0,0.062111325562000275,5e-05,0.14900124073028564,0.0
7961.0,7961.0,20.0,0.05825680121779442,5e-05,0.11379948258399963,0.0
7962.0,7962.0,20.0,0.06692677736282349,5e-05,0.18988275527954102,0.0
7963.0,7963.0,20.0,0.061717964708805084,5e-05,0.08279158174991608,0.0
7964.0,7964.0,20.0,0.052692756056785583,5e-05,0.16150954365730286,0.0
7965.0,7965.0,20.0,0.05264958366751671,5e-05,0.10903189331293106,0.0
7966.0,7966.0,20.0,0.059577684849500656,5e-05,0.1426812708377838,0.0
7967.0,7967.0,20.0,0.055677659809589386,5e-05,0.12461595982313156,0.0
7968.0,7968.0,20.0,0.05429539829492569,5e-05,0.13040298223495483,0.0
7969.0,7969.0,20.0,0.05487503856420517,5e-05,0.12168437242507935,0.0
7970.0,7970.0,20.0,0.06223315745592117,5e-05,0.1896684765815735,0.0
7971.0,7971.0,20.0,0.05330435186624527,5e-05,0.14005285501480103,0.0
7972.0,7972.0,20.0,0.05678287893533707,5e-05,0.1050041913986206,0.0
7973.0,7973.0,20.0,0.06671980023384094,5e-05,0.12524572014808655,0.0
7974.0,7974.0,20.0,0.04989740997552872,5e-05,0.16258585453033447,0.0
7975.0,7975.0,20.0,0.05326801538467407,5e-05,0.15234950184822083,0.0
7976.0,7976.0,20.0,0.05553154647350311,5e-05,0.1680144965648651,0.0
7977.0,7977.0,20.0,0.05242801085114479,5e-05,0.23874129354953766,0.0
7978.0,7978.0,20.0,0.059678398072719574,5e-05,0.12094337493181229,0.0
7979.0,7979.0,20.0,0.05557762831449509,5e-05,0.20661664009094238,0.0
7980.0,7980.0,20.0,0.05636268109083176,5e-05,0.13261175155639648,0.0
7981.0,7981.0,20.0,0.06130627542734146,5e-05,0.10764168202877045,0.0
7982.0,7982.0,20.0,0.057795025408267975,5e-05,0.13675560057163239,0.0
7983.0,7983.0,20.0,0.05029934644699097,5e-05,0.1397959589958191,0.0
7984.0,7984.0,20.0,0.079168900847435,5e-05,0.13066011667251587,0.0
7985.0,7985.0,20.0,0.059804223477840424,5e-05,0.18099883198738098,0.0
7986.0,7986.0,20.0,0.06629428267478943,5e-05,0.17350217700004578,0.0
7987.0,7987.0,20.0,0.04816592112183571,5e-05,0.15286080539226532,0.0
7988.0,7988.0,20.0,0.051439158618450165,5e-05,0.12181262671947479,0.0
7989.0,7989.0,20.0,0.05524110794067383,5e-05,0.13182036578655243,0.0
7990.0,7990.0,20.0,0.06797973811626434,5e-05,0.2265937477350235,0.0
7991.0,7991.0,20.0,0.05759049952030182,5e-05,0.10202430188655853,0.0
7992.0,7992.0,20.0,0.06331402063369751,5e-05,0.15550874173641205,0.0
7993.0,7993.0,20.0,0.054436095058918,5e-05,0.16275863349437714,0.0
7994.0,7994.0,20.0,0.05659990757703781,5e-05,0.13046608865261078,0.0
7995.0,7995.0,20.0,0.056132879108190536,5e-05,0.1441260278224945,0.0
7996.0,7996.0,20.0,0.042566947638988495,5e-05,0.18148794770240784,0.0
7997.0,7997.0,20.0,0.06804323196411133,5e-05,0.11378949880599976,0.0
7998.0,7998.0,20.0,0.06246494501829147,5e-05,0.14794622361660004,0.0
7999.0,7999.0,20.0,0.06325015425682068,5e-05,0.19137829542160034,0.0
8000.0,8000.0,20.0,0.05356915295124054,5e-05,0.1286429911851883,0.0
8001.0,8001.0,20.0,0.05492626130580902,5e-05,0.12586809694766998,0.0
8002.0,8002.0,20.0,0.05055651068687439,5e-05,0.12206725776195526,0.0
8003.0,8003.0,20.0,0.058035820722579956,5e-05,0.15948057174682617,0.0
8004.0,8004.0,20.0,0.07063144445419312,5e-05,0.1327974796295166,0.0
8005.0,8005.0,20.0,0.05406857281923294,5e-05,0.22224411368370056,0.0
8006.0,8006.0,20.0,0.06806795299053192,5e-05,0.1511150598526001,0.0
8007.0,8007.0,20.0,0.058456238359212875,5e-05,0.15731531381607056,0.0
8008.0,8008.0,20.0,0.06500452756881714,5e-05,0.19855833053588867,0.0
8009.0,8009.0,20.0,0.06047616899013519,5e-05,0.12683722376823425,0.0
8010.0,8010.0,20.0,0.06057111918926239,5e-05,0.1586773544549942,0.0
8011.0,8011.0,20.0,0.0628335177898407,5e-05,0.12616360187530518,0.0
8012.0,8012.0,20.0,0.05726628005504608,5e-05,0.1287083774805069,0.0
8013.0,8013.0,20.0,0.05644889175891876,5e-05,0.16892358660697937,0.0
8014.0,8014.0,20.0,0.07155132293701172,5e-05,0.10770411044359207,0.0
8015.0,8015.0,20.0,0.06140448898077011,5e-05,0.19893886148929596,0.0
8016.0,8016.0,20.0,0.044725652784109116,5e-05,0.15989233553409576,0.0
8017.0,8017.0,20.0,0.05792957544326782,5e-05,0.13160310685634613,0.0
8018.0,8018.0,20.0,0.07227583229541779,5e-05,0.17265354096889496,0.0
8019.0,8019.0,20.0,0.05208975076675415,5e-05,0.08149492740631104,0.0
8020.0,8020.0,20.0,0.047408971935510635,5e-05,0.08263556659221649,0.0
8021.0,8021.0,20.0,0.05969385430216789,5e-05,0.1670219600200653,0.0
8022.0,8022.0,20.0,0.05847759172320366,5e-05,0.09891662001609802,0.0
8023.0,8023.0,20.0,0.060088228434324265,5e-05,0.12081760913133621,0.0
8024.0,8024.0,20.0,0.05300168693065643,5e-05,0.14799366891384125,0.0
8025.0,8025.0,20.0,0.05285641551017761,5e-05,0.14119428396224976,0.0
8026.0,8026.0,20.0,0.052779193967580795,5e-05,0.13118299841880798,0.0
8027.0,8027.0,20.0,0.07482074946165085,5e-05,0.1067085936665535,0.0
8028.0,8028.0,20.0,0.04736439511179924,5e-05,0.11846506595611572,0.0
8029.0,8029.0,20.0,0.07392624020576477,5e-05,0.13044622540473938,0.0
8030.0,8030.0,20.0,0.05561760812997818,5e-05,0.11429870128631592,0.0
8031.0,8031.0,20.0,0.05885220319032669,5e-05,0.08536388725042343,0.0
8032.0,8032.0,20.0,0.039391398429870605,5e-05,0.1263759285211563,0.0
8033.0,8033.0,20.0,0.05072740092873573,5e-05,0.08990830928087234,0.0
8034.0,8034.0,20.0,0.05410009250044823,5e-05,0.13633476197719574,0.0
8035.0,8035.0,20.0,0.052664048969745636,5e-05,0.07819617539644241,0.0
8036.0,8036.0,20.0,0.06563471257686615,5e-05,0.13771536946296692,0.0
8037.0,8037.0,20.0,0.05506538227200508,5e-05,0.10003673285245895,0.0
8038.0,8038.0,20.0,0.054486412554979324,5e-05,0.12655280530452728,0.0
8039.0,8039.0,20.0,0.0649120956659317,5e-05,0.13394616544246674,0.0
8040.0,8040.0,20.0,0.06454909592866898,5e-05,0.12532305717468262,0.0
8041.0,8041.0,20.0,0.04001820087432861,5e-05,0.1715606451034546,0.0
8042.0,8042.0,20.0,0.06443426012992859,5e-05,0.14722393453121185,0.0
8043.0,8043.0,20.0,0.05790827423334122,5e-05,0.193194180727005,0.0
8044.0,8044.0,20.0,0.060855112969875336,5e-05,0.12039045244455338,0.0
8045.0,8045.0,20.0,0.07235284149646759,5e-05,0.23028723895549774,0.0
8046.0,8046.0,20.0,0.045629195868968964,5e-05,0.1941831111907959,0.0
8047.0,8047.0,20.0,0.05924088507890701,5e-05,0.23435205221176147,0.0
8048.0,8048.0,20.0,0.0522843599319458,5e-05,0.18832924962043762,0.0
8049.0,8049.0,20.0,0.058284178376197815,5e-05,0.2353299856185913,0.0
8050.0,8050.0,20.0,0.06349553167819977,5e-05,0.17646659910678864,0.0
8051.0,8051.0,20.0,0.05860766023397446,5e-05,0.1988736391067505,0.0
8052.0,8052.0,20.0,0.06594659388065338,5e-05,0.14490671455860138,0.0
8053.0,8053.0,20.0,0.054321594536304474,5e-05,0.16715772449970245,0.0
8054.0,8054.0,20.0,0.053116559982299805,5e-05,0.15163519978523254,0.0
8055.0,8055.0,20.0,0.0646175891160965,5e-05,0.11487756669521332,0.0
8056.0,8056.0,20.0,0.06100555136799812,5e-05,0.1676214337348938,0.0
8057.0,8057.0,20.0,0.053272150456905365,5e-05,0.1294010430574417,0.0
8058.0,8058.0,20.0,0.06837406754493713,5e-05,0.21082735061645508,0.0
8059.0,8059.0,20.0,0.059120062738657,5e-05,0.09710489958524704,0.0
8060.0,8060.0,20.0,0.05903157964348793,5e-05,0.15907050669193268,0.0
8061.0,8061.0,20.0,0.06427043676376343,5e-05,0.11450014263391495,0.0
8062.0,8062.0,20.0,0.06502915173768997,5e-05,0.1039767786860466,0.0
8063.0,8063.0,20.0,0.07410542666912079,5e-05,0.1529586762189865,0.0
8064.0,8064.0,20.0,0.05375263839960098,5e-05,0.15071162581443787,0.0
8065.0,8065.0,20.0,0.05272229015827179,5e-05,0.10289063304662704,0.0
8066.0,8066.0,20.0,0.06933753192424774,5e-05,0.1514967530965805,0.0
8067.0,8067.0,20.0,0.06666258722543716,5e-05,0.15140417218208313,0.0
8068.0,8068.0,20.0,0.05915322154760361,5e-05,0.12017873674631119,0.0
8069.0,8069.0,20.0,0.0564626008272171,5e-05,0.19084656238555908,0.0
8070.0,8070.0,20.0,0.06097440794110298,5e-05,0.09040230512619019,0.0
8071.0,8071.0,20.0,0.07689638435840607,5e-05,0.13984854519367218,0.0
8072.0,8072.0,20.0,0.05064017325639725,5e-05,0.11189016699790955,0.0
8073.0,8073.0,20.0,0.06648915261030197,5e-05,0.10199236124753952,0.0
8074.0,8074.0,20.0,0.06313090771436691,5e-05,0.13896198570728302,0.0
8075.0,8075.0,20.0,0.0620228573679924,5e-05,0.126485675573349,0.0
8076.0,8076.0,20.0,0.06600473821163177,5e-05,0.10873612016439438,0.0
8077.0,8077.0,20.0,0.0559837743639946,5e-05,0.15753155946731567,0.0
8078.0,8078.0,20.0,0.06939263641834259,5e-05,0.16726312041282654,0.0
8079.0,8079.0,20.0,0.06314884126186371,5e-05,0.12346543371677399,0.0
8080.0,8080.0,20.0,0.0557609386742115,5e-05,0.15213561058044434,0.0
8081.0,8081.0,20.0,0.058546245098114014,5e-05,0.16885730624198914,0.0
8082.0,8082.0,20.0,0.08118034154176712,5e-05,0.1429804265499115,0.0
8083.0,8083.0,20.0,0.05766201391816139,5e-05,0.17302961647510529,0.0
8084.0,8084.0,20.0,0.06858542561531067,5e-05,0.18407733738422394,0.0
8085.0,8085.0,20.0,0.05976036936044693,5e-05,0.12881247699260712,0.0
8086.0,8086.0,20.0,0.06897488236427307,5e-05,0.1246546134352684,0.0
8087.0,8087.0,20.0,0.06269040703773499,5e-05,0.1871403604745865,0.0
8088.0,8088.0,20.0,0.05017293617129326,5e-05,0.0950465202331543,0.0
8089.0,8089.0,20.0,0.07077094167470932,5e-05,0.1427118480205536,0.0
8090.0,8090.0,20.0,0.05132776498794556,5e-05,0.17642652988433838,0.0
8091.0,8091.0,20.0,0.06576798856258392,5e-05,0.17188625037670135,0.0
8092.0,8092.0,20.0,0.06043060123920441,5e-05,0.1308937519788742,0.0
8093.0,8093.0,20.0,0.049089349806308746,5e-05,0.19967076182365417,0.0
8094.0,8094.0,20.0,0.0534660778939724,5e-05,0.1657237410545349,0.0
8095.0,8095.0,20.0,0.05785699561238289,5e-05,0.15132494270801544,0.0
8096.0,8096.0,20.0,0.07077688723802567,5e-05,0.22058196365833282,0.0
8097.0,8097.0,20.0,0.06907014548778534,5e-05,0.16181915998458862,0.0
8098.0,8098.0,20.0,0.06724009662866592,5e-05,0.1473388820886612,0.0
8099.0,8099.0,20.0,0.062354106456041336,5e-05,0.14298871159553528,0.0
8100.0,8100.0,20.0,0.0667574480175972,5e-05,0.16216833889484406,0.0
8101.0,8101.0,20.0,0.059779588133096695,5e-05,0.1741965264081955,0.0
8102.0,8102.0,20.0,0.06716792285442352,5e-05,0.15385060012340546,0.0
8103.0,8103.0,20.0,0.06686464697122574,5e-05,0.2868177592754364,0.0
8104.0,8104.0,20.0,0.056020792573690414,5e-05,0.11409411579370499,0.0
8105.0,8105.0,20.0,0.07589377462863922,5e-05,0.2581407129764557,0.0
8106.0,8106.0,20.0,0.053482528775930405,5e-05,0.15288163721561432,0.0
8107.0,8107.0,20.0,0.046661339700222015,5e-05,0.1422092169523239,0.0
8108.0,8108.0,20.0,0.0661032646894455,5e-05,0.18505463004112244,0.0
8109.0,8109.0,20.0,0.058445729315280914,5e-05,0.1313253790140152,0.0
8110.0,8110.0,20.0,0.0535658523440361,5e-05,0.11304450780153275,0.0
8111.0,8111.0,20.0,0.05815872922539711,5e-05,0.1795336753129959,0.0
8112.0,8112.0,20.0,0.050154753029346466,5e-05,0.13782697916030884,0.0
8113.0,8113.0,20.0,0.05870683491230011,5e-05,0.1450905054807663,0.0
8114.0,8114.0,20.0,0.06785409152507782,5e-05,0.17958202958106995,0.0
8115.0,8115.0,20.0,0.05125891789793968,5e-05,0.18793661892414093,0.0
8116.0,8116.0,20.0,0.06263014674186707,5e-05,0.16683000326156616,0.0
8117.0,8117.0,20.0,0.06715882569551468,5e-05,0.19640791416168213,0.0
8118.0,8118.0,20.0,0.061383895576000214,5e-05,0.1614082008600235,0.0
8119.0,8119.0,20.0,0.05721801891922951,5e-05,0.14539380371570587,0.0
8120.0,8120.0,20.0,0.0483817532658577,5e-05,0.19684980809688568,0.0
8121.0,8121.0,20.0,0.05284168943762779,5e-05,0.16606950759887695,0.0
8122.0,8122.0,20.0,0.059135712683200836,5e-05,0.2171192616224289,0.0
8123.0,8123.0,20.0,0.058603107929229736,5e-05,0.13545680046081543,0.0
8124.0,8124.0,20.0,0.06575611233711243,5e-05,0.17061510682106018,0.0
8125.0,8125.0,20.0,0.05604138225317001,5e-05,0.19873374700546265,0.0
8126.0,8126.0,20.0,0.07416851818561554,5e-05,0.20186933875083923,0.0
8127.0,8127.0,20.0,0.06527070701122284,5e-05,0.11170259118080139,0.0
8128.0,8128.0,20.0,0.06902138888835907,5e-05,0.19132471084594727,0.0
8129.0,8129.0,20.0,0.07393337041139603,5e-05,0.20702317357063293,0.0
8130.0,8130.0,20.0,0.044724367558956146,5e-05,0.111619733273983,0.0
8131.0,8131.0,20.0,0.05291011184453964,5e-05,0.21658430993556976,0.0
8132.0,8132.0,20.0,0.05824485421180725,5e-05,0.12489978969097137,0.0
8133.0,8133.0,20.0,0.05465453863143921,5e-05,0.14550422132015228,0.0
8134.0,8134.0,20.0,0.0626567155122757,5e-05,0.19776876270771027,0.0
8135.0,8135.0,20.0,0.06983599811792374,5e-05,0.12337414175271988,0.0
8136.0,8136.0,20.0,0.053232647478580475,5e-05,0.1879999190568924,0.0
8137.0,8137.0,20.0,0.060086093842983246,5e-05,0.1364791840314865,0.0
8138.0,8138.0,20.0,0.05921615660190582,5e-05,0.1242511123418808,0.0
8139.0,8139.0,20.0,0.06252051889896393,5e-05,0.18159247934818268,0.0
8140.0,8140.0,20.0,0.0648498386144638,5e-05,0.15522581338882446,0.0
8141.0,8141.0,20.0,0.050861239433288574,5e-05,0.09701111167669296,0.0
8142.0,8142.0,20.0,0.05073275789618492,5e-05,0.10765118896961212,0.0
8143.0,8143.0,20.0,0.05918048322200775,5e-05,0.18670588731765747,0.0
8144.0,8144.0,20.0,0.05195515602827072,5e-05,0.12133029103279114,0.0
8145.0,8145.0,20.0,0.0536082498729229,5e-05,0.13215024769306183,0.0
8146.0,8146.0,20.0,0.054744377732276917,5e-05,0.12135370075702667,0.0
8147.0,8147.0,20.0,0.05989713594317436,5e-05,0.1439574807882309,0.0
8148.0,8148.0,20.0,0.05597340315580368,5e-05,0.1324104219675064,0.0
8149.0,8149.0,20.0,0.05305085703730583,5e-05,0.1514742374420166,0.0
8150.0,8150.0,20.0,0.06395945698022842,5e-05,0.11346001923084259,0.0
8151.0,8151.0,20.0,0.04534237086772919,5e-05,0.1363663375377655,0.0
8152.0,8152.0,20.0,0.058913182467222214,5e-05,0.09784992784261703,0.0
8153.0,8153.0,20.0,0.056645311415195465,5e-05,0.15615394711494446,0.0
8154.0,8154.0,20.0,0.058503881096839905,5e-05,0.11506643891334534,0.0
8155.0,8155.0,20.0,0.061759475618600845,5e-05,0.10957837849855423,0.0
8156.0,8156.0,20.0,0.04568520188331604,5e-05,0.13303612172603607,0.0
8157.0,8157.0,20.0,0.050658613443374634,5e-05,0.17451265454292297,0.0
8158.0,8158.0,20.0,0.0503716766834259,5e-05,0.1637817919254303,0.0
8159.0,8159.0,20.0,0.06161122024059296,5e-05,0.2400253266096115,0.0
8160.0,8160.0,20.0,0.08333764970302582,5e-05,0.10938742756843567,0.0
8161.0,8161.0,20.0,0.05705706775188446,5e-05,0.27434831857681274,0.0
8162.0,8162.0,20.0,0.05445091053843498,5e-05,0.1399764120578766,0.0
8163.0,8163.0,20.0,0.060809433460235596,5e-05,0.2508210241794586,0.0
8164.0,8164.0,20.0,0.06270059943199158,5e-05,0.23806330561637878,0.0
8165.0,8165.0,20.0,0.05215552821755409,5e-05,0.1350850760936737,0.0
8166.0,8166.0,20.0,0.0703253373503685,5e-05,0.19728948175907135,0.0
8167.0,8167.0,20.0,0.0613567978143692,5e-05,0.15617159008979797,0.0
8168.0,8168.0,20.0,0.057859551161527634,5e-05,0.14768552780151367,0.0
8169.0,8169.0,20.0,0.06437241286039352,5e-05,0.1801495999097824,0.0
8170.0,8170.0,20.0,0.05816369131207466,5e-05,0.1449642777442932,0.0
8171.0,8171.0,20.0,0.05089621618390083,5e-05,0.13250873982906342,0.0
8172.0,8172.0,20.0,0.07037386298179626,5e-05,0.19329853355884552,0.0
8173.0,8173.0,20.0,0.04754595458507538,5e-05,0.13213323056697845,0.0
8174.0,8174.0,20.0,0.06012382358312607,5e-05,0.23244673013687134,0.0
8175.0,8175.0,20.0,0.05537303909659386,5e-05,0.1159825474023819,0.0
8176.0,8176.0,20.0,0.064626045525074,5e-05,0.16928952932357788,0.0
8177.0,8177.0,20.0,0.055409327149391174,5e-05,0.1928599774837494,0.0
8178.0,8178.0,20.0,0.06564104557037354,5e-05,0.1479111909866333,0.0
8179.0,8179.0,20.0,0.0648425817489624,5e-05,0.16235339641571045,0.0
8180.0,8180.0,20.0,0.05105515941977501,5e-05,0.1156720221042633,0.0
8181.0,8181.0,20.0,0.06708722561597824,5e-05,0.1546829640865326,0.0
8182.0,8182.0,20.0,0.046676088124513626,5e-05,0.12087072432041168,0.0
8183.0,8183.0,20.0,0.07323703169822693,5e-05,0.12999697029590607,0.0
8184.0,8184.0,20.0,0.07451173663139343,5e-05,0.20026783645153046,0.0
8185.0,8185.0,20.0,0.054899800568819046,5e-05,0.19612756371498108,0.0
8186.0,8186.0,20.0,0.06033855304121971,5e-05,0.1711406409740448,0.0
8187.0,8187.0,20.0,0.05581578612327576,5e-05,0.1362178921699524,0.0
8188.0,8188.0,20.0,0.07243359833955765,5e-05,0.17326553165912628,0.0
8189.0,8189.0,20.0,0.05821847543120384,5e-05,0.24685615301132202,0.0
8190.0,8190.0,20.0,0.05687659606337547,5e-05,0.13846176862716675,0.0
8191.0,8191.0,21.0,0.053991395980119705,5e-05,0.19468757510185242,0.0
8192.0,8192.0,21.0,0.064176045358181,5e-05,0.2229006290435791,0.0
8193.0,8193.0,21.0,0.050603680312633514,5e-05,0.11436676979064941,0.0
8194.0,8194.0,21.0,0.05142912268638611,5e-05,0.14708586037158966,0.0
8195.0,8195.0,21.0,0.059742335230112076,5e-05,0.21951617300510406,0.0
8196.0,8196.0,21.0,0.05225786194205284,5e-05,0.1361127346754074,0.0
8197.0,8197.0,21.0,0.040933847427368164,5e-05,0.19105200469493866,0.0
8198.0,8198.0,21.0,0.05668918043375015,5e-05,0.13486595451831818,0.0
8199.0,8199.0,21.0,0.049954622983932495,5e-05,0.20166745781898499,0.0
8200.0,8200.0,21.0,0.05583103746175766,5e-05,0.13785140216350555,0.0
8201.0,8201.0,21.0,0.04730164259672165,5e-05,0.19147475063800812,0.0
8202.0,8202.0,21.0,0.06336173415184021,5e-05,0.15875352919101715,0.0
8203.0,8203.0,21.0,0.06514806300401688,5e-05,0.09621860086917877,0.0
8204.0,8204.0,21.0,0.054669372737407684,5e-05,0.17643636465072632,0.0
8205.0,8205.0,21.0,0.07062114030122757,5e-05,0.1816641241312027,0.0
8206.0,8206.0,21.0,0.04911668226122856,5e-05,0.10211088508367538,0.0
8207.0,8207.0,21.0,0.05135580897331238,5e-05,0.16370435059070587,0.0
8208.0,8208.0,21.0,0.05747944861650467,5e-05,0.10816450417041779,0.0
8209.0,8209.0,21.0,0.05310693383216858,5e-05,0.2165130227804184,0.0
8210.0,8210.0,21.0,0.0639786571264267,5e-05,0.08750839531421661,0.0
8211.0,8211.0,21.0,0.06503351032733917,5e-05,0.19813498854637146,0.0
8212.0,8212.0,21.0,0.05839277431368828,5e-05,0.10262460261583328,0.0
8213.0,8213.0,21.0,0.06661752611398697,5e-05,0.1524815559387207,0.0
8214.0,8214.0,21.0,0.054585956037044525,5e-05,0.19888854026794434,0.0
8215.0,8215.0,21.0,0.07467638701200485,5e-05,0.17706328630447388,0.0
8216.0,8216.0,21.0,0.05794161185622215,5e-05,0.18982504308223724,0.0
8217.0,8217.0,21.0,0.056900180876255035,5e-05,0.12085926532745361,0.0
8218.0,8218.0,21.0,0.053979165852069855,5e-05,0.15962551534175873,0.0
8219.0,8219.0,21.0,0.05698055028915405,5e-05,0.11147350817918777,0.0
8220.0,8220.0,21.0,0.04982936382293701,5e-05,0.10295742750167847,0.0
8221.0,8221.0,21.0,0.0546688511967659,5e-05,0.116629958152771,0.0
8222.0,8222.0,21.0,0.05315659940242767,5e-05,0.11315781623125076,0.0
8223.0,8223.0,21.0,0.06766336411237717,5e-05,0.18740443885326385,0.0
8224.0,8224.0,21.0,0.06435362249612808,5e-05,0.09942526370286942,0.0
8225.0,8225.0,21.0,0.04465720057487488,5e-05,0.15128543972969055,0.0
8226.0,8226.0,21.0,0.05963436886668205,5e-05,0.15838612616062164,0.0
8227.0,8227.0,21.0,0.05983094125986099,5e-05,0.11909619718790054,0.0
8228.0,8228.0,21.0,0.0547652542591095,5e-05,0.12977582216262817,0.0
8229.0,8229.0,21.0,0.06709450483322144,5e-05,0.17966589331626892,0.0
8230.0,8230.0,21.0,0.05776539444923401,5e-05,0.17193610966205597,0.0
8231.0,8231.0,21.0,0.050619013607501984,5e-05,0.08342336863279343,0.0
8232.0,8232.0,21.0,0.08321616053581238,5e-05,0.21144720911979675,0.0
8233.0,8233.0,21.0,0.05754999816417694,5e-05,0.13419950008392334,0.0
8234.0,8234.0,21.0,0.06071345508098602,5e-05,0.17524658143520355,0.0
8235.0,8235.0,21.0,0.07040775567293167,5e-05,0.16655290126800537,0.0
8236.0,8236.0,21.0,0.055305108428001404,5e-05,0.1985791027545929,0.0
8237.0,8237.0,21.0,0.05880383774638176,5e-05,0.11806215345859528,0.0
8238.0,8238.0,21.0,0.0543941967189312,5e-05,0.19259077310562134,0.0
8239.0,8239.0,21.0,0.06843549758195877,5e-05,0.1504099816083908,0.0
8240.0,8240.0,21.0,0.06542060524225235,5e-05,0.18291689455509186,0.0
8241.0,8241.0,21.0,0.05954708531498909,5e-05,0.1468321830034256,0.0
8242.0,8242.0,21.0,0.06547114253044128,5e-05,0.12565037608146667,0.0
8243.0,8243.0,21.0,0.04730960354208946,5e-05,0.18977439403533936,0.0
8244.0,8244.0,21.0,0.04800402373075485,5e-05,0.10653204470872879,0.0
8245.0,8245.0,21.0,0.054437749087810516,5e-05,0.153049036860466,0.0
8246.0,8246.0,21.0,0.060246217995882034,5e-05,0.1205027773976326,0.0
8247.0,8247.0,21.0,0.06269145011901855,5e-05,0.14213311672210693,0.0
8248.0,8248.0,21.0,0.0502515584230423,5e-05,0.15414662659168243,0.0
8249.0,8249.0,21.0,0.06127498298883438,5e-05,0.12903457880020142,0.0
8250.0,8250.0,21.0,0.042697399854660034,5e-05,0.14487402141094208,0.0
8251.0,8251.0,21.0,0.05506996065378189,5e-05,0.1339394599199295,0.0
8252.0,8252.0,21.0,0.06774292886257172,5e-05,0.1455347090959549,0.0
8253.0,8253.0,21.0,0.05778736621141434,5e-05,0.09441574662923813,0.0
8254.0,8254.0,21.0,0.05280887335538864,5e-05,0.11246645450592041,0.0
8255.0,8255.0,21.0,0.05393695831298828,5e-05,0.09978149831295013,0.0
8256.0,8256.0,21.0,0.06744050979614258,5e-05,0.11931721121072769,0.0
8257.0,8257.0,21.0,0.055966924875974655,5e-05,0.14560705423355103,0.0
8258.0,8258.0,21.0,0.055938176810741425,5e-05,0.1540776938199997,0.0
8259.0,8259.0,21.0,0.054284658282995224,5e-05,0.13220572471618652,0.0
8260.0,8260.0,21.0,0.05267643928527832,5e-05,0.13684168457984924,0.0
8261.0,8261.0,21.0,0.05359591543674469,5e-05,0.09937122464179993,0.0
8262.0,8262.0,21.0,0.0804276168346405,5e-05,0.2501008212566376,0.0
8263.0,8263.0,21.0,0.05900733172893524,5e-05,0.13619033992290497,0.0
8264.0,8264.0,21.0,0.045212917029857635,5e-05,0.1401209682226181,0.0
8265.0,8265.0,21.0,0.05104801803827286,5e-05,0.21519768238067627,0.0
8266.0,8266.0,21.0,0.058929696679115295,5e-05,0.10652736574411392,0.0
8267.0,8267.0,21.0,0.06528384983539581,5e-05,0.10198566317558289,0.0
8268.0,8268.0,21.0,0.06276494264602661,5e-05,0.1880331039428711,0.0
8269.0,8269.0,21.0,0.049609653651714325,5e-05,0.13574188947677612,0.0
8270.0,8270.0,21.0,0.06569330394268036,5e-05,0.09672656655311584,0.0
8271.0,8271.0,21.0,0.0696505457162857,5e-05,0.17773251235485077,0.0
8272.0,8272.0,21.0,0.06670980900526047,5e-05,0.17250679433345795,0.0
8273.0,8273.0,21.0,0.06677877902984619,5e-05,0.15069593489170074,0.0
8274.0,8274.0,21.0,0.05646318942308426,5e-05,0.15726259350776672,0.0
8275.0,8275.0,21.0,0.05247984826564789,5e-05,0.12640181183815002,0.0
8276.0,8276.0,21.0,0.06327991187572479,5e-05,0.12159163504838943,0.0
8277.0,8277.0,21.0,0.060768745839595795,5e-05,0.1476873755455017,0.0
8278.0,8278.0,21.0,0.051432278007268906,5e-05,0.12354356050491333,0.0
8279.0,8279.0,21.0,0.05165427550673485,5e-05,0.09081222116947174,0.0
8280.0,8280.0,21.0,0.05999401584267616,5e-05,0.14520636200904846,0.0
8281.0,8281.0,21.0,0.06956024467945099,5e-05,0.1297673135995865,0.0
8282.0,8282.0,21.0,0.061026401817798615,5e-05,0.10093867778778076,0.0
8283.0,8283.0,21.0,0.06253041326999664,5e-05,0.1732839196920395,0.0
8284.0,8284.0,21.0,0.04650171101093292,5e-05,0.09861385822296143,0.0
8285.0,8285.0,21.0,0.0745345950126648,5e-05,0.17200127243995667,0.0
8286.0,8286.0,21.0,0.05938570201396942,5e-05,0.1159963458776474,0.0
8287.0,8287.0,21.0,0.04406624659895897,5e-05,0.11431016772985458,0.0
8288.0,8288.0,21.0,0.07831670343875885,5e-05,0.17331050336360931,0.0
8289.0,8289.0,21.0,0.0511360764503479,5e-05,0.11408927291631699,0.0
8290.0,8290.0,21.0,0.05848762392997742,5e-05,0.10670898854732513,0.0
8291.0,8291.0,21.0,0.06837790459394455,5e-05,0.2039611041545868,0.0
8292.0,8292.0,21.0,0.05874305218458176,5e-05,0.09679387509822845,0.0
8293.0,8293.0,21.0,0.060708798468112946,5e-05,0.13497553765773773,0.0
8294.0,8294.0,21.0,0.059555139392614365,5e-05,0.10848317295312881,0.0
8295.0,8295.0,21.0,0.05723167210817337,5e-05,0.1058468148112297,0.0
8296.0,8296.0,21.0,0.06087370216846466,5e-05,0.14919675886631012,0.0
8297.0,8297.0,21.0,0.052912622690200806,5e-05,0.10920459032058716,0.0
8298.0,8298.0,21.0,0.059244826436042786,5e-05,0.1473202407360077,0.0
8299.0,8299.0,21.0,0.06760197877883911,5e-05,0.10315411537885666,0.0
8300.0,8300.0,21.0,0.05577746033668518,5e-05,0.08607719093561172,0.0
8301.0,8301.0,21.0,0.07571586221456528,5e-05,0.19511264562606812,0.0
8302.0,8302.0,21.0,0.0694909617304802,5e-05,0.12819702923297882,0.0
8303.0,8303.0,21.0,0.05307456851005554,5e-05,0.16128356754779816,0.0
8304.0,8304.0,21.0,0.06945481896400452,5e-05,0.15732993185520172,0.0
8305.0,8305.0,21.0,0.059369444847106934,5e-05,0.1792834997177124,0.0
8306.0,8306.0,21.0,0.059694014489650726,5e-05,0.13106641173362732,0.0
8307.0,8307.0,21.0,0.05481591820716858,5e-05,0.13033346831798553,0.0
8308.0,8308.0,21.0,0.052404265850782394,5e-05,0.11281921714544296,0.0
8309.0,8309.0,21.0,0.060158759355545044,5e-05,0.14957839250564575,0.0
8310.0,8310.0,21.0,0.06524974852800369,5e-05,0.14485256373882294,0.0
8311.0,8311.0,21.0,0.053343988955020905,5e-05,0.11551281064748764,0.0
8312.0,8312.0,21.0,0.07177452743053436,5e-05,0.14206984639167786,0.0
8313.0,8313.0,21.0,0.0497736781835556,5e-05,0.1076800599694252,0.0
8314.0,8314.0,21.0,0.0715331882238388,5e-05,0.12814272940158844,0.0
8315.0,8315.0,21.0,0.04865807667374611,5e-05,0.17705121636390686,0.0
8316.0,8316.0,21.0,0.053074195981025696,5e-05,0.13021112978458405,0.0
8317.0,8317.0,21.0,0.07460574805736542,5e-05,0.16733114421367645,0.0
8318.0,8318.0,21.0,0.05097440257668495,5e-05,0.12832213938236237,0.0
8319.0,8319.0,21.0,0.061504095792770386,5e-05,0.12281995266675949,0.0
8320.0,8320.0,21.0,0.05703737586736679,5e-05,0.12906160950660706,0.0
8321.0,8321.0,21.0,0.07105673104524612,5e-05,0.15041233599185944,0.0
8322.0,8322.0,21.0,0.05890658125281334,5e-05,0.11523684859275818,0.0
8323.0,8323.0,21.0,0.059226810932159424,5e-05,0.1681487113237381,0.0
8324.0,8324.0,21.0,0.06452535837888718,5e-05,0.1096375584602356,0.0
8325.0,8325.0,21.0,0.0503474622964859,5e-05,0.13674946129322052,0.0
8326.0,8326.0,21.0,0.054315101355314255,5e-05,0.15035311877727509,0.0
8327.0,8327.0,21.0,0.05101357027888298,5e-05,0.12657395005226135,0.0
8328.0,8328.0,21.0,0.058544889092445374,5e-05,0.15580134093761444,0.0
8329.0,8329.0,21.0,0.05964433401823044,5e-05,0.15582473576068878,0.0
8330.0,8330.0,21.0,0.05736315995454788,5e-05,0.13367941975593567,0.0
8331.0,8331.0,21.0,0.057405196130275726,5e-05,0.11837752908468246,0.0
8332.0,8332.0,21.0,0.054961659014225006,5e-05,0.13248983025550842,0.0
8333.0,8333.0,21.0,0.05071818456053734,5e-05,0.10137634724378586,0.0
8334.0,8334.0,21.0,0.05931110307574272,5e-05,0.10455296188592911,0.0
8335.0,8335.0,21.0,0.049834709614515305,5e-05,0.13455694913864136,0.0
8336.0,8336.0,21.0,0.05029163509607315,5e-05,0.08636253327131271,0.0
8337.0,8337.0,21.0,0.057821124792099,5e-05,0.14549027383327484,0.0
8338.0,8338.0,21.0,0.061184853315353394,5e-05,0.11990708857774734,0.0
8339.0,8339.0,21.0,0.05614101141691208,5e-05,0.08138469606637955,0.0
8340.0,8340.0,21.0,0.04504592344164848,5e-05,0.14499017596244812,0.0
8341.0,8341.0,21.0,0.05281689018011093,5e-05,0.12712877988815308,0.0
8342.0,8342.0,21.0,0.06731869280338287,5e-05,0.16306304931640625,0.0
8343.0,8343.0,21.0,0.06394270062446594,5e-05,0.13231056928634644,0.0
8344.0,8344.0,21.0,0.06077728420495987,5e-05,0.10310058295726776,0.0
8345.0,8345.0,21.0,0.05667800083756447,5e-05,0.16901855170726776,0.0
8346.0,8346.0,21.0,0.06138685718178749,5e-05,0.12086361646652222,0.0
8347.0,8347.0,21.0,0.052847739309072495,5e-05,0.14643774926662445,0.0
8348.0,8348.0,21.0,0.05986076593399048,5e-05,0.157973513007164,0.0
8349.0,8349.0,21.0,0.0525791272521019,5e-05,0.09935120493173599,0.0
8350.0,8350.0,21.0,0.05579114332795143,5e-05,0.1374710351228714,0.0
8351.0,8351.0,21.0,0.059858739376068115,5e-05,0.13426077365875244,0.0
8352.0,8352.0,21.0,0.06439630687236786,5e-05,0.13956408202648163,0.0
8353.0,8353.0,21.0,0.0806746631860733,5e-05,0.14054441452026367,0.0
8354.0,8354.0,21.0,0.0711861103773117,5e-05,0.1857357770204544,0.0
8355.0,8355.0,21.0,0.07365524768829346,5e-05,0.14917173981666565,0.0
8356.0,8356.0,21.0,0.07187005877494812,5e-05,0.23007197678089142,0.0
8357.0,8357.0,21.0,0.057501859962940216,5e-05,0.1008383110165596,0.0
8358.0,8358.0,21.0,0.06353434920310974,5e-05,0.23394669592380524,0.0
8359.0,8359.0,21.0,0.06361716240644455,5e-05,0.1817748099565506,0.0
8360.0,8360.0,21.0,0.05078018829226494,5e-05,0.10932695865631104,0.0
8361.0,8361.0,21.0,0.05570018291473389,5e-05,0.152329683303833,0.0
8362.0,8362.0,21.0,0.05694399029016495,5e-05,0.13792946934700012,0.0
8363.0,8363.0,21.0,0.05264636501669884,5e-05,0.17389336228370667,0.0
8364.0,8364.0,21.0,0.06080545112490654,5e-05,0.11232379078865051,0.0
8365.0,8365.0,21.0,0.05714815482497215,5e-05,0.17608289420604706,0.0
8366.0,8366.0,21.0,0.04769317805767059,5e-05,0.1578943431377411,0.0
8367.0,8367.0,21.0,0.059310853481292725,5e-05,0.08148420602083206,0.0
8368.0,8368.0,21.0,0.07223854213953018,5e-05,0.19425322115421295,0.0
8369.0,8369.0,21.0,0.06495604664087296,5e-05,0.20617391169071198,0.0
8370.0,8370.0,21.0,0.05194752290844917,5e-05,0.09678632020950317,0.0
8371.0,8371.0,21.0,0.037736307829618454,5e-05,0.14335286617279053,0.0
8372.0,8372.0,21.0,0.045725591480731964,5e-05,0.15346398949623108,0.0
8373.0,8373.0,21.0,0.059222012758255005,5e-05,0.14662012457847595,0.0
8374.0,8374.0,21.0,0.06018519029021263,5e-05,0.0760103091597557,0.0
8375.0,8375.0,21.0,0.05801787227392197,5e-05,0.15708041191101074,0.0
8376.0,8376.0,21.0,0.057386625558137894,5e-05,0.09194803982973099,0.0
8377.0,8377.0,21.0,0.04149501398205757,5e-05,0.12090534716844559,0.0
8378.0,8378.0,21.0,0.05667126178741455,5e-05,0.11843833327293396,0.0
8379.0,8379.0,21.0,0.058792050927877426,5e-05,0.1924268752336502,0.0
8380.0,8380.0,21.0,0.061739481985569,5e-05,0.1421831101179123,0.0
8381.0,8381.0,21.0,0.059393659234046936,5e-05,0.16574737429618835,0.0
8382.0,8382.0,21.0,0.06853381544351578,5e-05,0.17665454745292664,0.0
8383.0,8383.0,21.0,0.05457121878862381,5e-05,0.10388202965259552,0.0
8384.0,8384.0,21.0,0.06366550177335739,5e-05,0.15522682666778564,0.0
8385.0,8385.0,21.0,0.05987852066755295,5e-05,0.1770431399345398,0.0
8386.0,8386.0,21.0,0.05075078830122948,5e-05,0.1076788529753685,0.0
8387.0,8387.0,21.0,0.044336967170238495,5e-05,0.13624069094657898,0.0
8388.0,8388.0,21.0,0.06459475308656693,5e-05,0.18397647142410278,0.0
8389.0,8389.0,21.0,0.0584806352853775,5e-05,0.13645589351654053,0.0
8390.0,8390.0,21.0,0.07370617240667343,5e-05,0.1293436586856842,0.0
8391.0,8391.0,21.0,0.05964035540819168,5e-05,0.1580127626657486,0.0
8392.0,8392.0,21.0,0.06063959002494812,5e-05,0.1373540759086609,0.0
8393.0,8393.0,21.0,0.05128379538655281,5e-05,0.17322345077991486,0.0
8394.0,8394.0,21.0,0.061273008584976196,5e-05,0.17509104311466217,0.0
8395.0,8395.0,21.0,0.057169701904058456,5e-05,0.14915567636489868,0.0
8396.0,8396.0,21.0,0.05920586735010147,5e-05,0.15328210592269897,0.0
8397.0,8397.0,21.0,0.06985440105199814,5e-05,0.1758437156677246,0.0
8398.0,8398.0,21.0,0.0573330894112587,5e-05,0.15670031309127808,0.0
8399.0,8399.0,21.0,0.05554134398698807,5e-05,0.1060776561498642,0.0
8400.0,8400.0,21.0,0.053753599524497986,5e-05,0.12629058957099915,0.0
8401.0,8401.0,21.0,0.05890439450740814,5e-05,0.09684444963932037,0.0
8402.0,8402.0,21.0,0.06397771835327148,5e-05,0.13151712715625763,0.0
8403.0,8403.0,21.0,0.055663589388132095,5e-05,0.1141367182135582,0.0
8404.0,8404.0,21.0,0.06532840430736542,5e-05,0.12925958633422852,0.0
8405.0,8405.0,21.0,0.05515081807971001,5e-05,0.17767173051834106,0.0
8406.0,8406.0,21.0,0.06379212439060211,5e-05,0.16296449303627014,0.0
8407.0,8407.0,21.0,0.05697057768702507,5e-05,0.14506694674491882,0.0
8408.0,8408.0,21.0,0.06441575288772583,5e-05,0.17122647166252136,0.0
8409.0,8409.0,21.0,0.06244087964296341,5e-05,0.12553241848945618,0.0
8410.0,8410.0,21.0,0.049860406666994095,5e-05,0.16341152787208557,0.0
8411.0,8411.0,21.0,0.05673409253358841,5e-05,0.15734173357486725,0.0
8412.0,8412.0,21.0,0.058772169053554535,5e-05,0.1600257158279419,0.0
8413.0,8413.0,21.0,0.05632930248975754,5e-05,0.1511526256799698,0.0
8414.0,8414.0,21.0,0.04808926582336426,5e-05,0.07196450978517532,0.0
8415.0,8415.0,21.0,0.04436718672513962,5e-05,0.17467281222343445,0.0
8416.0,8416.0,21.0,0.05600950866937637,5e-05,0.1596795618534088,0.0
8417.0,8417.0,21.0,0.050523385405540466,5e-05,0.08376077562570572,0.0
8418.0,8418.0,21.0,0.050502240657806396,5e-05,0.20057274401187897,0.0
8419.0,8419.0,21.0,0.06505632400512695,5e-05,0.18124933540821075,0.0
8420.0,8420.0,21.0,0.058966752141714096,5e-05,0.17935846745967865,0.0
8421.0,8421.0,21.0,0.052592262625694275,5e-05,0.18627427518367767,0.0
8422.0,8422.0,21.0,0.055424563586711884,5e-05,0.10309173911809921,0.0
8423.0,8423.0,21.0,0.06449685990810394,5e-05,0.1543758511543274,0.0
8424.0,8424.0,21.0,0.05759219825267792,5e-05,0.14406545460224152,0.0
8425.0,8425.0,21.0,0.052789464592933655,5e-05,0.1429985761642456,0.0
8426.0,8426.0,21.0,0.06510034203529358,5e-05,0.21694475412368774,0.0
8427.0,8427.0,21.0,0.04969280585646629,5e-05,0.08693024516105652,0.0
8428.0,8428.0,21.0,0.06248372048139572,5e-05,0.16203618049621582,0.0
8429.0,8429.0,21.0,0.056931182742118835,5e-05,0.17355188727378845,0.0
8430.0,8430.0,21.0,0.063543900847435,5e-05,0.11863624304533005,0.0
8431.0,8431.0,21.0,0.06456482410430908,5e-05,0.11292559653520584,0.0
8432.0,8432.0,21.0,0.05349012464284897,5e-05,0.06980649381875992,0.0
8433.0,8433.0,21.0,0.07114684581756592,5e-05,0.09199465811252594,0.0
8434.0,8434.0,21.0,0.07092113792896271,5e-05,0.1339321732521057,0.0
8435.0,8435.0,21.0,0.053438544273376465,5e-05,0.09338817745447159,0.0
8436.0,8436.0,21.0,0.05210920795798302,5e-05,0.10103043913841248,0.0
8437.0,8437.0,21.0,0.07333174347877502,5e-05,0.12461137771606445,0.0
8438.0,8438.0,21.0,0.055051807314157486,5e-05,0.09087095409631729,0.0
8439.0,8439.0,21.0,0.0740751326084137,5e-05,0.11532291024923325,0.0
8440.0,8440.0,21.0,0.056426264345645905,5e-05,0.10315601527690887,0.0
8441.0,8441.0,21.0,0.05020967498421669,5e-05,0.08888239413499832,0.0
8442.0,8442.0,21.0,0.049241676926612854,5e-05,0.09456244856119156,0.0
8443.0,8443.0,21.0,0.055847711861133575,5e-05,0.14340049028396606,0.0
8444.0,8444.0,21.0,0.06274363398551941,5e-05,0.12523743510246277,0.0
8445.0,8445.0,21.0,0.06171327456831932,5e-05,0.16949094831943512,0.0
8446.0,8446.0,21.0,0.05956365168094635,5e-05,0.13921429216861725,0.0
8447.0,8447.0,21.0,0.04807285964488983,5e-05,0.08072749525308609,0.0
8448.0,8448.0,21.0,0.05753988027572632,5e-05,0.16768178343772888,0.0
8449.0,8449.0,21.0,0.04468343406915665,5e-05,0.09729186445474625,0.0
8450.0,8450.0,21.0,0.06209370866417885,5e-05,0.17179551720619202,0.0
8451.0,8451.0,21.0,0.06012970954179764,5e-05,0.14270685613155365,0.0
8452.0,8452.0,21.0,0.04782502353191376,5e-05,0.1320732831954956,0.0
8453.0,8453.0,21.0,0.054284192621707916,5e-05,0.17573459446430206,0.0
8454.0,8454.0,21.0,0.05237383767962456,5e-05,0.11076819151639938,0.0
8455.0,8455.0,21.0,0.05765082314610481,5e-05,0.18498477339744568,0.0
8456.0,8456.0,21.0,0.06194882094860077,5e-05,0.10930000245571136,0.0
8457.0,8457.0,21.0,0.06348511576652527,5e-05,0.23089386522769928,0.0
8458.0,8458.0,21.0,0.05755627527832985,5e-05,0.10600584000349045,0.0
8459.0,8459.0,21.0,0.06024489551782608,5e-05,0.20608994364738464,0.0
8460.0,8460.0,21.0,0.05420980975031853,5e-05,0.1872711181640625,0.0
8461.0,8461.0,21.0,0.06373322010040283,5e-05,0.21304942667484283,0.0
8462.0,8462.0,21.0,0.06249769777059555,5e-05,0.2284591794013977,0.0
8463.0,8463.0,21.0,0.0640825554728508,5e-05,0.15289491415023804,0.0
8464.0,8464.0,21.0,0.050739262253046036,5e-05,0.18669627606868744,0.0
8465.0,8465.0,21.0,0.05968707799911499,5e-05,0.15209990739822388,0.0
8466.0,8466.0,21.0,0.05456762760877609,5e-05,0.12653480470180511,0.0
8467.0,8467.0,21.0,0.06606106460094452,5e-05,0.14378440380096436,0.0
8468.0,8468.0,21.0,0.04993300139904022,5e-05,0.11717075854539871,0.0
8469.0,8469.0,21.0,0.0761871188879013,5e-05,0.1626446396112442,0.0
8470.0,8470.0,21.0,0.05784827470779419,5e-05,0.11217252165079117,0.0
8471.0,8471.0,21.0,0.054901208728551865,5e-05,0.13226591050624847,0.0
8472.0,8472.0,21.0,0.047613851726055145,5e-05,0.18720337748527527,0.0
8473.0,8473.0,21.0,0.05199257656931877,5e-05,0.0885167196393013,0.0
8474.0,8474.0,21.0,0.06564626097679138,5e-05,0.15961934626102448,0.0
8475.0,8475.0,21.0,0.0628819391131401,5e-05,0.12957501411437988,0.0
8476.0,8476.0,21.0,0.07121562212705612,5e-05,0.14016522467136383,0.0
8477.0,8477.0,21.0,0.06927858293056488,5e-05,0.11502845585346222,0.0
8478.0,8478.0,21.0,0.057518284767866135,5e-05,0.11509101092815399,0.0
8479.0,8479.0,21.0,0.06472980976104736,5e-05,0.1608198583126068,0.0
8480.0,8480.0,21.0,0.061926230788230896,5e-05,0.10341890901327133,0.0
8481.0,8481.0,21.0,0.06759735941886902,5e-05,0.15070584416389465,0.0
8482.0,8482.0,21.0,0.06376319378614426,5e-05,0.16642770171165466,0.0
8483.0,8483.0,21.0,0.04967009276151657,5e-05,0.10662151128053665,0.0
8484.0,8484.0,21.0,0.056050315499305725,5e-05,0.19831134378910065,0.0
8485.0,8485.0,21.0,0.05334768444299698,5e-05,0.10472285002470016,0.0
8486.0,8486.0,21.0,0.06854589283466339,5e-05,0.12572437524795532,0.0
8487.0,8487.0,21.0,0.053640179336071014,5e-05,0.15989643335342407,0.0
8488.0,8488.0,21.0,0.058854587376117706,5e-05,0.12359234690666199,0.0
8489.0,8489.0,21.0,0.052269477397203445,5e-05,0.21957066655158997,0.0
8490.0,8490.0,21.0,0.04856821522116661,5e-05,0.19888894259929657,0.0
8491.0,8491.0,21.0,0.06485172361135483,5e-05,0.15953265130519867,0.0
8492.0,8492.0,21.0,0.06681811064481735,5e-05,0.19857348501682281,0.0
8493.0,8493.0,21.0,0.07639405876398087,5e-05,0.17618286609649658,0.0
8494.0,8494.0,21.0,0.056896742433309555,5e-05,0.21196022629737854,0.0
8495.0,8495.0,21.0,0.05362606421113014,5e-05,0.1543920785188675,0.0
8496.0,8496.0,21.0,0.04971176013350487,5e-05,0.13137950003147125,0.0
8497.0,8497.0,21.0,0.055644191801548004,5e-05,0.1564025729894638,0.0
8498.0,8498.0,21.0,0.06217212229967117,5e-05,0.10850783437490463,0.0
8499.0,8499.0,21.0,0.06531161069869995,5e-05,0.14721381664276123,0.0
8500.0,8500.0,21.0,0.05043201893568039,5e-05,0.11095074564218521,0.0
8501.0,8501.0,21.0,0.053123701363801956,5e-05,0.0952792763710022,0.0
8502.0,8502.0,21.0,0.05109438672661781,5e-05,0.13210713863372803,0.0
8503.0,8503.0,21.0,0.06464314460754395,5e-05,0.10488293319940567,0.0
8504.0,8504.0,21.0,0.06644804775714874,5e-05,0.13477417826652527,0.0
8505.0,8505.0,21.0,0.05355918034911156,5e-05,0.13993702828884125,0.0
8506.0,8506.0,21.0,0.06400884687900543,5e-05,0.08902671933174133,0.0
8507.0,8507.0,21.0,0.05246066302061081,5e-05,0.17102164030075073,0.0
8508.0,8508.0,21.0,0.04795767366886139,5e-05,0.10950378328561783,0.0
8509.0,8509.0,21.0,0.05895242094993591,5e-05,0.17126931250095367,0.0
8510.0,8510.0,21.0,0.05962243676185608,5e-05,0.16506612300872803,0.0
8511.0,8511.0,21.0,0.05669890344142914,5e-05,0.1197064071893692,0.0
8512.0,8512.0,21.0,0.047635357826948166,5e-05,0.19419459998607635,0.0
8513.0,8513.0,21.0,0.051627274602651596,5e-05,0.1704171895980835,0.0
8514.0,8514.0,21.0,0.04821319505572319,5e-05,0.09971363842487335,0.0
8515.0,8515.0,21.0,0.06550672650337219,5e-05,0.24364829063415527,0.0
8516.0,8516.0,21.0,0.051464393734931946,5e-05,0.18753765523433685,0.0
8517.0,8517.0,21.0,0.07041402161121368,5e-05,0.1787438690662384,0.0
8518.0,8518.0,21.0,0.06330128014087677,5e-05,0.23716269433498383,0.0
8519.0,8519.0,21.0,0.05453366041183472,5e-05,0.12840503454208374,0.0
8520.0,8520.0,21.0,0.05186409130692482,5e-05,0.15335460007190704,0.0
8521.0,8521.0,21.0,0.06552673131227493,5e-05,0.18330952525138855,0.0
8522.0,8522.0,21.0,0.054117731750011444,5e-05,0.10078132152557373,0.0
8523.0,8523.0,21.0,0.06833326816558838,5e-05,0.1003062054514885,0.0
8524.0,8524.0,21.0,0.05932482331991196,5e-05,0.13492067158222198,0.0
8525.0,8525.0,21.0,0.0640278086066246,5e-05,0.13413970172405243,0.0
8526.0,8526.0,21.0,0.062174469232559204,5e-05,0.15049497783184052,0.0
8527.0,8527.0,21.0,0.055856697261333466,5e-05,0.15833525359630585,0.0
8528.0,8528.0,21.0,0.06395995616912842,5e-05,0.17399683594703674,0.0
8529.0,8529.0,21.0,0.05681278556585312,5e-05,0.21268953382968903,0.0
8530.0,8530.0,21.0,0.0633731558918953,5e-05,0.10667933523654938,0.0
8531.0,8531.0,21.0,0.06637844443321228,5e-05,0.19696520268917084,0.0
8532.0,8532.0,21.0,0.06414660811424255,5e-05,0.13276398181915283,0.0
8533.0,8533.0,21.0,0.06718191504478455,5e-05,0.11810631304979324,0.0
8534.0,8534.0,21.0,0.06676957756280899,5e-05,0.17648451030254364,0.0
8535.0,8535.0,21.0,0.06396301090717316,5e-05,0.20441551506519318,0.0
8536.0,8536.0,21.0,0.06690183281898499,5e-05,0.1943027377128601,0.0
8537.0,8537.0,21.0,0.07261474430561066,5e-05,0.20747250318527222,0.0
8538.0,8538.0,21.0,0.05915358290076256,5e-05,0.1411130130290985,0.0
8539.0,8539.0,21.0,0.046886324882507324,5e-05,0.2077406942844391,0.0
8540.0,8540.0,21.0,0.061645541340112686,5e-05,0.13074471056461334,0.0
8541.0,8541.0,21.0,0.05460807681083679,5e-05,0.23836450278759003,0.0
8542.0,8542.0,21.0,0.071688711643219,5e-05,0.1987193524837494,0.0
8543.0,8543.0,21.0,0.06500869244337082,5e-05,0.16634124517440796,0.0
8544.0,8544.0,21.0,0.07046857476234436,5e-05,0.2608068883419037,0.0
8545.0,8545.0,21.0,0.06926269084215164,5e-05,0.1073608249425888,0.0
8546.0,8546.0,21.0,0.06901956349611282,5e-05,0.25265002250671387,0.0
8547.0,8547.0,21.0,0.05171804130077362,5e-05,0.1797284185886383,0.0
8548.0,8548.0,21.0,0.05537782236933708,5e-05,0.1096169501543045,0.0
8549.0,8549.0,21.0,0.06180283799767494,5e-05,0.2709185481071472,0.0
8550.0,8550.0,21.0,0.06355749815702438,5e-05,0.1406119167804718,0.0
8551.0,8551.0,21.0,0.057949140667915344,5e-05,0.1775922030210495,0.0
8552.0,8552.0,21.0,0.056434985250234604,5e-05,0.25141093134880066,0.0
8553.0,8553.0,21.0,0.06838789582252502,5e-05,0.17345908284187317,0.0
8554.0,8554.0,21.0,0.060564540326595306,5e-05,0.24027705192565918,0.0
8555.0,8555.0,21.0,0.05647996813058853,5e-05,0.07927276194095612,0.0
8556.0,8556.0,21.0,0.05957673862576485,5e-05,0.14656125009059906,0.0
8557.0,8557.0,21.0,0.06665052473545074,5e-05,0.1910337209701538,0.0
8558.0,8558.0,21.0,0.056637510657310486,5e-05,0.14374969899654388,0.0
8559.0,8559.0,21.0,0.04765050858259201,5e-05,0.16336287558078766,0.0
8560.0,8560.0,21.0,0.06480474770069122,5e-05,0.19823500514030457,0.0
8561.0,8561.0,21.0,0.06732399016618729,5e-05,0.1574804186820984,0.0
8562.0,8562.0,21.0,0.05736823007464409,5e-05,0.16727815568447113,0.0
8563.0,8563.0,21.0,0.05176921188831329,5e-05,0.19682177901268005,0.0
8564.0,8564.0,21.0,0.06390367448329926,5e-05,0.17891915142536163,0.0
8565.0,8565.0,21.0,0.045868244022130966,5e-05,0.16643238067626953,0.0
8566.0,8566.0,21.0,0.05432998389005661,5e-05,0.16288910806179047,0.0
8567.0,8567.0,21.0,0.071192666888237,5e-05,0.20788055658340454,0.0
8568.0,8568.0,21.0,0.06818940490484238,5e-05,0.14869484305381775,0.0
8569.0,8569.0,21.0,0.06109242141246796,5e-05,0.1875084638595581,0.0
8570.0,8570.0,21.0,0.05046042054891586,5e-05,0.12517143785953522,0.0
8571.0,8571.0,21.0,0.06053508445620537,5e-05,0.18413236737251282,0.0
8572.0,8572.0,21.0,0.05708888918161392,5e-05,0.11713795363903046,0.0
8573.0,8573.0,21.0,0.06648275256156921,5e-05,0.17234574258327484,0.0
8574.0,8574.0,21.0,0.06943946331739426,5e-05,0.21941137313842773,0.0
8575.0,8575.0,21.0,0.07147015631198883,5e-05,0.15391422808170319,0.0
8576.0,8576.0,21.0,0.06069948896765709,5e-05,0.22802379727363586,0.0
8577.0,8577.0,21.0,0.05466432869434357,5e-05,0.18791857361793518,0.0
8578.0,8578.0,21.0,0.07229574769735336,5e-05,0.13880720734596252,0.0
8579.0,8579.0,21.0,0.048257119953632355,5e-05,0.29418909549713135,0.0
8580.0,8580.0,21.0,0.05971534550189972,5e-05,0.14023643732070923,0.0
8581.0,8581.0,22.0,0.053786344826221466,5e-05,0.15595413744449615,0.0
8582.0,8582.0,22.0,0.050985533744096756,5e-05,0.19045531749725342,0.0
8583.0,8583.0,22.0,0.049487486481666565,5e-05,0.1379901021718979,0.0
8584.0,8584.0,22.0,0.061978064477443695,5e-05,0.15481506288051605,0.0
8585.0,8585.0,22.0,0.06312336027622223,5e-05,0.19823984801769257,0.0
8586.0,8586.0,22.0,0.06150461733341217,5e-05,0.16364268958568573,0.0
8587.0,8587.0,22.0,0.052611492574214935,5e-05,0.10885821282863617,0.0
8588.0,8588.0,22.0,0.07464856654405594,5e-05,0.1979581117630005,0.0
8589.0,8589.0,22.0,0.05400806665420532,5e-05,0.12079575657844543,0.0
8590.0,8590.0,22.0,0.05343008041381836,5e-05,0.1089475229382515,0.0
8591.0,8591.0,22.0,0.057316266000270844,5e-05,0.1952587217092514,0.0
8592.0,8592.0,22.0,0.06532355397939682,5e-05,0.13738247752189636,0.0
8593.0,8593.0,22.0,0.049007292836904526,5e-05,0.2253677248954773,0.0
8594.0,8594.0,22.0,0.06762982159852982,5e-05,0.1842653751373291,0.0
8595.0,8595.0,22.0,0.050305094569921494,5e-05,0.13751520216464996,0.0
8596.0,8596.0,22.0,0.06024938076734543,5e-05,0.12734787166118622,0.0
8597.0,8597.0,22.0,0.05687343329191208,5e-05,0.13433732092380524,0.0
8598.0,8598.0,22.0,0.05414530262351036,5e-05,0.1875353753566742,0.0
8599.0,8599.0,22.0,0.048186179250478745,5e-05,0.08879739791154861,0.0
8600.0,8600.0,22.0,0.06633562594652176,5e-05,0.1253829151391983,0.0
8601.0,8601.0,22.0,0.05778888612985611,5e-05,0.14308713376522064,0.0
8602.0,8602.0,22.0,0.06311187148094177,5e-05,0.11917947232723236,0.0
8603.0,8603.0,22.0,0.07428213208913803,5e-05,0.11514851450920105,0.0
8604.0,8604.0,22.0,0.057502493262290955,5e-05,0.13347004354000092,0.0
8605.0,8605.0,22.0,0.04890153557062149,5e-05,0.09556487947702408,0.0
8606.0,8606.0,22.0,0.06042647734284401,5e-05,0.10415096580982208,0.0
8607.0,8607.0,22.0,0.07004646956920624,5e-05,0.1537097692489624,0.0
8608.0,8608.0,22.0,0.06021539866924286,5e-05,0.1081012636423111,0.0
8609.0,8609.0,22.0,0.05479595437645912,5e-05,0.11562745273113251,0.0
8610.0,8610.0,22.0,0.07452042400836945,5e-05,0.11724812537431717,0.0
8611.0,8611.0,22.0,0.059382181614637375,5e-05,0.11109504103660583,0.0
8612.0,8612.0,22.0,0.05073290318250656,5e-05,0.09700599312782288,0.0
8613.0,8613.0,22.0,0.05935069918632507,5e-05,0.11506909132003784,0.0
8614.0,8614.0,22.0,0.06780746579170227,5e-05,0.1616346538066864,0.0
8615.0,8615.0,22.0,0.05937018245458603,5e-05,0.112527035176754,0.0
8616.0,8616.0,22.0,0.06466004997491837,5e-05,0.14343798160552979,0.0
8617.0,8617.0,22.0,0.053329989314079285,5e-05,0.09806425869464874,0.0
8618.0,8618.0,22.0,0.06789443641901016,5e-05,0.130060076713562,0.0
8619.0,8619.0,22.0,0.046745412051677704,5e-05,0.1484254002571106,0.0
8620.0,8620.0,22.0,0.051517874002456665,5e-05,0.09348910301923752,0.0
8621.0,8621.0,22.0,0.06380535662174225,5e-05,0.2046286016702652,0.0
8622.0,8622.0,22.0,0.04936422407627106,5e-05,0.11944685131311417,0.0
8623.0,8623.0,22.0,0.05547686666250229,5e-05,0.14879530668258667,0.0
8624.0,8624.0,22.0,0.06997150182723999,5e-05,0.1340848207473755,0.0
8625.0,8625.0,22.0,0.07450541853904724,5e-05,0.15117372572422028,0.0
8626.0,8626.0,22.0,0.04904497414827347,5e-05,0.10618558526039124,0.0
8627.0,8627.0,22.0,0.06421567499637604,5e-05,0.15263724327087402,0.0
8628.0,8628.0,22.0,0.05555754899978638,5e-05,0.1368662416934967,0.0
8629.0,8629.0,22.0,0.043440081179142,5e-05,0.18581582605838776,0.0
8630.0,8630.0,22.0,0.05592172592878342,5e-05,0.13607296347618103,0.0
8631.0,8631.0,22.0,0.07116008549928665,5e-05,0.1549120992422104,0.0
8632.0,8632.0,22.0,0.06101232394576073,5e-05,0.1441527158021927,0.0
8633.0,8633.0,22.0,0.04435569420456886,5e-05,0.14230602979660034,0.0
8634.0,8634.0,22.0,0.0463378019630909,5e-05,0.1735832691192627,0.0
8635.0,8635.0,22.0,0.04758048802614212,5e-05,0.123316690325737,0.0
8636.0,8636.0,22.0,0.052432119846343994,5e-05,0.15258674323558807,0.0
8637.0,8637.0,22.0,0.06406521797180176,5e-05,0.13603264093399048,0.0
8638.0,8638.0,22.0,0.06326733529567719,5e-05,0.13573718070983887,0.0
8639.0,8639.0,22.0,0.06023673713207245,5e-05,0.13378041982650757,0.0
8640.0,8640.0,22.0,0.05928099527955055,5e-05,0.10581129789352417,0.0
8641.0,8641.0,22.0,0.06023424118757248,5e-05,0.14944200217723846,0.0
8642.0,8642.0,22.0,0.06324777752161026,5e-05,0.130763441324234,0.0
8643.0,8643.0,22.0,0.04849959909915924,5e-05,0.13889887928962708,0.0
8644.0,8644.0,22.0,0.04699728637933731,5e-05,0.1724454015493393,0.0
8645.0,8645.0,22.0,0.05403006821870804,5e-05,0.11992565542459488,0.0
8646.0,8646.0,22.0,0.04884153604507446,5e-05,0.08931221812963486,0.0
8647.0,8647.0,22.0,0.0680839791893959,5e-05,0.17156372964382172,0.0
8648.0,8648.0,22.0,0.05883467197418213,5e-05,0.18022112548351288,0.0
8649.0,8649.0,22.0,0.055079057812690735,5e-05,0.12120555341243744,0.0
8650.0,8650.0,22.0,0.057215213775634766,5e-05,0.13492831587791443,0.0
8651.0,8651.0,22.0,0.06356292963027954,5e-05,0.1412331610918045,0.0
8652.0,8652.0,22.0,0.051046013832092285,5e-05,0.09879381209611893,0.0
8653.0,8653.0,22.0,0.06432585418224335,5e-05,0.13713088631629944,0.0
8654.0,8654.0,22.0,0.0573926605284214,5e-05,0.1418926864862442,0.0
8655.0,8655.0,22.0,0.05961889028549194,5e-05,0.1327802687883377,0.0
8656.0,8656.0,22.0,0.053197287023067474,5e-05,0.13693787157535553,0.0
8657.0,8657.0,22.0,0.06854121387004852,5e-05,0.10212792456150055,0.0
8658.0,8658.0,22.0,0.05154077708721161,5e-05,0.1322154998779297,0.0
8659.0,8659.0,22.0,0.04722325876355171,5e-05,0.14282408356666565,0.0
8660.0,8660.0,22.0,0.07985970377922058,5e-05,0.137093186378479,0.0
8661.0,8661.0,22.0,0.047044701874256134,5e-05,0.15769945085048676,0.0
8662.0,8662.0,22.0,0.04966253787279129,5e-05,0.13286714255809784,0.0
8663.0,8663.0,22.0,0.07060922682285309,5e-05,0.10704649984836578,0.0
8664.0,8664.0,22.0,0.05903013050556183,5e-05,0.14419172704219818,0.0
8665.0,8665.0,22.0,0.059420354664325714,5e-05,0.15992371737957,0.0
8666.0,8666.0,22.0,0.05293602496385574,5e-05,0.15008649230003357,0.0
8667.0,8667.0,22.0,0.060771483927965164,5e-05,0.15507261455059052,0.0
8668.0,8668.0,22.0,0.06580810993909836,5e-05,0.12168297916650772,0.0
8669.0,8669.0,22.0,0.05277365818619728,5e-05,0.1397291123867035,0.0
8670.0,8670.0,22.0,0.04567629098892212,5e-05,0.08324352651834488,0.0
8671.0,8671.0,22.0,0.05843616649508476,5e-05,0.1530744731426239,0.0
8672.0,8672.0,22.0,0.07452231645584106,5e-05,0.13621585071086884,0.0
8673.0,8673.0,22.0,0.06649933755397797,5e-05,0.14063552021980286,0.0
8674.0,8674.0,22.0,0.05176618695259094,5e-05,0.15140493214130402,0.0
8675.0,8675.0,22.0,0.06772881001234055,5e-05,0.143453449010849,0.0
8676.0,8676.0,22.0,0.05692221224308014,5e-05,0.15624330937862396,0.0
8677.0,8677.0,22.0,0.06351485848426819,5e-05,0.16148671507835388,0.0
8678.0,8678.0,22.0,0.06591527163982391,5e-05,0.17139951884746552,0.0
8679.0,8679.0,22.0,0.04624475538730621,5e-05,0.19841475784778595,0.0
8680.0,8680.0,22.0,0.04766542464494705,5e-05,0.1538449227809906,0.0
8681.0,8681.0,22.0,0.0491926372051239,5e-05,0.10897236317396164,0.0
8682.0,8682.0,22.0,0.07271550595760345,5e-05,0.19057050347328186,0.0
8683.0,8683.0,22.0,0.05402659624814987,5e-05,0.19306650757789612,0.0
8684.0,8684.0,22.0,0.06169077008962631,5e-05,0.15647731721401215,0.0
8685.0,8685.0,22.0,0.060304462909698486,5e-05,0.14414100348949432,0.0
8686.0,8686.0,22.0,0.0599987730383873,5e-05,0.17026112973690033,0.0
8687.0,8687.0,22.0,0.05775801092386246,5e-05,0.12381583452224731,0.0
8688.0,8688.0,22.0,0.048227086663246155,5e-05,0.14780378341674805,0.0
8689.0,8689.0,22.0,0.06018248572945595,5e-05,0.15954214334487915,0.0
8690.0,8690.0,22.0,0.062078624963760376,5e-05,0.13180801272392273,0.0
8691.0,8691.0,22.0,0.04553728178143501,5e-05,0.19230416417121887,0.0
8692.0,8692.0,22.0,0.04256352782249451,5e-05,0.1058146208524704,0.0
8693.0,8693.0,22.0,0.0735076516866684,5e-05,0.13730119168758392,0.0
8694.0,8694.0,22.0,0.06118997931480408,5e-05,0.11868324130773544,0.0
8695.0,8695.0,22.0,0.05153161287307739,5e-05,0.159951314330101,0.0
8696.0,8696.0,22.0,0.04967723414301872,5e-05,0.11702439934015274,0.0
8697.0,8697.0,22.0,0.07232613861560822,5e-05,0.1818707287311554,0.0
8698.0,8698.0,22.0,0.05459810793399811,5e-05,0.1419033706188202,0.0
8699.0,8699.0,22.0,0.04493773356080055,5e-05,0.16152092814445496,0.0
8700.0,8700.0,22.0,0.04636968672275543,5e-05,0.10803451389074326,0.0
8701.0,8701.0,22.0,0.056064706295728683,5e-05,0.16647018492221832,0.0
8702.0,8702.0,22.0,0.05967995524406433,5e-05,0.12184343487024307,0.0
8703.0,8703.0,22.0,0.05182858929038048,5e-05,0.1391710788011551,0.0
8704.0,8704.0,22.0,0.046688731759786606,5e-05,0.12528666853904724,0.0
8705.0,8705.0,22.0,0.06482336670160294,5e-05,0.16292326152324677,0.0
8706.0,8706.0,22.0,0.05411629378795624,5e-05,0.12604250013828278,0.0
8707.0,8707.0,22.0,0.06411807239055634,5e-05,0.16669417917728424,0.0
8708.0,8708.0,22.0,0.053832463920116425,5e-05,0.09213337302207947,0.0
8709.0,8709.0,22.0,0.0604470930993557,5e-05,0.1343691200017929,0.0
8710.0,8710.0,22.0,0.06325912475585938,5e-05,0.12066436558961868,0.0
8711.0,8711.0,22.0,0.060814108699560165,5e-05,0.09475946426391602,0.0
8712.0,8712.0,22.0,0.05931781977415085,5e-05,0.15550373494625092,0.0
8713.0,8713.0,22.0,0.058607082813978195,5e-05,0.12481855601072311,0.0
8714.0,8714.0,22.0,0.06300438195466995,5e-05,0.16795434057712555,0.0
8715.0,8715.0,22.0,0.056980736553668976,5e-05,0.10737181454896927,0.0
8716.0,8716.0,22.0,0.05347338318824768,5e-05,0.14000599086284637,0.0
8717.0,8717.0,22.0,0.058067187666893005,5e-05,0.0939309373497963,0.0
8718.0,8718.0,22.0,0.050117217004299164,5e-05,0.09390637278556824,0.0
8719.0,8719.0,22.0,0.05668037012219429,5e-05,0.1353166699409485,0.0
8720.0,8720.0,22.0,0.056591492146253586,5e-05,0.09454930573701859,0.0
8721.0,8721.0,22.0,0.06350769847631454,5e-05,0.10385274887084961,0.0
8722.0,8722.0,22.0,0.07043243199586868,5e-05,0.16384172439575195,0.0
8723.0,8723.0,22.0,0.060087867081165314,5e-05,0.09827291965484619,0.0
8724.0,8724.0,22.0,0.06702399253845215,5e-05,0.1599065661430359,0.0
8725.0,8725.0,22.0,0.06595444679260254,5e-05,0.10984637588262558,0.0
8726.0,8726.0,22.0,0.06122199818491936,5e-05,0.1387871354818344,0.0
8727.0,8727.0,22.0,0.06848505139350891,5e-05,0.10804790258407593,0.0
8728.0,8728.0,22.0,0.056570589542388916,5e-05,0.19483794271945953,0.0
8729.0,8729.0,22.0,0.056784842163324356,5e-05,0.08919388800859451,0.0
8730.0,8730.0,22.0,0.05776291340589523,5e-05,0.15628474950790405,0.0
8731.0,8731.0,22.0,0.06942059099674225,5e-05,0.17464731633663177,0.0
8732.0,8732.0,22.0,0.04352882504463196,5e-05,0.13767363131046295,0.0
8733.0,8733.0,22.0,0.06612962484359741,5e-05,0.1403053104877472,0.0
8734.0,8734.0,22.0,0.06906666606664658,5e-05,0.15878701210021973,0.0
8735.0,8735.0,22.0,0.06344003230333328,5e-05,0.12866532802581787,0.0
8736.0,8736.0,22.0,0.06030169501900673,5e-05,0.11471658945083618,0.0
8737.0,8737.0,22.0,0.05686351656913757,5e-05,0.2249731421470642,0.0
8738.0,8738.0,22.0,0.05919140204787254,5e-05,0.09731452167034149,0.0
8739.0,8739.0,22.0,0.05236898735165596,5e-05,0.20362238585948944,0.0
8740.0,8740.0,22.0,0.0676167756319046,5e-05,0.12604057788848877,0.0
8741.0,8741.0,22.0,0.05894256383180618,5e-05,0.12882716953754425,0.0
8742.0,8742.0,22.0,0.054591648280620575,5e-05,0.15630413591861725,0.0
8743.0,8743.0,22.0,0.05581048130989075,5e-05,0.11368831992149353,0.0
8744.0,8744.0,22.0,0.0493658073246479,5e-05,0.12083353847265244,0.0
8745.0,8745.0,22.0,0.061305154114961624,5e-05,0.11440902203321457,0.0
8746.0,8746.0,22.0,0.06162133812904358,5e-05,0.16021773219108582,0.0
8747.0,8747.0,22.0,0.05126400291919708,5e-05,0.11779385805130005,0.0
8748.0,8748.0,22.0,0.06908699125051498,5e-05,0.14227095246315002,0.0
8749.0,8749.0,22.0,0.05966350436210632,5e-05,0.14286471903324127,0.0
8750.0,8750.0,22.0,0.04845823347568512,5e-05,0.1983732283115387,0.0
8751.0,8751.0,22.0,0.07090947777032852,5e-05,0.11762973666191101,0.0
8752.0,8752.0,22.0,0.045582834631204605,5e-05,0.18015114963054657,0.0
8753.0,8753.0,22.0,0.061477288603782654,5e-05,0.1808873564004898,0.0
8754.0,8754.0,22.0,0.04674797132611275,5e-05,0.10586081445217133,0.0
8755.0,8755.0,22.0,0.05924210697412491,5e-05,0.17590142786502838,0.0
8756.0,8756.0,22.0,0.05168553814291954,5e-05,0.14845658838748932,0.0
8757.0,8757.0,22.0,0.07414080202579498,5e-05,0.23502252995967865,0.0
8758.0,8758.0,22.0,0.04782404750585556,5e-05,0.12785322964191437,0.0
8759.0,8759.0,22.0,0.056888703256845474,5e-05,0.21519243717193604,0.0
8760.0,8760.0,22.0,0.06334450095891953,5e-05,0.11626140773296356,0.0
8761.0,8761.0,22.0,0.05898629128932953,5e-05,0.15041933953762054,0.0
8762.0,8762.0,22.0,0.06239021569490433,5e-05,0.16118080914020538,0.0
8763.0,8763.0,22.0,0.059138648211956024,5e-05,0.17843851447105408,0.0
8764.0,8764.0,22.0,0.07585601508617401,5e-05,0.12606151401996613,0.0
8765.0,8765.0,22.0,0.08027021586894989,5e-05,0.21362875401973724,0.0
8766.0,8766.0,22.0,0.053040578961372375,5e-05,0.1887337565422058,0.0
8767.0,8767.0,22.0,0.049580879509449005,5e-05,0.12009315192699432,0.0
8768.0,8768.0,22.0,0.06194441765546799,5e-05,0.1995687633752823,0.0
8769.0,8769.0,22.0,0.058784887194633484,5e-05,0.13023696839809418,0.0
8770.0,8770.0,22.0,0.05347215384244919,5e-05,0.12650790810585022,0.0
8771.0,8771.0,22.0,0.07099483907222748,5e-05,0.15238623321056366,0.0
8772.0,8772.0,22.0,0.057751379907131195,5e-05,0.1493486762046814,0.0
8773.0,8773.0,22.0,0.073638916015625,5e-05,0.2127448171377182,0.0
8774.0,8774.0,22.0,0.04133892059326172,5e-05,0.16949334740638733,0.0
8775.0,8775.0,22.0,0.049767062067985535,5e-05,0.08318252861499786,0.0
8776.0,8776.0,22.0,0.06060633435845375,5e-05,0.14297926425933838,0.0
8777.0,8777.0,22.0,0.0654556006193161,5e-05,0.15670621395111084,0.0
8778.0,8778.0,22.0,0.060083501040935516,5e-05,0.10832071304321289,0.0
8779.0,8779.0,22.0,0.05078474432229996,5e-05,0.17338047921657562,0.0
8780.0,8780.0,22.0,0.06034934148192406,5e-05,0.10021834820508957,0.0
8781.0,8781.0,22.0,0.054556429386138916,5e-05,0.13241349160671234,0.0
8782.0,8782.0,22.0,0.059787116944789886,5e-05,0.12499848753213882,0.0
8783.0,8783.0,22.0,0.06101667881011963,5e-05,0.09652622044086456,0.0
8784.0,8784.0,22.0,0.053271591663360596,5e-05,0.08905691653490067,0.0
8785.0,8785.0,22.0,0.058851130306720734,5e-05,0.09183623641729355,0.0
8786.0,8786.0,22.0,0.05465905740857124,5e-05,0.12719668447971344,0.0
8787.0,8787.0,22.0,0.05585938319563866,5e-05,0.18239827454090118,0.0
8788.0,8788.0,22.0,0.05609535053372383,5e-05,0.14008359611034393,0.0
8789.0,8789.0,22.0,0.06711277365684509,5e-05,0.11577823013067245,0.0
8790.0,8790.0,22.0,0.06898326426744461,5e-05,0.1562938690185547,0.0
8791.0,8791.0,22.0,0.05693459138274193,5e-05,0.09463322162628174,0.0
8792.0,8792.0,22.0,0.06930701434612274,5e-05,0.1734510362148285,0.0
8793.0,8793.0,22.0,0.051967017352581024,5e-05,0.1434897780418396,0.0
8794.0,8794.0,22.0,0.045729123055934906,5e-05,0.07773785293102264,0.0
8795.0,8795.0,22.0,0.0609237365424633,5e-05,0.10000681132078171,0.0
8796.0,8796.0,22.0,0.05075397714972496,5e-05,0.10249046981334686,0.0
8797.0,8797.0,22.0,0.05803897604346275,5e-05,0.11910643428564072,0.0
8798.0,8798.0,22.0,0.053482040762901306,5e-05,0.07947699725627899,0.0
8799.0,8799.0,22.0,0.06425987184047699,5e-05,0.08676467090845108,0.0
8800.0,8800.0,22.0,0.06136389076709747,5e-05,0.15840591490268707,0.0
8801.0,8801.0,22.0,0.0747113823890686,5e-05,0.1109476238489151,0.0
8802.0,8802.0,22.0,0.06012991443276405,5e-05,0.10094878822565079,0.0
8803.0,8803.0,22.0,0.052924744784832,5e-05,0.09651996195316315,0.0
8804.0,8804.0,22.0,0.059976812452077866,5e-05,0.08337093144655228,0.0
8805.0,8805.0,22.0,0.05405020713806152,5e-05,0.1335603892803192,0.0
8806.0,8806.0,22.0,0.05215984582901001,5e-05,0.12708646059036255,0.0
8807.0,8807.0,22.0,0.06199239194393158,5e-05,0.10785544663667679,0.0
8808.0,8808.0,22.0,0.05902765691280365,5e-05,0.13296596705913544,0.0
8809.0,8809.0,22.0,0.06229925900697708,5e-05,0.13844265043735504,0.0
8810.0,8810.0,22.0,0.06105511635541916,5e-05,0.14130882918834686,0.0
8811.0,8811.0,22.0,0.0628572404384613,5e-05,0.17407338321208954,0.0
8812.0,8812.0,22.0,0.044803403317928314,5e-05,0.09217646718025208,0.0
8813.0,8813.0,22.0,0.06197081506252289,5e-05,0.1360277384519577,0.0
8814.0,8814.0,22.0,0.0463835746049881,5e-05,0.15518420934677124,0.0
8815.0,8815.0,22.0,0.06539645045995712,5e-05,0.13415531814098358,0.0
8816.0,8816.0,22.0,0.05832263454794884,5e-05,0.12559376657009125,0.0
8817.0,8817.0,22.0,0.060082219541072845,5e-05,0.11685677617788315,0.0
8818.0,8818.0,22.0,0.046883732080459595,5e-05,0.12169881165027618,0.0
8819.0,8819.0,22.0,0.063005730509758,5e-05,0.13488651812076569,0.0
8820.0,8820.0,22.0,0.08124653249979019,5e-05,0.12782710790634155,0.0
8821.0,8821.0,22.0,0.05024382472038269,5e-05,0.08077456802129745,0.0
8822.0,8822.0,22.0,0.0469069704413414,5e-05,0.0720304325222969,0.0
8823.0,8823.0,22.0,0.044423893094062805,5e-05,0.07971043884754181,0.0
8824.0,8824.0,22.0,0.04937341809272766,5e-05,0.0931226909160614,0.0
8825.0,8825.0,22.0,0.06032659858465195,5e-05,0.11984974145889282,0.0
8826.0,8826.0,22.0,0.056994907557964325,5e-05,0.10211995244026184,0.0
8827.0,8827.0,22.0,0.054470695555210114,5e-05,0.10337045043706894,0.0
8828.0,8828.0,22.0,0.0492074117064476,5e-05,0.12328930199146271,0.0
8829.0,8829.0,22.0,0.0516563355922699,5e-05,0.09800387173891068,0.0
8830.0,8830.0,22.0,0.06115080416202545,5e-05,0.11960124224424362,0.0
8831.0,8831.0,22.0,0.05912148579955101,5e-05,0.09034706652164459,0.0
8832.0,8832.0,22.0,0.07744033634662628,5e-05,0.13966089487075806,0.0
8833.0,8833.0,22.0,0.05540435388684273,5e-05,0.13885827362537384,0.0
8834.0,8834.0,22.0,0.053873248398303986,5e-05,0.07757800072431564,0.0
8835.0,8835.0,22.0,0.05775589123368263,5e-05,0.1503698229789734,0.0
8836.0,8836.0,22.0,0.05261382460594177,5e-05,0.0959601029753685,0.0
8837.0,8837.0,22.0,0.07206304371356964,5e-05,0.10265562683343887,0.0
8838.0,8838.0,22.0,0.051426466554403305,5e-05,0.16589617729187012,0.0
8839.0,8839.0,22.0,0.05322748422622681,5e-05,0.10826224833726883,0.0
8840.0,8840.0,22.0,0.0497470386326313,5e-05,0.1102837324142456,0.0
8841.0,8841.0,22.0,0.045423299074172974,5e-05,0.13417504727840424,0.0
8842.0,8842.0,22.0,0.05599617585539818,5e-05,0.07988763600587845,0.0
8843.0,8843.0,22.0,0.065338134765625,5e-05,0.11395996063947678,0.0
8844.0,8844.0,22.0,0.06099642813205719,5e-05,0.13829436898231506,0.0
8845.0,8845.0,22.0,0.043310243636369705,5e-05,0.1596396118402481,0.0
8846.0,8846.0,22.0,0.05994103476405144,5e-05,0.1195518895983696,0.0
8847.0,8847.0,22.0,0.05496038496494293,5e-05,0.14887873828411102,0.0
8848.0,8848.0,22.0,0.05178588256239891,5e-05,0.19486171007156372,0.0
8849.0,8849.0,22.0,0.04817195609211922,5e-05,0.11587990075349808,0.0
8850.0,8850.0,22.0,0.05954503268003464,5e-05,0.14965423941612244,0.0
8851.0,8851.0,22.0,0.06881226599216461,5e-05,0.15131470561027527,0.0
8852.0,8852.0,22.0,0.061767157167196274,5e-05,0.13309751451015472,0.0
8853.0,8853.0,22.0,0.05330967158079147,5e-05,0.16255435347557068,0.0
8854.0,8854.0,22.0,0.05530332773923874,5e-05,0.17320019006729126,0.0
8855.0,8855.0,22.0,0.04673781991004944,5e-05,0.16866685450077057,0.0
8856.0,8856.0,22.0,0.061626482754945755,5e-05,0.1802828460931778,0.0
8857.0,8857.0,22.0,0.05730769783258438,5e-05,0.12633933126926422,0.0
8858.0,8858.0,22.0,0.05330823361873627,5e-05,0.12478481233119965,0.0
8859.0,8859.0,22.0,0.05143279954791069,5e-05,0.12039148062467575,0.0
8860.0,8860.0,22.0,0.0630994439125061,5e-05,0.09678088128566742,0.0
8861.0,8861.0,22.0,0.052650682628154755,5e-05,0.2017739713191986,0.0
8862.0,8862.0,22.0,0.0593256913125515,5e-05,0.17809250950813293,0.0
8863.0,8863.0,22.0,0.05707012116909027,5e-05,0.16140125691890717,0.0
8864.0,8864.0,22.0,0.048527345061302185,5e-05,0.2343880534172058,0.0
8865.0,8865.0,22.0,0.05252387374639511,5e-05,0.30912962555885315,0.0
8866.0,8866.0,22.0,0.05637755244970322,5e-05,0.18397748470306396,0.0
8867.0,8867.0,22.0,0.057811833918094635,5e-05,0.31240078806877136,0.0
8868.0,8868.0,22.0,0.04658976569771767,5e-05,0.1445220708847046,0.0
8869.0,8869.0,22.0,0.05798416584730148,5e-05,0.18661442399024963,0.0
8870.0,8870.0,22.0,0.059156615287065506,5e-05,0.3037826120853424,0.0
8871.0,8871.0,22.0,0.060665614902973175,5e-05,0.10477154701948166,0.0
8872.0,8872.0,22.0,0.07168079912662506,5e-05,0.20734107494354248,0.0
8873.0,8873.0,22.0,0.058475665748119354,5e-05,0.15574832260608673,0.0
8874.0,8874.0,22.0,0.05656738951802254,5e-05,0.10141928493976593,0.0
8875.0,8875.0,22.0,0.055952288210392,5e-05,0.20430848002433777,0.0
8876.0,8876.0,22.0,0.07024937123060226,5e-05,0.1291506290435791,0.0
8877.0,8877.0,22.0,0.042981427162885666,5e-05,0.13572387397289276,0.0
8878.0,8878.0,22.0,0.0695892870426178,5e-05,0.21006706357002258,0.0
8879.0,8879.0,22.0,0.06412848830223083,5e-05,0.13937072455883026,0.0
8880.0,8880.0,22.0,0.06441151350736618,5e-05,0.147173210978508,0.0
8881.0,8881.0,22.0,0.05570037290453911,5e-05,0.18354861438274384,0.0
8882.0,8882.0,22.0,0.051879480481147766,5e-05,0.1200217679142952,0.0
8883.0,8883.0,22.0,0.07592074573040009,5e-05,0.12194562703371048,0.0
8884.0,8884.0,22.0,0.07122081518173218,5e-05,0.17629477381706238,0.0
8885.0,8885.0,22.0,0.06428530812263489,5e-05,0.11670789122581482,0.0
8886.0,8886.0,22.0,0.053937844932079315,5e-05,0.149624764919281,0.0
8887.0,8887.0,22.0,0.056832268834114075,5e-05,0.15380361676216125,0.0
8888.0,8888.0,22.0,0.060036636888980865,5e-05,0.1545315384864807,0.0
8889.0,8889.0,22.0,0.053262628614902496,5e-05,0.18337225914001465,0.0
8890.0,8890.0,22.0,0.059005215764045715,5e-05,0.10935459285974503,0.0
8891.0,8891.0,22.0,0.05525989457964897,5e-05,0.2128961980342865,0.0
8892.0,8892.0,22.0,0.05168404430150986,5e-05,0.17341762781143188,0.0
8893.0,8893.0,22.0,0.05246025323867798,5e-05,0.14638745784759521,0.0
8894.0,8894.0,22.0,0.06551509350538254,5e-05,0.18242083489894867,0.0
8895.0,8895.0,22.0,0.06358858942985535,5e-05,0.15322065353393555,0.0
8896.0,8896.0,22.0,0.06671939790248871,5e-05,0.12892183661460876,0.0
8897.0,8897.0,22.0,0.058223456144332886,5e-05,0.20462453365325928,0.0
8898.0,8898.0,22.0,0.061951130628585815,5e-05,0.10129813104867935,0.0
8899.0,8899.0,22.0,0.0557141974568367,5e-05,0.10780799388885498,0.0
8900.0,8900.0,22.0,0.061159878969192505,5e-05,0.15557102859020233,0.0
8901.0,8901.0,22.0,0.05642188340425491,5e-05,0.1179516538977623,0.0
8902.0,8902.0,22.0,0.056621987372636795,5e-05,0.1412336677312851,0.0
8903.0,8903.0,22.0,0.06251241266727448,5e-05,0.0980258658528328,0.0
8904.0,8904.0,22.0,0.048567116260528564,5e-05,0.11678021401166916,0.0
8905.0,8905.0,22.0,0.0613771453499794,5e-05,0.16178104281425476,0.0
8906.0,8906.0,22.0,0.04725055396556854,5e-05,0.08559095859527588,0.0
8907.0,8907.0,22.0,0.05484230816364288,5e-05,0.1961163878440857,0.0
8908.0,8908.0,22.0,0.06027282401919365,5e-05,0.14044101536273956,0.0
8909.0,8909.0,22.0,0.0590507835149765,5e-05,0.08631251007318497,0.0
8910.0,8910.0,22.0,0.04916283115744591,5e-05,0.21605174243450165,0.0
8911.0,8911.0,22.0,0.06008400022983551,5e-05,0.14843957126140594,0.0
8912.0,8912.0,22.0,0.060779813677072525,5e-05,0.09658066928386688,0.0
8913.0,8913.0,22.0,0.0618777871131897,5e-05,0.17161008715629578,0.0
8914.0,8914.0,22.0,0.048530541360378265,5e-05,0.13694016635417938,0.0
8915.0,8915.0,22.0,0.05528021231293678,5e-05,0.1025765910744667,0.0
8916.0,8916.0,22.0,0.0717419981956482,5e-05,0.16149844229221344,0.0
8917.0,8917.0,22.0,0.060907937586307526,5e-05,0.10823384672403336,0.0
8918.0,8918.0,22.0,0.06461548805236816,5e-05,0.1503780633211136,0.0
8919.0,8919.0,22.0,0.06526519358158112,5e-05,0.18820318579673767,0.0
8920.0,8920.0,22.0,0.055545248091220856,5e-05,0.11200013756752014,0.0
8921.0,8921.0,22.0,0.05715757608413696,5e-05,0.13055269420146942,0.0
8922.0,8922.0,22.0,0.07771047949790955,5e-05,0.13309909403324127,0.0
8923.0,8923.0,22.0,0.07990395277738571,5e-05,0.17801150679588318,0.0
8924.0,8924.0,22.0,0.057326484471559525,5e-05,0.11909053474664688,0.0
8925.0,8925.0,22.0,0.06272691488265991,5e-05,0.12411181628704071,0.0
8926.0,8926.0,22.0,0.04870690405368805,5e-05,0.12662914395332336,0.0
8927.0,8927.0,22.0,0.0617554634809494,5e-05,0.18011699616909027,0.0
8928.0,8928.0,22.0,0.04589349031448364,5e-05,0.09359675645828247,0.0
8929.0,8929.0,22.0,0.05495072901248932,5e-05,0.19862216711044312,0.0
8930.0,8930.0,22.0,0.05820505693554878,5e-05,0.13371863961219788,0.0
8931.0,8931.0,22.0,0.06939277052879333,5e-05,0.15160700678825378,0.0
8932.0,8932.0,22.0,0.06004016846418381,5e-05,0.15901777148246765,0.0
8933.0,8933.0,22.0,0.0841003954410553,5e-05,0.13449053466320038,0.0
8934.0,8934.0,22.0,0.05281216651201248,5e-05,0.162532776594162,0.0
8935.0,8935.0,22.0,0.05384129658341408,5e-05,0.12845581769943237,0.0
8936.0,8936.0,22.0,0.04857396334409714,5e-05,0.11156830191612244,0.0
8937.0,8937.0,22.0,0.05262109637260437,5e-05,0.1700538843870163,0.0
8938.0,8938.0,22.0,0.06313755363225937,5e-05,0.12201759219169617,0.0
8939.0,8939.0,22.0,0.06887838989496231,5e-05,0.16732455790042877,0.0
8940.0,8940.0,22.0,0.05819123238325119,5e-05,0.13002900779247284,0.0
8941.0,8941.0,22.0,0.04761522263288498,5e-05,0.08984200656414032,0.0
8942.0,8942.0,22.0,0.061162643134593964,5e-05,0.12398386001586914,0.0
8943.0,8943.0,22.0,0.055824942886829376,5e-05,0.16188451647758484,0.0
8944.0,8944.0,22.0,0.07256190478801727,5e-05,0.2043645679950714,0.0
8945.0,8945.0,22.0,0.0603131428360939,5e-05,0.13991296291351318,0.0
8946.0,8946.0,22.0,0.05729234591126442,5e-05,0.14286069571971893,0.0
8947.0,8947.0,22.0,0.06353345513343811,5e-05,0.1975959688425064,0.0
8948.0,8948.0,22.0,0.07531403005123138,5e-05,0.13686229288578033,0.0
8949.0,8949.0,22.0,0.06087271124124527,5e-05,0.169685959815979,0.0
8950.0,8950.0,22.0,0.049897581338882446,5e-05,0.19136501848697662,0.0
8951.0,8951.0,22.0,0.07066129148006439,5e-05,0.1498498022556305,0.0
8952.0,8952.0,22.0,0.06635672599077225,5e-05,0.23385417461395264,0.0
8953.0,8953.0,22.0,0.06057901680469513,5e-05,0.17749141156673431,0.0
8954.0,8954.0,22.0,0.06052310764789581,5e-05,0.1413823962211609,0.0
8955.0,8955.0,22.0,0.06472976505756378,5e-05,0.19537249207496643,0.0
8956.0,8956.0,22.0,0.06410180777311325,5e-05,0.17876875400543213,0.0
8957.0,8957.0,22.0,0.05663999170064926,5e-05,0.11464250087738037,0.0
8958.0,8958.0,22.0,0.06764145940542221,5e-05,0.26972874999046326,0.0
8959.0,8959.0,22.0,0.05473330616950989,5e-05,0.10601804405450821,0.0
8960.0,8960.0,22.0,0.05503411218523979,5e-05,0.15065547823905945,0.0
8961.0,8961.0,22.0,0.055559493601322174,5e-05,0.2018328309059143,0.0
8962.0,8962.0,22.0,0.062331631779670715,5e-05,0.10948516428470612,0.0
8963.0,8963.0,22.0,0.06128321588039398,5e-05,0.19229422509670258,0.0
8964.0,8964.0,22.0,0.05987975373864174,5e-05,0.17322422564029694,0.0
8965.0,8965.0,22.0,0.061718542128801346,5e-05,0.08855048567056656,0.0
8966.0,8966.0,22.0,0.04724481701850891,5e-05,0.2421092391014099,0.0
8967.0,8967.0,22.0,0.054891448467969894,5e-05,0.10777387022972107,0.0
8968.0,8968.0,22.0,0.06055546551942825,5e-05,0.18582405149936676,0.0
8969.0,8969.0,22.0,0.0599147230386734,5e-05,0.20548267662525177,0.0
8970.0,8970.0,22.0,0.049911241978406906,5e-05,0.15498095750808716,0.0
8971.0,8971.0,23.0,0.0590420737862587,5e-05,0.18508124351501465,0.0
8972.0,8972.0,23.0,0.052088432013988495,5e-05,0.1568164825439453,0.0
8973.0,8973.0,23.0,0.06449849903583527,5e-05,0.11780374497175217,0.0
8974.0,8974.0,23.0,0.05732854828238487,5e-05,0.17467555403709412,0.0
8975.0,8975.0,23.0,0.061166562139987946,5e-05,0.17984209954738617,0.0
8976.0,8976.0,23.0,0.058988869190216064,5e-05,0.1647115796804428,0.0
8977.0,8977.0,23.0,0.06468217074871063,5e-05,0.2052290290594101,0.0
8978.0,8978.0,23.0,0.049995847046375275,5e-05,0.12470272928476334,0.0
8979.0,8979.0,23.0,0.06023228541016579,5e-05,0.1894593983888626,0.0
8980.0,8980.0,23.0,0.057866618037223816,5e-05,0.13086669147014618,0.0
8981.0,8981.0,23.0,0.057364895939826965,5e-05,0.1287335753440857,0.0
8982.0,8982.0,23.0,0.046672262251377106,5e-05,0.14944212138652802,0.0
8983.0,8983.0,23.0,0.05167137831449509,5e-05,0.13017085194587708,0.0
8984.0,8984.0,23.0,0.06104137748479843,5e-05,0.1254204362630844,0.0
8985.0,8985.0,23.0,0.060952216386795044,5e-05,0.2212485522031784,0.0
8986.0,8986.0,23.0,0.05951286852359772,5e-05,0.18838883936405182,0.0
8987.0,8987.0,23.0,0.05592629313468933,5e-05,0.19136282801628113,0.0
8988.0,8988.0,23.0,0.06517605483531952,5e-05,0.18848967552185059,0.0
8989.0,8989.0,23.0,0.04975492134690285,5e-05,0.12671206891536713,0.0
8990.0,8990.0,23.0,0.05067794770002365,5e-05,0.10370326787233353,0.0
8991.0,8991.0,23.0,0.06020814925432205,5e-05,0.22022143006324768,0.0
8992.0,8992.0,23.0,0.05218507722020149,5e-05,0.13781574368476868,0.0
8993.0,8993.0,23.0,0.055802054703235626,5e-05,0.15664902329444885,0.0
8994.0,8994.0,23.0,0.0681421309709549,5e-05,0.1633133888244629,0.0
8995.0,8995.0,23.0,0.053273674100637436,5e-05,0.11871765553951263,0.0
8996.0,8996.0,23.0,0.05359645187854767,5e-05,0.14230822026729584,0.0
8997.0,8997.0,23.0,0.06073319911956787,5e-05,0.12327747046947479,0.0
8998.0,8998.0,23.0,0.06600367277860641,5e-05,0.12288276106119156,0.0
8999.0,8999.0,23.0,0.04965319484472275,5e-05,0.09082382917404175,0.0
9000.0,9000.0,23.0,0.06366253644227982,5e-05,0.13261644542217255,0.0
9001.0,9001.0,23.0,0.059116967022418976,5e-05,0.10215381532907486,0.0
9002.0,9002.0,23.0,0.060961924493312836,5e-05,0.08999264240264893,0.0
9003.0,9003.0,23.0,0.0685390904545784,5e-05,0.15471643209457397,0.0
9004.0,9004.0,23.0,0.061587944626808167,5e-05,0.1404253989458084,0.0
9005.0,9005.0,23.0,0.07503435015678406,5e-05,0.17077811062335968,0.0
9006.0,9006.0,23.0,0.05878474563360214,5e-05,0.17156130075454712,0.0
9007.0,9007.0,23.0,0.07496872544288635,5e-05,0.12658537924289703,0.0
9008.0,9008.0,23.0,0.05804641544818878,5e-05,0.14372926950454712,0.0
9009.0,9009.0,23.0,0.05404147878289223,5e-05,0.13208138942718506,0.0
9010.0,9010.0,23.0,0.0518912672996521,5e-05,0.108647920191288,0.0
9011.0,9011.0,23.0,0.06007862463593483,5e-05,0.13919514417648315,0.0
9012.0,9012.0,23.0,0.07534616440534592,5e-05,0.13727666437625885,0.0
9013.0,9013.0,23.0,0.0412212572991848,5e-05,0.11999339610338211,0.0
9014.0,9014.0,23.0,0.0646299496293068,5e-05,0.1634436696767807,0.0
9015.0,9015.0,23.0,0.057413265109062195,5e-05,0.08434556424617767,0.0
9016.0,9016.0,23.0,0.07213036715984344,5e-05,0.15217384696006775,0.0
9017.0,9017.0,23.0,0.05638522654771805,5e-05,0.15088216960430145,0.0
9018.0,9018.0,23.0,0.051155779510736465,5e-05,0.1209806278347969,0.0
9019.0,9019.0,23.0,0.06134921312332153,5e-05,0.20708432793617249,0.0
9020.0,9020.0,23.0,0.05679992958903313,5e-05,0.12864309549331665,0.0
9021.0,9021.0,23.0,0.06050638481974602,5e-05,0.15035364031791687,0.0
9022.0,9022.0,23.0,0.05808771774172783,5e-05,0.1586446315050125,0.0
9023.0,9023.0,23.0,0.06062964349985123,5e-05,0.1513371616601944,0.0
9024.0,9024.0,23.0,0.05310029163956642,5e-05,0.09815415740013123,0.0
9025.0,9025.0,23.0,0.05363669991493225,5e-05,0.08639299124479294,0.0
9026.0,9026.0,23.0,0.06382407248020172,5e-05,0.14820627868175507,0.0
9027.0,9027.0,23.0,0.06447187066078186,5e-05,0.09578048437833786,0.0
9028.0,9028.0,23.0,0.07130667567253113,5e-05,0.11343193799257278,0.0
9029.0,9029.0,23.0,0.06072769686579704,5e-05,0.11993493884801865,0.0
9030.0,9030.0,23.0,0.054695695638656616,5e-05,0.10171636193990707,0.0
9031.0,9031.0,23.0,0.048286642879247665,5e-05,0.0798177644610405,0.0
9032.0,9032.0,23.0,0.05597835034132004,5e-05,0.16157710552215576,0.0
9033.0,9033.0,23.0,0.054042406380176544,5e-05,0.1219722330570221,0.0
9034.0,9034.0,23.0,0.05437428876757622,5e-05,0.13917753100395203,0.0
9035.0,9035.0,23.0,0.059575602412223816,5e-05,0.18429647386074066,0.0
9036.0,9036.0,23.0,0.047460976988077164,5e-05,0.09133344143629074,0.0
9037.0,9037.0,23.0,0.05198271945118904,5e-05,0.17228694260120392,0.0
9038.0,9038.0,23.0,0.06166650727391243,5e-05,0.08265665918588638,0.0
9039.0,9039.0,23.0,0.06606484949588776,5e-05,0.12000402808189392,0.0
9040.0,9040.0,23.0,0.06729446351528168,5e-05,0.16802029311656952,0.0
9041.0,9041.0,23.0,0.058654025197029114,5e-05,0.14214134216308594,0.0
9042.0,9042.0,23.0,0.050803035497665405,5e-05,0.1741309016942978,0.0
9043.0,9043.0,23.0,0.06406031548976898,5e-05,0.1166858896613121,0.0
9044.0,9044.0,23.0,0.06911727041006088,5e-05,0.1137070432305336,0.0
9045.0,9045.0,23.0,0.05721820145845413,5e-05,0.21856491267681122,0.0
9046.0,9046.0,23.0,0.05424245446920395,5e-05,0.12939052283763885,0.0
9047.0,9047.0,23.0,0.05099187418818474,5e-05,0.2521011531352997,0.0
9048.0,9048.0,23.0,0.06592398881912231,5e-05,0.16848556697368622,0.0
9049.0,9049.0,23.0,0.04571118205785751,5e-05,0.2866378426551819,0.0
9050.0,9050.0,23.0,0.05729515478014946,5e-05,0.2140934318304062,0.0
9051.0,9051.0,23.0,0.05437151715159416,5e-05,0.1722460240125656,0.0
9052.0,9052.0,23.0,0.04735401272773743,5e-05,0.24597923457622528,0.0
9053.0,9053.0,23.0,0.0666411817073822,5e-05,0.14528146386146545,0.0
9054.0,9054.0,23.0,0.0545491985976696,5e-05,0.17576481401920319,0.0
9055.0,9055.0,23.0,0.06263761222362518,5e-05,0.1916075199842453,0.0
9056.0,9056.0,23.0,0.05227465182542801,5e-05,0.12730811536312103,0.0
9057.0,9057.0,23.0,0.05553940683603287,5e-05,0.22456307709217072,0.0
9058.0,9058.0,23.0,0.06604940444231033,5e-05,0.1444847285747528,0.0
9059.0,9059.0,23.0,0.06774846464395523,5e-05,0.1394147127866745,0.0
9060.0,9060.0,23.0,0.05478265509009361,5e-05,0.18779124319553375,0.0
9061.0,9061.0,23.0,0.06871844828128815,5e-05,0.17395564913749695,0.0
9062.0,9062.0,23.0,0.0632522851228714,5e-05,0.13796135783195496,0.0
9063.0,9063.0,23.0,0.05260320007801056,5e-05,0.23444786667823792,0.0
9064.0,9064.0,23.0,0.06845012307167053,5e-05,0.16732004284858704,0.0
9065.0,9065.0,23.0,0.05823516100645065,5e-05,0.18984244763851166,0.0
9066.0,9066.0,23.0,0.054981328547000885,5e-05,0.22231656312942505,0.0
9067.0,9067.0,23.0,0.053303979337215424,5e-05,0.1389712244272232,0.0
9068.0,9068.0,23.0,0.05028746277093887,5e-05,0.1707226037979126,0.0
9069.0,9069.0,23.0,0.06882378458976746,5e-05,0.1965373307466507,0.0
9070.0,9070.0,23.0,0.0476786345243454,5e-05,0.20145423710346222,0.0
9071.0,9071.0,23.0,0.05058552324771881,5e-05,0.21410228312015533,0.0
9072.0,9072.0,23.0,0.05435556173324585,5e-05,0.22705836594104767,0.0
9073.0,9073.0,23.0,0.062394626438617706,5e-05,0.23185467720031738,0.0
9074.0,9074.0,23.0,0.061474911868572235,5e-05,0.2428722083568573,0.0
9075.0,9075.0,23.0,0.06583301723003387,5e-05,0.17583534121513367,0.0
9076.0,9076.0,23.0,0.055805500596761703,5e-05,0.17674461007118225,0.0
9077.0,9077.0,23.0,0.04673125594854355,5e-05,0.17928053438663483,0.0
9078.0,9078.0,23.0,0.052182089537382126,5e-05,0.14682415127754211,0.0
9079.0,9079.0,23.0,0.05582446604967117,5e-05,0.1781814843416214,0.0
9080.0,9080.0,23.0,0.05505375564098358,5e-05,0.14501968026161194,0.0
9081.0,9081.0,23.0,0.05029910057783127,5e-05,0.15267424285411835,0.0
9082.0,9082.0,23.0,0.043315645307302475,5e-05,0.17395739257335663,0.0
9083.0,9083.0,23.0,0.06123308092355728,5e-05,0.08446046710014343,0.0
9084.0,9084.0,23.0,0.054483361542224884,5e-05,0.1568269580602646,0.0
9085.0,9085.0,23.0,0.0638723075389862,5e-05,0.1255992352962494,0.0
9086.0,9086.0,23.0,0.053000133484601974,5e-05,0.13330060243606567,0.0
9087.0,9087.0,23.0,0.07621648907661438,5e-05,0.13400506973266602,0.0
9088.0,9088.0,23.0,0.048320472240448,5e-05,0.13793516159057617,0.0
9089.0,9089.0,23.0,0.05776653811335564,5e-05,0.13032764196395874,0.0
9090.0,9090.0,23.0,0.06395063549280167,5e-05,0.1416933685541153,0.0
9091.0,9091.0,23.0,0.068789042532444,5e-05,0.10451415181159973,0.0
9092.0,9092.0,23.0,0.05989878252148628,5e-05,0.18885836005210876,0.0
9093.0,9093.0,23.0,0.0633135512471199,5e-05,0.08538489043712616,0.0
9094.0,9094.0,23.0,0.055496878921985626,5e-05,0.11542794853448868,0.0
9095.0,9095.0,23.0,0.06578436493873596,5e-05,0.15191692113876343,0.0
9096.0,9096.0,23.0,0.05079908296465874,5e-05,0.15045617520809174,0.0
9097.0,9097.0,23.0,0.060580696910619736,5e-05,0.12243665754795074,0.0
9098.0,9098.0,23.0,0.056184157729148865,5e-05,0.14162825047969818,0.0
9099.0,9099.0,23.0,0.060618169605731964,5e-05,0.11905735731124878,0.0
9100.0,9100.0,23.0,0.06004299223423004,5e-05,0.08507606387138367,0.0
9101.0,9101.0,23.0,0.06506732106208801,5e-05,0.14439991116523743,0.0
9102.0,9102.0,23.0,0.04651166498661041,5e-05,0.10759890079498291,0.0
9103.0,9103.0,23.0,0.05929785966873169,5e-05,0.11606711894273758,0.0
9104.0,9104.0,23.0,0.046881284564733505,5e-05,0.13744506239891052,0.0
9105.0,9105.0,23.0,0.05366125702857971,5e-05,0.13948413729667664,0.0
9106.0,9106.0,23.0,0.05495186150074005,5e-05,0.0942249521613121,0.0
9107.0,9107.0,23.0,0.07129200547933578,5e-05,0.10701613128185272,0.0
9108.0,9108.0,23.0,0.059209082275629044,5e-05,0.15013240277767181,0.0
9109.0,9109.0,23.0,0.0468582808971405,5e-05,0.11440038681030273,0.0
9110.0,9110.0,23.0,0.05282911658287048,5e-05,0.14900609850883484,0.0
9111.0,9111.0,23.0,0.052540991455316544,5e-05,0.14219613373279572,0.0
9112.0,9112.0,23.0,0.043786197900772095,5e-05,0.17574357986450195,0.0
9113.0,9113.0,23.0,0.0649556815624237,5e-05,0.13148826360702515,0.0
9114.0,9114.0,23.0,0.04663030430674553,5e-05,0.2045322060585022,0.0
9115.0,9115.0,23.0,0.0605795755982399,5e-05,0.15182416141033173,0.0
9116.0,9116.0,23.0,0.06717754900455475,5e-05,0.13996854424476624,0.0
9117.0,9117.0,23.0,0.04924163222312927,5e-05,0.12775610387325287,0.0
9118.0,9118.0,23.0,0.05619119107723236,5e-05,0.18354825675487518,0.0
9119.0,9119.0,23.0,0.07746532559394836,5e-05,0.11841101199388504,0.0
9120.0,9120.0,23.0,0.0638674646615982,5e-05,0.1583031862974167,0.0
9121.0,9121.0,23.0,0.044263001531362534,5e-05,0.13253507018089294,0.0
9122.0,9122.0,23.0,0.05569228529930115,5e-05,0.11869540810585022,0.0
9123.0,9123.0,23.0,0.05053457245230675,5e-05,0.10975567251443863,0.0
9124.0,9124.0,23.0,0.04731691628694534,5e-05,0.11261583119630814,0.0
9125.0,9125.0,23.0,0.05165418982505798,5e-05,0.1065463051199913,0.0
9126.0,9126.0,23.0,0.052996814250946045,5e-05,0.09287124127149582,0.0
9127.0,9127.0,23.0,0.049873676151037216,5e-05,0.1416434645652771,0.0
9128.0,9128.0,23.0,0.05228520184755325,5e-05,0.11269348859786987,0.0
9129.0,9129.0,23.0,0.06378945708274841,5e-05,0.16940924525260925,0.0
9130.0,9130.0,23.0,0.06245924532413483,5e-05,0.11588121205568314,0.0
9131.0,9131.0,23.0,0.06450408697128296,5e-05,0.1299184411764145,0.0
9132.0,9132.0,23.0,0.05783620476722717,5e-05,0.13128703832626343,0.0
9133.0,9133.0,23.0,0.05960201472043991,5e-05,0.13915568590164185,0.0
9134.0,9134.0,23.0,0.06550920009613037,5e-05,0.13819020986557007,0.0
9135.0,9135.0,23.0,0.05965495854616165,5e-05,0.1030404344201088,0.0
9136.0,9136.0,23.0,0.04514726251363754,5e-05,0.14538875222206116,0.0
9137.0,9137.0,23.0,0.0716603547334671,5e-05,0.11460045725107193,0.0
9138.0,9138.0,23.0,0.06441953778266907,5e-05,0.13045427203178406,0.0
9139.0,9139.0,23.0,0.05381746590137482,5e-05,0.18440355360507965,0.0
9140.0,9140.0,23.0,0.06075027585029602,5e-05,0.11506636440753937,0.0
9141.0,9141.0,23.0,0.0567014180123806,5e-05,0.1817164123058319,0.0
9142.0,9142.0,23.0,0.06258136034011841,5e-05,0.12611715495586395,0.0
9143.0,9143.0,23.0,0.05167734622955322,5e-05,0.09515854716300964,0.0
9144.0,9144.0,23.0,0.06166175752878189,5e-05,0.12066440284252167,0.0
9145.0,9145.0,23.0,0.051761314272880554,5e-05,0.1175837367773056,0.0
9146.0,9146.0,23.0,0.047939665615558624,5e-05,0.13089920580387115,0.0
9147.0,9147.0,23.0,0.05776180699467659,5e-05,0.10741767287254333,0.0
9148.0,9148.0,23.0,0.05654967203736305,5e-05,0.11835528165102005,0.0
9149.0,9149.0,23.0,0.06007428094744682,5e-05,0.1250130832195282,0.0
9150.0,9150.0,23.0,0.043577611446380615,5e-05,0.1144743338227272,0.0
9151.0,9151.0,23.0,0.05582812428474426,5e-05,0.10263209044933319,0.0
9152.0,9152.0,23.0,0.06210426613688469,5e-05,0.11903675645589828,0.0
9153.0,9153.0,23.0,0.05023080110549927,5e-05,0.12888383865356445,0.0
9154.0,9154.0,23.0,0.05965451896190643,5e-05,0.0918051153421402,0.0
9155.0,9155.0,23.0,0.0516873262822628,5e-05,0.14315631985664368,0.0
9156.0,9156.0,23.0,0.06112881004810333,5e-05,0.13868704438209534,0.0
9157.0,9157.0,23.0,0.06445834040641785,5e-05,0.13609866797924042,0.0
9158.0,9158.0,23.0,0.050925880670547485,5e-05,0.11482067406177521,0.0
9159.0,9159.0,23.0,0.05626806616783142,5e-05,0.18152602016925812,0.0
9160.0,9160.0,23.0,0.06392905116081238,5e-05,0.13919441401958466,0.0
9161.0,9161.0,23.0,0.04809102416038513,5e-05,0.13208411633968353,0.0
9162.0,9162.0,23.0,0.05901889503002167,5e-05,0.15890106558799744,0.0
9163.0,9163.0,23.0,0.04431531950831413,5e-05,0.18180033564567566,0.0
9164.0,9164.0,23.0,0.0644114762544632,5e-05,0.14547944068908691,0.0
9165.0,9165.0,23.0,0.05853984132409096,5e-05,0.19726569950580597,0.0
9166.0,9166.0,23.0,0.05107500031590462,5e-05,0.12293557822704315,0.0
9167.0,9167.0,23.0,0.05900000035762787,5e-05,0.16101843118667603,0.0
9168.0,9168.0,23.0,0.053064487874507904,5e-05,0.1817493587732315,0.0
9169.0,9169.0,23.0,0.05981895327568054,5e-05,0.10703522711992264,0.0
9170.0,9170.0,23.0,0.06481970101594925,5e-05,0.16963697969913483,0.0
9171.0,9171.0,23.0,0.05441467463970184,5e-05,0.13866369426250458,0.0
9172.0,9172.0,23.0,0.04840940237045288,5e-05,0.09511824697256088,0.0
9173.0,9173.0,23.0,0.0487964041531086,5e-05,0.1716996729373932,0.0
9174.0,9174.0,23.0,0.06806817650794983,5e-05,0.14216384291648865,0.0
9175.0,9175.0,23.0,0.07540054619312286,5e-05,0.15635699033737183,0.0
9176.0,9176.0,23.0,0.05224382504820824,5e-05,0.11029913276433945,0.0
9177.0,9177.0,23.0,0.056192077696323395,5e-05,0.16300426423549652,0.0
9178.0,9178.0,23.0,0.06678099185228348,5e-05,0.15930749475955963,0.0
9179.0,9179.0,23.0,0.05238757282495499,5e-05,0.08856365084648132,0.0
9180.0,9180.0,23.0,0.06428873538970947,5e-05,0.140903502702713,0.0
9181.0,9181.0,23.0,0.050535738468170166,5e-05,0.14393197000026703,0.0
9182.0,9182.0,23.0,0.06371713429689407,5e-05,0.13423046469688416,0.0
9183.0,9183.0,23.0,0.06924381852149963,5e-05,0.11414875090122223,0.0
9184.0,9184.0,23.0,0.05575031787157059,5e-05,0.13452483713626862,0.0
9185.0,9185.0,23.0,0.06439743936061859,5e-05,0.13747408986091614,0.0
9186.0,9186.0,23.0,0.054053112864494324,5e-05,0.18106317520141602,0.0
9187.0,9187.0,23.0,0.06312838941812515,5e-05,0.16933882236480713,0.0
9188.0,9188.0,23.0,0.07400698959827423,5e-05,0.18760685622692108,0.0
9189.0,9189.0,23.0,0.04879172146320343,5e-05,0.19560487568378448,0.0
9190.0,9190.0,23.0,0.06093817949295044,5e-05,0.13618247210979462,0.0
9191.0,9191.0,23.0,0.06433714926242828,5e-05,0.17351116240024567,0.0
9192.0,9192.0,23.0,0.05197629705071449,5e-05,0.18788665533065796,0.0
9193.0,9193.0,23.0,0.06036383658647537,5e-05,0.2040475606918335,0.0
9194.0,9194.0,23.0,0.050538986921310425,5e-05,0.16776032745838165,0.0
9195.0,9195.0,23.0,0.058477677404880524,5e-05,0.1495313197374344,0.0
9196.0,9196.0,23.0,0.06576872617006302,5e-05,0.16467255353927612,0.0
9197.0,9197.0,23.0,0.043692611157894135,5e-05,0.11366681754589081,0.0
9198.0,9198.0,23.0,0.06507286429405212,5e-05,0.14760172367095947,0.0
9199.0,9199.0,23.0,0.05439285188913345,5e-05,0.15209221839904785,0.0
9200.0,9200.0,23.0,0.05482548847794533,5e-05,0.11533838510513306,0.0
9201.0,9201.0,23.0,0.06780543178319931,5e-05,0.13070811331272125,0.0
9202.0,9202.0,23.0,0.06164882332086563,5e-05,0.09672821313142776,0.0
9203.0,9203.0,23.0,0.06224723160266876,5e-05,0.09258966147899628,0.0
9204.0,9204.0,23.0,0.052106693387031555,5e-05,0.09782063215970993,0.0
9205.0,9205.0,23.0,0.05754225701093674,5e-05,0.08497675508260727,0.0
9206.0,9206.0,23.0,0.04592113941907883,5e-05,0.12199768424034119,0.0
9207.0,9207.0,23.0,0.05807328224182129,5e-05,0.07801827043294907,0.0
9208.0,9208.0,23.0,0.056815359741449356,5e-05,0.13492032885551453,0.0
9209.0,9209.0,23.0,0.04026367887854576,5e-05,0.07601679116487503,0.0
9210.0,9210.0,23.0,0.05685077980160713,5e-05,0.08996091783046722,0.0
9211.0,9211.0,23.0,0.051803767681121826,5e-05,0.1281163990497589,0.0
9212.0,9212.0,23.0,0.05995664373040199,5e-05,0.0822099968791008,0.0
9213.0,9213.0,23.0,0.07695324718952179,5e-05,0.14199787378311157,0.0
9214.0,9214.0,23.0,0.05293663591146469,5e-05,0.1572991907596588,0.0
9215.0,9215.0,23.0,0.0532296746969223,5e-05,0.09975742548704147,0.0
9216.0,9216.0,23.0,0.06720858067274094,5e-05,0.17053069174289703,0.0
9217.0,9217.0,23.0,0.06013891473412514,5e-05,0.13319814205169678,0.0
9218.0,9218.0,23.0,0.06420382112264633,5e-05,0.15102851390838623,0.0
9219.0,9219.0,23.0,0.05227583646774292,5e-05,0.14019928872585297,0.0
9220.0,9220.0,23.0,0.06113211438059807,5e-05,0.16639898717403412,0.0
9221.0,9221.0,23.0,0.05508293956518173,5e-05,0.2209269404411316,0.0
9222.0,9222.0,23.0,0.06394578516483307,5e-05,0.10079481452703476,0.0
9223.0,9223.0,23.0,0.0686379075050354,5e-05,0.20581941306591034,0.0
9224.0,9224.0,23.0,0.06932415068149567,5e-05,0.1592288613319397,0.0
9225.0,9225.0,23.0,0.04887840896844864,5e-05,0.16805106401443481,0.0
9226.0,9226.0,23.0,0.05362603813409805,5e-05,0.17518801987171173,0.0
9227.0,9227.0,23.0,0.0661020576953888,5e-05,0.11201661080121994,0.0
9228.0,9228.0,23.0,0.05380434915423393,5e-05,0.17557691037654877,0.0
9229.0,9229.0,23.0,0.05751180648803711,5e-05,0.1372164785861969,0.0
9230.0,9230.0,23.0,0.06443805247545242,5e-05,0.12158174067735672,0.0
9231.0,9231.0,23.0,0.0615449883043766,5e-05,0.2160106748342514,0.0
9232.0,9232.0,23.0,0.05164124444127083,5e-05,0.11694907397031784,0.0
9233.0,9233.0,23.0,0.06667885929346085,5e-05,0.2039906084537506,0.0
9234.0,9234.0,23.0,0.05156898498535156,5e-05,0.182975634932518,0.0
9235.0,9235.0,23.0,0.05470949411392212,5e-05,0.10809739679098129,0.0
9236.0,9236.0,23.0,0.06318895518779755,5e-05,0.1644822061061859,0.0
9237.0,9237.0,23.0,0.06315315514802933,5e-05,0.11285880953073502,0.0
9238.0,9238.0,23.0,0.04679754376411438,5e-05,0.1273636519908905,0.0
9239.0,9239.0,23.0,0.05349145084619522,5e-05,0.16017070412635803,0.0
9240.0,9240.0,23.0,0.05874982476234436,5e-05,0.10503125190734863,0.0
9241.0,9241.0,23.0,0.052960511296987534,5e-05,0.12692974507808685,0.0
9242.0,9242.0,23.0,0.05203566327691078,5e-05,0.12559774518013,0.0
9243.0,9243.0,23.0,0.06479807198047638,5e-05,0.12108170986175537,0.0
9244.0,9244.0,23.0,0.053977787494659424,5e-05,0.13612478971481323,0.0
9245.0,9245.0,23.0,0.052643537521362305,5e-05,0.10516640543937683,0.0
9246.0,9246.0,23.0,0.056094489991664886,5e-05,0.1326814740896225,0.0
9247.0,9247.0,23.0,0.03848579525947571,5e-05,0.08511494100093842,0.0
9248.0,9248.0,23.0,0.06026466190814972,5e-05,0.1265408843755722,0.0
9249.0,9249.0,23.0,0.057681307196617126,5e-05,0.12439470738172531,0.0
9250.0,9250.0,23.0,0.06705440580844879,5e-05,0.1191132515668869,0.0
9251.0,9251.0,23.0,0.0535498708486557,5e-05,0.09333781898021698,0.0
9252.0,9252.0,23.0,0.05511627346277237,5e-05,0.13329407572746277,0.0
9253.0,9253.0,23.0,0.06196315586566925,5e-05,0.10867983847856522,0.0
9254.0,9254.0,23.0,0.054596856236457825,5e-05,0.11731964349746704,0.0
9255.0,9255.0,23.0,0.05224401503801346,5e-05,0.11545251309871674,0.0
9256.0,9256.0,23.0,0.06156376749277115,5e-05,0.13357174396514893,0.0
9257.0,9257.0,23.0,0.0642726793885231,5e-05,0.14590784907341003,0.0
9258.0,9258.0,23.0,0.054535165429115295,5e-05,0.1722753793001175,0.0
9259.0,9259.0,23.0,0.05685125291347504,5e-05,0.13282929360866547,0.0
9260.0,9260.0,23.0,0.06242814660072327,5e-05,0.14009125530719757,0.0
9261.0,9261.0,23.0,0.05440303683280945,5e-05,0.12228524684906006,0.0
9262.0,9262.0,23.0,0.048847004771232605,5e-05,0.10080274194478989,0.0
9263.0,9263.0,23.0,0.060932058840990067,5e-05,0.10791999101638794,0.0
9264.0,9264.0,23.0,0.0478159636259079,5e-05,0.09840962290763855,0.0
9265.0,9265.0,23.0,0.05615154653787613,5e-05,0.1281362622976303,0.0
9266.0,9266.0,23.0,0.05157345533370972,5e-05,0.09479980170726776,0.0
9267.0,9267.0,23.0,0.06327427923679352,5e-05,0.11904874444007874,0.0
9268.0,9268.0,23.0,0.06221594661474228,5e-05,0.1598534733057022,0.0
9269.0,9269.0,23.0,0.05658363550901413,5e-05,0.1287362277507782,0.0
9270.0,9270.0,23.0,0.05228273570537567,5e-05,0.11559727787971497,0.0
9271.0,9271.0,23.0,0.057865023612976074,5e-05,0.1446145623922348,0.0
9272.0,9272.0,23.0,0.05525276064872742,5e-05,0.1533825695514679,0.0
9273.0,9273.0,23.0,0.053573302924633026,5e-05,0.13496287167072296,0.0
9274.0,9274.0,23.0,0.0633842721581459,5e-05,0.10968699306249619,0.0
9275.0,9275.0,23.0,0.06251776218414307,5e-05,0.20877277851104736,0.0
9276.0,9276.0,23.0,0.061892665922641754,5e-05,0.1590183824300766,0.0
9277.0,9277.0,23.0,0.05049946531653404,5e-05,0.11549213528633118,0.0
9278.0,9278.0,23.0,0.05194731056690216,5e-05,0.17020122706890106,0.0
9279.0,9279.0,23.0,0.05495975911617279,5e-05,0.13557307422161102,0.0
9280.0,9280.0,23.0,0.07496510446071625,5e-05,0.1450372040271759,0.0
9281.0,9281.0,23.0,0.04215812310576439,5e-05,0.13583306968212128,0.0
9282.0,9282.0,23.0,0.055059656500816345,5e-05,0.1495467871427536,0.0
9283.0,9283.0,23.0,0.09099431335926056,5e-05,0.24922318756580353,0.0
9284.0,9284.0,23.0,0.048773087561130524,5e-05,0.10215365886688232,0.0
9285.0,9285.0,23.0,0.04841690510511398,5e-05,0.1614409238100052,0.0
9286.0,9286.0,23.0,0.059242166578769684,5e-05,0.1761392205953598,0.0
9287.0,9287.0,23.0,0.0670744925737381,5e-05,0.1404300183057785,0.0
9288.0,9288.0,23.0,0.06687423586845398,5e-05,0.13889585435390472,0.0
9289.0,9289.0,23.0,0.0686066597700119,5e-05,0.13684320449829102,0.0
9290.0,9290.0,23.0,0.05786295607686043,5e-05,0.1471613496541977,0.0
9291.0,9291.0,23.0,0.06798809766769409,5e-05,0.16488902270793915,0.0
9292.0,9292.0,23.0,0.053024888038635254,5e-05,0.09871221333742142,0.0
9293.0,9293.0,23.0,0.06007548049092293,5e-05,0.17882481217384338,0.0
9294.0,9294.0,23.0,0.0734638199210167,5e-05,0.15168872475624084,0.0
9295.0,9295.0,23.0,0.05266435071825981,5e-05,0.1489834040403366,0.0
9296.0,9296.0,23.0,0.06257826089859009,5e-05,0.09923449158668518,0.0
9297.0,9297.0,23.0,0.05786001682281494,5e-05,0.17524737119674683,0.0
9298.0,9298.0,23.0,0.05166533589363098,5e-05,0.1160057932138443,0.0
9299.0,9299.0,23.0,0.0491330623626709,5e-05,0.11433857679367065,0.0
9300.0,9300.0,23.0,0.05262545496225357,5e-05,0.1434762328863144,0.0
9301.0,9301.0,23.0,0.0613214448094368,5e-05,0.08914319425821304,0.0
9302.0,9302.0,23.0,0.0556558221578598,5e-05,0.10418315976858139,0.0
9303.0,9303.0,23.0,0.053146228194236755,5e-05,0.11391889303922653,0.0
9304.0,9304.0,23.0,0.07512187212705612,5e-05,0.11639704555273056,0.0
9305.0,9305.0,23.0,0.05053858458995819,5e-05,0.13053260743618011,0.0
9306.0,9306.0,23.0,0.06562729179859161,5e-05,0.13017593324184418,0.0
9307.0,9307.0,23.0,0.06710180640220642,5e-05,0.09737670421600342,0.0
9308.0,9308.0,23.0,0.07098817825317383,5e-05,0.0939752459526062,0.0
9309.0,9309.0,23.0,0.04879312217235565,5e-05,0.0665789470076561,0.0
9310.0,9310.0,23.0,0.05835083872079849,5e-05,0.09590456634759903,0.0
9311.0,9311.0,23.0,0.05997090041637421,5e-05,0.13581858575344086,0.0
9312.0,9312.0,23.0,0.06420453637838364,5e-05,0.12135986983776093,0.0
9313.0,9313.0,23.0,0.05805522948503494,5e-05,0.14775460958480835,0.0
9314.0,9314.0,23.0,0.05636867508292198,5e-05,0.12280450761318207,0.0
9315.0,9315.0,23.0,0.04960716888308525,5e-05,0.07601545751094818,0.0
9316.0,9316.0,23.0,0.07042751461267471,5e-05,0.14286069571971893,0.0
9317.0,9317.0,23.0,0.05368734896183014,5e-05,0.13992919027805328,0.0
9318.0,9318.0,23.0,0.059269096702337265,5e-05,0.11177149415016174,0.0
9319.0,9319.0,23.0,0.06044965609908104,5e-05,0.10606168955564499,0.0
9320.0,9320.0,23.0,0.06608377397060394,5e-05,0.08901084214448929,0.0
9321.0,9321.0,23.0,0.056787632405757904,5e-05,0.14514727890491486,0.0
9322.0,9322.0,23.0,0.06289327144622803,5e-05,0.09407050907611847,0.0
9323.0,9323.0,23.0,0.05893319845199585,5e-05,0.12404835969209671,0.0
9324.0,9324.0,23.0,0.05693084001541138,5e-05,0.10748232156038284,0.0
9325.0,9325.0,23.0,0.05382230132818222,5e-05,0.12402693927288055,0.0
9326.0,9326.0,23.0,0.06647533178329468,5e-05,0.1377282589673996,0.0
9327.0,9327.0,23.0,0.0715334564447403,5e-05,0.09761189669370651,0.0
9328.0,9328.0,23.0,0.058438777923583984,5e-05,0.24289271235466003,0.0
9329.0,9329.0,23.0,0.04853871092200279,5e-05,0.11062564700841904,0.0
9330.0,9330.0,23.0,0.04479323327541351,5e-05,0.20355179905891418,0.0
9331.0,9331.0,23.0,0.05488128587603569,5e-05,0.13072586059570312,0.0
9332.0,9332.0,23.0,0.05786456540226936,5e-05,0.08110463619232178,0.0
9333.0,9333.0,23.0,0.05633991211652756,5e-05,0.1407141387462616,0.0
9334.0,9334.0,23.0,0.053456924855709076,5e-05,0.1659705638885498,0.0
9335.0,9335.0,23.0,0.0454217791557312,5e-05,0.10660585016012192,0.0
9336.0,9336.0,23.0,0.0672827959060669,5e-05,0.14650343358516693,0.0
9337.0,9337.0,23.0,0.056569188833236694,5e-05,0.1168963834643364,0.0
9338.0,9338.0,23.0,0.060793861746788025,5e-05,0.11983063071966171,0.0
9339.0,9339.0,23.0,0.059222813695669174,5e-05,0.14671266078948975,0.0
9340.0,9340.0,23.0,0.050981998443603516,5e-05,0.08446411788463593,0.0
9341.0,9341.0,23.0,0.050015855580568314,5e-05,0.12709225714206696,0.0
9342.0,9342.0,23.0,0.06675921380519867,5e-05,0.1334863007068634,0.0
9343.0,9343.0,23.0,0.05463314801454544,5e-05,0.10682186484336853,0.0
9344.0,9344.0,23.0,0.05981381610035896,5e-05,0.14280255138874054,0.0
9345.0,9345.0,23.0,0.052237845957279205,5e-05,0.13639956712722778,0.0
9346.0,9346.0,23.0,0.05387824773788452,5e-05,0.24659442901611328,0.0
9347.0,9347.0,23.0,0.07221779227256775,5e-05,0.15642103552818298,0.0
9348.0,9348.0,23.0,0.07966432720422745,5e-05,0.18489380180835724,0.0
9349.0,9349.0,23.0,0.061087459325790405,5e-05,0.22434720396995544,0.0
9350.0,9350.0,23.0,0.07259044796228409,5e-05,0.1123681291937828,0.0
9351.0,9351.0,23.0,0.06315062940120697,5e-05,0.21488143503665924,0.0
9352.0,9352.0,23.0,0.06400518119335175,5e-05,0.16847515106201172,0.0
9353.0,9353.0,23.0,0.05013381689786911,5e-05,0.16363182663917542,0.0
9354.0,9354.0,23.0,0.057753369212150574,5e-05,0.31573665142059326,0.0
9355.0,9355.0,23.0,0.06799840927124023,5e-05,0.14000584185123444,0.0
9356.0,9356.0,23.0,0.06278462707996368,5e-05,0.19133611023426056,0.0
9357.0,9357.0,23.0,0.06257785856723785,5e-05,0.1835060864686966,0.0
9358.0,9358.0,23.0,0.059447068721055984,5e-05,0.16444513201713562,0.0
9359.0,9359.0,23.0,0.06350928544998169,5e-05,0.2474702000617981,0.0
9360.0,9360.0,23.0,0.061669450253248215,5e-05,0.15729203820228577,0.0
9361.0,9361.0,24.0,0.07159200310707092,5e-05,0.17005915939807892,0.0
9362.0,9362.0,24.0,0.07241212576627731,5e-05,0.1938048005104065,0.0
9363.0,9363.0,24.0,0.059165120124816895,5e-05,0.11133760213851929,0.0
9364.0,9364.0,24.0,0.04523273557424545,5e-05,0.15243560075759888,0.0
9365.0,9365.0,24.0,0.0702107846736908,5e-05,0.15086103975772858,0.0
9366.0,9366.0,24.0,0.05482635274529457,5e-05,0.08157411217689514,0.0
9367.0,9367.0,24.0,0.05358709394931793,5e-05,0.15620146691799164,0.0
9368.0,9368.0,24.0,0.05900018662214279,5e-05,0.1524129956960678,0.0
9369.0,9369.0,24.0,0.06030689924955368,5e-05,0.09033260494470596,0.0
9370.0,9370.0,24.0,0.056485045701265335,5e-05,0.15832401812076569,0.0
9371.0,9371.0,24.0,0.05215279757976532,5e-05,0.1425735503435135,0.0
9372.0,9372.0,24.0,0.06078486144542694,5e-05,0.1631155014038086,0.0
9373.0,9373.0,24.0,0.06146881729364395,5e-05,0.12031631916761398,0.0
9374.0,9374.0,24.0,0.05319526419043541,5e-05,0.1185089498758316,0.0
9375.0,9375.0,24.0,0.0704139918088913,5e-05,0.10841980576515198,0.0
9376.0,9376.0,24.0,0.04732975736260414,5e-05,0.08164937794208527,0.0
9377.0,9377.0,24.0,0.059153079986572266,5e-05,0.1276225447654724,0.0
9378.0,9378.0,24.0,0.05032926797866821,5e-05,0.10880547016859055,0.0
9379.0,9379.0,24.0,0.07616308331489563,5e-05,0.12424522638320923,0.0
9380.0,9380.0,24.0,0.05404062941670418,5e-05,0.120047926902771,0.0
9381.0,9381.0,24.0,0.05576048791408539,5e-05,0.10832271724939346,0.0
9382.0,9382.0,24.0,0.06699574738740921,5e-05,0.11075084656476974,0.0
9383.0,9383.0,24.0,0.05414864420890808,5e-05,0.11639472097158432,0.0
9384.0,9384.0,24.0,0.05044218897819519,5e-05,0.10051599144935608,0.0
9385.0,9385.0,24.0,0.05496562272310257,5e-05,0.09050063788890839,0.0
9386.0,9386.0,24.0,0.0689646452665329,5e-05,0.1267751306295395,0.0
9387.0,9387.0,24.0,0.0545288510620594,5e-05,0.12640127539634705,0.0
9388.0,9388.0,24.0,0.06579232960939407,5e-05,0.09388502687215805,0.0
9389.0,9389.0,24.0,0.06764204055070877,5e-05,0.10045698285102844,0.0
9390.0,9390.0,24.0,0.050373394042253494,5e-05,0.13397665321826935,0.0
9391.0,9391.0,24.0,0.05833064392209053,5e-05,0.13637866079807281,0.0
9392.0,9392.0,24.0,0.047158438712358475,5e-05,0.14283525943756104,0.0
9393.0,9393.0,24.0,0.047491684556007385,5e-05,0.1651141196489334,0.0
9394.0,9394.0,24.0,0.0598943866789341,5e-05,0.1193598285317421,0.0
9395.0,9395.0,24.0,0.06063700467348099,5e-05,0.10774262994527817,0.0
9396.0,9396.0,24.0,0.05649743974208832,5e-05,0.10888775438070297,0.0
9397.0,9397.0,24.0,0.07112754881381989,5e-05,0.13539013266563416,0.0
9398.0,9398.0,24.0,0.056906089186668396,5e-05,0.11149712651968002,0.0
9399.0,9399.0,24.0,0.05003873258829117,5e-05,0.09231378138065338,0.0
9400.0,9400.0,24.0,0.0605701319873333,5e-05,0.1443556547164917,0.0
9401.0,9401.0,24.0,0.048872508108615875,5e-05,0.12664228677749634,0.0
9402.0,9402.0,24.0,0.06784060597419739,5e-05,0.10944841057062149,0.0
9403.0,9403.0,24.0,0.058940183371305466,5e-05,0.1419059783220291,0.0
9404.0,9404.0,24.0,0.05970931798219681,5e-05,0.10795852541923523,0.0
9405.0,9405.0,24.0,0.04893407225608826,5e-05,0.10165254771709442,0.0
9406.0,9406.0,24.0,0.0538327731192112,5e-05,0.1957280933856964,0.0
9407.0,9407.0,24.0,0.07312573492527008,5e-05,0.1389743834733963,0.0
9408.0,9408.0,24.0,0.06555929034948349,5e-05,0.17843879759311676,0.0
9409.0,9409.0,24.0,0.06069840490818024,5e-05,0.17865891754627228,0.0
9410.0,9410.0,24.0,0.060012493282556534,5e-05,0.07623407989740372,0.0
9411.0,9411.0,24.0,0.06186139956116676,5e-05,0.1259281486272812,0.0
9412.0,9412.0,24.0,0.052252162247896194,5e-05,0.1238039880990982,0.0
9413.0,9413.0,24.0,0.06254735589027405,5e-05,0.11277957260608673,0.0
9414.0,9414.0,24.0,0.0490930899977684,5e-05,0.15255962312221527,0.0
9415.0,9415.0,24.0,0.06855738908052444,5e-05,0.13426442444324493,0.0
9416.0,9416.0,24.0,0.06129179522395134,5e-05,0.11182605475187302,0.0
9417.0,9417.0,24.0,0.06565125286579132,5e-05,0.1261395514011383,0.0
9418.0,9418.0,24.0,0.04959803447127342,5e-05,0.14904999732971191,0.0
9419.0,9419.0,24.0,0.06766299903392792,5e-05,0.1532679945230484,0.0
9420.0,9420.0,24.0,0.045950405299663544,5e-05,0.10004827380180359,0.0
9421.0,9421.0,24.0,0.07098890095949173,5e-05,0.1479184925556183,0.0
9422.0,9422.0,24.0,0.05365592986345291,5e-05,0.14219160377979279,0.0
9423.0,9423.0,24.0,0.06810241937637329,5e-05,0.09063135832548141,0.0
9424.0,9424.0,24.0,0.05961230769753456,5e-05,0.16035965085029602,0.0
9425.0,9425.0,24.0,0.06020716577768326,5e-05,0.13873721659183502,0.0
9426.0,9426.0,24.0,0.05280889570713043,5e-05,0.10557117313146591,0.0
9427.0,9427.0,24.0,0.06506220251321793,5e-05,0.12440977990627289,0.0
9428.0,9428.0,24.0,0.061284467577934265,5e-05,0.10141029208898544,0.0
9429.0,9429.0,24.0,0.0613994225859642,5e-05,0.1643475592136383,0.0
9430.0,9430.0,24.0,0.06706654280424118,5e-05,0.14660654962062836,0.0
9431.0,9431.0,24.0,0.06550472974777222,5e-05,0.10061260312795639,0.0
9432.0,9432.0,24.0,0.057943761348724365,5e-05,0.10373367369174957,0.0
9433.0,9433.0,24.0,0.05416817218065262,5e-05,0.10102882236242294,0.0
9434.0,9434.0,24.0,0.04636584222316742,5e-05,0.06439612805843353,0.0
9435.0,9435.0,24.0,0.07368917018175125,5e-05,0.1398441642522812,0.0
9436.0,9436.0,24.0,0.04778989776968956,5e-05,0.10631223022937775,0.0
9437.0,9437.0,24.0,0.05293701961636543,5e-05,0.19979411363601685,0.0
9438.0,9438.0,24.0,0.0785771831870079,5e-05,0.15119941532611847,0.0
9439.0,9439.0,24.0,0.05491755157709122,5e-05,0.12275584787130356,0.0
9440.0,9440.0,24.0,0.05640400946140289,5e-05,0.19169758260250092,0.0
9441.0,9441.0,24.0,0.05709228292107582,5e-05,0.08377919346094131,0.0
9442.0,9442.0,24.0,0.04975905269384384,5e-05,0.16585220396518707,0.0
9443.0,9443.0,24.0,0.055631473660469055,5e-05,0.09552773833274841,0.0
9444.0,9444.0,24.0,0.07235094159841537,5e-05,0.1499452143907547,0.0
9445.0,9445.0,24.0,0.06016112118959427,5e-05,0.18760418891906738,0.0
9446.0,9446.0,24.0,0.061214495450258255,5e-05,0.11153195798397064,0.0
9447.0,9447.0,24.0,0.05489686131477356,5e-05,0.18810197710990906,0.0
9448.0,9448.0,24.0,0.05766611546278,5e-05,0.13422393798828125,0.0
9449.0,9449.0,24.0,0.05077865719795227,5e-05,0.21227344870567322,0.0
9450.0,9450.0,24.0,0.047542110085487366,5e-05,0.08843234181404114,0.0
9451.0,9451.0,24.0,0.07142996788024902,5e-05,0.15998998284339905,0.0
9452.0,9452.0,24.0,0.0637485533952713,5e-05,0.18213576078414917,0.0
9453.0,9453.0,24.0,0.07045041024684906,5e-05,0.18187783658504486,0.0
9454.0,9454.0,24.0,0.054651085287332535,5e-05,0.1247052326798439,0.0
9455.0,9455.0,24.0,0.07405649125576019,5e-05,0.15958517789840698,0.0
9456.0,9456.0,24.0,0.05041102319955826,5e-05,0.12540580332279205,0.0
9457.0,9457.0,24.0,0.05729858577251434,5e-05,0.11111380904912949,0.0
9458.0,9458.0,24.0,0.05965554341673851,5e-05,0.11368471384048462,0.0
9459.0,9459.0,24.0,0.0614783801138401,5e-05,0.1012515053153038,0.0
9460.0,9460.0,24.0,0.05813656002283096,5e-05,0.10502668470144272,0.0
9461.0,9461.0,24.0,0.054501693695783615,5e-05,0.0963711366057396,0.0
9462.0,9462.0,24.0,0.04108385741710663,5e-05,0.15377022325992584,0.0
9463.0,9463.0,24.0,0.06682543456554413,5e-05,0.07902493327856064,0.0
9464.0,9464.0,24.0,0.0542464554309845,5e-05,0.154582679271698,0.0
9465.0,9465.0,24.0,0.06454920023679733,5e-05,0.11865078657865524,0.0
9466.0,9466.0,24.0,0.07369771599769592,5e-05,0.12286391109228134,0.0
9467.0,9467.0,24.0,0.06151251867413521,5e-05,0.15725933015346527,0.0
9468.0,9468.0,24.0,0.05079091340303421,5e-05,0.1005825474858284,0.0
9469.0,9469.0,24.0,0.06006188690662384,5e-05,0.1235676184296608,0.0
9470.0,9470.0,24.0,0.06187884137034416,5e-05,0.15512877702713013,0.0
9471.0,9471.0,24.0,0.058230921626091,5e-05,0.1814187467098236,0.0
9472.0,9472.0,24.0,0.06640378385782242,5e-05,0.10673080384731293,0.0
9473.0,9473.0,24.0,0.05159902945160866,5e-05,0.15162615478038788,0.0
9474.0,9474.0,24.0,0.06334646046161652,5e-05,0.17285244166851044,0.0
9475.0,9475.0,24.0,0.05273508280515671,5e-05,0.11308372765779495,0.0
9476.0,9476.0,24.0,0.059618398547172546,5e-05,0.15210644900798798,0.0
9477.0,9477.0,24.0,0.058615803718566895,5e-05,0.11791584640741348,0.0
9478.0,9478.0,24.0,0.05986014008522034,5e-05,0.17941302061080933,0.0
9479.0,9479.0,24.0,0.0611882358789444,5e-05,0.10384364426136017,0.0
9480.0,9480.0,24.0,0.05784114450216293,5e-05,0.1646849513053894,0.0
9481.0,9481.0,24.0,0.054896410554647446,5e-05,0.162079855799675,0.0
9482.0,9482.0,24.0,0.05185266584157944,5e-05,0.09713022410869598,0.0
9483.0,9483.0,24.0,0.060289911925792694,5e-05,0.15645259618759155,0.0
9484.0,9484.0,24.0,0.05470632016658783,5e-05,0.2018870860338211,0.0
9485.0,9485.0,24.0,0.06743843853473663,5e-05,0.15311583876609802,0.0
9486.0,9486.0,24.0,0.057631269097328186,5e-05,0.1703609824180603,0.0
9487.0,9487.0,24.0,0.06214712932705879,5e-05,0.19291774928569794,0.0
9488.0,9488.0,24.0,0.052797071635723114,5e-05,0.12356574088335037,0.0
9489.0,9489.0,24.0,0.060817137360572815,5e-05,0.1563120186328888,0.0
9490.0,9490.0,24.0,0.05892869457602501,5e-05,0.13086850941181183,0.0
9491.0,9491.0,24.0,0.05948391929268837,5e-05,0.1869940161705017,0.0
9492.0,9492.0,24.0,0.06407515704631805,5e-05,0.11199523508548737,0.0
9493.0,9493.0,24.0,0.05344967171549797,5e-05,0.1316675841808319,0.0
9494.0,9494.0,24.0,0.051637835800647736,5e-05,0.15688347816467285,0.0
9495.0,9495.0,24.0,0.05450088530778885,5e-05,0.129303976893425,0.0
9496.0,9496.0,24.0,0.06196063756942749,5e-05,0.1530032902956009,0.0
9497.0,9497.0,24.0,0.04688233882188797,5e-05,0.2163269817829132,0.0
9498.0,9498.0,24.0,0.05340633913874626,5e-05,0.09380853176116943,0.0
9499.0,9499.0,24.0,0.05348370969295502,5e-05,0.2466239184141159,0.0
9500.0,9500.0,24.0,0.05738520249724388,5e-05,0.1710006594657898,0.0
9501.0,9501.0,24.0,0.06540089100599289,5e-05,0.2154790163040161,0.0
9502.0,9502.0,24.0,0.049716390669345856,5e-05,0.09256070852279663,0.0
9503.0,9503.0,24.0,0.056361522525548935,5e-05,0.20856347680091858,0.0
9504.0,9504.0,24.0,0.0568816103041172,5e-05,0.15232624113559723,0.0
9505.0,9505.0,24.0,0.05445427447557449,5e-05,0.08639771491289139,0.0
9506.0,9506.0,24.0,0.04494892805814743,5e-05,0.18061168491840363,0.0
9507.0,9507.0,24.0,0.054532285779714584,5e-05,0.12638498842716217,0.0
9508.0,9508.0,24.0,0.05018382892012596,5e-05,0.0976279079914093,0.0
9509.0,9509.0,24.0,0.05882295221090317,5e-05,0.11645758152008057,0.0
9510.0,9510.0,24.0,0.05732821673154831,5e-05,0.1693509817123413,0.0
9511.0,9511.0,24.0,0.05241961404681206,5e-05,0.13376659154891968,0.0
9512.0,9512.0,24.0,0.06501084566116333,5e-05,0.13980168104171753,0.0
9513.0,9513.0,24.0,0.0590762123465538,5e-05,0.13897716999053955,0.0
9514.0,9514.0,24.0,0.06963226199150085,5e-05,0.17309319972991943,0.0
9515.0,9515.0,24.0,0.0672488883137703,5e-05,0.13603000342845917,0.0
9516.0,9516.0,24.0,0.05400706082582474,5e-05,0.12275147438049316,0.0
9517.0,9517.0,24.0,0.050913505256175995,5e-05,0.10190559923648834,0.0
9518.0,9518.0,24.0,0.06670190393924713,5e-05,0.15001359581947327,0.0
9519.0,9519.0,24.0,0.047141484916210175,5e-05,0.11862914264202118,0.0
9520.0,9520.0,24.0,0.06210727244615555,5e-05,0.09718649089336395,0.0
9521.0,9521.0,24.0,0.062277887016534805,5e-05,0.13563093543052673,0.0
9522.0,9522.0,24.0,0.05336003750562668,5e-05,0.23568816483020782,0.0
9523.0,9523.0,24.0,0.05169900506734848,5e-05,0.09023989737033844,0.0
9524.0,9524.0,24.0,0.0542047917842865,5e-05,0.23651400208473206,0.0
9525.0,9525.0,24.0,0.064146488904953,5e-05,0.09909608215093613,0.0
9526.0,9526.0,24.0,0.05326642096042633,5e-05,0.147960364818573,0.0
9527.0,9527.0,24.0,0.055653467774391174,5e-05,0.144692063331604,0.0
9528.0,9528.0,24.0,0.06257444620132446,5e-05,0.1387196034193039,0.0
9529.0,9529.0,24.0,0.05260889232158661,5e-05,0.14597442746162415,0.0
9530.0,9530.0,24.0,0.04368259012699127,5e-05,0.09921589493751526,0.0
9531.0,9531.0,24.0,0.06268803775310516,5e-05,0.13963210582733154,0.0
9532.0,9532.0,24.0,0.044776707887649536,5e-05,0.1509023904800415,0.0
9533.0,9533.0,24.0,0.0496411994099617,5e-05,0.1339299976825714,0.0
9534.0,9534.0,24.0,0.0433327741920948,5e-05,0.15209294855594635,0.0
9535.0,9535.0,24.0,0.054133616387844086,5e-05,0.09771815687417984,0.0
9536.0,9536.0,24.0,0.0788411945104599,5e-05,0.1132005900144577,0.0
9537.0,9537.0,24.0,0.05725393444299698,5e-05,0.14575700461864471,0.0
9538.0,9538.0,24.0,0.04444882646203041,5e-05,0.14494439959526062,0.0
9539.0,9539.0,24.0,0.04845012351870537,5e-05,0.12855687737464905,0.0
9540.0,9540.0,24.0,0.051464103162288666,5e-05,0.1734773814678192,0.0
9541.0,9541.0,24.0,0.04640313610434532,5e-05,0.096860371530056,0.0
9542.0,9542.0,24.0,0.048669829964637756,5e-05,0.12798815965652466,0.0
9543.0,9543.0,24.0,0.07106888294219971,5e-05,0.11728857457637787,0.0
9544.0,9544.0,24.0,0.048794038593769073,5e-05,0.08772565424442291,0.0
9545.0,9545.0,24.0,0.04982061684131622,5e-05,0.12115876376628876,0.0
9546.0,9546.0,24.0,0.06699680536985397,5e-05,0.11425445228815079,0.0
9547.0,9547.0,24.0,0.05332732945680618,5e-05,0.10414939373731613,0.0
9548.0,9548.0,24.0,0.05620989575982094,5e-05,0.08987577259540558,0.0
9549.0,9549.0,24.0,0.05882599949836731,5e-05,0.11262331902980804,0.0
9550.0,9550.0,24.0,0.04918669909238815,5e-05,0.11645311862230301,0.0
9551.0,9551.0,24.0,0.046331554651260376,5e-05,0.10835487395524979,0.0
9552.0,9552.0,24.0,0.06533429771661758,5e-05,0.13176459074020386,0.0
9553.0,9553.0,24.0,0.06988146156072617,5e-05,0.13294300436973572,0.0
9554.0,9554.0,24.0,0.04796253889799118,5e-05,0.1233101561665535,0.0
9555.0,9555.0,24.0,0.051857542246580124,5e-05,0.12192555516958237,0.0
9556.0,9556.0,24.0,0.06051686406135559,5e-05,0.13038450479507446,0.0
9557.0,9557.0,24.0,0.07712182402610779,5e-05,0.12764284014701843,0.0
9558.0,9558.0,24.0,0.06254865229129791,5e-05,0.09553145617246628,0.0
9559.0,9559.0,24.0,0.053103961050510406,5e-05,0.09773564338684082,0.0
9560.0,9560.0,24.0,0.06025967001914978,5e-05,0.09422893822193146,0.0
9561.0,9561.0,24.0,0.053142670542001724,5e-05,0.1397217959165573,0.0
9562.0,9562.0,24.0,0.0577203743159771,5e-05,0.1425020843744278,0.0
9563.0,9563.0,24.0,0.05774440988898277,5e-05,0.15982435643672943,0.0
9564.0,9564.0,24.0,0.057355012744665146,5e-05,0.17773063480854034,0.0
9565.0,9565.0,24.0,0.0771273523569107,5e-05,0.21850073337554932,0.0
9566.0,9566.0,24.0,0.05370229855179787,5e-05,0.08612851053476334,0.0
9567.0,9567.0,24.0,0.0562940388917923,5e-05,0.19381290674209595,0.0
9568.0,9568.0,24.0,0.06568638980388641,5e-05,0.2190970480442047,0.0
9569.0,9569.0,24.0,0.05458538606762886,5e-05,0.09094870090484619,0.0
9570.0,9570.0,24.0,0.061089541763067245,5e-05,0.23414917290210724,0.0
9571.0,9571.0,24.0,0.055711425840854645,5e-05,0.22513504326343536,0.0
9572.0,9572.0,24.0,0.06551801413297653,5e-05,0.17172378301620483,0.0
9573.0,9573.0,24.0,0.06052057445049286,5e-05,0.1676264852285385,0.0
9574.0,9574.0,24.0,0.06614755094051361,5e-05,0.16794466972351074,0.0
9575.0,9575.0,24.0,0.0571032278239727,5e-05,0.14413315057754517,0.0
9576.0,9576.0,24.0,0.05451579764485359,5e-05,0.1191120371222496,0.0
9577.0,9577.0,24.0,0.0548613965511322,5e-05,0.13413286209106445,0.0
9578.0,9578.0,24.0,0.07597735524177551,5e-05,0.2177388221025467,0.0
9579.0,9579.0,24.0,0.04870574176311493,5e-05,0.13264422118663788,0.0
9580.0,9580.0,24.0,0.05823899060487747,5e-05,0.13299722969532013,0.0
9581.0,9581.0,24.0,0.040001459419727325,5e-05,0.10398707538843155,0.0
9582.0,9582.0,24.0,0.06314434856176376,5e-05,0.18945614993572235,0.0
9583.0,9583.0,24.0,0.05449547991156578,5e-05,0.16344444453716278,0.0
9584.0,9584.0,24.0,0.061498530209064484,5e-05,0.11034921556711197,0.0
9585.0,9585.0,24.0,0.050767697393894196,5e-05,0.15049132704734802,0.0
9586.0,9586.0,24.0,0.05019928514957428,5e-05,0.10968165099620819,0.0
9587.0,9587.0,24.0,0.06703494489192963,5e-05,0.12034869939088821,0.0
9588.0,9588.0,24.0,0.05746898800134659,5e-05,0.10798662155866623,0.0
9589.0,9589.0,24.0,0.0685575008392334,5e-05,0.1137915551662445,0.0
9590.0,9590.0,24.0,0.07407151162624359,5e-05,0.13304312527179718,0.0
9591.0,9591.0,24.0,0.049209631979465485,5e-05,0.13269388675689697,0.0
9592.0,9592.0,24.0,0.06455115973949432,5e-05,0.1578850895166397,0.0
9593.0,9593.0,24.0,0.05138430371880531,5e-05,0.14062294363975525,0.0
9594.0,9594.0,24.0,0.05428028851747513,5e-05,0.1721850335597992,0.0
9595.0,9595.0,24.0,0.050985187292099,5e-05,0.12974902987480164,0.0
9596.0,9596.0,24.0,0.06993366032838821,5e-05,0.13179107010364532,0.0
9597.0,9597.0,24.0,0.06774209439754486,5e-05,0.11082074791193008,0.0
9598.0,9598.0,24.0,0.05955374985933304,5e-05,0.11204878985881805,0.0
9599.0,9599.0,24.0,0.055727146565914154,5e-05,0.1283339411020279,0.0
9600.0,9600.0,24.0,0.055617738515138626,5e-05,0.1447419971227646,0.0
9601.0,9601.0,24.0,0.06374000757932663,5e-05,0.1556263417005539,0.0
9602.0,9602.0,24.0,0.04959139600396156,5e-05,0.14038614928722382,0.0
9603.0,9603.0,24.0,0.05740058422088623,5e-05,0.13231375813484192,0.0
9604.0,9604.0,24.0,0.0604025274515152,5e-05,0.1329440027475357,0.0
9605.0,9605.0,24.0,0.04827618598937988,5e-05,0.08592918515205383,0.0
9606.0,9606.0,24.0,0.08540569245815277,5e-05,0.15944412350654602,0.0
9607.0,9607.0,24.0,0.04722611606121063,5e-05,0.1049325168132782,0.0
9608.0,9608.0,24.0,0.0497363843023777,5e-05,0.0712396502494812,0.0
9609.0,9609.0,24.0,0.06503799557685852,5e-05,0.1289963722229004,0.0
9610.0,9610.0,24.0,0.05645342171192169,5e-05,0.13784019649028778,0.0
9611.0,9611.0,24.0,0.059523940086364746,5e-05,0.1369171291589737,0.0
9612.0,9612.0,24.0,0.05903878062963486,5e-05,0.13214701414108276,0.0
9613.0,9613.0,24.0,0.05181827023625374,5e-05,0.10182275623083115,0.0
9614.0,9614.0,24.0,0.06648838520050049,5e-05,0.13638703525066376,0.0
9615.0,9615.0,24.0,0.054785050451755524,5e-05,0.10832280665636063,0.0
9616.0,9616.0,24.0,0.05772745609283447,5e-05,0.12651614844799042,0.0
9617.0,9617.0,24.0,0.05587107688188553,5e-05,0.11889864504337311,0.0
9618.0,9618.0,24.0,0.049889061599969864,5e-05,0.105076864361763,0.0
9619.0,9619.0,24.0,0.06266283243894577,5e-05,0.10215266048908234,0.0
9620.0,9620.0,24.0,0.06560026109218597,5e-05,0.13517476618289948,0.0
9621.0,9621.0,24.0,0.0721498355269432,5e-05,0.11604893952608109,0.0
9622.0,9622.0,24.0,0.05559810996055603,5e-05,0.09906920790672302,0.0
9623.0,9623.0,24.0,0.06555165350437164,5e-05,0.12116419523954391,0.0
9624.0,9624.0,24.0,0.049246590584516525,5e-05,0.08999396115541458,0.0
9625.0,9625.0,24.0,0.049236591905355453,5e-05,0.15945062041282654,0.0
9626.0,9626.0,24.0,0.060914333909749985,5e-05,0.11927153170108795,0.0
9627.0,9627.0,24.0,0.06425575911998749,5e-05,0.12968869507312775,0.0
9628.0,9628.0,24.0,0.06192263215780258,5e-05,0.12147858738899231,0.0
9629.0,9629.0,24.0,0.06105804443359375,5e-05,0.16859951615333557,0.0
9630.0,9630.0,24.0,0.04105571657419205,5e-05,0.10812537372112274,0.0
9631.0,9631.0,24.0,0.05442128702998161,5e-05,0.1399475336074829,0.0
9632.0,9632.0,24.0,0.0717209130525589,5e-05,0.18297506868839264,0.0
9633.0,9633.0,24.0,0.05806092917919159,5e-05,0.18671269714832306,0.0
9634.0,9634.0,24.0,0.06644780933856964,5e-05,0.18183942139148712,0.0
9635.0,9635.0,24.0,0.05836007371544838,5e-05,0.16894590854644775,0.0
9636.0,9636.0,24.0,0.043881192803382874,5e-05,0.1958172619342804,0.0
9637.0,9637.0,24.0,0.05262557417154312,5e-05,0.16049395501613617,0.0
9638.0,9638.0,24.0,0.061356689780950546,5e-05,0.17368990182876587,0.0
9639.0,9639.0,24.0,0.054309044033288956,5e-05,0.22937405109405518,0.0
9640.0,9640.0,24.0,0.06151610612869263,5e-05,0.12226812541484833,0.0
9641.0,9641.0,24.0,0.05108979716897011,5e-05,0.20568862557411194,0.0
9642.0,9642.0,24.0,0.06652240455150604,5e-05,0.20242276787757874,0.0
9643.0,9643.0,24.0,0.06301265954971313,5e-05,0.11616247147321701,0.0
9644.0,9644.0,24.0,0.04788524657487869,5e-05,0.19551342725753784,0.0
9645.0,9645.0,24.0,0.06915696710348129,5e-05,0.16923898458480835,0.0
9646.0,9646.0,24.0,0.06152927130460739,5e-05,0.17625007033348083,0.0
9647.0,9647.0,24.0,0.05733063071966171,5e-05,0.16746413707733154,0.0
9648.0,9648.0,24.0,0.06421616673469543,5e-05,0.15618230402469635,0.0
9649.0,9649.0,24.0,0.07139989733695984,5e-05,0.12941771745681763,0.0
9650.0,9650.0,24.0,0.059201017022132874,5e-05,0.08417999744415283,0.0
9651.0,9651.0,24.0,0.06125711649656296,5e-05,0.17746929824352264,0.0
9652.0,9652.0,24.0,0.05015283077955246,5e-05,0.08246268332004547,0.0
9653.0,9653.0,24.0,0.04684339463710785,5e-05,0.14692166447639465,0.0
9654.0,9654.0,24.0,0.06376223266124725,5e-05,0.10108786076307297,0.0
9655.0,9655.0,24.0,0.05163288116455078,5e-05,0.08907852321863174,0.0
9656.0,9656.0,24.0,0.062482621520757675,5e-05,0.12447018176317215,0.0
9657.0,9657.0,24.0,0.05903330817818642,5e-05,0.1268378049135208,0.0
9658.0,9658.0,24.0,0.06260080635547638,5e-05,0.13065314292907715,0.0
9659.0,9659.0,24.0,0.05582650005817413,5e-05,0.13779135048389435,0.0
9660.0,9660.0,24.0,0.06189630180597305,5e-05,0.09420286118984222,0.0
9661.0,9661.0,24.0,0.0677315816283226,5e-05,0.1463426947593689,0.0
9662.0,9662.0,24.0,0.05396270379424095,5e-05,0.10749270766973495,0.0
9663.0,9663.0,24.0,0.052854202687740326,5e-05,0.08836041390895844,0.0
9664.0,9664.0,24.0,0.05963762849569321,5e-05,0.1383691430091858,0.0
9665.0,9665.0,24.0,0.05827530845999718,5e-05,0.11987760663032532,0.0
9666.0,9666.0,24.0,0.05542082339525223,5e-05,0.15535643696784973,0.0
9667.0,9667.0,24.0,0.05907858908176422,5e-05,0.12060419470071793,0.0
9668.0,9668.0,24.0,0.05460067838430405,5e-05,0.13257165253162384,0.0
9669.0,9669.0,24.0,0.05882375314831734,5e-05,0.19908858835697174,0.0
9670.0,9670.0,24.0,0.0543595552444458,5e-05,0.15917031466960907,0.0
9671.0,9671.0,24.0,0.07631001621484756,5e-05,0.17706257104873657,0.0
9672.0,9672.0,24.0,0.06319878250360489,5e-05,0.17508381605148315,0.0
9673.0,9673.0,24.0,0.05508795753121376,5e-05,0.18195852637290955,0.0
9674.0,9674.0,24.0,0.059248991310596466,5e-05,0.1297314167022705,0.0
9675.0,9675.0,24.0,0.07138490676879883,5e-05,0.15307776629924774,0.0
9676.0,9676.0,24.0,0.057988882064819336,5e-05,0.12078376114368439,0.0
9677.0,9677.0,24.0,0.04565354436635971,5e-05,0.12031766027212143,0.0
9678.0,9678.0,24.0,0.05398591607809067,5e-05,0.16262666881084442,0.0
9679.0,9679.0,24.0,0.05450598895549774,5e-05,0.12297853082418442,0.0
9680.0,9680.0,24.0,0.06625914573669434,5e-05,0.18344831466674805,0.0
9681.0,9681.0,24.0,0.07021564990282059,5e-05,0.16358208656311035,0.0
9682.0,9682.0,24.0,0.06937392801046371,5e-05,0.10800626128911972,0.0
9683.0,9683.0,24.0,0.05129801481962204,5e-05,0.10697667300701141,0.0
9684.0,9684.0,24.0,0.051141589879989624,5e-05,0.10839046537876129,0.0
9685.0,9685.0,24.0,0.056898340582847595,5e-05,0.11871036142110825,0.0
9686.0,9686.0,24.0,0.06413714587688446,5e-05,0.08803262561559677,0.0
9687.0,9687.0,24.0,0.052923381328582764,5e-05,0.1045575812458992,0.0
9688.0,9688.0,24.0,0.05715564638376236,5e-05,0.08617909997701645,0.0
9689.0,9689.0,24.0,0.051061246544122696,5e-05,0.0968601331114769,0.0
9690.0,9690.0,24.0,0.056753095239400864,5e-05,0.0874444916844368,0.0
9691.0,9691.0,24.0,0.05631560832262039,5e-05,0.11684585362672806,0.0
9692.0,9692.0,24.0,0.07956568896770477,5e-05,0.14314055442810059,0.0
9693.0,9693.0,24.0,0.07366638630628586,5e-05,0.1430187076330185,0.0
9694.0,9694.0,24.0,0.0695858895778656,5e-05,0.18929153680801392,0.0
9695.0,9695.0,24.0,0.05088162049651146,5e-05,0.1041397675871849,0.0
9696.0,9696.0,24.0,0.051818713545799255,5e-05,0.1274014413356781,0.0
9697.0,9697.0,24.0,0.05555502325296402,5e-05,0.17459362745285034,0.0
9698.0,9698.0,24.0,0.06538429856300354,5e-05,0.11081606149673462,0.0
9699.0,9699.0,24.0,0.0503348708152771,5e-05,0.1112736389040947,0.0
9700.0,9700.0,24.0,0.046838678419589996,5e-05,0.1979687213897705,0.0
9701.0,9701.0,24.0,0.06100913882255554,5e-05,0.10681404918432236,0.0
9702.0,9702.0,24.0,0.045417942106723785,5e-05,0.1225251778960228,0.0
9703.0,9703.0,24.0,0.06058833748102188,5e-05,0.16412357985973358,0.0
9704.0,9704.0,24.0,0.0499119870364666,5e-05,0.13175839185714722,0.0
9705.0,9705.0,24.0,0.0520625114440918,5e-05,0.14106225967407227,0.0
9706.0,9706.0,24.0,0.06367707252502441,5e-05,0.1795448660850525,0.0
9707.0,9707.0,24.0,0.06729269027709961,5e-05,0.13311564922332764,0.0
9708.0,9708.0,24.0,0.07394552230834961,5e-05,0.14750371873378754,0.0
9709.0,9709.0,24.0,0.0469820499420166,5e-05,0.15383462607860565,0.0
9710.0,9710.0,24.0,0.07096673548221588,5e-05,0.1904715895652771,0.0
9711.0,9711.0,24.0,0.08390525728464127,5e-05,0.1522861272096634,0.0
9712.0,9712.0,24.0,0.06312422454357147,5e-05,0.21427881717681885,0.0
9713.0,9713.0,24.0,0.04568284749984741,5e-05,0.18169736862182617,0.0
9714.0,9714.0,24.0,0.06482386589050293,5e-05,0.0983942449092865,0.0
9715.0,9715.0,24.0,0.06149037927389145,5e-05,0.1731693297624588,0.0
9716.0,9716.0,24.0,0.05775824561715126,5e-05,0.14503265917301178,0.0
9717.0,9717.0,24.0,0.057957783341407776,5e-05,0.12375546246767044,0.0
9718.0,9718.0,24.0,0.047132380306720734,5e-05,0.16151666641235352,0.0
9719.0,9719.0,24.0,0.05938996747136116,5e-05,0.16949771344661713,0.0
9720.0,9720.0,24.0,0.058975838124752045,5e-05,0.14658893644809723,0.0
9721.0,9721.0,24.0,0.06126781180500984,5e-05,0.11689645797014236,0.0
9722.0,9722.0,24.0,0.048808444291353226,5e-05,0.17469936609268188,0.0
9723.0,9723.0,24.0,0.07149907946586609,5e-05,0.17466023564338684,0.0
9724.0,9724.0,24.0,0.057273540645837784,5e-05,0.09795370697975159,0.0
9725.0,9725.0,24.0,0.056741297245025635,5e-05,0.2221778929233551,0.0
9726.0,9726.0,24.0,0.05178716778755188,5e-05,0.11196520179510117,0.0
9727.0,9727.0,24.0,0.04425819218158722,5e-05,0.147163525223732,0.0
9728.0,9728.0,24.0,0.052610889077186584,5e-05,0.14217402040958405,0.0
9729.0,9729.0,24.0,0.05174177885055542,5e-05,0.1010015457868576,0.0
9730.0,9730.0,24.0,0.05877583101391792,5e-05,0.09608674794435501,0.0
9731.0,9731.0,24.0,0.06949049234390259,5e-05,0.1778939664363861,0.0
9732.0,9732.0,24.0,0.05413944274187088,5e-05,0.09498479962348938,0.0
9733.0,9733.0,24.0,0.04813532531261444,5e-05,0.11065567284822464,0.0
9734.0,9734.0,24.0,0.0728810727596283,5e-05,0.12346713989973068,0.0
9735.0,9735.0,24.0,0.053695425391197205,5e-05,0.1229495257139206,0.0
9736.0,9736.0,24.0,0.06099505349993706,5e-05,0.13359981775283813,0.0
9737.0,9737.0,24.0,0.05161294713616371,5e-05,0.11899738758802414,0.0
9738.0,9738.0,24.0,0.058277301490306854,5e-05,0.11316875368356705,0.0
9739.0,9739.0,24.0,0.06886987388134003,5e-05,0.10972181707620621,0.0
9740.0,9740.0,24.0,0.06019289419054985,5e-05,0.09213182330131531,0.0
9741.0,9741.0,24.0,0.062055375427007675,5e-05,0.13963568210601807,0.0
9742.0,9742.0,24.0,0.05037324130535126,5e-05,0.09761734306812286,0.0
9743.0,9743.0,24.0,0.06341788917779922,5e-05,0.08990498632192612,0.0
9744.0,9744.0,24.0,0.08168325573205948,5e-05,0.12884509563446045,0.0
9745.0,9745.0,24.0,0.06138799712061882,5e-05,0.1679755002260208,0.0
9746.0,9746.0,24.0,0.04221334308385849,5e-05,0.0968976765871048,0.0
9747.0,9747.0,24.0,0.07004303485155106,5e-05,0.18204578757286072,0.0
9748.0,9748.0,24.0,0.05501364544034004,5e-05,0.10563874989748001,0.0
9749.0,9749.0,24.0,0.06754457950592041,5e-05,0.09772779047489166,0.0
9750.0,9750.0,24.0,0.05772123113274574,5e-05,0.14814983308315277,0.0
9751.0,9751.0,25.0,0.05741102248430252,5e-05,0.07915908098220825,0.0
9752.0,9752.0,25.0,0.053271595388650894,5e-05,0.18523046374320984,0.0
9753.0,9753.0,25.0,0.045913755893707275,5e-05,0.09796562790870667,0.0
9754.0,9754.0,25.0,0.07017692923545837,5e-05,0.1446245014667511,0.0
9755.0,9755.0,25.0,0.05475020408630371,5e-05,0.14385557174682617,0.0
9756.0,9756.0,25.0,0.060065146535634995,5e-05,0.1609884351491928,0.0
9757.0,9757.0,25.0,0.0701601505279541,5e-05,0.18476508557796478,0.0
9758.0,9758.0,25.0,0.06863030791282654,5e-05,0.11628661304712296,0.0
9759.0,9759.0,25.0,0.04869456961750984,5e-05,0.17069363594055176,0.0
9760.0,9760.0,25.0,0.06487862765789032,5e-05,0.10643412917852402,0.0
9761.0,9761.0,25.0,0.06369614601135254,5e-05,0.1398356854915619,0.0
9762.0,9762.0,25.0,0.04828767478466034,5e-05,0.11624239385128021,0.0
9763.0,9763.0,25.0,0.0524473674595356,5e-05,0.10938306152820587,0.0
9764.0,9764.0,25.0,0.06359747052192688,5e-05,0.13090509176254272,0.0
9765.0,9765.0,25.0,0.05743946507573128,5e-05,0.10515979677438736,0.0
9766.0,9766.0,25.0,0.056736476719379425,5e-05,0.09025049209594727,0.0
9767.0,9767.0,25.0,0.059560295194387436,5e-05,0.0951848179101944,0.0
9768.0,9768.0,25.0,0.05877070873975754,5e-05,0.08984603732824326,0.0
9769.0,9769.0,25.0,0.06840547919273376,5e-05,0.16166992485523224,0.0
9770.0,9770.0,25.0,0.06373894959688187,5e-05,0.12235575914382935,0.0
9771.0,9771.0,25.0,0.04922950267791748,5e-05,0.1055699959397316,0.0
9772.0,9772.0,25.0,0.05541357398033142,5e-05,0.13796189427375793,0.0
9773.0,9773.0,25.0,0.062330007553100586,5e-05,0.11485406756401062,0.0
9774.0,9774.0,25.0,0.0507928840816021,5e-05,0.10667780041694641,0.0
9775.0,9775.0,25.0,0.061518967151641846,5e-05,0.15663230419158936,0.0
9776.0,9776.0,25.0,0.06585259735584259,5e-05,0.10216284543275833,0.0
9777.0,9777.0,25.0,0.04677855968475342,5e-05,0.09224631637334824,0.0
9778.0,9778.0,25.0,0.05085878074169159,5e-05,0.12687641382217407,0.0
9779.0,9779.0,25.0,0.07473504543304443,5e-05,0.114809051156044,0.0
9780.0,9780.0,25.0,0.06397919356822968,5e-05,0.0888916477560997,0.0
9781.0,9781.0,25.0,0.062359102070331573,5e-05,0.12793312966823578,0.0
9782.0,9782.0,25.0,0.05041169375181198,5e-05,0.10559289157390594,0.0
9783.0,9783.0,25.0,0.0683184266090393,5e-05,0.1253611296415329,0.0
9784.0,9784.0,25.0,0.054362401366233826,5e-05,0.07243812829256058,0.0
9785.0,9785.0,25.0,0.05920395255088806,5e-05,0.13442493975162506,0.0
9786.0,9786.0,25.0,0.04754263162612915,5e-05,0.06272093951702118,0.0
9787.0,9787.0,25.0,0.05394507199525833,5e-05,0.12477938085794449,0.0
9788.0,9788.0,25.0,0.06462512165307999,5e-05,0.09414723515510559,0.0
9789.0,9789.0,25.0,0.06185334920883179,5e-05,0.13950005173683167,0.0
9790.0,9790.0,25.0,0.06212489306926727,5e-05,0.10058397054672241,0.0
9791.0,9791.0,25.0,0.04779072850942612,5e-05,0.17278967797756195,0.0
9792.0,9792.0,25.0,0.04891236498951912,5e-05,0.1154421716928482,0.0
9793.0,9793.0,25.0,0.0563637875020504,5e-05,0.11271461099386215,0.0
9794.0,9794.0,25.0,0.051153432577848434,5e-05,0.17329764366149902,0.0
9795.0,9795.0,25.0,0.05137307941913605,5e-05,0.08966942876577377,0.0
9796.0,9796.0,25.0,0.04609940946102142,5e-05,0.1303735375404358,0.0
9797.0,9797.0,25.0,0.05078466236591339,5e-05,0.08437620103359222,0.0
9798.0,9798.0,25.0,0.06757989525794983,5e-05,0.10047999769449234,0.0
9799.0,9799.0,25.0,0.06676146388053894,5e-05,0.15441487729549408,0.0
9800.0,9800.0,25.0,0.0583198256790638,5e-05,0.09551286697387695,0.0
9801.0,9801.0,25.0,0.05884333699941635,5e-05,0.12627211213111877,0.0
9802.0,9802.0,25.0,0.05140937119722366,5e-05,0.11418437957763672,0.0
9803.0,9803.0,25.0,0.0534345880150795,5e-05,0.09484933316707611,0.0
9804.0,9804.0,25.0,0.047066882252693176,5e-05,0.13485538959503174,0.0
9805.0,9805.0,25.0,0.06552152335643768,5e-05,0.09583062678575516,0.0
9806.0,9806.0,25.0,0.045797526836395264,5e-05,0.14081867039203644,0.0
9807.0,9807.0,25.0,0.05401512235403061,5e-05,0.12545910477638245,0.0
9808.0,9808.0,25.0,0.07141523063182831,5e-05,0.16027452051639557,0.0
9809.0,9809.0,25.0,0.060460858047008514,5e-05,0.10444924235343933,0.0
9810.0,9810.0,25.0,0.05602176859974861,5e-05,0.13228239119052887,0.0
9811.0,9811.0,25.0,0.05388880893588066,5e-05,0.12610775232315063,0.0
9812.0,9812.0,25.0,0.06608916819095612,5e-05,0.126592755317688,0.0
9813.0,9813.0,25.0,0.05927259474992752,5e-05,0.1437956690788269,0.0
9814.0,9814.0,25.0,0.042008496820926666,5e-05,0.11340609192848206,0.0
9815.0,9815.0,25.0,0.06977222859859467,5e-05,0.1865927278995514,0.0
9816.0,9816.0,25.0,0.060854069888591766,5e-05,0.09647199511528015,0.0
9817.0,9817.0,25.0,0.06053688004612923,5e-05,0.1676328033208847,0.0
9818.0,9818.0,25.0,0.06942161172628403,5e-05,0.15904560685157776,0.0
9819.0,9819.0,25.0,0.07112261652946472,5e-05,0.13097473978996277,0.0
9820.0,9820.0,25.0,0.05204194039106369,5e-05,0.11353723704814911,0.0
9821.0,9821.0,25.0,0.05545772984623909,5e-05,0.1246701255440712,0.0
9822.0,9822.0,25.0,0.056755803525447845,5e-05,0.10896091908216476,0.0
9823.0,9823.0,25.0,0.05352609604597092,5e-05,0.09549454599618912,0.0
9824.0,9824.0,25.0,0.05648234486579895,5e-05,0.11274373531341553,0.0
9825.0,9825.0,25.0,0.04560115933418274,5e-05,0.11146697402000427,0.0
9826.0,9826.0,25.0,0.06167203187942505,5e-05,0.09849680960178375,0.0
9827.0,9827.0,25.0,0.06728214770555496,5e-05,0.16091620922088623,0.0
9828.0,9828.0,25.0,0.05594836175441742,5e-05,0.14886435866355896,0.0
9829.0,9829.0,25.0,0.0515541173517704,5e-05,0.15266923606395721,0.0
9830.0,9830.0,25.0,0.05391276627779007,5e-05,0.12218175828456879,0.0
9831.0,9831.0,25.0,0.04878707975149155,5e-05,0.1347762793302536,0.0
9832.0,9832.0,25.0,0.054796453565359116,5e-05,0.08390995860099792,0.0
9833.0,9833.0,25.0,0.0752900093793869,5e-05,0.13439354300498962,0.0
9834.0,9834.0,25.0,0.05862555652856827,5e-05,0.15991875529289246,0.0
9835.0,9835.0,25.0,0.06272591650485992,5e-05,0.10696608573198318,0.0
9836.0,9836.0,25.0,0.05884847044944763,5e-05,0.2075926661491394,0.0
9837.0,9837.0,25.0,0.056478314101696014,5e-05,0.10444162786006927,0.0
9838.0,9838.0,25.0,0.05026984214782715,5e-05,0.17483925819396973,0.0
9839.0,9839.0,25.0,0.058034129440784454,5e-05,0.20631159842014313,0.0
9840.0,9840.0,25.0,0.06571848690509796,5e-05,0.10971534997224808,0.0
9841.0,9841.0,25.0,0.04911580681800842,5e-05,0.18964222073554993,0.0
9842.0,9842.0,25.0,0.05171500891447067,5e-05,0.1142195612192154,0.0
9843.0,9843.0,25.0,0.059919364750385284,5e-05,0.1801733672618866,0.0
9844.0,9844.0,25.0,0.057076819241046906,5e-05,0.1583716869354248,0.0
9845.0,9845.0,25.0,0.05817890539765358,5e-05,0.13761897385120392,0.0
9846.0,9846.0,25.0,0.06141749769449234,5e-05,0.19170118868350983,0.0
9847.0,9847.0,25.0,0.060337722301483154,5e-05,0.11988173425197601,0.0
9848.0,9848.0,25.0,0.059526052325963974,5e-05,0.18670837581157684,0.0
9849.0,9849.0,25.0,0.06831570714712143,5e-05,0.157326340675354,0.0
9850.0,9850.0,25.0,0.05094215273857117,5e-05,0.19448351860046387,0.0
9851.0,9851.0,25.0,0.06121431291103363,5e-05,0.0779925063252449,0.0
9852.0,9852.0,25.0,0.05959160625934601,5e-05,0.1625603437423706,0.0
9853.0,9853.0,25.0,0.05612673610448837,5e-05,0.1235196441411972,0.0
9854.0,9854.0,25.0,0.051311567425727844,5e-05,0.12762358784675598,0.0
9855.0,9855.0,25.0,0.0668734759092331,5e-05,0.1899968981742859,0.0
9856.0,9856.0,25.0,0.05237213149666786,5e-05,0.07222167402505875,0.0
9857.0,9857.0,25.0,0.05072883516550064,5e-05,0.19072924554347992,0.0
9858.0,9858.0,25.0,0.05928612872958183,5e-05,0.11296096444129944,0.0
9859.0,9859.0,25.0,0.04622906818985939,5e-05,0.1265108734369278,0.0
9860.0,9860.0,25.0,0.06453655660152435,5e-05,0.16963399946689606,0.0
9861.0,9861.0,25.0,0.057626038789749146,5e-05,0.1198858842253685,0.0
9862.0,9862.0,25.0,0.06432028859853745,5e-05,0.09974906593561172,0.0
9863.0,9863.0,25.0,0.0696668028831482,5e-05,0.21278995275497437,0.0
9864.0,9864.0,25.0,0.051098234951496124,5e-05,0.11438053846359253,0.0
9865.0,9865.0,25.0,0.060191668570041656,5e-05,0.17768922448158264,0.0
9866.0,9866.0,25.0,0.05832960084080696,5e-05,0.1279429793357849,0.0
9867.0,9867.0,25.0,0.0651840791106224,5e-05,0.14090314507484436,0.0
9868.0,9868.0,25.0,0.05645643174648285,5e-05,0.10512573271989822,0.0
9869.0,9869.0,25.0,0.057697225362062454,5e-05,0.1284298598766327,0.0
9870.0,9870.0,25.0,0.05749405920505524,5e-05,0.13446113467216492,0.0
9871.0,9871.0,25.0,0.057530682533979416,5e-05,0.158430278301239,0.0
9872.0,9872.0,25.0,0.05861905217170715,5e-05,0.12343424558639526,0.0
9873.0,9873.0,25.0,0.05424016714096069,5e-05,0.0982222855091095,0.0
9874.0,9874.0,25.0,0.056586895138025284,5e-05,0.1632692962884903,0.0
9875.0,9875.0,25.0,0.06658835709095001,5e-05,0.10369548201560974,0.0
9876.0,9876.0,25.0,0.051837485283613205,5e-05,0.16695639491081238,0.0
9877.0,9877.0,25.0,0.062211740761995316,5e-05,0.104393370449543,0.0
9878.0,9878.0,25.0,0.05488361418247223,5e-05,0.09340240061283112,0.0
9879.0,9879.0,25.0,0.05689907446503639,5e-05,0.1468394547700882,0.0
9880.0,9880.0,25.0,0.05368072912096977,5e-05,0.13355037569999695,0.0
9881.0,9881.0,25.0,0.059482116252183914,5e-05,0.08345847576856613,0.0
9882.0,9882.0,25.0,0.040182217955589294,5e-05,0.11043498665094376,0.0
9883.0,9883.0,25.0,0.06249115243554115,5e-05,0.12157357484102249,0.0
9884.0,9884.0,25.0,0.06605720520019531,5e-05,0.1302439421415329,0.0
9885.0,9885.0,25.0,0.05203845351934433,5e-05,0.09516699612140656,0.0
9886.0,9886.0,25.0,0.0528515949845314,5e-05,0.11241680383682251,0.0
9887.0,9887.0,25.0,0.06980200111865997,5e-05,0.15053458511829376,0.0
9888.0,9888.0,25.0,0.06705135852098465,5e-05,0.14473581314086914,0.0
9889.0,9889.0,25.0,0.06085846200585365,5e-05,0.11266978830099106,0.0
9890.0,9890.0,25.0,0.051182594150304794,5e-05,0.16451412439346313,0.0
9891.0,9891.0,25.0,0.049514684826135635,5e-05,0.11226225644350052,0.0
9892.0,9892.0,25.0,0.06877768039703369,5e-05,0.11103885620832443,0.0
9893.0,9893.0,25.0,0.056013159453868866,5e-05,0.09880666434764862,0.0
9894.0,9894.0,25.0,0.07345377653837204,5e-05,0.1681969314813614,0.0
9895.0,9895.0,25.0,0.04405822232365608,5e-05,0.12100234627723694,0.0
9896.0,9896.0,25.0,0.04313479736447334,5e-05,0.107980877161026,0.0
9897.0,9897.0,25.0,0.05948474258184433,5e-05,0.14967471361160278,0.0
9898.0,9898.0,25.0,0.07091102004051208,5e-05,0.14261981844902039,0.0
9899.0,9899.0,25.0,0.06607547402381897,5e-05,0.1255974918603897,0.0
9900.0,9900.0,25.0,0.05789373070001602,5e-05,0.10754325985908508,0.0
9901.0,9901.0,25.0,0.05381111800670624,5e-05,0.1337898224592209,0.0
9902.0,9902.0,25.0,0.04697160795331001,5e-05,0.09281866252422333,0.0
9903.0,9903.0,25.0,0.05949966609477997,5e-05,0.10430573672056198,0.0
9904.0,9904.0,25.0,0.0575898215174675,5e-05,0.12758156657218933,0.0
9905.0,9905.0,25.0,0.061100929975509644,5e-05,0.14442652463912964,0.0
9906.0,9906.0,25.0,0.06355501711368561,5e-05,0.16835583746433258,0.0
9907.0,9907.0,25.0,0.06346679478883743,5e-05,0.12472670525312424,0.0
9908.0,9908.0,25.0,0.051082544028759,5e-05,0.09995883703231812,0.0
9909.0,9909.0,25.0,0.04631426930427551,5e-05,0.14951366186141968,0.0
9910.0,9910.0,25.0,0.06255596876144409,5e-05,0.14750052988529205,0.0
9911.0,9911.0,25.0,0.06106062978506088,5e-05,0.17323732376098633,0.0
9912.0,9912.0,25.0,0.054889582097530365,5e-05,0.12528423964977264,0.0
9913.0,9913.0,25.0,0.05469636619091034,5e-05,0.19848757982254028,0.0
9914.0,9914.0,25.0,0.05841400474309921,5e-05,0.1269242912530899,0.0
9915.0,9915.0,25.0,0.04621625691652298,5e-05,0.09036309272050858,0.0
9916.0,9916.0,25.0,0.0486053004860878,5e-05,0.216505765914917,0.0
9917.0,9917.0,25.0,0.06959503889083862,5e-05,0.1272554099559784,0.0
9918.0,9918.0,25.0,0.0573241226375103,5e-05,0.16891616582870483,0.0
9919.0,9919.0,25.0,0.05255493149161339,5e-05,0.09328505396842957,0.0
9920.0,9920.0,25.0,0.05070384219288826,5e-05,0.11364289373159409,0.0
9921.0,9921.0,25.0,0.05972415208816528,5e-05,0.11996743083000183,0.0
9922.0,9922.0,25.0,0.06801062822341919,5e-05,0.1077321320772171,0.0
9923.0,9923.0,25.0,0.06302550435066223,5e-05,0.17299234867095947,0.0
9924.0,9924.0,25.0,0.0556323379278183,5e-05,0.08766437321901321,0.0
9925.0,9925.0,25.0,0.049214158207178116,5e-05,0.11959665268659592,0.0
9926.0,9926.0,25.0,0.05082545429468155,5e-05,0.13828833401203156,0.0
9927.0,9927.0,25.0,0.05581970140337944,5e-05,0.12273900210857391,0.0
9928.0,9928.0,25.0,0.053797222673892975,5e-05,0.15457847714424133,0.0
9929.0,9929.0,25.0,0.05905503034591675,5e-05,0.14957046508789062,0.0
9930.0,9930.0,25.0,0.049211591482162476,5e-05,0.141859233379364,0.0
9931.0,9931.0,25.0,0.05428706109523773,5e-05,0.12457005679607391,0.0
9932.0,9932.0,25.0,0.06060267612338066,5e-05,0.1746658980846405,0.0
9933.0,9933.0,25.0,0.07106863707304001,5e-05,0.15524500608444214,0.0
9934.0,9934.0,25.0,0.04947973042726517,5e-05,0.09774193912744522,0.0
9935.0,9935.0,25.0,0.07385320961475372,5e-05,0.15168310701847076,0.0
9936.0,9936.0,25.0,0.07367455214262009,5e-05,0.20162305235862732,0.0
9937.0,9937.0,25.0,0.05725293606519699,5e-05,0.08120764791965485,0.0
9938.0,9938.0,25.0,0.0668635368347168,5e-05,0.20545318722724915,0.0
9939.0,9939.0,25.0,0.06825936585664749,5e-05,0.1639898270368576,0.0
9940.0,9940.0,25.0,0.04947618395090103,5e-05,0.10305503010749817,0.0
9941.0,9941.0,25.0,0.05518852174282074,5e-05,0.1803741604089737,0.0
9942.0,9942.0,25.0,0.07165694236755371,5e-05,0.194547638297081,0.0
9943.0,9943.0,25.0,0.04568076878786087,5e-05,0.15351399779319763,0.0
9944.0,9944.0,25.0,0.06454835832118988,5e-05,0.17321276664733887,0.0
9945.0,9945.0,25.0,0.05033222958445549,5e-05,0.22378039360046387,0.0
9946.0,9946.0,25.0,0.05580378696322441,5e-05,0.163924440741539,0.0
9947.0,9947.0,25.0,0.05418756976723671,5e-05,0.12299306690692902,0.0
9948.0,9948.0,25.0,0.053227536380290985,5e-05,0.2331465780735016,0.0
9949.0,9949.0,25.0,0.05439329147338867,5e-05,0.14003396034240723,0.0
9950.0,9950.0,25.0,0.06661555916070938,5e-05,0.13151778280735016,0.0
9951.0,9951.0,25.0,0.053463369607925415,5e-05,0.166124626994133,0.0
9952.0,9952.0,25.0,0.04851372539997101,5e-05,0.17089390754699707,0.0
9953.0,9953.0,25.0,0.051501765847206116,5e-05,0.09884172677993774,0.0
9954.0,9954.0,25.0,0.08013662695884705,5e-05,0.16436810791492462,0.0
9955.0,9955.0,25.0,0.06626904010772705,5e-05,0.1570669561624527,0.0
9956.0,9956.0,25.0,0.0732405036687851,5e-05,0.15601879358291626,0.0
9957.0,9957.0,25.0,0.07827906310558319,5e-05,0.08970202505588531,0.0
9958.0,9958.0,25.0,0.053334496915340424,5e-05,0.17062871158123016,0.0
9959.0,9959.0,25.0,0.05505647510290146,5e-05,0.2065419703722,0.0
9960.0,9960.0,25.0,0.05460807681083679,5e-05,0.12824362516403198,0.0
9961.0,9961.0,25.0,0.053415447473526,5e-05,0.20569531619548798,0.0
9962.0,9962.0,25.0,0.050838738679885864,5e-05,0.1522464156150818,0.0
9963.0,9963.0,25.0,0.06803781539201736,5e-05,0.19446887075901031,0.0
9964.0,9964.0,25.0,0.05476853996515274,5e-05,0.16362148523330688,0.0
9965.0,9965.0,25.0,0.057195331901311874,5e-05,0.12848593294620514,0.0
9966.0,9966.0,25.0,0.045279186218976974,5e-05,0.13480159640312195,0.0
9967.0,9967.0,25.0,0.0606837272644043,5e-05,0.2023983746767044,0.0
9968.0,9968.0,25.0,0.07972149550914764,5e-05,0.1330382227897644,0.0
9969.0,9969.0,25.0,0.05895064026117325,5e-05,0.16322588920593262,0.0
9970.0,9970.0,25.0,0.06216571480035782,5e-05,0.1239621713757515,0.0
9971.0,9971.0,25.0,0.06751441955566406,5e-05,0.08919133245944977,0.0
9972.0,9972.0,25.0,0.06597572565078735,5e-05,0.11206082254648209,0.0
9973.0,9973.0,25.0,0.0525125227868557,5e-05,0.13738638162612915,0.0
9974.0,9974.0,25.0,0.06350493431091309,5e-05,0.1312631070613861,0.0
9975.0,9975.0,25.0,0.04617223143577576,5e-05,0.1362999677658081,0.0
9976.0,9976.0,25.0,0.054436638951301575,5e-05,0.11839794367551804,0.0
9977.0,9977.0,25.0,0.05528125539422035,5e-05,0.15565623342990875,0.0
9978.0,9978.0,25.0,0.05577510595321655,5e-05,0.11905669420957565,0.0
9979.0,9979.0,25.0,0.05971740558743477,5e-05,0.10441400855779648,0.0
9980.0,9980.0,25.0,0.0626198947429657,5e-05,0.15407080948352814,0.0
9981.0,9981.0,25.0,0.05861016362905502,5e-05,0.1477958709001541,0.0
9982.0,9982.0,25.0,0.05520137399435043,5e-05,0.07920591533184052,0.0
9983.0,9983.0,25.0,0.07565411925315857,5e-05,0.17206045985221863,0.0
9984.0,9984.0,25.0,0.05733708664774895,5e-05,0.22221671044826508,0.0
9985.0,9985.0,25.0,0.06195925921201706,5e-05,0.12351147830486298,0.0
9986.0,9986.0,25.0,0.06737002730369568,5e-05,0.22790081799030304,0.0
9987.0,9987.0,25.0,0.0542420968413353,5e-05,0.1947108507156372,0.0
9988.0,9988.0,25.0,0.05140560120344162,5e-05,0.19304494559764862,0.0
9989.0,9989.0,25.0,0.05265256017446518,5e-05,0.12496601045131683,0.0
9990.0,9990.0,25.0,0.05657727271318436,5e-05,0.24437223374843597,0.0
9991.0,9991.0,25.0,0.06786295771598816,5e-05,0.13931681215763092,0.0
9992.0,9992.0,25.0,0.05760649964213371,5e-05,0.10887636244297028,0.0
9993.0,9993.0,25.0,0.05190647393465042,5e-05,0.1941600888967514,0.0
9994.0,9994.0,25.0,0.04729079455137253,5e-05,0.12042238563299179,0.0
9995.0,9995.0,25.0,0.046546705067157745,5e-05,0.19271722435951233,0.0
9996.0,9996.0,25.0,0.062226295471191406,5e-05,0.10571755468845367,0.0
9997.0,9997.0,25.0,0.05819631367921829,5e-05,0.14085222780704498,0.0
9998.0,9998.0,25.0,0.04366745799779892,5e-05,0.15392093360424042,0.0
9999.0,9999.0,25.0,0.061012785881757736,5e-05,0.0902639627456665,0.0
10000.0,10000.0,25.0,0.07321135699748993,5e-05,0.1670989990234375,0.0
10001.0,10001.0,25.0,0.06472862511873245,5e-05,0.14339032769203186,0.0
10002.0,10002.0,25.0,0.05424606427550316,5e-05,0.10288042575120926,0.0
10003.0,10003.0,25.0,0.04991671070456505,5e-05,0.12333241105079651,0.0
10004.0,10004.0,25.0,0.058962251991033554,5e-05,0.11916633695363998,0.0
10005.0,10005.0,25.0,0.06755457818508148,5e-05,0.1247771680355072,0.0
10006.0,10006.0,25.0,0.060820966958999634,5e-05,0.12345009297132492,0.0
10007.0,10007.0,25.0,0.050459858030080795,5e-05,0.0860430896282196,0.0
10008.0,10008.0,25.0,0.0620139017701149,5e-05,0.1381283551454544,0.0
10009.0,10009.0,25.0,0.051585301756858826,5e-05,0.10432081669569016,0.0
10010.0,10010.0,25.0,0.055995021015405655,5e-05,0.14483018219470978,0.0
10011.0,10011.0,25.0,0.047686100006103516,5e-05,0.08290187269449234,0.0
10012.0,10012.0,25.0,0.06784133613109589,5e-05,0.11654447019100189,0.0
10013.0,10013.0,25.0,0.049154575914144516,5e-05,0.11502871662378311,0.0
10014.0,10014.0,25.0,0.057692959904670715,5e-05,0.08880901336669922,0.0
10015.0,10015.0,25.0,0.0781414657831192,5e-05,0.1420270800590515,0.0
10016.0,10016.0,25.0,0.053757742047309875,5e-05,0.10568617284297943,0.0
10017.0,10017.0,25.0,0.04861218109726906,5e-05,0.1326379030942917,0.0
10018.0,10018.0,25.0,0.06746290624141693,5e-05,0.13424870371818542,0.0
10019.0,10019.0,25.0,0.07151592522859573,5e-05,0.14265398681163788,0.0
10020.0,10020.0,25.0,0.06137143820524216,5e-05,0.16276776790618896,0.0
10021.0,10021.0,25.0,0.049960263073444366,5e-05,0.14072348177433014,0.0
10022.0,10022.0,25.0,0.06526463478803635,5e-05,0.12343253195285797,0.0
10023.0,10023.0,25.0,0.04858829081058502,5e-05,0.10468640923500061,0.0
10024.0,10024.0,25.0,0.07117395102977753,5e-05,0.20842358469963074,0.0
10025.0,10025.0,25.0,0.04833826422691345,5e-05,0.07373382896184921,0.0
10026.0,10026.0,25.0,0.05948963016271591,5e-05,0.16014111042022705,0.0
10027.0,10027.0,25.0,0.054709602147340775,5e-05,0.1271921694278717,0.0
10028.0,10028.0,25.0,0.06353381276130676,5e-05,0.14670071005821228,0.0
10029.0,10029.0,25.0,0.04737633466720581,5e-05,0.11925101280212402,0.0
10030.0,10030.0,25.0,0.05035557597875595,5e-05,0.09574341773986816,0.0
10031.0,10031.0,25.0,0.0462091863155365,5e-05,0.07446596026420593,0.0
10032.0,10032.0,25.0,0.06550723314285278,5e-05,0.1177542433142662,0.0
10033.0,10033.0,25.0,0.0557970367372036,5e-05,0.13176976144313812,0.0
10034.0,10034.0,25.0,0.052902743220329285,5e-05,0.1194491907954216,0.0
10035.0,10035.0,25.0,0.05107780173420906,5e-05,0.12304984778165817,0.0
10036.0,10036.0,25.0,0.059583961963653564,5e-05,0.10162743180990219,0.0
10037.0,10037.0,25.0,0.06346999108791351,5e-05,0.1386004388332367,0.0
10038.0,10038.0,25.0,0.046753816306591034,5e-05,0.10355809330940247,0.0
10039.0,10039.0,25.0,0.05805840715765953,5e-05,0.15665613114833832,0.0
10040.0,10040.0,25.0,0.04749785363674164,5e-05,0.14539094269275665,0.0
10041.0,10041.0,25.0,0.06602679193019867,5e-05,0.1317335069179535,0.0
10042.0,10042.0,25.0,0.05672647804021835,5e-05,0.1637599617242813,0.0
10043.0,10043.0,25.0,0.05977949500083923,5e-05,0.15529963374137878,0.0
10044.0,10044.0,25.0,0.06142985075712204,5e-05,0.11776755005121231,0.0
10045.0,10045.0,25.0,0.056421853601932526,5e-05,0.25079742074012756,0.0
10046.0,10046.0,25.0,0.06333549320697784,5e-05,0.11252535134553909,0.0
10047.0,10047.0,25.0,0.05423537269234657,5e-05,0.25003892183303833,0.0
10048.0,10048.0,25.0,0.05166781321167946,5e-05,0.18905234336853027,0.0
10049.0,10049.0,25.0,0.043237924575805664,5e-05,0.20384690165519714,0.0
10050.0,10050.0,25.0,0.0660700872540474,5e-05,0.20545274019241333,0.0
10051.0,10051.0,25.0,0.053516849875450134,5e-05,0.08251946419477463,0.0
10052.0,10052.0,25.0,0.052674733102321625,5e-05,0.16728772222995758,0.0
10053.0,10053.0,25.0,0.055335260927677155,5e-05,0.15050365030765533,0.0
10054.0,10054.0,25.0,0.052383314818143845,5e-05,0.07571286708116531,0.0
10055.0,10055.0,25.0,0.05559178814291954,5e-05,0.1228608638048172,0.0
10056.0,10056.0,25.0,0.05527433007955551,5e-05,0.11635087430477142,0.0
10057.0,10057.0,25.0,0.04981738328933716,5e-05,0.14332370460033417,0.0
10058.0,10058.0,25.0,0.06396607309579849,5e-05,0.14661504328250885,0.0
10059.0,10059.0,25.0,0.06240195780992508,5e-05,0.11238598823547363,0.0
10060.0,10060.0,25.0,0.06513786315917969,5e-05,0.155136376619339,0.0
10061.0,10061.0,25.0,0.05251088738441467,5e-05,0.12814533710479736,0.0
10062.0,10062.0,25.0,0.05681265890598297,5e-05,0.1550627052783966,0.0
10063.0,10063.0,25.0,0.056694380939006805,5e-05,0.11610289663076401,0.0
10064.0,10064.0,25.0,0.053387351334095,5e-05,0.1609373837709427,0.0
10065.0,10065.0,25.0,0.050032977014780045,5e-05,0.12198664247989655,0.0
10066.0,10066.0,25.0,0.05466117337346077,5e-05,0.1403115838766098,0.0
10067.0,10067.0,25.0,0.06126293167471886,5e-05,0.16540312767028809,0.0
10068.0,10068.0,25.0,0.053023967891931534,5e-05,0.08397458493709564,0.0
10069.0,10069.0,25.0,0.0618891566991806,5e-05,0.1269170641899109,0.0
10070.0,10070.0,25.0,0.05460119619965553,5e-05,0.12743547558784485,0.0
10071.0,10071.0,25.0,0.06796330958604813,5e-05,0.15475241839885712,0.0
10072.0,10072.0,25.0,0.04736315459012985,5e-05,0.1526666283607483,0.0
10073.0,10073.0,25.0,0.05739990994334221,5e-05,0.17875167727470398,0.0
10074.0,10074.0,25.0,0.06317444145679474,5e-05,0.17687386274337769,0.0
10075.0,10075.0,25.0,0.052126675844192505,5e-05,0.12501709163188934,0.0
10076.0,10076.0,25.0,0.04570860415697098,5e-05,0.1104579046368599,0.0
10077.0,10077.0,25.0,0.06383943557739258,5e-05,0.14027909934520721,0.0
10078.0,10078.0,25.0,0.05536296218633652,5e-05,0.09193640202283859,0.0
10079.0,10079.0,25.0,0.05250316113233566,5e-05,0.10295245051383972,0.0
10080.0,10080.0,25.0,0.05268558859825134,5e-05,0.09718910604715347,0.0
10081.0,10081.0,25.0,0.06693294644355774,5e-05,0.10972317308187485,0.0
10082.0,10082.0,25.0,0.052595436573028564,5e-05,0.17404335737228394,0.0
10083.0,10083.0,25.0,0.04906909912824631,5e-05,0.07436203956604004,0.0
10084.0,10084.0,25.0,0.06799910962581635,5e-05,0.15148015320301056,0.0
10085.0,10085.0,25.0,0.04426739364862442,5e-05,0.1922294795513153,0.0
10086.0,10086.0,25.0,0.053018197417259216,5e-05,0.16428829729557037,0.0
10087.0,10087.0,25.0,0.06557977199554443,5e-05,0.2133731096982956,0.0
10088.0,10088.0,25.0,0.05451074615120888,5e-05,0.14363202452659607,0.0
10089.0,10089.0,25.0,0.06106416881084442,5e-05,0.11318427324295044,0.0
10090.0,10090.0,25.0,0.05677597224712372,5e-05,0.16708452999591827,0.0
10091.0,10091.0,25.0,0.06326356530189514,5e-05,0.14652012288570404,0.0
10092.0,10092.0,25.0,0.08059360086917877,5e-05,0.11876371502876282,0.0
10093.0,10093.0,25.0,0.06436619907617569,5e-05,0.13740117847919464,0.0
10094.0,10094.0,25.0,0.052842263132333755,5e-05,0.10953913629055023,0.0
10095.0,10095.0,25.0,0.05721687152981758,5e-05,0.15590018033981323,0.0
10096.0,10096.0,25.0,0.05294171720743179,5e-05,0.14290741086006165,0.0
10097.0,10097.0,25.0,0.07267379760742188,5e-05,0.13961918652057648,0.0
10098.0,10098.0,25.0,0.0581246018409729,5e-05,0.16321590542793274,0.0
10099.0,10099.0,25.0,0.06833429634571075,5e-05,0.135186567902565,0.0
10100.0,10100.0,25.0,0.05824325978755951,5e-05,0.09258004277944565,0.0
10101.0,10101.0,25.0,0.07186102867126465,5e-05,0.19092591106891632,0.0
10102.0,10102.0,25.0,0.04901864379644394,5e-05,0.1478920876979828,0.0
10103.0,10103.0,25.0,0.059861838817596436,5e-05,0.10514847934246063,0.0
10104.0,10104.0,25.0,0.05208829045295715,5e-05,0.14957939088344574,0.0
10105.0,10105.0,25.0,0.051968663930892944,5e-05,0.1387884020805359,0.0
10106.0,10106.0,25.0,0.06579571962356567,5e-05,0.14445707201957703,0.0
10107.0,10107.0,25.0,0.05406302586197853,5e-05,0.14591841399669647,0.0
10108.0,10108.0,25.0,0.05719355121254921,5e-05,0.10339124500751495,0.0
10109.0,10109.0,25.0,0.050522252917289734,5e-05,0.11125174164772034,0.0
10110.0,10110.0,25.0,0.06131279841065407,5e-05,0.17247693240642548,0.0
10111.0,10111.0,25.0,0.05012495443224907,5e-05,0.15332400798797607,0.0
10112.0,10112.0,25.0,0.05761457234621048,5e-05,0.1905888468027115,0.0
10113.0,10113.0,25.0,0.06116984784603119,5e-05,0.1592101901769638,0.0
10114.0,10114.0,25.0,0.05743228271603584,5e-05,0.1597081571817398,0.0
10115.0,10115.0,25.0,0.053763680160045624,5e-05,0.17194174230098724,0.0
10116.0,10116.0,25.0,0.05686745047569275,5e-05,0.12885305285453796,0.0
10117.0,10117.0,25.0,0.061189401894807816,5e-05,0.10012658685445786,0.0
10118.0,10118.0,25.0,0.0619562566280365,5e-05,0.11843764781951904,0.0
10119.0,10119.0,25.0,0.0685308575630188,5e-05,0.11065317690372467,0.0
10120.0,10120.0,25.0,0.04204829782247543,5e-05,0.1457967460155487,0.0
10121.0,10121.0,25.0,0.05575759708881378,5e-05,0.10281350463628769,0.0
10122.0,10122.0,25.0,0.05263442546129227,5e-05,0.1265648901462555,0.0
10123.0,10123.0,25.0,0.055331870913505554,5e-05,0.1325250118970871,0.0
10124.0,10124.0,25.0,0.06988248974084854,5e-05,0.111020028591156,0.0
10125.0,10125.0,25.0,0.049823544919490814,5e-05,0.11248593777418137,0.0
10126.0,10126.0,25.0,0.048963338136672974,5e-05,0.0890779197216034,0.0
10127.0,10127.0,25.0,0.06793089956045151,5e-05,0.12721103429794312,0.0
10128.0,10128.0,25.0,0.06937265396118164,5e-05,0.12079475820064545,0.0
10129.0,10129.0,25.0,0.06010042876005173,5e-05,0.11629502475261688,0.0
10130.0,10130.0,25.0,0.057546138763427734,5e-05,0.1317037045955658,0.0
10131.0,10131.0,25.0,0.05419919639825821,5e-05,0.1392364650964737,0.0
10132.0,10132.0,25.0,0.04924379661679268,5e-05,0.10682828724384308,0.0
10133.0,10133.0,25.0,0.05920378118753433,5e-05,0.15470556914806366,0.0
10134.0,10134.0,25.0,0.0579092912375927,5e-05,0.17090438306331635,0.0
10135.0,10135.0,25.0,0.06581668555736542,5e-05,0.13009421527385712,0.0
10136.0,10136.0,25.0,0.07278705388307571,5e-05,0.13857409358024597,0.0
10137.0,10137.0,25.0,0.04165658354759216,5e-05,0.1429959535598755,0.0
10138.0,10138.0,25.0,0.05011817812919617,5e-05,0.1261417120695114,0.0
10139.0,10139.0,25.0,0.06649523973464966,5e-05,0.16427919268608093,0.0
10140.0,10140.0,25.0,0.05283587425947189,5e-05,0.11645502597093582,0.0
10141.0,10141.0,26.0,0.05626250058412552,5e-05,0.11915396898984909,0.0
10142.0,10142.0,26.0,0.04706191644072533,5e-05,0.13616721332073212,0.0
10143.0,10143.0,26.0,0.05899787321686745,5e-05,0.11068785935640335,0.0
10144.0,10144.0,26.0,0.05682573840022087,5e-05,0.08486808091402054,0.0
10145.0,10145.0,26.0,0.05255192145705223,5e-05,0.13136477768421173,0.0
10146.0,10146.0,26.0,0.0619451068341732,5e-05,0.09197688847780228,0.0
10147.0,10147.0,26.0,0.06509653478860855,5e-05,0.08911353349685669,0.0
10148.0,10148.0,26.0,0.06469421088695526,5e-05,0.10854160785675049,0.0
10149.0,10149.0,26.0,0.0628843680024147,5e-05,0.11915238946676254,0.0
10150.0,10150.0,26.0,0.05832832306623459,5e-05,0.07296185940504074,0.0
10151.0,10151.0,26.0,0.05006101354956627,5e-05,0.0836726650595665,0.0
10152.0,10152.0,26.0,0.05808212608098984,5e-05,0.08430114388465881,0.0
10153.0,10153.0,26.0,0.04630212485790253,5e-05,0.12287476658821106,0.0
10154.0,10154.0,26.0,0.06064542382955551,5e-05,0.08421676605939865,0.0
10155.0,10155.0,26.0,0.0564778633415699,5e-05,0.14150482416152954,0.0
10156.0,10156.0,26.0,0.0632876455783844,5e-05,0.11672073602676392,0.0
10157.0,10157.0,26.0,0.0574607327580452,5e-05,0.12066562473773956,0.0
10158.0,10158.0,26.0,0.06870533525943756,5e-05,0.15570616722106934,0.0
10159.0,10159.0,26.0,0.05377638339996338,5e-05,0.1325450986623764,0.0
10160.0,10160.0,26.0,0.06158408522605896,5e-05,0.1282011866569519,0.0
10161.0,10161.0,26.0,0.04965462535619736,5e-05,0.11199425160884857,0.0
10162.0,10162.0,26.0,0.06806629151105881,5e-05,0.10338826477527618,0.0
10163.0,10163.0,26.0,0.06543848663568497,5e-05,0.11924435198307037,0.0
10164.0,10164.0,26.0,0.05576471984386444,5e-05,0.1425049602985382,0.0
10165.0,10165.0,26.0,0.05696451663970947,5e-05,0.08991321921348572,0.0
10166.0,10166.0,26.0,0.0567009337246418,5e-05,0.07815143465995789,0.0
10167.0,10167.0,26.0,0.06101372838020325,5e-05,0.142904594540596,0.0
10168.0,10168.0,26.0,0.061442360281944275,5e-05,0.15675406157970428,0.0
10169.0,10169.0,26.0,0.05641961842775345,5e-05,0.15434448421001434,0.0
10170.0,10170.0,26.0,0.061861373484134674,5e-05,0.11412842571735382,0.0
10171.0,10171.0,26.0,0.05739326775074005,5e-05,0.11341740190982819,0.0
10172.0,10172.0,26.0,0.0626770406961441,5e-05,0.10612297803163528,0.0
10173.0,10173.0,26.0,0.05140075832605362,5e-05,0.08964098244905472,0.0
10174.0,10174.0,26.0,0.05311298742890358,5e-05,0.08463963866233826,0.0
10175.0,10175.0,26.0,0.06733514368534088,5e-05,0.1259487271308899,0.0
10176.0,10176.0,26.0,0.056200701743364334,5e-05,0.11068563908338547,0.0
10177.0,10177.0,26.0,0.07699580490589142,5e-05,0.1418377012014389,0.0
10178.0,10178.0,26.0,0.05641157552599907,5e-05,0.15030920505523682,0.0
10179.0,10179.0,26.0,0.051879122853279114,5e-05,0.07134656608104706,0.0
10180.0,10180.0,26.0,0.046468064188957214,5e-05,0.16094474494457245,0.0
10181.0,10181.0,26.0,0.04791712760925293,5e-05,0.0952472910284996,0.0
10182.0,10182.0,26.0,0.05510188639163971,5e-05,0.09889675676822662,0.0
10183.0,10183.0,26.0,0.06925037503242493,5e-05,0.11096781492233276,0.0
10184.0,10184.0,26.0,0.05054905265569687,5e-05,0.12562963366508484,0.0
10185.0,10185.0,26.0,0.059196971356868744,5e-05,0.11638224124908447,0.0
10186.0,10186.0,26.0,0.0597618967294693,5e-05,0.11663660407066345,0.0
10187.0,10187.0,26.0,0.05583258718252182,5e-05,0.10887168347835541,0.0
10188.0,10188.0,26.0,0.07220330834388733,5e-05,0.11610197275876999,0.0
10189.0,10189.0,26.0,0.050723008811473846,5e-05,0.1559186577796936,0.0
10190.0,10190.0,26.0,0.05254990607500076,5e-05,0.08997378498315811,0.0
10191.0,10191.0,26.0,0.06151033937931061,5e-05,0.15529729425907135,0.0
10192.0,10192.0,26.0,0.059937670826911926,5e-05,0.15441039204597473,0.0
10193.0,10193.0,26.0,0.05544272065162659,5e-05,0.07158160954713821,0.0
10194.0,10194.0,26.0,0.07022079825401306,5e-05,0.13293489813804626,0.0
10195.0,10195.0,26.0,0.05683758854866028,5e-05,0.10033184289932251,0.0
10196.0,10196.0,26.0,0.046508289873600006,5e-05,0.10948194563388824,0.0
10197.0,10197.0,26.0,0.06463105976581573,5e-05,0.13675929605960846,0.0
10198.0,10198.0,26.0,0.061638109385967255,5e-05,0.15093758702278137,0.0
10199.0,10199.0,26.0,0.04664817079901695,5e-05,0.1386549323797226,0.0
10200.0,10200.0,26.0,0.07316439598798752,5e-05,0.10958994179964066,0.0
10201.0,10201.0,26.0,0.05457713454961777,5e-05,0.12227065116167068,0.0
10202.0,10202.0,26.0,0.062105692923069,5e-05,0.12593990564346313,0.0
10203.0,10203.0,26.0,0.06204042583703995,5e-05,0.1662147492170334,0.0
10204.0,10204.0,26.0,0.05007552355527878,5e-05,0.11217144876718521,0.0
10205.0,10205.0,26.0,0.06451785564422607,5e-05,0.1417568475008011,0.0
10206.0,10206.0,26.0,0.07757751643657684,5e-05,0.18753975629806519,0.0
10207.0,10207.0,26.0,0.05397708714008331,5e-05,0.12512564659118652,0.0
10208.0,10208.0,26.0,0.060257818549871445,5e-05,0.1438998132944107,0.0
10209.0,10209.0,26.0,0.06055879965424538,5e-05,0.1322098970413208,0.0
10210.0,10210.0,26.0,0.06000715121626854,5e-05,0.1652992218732834,0.0
10211.0,10211.0,26.0,0.05855390802025795,5e-05,0.10010776668787003,0.0
10212.0,10212.0,26.0,0.0687246173620224,5e-05,0.18918822705745697,0.0
10213.0,10213.0,26.0,0.05315416306257248,5e-05,0.10361254215240479,0.0
10214.0,10214.0,26.0,0.08156512677669525,5e-05,0.17758329212665558,0.0
10215.0,10215.0,26.0,0.0506814569234848,5e-05,0.1308629810810089,0.0
10216.0,10216.0,26.0,0.06402184069156647,5e-05,0.14547547698020935,0.0
10217.0,10217.0,26.0,0.048282522708177567,5e-05,0.10162844508886337,0.0
10218.0,10218.0,26.0,0.05662855505943298,5e-05,0.1451788991689682,0.0
10219.0,10219.0,26.0,0.04552037641406059,5e-05,0.13085688650608063,0.0
10220.0,10220.0,26.0,0.05887008085846901,5e-05,0.14290404319763184,0.0
10221.0,10221.0,26.0,0.06023889780044556,5e-05,0.14969612658023834,0.0
10222.0,10222.0,26.0,0.07383716851472855,5e-05,0.1290503442287445,0.0
10223.0,10223.0,26.0,0.0681578665971756,5e-05,0.14001622796058655,0.0
10224.0,10224.0,26.0,0.055710140615701675,5e-05,0.11279860138893127,0.0
10225.0,10225.0,26.0,0.05933220684528351,5e-05,0.0908714160323143,0.0
10226.0,10226.0,26.0,0.060973286628723145,5e-05,0.1283973902463913,0.0
10227.0,10227.0,26.0,0.04729873687028885,5e-05,0.0799805074930191,0.0
10228.0,10228.0,26.0,0.048102643340826035,5e-05,0.07543175667524338,0.0
10229.0,10229.0,26.0,0.06406180560588837,5e-05,0.11359762400388718,0.0
10230.0,10230.0,26.0,0.05804460495710373,5e-05,0.1111915335059166,0.0
10231.0,10231.0,26.0,0.04916613548994064,5e-05,0.0845831111073494,0.0
10232.0,10232.0,26.0,0.05378824472427368,5e-05,0.12350209057331085,0.0
10233.0,10233.0,26.0,0.046609267592430115,5e-05,0.0833929255604744,0.0
10234.0,10234.0,26.0,0.04637958109378815,5e-05,0.1076926738023758,0.0
10235.0,10235.0,26.0,0.055935293436050415,5e-05,0.11313601583242416,0.0
10236.0,10236.0,26.0,0.054720185697078705,5e-05,0.109522245824337,0.0
10237.0,10237.0,26.0,0.04961097240447998,5e-05,0.09258545935153961,0.0
10238.0,10238.0,26.0,0.055038414895534515,5e-05,0.14985325932502747,0.0
10239.0,10239.0,26.0,0.062015313655138016,5e-05,0.09224573522806168,0.0
10240.0,10240.0,26.0,0.07071687281131744,5e-05,0.14435936510562897,0.0
10241.0,10241.0,26.0,0.06992655992507935,5e-05,0.12374071776866913,0.0
10242.0,10242.0,26.0,0.06610476970672607,5e-05,0.12990204989910126,0.0
10243.0,10243.0,26.0,0.053497519344091415,5e-05,0.09922347962856293,0.0
10244.0,10244.0,26.0,0.06621242314577103,5e-05,0.16523683071136475,0.0
10245.0,10245.0,26.0,0.054776836186647415,5e-05,0.10592292249202728,0.0
10246.0,10246.0,26.0,0.06477339565753937,5e-05,0.1336735337972641,0.0
10247.0,10247.0,26.0,0.06610110402107239,5e-05,0.11156298965215683,0.0
10248.0,10248.0,26.0,0.05462655425071716,5e-05,0.10118579119443893,0.0
10249.0,10249.0,26.0,0.051265325397253036,5e-05,0.12786832451820374,0.0
10250.0,10250.0,26.0,0.058048367500305176,5e-05,0.15124721825122833,0.0
10251.0,10251.0,26.0,0.05524642765522003,5e-05,0.15479274094104767,0.0
10252.0,10252.0,26.0,0.058991990983486176,5e-05,0.13813242316246033,0.0
10253.0,10253.0,26.0,0.0577523447573185,5e-05,0.1163572445511818,0.0
10254.0,10254.0,26.0,0.05299212783575058,5e-05,0.17835943400859833,0.0
10255.0,10255.0,26.0,0.05552734434604645,5e-05,0.1810687929391861,0.0
10256.0,10256.0,26.0,0.05881597101688385,5e-05,0.09922414273023605,0.0
10257.0,10257.0,26.0,0.04688895493745804,5e-05,0.18162840604782104,0.0
10258.0,10258.0,26.0,0.051067955791950226,5e-05,0.19761723279953003,0.0
10259.0,10259.0,26.0,0.05192498490214348,5e-05,0.14098498225212097,0.0
10260.0,10260.0,26.0,0.057420700788497925,5e-05,0.10291732102632523,0.0
10261.0,10261.0,26.0,0.06428049504756927,5e-05,0.10593973845243454,0.0
10262.0,10262.0,26.0,0.052776236087083817,5e-05,0.11039233207702637,0.0
10263.0,10263.0,26.0,0.056836120784282684,5e-05,0.0872710794210434,0.0
10264.0,10264.0,26.0,0.05254874378442764,5e-05,0.12007948756217957,0.0
10265.0,10265.0,26.0,0.06373810023069382,5e-05,0.12508130073547363,0.0
10266.0,10266.0,26.0,0.06031247228384018,5e-05,0.12292022258043289,0.0
10267.0,10267.0,26.0,0.06005454063415527,5e-05,0.12228839099407196,0.0
10268.0,10268.0,26.0,0.05839322879910469,5e-05,0.171952024102211,0.0
10269.0,10269.0,26.0,0.054344769567251205,5e-05,0.1386459469795227,0.0
10270.0,10270.0,26.0,0.04879359155893326,5e-05,0.17296630144119263,0.0
10271.0,10271.0,26.0,0.053568653762340546,5e-05,0.15001824498176575,0.0
10272.0,10272.0,26.0,0.04363984614610672,5e-05,0.11515473574399948,0.0
10273.0,10273.0,26.0,0.051064323633909225,5e-05,0.08464877307415009,0.0
10274.0,10274.0,26.0,0.06289736181497574,5e-05,0.11159933358430862,0.0
10275.0,10275.0,26.0,0.05740085989236832,5e-05,0.09282948076725006,0.0
10276.0,10276.0,26.0,0.06009216979146004,5e-05,0.09172727912664413,0.0
10277.0,10277.0,26.0,0.05149490386247635,5e-05,0.07743418216705322,0.0
10278.0,10278.0,26.0,0.05849505960941315,5e-05,0.1215880811214447,0.0
10279.0,10279.0,26.0,0.04272950440645218,5e-05,0.06737567484378815,0.0
10280.0,10280.0,26.0,0.06280681490898132,5e-05,0.10888195782899857,0.0
10281.0,10281.0,26.0,0.05339339002966881,5e-05,0.13609066605567932,0.0
10282.0,10282.0,26.0,0.0557059645652771,5e-05,0.1057468056678772,0.0
10283.0,10283.0,26.0,0.06265058368444443,5e-05,0.13615572452545166,0.0
10284.0,10284.0,26.0,0.07010714709758759,5e-05,0.13583095371723175,0.0
10285.0,10285.0,26.0,0.05786316841840744,5e-05,0.12824738025665283,0.0
10286.0,10286.0,26.0,0.05350392311811447,5e-05,0.12545184791088104,0.0
10287.0,10287.0,26.0,0.04680390655994415,5e-05,0.09290087968111038,0.0
10288.0,10288.0,26.0,0.04445294290781021,5e-05,0.07320553064346313,0.0
10289.0,10289.0,26.0,0.06120666116476059,5e-05,0.12475848942995071,0.0
10290.0,10290.0,26.0,0.04745900258421898,5e-05,0.14440393447875977,0.0
10291.0,10291.0,26.0,0.05560632050037384,5e-05,0.07816951721906662,0.0
10292.0,10292.0,26.0,0.0614858977496624,5e-05,0.12954720854759216,0.0
10293.0,10293.0,26.0,0.04888656735420227,5e-05,0.1073468029499054,0.0
10294.0,10294.0,26.0,0.06268075108528137,5e-05,0.11670561879873276,0.0
10295.0,10295.0,26.0,0.05319893732666969,5e-05,0.11856219172477722,0.0
10296.0,10296.0,26.0,0.06663982570171356,5e-05,0.13395951688289642,0.0
10297.0,10297.0,26.0,0.06293950974941254,5e-05,0.1555127203464508,0.0
10298.0,10298.0,26.0,0.04875366762280464,5e-05,0.11494274437427521,0.0
10299.0,10299.0,26.0,0.055907830595970154,5e-05,0.13194260001182556,0.0
10300.0,10300.0,26.0,0.07101745903491974,5e-05,0.16781961917877197,0.0
10301.0,10301.0,26.0,0.06367907673120499,5e-05,0.09442029893398285,0.0
10302.0,10302.0,26.0,0.07086435705423355,5e-05,0.13969050347805023,0.0
10303.0,10303.0,26.0,0.05227598920464516,5e-05,0.11809442192316055,0.0
10304.0,10304.0,26.0,0.04760516807436943,5e-05,0.11777126789093018,0.0
10305.0,10305.0,26.0,0.05055980384349823,5e-05,0.1078503206372261,0.0
10306.0,10306.0,26.0,0.0520419143140316,5e-05,0.09692226350307465,0.0
10307.0,10307.0,26.0,0.08739138394594193,5e-05,0.15700100362300873,0.0
10308.0,10308.0,26.0,0.0647406056523323,5e-05,0.09392888844013214,0.0
10309.0,10309.0,26.0,0.04653674364089966,5e-05,0.11289310455322266,0.0
10310.0,10310.0,26.0,0.058436982333660126,5e-05,0.09021183103322983,0.0
10311.0,10311.0,26.0,0.05263417214155197,5e-05,0.07914339005947113,0.0
10312.0,10312.0,26.0,0.05346520245075226,5e-05,0.10248260200023651,0.0
10313.0,10313.0,26.0,0.07067013531923294,5e-05,0.11847265064716339,0.0
10314.0,10314.0,26.0,0.05660773813724518,5e-05,0.08841840922832489,0.0
10315.0,10315.0,26.0,0.061816539615392685,5e-05,0.13118642568588257,0.0
10316.0,10316.0,26.0,0.06882186979055405,5e-05,0.10358073562383652,0.0
10317.0,10317.0,26.0,0.0667913481593132,5e-05,0.14476530253887177,0.0
10318.0,10318.0,26.0,0.059517957270145416,5e-05,0.12976522743701935,0.0
10319.0,10319.0,26.0,0.05620674043893814,5e-05,0.134811133146286,0.0
10320.0,10320.0,26.0,0.05463014915585518,5e-05,0.09805399179458618,0.0
10321.0,10321.0,26.0,0.06925956159830093,5e-05,0.14134980738162994,0.0
10322.0,10322.0,26.0,0.054305549710989,5e-05,0.08830992877483368,0.0
10323.0,10323.0,26.0,0.05604659020900726,5e-05,0.10889319330453873,0.0
10324.0,10324.0,26.0,0.053120627999305725,5e-05,0.10096850991249084,0.0
10325.0,10325.0,26.0,0.05851088464260101,5e-05,0.10289788246154785,0.0
10326.0,10326.0,26.0,0.07422591745853424,5e-05,0.12160132080316544,0.0
10327.0,10327.0,26.0,0.048463739454746246,5e-05,0.13133525848388672,0.0
10328.0,10328.0,26.0,0.05672536790370941,5e-05,0.18541818857192993,0.0
10329.0,10329.0,26.0,0.05916983634233475,5e-05,0.11911818385124207,0.0
10330.0,10330.0,26.0,0.06297636777162552,5e-05,0.16008061170578003,0.0
10331.0,10331.0,26.0,0.0567498654127121,5e-05,0.16712360084056854,0.0
10332.0,10332.0,26.0,0.047196269035339355,5e-05,0.0972735658288002,0.0
10333.0,10333.0,26.0,0.04975505918264389,5e-05,0.2506610155105591,0.0
10334.0,10334.0,26.0,0.0506596565246582,5e-05,0.1409386545419693,0.0
10335.0,10335.0,26.0,0.061041057109832764,5e-05,0.11702166497707367,0.0
10336.0,10336.0,26.0,0.05104007571935654,5e-05,0.19770947098731995,0.0
10337.0,10337.0,26.0,0.05761111155152321,5e-05,0.17950770258903503,0.0
10338.0,10338.0,26.0,0.05848894268274307,5e-05,0.1359536051750183,0.0
10339.0,10339.0,26.0,0.06190543249249458,5e-05,0.17728373408317566,0.0
10340.0,10340.0,26.0,0.06407538056373596,5e-05,0.1847553551197052,0.0
10341.0,10341.0,26.0,0.04563606530427933,5e-05,0.09418584406375885,0.0
10342.0,10342.0,26.0,0.06998565793037415,5e-05,0.16574837267398834,0.0
10343.0,10343.0,26.0,0.06349650770425797,5e-05,0.14571623504161835,0.0
10344.0,10344.0,26.0,0.0729137733578682,5e-05,0.10942967236042023,0.0
10345.0,10345.0,26.0,0.06644432246685028,5e-05,0.15189732611179352,0.0
10346.0,10346.0,26.0,0.05716988444328308,5e-05,0.13413117825984955,0.0
10347.0,10347.0,26.0,0.053029462695121765,5e-05,0.12272888422012329,0.0
10348.0,10348.0,26.0,0.052191488444805145,5e-05,0.13186384737491608,0.0
10349.0,10349.0,26.0,0.053589947521686554,5e-05,0.12525905668735504,0.0
10350.0,10350.0,26.0,0.04875142127275467,5e-05,0.16839954257011414,0.0
10351.0,10351.0,26.0,0.06447707861661911,5e-05,0.10032264143228531,0.0
10352.0,10352.0,26.0,0.05277213826775551,5e-05,0.10305124521255493,0.0
10353.0,10353.0,26.0,0.06580065190792084,5e-05,0.17030997574329376,0.0
10354.0,10354.0,26.0,0.056774064898490906,5e-05,0.08962275087833405,0.0
10355.0,10355.0,26.0,0.05367055535316467,5e-05,0.11068423092365265,0.0
10356.0,10356.0,26.0,0.04576755315065384,5e-05,0.13357633352279663,0.0
10357.0,10357.0,26.0,0.057050999253988266,5e-05,0.1328074336051941,0.0
10358.0,10358.0,26.0,0.058033399283885956,5e-05,0.09942753612995148,0.0
10359.0,10359.0,26.0,0.06602764129638672,5e-05,0.17875957489013672,0.0
10360.0,10360.0,26.0,0.06931213289499283,5e-05,0.1590586006641388,0.0
10361.0,10361.0,26.0,0.051105745136737823,5e-05,0.1135980412364006,0.0
10362.0,10362.0,26.0,0.045946039259433746,5e-05,0.20225077867507935,0.0
10363.0,10363.0,26.0,0.06982576102018356,5e-05,0.18691176176071167,0.0
10364.0,10364.0,26.0,0.0612911619246006,5e-05,0.09066979587078094,0.0
10365.0,10365.0,26.0,0.0551808699965477,5e-05,0.2246733456850052,0.0
10366.0,10366.0,26.0,0.05766928941011429,5e-05,0.09837380051612854,0.0
10367.0,10367.0,26.0,0.05592513829469681,5e-05,0.16539469361305237,0.0
10368.0,10368.0,26.0,0.06286103278398514,5e-05,0.13635587692260742,0.0
10369.0,10369.0,26.0,0.06777706742286682,5e-05,0.13072118163108826,0.0
10370.0,10370.0,26.0,0.0722380205988884,5e-05,0.13796110451221466,0.0
10371.0,10371.0,26.0,0.05380120873451233,5e-05,0.09864415973424911,0.0
10372.0,10372.0,26.0,0.059342049062252045,5e-05,0.10501475632190704,0.0
10373.0,10373.0,26.0,0.07470192760229111,5e-05,0.1608128696680069,0.0
10374.0,10374.0,26.0,0.06526140868663788,5e-05,0.08729593455791473,0.0
10375.0,10375.0,26.0,0.06292279064655304,5e-05,0.1531650871038437,0.0
10376.0,10376.0,26.0,0.04653577506542206,5e-05,0.1012934148311615,0.0
10377.0,10377.0,26.0,0.04595328867435455,5e-05,0.08950928598642349,0.0
10378.0,10378.0,26.0,0.05612564831972122,5e-05,0.13146670162677765,0.0
10379.0,10379.0,26.0,0.05626019090414047,5e-05,0.08039678633213043,0.0
10380.0,10380.0,26.0,0.04717829078435898,5e-05,0.08587699383497238,0.0
10381.0,10381.0,26.0,0.056240759789943695,5e-05,0.10161460936069489,0.0
10382.0,10382.0,26.0,0.056973718106746674,5e-05,0.09104081988334656,0.0
10383.0,10383.0,26.0,0.06706442683935165,5e-05,0.12290175259113312,0.0
10384.0,10384.0,26.0,0.06838488578796387,5e-05,0.10678042471408844,0.0
10385.0,10385.0,26.0,0.05819040909409523,5e-05,0.14395974576473236,0.0
10386.0,10386.0,26.0,0.05954038351774216,5e-05,0.10684939473867416,0.0
10387.0,10387.0,26.0,0.06000997871160507,5e-05,0.1513233184814453,0.0
10388.0,10388.0,26.0,0.049883387982845306,5e-05,0.07600706070661545,0.0
10389.0,10389.0,26.0,0.06057238206267357,5e-05,0.14033982157707214,0.0
10390.0,10390.0,26.0,0.05955436825752258,5e-05,0.11669446527957916,0.0
10391.0,10391.0,26.0,0.06504504382610321,5e-05,0.10745427012443542,0.0
10392.0,10392.0,26.0,0.0704883486032486,5e-05,0.10959162563085556,0.0
10393.0,10393.0,26.0,0.06542422622442245,5e-05,0.16971108317375183,0.0
10394.0,10394.0,26.0,0.06752021610736847,5e-05,0.10509899258613586,0.0
10395.0,10395.0,26.0,0.05452767759561539,5e-05,0.14925995469093323,0.0
10396.0,10396.0,26.0,0.060024015605449677,5e-05,0.11038827151060104,0.0
10397.0,10397.0,26.0,0.05947856605052948,5e-05,0.09322936832904816,0.0
10398.0,10398.0,26.0,0.05191301554441452,5e-05,0.12033045291900635,0.0
10399.0,10399.0,26.0,0.0664406418800354,5e-05,0.1266758292913437,0.0
10400.0,10400.0,26.0,0.07265982776880264,5e-05,0.1181010827422142,0.0
10401.0,10401.0,26.0,0.08271759748458862,5e-05,0.1502912938594818,0.0
10402.0,10402.0,26.0,0.060243889689445496,5e-05,0.17696072161197662,0.0
10403.0,10403.0,26.0,0.06326091289520264,5e-05,0.13725318014621735,0.0
10404.0,10404.0,26.0,0.05699215084314346,5e-05,0.09239938855171204,0.0
10405.0,10405.0,26.0,0.049870528280735016,5e-05,0.14300121366977692,0.0
10406.0,10406.0,26.0,0.043488383293151855,5e-05,0.10280194133520126,0.0
10407.0,10407.0,26.0,0.061599187552928925,5e-05,0.1395106315612793,0.0
10408.0,10408.0,26.0,0.06591874361038208,5e-05,0.15123087167739868,0.0
10409.0,10409.0,26.0,0.07512564957141876,5e-05,0.13836172223091125,0.0
10410.0,10410.0,26.0,0.04387808218598366,5e-05,0.16723154485225677,0.0
10411.0,10411.0,26.0,0.055990248918533325,5e-05,0.1315283477306366,0.0
10412.0,10412.0,26.0,0.05487719550728798,5e-05,0.13958925008773804,0.0
10413.0,10413.0,26.0,0.05536150187253952,5e-05,0.14128421247005463,0.0
10414.0,10414.0,26.0,0.05308320373296738,5e-05,0.13385789096355438,0.0
10415.0,10415.0,26.0,0.04310279339551926,5e-05,0.11403672397136688,0.0
10416.0,10416.0,26.0,0.054949164390563965,5e-05,0.11062643676996231,0.0
10417.0,10417.0,26.0,0.047388240694999695,5e-05,0.09701798111200333,0.0
10418.0,10418.0,26.0,0.06734976172447205,5e-05,0.09383251518011093,0.0
10419.0,10419.0,26.0,0.059709712862968445,5e-05,0.14877131581306458,0.0
10420.0,10420.0,26.0,0.052418194711208344,5e-05,0.10277575254440308,0.0
10421.0,10421.0,26.0,0.06310887634754181,5e-05,0.11311861872673035,0.0
10422.0,10422.0,26.0,0.06342006474733353,5e-05,0.11703693866729736,0.0
10423.0,10423.0,26.0,0.07778678089380264,5e-05,0.15645475685596466,0.0
10424.0,10424.0,26.0,0.062158241868019104,5e-05,0.108598493039608,0.0
10425.0,10425.0,26.0,0.06100548803806305,5e-05,0.1443263441324234,0.0
10426.0,10426.0,26.0,0.04975580424070358,5e-05,0.15584507584571838,0.0
10427.0,10427.0,26.0,0.05455673858523369,5e-05,0.11618449538946152,0.0
10428.0,10428.0,26.0,0.05796884745359421,5e-05,0.11394654214382172,0.0
10429.0,10429.0,26.0,0.06880836933851242,5e-05,0.1350851207971573,0.0
10430.0,10430.0,26.0,0.059899382293224335,5e-05,0.16475604474544525,0.0
10431.0,10431.0,26.0,0.04627881571650505,5e-05,0.09020686149597168,0.0
10432.0,10432.0,26.0,0.05573924630880356,5e-05,0.12709619104862213,0.0
10433.0,10433.0,26.0,0.0518965870141983,5e-05,0.13128553330898285,0.0
10434.0,10434.0,26.0,0.05226660519838333,5e-05,0.12936478853225708,0.0
10435.0,10435.0,26.0,0.05645068734884262,5e-05,0.14550472795963287,0.0
10436.0,10436.0,26.0,0.054818011820316315,5e-05,0.13943924009799957,0.0
10437.0,10437.0,26.0,0.06019144877791405,5e-05,0.08969738334417343,0.0
10438.0,10438.0,26.0,0.05286518856883049,5e-05,0.12879958748817444,0.0
10439.0,10439.0,26.0,0.059223473072052,5e-05,0.12563425302505493,0.0
10440.0,10440.0,26.0,0.05488469451665878,5e-05,0.11065350472927094,0.0
10441.0,10441.0,26.0,0.06893065571784973,5e-05,0.1000082716345787,0.0
10442.0,10442.0,26.0,0.06645214557647705,5e-05,0.16038019955158234,0.0
10443.0,10443.0,26.0,0.05676675960421562,5e-05,0.1432519108057022,0.0
10444.0,10444.0,26.0,0.07006780803203583,5e-05,0.1298614740371704,0.0
10445.0,10445.0,26.0,0.0642976462841034,5e-05,0.09130717813968658,0.0
10446.0,10446.0,26.0,0.051358774304389954,5e-05,0.11850368976593018,0.0
10447.0,10447.0,26.0,0.05763620138168335,5e-05,0.13004808127880096,0.0
10448.0,10448.0,26.0,0.06299686431884766,5e-05,0.09262120723724365,0.0
10449.0,10449.0,26.0,0.05515555292367935,5e-05,0.20584364235401154,0.0
10450.0,10450.0,26.0,0.06179201975464821,5e-05,0.12899558246135712,0.0
10451.0,10451.0,26.0,0.05024705082178116,5e-05,0.1713688224554062,0.0
10452.0,10452.0,26.0,0.054058801382780075,5e-05,0.1329488605260849,0.0
10453.0,10453.0,26.0,0.04948708415031433,5e-05,0.08640697598457336,0.0
10454.0,10454.0,26.0,0.07332894206047058,5e-05,0.19034536182880402,0.0
10455.0,10455.0,26.0,0.06222820281982422,5e-05,0.0905681848526001,0.0
10456.0,10456.0,26.0,0.05814998596906662,5e-05,0.15171770751476288,0.0
10457.0,10457.0,26.0,0.060313474386930466,5e-05,0.11355964094400406,0.0
10458.0,10458.0,26.0,0.05327547341585159,5e-05,0.07943584024906158,0.0
10459.0,10459.0,26.0,0.055605750530958176,5e-05,0.21043385565280914,0.0
10460.0,10460.0,26.0,0.05632980167865753,5e-05,0.07099365442991257,0.0
10461.0,10461.0,26.0,0.06194651126861572,5e-05,0.19274750351905823,0.0
10462.0,10462.0,26.0,0.06436995416879654,5e-05,0.09974495321512222,0.0
10463.0,10463.0,26.0,0.05410050228238106,5e-05,0.12060702592134476,0.0
10464.0,10464.0,26.0,0.04670942947268486,5e-05,0.08771377056837082,0.0
10465.0,10465.0,26.0,0.050096504390239716,5e-05,0.07796307653188705,0.0
10466.0,10466.0,26.0,0.04243408143520355,5e-05,0.15174204111099243,0.0
10467.0,10467.0,26.0,0.05339272692799568,5e-05,0.0842210054397583,0.0
10468.0,10468.0,26.0,0.061867326498031616,5e-05,0.11345759779214859,0.0
10469.0,10469.0,26.0,0.056971073150634766,5e-05,0.14227654039859772,0.0
10470.0,10470.0,26.0,0.05568729341030121,5e-05,0.12422630935907364,0.0
10471.0,10471.0,26.0,0.04869415611028671,5e-05,0.056985896080732346,0.0
10472.0,10472.0,26.0,0.05331844091415405,5e-05,0.12349660694599152,0.0
10473.0,10473.0,26.0,0.06343782693147659,5e-05,0.0961676761507988,0.0
10474.0,10474.0,26.0,0.0629277229309082,5e-05,0.17882105708122253,0.0
10475.0,10475.0,26.0,0.055295493453741074,5e-05,0.11213425546884537,0.0
10476.0,10476.0,26.0,0.06191089749336243,5e-05,0.11380813270807266,0.0
10477.0,10477.0,26.0,0.06662066280841827,5e-05,0.10117415338754654,0.0
10478.0,10478.0,26.0,0.056975338608026505,5e-05,0.10174291580915451,0.0
10479.0,10479.0,26.0,0.060624636709690094,5e-05,0.1815260499715805,0.0
10480.0,10480.0,26.0,0.06727325171232224,5e-05,0.12660996615886688,0.0
10481.0,10481.0,26.0,0.052935950458049774,5e-05,0.1332385540008545,0.0
10482.0,10482.0,26.0,0.0685228705406189,5e-05,0.11547327786684036,0.0
10483.0,10483.0,26.0,0.052924275398254395,5e-05,0.16535596549510956,0.0
10484.0,10484.0,26.0,0.060274992138147354,5e-05,0.1330062448978424,0.0
10485.0,10485.0,26.0,0.07934676855802536,5e-05,0.1461215317249298,0.0
10486.0,10486.0,26.0,0.058509454131126404,5e-05,0.1087789386510849,0.0
10487.0,10487.0,26.0,0.07933533936738968,5e-05,0.19025108218193054,0.0
10488.0,10488.0,26.0,0.06741079688072205,5e-05,0.19426384568214417,0.0
10489.0,10489.0,26.0,0.056547921150922775,5e-05,0.12083631008863449,0.0
10490.0,10490.0,26.0,0.06349357217550278,5e-05,0.24155692756175995,0.0
10491.0,10491.0,26.0,0.057679660618305206,5e-05,0.09403549134731293,0.0
10492.0,10492.0,26.0,0.05998777598142624,5e-05,0.1549362987279892,0.0
10493.0,10493.0,26.0,0.05840933322906494,5e-05,0.15785369277000427,0.0
10494.0,10494.0,26.0,0.054572783410549164,5e-05,0.0853138417005539,0.0
10495.0,10495.0,26.0,0.04995929077267647,5e-05,0.1575758010149002,0.0
10496.0,10496.0,26.0,0.05882672220468521,5e-05,0.20539115369319916,0.0
10497.0,10497.0,26.0,0.04993203282356262,5e-05,0.140713170170784,0.0
10498.0,10498.0,26.0,0.049188509583473206,5e-05,0.12233380228281021,0.0
10499.0,10499.0,26.0,0.060447461903095245,5e-05,0.22319988906383514,0.0
10500.0,10500.0,26.0,0.05825137346982956,5e-05,0.20626689493656158,0.0
10501.0,10501.0,26.0,0.047415003180503845,5e-05,0.09985477477312088,0.0
10502.0,10502.0,26.0,0.046515077352523804,5e-05,0.22710667550563812,0.0
10503.0,10503.0,26.0,0.07125074416399002,5e-05,0.1973292976617813,0.0
10504.0,10504.0,26.0,0.0625700131058693,5e-05,0.1309235543012619,0.0
10505.0,10505.0,26.0,0.06463639438152313,5e-05,0.20970997214317322,0.0
10506.0,10506.0,26.0,0.06400938332080841,5e-05,0.21148236095905304,0.0
10507.0,10507.0,26.0,0.05571724474430084,5e-05,0.13822202384471893,0.0
10508.0,10508.0,26.0,0.05072352662682533,5e-05,0.1287529319524765,0.0
10509.0,10509.0,26.0,0.04854774475097656,5e-05,0.2554228901863098,0.0
10510.0,10510.0,26.0,0.05095810443162918,5e-05,0.10622163861989975,0.0
10511.0,10511.0,26.0,0.05385076627135277,5e-05,0.10339377820491791,0.0
10512.0,10512.0,26.0,0.05474085733294487,5e-05,0.180154949426651,0.0
10513.0,10513.0,26.0,0.0749666839838028,5e-05,0.15620973706245422,0.0
10514.0,10514.0,26.0,0.05338212847709656,5e-05,0.12671895325183868,0.0
10515.0,10515.0,26.0,0.06552289426326752,5e-05,0.1685098260641098,0.0
10516.0,10516.0,26.0,0.06459446996450424,5e-05,0.19776669144630432,0.0
10517.0,10517.0,26.0,0.05558482185006142,5e-05,0.08025578409433365,0.0
10518.0,10518.0,26.0,0.06079883873462677,5e-05,0.16527387499809265,0.0
10519.0,10519.0,26.0,0.0513392873108387,5e-05,0.17192621529102325,0.0
10520.0,10520.0,26.0,0.06897055357694626,5e-05,0.14039932191371918,0.0
10521.0,10521.0,26.0,0.05239321291446686,5e-05,0.15878233313560486,0.0
10522.0,10522.0,26.0,0.061123453080654144,5e-05,0.18635092675685883,0.0
10523.0,10523.0,26.0,0.04578787460923195,5e-05,0.10107620805501938,0.0
10524.0,10524.0,26.0,0.06108257174491882,5e-05,0.10738120973110199,0.0
10525.0,10525.0,26.0,0.06799834966659546,5e-05,0.14720608294010162,0.0
10526.0,10526.0,26.0,0.05104926973581314,5e-05,0.15922489762306213,0.0
10527.0,10527.0,26.0,0.04964408650994301,5e-05,0.07778739929199219,0.0
10528.0,10528.0,26.0,0.05844996124505997,5e-05,0.17033345997333527,0.0
10529.0,10529.0,26.0,0.061176590621471405,5e-05,0.186054065823555,0.0
10530.0,10530.0,26.0,0.05401155725121498,5e-05,0.09977444261312485,0.0
10531.0,10531.0,27.0,0.050572045147418976,5e-05,0.13794121146202087,0.0
10532.0,10532.0,27.0,0.06742332875728607,5e-05,0.12723587453365326,0.0
10533.0,10533.0,27.0,0.06595227122306824,5e-05,0.1484493613243103,0.0
10534.0,10534.0,27.0,0.05336545407772064,5e-05,0.09889549016952515,0.0
10535.0,10535.0,27.0,0.060689184814691544,5e-05,0.14905062317848206,0.0
10536.0,10536.0,27.0,0.05694922059774399,5e-05,0.12959828972816467,0.0
10537.0,10537.0,27.0,0.05991128087043762,5e-05,0.07679569721221924,0.0
10538.0,10538.0,27.0,0.056342482566833496,5e-05,0.14447493851184845,0.0
10539.0,10539.0,27.0,0.06154503673315048,5e-05,0.10702605545520782,0.0
10540.0,10540.0,27.0,0.06004560366272926,5e-05,0.12371132522821426,0.0
10541.0,10541.0,27.0,0.04949258640408516,5e-05,0.14755389094352722,0.0
10542.0,10542.0,27.0,0.05909891799092293,5e-05,0.0929984450340271,0.0
10543.0,10543.0,27.0,0.057321831583976746,5e-05,0.16482172906398773,0.0
10544.0,10544.0,27.0,0.06241501122713089,5e-05,0.12640376389026642,0.0
10545.0,10545.0,27.0,0.053858716040849686,5e-05,0.13184484839439392,0.0
10546.0,10546.0,27.0,0.05000177025794983,5e-05,0.13172641396522522,0.0
10547.0,10547.0,27.0,0.06156230345368385,5e-05,0.10771288722753525,0.0
10548.0,10548.0,27.0,0.06781896948814392,5e-05,0.16133420169353485,0.0
10549.0,10549.0,27.0,0.05238174647092819,5e-05,0.0852157324552536,0.0
10550.0,10550.0,27.0,0.05424552410840988,5e-05,0.15772604942321777,0.0
10551.0,10551.0,27.0,0.05259579420089722,5e-05,0.11013127118349075,0.0
10552.0,10552.0,27.0,0.059842921793460846,5e-05,0.10393167287111282,0.0
10553.0,10553.0,27.0,0.042049210518598557,5e-05,0.14823032915592194,0.0
10554.0,10554.0,27.0,0.06420913338661194,5e-05,0.13074487447738647,0.0
10555.0,10555.0,27.0,0.0527234748005867,5e-05,0.1287253051996231,0.0
10556.0,10556.0,27.0,0.0592576265335083,5e-05,0.1750318855047226,0.0
10557.0,10557.0,27.0,0.056579649448394775,5e-05,0.14051224291324615,0.0
10558.0,10558.0,27.0,0.05767187476158142,5e-05,0.08655796945095062,0.0
10559.0,10559.0,27.0,0.04838667809963226,5e-05,0.1266929805278778,0.0
10560.0,10560.0,27.0,0.05315262824296951,5e-05,0.08322597295045853,0.0
10561.0,10561.0,27.0,0.05161522328853607,5e-05,0.11937593668699265,0.0
10562.0,10562.0,27.0,0.061526406556367874,5e-05,0.09782928228378296,0.0
10563.0,10563.0,27.0,0.050902314484119415,5e-05,0.07499063014984131,0.0
10564.0,10564.0,27.0,0.06489167362451553,5e-05,0.11790835857391357,0.0
10565.0,10565.0,27.0,0.05952056497335434,5e-05,0.12240458279848099,0.0
10566.0,10566.0,27.0,0.05733107030391693,5e-05,0.10067424923181534,0.0
10567.0,10567.0,27.0,0.0598963126540184,5e-05,0.10092177242040634,0.0
10568.0,10568.0,27.0,0.07398634403944016,5e-05,0.10061734914779663,0.0
10569.0,10569.0,27.0,0.06685074418783188,5e-05,0.10947517305612564,0.0
10570.0,10570.0,27.0,0.06384764611721039,5e-05,0.10581119358539581,0.0
10571.0,10571.0,27.0,0.04732794314622879,5e-05,0.0743422731757164,0.0
10572.0,10572.0,27.0,0.04390732944011688,5e-05,0.12826916575431824,0.0
10573.0,10573.0,27.0,0.06781133264303207,5e-05,0.07435363531112671,0.0
10574.0,10574.0,27.0,0.06265342235565186,5e-05,0.123141348361969,0.0
10575.0,10575.0,27.0,0.05566348135471344,5e-05,0.1417316049337387,0.0
10576.0,10576.0,27.0,0.04851744323968887,5e-05,0.10607282817363739,0.0
10577.0,10577.0,27.0,0.05961061641573906,5e-05,0.1677563488483429,0.0
10578.0,10578.0,27.0,0.059736669063568115,5e-05,0.07734421640634537,0.0
10579.0,10579.0,27.0,0.059350453317165375,5e-05,0.14662986993789673,0.0
10580.0,10580.0,27.0,0.04907301813364029,5e-05,0.11376433074474335,0.0
10581.0,10581.0,27.0,0.06512989848852158,5e-05,0.11661794781684875,0.0
10582.0,10582.0,27.0,0.045765649527311325,5e-05,0.1425098031759262,0.0
10583.0,10583.0,27.0,0.06400065869092941,5e-05,0.1042155921459198,0.0
10584.0,10584.0,27.0,0.05221748352050781,5e-05,0.176590234041214,0.0
10585.0,10585.0,27.0,0.04601747542619705,5e-05,0.10900960862636566,0.0
10586.0,10586.0,27.0,0.04772312939167023,5e-05,0.06370020657777786,0.0
10587.0,10587.0,27.0,0.0664069801568985,5e-05,0.18540731072425842,0.0
10588.0,10588.0,27.0,0.06632500886917114,5e-05,0.11730924993753433,0.0
10589.0,10589.0,27.0,0.048600807785987854,5e-05,0.16199979186058044,0.0
10590.0,10590.0,27.0,0.0558772087097168,5e-05,0.16030068695545197,0.0
10591.0,10591.0,27.0,0.07391752302646637,5e-05,0.16655613481998444,0.0
10592.0,10592.0,27.0,0.0641009509563446,5e-05,0.12091705948114395,0.0
10593.0,10593.0,27.0,0.058323752135038376,5e-05,0.08484602719545364,0.0
10594.0,10594.0,27.0,0.058289650827646255,5e-05,0.22564302384853363,0.0
10595.0,10595.0,27.0,0.04961485415697098,5e-05,0.08293383568525314,0.0
10596.0,10596.0,27.0,0.0437200590968132,5e-05,0.13799647986888885,0.0
10597.0,10597.0,27.0,0.06856149435043335,5e-05,0.1518571674823761,0.0
10598.0,10598.0,27.0,0.05445379763841629,5e-05,0.09475626051425934,0.0
10599.0,10599.0,27.0,0.054730236530303955,5e-05,0.16781941056251526,0.0
10600.0,10600.0,27.0,0.08660653233528137,5e-05,0.1284780204296112,0.0
10601.0,10601.0,27.0,0.06340152025222778,5e-05,0.1651429533958435,0.0
10602.0,10602.0,27.0,0.07608622312545776,5e-05,0.10716639459133148,0.0
10603.0,10603.0,27.0,0.06708269566297531,5e-05,0.12770113348960876,0.0
10604.0,10604.0,27.0,0.05201491713523865,5e-05,0.13331341743469238,0.0
10605.0,10605.0,27.0,0.06639096140861511,5e-05,0.10784465074539185,0.0
10606.0,10606.0,27.0,0.04651666432619095,5e-05,0.10022920370101929,0.0
10607.0,10607.0,27.0,0.06717810034751892,5e-05,0.15498681366443634,0.0
10608.0,10608.0,27.0,0.06029416620731354,5e-05,0.12135067582130432,0.0
10609.0,10609.0,27.0,0.05458016321063042,5e-05,0.1390817016363144,0.0
10610.0,10610.0,27.0,0.05277625471353531,5e-05,0.11414684355258942,0.0
10611.0,10611.0,27.0,0.06516000628471375,5e-05,0.1153080090880394,0.0
10612.0,10612.0,27.0,0.059596482664346695,5e-05,0.16251930594444275,0.0
10613.0,10613.0,27.0,0.06449459493160248,5e-05,0.08009837567806244,0.0
10614.0,10614.0,27.0,0.06259314715862274,5e-05,0.1476997584104538,0.0
10615.0,10615.0,27.0,0.04340692609548569,5e-05,0.17646275460720062,0.0
10616.0,10616.0,27.0,0.05336862802505493,5e-05,0.12872183322906494,0.0
10617.0,10617.0,27.0,0.05142826586961746,5e-05,0.16673830151557922,0.0
10618.0,10618.0,27.0,0.05906994640827179,5e-05,0.07390259951353073,0.0
10619.0,10619.0,27.0,0.056559935212135315,5e-05,0.17733074724674225,0.0
10620.0,10620.0,27.0,0.06826435029506683,5e-05,0.1617657095193863,0.0
10621.0,10621.0,27.0,0.06141059100627899,5e-05,0.103829525411129,0.0
10622.0,10622.0,27.0,0.05299045145511627,5e-05,0.17618906497955322,0.0
10623.0,10623.0,27.0,0.06275083124637604,5e-05,0.13774098455905914,0.0
10624.0,10624.0,27.0,0.05819248780608177,5e-05,0.20039717853069305,0.0
10625.0,10625.0,27.0,0.04993286728858948,5e-05,0.13361436128616333,0.0
10626.0,10626.0,27.0,0.07188176363706589,5e-05,0.11153894662857056,0.0
10627.0,10627.0,27.0,0.0623452328145504,5e-05,0.17941515147686005,0.0
10628.0,10628.0,27.0,0.04759996011853218,5e-05,0.1543223261833191,0.0
10629.0,10629.0,27.0,0.06071200221776962,5e-05,0.14418087899684906,0.0
10630.0,10630.0,27.0,0.0608358234167099,5e-05,0.24943064153194427,0.0
10631.0,10631.0,27.0,0.06643657386302948,5e-05,0.08258713781833649,0.0
10632.0,10632.0,27.0,0.052025459706783295,5e-05,0.24369671940803528,0.0
10633.0,10633.0,27.0,0.05100104957818985,5e-05,0.10750887542963028,0.0
10634.0,10634.0,27.0,0.05715811997652054,5e-05,0.16103637218475342,0.0
10635.0,10635.0,27.0,0.042713504284620285,5e-05,0.1593870371580124,0.0
10636.0,10636.0,27.0,0.05895714834332466,5e-05,0.10458439588546753,0.0
10637.0,10637.0,27.0,0.06083724647760391,5e-05,0.20995551347732544,0.0
10638.0,10638.0,27.0,0.05488169193267822,5e-05,0.12138097733259201,0.0
10639.0,10639.0,27.0,0.0569944903254509,5e-05,0.12667307257652283,0.0
10640.0,10640.0,27.0,0.06385841965675354,5e-05,0.16893835365772247,0.0
10641.0,10641.0,27.0,0.055425647646188736,5e-05,0.11032859236001968,0.0
10642.0,10642.0,27.0,0.052042290568351746,5e-05,0.12651053071022034,0.0
10643.0,10643.0,27.0,0.05944862216711044,5e-05,0.13934694230556488,0.0
10644.0,10644.0,27.0,0.055378809571266174,5e-05,0.12527301907539368,0.0
10645.0,10645.0,27.0,0.061132606118917465,5e-05,0.10458626598119736,0.0
10646.0,10646.0,27.0,0.06807233393192291,5e-05,0.12403076887130737,0.0
10647.0,10647.0,27.0,0.057289816439151764,5e-05,0.1072702631354332,0.0
10648.0,10648.0,27.0,0.07027110457420349,5e-05,0.13405118882656097,0.0
10649.0,10649.0,27.0,0.07160645723342896,5e-05,0.1435457170009613,0.0
10650.0,10650.0,27.0,0.06754478812217712,5e-05,0.1733808070421219,0.0
10651.0,10651.0,27.0,0.05703960359096527,5e-05,0.16835658252239227,0.0
10652.0,10652.0,27.0,0.05388741195201874,5e-05,0.08105246722698212,0.0
10653.0,10653.0,27.0,0.05697222799062729,5e-05,0.17620278894901276,0.0
10654.0,10654.0,27.0,0.06695336103439331,5e-05,0.1653248518705368,0.0
10655.0,10655.0,27.0,0.06251409649848938,5e-05,0.139659121632576,0.0
10656.0,10656.0,27.0,0.07475502789020538,5e-05,0.16207394003868103,0.0
10657.0,10657.0,27.0,0.055639009922742844,5e-05,0.1391572505235672,0.0
10658.0,10658.0,27.0,0.07796058058738708,5e-05,0.09650108963251114,0.0
10659.0,10659.0,27.0,0.0645076185464859,5e-05,0.12868614494800568,0.0
10660.0,10660.0,27.0,0.07085356116294861,5e-05,0.16323354840278625,0.0
10661.0,10661.0,27.0,0.06252720206975937,5e-05,0.12705862522125244,0.0
10662.0,10662.0,27.0,0.06660281121730804,5e-05,0.14518174529075623,0.0
10663.0,10663.0,27.0,0.06783425807952881,5e-05,0.16285867989063263,0.0
10664.0,10664.0,27.0,0.051393598318099976,5e-05,0.10186155140399933,0.0
10665.0,10665.0,27.0,0.05618371069431305,5e-05,0.1721818894147873,0.0
10666.0,10666.0,27.0,0.06002533435821533,5e-05,0.13577620685100555,0.0
10667.0,10667.0,27.0,0.06284751743078232,5e-05,0.17406600713729858,0.0
10668.0,10668.0,27.0,0.065376877784729,5e-05,0.11004078388214111,0.0
10669.0,10669.0,27.0,0.06259070336818695,5e-05,0.11289916932582855,0.0
10670.0,10670.0,27.0,0.06188850849866867,5e-05,0.18671688437461853,0.0
10671.0,10671.0,27.0,0.05432795360684395,5e-05,0.09955901652574539,0.0
10672.0,10672.0,27.0,0.06458889693021774,5e-05,0.13269618153572083,0.0
10673.0,10673.0,27.0,0.05146285891532898,5e-05,0.10092407464981079,0.0
10674.0,10674.0,27.0,0.06566953659057617,5e-05,0.11838843673467636,0.0
10675.0,10675.0,27.0,0.06704485416412354,5e-05,0.14126864075660706,0.0
10676.0,10676.0,27.0,0.07022345066070557,5e-05,0.10831574350595474,0.0
10677.0,10677.0,27.0,0.05077516287565231,5e-05,0.10839685052633286,0.0
10678.0,10678.0,27.0,0.05762725695967674,5e-05,0.12768548727035522,0.0
10679.0,10679.0,27.0,0.06568250060081482,5e-05,0.11218215525150299,0.0
10680.0,10680.0,27.0,0.07168437540531158,5e-05,0.11487548798322678,0.0
10681.0,10681.0,27.0,0.05187506973743439,5e-05,0.0804675817489624,0.0
10682.0,10682.0,27.0,0.056618742644786835,5e-05,0.11145464330911636,0.0
10683.0,10683.0,27.0,0.051686763763427734,5e-05,0.09977665543556213,0.0
10684.0,10684.0,27.0,0.06279369443655014,5e-05,0.11427894234657288,0.0
10685.0,10685.0,27.0,0.056722790002822876,5e-05,0.15152029693126678,0.0
10686.0,10686.0,27.0,0.0736314132809639,5e-05,0.09502706676721573,0.0
10687.0,10687.0,27.0,0.0617794543504715,5e-05,0.14052024483680725,0.0
10688.0,10688.0,27.0,0.05950165539979935,5e-05,0.11849641054868698,0.0
10689.0,10689.0,27.0,0.05486775189638138,5e-05,0.13736622035503387,0.0
10690.0,10690.0,27.0,0.057457491755485535,5e-05,0.1496151089668274,0.0
10691.0,10691.0,27.0,0.05864850431680679,5e-05,0.07935857027769089,0.0
10692.0,10692.0,27.0,0.05280512198805809,5e-05,0.19823119044303894,0.0
10693.0,10693.0,27.0,0.04989057034254074,5e-05,0.0977822095155716,0.0
10694.0,10694.0,27.0,0.05585527420043945,5e-05,0.19569909572601318,0.0
10695.0,10695.0,27.0,0.04509831592440605,5e-05,0.07901787012815475,0.0
10696.0,10696.0,27.0,0.07582804560661316,5e-05,0.171382337808609,0.0
10697.0,10697.0,27.0,0.053275588899850845,5e-05,0.16365055739879608,0.0
10698.0,10698.0,27.0,0.044876910746097565,5e-05,0.11541741341352463,0.0
10699.0,10699.0,27.0,0.047290682792663574,5e-05,0.19331498444080353,0.0
10700.0,10700.0,27.0,0.05614922195672989,5e-05,0.11849786341190338,0.0
10701.0,10701.0,27.0,0.047800492495298386,5e-05,0.14594106376171112,0.0
10702.0,10702.0,27.0,0.054091423749923706,5e-05,0.15847772359848022,0.0
10703.0,10703.0,27.0,0.0636506974697113,5e-05,0.1277843415737152,0.0
10704.0,10704.0,27.0,0.05873118340969086,5e-05,0.13335399329662323,0.0
10705.0,10705.0,27.0,0.0633547455072403,5e-05,0.11634080857038498,0.0
10706.0,10706.0,27.0,0.04719078913331032,5e-05,0.090621717274189,0.0
10707.0,10707.0,27.0,0.06484615802764893,5e-05,0.13914214074611664,0.0
10708.0,10708.0,27.0,0.0673351138830185,5e-05,0.1268414407968521,0.0
10709.0,10709.0,27.0,0.05112508311867714,5e-05,0.09349052608013153,0.0
10710.0,10710.0,27.0,0.05468276888132095,5e-05,0.16582120954990387,0.0
10711.0,10711.0,27.0,0.04730740189552307,5e-05,0.13827019929885864,0.0
10712.0,10712.0,27.0,0.053797364234924316,5e-05,0.13088633120059967,0.0
10713.0,10713.0,27.0,0.05232447385787964,5e-05,0.17655421793460846,0.0
10714.0,10714.0,27.0,0.049404025077819824,5e-05,0.1111692488193512,0.0
10715.0,10715.0,27.0,0.05028510093688965,5e-05,0.16625648736953735,0.0
10716.0,10716.0,27.0,0.05501563102006912,5e-05,0.14448601007461548,0.0
10717.0,10717.0,27.0,0.055997539311647415,5e-05,0.10638473927974701,0.0
10718.0,10718.0,27.0,0.05479111522436142,5e-05,0.1476789116859436,0.0
10719.0,10719.0,27.0,0.05696260184049606,5e-05,0.12132807075977325,0.0
10720.0,10720.0,27.0,0.06483984738588333,5e-05,0.1603926122188568,0.0
10721.0,10721.0,27.0,0.06414048373699188,5e-05,0.1192975714802742,0.0
10722.0,10722.0,27.0,0.05917246267199516,5e-05,0.10983144491910934,0.0
10723.0,10723.0,27.0,0.06427688896656036,5e-05,0.1132318302989006,0.0
10724.0,10724.0,27.0,0.05830471217632294,5e-05,0.12494775652885437,0.0
10725.0,10725.0,27.0,0.057347968220710754,5e-05,0.09463264793157578,0.0
10726.0,10726.0,27.0,0.052033618092536926,5e-05,0.07202021032571793,0.0
10727.0,10727.0,27.0,0.05527949333190918,5e-05,0.11339071393013,0.0
10728.0,10728.0,27.0,0.05178725719451904,5e-05,0.07309554517269135,0.0
10729.0,10729.0,27.0,0.06005210429430008,5e-05,0.11788183450698853,0.0
10730.0,10730.0,27.0,0.051149409264326096,5e-05,0.0796448215842247,0.0
10731.0,10731.0,27.0,0.060850635170936584,5e-05,0.08466071635484695,0.0
10732.0,10732.0,27.0,0.05271139740943909,5e-05,0.13451407849788666,0.0
10733.0,10733.0,27.0,0.04321454465389252,5e-05,0.07094460725784302,0.0
10734.0,10734.0,27.0,0.045692458748817444,5e-05,0.0998544692993164,0.0
10735.0,10735.0,27.0,0.05353855341672897,5e-05,0.10877545177936554,0.0
10736.0,10736.0,27.0,0.055141810327768326,5e-05,0.09730147570371628,0.0
10737.0,10737.0,27.0,0.07045517861843109,5e-05,0.12867189943790436,0.0
10738.0,10738.0,27.0,0.059236809611320496,5e-05,0.07312950491905212,0.0
10739.0,10739.0,27.0,0.052566807717084885,5e-05,0.0805300772190094,0.0
10740.0,10740.0,27.0,0.06669731438159943,5e-05,0.09468857198953629,0.0
10741.0,10741.0,27.0,0.05874752625823021,5e-05,0.09268589317798615,0.0
10742.0,10742.0,27.0,0.058141373097896576,5e-05,0.07258042693138123,0.0
10743.0,10743.0,27.0,0.05339059978723526,5e-05,0.0867488905787468,0.0
10744.0,10744.0,27.0,0.056724291294813156,5e-05,0.08837331086397171,0.0
10745.0,10745.0,27.0,0.056034743785858154,5e-05,0.09083472192287445,0.0
10746.0,10746.0,27.0,0.07464426755905151,5e-05,0.11539006233215332,0.0
10747.0,10747.0,27.0,0.050998490303754807,5e-05,0.09304670244455338,0.0
10748.0,10748.0,27.0,0.06041523441672325,5e-05,0.13380803167819977,0.0
10749.0,10749.0,27.0,0.05020817369222641,5e-05,0.1316704899072647,0.0
10750.0,10750.0,27.0,0.05763412266969681,5e-05,0.128980815410614,0.0
10751.0,10751.0,27.0,0.06630547344684601,5e-05,0.11974485218524933,0.0
10752.0,10752.0,27.0,0.05494491383433342,5e-05,0.1438145786523819,0.0
10753.0,10753.0,27.0,0.06670325249433517,5e-05,0.16830000281333923,0.0
10754.0,10754.0,27.0,0.05963272601366043,5e-05,0.09765341877937317,0.0
10755.0,10755.0,27.0,0.06084296852350235,5e-05,0.22176019847393036,0.0
10756.0,10756.0,27.0,0.058478958904743195,5e-05,0.15794143080711365,0.0
10757.0,10757.0,27.0,0.060159195214509964,5e-05,0.10739445686340332,0.0
10758.0,10758.0,27.0,0.0741298645734787,5e-05,0.16341762244701385,0.0
10759.0,10759.0,27.0,0.05776802450418472,5e-05,0.14074118435382843,0.0
10760.0,10760.0,27.0,0.05419487506151199,5e-05,0.11195410788059235,0.0
10761.0,10761.0,27.0,0.06033783406019211,5e-05,0.1368527114391327,0.0
10762.0,10762.0,27.0,0.049876078963279724,5e-05,0.1377309113740921,0.0
10763.0,10763.0,27.0,0.05592922866344452,5e-05,0.10034752637147903,0.0
10764.0,10764.0,27.0,0.04405450075864792,5e-05,0.10013323277235031,0.0
10765.0,10765.0,27.0,0.05430939048528671,5e-05,0.15187057852745056,0.0
10766.0,10766.0,27.0,0.06345704197883606,5e-05,0.09498187899589539,0.0
10767.0,10767.0,27.0,0.0668097734451294,5e-05,0.08201555907726288,0.0
10768.0,10768.0,27.0,0.06258924305438995,5e-05,0.09655275195837021,0.0
10769.0,10769.0,27.0,0.05077435076236725,5e-05,0.08047408610582352,0.0
10770.0,10770.0,27.0,0.06612452864646912,5e-05,0.09520433098077774,0.0
10771.0,10771.0,27.0,0.05920269340276718,5e-05,0.06689990311861038,0.0
10772.0,10772.0,27.0,0.044076427817344666,5e-05,0.10307801514863968,0.0
10773.0,10773.0,27.0,0.05956173315644264,5e-05,0.11878284066915512,0.0
10774.0,10774.0,27.0,0.06657815724611282,5e-05,0.11798524111509323,0.0
10775.0,10775.0,27.0,0.04821789264678955,5e-05,0.11749839782714844,0.0
10776.0,10776.0,27.0,0.053752779960632324,5e-05,0.11336378008127213,0.0
10777.0,10777.0,27.0,0.05412435531616211,5e-05,0.12065696716308594,0.0
10778.0,10778.0,27.0,0.04652448743581772,5e-05,0.12338939309120178,0.0
10779.0,10779.0,27.0,0.058250974863767624,5e-05,0.16437837481498718,0.0
10780.0,10780.0,27.0,0.0503484271466732,5e-05,0.15285919606685638,0.0
10781.0,10781.0,27.0,0.04695028066635132,5e-05,0.13468661904335022,0.0
10782.0,10782.0,27.0,0.059677354991436005,5e-05,0.16329818964004517,0.0
10783.0,10783.0,27.0,0.06347523629665375,5e-05,0.1339806169271469,0.0
10784.0,10784.0,27.0,0.06532900035381317,5e-05,0.09927422553300858,0.0
10785.0,10785.0,27.0,0.058449991047382355,5e-05,0.1868157684803009,0.0
10786.0,10786.0,27.0,0.06075097993016243,5e-05,0.10327696800231934,0.0
10787.0,10787.0,27.0,0.06256754696369171,5e-05,0.14550703763961792,0.0
10788.0,10788.0,27.0,0.04560314118862152,5e-05,0.1027340218424797,0.0
10789.0,10789.0,27.0,0.051447220146656036,5e-05,0.10965967923402786,0.0
10790.0,10790.0,27.0,0.06292072683572769,5e-05,0.12952177226543427,0.0
10791.0,10791.0,27.0,0.07213056087493896,5e-05,0.10796379297971725,0.0
10792.0,10792.0,27.0,0.048201605677604675,5e-05,0.1063045784831047,0.0
10793.0,10793.0,27.0,0.06368408352136612,5e-05,0.13053973019123077,0.0
10794.0,10794.0,27.0,0.07569804042577744,5e-05,0.12463995814323425,0.0
10795.0,10795.0,27.0,0.05181622505187988,5e-05,0.09218749403953552,0.0
10796.0,10796.0,27.0,0.057665396481752396,5e-05,0.12298610806465149,0.0
10797.0,10797.0,27.0,0.04395687207579613,5e-05,0.11129416525363922,0.0
10798.0,10798.0,27.0,0.06220635026693344,5e-05,0.11411992460489273,0.0
10799.0,10799.0,27.0,0.06257642060518265,5e-05,0.10600657016038895,0.0
10800.0,10800.0,27.0,0.06590469181537628,5e-05,0.11469583213329315,0.0
10801.0,10801.0,27.0,0.06080450117588043,5e-05,0.09114590287208557,0.0
10802.0,10802.0,27.0,0.06708163022994995,5e-05,0.1034620851278305,0.0
10803.0,10803.0,27.0,0.06917902827262878,5e-05,0.12248057872056961,0.0
10804.0,10804.0,27.0,0.05035417526960373,5e-05,0.10932831466197968,0.0
10805.0,10805.0,27.0,0.0506366491317749,5e-05,0.15421490371227264,0.0
10806.0,10806.0,27.0,0.04998113214969635,5e-05,0.0630687028169632,0.0
10807.0,10807.0,27.0,0.07083083689212799,5e-05,0.11425038427114487,0.0
10808.0,10808.0,27.0,0.06072099134325981,5e-05,0.11795927584171295,0.0
10809.0,10809.0,27.0,0.0493910014629364,5e-05,0.12634392082691193,0.0
10810.0,10810.0,27.0,0.06662458181381226,5e-05,0.1634124368429184,0.0
10811.0,10811.0,27.0,0.04703148454427719,5e-05,0.10788009315729141,0.0
10812.0,10812.0,27.0,0.0553724467754364,5e-05,0.1010703518986702,0.0
10813.0,10813.0,27.0,0.04874241724610329,5e-05,0.1795678585767746,0.0
10814.0,10814.0,27.0,0.05975491553544998,5e-05,0.14433611929416656,0.0
10815.0,10815.0,27.0,0.044184595346450806,5e-05,0.10680999606847763,0.0
10816.0,10816.0,27.0,0.04709232971072197,5e-05,0.1554931253194809,0.0
10817.0,10817.0,27.0,0.0563015453517437,5e-05,0.1422673761844635,0.0
10818.0,10818.0,27.0,0.055134762078523636,5e-05,0.14412066340446472,0.0
10819.0,10819.0,27.0,0.046609897166490555,5e-05,0.06815072894096375,0.0
10820.0,10820.0,27.0,0.06319113820791245,5e-05,0.20199863612651825,0.0
10821.0,10821.0,27.0,0.06612114608287811,5e-05,0.08954636007547379,0.0
10822.0,10822.0,27.0,0.07755915075540543,5e-05,0.11111701279878616,0.0
10823.0,10823.0,27.0,0.053121425211429596,5e-05,0.19331957399845123,0.0
10824.0,10824.0,27.0,0.05770896375179291,5e-05,0.11885128170251846,0.0
10825.0,10825.0,27.0,0.056179583072662354,5e-05,0.18094119429588318,0.0
10826.0,10826.0,27.0,0.06135840713977814,5e-05,0.14379625022411346,0.0
10827.0,10827.0,27.0,0.05876868963241577,5e-05,0.1342191845178604,0.0
10828.0,10828.0,27.0,0.04528050124645233,5e-05,0.12356060743331909,0.0
10829.0,10829.0,27.0,0.058652929961681366,5e-05,0.06438014656305313,0.0
10830.0,10830.0,27.0,0.07021219283342361,5e-05,0.1745956391096115,0.0
10831.0,10831.0,27.0,0.05491570383310318,5e-05,0.1414795219898224,0.0
10832.0,10832.0,27.0,0.0643901526927948,5e-05,0.17492005228996277,0.0
10833.0,10833.0,27.0,0.05436401814222336,5e-05,0.08107682317495346,0.0
10834.0,10834.0,27.0,0.0506732314825058,5e-05,0.10665569454431534,0.0
10835.0,10835.0,27.0,0.04972955584526062,5e-05,0.12239353358745575,0.0
10836.0,10836.0,27.0,0.05427509546279907,5e-05,0.12324440479278564,0.0
10837.0,10837.0,27.0,0.0489441379904747,5e-05,0.09702541679143906,0.0
10838.0,10838.0,27.0,0.05403943359851837,5e-05,0.16613975167274475,0.0
10839.0,10839.0,27.0,0.04079510271549225,5e-05,0.12970910966396332,0.0
10840.0,10840.0,27.0,0.05508044362068176,5e-05,0.19354888796806335,0.0
10841.0,10841.0,27.0,0.05491156503558159,5e-05,0.1503412127494812,0.0
10842.0,10842.0,27.0,0.05837152525782585,5e-05,0.14258264005184174,0.0
10843.0,10843.0,27.0,0.05326617509126663,5e-05,0.22614197432994843,0.0
10844.0,10844.0,27.0,0.05858347564935684,5e-05,0.13500314950942993,0.0
10845.0,10845.0,27.0,0.0624590739607811,5e-05,0.18290352821350098,0.0
10846.0,10846.0,27.0,0.0757593959569931,5e-05,0.1347607523202896,0.0
10847.0,10847.0,27.0,0.05814574286341667,5e-05,0.18517374992370605,0.0
10848.0,10848.0,27.0,0.05126334726810455,5e-05,0.10371598601341248,0.0
10849.0,10849.0,27.0,0.060570575296878815,5e-05,0.17519398033618927,0.0
10850.0,10850.0,27.0,0.04904760420322418,5e-05,0.18672461807727814,0.0
10851.0,10851.0,27.0,0.056598860770463943,5e-05,0.09309323877096176,0.0
10852.0,10852.0,27.0,0.0507168285548687,5e-05,0.13778389990329742,0.0
10853.0,10853.0,27.0,0.06637568771839142,5e-05,0.10661517828702927,0.0
10854.0,10854.0,27.0,0.05357354134321213,5e-05,0.11673013865947723,0.0
10855.0,10855.0,27.0,0.05712135508656502,5e-05,0.1017502024769783,0.0
10856.0,10856.0,27.0,0.05791647359728813,5e-05,0.1369585543870926,0.0
10857.0,10857.0,27.0,0.05308554321527481,5e-05,0.10742238909006119,0.0
10858.0,10858.0,27.0,0.06579452753067017,5e-05,0.13864098489284515,0.0
10859.0,10859.0,27.0,0.058030832558870316,5e-05,0.11190351843833923,0.0
10860.0,10860.0,27.0,0.0693107545375824,5e-05,0.1214967891573906,0.0
10861.0,10861.0,27.0,0.053208038210868835,5e-05,0.17332415282726288,0.0
10862.0,10862.0,27.0,0.04629500210285187,5e-05,0.1294185072183609,0.0
10863.0,10863.0,27.0,0.06139602139592171,5e-05,0.13437527418136597,0.0
10864.0,10864.0,27.0,0.058919284492731094,5e-05,0.13722959160804749,0.0
10865.0,10865.0,27.0,0.06634562462568283,5e-05,0.1693323701620102,0.0
10866.0,10866.0,27.0,0.06342534720897675,5e-05,0.09697451442480087,0.0
10867.0,10867.0,27.0,0.06044783443212509,5e-05,0.12479701638221741,0.0
10868.0,10868.0,27.0,0.04366321116685867,5e-05,0.08869592100381851,0.0
10869.0,10869.0,27.0,0.0668196827173233,5e-05,0.15012839436531067,0.0
10870.0,10870.0,27.0,0.06086604669690132,5e-05,0.12867355346679688,0.0
10871.0,10871.0,27.0,0.05568690598011017,5e-05,0.165397509932518,0.0
10872.0,10872.0,27.0,0.0471482127904892,5e-05,0.1354484111070633,0.0
10873.0,10873.0,27.0,0.054849013686180115,5e-05,0.1802864819765091,0.0
10874.0,10874.0,27.0,0.06124104559421539,5e-05,0.11720388382673264,0.0
10875.0,10875.0,27.0,0.05779552832245827,5e-05,0.16171225905418396,0.0
10876.0,10876.0,27.0,0.06469963490962982,5e-05,0.20198675990104675,0.0
10877.0,10877.0,27.0,0.0651581808924675,5e-05,0.10423148423433304,0.0
10878.0,10878.0,27.0,0.05499645322561264,5e-05,0.1713176667690277,0.0
10879.0,10879.0,27.0,0.061239853501319885,5e-05,0.18936477601528168,0.0
10880.0,10880.0,27.0,0.06022529676556587,5e-05,0.17408999800682068,0.0
10881.0,10881.0,27.0,0.06112406402826309,5e-05,0.16453295946121216,0.0
10882.0,10882.0,27.0,0.054346151649951935,5e-05,0.1989733874797821,0.0
10883.0,10883.0,27.0,0.053043220192193985,5e-05,0.2213841825723648,0.0
10884.0,10884.0,27.0,0.05393533408641815,5e-05,0.10366488993167877,0.0
10885.0,10885.0,27.0,0.06801155209541321,5e-05,0.1767888069152832,0.0
10886.0,10886.0,27.0,0.06287306547164917,5e-05,0.1539684385061264,0.0
10887.0,10887.0,27.0,0.06144025921821594,5e-05,0.13187450170516968,0.0
10888.0,10888.0,27.0,0.05888385325670242,5e-05,0.15282505750656128,0.0
10889.0,10889.0,27.0,0.06275515258312225,5e-05,0.17334482073783875,0.0
10890.0,10890.0,27.0,0.053266026079654694,5e-05,0.11542587727308273,0.0
10891.0,10891.0,27.0,0.05958708003163338,5e-05,0.12616270780563354,0.0
10892.0,10892.0,27.0,0.04746389761567116,5e-05,0.11239353567361832,0.0
10893.0,10893.0,27.0,0.05595843493938446,5e-05,0.1569608747959137,0.0
10894.0,10894.0,27.0,0.06104765832424164,5e-05,0.2023317664861679,0.0
10895.0,10895.0,27.0,0.03623417764902115,5e-05,0.09476397931575775,0.0
10896.0,10896.0,27.0,0.04905174672603607,5e-05,0.10178409516811371,0.0
10897.0,10897.0,27.0,0.06007399782538414,5e-05,0.09786606580018997,0.0
10898.0,10898.0,27.0,0.07675699889659882,5e-05,0.12641245126724243,0.0
10899.0,10899.0,27.0,0.06288853287696838,5e-05,0.10402510315179825,0.0
10900.0,10900.0,27.0,0.053879909217357635,5e-05,0.10883687436580658,0.0
10901.0,10901.0,27.0,0.05816642940044403,5e-05,0.11300939321517944,0.0
10902.0,10902.0,27.0,0.04171424359083176,5e-05,0.15337271988391876,0.0
10903.0,10903.0,27.0,0.05098419636487961,5e-05,0.11566929519176483,0.0
10904.0,10904.0,27.0,0.05892728269100189,5e-05,0.0663144513964653,0.0
10905.0,10905.0,27.0,0.04874657839536667,5e-05,0.1448204219341278,0.0
10906.0,10906.0,27.0,0.05750173702836037,5e-05,0.1751522570848465,0.0
10907.0,10907.0,27.0,0.06461217254400253,5e-05,0.09597219526767731,0.0
10908.0,10908.0,27.0,0.06385477632284164,5e-05,0.15102414786815643,0.0
10909.0,10909.0,27.0,0.0587339922785759,5e-05,0.18043570220470428,0.0
10910.0,10910.0,27.0,0.07354132831096649,5e-05,0.11553654074668884,0.0
10911.0,10911.0,27.0,0.06129186227917671,5e-05,0.16579796373844147,0.0
10912.0,10912.0,27.0,0.06223326921463013,5e-05,0.21029993891716003,0.0
10913.0,10913.0,27.0,0.04657994210720062,5e-05,0.17120768129825592,0.0
10914.0,10914.0,27.0,0.04964002966880798,5e-05,0.22103415429592133,0.0
10915.0,10915.0,27.0,0.053562190383672714,5e-05,0.1417722851037979,0.0
10916.0,10916.0,27.0,0.05224471539258957,5e-05,0.161124587059021,0.0
10917.0,10917.0,27.0,0.05053745210170746,5e-05,0.14896847307682037,0.0
10918.0,10918.0,27.0,0.0657065138220787,5e-05,0.12212861329317093,0.0
10919.0,10919.0,27.0,0.04953433945775032,5e-05,0.18654091656208038,0.0
10920.0,10920.0,27.0,0.05900567024946213,5e-05,0.13101838529109955,0.0
10921.0,10921.0,28.0,0.07075119018554688,5e-05,0.11903867870569229,0.0
10922.0,10922.0,28.0,0.0504840612411499,5e-05,0.1872129887342453,0.0
10923.0,10923.0,28.0,0.06889651715755463,5e-05,0.1514264941215515,0.0
10924.0,10924.0,28.0,0.06970298290252686,5e-05,0.16073112189769745,0.0
10925.0,10925.0,28.0,0.0567300021648407,5e-05,0.1884155124425888,0.0
10926.0,10926.0,28.0,0.058944594115018845,5e-05,0.10665211826562881,0.0
10927.0,10927.0,28.0,0.054168619215488434,5e-05,0.17217203974723816,0.0
10928.0,10928.0,28.0,0.06197033077478409,5e-05,0.1957770138978958,0.0
10929.0,10929.0,28.0,0.05469983071088791,5e-05,0.11971302330493927,0.0
10930.0,10930.0,28.0,0.05961354076862335,5e-05,0.2126176506280899,0.0
10931.0,10931.0,28.0,0.06597194075584412,5e-05,0.1517084687948227,0.0
10932.0,10932.0,28.0,0.057161372154951096,5e-05,0.15694697201251984,0.0
10933.0,10933.0,28.0,0.05484221130609512,5e-05,0.18460312485694885,0.0
10934.0,10934.0,28.0,0.05179276317358017,5e-05,0.09149490296840668,0.0
10935.0,10935.0,28.0,0.05076036602258682,5e-05,0.18195673823356628,0.0
10936.0,10936.0,28.0,0.053220272064208984,5e-05,0.18265682458877563,0.0
10937.0,10937.0,28.0,0.0631905123591423,5e-05,0.1164897233247757,0.0
10938.0,10938.0,28.0,0.046120163053274155,5e-05,0.14672763645648956,0.0
10939.0,10939.0,28.0,0.047334715723991394,5e-05,0.14611706137657166,0.0
10940.0,10940.0,28.0,0.07145759463310242,5e-05,0.11724022030830383,0.0
10941.0,10941.0,28.0,0.057755302637815475,5e-05,0.17080412805080414,0.0
10942.0,10942.0,28.0,0.06445687264204025,5e-05,0.12823371589183807,0.0
10943.0,10943.0,28.0,0.06540096551179886,5e-05,0.10755418986082077,0.0
10944.0,10944.0,28.0,0.052952125668525696,5e-05,0.1637481153011322,0.0
10945.0,10945.0,28.0,0.04521144554018974,5e-05,0.1479063779115677,0.0
10946.0,10946.0,28.0,0.06214052438735962,5e-05,0.16048221290111542,0.0
10947.0,10947.0,28.0,0.06312239170074463,5e-05,0.21846315264701843,0.0
10948.0,10948.0,28.0,0.05734465643763542,5e-05,0.09937804937362671,0.0
10949.0,10949.0,28.0,0.057889003306627274,5e-05,0.16721469163894653,0.0
10950.0,10950.0,28.0,0.06248371675610542,5e-05,0.13781780004501343,0.0
10951.0,10951.0,28.0,0.04504822567105293,5e-05,0.08134331554174423,0.0
10952.0,10952.0,28.0,0.04586144536733627,5e-05,0.17389072477817535,0.0
10953.0,10953.0,28.0,0.05721589922904968,5e-05,0.13203191757202148,0.0
10954.0,10954.0,28.0,0.05032549053430557,5e-05,0.10491509735584259,0.0
10955.0,10955.0,28.0,0.061228204518556595,5e-05,0.1432759016752243,0.0
10956.0,10956.0,28.0,0.06494422256946564,5e-05,0.1619836986064911,0.0
10957.0,10957.0,28.0,0.05226665735244751,5e-05,0.126944437623024,0.0
10958.0,10958.0,28.0,0.06092657893896103,5e-05,0.14849205315113068,0.0
10959.0,10959.0,28.0,0.0702374130487442,5e-05,0.13724321126937866,0.0
10960.0,10960.0,28.0,0.05383681505918503,5e-05,0.11016638576984406,0.0
10961.0,10961.0,28.0,0.059739772230386734,5e-05,0.16354134678840637,0.0
10962.0,10962.0,28.0,0.06350655108690262,5e-05,0.09816557914018631,0.0
10963.0,10963.0,28.0,0.06355126202106476,5e-05,0.12022948265075684,0.0
10964.0,10964.0,28.0,0.06429870426654816,5e-05,0.10949533432722092,0.0
10965.0,10965.0,28.0,0.04683394730091095,5e-05,0.09227251261472702,0.0
10966.0,10966.0,28.0,0.0488375686109066,5e-05,0.11072603613138199,0.0
10967.0,10967.0,28.0,0.04986117407679558,5e-05,0.118036650121212,0.0
10968.0,10968.0,28.0,0.0515710674226284,5e-05,0.09540961682796478,0.0
10969.0,10969.0,28.0,0.06151352822780609,5e-05,0.15291374921798706,0.0
10970.0,10970.0,28.0,0.0538058876991272,5e-05,0.1196751520037651,0.0
10971.0,10971.0,28.0,0.06745341420173645,5e-05,0.09454508870840073,0.0
10972.0,10972.0,28.0,0.06471671164035797,5e-05,0.09014812856912613,0.0
10973.0,10973.0,28.0,0.04612736403942108,5e-05,0.1272915005683899,0.0
10974.0,10974.0,28.0,0.05959346890449524,5e-05,0.121601402759552,0.0
10975.0,10975.0,28.0,0.06082142889499664,5e-05,0.15017804503440857,0.0
10976.0,10976.0,28.0,0.0611063651740551,5e-05,0.11557270586490631,0.0
10977.0,10977.0,28.0,0.07137183845043182,5e-05,0.12286996841430664,0.0
10978.0,10978.0,28.0,0.04715079814195633,5e-05,0.12589463591575623,0.0
10979.0,10979.0,28.0,0.06618094444274902,5e-05,0.136032834649086,0.0
10980.0,10980.0,28.0,0.07249888777732849,5e-05,0.14113973081111908,0.0
10981.0,10981.0,28.0,0.05723477900028229,5e-05,0.1410251259803772,0.0
10982.0,10982.0,28.0,0.060109302401542664,5e-05,0.12279965728521347,0.0
10983.0,10983.0,28.0,0.055878352373838425,5e-05,0.16110064089298248,0.0
10984.0,10984.0,28.0,0.04981015622615814,5e-05,0.10100279003381729,0.0
10985.0,10985.0,28.0,0.06169437617063522,5e-05,0.14605557918548584,0.0
10986.0,10986.0,28.0,0.05515822768211365,5e-05,0.1416892111301422,0.0
10987.0,10987.0,28.0,0.06493055820465088,5e-05,0.19154584407806396,0.0
10988.0,10988.0,28.0,0.05316030979156494,5e-05,0.13429217040538788,0.0
10989.0,10989.0,28.0,0.05409820377826691,5e-05,0.18643274903297424,0.0
10990.0,10990.0,28.0,0.05981672182679176,5e-05,0.12961845099925995,0.0
10991.0,10991.0,28.0,0.061746373772621155,5e-05,0.13428820669651031,0.0
10992.0,10992.0,28.0,0.04845261946320534,5e-05,0.1325552612543106,0.0
10993.0,10993.0,28.0,0.04876980558037758,5e-05,0.09575343132019043,0.0
10994.0,10994.0,28.0,0.05054057016968727,5e-05,0.10914543271064758,0.0
10995.0,10995.0,28.0,0.06092620640993118,5e-05,0.1530546396970749,0.0
10996.0,10996.0,28.0,0.05820652097463608,5e-05,0.13174618780612946,0.0
10997.0,10997.0,28.0,0.05814318358898163,5e-05,0.10669073462486267,0.0
10998.0,10998.0,28.0,0.051684990525245667,5e-05,0.11420576274394989,0.0
10999.0,10999.0,28.0,0.06749530881643295,5e-05,0.20345695316791534,0.0
11000.0,11000.0,28.0,0.055469512939453125,5e-05,0.1756143420934677,0.0
11001.0,11001.0,28.0,0.059771016240119934,5e-05,0.15403519570827484,0.0
11002.0,11002.0,28.0,0.06275209784507751,5e-05,0.11045881360769272,0.0
11003.0,11003.0,28.0,0.058576006442308426,5e-05,0.10472583025693893,0.0
11004.0,11004.0,28.0,0.05725273862481117,5e-05,0.11150317639112473,0.0
11005.0,11005.0,28.0,0.05954216420650482,5e-05,0.1064135879278183,0.0
11006.0,11006.0,28.0,0.04903189092874527,5e-05,0.17911536991596222,0.0
11007.0,11007.0,28.0,0.06215089559555054,5e-05,0.11110693216323853,0.0
11008.0,11008.0,28.0,0.05651327222585678,5e-05,0.13797329366207123,0.0
11009.0,11009.0,28.0,0.04578567296266556,5e-05,0.07420722395181656,0.0
11010.0,11010.0,28.0,0.06271865963935852,5e-05,0.10505716502666473,0.0
11011.0,11011.0,28.0,0.05160127580165863,5e-05,0.20663924515247345,0.0
11012.0,11012.0,28.0,0.06558097153902054,5e-05,0.11592274904251099,0.0
11013.0,11013.0,28.0,0.05840250849723816,5e-05,0.1737225204706192,0.0
11014.0,11014.0,28.0,0.04795429855585098,5e-05,0.14121294021606445,0.0
11015.0,11015.0,28.0,0.06465756893157959,5e-05,0.1493409276008606,0.0
11016.0,11016.0,28.0,0.06107835844159126,5e-05,0.15547136962413788,0.0
11017.0,11017.0,28.0,0.059029676020145416,5e-05,0.10081002861261368,0.0
11018.0,11018.0,28.0,0.06492548435926437,5e-05,0.13141581416130066,0.0
11019.0,11019.0,28.0,0.0702061802148819,5e-05,0.15121614933013916,0.0
11020.0,11020.0,28.0,0.05914057418704033,5e-05,0.128114253282547,0.0
11021.0,11021.0,28.0,0.061337485909461975,5e-05,0.12763787806034088,0.0
11022.0,11022.0,28.0,0.044360458850860596,5e-05,0.06444918364286423,0.0
11023.0,11023.0,28.0,0.06054536998271942,5e-05,0.13329999148845673,0.0
11024.0,11024.0,28.0,0.05626527965068817,5e-05,0.1315162032842636,0.0
11025.0,11025.0,28.0,0.058588605374097824,5e-05,0.09328138083219528,0.0
11026.0,11026.0,28.0,0.061100900173187256,5e-05,0.12821784615516663,0.0
11027.0,11027.0,28.0,0.061690300703048706,5e-05,0.11597360670566559,0.0
11028.0,11028.0,28.0,0.05520801246166229,5e-05,0.1051984578371048,0.0
11029.0,11029.0,28.0,0.051901981234550476,5e-05,0.15662406384944916,0.0
11030.0,11030.0,28.0,0.06398384273052216,5e-05,0.13306251168251038,0.0
11031.0,11031.0,28.0,0.055364642292261124,5e-05,0.11785360425710678,0.0
11032.0,11032.0,28.0,0.057905979454517365,5e-05,0.12276451289653778,0.0
11033.0,11033.0,28.0,0.05626764893531799,5e-05,0.08182885497808456,0.0
11034.0,11034.0,28.0,0.06577729433774948,5e-05,0.1579037457704544,0.0
11035.0,11035.0,28.0,0.050382182002067566,5e-05,0.09332454949617386,0.0
11036.0,11036.0,28.0,0.051862526684999466,5e-05,0.10374627262353897,0.0
11037.0,11037.0,28.0,0.05863647162914276,5e-05,0.14735674858093262,0.0
11038.0,11038.0,28.0,0.052671752870082855,5e-05,0.10240393877029419,0.0
11039.0,11039.0,28.0,0.05349407345056534,5e-05,0.11972876638174057,0.0
11040.0,11040.0,28.0,0.05371726304292679,5e-05,0.10228802263736725,0.0
11041.0,11041.0,28.0,0.04964954033493996,5e-05,0.0798739418387413,0.0
11042.0,11042.0,28.0,0.05811190605163574,5e-05,0.157834991812706,0.0
11043.0,11043.0,28.0,0.04699251428246498,5e-05,0.12612293660640717,0.0
11044.0,11044.0,28.0,0.05692088603973389,5e-05,0.16991735994815826,0.0
11045.0,11045.0,28.0,0.05026302486658096,5e-05,0.1319209635257721,0.0
11046.0,11046.0,28.0,0.04235941916704178,5e-05,0.10994692146778107,0.0
11047.0,11047.0,28.0,0.04559260606765747,5e-05,0.09712658822536469,0.0
11048.0,11048.0,28.0,0.051377177238464355,5e-05,0.09787264466285706,0.0
11049.0,11049.0,28.0,0.060112372040748596,5e-05,0.11236004531383514,0.0
11050.0,11050.0,28.0,0.06658844649791718,5e-05,0.08779152482748032,0.0
11051.0,11051.0,28.0,0.047329120337963104,5e-05,0.10590498894453049,0.0
11052.0,11052.0,28.0,0.05075201019644737,5e-05,0.10099353641271591,0.0
11053.0,11053.0,28.0,0.06720093637704849,5e-05,0.11837579309940338,0.0
11054.0,11054.0,28.0,0.0523352324962616,5e-05,0.09826130419969559,0.0
11055.0,11055.0,28.0,0.06396117806434631,5e-05,0.17382560670375824,0.0
11056.0,11056.0,28.0,0.06203167140483856,5e-05,0.13121375441551208,0.0
11057.0,11057.0,28.0,0.057660892605781555,5e-05,0.13532555103302002,0.0
11058.0,11058.0,28.0,0.058240413665771484,5e-05,0.10687387734651566,0.0
11059.0,11059.0,28.0,0.05462023615837097,5e-05,0.11730555444955826,0.0
11060.0,11060.0,28.0,0.055758725851774216,5e-05,0.1135265976190567,0.0
11061.0,11061.0,28.0,0.052777379751205444,5e-05,0.11740656197071075,0.0
11062.0,11062.0,28.0,0.058759912848472595,5e-05,0.1311691701412201,0.0
11063.0,11063.0,28.0,0.05062071979045868,5e-05,0.14335186779499054,0.0
11064.0,11064.0,28.0,0.0626615583896637,5e-05,0.08383511006832123,0.0
11065.0,11065.0,28.0,0.04671769589185715,5e-05,0.14279039204120636,0.0
11066.0,11066.0,28.0,0.0734456479549408,5e-05,0.12675237655639648,0.0
11067.0,11067.0,28.0,0.053011246025562286,5e-05,0.09358157217502594,0.0
11068.0,11068.0,28.0,0.056620873510837555,5e-05,0.2021680474281311,0.0
11069.0,11069.0,28.0,0.061811111867427826,5e-05,0.1337844580411911,0.0
11070.0,11070.0,28.0,0.052799761295318604,5e-05,0.11769401282072067,0.0
11071.0,11071.0,28.0,0.06458337604999542,5e-05,0.18348495662212372,0.0
11072.0,11072.0,28.0,0.050890758633613586,5e-05,0.10775402188301086,0.0
11073.0,11073.0,28.0,0.05659552291035652,5e-05,0.15830935537815094,0.0
11074.0,11074.0,28.0,0.06231087073683739,5e-05,0.10890242457389832,0.0
11075.0,11075.0,28.0,0.05111252889037132,5e-05,0.09948616474866867,0.0
11076.0,11076.0,28.0,0.0455348938703537,5e-05,0.1670856922864914,0.0
11077.0,11077.0,28.0,0.048378609120845795,5e-05,0.10196585208177567,0.0
11078.0,11078.0,28.0,0.054024673998355865,5e-05,0.07502324134111404,0.0
11079.0,11079.0,28.0,0.05305332690477371,5e-05,0.09406617283821106,0.0
11080.0,11080.0,28.0,0.06063606217503548,5e-05,0.13873891532421112,0.0
11081.0,11081.0,28.0,0.04707922041416168,5e-05,0.08997569233179092,0.0
11082.0,11082.0,28.0,0.04970324784517288,5e-05,0.18330633640289307,0.0
11083.0,11083.0,28.0,0.060284338891506195,5e-05,0.11651944369077682,0.0
11084.0,11084.0,28.0,0.061818793416023254,5e-05,0.13964825868606567,0.0
11085.0,11085.0,28.0,0.05966140329837799,5e-05,0.1497972011566162,0.0
11086.0,11086.0,28.0,0.05387009307742119,5e-05,0.08875172585248947,0.0
11087.0,11087.0,28.0,0.047828756272792816,5e-05,0.12709815800189972,0.0
11088.0,11088.0,28.0,0.06079164519906044,5e-05,0.09086832404136658,0.0
11089.0,11089.0,28.0,0.06594179570674896,5e-05,0.09914204478263855,0.0
11090.0,11090.0,28.0,0.05016646534204483,5e-05,0.09401967376470566,0.0
11091.0,11091.0,28.0,0.0626152753829956,5e-05,0.12667728960514069,0.0
11092.0,11092.0,28.0,0.0636906698346138,5e-05,0.13104405999183655,0.0
11093.0,11093.0,28.0,0.05414440855383873,5e-05,0.11759975552558899,0.0
11094.0,11094.0,28.0,0.061863429844379425,5e-05,0.13695695996284485,0.0
11095.0,11095.0,28.0,0.07202385365962982,5e-05,0.0955076813697815,0.0
11096.0,11096.0,28.0,0.052829284220933914,5e-05,0.13330450654029846,0.0
11097.0,11097.0,28.0,0.07656240463256836,5e-05,0.10237886756658554,0.0
11098.0,11098.0,28.0,0.06249014288187027,5e-05,0.10144685953855515,0.0
11099.0,11099.0,28.0,0.052654415369033813,5e-05,0.10598714649677277,0.0
11100.0,11100.0,28.0,0.06343318521976471,5e-05,0.09357953816652298,0.0
11101.0,11101.0,28.0,0.07220938801765442,5e-05,0.09547622501850128,0.0
11102.0,11102.0,28.0,0.052482374012470245,5e-05,0.07637566328048706,0.0
11103.0,11103.0,28.0,0.06605377048254013,5e-05,0.09169866144657135,0.0
11104.0,11104.0,28.0,0.04643178731203079,5e-05,0.07944780588150024,0.0
11105.0,11105.0,28.0,0.06510353088378906,5e-05,0.09270946681499481,0.0
11106.0,11106.0,28.0,0.05725589767098427,5e-05,0.11483439803123474,0.0
11107.0,11107.0,28.0,0.052187480032444,5e-05,0.09312998503446579,0.0
11108.0,11108.0,28.0,0.05136767029762268,5e-05,0.10806558281183243,0.0
11109.0,11109.0,28.0,0.05081763118505478,5e-05,0.10757811367511749,0.0
11110.0,11110.0,28.0,0.06712321937084198,5e-05,0.1026446670293808,0.0
11111.0,11111.0,28.0,0.06627421081066132,5e-05,0.09216193109750748,0.0
11112.0,11112.0,28.0,0.05484327673912048,5e-05,0.130331352353096,0.0
11113.0,11113.0,28.0,0.056119855493307114,5e-05,0.10734982043504715,0.0
11114.0,11114.0,28.0,0.0554751418530941,5e-05,0.12049141526222229,0.0
11115.0,11115.0,28.0,0.07786481082439423,5e-05,0.1313195377588272,0.0
11116.0,11116.0,28.0,0.05479045957326889,5e-05,0.1427425891160965,0.0
11117.0,11117.0,28.0,0.051853276789188385,5e-05,0.1665150672197342,0.0
11118.0,11118.0,28.0,0.06270475685596466,5e-05,0.1187298372387886,0.0
11119.0,11119.0,28.0,0.054498620331287384,5e-05,0.19399981200695038,0.0
11120.0,11120.0,28.0,0.04337415099143982,5e-05,0.15145763754844666,0.0
11121.0,11121.0,28.0,0.06120609492063522,5e-05,0.14224116504192352,0.0
11122.0,11122.0,28.0,0.0545312725007534,5e-05,0.1017163023352623,0.0
11123.0,11123.0,28.0,0.050065916031599045,5e-05,0.15482176840305328,0.0
11124.0,11124.0,28.0,0.05348975956439972,5e-05,0.12904146313667297,0.0
11125.0,11125.0,28.0,0.06968620419502258,5e-05,0.086649589240551,0.0
11126.0,11126.0,28.0,0.052759796380996704,5e-05,0.14732900261878967,0.0
11127.0,11127.0,28.0,0.057242829352617264,5e-05,0.17682147026062012,0.0
11128.0,11128.0,28.0,0.05540485307574272,5e-05,0.08304035663604736,0.0
11129.0,11129.0,28.0,0.05648873373866081,5e-05,0.19124077260494232,0.0
11130.0,11130.0,28.0,0.061889998614788055,5e-05,0.1798933893442154,0.0
11131.0,11131.0,28.0,0.05429723858833313,5e-05,0.12449489533901215,0.0
11132.0,11132.0,28.0,0.06609401106834412,5e-05,0.16960451006889343,0.0
11133.0,11133.0,28.0,0.04796747490763664,5e-05,0.20670518279075623,0.0
11134.0,11134.0,28.0,0.046856530010700226,5e-05,0.09144698828458786,0.0
11135.0,11135.0,28.0,0.06524262577295303,5e-05,0.13819962739944458,0.0
11136.0,11136.0,28.0,0.06338461488485336,5e-05,0.15158730745315552,0.0
11137.0,11137.0,28.0,0.07459630817174911,5e-05,0.16039474308490753,0.0
11138.0,11138.0,28.0,0.06464071571826935,5e-05,0.10840453952550888,0.0
11139.0,11139.0,28.0,0.06236773356795311,5e-05,0.145895853638649,0.0
11140.0,11140.0,28.0,0.04995258152484894,5e-05,0.1720830500125885,0.0
11141.0,11141.0,28.0,0.050832901149988174,5e-05,0.1124473363161087,0.0
11142.0,11142.0,28.0,0.04508700966835022,5e-05,0.10575994104146957,0.0
11143.0,11143.0,28.0,0.06374336779117584,5e-05,0.1276037096977234,0.0
11144.0,11144.0,28.0,0.06830346584320068,5e-05,0.12179304659366608,0.0
11145.0,11145.0,28.0,0.059586893767118454,5e-05,0.08164047449827194,0.0
11146.0,11146.0,28.0,0.07195382565259933,5e-05,0.14032450318336487,0.0
11147.0,11147.0,28.0,0.06243632733821869,5e-05,0.11133158206939697,0.0
11148.0,11148.0,28.0,0.06907834112644196,5e-05,0.16693870723247528,0.0
11149.0,11149.0,28.0,0.06328437477350235,5e-05,0.10951844602823257,0.0
11150.0,11150.0,28.0,0.05229873210191727,5e-05,0.15828998386859894,0.0
11151.0,11151.0,28.0,0.04884016513824463,5e-05,0.1319001317024231,0.0
11152.0,11152.0,28.0,0.05696580559015274,5e-05,0.1426093727350235,0.0
11153.0,11153.0,28.0,0.04687817022204399,5e-05,0.09226221591234207,0.0
11154.0,11154.0,28.0,0.061695486307144165,5e-05,0.10499907284975052,0.0
11155.0,11155.0,28.0,0.0609930120408535,5e-05,0.23733432590961456,0.0
11156.0,11156.0,28.0,0.06767375022172928,5e-05,0.11886962503194809,0.0
11157.0,11157.0,28.0,0.05364631116390228,5e-05,0.18714295327663422,0.0
11158.0,11158.0,28.0,0.05867916718125343,5e-05,0.1582162231206894,0.0
11159.0,11159.0,28.0,0.0587291494011879,5e-05,0.09715969860553741,0.0
11160.0,11160.0,28.0,0.058661606162786484,5e-05,0.17840619385242462,0.0
11161.0,11161.0,28.0,0.06254981458187103,5e-05,0.15936553478240967,0.0
11162.0,11162.0,28.0,0.06416617333889008,5e-05,0.13175725936889648,0.0
11163.0,11163.0,28.0,0.07060547173023224,5e-05,0.1596321016550064,0.0
11164.0,11164.0,28.0,0.07034038007259369,5e-05,0.1835375428199768,0.0
11165.0,11165.0,28.0,0.056714002043008804,5e-05,0.11398626863956451,0.0
11166.0,11166.0,28.0,0.05418108031153679,5e-05,0.1724497377872467,0.0
11167.0,11167.0,28.0,0.05508331581950188,5e-05,0.14893215894699097,0.0
11168.0,11168.0,28.0,0.054595865309238434,5e-05,0.16163288056850433,0.0
11169.0,11169.0,28.0,0.06458316743373871,5e-05,0.19394700229167938,0.0
11170.0,11170.0,28.0,0.05459233373403549,5e-05,0.13200141489505768,0.0
11171.0,11171.0,28.0,0.06004250422120094,5e-05,0.1396695077419281,0.0
11172.0,11172.0,28.0,0.05961994454264641,5e-05,0.18593640625476837,0.0
11173.0,11173.0,28.0,0.05422549694776535,5e-05,0.09814532101154327,0.0
11174.0,11174.0,28.0,0.059000298380851746,5e-05,0.16881310939788818,0.0
11175.0,11175.0,28.0,0.053650159388780594,5e-05,0.16453783214092255,0.0
11176.0,11176.0,28.0,0.05573463812470436,5e-05,0.1297861635684967,0.0
11177.0,11177.0,28.0,0.04930868372321129,5e-05,0.14845356345176697,0.0
11178.0,11178.0,28.0,0.06002312898635864,5e-05,0.16052749752998352,0.0
11179.0,11179.0,28.0,0.054166048765182495,5e-05,0.13617593050003052,0.0
11180.0,11180.0,28.0,0.05148937553167343,5e-05,0.13941940665245056,0.0
11181.0,11181.0,28.0,0.06637109071016312,5e-05,0.13308453559875488,0.0
11182.0,11182.0,28.0,0.06138318032026291,5e-05,0.10701362788677216,0.0
11183.0,11183.0,28.0,0.07065316289663315,5e-05,0.16771075129508972,0.0
11184.0,11184.0,28.0,0.06957119703292847,5e-05,0.1555165946483612,0.0
11185.0,11185.0,28.0,0.05824785307049751,5e-05,0.16397163271903992,0.0
11186.0,11186.0,28.0,0.049174822866916656,5e-05,0.11433132737874985,0.0
11187.0,11187.0,28.0,0.057541560381650925,5e-05,0.09172110259532928,0.0
11188.0,11188.0,28.0,0.061629004776477814,5e-05,0.11246313154697418,0.0
11189.0,11189.0,28.0,0.06090991944074631,5e-05,0.09578900039196014,0.0
11190.0,11190.0,28.0,0.061653997749090195,5e-05,0.11886704713106155,0.0
11191.0,11191.0,28.0,0.04898211732506752,5e-05,0.09080282598733902,0.0
11192.0,11192.0,28.0,0.05326549708843231,5e-05,0.11460579931735992,0.0
11193.0,11193.0,28.0,0.05665298178792,5e-05,0.12851929664611816,0.0
11194.0,11194.0,28.0,0.04807838797569275,5e-05,0.10835263133049011,0.0
11195.0,11195.0,28.0,0.06246034801006317,5e-05,0.10024862736463547,0.0
11196.0,11196.0,28.0,0.056783001869916916,5e-05,0.15838167071342468,0.0
11197.0,11197.0,28.0,0.04957222193479538,5e-05,0.08769886940717697,0.0
11198.0,11198.0,28.0,0.06911192089319229,5e-05,0.14459450542926788,0.0
11199.0,11199.0,28.0,0.0676131397485733,5e-05,0.12561357021331787,0.0
11200.0,11200.0,28.0,0.04911619424819946,5e-05,0.1741764098405838,0.0
11201.0,11201.0,28.0,0.048296041786670685,5e-05,0.16615642607212067,0.0
11202.0,11202.0,28.0,0.0798204243183136,5e-05,0.2072400003671646,0.0
11203.0,11203.0,28.0,0.046647150069475174,5e-05,0.21358716487884521,0.0
11204.0,11204.0,28.0,0.05502784997224808,5e-05,0.12498278170824051,0.0
11205.0,11205.0,28.0,0.051819831132888794,5e-05,0.19517233967781067,0.0
11206.0,11206.0,28.0,0.06614385545253754,5e-05,0.19914714992046356,0.0
11207.0,11207.0,28.0,0.0550062358379364,5e-05,0.12480007112026215,0.0
11208.0,11208.0,28.0,0.052345506846904755,5e-05,0.19941730797290802,0.0
11209.0,11209.0,28.0,0.05652998760342598,5e-05,0.12805166840553284,0.0
11210.0,11210.0,28.0,0.0687786266207695,5e-05,0.1711822897195816,0.0
11211.0,11211.0,28.0,0.05749458074569702,5e-05,0.16634716093540192,0.0
11212.0,11212.0,28.0,0.0524991899728775,5e-05,0.11449052393436432,0.0
11213.0,11213.0,28.0,0.045576050877571106,5e-05,0.13353131711483002,0.0
11214.0,11214.0,28.0,0.05985800921916962,5e-05,0.12780191004276276,0.0
11215.0,11215.0,28.0,0.053893186151981354,5e-05,0.17091627418994904,0.0
11216.0,11216.0,28.0,0.05367664992809296,5e-05,0.106104776263237,0.0
11217.0,11217.0,28.0,0.059657298028469086,5e-05,0.1826619952917099,0.0
11218.0,11218.0,28.0,0.054754193872213364,5e-05,0.14043857157230377,0.0
11219.0,11219.0,28.0,0.08047138154506683,5e-05,0.12237878888845444,0.0
11220.0,11220.0,28.0,0.04796108603477478,5e-05,0.16769646108150482,0.0
11221.0,11221.0,28.0,0.048542365431785583,5e-05,0.12775230407714844,0.0
11222.0,11222.0,28.0,0.05531398579478264,5e-05,0.15399494767189026,0.0
11223.0,11223.0,28.0,0.05729004740715027,5e-05,0.1097869798541069,0.0
11224.0,11224.0,28.0,0.08039799332618713,5e-05,0.13158269226551056,0.0
11225.0,11225.0,28.0,0.06227761507034302,5e-05,0.10086273401975632,0.0
11226.0,11226.0,28.0,0.06434495002031326,5e-05,0.09528066962957382,0.0
11227.0,11227.0,28.0,0.05543261021375656,5e-05,0.11902860552072525,0.0
11228.0,11228.0,28.0,0.05177304148674011,5e-05,0.11319868266582489,0.0
11229.0,11229.0,28.0,0.0676833987236023,5e-05,0.13686977326869965,0.0
11230.0,11230.0,28.0,0.0577777698636055,5e-05,0.10117373615503311,0.0
11231.0,11231.0,28.0,0.05371972918510437,5e-05,0.13030216097831726,0.0
11232.0,11232.0,28.0,0.04741894081234932,5e-05,0.11621728539466858,0.0
11233.0,11233.0,28.0,0.05170921981334686,5e-05,0.1330881267786026,0.0
11234.0,11234.0,28.0,0.0790390819311142,5e-05,0.10486249625682831,0.0
11235.0,11235.0,28.0,0.05065181851387024,5e-05,0.1317945420742035,0.0
11236.0,11236.0,28.0,0.04964497685432434,5e-05,0.09065164625644684,0.0
11237.0,11237.0,28.0,0.062464263290166855,5e-05,0.1165509894490242,0.0
11238.0,11238.0,28.0,0.05945790559053421,5e-05,0.11120888590812683,0.0
11239.0,11239.0,28.0,0.06139365956187248,5e-05,0.09155837446451187,0.0
11240.0,11240.0,28.0,0.05320587381720543,5e-05,0.0904032364487648,0.0
11241.0,11241.0,28.0,0.05634118616580963,5e-05,0.06701741367578506,0.0
11242.0,11242.0,28.0,0.0676831528544426,5e-05,0.09834380447864532,0.0
11243.0,11243.0,28.0,0.06428493559360504,5e-05,0.09500706940889359,0.0
11244.0,11244.0,28.0,0.057831425219774246,5e-05,0.08910045027732849,0.0
11245.0,11245.0,28.0,0.060662176460027695,5e-05,0.07423451542854309,0.0
11246.0,11246.0,28.0,0.06505664438009262,5e-05,0.09801368415355682,0.0
11247.0,11247.0,28.0,0.05734337866306305,5e-05,0.10972797870635986,0.0
11248.0,11248.0,28.0,0.05486133694648743,5e-05,0.08012604713439941,0.0
11249.0,11249.0,28.0,0.05540289729833603,5e-05,0.12655708193778992,0.0
11250.0,11250.0,28.0,0.049290213733911514,5e-05,0.058935776352882385,0.0
11251.0,11251.0,28.0,0.05673281475901604,5e-05,0.10973536968231201,0.0
11252.0,11252.0,28.0,0.07149997353553772,5e-05,0.09457382559776306,0.0
11253.0,11253.0,28.0,0.051410093903541565,5e-05,0.12693649530410767,0.0
11254.0,11254.0,28.0,0.05845961719751358,5e-05,0.10104202479124069,0.0
11255.0,11255.0,28.0,0.05924160033464432,5e-05,0.11681165546178818,0.0
11256.0,11256.0,28.0,0.04816875979304314,5e-05,0.12943148612976074,0.0
11257.0,11257.0,28.0,0.05398961901664734,5e-05,0.08788443356752396,0.0
11258.0,11258.0,28.0,0.06645812839269638,5e-05,0.1114802435040474,0.0
11259.0,11259.0,28.0,0.08073858916759491,5e-05,0.13151702284812927,0.0
11260.0,11260.0,28.0,0.06087038293480873,5e-05,0.10362198948860168,0.0
11261.0,11261.0,28.0,0.05165570229291916,5e-05,0.12490549683570862,0.0
11262.0,11262.0,28.0,0.05323506146669388,5e-05,0.1285349726676941,0.0
11263.0,11263.0,28.0,0.04925927892327309,5e-05,0.12299685925245285,0.0
11264.0,11264.0,28.0,0.07424963265657425,5e-05,0.11849436163902283,0.0
11265.0,11265.0,28.0,0.05235356092453003,5e-05,0.10949958860874176,0.0
11266.0,11266.0,28.0,0.05328815057873726,5e-05,0.10905363410711288,0.0
11267.0,11267.0,28.0,0.060363978147506714,5e-05,0.11443137377500534,0.0
11268.0,11268.0,28.0,0.06033550947904587,5e-05,0.12817387282848358,0.0
11269.0,11269.0,28.0,0.041228361427783966,5e-05,0.09451565891504288,0.0
11270.0,11270.0,28.0,0.05351629853248596,5e-05,0.12483395636081696,0.0
11271.0,11271.0,28.0,0.052789706736803055,5e-05,0.09789182990789413,0.0
11272.0,11272.0,28.0,0.05188635364174843,5e-05,0.08068127930164337,0.0
11273.0,11273.0,28.0,0.05472896993160248,5e-05,0.12143917381763458,0.0
11274.0,11274.0,28.0,0.05220458656549454,5e-05,0.13130950927734375,0.0
11275.0,11275.0,28.0,0.06026078015565872,5e-05,0.0829009935259819,0.0
11276.0,11276.0,28.0,0.05378150939941406,5e-05,0.1325005739927292,0.0
11277.0,11277.0,28.0,0.05894264578819275,5e-05,0.08859173953533173,0.0
11278.0,11278.0,28.0,0.06084982305765152,5e-05,0.11112521588802338,0.0
11279.0,11279.0,28.0,0.05427701771259308,5e-05,0.08544810116291046,0.0
11280.0,11280.0,28.0,0.06257413327693939,5e-05,0.09101023524999619,0.0
11281.0,11281.0,28.0,0.05352352559566498,5e-05,0.10040998458862305,0.0
11282.0,11282.0,28.0,0.047209225594997406,5e-05,0.07304176688194275,0.0
11283.0,11283.0,28.0,0.049008361995220184,5e-05,0.10297904163599014,0.0
11284.0,11284.0,28.0,0.06447673588991165,5e-05,0.11140543222427368,0.0
11285.0,11285.0,28.0,0.06288756430149078,5e-05,0.14299015700817108,0.0
11286.0,11286.0,28.0,0.0557335689663887,5e-05,0.12578782439231873,0.0
11287.0,11287.0,28.0,0.05407357215881348,5e-05,0.10545022040605545,0.0
11288.0,11288.0,28.0,0.052363425493240356,5e-05,0.12458407133817673,0.0
11289.0,11289.0,28.0,0.05469415709376335,5e-05,0.17109841108322144,0.0
11290.0,11290.0,28.0,0.060584381222724915,5e-05,0.10473156720399857,0.0
11291.0,11291.0,28.0,0.0445849746465683,5e-05,0.13824792206287384,0.0
11292.0,11292.0,28.0,0.061777353286743164,5e-05,0.13979169726371765,0.0
11293.0,11293.0,28.0,0.056958239525556564,5e-05,0.13372376561164856,0.0
11294.0,11294.0,28.0,0.04849718511104584,5e-05,0.10425643622875214,0.0
11295.0,11295.0,28.0,0.0498250350356102,5e-05,0.10287831723690033,0.0
11296.0,11296.0,28.0,0.05004342645406723,5e-05,0.15787015855312347,0.0
11297.0,11297.0,28.0,0.060729797929525375,5e-05,0.13723446428775787,0.0
11298.0,11298.0,28.0,0.06402410566806793,5e-05,0.10274937003850937,0.0
11299.0,11299.0,28.0,0.05994157865643501,5e-05,0.11233460158109665,0.0
11300.0,11300.0,28.0,0.06755030900239944,5e-05,0.11779290437698364,0.0
11301.0,11301.0,28.0,0.061828598380088806,5e-05,0.1461508423089981,0.0
11302.0,11302.0,28.0,0.05015874654054642,5e-05,0.09816757589578629,0.0
11303.0,11303.0,28.0,0.06938350945711136,5e-05,0.10071411728858948,0.0
11304.0,11304.0,28.0,0.04910774528980255,5e-05,0.10771987587213516,0.0
11305.0,11305.0,28.0,0.05427175015211105,5e-05,0.11604756116867065,0.0
11306.0,11306.0,28.0,0.05706232041120529,5e-05,0.09916244447231293,0.0
11307.0,11307.0,28.0,0.06619918346405029,5e-05,0.10563243180513382,0.0
11308.0,11308.0,28.0,0.06655390560626984,5e-05,0.1430109441280365,0.0
11309.0,11309.0,28.0,0.06056392937898636,5e-05,0.10086200386285782,0.0
11310.0,11310.0,28.0,0.049001071602106094,5e-05,0.10853283852338791,0.0
11311.0,11311.0,29.0,0.051558688282966614,5e-05,0.0786871537566185,0.0
11312.0,11312.0,29.0,0.047364622354507446,5e-05,0.07980895787477493,0.0
11313.0,11313.0,29.0,0.06205148622393608,5e-05,0.14604881405830383,0.0
11314.0,11314.0,29.0,0.06573393195867538,5e-05,0.11028408259153366,0.0
11315.0,11315.0,29.0,0.0500602051615715,5e-05,0.13169744610786438,0.0
11316.0,11316.0,29.0,0.05478910356760025,5e-05,0.11363787204027176,0.0
11317.0,11317.0,29.0,0.051356058567762375,5e-05,0.12841811776161194,0.0
11318.0,11318.0,29.0,0.05337422341108322,5e-05,0.09121103584766388,0.0
11319.0,11319.0,29.0,0.060056399554014206,5e-05,0.15753884613513947,0.0
11320.0,11320.0,29.0,0.049366168677806854,5e-05,0.1145065575838089,0.0
11321.0,11321.0,29.0,0.06657614558935165,5e-05,0.19095736742019653,0.0
11322.0,11322.0,29.0,0.05674610286951065,5e-05,0.15937891602516174,0.0
11323.0,11323.0,29.0,0.053813181817531586,5e-05,0.1683897078037262,0.0
11324.0,11324.0,29.0,0.05197208747267723,5e-05,0.1511584371328354,0.0
11325.0,11325.0,29.0,0.050499677658081055,5e-05,0.11738258600234985,0.0
11326.0,11326.0,29.0,0.051448073238134384,5e-05,0.17945948243141174,0.0
11327.0,11327.0,29.0,0.05553426593542099,5e-05,0.10790906101465225,0.0
11328.0,11328.0,29.0,0.06158718094229698,5e-05,0.17085550725460052,0.0
11329.0,11329.0,29.0,0.05931634083390236,5e-05,0.14810624718666077,0.0
11330.0,11330.0,29.0,0.06123938038945198,5e-05,0.14881762862205505,0.0
11331.0,11331.0,29.0,0.054551512002944946,5e-05,0.13114704191684723,0.0
11332.0,11332.0,29.0,0.05631418526172638,5e-05,0.16857366263866425,0.0
11333.0,11333.0,29.0,0.06244058161973953,5e-05,0.13351929187774658,0.0
11334.0,11334.0,29.0,0.05529526621103287,5e-05,0.10711826384067535,0.0
11335.0,11335.0,29.0,0.06805530190467834,5e-05,0.2581396996974945,0.0
11336.0,11336.0,29.0,0.04382989928126335,5e-05,0.08677789568901062,0.0
11337.0,11337.0,29.0,0.061428822576999664,5e-05,0.18871822953224182,0.0
11338.0,11338.0,29.0,0.062383562326431274,5e-05,0.19089573621749878,0.0
11339.0,11339.0,29.0,0.05746240168809891,5e-05,0.12320443987846375,0.0
11340.0,11340.0,29.0,0.06614711135625839,5e-05,0.19522488117218018,0.0
11341.0,11341.0,29.0,0.057158518582582474,5e-05,0.11558050662279129,0.0
11342.0,11342.0,29.0,0.059688761830329895,5e-05,0.1622527837753296,0.0
11343.0,11343.0,29.0,0.05549098551273346,5e-05,0.1561819463968277,0.0
11344.0,11344.0,29.0,0.0534791573882103,5e-05,0.0996633991599083,0.0
11345.0,11345.0,29.0,0.059923067688941956,5e-05,0.18933941423892975,0.0
11346.0,11346.0,29.0,0.05388578027486801,5e-05,0.10011398047208786,0.0
11347.0,11347.0,29.0,0.058108165860176086,5e-05,0.14628709852695465,0.0
11348.0,11348.0,29.0,0.06236442178487778,5e-05,0.09909676015377045,0.0
11349.0,11349.0,29.0,0.05393054336309433,5e-05,0.143204927444458,0.0
11350.0,11350.0,29.0,0.05156294256448746,5e-05,0.09241072088479996,0.0
11351.0,11351.0,29.0,0.0543648935854435,5e-05,0.12149219214916229,0.0
11352.0,11352.0,29.0,0.07054485380649567,5e-05,0.1135128065943718,0.0
11353.0,11353.0,29.0,0.045592233538627625,5e-05,0.0741986632347107,0.0
11354.0,11354.0,29.0,0.05078471451997757,5e-05,0.1539677083492279,0.0
11355.0,11355.0,29.0,0.052779536694288254,5e-05,0.06783430278301239,0.0
11356.0,11356.0,29.0,0.059648238122463226,5e-05,0.11011311411857605,0.0
11357.0,11357.0,29.0,0.057830505073070526,5e-05,0.1372385025024414,0.0
11358.0,11358.0,29.0,0.06172623485326767,5e-05,0.12562264502048492,0.0
11359.0,11359.0,29.0,0.04963408038020134,5e-05,0.0856853500008583,0.0
11360.0,11360.0,29.0,0.05880533158779144,5e-05,0.1327970027923584,0.0
11361.0,11361.0,29.0,0.06751497834920883,5e-05,0.11521875113248825,0.0
11362.0,11362.0,29.0,0.06207369640469551,5e-05,0.08338261395692825,0.0
11363.0,11363.0,29.0,0.05151890963315964,5e-05,0.0755305215716362,0.0
11364.0,11364.0,29.0,0.04452497139573097,5e-05,0.12425202876329422,0.0
11365.0,11365.0,29.0,0.0609448179602623,5e-05,0.13939079642295837,0.0
11366.0,11366.0,29.0,0.06596185266971588,5e-05,0.12077587097883224,0.0
11367.0,11367.0,29.0,0.05937545746564865,5e-05,0.143327534198761,0.0
11368.0,11368.0,29.0,0.060171712189912796,5e-05,0.13153204321861267,0.0
11369.0,11369.0,29.0,0.056392230093479156,5e-05,0.13656075298786163,0.0
11370.0,11370.0,29.0,0.05292925983667374,5e-05,0.11722832918167114,0.0
11371.0,11371.0,29.0,0.06178651750087738,5e-05,0.14128364622592926,0.0
11372.0,11372.0,29.0,0.07341007143259048,5e-05,0.09278251230716705,0.0
11373.0,11373.0,29.0,0.057790182530879974,5e-05,0.1252930611371994,0.0
11374.0,11374.0,29.0,0.05649428442120552,5e-05,0.12979459762573242,0.0
11375.0,11375.0,29.0,0.060983166098594666,5e-05,0.11206765472888947,0.0
11376.0,11376.0,29.0,0.057406943291425705,5e-05,0.11045938730239868,0.0
11377.0,11377.0,29.0,0.062198422849178314,5e-05,0.10102047026157379,0.0
11378.0,11378.0,29.0,0.06589169800281525,5e-05,0.0903010219335556,0.0
11379.0,11379.0,29.0,0.07428844273090363,5e-05,0.15268881618976593,0.0
11380.0,11380.0,29.0,0.06612038612365723,5e-05,0.07804584503173828,0.0
11381.0,11381.0,29.0,0.05052657425403595,5e-05,0.07719331979751587,0.0
11382.0,11382.0,29.0,0.06957868486642838,5e-05,0.11962436139583588,0.0
11383.0,11383.0,29.0,0.055717043578624725,5e-05,0.07263639569282532,0.0
11384.0,11384.0,29.0,0.06499909609556198,5e-05,0.11745990067720413,0.0
11385.0,11385.0,29.0,0.0526052750647068,5e-05,0.07720443606376648,0.0
11386.0,11386.0,29.0,0.050836507230997086,5e-05,0.07277098298072815,0.0
11387.0,11387.0,29.0,0.06640312820672989,5e-05,0.11130286753177643,0.0
11388.0,11388.0,29.0,0.05130193382501602,5e-05,0.11136365681886673,0.0
11389.0,11389.0,29.0,0.045425787568092346,5e-05,0.06838245689868927,0.0
11390.0,11390.0,29.0,0.06977411359548569,5e-05,0.1755969524383545,0.0
11391.0,11391.0,29.0,0.05330030247569084,5e-05,0.12929268181324005,0.0
11392.0,11392.0,29.0,0.04528539627790451,5e-05,0.13789409399032593,0.0
11393.0,11393.0,29.0,0.06955942511558533,5e-05,0.17085491120815277,0.0
11394.0,11394.0,29.0,0.06691489368677139,5e-05,0.0956866592168808,0.0
11395.0,11395.0,29.0,0.05221805348992348,5e-05,0.1556834578514099,0.0
11396.0,11396.0,29.0,0.04157772660255432,5e-05,0.11823355406522751,0.0
11397.0,11397.0,29.0,0.06274662911891937,5e-05,0.12024232000112534,0.0
11398.0,11398.0,29.0,0.06407666206359863,5e-05,0.13619780540466309,0.0
11399.0,11399.0,29.0,0.05129925161600113,5e-05,0.11049910634756088,0.0
11400.0,11400.0,29.0,0.05499324947595596,5e-05,0.08447371423244476,0.0
11401.0,11401.0,29.0,0.07550375163555145,5e-05,0.11913401633501053,0.0
11402.0,11402.0,29.0,0.058727752417325974,5e-05,0.14389066398143768,0.0
11403.0,11403.0,29.0,0.05929189920425415,5e-05,0.10740283131599426,0.0
11404.0,11404.0,29.0,0.060798171907663345,5e-05,0.16884133219718933,0.0
11405.0,11405.0,29.0,0.07792595773935318,5e-05,0.1880195140838623,0.0
11406.0,11406.0,29.0,0.06423292309045792,5e-05,0.1537034809589386,0.0
11407.0,11407.0,29.0,0.057356350123882294,5e-05,0.1451856940984726,0.0
11408.0,11408.0,29.0,0.06409518420696259,5e-05,0.11405549198389053,0.0
11409.0,11409.0,29.0,0.04393438249826431,5e-05,0.12202329188585281,0.0
11410.0,11410.0,29.0,0.04455899819731712,5e-05,0.10463540256023407,0.0
11411.0,11411.0,29.0,0.055983126163482666,5e-05,0.12322313338518143,0.0
11412.0,11412.0,29.0,0.07632049918174744,5e-05,0.15603330731391907,0.0
11413.0,11413.0,29.0,0.06309541314840317,5e-05,0.10916455835103989,0.0
11414.0,11414.0,29.0,0.06109899654984474,5e-05,0.17078883945941925,0.0
11415.0,11415.0,29.0,0.05492541193962097,5e-05,0.09255702048540115,0.0
11416.0,11416.0,29.0,0.04189165681600571,5e-05,0.1167932003736496,0.0
11417.0,11417.0,29.0,0.052852895110845566,5e-05,0.11310312896966934,0.0
11418.0,11418.0,29.0,0.05562640726566315,5e-05,0.09347321093082428,0.0
11419.0,11419.0,29.0,0.052008770406246185,5e-05,0.12225380539894104,0.0
11420.0,11420.0,29.0,0.06913860142230988,5e-05,0.15788103640079498,0.0
11421.0,11421.0,29.0,0.058087751269340515,5e-05,0.13778869807720184,0.0
11422.0,11422.0,29.0,0.06032053753733635,5e-05,0.0789613276720047,0.0
11423.0,11423.0,29.0,0.050404325127601624,5e-05,0.15829402208328247,0.0
11424.0,11424.0,29.0,0.0742248147726059,5e-05,0.1536385715007782,0.0
11425.0,11425.0,29.0,0.05998767539858818,5e-05,0.19012732803821564,0.0
11426.0,11426.0,29.0,0.0416211374104023,5e-05,0.11216624081134796,0.0
11427.0,11427.0,29.0,0.050983842462301254,5e-05,0.11542699486017227,0.0
11428.0,11428.0,29.0,0.07649099826812744,5e-05,0.14304393529891968,0.0
11429.0,11429.0,29.0,0.0612887367606163,5e-05,0.1448214054107666,0.0
11430.0,11430.0,29.0,0.05965211242437363,5e-05,0.16508987545967102,0.0
11431.0,11431.0,29.0,0.0831969678401947,5e-05,0.1675865799188614,0.0
11432.0,11432.0,29.0,0.06691674888134003,5e-05,0.11625208705663681,0.0
11433.0,11433.0,29.0,0.06385068595409393,5e-05,0.18443608283996582,0.0
11434.0,11434.0,29.0,0.04668240249156952,5e-05,0.11525717377662659,0.0
11435.0,11435.0,29.0,0.061411596834659576,5e-05,0.13087381422519684,0.0
11436.0,11436.0,29.0,0.056323833763599396,5e-05,0.17175133526325226,0.0
11437.0,11437.0,29.0,0.04644139111042023,5e-05,0.09232478588819504,0.0
11438.0,11438.0,29.0,0.05374963581562042,5e-05,0.19777289032936096,0.0
11439.0,11439.0,29.0,0.05491548776626587,5e-05,0.12270195782184601,0.0
11440.0,11440.0,29.0,0.04672371223568916,5e-05,0.1420334428548813,0.0
11441.0,11441.0,29.0,0.05029882490634918,5e-05,0.08565148711204529,0.0
11442.0,11442.0,29.0,0.0631301999092102,5e-05,0.17587995529174805,0.0
11443.0,11443.0,29.0,0.05561329796910286,5e-05,0.11576493084430695,0.0
11444.0,11444.0,29.0,0.06042075157165527,5e-05,0.12689684331417084,0.0
11445.0,11445.0,29.0,0.05897118151187897,5e-05,0.08325550705194473,0.0
11446.0,11446.0,29.0,0.05465448647737503,5e-05,0.1308802217245102,0.0
11447.0,11447.0,29.0,0.044447414577007294,5e-05,0.17587722837924957,0.0
11448.0,11448.0,29.0,0.06295279413461685,5e-05,0.147050678730011,0.0
11449.0,11449.0,29.0,0.06715127825737,5e-05,0.19509299099445343,0.0
11450.0,11450.0,29.0,0.05307314544916153,5e-05,0.1927354335784912,0.0
11451.0,11451.0,29.0,0.040025535970926285,5e-05,0.2118765115737915,0.0
11452.0,11452.0,29.0,0.0488797202706337,5e-05,0.16357745230197906,0.0
11453.0,11453.0,29.0,0.038965608924627304,5e-05,0.15661461651325226,0.0
11454.0,11454.0,29.0,0.07767649739980698,5e-05,0.23488931357860565,0.0
11455.0,11455.0,29.0,0.04788519814610481,5e-05,0.1846178025007248,0.0
11456.0,11456.0,29.0,0.05722144991159439,5e-05,0.1572430282831192,0.0
11457.0,11457.0,29.0,0.05535564944148064,5e-05,0.3149772882461548,0.0
11458.0,11458.0,29.0,0.05027211457490921,5e-05,0.13148482143878937,0.0
11459.0,11459.0,29.0,0.06180562824010849,5e-05,0.21542485058307648,0.0
11460.0,11460.0,29.0,0.05502467602491379,5e-05,0.22439463436603546,0.0
11461.0,11461.0,29.0,0.054151345044374466,5e-05,0.08804424107074738,0.0
11462.0,11462.0,29.0,0.05920778959989548,5e-05,0.14379113912582397,0.0
11463.0,11463.0,29.0,0.05000600218772888,5e-05,0.25660306215286255,0.0
11464.0,11464.0,29.0,0.046991173177957535,5e-05,0.13035982847213745,0.0
11465.0,11465.0,29.0,0.04040338099002838,5e-05,0.2709754705429077,0.0
11466.0,11466.0,29.0,0.05319172143936157,5e-05,0.23188340663909912,0.0
11467.0,11467.0,29.0,0.05599397420883179,5e-05,0.18507272005081177,0.0
11468.0,11468.0,29.0,0.06029278412461281,5e-05,0.21430863440036774,0.0
11469.0,11469.0,29.0,0.057724688202142715,5e-05,0.16322676837444305,0.0
11470.0,11470.0,29.0,0.0609232634305954,5e-05,0.18420428037643433,0.0
11471.0,11471.0,29.0,0.05523279309272766,5e-05,0.19490334391593933,0.0
11472.0,11472.0,29.0,0.0595255009829998,5e-05,0.13429129123687744,0.0
11473.0,11473.0,29.0,0.050643764436244965,5e-05,0.28283384442329407,0.0
11474.0,11474.0,29.0,0.05144980549812317,5e-05,0.13043427467346191,0.0
11475.0,11475.0,29.0,0.04595772922039032,5e-05,0.13912349939346313,0.0
11476.0,11476.0,29.0,0.061427220702171326,5e-05,0.23694881796836853,0.0
11477.0,11477.0,29.0,0.062266141176223755,5e-05,0.17667852342128754,0.0
11478.0,11478.0,29.0,0.05823558568954468,5e-05,0.15478649735450745,0.0
11479.0,11479.0,29.0,0.055717602372169495,5e-05,0.29110807180404663,0.0
11480.0,11480.0,29.0,0.05520091950893402,5e-05,0.15174278616905212,0.0
11481.0,11481.0,29.0,0.05738011747598648,5e-05,0.2201947271823883,0.0
11482.0,11482.0,29.0,0.049610503017902374,5e-05,0.20470382273197174,0.0
11483.0,11483.0,29.0,0.05413839593529701,5e-05,0.2206808179616928,0.0
11484.0,11484.0,29.0,0.0622294545173645,5e-05,0.1684984564781189,0.0
11485.0,11485.0,29.0,0.06084374710917473,5e-05,0.24040673673152924,0.0
11486.0,11486.0,29.0,0.05611102283000946,5e-05,0.10240837186574936,0.0
11487.0,11487.0,29.0,0.05065377429127693,5e-05,0.1443001627922058,0.0
11488.0,11488.0,29.0,0.054496295750141144,5e-05,0.21388472616672516,0.0
11489.0,11489.0,29.0,0.05062191188335419,5e-05,0.11398376524448395,0.0
11490.0,11490.0,29.0,0.06543727219104767,5e-05,0.16681136190891266,0.0
11491.0,11491.0,29.0,0.05831455439329147,5e-05,0.24502167105674744,0.0
11492.0,11492.0,29.0,0.05495474487543106,5e-05,0.08993174880743027,0.0
11493.0,11493.0,29.0,0.06050444766879082,5e-05,0.15589749813079834,0.0
11494.0,11494.0,29.0,0.05108293518424034,5e-05,0.19459886848926544,0.0
11495.0,11495.0,29.0,0.05023232847452164,5e-05,0.0904049277305603,0.0
11496.0,11496.0,29.0,0.04618098959326744,5e-05,0.20133355259895325,0.0
11497.0,11497.0,29.0,0.04722021520137787,5e-05,0.188093364238739,0.0
11498.0,11498.0,29.0,0.06928445398807526,5e-05,0.1681896299123764,0.0
11499.0,11499.0,29.0,0.05750417709350586,5e-05,0.1315910369157791,0.0
11500.0,11500.0,29.0,0.06513038277626038,5e-05,0.251303106546402,0.0
11501.0,11501.0,29.0,0.06251497566699982,5e-05,0.12648984789848328,0.0
11502.0,11502.0,29.0,0.04581047594547272,5e-05,0.08231375366449356,0.0
11503.0,11503.0,29.0,0.05477185547351837,5e-05,0.23065583407878876,0.0
11504.0,11504.0,29.0,0.059710077941417694,5e-05,0.16176727414131165,0.0
11505.0,11505.0,29.0,0.06325723975896835,5e-05,0.0992274358868599,0.0
11506.0,11506.0,29.0,0.06308107078075409,5e-05,0.18846385180950165,0.0
11507.0,11507.0,29.0,0.05601334199309349,5e-05,0.17741195857524872,0.0
11508.0,11508.0,29.0,0.05176043510437012,5e-05,0.11626432090997696,0.0
11509.0,11509.0,29.0,0.04834158718585968,5e-05,0.0795697346329689,0.0
11510.0,11510.0,29.0,0.06174685060977936,5e-05,0.21344627439975739,0.0
11511.0,11511.0,29.0,0.05101757496595383,5e-05,0.14594675600528717,0.0
11512.0,11512.0,29.0,0.0567798987030983,5e-05,0.13671734929084778,0.0
11513.0,11513.0,29.0,0.05063250660896301,5e-05,0.11164838075637817,0.0
11514.0,11514.0,29.0,0.063690185546875,5e-05,0.2007000744342804,0.0
11515.0,11515.0,29.0,0.0645778551697731,5e-05,0.10664942115545273,0.0
11516.0,11516.0,29.0,0.05687090754508972,5e-05,0.11779458075761795,0.0
11517.0,11517.0,29.0,0.05972055718302727,5e-05,0.2561458945274353,0.0
11518.0,11518.0,29.0,0.05081356316804886,5e-05,0.14198742806911469,0.0
11519.0,11519.0,29.0,0.04565498232841492,5e-05,0.1491469442844391,0.0
11520.0,11520.0,29.0,0.07015061378479004,5e-05,0.1569192260503769,0.0
11521.0,11521.0,29.0,0.05284874886274338,5e-05,0.18182075023651123,0.0
11522.0,11522.0,29.0,0.05581432580947876,5e-05,0.1327611356973648,0.0
11523.0,11523.0,29.0,0.05388264358043671,5e-05,0.22730782628059387,0.0
11524.0,11524.0,29.0,0.047989923506975174,5e-05,0.15449057519435883,0.0
11525.0,11525.0,29.0,0.047394901514053345,5e-05,0.14919081330299377,0.0
11526.0,11526.0,29.0,0.06103546544909477,5e-05,0.11430641263723373,0.0
11527.0,11527.0,29.0,0.061671242117881775,5e-05,0.13450026512145996,0.0
11528.0,11528.0,29.0,0.054103560745716095,5e-05,0.2163463532924652,0.0
11529.0,11529.0,29.0,0.05716203153133392,5e-05,0.08969276398420334,0.0
11530.0,11530.0,29.0,0.06715839356184006,5e-05,0.15141260623931885,0.0
11531.0,11531.0,29.0,0.06020038574934006,5e-05,0.14943277835845947,0.0
11532.0,11532.0,29.0,0.07175080478191376,5e-05,0.10206329077482224,0.0
11533.0,11533.0,29.0,0.06423831731081009,5e-05,0.12995606660842896,0.0
11534.0,11534.0,29.0,0.05717525631189346,5e-05,0.18275697529315948,0.0
11535.0,11535.0,29.0,0.050894252955913544,5e-05,0.10457495599985123,0.0
11536.0,11536.0,29.0,0.04617740213871002,5e-05,0.19469912350177765,0.0
11537.0,11537.0,29.0,0.053960688412189484,5e-05,0.14342574775218964,0.0
11538.0,11538.0,29.0,0.06110779196023941,5e-05,0.14826646447181702,0.0
11539.0,11539.0,29.0,0.06650063395500183,5e-05,0.18796886503696442,0.0
11540.0,11540.0,29.0,0.06675340980291367,5e-05,0.13525548577308655,0.0
11541.0,11541.0,29.0,0.05321378633379936,5e-05,0.20960098505020142,0.0
11542.0,11542.0,29.0,0.07936914265155792,5e-05,0.13647665083408356,0.0
11543.0,11543.0,29.0,0.05245475471019745,5e-05,0.09531514346599579,0.0
11544.0,11544.0,29.0,0.06443926692008972,5e-05,0.1539878100156784,0.0
11545.0,11545.0,29.0,0.05916070193052292,5e-05,0.08699559420347214,0.0
11546.0,11546.0,29.0,0.052450019866228104,5e-05,0.09489493072032928,0.0
11547.0,11547.0,29.0,0.07061807811260223,5e-05,0.1344524323940277,0.0
11548.0,11548.0,29.0,0.06519587337970734,5e-05,0.15719234943389893,0.0
11549.0,11549.0,29.0,0.06682097911834717,5e-05,0.08811067789793015,0.0
11550.0,11550.0,29.0,0.06350478529930115,5e-05,0.163175567984581,0.0
11551.0,11551.0,29.0,0.06128713861107826,5e-05,0.10736334323883057,0.0
11552.0,11552.0,29.0,0.05523543059825897,5e-05,0.07649458199739456,0.0
11553.0,11553.0,29.0,0.06912700086832047,5e-05,0.1460750848054886,0.0
11554.0,11554.0,29.0,0.08054254204034805,5e-05,0.15815423429012299,0.0
11555.0,11555.0,29.0,0.06571085005998611,5e-05,0.10816353559494019,0.0
11556.0,11556.0,29.0,0.07352863997220993,5e-05,0.16698941588401794,0.0
11557.0,11557.0,29.0,0.05944517254829407,5e-05,0.16635939478874207,0.0
11558.0,11558.0,29.0,0.07032869756221771,5e-05,0.11484970897436142,0.0
11559.0,11559.0,29.0,0.052929170429706573,5e-05,0.2115762084722519,0.0
11560.0,11560.0,29.0,0.06755704432725906,5e-05,0.19296947121620178,0.0
11561.0,11561.0,29.0,0.053139522671699524,5e-05,0.10791224241256714,0.0
11562.0,11562.0,29.0,0.061005573719739914,5e-05,0.24271506071090698,0.0
11563.0,11563.0,29.0,0.07309277355670929,5e-05,0.15072615444660187,0.0
11564.0,11564.0,29.0,0.06532374769449234,5e-05,0.11844902485609055,0.0
11565.0,11565.0,29.0,0.04754728823900223,5e-05,0.20301751792430878,0.0
11566.0,11566.0,29.0,0.05353972315788269,5e-05,0.15053647756576538,0.0
11567.0,11567.0,29.0,0.05287234112620354,5e-05,0.12331832945346832,0.0
11568.0,11568.0,29.0,0.07309523224830627,5e-05,0.21263247728347778,0.0
11569.0,11569.0,29.0,0.05661049485206604,5e-05,0.13435478508472443,0.0
11570.0,11570.0,29.0,0.045834511518478394,5e-05,0.07435080409049988,0.0
11571.0,11571.0,29.0,0.06259945780038834,5e-05,0.1633644849061966,0.0
11572.0,11572.0,29.0,0.06523779034614563,5e-05,0.166791170835495,0.0
11573.0,11573.0,29.0,0.0628993958234787,5e-05,0.13403254747390747,0.0
11574.0,11574.0,29.0,0.053968437016010284,5e-05,0.20472854375839233,0.0
11575.0,11575.0,29.0,0.04976378381252289,5e-05,0.2024296224117279,0.0
11576.0,11576.0,29.0,0.0451461486518383,5e-05,0.07836504280567169,0.0
11577.0,11577.0,29.0,0.052600257098674774,5e-05,0.2070668786764145,0.0
11578.0,11578.0,29.0,0.06195097789168358,5e-05,0.2037731558084488,0.0
11579.0,11579.0,29.0,0.0581899955868721,5e-05,0.09796902537345886,0.0
11580.0,11580.0,29.0,0.059777047485113144,5e-05,0.1525467187166214,0.0
11581.0,11581.0,29.0,0.05739140883088112,5e-05,0.2528564929962158,0.0
11582.0,11582.0,29.0,0.05223074182868004,5e-05,0.08513771742582321,0.0
11583.0,11583.0,29.0,0.05367051810026169,5e-05,0.2216871976852417,0.0
11584.0,11584.0,29.0,0.05388776957988739,5e-05,0.1639910489320755,0.0
11585.0,11585.0,29.0,0.057266995310783386,5e-05,0.07222152501344681,0.0
11586.0,11586.0,29.0,0.06070389226078987,5e-05,0.18938389420509338,0.0
11587.0,11587.0,29.0,0.06609410047531128,5e-05,0.21202951669692993,0.0
11588.0,11588.0,29.0,0.055429063737392426,5e-05,0.10795942693948746,0.0
11589.0,11589.0,29.0,0.07003550231456757,5e-05,0.1310173124074936,0.0
11590.0,11590.0,29.0,0.05804228410124779,5e-05,0.23238106071949005,0.0
11591.0,11591.0,29.0,0.0726591944694519,5e-05,0.1514447033405304,0.0
11592.0,11592.0,29.0,0.04908125102519989,5e-05,0.1336454153060913,0.0
11593.0,11593.0,29.0,0.051960889250040054,5e-05,0.1864006072282791,0.0
11594.0,11594.0,29.0,0.05528246983885765,5e-05,0.12800976634025574,0.0
11595.0,11595.0,29.0,0.04994107037782669,5e-05,0.18681631982326508,0.0
11596.0,11596.0,29.0,0.06556908786296844,5e-05,0.1033095270395279,0.0
11597.0,11597.0,29.0,0.04779195040464401,5e-05,0.10851901024580002,0.0
11598.0,11598.0,29.0,0.06256604194641113,5e-05,0.10519316792488098,0.0
11599.0,11599.0,29.0,0.07772675156593323,5e-05,0.14367865025997162,0.0
11600.0,11600.0,29.0,0.04882575199007988,5e-05,0.11142828315496445,0.0
11601.0,11601.0,29.0,0.05662882700562477,5e-05,0.0948752611875534,0.0
11602.0,11602.0,29.0,0.05670922249555588,5e-05,0.15185953676700592,0.0
11603.0,11603.0,29.0,0.06265364587306976,5e-05,0.09813130646944046,0.0
11604.0,11604.0,29.0,0.04128754138946533,5e-05,0.15420281887054443,0.0
11605.0,11605.0,29.0,0.0503598190844059,5e-05,0.09748920798301697,0.0
11606.0,11606.0,29.0,0.05483696982264519,5e-05,0.15189552307128906,0.0
11607.0,11607.0,29.0,0.0565132275223732,5e-05,0.09876935929059982,0.0
11608.0,11608.0,29.0,0.05196728557348251,5e-05,0.07787739485502243,0.0
11609.0,11609.0,29.0,0.05480021983385086,5e-05,0.12586729228496552,0.0
11610.0,11610.0,29.0,0.04866388440132141,5e-05,0.11814767122268677,0.0
11611.0,11611.0,29.0,0.05188579484820366,5e-05,0.10400179028511047,0.0
11612.0,11612.0,29.0,0.055753421038389206,5e-05,0.15774935483932495,0.0
11613.0,11613.0,29.0,0.057969026267528534,5e-05,0.10079922527074814,0.0
11614.0,11614.0,29.0,0.06259020417928696,5e-05,0.10814014077186584,0.0
11615.0,11615.0,29.0,0.05904366075992584,5e-05,0.13505151867866516,0.0
11616.0,11616.0,29.0,0.06157735735177994,5e-05,0.09258175641298294,0.0
11617.0,11617.0,29.0,0.06680060923099518,5e-05,0.11935366690158844,0.0
11618.0,11618.0,29.0,0.0608685128390789,5e-05,0.12251028418540955,0.0
11619.0,11619.0,29.0,0.056575365364551544,5e-05,0.1167171522974968,0.0
11620.0,11620.0,29.0,0.06212117522954941,5e-05,0.11571966111660004,0.0
11621.0,11621.0,29.0,0.07299860566854477,5e-05,0.14479711651802063,0.0
11622.0,11622.0,29.0,0.07735103368759155,5e-05,0.10884658247232437,0.0
11623.0,11623.0,29.0,0.055308111011981964,5e-05,0.09390547126531601,0.0
11624.0,11624.0,29.0,0.055594440549612045,5e-05,0.15758532285690308,0.0
11625.0,11625.0,29.0,0.058484647423028946,5e-05,0.11841529607772827,0.0
11626.0,11626.0,29.0,0.05396941304206848,5e-05,0.09596852958202362,0.0
11627.0,11627.0,29.0,0.04791998490691185,5e-05,0.19318528473377228,0.0
11628.0,11628.0,29.0,0.05260958895087242,5e-05,0.15339972078800201,0.0
11629.0,11629.0,29.0,0.04992806911468506,5e-05,0.1148974671959877,0.0
11630.0,11630.0,29.0,0.05735189467668533,5e-05,0.1618475317955017,0.0
11631.0,11631.0,29.0,0.05916720628738403,5e-05,0.1623622626066208,0.0
11632.0,11632.0,29.0,0.06554344296455383,5e-05,0.09145154058933258,0.0
11633.0,11633.0,29.0,0.057303790003061295,5e-05,0.0926659107208252,0.0
11634.0,11634.0,29.0,0.07539115846157074,5e-05,0.10444817692041397,0.0
11635.0,11635.0,29.0,0.06566847860813141,5e-05,0.08870458602905273,0.0
11636.0,11636.0,29.0,0.0561189241707325,5e-05,0.10444550216197968,0.0
11637.0,11637.0,29.0,0.07171941548585892,5e-05,0.11683076620101929,0.0
11638.0,11638.0,29.0,0.05926607921719551,5e-05,0.10555310547351837,0.0
11639.0,11639.0,29.0,0.052630286663770676,5e-05,0.09297820180654526,0.0
11640.0,11640.0,29.0,0.05762580782175064,5e-05,0.16381202638149261,0.0
11641.0,11641.0,29.0,0.05091005936264992,5e-05,0.10093796998262405,0.0
11642.0,11642.0,29.0,0.0677255243062973,5e-05,0.21594837307929993,0.0
11643.0,11643.0,29.0,0.057528942823410034,5e-05,0.13510029017925262,0.0
11644.0,11644.0,29.0,0.05499334633350372,5e-05,0.09213031828403473,0.0
11645.0,11645.0,29.0,0.06476662307977676,5e-05,0.13587908446788788,0.0
11646.0,11646.0,29.0,0.06001000106334686,5e-05,0.07984853535890579,0.0
11647.0,11647.0,29.0,0.06626962125301361,5e-05,0.07752302289009094,0.0
11648.0,11648.0,29.0,0.05430913716554642,5e-05,0.1675577163696289,0.0
11649.0,11649.0,29.0,0.0640547052025795,5e-05,0.11451257765293121,0.0
11650.0,11650.0,29.0,0.05392749607563019,5e-05,0.10472682863473892,0.0
11651.0,11651.0,29.0,0.0554690808057785,5e-05,0.08991892635822296,0.0
11652.0,11652.0,29.0,0.05083577334880829,5e-05,0.12032423913478851,0.0
11653.0,11653.0,29.0,0.07054898142814636,5e-05,0.07881386578083038,0.0
11654.0,11654.0,29.0,0.06108720600605011,5e-05,0.12932705879211426,0.0
11655.0,11655.0,29.0,0.054138340055942535,5e-05,0.10134666413068771,0.0
11656.0,11656.0,29.0,0.0663040354847908,5e-05,0.07985975593328476,0.0
11657.0,11657.0,29.0,0.04769793152809143,5e-05,0.10087712109088898,0.0
11658.0,11658.0,29.0,0.06817661225795746,5e-05,0.12090377509593964,0.0
11659.0,11659.0,29.0,0.06695716828107834,5e-05,0.13003401458263397,0.0
11660.0,11660.0,29.0,0.053565993905067444,5e-05,0.11585848033428192,0.0
11661.0,11661.0,29.0,0.0674789696931839,5e-05,0.1310134381055832,0.0
11662.0,11662.0,29.0,0.05666084215044975,5e-05,0.1748019903898239,0.0
11663.0,11663.0,29.0,0.061525724828243256,5e-05,0.15279552340507507,0.0
11664.0,11664.0,29.0,0.06982764601707458,5e-05,0.11497229337692261,0.0
11665.0,11665.0,29.0,0.05123291164636612,5e-05,0.20332609117031097,0.0
11666.0,11666.0,29.0,0.05347658321261406,5e-05,0.13476747274398804,0.0
11667.0,11667.0,29.0,0.06073056533932686,5e-05,0.1185573861002922,0.0
11668.0,11668.0,29.0,0.053833670914173126,5e-05,0.15250451862812042,0.0
11669.0,11669.0,29.0,0.05809182673692703,5e-05,0.08469102531671524,0.0
11670.0,11670.0,29.0,0.06895966827869415,5e-05,0.14481264352798462,0.0
11671.0,11671.0,29.0,0.04925030469894409,5e-05,0.12502434849739075,0.0
11672.0,11672.0,29.0,0.05969417840242386,5e-05,0.10125254094600677,0.0
11673.0,11673.0,29.0,0.06325511634349823,5e-05,0.14920389652252197,0.0
11674.0,11674.0,29.0,0.05810495838522911,5e-05,0.10921835154294968,0.0
11675.0,11675.0,29.0,0.05277194082736969,5e-05,0.13290515542030334,0.0
11676.0,11676.0,29.0,0.05853552371263504,5e-05,0.139434352517128,0.0
11677.0,11677.0,29.0,0.051184941083192825,5e-05,0.10323567688465118,0.0
11678.0,11678.0,29.0,0.06548884510993958,5e-05,0.12132919579744339,0.0
11679.0,11679.0,29.0,0.05564228445291519,5e-05,0.12122982740402222,0.0
11680.0,11680.0,29.0,0.061144523322582245,5e-05,0.0894252136349678,0.0
11681.0,11681.0,29.0,0.06840891391038895,5e-05,0.12063883990049362,0.0
11682.0,11682.0,29.0,0.062027208507061005,5e-05,0.13310737907886505,0.0
11683.0,11683.0,29.0,0.051204755902290344,5e-05,0.09363597631454468,0.0
11684.0,11684.0,29.0,0.06509386003017426,5e-05,0.12690158188343048,0.0
11685.0,11685.0,29.0,0.04218258336186409,5e-05,0.05743137747049332,0.0
11686.0,11686.0,29.0,0.054546963423490524,5e-05,0.09955989569425583,0.0
11687.0,11687.0,29.0,0.0554879829287529,5e-05,0.07793042808771133,0.0
11688.0,11688.0,29.0,0.04384008049964905,5e-05,0.1100790798664093,0.0
11689.0,11689.0,29.0,0.05378337204456329,5e-05,0.11324996501207352,0.0
11690.0,11690.0,29.0,0.07055096328258514,5e-05,0.12385638058185577,0.0
11691.0,11691.0,29.0,0.054473597556352615,5e-05,0.09655194729566574,0.0
11692.0,11692.0,29.0,0.05166391283273697,5e-05,0.1423501968383789,0.0
11693.0,11693.0,29.0,0.06047818064689636,5e-05,0.10280735045671463,0.0
11694.0,11694.0,29.0,0.06665734201669693,5e-05,0.12818460166454315,0.0
11695.0,11695.0,29.0,0.059485167264938354,5e-05,0.15926986932754517,0.0
11696.0,11696.0,29.0,0.042883146554231644,5e-05,0.0797213688492775,0.0
11697.0,11697.0,29.0,0.0604393444955349,5e-05,0.18215541541576385,0.0
11698.0,11698.0,29.0,0.04903049394488335,5e-05,0.17364974319934845,0.0
11699.0,11699.0,29.0,0.06126752123236656,5e-05,0.0941447764635086,0.0
11700.0,11700.0,29.0,0.05283527821302414,5e-05,0.14214108884334564,0.0
